ngram_n,rank,pattern,count,share,book,model,relation
2,1,2-2,2220,0.15350574,numbers,continuous,continuous
2,2,3-2,1811,0.12522473,numbers,continuous,continuous
2,3,2-3,1793,0.12398009,numbers,continuous,continuous
2,4,3-3,1437,0.09936385,numbers,continuous,continuous
2,5,2-1,703,0.04861015,numbers,continuous,continuous
2,6,4-2,663,0.04584428,numbers,continuous,continuous
2,7,3-1,654,0.04522196,numbers,continuous,continuous
2,8,1-2,624,0.04314756,numbers,continuous,continuous
2,9,2-4,611,0.04224865,numbers,continuous,continuous
2,10,1-3,600,0.04148804,numbers,continuous,continuous
2,11,4-3,546,0.03775411,numbers,continuous,continuous
2,12,3-4,522,0.03609459,numbers,continuous,continuous
2,13,1-4,342,0.02364818,numbers,continuous,continuous
2,14,4-1,280,0.01936108,numbers,continuous,continuous
2,15,1-1,195,0.01348361,numbers,continuous,continuous
2,16,5-2,191,0.01320703,numbers,continuous,continuous
2,17,4-4,185,0.01279214,numbers,continuous,continuous
2,18,2-5,183,0.01265385,numbers,continuous,continuous
2,19,5-3,155,0.01071774,numbers,continuous,continuous
2,20,3-5,135,0.00933481,numbers,continuous,continuous
2,21,1-5,107,0.0073987,numbers,continuous,continuous
2,22,5-1,82,0.00567003,numbers,continuous,continuous
2,23,6-2,52,0.00359563,numbers,continuous,continuous
2,24,4-5,51,0.00352648,numbers,continuous,continuous
2,25,5-4,51,0.00352648,numbers,continuous,continuous
2,26,2-6,50,0.00345734,numbers,continuous,continuous
2,27,1-6,49,0.00338819,numbers,continuous,continuous
2,28,6-3,34,0.00235099,numbers,continuous,continuous
2,29,6-1,16,0.00110635,numbers,continuous,continuous
2,30,3-6,15,0.0010372,numbers,continuous,continuous
2,31,6-4,15,0.0010372,numbers,continuous,continuous
2,32,5-5,13,0.00089891,numbers,continuous,continuous
2,33,1-7,11,0.00076061,numbers,continuous,continuous
2,34,2-7,11,0.00076061,numbers,continuous,continuous
2,35,7-3,11,0.00076061,numbers,continuous,continuous
2,36,7-2,8,0.00055317,numbers,continuous,continuous
2,37,6-5,5,0.00034573,numbers,continuous,continuous
2,38,5-6,4,0.00027659,numbers,continuous,continuous
2,39,4-6,4,0.00027659,numbers,continuous,continuous
2,40,7-4,4,0.00027659,numbers,continuous,continuous
2,41,7-5,3,0.00020744,numbers,continuous,continuous
2,42,3-7,3,0.00020744,numbers,continuous,continuous
2,43,1-8,3,0.00020744,numbers,continuous,continuous
2,44,8-3,2,0.00013829,numbers,continuous,continuous
2,45,8-2,2,0.00013829,numbers,continuous,continuous
2,46,5-7,1,6.915e-05,numbers,continuous,continuous
2,47,3-8,1,6.915e-05,numbers,continuous,continuous
2,48,6-6,1,6.915e-05,numbers,continuous,continuous
2,49,7-7,1,6.915e-05,numbers,continuous,continuous
2,50,4-7,1,6.915e-05,numbers,continuous,continuous
3,1,2-2-2,921,0.06368854,numbers,continuous,continuous
3,2,3-2-2,722,0.04992739,numbers,continuous,continuous
3,3,2-3-2,696,0.04812945,numbers,continuous,continuous
3,4,2-2-3,677,0.04681557,numbers,continuous,continuous
3,5,3-2-3,604,0.04176751,numbers,continuous,continuous
3,6,3-3-2,588,0.04066109,numbers,continuous,continuous
3,7,2-3-3,575,0.03976212,numbers,continuous,continuous
3,8,3-3-3,450,0.03111818,numbers,continuous,continuous
3,9,2-2-1,272,0.01880921,numbers,continuous,continuous
3,10,4-2-2,263,0.01818685,numbers,continuous,continuous
3,11,2-2-4,262,0.0181177,numbers,continuous,continuous
3,12,2-3-1,254,0.01756448,numbers,continuous,continuous
3,13,2-4-2,235,0.01625061,numbers,continuous,continuous
3,14,4-3-2,230,0.01590485,numbers,continuous,continuous
3,15,1-2-2,229,0.0158357,numbers,continuous,continuous
3,16,3-2-1,228,0.01576654,numbers,continuous,continuous
3,17,3-1-2,224,0.01548994,numbers,continuous,continuous
3,18,2-1-3,222,0.01535164,numbers,continuous,continuous
3,19,3-1-3,221,0.01528248,numbers,continuous,continuous
3,20,1-2-3,220,0.01521333,numbers,continuous,continuous
3,21,3-4-2,218,0.01507503,numbers,continuous,continuous
3,22,1-3-2,217,0.01500588,numbers,continuous,continuous
3,23,2-4-3,213,0.01472927,numbers,continuous,continuous
3,24,2-1-2,200,0.0138303,numbers,continuous,continuous
3,25,3-3-1,200,0.0138303,numbers,continuous,continuous
3,26,4-2-3,194,0.01341539,numbers,continuous,continuous
3,27,2-3-4,191,0.01320794,numbers,continuous,continuous
3,28,1-3-3,178,0.01230897,numbers,continuous,continuous
3,29,3-2-4,177,0.01223982,numbers,continuous,continuous
3,30,3-3-4,168,0.01161745,numbers,continuous,continuous
3,31,4-3-3,167,0.0115483,numbers,continuous,continuous
3,32,3-4-3,155,0.01071848,numbers,continuous,continuous
3,33,2-1-4,132,0.009128,numbers,continuous,continuous
3,34,1-4-2,117,0.00809073,numbers,continuous,continuous
3,35,1-3-1,104,0.00719176,numbers,continuous,continuous
3,36,4-1-2,101,0.0069843,numbers,continuous,continuous
3,37,1-4-3,93,0.00643109,numbers,continuous,continuous
3,38,2-1-1,90,0.00622364,numbers,continuous,continuous
3,39,1-2-1,89,0.00615448,numbers,continuous,continuous
3,40,3-1-4,88,0.00608533,numbers,continuous,continuous
3,41,2-4-1,88,0.00608533,numbers,continuous,continuous
3,42,4-2-1,87,0.00601618,numbers,continuous,continuous
3,43,3-4-1,80,0.00553212,numbers,continuous,continuous
3,44,1-3-4,79,0.00546297,numbers,continuous,continuous
3,45,5-2-3,76,0.00525551,numbers,continuous,continuous
3,46,1-4-1,76,0.00525551,numbers,continuous,continuous
3,47,4-1-3,75,0.00518636,numbers,continuous,continuous
3,48,4-3-1,75,0.00518636,numbers,continuous,continuous
3,49,4-2-4,74,0.00511721,numbers,continuous,continuous
3,50,4-4-2,73,0.00504806,numbers,continuous,continuous
4,1,2-2-2-2,396,0.02738589,numbers,continuous,continuous
4,2,2-3-2-2,300,0.02074689,numbers,continuous,continuous
4,3,3-2-2-2,290,0.02005533,numbers,continuous,continuous
4,4,2-2-3-2,288,0.01991701,numbers,continuous,continuous
4,5,2-2-2-3,279,0.01929461,numbers,continuous,continuous
4,6,2-3-3-2,249,0.01721992,numbers,continuous,continuous
4,7,3-2-2-3,237,0.01639004,numbers,continuous,continuous
4,8,2-3-2-3,233,0.01611342,numbers,continuous,continuous
4,9,3-2-3-3,222,0.0153527,numbers,continuous,continuous
4,10,3-2-3-2,217,0.01500692,numbers,continuous,continuous
4,11,3-3-2-2,213,0.01473029,numbers,continuous,continuous
4,12,3-3-2-3,208,0.01438451,numbers,continuous,continuous
4,13,2-2-3-3,207,0.01431535,numbers,continuous,continuous
4,14,3-3-3-2,194,0.01341632,numbers,continuous,continuous
4,15,2-3-3-3,172,0.01189488,numbers,continuous,continuous
4,16,3-3-3-3,139,0.00961272,numbers,continuous,continuous
4,17,2-2-2-4,108,0.00746888,numbers,continuous,continuous
4,18,4-2-2-2,103,0.0071231,numbers,continuous,continuous
4,19,1-2-2-2,102,0.00705394,numbers,continuous,continuous
4,20,2-2-4-2,100,0.00691563,numbers,continuous,continuous
4,21,2-2-2-1,100,0.00691563,numbers,continuous,continuous
4,22,2-4-2-2,100,0.00691563,numbers,continuous,continuous
4,23,2-2-4-3,97,0.00670816,numbers,continuous,continuous
4,24,2-2-1-3,97,0.00670816,numbers,continuous,continuous
4,25,3-2-2-1,96,0.006639,numbers,continuous,continuous
4,26,4-3-2-2,95,0.00656985,numbers,continuous,continuous
4,27,2-2-3-1,93,0.00643154,numbers,continuous,continuous
4,28,2-4-3-2,92,0.00636238,numbers,continuous,continuous
4,29,2-3-1-3,91,0.00629322,numbers,continuous,continuous
4,30,1-3-2-2,90,0.00622407,numbers,continuous,continuous
4,31,3-1-2-3,88,0.00608575,numbers,continuous,continuous
4,32,2-1-3-2,86,0.00594744,numbers,continuous,continuous
4,33,3-1-2-2,86,0.00594744,numbers,continuous,continuous
4,34,2-3-1-2,85,0.00587828,numbers,continuous,continuous
4,35,4-2-3-2,84,0.00580913,numbers,continuous,continuous
4,36,3-4-2-2,83,0.00573997,numbers,continuous,continuous
4,37,2-3-3-1,82,0.00567082,numbers,continuous,continuous
4,38,3-1-3-3,80,0.0055325,numbers,continuous,continuous
4,39,3-3-4-2,80,0.0055325,numbers,continuous,continuous
4,40,3-3-2-1,79,0.00546335,numbers,continuous,continuous
4,41,1-2-3-2,79,0.00546335,numbers,continuous,continuous
4,42,3-2-2-4,77,0.00532503,numbers,continuous,continuous
4,43,3-4-2-3,77,0.00532503,numbers,continuous,continuous
4,44,3-2-3-1,73,0.00504841,numbers,continuous,continuous
4,45,4-3-2-3,73,0.00504841,numbers,continuous,continuous
4,46,2-2-1-2,73,0.00504841,numbers,continuous,continuous
4,47,2-4-3-3,72,0.00497925,numbers,continuous,continuous
4,48,3-2-1-3,72,0.00497925,numbers,continuous,continuous
4,49,2-3-2-1,72,0.00497925,numbers,continuous,continuous
4,50,3-2-1-2,71,0.0049101,numbers,continuous,continuous
5,1,2-2-2-2-2,179,0.01237983,numbers,continuous,continuous
5,2,2-3-2-2-2,132,0.00912926,numbers,continuous,continuous
5,3,2-2-3-2-2,126,0.0087143,numbers,continuous,continuous
5,4,2-2-2-3-2,122,0.00843765,numbers,continuous,continuous
5,5,3-2-2-2-2,120,0.00829933,numbers,continuous,continuous
5,6,2-2-2-2-3,117,0.00809185,numbers,continuous,continuous
5,7,3-2-2-3-2,104,0.00719275,numbers,continuous,continuous
5,8,2-3-3-2-3,99,0.00684695,numbers,continuous,continuous
5,9,2-2-3-2-3,99,0.00684695,numbers,continuous,continuous
5,10,2-3-2-3-3,96,0.00663946,numbers,continuous,continuous
5,11,3-2-2-2-3,93,0.00643198,numbers,continuous,continuous
5,12,3-2-3-2-2,92,0.00636282,numbers,continuous,continuous
5,13,3-2-3-3-2,90,0.0062245,numbers,continuous,continuous
5,14,2-3-3-2-2,87,0.00601701,numbers,continuous,continuous
5,15,3-3-3-2-2,86,0.00594785,numbers,continuous,continuous
5,16,3-3-2-2-2,85,0.00587869,numbers,continuous,continuous
5,17,2-2-2-3-3,85,0.00587869,numbers,continuous,continuous
5,18,3-3-2-3-2,85,0.00587869,numbers,continuous,continuous
5,19,2-3-3-3-2,84,0.00580953,numbers,continuous,continuous
5,20,3-3-2-2-3,83,0.00574037,numbers,continuous,continuous
5,21,2-2-3-3-2,81,0.00560205,numbers,continuous,continuous
5,22,2-3-2-2-3,74,0.00511792,numbers,continuous,continuous
5,23,3-2-2-3-3,71,0.00491044,numbers,continuous,continuous
5,24,2-2-3-3-3,71,0.00491044,numbers,continuous,continuous
5,25,2-3-2-3-2,70,0.00484128,numbers,continuous,continuous
5,26,3-3-2-3-3,70,0.00484128,numbers,continuous,continuous
5,27,3-2-3-2-3,65,0.00449547,numbers,continuous,continuous
5,28,3-2-3-3-3,63,0.00435715,numbers,continuous,continuous
5,29,3-3-3-3-2,57,0.00394218,numbers,continuous,continuous
5,30,2-2-2-2-4,51,0.00352721,numbers,continuous,continuous
5,31,2-3-2-2-1,51,0.00352721,numbers,continuous,continuous
5,32,2-3-3-3-3,51,0.00352721,numbers,continuous,continuous
5,33,2-4-3-2-2,49,0.00338889,numbers,continuous,continuous
5,34,2-2-2-4-2,48,0.00331973,numbers,continuous,continuous
5,35,3-3-3-2-3,48,0.00331973,numbers,continuous,continuous
5,36,1-2-3-2-2,47,0.00325057,numbers,continuous,continuous
5,37,4-2-2-2-2,47,0.00325057,numbers,continuous,continuous
5,38,3-4-2-3-2,44,0.00304309,numbers,continuous,continuous
5,39,2-2-4-2-2,42,0.00290477,numbers,continuous,continuous
5,40,2-2-4-3-3,41,0.0028356,numbers,continuous,continuous
5,41,4-2-3-2-3,41,0.0028356,numbers,continuous,continuous
5,42,2-2-4-3-2,40,0.00276644,numbers,continuous,continuous
5,43,3-2-2-1-3,40,0.00276644,numbers,continuous,continuous
5,44,1-2-2-2-2,39,0.00269728,numbers,continuous,continuous
5,45,3-3-3-3-3,38,0.00262812,numbers,continuous,continuous
5,46,3-4-2-2-2,38,0.00262812,numbers,continuous,continuous
5,47,3-1-2-2-2,37,0.00255896,numbers,continuous,continuous
5,48,4-3-2-2-3,37,0.00255896,numbers,continuous,continuous
5,49,2-2-2-4-3,36,0.0024898,numbers,continuous,continuous
5,50,1-3-2-2-3,36,0.0024898,numbers,continuous,continuous
6,1,2-2-2-2-2-2,79,0.0054641,numbers,continuous,continuous
6,2,3-2-2-2-2-2,66,0.00456495,numbers,continuous,continuous
6,3,2-2-3-2-2-2,58,0.00401162,numbers,continuous,continuous
6,4,2-2-2-2-2-3,57,0.00394245,numbers,continuous,continuous
6,5,2-3-2-2-2-2,55,0.00380412,numbers,continuous,continuous
6,6,2-2-2-3-2-2,49,0.00338913,numbers,continuous,continuous
6,7,3-2-3-3-2-3,48,0.00331996,numbers,continuous,continuous
6,8,3-2-2-2-3-2,47,0.0032508,numbers,continuous,continuous
6,9,2-3-3-2-3-2,46,0.00318163,numbers,continuous,continuous
6,10,2-3-3-3-2-2,46,0.00318163,numbers,continuous,continuous
6,11,3-2-2-3-2-2,44,0.0030433,numbers,continuous,continuous
6,12,2-2-2-2-3-2,44,0.0030433,numbers,continuous,continuous
6,13,2-3-3-2-2-2,41,0.0028358,numbers,continuous,continuous
6,14,2-3-2-2-2-3,41,0.0028358,numbers,continuous,continuous
6,15,2-2-2-3-2-3,41,0.0028358,numbers,continuous,continuous
6,16,3-2-2-3-2-3,40,0.00276663,numbers,continuous,continuous
6,17,3-3-2-3-2-2,39,0.00269747,numbers,continuous,continuous
6,18,3-3-2-2-3-2,39,0.00269747,numbers,continuous,continuous
6,19,3-2-3-2-2-2,37,0.00255914,numbers,continuous,continuous
6,20,3-3-2-2-2-2,37,0.00255914,numbers,continuous,continuous
6,21,2-2-3-3-2-2,37,0.00255914,numbers,continuous,continuous
6,22,3-3-3-2-2-3,37,0.00255914,numbers,continuous,continuous
6,23,2-2-3-3-3-2,35,0.00242081,numbers,continuous,continuous
6,24,2-3-2-3-3-2,34,0.00235164,numbers,continuous,continuous
6,25,2-2-3-2-3-3,34,0.00235164,numbers,continuous,continuous
6,26,2-2-3-2-3-2,34,0.00235164,numbers,continuous,continuous
6,27,2-3-2-3-2-2,33,0.00228247,numbers,continuous,continuous
6,28,3-3-2-3-3-2,33,0.00228247,numbers,continuous,continuous
6,29,2-3-2-2-3-2,33,0.00228247,numbers,continuous,continuous
6,30,2-3-3-2-3-3,32,0.00221331,numbers,continuous,continuous
6,31,2-2-3-2-2-3,32,0.00221331,numbers,continuous,continuous
6,32,3-2-3-3-3-2,32,0.00221331,numbers,continuous,continuous
6,33,2-3-2-3-3-3,31,0.00214414,numbers,continuous,continuous
6,34,2-2-2-3-3-2,30,0.00207498,numbers,continuous,continuous
6,35,2-2-2-2-3-3,30,0.00207498,numbers,continuous,continuous
6,36,4-2-3-2-3-3,30,0.00207498,numbers,continuous,continuous
6,37,3-3-3-2-2-2,30,0.00207498,numbers,continuous,continuous
6,38,3-2-2-3-3-2,29,0.00200581,numbers,continuous,continuous
6,39,3-2-2-2-3-3,29,0.00200581,numbers,continuous,continuous
6,40,3-4-2-3-2-3,29,0.00200581,numbers,continuous,continuous
6,41,2-2-2-3-3-3,29,0.00200581,numbers,continuous,continuous
6,42,3-3-2-2-2-3,28,0.00193664,numbers,continuous,continuous
6,43,2-3-3-2-2-3,28,0.00193664,numbers,continuous,continuous
6,44,3-2-3-3-3-3,27,0.00186748,numbers,continuous,continuous
6,45,1-2-3-2-2-2,27,0.00186748,numbers,continuous,continuous
6,46,2-2-2-2-2-4,26,0.00179831,numbers,continuous,continuous
6,47,3-3-2-2-3-3,26,0.00179831,numbers,continuous,continuous
6,48,3-2-2-3-3-3,26,0.00179831,numbers,continuous,continuous
6,49,3-2-3-2-3-3,25,0.00172915,numbers,continuous,continuous
6,50,2-2-3-3-2-3,25,0.00172915,numbers,continuous,continuous
2,1,2-2,2119,0.1607861,numbers,sof_only,within
2,2,3-2,1658,0.12580621,numbers,sof_only,within
2,3,2-3,1652,0.12535094,numbers,sof_only,within
2,4,3-3,1246,0.09454435,numbers,sof_only,within
2,5,2-1,671,0.05091433,numbers,sof_only,within
2,6,4-2,598,0.04537522,numbers,sof_only,within
2,7,1-2,580,0.04400941,numbers,sof_only,within
2,8,3-1,579,0.04393353,numbers,sof_only,within
2,9,1-3,556,0.04218833,numbers,sof_only,within
2,10,2-4,527,0.03998786,numbers,sof_only,within
2,11,3-4,473,0.03589043,numbers,sof_only,within
2,12,4-3,459,0.03482814,numbers,sof_only,within
2,13,1-4,301,0.02283937,numbers,sof_only,within
2,14,4-1,254,0.01927309,numbers,sof_only,within
2,15,5-2,182,0.01380985,numbers,sof_only,within
2,16,4-4,180,0.01365809,numbers,sof_only,within
2,17,1-1,178,0.01350634,numbers,sof_only,within
2,18,2-5,167,0.01267167,numbers,sof_only,within
2,19,5-3,138,0.0104712,numbers,sof_only,within
2,20,3-5,111,0.00842249,numbers,sof_only,within
2,21,1-5,91,0.00690492,numbers,sof_only,within
2,22,5-1,58,0.00440094,numbers,sof_only,within
2,23,4-5,52,0.00394567,numbers,sof_only,within
2,24,2-6,47,0.00356628,numbers,sof_only,within
2,25,5-4,46,0.0034904,numbers,sof_only,within
2,26,6-2,46,0.0034904,numbers,sof_only,within
2,27,1-6,42,0.00318689,numbers,sof_only,within
2,28,6-3,30,0.00227635,numbers,sof_only,within
2,29,6-1,20,0.00151757,numbers,sof_only,within
2,30,3-6,15,0.00113817,numbers,sof_only,within
2,31,5-5,13,0.00098642,numbers,sof_only,within
2,32,6-4,13,0.00098642,numbers,sof_only,within
2,33,1-7,11,0.00083466,numbers,sof_only,within
2,34,2-7,9,0.0006829,numbers,sof_only,within
2,35,7-4,9,0.0006829,numbers,sof_only,within
2,36,7-2,7,0.00053115,numbers,sof_only,within
2,37,5-6,5,0.00037939,numbers,sof_only,within
2,38,7-3,5,0.00037939,numbers,sof_only,within
2,39,4-6,5,0.00037939,numbers,sof_only,within
2,40,6-5,5,0.00037939,numbers,sof_only,within
2,41,3-7,4,0.00030351,numbers,sof_only,within
2,42,7-5,3,0.00022763,numbers,sof_only,within
2,43,1-8,3,0.00022763,numbers,sof_only,within
2,44,8-2,2,0.00015176,numbers,sof_only,within
2,45,7-1,2,0.00015176,numbers,sof_only,within
2,46,5-7,1,7.588e-05,numbers,sof_only,within
2,47,8-3,1,7.588e-05,numbers,sof_only,within
2,48,3-8,1,7.588e-05,numbers,sof_only,within
2,49,6-6,1,7.588e-05,numbers,sof_only,within
2,50,7-7,1,7.588e-05,numbers,sof_only,within
3,1,2-2-2,910,0.06905448,numbers,sof_only,within
3,2,3-2-2,660,0.05008347,numbers,sof_only,within
3,3,2-3-2,652,0.0494764,numbers,sof_only,within
3,4,2-2-3,650,0.04932463,numbers,sof_only,within
3,5,3-2-3,561,0.04257095,numbers,sof_only,within
3,6,3-3-2,539,0.0409015,numbers,sof_only,within
3,7,2-3-3,512,0.03885263,numbers,sof_only,within
3,8,3-3-3,378,0.02868417,numbers,sof_only,within
3,9,2-2-1,272,0.02064046,numbers,sof_only,within
3,10,4-2-2,250,0.01897101,numbers,sof_only,within
3,11,2-3-1,237,0.01798452,numbers,sof_only,within
3,12,1-2-2,219,0.01661861,numbers,sof_only,within
3,13,2-4-2,217,0.01646684,numbers,sof_only,within
3,14,2-1-3,215,0.01631507,numbers,sof_only,within
3,15,2-2-4,211,0.01601153,numbers,sof_only,within
3,16,4-3-2,208,0.01578388,numbers,sof_only,within
3,17,3-1-2,206,0.01563211,numbers,sof_only,within
3,18,3-2-1,200,0.01517681,numbers,sof_only,within
3,19,3-4-2,196,0.01487327,numbers,sof_only,within
3,20,3-1-3,195,0.01479739,numbers,sof_only,within
3,21,2-3-4,192,0.01456974,numbers,sof_only,within
3,22,2-1-2,191,0.01449385,numbers,sof_only,within
3,23,1-2-3,191,0.01449385,numbers,sof_only,within
3,24,1-3-2,184,0.01396267,numbers,sof_only,within
3,25,1-3-3,175,0.01327971,numbers,sof_only,within
3,26,3-3-1,164,0.01244498,numbers,sof_only,within
3,27,4-2-3,162,0.01229322,numbers,sof_only,within
3,28,3-2-4,161,0.01221733,numbers,sof_only,within
3,29,2-4-3,156,0.01183791,numbers,sof_only,within
3,30,3-4-3,135,0.01024435,numbers,sof_only,within
3,31,3-3-4,134,0.01016846,numbers,sof_only,within
3,32,4-3-3,131,0.00994081,numbers,sof_only,within
3,33,2-1-4,120,0.00910609,numbers,sof_only,within
3,34,1-3-1,100,0.0075884,numbers,sof_only,within
3,35,1-4-2,94,0.0071331,numbers,sof_only,within
3,36,4-1-2,93,0.00705722,numbers,sof_only,within
3,37,2-1-1,90,0.00682956,numbers,sof_only,within
3,38,1-2-1,88,0.0066778,numbers,sof_only,within
3,39,1-4-3,87,0.00660191,numbers,sof_only,within
3,40,3-1-4,81,0.00614661,numbers,sof_only,within
3,41,4-2-1,81,0.00614661,numbers,sof_only,within
3,42,2-4-1,79,0.00599484,numbers,sof_only,within
3,43,3-4-1,77,0.00584307,numbers,sof_only,within
3,44,1-3-4,74,0.00561542,numbers,sof_only,within
3,45,4-4-2,72,0.00546365,numbers,sof_only,within
3,46,5-2-3,70,0.00531188,numbers,sof_only,within
3,47,4-1-3,70,0.00531188,numbers,sof_only,within
3,48,2-5-2,69,0.005236,numbers,sof_only,within
3,49,1-4-1,66,0.00500835,numbers,sof_only,within
3,50,4-2-4,66,0.00500835,numbers,sof_only,within
4,1,2-2-2-2,395,0.02997647,numbers,sof_only,within
4,2,3-2-2-2,291,0.02208393,numbers,sof_only,within
4,3,2-2-2-3,284,0.02155271,numbers,sof_only,within
4,4,2-3-2-2,268,0.02033847,numbers,sof_only,within
4,5,2-2-3-2,262,0.01988313,numbers,sof_only,within
4,6,2-3-3-2,235,0.0178341,numbers,sof_only,within
4,7,3-2-3-2,232,0.01760644,numbers,sof_only,within
4,8,2-3-2-3,222,0.01684754,numbers,sof_only,within
4,9,3-2-2-3,205,0.01555741,numbers,sof_only,within
4,10,3-3-2-2,204,0.01548152,numbers,sof_only,within
4,11,3-3-2-3,194,0.01472262,numbers,sof_only,within
4,12,2-2-3-3,194,0.01472262,numbers,sof_only,within
4,13,3-2-3-3,171,0.01297716,numbers,sof_only,within
4,14,3-3-3-2,162,0.01229415,numbers,sof_only,within
4,15,2-3-3-3,146,0.01107991,numbers,sof_only,within
4,16,3-3-3-3,118,0.008955,numbers,sof_only,within
4,17,2-2-2-1,112,0.00849966,numbers,sof_only,within
4,18,2-2-1-3,103,0.00781665,numbers,sof_only,within
4,19,4-2-2-2,98,0.0074372,numbers,sof_only,within
4,20,1-2-2-2,95,0.00720953,numbers,sof_only,within
4,21,2-2-4-2,94,0.00713364,numbers,sof_only,within
4,22,2-2-3-1,94,0.00713364,numbers,sof_only,within
4,23,2-4-2-2,94,0.00713364,numbers,sof_only,within
4,24,3-4-2-2,88,0.0066783,numbers,sof_only,within
4,25,2-2-2-4,86,0.00652652,numbers,sof_only,within
4,26,4-3-2-2,84,0.00637474,numbers,sof_only,within
4,27,2-3-1-3,83,0.00629885,numbers,sof_only,within
4,28,3-1-2-2,83,0.00629885,numbers,sof_only,within
4,29,1-3-2-2,83,0.00629885,numbers,sof_only,within
4,30,2-3-1-2,81,0.00614707,numbers,sof_only,within
4,31,2-2-3-4,81,0.00614707,numbers,sof_only,within
4,32,3-2-2-1,81,0.00614707,numbers,sof_only,within
4,33,2-1-3-2,78,0.00591941,numbers,sof_only,within
4,34,3-1-2-3,76,0.00576763,numbers,sof_only,within
4,35,4-2-2-3,75,0.00569174,numbers,sof_only,within
4,36,1-3-3-2,73,0.00553996,numbers,sof_only,within
4,37,2-3-2-1,73,0.00553996,numbers,sof_only,within
4,38,3-2-3-1,73,0.00553996,numbers,sof_only,within
4,39,3-3-1-2,73,0.00553996,numbers,sof_only,within
4,40,2-3-3-1,72,0.00546407,numbers,sof_only,within
4,41,2-1-2-2,70,0.00531229,numbers,sof_only,within
4,42,2-3-4-2,70,0.00531229,numbers,sof_only,within
4,43,3-1-3-3,69,0.0052364,numbers,sof_only,within
4,44,4-3-2-3,69,0.0052364,numbers,sof_only,within
4,45,3-2-1-2,68,0.00516051,numbers,sof_only,within
4,46,2-4-2-3,68,0.00516051,numbers,sof_only,within
4,47,3-2-3-4,68,0.00516051,numbers,sof_only,within
4,48,2-1-3-3,68,0.00516051,numbers,sof_only,within
4,49,2-2-4-3,67,0.00508462,numbers,sof_only,within
4,50,2-2-1-2,67,0.00508462,numbers,sof_only,within
5,1,2-2-2-2-2,171,0.01297814,numbers,sof_only,within
5,2,2-2-2-2-3,137,0.01039769,numbers,sof_only,within
5,3,3-2-2-2-2,130,0.00986642,numbers,sof_only,within
5,4,2-3-2-2-2,121,0.00918336,numbers,sof_only,within
5,5,2-2-2-3-2,117,0.00887978,numbers,sof_only,within
5,6,2-2-3-2-2,110,0.00834851,numbers,sof_only,within
5,7,3-3-2-3-2,97,0.00736187,numbers,sof_only,within
5,8,2-3-3-2-2,90,0.0068306,numbers,sof_only,within
5,9,3-3-2-2-2,90,0.0068306,numbers,sof_only,within
5,10,3-2-3-2-2,89,0.00675471,numbers,sof_only,within
5,11,2-3-3-2-3,87,0.00660291,numbers,sof_only,within
5,12,3-2-2-3-2,85,0.00645112,numbers,sof_only,within
5,13,2-2-2-3-3,84,0.00637523,numbers,sof_only,within
5,14,2-2-3-2-3,84,0.00637523,numbers,sof_only,within
5,15,3-2-3-2-3,84,0.00637523,numbers,sof_only,within
5,16,2-3-2-3-3,82,0.00622344,numbers,sof_only,within
5,17,2-2-3-3-2,81,0.00614754,numbers,sof_only,within
5,18,3-2-2-2-3,81,0.00614754,numbers,sof_only,within
5,19,2-3-2-3-2,77,0.00584396,numbers,sof_only,within
5,20,3-2-3-3-2,74,0.00561627,numbers,sof_only,within
5,21,3-3-2-2-3,72,0.00546448,numbers,sof_only,within
5,22,3-3-3-2-2,70,0.00531269,numbers,sof_only,within
5,23,3-2-2-3-3,67,0.005085,numbers,sof_only,within
5,24,2-3-2-2-3,65,0.00493321,numbers,sof_only,within
5,25,2-3-3-3-2,64,0.00485732,numbers,sof_only,within
5,26,3-2-3-3-3,57,0.00432605,numbers,sof_only,within
5,27,2-2-3-3-3,54,0.00409836,numbers,sof_only,within
5,28,3-3-3-3-2,50,0.00379478,numbers,sof_only,within
5,29,2-3-3-3-3,49,0.00371888,numbers,sof_only,within
5,30,3-3-3-2-3,46,0.0034912,numbers,sof_only,within
5,31,2-2-2-4-2,44,0.0033394,numbers,sof_only,within
5,32,2-2-2-1-3,44,0.0033394,numbers,sof_only,within
5,33,3-3-2-3-3,44,0.0033394,numbers,sof_only,within
5,34,4-2-2-2-2,43,0.00326351,numbers,sof_only,within
5,35,2-2-2-3-1,42,0.00318761,numbers,sof_only,within
5,36,3-2-2-2-1,41,0.00311172,numbers,sof_only,within
5,37,2-3-2-2-1,41,0.00311172,numbers,sof_only,within
5,38,2-2-4-2-2,41,0.00311172,numbers,sof_only,within
5,39,4-3-2-2-2,41,0.00311172,numbers,sof_only,within
5,40,2-2-2-2-4,39,0.00295993,numbers,sof_only,within
5,41,1-2-2-2-2,39,0.00295993,numbers,sof_only,within
5,42,2-2-3-1-2,38,0.00288403,numbers,sof_only,within
5,43,2-2-3-1-3,37,0.00280814,numbers,sof_only,within
5,44,2-3-3-1-2,37,0.00280814,numbers,sof_only,within
5,45,2-2-1-3-2,37,0.00280814,numbers,sof_only,within
5,46,3-3-3-3-3,37,0.00280814,numbers,sof_only,within
5,47,2-4-2-2-2,36,0.00273224,numbers,sof_only,within
5,48,1-2-3-2-2,36,0.00273224,numbers,sof_only,within
5,49,1-2-3-3-2,35,0.00265634,numbers,sof_only,within
5,50,2-2-2-2-1,35,0.00265634,numbers,sof_only,within
6,1,2-2-2-2-2-2,82,0.00622391,numbers,sof_only,within
6,2,3-2-2-2-2-2,62,0.00470588,numbers,sof_only,within
6,3,2-2-3-2-2-2,60,0.00455408,numbers,sof_only,within
6,4,2-2-2-2-2-3,52,0.00394687,numbers,sof_only,within
6,5,2-2-2-2-3-2,52,0.00394687,numbers,sof_only,within
6,6,2-3-2-2-2-2,52,0.00394687,numbers,sof_only,within
6,7,2-3-3-2-3-2,47,0.00356736,numbers,sof_only,within
6,8,3-2-2-2-2-3,45,0.00341556,numbers,sof_only,within
6,9,2-2-2-3-2-2,44,0.00333966,numbers,sof_only,within
6,10,2-3-3-2-2-2,43,0.00326376,numbers,sof_only,within
6,11,3-3-2-2-2-2,39,0.00296015,numbers,sof_only,within
6,12,2-2-2-3-2-3,38,0.00288425,numbers,sof_only,within
6,13,3-3-2-3-2-3,38,0.00288425,numbers,sof_only,within
6,14,3-2-2-3-2-2,37,0.00280835,numbers,sof_only,within
6,15,2-2-2-2-3-3,37,0.00280835,numbers,sof_only,within
6,16,2-2-2-3-3-2,37,0.00280835,numbers,sof_only,within
6,17,2-2-3-3-2-2,37,0.00280835,numbers,sof_only,within
6,18,3-2-3-2-3-3,37,0.00280835,numbers,sof_only,within
6,19,2-3-2-2-2-3,36,0.00273245,numbers,sof_only,within
6,20,3-2-2-2-3-2,36,0.00273245,numbers,sof_only,within
6,21,3-3-2-3-2-2,35,0.00265655,numbers,sof_only,within
6,22,2-2-3-2-3-2,34,0.00258065,numbers,sof_only,within
6,23,2-3-2-3-2-2,34,0.00258065,numbers,sof_only,within
6,24,2-3-2-3-3-2,33,0.00250474,numbers,sof_only,within
6,25,3-3-3-2-2-2,33,0.00250474,numbers,sof_only,within
6,26,3-2-3-3-2-3,31,0.00235294,numbers,sof_only,within
6,27,2-3-2-3-3-3,31,0.00235294,numbers,sof_only,within
6,28,3-3-2-2-3-2,29,0.00220114,numbers,sof_only,within
6,29,2-3-2-2-3-2,29,0.00220114,numbers,sof_only,within
6,30,3-2-2-3-2-3,28,0.00212524,numbers,sof_only,within
6,31,2-3-3-3-2-2,28,0.00212524,numbers,sof_only,within
6,32,3-2-3-3-3-3,27,0.00204934,numbers,sof_only,within
6,33,3-2-3-2-2-2,27,0.00204934,numbers,sof_only,within
6,34,3-2-3-2-2-3,27,0.00204934,numbers,sof_only,within
6,35,2-3-3-2-2-3,27,0.00204934,numbers,sof_only,within
6,36,3-2-3-2-3-2,27,0.00204934,numbers,sof_only,within
6,37,2-2-3-2-3-3,26,0.00197343,numbers,sof_only,within
6,38,3-2-3-3-3-2,26,0.00197343,numbers,sof_only,within
6,39,3-2-2-3-3-2,25,0.00189753,numbers,sof_only,within
6,40,3-3-2-2-3-3,25,0.00189753,numbers,sof_only,within
6,41,2-3-2-3-2-3,25,0.00189753,numbers,sof_only,within
6,42,2-2-3-3-3-2,25,0.00189753,numbers,sof_only,within
6,43,2-2-3-3-2-3,24,0.00182163,numbers,sof_only,within
6,44,3-3-3-2-3-2,24,0.00182163,numbers,sof_only,within
6,45,2-3-2-2-3-3,24,0.00182163,numbers,sof_only,within
6,46,3-3-3-2-2-3,24,0.00182163,numbers,sof_only,within
6,47,3-2-2-2-3-3,24,0.00182163,numbers,sof_only,within
6,48,3-3-2-2-2-3,23,0.00174573,numbers,sof_only,within
6,49,3-3-3-3-2-2,23,0.00174573,numbers,sof_only,within
6,50,3-2-3-2-2-1,23,0.00174573,numbers,sof_only,within
2,1,3-3,200,0.15600624,numbers,sof_only,cross_reset
2,2,2-3,141,0.1099844,numbers,sof_only,cross_reset
2,3,3-2,131,0.10218409,numbers,sof_only,cross_reset
2,4,2-2,116,0.09048362,numbers,sof_only,cross_reset
2,5,3-1,72,0.05616225,numbers,sof_only,cross_reset
2,6,1-3,71,0.05538222,numbers,sof_only,cross_reset
2,7,2-4,65,0.05070203,numbers,sof_only,cross_reset
2,8,3-4,63,0.04914197,numbers,sof_only,cross_reset
2,9,4-2,62,0.04836193,numbers,sof_only,cross_reset
2,10,4-3,58,0.04524181,numbers,sof_only,cross_reset
2,11,1-2,53,0.04134165,numbers,sof_only,cross_reset
2,12,2-1,44,0.03432137,numbers,sof_only,cross_reset
2,13,4-4,28,0.02184087,numbers,sof_only,cross_reset
2,14,1-1,25,0.01950078,numbers,sof_only,cross_reset
2,15,3-5,21,0.01638066,numbers,sof_only,cross_reset
2,16,4-1,19,0.01482059,numbers,sof_only,cross_reset
2,17,5-3,18,0.01404056,numbers,sof_only,cross_reset
2,18,1-4,15,0.01170047,numbers,sof_only,cross_reset
2,19,5-2,14,0.01092044,numbers,sof_only,cross_reset
2,20,4-5,13,0.01014041,numbers,sof_only,cross_reset
2,21,5-4,9,0.00702028,numbers,sof_only,cross_reset
2,22,2-5,9,0.00702028,numbers,sof_only,cross_reset
2,23,5-1,7,0.00546022,numbers,sof_only,cross_reset
2,24,5-5,6,0.00468019,numbers,sof_only,cross_reset
2,25,1-5,4,0.00312012,numbers,sof_only,cross_reset
2,26,3-6,4,0.00312012,numbers,sof_only,cross_reset
2,27,2-6,4,0.00312012,numbers,sof_only,cross_reset
2,28,6-3,3,0.00234009,numbers,sof_only,cross_reset
2,29,6-2,3,0.00234009,numbers,sof_only,cross_reset
2,30,6-4,1,0.00078003,numbers,sof_only,cross_reset
2,31,6-5,1,0.00078003,numbers,sof_only,cross_reset
2,32,4-7,1,0.00078003,numbers,sof_only,cross_reset
2,33,7-1,1,0.00078003,numbers,sof_only,cross_reset
3,1,3-3-3,90,0.07025761,numbers,sof_only,cross_reset
3,2,3-2-3,53,0.04137393,numbers,sof_only,cross_reset
3,3,2-3-3,53,0.04137393,numbers,sof_only,cross_reset
3,4,3-3-2,50,0.03903201,numbers,sof_only,cross_reset
3,5,2-2-2,47,0.03669009,numbers,sof_only,cross_reset
3,6,2-3-2,41,0.03200625,numbers,sof_only,cross_reset
3,7,3-2-2,33,0.02576112,numbers,sof_only,cross_reset
3,8,2-4-2,33,0.02576112,numbers,sof_only,cross_reset
3,9,2-2-3,32,0.02498048,numbers,sof_only,cross_reset
3,10,1-2-3,30,0.0234192,numbers,sof_only,cross_reset
3,11,3-1-3,29,0.02263856,numbers,sof_only,cross_reset
3,12,3-4-3,29,0.02263856,numbers,sof_only,cross_reset
3,13,1-3-3,27,0.02107728,numbers,sof_only,cross_reset
3,14,2-3-1,27,0.02107728,numbers,sof_only,cross_reset
3,15,3-3-4,25,0.019516,numbers,sof_only,cross_reset
3,16,3-3-1,24,0.01873536,numbers,sof_only,cross_reset
3,17,4-3-3,23,0.01795472,numbers,sof_only,cross_reset
3,18,2-1-3,22,0.01717408,numbers,sof_only,cross_reset
3,19,3-1-2,22,0.01717408,numbers,sof_only,cross_reset
3,20,3-2-4,21,0.01639344,numbers,sof_only,cross_reset
3,21,1-3-2,20,0.0156128,numbers,sof_only,cross_reset
3,22,4-2-3,20,0.0156128,numbers,sof_only,cross_reset
3,23,2-2-4,19,0.01483216,numbers,sof_only,cross_reset
3,24,4-2-2,18,0.01405152,numbers,sof_only,cross_reset
3,25,2-2-1,17,0.01327088,numbers,sof_only,cross_reset
3,26,4-2-4,16,0.01249024,numbers,sof_only,cross_reset
3,27,3-2-1,16,0.01249024,numbers,sof_only,cross_reset
3,28,2-3-4,15,0.0117096,numbers,sof_only,cross_reset
3,29,4-3-2,15,0.0117096,numbers,sof_only,cross_reset
3,30,2-1-2,15,0.0117096,numbers,sof_only,cross_reset
3,31,1-2-2,14,0.01092896,numbers,sof_only,cross_reset
3,32,2-4-3,14,0.01092896,numbers,sof_only,cross_reset
3,33,3-1-1,13,0.01014832,numbers,sof_only,cross_reset
3,34,1-3-1,12,0.00936768,numbers,sof_only,cross_reset
3,35,3-4-2,12,0.00936768,numbers,sof_only,cross_reset
3,36,4-3-4,11,0.00858704,numbers,sof_only,cross_reset
3,37,3-3-5,11,0.00858704,numbers,sof_only,cross_reset
3,38,1-3-4,9,0.00702576,numbers,sof_only,cross_reset
3,39,4-4-4,9,0.00702576,numbers,sof_only,cross_reset
3,40,4-1-3,9,0.00702576,numbers,sof_only,cross_reset
3,41,3-5-2,9,0.00702576,numbers,sof_only,cross_reset
3,42,2-4-1,8,0.00624512,numbers,sof_only,cross_reset
3,43,3-1-4,8,0.00624512,numbers,sof_only,cross_reset
3,44,3-4-4,8,0.00624512,numbers,sof_only,cross_reset
3,45,2-4-4,8,0.00624512,numbers,sof_only,cross_reset
3,46,4-4-2,8,0.00624512,numbers,sof_only,cross_reset
3,47,1-4-2,8,0.00624512,numbers,sof_only,cross_reset
3,48,4-1-2,7,0.00546448,numbers,sof_only,cross_reset
3,49,1-1-3,7,0.00546448,numbers,sof_only,cross_reset
3,50,3-4-1,7,0.00546448,numbers,sof_only,cross_reset
4,1,3-3-3-3,47,0.03671875,numbers,sof_only,cross_reset
4,2,3-3-2-3,22,0.0171875,numbers,sof_only,cross_reset
4,3,2-3-3-3,21,0.01640625,numbers,sof_only,cross_reset
4,4,2-2-2-2,21,0.01640625,numbers,sof_only,cross_reset
4,5,3-3-3-2,18,0.0140625,numbers,sof_only,cross_reset
4,6,3-2-3-3,17,0.01328125,numbers,sof_only,cross_reset
4,7,3-2-2-2,16,0.0125,numbers,sof_only,cross_reset
4,8,2-3-3-2,16,0.0125,numbers,sof_only,cross_reset
4,9,3-2-3-1,15,0.01171875,numbers,sof_only,cross_reset
4,10,2-2-2-3,15,0.01171875,numbers,sof_only,cross_reset
4,11,3-1-2-3,14,0.0109375,numbers,sof_only,cross_reset
4,12,2-2-3-3,14,0.0109375,numbers,sof_only,cross_reset
4,13,1-2-3-3,14,0.0109375,numbers,sof_only,cross_reset
4,14,2-3-2-3,14,0.0109375,numbers,sof_only,cross_reset
4,15,3-1-3-3,14,0.0109375,numbers,sof_only,cross_reset
4,16,3-2-3-2,13,0.01015625,numbers,sof_only,cross_reset
4,17,3-3-1-3,13,0.01015625,numbers,sof_only,cross_reset
4,18,2-3-2-2,12,0.009375,numbers,sof_only,cross_reset
4,19,4-2-4-2,12,0.009375,numbers,sof_only,cross_reset
4,20,2-4-2-4,12,0.009375,numbers,sof_only,cross_reset
4,21,3-4-3-3,12,0.009375,numbers,sof_only,cross_reset
4,22,3-3-4-3,12,0.009375,numbers,sof_only,cross_reset
4,23,2-3-1-2,12,0.009375,numbers,sof_only,cross_reset
4,24,3-3-3-1,11,0.00859375,numbers,sof_only,cross_reset
4,25,3-3-3-4,11,0.00859375,numbers,sof_only,cross_reset
4,26,3-3-2-2,11,0.00859375,numbers,sof_only,cross_reset
4,27,1-3-3-2,10,0.0078125,numbers,sof_only,cross_reset
4,28,2-2-4-2,10,0.0078125,numbers,sof_only,cross_reset
4,29,4-3-3-3,10,0.0078125,numbers,sof_only,cross_reset
4,30,3-2-1-3,10,0.0078125,numbers,sof_only,cross_reset
4,31,2-1-2-3,10,0.0078125,numbers,sof_only,cross_reset
4,32,2-2-3-2,10,0.0078125,numbers,sof_only,cross_reset
4,33,3-4-3-2,9,0.00703125,numbers,sof_only,cross_reset
4,34,2-3-1-3,9,0.00703125,numbers,sof_only,cross_reset
4,35,1-3-3-3,9,0.00703125,numbers,sof_only,cross_reset
4,36,4-2-3-2,9,0.00703125,numbers,sof_only,cross_reset
4,37,3-2-4-2,9,0.00703125,numbers,sof_only,cross_reset
4,38,2-4-2-3,9,0.00703125,numbers,sof_only,cross_reset
4,39,2-2-2-4,8,0.00625,numbers,sof_only,cross_reset
4,40,2-4-2-2,8,0.00625,numbers,sof_only,cross_reset
4,41,1-3-2-3,8,0.00625,numbers,sof_only,cross_reset
4,42,1-2-3-2,8,0.00625,numbers,sof_only,cross_reset
4,43,3-3-2-4,8,0.00625,numbers,sof_only,cross_reset
4,44,2-2-1-3,7,0.00546875,numbers,sof_only,cross_reset
4,45,2-1-3-3,7,0.00546875,numbers,sof_only,cross_reset
4,46,4-2-2-1,7,0.00546875,numbers,sof_only,cross_reset
4,47,4-3-4-3,7,0.00546875,numbers,sof_only,cross_reset
4,48,3-2-3-4,7,0.00546875,numbers,sof_only,cross_reset
4,49,2-3-2-1,7,0.00546875,numbers,sof_only,cross_reset
4,50,3-2-4-3,7,0.00546875,numbers,sof_only,cross_reset
5,1,3-3-3-3-3,28,0.0218921,numbers,sof_only,cross_reset
5,2,2-4-2-4-2,10,0.00781861,numbers,sof_only,cross_reset
5,3,2-3-3-3-3,10,0.00781861,numbers,sof_only,cross_reset
5,4,4-2-4-2-4,9,0.00703675,numbers,sof_only,cross_reset
5,5,3-1-2-3-3,9,0.00703675,numbers,sof_only,cross_reset
5,6,3-3-2-3-1,9,0.00703675,numbers,sof_only,cross_reset
5,7,3-3-3-3-2,9,0.00703675,numbers,sof_only,cross_reset
5,8,2-3-3-2-3,9,0.00703675,numbers,sof_only,cross_reset
5,9,2-2-2-2-2,9,0.00703675,numbers,sof_only,cross_reset
5,10,2-3-2-2-2,8,0.00625489,numbers,sof_only,cross_reset
5,11,2-3-2-3-3,8,0.00625489,numbers,sof_only,cross_reset
5,12,3-2-3-3-3,8,0.00625489,numbers,sof_only,cross_reset
5,13,2-3-1-2-3,8,0.00625489,numbers,sof_only,cross_reset
5,14,3-3-3-2-3,8,0.00625489,numbers,sof_only,cross_reset
5,15,3-3-1-3-3,7,0.00547303,numbers,sof_only,cross_reset
5,16,1-2-3-3-2,7,0.00547303,numbers,sof_only,cross_reset
5,17,3-2-3-1-2,7,0.00547303,numbers,sof_only,cross_reset
5,18,3-2-2-2-2,7,0.00547303,numbers,sof_only,cross_reset
5,19,2-2-3-3-3,7,0.00547303,numbers,sof_only,cross_reset
5,20,2-2-2-2-3,7,0.00547303,numbers,sof_only,cross_reset
5,21,3-3-2-3-2,6,0.00469116,numbers,sof_only,cross_reset
5,22,3-1-3-3-3,6,0.00469116,numbers,sof_only,cross_reset
5,23,3-3-3-4-3,6,0.00469116,numbers,sof_only,cross_reset
5,24,3-3-4-3-3,6,0.00469116,numbers,sof_only,cross_reset
5,25,3-2-3-2-3,6,0.00469116,numbers,sof_only,cross_reset
5,26,3-3-2-2-2,6,0.00469116,numbers,sof_only,cross_reset
5,27,2-2-2-3-3,6,0.00469116,numbers,sof_only,cross_reset
5,28,2-2-2-4-2,5,0.0039093,numbers,sof_only,cross_reset
5,29,3-3-3-1-3,5,0.0039093,numbers,sof_only,cross_reset
5,30,2-2-1-2-3,5,0.0039093,numbers,sof_only,cross_reset
5,31,2-3-1-3-3,5,0.0039093,numbers,sof_only,cross_reset
5,32,3-3-3-3-4,5,0.0039093,numbers,sof_only,cross_reset
5,33,2-1-2-3-2,5,0.0039093,numbers,sof_only,cross_reset
5,34,3-1-3-3-2,5,0.0039093,numbers,sof_only,cross_reset
5,35,2-3-3-3-2,5,0.0039093,numbers,sof_only,cross_reset
5,36,3-2-3-3-2,5,0.0039093,numbers,sof_only,cross_reset
5,37,3-2-2-2-3,5,0.0039093,numbers,sof_only,cross_reset
5,38,2-2-2-3-2,5,0.0039093,numbers,sof_only,cross_reset
5,39,3-3-3-2-2,5,0.0039093,numbers,sof_only,cross_reset
5,40,4-3-3-3-3,5,0.0039093,numbers,sof_only,cross_reset
5,41,2-2-3-2-2,5,0.0039093,numbers,sof_only,cross_reset
5,42,2-2-1-3-3,4,0.00312744,numbers,sof_only,cross_reset
5,43,1-3-3-2-3,4,0.00312744,numbers,sof_only,cross_reset
5,44,3-2-2-2-4,4,0.00312744,numbers,sof_only,cross_reset
5,45,2-2-4-2-2,4,0.00312744,numbers,sof_only,cross_reset
5,46,1-2-3-3-3,4,0.00312744,numbers,sof_only,cross_reset
5,47,2-3-3-3-1,4,0.00312744,numbers,sof_only,cross_reset
5,48,4-3-4-3-2,4,0.00312744,numbers,sof_only,cross_reset
5,49,3-4-3-2-3,4,0.00312744,numbers,sof_only,cross_reset
5,50,3-2-3-4-3,4,0.00312744,numbers,sof_only,cross_reset
6,1,3-3-3-3-3-3,18,0.01408451,numbers,sof_only,cross_reset
6,2,4-2-4-2-4-2,7,0.00547731,numbers,sof_only,cross_reset
6,3,2-4-2-4-2-4,7,0.00547731,numbers,sof_only,cross_reset
6,4,2-3-3-3-3-3,6,0.00469484,numbers,sof_only,cross_reset
6,5,2-3-1-2-3-3,6,0.00469484,numbers,sof_only,cross_reset
6,6,1-2-3-3-2-3,6,0.00469484,numbers,sof_only,cross_reset
6,7,2-3-3-2-3-1,6,0.00469484,numbers,sof_only,cross_reset
6,8,3-2-3-1-2-3,6,0.00469484,numbers,sof_only,cross_reset
6,9,3-2-3-3-3-3,5,0.00391236,numbers,sof_only,cross_reset
6,10,3-2-3-2-3-3,5,0.00391236,numbers,sof_only,cross_reset
6,11,3-3-2-3-1-2,5,0.00391236,numbers,sof_only,cross_reset
6,12,3-1-2-3-3-2,5,0.00391236,numbers,sof_only,cross_reset
6,13,2-3-2-2-2-2,5,0.00391236,numbers,sof_only,cross_reset
6,14,2-2-3-3-3-3,5,0.00391236,numbers,sof_only,cross_reset
6,15,3-3-3-3-4-3,4,0.00312989,numbers,sof_only,cross_reset
6,16,3-3-2-3-1-3,4,0.00312989,numbers,sof_only,cross_reset
6,17,2-3-1-3-3-2,4,0.00312989,numbers,sof_only,cross_reset
6,18,2-3-2-3-3-2,4,0.00312989,numbers,sof_only,cross_reset
6,19,3-3-3-3-2-3,4,0.00312989,numbers,sof_only,cross_reset
6,20,3-2-2-2-2-2,4,0.00312989,numbers,sof_only,cross_reset
6,21,3-3-3-3-3-2,4,0.00312989,numbers,sof_only,cross_reset
6,22,4-3-3-3-3-3,4,0.00312989,numbers,sof_only,cross_reset
6,23,2-2-3-2-2-2,4,0.00312989,numbers,sof_only,cross_reset
6,24,3-2-2-2-4-2,3,0.00234742,numbers,sof_only,cross_reset
6,25,2-2-2-4-2-2,3,0.00234742,numbers,sof_only,cross_reset
6,26,3-2-2-1-2-3,3,0.00234742,numbers,sof_only,cross_reset
6,27,3-3-1-3-3-3,3,0.00234742,numbers,sof_only,cross_reset
6,28,3-3-3-4-3-3,3,0.00234742,numbers,sof_only,cross_reset
6,29,3-3-4-3-3-2,3,0.00234742,numbers,sof_only,cross_reset
6,30,2-1-2-3-2-3,3,0.00234742,numbers,sof_only,cross_reset
6,31,3-3-3-3-3-4,3,0.00234742,numbers,sof_only,cross_reset
6,32,3-3-3-4-2-2,3,0.00234742,numbers,sof_only,cross_reset
6,33,3-2-3-1-3-3,3,0.00234742,numbers,sof_only,cross_reset
6,34,2-3-2-3-3-3,3,0.00234742,numbers,sof_only,cross_reset
6,35,3-3-3-2-3-2,3,0.00234742,numbers,sof_only,cross_reset
6,36,3-3-2-3-2-3,3,0.00234742,numbers,sof_only,cross_reset
6,37,2-3-3-1-3-3,3,0.00234742,numbers,sof_only,cross_reset
6,38,3-3-2-2-2-3,3,0.00234742,numbers,sof_only,cross_reset
6,39,2-3-3-2-4-2,3,0.00234742,numbers,sof_only,cross_reset
6,40,1-3-2-2-4-2,3,0.00234742,numbers,sof_only,cross_reset
6,41,3-2-3-3-1-3,3,0.00234742,numbers,sof_only,cross_reset
6,42,3-2-2-3-3-3,3,0.00234742,numbers,sof_only,cross_reset
6,43,3-3-3-2-2-2,3,0.00234742,numbers,sof_only,cross_reset
6,44,2-2-2-2-2-3,3,0.00234742,numbers,sof_only,cross_reset
6,45,3-2-2-2-3-3,3,0.00234742,numbers,sof_only,cross_reset
6,46,2-2-2-3-2-2,3,0.00234742,numbers,sof_only,cross_reset
6,47,2-2-2-2-3-3,3,0.00234742,numbers,sof_only,cross_reset
6,48,2-2-2-2-2-2,3,0.00234742,numbers,sof_only,cross_reset
6,49,2-2-2-2-3-2,3,0.00234742,numbers,sof_only,cross_reset
6,50,2-2-1-3-3-2,2,0.00156495,numbers,sof_only,cross_reset
2,1,2-2,2220,0.15350574,numbers,sof_only,all
2,2,3-2,1811,0.12522473,numbers,sof_only,all
2,3,2-3,1793,0.12398009,numbers,sof_only,all
2,4,3-3,1437,0.09936385,numbers,sof_only,all
2,5,2-1,703,0.04861015,numbers,sof_only,all
2,6,4-2,663,0.04584428,numbers,sof_only,all
2,7,3-1,654,0.04522196,numbers,sof_only,all
2,8,1-2,624,0.04314756,numbers,sof_only,all
2,9,2-4,611,0.04224865,numbers,sof_only,all
2,10,1-3,600,0.04148804,numbers,sof_only,all
2,11,4-3,546,0.03775411,numbers,sof_only,all
2,12,3-4,522,0.03609459,numbers,sof_only,all
2,13,1-4,342,0.02364818,numbers,sof_only,all
2,14,4-1,280,0.01936108,numbers,sof_only,all
2,15,1-1,195,0.01348361,numbers,sof_only,all
2,16,5-2,191,0.01320703,numbers,sof_only,all
2,17,4-4,185,0.01279214,numbers,sof_only,all
2,18,2-5,183,0.01265385,numbers,sof_only,all
2,19,5-3,155,0.01071774,numbers,sof_only,all
2,20,3-5,135,0.00933481,numbers,sof_only,all
2,21,1-5,107,0.0073987,numbers,sof_only,all
2,22,5-1,82,0.00567003,numbers,sof_only,all
2,23,6-2,52,0.00359563,numbers,sof_only,all
2,24,4-5,51,0.00352648,numbers,sof_only,all
2,25,5-4,51,0.00352648,numbers,sof_only,all
2,26,2-6,50,0.00345734,numbers,sof_only,all
2,27,1-6,49,0.00338819,numbers,sof_only,all
2,28,6-3,34,0.00235099,numbers,sof_only,all
2,29,6-1,16,0.00110635,numbers,sof_only,all
2,30,3-6,15,0.0010372,numbers,sof_only,all
2,31,6-4,15,0.0010372,numbers,sof_only,all
2,32,5-5,13,0.00089891,numbers,sof_only,all
2,33,1-7,11,0.00076061,numbers,sof_only,all
2,34,2-7,11,0.00076061,numbers,sof_only,all
2,35,7-3,11,0.00076061,numbers,sof_only,all
2,36,7-2,8,0.00055317,numbers,sof_only,all
2,37,6-5,5,0.00034573,numbers,sof_only,all
2,38,5-6,4,0.00027659,numbers,sof_only,all
2,39,4-6,4,0.00027659,numbers,sof_only,all
2,40,7-4,4,0.00027659,numbers,sof_only,all
2,41,7-5,3,0.00020744,numbers,sof_only,all
2,42,3-7,3,0.00020744,numbers,sof_only,all
2,43,1-8,3,0.00020744,numbers,sof_only,all
2,44,8-3,2,0.00013829,numbers,sof_only,all
2,45,8-2,2,0.00013829,numbers,sof_only,all
2,46,5-7,1,6.915e-05,numbers,sof_only,all
2,47,3-8,1,6.915e-05,numbers,sof_only,all
2,48,6-6,1,6.915e-05,numbers,sof_only,all
2,49,7-7,1,6.915e-05,numbers,sof_only,all
2,50,4-7,1,6.915e-05,numbers,sof_only,all
3,1,2-2-2,921,0.06368854,numbers,sof_only,all
3,2,3-2-2,722,0.04992739,numbers,sof_only,all
3,3,2-3-2,696,0.04812945,numbers,sof_only,all
3,4,2-2-3,677,0.04681557,numbers,sof_only,all
3,5,3-2-3,604,0.04176751,numbers,sof_only,all
3,6,3-3-2,588,0.04066109,numbers,sof_only,all
3,7,2-3-3,575,0.03976212,numbers,sof_only,all
3,8,3-3-3,450,0.03111818,numbers,sof_only,all
3,9,2-2-1,272,0.01880921,numbers,sof_only,all
3,10,4-2-2,263,0.01818685,numbers,sof_only,all
3,11,2-2-4,262,0.0181177,numbers,sof_only,all
3,12,2-3-1,254,0.01756448,numbers,sof_only,all
3,13,2-4-2,235,0.01625061,numbers,sof_only,all
3,14,4-3-2,230,0.01590485,numbers,sof_only,all
3,15,1-2-2,229,0.0158357,numbers,sof_only,all
3,16,3-2-1,228,0.01576654,numbers,sof_only,all
3,17,3-1-2,224,0.01548994,numbers,sof_only,all
3,18,2-1-3,222,0.01535164,numbers,sof_only,all
3,19,3-1-3,221,0.01528248,numbers,sof_only,all
3,20,1-2-3,220,0.01521333,numbers,sof_only,all
3,21,3-4-2,218,0.01507503,numbers,sof_only,all
3,22,1-3-2,217,0.01500588,numbers,sof_only,all
3,23,2-4-3,213,0.01472927,numbers,sof_only,all
3,24,2-1-2,200,0.0138303,numbers,sof_only,all
3,25,3-3-1,200,0.0138303,numbers,sof_only,all
3,26,4-2-3,194,0.01341539,numbers,sof_only,all
3,27,2-3-4,191,0.01320794,numbers,sof_only,all
3,28,1-3-3,178,0.01230897,numbers,sof_only,all
3,29,3-2-4,177,0.01223982,numbers,sof_only,all
3,30,3-3-4,168,0.01161745,numbers,sof_only,all
3,31,4-3-3,167,0.0115483,numbers,sof_only,all
3,32,3-4-3,155,0.01071848,numbers,sof_only,all
3,33,2-1-4,132,0.009128,numbers,sof_only,all
3,34,1-4-2,117,0.00809073,numbers,sof_only,all
3,35,1-3-1,104,0.00719176,numbers,sof_only,all
3,36,4-1-2,101,0.0069843,numbers,sof_only,all
3,37,1-4-3,93,0.00643109,numbers,sof_only,all
3,38,2-1-1,90,0.00622364,numbers,sof_only,all
3,39,1-2-1,89,0.00615448,numbers,sof_only,all
3,40,3-1-4,88,0.00608533,numbers,sof_only,all
3,41,2-4-1,88,0.00608533,numbers,sof_only,all
3,42,4-2-1,87,0.00601618,numbers,sof_only,all
3,43,3-4-1,80,0.00553212,numbers,sof_only,all
3,44,1-3-4,79,0.00546297,numbers,sof_only,all
3,45,5-2-3,76,0.00525551,numbers,sof_only,all
3,46,1-4-1,76,0.00525551,numbers,sof_only,all
3,47,4-1-3,75,0.00518636,numbers,sof_only,all
3,48,4-3-1,75,0.00518636,numbers,sof_only,all
3,49,4-2-4,74,0.00511721,numbers,sof_only,all
3,50,4-4-2,73,0.00504806,numbers,sof_only,all
4,1,2-2-2-2,396,0.02738589,numbers,sof_only,all
4,2,2-3-2-2,300,0.02074689,numbers,sof_only,all
4,3,3-2-2-2,290,0.02005533,numbers,sof_only,all
4,4,2-2-3-2,288,0.01991701,numbers,sof_only,all
4,5,2-2-2-3,279,0.01929461,numbers,sof_only,all
4,6,2-3-3-2,249,0.01721992,numbers,sof_only,all
4,7,3-2-2-3,237,0.01639004,numbers,sof_only,all
4,8,2-3-2-3,233,0.01611342,numbers,sof_only,all
4,9,3-2-3-3,222,0.0153527,numbers,sof_only,all
4,10,3-2-3-2,217,0.01500692,numbers,sof_only,all
4,11,3-3-2-2,213,0.01473029,numbers,sof_only,all
4,12,3-3-2-3,208,0.01438451,numbers,sof_only,all
4,13,2-2-3-3,207,0.01431535,numbers,sof_only,all
4,14,3-3-3-2,194,0.01341632,numbers,sof_only,all
4,15,2-3-3-3,172,0.01189488,numbers,sof_only,all
4,16,3-3-3-3,139,0.00961272,numbers,sof_only,all
4,17,2-2-2-4,108,0.00746888,numbers,sof_only,all
4,18,4-2-2-2,103,0.0071231,numbers,sof_only,all
4,19,1-2-2-2,102,0.00705394,numbers,sof_only,all
4,20,2-2-4-2,100,0.00691563,numbers,sof_only,all
4,21,2-2-2-1,100,0.00691563,numbers,sof_only,all
4,22,2-4-2-2,100,0.00691563,numbers,sof_only,all
4,23,2-2-4-3,97,0.00670816,numbers,sof_only,all
4,24,2-2-1-3,97,0.00670816,numbers,sof_only,all
4,25,3-2-2-1,96,0.006639,numbers,sof_only,all
4,26,4-3-2-2,95,0.00656985,numbers,sof_only,all
4,27,2-2-3-1,93,0.00643154,numbers,sof_only,all
4,28,2-4-3-2,92,0.00636238,numbers,sof_only,all
4,29,2-3-1-3,91,0.00629322,numbers,sof_only,all
4,30,1-3-2-2,90,0.00622407,numbers,sof_only,all
4,31,3-1-2-3,88,0.00608575,numbers,sof_only,all
4,32,2-1-3-2,86,0.00594744,numbers,sof_only,all
4,33,3-1-2-2,86,0.00594744,numbers,sof_only,all
4,34,2-3-1-2,85,0.00587828,numbers,sof_only,all
4,35,4-2-3-2,84,0.00580913,numbers,sof_only,all
4,36,3-4-2-2,83,0.00573997,numbers,sof_only,all
4,37,2-3-3-1,82,0.00567082,numbers,sof_only,all
4,38,3-1-3-3,80,0.0055325,numbers,sof_only,all
4,39,3-3-4-2,80,0.0055325,numbers,sof_only,all
4,40,3-3-2-1,79,0.00546335,numbers,sof_only,all
4,41,1-2-3-2,79,0.00546335,numbers,sof_only,all
4,42,3-2-2-4,77,0.00532503,numbers,sof_only,all
4,43,3-4-2-3,77,0.00532503,numbers,sof_only,all
4,44,3-2-3-1,73,0.00504841,numbers,sof_only,all
4,45,4-3-2-3,73,0.00504841,numbers,sof_only,all
4,46,2-2-1-2,73,0.00504841,numbers,sof_only,all
4,47,2-4-3-3,72,0.00497925,numbers,sof_only,all
4,48,3-2-1-3,72,0.00497925,numbers,sof_only,all
4,49,2-3-2-1,72,0.00497925,numbers,sof_only,all
4,50,3-2-1-2,71,0.0049101,numbers,sof_only,all
5,1,2-2-2-2-2,179,0.01237983,numbers,sof_only,all
5,2,2-3-2-2-2,132,0.00912926,numbers,sof_only,all
5,3,2-2-3-2-2,126,0.0087143,numbers,sof_only,all
5,4,2-2-2-3-2,122,0.00843765,numbers,sof_only,all
5,5,3-2-2-2-2,120,0.00829933,numbers,sof_only,all
5,6,2-2-2-2-3,117,0.00809185,numbers,sof_only,all
5,7,3-2-2-3-2,104,0.00719275,numbers,sof_only,all
5,8,2-3-3-2-3,99,0.00684695,numbers,sof_only,all
5,9,2-2-3-2-3,99,0.00684695,numbers,sof_only,all
5,10,2-3-2-3-3,96,0.00663946,numbers,sof_only,all
5,11,3-2-2-2-3,93,0.00643198,numbers,sof_only,all
5,12,3-2-3-2-2,92,0.00636282,numbers,sof_only,all
5,13,3-2-3-3-2,90,0.0062245,numbers,sof_only,all
5,14,2-3-3-2-2,87,0.00601701,numbers,sof_only,all
5,15,3-3-3-2-2,86,0.00594785,numbers,sof_only,all
5,16,3-3-2-2-2,85,0.00587869,numbers,sof_only,all
5,17,2-2-2-3-3,85,0.00587869,numbers,sof_only,all
5,18,3-3-2-3-2,85,0.00587869,numbers,sof_only,all
5,19,2-3-3-3-2,84,0.00580953,numbers,sof_only,all
5,20,3-3-2-2-3,83,0.00574037,numbers,sof_only,all
5,21,2-2-3-3-2,81,0.00560205,numbers,sof_only,all
5,22,2-3-2-2-3,74,0.00511792,numbers,sof_only,all
5,23,3-2-2-3-3,71,0.00491044,numbers,sof_only,all
5,24,2-2-3-3-3,71,0.00491044,numbers,sof_only,all
5,25,2-3-2-3-2,70,0.00484128,numbers,sof_only,all
5,26,3-3-2-3-3,70,0.00484128,numbers,sof_only,all
5,27,3-2-3-2-3,65,0.00449547,numbers,sof_only,all
5,28,3-2-3-3-3,63,0.00435715,numbers,sof_only,all
5,29,3-3-3-3-2,57,0.00394218,numbers,sof_only,all
5,30,2-2-2-2-4,51,0.00352721,numbers,sof_only,all
5,31,2-3-2-2-1,51,0.00352721,numbers,sof_only,all
5,32,2-3-3-3-3,51,0.00352721,numbers,sof_only,all
5,33,2-4-3-2-2,49,0.00338889,numbers,sof_only,all
5,34,2-2-2-4-2,48,0.00331973,numbers,sof_only,all
5,35,3-3-3-2-3,48,0.00331973,numbers,sof_only,all
5,36,1-2-3-2-2,47,0.00325057,numbers,sof_only,all
5,37,4-2-2-2-2,47,0.00325057,numbers,sof_only,all
5,38,3-4-2-3-2,44,0.00304309,numbers,sof_only,all
5,39,2-2-4-2-2,42,0.00290477,numbers,sof_only,all
5,40,2-2-4-3-3,41,0.0028356,numbers,sof_only,all
5,41,4-2-3-2-3,41,0.0028356,numbers,sof_only,all
5,42,2-2-4-3-2,40,0.00276644,numbers,sof_only,all
5,43,3-2-2-1-3,40,0.00276644,numbers,sof_only,all
5,44,1-2-2-2-2,39,0.00269728,numbers,sof_only,all
5,45,3-3-3-3-3,38,0.00262812,numbers,sof_only,all
5,46,3-4-2-2-2,38,0.00262812,numbers,sof_only,all
5,47,3-1-2-2-2,37,0.00255896,numbers,sof_only,all
5,48,4-3-2-2-3,37,0.00255896,numbers,sof_only,all
5,49,2-2-2-4-3,36,0.0024898,numbers,sof_only,all
5,50,1-3-2-2-3,36,0.0024898,numbers,sof_only,all
6,1,2-2-2-2-2-2,79,0.0054641,numbers,sof_only,all
6,2,3-2-2-2-2-2,66,0.00456495,numbers,sof_only,all
6,3,2-2-3-2-2-2,58,0.00401162,numbers,sof_only,all
6,4,2-2-2-2-2-3,57,0.00394245,numbers,sof_only,all
6,5,2-3-2-2-2-2,55,0.00380412,numbers,sof_only,all
6,6,2-2-2-3-2-2,49,0.00338913,numbers,sof_only,all
6,7,3-2-3-3-2-3,48,0.00331996,numbers,sof_only,all
6,8,3-2-2-2-3-2,47,0.0032508,numbers,sof_only,all
6,9,2-3-3-2-3-2,46,0.00318163,numbers,sof_only,all
6,10,2-3-3-3-2-2,46,0.00318163,numbers,sof_only,all
6,11,3-2-2-3-2-2,44,0.0030433,numbers,sof_only,all
6,12,2-2-2-2-3-2,44,0.0030433,numbers,sof_only,all
6,13,2-3-3-2-2-2,41,0.0028358,numbers,sof_only,all
6,14,2-3-2-2-2-3,41,0.0028358,numbers,sof_only,all
6,15,2-2-2-3-2-3,41,0.0028358,numbers,sof_only,all
6,16,3-2-2-3-2-3,40,0.00276663,numbers,sof_only,all
6,17,3-3-2-3-2-2,39,0.00269747,numbers,sof_only,all
6,18,3-3-2-2-3-2,39,0.00269747,numbers,sof_only,all
6,19,3-2-3-2-2-2,37,0.00255914,numbers,sof_only,all
6,20,3-3-2-2-2-2,37,0.00255914,numbers,sof_only,all
6,21,2-2-3-3-2-2,37,0.00255914,numbers,sof_only,all
6,22,3-3-3-2-2-3,37,0.00255914,numbers,sof_only,all
6,23,2-2-3-3-3-2,35,0.00242081,numbers,sof_only,all
6,24,2-3-2-3-3-2,34,0.00235164,numbers,sof_only,all
6,25,2-2-3-2-3-3,34,0.00235164,numbers,sof_only,all
6,26,2-2-3-2-3-2,34,0.00235164,numbers,sof_only,all
6,27,2-3-2-3-2-2,33,0.00228247,numbers,sof_only,all
6,28,3-3-2-3-3-2,33,0.00228247,numbers,sof_only,all
6,29,2-3-2-2-3-2,33,0.00228247,numbers,sof_only,all
6,30,2-3-3-2-3-3,32,0.00221331,numbers,sof_only,all
6,31,2-2-3-2-2-3,32,0.00221331,numbers,sof_only,all
6,32,3-2-3-3-3-2,32,0.00221331,numbers,sof_only,all
6,33,2-3-2-3-3-3,31,0.00214414,numbers,sof_only,all
6,34,2-2-2-3-3-2,30,0.00207498,numbers,sof_only,all
6,35,2-2-2-2-3-3,30,0.00207498,numbers,sof_only,all
6,36,4-2-3-2-3-3,30,0.00207498,numbers,sof_only,all
6,37,3-3-3-2-2-2,30,0.00207498,numbers,sof_only,all
6,38,3-2-2-3-3-2,29,0.00200581,numbers,sof_only,all
6,39,3-2-2-2-3-3,29,0.00200581,numbers,sof_only,all
6,40,3-4-2-3-2-3,29,0.00200581,numbers,sof_only,all
6,41,2-2-2-3-3-3,29,0.00200581,numbers,sof_only,all
6,42,3-3-2-2-2-3,28,0.00193664,numbers,sof_only,all
6,43,2-3-3-2-2-3,28,0.00193664,numbers,sof_only,all
6,44,3-2-3-3-3-3,27,0.00186748,numbers,sof_only,all
6,45,1-2-3-2-2-2,27,0.00186748,numbers,sof_only,all
6,46,2-2-2-2-2-4,26,0.00179831,numbers,sof_only,all
6,47,3-3-2-2-3-3,26,0.00179831,numbers,sof_only,all
6,48,3-2-2-3-3-3,26,0.00179831,numbers,sof_only,all
6,49,3-2-3-2-3-3,25,0.00172915,numbers,sof_only,all
6,50,2-2-3-3-2-3,25,0.00172915,numbers,sof_only,all
2,1,2-2,1982,0.16478217,numbers,major,within
2,2,3-2,1554,0.12919854,numbers,major,within
2,3,2-3,1528,0.12703691,numbers,major,within
2,4,3-3,1123,0.09336548,numbers,major,within
2,5,2-1,604,0.05021616,numbers,major,within
2,6,4-2,529,0.04398071,numbers,major,within
2,7,1-2,519,0.04314932,numbers,major,within
2,8,3-1,515,0.04281676,numbers,major,within
2,9,1-3,513,0.04265048,numbers,major,within
2,10,2-4,483,0.0401563,numbers,major,within
2,11,4-3,422,0.0350848,numbers,major,within
2,12,3-4,414,0.03441969,numbers,major,within
2,13,1-4,270,0.02244762,numbers,major,within
2,14,4-1,216,0.0179581,numbers,major,within
2,15,5-2,172,0.01429997,numbers,major,within
2,16,2-5,158,0.01313602,numbers,major,within
2,17,4-4,158,0.01313602,numbers,major,within
2,18,1-1,144,0.01197207,numbers,major,within
2,19,5-3,116,0.00964416,numbers,major,within
2,20,3-5,101,0.00839707,numbers,major,within
2,21,1-5,71,0.00590289,numbers,major,within
2,22,5-1,53,0.00440639,numbers,major,within
2,23,4-5,53,0.00440639,numbers,major,within
2,24,5-4,45,0.00374127,numbers,major,within
2,25,6-2,44,0.00365813,numbers,major,within
2,26,2-6,44,0.00365813,numbers,major,within
2,27,6-3,29,0.00241104,numbers,major,within
2,28,1-6,27,0.00224476,numbers,major,within
2,29,3-6,22,0.00182907,numbers,major,within
2,30,6-1,19,0.00157965,numbers,major,within
2,31,5-5,13,0.00108081,numbers,major,within
2,32,4-6,11,0.00091453,numbers,major,within
2,33,6-4,11,0.00091453,numbers,major,within
2,34,2-7,9,0.00074825,numbers,major,within
2,35,7-4,9,0.00074825,numbers,major,within
2,36,1-7,7,0.00058198,numbers,major,within
2,37,7-2,6,0.00049884,numbers,major,within
2,38,3-7,6,0.00049884,numbers,major,within
2,39,6-5,5,0.0004157,numbers,major,within
2,40,5-6,4,0.00033256,numbers,major,within
2,41,7-3,4,0.00033256,numbers,major,within
2,42,7-5,2,0.00016628,numbers,major,within
2,43,1-8,2,0.00016628,numbers,major,within
2,44,8-2,2,0.00016628,numbers,major,within
2,45,7-1,2,0.00016628,numbers,major,within
2,46,5-7,1,8.314e-05,numbers,major,within
2,47,8-3,1,8.314e-05,numbers,major,within
2,48,3-8,1,8.314e-05,numbers,major,within
2,49,6-6,1,8.314e-05,numbers,major,within
2,50,7-7,1,8.314e-05,numbers,major,within
3,1,2-2-2,869,0.07225409,numbers,major,within
3,2,2-3-2,639,0.05313046,numbers,major,within
3,3,3-2-2,631,0.05246529,numbers,major,within
3,4,2-2-3,605,0.05030348,numbers,major,within
3,5,3-2-3,525,0.04365178,numbers,major,within
3,6,3-3-2,491,0.04082481,numbers,major,within
3,7,2-3-3,459,0.03816413,numbers,major,within
3,8,3-3-3,342,0.02843602,numbers,major,within
3,9,2-2-1,251,0.02086971,numbers,major,within
3,10,4-2-2,218,0.01812588,numbers,major,within
3,11,2-4-2,206,0.01712813,numbers,major,within
3,12,2-1-3,204,0.01696184,numbers,major,within
3,13,2-3-1,198,0.01646296,numbers,major,within
3,14,4-3-2,191,0.01588093,numbers,major,within
3,15,1-2-2,188,0.0156315,numbers,major,within
3,16,2-2-4,186,0.0154652,numbers,major,within
3,17,3-2-1,183,0.01521576,numbers,major,within
3,18,2-1-2,183,0.01521576,numbers,major,within
3,19,3-1-2,181,0.01504947,numbers,major,within
3,20,3-1-3,177,0.01471689,numbers,major,within
3,21,2-3-4,176,0.01463374,numbers,major,within
3,22,1-3-2,168,0.01396857,numbers,major,within
3,23,1-2-3,166,0.01380228,numbers,major,within
3,24,3-4-2,161,0.01338655,numbers,major,within
3,25,1-3-3,157,0.01305396,numbers,major,within
3,26,4-2-3,154,0.01280452,numbers,major,within
3,27,3-2-4,152,0.01263823,numbers,major,within
3,28,3-3-1,150,0.01247194,numbers,major,within
3,29,2-4-3,143,0.01188991,numbers,major,within
3,30,3-4-3,127,0.01055957,numbers,major,within
3,31,4-3-3,123,0.01022699,numbers,major,within
3,32,3-3-4,106,0.0088135,numbers,major,within
3,33,2-1-4,105,0.00873036,numbers,major,within
3,34,1-3-1,99,0.00823148,numbers,major,within
3,35,1-4-2,90,0.00748316,numbers,major,within
3,36,4-1-2,80,0.0066517,numbers,major,within
3,37,3-1-4,78,0.00648541,numbers,major,within
3,38,1-4-3,78,0.00648541,numbers,major,within
3,39,2-1-1,77,0.00640226,numbers,major,within
3,40,1-2-1,77,0.00640226,numbers,major,within
3,41,1-3-4,74,0.00615282,numbers,major,within
3,42,2-5-2,72,0.00598653,numbers,major,within
3,43,1-2-4,68,0.00565395,numbers,major,within
3,44,2-4-1,65,0.00540451,numbers,major,within
3,45,4-2-1,65,0.00540451,numbers,major,within
3,46,5-2-3,63,0.00523821,numbers,major,within
3,47,1-4-1,62,0.00515507,numbers,major,within
3,48,4-1-3,62,0.00515507,numbers,major,within
3,49,3-4-1,62,0.00515507,numbers,major,within
3,50,4-2-4,56,0.00465619,numbers,major,within
4,1,2-2-2-2,390,0.03242974,numbers,major,within
4,2,3-2-2-2,274,0.02278397,numbers,major,within
4,3,2-2-2-3,272,0.02261766,numbers,major,within
4,4,2-3-2-2,266,0.02211874,numbers,major,within
4,5,2-2-3-2,242,0.02012307,numbers,major,within
4,6,3-2-3-2,225,0.01870946,numbers,major,within
4,7,2-3-2-3,222,0.01846,numbers,major,within
4,8,2-3-3-2,205,0.0170464,numbers,major,within
4,9,3-3-2-2,189,0.01571595,numbers,major,within
4,10,3-2-2-3,188,0.0156328,numbers,major,within
4,11,2-2-3-3,187,0.01554964,numbers,major,within
4,12,3-3-2-3,161,0.01338766,numbers,major,within
4,13,3-2-3-3,158,0.0131382,numbers,major,within
4,14,3-3-3-2,144,0.01197406,numbers,major,within
4,15,2-3-3-3,128,0.01064361,numbers,major,within
4,16,3-3-3-3,110,0.00914685,numbers,major,within
4,17,2-2-2-1,100,0.00831532,numbers,major,within
4,18,2-2-1-3,95,0.00789955,numbers,major,within
4,19,4-2-2-2,90,0.00748379,numbers,major,within
4,20,3-2-2-1,88,0.00731748,numbers,major,within
4,21,2-2-4-2,87,0.00723433,numbers,major,within
4,22,2-2-3-1,85,0.00706802,numbers,major,within
4,23,1-2-2-2,85,0.00706802,numbers,major,within
4,24,2-4-2-2,85,0.00706802,numbers,major,within
4,25,4-3-2-2,81,0.00673541,numbers,major,within
4,26,2-2-2-4,77,0.00640279,numbers,major,within
4,27,2-3-1-2,75,0.00623649,numbers,major,within
4,28,1-3-3-2,74,0.00615333,numbers,major,within
4,29,3-1-2-2,73,0.00607018,numbers,major,within
4,30,2-1-3-2,72,0.00598703,numbers,major,within
4,31,2-2-3-4,72,0.00598703,numbers,major,within
4,32,1-3-2-2,72,0.00598703,numbers,major,within
4,33,3-2-3-4,70,0.00582072,numbers,major,within
4,34,3-4-2-2,70,0.00582072,numbers,major,within
4,35,4-2-3-2,69,0.00573757,numbers,major,within
4,36,2-2-1-2,68,0.00565442,numbers,major,within
4,37,4-2-2-3,68,0.00565442,numbers,major,within
4,38,2-4-2-3,67,0.00557126,numbers,major,within
4,39,2-3-3-1,67,0.00557126,numbers,major,within
4,40,3-3-2-1,66,0.00548811,numbers,major,within
4,41,2-3-2-1,66,0.00548811,numbers,major,within
4,42,4-3-2-3,66,0.00548811,numbers,major,within
4,43,2-3-1-3,66,0.00548811,numbers,major,within
4,44,1-2-3-2,66,0.00548811,numbers,major,within
4,45,2-3-4-2,64,0.0053218,numbers,major,within
4,46,3-3-1-2,63,0.00523865,numbers,major,within
4,47,3-1-2-3,62,0.0051555,numbers,major,within
4,48,3-4-3-2,61,0.00507234,numbers,major,within
4,49,2-1-3-3,61,0.00507234,numbers,major,within
4,50,2-3-2-4,60,0.00498919,numbers,major,within
5,1,2-2-2-2-2,181,0.01505198,numbers,major,within
5,2,3-2-2-2-2,131,0.01089397,numbers,major,within
5,3,2-3-2-2-2,123,0.01022869,numbers,major,within
5,4,2-2-2-2-3,122,0.01014553,numbers,major,within
5,5,2-2-2-3-2,111,0.00923077,numbers,major,within
5,6,2-2-3-2-2,107,0.00889813,numbers,major,within
5,7,3-2-3-2-3,92,0.00765073,numbers,major,within
5,8,2-3-3-2-2,86,0.00715177,numbers,major,within
5,9,3-2-3-2-2,85,0.00706861,numbers,major,within
5,10,3-3-2-3-2,84,0.00698545,numbers,major,within
5,11,2-3-2-3-2,82,0.00681913,numbers,major,within
5,12,3-2-2-3-2,80,0.00665281,numbers,major,within
5,13,2-2-2-3-3,80,0.00665281,numbers,major,within
5,14,2-2-3-3-2,80,0.00665281,numbers,major,within
5,15,2-3-2-3-3,77,0.00640333,numbers,major,within
5,16,3-2-2-2-3,77,0.00640333,numbers,major,within
5,17,3-3-2-2-2,76,0.00632017,numbers,major,within
5,18,2-2-3-2-3,76,0.00632017,numbers,major,within
5,19,2-3-2-2-3,73,0.00607069,numbers,major,within
5,20,3-2-3-3-2,69,0.00573805,numbers,major,within
5,21,2-3-3-2-3,67,0.00557173,numbers,major,within
5,22,3-3-2-2-3,66,0.00548857,numbers,major,within
5,23,3-2-2-3-3,60,0.0049896,numbers,major,within
5,24,3-3-3-2-2,60,0.0049896,numbers,major,within
5,25,3-2-3-3-3,57,0.00474012,numbers,major,within
5,26,2-3-3-3-3,51,0.00424116,numbers,major,within
5,27,3-3-3-3-2,51,0.00424116,numbers,major,within
5,28,2-2-3-3-3,51,0.00424116,numbers,major,within
5,29,2-3-3-3-2,50,0.004158,numbers,major,within
5,30,2-2-2-3-1,44,0.00365904,numbers,major,within
5,31,3-3-3-2-3,44,0.00365904,numbers,major,within
5,32,2-2-2-4-2,43,0.00357588,numbers,major,within
5,33,4-3-2-2-2,42,0.00349272,numbers,major,within
5,34,2-3-2-2-1,38,0.00316008,numbers,major,within
5,35,2-2-2-1-3,38,0.00316008,numbers,major,within
5,36,2-2-1-3-2,37,0.00307692,numbers,major,within
5,37,3-2-2-1-3,37,0.00307692,numbers,major,within
5,38,3-3-2-3-3,37,0.00307692,numbers,major,within
5,39,2-2-2-2-1,37,0.00307692,numbers,major,within
5,40,4-2-2-2-2,36,0.00299376,numbers,major,within
5,41,2-2-2-2-4,35,0.0029106,numbers,major,within
5,42,2-3-3-1-2,35,0.0029106,numbers,major,within
5,43,2-2-3-1-2,34,0.00282744,numbers,major,within
5,44,4-2-2-2-3,34,0.00282744,numbers,major,within
5,45,3-2-2-2-1,34,0.00282744,numbers,major,within
5,46,2-2-4-2-2,34,0.00282744,numbers,major,within
5,47,3-1-2-2-2,33,0.00274428,numbers,major,within
5,48,3-3-3-3-3,32,0.00266112,numbers,major,within
5,49,2-3-2-3-4,32,0.00266112,numbers,major,within
5,50,1-2-3-3-2,32,0.00266112,numbers,major,within
6,1,2-2-2-2-2-2,87,0.00723553,numbers,major,within
6,2,2-3-2-2-2-2,71,0.00590486,numbers,major,within
6,3,3-2-2-2-2-2,69,0.00573852,numbers,major,within
6,4,2-2-2-2-2-3,56,0.00465735,numbers,major,within
6,5,2-2-3-2-2-2,48,0.00399202,numbers,major,within
6,6,2-2-2-3-2-2,45,0.00374251,numbers,major,within
6,7,2-2-3-3-2-2,43,0.00357618,numbers,major,within
6,8,3-2-2-3-2-2,42,0.00349301,numbers,major,within
6,9,2-2-2-2-3-2,42,0.00349301,numbers,major,within
6,10,3-2-2-2-2-3,41,0.00340985,numbers,major,within
6,11,2-2-2-2-3-3,40,0.00332668,numbers,major,within
6,12,3-2-3-2-3-2,39,0.00324351,numbers,major,within
6,13,2-3-3-2-2-2,38,0.00316035,numbers,major,within
6,14,2-3-3-2-3-2,38,0.00316035,numbers,major,within
6,15,3-2-2-2-3-2,37,0.00307718,numbers,major,within
6,16,3-3-2-3-2-2,35,0.00291084,numbers,major,within
6,17,2-3-2-3-2-3,35,0.00291084,numbers,major,within
6,18,2-3-2-3-3-3,34,0.00282768,numbers,major,within
6,19,2-2-2-3-3-2,33,0.00274451,numbers,major,within
6,20,2-2-2-3-2-3,33,0.00274451,numbers,major,within
6,21,3-2-3-2-2-2,32,0.00266134,numbers,major,within
6,22,2-2-3-2-2-3,32,0.00266134,numbers,major,within
6,23,2-3-2-3-3-2,31,0.00257818,numbers,major,within
6,24,3-2-3-2-3-3,31,0.00257818,numbers,major,within
6,25,3-2-3-3-3-3,30,0.00249501,numbers,major,within
6,26,2-3-2-3-2-2,30,0.00249501,numbers,major,within
6,27,2-3-2-2-3-2,30,0.00249501,numbers,major,within
6,28,3-3-2-2-2-2,30,0.00249501,numbers,major,within
6,29,3-3-2-3-2-3,29,0.00241184,numbers,major,within
6,30,2-3-2-2-3-3,28,0.00232868,numbers,major,within
6,31,3-2-2-3-3-2,28,0.00232868,numbers,major,within
6,32,2-2-3-3-3-2,28,0.00232868,numbers,major,within
6,33,2-2-3-2-3-2,27,0.00224551,numbers,major,within
6,34,2-3-2-2-2-3,27,0.00224551,numbers,major,within
6,35,3-3-2-2-3-2,26,0.00216234,numbers,major,within
6,36,2-3-3-2-2-3,26,0.00216234,numbers,major,within
6,37,3-2-3-3-2-2,26,0.00216234,numbers,major,within
6,38,3-2-2-3-2-3,26,0.00216234,numbers,major,within
6,39,2-3-3-3-3-2,25,0.00207917,numbers,major,within
6,40,2-2-2-2-3-1,25,0.00207917,numbers,major,within
6,41,3-3-3-3-2-2,25,0.00207917,numbers,major,within
6,42,3-3-3-2-3-2,24,0.00199601,numbers,major,within
6,43,3-2-3-2-2-3,24,0.00199601,numbers,major,within
6,44,3-2-3-3-2-3,24,0.00199601,numbers,major,within
6,45,3-3-3-2-2-2,24,0.00199601,numbers,major,within
6,46,2-3-2-2-1-3,23,0.00191284,numbers,major,within
6,47,2-2-2-3-1-3,23,0.00191284,numbers,major,within
6,48,5-2-3-2-2-2,22,0.00182967,numbers,major,within
6,49,2-2-2-4-2-3,21,0.00174651,numbers,major,within
6,50,2-2-2-2-2-4,21,0.00174651,numbers,major,within
2,1,3-3,302,0.12412659,numbers,major,cross_reset
2,2,2-3,263,0.108097,numbers,major,cross_reset
2,3,2-2,251,0.10316482,numbers,major,cross_reset
2,4,3-2,226,0.09288944,numbers,major,cross_reset
2,5,3-1,156,0.06411837,numbers,major,cross_reset
2,6,1-2,132,0.05425401,numbers,major,cross_reset
2,7,1-3,126,0.05178792,numbers,major,cross_reset
2,8,3-4,121,0.04973284,numbers,major,cross_reset
2,9,4-3,117,0.04808878,numbers,major,cross_reset
2,10,2-1,116,0.04767776,numbers,major,cross_reset
2,11,4-2,112,0.0460337,numbers,major,cross_reset
2,12,2-4,97,0.03986848,numbers,major,cross_reset
2,13,1-4,57,0.02342787,numbers,major,cross_reset
2,14,1-1,49,0.02013975,numbers,major,cross_reset
2,15,4-1,46,0.0189067,numbers,major,cross_reset
2,16,4-4,44,0.01808467,numbers,major,cross_reset
2,17,5-2,35,0.01438553,numbers,major,cross_reset
2,18,2-5,31,0.01274147,numbers,major,cross_reset
2,19,3-5,28,0.01150843,numbers,major,cross_reset
2,20,5-3,28,0.01150843,numbers,major,cross_reset
2,21,5-4,19,0.00780929,numbers,major,cross_reset
2,22,4-5,18,0.00739827,numbers,major,cross_reset
2,23,1-5,12,0.00493218,numbers,major,cross_reset
2,24,5-1,8,0.00328812,numbers,major,cross_reset
2,25,3-6,8,0.00328812,numbers,major,cross_reset
2,26,6-3,4,0.00164406,numbers,major,cross_reset
2,27,6-2,4,0.00164406,numbers,major,cross_reset
2,28,2-6,3,0.00123305,numbers,major,cross_reset
2,29,6-1,3,0.00123305,numbers,major,cross_reset
2,30,5-5,3,0.00123305,numbers,major,cross_reset
2,31,4-6,2,0.00082203,numbers,major,cross_reset
2,32,7-2,2,0.00082203,numbers,major,cross_reset
2,33,6-4,2,0.00082203,numbers,major,cross_reset
2,34,2-7,2,0.00082203,numbers,major,cross_reset
2,35,7-3,2,0.00082203,numbers,major,cross_reset
2,36,3-7,1,0.00041102,numbers,major,cross_reset
2,37,4-7,1,0.00041102,numbers,major,cross_reset
2,38,6-5,1,0.00041102,numbers,major,cross_reset
2,39,1-6,1,0.00041102,numbers,major,cross_reset
3,1,3-3-3,118,0.04851974,numbers,major,cross_reset
3,2,2-3-3,92,0.03782895,numbers,major,cross_reset
3,3,2-2-3,88,0.03618421,numbers,major,cross_reset
3,4,2-2-2,84,0.03453947,numbers,major,cross_reset
3,5,3-2-3,77,0.03166118,numbers,major,cross_reset
3,6,3-3-2,74,0.03042763,numbers,major,cross_reset
3,7,2-3-2,69,0.02837171,numbers,major,cross_reset
3,8,3-2-2,69,0.02837171,numbers,major,cross_reset
3,9,3-1-3,63,0.02590461,numbers,major,cross_reset
3,10,3-3-1,58,0.02384868,numbers,major,cross_reset
3,11,1-2-3,54,0.02220395,numbers,major,cross_reset
3,12,3-1-2,50,0.02055921,numbers,major,cross_reset
3,13,2-3-4,49,0.02014803,numbers,major,cross_reset
3,14,4-2-2,44,0.01809211,numbers,major,cross_reset
3,15,2-1-2,43,0.01768092,numbers,major,cross_reset
3,16,4-3-3,42,0.01726974,numbers,major,cross_reset
3,17,3-2-1,40,0.01644737,numbers,major,cross_reset
3,18,2-2-1,40,0.01644737,numbers,major,cross_reset
3,19,2-3-1,39,0.01603618,numbers,major,cross_reset
3,20,3-3-4,39,0.01603618,numbers,major,cross_reset
3,21,1-2-2,39,0.01603618,numbers,major,cross_reset
3,22,1-3-3,38,0.015625,numbers,major,cross_reset
3,23,1-3-2,37,0.01521382,numbers,major,cross_reset
3,24,2-4-2,36,0.01480263,numbers,major,cross_reset
3,25,3-4-2,36,0.01480263,numbers,major,cross_reset
3,26,3-4-3,35,0.01439145,numbers,major,cross_reset
3,27,1-3-1,35,0.01439145,numbers,major,cross_reset
3,28,4-3-2,34,0.01398026,numbers,major,cross_reset
3,29,2-4-3,34,0.01398026,numbers,major,cross_reset
3,30,2-1-3,32,0.01315789,numbers,major,cross_reset
3,31,4-2-3,31,0.01274671,numbers,major,cross_reset
3,32,2-2-4,29,0.01192434,numbers,major,cross_reset
3,33,3-2-4,27,0.01110197,numbers,major,cross_reset
3,34,1-4-3,26,0.01069079,numbers,major,cross_reset
3,35,3-4-1,25,0.01027961,numbers,major,cross_reset
3,36,3-1-4,23,0.00945724,numbers,major,cross_reset
3,37,4-1-2,22,0.00904605,numbers,major,cross_reset
3,38,2-1-1,21,0.00863487,numbers,major,cross_reset
3,39,1-4-2,20,0.00822368,numbers,major,cross_reset
3,40,1-2-1,20,0.00822368,numbers,major,cross_reset
3,41,4-3-1,19,0.0078125,numbers,major,cross_reset
3,42,4-2-4,19,0.0078125,numbers,major,cross_reset
3,43,4-3-4,18,0.00740132,numbers,major,cross_reset
3,44,3-1-1,17,0.00699013,numbers,major,cross_reset
3,45,1-2-4,17,0.00699013,numbers,major,cross_reset
3,46,2-1-4,16,0.00657895,numbers,major,cross_reset
3,47,3-4-4,15,0.00616776,numbers,major,cross_reset
3,48,1-1-2,15,0.00616776,numbers,major,cross_reset
3,49,4-1-3,14,0.00575658,numbers,major,cross_reset
3,50,4-4-2,14,0.00575658,numbers,major,cross_reset
4,1,3-3-3-3,50,0.02056767,numbers,major,cross_reset
4,2,2-3-3-3,31,0.01275195,numbers,major,cross_reset
4,3,2-2-2-2,27,0.01110654,numbers,major,cross_reset
4,4,2-2-2-3,26,0.01069519,numbers,major,cross_reset
4,5,3-2-2-3,26,0.01069519,numbers,major,cross_reset
4,6,2-2-3-2,26,0.01069519,numbers,major,cross_reset
4,7,3-3-3-2,25,0.01028383,numbers,major,cross_reset
4,8,2-3-2-2,25,0.01028383,numbers,major,cross_reset
4,9,2-2-3-4,25,0.01028383,numbers,major,cross_reset
4,10,3-2-2-2,25,0.01028383,numbers,major,cross_reset
4,11,2-2-3-3,25,0.01028383,numbers,major,cross_reset
4,12,3-3-3-1,25,0.01028383,numbers,major,cross_reset
4,13,2-3-3-2,25,0.01028383,numbers,major,cross_reset
4,14,3-3-2-3,24,0.00987248,numbers,major,cross_reset
4,15,3-1-3-1,24,0.00987248,numbers,major,cross_reset
4,16,3-3-1-2,24,0.00987248,numbers,major,cross_reset
4,17,1-2-3-3,24,0.00987248,numbers,major,cross_reset
4,18,3-2-3-3,23,0.00946113,numbers,major,cross_reset
4,19,3-3-2-2,22,0.00904977,numbers,major,cross_reset
4,20,3-2-3-2,21,0.00863842,numbers,major,cross_reset
4,21,2-2-2-1,21,0.00863842,numbers,major,cross_reset
4,22,2-3-2-3,20,0.00822707,numbers,major,cross_reset
4,23,3-1-3-3,20,0.00822707,numbers,major,cross_reset
4,24,1-3-1-3,20,0.00822707,numbers,major,cross_reset
4,25,3-1-2-3,18,0.00740436,numbers,major,cross_reset
4,26,2-2-1-2,17,0.00699301,numbers,major,cross_reset
4,27,4-2-2-3,17,0.00699301,numbers,major,cross_reset
4,28,2-3-4-2,17,0.00699301,numbers,major,cross_reset
4,29,2-3-3-1,17,0.00699301,numbers,major,cross_reset
4,30,3-3-1-3,17,0.00699301,numbers,major,cross_reset
4,31,3-1-2-2,17,0.00699301,numbers,major,cross_reset
4,32,4-3-3-3,17,0.00699301,numbers,major,cross_reset
4,33,1-3-2-3,16,0.00658165,numbers,major,cross_reset
4,34,1-3-3-3,16,0.00658165,numbers,major,cross_reset
4,35,3-2-1-3,16,0.00658165,numbers,major,cross_reset
4,36,2-4-3-3,16,0.00658165,numbers,major,cross_reset
4,37,3-3-2-1,16,0.00658165,numbers,major,cross_reset
4,38,2-1-2-2,16,0.00658165,numbers,major,cross_reset
4,39,2-4-2-2,15,0.0061703,numbers,major,cross_reset
4,40,3-4-2-2,15,0.0061703,numbers,major,cross_reset
4,41,3-2-3-4,15,0.0061703,numbers,major,cross_reset
4,42,2-3-3-4,15,0.0061703,numbers,major,cross_reset
4,43,4-2-2-2,15,0.0061703,numbers,major,cross_reset
4,44,4-1-2-3,15,0.0061703,numbers,major,cross_reset
4,45,2-2-4-2,14,0.00575895,numbers,major,cross_reset
4,46,2-3-1-2,14,0.00575895,numbers,major,cross_reset
4,47,3-3-3-4,14,0.00575895,numbers,major,cross_reset
4,48,1-2-2-3,14,0.00575895,numbers,major,cross_reset
4,49,2-1-2-3,13,0.00534759,numbers,major,cross_reset
4,50,4-3-2-3,13,0.00534759,numbers,major,cross_reset
5,1,3-3-3-3-3,20,0.00823045,numbers,major,cross_reset
5,2,2-3-3-3-3,18,0.00740741,numbers,major,cross_reset
5,3,3-1-3-1-3,14,0.00576132,numbers,major,cross_reset
5,4,3-2-3-3-3,11,0.00452675,numbers,major,cross_reset
5,5,2-2-3-3-3,11,0.00452675,numbers,major,cross_reset
5,6,1-3-1-3-1,11,0.00452675,numbers,major,cross_reset
5,7,3-3-3-2-3,10,0.00411523,numbers,major,cross_reset
5,8,2-2-2-3-3,10,0.00411523,numbers,major,cross_reset
5,9,3-3-2-3-3,10,0.00411523,numbers,major,cross_reset
5,10,3-3-3-3-2,10,0.00411523,numbers,major,cross_reset
5,11,3-4-1-2-3,10,0.00411523,numbers,major,cross_reset
5,12,4-1-2-3-3,10,0.00411523,numbers,major,cross_reset
5,13,2-2-2-3-2,10,0.00411523,numbers,major,cross_reset
5,14,3-3-1-2-2,10,0.00411523,numbers,major,cross_reset
5,15,3-2-3-2-2,9,0.0037037,numbers,major,cross_reset
5,16,2-2-3-4-2,9,0.0037037,numbers,major,cross_reset
5,17,2-4-3-3-2,9,0.0037037,numbers,major,cross_reset
5,18,3-2-2-3-3,9,0.0037037,numbers,major,cross_reset
5,19,2-3-3-2-1,9,0.0037037,numbers,major,cross_reset
5,20,3-3-2-1-3,9,0.0037037,numbers,major,cross_reset
5,21,3-3-3-3-1,9,0.0037037,numbers,major,cross_reset
5,22,3-3-3-1-4,9,0.0037037,numbers,major,cross_reset
5,23,3-3-2-2-2,9,0.0037037,numbers,major,cross_reset
5,24,2-3-2-2-3,9,0.0037037,numbers,major,cross_reset
5,25,3-1-2-3-3,9,0.0037037,numbers,major,cross_reset
5,26,2-3-2-2-2,9,0.0037037,numbers,major,cross_reset
5,27,3-3-3-1-2,9,0.0037037,numbers,major,cross_reset
5,28,2-2-2-2-3,9,0.0037037,numbers,major,cross_reset
5,29,3-2-2-2-2,9,0.0037037,numbers,major,cross_reset
5,30,2-2-2-2-2,9,0.0037037,numbers,major,cross_reset
5,31,2-2-4-2-2,8,0.00329218,numbers,major,cross_reset
5,32,3-4-2-2-3,8,0.00329218,numbers,major,cross_reset
5,33,4-2-2-3-4,8,0.00329218,numbers,major,cross_reset
5,34,3-4-3-1-3,8,0.00329218,numbers,major,cross_reset
5,35,3-2-4-3-3,8,0.00329218,numbers,major,cross_reset
5,36,2-2-3-3-2,8,0.00329218,numbers,major,cross_reset
5,37,3-3-3-3-4,8,0.00329218,numbers,major,cross_reset
5,38,3-2-3-3-2,8,0.00329218,numbers,major,cross_reset
5,39,3-2-2-2-1,8,0.00329218,numbers,major,cross_reset
5,40,4-3-3-3-3,8,0.00329218,numbers,major,cross_reset
5,41,3-1-3-3-3,8,0.00329218,numbers,major,cross_reset
5,42,2-2-3-2-2,8,0.00329218,numbers,major,cross_reset
5,43,3-2-2-3-2,8,0.00329218,numbers,major,cross_reset
5,44,1-2-3-3-1,8,0.00329218,numbers,major,cross_reset
5,45,2-3-3-1-2,8,0.00329218,numbers,major,cross_reset
5,46,2-2-1-2-2,8,0.00329218,numbers,major,cross_reset
5,47,2-1-3-2-3,7,0.00288066,numbers,major,cross_reset
5,48,2-3-4-2-2,7,0.00288066,numbers,major,cross_reset
5,49,3-2-2-2-3,7,0.00288066,numbers,major,cross_reset
5,50,3-3-1-2-3,7,0.00288066,numbers,major,cross_reset
6,1,3-1-3-1-3-1,11,0.00452861,numbers,major,cross_reset
6,2,3-3-3-3-3-3,9,0.00370523,numbers,major,cross_reset
6,3,4-1-2-3-3-1,8,0.00329354,numbers,major,cross_reset
6,4,1-3-1-3-1-3,8,0.00329354,numbers,major,cross_reset
6,5,3-4-2-2-3-4,7,0.00288184,numbers,major,cross_reset
6,6,3-4-1-2-3-3,7,0.00288184,numbers,major,cross_reset
6,7,1-2-3-3-1-2,7,0.00288184,numbers,major,cross_reset
6,8,2-3-4-2-2-3,6,0.00247015,numbers,major,cross_reset
6,9,3-2-4-3-3-2,6,0.00247015,numbers,major,cross_reset
6,10,3-2-3-3-3-3,6,0.00247015,numbers,major,cross_reset
6,11,3-3-3-1-4-3,6,0.00247015,numbers,major,cross_reset
6,12,2-2-3-3-3-3,6,0.00247015,numbers,major,cross_reset
6,13,2-3-3-3-3-3,6,0.00247015,numbers,major,cross_reset
6,14,3-3-3-2-3-3,6,0.00247015,numbers,major,cross_reset
6,15,2-3-2-2-2-2,6,0.00247015,numbers,major,cross_reset
6,16,2-2-2-2-2-2,6,0.00247015,numbers,major,cross_reset
6,17,4-2-2-3-4-2,5,0.00205846,numbers,major,cross_reset
6,18,3-2-2-3-3-2,5,0.00205846,numbers,major,cross_reset
6,19,2-3-3-2-1-3,5,0.00205846,numbers,major,cross_reset
6,20,2-4-3-3-2-3,5,0.00205846,numbers,major,cross_reset
6,21,3-3-2-3-3-3,5,0.00205846,numbers,major,cross_reset
6,22,2-3-3-3-3-1,5,0.00205846,numbers,major,cross_reset
6,23,3-3-2-2-2-1,5,0.00205846,numbers,major,cross_reset
6,24,3-4-3-3-3-3,5,0.00205846,numbers,major,cross_reset
6,25,3-3-3-3-1-4,5,0.00205846,numbers,major,cross_reset
6,26,4-3-3-3-3-3,5,0.00205846,numbers,major,cross_reset
6,27,3-4-3-1-3-3,5,0.00205846,numbers,major,cross_reset
6,28,3-3-1-2-2-3,5,0.00205846,numbers,major,cross_reset
6,29,3-1-2-2-3-4,5,0.00205846,numbers,major,cross_reset
6,30,3-3-1-2-3-3,5,0.00205846,numbers,major,cross_reset
6,31,3-1-2-3-3-4,5,0.00205846,numbers,major,cross_reset
6,32,3-3-4-1-2-3,5,0.00205846,numbers,major,cross_reset
6,33,3-2-2-2-2-3,5,0.00205846,numbers,major,cross_reset
6,34,3-1-3-1-4-2,5,0.00205846,numbers,major,cross_reset
6,35,1-3-3-3-2-3,4,0.00164677,numbers,major,cross_reset
6,36,2-2-3-4-2-2,4,0.00164677,numbers,major,cross_reset
6,37,3-4-3-2-3-4,4,0.00164677,numbers,major,cross_reset
6,38,3-2-2-2-3-3,4,0.00164677,numbers,major,cross_reset
6,39,2-2-2-3-3-1,4,0.00164677,numbers,major,cross_reset
6,40,3-3-2-4-3-3,4,0.00164677,numbers,major,cross_reset
6,41,1-3-1-4-2-3,4,0.00164677,numbers,major,cross_reset
6,42,2-3-3-2-2-2,4,0.00164677,numbers,major,cross_reset
6,43,1-2-2-3-4-1,4,0.00164677,numbers,major,cross_reset
6,44,3-3-3-3-3-2,4,0.00164677,numbers,major,cross_reset
6,45,2-2-3-4-1-2,4,0.00164677,numbers,major,cross_reset
6,46,2-3-4-1-2-3,4,0.00164677,numbers,major,cross_reset
6,47,3-1-3-3-3-1,4,0.00164677,numbers,major,cross_reset
6,48,3-3-1-3-2-3,4,0.00164677,numbers,major,cross_reset
6,49,3-3-3-3-4-3,4,0.00164677,numbers,major,cross_reset
6,50,2-2-2-3-3-3,4,0.00164677,numbers,major,cross_reset
2,1,2-2,2220,0.15350574,numbers,major,all
2,2,3-2,1811,0.12522473,numbers,major,all
2,3,2-3,1793,0.12398009,numbers,major,all
2,4,3-3,1437,0.09936385,numbers,major,all
2,5,2-1,703,0.04861015,numbers,major,all
2,6,4-2,663,0.04584428,numbers,major,all
2,7,3-1,654,0.04522196,numbers,major,all
2,8,1-2,624,0.04314756,numbers,major,all
2,9,2-4,611,0.04224865,numbers,major,all
2,10,1-3,600,0.04148804,numbers,major,all
2,11,4-3,546,0.03775411,numbers,major,all
2,12,3-4,522,0.03609459,numbers,major,all
2,13,1-4,342,0.02364818,numbers,major,all
2,14,4-1,280,0.01936108,numbers,major,all
2,15,1-1,195,0.01348361,numbers,major,all
2,16,5-2,191,0.01320703,numbers,major,all
2,17,4-4,185,0.01279214,numbers,major,all
2,18,2-5,183,0.01265385,numbers,major,all
2,19,5-3,155,0.01071774,numbers,major,all
2,20,3-5,135,0.00933481,numbers,major,all
2,21,1-5,107,0.0073987,numbers,major,all
2,22,5-1,82,0.00567003,numbers,major,all
2,23,6-2,52,0.00359563,numbers,major,all
2,24,4-5,51,0.00352648,numbers,major,all
2,25,5-4,51,0.00352648,numbers,major,all
2,26,2-6,50,0.00345734,numbers,major,all
2,27,1-6,49,0.00338819,numbers,major,all
2,28,6-3,34,0.00235099,numbers,major,all
2,29,6-1,16,0.00110635,numbers,major,all
2,30,3-6,15,0.0010372,numbers,major,all
2,31,6-4,15,0.0010372,numbers,major,all
2,32,5-5,13,0.00089891,numbers,major,all
2,33,1-7,11,0.00076061,numbers,major,all
2,34,2-7,11,0.00076061,numbers,major,all
2,35,7-3,11,0.00076061,numbers,major,all
2,36,7-2,8,0.00055317,numbers,major,all
2,37,6-5,5,0.00034573,numbers,major,all
2,38,5-6,4,0.00027659,numbers,major,all
2,39,4-6,4,0.00027659,numbers,major,all
2,40,7-4,4,0.00027659,numbers,major,all
2,41,7-5,3,0.00020744,numbers,major,all
2,42,3-7,3,0.00020744,numbers,major,all
2,43,1-8,3,0.00020744,numbers,major,all
2,44,8-3,2,0.00013829,numbers,major,all
2,45,8-2,2,0.00013829,numbers,major,all
2,46,5-7,1,6.915e-05,numbers,major,all
2,47,3-8,1,6.915e-05,numbers,major,all
2,48,6-6,1,6.915e-05,numbers,major,all
2,49,7-7,1,6.915e-05,numbers,major,all
2,50,4-7,1,6.915e-05,numbers,major,all
3,1,2-2-2,921,0.06368854,numbers,major,all
3,2,3-2-2,722,0.04992739,numbers,major,all
3,3,2-3-2,696,0.04812945,numbers,major,all
3,4,2-2-3,677,0.04681557,numbers,major,all
3,5,3-2-3,604,0.04176751,numbers,major,all
3,6,3-3-2,588,0.04066109,numbers,major,all
3,7,2-3-3,575,0.03976212,numbers,major,all
3,8,3-3-3,450,0.03111818,numbers,major,all
3,9,2-2-1,272,0.01880921,numbers,major,all
3,10,4-2-2,263,0.01818685,numbers,major,all
3,11,2-2-4,262,0.0181177,numbers,major,all
3,12,2-3-1,254,0.01756448,numbers,major,all
3,13,2-4-2,235,0.01625061,numbers,major,all
3,14,4-3-2,230,0.01590485,numbers,major,all
3,15,1-2-2,229,0.0158357,numbers,major,all
3,16,3-2-1,228,0.01576654,numbers,major,all
3,17,3-1-2,224,0.01548994,numbers,major,all
3,18,2-1-3,222,0.01535164,numbers,major,all
3,19,3-1-3,221,0.01528248,numbers,major,all
3,20,1-2-3,220,0.01521333,numbers,major,all
3,21,3-4-2,218,0.01507503,numbers,major,all
3,22,1-3-2,217,0.01500588,numbers,major,all
3,23,2-4-3,213,0.01472927,numbers,major,all
3,24,2-1-2,200,0.0138303,numbers,major,all
3,25,3-3-1,200,0.0138303,numbers,major,all
3,26,4-2-3,194,0.01341539,numbers,major,all
3,27,2-3-4,191,0.01320794,numbers,major,all
3,28,1-3-3,178,0.01230897,numbers,major,all
3,29,3-2-4,177,0.01223982,numbers,major,all
3,30,3-3-4,168,0.01161745,numbers,major,all
3,31,4-3-3,167,0.0115483,numbers,major,all
3,32,3-4-3,155,0.01071848,numbers,major,all
3,33,2-1-4,132,0.009128,numbers,major,all
3,34,1-4-2,117,0.00809073,numbers,major,all
3,35,1-3-1,104,0.00719176,numbers,major,all
3,36,4-1-2,101,0.0069843,numbers,major,all
3,37,1-4-3,93,0.00643109,numbers,major,all
3,38,2-1-1,90,0.00622364,numbers,major,all
3,39,1-2-1,89,0.00615448,numbers,major,all
3,40,3-1-4,88,0.00608533,numbers,major,all
3,41,2-4-1,88,0.00608533,numbers,major,all
3,42,4-2-1,87,0.00601618,numbers,major,all
3,43,3-4-1,80,0.00553212,numbers,major,all
3,44,1-3-4,79,0.00546297,numbers,major,all
3,45,5-2-3,76,0.00525551,numbers,major,all
3,46,1-4-1,76,0.00525551,numbers,major,all
3,47,4-1-3,75,0.00518636,numbers,major,all
3,48,4-3-1,75,0.00518636,numbers,major,all
3,49,4-2-4,74,0.00511721,numbers,major,all
3,50,4-4-2,73,0.00504806,numbers,major,all
4,1,2-2-2-2,396,0.02738589,numbers,major,all
4,2,2-3-2-2,300,0.02074689,numbers,major,all
4,3,3-2-2-2,290,0.02005533,numbers,major,all
4,4,2-2-3-2,288,0.01991701,numbers,major,all
4,5,2-2-2-3,279,0.01929461,numbers,major,all
4,6,2-3-3-2,249,0.01721992,numbers,major,all
4,7,3-2-2-3,237,0.01639004,numbers,major,all
4,8,2-3-2-3,233,0.01611342,numbers,major,all
4,9,3-2-3-3,222,0.0153527,numbers,major,all
4,10,3-2-3-2,217,0.01500692,numbers,major,all
4,11,3-3-2-2,213,0.01473029,numbers,major,all
4,12,3-3-2-3,208,0.01438451,numbers,major,all
4,13,2-2-3-3,207,0.01431535,numbers,major,all
4,14,3-3-3-2,194,0.01341632,numbers,major,all
4,15,2-3-3-3,172,0.01189488,numbers,major,all
4,16,3-3-3-3,139,0.00961272,numbers,major,all
4,17,2-2-2-4,108,0.00746888,numbers,major,all
4,18,4-2-2-2,103,0.0071231,numbers,major,all
4,19,1-2-2-2,102,0.00705394,numbers,major,all
4,20,2-2-4-2,100,0.00691563,numbers,major,all
4,21,2-2-2-1,100,0.00691563,numbers,major,all
4,22,2-4-2-2,100,0.00691563,numbers,major,all
4,23,2-2-4-3,97,0.00670816,numbers,major,all
4,24,2-2-1-3,97,0.00670816,numbers,major,all
4,25,3-2-2-1,96,0.006639,numbers,major,all
4,26,4-3-2-2,95,0.00656985,numbers,major,all
4,27,2-2-3-1,93,0.00643154,numbers,major,all
4,28,2-4-3-2,92,0.00636238,numbers,major,all
4,29,2-3-1-3,91,0.00629322,numbers,major,all
4,30,1-3-2-2,90,0.00622407,numbers,major,all
4,31,3-1-2-3,88,0.00608575,numbers,major,all
4,32,2-1-3-2,86,0.00594744,numbers,major,all
4,33,3-1-2-2,86,0.00594744,numbers,major,all
4,34,2-3-1-2,85,0.00587828,numbers,major,all
4,35,4-2-3-2,84,0.00580913,numbers,major,all
4,36,3-4-2-2,83,0.00573997,numbers,major,all
4,37,2-3-3-1,82,0.00567082,numbers,major,all
4,38,3-1-3-3,80,0.0055325,numbers,major,all
4,39,3-3-4-2,80,0.0055325,numbers,major,all
4,40,3-3-2-1,79,0.00546335,numbers,major,all
4,41,1-2-3-2,79,0.00546335,numbers,major,all
4,42,3-2-2-4,77,0.00532503,numbers,major,all
4,43,3-4-2-3,77,0.00532503,numbers,major,all
4,44,3-2-3-1,73,0.00504841,numbers,major,all
4,45,4-3-2-3,73,0.00504841,numbers,major,all
4,46,2-2-1-2,73,0.00504841,numbers,major,all
4,47,2-4-3-3,72,0.00497925,numbers,major,all
4,48,3-2-1-3,72,0.00497925,numbers,major,all
4,49,2-3-2-1,72,0.00497925,numbers,major,all
4,50,3-2-1-2,71,0.0049101,numbers,major,all
5,1,2-2-2-2-2,179,0.01237983,numbers,major,all
5,2,2-3-2-2-2,132,0.00912926,numbers,major,all
5,3,2-2-3-2-2,126,0.0087143,numbers,major,all
5,4,2-2-2-3-2,122,0.00843765,numbers,major,all
5,5,3-2-2-2-2,120,0.00829933,numbers,major,all
5,6,2-2-2-2-3,117,0.00809185,numbers,major,all
5,7,3-2-2-3-2,104,0.00719275,numbers,major,all
5,8,2-3-3-2-3,99,0.00684695,numbers,major,all
5,9,2-2-3-2-3,99,0.00684695,numbers,major,all
5,10,2-3-2-3-3,96,0.00663946,numbers,major,all
5,11,3-2-2-2-3,93,0.00643198,numbers,major,all
5,12,3-2-3-2-2,92,0.00636282,numbers,major,all
5,13,3-2-3-3-2,90,0.0062245,numbers,major,all
5,14,2-3-3-2-2,87,0.00601701,numbers,major,all
5,15,3-3-3-2-2,86,0.00594785,numbers,major,all
5,16,3-3-2-2-2,85,0.00587869,numbers,major,all
5,17,2-2-2-3-3,85,0.00587869,numbers,major,all
5,18,3-3-2-3-2,85,0.00587869,numbers,major,all
5,19,2-3-3-3-2,84,0.00580953,numbers,major,all
5,20,3-3-2-2-3,83,0.00574037,numbers,major,all
5,21,2-2-3-3-2,81,0.00560205,numbers,major,all
5,22,2-3-2-2-3,74,0.00511792,numbers,major,all
5,23,3-2-2-3-3,71,0.00491044,numbers,major,all
5,24,2-2-3-3-3,71,0.00491044,numbers,major,all
5,25,2-3-2-3-2,70,0.00484128,numbers,major,all
5,26,3-3-2-3-3,70,0.00484128,numbers,major,all
5,27,3-2-3-2-3,65,0.00449547,numbers,major,all
5,28,3-2-3-3-3,63,0.00435715,numbers,major,all
5,29,3-3-3-3-2,57,0.00394218,numbers,major,all
5,30,2-2-2-2-4,51,0.00352721,numbers,major,all
5,31,2-3-2-2-1,51,0.00352721,numbers,major,all
5,32,2-3-3-3-3,51,0.00352721,numbers,major,all
5,33,2-4-3-2-2,49,0.00338889,numbers,major,all
5,34,2-2-2-4-2,48,0.00331973,numbers,major,all
5,35,3-3-3-2-3,48,0.00331973,numbers,major,all
5,36,1-2-3-2-2,47,0.00325057,numbers,major,all
5,37,4-2-2-2-2,47,0.00325057,numbers,major,all
5,38,3-4-2-3-2,44,0.00304309,numbers,major,all
5,39,2-2-4-2-2,42,0.00290477,numbers,major,all
5,40,2-2-4-3-3,41,0.0028356,numbers,major,all
5,41,4-2-3-2-3,41,0.0028356,numbers,major,all
5,42,2-2-4-3-2,40,0.00276644,numbers,major,all
5,43,3-2-2-1-3,40,0.00276644,numbers,major,all
5,44,1-2-2-2-2,39,0.00269728,numbers,major,all
5,45,3-3-3-3-3,38,0.00262812,numbers,major,all
5,46,3-4-2-2-2,38,0.00262812,numbers,major,all
5,47,3-1-2-2-2,37,0.00255896,numbers,major,all
5,48,4-3-2-2-3,37,0.00255896,numbers,major,all
5,49,2-2-2-4-3,36,0.0024898,numbers,major,all
5,50,1-3-2-2-3,36,0.0024898,numbers,major,all
6,1,2-2-2-2-2-2,79,0.0054641,numbers,major,all
6,2,3-2-2-2-2-2,66,0.00456495,numbers,major,all
6,3,2-2-3-2-2-2,58,0.00401162,numbers,major,all
6,4,2-2-2-2-2-3,57,0.00394245,numbers,major,all
6,5,2-3-2-2-2-2,55,0.00380412,numbers,major,all
6,6,2-2-2-3-2-2,49,0.00338913,numbers,major,all
6,7,3-2-3-3-2-3,48,0.00331996,numbers,major,all
6,8,3-2-2-2-3-2,47,0.0032508,numbers,major,all
6,9,2-3-3-2-3-2,46,0.00318163,numbers,major,all
6,10,2-3-3-3-2-2,46,0.00318163,numbers,major,all
6,11,3-2-2-3-2-2,44,0.0030433,numbers,major,all
6,12,2-2-2-2-3-2,44,0.0030433,numbers,major,all
6,13,2-3-3-2-2-2,41,0.0028358,numbers,major,all
6,14,2-3-2-2-2-3,41,0.0028358,numbers,major,all
6,15,2-2-2-3-2-3,41,0.0028358,numbers,major,all
6,16,3-2-2-3-2-3,40,0.00276663,numbers,major,all
6,17,3-3-2-3-2-2,39,0.00269747,numbers,major,all
6,18,3-3-2-2-3-2,39,0.00269747,numbers,major,all
6,19,3-2-3-2-2-2,37,0.00255914,numbers,major,all
6,20,3-3-2-2-2-2,37,0.00255914,numbers,major,all
6,21,2-2-3-3-2-2,37,0.00255914,numbers,major,all
6,22,3-3-3-2-2-3,37,0.00255914,numbers,major,all
6,23,2-2-3-3-3-2,35,0.00242081,numbers,major,all
6,24,2-3-2-3-3-2,34,0.00235164,numbers,major,all
6,25,2-2-3-2-3-3,34,0.00235164,numbers,major,all
6,26,2-2-3-2-3-2,34,0.00235164,numbers,major,all
6,27,2-3-2-3-2-2,33,0.00228247,numbers,major,all
6,28,3-3-2-3-3-2,33,0.00228247,numbers,major,all
6,29,2-3-2-2-3-2,33,0.00228247,numbers,major,all
6,30,2-3-3-2-3-3,32,0.00221331,numbers,major,all
6,31,2-2-3-2-2-3,32,0.00221331,numbers,major,all
6,32,3-2-3-3-3-2,32,0.00221331,numbers,major,all
6,33,2-3-2-3-3-3,31,0.00214414,numbers,major,all
6,34,2-2-2-3-3-2,30,0.00207498,numbers,major,all
6,35,2-2-2-2-3-3,30,0.00207498,numbers,major,all
6,36,4-2-3-2-3-3,30,0.00207498,numbers,major,all
6,37,3-3-3-2-2-2,30,0.00207498,numbers,major,all
6,38,3-2-2-3-3-2,29,0.00200581,numbers,major,all
6,39,3-2-2-2-3-3,29,0.00200581,numbers,major,all
6,40,3-4-2-3-2-3,29,0.00200581,numbers,major,all
6,41,2-2-2-3-3-3,29,0.00200581,numbers,major,all
6,42,3-3-2-2-2-3,28,0.00193664,numbers,major,all
6,43,2-3-3-2-2-3,28,0.00193664,numbers,major,all
6,44,3-2-3-3-3-3,27,0.00186748,numbers,major,all
6,45,1-2-3-2-2-2,27,0.00186748,numbers,major,all
6,46,2-2-2-2-2-4,26,0.00179831,numbers,major,all
6,47,3-3-2-2-3-3,26,0.00179831,numbers,major,all
6,48,3-2-2-3-3-3,26,0.00179831,numbers,major,all
6,49,3-2-3-2-3-3,25,0.00172915,numbers,major,all
6,50,2-2-3-3-2-3,25,0.00172915,numbers,major,all
2,1,2-2,1733,0.17385634,numbers,major_minor,within
2,2,2-3,1318,0.13222311,numbers,major_minor,within
2,3,3-2,1302,0.13061798,numbers,major_minor,within
2,4,3-3,960,0.09630819,numbers,major_minor,within
2,5,2-1,473,0.04745185,numbers,major_minor,within
2,6,4-2,447,0.0448435,numbers,major_minor,within
2,7,1-2,439,0.04404093,numbers,major_minor,within
2,8,1-3,401,0.04022873,numbers,major_minor,within
2,9,2-4,400,0.04012841,numbers,major_minor,within
2,10,3-1,379,0.03802167,numbers,major_minor,within
2,11,3-4,350,0.03511236,numbers,major_minor,within
2,12,4-3,302,0.03029695,numbers,major_minor,within
2,13,4-1,181,0.01815811,numbers,major_minor,within
2,14,1-4,180,0.01805778,numbers,major_minor,within
2,15,4-4,146,0.01464687,numbers,major_minor,within
2,16,1-1,138,0.0138443,numbers,major_minor,within
2,17,5-2,135,0.01354334,numbers,major_minor,within
2,18,2-5,131,0.01314205,numbers,major_minor,within
2,19,5-3,98,0.00983146,numbers,major_minor,within
2,20,3-5,93,0.00932986,numbers,major_minor,within
2,21,1-5,45,0.00451445,numbers,major_minor,within
2,22,5-4,40,0.00401284,numbers,major_minor,within
2,23,4-5,38,0.0038122,numbers,major_minor,within
2,24,5-1,35,0.00351124,numbers,major_minor,within
2,25,6-2,32,0.00321027,numbers,major_minor,within
2,26,2-6,30,0.00300963,numbers,major_minor,within
2,27,6-3,25,0.00250803,numbers,major_minor,within
2,28,3-6,18,0.00180578,numbers,major_minor,within
2,29,5-5,17,0.00170546,numbers,major_minor,within
2,30,4-6,11,0.00110353,numbers,major_minor,within
2,31,1-6,11,0.00110353,numbers,major_minor,within
2,32,6-1,11,0.00110353,numbers,major_minor,within
2,33,7-4,8,0.00080257,numbers,major_minor,within
2,34,3-7,6,0.00060193,numbers,major_minor,within
2,35,1-7,5,0.00050161,numbers,major_minor,within
2,36,5-6,4,0.00040128,numbers,major_minor,within
2,37,6-5,4,0.00040128,numbers,major_minor,within
2,38,2-7,4,0.00040128,numbers,major_minor,within
2,39,7-1,3,0.00030096,numbers,major_minor,within
2,40,7-3,3,0.00030096,numbers,major_minor,within
2,41,6-4,3,0.00030096,numbers,major_minor,within
2,42,1-8,1,0.00010032,numbers,major_minor,within
2,43,8-3,1,0.00010032,numbers,major_minor,within
2,44,7-6,1,0.00010032,numbers,major_minor,within
2,45,5-7,1,0.00010032,numbers,major_minor,within
2,46,7-5,1,0.00010032,numbers,major_minor,within
2,47,4-7,1,0.00010032,numbers,major_minor,within
2,48,4-8,1,0.00010032,numbers,major_minor,within
2,49,8-5,1,0.00010032,numbers,major_minor,within
2,50,7-2,1,0.00010032,numbers,major_minor,within
3,1,2-2-2,749,0.07514799,numbers,major_minor,within
3,2,2-3-2,581,0.05829236,numbers,major_minor,within
3,3,3-2-2,571,0.05728905,numbers,major_minor,within
3,4,2-2-3,551,0.05528243,numbers,major_minor,within
3,5,3-2-3,424,0.04254038,numbers,major_minor,within
3,6,2-3-3,409,0.04103542,numbers,major_minor,within
3,7,3-3-2,406,0.04073442,numbers,major_minor,within
3,8,3-3-3,304,0.03050065,numbers,major_minor,within
3,9,2-2-1,216,0.02167152,numbers,major_minor,within
3,10,4-2-2,193,0.0193639,numbers,major_minor,within
3,11,2-4-2,172,0.01725695,numbers,major_minor,within
3,12,1-2-2,168,0.01685562,numbers,major_minor,within
3,13,2-1-2,165,0.01655463,numbers,major_minor,within
3,14,3-4-2,159,0.01595264,numbers,major_minor,within
3,15,2-1-3,158,0.01585231,numbers,major_minor,within
3,16,2-2-4,157,0.01575198,numbers,major_minor,within
3,17,3-1-2,150,0.01504966,numbers,major_minor,within
3,18,1-2-3,146,0.01464834,numbers,major_minor,within
3,19,2-3-1,146,0.01464834,numbers,major_minor,within
3,20,2-3-4,144,0.01444768,numbers,major_minor,within
3,21,1-3-2,140,0.01404635,numbers,major_minor,within
3,22,3-2-1,129,0.01294271,numbers,major_minor,within
3,23,4-2-3,129,0.01294271,numbers,major_minor,within
3,24,3-2-4,127,0.01274205,numbers,major_minor,within
3,25,4-3-2,126,0.01264172,numbers,major_minor,within
3,26,3-1-3,122,0.01224039,numbers,major_minor,within
3,27,1-3-3,116,0.01163841,numbers,major_minor,within
3,28,3-3-1,114,0.01143774,numbers,major_minor,within
3,29,2-4-3,112,0.01123708,numbers,major_minor,within
3,30,3-3-4,105,0.01053476,numbers,major_minor,within
3,31,4-3-3,92,0.00923046,numbers,major_minor,within
3,32,3-4-3,88,0.00882914,numbers,major_minor,within
3,33,2-1-1,75,0.00752483,numbers,major_minor,within
3,34,1-3-1,68,0.00682251,numbers,major_minor,within
3,35,4-1-2,65,0.00652152,numbers,major_minor,within
3,36,2-5-2,60,0.00601987,numbers,major_minor,within
3,37,5-2-3,57,0.00571887,numbers,major_minor,within
3,38,2-1-4,57,0.00571887,numbers,major_minor,within
3,39,1-3-4,56,0.00561854,numbers,major_minor,within
3,40,1-2-1,56,0.00561854,numbers,major_minor,within
3,41,2-4-1,55,0.00551821,numbers,major_minor,within
3,42,4-1-3,55,0.00551821,numbers,major_minor,within
3,43,1-4-2,55,0.00551821,numbers,major_minor,within
3,44,3-1-4,52,0.00521722,numbers,major_minor,within
3,45,1-2-4,52,0.00521722,numbers,major_minor,within
3,46,3-4-1,51,0.00511689,numbers,major_minor,within
3,47,1-1-3,50,0.00501655,numbers,major_minor,within
3,48,4-4-2,50,0.00501655,numbers,major_minor,within
3,49,4-2-1,50,0.00501655,numbers,major_minor,within
3,50,1-4-1,49,0.00491622,numbers,major_minor,within
4,1,2-2-2-2,331,0.03321292,numbers,major_minor,within
4,2,2-2-2-3,249,0.02498495,numbers,major_minor,within
4,3,3-2-2-2,248,0.02488461,numbers,major_minor,within
4,4,2-3-2-2,241,0.02418222,numbers,major_minor,within
4,5,2-2-3-2,226,0.0226771,numbers,major_minor,within
4,6,2-3-2-3,204,0.0204696,numbers,major_minor,within
4,7,2-2-3-3,187,0.0187638,numbers,major_minor,within
4,8,3-2-3-2,186,0.01866346,numbers,major_minor,within
4,9,3-3-2-2,181,0.01816175,numbers,major_minor,within
4,10,2-3-3-2,176,0.01766004,numbers,major_minor,within
4,11,3-2-2-3,174,0.01745936,numbers,major_minor,within
4,12,3-3-3-2,137,0.01374674,numbers,major_minor,within
4,13,3-2-3-3,129,0.01294401,numbers,major_minor,within
4,14,2-3-3-3,127,0.01274333,numbers,major_minor,within
4,15,3-3-2-3,124,0.0124423,numbers,major_minor,within
4,16,3-3-3-3,97,0.00973309,numbers,major_minor,within
4,17,2-2-2-1,87,0.00872968,numbers,major_minor,within
4,18,4-2-2-2,78,0.00782661,numbers,major_minor,within
4,19,2-4-2-2,76,0.00762593,numbers,major_minor,within
4,20,2-2-1-2,73,0.0073249,numbers,major_minor,within
4,21,2-2-4-2,73,0.0073249,numbers,major_minor,within
4,22,3-2-2-1,71,0.00712422,numbers,major_minor,within
4,23,1-2-3-2,71,0.00712422,numbers,major_minor,within
4,24,4-3-2-2,70,0.00702388,numbers,major_minor,within
4,25,4-2-2-3,69,0.00692354,numbers,major_minor,within
4,26,2-2-1-3,67,0.00672286,numbers,major_minor,within
4,27,3-4-2-2,67,0.00672286,numbers,major_minor,within
4,28,1-2-2-2,66,0.00662252,numbers,major_minor,within
4,29,2-3-2-4,65,0.00652218,numbers,major_minor,within
4,30,2-2-3-1,65,0.00652218,numbers,major_minor,within
4,31,2-1-2-2,63,0.00632149,numbers,major_minor,within
4,32,2-3-4-2,63,0.00632149,numbers,major_minor,within
4,33,1-3-2-2,63,0.00632149,numbers,major_minor,within
4,34,2-3-1-2,62,0.00622115,numbers,major_minor,within
4,35,4-2-3-2,61,0.00612081,numbers,major_minor,within
4,36,2-1-2-3,61,0.00612081,numbers,major_minor,within
4,37,3-1-2-2,60,0.00602047,numbers,major_minor,within
4,38,2-1-3-2,60,0.00602047,numbers,major_minor,within
4,39,2-2-2-4,60,0.00602047,numbers,major_minor,within
4,40,2-2-3-4,59,0.00592013,numbers,major_minor,within
4,41,3-2-2-4,59,0.00592013,numbers,major_minor,within
4,42,2-4-2-3,56,0.0056191,numbers,major_minor,within
4,43,3-2-1-3,52,0.00521774,numbers,major_minor,within
4,44,3-2-3-4,52,0.00521774,numbers,major_minor,within
4,45,2-3-1-3,52,0.00521774,numbers,major_minor,within
4,46,3-2-4-2,51,0.0051174,numbers,major_minor,within
4,47,2-3-3-1,51,0.0051174,numbers,major_minor,within
4,48,1-2-2-3,50,0.00501706,numbers,major_minor,within
4,49,3-3-2-1,49,0.00491672,numbers,major_minor,within
4,50,3-4-3-2,49,0.00491672,numbers,major_minor,within
5,1,2-2-2-2-2,137,0.01374812,numbers,major_minor,within
5,2,3-2-2-2-2,121,0.0121425,numbers,major_minor,within
5,3,2-2-2-2-3,116,0.01164074,numbers,major_minor,within
5,4,2-3-2-2-2,111,0.01113899,numbers,major_minor,within
5,5,2-2-2-3-2,102,0.01023583,numbers,major_minor,within
5,6,2-2-3-2-2,100,0.01003512,numbers,major_minor,within
5,7,2-2-2-3-3,89,0.00893126,numbers,major_minor,within
5,8,2-3-2-3-2,88,0.00883091,numbers,major_minor,within
5,9,2-2-3-3-2,85,0.00852985,numbers,major_minor,within
5,10,3-2-2-3-2,84,0.0084295,numbers,major_minor,within
5,11,2-3-3-2-2,82,0.0082288,numbers,major_minor,within
5,12,3-2-2-2-3,79,0.00792775,numbers,major_minor,within
5,13,3-2-3-2-2,77,0.00772704,numbers,major_minor,within
5,14,3-2-3-2-3,74,0.00742599,numbers,major_minor,within
5,15,2-2-3-2-3,70,0.00702459,numbers,major_minor,within
5,16,3-3-3-2-2,68,0.00682388,numbers,major_minor,within
5,17,2-3-2-2-3,67,0.00672353,numbers,major_minor,within
5,18,3-3-2-2-2,66,0.00662318,numbers,major_minor,within
5,19,2-3-2-3-3,65,0.00652283,numbers,major_minor,within
5,20,3-3-2-2-3,64,0.00642248,numbers,major_minor,within
5,21,3-3-2-3-2,58,0.00582037,numbers,major_minor,within
5,22,3-2-2-3-3,57,0.00572002,numbers,major_minor,within
5,23,2-3-3-3-2,56,0.00561967,numbers,major_minor,within
5,24,3-2-3-3-3,53,0.00531862,numbers,major_minor,within
5,25,2-3-3-2-3,50,0.00501756,numbers,major_minor,within
5,26,2-2-3-3-3,50,0.00501756,numbers,major_minor,within
5,27,3-3-3-3-2,48,0.00481686,numbers,major_minor,within
5,28,3-2-3-3-2,45,0.00451581,numbers,major_minor,within
5,29,3-3-3-2-3,39,0.0039137,numbers,major_minor,within
5,30,2-3-3-3-3,37,0.003713,numbers,major_minor,within
5,31,2-3-2-2-1,35,0.00351229,numbers,major_minor,within
5,32,3-3-2-3-3,35,0.00351229,numbers,major_minor,within
5,33,4-3-2-2-2,35,0.00351229,numbers,major_minor,within
5,34,2-2-2-4-2,35,0.00351229,numbers,major_minor,within
5,35,2-2-2-2-1,34,0.00341194,numbers,major_minor,within
5,36,4-2-2-2-2,33,0.00331159,numbers,major_minor,within
5,37,3-3-3-3-3,31,0.00311089,numbers,major_minor,within
5,38,4-2-3-2-3,31,0.00311089,numbers,major_minor,within
5,39,2-2-3-4-2,31,0.00311089,numbers,major_minor,within
5,40,2-2-2-2-4,31,0.00311089,numbers,major_minor,within
5,41,2-2-2-1-3,30,0.00301054,numbers,major_minor,within
5,42,3-4-2-2-3,30,0.00301054,numbers,major_minor,within
5,43,2-2-2-1-2,30,0.00301054,numbers,major_minor,within
5,44,2-2-1-2-3,29,0.00291019,numbers,major_minor,within
5,45,2-2-3-2-4,28,0.00280983,numbers,major_minor,within
5,46,2-3-2-4-2,28,0.00280983,numbers,major_minor,within
5,47,4-2-2-2-3,28,0.00280983,numbers,major_minor,within
5,48,2-2-1-3-2,28,0.00280983,numbers,major_minor,within
5,49,2-2-1-2-2,28,0.00280983,numbers,major_minor,within
5,50,2-4-2-2-2,28,0.00280983,numbers,major_minor,within
6,1,2-3-2-2-2-2,61,0.00612204,numbers,major_minor,within
6,2,2-2-2-2-2-3,57,0.00572059,numbers,major_minor,within
6,3,2-2-2-2-2-2,55,0.00551987,numbers,major_minor,within
6,4,3-2-2-2-2-2,53,0.00531915,numbers,major_minor,within
6,5,2-2-3-2-2-2,49,0.0049177,numbers,major_minor,within
6,6,2-2-2-2-3-2,47,0.00471698,numbers,major_minor,within
6,7,2-2-2-2-3-3,44,0.0044159,numbers,major_minor,within
6,8,2-2-3-3-2-2,44,0.0044159,numbers,major_minor,within
6,9,2-2-2-3-2-2,42,0.00421517,numbers,major_minor,within
6,10,3-2-2-3-2-2,40,0.00401445,numbers,major_minor,within
6,11,2-2-2-3-3-2,39,0.00391409,numbers,major_minor,within
6,12,3-2-2-2-2-3,39,0.00391409,numbers,major_minor,within
6,13,2-3-2-3-2-2,39,0.00391409,numbers,major_minor,within
6,14,3-3-2-2-3-2,36,0.00361301,numbers,major_minor,within
6,15,2-3-2-3-2-3,34,0.00341228,numbers,major_minor,within
6,16,3-2-2-2-3-2,33,0.00331192,numbers,major_minor,within
6,17,2-3-3-3-2-2,33,0.00331192,numbers,major_minor,within
6,18,2-3-2-2-2-3,33,0.00331192,numbers,major_minor,within
6,19,2-2-3-2-3-2,32,0.00321156,numbers,major_minor,within
6,20,3-2-2-3-2-3,32,0.00321156,numbers,major_minor,within
6,21,2-3-2-3-3-3,32,0.00321156,numbers,major_minor,within
6,22,2-3-2-2-3-2,31,0.0031112,numbers,major_minor,within
6,23,3-2-3-2-3-2,30,0.00301084,numbers,major_minor,within
6,24,2-3-3-2-2-2,30,0.00301084,numbers,major_minor,within
6,25,2-2-3-2-2-3,30,0.00301084,numbers,major_minor,within
6,26,3-3-3-2-2-3,28,0.00281012,numbers,major_minor,within
6,27,3-2-2-3-3-2,28,0.00281012,numbers,major_minor,within
6,28,3-3-2-2-2-2,28,0.00281012,numbers,major_minor,within
6,29,3-2-2-2-3-3,27,0.00270976,numbers,major_minor,within
6,30,2-3-2-2-3-3,27,0.00270976,numbers,major_minor,within
6,31,2-2-2-3-2-3,26,0.00260939,numbers,major_minor,within
6,32,2-3-3-2-2-3,26,0.00260939,numbers,major_minor,within
6,33,3-2-3-2-2-2,25,0.00250903,numbers,major_minor,within
6,34,3-2-3-3-3-2,24,0.00240867,numbers,major_minor,within
6,35,2-2-3-3-2-3,24,0.00240867,numbers,major_minor,within
6,36,2-3-3-2-3-2,23,0.00230831,numbers,major_minor,within
6,37,5-2-3-2-2-2,23,0.00230831,numbers,major_minor,within
6,38,3-3-2-3-2-3,23,0.00230831,numbers,major_minor,within
6,39,2-2-3-3-3-2,23,0.00230831,numbers,major_minor,within
6,40,3-3-3-3-2-2,22,0.00220795,numbers,major_minor,within
6,41,3-2-3-2-3-3,22,0.00220795,numbers,major_minor,within
6,42,3-3-3-2-2-2,21,0.00210759,numbers,major_minor,within
6,43,2-3-2-3-3-2,21,0.00210759,numbers,major_minor,within
6,44,3-3-2-3-2-2,20,0.00200723,numbers,major_minor,within
6,45,3-3-3-2-3-2,20,0.00200723,numbers,major_minor,within
6,46,3-2-3-3-2-2,20,0.00200723,numbers,major_minor,within
6,47,4-2-3-2-3-3,20,0.00200723,numbers,major_minor,within
6,48,2-2-2-3-2-4,18,0.0018065,numbers,major_minor,within
6,49,3-2-3-2-2-1,18,0.0018065,numbers,major_minor,within
6,50,2-2-2-3-3-3,18,0.0018065,numbers,major_minor,within
2,1,2-2,514,0.11440018,numbers,major_minor,cross_reset
2,2,3-3,511,0.11373247,numbers,major_minor,cross_reset
2,3,3-2,455,0.10126864,numbers,major_minor,cross_reset
2,4,2-3,443,0.09859782,numbers,major_minor,cross_reset
2,5,3-1,255,0.05675495,numbers,major_minor,cross_reset
2,6,1-3,242,0.05386156,numbers,major_minor,cross_reset
2,7,2-1,225,0.0500779,numbers,major_minor,cross_reset
2,8,1-2,222,0.04941019,numbers,major_minor,cross_reset
2,9,2-4,212,0.04718451,numbers,major_minor,cross_reset
2,10,4-2,206,0.0458491,numbers,major_minor,cross_reset
2,11,4-3,200,0.04451369,numbers,major_minor,cross_reset
2,12,3-4,183,0.04073002,numbers,major_minor,cross_reset
2,13,1-1,108,0.02403739,numbers,major_minor,cross_reset
2,14,1-4,101,0.02247941,numbers,major_minor,cross_reset
2,15,4-1,91,0.02025373,numbers,major_minor,cross_reset
2,16,4-4,80,0.01780548,numbers,major_minor,cross_reset
2,17,2-5,66,0.01468952,numbers,major_minor,cross_reset
2,18,5-3,57,0.0126864,numbers,major_minor,cross_reset
2,19,5-2,57,0.0126864,numbers,major_minor,cross_reset
2,20,3-5,43,0.00957044,numbers,major_minor,cross_reset
2,21,5-1,26,0.00578678,numbers,major_minor,cross_reset
2,22,1-5,26,0.00578678,numbers,major_minor,cross_reset
2,23,4-5,23,0.00511907,numbers,major_minor,cross_reset
2,24,6-2,21,0.00467394,numbers,major_minor,cross_reset
2,25,5-4,20,0.00445137,numbers,major_minor,cross_reset
2,26,2-6,20,0.00445137,numbers,major_minor,cross_reset
2,27,3-6,18,0.00400623,numbers,major_minor,cross_reset
2,28,6-3,11,0.00244825,numbers,major_minor,cross_reset
2,29,1-6,7,0.00155798,numbers,major_minor,cross_reset
2,30,7-2,6,0.00133541,numbers,major_minor,cross_reset
2,31,6-1,6,0.00133541,numbers,major_minor,cross_reset
2,32,6-4,6,0.00133541,numbers,major_minor,cross_reset
2,33,7-3,5,0.00111284,numbers,major_minor,cross_reset
2,34,5-5,5,0.00111284,numbers,major_minor,cross_reset
2,35,6-5,4,0.00089027,numbers,major_minor,cross_reset
2,36,3-7,4,0.00089027,numbers,major_minor,cross_reset
2,37,1-7,3,0.00066771,numbers,major_minor,cross_reset
2,38,4-7,2,0.00044514,numbers,major_minor,cross_reset
2,39,2-7,2,0.00044514,numbers,major_minor,cross_reset
2,40,5-6,2,0.00044514,numbers,major_minor,cross_reset
2,41,4-6,1,0.00022257,numbers,major_minor,cross_reset
2,42,3-8,1,0.00022257,numbers,major_minor,cross_reset
2,43,8-3,1,0.00022257,numbers,major_minor,cross_reset
2,44,1-8,1,0.00022257,numbers,major_minor,cross_reset
2,45,8-4,1,0.00022257,numbers,major_minor,cross_reset
3,1,2-2-2,175,0.03895815,numbers,major_minor,cross_reset
3,2,3-3-3,170,0.03784506,numbers,major_minor,cross_reset
3,3,2-3-3,159,0.03539626,numbers,major_minor,cross_reset
3,4,3-2-2,156,0.03472841,numbers,major_minor,cross_reset
3,5,2-2-3,146,0.03250223,numbers,major_minor,cross_reset
3,6,3-3-2,145,0.03227961,numbers,major_minor,cross_reset
3,7,2-3-2,145,0.03227961,numbers,major_minor,cross_reset
3,8,3-2-3,135,0.03005343,numbers,major_minor,cross_reset
3,9,3-1-3,102,0.02270703,numbers,major_minor,cross_reset
3,10,3-3-1,101,0.02248442,numbers,major_minor,cross_reset
3,11,2-2-4,87,0.01936776,numbers,major_minor,cross_reset
3,12,2-4-3,84,0.01869991,numbers,major_minor,cross_reset
3,13,1-2-2,84,0.01869991,numbers,major_minor,cross_reset
3,14,1-3-2,82,0.01825467,numbers,major_minor,cross_reset
3,15,4-3-3,80,0.01780944,numbers,major_minor,cross_reset
3,16,3-1-2,78,0.0173642,numbers,major_minor,cross_reset
3,17,1-3-3,78,0.0173642,numbers,major_minor,cross_reset
3,18,2-1-3,74,0.01647373,numbers,major_minor,cross_reset
3,19,2-3-1,73,0.01625111,numbers,major_minor,cross_reset
3,20,4-2-3,73,0.01625111,numbers,major_minor,cross_reset
3,21,2-2-1,72,0.0160285,numbers,major_minor,cross_reset
3,22,3-2-1,71,0.01580588,numbers,major_minor,cross_reset
3,23,2-1-2,71,0.01580588,numbers,major_minor,cross_reset
3,24,2-4-2,70,0.01558326,numbers,major_minor,cross_reset
3,25,3-2-4,67,0.01491541,numbers,major_minor,cross_reset
3,26,3-3-4,67,0.01491541,numbers,major_minor,cross_reset
3,27,4-2-2,66,0.01469279,numbers,major_minor,cross_reset
3,28,3-4-2,62,0.01380232,numbers,major_minor,cross_reset
3,29,1-2-3,58,0.01291184,numbers,major_minor,cross_reset
3,30,3-4-3,57,0.01268923,numbers,major_minor,cross_reset
3,31,4-3-2,56,0.01246661,numbers,major_minor,cross_reset
3,32,2-3-4,52,0.01157614,numbers,major_minor,cross_reset
3,33,1-3-1,45,0.01001781,numbers,major_minor,cross_reset
3,34,2-1-1,42,0.00934996,numbers,major_minor,cross_reset
3,35,1-4-2,40,0.00890472,numbers,major_minor,cross_reset
3,36,1-2-1,40,0.00890472,numbers,major_minor,cross_reset
3,37,1-1-2,38,0.00845948,numbers,major_minor,cross_reset
3,38,3-1-4,34,0.00756901,numbers,major_minor,cross_reset
3,39,4-2-1,32,0.00712378,numbers,major_minor,cross_reset
3,40,1-1-3,31,0.00690116,numbers,major_minor,cross_reset
3,41,3-1-1,30,0.00667854,numbers,major_minor,cross_reset
3,42,4-3-1,29,0.00645592,numbers,major_minor,cross_reset
3,43,3-4-1,29,0.00645592,numbers,major_minor,cross_reset
3,44,1-3-4,27,0.00601069,numbers,major_minor,cross_reset
3,45,1-2-4,27,0.00601069,numbers,major_minor,cross_reset
3,46,2-4-4,27,0.00601069,numbers,major_minor,cross_reset
3,47,4-1-2,27,0.00601069,numbers,major_minor,cross_reset
3,48,4-4-3,27,0.00601069,numbers,major_minor,cross_reset
3,49,2-5-3,26,0.00578807,numbers,major_minor,cross_reset
3,50,2-2-5,26,0.00578807,numbers,major_minor,cross_reset
4,1,2-2-2-2,70,0.01558673,numbers,major_minor,cross_reset
4,2,3-3-3-3,60,0.01336005,numbers,major_minor,cross_reset
4,3,2-2-3-2,53,0.01180138,numbers,major_minor,cross_reset
4,4,2-2-3-3,51,0.01135605,numbers,major_minor,cross_reset
4,5,3-2-2-2,50,0.01113338,numbers,major_minor,cross_reset
4,6,3-3-2-2,50,0.01113338,numbers,major_minor,cross_reset
4,7,2-3-2-2,49,0.01091071,numbers,major_minor,cross_reset
4,8,2-3-2-3,48,0.01068804,numbers,major_minor,cross_reset
4,9,2-2-2-3,48,0.01068804,numbers,major_minor,cross_reset
4,10,2-3-3-2,48,0.01068804,numbers,major_minor,cross_reset
4,11,2-3-3-3,46,0.01024271,numbers,major_minor,cross_reset
4,12,3-2-3-3,45,0.01002004,numbers,major_minor,cross_reset
4,13,3-2-3-2,44,0.00979737,numbers,major_minor,cross_reset
4,14,3-3-2-3,44,0.00979737,numbers,major_minor,cross_reset
4,15,3-3-3-2,41,0.00912937,numbers,major_minor,cross_reset
4,16,3-2-2-4,38,0.00846137,numbers,major_minor,cross_reset
4,17,3-3-1-3,37,0.0082387,numbers,major_minor,cross_reset
4,18,2-2-4-3,36,0.00801603,numbers,major_minor,cross_reset
4,19,3-3-1-2,36,0.00801603,numbers,major_minor,cross_reset
4,20,3-3-3-1,36,0.00801603,numbers,major_minor,cross_reset
4,21,3-2-2-3,35,0.00779336,numbers,major_minor,cross_reset
4,22,2-4-3-3,34,0.0075707,numbers,major_minor,cross_reset
4,23,2-3-3-1,33,0.00734803,numbers,major_minor,cross_reset
4,24,2-4-3-2,32,0.00712536,numbers,major_minor,cross_reset
4,25,3-1-3-2,32,0.00712536,numbers,major_minor,cross_reset
4,26,1-2-2-2,32,0.00712536,numbers,major_minor,cross_reset
4,27,3-3-4-2,31,0.00690269,numbers,major_minor,cross_reset
4,28,2-2-4-2,31,0.00690269,numbers,major_minor,cross_reset
4,29,3-1-2-2,30,0.00668003,numbers,major_minor,cross_reset
4,30,4-3-3-3,29,0.00645736,numbers,major_minor,cross_reset
4,31,1-2-2-3,29,0.00645736,numbers,major_minor,cross_reset
4,32,3-2-3-1,29,0.00645736,numbers,major_minor,cross_reset
4,33,2-1-3-3,29,0.00645736,numbers,major_minor,cross_reset
4,34,2-3-1-3,28,0.00623469,numbers,major_minor,cross_reset
4,35,3-2-4-3,27,0.00601202,numbers,major_minor,cross_reset
4,36,3-1-3-1,27,0.00601202,numbers,major_minor,cross_reset
4,37,2-4-2-3,27,0.00601202,numbers,major_minor,cross_reset
4,38,1-3-2-3,27,0.00601202,numbers,major_minor,cross_reset
4,39,2-1-3-2,27,0.00601202,numbers,major_minor,cross_reset
4,40,3-3-3-4,26,0.00578936,numbers,major_minor,cross_reset
4,41,2-4-2-2,26,0.00578936,numbers,major_minor,cross_reset
4,42,1-3-3-3,26,0.00578936,numbers,major_minor,cross_reset
4,43,4-3-3-2,26,0.00578936,numbers,major_minor,cross_reset
4,44,4-2-3-3,26,0.00578936,numbers,major_minor,cross_reset
4,45,3-1-3-3,25,0.00556669,numbers,major_minor,cross_reset
4,46,4-3-2-2,25,0.00556669,numbers,major_minor,cross_reset
4,47,1-2-3-3,25,0.00556669,numbers,major_minor,cross_reset
4,48,2-2-2-1,25,0.00556669,numbers,major_minor,cross_reset
4,49,3-2-1-2,25,0.00556669,numbers,major_minor,cross_reset
4,50,2-1-2-2,25,0.00556669,numbers,major_minor,cross_reset
5,1,2-2-2-2-2,27,0.00601336,numbers,major_minor,cross_reset
5,2,2-3-2-3-2,26,0.00579065,numbers,major_minor,cross_reset
5,3,3-2-2-4-2,20,0.00445434,numbers,major_minor,cross_reset
5,4,3-2-2-3-2,20,0.00445434,numbers,major_minor,cross_reset
5,5,2-2-3-3-3,20,0.00445434,numbers,major_minor,cross_reset
5,6,2-3-3-2-2,20,0.00445434,numbers,major_minor,cross_reset
5,7,3-2-3-2-3,19,0.00423163,numbers,major_minor,cross_reset
5,8,3-2-2-2-2,19,0.00423163,numbers,major_minor,cross_reset
5,9,3-3-3-3-3,18,0.00400891,numbers,major_minor,cross_reset
5,10,2-2-4-3-2,18,0.00400891,numbers,major_minor,cross_reset
5,11,2-2-3-2-3,18,0.00400891,numbers,major_minor,cross_reset
5,12,2-3-3-3-3,18,0.00400891,numbers,major_minor,cross_reset
5,13,2-2-2-2-3,18,0.00400891,numbers,major_minor,cross_reset
5,14,2-2-2-3-3,17,0.00378619,numbers,major_minor,cross_reset
5,15,2-2-4-2-2,16,0.00356347,numbers,major_minor,cross_reset
5,16,3-3-2-3-3,16,0.00356347,numbers,major_minor,cross_reset
5,17,3-2-3-3-3,16,0.00356347,numbers,major_minor,cross_reset
5,18,3-3-3-1-2,16,0.00356347,numbers,major_minor,cross_reset
5,19,2-3-2-2-2,16,0.00356347,numbers,major_minor,cross_reset
5,20,2-2-3-2-2,16,0.00356347,numbers,major_minor,cross_reset
5,21,2-3-3-2-3,16,0.00356347,numbers,major_minor,cross_reset
5,22,3-3-1-2-2,16,0.00356347,numbers,major_minor,cross_reset
5,23,3-1-3-1-3,15,0.00334076,numbers,major_minor,cross_reset
5,24,3-3-3-3-1,15,0.00334076,numbers,major_minor,cross_reset
5,25,4-3-3-3-3,14,0.00311804,numbers,major_minor,cross_reset
5,26,3-3-3-4-2,14,0.00311804,numbers,major_minor,cross_reset
5,27,2-4-3-2-2,14,0.00311804,numbers,major_minor,cross_reset
5,28,2-3-3-1-3,14,0.00311804,numbers,major_minor,cross_reset
5,29,2-2-2-3-2,14,0.00311804,numbers,major_minor,cross_reset
5,30,2-3-3-3-2,14,0.00311804,numbers,major_minor,cross_reset
5,31,3-3-4-2-1,14,0.00311804,numbers,major_minor,cross_reset
5,32,2-1-3-3-3,14,0.00311804,numbers,major_minor,cross_reset
5,33,3-1-2-2-2,14,0.00311804,numbers,major_minor,cross_reset
5,34,3-3-3-3-4,13,0.00289532,numbers,major_minor,cross_reset
5,35,3-3-3-2-2,13,0.00289532,numbers,major_minor,cross_reset
5,36,2-4-3-3-3,13,0.00289532,numbers,major_minor,cross_reset
5,37,3-2-4-3-3,13,0.00289532,numbers,major_minor,cross_reset
5,38,3-3-2-2-3,13,0.00289532,numbers,major_minor,cross_reset
5,39,3-2-2-2-3,13,0.00289532,numbers,major_minor,cross_reset
5,40,3-3-3-3-2,13,0.00289532,numbers,major_minor,cross_reset
5,41,2-2-3-3-2,13,0.00289532,numbers,major_minor,cross_reset
5,42,3-3-2-2-2,13,0.00289532,numbers,major_minor,cross_reset
5,43,4-2-3-3-2,13,0.00289532,numbers,major_minor,cross_reset
5,44,1-3-2-3-3,13,0.00289532,numbers,major_minor,cross_reset
5,45,3-1-2-2-3,13,0.00289532,numbers,major_minor,cross_reset
5,46,2-2-4-3-3,12,0.00267261,numbers,major_minor,cross_reset
5,47,4-3-2-2-4,12,0.00267261,numbers,major_minor,cross_reset
5,48,3-2-2-4-3,12,0.00267261,numbers,major_minor,cross_reset
5,49,3-3-3-2-3,12,0.00267261,numbers,major_minor,cross_reset
5,50,2-2-2-2-1,12,0.00267261,numbers,major_minor,cross_reset
6,1,2-2-2-2-2-3,12,0.0026732,numbers,major_minor,cross_reset
6,2,3-2-3-2-3-2,12,0.0026732,numbers,major_minor,cross_reset
6,3,2-3-2-3-2-3,12,0.0026732,numbers,major_minor,cross_reset
6,4,3-3-4-2-1-1,11,0.00245043,numbers,major_minor,cross_reset
6,5,1-3-3-3-1-2,11,0.00245043,numbers,major_minor,cross_reset
6,6,3-3-3-1-2-2,11,0.00245043,numbers,major_minor,cross_reset
6,7,3-2-2-4-2-2,10,0.00222767,numbers,major_minor,cross_reset
6,8,3-2-2-3-2-3,10,0.00222767,numbers,major_minor,cross_reset
6,9,1-1-2-1-3-3,10,0.00222767,numbers,major_minor,cross_reset
6,10,2-2-3-2-3-2,9,0.0020049,numbers,major_minor,cross_reset
6,11,3-3-3-2-3-3,9,0.0020049,numbers,major_minor,cross_reset
6,12,2-2-3-3-3-3,9,0.0020049,numbers,major_minor,cross_reset
6,13,2-3-3-2-2-2,9,0.0020049,numbers,major_minor,cross_reset
6,14,3-4-2-1-1-2,9,0.0020049,numbers,major_minor,cross_reset
6,15,4-2-1-1-2-1,9,0.0020049,numbers,major_minor,cross_reset
6,16,2-1-1-2-1-3,9,0.0020049,numbers,major_minor,cross_reset
6,17,1-2-1-3-3-3,9,0.0020049,numbers,major_minor,cross_reset
6,18,2-1-3-3-3-1,9,0.0020049,numbers,major_minor,cross_reset
6,19,3-3-3-4-2-1,9,0.0020049,numbers,major_minor,cross_reset
6,20,3-3-3-3-4-2,8,0.00178213,numbers,major_minor,cross_reset
6,21,2-4-2-2-4-3,8,0.00178213,numbers,major_minor,cross_reset
6,22,2-2-4-3-2-2,8,0.00178213,numbers,major_minor,cross_reset
6,23,2-4-3-2-2-4,8,0.00178213,numbers,major_minor,cross_reset
6,24,2-3-4-3-2-2,8,0.00178213,numbers,major_minor,cross_reset
6,25,3-3-2-2-3-2,8,0.00178213,numbers,major_minor,cross_reset
6,26,2-3-2-2-2-2,8,0.00178213,numbers,major_minor,cross_reset
6,27,3-3-1-2-2-2,8,0.00178213,numbers,major_minor,cross_reset
6,28,3-1-2-2-2-3,8,0.00178213,numbers,major_minor,cross_reset
6,29,1-2-2-2-3-3,8,0.00178213,numbers,major_minor,cross_reset
6,30,3-3-1-2-2-3,8,0.00178213,numbers,major_minor,cross_reset
6,31,3-1-2-2-3-3,8,0.00178213,numbers,major_minor,cross_reset
6,32,3-2-2-2-2-2,8,0.00178213,numbers,major_minor,cross_reset
6,33,3-3-3-3-1-3,8,0.00178213,numbers,major_minor,cross_reset
6,34,3-1-3-1-3-1,8,0.00178213,numbers,major_minor,cross_reset
6,35,3-3-2-2-4-2,7,0.00155937,numbers,major_minor,cross_reset
6,36,2-2-4-2-2-4,7,0.00155937,numbers,major_minor,cross_reset
6,37,4-3-2-2-4-2,7,0.00155937,numbers,major_minor,cross_reset
6,38,3-2-2-4-2-3,7,0.00155937,numbers,major_minor,cross_reset
6,39,3-2-4-3-3-3,7,0.00155937,numbers,major_minor,cross_reset
6,40,2-2-2-3-3-3,7,0.00155937,numbers,major_minor,cross_reset
6,41,1-2-2-3-3-3,7,0.00155937,numbers,major_minor,cross_reset
6,42,2-3-2-3-2-2,7,0.00155937,numbers,major_minor,cross_reset
6,43,2-3-2-2-3-2,7,0.00155937,numbers,major_minor,cross_reset
6,44,1-3-1-3-1-3,7,0.00155937,numbers,major_minor,cross_reset
6,45,4-2-2-4-3-2,6,0.0013366,numbers,major_minor,cross_reset
6,46,3-2-2-4-3-2,6,0.0013366,numbers,major_minor,cross_reset
6,47,2-3-3-1-3-2,6,0.0013366,numbers,major_minor,cross_reset
6,48,3-2-3-3-3-3,6,0.0013366,numbers,major_minor,cross_reset
6,49,2-4-3-3-3-3,6,0.0013366,numbers,major_minor,cross_reset
6,50,4-2-3-2-2-2,6,0.0013366,numbers,major_minor,cross_reset
2,1,2-2,2220,0.15350574,numbers,major_minor,all
2,2,3-2,1811,0.12522473,numbers,major_minor,all
2,3,2-3,1793,0.12398009,numbers,major_minor,all
2,4,3-3,1437,0.09936385,numbers,major_minor,all
2,5,2-1,703,0.04861015,numbers,major_minor,all
2,6,4-2,663,0.04584428,numbers,major_minor,all
2,7,3-1,654,0.04522196,numbers,major_minor,all
2,8,1-2,624,0.04314756,numbers,major_minor,all
2,9,2-4,611,0.04224865,numbers,major_minor,all
2,10,1-3,600,0.04148804,numbers,major_minor,all
2,11,4-3,546,0.03775411,numbers,major_minor,all
2,12,3-4,522,0.03609459,numbers,major_minor,all
2,13,1-4,342,0.02364818,numbers,major_minor,all
2,14,4-1,280,0.01936108,numbers,major_minor,all
2,15,1-1,195,0.01348361,numbers,major_minor,all
2,16,5-2,191,0.01320703,numbers,major_minor,all
2,17,4-4,185,0.01279214,numbers,major_minor,all
2,18,2-5,183,0.01265385,numbers,major_minor,all
2,19,5-3,155,0.01071774,numbers,major_minor,all
2,20,3-5,135,0.00933481,numbers,major_minor,all
2,21,1-5,107,0.0073987,numbers,major_minor,all
2,22,5-1,82,0.00567003,numbers,major_minor,all
2,23,6-2,52,0.00359563,numbers,major_minor,all
2,24,4-5,51,0.00352648,numbers,major_minor,all
2,25,5-4,51,0.00352648,numbers,major_minor,all
2,26,2-6,50,0.00345734,numbers,major_minor,all
2,27,1-6,49,0.00338819,numbers,major_minor,all
2,28,6-3,34,0.00235099,numbers,major_minor,all
2,29,6-1,16,0.00110635,numbers,major_minor,all
2,30,3-6,15,0.0010372,numbers,major_minor,all
2,31,6-4,15,0.0010372,numbers,major_minor,all
2,32,5-5,13,0.00089891,numbers,major_minor,all
2,33,1-7,11,0.00076061,numbers,major_minor,all
2,34,2-7,11,0.00076061,numbers,major_minor,all
2,35,7-3,11,0.00076061,numbers,major_minor,all
2,36,7-2,8,0.00055317,numbers,major_minor,all
2,37,6-5,5,0.00034573,numbers,major_minor,all
2,38,5-6,4,0.00027659,numbers,major_minor,all
2,39,4-6,4,0.00027659,numbers,major_minor,all
2,40,7-4,4,0.00027659,numbers,major_minor,all
2,41,7-5,3,0.00020744,numbers,major_minor,all
2,42,3-7,3,0.00020744,numbers,major_minor,all
2,43,1-8,3,0.00020744,numbers,major_minor,all
2,44,8-3,2,0.00013829,numbers,major_minor,all
2,45,8-2,2,0.00013829,numbers,major_minor,all
2,46,5-7,1,6.915e-05,numbers,major_minor,all
2,47,3-8,1,6.915e-05,numbers,major_minor,all
2,48,6-6,1,6.915e-05,numbers,major_minor,all
2,49,7-7,1,6.915e-05,numbers,major_minor,all
2,50,4-7,1,6.915e-05,numbers,major_minor,all
3,1,2-2-2,921,0.06368854,numbers,major_minor,all
3,2,3-2-2,722,0.04992739,numbers,major_minor,all
3,3,2-3-2,696,0.04812945,numbers,major_minor,all
3,4,2-2-3,677,0.04681557,numbers,major_minor,all
3,5,3-2-3,604,0.04176751,numbers,major_minor,all
3,6,3-3-2,588,0.04066109,numbers,major_minor,all
3,7,2-3-3,575,0.03976212,numbers,major_minor,all
3,8,3-3-3,450,0.03111818,numbers,major_minor,all
3,9,2-2-1,272,0.01880921,numbers,major_minor,all
3,10,4-2-2,263,0.01818685,numbers,major_minor,all
3,11,2-2-4,262,0.0181177,numbers,major_minor,all
3,12,2-3-1,254,0.01756448,numbers,major_minor,all
3,13,2-4-2,235,0.01625061,numbers,major_minor,all
3,14,4-3-2,230,0.01590485,numbers,major_minor,all
3,15,1-2-2,229,0.0158357,numbers,major_minor,all
3,16,3-2-1,228,0.01576654,numbers,major_minor,all
3,17,3-1-2,224,0.01548994,numbers,major_minor,all
3,18,2-1-3,222,0.01535164,numbers,major_minor,all
3,19,3-1-3,221,0.01528248,numbers,major_minor,all
3,20,1-2-3,220,0.01521333,numbers,major_minor,all
3,21,3-4-2,218,0.01507503,numbers,major_minor,all
3,22,1-3-2,217,0.01500588,numbers,major_minor,all
3,23,2-4-3,213,0.01472927,numbers,major_minor,all
3,24,2-1-2,200,0.0138303,numbers,major_minor,all
3,25,3-3-1,200,0.0138303,numbers,major_minor,all
3,26,4-2-3,194,0.01341539,numbers,major_minor,all
3,27,2-3-4,191,0.01320794,numbers,major_minor,all
3,28,1-3-3,178,0.01230897,numbers,major_minor,all
3,29,3-2-4,177,0.01223982,numbers,major_minor,all
3,30,3-3-4,168,0.01161745,numbers,major_minor,all
3,31,4-3-3,167,0.0115483,numbers,major_minor,all
3,32,3-4-3,155,0.01071848,numbers,major_minor,all
3,33,2-1-4,132,0.009128,numbers,major_minor,all
3,34,1-4-2,117,0.00809073,numbers,major_minor,all
3,35,1-3-1,104,0.00719176,numbers,major_minor,all
3,36,4-1-2,101,0.0069843,numbers,major_minor,all
3,37,1-4-3,93,0.00643109,numbers,major_minor,all
3,38,2-1-1,90,0.00622364,numbers,major_minor,all
3,39,1-2-1,89,0.00615448,numbers,major_minor,all
3,40,3-1-4,88,0.00608533,numbers,major_minor,all
3,41,2-4-1,88,0.00608533,numbers,major_minor,all
3,42,4-2-1,87,0.00601618,numbers,major_minor,all
3,43,3-4-1,80,0.00553212,numbers,major_minor,all
3,44,1-3-4,79,0.00546297,numbers,major_minor,all
3,45,5-2-3,76,0.00525551,numbers,major_minor,all
3,46,1-4-1,76,0.00525551,numbers,major_minor,all
3,47,4-1-3,75,0.00518636,numbers,major_minor,all
3,48,4-3-1,75,0.00518636,numbers,major_minor,all
3,49,4-2-4,74,0.00511721,numbers,major_minor,all
3,50,4-4-2,73,0.00504806,numbers,major_minor,all
4,1,2-2-2-2,396,0.02738589,numbers,major_minor,all
4,2,2-3-2-2,300,0.02074689,numbers,major_minor,all
4,3,3-2-2-2,290,0.02005533,numbers,major_minor,all
4,4,2-2-3-2,288,0.01991701,numbers,major_minor,all
4,5,2-2-2-3,279,0.01929461,numbers,major_minor,all
4,6,2-3-3-2,249,0.01721992,numbers,major_minor,all
4,7,3-2-2-3,237,0.01639004,numbers,major_minor,all
4,8,2-3-2-3,233,0.01611342,numbers,major_minor,all
4,9,3-2-3-3,222,0.0153527,numbers,major_minor,all
4,10,3-2-3-2,217,0.01500692,numbers,major_minor,all
4,11,3-3-2-2,213,0.01473029,numbers,major_minor,all
4,12,3-3-2-3,208,0.01438451,numbers,major_minor,all
4,13,2-2-3-3,207,0.01431535,numbers,major_minor,all
4,14,3-3-3-2,194,0.01341632,numbers,major_minor,all
4,15,2-3-3-3,172,0.01189488,numbers,major_minor,all
4,16,3-3-3-3,139,0.00961272,numbers,major_minor,all
4,17,2-2-2-4,108,0.00746888,numbers,major_minor,all
4,18,4-2-2-2,103,0.0071231,numbers,major_minor,all
4,19,1-2-2-2,102,0.00705394,numbers,major_minor,all
4,20,2-2-4-2,100,0.00691563,numbers,major_minor,all
4,21,2-2-2-1,100,0.00691563,numbers,major_minor,all
4,22,2-4-2-2,100,0.00691563,numbers,major_minor,all
4,23,2-2-4-3,97,0.00670816,numbers,major_minor,all
4,24,2-2-1-3,97,0.00670816,numbers,major_minor,all
4,25,3-2-2-1,96,0.006639,numbers,major_minor,all
4,26,4-3-2-2,95,0.00656985,numbers,major_minor,all
4,27,2-2-3-1,93,0.00643154,numbers,major_minor,all
4,28,2-4-3-2,92,0.00636238,numbers,major_minor,all
4,29,2-3-1-3,91,0.00629322,numbers,major_minor,all
4,30,1-3-2-2,90,0.00622407,numbers,major_minor,all
4,31,3-1-2-3,88,0.00608575,numbers,major_minor,all
4,32,2-1-3-2,86,0.00594744,numbers,major_minor,all
4,33,3-1-2-2,86,0.00594744,numbers,major_minor,all
4,34,2-3-1-2,85,0.00587828,numbers,major_minor,all
4,35,4-2-3-2,84,0.00580913,numbers,major_minor,all
4,36,3-4-2-2,83,0.00573997,numbers,major_minor,all
4,37,2-3-3-1,82,0.00567082,numbers,major_minor,all
4,38,3-1-3-3,80,0.0055325,numbers,major_minor,all
4,39,3-3-4-2,80,0.0055325,numbers,major_minor,all
4,40,3-3-2-1,79,0.00546335,numbers,major_minor,all
4,41,1-2-3-2,79,0.00546335,numbers,major_minor,all
4,42,3-2-2-4,77,0.00532503,numbers,major_minor,all
4,43,3-4-2-3,77,0.00532503,numbers,major_minor,all
4,44,3-2-3-1,73,0.00504841,numbers,major_minor,all
4,45,4-3-2-3,73,0.00504841,numbers,major_minor,all
4,46,2-2-1-2,73,0.00504841,numbers,major_minor,all
4,47,2-4-3-3,72,0.00497925,numbers,major_minor,all
4,48,3-2-1-3,72,0.00497925,numbers,major_minor,all
4,49,2-3-2-1,72,0.00497925,numbers,major_minor,all
4,50,3-2-1-2,71,0.0049101,numbers,major_minor,all
5,1,2-2-2-2-2,179,0.01237983,numbers,major_minor,all
5,2,2-3-2-2-2,132,0.00912926,numbers,major_minor,all
5,3,2-2-3-2-2,126,0.0087143,numbers,major_minor,all
5,4,2-2-2-3-2,122,0.00843765,numbers,major_minor,all
5,5,3-2-2-2-2,120,0.00829933,numbers,major_minor,all
5,6,2-2-2-2-3,117,0.00809185,numbers,major_minor,all
5,7,3-2-2-3-2,104,0.00719275,numbers,major_minor,all
5,8,2-3-3-2-3,99,0.00684695,numbers,major_minor,all
5,9,2-2-3-2-3,99,0.00684695,numbers,major_minor,all
5,10,2-3-2-3-3,96,0.00663946,numbers,major_minor,all
5,11,3-2-2-2-3,93,0.00643198,numbers,major_minor,all
5,12,3-2-3-2-2,92,0.00636282,numbers,major_minor,all
5,13,3-2-3-3-2,90,0.0062245,numbers,major_minor,all
5,14,2-3-3-2-2,87,0.00601701,numbers,major_minor,all
5,15,3-3-3-2-2,86,0.00594785,numbers,major_minor,all
5,16,3-3-2-2-2,85,0.00587869,numbers,major_minor,all
5,17,2-2-2-3-3,85,0.00587869,numbers,major_minor,all
5,18,3-3-2-3-2,85,0.00587869,numbers,major_minor,all
5,19,2-3-3-3-2,84,0.00580953,numbers,major_minor,all
5,20,3-3-2-2-3,83,0.00574037,numbers,major_minor,all
5,21,2-2-3-3-2,81,0.00560205,numbers,major_minor,all
5,22,2-3-2-2-3,74,0.00511792,numbers,major_minor,all
5,23,3-2-2-3-3,71,0.00491044,numbers,major_minor,all
5,24,2-2-3-3-3,71,0.00491044,numbers,major_minor,all
5,25,2-3-2-3-2,70,0.00484128,numbers,major_minor,all
5,26,3-3-2-3-3,70,0.00484128,numbers,major_minor,all
5,27,3-2-3-2-3,65,0.00449547,numbers,major_minor,all
5,28,3-2-3-3-3,63,0.00435715,numbers,major_minor,all
5,29,3-3-3-3-2,57,0.00394218,numbers,major_minor,all
5,30,2-2-2-2-4,51,0.00352721,numbers,major_minor,all
5,31,2-3-2-2-1,51,0.00352721,numbers,major_minor,all
5,32,2-3-3-3-3,51,0.00352721,numbers,major_minor,all
5,33,2-4-3-2-2,49,0.00338889,numbers,major_minor,all
5,34,2-2-2-4-2,48,0.00331973,numbers,major_minor,all
5,35,3-3-3-2-3,48,0.00331973,numbers,major_minor,all
5,36,1-2-3-2-2,47,0.00325057,numbers,major_minor,all
5,37,4-2-2-2-2,47,0.00325057,numbers,major_minor,all
5,38,3-4-2-3-2,44,0.00304309,numbers,major_minor,all
5,39,2-2-4-2-2,42,0.00290477,numbers,major_minor,all
5,40,2-2-4-3-3,41,0.0028356,numbers,major_minor,all
5,41,4-2-3-2-3,41,0.0028356,numbers,major_minor,all
5,42,2-2-4-3-2,40,0.00276644,numbers,major_minor,all
5,43,3-2-2-1-3,40,0.00276644,numbers,major_minor,all
5,44,1-2-2-2-2,39,0.00269728,numbers,major_minor,all
5,45,3-3-3-3-3,38,0.00262812,numbers,major_minor,all
5,46,3-4-2-2-2,38,0.00262812,numbers,major_minor,all
5,47,3-1-2-2-2,37,0.00255896,numbers,major_minor,all
5,48,4-3-2-2-3,37,0.00255896,numbers,major_minor,all
5,49,2-2-2-4-3,36,0.0024898,numbers,major_minor,all
5,50,1-3-2-2-3,36,0.0024898,numbers,major_minor,all
6,1,2-2-2-2-2-2,79,0.0054641,numbers,major_minor,all
6,2,3-2-2-2-2-2,66,0.00456495,numbers,major_minor,all
6,3,2-2-3-2-2-2,58,0.00401162,numbers,major_minor,all
6,4,2-2-2-2-2-3,57,0.00394245,numbers,major_minor,all
6,5,2-3-2-2-2-2,55,0.00380412,numbers,major_minor,all
6,6,2-2-2-3-2-2,49,0.00338913,numbers,major_minor,all
6,7,3-2-3-3-2-3,48,0.00331996,numbers,major_minor,all
6,8,3-2-2-2-3-2,47,0.0032508,numbers,major_minor,all
6,9,2-3-3-2-3-2,46,0.00318163,numbers,major_minor,all
6,10,2-3-3-3-2-2,46,0.00318163,numbers,major_minor,all
6,11,3-2-2-3-2-2,44,0.0030433,numbers,major_minor,all
6,12,2-2-2-2-3-2,44,0.0030433,numbers,major_minor,all
6,13,2-3-3-2-2-2,41,0.0028358,numbers,major_minor,all
6,14,2-3-2-2-2-3,41,0.0028358,numbers,major_minor,all
6,15,2-2-2-3-2-3,41,0.0028358,numbers,major_minor,all
6,16,3-2-2-3-2-3,40,0.00276663,numbers,major_minor,all
6,17,3-3-2-3-2-2,39,0.00269747,numbers,major_minor,all
6,18,3-3-2-2-3-2,39,0.00269747,numbers,major_minor,all
6,19,3-2-3-2-2-2,37,0.00255914,numbers,major_minor,all
6,20,3-3-2-2-2-2,37,0.00255914,numbers,major_minor,all
6,21,2-2-3-3-2-2,37,0.00255914,numbers,major_minor,all
6,22,3-3-3-2-2-3,37,0.00255914,numbers,major_minor,all
6,23,2-2-3-3-3-2,35,0.00242081,numbers,major_minor,all
6,24,2-3-2-3-3-2,34,0.00235164,numbers,major_minor,all
6,25,2-2-3-2-3-3,34,0.00235164,numbers,major_minor,all
6,26,2-2-3-2-3-2,34,0.00235164,numbers,major_minor,all
6,27,2-3-2-3-2-2,33,0.00228247,numbers,major_minor,all
6,28,3-3-2-3-3-2,33,0.00228247,numbers,major_minor,all
6,29,2-3-2-2-3-2,33,0.00228247,numbers,major_minor,all
6,30,2-3-3-2-3-3,32,0.00221331,numbers,major_minor,all
6,31,2-2-3-2-2-3,32,0.00221331,numbers,major_minor,all
6,32,3-2-3-3-3-2,32,0.00221331,numbers,major_minor,all
6,33,2-3-2-3-3-3,31,0.00214414,numbers,major_minor,all
6,34,2-2-2-3-3-2,30,0.00207498,numbers,major_minor,all
6,35,2-2-2-2-3-3,30,0.00207498,numbers,major_minor,all
6,36,4-2-3-2-3-3,30,0.00207498,numbers,major_minor,all
6,37,3-3-3-2-2-2,30,0.00207498,numbers,major_minor,all
6,38,3-2-2-3-3-2,29,0.00200581,numbers,major_minor,all
6,39,3-2-2-2-3-3,29,0.00200581,numbers,major_minor,all
6,40,3-4-2-3-2-3,29,0.00200581,numbers,major_minor,all
6,41,2-2-2-3-3-3,29,0.00200581,numbers,major_minor,all
6,42,3-3-2-2-2-3,28,0.00193664,numbers,major_minor,all
6,43,2-3-3-2-2-3,28,0.00193664,numbers,major_minor,all
6,44,3-2-3-3-3-3,27,0.00186748,numbers,major_minor,all
6,45,1-2-3-2-2-2,27,0.00186748,numbers,major_minor,all
6,46,2-2-2-2-2-4,26,0.00179831,numbers,major_minor,all
6,47,3-3-2-2-3-3,26,0.00179831,numbers,major_minor,all
6,48,3-2-2-3-3-3,26,0.00179831,numbers,major_minor,all
6,49,3-2-3-2-3-3,25,0.00172915,numbers,major_minor,all
6,50,2-2-3-3-2-3,25,0.00172915,numbers,major_minor,all
