from_shape,to_shape,count,p_to_given_from,p_to_background,lift,null_mean,null_sd,z,empirical_p,empirical_p_tail,p_value_scope,book,level,shape_field,transition_accent_mode
P<=4_A5_C0,P<=4_A0-1_C0,25,0.11574074,0.05930202,1.95171665,12.836,3.40580416,3.57155,0.00796813,upper,screening_selected_transition,deuteronomy,minor,transition_bucket_shape,taam_events
P<=4_A0-1_C0,P5-6_A6-7_C0,26,0.11504425,0.061926,1.85776961,14.36,3.42187623,3.401643,0.00398406,upper,screening_selected_transition,deuteronomy,minor,transition_bucket_shape,taam_events
P<=4_A2_C0,P<=4_A4_C0,155,0.25876461,0.20939386,1.23577935,125.628,8.75053733,3.356594,0.00398406,upper,screening_selected_transition,deuteronomy,minor,transition_bucket_shape,taam_events
P<=4_A4_C0,P<=4_A0-1_C0,64,0.0802005,0.05930202,1.35240757,47.004,5.33270428,3.187126,0.00398406,upper,screening_selected_transition,deuteronomy,minor,transition_bucket_shape,taam_events
P<=4_A3_C0,P<=4_A4_C0,225,0.24064171,0.20939386,1.14923003,195.556,10.4681034,2.812735,0.01593625,upper,screening_selected_transition,deuteronomy,minor,transition_bucket_shape,taam_events
P13-15_A8+_C0,P<=4_A4_C0,3,0.75,0.20939386,3.58176692,0.836,0.77167736,2.804281,0.01992032,upper,screening_selected_transition,deuteronomy,minor,transition_bucket_shape,taam_events
P<=4_A0-1_C0,P5-6_A5_C0,25,0.11061947,0.06743637,1.64035329,15.328,3.57428567,2.705995,0.00796813,upper,screening_selected_transition,deuteronomy,minor,transition_bucket_shape,taam_events
P5-6_A5_C0,P<=4_A5_C0,24,0.09338521,0.05667804,1.64764375,14.792,3.6011957,2.556929,0.00796813,upper,screening_selected_transition,deuteronomy,minor,transition_bucket_shape,taam_events
P<=4_A4_C0,P7-9_A6-7_C0,38,0.04761905,0.03306219,1.44028723,26.612,4.77752604,2.38366,0.01195219,upper,screening_selected_transition,deuteronomy,minor,transition_bucket_shape,taam_events
P5-6_A6-7_C0,P7-9_A5_C0,4,0.01694915,0.00682236,2.48435463,1.524,1.05350057,2.35026,0.0438247,upper,screening_selected_transition,deuteronomy,minor,transition_bucket_shape,taam_events
P7-9_A6-7_C0,P<=4_A6-7_C0,3,0.02380952,0.00708475,3.36067019,0.944,0.92535893,2.221841,0.07968127,upper,screening_selected_transition,deuteronomy,minor,transition_bucket_shape,taam_events
P7-9_A5_C0,P5-6_A6-7_C0,4,0.15384615,0.061926,2.48435463,1.58,1.21056262,1.99907,0.07171315,upper,screening_selected_transition,deuteronomy,minor,transition_bucket_shape,taam_events
P<=4_A3_C0,P<=4_A3_C0,252,0.26951872,0.24560483,1.09736734,230.424,11.13355506,1.937925,0.02788845,upper,screening_selected_transition,deuteronomy,minor,transition_bucket_shape,taam_events
P5-6_A4_C0,P5-6_A4_C0,16,0.08080808,0.05195487,1.55535149,10.368,3.16109889,1.781659,0.07171315,upper,screening_selected_transition,deuteronomy,minor,transition_bucket_shape,taam_events
P5-6_A3_C0,P<=4_A5_C0,4,0.11764706,0.05667804,2.07570806,1.744,1.28883996,1.750411,0.07968127,upper,screening_selected_transition,deuteronomy,minor,transition_bucket_shape,taam_events
P10-12_A8+_C0,P5-6_A5_C0,6,0.13636364,0.06743637,2.02210824,3.108,1.6623446,1.739711,0.09561753,upper,screening_selected_transition,deuteronomy,minor,transition_bucket_shape,taam_events
P7-9_A8+_C0,P5-6_A4_C0,6,0.09090909,0.05195487,1.74977043,3.328,1.57682004,1.69455,0.09561753,upper,screening_selected_transition,deuteronomy,minor,transition_bucket_shape,taam_events
P<=4_A4_C0,P5-6_A5_C0,64,0.0802005,0.06743637,1.18927669,54.272,5.98911462,1.62428,0.06374502,upper,screening_selected_transition,deuteronomy,minor,transition_bucket_shape,taam_events
P<=4_A2_C0,P7-9_A8+_C0,15,0.02504174,0.01731829,1.44597056,10.612,2.7618776,1.588774,0.09561753,upper,screening_selected_transition,deuteronomy,minor,transition_bucket_shape,taam_events
P<=4_A6-7_C0,P<=4_A3_C0,10,0.37037037,0.24560483,1.50799304,6.516,2.22114338,1.568562,0.09163347,upper,screening_selected_transition,deuteronomy,minor,transition_bucket_shape,taam_events
P<=4_A5_C0,P7-9_A5_C0,3,0.01388889,0.00682236,2.0357906,1.412,1.04624784,1.517805,0.14741036,upper,screening_selected_transition,deuteronomy,minor,transition_bucket_shape,taam_events
P<=4_A2_C0,P<=4_A3_C0,160,0.26711185,0.24560483,1.0875676,146.528,8.99672051,1.497435,0.0876494,upper,screening_selected_transition,deuteronomy,minor,transition_bucket_shape,taam_events
P7-9_A5_C0,P<=4_A2_C0,7,0.26923077,0.1569142,1.71578338,4.044,2.01053051,1.470259,0.10358566,upper,screening_selected_transition,deuteronomy,minor,transition_bucket_shape,taam_events
P5-6_A5_C0,P5-6_A4_C0,18,0.07003891,0.05195487,1.34807216,13.272,3.32539456,1.421786,0.12749004,upper,screening_selected_transition,deuteronomy,minor,transition_bucket_shape,taam_events
P<=4_A6-7_C0,P<=4_A2_C0,7,0.25925926,0.1569142,1.65223585,4.324,1.88287143,1.421234,0.13545817,upper,screening_selected_transition,deuteronomy,minor,transition_bucket_shape,taam_events
P<=4_A0-1_C0,P5-6_A3_C0,4,0.01769912,0.00892154,1.98386257,2.068,1.36485432,1.415536,0.15537849,upper,screening_selected_transition,deuteronomy,minor,transition_bucket_shape,taam_events
P5-6_A4_C0,P7-9_A8+_C0,6,0.03030303,0.01731829,1.74977043,3.468,1.82820824,1.384963,0.13545817,upper,screening_selected_transition,deuteronomy,minor,transition_bucket_shape,taam_events
P7-9_A6-7_C0,P<=4_A3_C0,37,0.29365079,0.24560483,1.19562305,30.868,4.63123844,1.324052,0.09561753,upper,screening_selected_transition,deuteronomy,minor,transition_bucket_shape,taam_events
P<=4_A4_C0,P5-6_A8+_C0,3,0.0037594,0.00183679,2.04672395,1.524,1.12001865,1.317835,0.19920319,upper,screening_selected_transition,deuteronomy,minor,transition_bucket_shape,taam_events
P5-6_A3_C0,P5-6_A6-7_C0,4,0.11764706,0.061926,1.8998006,2.212,1.3938534,1.282775,0.15936255,upper,screening_selected_transition,deuteronomy,minor,transition_bucket_shape,taam_events
P5-6_A6-7_C0,P<=4_A2_C0,44,0.18644068,0.1569142,1.1881696,37.396,5.35854833,1.232423,0.12350598,upper,screening_selected_transition,deuteronomy,minor,transition_bucket_shape,taam_events
P<=4_A6-7_C0,P<=4_A0-1_C0,3,0.11111111,0.05930202,1.87364798,1.556,1.21191541,1.191502,0.20318725,upper,screening_selected_transition,deuteronomy,minor,transition_bucket_shape,taam_events
P5-6_A3_C0,P5-6_A5_C0,4,0.11764706,0.06743637,1.74456397,2.236,1.51707285,1.162766,0.19123506,upper,screening_selected_transition,deuteronomy,minor,transition_bucket_shape,taam_events
P5-6_A4_C0,P<=4_A2_C0,37,0.18686869,0.1569142,1.19089727,31.028,5.14715346,1.160253,0.14741036,upper,screening_selected_transition,deuteronomy,minor,transition_bucket_shape,taam_events
P<=4_A3_C0,P5-6_A3_C0,11,0.01176471,0.00892154,1.31868512,8.06,2.58362157,1.137938,0.13545817,upper,screening_selected_transition,deuteronomy,minor,transition_bucket_shape,taam_events
P<=4_A0-1_C0,P<=4_A6-7_C0,3,0.01327434,0.00708475,1.87364798,1.62,1.22047459,1.130708,0.21912351,upper,screening_selected_transition,deuteronomy,minor,transition_bucket_shape,taam_events
P7-9_A5_C0,P5-6_A5_C0,3,0.11538462,0.06743637,1.71101467,1.64,1.25406968,1.084469,0.23904382,upper,screening_selected_transition,deuteronomy,minor,transition_bucket_shape,taam_events
P5-6_A5_C0,P<=4_A2_C0,46,0.17898833,0.1569142,1.14067644,40.196,5.42987275,1.068902,0.16733068,upper,screening_selected_transition,deuteronomy,minor,transition_bucket_shape,taam_events
P5-6_A8+_C0,P<=4_A3_C0,3,0.42857143,0.24560483,1.74496337,1.736,1.18317523,1.068312,0.26294821,upper,screening_selected_transition,deuteronomy,minor,transition_bucket_shape,taam_events
P5-6_A6-7_C0,P<=4_A0-1_C0,17,0.0720339,0.05930202,1.21469552,13.612,3.29009955,1.029756,0.18326693,upper,screening_selected_transition,deuteronomy,minor,transition_bucket_shape,taam_events
P5-6_A5_C0,P7-9_A6-7_C0,11,0.04280156,0.03306219,1.29457723,8.504,2.54793089,0.979618,0.2310757,upper,screening_selected_transition,deuteronomy,minor,transition_bucket_shape,taam_events
P<=4_A0-1_C0,P5-6_A4_C0,15,0.06637168,0.05195487,1.27748726,11.876,3.20087588,0.975983,0.19920319,upper,screening_selected_transition,deuteronomy,minor,transition_bucket_shape,taam_events
P<=4_A5_C0,P5-6_A4_C0,14,0.06481481,0.05195487,1.24752151,11.128,2.95474841,0.971995,0.2310757,upper,screening_selected_transition,deuteronomy,minor,transition_bucket_shape,taam_events
P7-9_A6-7_C0,P7-9_A6-7_C0,6,0.04761905,0.03306219,1.44028723,4.072,2.03848909,0.945799,0.2310757,upper,screening_selected_transition,deuteronomy,minor,transition_bucket_shape,taam_events
P<=4_A4_C0,P<=4_A2_C0,134,0.1679198,0.1569142,1.07013772,125.412,9.63647772,0.891197,0.17131474,upper,screening_selected_transition,deuteronomy,minor,transition_bucket_shape,taam_events
P5-6_A5_C0,P5-6_A5_C0,20,0.07782101,0.06743637,1.15399173,16.832,3.70007272,0.856199,0.24302789,upper,screening_selected_transition,deuteronomy,minor,transition_bucket_shape,taam_events
P<=4_A2_C0,P10-12_A8+_C0,9,0.01502504,0.01154553,1.3013735,6.988,2.3618147,0.851887,0.27091633,upper,screening_selected_transition,deuteronomy,minor,transition_bucket_shape,taam_events
P5-6_A5_C0,P5-6_A6-7_C0,19,0.07392996,0.061926,1.19384357,15.984,3.64153637,0.828222,0.22310757,upper,screening_selected_transition,deuteronomy,minor,transition_bucket_shape,taam_events
P5-6_A3_C0,P<=4_A4_C0,9,0.26470588,0.20939386,1.26415303,7.104,2.29658031,0.825575,0.2749004,upper,screening_selected_transition,deuteronomy,minor,transition_bucket_shape,taam_events
P5-6_A6-7_C0,P10-12_A8+_C0,4,0.01694915,0.01154553,1.46802773,2.724,1.58298686,0.806071,0.29880478,upper,screening_selected_transition,deuteronomy,minor,transition_bucket_shape,taam_events
P5-6_A6-7_C0,P<=4_A3_C0,63,0.26694915,0.24560483,1.08690515,58.16,6.11982098,0.790873,0.26294821,upper,screening_selected_transition,deuteronomy,minor,transition_bucket_shape,taam_events
P<=4_A5_C0,P<=4_A5_C0,15,0.06944444,0.05667804,1.22524434,12.44,3.34351858,0.76566,0.25498008,upper,screening_selected_transition,deuteronomy,minor,transition_bucket_shape,taam_events
P<=4_A3_C0,P<=4_A5_C0,58,0.06203209,0.05667804,1.09446425,53.48,6.04547692,0.747666,0.25896414,upper,screening_selected_transition,deuteronomy,minor,transition_bucket_shape,taam_events
P7-9_A8+_C0,P5-6_A5_C0,6,0.09090909,0.06743637,1.34807216,4.532,1.98209252,0.740631,0.31474104,upper,screening_selected_transition,deuteronomy,minor,transition_bucket_shape,taam_events
P5-6_A5_C0,P<=4_A0-1_C0,18,0.07003891,0.05930202,1.18105437,15.288,3.80090034,0.713515,0.27888446,upper,screening_selected_transition,deuteronomy,minor,transition_bucket_shape,taam_events
P7-9_A6-7_C0,P<=4_A2_C0,23,0.18253968,0.1569142,1.16330891,20.084,4.31827907,0.675269,0.26294821,upper,screening_selected_transition,deuteronomy,minor,transition_bucket_shape,taam_events
P5-6_A4_C0,P<=4_A0-1_C0,14,0.07070707,0.05930202,1.19232144,11.916,3.30463712,0.630629,0.32270916,upper,screening_selected_transition,deuteronomy,minor,transition_bucket_shape,taam_events
P7-9_A8+_C0,P7-9_A6-7_C0,3,0.04545455,0.03306219,1.37481962,2.124,1.41301466,0.619951,0.35458167,upper,screening_selected_transition,deuteronomy,minor,transition_bucket_shape,taam_events
P<=4_A0-1_C0,P7-9_A6-7_C0,9,0.03982301,0.03306219,1.20448799,7.528,2.58378011,0.569708,0.3625498,upper,screening_selected_transition,deuteronomy,minor,transition_bucket_shape,taam_events
P7-9_A6-7_C0,P7-9_A8+_C0,3,0.02380952,0.01731829,1.37481962,2.208,1.39877169,0.566211,0.39442231,upper,screening_selected_transition,deuteronomy,minor,transition_bucket_shape,taam_events
P5-6_A4_C0,P5-6_A6-7_C0,14,0.07070707,0.061926,1.14179935,12.188,3.34145436,0.542279,0.31075697,upper,screening_selected_transition,deuteronomy,minor,transition_bucket_shape,taam_events
P10-12_A8+_C0,P5-6_A4_C0,3,0.06818182,0.05195487,1.31232782,2.22,1.49012816,0.523445,0.37450199,upper,screening_selected_transition,deuteronomy,minor,transition_bucket_shape,taam_events
P7-9_A8+_C0,P<=4_A2_C0,12,0.18181818,0.1569142,1.15871085,10.456,3.08254315,0.500885,0.33864542,upper,screening_selected_transition,deuteronomy,minor,transition_bucket_shape,taam_events
P<=4_A2_C0,P7-9_A5_C0,5,0.00834725,0.00682236,1.22351355,4.068,1.92619232,0.483856,0.3625498,upper,screening_selected_transition,deuteronomy,minor,transition_bucket_shape,taam_events
P7-9_A6-7_C0,P<=4_A5_C0,8,0.06349206,0.05667804,1.1202234,6.92,2.42675846,0.445038,0.40239044,upper,screening_selected_transition,deuteronomy,minor,transition_bucket_shape,taam_events
P7-9_A8+_C0,P<=4_A4_C0,15,0.22727273,0.20939386,1.08538391,13.684,3.16483946,0.415819,0.38247012,upper,screening_selected_transition,deuteronomy,minor,transition_bucket_shape,taam_events
P10-12_A8+_C0,P<=4_A4_C0,10,0.22727273,0.20939386,1.08538391,8.924,2.63857391,0.407796,0.39442231,upper,screening_selected_transition,deuteronomy,minor,transition_bucket_shape,taam_events
P5-6_A6-7_C0,P5-6_A5_C0,17,0.0720339,0.06743637,1.06817582,15.72,3.47475115,0.368372,0.38645418,upper,screening_selected_transition,deuteronomy,minor,transition_bucket_shape,taam_events
P<=4_A3_C0,P5-6_A6-7_C0,60,0.06417112,0.061926,1.03625487,57.96,6.30407531,0.3236,0.38247012,upper,screening_selected_transition,deuteronomy,minor,transition_bucket_shape,taam_events
P<=4_A4_C0,P7-9_A8+_C0,15,0.01879699,0.01731829,1.08538391,14.016,3.14312918,0.313064,0.4501992,upper,screening_selected_transition,deuteronomy,minor,transition_bucket_shape,taam_events
P<=4_A0-1_C0,P10-12_A8+_C0,3,0.01327434,0.01154553,1.14973854,2.56,1.43339404,0.306964,0.50199203,upper,screening_selected_transition,deuteronomy,minor,transition_bucket_shape,taam_events
P10-12_A8+_C0,P<=4_A0-1_C0,3,0.06818182,0.05930202,1.14973854,2.532,1.53701845,0.304486,0.47808765,upper,screening_selected_transition,deuteronomy,minor,transition_bucket_shape,taam_events
P<=4_A2_C0,P<=4_A6-7_C0,5,0.00834725,0.00708475,1.17819823,4.376,2.05218661,0.304066,0.46613546,upper,screening_selected_transition,deuteronomy,minor,transition_bucket_shape,taam_events
P5-6_A6-7_C0,P5-6_A4_C0,13,0.05508475,0.05195487,1.06024225,11.988,3.38492049,0.298973,0.43824701,upper,screening_selected_transition,deuteronomy,minor,transition_bucket_shape,taam_events
P<=4_A3_C0,P7-9_A5_C0,7,0.00748663,0.00682236,1.09736734,6.36,2.19857566,0.291098,0.48605578,upper,screening_selected_transition,deuteronomy,minor,transition_bucket_shape,taam_events
P<=4_A2_C0,P7-9_A6-7_C0,21,0.03505843,0.03306219,1.06037841,19.832,4.06223868,0.287526,0.41035857,upper,screening_selected_transition,deuteronomy,minor,transition_bucket_shape,taam_events
P<=4_A5_C0,P<=4_A2_C0,35,0.16203704,0.1569142,1.0326474,34.1,5.19982236,0.173083,0.47011952,upper,screening_selected_transition,deuteronomy,minor,transition_bucket_shape,taam_events
P<=4_A5_C0,P5-6_A6-7_C0,14,0.06481481,0.061926,1.0466494,13.5,3.34885942,0.149305,0.48207171,upper,screening_selected_transition,deuteronomy,minor,transition_bucket_shape,taam_events
P5-6_A4_C0,P<=4_A4_C0,42,0.21212121,0.20939386,1.01302499,41.444,5.54054642,0.100351,0.50199203,upper,screening_selected_transition,deuteronomy,minor,transition_bucket_shape,taam_events
P7-9_A6-7_C0,P<=4_A0-1_C0,8,0.06349206,0.05930202,1.07065599,7.752,2.8500856,0.087015,0.49800797,upper,screening_selected_transition,deuteronomy,minor,transition_bucket_shape,taam_events
P<=4_A0-1_C0,P<=4_A3_C0,56,0.24778761,0.24560483,1.00888738,55.508,6.20353701,0.07931,0.50996016,upper,screening_selected_transition,deuteronomy,minor,transition_bucket_shape,taam_events
P10-12_A8+_C0,P<=4_A3_C0,11,0.25,0.24560483,1.0178953,10.86,2.71844806,0.0515,0.53784861,upper,screening_selected_transition,deuteronomy,minor,transition_bucket_shape,taam_events
P<=4_A2_C0,P<=4_A5_C0,34,0.05676127,0.05667804,1.0014685,33.904,5.48370935,0.017506,0.50199203,upper,screening_selected_transition,deuteronomy,minor,transition_bucket_shape,taam_events
P<=4_A4_C0,P10-12_A8+_C0,9,0.0112782,0.01154553,0.97684552,9.124,2.57666077,-0.048124,0.57768924,upper,screening_selected_transition,deuteronomy,minor,transition_bucket_shape,taam_events
P10-12_A8+_C0,P<=4_A2_C0,7,0.15909091,0.1569142,1.013872,7.208,2.49109579,-0.083497,0.60557769,upper,screening_selected_transition,deuteronomy,minor,transition_bucket_shape,taam_events
P<=4_A2_C0,P5-6_A4_C0,31,0.05175292,0.05195487,0.99611305,31.596,5.06987163,-0.117557,0.57768924,upper,screening_selected_transition,deuteronomy,minor,transition_bucket_shape,taam_events
P<=4_A4_C0,P<=4_A4_C0,166,0.20802005,0.20939386,0.99343911,167.176,9.85726568,-0.119303,0.59760956,upper,screening_selected_transition,deuteronomy,minor,transition_bucket_shape,taam_events
P5-6_A5_C0,P7-9_A8+_C0,4,0.0155642,0.01731829,0.89871477,4.492,2.04810031,-0.240223,0.66533865,upper,screening_selected_transition,deuteronomy,minor,transition_bucket_shape,taam_events
P<=4_A2_C0,P5-6_A3_C0,5,0.00834725,0.00892154,0.93562801,5.512,2.12884568,-0.240506,0.66932271,upper,screening_selected_transition,deuteronomy,minor,transition_bucket_shape,taam_events
P5-6_A6-7_C0,P7-9_A6-7_C0,7,0.02966102,0.03306219,0.89712806,7.724,2.92060675,-0.247894,0.62151394,upper,screening_selected_transition,deuteronomy,minor,transition_bucket_shape,taam_events
P<=4_A3_C0,P7-9_A8+_C0,15,0.01604278,0.01731829,0.92634905,15.844,3.33227855,-0.25328,0.67330677,upper,screening_selected_transition,deuteronomy,minor,transition_bucket_shape,taam_events
P<=4_A4_C0,P7-9_A5_C0,5,0.00626566,0.00682236,0.91840177,5.596,2.18446137,-0.272836,0.68924303,upper,screening_selected_transition,deuteronomy,minor,transition_bucket_shape,taam_events
P<=4_A4_C0,P<=4_A6-7_C0,5,0.00626566,0.00708475,0.88438689,5.616,2.09717347,-0.293729,0.6812749,upper,screening_selected_transition,deuteronomy,minor,transition_bucket_shape,taam_events
P<=4_A3_C0,P10-12_A8+_C0,10,0.01069519,0.01154553,0.92634905,10.816,2.72393526,-0.299567,0.65737052,upper,screening_selected_transition,deuteronomy,minor,transition_bucket_shape,taam_events
P<=4_A5_C0,P<=4_A3_C0,51,0.23611111,0.24560483,0.96134556,52.864,6.09541799,-0.305803,0.61752988,upper,screening_selected_transition,deuteronomy,minor,transition_bucket_shape,taam_events
P5-6_A4_C0,P7-9_A6-7_C0,6,0.03030303,0.03306219,0.91654642,6.756,2.36109361,-0.320191,0.6812749,upper,screening_selected_transition,deuteronomy,minor,transition_bucket_shape,taam_events
P7-9_A8+_C0,P<=4_A5_C0,3,0.04545455,0.05667804,0.80197811,3.6,1.86276126,-0.322102,0.72908367,upper,screening_selected_transition,deuteronomy,minor,transition_bucket_shape,taam_events
P5-6_A4_C0,P<=4_A5_C0,10,0.05050505,0.05667804,0.89108679,11.072,3.09858369,-0.345965,0.68525896,upper,screening_selected_transition,deuteronomy,minor,transition_bucket_shape,taam_events
P<=4_A4_C0,P5-6_A3_C0,6,0.0075188,0.00892154,0.84276869,6.852,2.35888817,-0.361187,0.67729084,upper,screening_selected_transition,deuteronomy,minor,transition_bucket_shape,taam_events
P<=4_A0-1_C0,P<=4_A2_C0,33,0.1460177,0.1569142,0.93055761,35.144,5.55975788,-0.385628,0.69322709,upper,screening_selected_transition,deuteronomy,minor,transition_bucket_shape,taam_events
P5-6_A6-7_C0,P7-9_A8+_C0,3,0.01271186,0.01731829,0.73401387,4.032,1.91982262,-0.53755,0.80079681,upper,screening_selected_transition,deuteronomy,minor,transition_bucket_shape,taam_events
P<=4_A0-1_C0,P<=4_A5_C0,11,0.04867257,0.05667804,0.85875533,12.772,3.17748353,-0.557674,0.76494024,upper,screening_selected_transition,deuteronomy,minor,transition_bucket_shape,taam_events
P7-9_A8+_C0,P<=4_A0-1_C0,3,0.04545455,0.05930202,0.76649236,4.124,1.93172208,-0.581864,0.78087649,upper,screening_selected_transition,deuteronomy,minor,transition_bucket_shape,taam_events
P5-6_A3_C0,P<=4_A3_C0,7,0.20588235,0.24560483,0.83826672,8.536,2.53662015,-0.60553,0.78486056,upper,screening_selected_transition,deuteronomy,minor,transition_bucket_shape,taam_events
P7-9_A8+_C0,P5-6_A6-7_C0,3,0.04545455,0.061926,0.73401387,4.148,1.82301661,-0.629725,0.78884462,upper,screening_selected_transition,deuteronomy,minor,transition_bucket_shape,taam_events
P<=4_A5_C0,P5-6_A5_C0,12,0.05555556,0.06743637,0.82382188,14.46,3.78227742,-0.650402,0.77290837,upper,screening_selected_transition,deuteronomy,minor,transition_bucket_shape,taam_events
P5-6_A6-7_C0,P5-6_A6-7_C0,12,0.05084746,0.061926,0.82110026,14.692,3.38748227,-0.794691,0.82071713,upper,screening_selected_transition,deuteronomy,minor,transition_bucket_shape,taam_events
P5-6_A6-7_C0,P<=4_A5_C0,11,0.04661017,0.05667804,0.82236739,13.668,3.34222349,-0.798271,0.83266932,upper,screening_selected_transition,deuteronomy,minor,transition_bucket_shape,taam_events
P<=4_A2_C0,P5-6_A5_C0,36,0.06010017,0.06743637,0.89121298,40.296,5.10378079,-0.841729,0.83266932,upper,screening_selected_transition,deuteronomy,minor,transition_bucket_shape,taam_events
P<=4_A3_C0,P<=4_A2_C0,138,0.14759358,0.1569142,0.94060058,146.44,9.62877214,-0.87654,0.81673307,upper,screening_selected_transition,deuteronomy,minor,transition_bucket_shape,taam_events
P<=4_A3_C0,P5-6_A4_C0,43,0.0459893,0.05195487,0.88517798,48.732,6.0722041,-0.943974,0.84462151,upper,screening_selected_transition,deuteronomy,minor,transition_bucket_shape,taam_events
P7-9_A6-7_C0,P5-6_A6-7_C0,5,0.03968254,0.061926,0.64080576,7.672,2.78197295,-0.960469,0.88446215,upper,screening_selected_transition,deuteronomy,minor,transition_bucket_shape,taam_events
P7-9_A5_C0,P<=4_A3_C0,4,0.15384615,0.24560483,0.62639711,6.208,2.28772172,-0.965152,0.89641434,upper,screening_selected_transition,deuteronomy,minor,transition_bucket_shape,taam_events
P<=4_A4_C0,P5-6_A6-7_C0,43,0.05388471,0.061926,0.87014677,49.1,6.11683437,-0.997248,0.88047809,upper,screening_selected_transition,deuteronomy,minor,transition_bucket_shape,taam_events
P<=4_A2_C0,P5-6_A6-7_C0,31,0.05175292,0.061926,0.83572197,36.568,5.2569877,-1.059162,0.87250996,upper,screening_selected_transition,deuteronomy,minor,transition_bucket_shape,taam_events
P7-9_A6-7_C0,P5-6_A4_C0,4,0.03174603,0.05195487,0.61103094,6.552,2.40299679,-1.062007,0.89243028,upper,screening_selected_transition,deuteronomy,minor,transition_bucket_shape,taam_events
P<=4_A5_C0,P7-9_A6-7_C0,4,0.01851852,0.03306219,0.5601117,6.964,2.46149137,-1.204148,0.92430279,upper,screening_selected_transition,deuteronomy,minor,transition_bucket_shape,taam_events
P7-9_A6-7_C0,P5-6_A5_C0,5,0.03968254,0.06743637,0.5884442,8.548,2.84677229,-1.246324,0.92828685,upper,screening_selected_transition,deuteronomy,minor,transition_bucket_shape,taam_events
P7-9_A8+_C0,P<=4_A3_C0,12,0.18181818,0.24560483,0.74028749,16.256,3.30972523,-1.285907,0.94820717,upper,screening_selected_transition,deuteronomy,minor,transition_bucket_shape,taam_events
P<=4_A4_C0,P<=4_A3_C0,182,0.22807018,0.24560483,0.92860624,196.052,10.79683205,-1.301493,0.92430279,upper,screening_selected_transition,deuteronomy,minor,transition_bucket_shape,taam_events
P7-9_A6-7_C0,P<=4_A4_C0,20,0.15873016,0.20939386,0.75804591,26.192,4.27882805,-1.447125,0.94422311,upper,screening_selected_transition,deuteronomy,minor,transition_bucket_shape,taam_events
P5-6_A4_C0,P5-6_A5_C0,8,0.04040404,0.06743637,0.59914318,13.628,3.61634176,-1.556269,0.96414343,upper,screening_selected_transition,deuteronomy,minor,transition_bucket_shape,taam_events
P<=4_A3_C0,P<=4_A0-1_C0,46,0.04919786,0.05930202,0.82961526,55.868,6.02626247,-1.637499,0.9561753,upper,screening_selected_transition,deuteronomy,minor,transition_bucket_shape,taam_events
P5-6_A4_C0,P<=4_A3_C0,38,0.19191919,0.24560483,0.78141457,48.008,5.7894739,-1.728654,0.96812749,upper,screening_selected_transition,deuteronomy,minor,transition_bucket_shape,taam_events
P<=4_A3_C0,P<=4_A6-7_C0,3,0.00320856,0.00708475,0.45288176,6.744,2.11289405,-1.771977,0.98406375,upper,screening_selected_transition,deuteronomy,minor,transition_bucket_shape,taam_events
P<=4_A5_C0,P<=4_A4_C0,34,0.15740741,0.20939386,0.75172886,45.216,5.79237,-1.93634,0.98406375,upper,screening_selected_transition,deuteronomy,minor,transition_bucket_shape,taam_events
P<=4_A4_C0,P5-6_A4_C0,30,0.03759398,0.05195487,0.72358928,41.364,5.57816886,-2.037228,0.98804781,upper,screening_selected_transition,deuteronomy,minor,transition_bucket_shape,taam_events
P5-6_A5_C0,P<=4_A4_C0,41,0.15953307,0.20939386,0.76188038,53.972,6.27636735,-2.066801,0.98007968,upper,screening_selected_transition,deuteronomy,minor,transition_bucket_shape,taam_events
P<=4_A4_C0,P<=4_A5_C0,33,0.04135338,0.05667804,0.72961919,44.732,5.65935413,-2.073028,0.97609562,upper,screening_selected_transition,deuteronomy,minor,transition_bucket_shape,taam_events
P5-6_A6-7_C0,P<=4_A4_C0,36,0.15254237,0.20939386,0.72849497,49.428,6.09997169,-2.201322,0.99203187,upper,screening_selected_transition,deuteronomy,minor,transition_bucket_shape,taam_events
P<=4_A0-1_C0,P<=4_A4_C0,34,0.15044248,0.20939386,0.71846652,47.2,5.84402348,-2.258718,0.99601594,upper,screening_selected_transition,deuteronomy,minor,transition_bucket_shape,taam_events
P5-6_A5_C0,P<=4_A3_C0,48,0.18677043,0.24560483,0.76045096,63.108,6.46152779,-2.338147,0.99601594,upper,screening_selected_transition,deuteronomy,minor,transition_bucket_shape,taam_events
P<=4_A3_C0,P5-6_A5_C0,48,0.0513369,0.06743637,0.76126428,63.196,6.35982496,-2.389374,0.99203187,upper,screening_selected_transition,deuteronomy,minor,transition_bucket_shape,taam_events
P<=4_A2_C0,P<=4_A2_C0,72,0.12020033,0.1569142,0.76602587,94.204,8.32729002,-2.666414,0.99601594,upper,screening_selected_transition,deuteronomy,minor,transition_bucket_shape,taam_events
P<=4_A0-1_C0,P<=4_A0-1_C0,4,0.01769912,0.05930202,0.2984572,13.296,3.10854245,-2.990469,1.0,upper,screening_selected_transition,deuteronomy,minor,transition_bucket_shape,taam_events
P<=4_A3_C0,P7-9_A6-7_C0,17,0.01818182,0.03306219,0.54992785,30.668,4.54846459,-3.00497,1.0,upper,screening_selected_transition,deuteronomy,minor,transition_bucket_shape,taam_events
P<=4_A2_C0,P<=4_A0-1_C0,16,0.02671119,0.05930202,0.45042623,35.048,5.56358787,-3.42369,1.0,upper,screening_selected_transition,deuteronomy,minor,transition_bucket_shape,taam_events
P4_A2_C0,P4_A4_C0,7,0.41176471,0.09761218,4.21837445,1.54,1.10147765,4.956978,0.00398406,upper,screening_selected_transition,deuteronomy,minor,transition_exact_shape,taam_events
P4_A5_C0,P2_A4_C0,6,0.03468208,0.00760955,4.55770381,1.148,1.0403969,4.663605,0.00398406,upper,screening_selected_transition,deuteronomy,minor,transition_exact_shape,taam_events
P3_A4_C0,P9_A7_C0,5,0.01259446,0.00262398,4.79974811,1.08,0.95353917,4.111,0.00398406,upper,screening_selected_transition,deuteronomy,minor,transition_exact_shape,taam_events
P3_A4_C0,P8_A7_C0,9,0.02267003,0.00655996,3.45581864,2.82,1.50354334,4.110291,0.00398406,upper,screening_selected_transition,deuteronomy,minor,transition_exact_shape,taam_events
P3_A3_C0,P3_A4_C0,79,0.143898,0.10417213,1.38134827,57.296,6.37770212,3.403107,0.00398406,upper,screening_selected_transition,deuteronomy,minor,transition_exact_shape,taam_events
P4_A3_C0,P2_A1_C0,7,0.03240741,0.01049593,3.08761574,2.328,1.47141983,3.175165,0.00796813,upper,screening_selected_transition,deuteronomy,minor,transition_exact_shape,taam_events
P3_A4_C0,P5_A5_C0,30,0.07556675,0.04775649,1.58233454,18.832,3.861531,2.892117,0.00398406,upper,screening_selected_transition,deuteronomy,minor,transition_exact_shape,taam_events
P2_A3_C0,P2_A3_C0,15,0.08823529,0.04460771,1.97802768,7.368,2.76680263,2.758419,0.01195219,upper,screening_selected_transition,deuteronomy,minor,transition_exact_shape,taam_events
P5_A6_C0,P6_A6_C0,6,0.06666667,0.02387825,2.79194139,2.172,1.39650165,2.741135,0.02788845,upper,screening_selected_transition,deuteronomy,minor,transition_exact_shape,taam_events
P1_A2_C0,P3_A4_C0,11,0.21153846,0.10417213,2.03066266,5.132,2.15339836,2.724995,0.01593625,upper,screening_selected_transition,deuteronomy,minor,transition_exact_shape,taam_events
P2_A2_C0,P2_A3_C0,30,0.07159905,0.04460771,1.60508213,18.532,4.21426341,2.721235,0.01195219,upper,screening_selected_transition,deuteronomy,minor,transition_exact_shape,taam_events
P3_A2_C0,P3_A4_C0,20,0.18018018,0.10417213,1.72963896,11.688,3.10309083,2.67862,0.01195219,upper,screening_selected_transition,deuteronomy,minor,transition_exact_shape,taam_events
P3_A2_C0,P3_A3_C0,25,0.22522523,0.14431908,1.56060606,15.724,3.65365856,2.538825,0.01593625,upper,screening_selected_transition,deuteronomy,minor,transition_exact_shape,taam_events
P1_A1_C0,P6_A5_C0,8,0.04324324,0.01967987,2.19733333,3.42,1.81127659,2.528603,0.01593625,upper,screening_selected_transition,deuteronomy,minor,transition_exact_shape,taam_events
P4_A3_C0,P4_A3_C0,21,0.09722222,0.05667804,1.71534208,12.64,3.38054913,2.472971,0.01992032,upper,screening_selected_transition,deuteronomy,minor,transition_exact_shape,taam_events
P5_A6_C0,P6_A5_C0,5,0.05555556,0.01967987,2.82296296,1.764,1.34593841,2.40427,0.02788845,upper,screening_selected_transition,deuteronomy,minor,transition_exact_shape,taam_events
P4_A4_C0,P5_A6_C0,15,0.04032258,0.02361585,1.70743728,8.684,2.68121234,2.355651,0.02788845,upper,screening_selected_transition,deuteronomy,minor,transition_exact_shape,taam_events
P5_A6_C0,P1_A1_C0,9,0.1,0.04854369,2.06,4.236,2.02700246,2.350268,0.03187251,upper,screening_selected_transition,deuteronomy,minor,transition_exact_shape,taam_events
P3_A5_C0,P1_A1_C0,5,0.13157895,0.04854369,2.71052632,1.808,1.36329391,2.341388,0.0438247,upper,screening_selected_transition,deuteronomy,minor,transition_exact_shape,taam_events
P4_A5_C0,P1_A1_C0,15,0.0867052,0.04854369,1.78612717,8.388,2.84778784,2.321802,0.01992032,upper,screening_selected_transition,deuteronomy,minor,transition_exact_shape,taam_events
P4_A5_C0,P2_A1_C0,5,0.02890173,0.01049593,2.75361272,1.868,1.36013819,2.302707,0.03585657,upper,screening_selected_transition,deuteronomy,minor,transition_exact_shape,taam_events
P5_A5_C0,P4_A5_C0,15,0.08241758,0.04539491,1.81556882,8.26,2.97789716,2.263342,0.04780876,upper,screening_selected_transition,deuteronomy,minor,transition_exact_shape,taam_events
P4_A5_C0,P3_A2_C0,10,0.05780347,0.02912621,1.98458574,5.1,2.1699851,2.25808,0.03585657,upper,screening_selected_transition,deuteronomy,minor,transition_exact_shape,taam_events
P6_A4_C0,P4_A4_C0,5,0.23809524,0.09761218,2.43919611,1.996,1.33382923,2.252162,0.05179283,upper,screening_selected_transition,deuteronomy,minor,transition_exact_shape,taam_events
P6_A6_C0,P4_A3_C0,10,0.10989011,0.05667804,1.93884819,5.2,2.15093143,2.231591,0.01992032,upper,screening_selected_transition,deuteronomy,minor,transition_exact_shape,taam_events
P7_A7_C0,P4_A3_C0,6,0.125,0.05667804,2.20543981,2.784,1.49206199,2.155406,0.03187251,upper,screening_selected_transition,deuteronomy,minor,transition_exact_shape,taam_events
P3_A4_C0,P1_A1_C0,28,0.07052897,0.04854369,1.45289673,19.376,4.08772086,2.109733,0.03585657,upper,screening_selected_transition,deuteronomy,minor,transition_exact_shape,taam_events
P6_A7_C0,P2_A2_C0,9,0.20930233,0.1096825,1.90825637,4.676,2.05032665,2.108932,0.04780876,upper,screening_selected_transition,deuteronomy,minor,transition_exact_shape,taam_events
P3_A3_C0,P2_A3_C0,34,0.06193078,0.04460771,1.38834244,24.352,4.58609037,2.103753,0.03984064,upper,screening_selected_transition,deuteronomy,minor,transition_exact_shape,taam_events
P4_A4_C0,P1_A1_C0,25,0.0672043,0.04854369,1.3844086,17.688,3.80005496,1.924183,0.0438247,upper,screening_selected_transition,deuteronomy,minor,transition_exact_shape,taam_events
P5_A5_C0,P7_A6_C0,4,0.02197802,0.00839675,2.61744505,1.692,1.21451066,1.900354,0.0876494,upper,screening_selected_transition,deuteronomy,minor,transition_exact_shape,taam_events
P1_A2_C0,P4_A3_C0,6,0.11538462,0.05667804,2.0357906,3.044,1.62376428,1.820461,0.06772908,upper,screening_selected_transition,deuteronomy,minor,transition_exact_shape,taam_events
P5_A4_C0,P1_A2_C0,5,0.02824859,0.01364471,2.07029552,2.38,1.4765911,1.774357,0.07968127,upper,screening_selected_transition,deuteronomy,minor,transition_exact_shape,taam_events
P2_A2_C0,P9_A8_C0,4,0.00954654,0.00393597,2.42545744,1.752,1.27159894,1.767853,0.09960159,upper,screening_selected_transition,deuteronomy,minor,transition_exact_shape,taam_events
P1_A1_C0,P3_A3_C0,35,0.18918919,0.14431908,1.31090909,26.752,4.72310564,1.746309,0.05179283,upper,screening_selected_transition,deuteronomy,minor,transition_exact_shape,taam_events
P1_A1_C0,P6_A6_C0,8,0.04324324,0.02387825,1.81098901,4.504,2.10992682,1.65693,0.09561753,upper,screening_selected_transition,deuteronomy,minor,transition_exact_shape,taam_events
P5_A3_C0,P4_A4_C0,6,0.17647059,0.09761218,1.80787476,3.368,1.60839165,1.636417,0.12350598,upper,screening_selected_transition,deuteronomy,minor,transition_exact_shape,taam_events
P3_A3_C0,P3_A5_C0,9,0.01639344,0.00997114,1.64408973,5.48,2.1550352,1.633384,0.09960159,upper,screening_selected_transition,deuteronomy,minor,transition_exact_shape,taam_events
P4_A4_C0,P5_A3_C0,6,0.01612903,0.00892154,1.80787476,3.112,1.80011602,1.604341,0.10756972,upper,screening_selected_transition,deuteronomy,minor,transition_exact_shape,taam_events
P4_A4_C0,P7_A6_C0,6,0.01612903,0.00839675,1.92086694,3.208,1.7575814,1.588547,0.09561753,upper,screening_selected_transition,deuteronomy,minor,transition_exact_shape,taam_events
P2_A2_C0,P3_A4_C0,54,0.12887828,0.10417213,1.23716658,43.964,6.34125778,1.582651,0.07171315,upper,screening_selected_transition,deuteronomy,minor,transition_exact_shape,taam_events
P5_A4_C0,P6_A7_C0,4,0.02259887,0.01128313,2.00289055,1.984,1.28933843,1.563593,0.12749004,upper,screening_selected_transition,deuteronomy,minor,transition_exact_shape,taam_events
P7_A7_C0,P1_A1_C0,5,0.10416667,0.04854369,2.14583333,2.452,1.63781125,1.555735,0.12749004,upper,screening_selected_transition,deuteronomy,minor,transition_exact_shape,taam_events
P2_A3_C0,P6_A6_C0,7,0.04117647,0.02387825,1.72443439,3.836,2.05377114,1.540581,0.09960159,upper,screening_selected_transition,deuteronomy,minor,transition_exact_shape,taam_events
P5_A5_C0,P6_A6_C0,7,0.03846154,0.02387825,1.61073542,4.152,1.86730913,1.525189,0.09163347,upper,screening_selected_transition,deuteronomy,minor,transition_exact_shape,taam_events
P5_A4_C0,P1_A1_C0,13,0.07344633,0.04854369,1.51299435,8.716,2.84318109,1.506763,0.11155378,upper,screening_selected_transition,deuteronomy,minor,transition_exact_shape,taam_events
P6_A5_C0,P5_A4_C0,6,0.08,0.0464445,1.72248588,3.376,1.79317761,1.463324,0.11952191,upper,screening_selected_transition,deuteronomy,minor,transition_exact_shape,taam_events
P1_A1_C0,P5_A5_C0,13,0.07027027,0.04775649,1.47142857,9.216,2.69637269,1.403367,0.10756972,upper,screening_selected_transition,deuteronomy,minor,transition_exact_shape,taam_events
P4_A3_C0,P5_A6_C0,8,0.03703704,0.02361585,1.56831276,5.164,2.06741404,1.371762,0.13944223,upper,screening_selected_transition,deuteronomy,minor,transition_exact_shape,taam_events
P3_A3_C0,P3_A3_C0,89,0.16211293,0.14431908,1.12329525,79.264,7.22683976,1.3472,0.09960159,upper,screening_selected_transition,deuteronomy,minor,transition_exact_shape,taam_events
P2_A2_C0,P4_A5_C0,24,0.05727924,0.04539491,1.26179867,18.604,4.02890959,1.33932,0.09960159,upper,screening_selected_transition,deuteronomy,minor,transition_exact_shape,taam_events
P2_A3_C0,P4_A4_C0,22,0.12941176,0.09761218,1.32577483,16.936,3.84069104,1.318513,0.1314741,upper,screening_selected_transition,deuteronomy,minor,transition_exact_shape,taam_events
P3_A4_C0,P6_A6_C0,13,0.03274559,0.02387825,1.3713566,9.232,2.93472767,1.283935,0.13944223,upper,screening_selected_transition,deuteronomy,minor,transition_exact_shape,taam_events
P1_A1_C0,P4_A3_C0,14,0.07567568,0.05667804,1.33518519,10.388,2.88422103,1.252331,0.13944223,upper,screening_selected_transition,deuteronomy,minor,transition_exact_shape,taam_events
P7_A7_C0,P2_A2_C0,8,0.16666667,0.1096825,1.51953748,5.132,2.29775864,1.248173,0.16334661,upper,screening_selected_transition,deuteronomy,minor,transition_exact_shape,taam_events
P3_A2_C0,P5_A4_C0,8,0.07207207,0.0464445,1.55178908,5.348,2.16091978,1.227255,0.14342629,upper,screening_selected_transition,deuteronomy,minor,transition_exact_shape,taam_events
P1_A1_C0,P5_A6_C0,7,0.03783784,0.02361585,1.60222222,4.48,2.05389238,1.226939,0.15537849,upper,screening_selected_transition,deuteronomy,minor,transition_exact_shape,taam_events
P4_A5_C0,P4_A3_C0,13,0.07514451,0.05667804,1.32581353,9.512,2.88359437,1.209601,0.14741036,upper,screening_selected_transition,deuteronomy,minor,transition_exact_shape,taam_events
P2_A1_C0,P4_A3_C0,4,0.1,0.05667804,1.76435185,2.248,1.44875518,1.209314,0.20318725,upper,screening_selected_transition,deuteronomy,minor,transition_exact_shape,taam_events
P4_A5_C0,P5_A4_C0,11,0.06358382,0.0464445,1.36902779,7.908,2.56081375,1.207429,0.15537849,upper,screening_selected_transition,deuteronomy,minor,transition_exact_shape,taam_events
P5_A4_C0,P3_A4_C0,23,0.1299435,0.10417213,1.24739216,18.448,3.89099671,1.16988,0.16733068,upper,screening_selected_transition,deuteronomy,minor,transition_exact_shape,taam_events
P1_A2_C0,P3_A3_C0,10,0.19230769,0.14431908,1.33251748,7.236,2.4974493,1.106729,0.187251,upper,screening_selected_transition,deuteronomy,minor,transition_exact_shape,taam_events
P2_A2_C0,P2_A4_C0,5,0.01193317,0.00760955,1.56818369,3.188,1.66726576,1.086809,0.21912351,upper,screening_selected_transition,deuteronomy,minor,transition_exact_shape,taam_events
P4_A3_C0,P4_A5_C0,13,0.06018519,0.04539491,1.32581353,9.916,2.94066899,1.048741,0.18326693,upper,screening_selected_transition,deuteronomy,minor,transition_exact_shape,taam_events
P3_A4_C0,P2_A1_C0,6,0.01511335,0.01049593,1.43992443,4.08,1.89312856,1.014194,0.23904382,upper,screening_selected_transition,deuteronomy,minor,transition_exact_shape,taam_events
P2_A3_C0,P1_A2_C0,4,0.02352941,0.01364471,1.72443439,2.52,1.49214812,0.991859,0.23904382,upper,screening_selected_transition,deuteronomy,minor,transition_exact_shape,taam_events
P3_A4_C0,P2_A2_C0,49,0.12342569,0.1096825,1.1252998,43.168,5.95125582,0.979961,0.19123506,upper,screening_selected_transition,deuteronomy,minor,transition_exact_shape,taam_events
P5_A6_C0,P5_A4_C0,6,0.06666667,0.0464445,1.4354049,4.092,1.97055025,0.968257,0.2310757,upper,screening_selected_transition,deuteronomy,minor,transition_exact_shape,taam_events
P5_A5_C0,P2_A2_C0,24,0.13186813,0.1096825,1.20227141,20.16,4.01483194,0.956453,0.21513944,upper,screening_selected_transition,deuteronomy,minor,transition_exact_shape,taam_events
P5_A5_C0,P5_A5_C0,11,0.06043956,0.04775649,1.26557783,8.404,2.79428275,0.92904,0.22709163,upper,screening_selected_transition,deuteronomy,minor,transition_exact_shape,taam_events
P6_A5_C0,P2_A3_C0,5,0.06666667,0.04460771,1.4945098,3.436,1.76930091,0.883965,0.25099602,upper,screening_selected_transition,deuteronomy,minor,transition_exact_shape,taam_events
P3_A3_C0,P4_A5_C0,29,0.05282332,0.04539491,1.16363962,25.24,4.27545531,0.879438,0.21513944,upper,screening_selected_transition,deuteronomy,minor,transition_exact_shape,taam_events
P3_A4_C0,P6_A5_C0,10,0.02518892,0.01967987,1.27993283,7.9,2.54320103,0.825731,0.2749004,upper,screening_selected_transition,deuteronomy,minor,transition_exact_shape,taam_events
P5_A6_C0,P4_A3_C0,7,0.07777778,0.05667804,1.37227366,5.204,2.21585742,0.810521,0.30278884,upper,screening_selected_transition,deuteronomy,minor,transition_exact_shape,taam_events
P3_A5_C0,P4_A4_C0,5,0.13157895,0.09761218,1.3479768,3.596,1.77916997,0.789132,0.2749004,upper,screening_selected_transition,deuteronomy,minor,transition_exact_shape,taam_events
P4_A4_C0,P2_A2_C0,46,0.12365591,0.1096825,1.12739878,41.088,6.25882959,0.784811,0.22709163,upper,screening_selected_transition,deuteronomy,minor,transition_exact_shape,taam_events
P2_A2_C0,P7_A7_C0,7,0.01670644,0.01259512,1.32642204,5.324,2.19414702,0.76385,0.28286853,upper,screening_selected_transition,deuteronomy,minor,transition_exact_shape,taam_events
P3_A3_C0,P6_A7_C0,8,0.01457195,0.01128313,1.29148134,6.248,2.41033918,0.726869,0.27888446,upper,screening_selected_transition,deuteronomy,minor,transition_exact_shape,taam_events
P2_A4_C0,P4_A4_C0,4,0.13793103,0.09761218,1.41305154,2.852,1.59255799,0.720853,0.33067729,upper,screening_selected_transition,deuteronomy,minor,transition_exact_shape,taam_events
P4_A3_C0,P3_A2_C0,8,0.03703704,0.02912621,1.27160494,6.256,2.44917493,0.712077,0.29880478,upper,screening_selected_transition,deuteronomy,minor,transition_exact_shape,taam_events
P6_A5_C0,P4_A5_C0,5,0.06666667,0.04539491,1.46859345,3.648,1.902254,0.710736,0.29880478,upper,screening_selected_transition,deuteronomy,minor,transition_exact_shape,taam_events
P2_A2_C0,P6_A5_C0,10,0.02386635,0.01967987,1.21272872,8.172,2.58789583,0.706365,0.24701195,upper,screening_selected_transition,deuteronomy,minor,transition_exact_shape,taam_events
P1_A1_C0,P2_A2_C0,23,0.12432432,0.1096825,1.13349282,20.196,4.00270792,0.700526,0.2749004,upper,screening_selected_transition,deuteronomy,minor,transition_exact_shape,taam_events
P3_A4_C0,P3_A3_C0,62,0.15617128,0.14431908,1.08212503,57.54,6.38965655,0.698003,0.25099602,upper,screening_selected_transition,deuteronomy,minor,transition_exact_shape,taam_events
P7_A6_C0,P3_A3_C0,6,0.1875,0.14431908,1.29920455,4.644,1.98317825,0.683751,0.3187251,upper,screening_selected_transition,deuteronomy,minor,transition_exact_shape,taam_events
P6_A5_C0,P1_A1_C0,5,0.06666667,0.04854369,1.37333333,3.756,1.95749615,0.635506,0.34262948,upper,screening_selected_transition,deuteronomy,minor,transition_exact_shape,taam_events
P4_A4_C0,P4_A4_C0,39,0.10483871,0.09761218,1.07403313,35.884,5.12088252,0.608489,0.30677291,upper,screening_selected_transition,deuteronomy,minor,transition_exact_shape,taam_events
P6_A6_C0,P3_A3_C0,15,0.16483516,0.14431908,1.14215784,12.948,3.45732678,0.593522,0.33067729,upper,screening_selected_transition,deuteronomy,minor,transition_exact_shape,taam_events
P5_A4_C0,P2_A2_C0,22,0.12429379,0.1096825,1.13321439,19.648,4.02752777,0.583981,0.28685259,upper,screening_selected_transition,deuteronomy,minor,transition_exact_shape,taam_events
P5_A5_C0,P4_A3_C0,12,0.06593407,0.05667804,1.16330891,10.24,3.04820706,0.577389,0.3187251,upper,screening_selected_transition,deuteronomy,minor,transition_exact_shape,taam_events
P4_A3_C0,P3_A4_C0,25,0.11574074,0.10417213,1.1110528,22.508,4.70259435,0.52992,0.32669323,upper,screening_selected_transition,deuteronomy,minor,transition_exact_shape,taam_events
P3_A4_C0,P4_A4_C0,42,0.10579345,0.09761218,1.08381409,39.168,5.40524214,0.523936,0.33466135,upper,screening_selected_transition,deuteronomy,minor,transition_exact_shape,taam_events
P7_A7_C0,P3_A3_C0,8,0.16666667,0.14431908,1.15484848,6.728,2.50261229,0.508269,0.38645418,upper,screening_selected_transition,deuteronomy,minor,transition_exact_shape,taam_events
P4_A4_C0,P4_A5_C0,19,0.05107527,0.04539491,1.12513208,17.104,3.76161975,0.504038,0.35856574,upper,screening_selected_transition,deuteronomy,minor,transition_exact_shape,taam_events
P1_A1_C0,P5_A4_C0,10,0.05405405,0.0464445,1.16384181,8.732,2.58746127,0.490056,0.39442231,upper,screening_selected_transition,deuteronomy,minor,transition_exact_shape,taam_events
P4_A3_C0,P2_A3_C0,11,0.05092593,0.04460771,1.14163943,9.548,3.0457845,0.476724,0.32669323,upper,screening_selected_transition,deuteronomy,minor,transition_exact_shape,taam_events
P2_A2_C0,P5_A6_C0,11,0.02625298,0.02361585,1.11166799,9.604,2.95331547,0.472689,0.33466135,upper,screening_selected_transition,deuteronomy,minor,transition_exact_shape,taam_events
P3_A4_C0,P7_A7_C0,6,0.01511335,0.01259512,1.19993703,4.928,2.30653341,0.464767,0.39840637,upper,screening_selected_transition,deuteronomy,minor,transition_exact_shape,taam_events
P5_A6_C0,P5_A5_C0,5,0.05555556,0.04775649,1.16330891,4.124,1.9002811,0.460984,0.40239044,upper,screening_selected_transition,deuteronomy,minor,transition_exact_shape,taam_events
P6_A7_C0,P4_A4_C0,5,0.11627907,0.09761218,1.19123531,4.132,1.88914039,0.459468,0.37051793,upper,screening_selected_transition,deuteronomy,minor,transition_exact_shape,taam_events
P5_A4_C0,P3_A2_C0,6,0.03389831,0.02912621,1.16384181,5.024,2.13768632,0.456568,0.38645418,upper,screening_selected_transition,deuteronomy,minor,transition_exact_shape,taam_events
P5_A6_C0,P2_A3_C0,5,0.05555556,0.04460771,1.24542484,4.116,1.9976251,0.442525,0.36653386,upper,screening_selected_transition,deuteronomy,minor,transition_exact_shape,taam_events
P5_A4_C0,P5_A6_C0,5,0.02824859,0.02361585,1.19617075,4.128,1.97769084,0.440918,0.38247012,upper,screening_selected_transition,deuteronomy,minor,transition_exact_shape,taam_events
P2_A4_C0,P3_A4_C0,4,0.13793103,0.10417213,1.32406844,3.232,1.77730449,0.432115,0.40239044,upper,screening_selected_transition,deuteronomy,minor,transition_exact_shape,taam_events
P4_A5_C0,P4_A5_C0,9,0.05202312,0.04539491,1.14601223,7.888,2.68033445,0.414874,0.43824701,upper,screening_selected_transition,deuteronomy,minor,transition_exact_shape,taam_events
P4_A5_C0,P6_A6_C0,5,0.02890173,0.02387825,1.21037922,4.244,1.97180528,0.383405,0.41832669,upper,screening_selected_transition,deuteronomy,minor,transition_exact_shape,taam_events
P2_A3_C0,P5_A4_C0,9,0.05294118,0.0464445,1.13988036,8.024,2.54900248,0.382895,0.41035857,upper,screening_selected_transition,deuteronomy,minor,transition_exact_shape,taam_events
P7_A6_C0,P2_A2_C0,4,0.125,0.1096825,1.13965311,3.452,1.60561765,0.341302,0.46215139,upper,screening_selected_transition,deuteronomy,minor,transition_exact_shape,taam_events
P6_A5_C0,P2_A2_C0,9,0.12,0.1096825,1.09406699,8.18,2.45513968,0.333993,0.44621514,upper,screening_selected_transition,deuteronomy,minor,transition_exact_shape,taam_events
P1_A1_C0,P4_A5_C0,9,0.04864865,0.04539491,1.0716763,8.1,2.71874351,0.331035,0.43824701,upper,screening_selected_transition,deuteronomy,minor,transition_exact_shape,taam_events
P5_A4_C0,P6_A6_C0,5,0.02824859,0.02387825,1.18302601,4.328,2.03493978,0.330231,0.43027888,upper,screening_selected_transition,deuteronomy,minor,transition_exact_shape,taam_events
P6_A6_C0,P2_A2_C0,11,0.12087912,0.1096825,1.10208213,10.032,3.03112634,0.319353,0.46613546,upper,screening_selected_transition,deuteronomy,minor,transition_exact_shape,taam_events
P4_A4_C0,P3_A3_C0,56,0.15053763,0.14431908,1.04308895,53.92,6.86777002,0.302864,0.43027888,upper,screening_selected_transition,deuteronomy,minor,transition_exact_shape,taam_events
P4_A3_C0,P4_A4_C0,22,0.10185185,0.09761218,1.04343389,20.728,4.22818236,0.300838,0.4063745,upper,screening_selected_transition,deuteronomy,minor,transition_exact_shape,taam_events
P5_A5_C0,P5_A6_C0,5,0.02747253,0.02361585,1.16330891,4.472,2.04006457,0.258815,0.46613546,upper,screening_selected_transition,deuteronomy,minor,transition_exact_shape,taam_events
P2_A2_C0,P5_A5_C0,21,0.05011933,0.04775649,1.04947678,19.976,4.12449632,0.248273,0.45418327,upper,screening_selected_transition,deuteronomy,minor,transition_exact_shape,taam_events
P3_A5_C0,P3_A3_C0,6,0.15789474,0.14431908,1.09406699,5.56,2.07838368,0.211703,0.49800797,upper,screening_selected_transition,deuteronomy,minor,transition_exact_shape,taam_events
P5_A5_C0,P5_A4_C0,9,0.04945055,0.0464445,1.06472341,8.44,2.67037894,0.209708,0.46215139,upper,screening_selected_transition,deuteronomy,minor,transition_exact_shape,taam_events
P3_A3_C0,P1_A2_C0,8,0.01457195,0.01364471,1.06795572,7.552,2.52045766,0.177745,0.5059761,upper,screening_selected_transition,deuteronomy,minor,transition_exact_shape,taam_events
P2_A2_C0,P6_A7_C0,5,0.01193317,0.01128313,1.05761226,4.728,1.9691435,0.138131,0.51394422,upper,screening_selected_transition,deuteronomy,minor,transition_exact_shape,taam_events
P3_A3_C0,P4_A4_C0,54,0.09836066,0.09761218,1.0076679,53.204,6.00755749,0.1325,0.46215139,upper,screening_selected_transition,deuteronomy,minor,transition_exact_shape,taam_events
P3_A4_C0,P3_A2_C0,12,0.0302267,0.02912621,1.03778338,11.728,3.22484332,0.084345,0.51394422,upper,screening_selected_transition,deuteronomy,minor,transition_exact_shape,taam_events
P5_A5_C0,P3_A2_C0,5,0.02747253,0.02912621,0.94322344,4.832,1.99893948,0.084045,0.58565737,upper,screening_selected_transition,deuteronomy,minor,transition_exact_shape,taam_events
P2_A3_C0,P3_A3_C0,25,0.14705882,0.14431908,1.01898396,24.668,4.4592956,0.074451,0.47808765,upper,screening_selected_transition,deuteronomy,minor,transition_exact_shape,taam_events
P2_A2_C0,P3_A3_C0,61,0.14558473,0.14431908,1.0087698,60.576,6.47114572,0.065522,0.54581673,upper,screening_selected_transition,deuteronomy,minor,transition_exact_shape,taam_events
P6_A6_C0,P4_A4_C0,9,0.0989011,0.09761218,1.01320454,8.844,2.68486461,0.058103,0.55378486,upper,screening_selected_transition,deuteronomy,minor,transition_exact_shape,taam_events
P3_A3_C0,P5_A3_C0,5,0.00910747,0.00892154,1.02084003,4.876,2.2036443,0.05627,0.56175299,upper,screening_selected_transition,deuteronomy,minor,transition_exact_shape,taam_events
P4_A3_C0,P6_A6_C0,5,0.02314815,0.02387825,0.96942409,4.92,2.15130482,0.037187,0.5498008,upper,screening_selected_transition,deuteronomy,minor,transition_exact_shape,taam_events
P2_A3_C0,P3_A2_C0,5,0.02941176,0.02912621,1.00980392,4.976,2.12449474,0.011297,0.56972112,upper,screening_selected_transition,deuteronomy,minor,transition_exact_shape,taam_events
P5_A5_C0,P1_A1_C0,9,0.04945055,0.04854369,1.01868132,8.976,3.0005729,0.007998,0.53784861,upper,screening_selected_transition,deuteronomy,minor,transition_exact_shape,taam_events
P5_A6_C0,P2_A2_C0,10,0.11111111,0.1096825,1.01302499,10.056,2.93655537,-0.01907,0.55776892,upper,screening_selected_transition,deuteronomy,minor,transition_exact_shape,taam_events
P3_A3_C0,P3_A2_C0,16,0.0291439,0.02912621,1.00060716,16.12,3.67581917,-0.032646,0.56573705,upper,screening_selected_transition,deuteronomy,minor,transition_exact_shape,taam_events
P4_A4_C0,P1_A2_C0,5,0.01344086,0.01364471,0.98505997,5.136,2.15221563,-0.063191,0.60557769,upper,screening_selected_transition,deuteronomy,minor,transition_exact_shape,taam_events
P5_A5_C0,P2_A3_C0,8,0.04395604,0.04460771,0.98539108,8.168,2.49895078,-0.067228,0.58167331,upper,screening_selected_transition,deuteronomy,minor,transition_exact_shape,taam_events
P2_A2_C0,P4_A4_C0,41,0.09785203,0.09761218,1.00245721,41.404,5.08726894,-0.079414,0.54183267,upper,screening_selected_transition,deuteronomy,minor,transition_exact_shape,taam_events
P6_A6_C0,P5_A5_C0,4,0.04395604,0.04775649,0.92042024,4.22,2.13866678,-0.102868,0.56972112,upper,screening_selected_transition,deuteronomy,minor,transition_exact_shape,taam_events
P2_A3_C0,P2_A2_C0,18,0.10588235,0.1096825,0.96535322,18.504,3.77717516,-0.133433,0.60159363,upper,screening_selected_transition,deuteronomy,minor,transition_exact_shape,taam_events
P3_A3_C0,P1_A1_C0,26,0.04735883,0.04854369,0.97559199,26.684,4.70411082,-0.145405,0.56573705,upper,screening_selected_transition,deuteronomy,minor,transition_exact_shape,taam_events
P3_A4_C0,P1_A2_C0,5,0.01259446,0.01364471,0.92302848,5.336,2.09969973,-0.160023,0.67330677,upper,screening_selected_transition,deuteronomy,minor,transition_exact_shape,taam_events
P3_A3_C0,P5_A6_C0,12,0.02185792,0.02361585,0.92556163,12.556,3.43599889,-0.161816,0.59760956,upper,screening_selected_transition,deuteronomy,minor,transition_exact_shape,taam_events
P6_A7_C0,P3_A3_C0,6,0.13953488,0.14431908,0.96684989,6.376,2.1922243,-0.171515,0.6374502,upper,screening_selected_transition,deuteronomy,minor,transition_exact_shape,taam_events
P5_A6_C0,P3_A4_C0,9,0.1,0.10417213,0.95994962,9.484,2.75246221,-0.175843,0.65338645,upper,screening_selected_transition,deuteronomy,minor,transition_exact_shape,taam_events
P1_A1_C0,P4_A4_C0,17,0.09189189,0.09761218,0.94139785,17.872,3.75018286,-0.232522,0.61752988,upper,screening_selected_transition,deuteronomy,minor,transition_exact_shape,taam_events
P3_A2_C0,P4_A4_C0,10,0.09009009,0.09761218,0.92293907,10.756,2.95081229,-0.256201,0.67729084,upper,screening_selected_transition,deuteronomy,minor,transition_exact_shape,taam_events
P4_A5_C0,P2_A2_C0,18,0.10404624,0.1096825,0.94861299,19.068,3.85575458,-0.276989,0.62948207,upper,screening_selected_transition,deuteronomy,minor,transition_exact_shape,taam_events
P5_A4_C0,P4_A5_C0,7,0.03954802,0.04539491,0.8711995,7.756,2.72730946,-0.277196,0.64143426,upper,screening_selected_transition,deuteronomy,minor,transition_exact_shape,taam_events
P4_A4_C0,P3_A2_C0,10,0.02688172,0.02912621,0.92293907,10.964,3.36690484,-0.286316,0.66135458,upper,screening_selected_transition,deuteronomy,minor,transition_exact_shape,taam_events
P4_A4_C0,P3_A4_C0,37,0.09946237,0.10417213,0.9547886,38.568,5.42985352,-0.288774,0.61752988,upper,screening_selected_transition,deuteronomy,minor,transition_exact_shape,taam_events
P5_A4_C0,P3_A3_C0,24,0.13559322,0.14431908,0.93953775,25.284,4.32181168,-0.297098,0.66932271,upper,screening_selected_transition,deuteronomy,minor,transition_exact_shape,taam_events
P3_A4_C0,P5_A4_C0,17,0.04282116,0.0464445,0.92198551,18.268,3.6366298,-0.348674,0.6812749,upper,screening_selected_transition,deuteronomy,minor,transition_exact_shape,taam_events
P1_A2_C0,P2_A2_C0,5,0.09615385,0.1096825,0.87665624,5.844,2.29799633,-0.367276,0.70517928,upper,screening_selected_transition,deuteronomy,minor,transition_exact_shape,taam_events
P2_A2_C0,P4_A3_C0,22,0.05250597,0.05667804,0.92638999,23.748,4.67116421,-0.374211,0.71314741,upper,screening_selected_transition,deuteronomy,minor,transition_exact_shape,taam_events
P2_A3_C0,P3_A4_C0,16,0.09411765,0.10417213,0.903482,17.584,3.91205325,-0.404902,0.71314741,upper,screening_selected_transition,deuteronomy,minor,transition_exact_shape,taam_events
P2_A3_C0,P5_A5_C0,7,0.04117647,0.04775649,0.86221719,8.116,2.72253426,-0.409912,0.70517928,upper,screening_selected_transition,deuteronomy,minor,transition_exact_shape,taam_events
P5_A4_C0,P5_A4_C0,7,0.03954802,0.0464445,0.85151138,8.328,2.76895004,-0.479604,0.72111554,upper,screening_selected_transition,deuteronomy,minor,transition_exact_shape,taam_events
P2_A2_C0,P5_A4_C0,18,0.04295943,0.0464445,0.92496258,19.912,3.98494355,-0.479806,0.71713147,upper,screening_selected_transition,deuteronomy,minor,transition_exact_shape,taam_events
P3_A3_C0,P5_A4_C0,23,0.04189435,0.0464445,0.9020304,25.184,4.47372337,-0.488184,0.72111554,upper,screening_selected_transition,deuteronomy,minor,transition_exact_shape,taam_events
P3_A3_C0,P5_A5_C0,24,0.04371585,0.04775649,0.91539062,26.356,4.67897802,-0.503529,0.74501992,upper,screening_selected_transition,deuteronomy,minor,transition_exact_shape,taam_events
P2_A3_C0,P4_A3_C0,8,0.04705882,0.05667804,0.83028322,9.708,2.92316877,-0.584297,0.78884462,upper,screening_selected_transition,deuteronomy,minor,transition_exact_shape,taam_events
P4_A5_C0,P3_A3_C0,22,0.12716763,0.14431908,0.88115607,24.792,4.7216429,-0.59132,0.74103586,upper,screening_selected_transition,deuteronomy,minor,transition_exact_shape,taam_events
P4_A4_C0,P6_A5_C0,6,0.01612903,0.01967987,0.81956989,7.528,2.4628191,-0.620427,0.80079681,upper,screening_selected_transition,deuteronomy,minor,transition_exact_shape,taam_events
P3_A3_C0,P2_A2_C0,55,0.10018215,0.1096825,0.91338318,59.78,7.30816235,-0.654063,0.73705179,upper,screening_selected_transition,deuteronomy,minor,transition_exact_shape,taam_events
P3_A2_C0,P2_A2_C0,10,0.09009009,0.1096825,0.82137161,12.132,3.18167696,-0.670087,0.78087649,upper,screening_selected_transition,deuteronomy,minor,transition_exact_shape,taam_events
P5_A4_C0,P4_A3_C0,8,0.04519774,0.05667804,0.79744716,9.856,2.71454213,-0.683725,0.81673307,upper,screening_selected_transition,deuteronomy,minor,transition_exact_shape,taam_events
P4_A3_C0,P5_A4_C0,8,0.03703704,0.0464445,0.79744716,10.028,2.93764105,-0.69035,0.80478088,upper,screening_selected_transition,deuteronomy,minor,transition_exact_shape,taam_events
P4_A5_C0,P2_A3_C0,6,0.03468208,0.04460771,0.77749065,8.016,2.88601113,-0.698542,0.80478088,upper,screening_selected_transition,deuteronomy,minor,transition_exact_shape,taam_events
P3_A3_C0,P6_A6_C0,11,0.02003643,0.02387825,0.83910807,13.556,3.61595971,-0.706866,0.78486056,upper,screening_selected_transition,deuteronomy,minor,transition_exact_shape,taam_events
P5_A5_C0,P3_A4_C0,16,0.08791209,0.10417213,0.84391176,18.976,4.01395958,-0.741413,0.80478088,upper,screening_selected_transition,deuteronomy,minor,transition_exact_shape,taam_events
P3_A4_C0,P3_A4_C0,37,0.09319899,0.10417213,0.89466338,41.356,5.81416219,-0.749205,0.80876494,upper,screening_selected_transition,deuteronomy,minor,transition_exact_shape,taam_events
P4_A5_C0,P5_A5_C0,6,0.03468208,0.04775649,0.72622753,8.192,2.69670631,-0.812843,0.83266932,upper,screening_selected_transition,deuteronomy,minor,transition_exact_shape,taam_events
P4_A4_C0,P4_A3_C0,17,0.04569892,0.05667804,0.80628982,20.676,4.20687714,-0.873807,0.86055777,upper,screening_selected_transition,deuteronomy,minor,transition_exact_shape,taam_events
P5_A4_C0,P5_A5_C0,6,0.03389831,0.04775649,0.70981561,8.404,2.73031178,-0.880486,0.83665339,upper,screening_selected_transition,deuteronomy,minor,transition_exact_shape,taam_events
P4_A4_C0,P2_A3_C0,13,0.03494624,0.04460771,0.7834124,16.564,3.75851163,-0.948248,0.86055777,upper,screening_selected_transition,deuteronomy,minor,transition_exact_shape,taam_events
P2_A2_C0,P3_A2_C0,9,0.02147971,0.02912621,0.73747017,12.124,3.29241309,-0.948848,0.85258964,upper,screening_selected_transition,deuteronomy,minor,transition_exact_shape,taam_events
P6_A5_C0,P4_A4_C0,5,0.06666667,0.09761218,0.68297491,7.356,2.4571149,-0.958848,0.87649402,upper,screening_selected_transition,deuteronomy,minor,transition_exact_shape,taam_events
P3_A4_C0,P4_A3_C0,18,0.04534005,0.05667804,0.79995802,22.228,4.33719507,-0.974824,0.87250996,upper,screening_selected_transition,deuteronomy,minor,transition_exact_shape,taam_events
P4_A4_C0,P6_A6_C0,6,0.01612903,0.02387825,0.67546969,8.848,2.802913,-1.016086,0.88844622,upper,screening_selected_transition,deuteronomy,minor,transition_exact_shape,taam_events
P5_A4_C0,P2_A3_C0,5,0.02824859,0.04460771,0.63326687,7.816,2.68083785,-1.050418,0.88844622,upper,screening_selected_transition,deuteronomy,minor,transition_exact_shape,taam_events
P5_A5_C0,P4_A4_C0,14,0.07692308,0.09761218,0.78804797,18.16,3.90530481,-1.065218,0.88446215,upper,screening_selected_transition,deuteronomy,minor,transition_exact_shape,taam_events
P4_A4_C0,P5_A5_C0,14,0.03763441,0.04775649,0.78804797,18.084,3.82195938,-1.068562,0.87250996,upper,screening_selected_transition,deuteronomy,minor,transition_exact_shape,taam_events
P4_A3_C0,P2_A2_C0,19,0.08796296,0.1096825,0.80197811,23.94,4.53991667,-1.088126,0.88844622,upper,screening_selected_transition,deuteronomy,minor,transition_exact_shape,taam_events
P5_A4_C0,P4_A4_C0,13,0.07344633,0.09761218,0.75242999,17.396,3.80223777,-1.156161,0.89641434,upper,screening_selected_transition,deuteronomy,minor,transition_exact_shape,taam_events
P4_A3_C0,P3_A3_C0,25,0.11574074,0.14431908,0.80197811,31.26,5.18342276,-1.207696,0.92031873,upper,screening_selected_transition,deuteronomy,minor,transition_exact_shape,taam_events
P5_A6_C0,P4_A4_C0,5,0.05555556,0.09761218,0.56914576,8.52,2.8695885,-1.226657,0.92828685,upper,screening_selected_transition,deuteronomy,minor,transition_exact_shape,taam_events
P5_A6_C0,P3_A3_C0,9,0.1,0.14431908,0.69290909,13.244,3.25620569,-1.303357,0.94820717,upper,screening_selected_transition,deuteronomy,minor,transition_exact_shape,taam_events
P6_A5_C0,P3_A3_C0,7,0.09333333,0.14431908,0.64671515,10.636,2.72860498,-1.332549,0.94820717,upper,screening_selected_transition,deuteronomy,minor,transition_exact_shape,taam_events
P3_A3_C0,P4_A3_C0,24,0.04371585,0.05667804,0.77130136,31.616,5.62950346,-1.352872,0.94422311,upper,screening_selected_transition,deuteronomy,minor,transition_exact_shape,taam_events
P4_A3_C0,P1_A1_C0,6,0.02777778,0.04854369,0.57222222,10.688,3.05614399,-1.533959,0.98406375,upper,screening_selected_transition,deuteronomy,minor,transition_exact_shape,taam_events
P3_A4_C0,P2_A3_C0,12,0.0302267,0.04460771,0.6776115,18.072,3.95796386,-1.534122,0.96414343,upper,screening_selected_transition,deuteronomy,minor,transition_exact_shape,taam_events
P6_A6_C0,P3_A4_C0,5,0.05494505,0.10417213,0.52744485,9.664,2.95602034,-1.577797,0.98007968,upper,screening_selected_transition,deuteronomy,minor,transition_exact_shape,taam_events
P4_A3_C0,P5_A5_C0,5,0.02314815,0.04775649,0.48471205,10.308,3.25075462,-1.632852,0.97609562,upper,screening_selected_transition,deuteronomy,minor,transition_exact_shape,taam_events
P4_A5_C0,P3_A4_C0,11,0.06358382,0.10417213,0.61037259,17.952,3.70250322,-1.877649,0.97211155,upper,screening_selected_transition,deuteronomy,minor,transition_exact_shape,taam_events
P2_A2_C0,P2_A2_C0,35,0.08353222,0.1096825,0.76158203,46.308,5.91210181,-1.912687,0.98007968,upper,screening_selected_transition,deuteronomy,minor,transition_exact_shape,taam_events
P3_A3_C0,P6_A5_C0,5,0.00910747,0.01967987,0.46278081,10.864,3.03353148,-1.933061,0.98007968,upper,screening_selected_transition,deuteronomy,minor,transition_exact_shape,taam_events
P4_A5_C0,P4_A4_C0,9,0.05202312,0.09761218,0.5329573,17.068,4.13615851,-1.950602,0.98406375,upper,screening_selected_transition,deuteronomy,minor,transition_exact_shape,taam_events
P4_A4_C0,P5_A4_C0,9,0.02419355,0.0464445,0.52091307,17.5,3.85713754,-2.203707,0.99203187,upper,screening_selected_transition,deuteronomy,minor,transition_exact_shape,taam_events
P1_A1_C0,P3_A4_C0,11,0.05945946,0.10417213,0.57078086,19.396,3.7884818,-2.216191,0.99203187,upper,screening_selected_transition,deuteronomy,minor,transition_exact_shape,taam_events
P5_A5_C0,P3_A3_C0,14,0.07692308,0.14431908,0.53300699,26.256,4.67567232,-2.621227,1.0,upper,screening_selected_transition,deuteronomy,minor,transition_exact_shape,taam_events
P2_A2_C0,P1_A1_C0,7,0.01670644,0.04854369,0.34415274,20.096,4.16896932,-3.141304,1.0,upper,screening_selected_transition,deuteronomy,minor,transition_exact_shape,taam_events
P3_A4_C0,P4_A5_C0,5,0.01259446,0.04539491,0.27744209,17.648,4.01854336,-3.147409,1.0,upper,screening_selected_transition,deuteronomy,minor,transition_exact_shape,taam_events
P5-6_A6-7_C0,P16-18_A8+_C1,3,0.04545455,0.00322407,14.09848485,0.216,0.44961385,6.19198,0.00398406,upper,screening_selected_transition,deuteronomy,major,transition_bucket_shape,taam_events
P<=4_A5_C0,P16-18_A8+_C3,5,0.07692308,0.01020956,7.53441296,0.7,0.84668026,5.078659,0.00796813,upper,screening_selected_transition,deuteronomy,major,transition_bucket_shape,taam_events
P<=4_A4_C1,P<=4_A4_C0,7,0.36842105,0.08436325,4.36708012,1.524,1.09095588,5.019451,0.00398406,upper,screening_selected_transition,deuteronomy,major,transition_bucket_shape,taam_events
P19-24_A8+_C3,P<=4_A5_C0,4,0.25,0.03492746,7.15769231,0.512,0.74570793,4.677434,0.00796813,upper,screening_selected_transition,deuteronomy,major,transition_bucket_shape,taam_events
P<=4_A3_C0,P<=4_A4_C0,22,0.18181818,0.08436325,2.1551824,10.172,2.86062032,4.134768,0.00398406,upper,screening_selected_transition,deuteronomy,major,transition_bucket_shape,taam_events
P<=4_A5_C1,P<=4_A2_C0,3,0.16666667,0.01719506,9.69270833,0.388,0.63803161,4.093841,0.01195219,upper,screening_selected_transition,deuteronomy,major,transition_bucket_shape,taam_events
P<=4_A5_C0,P5-6_A4_C1,3,0.04615385,0.00537346,8.58923077,0.452,0.63348339,4.022205,0.01593625,upper,screening_selected_transition,deuteronomy,major,transition_bucket_shape,taam_events
P13-15_A8+_C1,P10-12_A8+_C3,3,0.12,0.02256851,5.31714286,0.464,0.64682108,3.920713,0.01593625,upper,screening_selected_transition,deuteronomy,major,transition_bucket_shape,taam_events
P<=4_A2_C0,P7-9_A6-7_C0,3,0.09375,0.01450833,6.46180556,0.432,0.67468273,3.806233,0.01195219,upper,screening_selected_transition,deuteronomy,major,transition_bucket_shape,taam_events
P10-12_A8+_C2,P7-9_A8+_C0,5,0.03731343,0.00859753,4.34001866,1.192,1.02338913,3.72097,0.01195219,upper,screening_selected_transition,deuteronomy,major,transition_bucket_shape,taam_events
P5-6_A5_C0,P19-24_A8+_C3,3,0.0483871,0.00859753,5.62802419,0.5,0.70140421,3.564279,0.01593625,upper,screening_selected_transition,deuteronomy,major,transition_bucket_shape,taam_events
P5-6_A8+_C1,P<=4_A3_C0,7,0.23333333,0.06501881,3.58870523,1.976,1.48331551,3.387007,0.01593625,upper,screening_selected_transition,deuteronomy,major,transition_bucket_shape,taam_events
P13-15_A8+_C2,P7-9_A8+_C1,14,0.21875,0.09672219,2.26163194,6.248,2.34274407,3.30894,0.00398406,upper,screening_selected_transition,deuteronomy,major,transition_bucket_shape,taam_events
P7-9_A8+_C1,P13-15_A8+_C4+,4,0.02222222,0.00537346,4.13555556,0.984,0.96095669,3.138539,0.01593625,upper,screening_selected_transition,deuteronomy,major,transition_bucket_shape,taam_events
P10-12_A8+_C0,P7-9_A6-7_C1,3,0.27272727,0.05964535,4.57248157,0.64,0.78540911,3.004803,0.02390438,upper,screening_selected_transition,deuteronomy,major,transition_bucket_shape,taam_events
P7-9_A8+_C1,P19-24_A8+_C2,3,0.01666667,0.00429876,3.87708333,0.712,0.77424403,2.955141,0.02788845,upper,screening_selected_transition,deuteronomy,major,transition_bucket_shape,taam_events
P5-6_A5_C0,P13-15_A8+_C2,6,0.09677419,0.03439011,2.8140121,2.092,1.3516077,2.891372,0.01195219,upper,screening_selected_transition,deuteronomy,major,transition_bucket_shape,taam_events
P5-6_A5_C1,P<=4_A5_C0,6,0.10526316,0.03492746,3.01376518,2.136,1.3671064,2.826408,0.01992032,upper,screening_selected_transition,deuteronomy,major,transition_bucket_shape,taam_events
P<=4_A4_C0,P<=4_A4_C1,5,0.03184713,0.01020956,3.11934294,1.52,1.24571555,2.793575,0.02788845,upper,screening_selected_transition,deuteronomy,major,transition_bucket_shape,taam_events
P7-9_A6-7_C1,P16-18_A8+_C2,4,0.03603604,0.01074691,3.35315315,1.196,1.00479973,2.790606,0.02788845,upper,screening_selected_transition,deuteronomy,major,transition_bucket_shape,taam_events
P7-9_A8+_C2,P<=4_A5_C1,3,0.03571429,0.00967222,3.69246032,0.768,0.80795244,2.762539,0.03187251,upper,screening_selected_transition,deuteronomy,major,transition_bucket_shape,taam_events
P<=4_A4_C0,P5-6_A5_C1,10,0.06369427,0.03062869,2.07956196,4.94,2.0865798,2.425021,0.02390438,upper,screening_selected_transition,deuteronomy,major,transition_bucket_shape,taam_events
P<=4_A5_C0,P13-15_A8+_C3,4,0.06153846,0.01988178,3.0952183,1.396,1.12616918,2.312264,0.04780876,upper,screening_selected_transition,deuteronomy,major,transition_bucket_shape,taam_events
P5-6_A6-7_C0,P5-6_A4_C0,4,0.06060606,0.01988178,3.04832105,1.312,1.16795225,2.301464,0.05179283,upper,screening_selected_transition,deuteronomy,major,transition_bucket_shape,taam_events
P7-9_A6-7_C2,P5-6_A6-7_C1,5,0.20833333,0.08758732,2.37857873,2.044,1.33611557,2.212383,0.05577689,upper,screening_selected_transition,deuteronomy,major,transition_bucket_shape,taam_events
P13-15_A8+_C2,P13-15_A8+_C1,3,0.046875,0.01343364,3.489375,0.888,0.97119973,2.17463,0.07968127,upper,screening_selected_transition,deuteronomy,major,transition_bucket_shape,taam_events
P5-6_A6-7_C0,P7-9_A6-7_C1,8,0.12121212,0.05964535,2.03221403,3.984,1.86053497,2.158519,0.03984064,upper,screening_selected_transition,deuteronomy,major,transition_bucket_shape,taam_events
P10-12_A8+_C2,P13-15_A8+_C2,9,0.06716418,0.03439011,1.9530084,4.72,2.04212662,2.095854,0.04780876,upper,screening_selected_transition,deuteronomy,major,transition_bucket_shape,taam_events
P<=4_A2_C0,P<=4_A4_C0,6,0.1875,0.08436325,2.22253185,2.752,1.55310804,2.09129,0.05976096,upper,screening_selected_transition,deuteronomy,major,transition_bucket_shape,taam_events
P10-12_A8+_C2,P10-12_A8+_C1,12,0.08955224,0.05265986,1.70057874,7.172,2.31773674,2.083067,0.06374502,upper,screening_selected_transition,deuteronomy,major,transition_bucket_shape,taam_events
P10-12_A8+_C2,P<=4_A4_C1,4,0.02985075,0.01020956,2.92380204,1.484,1.20979271,2.079695,0.06374502,upper,screening_selected_transition,deuteronomy,major,transition_bucket_shape,taam_events
P10-12_A8+_C0,P7-9_A8+_C1,3,0.27272727,0.09672219,2.81969697,0.992,0.97351266,2.062634,0.08366534,upper,screening_selected_transition,deuteronomy,major,transition_bucket_shape,taam_events
P5-6_A6-7_C1,P<=4_A3_C0,16,0.09876543,0.06501881,1.51902867,10.564,2.78368454,1.952807,0.0438247,upper,screening_selected_transition,deuteronomy,major,transition_bucket_shape,taam_events
P7-9_A6-7_C2,P7-9_A8+_C1,5,0.20833333,0.09672219,2.15393519,2.364,1.37370019,1.918905,0.07569721,upper,screening_selected_transition,deuteronomy,major,transition_bucket_shape,taam_events
P5-6_A5_C1,P5-6_A6-7_C1,9,0.15789474,0.08758732,1.8027123,5.1,2.05399014,1.898743,0.06772908,upper,screening_selected_transition,deuteronomy,major,transition_bucket_shape,taam_events
P<=4_A4_C0,P7-9_A6-7_C0,5,0.03184713,0.01450833,2.19509318,2.176,1.49464372,1.889413,0.07968127,upper,screening_selected_transition,deuteronomy,major,transition_bucket_shape,taam_events
P10-12_A8+_C1,P16-18_A8+_C2,3,0.03061224,0.01074691,2.84846939,1.048,1.03633584,1.883559,0.0876494,upper,screening_selected_transition,deuteronomy,major,transition_bucket_shape,taam_events
P13-15_A8+_C3,P7-9_A8+_C2,4,0.10810811,0.04513702,2.3951094,1.744,1.20843089,1.866884,0.08366534,upper,screening_selected_transition,deuteronomy,major,transition_bucket_shape,taam_events
P7-9_A8+_C2,P5-6_A4_C0,4,0.04761905,0.01988178,2.3951094,1.736,1.21333951,1.865925,0.06772908,upper,screening_selected_transition,deuteronomy,major,transition_bucket_shape,taam_events
P<=4_A6-7_C1,P<=4_A4_C0,3,0.25,0.08436325,2.9633758,1.088,1.04143861,1.835922,0.09960159,upper,screening_selected_transition,deuteronomy,major,transition_bucket_shape,taam_events
P16-18_A8+_C3,P7-9_A8+_C1,4,0.21052632,0.09672219,2.17660819,1.712,1.25032365,1.829926,0.10756972,upper,screening_selected_transition,deuteronomy,major,transition_bucket_shape,taam_events
P<=4_A3_C0,P10-12_A8+_C2,13,0.10743802,0.07146695,1.50332443,8.504,2.47436333,1.817033,0.06772908,upper,screening_selected_transition,deuteronomy,major,transition_bucket_shape,taam_events
P<=4_A3_C0,P13-15_A8+_C3,5,0.04132231,0.01988178,2.07840071,2.476,1.42602883,1.76995,0.07968127,upper,screening_selected_transition,deuteronomy,major,transition_bucket_shape,taam_events
P7-9_A8+_C2,P5-6_A5_C1,5,0.05952381,0.03062869,1.94340017,2.32,1.52673629,1.755378,0.0876494,upper,screening_selected_transition,deuteronomy,major,transition_bucket_shape,taam_events
P7-9_A6-7_C1,P16-18_A8+_C3,3,0.02702703,0.01020956,2.64722617,1.2,1.03745131,1.735021,0.0876494,upper,screening_selected_transition,deuteronomy,major,transition_bucket_shape,taam_events
P13-15_A8+_C3,P<=4_A3_C0,5,0.13513514,0.06501881,2.07840071,2.392,1.52829275,1.706479,0.09960159,upper,screening_selected_transition,deuteronomy,major,transition_bucket_shape,taam_events
P7-9_A8+_C1,P10-12_A8+_C3,7,0.03888889,0.02256851,1.72314815,3.952,1.80963952,1.684313,0.07968127,upper,screening_selected_transition,deuteronomy,major,transition_bucket_shape,taam_events
P7-9_A6-7_C1,P5-6_A8+_C1,4,0.03603604,0.01612037,2.23543544,1.916,1.24706241,1.671127,0.10756972,upper,screening_selected_transition,deuteronomy,major,transition_bucket_shape,taam_events
P5-6_A6-7_C1,P13-15_A8+_C3,6,0.03703704,0.01988178,1.86286286,3.372,1.6530415,1.589797,0.11952191,upper,screening_selected_transition,deuteronomy,major,transition_bucket_shape,taam_events
P7-9_A8+_C2,P10-12_A8+_C2,10,0.11904762,0.07146695,1.66577157,6.38,2.31712673,1.56228,0.10756972,upper,screening_selected_transition,deuteronomy,major,transition_bucket_shape,taam_events
P5-6_A8+_C1,P7-9_A8+_C2,3,0.1,0.04513702,2.21547619,1.364,1.05639381,1.548665,0.15537849,upper,screening_selected_transition,deuteronomy,major,transition_bucket_shape,taam_events
P7-9_A6-7_C1,P7-9_A8+_C1,15,0.13513514,0.09672219,1.39714715,10.844,2.85873283,1.453791,0.10756972,upper,screening_selected_transition,deuteronomy,major,transition_bucket_shape,taam_events
P5-6_A6-7_C0,P10-12_A8+_C3,3,0.04545455,0.02256851,2.01406926,1.42,1.1174052,1.41399,0.14342629,upper,screening_selected_transition,deuteronomy,major,transition_bucket_shape,taam_events
P<=4_A5_C0,P5-6_A5_C0,4,0.06153846,0.03331542,1.8471464,2.036,1.40377575,1.399084,0.16733068,upper,screening_selected_transition,deuteronomy,major,transition_bucket_shape,taam_events
P<=4_A4_C0,P10-12_A8+_C1,12,0.07643312,0.05265986,1.45144937,8.252,2.69099644,1.392793,0.10358566,upper,screening_selected_transition,deuteronomy,major,transition_bucket_shape,taam_events
P5-6_A4_C0,P7-9_A6-7_C1,4,0.10810811,0.05964535,1.81251522,2.044,1.41210487,1.385166,0.17131474,upper,screening_selected_transition,deuteronomy,major,transition_bucket_shape,taam_events
P5-6_A6-7_C1,P5-6_A6-7_C1,19,0.11728395,0.08758732,1.33905173,14.128,3.52609549,1.381698,0.11952191,upper,screening_selected_transition,deuteronomy,major,transition_bucket_shape,taam_events
P7-9_A8+_C1,P5-6_A5_C0,9,0.05,0.03331542,1.50080645,5.86,2.27620836,1.379487,0.13944223,upper,screening_selected_transition,deuteronomy,major,transition_bucket_shape,taam_events
P7-9_A8+_C1,P7-9_A8+_C3,3,0.01666667,0.00806018,2.06777778,1.408,1.15883891,1.373789,0.19521912,upper,screening_selected_transition,deuteronomy,major,transition_bucket_shape,taam_events
P<=4_A4_C0,P10-12_A8+_C3,6,0.03821656,0.02256851,1.6933576,3.532,1.83259642,1.346723,0.1752988,upper,screening_selected_transition,deuteronomy,major,transition_bucket_shape,taam_events
P13-15_A8+_C1,P5-6_A6-7_C1,4,0.16,0.08758732,1.82674847,2.132,1.39799627,1.336198,0.17131474,upper,screening_selected_transition,deuteronomy,major,transition_bucket_shape,taam_events
P<=4_A4_C0,P7-9_A6-7_C2,4,0.02547771,0.01289629,1.97558386,2.156,1.38104785,1.335218,0.15139442,upper,screening_selected_transition,deuteronomy,major,transition_bucket_shape,taam_events
P10-12_A8+_C3,P10-12_A8+_C2,5,0.11904762,0.07146695,1.66577157,2.844,1.62425887,1.327375,0.13944223,upper,screening_selected_transition,deuteronomy,major,transition_bucket_shape,taam_events
P5-6_A5_C0,P<=4_A5_C0,4,0.06451613,0.03492746,1.8471464,2.192,1.39244087,1.298439,0.17928287,upper,screening_selected_transition,deuteronomy,major,transition_bucket_shape,taam_events
P<=4_A5_C1,P<=4_A4_C0,3,0.16666667,0.08436325,1.97558386,1.484,1.16927877,1.296526,0.20717131,upper,screening_selected_transition,deuteronomy,major,transition_bucket_shape,taam_events
P13-15_A8+_C3,P7-9_A8+_C1,6,0.16216216,0.09672219,1.67657658,3.712,1.77359481,1.290035,0.14741036,upper,screening_selected_transition,deuteronomy,major,transition_bucket_shape,taam_events
P5-6_A5_C1,P<=4_A3_C0,6,0.10526316,0.06501881,1.61896477,3.68,1.79959835,1.289177,0.1752988,upper,screening_selected_transition,deuteronomy,major,transition_bucket_shape,taam_events
P5-6_A8+_C1,P10-12_A8+_C1,3,0.1,0.05265986,1.89897959,1.496,1.18303945,1.271302,0.1752988,upper,screening_selected_transition,deuteronomy,major,transition_bucket_shape,taam_events
P5-6_A6-7_C1,P13-15_A8+_C2,8,0.04938272,0.03439011,1.43595679,5.452,2.16574648,1.1765,0.13944223,upper,screening_selected_transition,deuteronomy,major,transition_bucket_shape,taam_events
P13-15_A8+_C3,P5-6_A6-7_C1,5,0.13513514,0.08758732,1.54286188,3.184,1.61759403,1.122655,0.21115538,upper,screening_selected_transition,deuteronomy,major,transition_bucket_shape,taam_events
P5-6_A6-7_C1,P7-9_A6-7_C1,13,0.08024691,0.05964535,1.34540096,9.756,2.90140251,1.11808,0.18326693,upper,screening_selected_transition,deuteronomy,major,transition_bucket_shape,taam_events
P<=4_A2_C0,P10-12_A8+_C2,4,0.125,0.07146695,1.74906015,2.336,1.53117012,1.086751,0.19920319,upper,screening_selected_transition,deuteronomy,major,transition_bucket_shape,taam_events
P7-9_A6-7_C1,P5-6_A6-7_C0,6,0.05405405,0.0354648,1.52416052,4.072,1.81548891,1.061973,0.20717131,upper,screening_selected_transition,deuteronomy,major,transition_bucket_shape,taam_events
P<=4_A4_C0,P16-18_A8+_C3,3,0.01910828,0.01020956,1.87160577,1.644,1.31001088,1.035106,0.21513944,upper,screening_selected_transition,deuteronomy,major,transition_bucket_shape,taam_events
P<=4_A5_C0,P10-12_A8+_C2,7,0.10769231,0.07146695,1.50688259,4.784,2.16427362,1.0239,0.21115538,upper,screening_selected_transition,deuteronomy,major,transition_bucket_shape,taam_events
P<=4_A3_C0,P5-6_A6-7_C1,14,0.11570248,0.08758732,1.32099579,10.924,3.05344364,1.007387,0.21115538,upper,screening_selected_transition,deuteronomy,major,transition_bucket_shape,taam_events
P10-12_A8+_C2,P<=4_A3_C0,11,0.08208955,0.06501881,1.26255088,8.512,2.54475127,0.977699,0.21513944,upper,screening_selected_transition,deuteronomy,major,transition_bucket_shape,taam_events
P16-18_A8+_C2,P5-6_A6-7_C1,3,0.15,0.08758732,1.71257669,1.836,1.21284292,0.959729,0.28685259,upper,screening_selected_transition,deuteronomy,major,transition_bucket_shape,taam_events
P10-12_A8+_C1,P10-12_A8+_C1,7,0.07142857,0.05265986,1.35641399,5.028,2.0949394,0.941316,0.23505976,upper,screening_selected_transition,deuteronomy,major,transition_bucket_shape,taam_events
P10-12_A8+_C1,P5-6_A6-7_C0,5,0.05102041,0.0354648,1.4386209,3.356,1.7577322,0.935296,0.23505976,upper,screening_selected_transition,deuteronomy,major,transition_bucket_shape,taam_events
P10-12_A8+_C1,P5-6_A6-7_C1,11,0.1122449,0.08758732,1.28151997,8.496,2.73640928,0.915068,0.21912351,upper,screening_selected_transition,deuteronomy,major,transition_bucket_shape,taam_events
P<=4_A4_C0,P<=4_A2_C0,4,0.02547771,0.01719506,1.4816879,2.644,1.48529066,0.912953,0.24701195,upper,screening_selected_transition,deuteronomy,major,transition_bucket_shape,taam_events
P<=4_A4_C0,P5-6_A5_C0,7,0.04458599,0.03331542,1.33829875,5.172,2.06676124,0.884476,0.25896414,upper,screening_selected_transition,deuteronomy,major,transition_bucket_shape,taam_events
P5-6_A5_C0,P7-9_A8+_C2,4,0.06451613,0.04513702,1.42933948,2.744,1.46938776,0.854778,0.27888446,upper,screening_selected_transition,deuteronomy,major,transition_bucket_shape,taam_events
P10-12_A8+_C1,P7-9_A6-7_C1,8,0.08163265,0.05964535,1.36863394,5.876,2.48784676,0.85375,0.23505976,upper,screening_selected_transition,deuteronomy,major,transition_bucket_shape,taam_events
P7-9_A8+_C2,P5-6_A5_C0,4,0.04761905,0.03331542,1.42933948,2.66,1.5932841,0.84103,0.28286853,upper,screening_selected_transition,deuteronomy,major,transition_bucket_shape,taam_events
P5-6_A6-7_C1,P5-6_A5_C1,7,0.04320988,0.03062869,1.41076457,5.168,2.20709335,0.830051,0.26693227,upper,screening_selected_transition,deuteronomy,major,transition_bucket_shape,taam_events
P5-6_A5_C0,P5-6_A5_C1,3,0.0483871,0.03062869,1.57979626,1.92,1.32689207,0.813932,0.28685259,upper,screening_selected_transition,deuteronomy,major,transition_bucket_shape,taam_events
P7-9_A8+_C1,P7-9_A6-7_C1,13,0.07222222,0.05964535,1.21086086,10.572,2.98672027,0.812932,0.27888446,upper,screening_selected_transition,deuteronomy,major,transition_bucket_shape,taam_events
P5-6_A6-7_C1,P5-6_A6-7_C0,8,0.04938272,0.0354648,1.39244295,6.116,2.34018157,0.805066,0.27091633,upper,screening_selected_transition,deuteronomy,major,transition_bucket_shape,taam_events
P13-15_A8+_C2,P10-12_A8+_C2,6,0.09375,0.07146695,1.31179511,4.356,2.08389888,0.788906,0.26294821,upper,screening_selected_transition,deuteronomy,major,transition_bucket_shape,taam_events
P16-18_A8+_C2,P7-9_A8+_C1,3,0.15,0.09672219,1.55083333,1.972,1.33954977,0.767422,0.30278884,upper,screening_selected_transition,deuteronomy,major,transition_bucket_shape,taam_events
P10-12_A8+_C3,P<=4_A3_C0,4,0.0952381,0.06501881,1.46477765,2.716,1.67767768,0.765344,0.25896414,upper,screening_selected_transition,deuteronomy,major,transition_bucket_shape,taam_events
P7-9_A8+_C2,P7-9_A8+_C2,5,0.05952381,0.04513702,1.31873583,3.796,1.64597111,0.731483,0.34262948,upper,screening_selected_transition,deuteronomy,major,transition_bucket_shape,taam_events
P5-6_A5_C0,P5-6_A6-7_C1,7,0.11290323,0.08758732,1.28903622,5.484,2.13070496,0.711502,0.29482072,upper,screening_selected_transition,deuteronomy,major,transition_bucket_shape,taam_events
P7-9_A6-7_C0,P10-12_A8+_C2,3,0.11111111,0.07146695,1.55472013,2.052,1.34481602,0.704929,0.33466135,upper,screening_selected_transition,deuteronomy,major,transition_bucket_shape,taam_events
P10-12_A8+_C3,P5-6_A6-7_C1,5,0.11904762,0.08758732,1.35918785,3.656,1.9184331,0.700572,0.33067729,upper,screening_selected_transition,deuteronomy,major,transition_bucket_shape,taam_events
P7-9_A8+_C2,P7-9_A8+_C1,10,0.11904762,0.09672219,1.23082011,8.18,2.68933637,0.676747,0.31474104,upper,screening_selected_transition,deuteronomy,major,transition_bucket_shape,taam_events
P5-6_A6-7_C0,P10-12_A8+_C2,6,0.09090909,0.07146695,1.27204375,4.64,2.06286735,0.659277,0.33466135,upper,screening_selected_transition,deuteronomy,major,transition_bucket_shape,taam_events
P10-12_A8+_C3,P10-12_A8+_C1,3,0.07142857,0.05265986,1.35641399,2.16,1.28256771,0.654936,0.39442231,upper,screening_selected_transition,deuteronomy,major,transition_bucket_shape,taam_events
P7-9_A8+_C1,P<=4_A3_C0,14,0.07777778,0.06501881,1.19623508,11.98,3.14118899,0.643069,0.30677291,upper,screening_selected_transition,deuteronomy,major,transition_bucket_shape,taam_events
P13-15_A8+_C3,P10-12_A8+_C1,3,0.08108108,0.05265986,1.53971318,2.084,1.42726745,0.641786,0.38247012,upper,screening_selected_transition,deuteronomy,major,transition_bucket_shape,taam_events
P7-9_A6-7_C1,P10-12_A8+_C1,7,0.06306306,0.05265986,1.1975547,5.656,2.22293268,0.604607,0.34661355,upper,screening_selected_transition,deuteronomy,major,transition_bucket_shape,taam_events
P5-6_A6-7_C1,P<=4_A2_C0,4,0.02469136,0.01719506,1.43595679,3.016,1.62798814,0.604427,0.3625498,upper,screening_selected_transition,deuteronomy,major,transition_bucket_shape,taam_events
P13-15_A8+_C2,P5-6_A6-7_C0,3,0.046875,0.0354648,1.32173295,2.18,1.395489,0.587608,0.38247012,upper,screening_selected_transition,deuteronomy,major,transition_bucket_shape,taam_events
P10-12_A8+_C2,P10-12_A8+_C2,11,0.08208955,0.07146695,1.14863652,9.336,2.91359919,0.571115,0.35856574,upper,screening_selected_transition,deuteronomy,major,transition_bucket_shape,taam_events
P5-6_A5_C0,P5-6_A6-7_C0,3,0.0483871,0.0354648,1.3643695,2.212,1.42237428,0.554003,0.39840637,upper,screening_selected_transition,deuteronomy,major,transition_bucket_shape,taam_events
P7-9_A8+_C1,P<=4_A2_C0,4,0.02222222,0.01719506,1.29236111,3.056,1.72533217,0.547141,0.39840637,upper,screening_selected_transition,deuteronomy,major,transition_bucket_shape,taam_events
P10-12_A8+_C1,P5-6_A5_C1,4,0.04081633,0.03062869,1.33261726,3.152,1.56033155,0.543474,0.39442231,upper,screening_selected_transition,deuteronomy,major,transition_bucket_shape,taam_events
P7-9_A8+_C1,P10-12_A8+_C2,15,0.08333333,0.07146695,1.1660401,13.124,3.49017899,0.537508,0.36653386,upper,screening_selected_transition,deuteronomy,major,transition_bucket_shape,taam_events
P10-12_A8+_C2,P7-9_A8+_C1,15,0.1119403,0.09672219,1.15733831,13.34,3.26604781,0.50826,0.35856574,upper,screening_selected_transition,deuteronomy,major,transition_bucket_shape,taam_events
P5-6_A4_C0,P<=4_A4_C0,4,0.10810811,0.08436325,1.2814598,3.164,1.652886,0.505782,0.37450199,upper,screening_selected_transition,deuteronomy,major,transition_bucket_shape,taam_events
P5-6_A6-7_C0,P5-6_A5_C0,3,0.04545455,0.03331542,1.3643695,2.3,1.42341295,0.491776,0.38247012,upper,screening_selected_transition,deuteronomy,major,transition_bucket_shape,taam_events
P<=4_A3_C0,P5-6_A6-7_C0,5,0.04132231,0.0354648,1.16516404,4.064,1.96860499,0.475464,0.37848606,upper,screening_selected_transition,deuteronomy,major,transition_bucket_shape,taam_events
P7-9_A6-7_C1,P5-6_A5_C1,4,0.03603604,0.03062869,1.17654497,3.316,1.60074782,0.4273,0.43027888,upper,screening_selected_transition,deuteronomy,major,transition_bucket_shape,taam_events
P7-9_A6-7_C1,P7-9_A8+_C2,6,0.05405405,0.04513702,1.1975547,5.076,2.18754782,0.422391,0.41434263,upper,screening_selected_transition,deuteronomy,major,transition_bucket_shape,taam_events
P10-12_A8+_C1,P<=4_A3_C0,7,0.07142857,0.06501881,1.09858323,6.14,2.16405465,0.397402,0.43426295,upper,screening_selected_transition,deuteronomy,major,transition_bucket_shape,taam_events
P13-15_A8+_C2,P10-12_A8+_C1,4,0.0625,0.05265986,1.18686224,3.324,1.70135311,0.397331,0.45418327,upper,screening_selected_transition,deuteronomy,major,transition_bucket_shape,taam_events
P7-9_A6-7_C1,P<=4_A4_C0,10,0.09009009,0.08436325,1.06788317,9.064,2.45356556,0.381486,0.41035857,upper,screening_selected_transition,deuteronomy,major,transition_bucket_shape,taam_events
P7-9_A8+_C1,P13-15_A8+_C2,7,0.03888889,0.03439011,1.13081597,6.18,2.2015876,0.372458,0.44223108,upper,screening_selected_transition,deuteronomy,major,transition_bucket_shape,taam_events
P7-9_A6-7_C1,P10-12_A8+_C3,3,0.02702703,0.02256851,1.1975547,2.48,1.47045877,0.353631,0.44621514,upper,screening_selected_transition,deuteronomy,major,transition_bucket_shape,taam_events
P<=4_A3_C0,P<=4_A3_C0,9,0.07438017,0.06501881,1.14397924,8.016,2.86225681,0.343785,0.41035857,upper,screening_selected_transition,deuteronomy,major,transition_bucket_shape,taam_events
P5-6_A6-7_C0,P10-12_A8+_C1,4,0.06060606,0.05265986,1.15089672,3.392,1.78524069,0.34057,0.45816733,upper,screening_selected_transition,deuteronomy,major,transition_bucket_shape,taam_events
P7-9_A8+_C1,P5-6_A6-7_C0,7,0.03888889,0.0354648,1.09654882,6.236,2.4372247,0.313471,0.43027888,upper,screening_selected_transition,deuteronomy,major,transition_bucket_shape,taam_events
P5-6_A6-7_C0,P<=4_A3_C0,5,0.07575758,0.06501881,1.16516404,4.388,1.9812008,0.308904,0.44621514,upper,screening_selected_transition,deuteronomy,major,transition_bucket_shape,taam_events
P10-12_A8+_C1,P<=4_A4_C0,9,0.09183673,0.08436325,1.08858703,8.216,2.71566629,0.288695,0.43426295,upper,screening_selected_transition,deuteronomy,major,transition_bucket_shape,taam_events
P<=4_A4_C0,P10-12_A8+_C2,12,0.07643312,0.07146695,1.06948901,11.112,3.18686057,0.278644,0.43426295,upper,screening_selected_transition,deuteronomy,major,transition_bucket_shape,taam_events
P<=4_A4_C0,P13-15_A8+_C2,6,0.03821656,0.03439011,1.11126592,5.412,2.17374254,0.270501,0.48207171,upper,screening_selected_transition,deuteronomy,major,transition_bucket_shape,taam_events
P5-6_A6-7_C1,P7-9_A8+_C2,8,0.04938272,0.04513702,1.09406232,7.32,2.56200223,0.265417,0.43824701,upper,screening_selected_transition,deuteronomy,major,transition_bucket_shape,taam_events
P<=4_A4_C0,P<=4_A3_C0,11,0.07006369,0.06501881,1.0775912,10.292,2.96138739,0.239077,0.45816733,upper,screening_selected_transition,deuteronomy,major,transition_bucket_shape,taam_events
P10-12_A8+_C2,P5-6_A5_C0,5,0.03731343,0.03331542,1.12000481,4.532,2.0360644,0.229855,0.48207171,upper,screening_selected_transition,deuteronomy,major,transition_bucket_shape,taam_events
P<=4_A5_C0,P7-9_A8+_C1,7,0.10769231,0.09672219,1.1134188,6.432,2.48315126,0.228742,0.42629482,upper,screening_selected_transition,deuteronomy,major,transition_bucket_shape,taam_events
P7-9_A6-7_C1,P<=4_A5_C0,4,0.03603604,0.03492746,1.03173943,3.664,1.82109019,0.184505,0.52191235,upper,screening_selected_transition,deuteronomy,major,transition_bucket_shape,taam_events
P7-9_A8+_C1,P5-6_A4_C0,4,0.02222222,0.01988178,1.11771772,3.68,1.75210717,0.182637,0.52191235,upper,screening_selected_transition,deuteronomy,major,transition_bucket_shape,taam_events
P5-6_A4_C0,P10-12_A8+_C2,3,0.08108108,0.07146695,1.1345255,2.716,1.56368939,0.181622,0.51792829,upper,screening_selected_transition,deuteronomy,major,transition_bucket_shape,taam_events
P7-9_A8+_C1,P7-9_A6-7_C0,3,0.01666667,0.01450833,1.14876543,2.8,1.57796066,0.126746,0.53784861,upper,screening_selected_transition,deuteronomy,major,transition_bucket_shape,taam_events
P5-6_A5_C1,P<=4_A4_C0,5,0.0877193,0.08436325,1.03978098,4.776,2.07631122,0.107884,0.51792829,upper,screening_selected_transition,deuteronomy,major,transition_bucket_shape,taam_events
P<=4_A2_C0,P5-6_A6-7_C1,3,0.09375,0.08758732,1.07036043,2.836,1.59853849,0.102594,0.5498008,upper,screening_selected_transition,deuteronomy,major,transition_bucket_shape,taam_events
P<=4_A4_C0,P5-6_A4_C0,3,0.01910828,0.01988178,0.96109485,2.884,1.62019881,0.071596,0.57370518,upper,screening_selected_transition,deuteronomy,major,transition_bucket_shape,taam_events
P7-9_A8+_C1,P7-9_A8+_C2,8,0.04444444,0.04513702,0.98465608,7.888,2.44527575,0.045803,0.55776892,upper,screening_selected_transition,deuteronomy,major,transition_bucket_shape,taam_events
P10-12_A8+_C2,P7-9_A8+_C2,6,0.04477612,0.04513702,0.99200426,5.948,2.19923682,0.023645,0.5498008,upper,screening_selected_transition,deuteronomy,major,transition_bucket_shape,taam_events
P10-12_A8+_C2,P5-6_A5_C1,4,0.02985075,0.03062869,0.97460068,3.96,2.01958284,0.019806,0.5498008,upper,screening_selected_transition,deuteronomy,major,transition_bucket_shape,taam_events
P10-12_A8+_C3,P7-9_A8+_C1,4,0.0952381,0.09672219,0.98465608,3.984,1.84100549,0.008691,0.5936255,upper,screening_selected_transition,deuteronomy,major,transition_bucket_shape,taam_events
P7-9_A8+_C2,P7-9_A6-7_C1,5,0.05952381,0.05964535,0.99796225,5.016,1.93460974,-0.00827,0.60557769,upper,screening_selected_transition,deuteronomy,major,transition_bucket_shape,taam_events
P<=4_A2_C0,P7-9_A8+_C1,3,0.09375,0.09672219,0.96927083,3.016,1.70274524,-0.009397,0.60159363,upper,screening_selected_transition,deuteronomy,major,transition_bucket_shape,taam_events
P<=4_A4_C0,P7-9_A8+_C2,7,0.04458599,0.04513702,0.98779193,7.048,2.54393049,-0.018868,0.56972112,upper,screening_selected_transition,deuteronomy,major,transition_bucket_shape,taam_events
P<=4_A3_C0,P<=4_A5_C0,4,0.03305785,0.03492746,0.94647171,4.128,1.92833865,-0.066378,0.60956175,upper,screening_selected_transition,deuteronomy,major,transition_bucket_shape,taam_events
P5-6_A5_C1,P7-9_A6-7_C1,3,0.05263158,0.05964535,0.88240872,3.176,1.7859964,-0.098544,0.62151394,upper,screening_selected_transition,deuteronomy,major,transition_bucket_shape,taam_events
P<=4_A3_C0,P10-12_A8+_C1,6,0.04958678,0.05265986,0.94164277,6.252,2.30341461,-0.109403,0.62549801,upper,screening_selected_transition,deuteronomy,major,transition_bucket_shape,taam_events
P5-6_A6-7_C0,P7-9_A8+_C2,3,0.04545455,0.04513702,1.00703463,3.212,1.57766031,-0.134376,0.65338645,upper,screening_selected_transition,deuteronomy,major,transition_bucket_shape,taam_events
P7-9_A8+_C1,P<=4_A4_C0,15,0.08333333,0.08436325,0.98779193,15.484,3.51041823,-0.137875,0.61354582,upper,screening_selected_transition,deuteronomy,major,transition_bucket_shape,taam_events
P7-9_A8+_C2,P5-6_A6-7_C1,7,0.08333333,0.08758732,0.95143149,7.376,2.55278099,-0.14729,0.62151394,upper,screening_selected_transition,deuteronomy,major,transition_bucket_shape,taam_events
P<=4_A3_C0,P7-9_A6-7_C1,7,0.05785124,0.05964535,0.96992033,7.36,2.42444048,-0.148488,0.60159363,upper,screening_selected_transition,deuteronomy,major,transition_bucket_shape,taam_events
P13-15_A8+_C2,P<=4_A4_C0,5,0.078125,0.08436325,0.92605494,5.46,2.32853781,-0.197549,0.62948207,upper,screening_selected_transition,deuteronomy,major,transition_bucket_shape,taam_events
P10-12_A8+_C1,P<=4_A5_C0,3,0.03061224,0.03492746,0.87645212,3.428,1.66128126,-0.257632,0.69721116,upper,screening_selected_transition,deuteronomy,major,transition_bucket_shape,taam_events
P13-15_A8+_C2,P5-6_A6-7_C1,5,0.078125,0.08758732,0.89196702,5.672,2.38561957,-0.281688,0.6812749,upper,screening_selected_transition,deuteronomy,major,transition_bucket_shape,taam_events
P7-9_A8+_C1,P13-15_A8+_C3,3,0.01666667,0.01988178,0.83828829,3.568,2.01534674,-0.281837,0.68525896,upper,screening_selected_transition,deuteronomy,major,transition_bucket_shape,taam_events
P5-6_A6-7_C1,P<=4_A5_C0,5,0.0308642,0.03492746,0.88366572,5.616,2.10099995,-0.293194,0.6812749,upper,screening_selected_transition,deuteronomy,major,transition_bucket_shape,taam_events
P7-9_A8+_C2,P<=4_A3_C0,5,0.05952381,0.06501881,0.91548603,5.7,2.32197465,-0.301468,0.67729084,upper,screening_selected_transition,deuteronomy,major,transition_bucket_shape,taam_events
P5-6_A4_C0,P7-9_A8+_C1,3,0.08108108,0.09672219,0.83828829,3.58,1.9021231,-0.304922,0.68924303,upper,screening_selected_transition,deuteronomy,major,transition_bucket_shape,taam_events
P7-9_A8+_C2,P<=4_A4_C0,6,0.07142857,0.08436325,0.8466788,6.88,2.4856213,-0.354036,0.70517928,upper,screening_selected_transition,deuteronomy,major,transition_bucket_shape,taam_events
P7-9_A6-7_C1,P13-15_A8+_C2,3,0.02702703,0.03439011,0.78589527,3.756,1.8628863,-0.405822,0.74103586,upper,screening_selected_transition,deuteronomy,major,transition_bucket_shape,taam_events
P13-15_A8+_C2,P7-9_A6-7_C1,3,0.046875,0.05964535,0.78589527,3.872,2.01789584,-0.432133,0.73705179,upper,screening_selected_transition,deuteronomy,major,transition_bucket_shape,taam_events
P<=4_A5_C0,P7-9_A6-7_C1,3,0.04615385,0.05964535,0.77380457,3.852,1.96916389,-0.432671,0.73705179,upper,screening_selected_transition,deuteronomy,major,transition_bucket_shape,taam_events
P5-6_A6-7_C1,P10-12_A8+_C3,3,0.01851852,0.02256851,0.82054674,3.884,1.95700369,-0.451711,0.75298805,upper,screening_selected_transition,deuteronomy,major,transition_bucket_shape,taam_events
P<=4_A3_C0,P7-9_A8+_C1,10,0.08264463,0.09672219,0.85445363,11.628,3.46549486,-0.469774,0.74103586,upper,screening_selected_transition,deuteronomy,major,transition_bucket_shape,taam_events
P5-6_A6-7_C1,P10-12_A8+_C1,7,0.04320988,0.05265986,0.82054674,8.452,2.79839598,-0.518869,0.74103586,upper,screening_selected_transition,deuteronomy,major,transition_bucket_shape,taam_events
P5-6_A5_C0,P<=4_A4_C0,4,0.06451613,0.08436325,0.76474214,5.244,2.24781554,-0.553426,0.77689243,upper,screening_selected_transition,deuteronomy,major,transition_bucket_shape,taam_events
P7-9_A8+_C1,P10-12_A8+_C1,8,0.04444444,0.05265986,0.84399093,9.508,2.64080127,-0.571039,0.7689243,upper,screening_selected_transition,deuteronomy,major,transition_bucket_shape,taam_events
P<=4_A4_C0,P7-9_A6-7_C1,8,0.05095541,0.05964535,0.85430654,9.616,2.78343926,-0.580577,0.76095618,upper,screening_selected_transition,deuteronomy,major,transition_bucket_shape,taam_events
P10-12_A8+_C1,P7-9_A8+_C1,8,0.08163265,0.09672219,0.84399093,9.644,2.65356924,-0.619543,0.78486056,upper,screening_selected_transition,deuteronomy,major,transition_bucket_shape,taam_events
P<=4_A5_C0,P5-6_A6-7_C1,4,0.06153846,0.08758732,0.70259556,5.484,2.29057437,-0.647872,0.79282869,upper,screening_selected_transition,deuteronomy,major,transition_bucket_shape,taam_events
P7-9_A8+_C1,P5-6_A5_C1,4,0.02222222,0.03062869,0.72553606,5.504,2.11942252,-0.709627,0.8247012,upper,screening_selected_transition,deuteronomy,major,transition_bucket_shape,taam_events
P<=4_A4_C0,P<=4_A5_C0,4,0.02547771,0.03492746,0.72944635,5.54,2.09234597,-0.736016,0.84462151,upper,screening_selected_transition,deuteronomy,major,transition_bucket_shape,taam_events
P10-12_A8+_C1,P10-12_A8+_C2,5,0.05102041,0.07146695,0.7139021,6.912,2.55231527,-0.749124,0.82071713,upper,screening_selected_transition,deuteronomy,major,transition_bucket_shape,taam_events
P7-9_A8+_C2,P10-12_A8+_C1,3,0.03571429,0.05265986,0.678207,4.592,2.10219239,-0.757305,0.84063745,upper,screening_selected_transition,deuteronomy,major,transition_bucket_shape,taam_events
P<=4_A4_C0,P5-6_A6-7_C0,4,0.02547771,0.0354648,0.71839413,5.86,2.40322741,-0.773959,0.85258964,upper,screening_selected_transition,deuteronomy,major,transition_bucket_shape,taam_events
P7-9_A6-7_C1,P5-6_A6-7_C1,7,0.06306306,0.08758732,0.72000221,9.304,2.78615049,-0.826947,0.85657371,upper,screening_selected_transition,deuteronomy,major,transition_bucket_shape,taam_events
P<=4_A4_C0,P<=4_A4_C0,10,0.06369427,0.08436325,0.7550002,13.032,3.55436493,-0.853036,0.83665339,upper,screening_selected_transition,deuteronomy,major,transition_bucket_shape,taam_events
P5-6_A5_C0,P7-9_A8+_C1,4,0.06451613,0.09672219,0.66702509,6.06,2.40322741,-0.857181,0.84462151,upper,screening_selected_transition,deuteronomy,major,transition_bucket_shape,taam_events
P7-9_A6-7_C1,P<=4_A3_C0,5,0.04504505,0.06501881,0.69280024,7.164,2.48875059,-0.869513,0.88047809,upper,screening_selected_transition,deuteronomy,major,transition_bucket_shape,taam_events
P10-12_A8+_C1,P7-9_A8+_C2,3,0.03061224,0.04513702,0.678207,4.632,1.86937268,-0.87302,0.89641434,upper,screening_selected_transition,deuteronomy,major,transition_bucket_shape,taam_events
P10-12_A8+_C2,P5-6_A6-7_C1,9,0.06716418,0.08758732,0.76682538,11.64,3.00441442,-0.878707,0.86055777,upper,screening_selected_transition,deuteronomy,major,transition_bucket_shape,taam_events
P5-6_A6-7_C1,P<=4_A4_C0,11,0.06790123,0.08436325,0.8048675,14.064,3.40149743,-0.90078,0.8685259,upper,screening_selected_transition,deuteronomy,major,transition_bucket_shape,taam_events
P7-9_A8+_C1,P7-9_A8+_C1,13,0.07222222,0.09672219,0.74669753,16.932,3.86823331,-1.016485,0.88446215,upper,screening_selected_transition,deuteronomy,major,transition_bucket_shape,taam_events
P5-6_A5_C1,P7-9_A8+_C1,3,0.05263158,0.09672219,0.54415205,5.46,2.26736937,-1.084958,0.92031873,upper,screening_selected_transition,deuteronomy,major,transition_bucket_shape,taam_events
P7-9_A6-7_C1,P7-9_A6-7_C1,4,0.03603604,0.05964535,0.60417174,6.74,2.44957172,-1.118563,0.90836653,upper,screening_selected_transition,deuteronomy,major,transition_bucket_shape,taam_events
P<=4_A5_C0,P<=4_A4_C0,3,0.04615385,0.08436325,0.54708476,5.656,2.29755938,-1.156009,0.92430279,upper,screening_selected_transition,deuteronomy,major,transition_bucket_shape,taam_events
P5-6_A6-7_C1,P5-6_A5_C0,3,0.01851852,0.03331542,0.55585424,5.52,2.164333,-1.164331,0.92031873,upper,screening_selected_transition,deuteronomy,major,transition_bucket_shape,taam_events
P5-6_A6-7_C0,P<=4_A4_C0,3,0.04545455,0.08436325,0.5387956,5.46,2.07306304,-1.18665,0.93227092,upper,screening_selected_transition,deuteronomy,major,transition_bucket_shape,taam_events
P7-9_A6-7_C1,P10-12_A8+_C2,5,0.04504505,0.07146695,0.63029195,8.368,2.65116781,-1.270384,0.93625498,upper,screening_selected_transition,deuteronomy,major,transition_bucket_shape,taam_events
P<=4_A4_C0,P5-6_A6-7_C1,9,0.05732484,0.08758732,0.65448791,13.64,3.56669106,-1.300926,0.92031873,upper,screening_selected_transition,deuteronomy,major,transition_bucket_shape,taam_events
P7-9_A8+_C1,P5-6_A6-7_C1,11,0.06111111,0.08758732,0.69771643,15.804,3.64234136,-1.318932,0.91633466,upper,screening_selected_transition,deuteronomy,major,transition_bucket_shape,taam_events
P5-6_A6-7_C0,P7-9_A8+_C1,3,0.04545455,0.09672219,0.46994949,6.504,2.59633353,-1.349595,0.96414343,upper,screening_selected_transition,deuteronomy,major,transition_bucket_shape,taam_events
P5-6_A6-7_C0,P5-6_A6-7_C1,3,0.04545455,0.08758732,0.51896263,5.964,2.11959305,-1.398382,0.9561753,upper,screening_selected_transition,deuteronomy,major,transition_bucket_shape,taam_events
P<=4_A4_C0,P7-9_A8+_C1,10,0.06369427,0.09672219,0.65852795,14.896,3.42638944,-1.428909,0.95219124,upper,screening_selected_transition,deuteronomy,major,transition_bucket_shape,taam_events
P10-12_A8+_C2,P7-9_A6-7_C1,4,0.02985075,0.05964535,0.50047062,7.868,2.40535213,-1.608081,0.96812749,upper,screening_selected_transition,deuteronomy,major,transition_bucket_shape,taam_events
P10-12_A8+_C2,P<=4_A4_C0,6,0.04477612,0.08436325,0.53075387,11.156,3.15141073,-1.636093,0.97211155,upper,screening_selected_transition,deuteronomy,major,transition_bucket_shape,taam_events
P5-6_A6-7_C1,P7-9_A8+_C1,9,0.05555556,0.09672219,0.57438272,15.392,3.50878645,-1.821712,0.98406375,upper,screening_selected_transition,deuteronomy,major,transition_bucket_shape,taam_events
P5-6_A6-7_C1,P10-12_A8+_C2,6,0.03703704,0.07146695,0.51824004,11.648,3.01869942,-1.871004,0.98804781,upper,screening_selected_transition,deuteronomy,major,transition_bucket_shape,taam_events
P3_A3_C0,P3_A4_C0,11,0.2037037,0.03976357,5.12287287,2.028,1.33354014,6.727956,0.00398406,upper,screening_selected_transition,deuteronomy,major,transition_exact_shape,taam_events
P4_A4_C1,P4_A4_C0,5,0.33333333,0.04298764,7.75416667,0.604,0.68194148,6.446301,0.00398406,upper,screening_selected_transition,deuteronomy,major,transition_exact_shape,taam_events
P7_A7_C2,P6_A7_C1,3,0.27272727,0.0236432,11.53512397,0.244,0.45749449,6.024116,0.00398406,upper,screening_selected_transition,deuteronomy,major,transition_exact_shape,taam_events
P4_A4_C0,P4_A4_C1,5,0.0625,0.00806018,7.75416667,0.648,0.79915618,5.445744,0.00398406,upper,screening_selected_transition,deuteronomy,major,transition_exact_shape,taam_events
P3_A2_C0,P3_A4_C0,3,0.375,0.03976357,9.43074324,0.304,0.52601403,5.125339,0.00796813,upper,screening_selected_transition,deuteronomy,major,transition_exact_shape,taam_events
P5_A5_C1,P6_A8_C1,3,0.08333333,0.01020956,8.1622807,0.38,0.59751829,4.384803,0.00796813,upper,screening_selected_transition,deuteronomy,major,transition_exact_shape,taam_events
P4_A3_C0,P3_A4_C0,5,0.20833333,0.03976357,5.2393018,0.856,0.95019761,4.361198,0.00398406,upper,screening_selected_transition,deuteronomy,major,transition_exact_shape,taam_events
P5_A7_C1,P6_A6_C1,3,0.23076923,0.03385277,6.81684982,0.436,0.638384,4.016391,0.00796813,upper,screening_selected_transition,deuteronomy,major,transition_exact_shape,taam_events
P4_A6_C1,P4_A4_C0,3,0.27272727,0.04298764,6.34431818,0.48,0.65980404,3.819316,0.01195219,upper,screening_selected_transition,deuteronomy,major,transition_exact_shape,taam_events
P5_A6_C1,P3_A3_C0,5,0.11627907,0.02901666,4.00732127,1.152,1.05705509,3.640302,0.00796813,upper,screening_selected_transition,deuteronomy,major,transition_exact_shape,taam_events
P5_A5_C1,P6_A7_C1,4,0.11111111,0.0236432,4.69949495,0.952,0.89043106,3.423061,0.00796813,upper,screening_selected_transition,deuteronomy,major,transition_exact_shape,taam_events
P4_A5_C0,P9_A9_C1,3,0.05882353,0.0118216,4.97593583,0.5,0.73495622,3.401563,0.02390438,upper,screening_selected_transition,deuteronomy,major,transition_exact_shape,taam_events
P6_A8_C1,P3_A3_C0,3,0.15789474,0.02901666,5.44152047,0.576,0.76325239,3.175883,0.02390438,upper,screening_selected_transition,deuteronomy,major,transition_exact_shape,taam_events
P3_A4_C0,P5_A5_C1,5,0.06756757,0.01934444,3.49286787,1.592,1.28379458,2.65463,0.02390438,upper,screening_selected_transition,deuteronomy,major,transition_exact_shape,taam_events
P7_A8_C1,P4_A4_C0,4,0.12903226,0.04298764,3.0016129,1.272,1.03260889,2.641852,0.03187251,upper,screening_selected_transition,deuteronomy,major,transition_exact_shape,taam_events
P3_A4_C0,P3_A3_C0,6,0.08108108,0.02901666,2.79429429,2.244,1.51580164,2.477897,0.02788845,upper,screening_selected_transition,deuteronomy,major,transition_exact_shape,taam_events
P4_A5_C1,P4_A4_C0,3,0.16666667,0.04298764,3.87708333,0.752,0.91534004,2.455918,0.05976096,upper,screening_selected_transition,deuteronomy,major,transition_exact_shape,taam_events
P5_A6_C1,P4_A4_C0,5,0.11627907,0.04298764,2.70494186,1.8,1.30799212,2.446498,0.01992032,upper,screening_selected_transition,deuteronomy,major,transition_exact_shape,taam_events
P3_A3_C0,P8_A9_C1,3,0.05555556,0.01397098,3.97649573,0.828,0.91309967,2.378711,0.05179283,upper,screening_selected_transition,deuteronomy,major,transition_exact_shape,taam_events
P8_A8_C1,P2_A3_C0,3,0.08571429,0.02310586,3.70963455,0.868,0.90656685,2.351729,0.04780876,upper,screening_selected_transition,deuteronomy,major,transition_exact_shape,taam_events
P6_A7_C1,P6_A6_C1,4,0.09090909,0.03385277,2.68542569,1.468,1.17237959,2.15971,0.05577689,upper,screening_selected_transition,deuteronomy,major,transition_exact_shape,taam_events
P2_A3_C0,P7_A7_C1,3,0.06976744,0.02203117,3.1667612,0.984,0.97341365,2.071062,0.06374502,upper,screening_selected_transition,deuteronomy,major,transition_exact_shape,taam_events
P6_A6_C1,P6_A7_C1,4,0.06451613,0.0236432,2.728739,1.472,1.25519643,2.014027,0.07968127,upper,screening_selected_transition,deuteronomy,major,transition_exact_shape,taam_events
P2_A3_C0,P6_A6_C1,4,0.09302326,0.03385277,2.74787745,1.476,1.26166206,2.000536,0.06772908,upper,screening_selected_transition,deuteronomy,major,transition_exact_shape,taam_events
P4_A5_C0,P5_A5_C0,3,0.05882353,0.02095648,2.80693816,1.052,0.98242385,1.982851,0.08366534,upper,screening_selected_transition,deuteronomy,major,transition_exact_shape,taam_events
P7_A7_C1,P4_A4_C0,4,0.09756098,0.04298764,2.2695122,1.732,1.14954854,1.972948,0.0876494,upper,screening_selected_transition,deuteronomy,major,transition_exact_shape,taam_events
P3_A4_C0,P5_A5_C0,4,0.05405405,0.02095648,2.57934858,1.5,1.27455796,1.961464,0.07171315,upper,screening_selected_transition,deuteronomy,major,transition_exact_shape,taam_events
P6_A6_C1,P6_A6_C0,3,0.0483871,0.01665771,2.90478668,1.172,1.01317426,1.804231,0.10358566,upper,screening_selected_transition,deuteronomy,major,transition_exact_shape,taam_events
P5_A5_C1,P4_A5_C0,3,0.08333333,0.02740462,3.04084967,1.096,1.08234462,1.759144,0.11155378,upper,screening_selected_transition,deuteronomy,major,transition_exact_shape,taam_events
P5_A5_C1,P3_A3_C0,3,0.08333333,0.02901666,2.87191358,1.076,1.12574117,1.709096,0.09561753,upper,screening_selected_transition,deuteronomy,major,transition_exact_shape,taam_events
P4_A4_C0,P5_A6_C1,4,0.05,0.02310586,2.16395349,1.772,1.33233497,1.672252,0.11553785,upper,screening_selected_transition,deuteronomy,major,transition_exact_shape,taam_events
P6_A7_C1,P4_A4_C0,4,0.09090909,0.04298764,2.11477273,1.86,1.2802171,1.671591,0.11952191,upper,screening_selected_transition,deuteronomy,major,transition_exact_shape,taam_events
P6_A7_C1,P3_A3_C0,3,0.06818182,0.02901666,2.34974747,1.32,1.05738937,1.588819,0.14741036,upper,screening_selected_transition,deuteronomy,major,transition_exact_shape,taam_events
P3_A4_C0,P8_A8_C1,3,0.04054054,0.01880709,2.15559846,1.324,1.08430942,1.545684,0.17131474,upper,screening_selected_transition,deuteronomy,major,transition_exact_shape,taam_events
P6_A6_C1,P7_A7_C1,3,0.0483871,0.02203117,2.19630212,1.392,1.12221811,1.432877,0.13944223,upper,screening_selected_transition,deuteronomy,major,transition_exact_shape,taam_events
P5_A4_C0,P3_A4_C0,3,0.09090909,0.03976357,2.28624079,1.316,1.18565048,1.420317,0.15139442,upper,screening_selected_transition,deuteronomy,major,transition_exact_shape,taam_events
P3_A3_C0,P4_A5_C0,3,0.05555556,0.02740462,2.02723312,1.412,1.17292755,1.353877,0.16733068,upper,screening_selected_transition,deuteronomy,major,transition_exact_shape,taam_events
P4_A5_C0,P6_A6_C1,3,0.05882353,0.03385277,1.73762838,1.632,1.22251962,1.119,0.22310757,upper,screening_selected_transition,deuteronomy,major,transition_exact_shape,taam_events
P3_A3_C0,P6_A6_C1,3,0.05555556,0.03385277,1.64109347,1.864,1.31926717,0.861084,0.29482072,upper,screening_selected_transition,deuteronomy,major,transition_exact_shape,taam_events
P4_A4_C0,P7_A7_C1,3,0.0375,0.02203117,1.70213415,1.904,1.31975415,0.830458,0.29083665,upper,screening_selected_transition,deuteronomy,major,transition_exact_shape,taam_events
P4_A4_C0,P2_A3_C0,3,0.0375,0.02310586,1.62296512,2.04,1.40223574,0.684621,0.34262948,upper,screening_selected_transition,deuteronomy,major,transition_exact_shape,taam_events
P4_A4_C0,P3_A4_C0,4,0.05,0.03976357,1.25743243,3.08,1.65303664,0.556551,0.39442231,upper,screening_selected_transition,deuteronomy,major,transition_exact_shape,taam_events
P4_A4_C0,P4_A5_C0,3,0.0375,0.02740462,1.36838235,2.168,1.51424826,0.549448,0.37450199,upper,screening_selected_transition,deuteronomy,major,transition_exact_shape,taam_events
P6_A6_C1,P6_A6_C1,3,0.0483871,0.03385277,1.42933948,2.272,1.52818763,0.476381,0.39442231,upper,screening_selected_transition,deuteronomy,major,transition_exact_shape,taam_events
P3_A4_C0,P4_A4_C0,3,0.04054054,0.04298764,0.94307432,3.116,1.84285879,-0.062946,0.58565737,upper,screening_selected_transition,deuteronomy,major,transition_exact_shape,taam_events
P19-24_A8+_C2,P25+_A8+_C3,4,0.08888889,0.0115425,7.7010101,0.496,0.70709542,4.955484,0.00398406,upper,screening_selected_transition,deuteronomy,verse,transition_bucket_shape,taam_events
P10-12_A8+_C3,P10-12_A8+_C2,3,0.5,0.05981112,8.35964912,0.432,0.61227078,4.194223,0.00796813,upper,screening_selected_transition,deuteronomy,verse,transition_bucket_shape,taam_events
P10-12_A8+_C2,P7-9_A6-7_C0,4,0.07142857,0.01364113,5.23626374,0.692,0.82938987,3.988474,0.01195219,upper,screening_selected_transition,deuteronomy,verse,transition_bucket_shape,taam_events
P13-15_A8+_C1,P25+_A8+_C4+,7,0.14893617,0.04407135,3.37943262,2.148,1.42767258,3.398538,0.00796813,upper,screening_selected_transition,deuteronomy,verse,transition_bucket_shape,taam_events
P7-9_A8+_C2,P19-24_A8+_C4+,3,0.42857143,0.08919203,4.80504202,0.592,0.76148238,3.162253,0.02390438,upper,screening_selected_transition,deuteronomy,verse,transition_bucket_shape,taam_events
P19-24_A8+_C3,P19-24_A8+_C1,3,0.04225352,0.01049318,4.02676056,0.7,0.81279922,2.829727,0.03585657,upper,screening_selected_transition,deuteronomy,verse,transition_bucket_shape,taam_events
P19-24_A8+_C3,P16-18_A8+_C1,4,0.05633803,0.01888772,2.9827856,1.284,1.01955971,2.663895,0.03585657,upper,screening_selected_transition,deuteronomy,verse,transition_bucket_shape,taam_events
P19-24_A8+_C2,P16-18_A8+_C4+,4,0.08888889,0.02833158,3.13744856,1.228,1.04517249,2.652194,0.02788845,upper,screening_selected_transition,deuteronomy,verse,transition_bucket_shape,taam_events
P25+_A8+_C4+,P16-18_A8+_C1,3,0.07142857,0.01888772,3.78174603,0.776,0.84894454,2.619724,0.05179283,upper,screening_selected_transition,deuteronomy,verse,transition_bucket_shape,taam_events
P16-18_A8+_C1,P25+_A8+_C4+,3,0.16666667,0.04407135,3.78174603,0.768,0.87017517,2.565001,0.03984064,upper,screening_selected_transition,deuteronomy,verse,transition_bucket_shape,taam_events
P5-6_A6-7_C0,P5-6_A6-7_C0,3,0.10714286,0.0293809,3.64668367,0.784,0.87888209,2.521385,0.0438247,upper,screening_selected_transition,deuteronomy,verse,transition_bucket_shape,taam_events
P7-9_A6-7_C0,P16-18_A8+_C2,3,0.23076923,0.06086044,3.79177719,0.812,0.93173414,2.348309,0.04780876,upper,screening_selected_transition,deuteronomy,verse,transition_bucket_shape,taam_events
P13-15_A8+_C2,P5-6_A6-7_C0,6,0.075,0.0293809,2.55267857,2.4,1.53669964,2.342683,0.0438247,upper,screening_selected_transition,deuteronomy,verse,transition_bucket_shape,taam_events
P7-9_A8+_C1,P13-15_A8+_C2,9,0.16071429,0.08394544,1.91450893,4.652,1.89347219,2.29631,0.02788845,upper,screening_selected_transition,deuteronomy,verse,transition_bucket_shape,taam_events
P13-15_A8+_C2,P10-12_A8+_C2,9,0.1125,0.05981112,1.88092105,4.66,1.93685457,2.240746,0.03187251,upper,screening_selected_transition,deuteronomy,verse,transition_bucket_shape,taam_events
P13-15_A8+_C1,P16-18_A8+_C1,3,0.06382979,0.01888772,3.37943262,0.936,0.92917029,2.221337,0.06374502,upper,screening_selected_transition,deuteronomy,verse,transition_bucket_shape,taam_events
P19-24_A8+_C2,P19-24_A8+_C2,5,0.11111111,0.04616999,2.40656566,2.112,1.32153009,2.185346,0.05976096,upper,screening_selected_transition,deuteronomy,verse,transition_bucket_shape,taam_events
P10-12_A8+_C1,P10-12_A8+_C0,6,0.06122449,0.0293809,2.08381924,2.776,1.53860104,2.09541,0.06374502,upper,screening_selected_transition,deuteronomy,verse,transition_bucket_shape,taam_events
P19-24_A8+_C4+,P16-18_A8+_C2,9,0.10588235,0.06086044,1.73975659,5.028,2.04645251,1.94092,0.04780876,upper,screening_selected_transition,deuteronomy,verse,transition_bucket_shape,taam_events
P16-18_A8+_C2,P10-12_A8+_C1,10,0.17241379,0.10283316,1.67663617,5.86,2.21540789,1.86873,0.06374502,upper,screening_selected_transition,deuteronomy,verse,transition_bucket_shape,taam_events
P16-18_A8+_C2,P19-24_A8+_C3,8,0.13793103,0.07450157,1.85138417,4.42,2.03671126,1.757736,0.0876494,upper,screening_selected_transition,deuteronomy,verse,transition_bucket_shape,taam_events
P19-24_A8+_C4+,P19-24_A8+_C4+,12,0.14117647,0.08919203,1.58283737,7.64,2.50589666,1.739896,0.07171315,upper,screening_selected_transition,deuteronomy,verse,transition_bucket_shape,taam_events
P19-24_A8+_C2,P13-15_A8+_C3,4,0.08888889,0.03882476,2.28948949,1.776,1.29790687,1.713528,0.09960159,upper,screening_selected_transition,deuteronomy,verse,transition_bucket_shape,taam_events
P10-12_A8+_C1,P13-15_A8+_C1,8,0.08163265,0.04931794,1.65523231,4.744,1.91130225,1.703551,0.09163347,upper,screening_selected_transition,deuteronomy,verse,transition_bucket_shape,taam_events
P13-15_A8+_C1,P13-15_A8+_C3,4,0.08510638,0.03882476,2.1920644,1.824,1.35067438,1.611047,0.11553785,upper,screening_selected_transition,deuteronomy,verse,transition_bucket_shape,taam_events
P16-18_A8+_C3,P25+_A8+_C4+,4,0.08695652,0.04407135,1.97308489,1.888,1.39255623,1.516635,0.13545817,upper,screening_selected_transition,deuteronomy,verse,transition_bucket_shape,taam_events
P16-18_A8+_C3,P19-24_A8+_C3,6,0.13043478,0.07450157,1.75076546,3.536,1.64789753,1.495239,0.12350598,upper,screening_selected_transition,deuteronomy,verse,transition_bucket_shape,taam_events
P10-12_A8+_C2,P7-9_A8+_C1,6,0.10714286,0.0587618,1.82334184,3.364,1.77654961,1.483775,0.11952191,upper,screening_selected_transition,deuteronomy,verse,transition_bucket_shape,taam_events
P13-15_A8+_C2,P19-24_A8+_C4+,11,0.1375,0.08919203,1.54161765,7.356,2.470156,1.47521,0.11155378,upper,screening_selected_transition,deuteronomy,verse,transition_bucket_shape,taam_events
P25+_A8+_C4+,P16-18_A8+_C3,4,0.0952381,0.04826863,1.97308489,2.056,1.33716718,1.45382,0.1314741,upper,screening_selected_transition,deuteronomy,verse,transition_bucket_shape,taam_events
P25+_A8+_C4+,P13-15_A8+_C1,4,0.0952381,0.04931794,1.93110436,1.996,1.42128965,1.409987,0.15139442,upper,screening_selected_transition,deuteronomy,verse,transition_bucket_shape,taam_events
P10-12_A8+_C2,P16-18_A8+_C2,6,0.10714286,0.06086044,1.76046798,3.412,1.89118012,1.368458,0.14342629,upper,screening_selected_transition,deuteronomy,verse,transition_bucket_shape,taam_events
P13-15_A8+_C1,P16-18_A8+_C3,4,0.08510638,0.04826863,1.76318224,2.168,1.34275387,1.36436,0.15537849,upper,screening_selected_transition,deuteronomy,verse,transition_bucket_shape,taam_events
P13-15_A8+_C1,P13-15_A8+_C1,4,0.08510638,0.04931794,1.72566772,2.16,1.35563675,1.357296,0.16334661,upper,screening_selected_transition,deuteronomy,verse,transition_bucket_shape,taam_events
P10-12_A8+_C1,P19-24_A8+_C2,7,0.07142857,0.04616999,1.54707792,4.528,1.92875514,1.281656,0.1752988,upper,screening_selected_transition,deuteronomy,verse,transition_bucket_shape,taam_events
P10-12_A8+_C0,P7-9_A8+_C1,3,0.10714286,0.0587618,1.82334184,1.552,1.16478448,1.243148,0.22310757,upper,screening_selected_transition,deuteronomy,verse,transition_bucket_shape,taam_events
P13-15_A8+_C2,P13-15_A8+_C2,10,0.125,0.08394544,1.4890625,6.908,2.51172671,1.231026,0.16334661,upper,screening_selected_transition,deuteronomy,verse,transition_bucket_shape,taam_events
P19-24_A8+_C3,P10-12_A8+_C0,4,0.05633803,0.0293809,1.91750503,2.3,1.42341295,1.194313,0.17928287,upper,screening_selected_transition,deuteronomy,verse,transition_bucket_shape,taam_events
P10-12_A8+_C2,P7-9_A8+_C0,4,0.07142857,0.03987408,1.79135338,2.288,1.45792943,1.174268,0.17928287,upper,screening_selected_transition,deuteronomy,verse,transition_bucket_shape,taam_events
P7-9_A8+_C1,P10-12_A8+_C1,8,0.14285714,0.10283316,1.38921283,5.632,2.07116753,1.143316,0.17131474,upper,screening_selected_transition,deuteronomy,verse,transition_bucket_shape,taam_events
P16-18_A8+_C3,P10-12_A8+_C1,7,0.15217391,0.10283316,1.47981366,4.664,2.08626797,1.119703,0.18326693,upper,screening_selected_transition,deuteronomy,verse,transition_bucket_shape,taam_events
P13-15_A8+_C3,P19-24_A8+_C4+,5,0.13513514,0.08919203,1.51510334,3.196,1.61990133,1.113648,0.20717131,upper,screening_selected_transition,deuteronomy,verse,transition_bucket_shape,taam_events
P13-15_A8+_C3,P25+_A8+_C4+,3,0.08108108,0.04407135,1.83976834,1.66,1.22572821,1.093228,0.22709163,upper,screening_selected_transition,deuteronomy,verse,transition_bucket_shape,taam_events
P10-12_A8+_C1,P13-15_A8+_C2,11,0.1122449,0.08394544,1.33711735,8.3,2.54004079,1.062975,0.19920319,upper,screening_selected_transition,deuteronomy,verse,transition_bucket_shape,taam_events
P10-12_A8+_C1,P7-9_A8+_C1,8,0.08163265,0.0587618,1.38921283,5.708,2.15809302,1.062049,0.19920319,upper,screening_selected_transition,deuteronomy,verse,transition_bucket_shape,taam_events
P7-9_A8+_C0,P16-18_A8+_C2,4,0.10526316,0.06086044,1.72958258,2.48,1.43451432,1.059592,0.21513944,upper,screening_selected_transition,deuteronomy,verse,transition_bucket_shape,taam_events
P19-24_A8+_C4+,P16-18_A8+_C3,6,0.07058824,0.04826863,1.46240409,3.92,2.0044128,1.03771,0.19920319,upper,screening_selected_transition,deuteronomy,verse,transition_bucket_shape,taam_events
P19-24_A8+_C4+,P10-12_A8+_C0,4,0.04705882,0.0293809,1.60168067,2.424,1.51969137,1.037053,0.22310757,upper,screening_selected_transition,deuteronomy,verse,transition_bucket_shape,taam_events
P10-12_A8+_C2,P5-6_A6-7_C0,3,0.05357143,0.0293809,1.82334184,1.748,1.22740461,1.020039,0.26294821,upper,screening_selected_transition,deuteronomy,verse,transition_bucket_shape,taam_events
P25+_A8+_C4+,P13-15_A8+_C3,3,0.07142857,0.03882476,1.83976834,1.704,1.27392131,1.017331,0.24302789,upper,screening_selected_transition,deuteronomy,verse,transition_bucket_shape,taam_events
P5-6_A6-7_C0,P16-18_A8+_C2,3,0.10714286,0.06086044,1.76046798,1.772,1.28944432,0.952348,0.25896414,upper,screening_selected_transition,deuteronomy,verse,transition_bucket_shape,taam_events
P19-24_A8+_C4+,P7-9_A8+_C0,5,0.05882353,0.03987408,1.4752322,3.352,1.75052947,0.941429,0.27888446,upper,screening_selected_transition,deuteronomy,verse,transition_bucket_shape,taam_events
P7-9_A8+_C0,P19-24_A8+_C4+,5,0.13157895,0.08919203,1.4752322,3.268,1.86388634,0.929241,0.23904382,upper,screening_selected_transition,deuteronomy,verse,transition_bucket_shape,taam_events
P10-12_A8+_C0,P16-18_A8+_C2,3,0.10714286,0.06086044,1.76046798,1.736,1.36298751,0.927375,0.24701195,upper,screening_selected_transition,deuteronomy,verse,transition_bucket_shape,taam_events
P7-9_A8+_C1,P16-18_A8+_C3,4,0.07142857,0.04826863,1.47981366,2.62,1.59177101,0.866959,0.23904382,upper,screening_selected_transition,deuteronomy,verse,transition_bucket_shape,taam_events
P10-12_A8+_C2,P10-12_A8+_C2,5,0.08928571,0.05981112,1.49279449,3.428,1.84891589,0.850228,0.27091633,upper,screening_selected_transition,deuteronomy,verse,transition_bucket_shape,taam_events
P13-15_A8+_C1,P19-24_A8+_C3,5,0.10638298,0.07450157,1.42792928,3.36,1.93633613,0.84696,0.26294821,upper,screening_selected_transition,deuteronomy,verse,transition_bucket_shape,taam_events
P7-9_A8+_C1,P10-12_A8+_C2,5,0.08928571,0.05981112,1.49279449,3.468,1.85221457,0.827118,0.27091633,upper,screening_selected_transition,deuteronomy,verse,transition_bucket_shape,taam_events
P19-24_A8+_C4+,P19-24_A8+_C3,8,0.09411765,0.07450157,1.26329743,6.272,2.09752579,0.823828,0.26693227,upper,screening_selected_transition,deuteronomy,verse,transition_bucket_shape,taam_events
P16-18_A8+_C2,P13-15_A8+_C2,6,0.10344828,0.08394544,1.23232759,4.464,1.9677888,0.780572,0.28685259,upper,screening_selected_transition,deuteronomy,verse,transition_bucket_shape,taam_events
P19-24_A8+_C3,P5-6_A6-7_C0,3,0.04225352,0.0293809,1.43812877,1.992,1.31714673,0.765291,0.31075697,upper,screening_selected_transition,deuteronomy,verse,transition_bucket_shape,taam_events
P13-15_A8+_C3,P19-24_A8+_C3,4,0.10810811,0.07450157,1.45108489,2.88,1.49214812,0.750596,0.31474104,upper,screening_selected_transition,deuteronomy,verse,transition_bucket_shape,taam_events
P7-9_A8+_C0,P13-15_A8+_C1,3,0.07894737,0.04931794,1.60078387,2.0,1.33533986,0.748873,0.32270916,upper,screening_selected_transition,deuteronomy,verse,transition_bucket_shape,taam_events
P19-24_A8+_C3,P10-12_A8+_C1,9,0.12676056,0.10283316,1.23268181,7.188,2.42821765,0.746226,0.29880478,upper,screening_selected_transition,deuteronomy,verse,transition_bucket_shape,taam_events
P10-12_A8+_C1,P16-18_A8+_C3,6,0.06122449,0.04826863,1.26841171,4.58,1.9500798,0.728175,0.32270916,upper,screening_selected_transition,deuteronomy,verse,transition_bucket_shape,taam_events
P19-24_A8+_C4+,P13-15_A8+_C2,9,0.10588235,0.08394544,1.26132353,7.18,2.50212761,0.727381,0.2749004,upper,screening_selected_transition,deuteronomy,verse,transition_bucket_shape,taam_events
P16-18_A8+_C2,P19-24_A8+_C2,4,0.06896552,0.04616999,1.49373041,2.904,1.5284399,0.717071,0.34262948,upper,screening_selected_transition,deuteronomy,verse,transition_bucket_shape,taam_events
P19-24_A8+_C4+,P25+_A8+_C4+,5,0.05882353,0.04407135,1.33473389,3.848,1.67454843,0.687947,0.32669323,upper,screening_selected_transition,deuteronomy,verse,transition_bucket_shape,taam_events
P13-15_A8+_C1,P13-15_A8+_C2,5,0.10638298,0.08394544,1.26728723,3.792,1.8747787,0.644343,0.3187251,upper,screening_selected_transition,deuteronomy,verse,transition_bucket_shape,taam_events
P5-6_A6-7_C0,P13-15_A8+_C2,3,0.10714286,0.08394544,1.27633929,2.176,1.28046176,0.643518,0.36653386,upper,screening_selected_transition,deuteronomy,verse,transition_bucket_shape,taam_events
P16-18_A8+_C3,P13-15_A8+_C1,3,0.06521739,0.04931794,1.32238668,2.132,1.50052735,0.578463,0.35856574,upper,screening_selected_transition,deuteronomy,verse,transition_bucket_shape,taam_events
P7-9_A8+_C0,P10-12_A8+_C2,3,0.07894737,0.05981112,1.3199446,2.216,1.40900147,0.556422,0.37051793,upper,screening_selected_transition,deuteronomy,verse,transition_bucket_shape,taam_events
P5-6_A6-7_C0,P19-24_A8+_C3,3,0.10714286,0.07450157,1.43812877,2.232,1.38341293,0.555149,0.41434263,upper,screening_selected_transition,deuteronomy,verse,transition_bucket_shape,taam_events
P19-24_A8+_C2,P19-24_A8+_C4+,5,0.11111111,0.08919203,1.24575163,3.96,1.87522422,0.5546,0.3625498,upper,screening_selected_transition,deuteronomy,verse,transition_bucket_shape,taam_events
P7-9_A8+_C1,P7-9_A8+_C0,3,0.05357143,0.03987408,1.34351504,2.228,1.43395989,0.538369,0.38247012,upper,screening_selected_transition,deuteronomy,verse,transition_bucket_shape,taam_events
P7-9_A8+_C1,P13-15_A8+_C3,3,0.05357143,0.03882476,1.37982625,2.192,1.50605738,0.5365,0.33466135,upper,screening_selected_transition,deuteronomy,verse,transition_bucket_shape,taam_events
P16-18_A8+_C4+,P19-24_A8+_C4+,3,0.11111111,0.08919203,1.24575163,2.296,1.33247362,0.528341,0.41832669,upper,screening_selected_transition,deuteronomy,verse,transition_bucket_shape,taam_events
P16-18_A8+_C2,P7-9_A8+_C0,3,0.05172414,0.03987408,1.29718693,2.248,1.48975619,0.504781,0.41035857,upper,screening_selected_transition,deuteronomy,verse,transition_bucket_shape,taam_events
P13-15_A8+_C3,P13-15_A8+_C2,4,0.10810811,0.08394544,1.28783784,3.132,1.72699335,0.502608,0.37051793,upper,screening_selected_transition,deuteronomy,verse,transition_bucket_shape,taam_events
P19-24_A8+_C3,P19-24_A8+_C2,4,0.05633803,0.04616999,1.22023047,3.224,1.56705028,0.495198,0.38645418,upper,screening_selected_transition,deuteronomy,verse,transition_bucket_shape,taam_events
P25+_A8+_C4+,P19-24_A8+_C3,4,0.0952381,0.07450157,1.27833669,3.176,1.6649662,0.494905,0.41434263,upper,screening_selected_transition,deuteronomy,verse,transition_bucket_shape,taam_events
P19-24_A8+_C4+,P13-15_A8+_C1,5,0.05882353,0.04931794,1.19274093,4.052,1.93915893,0.488872,0.39043825,upper,screening_selected_transition,deuteronomy,verse,transition_bucket_shape,taam_events
P16-18_A8+_C4+,P13-15_A8+_C2,3,0.11111111,0.08394544,1.32361111,2.296,1.47004358,0.478897,0.39043825,upper,screening_selected_transition,deuteronomy,verse,transition_bucket_shape,taam_events
P25+_A8+_C4+,P7-9_A8+_C1,3,0.07142857,0.0587618,1.21556122,2.42,1.35459948,0.428171,0.48605578,upper,screening_selected_transition,deuteronomy,verse,transition_bucket_shape,taam_events
P10-12_A8+_C2,P19-24_A8+_C4+,6,0.10714286,0.08919203,1.2012605,5.072,2.17756358,0.426164,0.41434263,upper,screening_selected_transition,deuteronomy,verse,transition_bucket_shape,taam_events
P19-24_A8+_C3,P13-15_A8+_C2,7,0.09859155,0.08394544,1.17447183,6.12,2.14007469,0.411201,0.39043825,upper,screening_selected_transition,deuteronomy,verse,transition_bucket_shape,taam_events
P19-24_A8+_C3,P7-9_A8+_C1,5,0.07042254,0.0587618,1.19844064,4.24,1.90075022,0.399842,0.4501992,upper,screening_selected_transition,deuteronomy,verse,transition_bucket_shape,taam_events
P19-24_A8+_C4+,P16-18_A8+_C4+,3,0.03529412,0.02833158,1.24575163,2.432,1.49072635,0.381022,0.43027888,upper,screening_selected_transition,deuteronomy,verse,transition_bucket_shape,taam_events
P25+_A8+_C4+,P10-12_A8+_C1,5,0.11904762,0.10283316,1.15767736,4.328,1.97077442,0.340983,0.47011952,upper,screening_selected_transition,deuteronomy,verse,transition_bucket_shape,taam_events
P16-18_A8+_C2,P7-9_A8+_C1,4,0.06896552,0.0587618,1.17364532,3.516,1.69861271,0.284938,0.46215139,upper,screening_selected_transition,deuteronomy,verse,transition_bucket_shape,taam_events
P19-24_A8+_C2,P10-12_A8+_C1,5,0.11111111,0.10283316,1.08049887,4.504,1.91012521,0.259669,0.46613546,upper,screening_selected_transition,deuteronomy,verse,transition_bucket_shape,taam_events
P10-12_A8+_C1,P25+_A8+_C4+,5,0.05102041,0.04407135,1.15767736,4.468,2.090564,0.254477,0.46215139,upper,screening_selected_transition,deuteronomy,verse,transition_bucket_shape,taam_events
P19-24_A8+_C3,P13-15_A8+_C3,3,0.04225352,0.03882476,1.08831367,2.636,1.47247299,0.247203,0.51792829,upper,screening_selected_transition,deuteronomy,verse,transition_bucket_shape,taam_events
P16-18_A8+_C3,P7-9_A8+_C1,3,0.06521739,0.0587618,1.10986025,2.628,1.513532,0.245783,0.47410359,upper,screening_selected_transition,deuteronomy,verse,transition_bucket_shape,taam_events
P16-18_A8+_C3,P10-12_A8+_C2,3,0.06521739,0.05981112,1.09038902,2.668,1.56190081,0.212562,0.4940239,upper,screening_selected_transition,deuteronomy,verse,transition_bucket_shape,taam_events
P19-24_A8+_C2,P10-12_A8+_C2,3,0.06666667,0.05981112,1.11461988,2.68,1.56312939,0.204718,0.52191235,upper,screening_selected_transition,deuteronomy,verse,transition_bucket_shape,taam_events
P19-24_A8+_C3,P7-9_A8+_C0,3,0.04225352,0.03987408,1.05967383,2.804,1.51219408,0.129613,0.56175299,upper,screening_selected_transition,deuteronomy,verse,transition_bucket_shape,taam_events
P10-12_A8+_C1,P16-18_A8+_C2,6,0.06122449,0.06086044,1.0059817,5.708,2.30564525,0.126646,0.53784861,upper,screening_selected_transition,deuteronomy,verse,transition_bucket_shape,taam_events
P13-15_A8+_C2,P19-24_A8+_C3,6,0.075,0.07450157,1.00669014,5.828,2.03148313,0.084667,0.55378486,upper,screening_selected_transition,deuteronomy,verse,transition_bucket_shape,taam_events
P13-15_A8+_C2,P16-18_A8+_C3,4,0.05,0.04826863,1.03586957,3.92,1.9058144,0.041977,0.53386454,upper,screening_selected_transition,deuteronomy,verse,transition_bucket_shape,taam_events
P10-12_A8+_C1,P7-9_A8+_C0,4,0.04081633,0.03987408,1.0236305,3.98,1.89153685,0.010573,0.55378486,upper,screening_selected_transition,deuteronomy,verse,transition_bucket_shape,taam_events
P10-12_A8+_C0,P10-12_A8+_C1,3,0.10714286,0.10283316,1.04190962,3.036,1.62890063,-0.022101,0.61354582,upper,screening_selected_transition,deuteronomy,verse,transition_bucket_shape,taam_events
P13-15_A8+_C2,P10-12_A8+_C1,8,0.1,0.10283316,0.97244898,8.076,2.32461596,-0.032694,0.60159363,upper,screening_selected_transition,deuteronomy,verse,transition_bucket_shape,taam_events
P13-15_A8+_C1,P19-24_A8+_C4+,4,0.08510638,0.08919203,0.95419274,4.104,1.79836606,-0.05783,0.5936255,upper,screening_selected_transition,deuteronomy,verse,transition_bucket_shape,taam_events
P7-9_A8+_C1,P19-24_A8+_C3,4,0.07142857,0.07450157,0.95875252,4.116,2.00565065,-0.057837,0.56175299,upper,screening_selected_transition,deuteronomy,verse,transition_bucket_shape,taam_events
P10-12_A8+_C2,P10-12_A8+_C1,6,0.10714286,0.10283316,1.04190962,6.16,2.30208566,-0.069502,0.58167331,upper,screening_selected_transition,deuteronomy,verse,transition_bucket_shape,taam_events
P16-18_A8+_C2,P19-24_A8+_C4+,5,0.0862069,0.08919203,0.96653144,5.176,2.16048485,-0.081463,0.60159363,upper,screening_selected_transition,deuteronomy,verse,transition_bucket_shape,taam_events
P7-9_A8+_C0,P13-15_A8+_C2,3,0.07894737,0.08394544,0.94046053,3.148,1.65197217,-0.08959,0.60956175,upper,screening_selected_transition,deuteronomy,verse,transition_bucket_shape,taam_events
P7-9_A8+_C1,P7-9_A8+_C1,3,0.05357143,0.0587618,0.91167092,3.396,1.77193199,-0.223485,0.67729084,upper,screening_selected_transition,deuteronomy,verse,transition_bucket_shape,taam_events
P19-24_A8+_C3,P16-18_A8+_C3,3,0.04225352,0.04826863,0.87538273,3.48,1.65546436,-0.289949,0.71314741,upper,screening_selected_transition,deuteronomy,verse,transition_bucket_shape,taam_events
P13-15_A8+_C2,P19-24_A8+_C2,3,0.0375,0.04616999,0.81221591,3.672,1.83353851,-0.366504,0.69322709,upper,screening_selected_transition,deuteronomy,verse,transition_bucket_shape,taam_events
P13-15_A8+_C2,P16-18_A8+_C2,4,0.05,0.06086044,0.82155172,4.884,2.13371859,-0.4143,0.72908367,upper,screening_selected_transition,deuteronomy,verse,transition_bucket_shape,taam_events
P25+_A8+_C4+,P19-24_A8+_C4+,3,0.07142857,0.08919203,0.80084034,3.812,1.74494566,-0.465344,0.74900398,upper,screening_selected_transition,deuteronomy,verse,transition_bucket_shape,taam_events
P7-9_A8+_C0,P10-12_A8+_C1,3,0.07894737,0.10283316,0.76772288,3.84,1.78750685,-0.469928,0.75298805,upper,screening_selected_transition,deuteronomy,verse,transition_bucket_shape,taam_events
P13-15_A8+_C3,P10-12_A8+_C1,3,0.08108108,0.10283316,0.78847215,3.84,1.7442965,-0.48157,0.7689243,upper,screening_selected_transition,deuteronomy,verse,transition_bucket_shape,taam_events
P19-24_A8+_C3,P10-12_A8+_C2,3,0.04225352,0.05981112,0.70644922,4.212,1.96532593,-0.616692,0.80876494,upper,screening_selected_transition,deuteronomy,verse,transition_bucket_shape,taam_events
P7-9_A8+_C1,P19-24_A8+_C4+,3,0.05357143,0.08919203,0.60063025,4.74,2.00411224,-0.868215,0.88047809,upper,screening_selected_transition,deuteronomy,verse,transition_bucket_shape,taam_events
P19-24_A8+_C4+,P7-9_A8+_C1,3,0.03529412,0.0587618,0.60063025,5.04,2.1261425,-0.959484,0.87649402,upper,screening_selected_transition,deuteronomy,verse,transition_bucket_shape,taam_events
P19-24_A8+_C4+,P10-12_A8+_C1,6,0.07058824,0.10283316,0.68643457,8.888,2.8769015,-1.003858,0.88844622,upper,screening_selected_transition,deuteronomy,verse,transition_bucket_shape,taam_events
P10-12_A8+_C1,P10-12_A8+_C1,7,0.07142857,0.10283316,0.69460641,9.652,2.64098375,-1.004171,0.88844622,upper,screening_selected_transition,deuteronomy,verse,transition_bucket_shape,taam_events
P13-15_A8+_C1,P10-12_A8+_C1,3,0.06382979,0.10283316,0.62071211,5.048,2.03328132,-1.007239,0.87649402,upper,screening_selected_transition,deuteronomy,verse,transition_bucket_shape,taam_events
P19-24_A8+_C3,P19-24_A8+_C3,3,0.04225352,0.07450157,0.56714938,5.264,2.20857766,-1.025094,0.90039841,upper,screening_selected_transition,deuteronomy,verse,transition_bucket_shape,taam_events
P10-12_A8+_C1,P19-24_A8+_C3,5,0.05102041,0.07450157,0.68482323,7.608,2.46223198,-1.059202,0.90438247,upper,screening_selected_transition,deuteronomy,verse,transition_bucket_shape,taam_events
P10-12_A8+_C1,P10-12_A8+_C2,3,0.03061224,0.05981112,0.51181525,5.976,2.35405827,-1.2642,0.94820717,upper,screening_selected_transition,deuteronomy,verse,transition_bucket_shape,taam_events
P10-12_A8+_C1,P19-24_A8+_C4+,5,0.05102041,0.08919203,0.57202881,8.764,2.7645751,-1.361511,0.94023904,upper,screening_selected_transition,deuteronomy,verse,transition_bucket_shape,taam_events
P19-24_A8+_C3,P19-24_A8+_C4+,3,0.04225352,0.08919203,0.47373654,6.3,2.22842174,-1.480869,0.98007968,upper,screening_selected_transition,deuteronomy,verse,transition_bucket_shape,taam_events
P8_A8_C1,P8_A8_C1,3,0.27272727,0.0115425,23.62809917,0.096,0.2951822,9.837992,0.00398406,upper,screening_selected_transition,deuteronomy,verse,transition_exact_shape,taam_events
