from_shape,to_shape,count,p_to_given_from,p_to_background,lift,null_mean,null_sd,z,empirical_p,empirical_p_tail,p_value_scope,book,level,shape_field,transition_accent_mode
P<=4_A2_C0,P<=4_A4_C0,125,0.24850895,0.18719532,1.32753824,93.984,7.36973514,4.208564,0.00398406,upper,screening_selected_transition,leviticus,minor,transition_bucket_shape,taam_events
P5-6_A6-7_C0,P7-9_A8+_C0,9,0.05325444,0.0201495,2.64296621,3.3,1.70811905,3.337004,0.01195219,upper,screening_selected_transition,leviticus,minor,transition_bucket_shape,taam_events
P7-9_A8+_C0,P<=4_A0-1_C0,8,0.12903226,0.04777381,2.70089971,3.008,1.59565676,3.128492,0.00796813,upper,screening_selected_transition,leviticus,minor,transition_bucket_shape,taam_events
P5-6_A4_C0,P7-9_A6-7_C0,15,0.08571429,0.03899903,2.19785714,6.868,2.64699876,3.072159,0.00796813,upper,screening_selected_transition,leviticus,minor,transition_bucket_shape,taam_events
P7-9_A6-7_C0,P7-9_A5_C0,3,0.025,0.00649984,3.84625,0.764,0.77892934,2.870607,0.03187251,upper,screening_selected_transition,leviticus,minor,transition_bucket_shape,taam_events
P5-6_A6-7_C0,P<=4_A0-1_C0,16,0.09467456,0.04777381,1.98172523,8.176,2.83853008,2.756356,0.01593625,upper,screening_selected_transition,leviticus,minor,transition_bucket_shape,taam_events
P<=4_A5_C0,P<=4_A0-1_C0,15,0.09259259,0.04777381,1.93814563,7.624,2.72328646,2.708492,0.01992032,upper,screening_selected_transition,leviticus,minor,transition_bucket_shape,taam_events
P<=4_A2_C0,P<=4_A3_C0,151,0.30019881,0.24894378,1.20588999,125.716,9.34712893,2.705002,0.00796813,upper,screening_selected_transition,leviticus,minor,transition_bucket_shape,taam_events
P<=4_A0-1_C0,P5-6_A6-7_C0,15,0.10204082,0.05492363,1.85786741,8.1,2.67706307,2.577451,0.01593625,upper,screening_selected_transition,leviticus,minor,transition_bucket_shape,taam_events
P10-12_A6-7_C0,P<=4_A4_C0,3,0.5,0.18719532,2.67100694,1.076,0.92174969,2.087335,0.07569721,upper,screening_selected_transition,leviticus,minor,transition_bucket_shape,taam_events
P5-6_A5_C0,P<=4_A6-7_C0,3,0.01102941,0.0038999,2.828125,1.04,1.00520733,1.949847,0.09960159,upper,screening_selected_transition,leviticus,minor,transition_bucket_shape,taam_events
P<=4_A6-7_C0,P5-6_A5_C0,3,0.25,0.08839779,2.828125,1.08,0.98665798,1.945963,0.09163347,upper,screening_selected_transition,leviticus,minor,transition_bucket_shape,taam_events
P5-6_A5_C0,P5-6_A5_C0,32,0.11764706,0.08839779,1.33088235,23.516,4.50186753,1.884551,0.04780876,upper,screening_selected_transition,leviticus,minor,transition_bucket_shape,taam_events
P7-9_A6-7_C0,P5-6_A6-7_C0,11,0.09166667,0.05492363,1.66898422,6.508,2.44824665,1.834782,0.07171315,upper,screening_selected_transition,leviticus,minor,transition_bucket_shape,taam_events
P<=4_A4_C0,P<=4_A0-1_C0,36,0.0625,0.04777381,1.3082483,27.612,4.60546384,1.821315,0.05577689,upper,screening_selected_transition,leviticus,minor,transition_bucket_shape,taam_events
P5-6_A4_C0,P<=4_A5_C0,14,0.08,0.05264868,1.51950617,8.984,2.79840459,1.79245,0.06374502,upper,screening_selected_transition,leviticus,minor,transition_bucket_shape,taam_events
P5-6_A6-7_C0,P7-9_A5_C0,3,0.01775148,0.00649984,2.73106509,1.148,1.0745766,1.72347,0.11553785,upper,screening_selected_transition,leviticus,minor,transition_bucket_shape,taam_events
P7-9_A8+_C0,P<=4_A5_C0,6,0.09677419,0.05264868,1.83811231,3.228,1.70282543,1.627883,0.0876494,upper,screening_selected_transition,leviticus,minor,transition_bucket_shape,taam_events
P<=4_A0-1_C0,P5-6_A5_C0,18,0.12244898,0.08839779,1.38520408,12.992,3.13932436,1.595248,0.07171315,upper,screening_selected_transition,leviticus,minor,transition_bucket_shape,taam_events
P<=4_A3_C0,P10-12_A6-7_C0,3,0.00392157,0.00194995,2.01111111,1.468,1.02624985,1.492814,0.15936255,upper,screening_selected_transition,leviticus,minor,transition_bucket_shape,taam_events
P<=4_A4_C0,P5-6_A3_C0,12,0.02083333,0.01364966,1.52628968,8.104,2.61083316,1.492244,0.10358566,upper,screening_selected_transition,leviticus,minor,transition_bucket_shape,taam_events
P7-9_A6-7_C0,P10-12_A8+_C0,3,0.025,0.01072473,2.33106061,1.372,1.09104423,1.492148,0.13944223,upper,screening_selected_transition,leviticus,minor,transition_bucket_shape,taam_events
P<=4_A5_C0,P5-6_A6-7_C0,13,0.08024691,0.05492363,1.46106363,8.784,2.84424029,1.482294,0.09561753,upper,screening_selected_transition,leviticus,minor,transition_bucket_shape,taam_events
P7-9_A5_C0,P<=4_A4_C0,6,0.3,0.18719532,1.60260417,3.668,1.68318402,1.385469,0.14741036,upper,screening_selected_transition,leviticus,minor,transition_bucket_shape,taam_events
P5-6_A4_C0,P5-6_A6-7_C0,14,0.08,0.05492363,1.45656805,10.068,2.93698477,1.338788,0.11553785,upper,screening_selected_transition,leviticus,minor,transition_bucket_shape,taam_events
P<=4_A0-1_C0,P<=4_A4_C0,33,0.2244898,0.18719532,1.19922761,27.184,4.38028442,1.327768,0.10756972,upper,screening_selected_transition,leviticus,minor,transition_bucket_shape,taam_events
P5-6_A3_C0,P5-6_A6-7_C0,4,0.0952381,0.05492363,1.73400958,2.232,1.38920682,1.272669,0.19521912,upper,screening_selected_transition,leviticus,minor,transition_bucket_shape,taam_events
P5-6_A5_C0,P5-6_A4_C0,20,0.07352941,0.05687358,1.29285714,15.58,3.75499667,1.177098,0.15537849,upper,screening_selected_transition,leviticus,minor,transition_bucket_shape,taam_events
P10-12_A8+_C0,P5-6_A5_C0,5,0.15151515,0.08839779,1.71401515,3.072,1.691823,1.139599,0.20318725,upper,screening_selected_transition,leviticus,minor,transition_bucket_shape,taam_events
P5-6_A5_C0,P<=4_A5_C0,18,0.06617647,0.05264868,1.25694444,14.224,3.32415765,1.135927,0.1752988,upper,screening_selected_transition,leviticus,minor,transition_bucket_shape,taam_events
P7-9_A8+_C0,P<=4_A3_C0,19,0.30645161,0.24894378,1.23100733,15.288,3.47756089,1.067415,0.18326693,upper,screening_selected_transition,leviticus,minor,transition_bucket_shape,taam_events
P5-6_A3_C0,P5-6_A4_C0,4,0.0952381,0.05687358,1.67455782,2.436,1.488208,1.050928,0.25099602,upper,screening_selected_transition,leviticus,minor,transition_bucket_shape,taam_events
P<=4_A3_C0,P<=4_A5_C0,46,0.06013072,0.05264868,1.14211248,40.228,5.60837154,1.029176,0.19123506,upper,screening_selected_transition,leviticus,minor,transition_bucket_shape,taam_events
P<=4_A5_C0,P10-12_A8+_C0,3,0.01851852,0.01072473,1.72671156,1.72,1.32082486,0.969091,0.25498008,upper,screening_selected_transition,leviticus,minor,transition_bucket_shape,taam_events
P10-12_A8+_C0,P5-6_A4_C0,3,0.09090909,0.05687358,1.59844156,1.752,1.29040948,0.967135,0.27888446,upper,screening_selected_transition,leviticus,minor,transition_bucket_shape,taam_events
P<=4_A5_C0,P<=4_A2_C0,30,0.18518519,0.16314592,1.13508927,26.232,4.41180599,0.854072,0.25498008,upper,screening_selected_transition,leviticus,minor,transition_bucket_shape,taam_events
P<=4_A4_C0,P<=4_A2_C0,101,0.17534722,0.16314592,1.07478765,94.412,7.91383416,0.832466,0.23505976,upper,screening_selected_transition,leviticus,minor,transition_bucket_shape,taam_events
P5-6_A6-7_C0,P10-12_A8+_C0,3,0.01775148,0.01072473,1.65519096,1.86,1.38856489,0.820992,0.30278884,upper,screening_selected_transition,leviticus,minor,transition_bucket_shape,taam_events
P5-6_A3_C0,P5-6_A5_C0,5,0.11904762,0.08839779,1.34672619,3.46,1.88217169,0.818204,0.24701195,upper,screening_selected_transition,leviticus,minor,transition_bucket_shape,taam_events
P7-9_A6-7_C0,P5-6_A4_C0,9,0.075,0.05687358,1.31871429,6.916,2.55166376,0.816722,0.25896414,upper,screening_selected_transition,leviticus,minor,transition_bucket_shape,taam_events
P5-6_A5_C0,P5-6_A3_C0,5,0.01838235,0.01364966,1.34672619,3.572,1.87480012,0.761681,0.29083665,upper,screening_selected_transition,leviticus,minor,transition_bucket_shape,taam_events
P5-6_A6-7_C0,P<=4_A2_C0,31,0.18343195,0.16314592,1.12434287,27.368,4.77785386,0.760174,0.29880478,upper,screening_selected_transition,leviticus,minor,transition_bucket_shape,taam_events
P<=4_A4_C0,P7-9_A6-7_C0,26,0.04513889,0.03899903,1.15743634,22.696,4.54910557,0.726297,0.28685259,upper,screening_selected_transition,leviticus,minor,transition_bucket_shape,taam_events
P7-9_A6-7_C0,P<=4_A2_C0,22,0.18333333,0.16314592,1.12373838,19.384,3.63447129,0.719775,0.25099602,upper,screening_selected_transition,leviticus,minor,transition_bucket_shape,taam_events
P7-9_A5_C0,P5-6_A5_C0,3,0.15,0.08839779,1.696875,1.964,1.44327272,0.717813,0.3187251,upper,screening_selected_transition,leviticus,minor,transition_bucket_shape,taam_events
P<=4_A3_C0,P7-9_A6-7_C0,33,0.04313725,0.03899903,1.10611111,29.94,4.68274625,0.653463,0.30278884,upper,screening_selected_transition,leviticus,minor,transition_bucket_shape,taam_events
P<=4_A6-7_C0,P<=4_A3_C0,4,0.33333333,0.24894378,1.33899043,3.012,1.5379588,0.64241,0.35856574,upper,screening_selected_transition,leviticus,minor,transition_bucket_shape,taam_events
P<=4_A5_C0,P5-6_A4_C0,11,0.06790123,0.05687358,1.19389771,9.176,2.95090756,0.618115,0.30677291,upper,screening_selected_transition,leviticus,minor,transition_bucket_shape,taam_events
P<=4_A3_C0,P5-6_A3_C0,12,0.01568627,0.01364966,1.14920635,10.276,2.80415355,0.614802,0.30278884,upper,screening_selected_transition,leviticus,minor,transition_bucket_shape,taam_events
P<=4_A2_C0,P<=4_A5_C0,29,0.05765408,0.05264868,1.09507155,26.356,4.38659696,0.602745,0.28685259,upper,screening_selected_transition,leviticus,minor,transition_bucket_shape,taam_events
P<=4_A2_C0,P7-9_A8+_C0,12,0.02385686,0.0201495,1.18399282,10.216,2.97805629,0.599048,0.32669323,upper,screening_selected_transition,leviticus,minor,transition_bucket_shape,taam_events
P<=4_A3_C0,P5-6_A6-7_C0,45,0.05882353,0.05492363,1.07100592,41.708,5.64750505,0.582912,0.34661355,upper,screening_selected_transition,leviticus,minor,transition_bucket_shape,taam_events
P7-9_A6-7_C0,P<=4_A0-1_C0,7,0.05833333,0.04777381,1.22103175,5.792,2.35859873,0.512169,0.38247012,upper,screening_selected_transition,leviticus,minor,transition_bucket_shape,taam_events
P5-6_A4_C0,P7-9_A8+_C0,4,0.02285714,0.0201495,1.13437788,3.352,1.61944013,0.400138,0.42231076,upper,screening_selected_transition,leviticus,minor,transition_bucket_shape,taam_events
P<=4_A0-1_C0,P<=4_A3_C0,39,0.26530612,0.24894378,1.06572707,37.196,5.1715145,0.348834,0.37848606,upper,screening_selected_transition,leviticus,minor,transition_bucket_shape,taam_events
P10-12_A8+_C0,P<=4_A2_C0,6,0.18181818,0.16314592,1.11445129,5.304,2.00691175,0.346801,0.45816733,upper,screening_selected_transition,leviticus,minor,transition_bucket_shape,taam_events
P<=4_A4_C0,P5-6_A5_C0,53,0.09201389,0.08839779,1.04090712,50.988,6.24498642,0.322178,0.39840637,upper,screening_selected_transition,leviticus,minor,transition_bucket_shape,taam_events
P5-6_A6-7_C0,P5-6_A5_C0,16,0.09467456,0.08839779,1.07100592,14.852,3.63910267,0.315462,0.44223108,upper,screening_selected_transition,leviticus,minor,transition_bucket_shape,taam_events
P5-6_A5_C0,P<=4_A0-1_C0,14,0.05147059,0.04777381,1.07738095,13.064,3.52556697,0.265489,0.41832669,upper,screening_selected_transition,leviticus,minor,transition_bucket_shape,taam_events
P<=4_A3_C0,P<=4_A2_C0,127,0.16601307,0.16314592,1.01757415,124.688,9.06461942,0.255058,0.42629482,upper,screening_selected_transition,leviticus,minor,transition_bucket_shape,taam_events
P5-6_A5_C0,P7-9_A8+_C0,6,0.02205882,0.0201495,1.09475806,5.452,2.27428792,0.240955,0.46613546,upper,screening_selected_transition,leviticus,minor,transition_bucket_shape,taam_events
P7-9_A8+_C0,P5-6_A4_C0,4,0.06451613,0.05687358,1.13437788,3.564,1.86435169,0.233861,0.48207171,upper,screening_selected_transition,leviticus,minor,transition_bucket_shape,taam_events
P7-9_A8+_C0,P5-6_A5_C0,6,0.09677419,0.08839779,1.09475806,5.572,2.26657571,0.188831,0.48605578,upper,screening_selected_transition,leviticus,minor,transition_bucket_shape,taam_events
P5-6_A5_C0,P<=4_A2_C0,46,0.16911765,0.16314592,1.03660359,44.948,5.75829208,0.182693,0.46215139,upper,screening_selected_transition,leviticus,minor,transition_bucket_shape,taam_events
P<=4_A4_C0,P7-9_A5_C0,4,0.00694444,0.00649984,1.06840278,3.716,1.65356618,0.17175,0.56175299,upper,screening_selected_transition,leviticus,minor,transition_bucket_shape,taam_events
P5-6_A5_C0,P10-12_A8+_C0,3,0.01102941,0.01072473,1.02840909,2.812,1.63810548,0.114767,0.5498008,upper,screening_selected_transition,leviticus,minor,transition_bucket_shape,taam_events
P<=4_A3_C0,P7-9_A8+_C0,16,0.02091503,0.0201495,1.03799283,15.664,3.44653717,0.097489,0.51792829,upper,screening_selected_transition,leviticus,minor,transition_bucket_shape,taam_events
P<=4_A5_C0,P5-6_A5_C0,15,0.09259259,0.08839779,1.0474537,14.68,3.48974401,0.091697,0.47808765,upper,screening_selected_transition,leviticus,minor,transition_bucket_shape,taam_events
P<=4_A3_C0,P5-6_A4_C0,44,0.05751634,0.05687358,1.01130159,43.564,5.77957767,0.075438,0.47011952,upper,screening_selected_transition,leviticus,minor,transition_bucket_shape,taam_events
P<=4_A4_C0,P<=4_A4_C0,108,0.1875,0.18719532,1.0016276,107.512,8.15080354,0.059871,0.50199203,upper,screening_selected_transition,leviticus,minor,transition_bucket_shape,taam_events
P<=4_A4_C0,P5-6_A4_C0,33,0.05729167,0.05687358,1.00735119,32.724,5.61479543,0.049156,0.52191235,upper,screening_selected_transition,leviticus,minor,transition_bucket_shape,taam_events
P<=4_A3_C0,P<=4_A4_C0,144,0.18823529,0.18719532,1.00555556,143.66,10.23697135,0.033213,0.50199203,upper,screening_selected_transition,leviticus,minor,transition_bucket_shape,taam_events
P10-12_A8+_C0,P<=4_A3_C0,8,0.24242424,0.24894378,0.97381122,7.976,2.40969928,0.00996,0.55776892,upper,screening_selected_transition,leviticus,minor,transition_bucket_shape,taam_events
P<=4_A3_C0,P<=4_A3_C0,190,0.24836601,0.24894378,0.99767914,189.948,10.52675383,0.00494,0.52589641,upper,screening_selected_transition,leviticus,minor,transition_bucket_shape,taam_events
P5-6_A6-7_C0,P<=4_A5_C0,9,0.05325444,0.05264868,1.01150559,8.988,2.7131718,0.004423,0.56175299,upper,screening_selected_transition,leviticus,minor,transition_bucket_shape,taam_events
P5-6_A4_C0,P<=4_A3_C0,43,0.24571429,0.24894378,0.98702723,43.1,5.92269476,-0.016884,0.53386454,upper,screening_selected_transition,leviticus,minor,transition_bucket_shape,taam_events
P7-9_A6-7_C0,P<=4_A4_C0,22,0.18333333,0.18719532,0.97936921,22.292,4.25194687,-0.068674,0.58167331,upper,screening_selected_transition,leviticus,minor,transition_bucket_shape,taam_events
P<=4_A5_C0,P<=4_A3_C0,40,0.24691358,0.24894378,0.99184476,40.396,5.35179886,-0.073994,0.56972112,upper,screening_selected_transition,leviticus,minor,transition_bucket_shape,taam_events
P<=4_A4_C0,P10-12_A8+_C0,6,0.01041667,0.01072473,0.97127525,6.232,2.41193818,-0.096188,0.61752988,upper,screening_selected_transition,leviticus,minor,transition_bucket_shape,taam_events
P<=4_A2_C0,P10-12_A8+_C0,5,0.00994036,0.01072473,0.92686306,5.28,2.16989256,-0.129039,0.62151394,upper,screening_selected_transition,leviticus,minor,transition_bucket_shape,taam_events
P5-6_A6-7_C0,P5-6_A4_C0,9,0.05325444,0.05687358,0.93636517,9.4,2.86370446,-0.139679,0.62151394,upper,screening_selected_transition,leviticus,minor,transition_bucket_shape,taam_events
P5-6_A6-7_C0,P7-9_A6-7_C0,6,0.03550296,0.03899903,0.91035503,6.348,2.41375243,-0.144174,0.62151394,upper,screening_selected_transition,leviticus,minor,transition_bucket_shape,taam_events
P10-12_A8+_C0,P<=4_A4_C0,6,0.18181818,0.18719532,0.97127525,6.34,2.27620836,-0.149371,0.60557769,upper,screening_selected_transition,leviticus,minor,transition_bucket_shape,taam_events
P<=4_A2_C0,P7-9_A6-7_C0,18,0.03578529,0.03899903,0.91759443,19.072,4.12880177,-0.259639,0.64143426,upper,screening_selected_transition,leviticus,minor,transition_bucket_shape,taam_events
P5-6_A4_C0,P5-6_A5_C0,14,0.08,0.08839779,0.905,15.224,3.68839273,-0.331852,0.64143426,upper,screening_selected_transition,leviticus,minor,transition_bucket_shape,taam_events
P<=4_A0-1_C0,P7-9_A6-7_C0,5,0.03401361,0.03899903,0.87216553,5.908,2.41721071,-0.37564,0.7250996,upper,screening_selected_transition,leviticus,minor,transition_bucket_shape,taam_events
P5-6_A3_C0,P<=4_A4_C0,7,0.16666667,0.18719532,0.89033565,8.0,2.5616887,-0.390367,0.70517928,upper,screening_selected_transition,leviticus,minor,transition_bucket_shape,taam_events
P5-6_A3_C0,P<=4_A2_C0,6,0.14285714,0.16314592,0.8756403,6.968,2.23314211,-0.43347,0.74501992,upper,screening_selected_transition,leviticus,minor,transition_bucket_shape,taam_events
P5-6_A4_C0,P<=4_A0-1_C0,7,0.04,0.04777381,0.83727891,8.304,2.70719405,-0.48168,0.73705179,upper,screening_selected_transition,leviticus,minor,transition_bucket_shape,taam_events
P7-9_A5_C0,P<=4_A3_C0,4,0.2,0.24894378,0.80339426,5.04,2.07451548,-0.501322,0.79282869,upper,screening_selected_transition,leviticus,minor,transition_bucket_shape,taam_events
P5-6_A5_C0,P7-9_A6-7_C0,9,0.03308824,0.03899903,0.8484375,10.48,2.8343844,-0.522159,0.76095618,upper,screening_selected_transition,leviticus,minor,transition_bucket_shape,taam_events
P<=4_A3_C0,P10-12_A8+_C0,7,0.00915033,0.01072473,0.85319865,8.412,2.56839299,-0.54976,0.76494024,upper,screening_selected_transition,leviticus,minor,transition_bucket_shape,taam_events
P5-6_A3_C0,P<=4_A3_C0,9,0.21428571,0.24894378,0.86077956,10.556,2.82538408,-0.550722,0.77290837,upper,screening_selected_transition,leviticus,minor,transition_bucket_shape,taam_events
P5-6_A6-7_C0,P<=4_A3_C0,39,0.23076923,0.24894378,0.92699337,42.148,5.45500912,-0.577084,0.74103586,upper,screening_selected_transition,leviticus,minor,transition_bucket_shape,taam_events
P<=4_A3_C0,P5-6_A5_C0,64,0.08366013,0.08839779,0.94640523,67.972,6.64196347,-0.598016,0.74900398,upper,screening_selected_transition,leviticus,minor,transition_bucket_shape,taam_events
P<=4_A5_C0,P7-9_A6-7_C0,5,0.0308642,0.03899903,0.79140947,6.504,2.5114165,-0.598865,0.78884462,upper,screening_selected_transition,leviticus,minor,transition_bucket_shape,taam_events
P7-9_A6-7_C0,P<=4_A3_C0,27,0.225,0.24894378,0.90381854,30.036,4.86222882,-0.624405,0.80079681,upper,screening_selected_transition,leviticus,minor,transition_bucket_shape,taam_events
P<=4_A4_C0,P<=4_A3_C0,135,0.234375,0.24894378,0.94147764,142.532,9.62974058,-0.78216,0.79681275,upper,screening_selected_transition,leviticus,minor,transition_bucket_shape,taam_events
P5-6_A6-7_C0,P5-6_A6-7_C0,7,0.04142012,0.05492363,0.75414026,9.444,2.94099674,-0.831011,0.84063745,upper,screening_selected_transition,leviticus,minor,transition_bucket_shape,taam_events
P7-9_A6-7_C0,P5-6_A5_C0,8,0.06666667,0.08839779,0.75416667,10.436,2.93125794,-0.831043,0.84462151,upper,screening_selected_transition,leviticus,minor,transition_bucket_shape,taam_events
P<=4_A0-1_C0,P<=4_A2_C0,20,0.13605442,0.16314592,0.83394314,23.968,4.370283,-0.90795,0.86454183,upper,screening_selected_transition,leviticus,minor,transition_bucket_shape,taam_events
P5-6_A5_C0,P<=4_A4_C0,45,0.16544118,0.18719532,0.88378906,50.724,6.26713106,-0.913337,0.83665339,upper,screening_selected_transition,leviticus,minor,transition_bucket_shape,taam_events
P5-6_A4_C0,P5-6_A4_C0,7,0.04,0.05687358,0.70331429,9.892,3.02472011,-0.956122,0.85657371,upper,screening_selected_transition,leviticus,minor,transition_bucket_shape,taam_events
P7-9_A8+_C0,P<=4_A2_C0,7,0.11290323,0.16314592,0.6920383,9.884,2.80535632,-1.028033,0.89641434,upper,screening_selected_transition,leviticus,minor,transition_bucket_shape,taam_events
P<=4_A4_C0,P7-9_A8+_C0,8,0.01388889,0.0201495,0.68929211,11.324,3.11799802,-1.066069,0.89243028,upper,screening_selected_transition,leviticus,minor,transition_bucket_shape,taam_events
P5-6_A4_C0,P<=4_A2_C0,24,0.13714286,0.16314592,0.84061468,28.92,4.51610238,-1.089435,0.89641434,upper,screening_selected_transition,leviticus,minor,transition_bucket_shape,taam_events
P<=4_A2_C0,P<=4_A2_C0,74,0.1471173,0.16314592,0.90175283,82.288,7.60027055,-1.090487,0.85258964,upper,screening_selected_transition,leviticus,minor,transition_bucket_shape,taam_events
P<=4_A0-1_C0,P5-6_A4_C0,5,0.03401361,0.05687358,0.59805637,7.98,2.63350363,-1.131572,0.9123506,upper,screening_selected_transition,leviticus,minor,transition_bucket_shape,taam_events
P5-6_A4_C0,P<=4_A4_C0,27,0.15428571,0.18719532,0.82419643,33.136,5.1034975,-1.202313,0.89641434,upper,screening_selected_transition,leviticus,minor,transition_bucket_shape,taam_events
P<=4_A2_C0,P5-6_A4_C0,23,0.04572565,0.05687358,0.8039875,28.984,4.8685269,-1.229119,0.90836653,upper,screening_selected_transition,leviticus,minor,transition_bucket_shape,taam_events
P<=4_A4_C0,P5-6_A6-7_C0,25,0.04340278,0.05492363,0.79023874,31.416,5.16193046,-1.242946,0.90039841,upper,screening_selected_transition,leviticus,minor,transition_bucket_shape,taam_events
P5-6_A5_C0,P5-6_A6-7_C0,10,0.03676471,0.05492363,0.6693787,14.972,3.86041802,-1.287943,0.92031873,upper,screening_selected_transition,leviticus,minor,transition_bucket_shape,taam_events
P<=4_A0-1_C0,P<=4_A5_C0,4,0.02721088,0.05264868,0.51683883,7.72,2.59935117,-1.431126,0.97211155,upper,screening_selected_transition,leviticus,minor,transition_bucket_shape,taam_events
P<=4_A4_C0,P<=4_A5_C0,24,0.04166667,0.05264868,0.79140947,30.66,4.51330029,-1.475639,0.95219124,upper,screening_selected_transition,leviticus,minor,transition_bucket_shape,taam_events
P<=4_A5_C0,P<=4_A4_C0,23,0.14197531,0.18719532,0.75843407,30.252,4.7841455,-1.51584,0.9561753,upper,screening_selected_transition,leviticus,minor,transition_bucket_shape,taam_events
P<=4_A2_C0,P5-6_A6-7_C0,21,0.0417495,0.05492363,0.7601374,27.728,4.3766008,-1.537266,0.9561753,upper,screening_selected_transition,leviticus,minor,transition_bucket_shape,taam_events
P7-9_A8+_C0,P<=4_A4_C0,7,0.11290323,0.18719532,0.6031306,11.612,2.96659041,-1.554647,0.94023904,upper,screening_selected_transition,leviticus,minor,transition_bucket_shape,taam_events
P<=4_A3_C0,P<=4_A0-1_C0,28,0.03660131,0.04777381,0.76613757,36.688,5.44474397,-1.595667,0.9561753,upper,screening_selected_transition,leviticus,minor,transition_bucket_shape,taam_events
P5-6_A5_C0,P<=4_A3_C0,57,0.20955882,0.24894378,0.84179178,68.152,6.85718455,-1.626323,0.96812749,upper,screening_selected_transition,leviticus,minor,transition_bucket_shape,taam_events
P<=4_A5_C0,P<=4_A5_C0,4,0.02469136,0.05264868,0.46898339,8.756,2.63900005,-1.802198,0.98804781,upper,screening_selected_transition,leviticus,minor,transition_bucket_shape,taam_events
P<=4_A2_C0,P5-6_A5_C0,30,0.05964215,0.08839779,0.67470179,44.412,5.72480125,-2.517467,0.99601594,upper,screening_selected_transition,leviticus,minor,transition_bucket_shape,taam_events
P5-6_A6-7_C0,P<=4_A4_C0,19,0.11242604,0.18719532,0.60058144,31.796,4.82405119,-2.652542,1.0,upper,screening_selected_transition,leviticus,minor,transition_bucket_shape,taam_events
P<=4_A2_C0,P<=4_A0-1_C0,9,0.01789264,0.04777381,0.37452834,23.904,4.3711798,-3.409606,1.0,upper,screening_selected_transition,leviticus,minor,transition_bucket_shape,taam_events
P2_A3_C0,P7_A6_C0,7,0.04929577,0.01299968,3.79207746,1.9,1.26824041,4.02132,0.00398406,upper,screening_selected_transition,leviticus,minor,transition_exact_shape,taam_events
P5_A4_C0,P7_A6_C0,7,0.04697987,0.01299968,3.61392617,1.924,1.28249882,3.957898,0.00398406,upper,screening_selected_transition,leviticus,minor,transition_exact_shape,taam_events
P1_A1_C0,P6_A5_C0,9,0.07692308,0.02859929,2.68968531,3.232,1.68687825,3.419334,0.00398406,upper,screening_selected_transition,leviticus,minor,transition_exact_shape,taam_events
P2_A2_C0,P3_A4_C0,42,0.13166144,0.08547286,1.54038881,27.264,4.48852889,3.283036,0.00398406,upper,screening_selected_transition,leviticus,minor,transition_exact_shape,taam_events
P3_A3_C0,P3_A4_C0,52,0.12745098,0.08547286,1.49112801,34.772,5.45592195,3.15767,0.00398406,upper,screening_selected_transition,leviticus,minor,transition_exact_shape,taam_events
P3_A5_C0,P1_A1_C0,4,0.15384615,0.03802405,4.04602235,1.008,0.98172866,3.047685,0.01593625,upper,screening_selected_transition,leviticus,minor,transition_exact_shape,taam_events
P4_A3_C0,P6_A6_C0,11,0.05140187,0.02339942,2.19671599,4.868,2.07165223,2.959956,0.01195219,upper,screening_selected_transition,leviticus,minor,transition_exact_shape,taam_events
P1_A2_C0,P3_A4_C0,6,0.26086957,0.08547286,3.05207472,1.952,1.37011124,2.954505,0.01593625,upper,screening_selected_transition,leviticus,minor,transition_exact_shape,taam_events
P6_A7_C0,P2_A2_C0,7,0.26923077,0.10367241,2.59693755,2.632,1.51583873,2.881573,0.01593625,upper,screening_selected_transition,leviticus,minor,transition_exact_shape,taam_events
P3_A4_C0,P5_A3_C0,8,0.03041825,0.0120247,2.52964752,3.212,1.69545104,2.824027,0.01992032,upper,screening_selected_transition,leviticus,minor,transition_exact_shape,taam_events
P4_A4_C0,P1_A1_C0,19,0.06551724,0.03802405,1.72304745,10.796,2.93339449,2.79676,0.00796813,upper,screening_selected_transition,leviticus,minor,transition_exact_shape,taam_events
P2_A2_C0,P2_A4_C0,6,0.01880878,0.00747481,2.51628731,2.328,1.35193451,2.716108,0.01593625,upper,screening_selected_transition,leviticus,minor,transition_exact_shape,taam_events
P4_A4_C0,P3_A2_C0,22,0.07586207,0.04452389,1.70385099,13.108,3.29785375,2.696299,0.01992032,upper,screening_selected_transition,leviticus,minor,transition_exact_shape,taam_events
P5_A4_C0,P2_A3_C0,14,0.09395973,0.04647384,2.02177688,7.116,2.56923097,2.679401,0.01195219,upper,screening_selected_transition,leviticus,minor,transition_exact_shape,taam_events
P3_A3_C0,P2_A3_C0,29,0.07107843,0.04647384,1.5294289,19.16,3.78094992,2.602521,0.01593625,upper,screening_selected_transition,leviticus,minor,transition_exact_shape,taam_events
P9_A8_C0,P3_A3_C0,5,0.3125,0.13259669,2.35677083,1.976,1.2351219,2.448341,0.02788845,upper,screening_selected_transition,leviticus,minor,transition_exact_shape,taam_events
P7_A7_C0,P3_A2_C0,5,0.11111111,0.04452389,2.49553933,1.808,1.31531602,2.426793,0.0438247,upper,screening_selected_transition,leviticus,minor,transition_exact_shape,taam_events
P4_A3_C0,P7_A7_C0,7,0.03271028,0.01462463,2.23665628,3.14,1.59831739,2.41504,0.02788845,upper,screening_selected_transition,leviticus,minor,transition_exact_shape,taam_events
P4_A5_C0,P1_A1_C0,10,0.07407407,0.03802405,1.94808484,4.936,2.10657414,2.403903,0.02390438,upper,screening_selected_transition,leviticus,minor,transition_exact_shape,taam_events
P5_A5_C0,P6_A5_C0,10,0.05434783,0.02859929,1.90032115,5.02,2.08349799,2.390211,0.02390438,upper,screening_selected_transition,leviticus,minor,transition_exact_shape,taam_events
P3_A2_C0,P3_A4_C0,20,0.14492754,0.08547286,1.69559707,11.86,3.44322861,2.36406,0.01195219,upper,screening_selected_transition,leviticus,minor,transition_exact_shape,taam_events
P4_A3_C0,P6_A4_C0,5,0.02336449,0.00844979,2.76509705,1.9,1.34208972,2.309831,0.03984064,upper,screening_selected_transition,leviticus,minor,transition_exact_shape,taam_events
P2_A1_C0,P4_A3_C0,5,0.17857143,0.06954826,2.56759012,1.996,1.30337221,2.304791,0.03187251,upper,screening_selected_transition,leviticus,minor,transition_exact_shape,taam_events
P3_A3_C0,P3_A3_C0,68,0.16666667,0.13259669,1.25694444,53.82,6.23531206,2.274144,0.02390438,upper,screening_selected_transition,leviticus,minor,transition_exact_shape,taam_events
P1_A1_C0,P5_A6_C0,6,0.05128205,0.02144946,2.39083139,2.556,1.54674941,2.226605,0.03984064,upper,screening_selected_transition,leviticus,minor,transition_exact_shape,taam_events
P2_A1_C0,P4_A4_C0,6,0.21428571,0.09424764,2.27364532,2.58,1.54048446,2.220081,0.03984064,upper,screening_selected_transition,leviticus,minor,transition_exact_shape,taam_events
P2_A2_C0,P3_A3_C0,54,0.169279,0.13259669,1.27664577,41.828,5.71252552,2.130756,0.03187251,upper,screening_selected_transition,leviticus,minor,transition_exact_shape,taam_events
P3_A4_C0,P4_A3_C0,26,0.09885932,0.06954826,1.42144913,18.4,3.59383676,2.114732,0.03187251,upper,screening_selected_transition,leviticus,minor,transition_exact_shape,taam_events
P3_A3_C0,P3_A5_C0,7,0.01715686,0.00844979,2.03044872,3.344,1.7996162,2.031544,0.06772908,upper,screening_selected_transition,leviticus,minor,transition_exact_shape,taam_events
P2_A2_C0,P2_A3_C0,22,0.06896552,0.04647384,1.48396431,14.804,3.56319653,2.019535,0.03585657,upper,screening_selected_transition,leviticus,minor,transition_exact_shape,taam_events
P2_A3_C0,P5_A5_C0,14,0.09859155,0.05979851,1.64872933,8.436,2.79663883,1.989531,0.04780876,upper,screening_selected_transition,leviticus,minor,transition_exact_shape,taam_events
P3_A4_C0,P5_A4_C0,19,0.07224335,0.04842379,1.49189782,12.604,3.2818082,1.948926,0.05179283,upper,screening_selected_transition,leviticus,minor,transition_exact_shape,taam_events
P3_A4_C0,P5_A5_C0,23,0.08745247,0.05979851,1.46245247,15.708,3.82324533,1.90728,0.03187251,upper,screening_selected_transition,leviticus,minor,transition_exact_shape,taam_events
P1_A2_C0,P4_A3_C0,4,0.17391304,0.06954826,2.50060951,1.68,1.26173209,1.838742,0.07171315,upper,screening_selected_transition,leviticus,minor,transition_exact_shape,taam_events
P6_A5_C0,P4_A5_C0,7,0.07954545,0.0438739,1.81304714,3.8,1.84978019,1.729935,0.06374502,upper,screening_selected_transition,leviticus,minor,transition_exact_shape,taam_events
P5_A5_C0,P5_A4_C0,14,0.07608696,0.04842379,1.57127225,9.068,2.88733837,1.708148,0.0876494,upper,screening_selected_transition,leviticus,minor,transition_exact_shape,taam_events
P4_A5_C0,P6_A6_C0,6,0.04444444,0.02339942,1.89938272,3.1,1.71515803,1.690806,0.10358566,upper,screening_selected_transition,leviticus,minor,transition_exact_shape,taam_events
P5_A6_C0,P1_A1_C0,5,0.07575758,0.03802405,1.99235949,2.496,1.59126128,1.573595,0.1314741,upper,screening_selected_transition,leviticus,minor,transition_exact_shape,taam_events
P3_A3_C0,P4_A2_C0,5,0.0122549,0.00747481,1.63949275,2.808,1.41816104,1.545664,0.11952191,upper,screening_selected_transition,leviticus,minor,transition_exact_shape,taam_events
P5_A4_C0,P4_A5_C0,10,0.06711409,0.0438739,1.5297042,6.328,2.38898409,1.537055,0.09163347,upper,screening_selected_transition,leviticus,minor,transition_exact_shape,taam_events
P8_A8_C0,P3_A3_C0,4,0.28571429,0.13259669,2.1547619,1.948,1.36261619,1.505927,0.14342629,upper,screening_selected_transition,leviticus,minor,transition_exact_shape,taam_events
P4_A5_C0,P3_A2_C0,9,0.06666667,0.04452389,1.4973236,5.78,2.15363707,1.495145,0.09960159,upper,screening_selected_transition,leviticus,minor,transition_exact_shape,taam_events
P6_A7_C0,P4_A3_C0,4,0.15384615,0.06954826,2.21207764,1.904,1.42509917,1.470775,0.13545817,upper,screening_selected_transition,leviticus,minor,transition_exact_shape,taam_events
P3_A4_C0,P4_A4_C0,31,0.11787072,0.09424764,1.25064901,24.68,4.59281786,1.376062,0.11952191,upper,screening_selected_transition,leviticus,minor,transition_exact_shape,taam_events
P3_A2_C0,P5_A6_C0,5,0.03623188,0.02144946,1.68917435,2.812,1.59588326,1.371028,0.15139442,upper,screening_selected_transition,leviticus,minor,transition_exact_shape,taam_events
P4_A5_C0,P4_A3_C0,13,0.0962963,0.06954826,1.38459675,9.056,2.92559403,1.348102,0.11952191,upper,screening_selected_transition,leviticus,minor,transition_exact_shape,taam_events
P3_A2_C0,P5_A4_C0,10,0.07246377,0.04842379,1.49644976,6.672,2.47323342,1.345607,0.14342629,upper,screening_selected_transition,leviticus,minor,transition_exact_shape,taam_events
P4_A5_C0,P5_A4_C0,10,0.07407407,0.04842379,1.5297042,6.612,2.52804669,1.340165,0.15537849,upper,screening_selected_transition,leviticus,minor,transition_exact_shape,taam_events
P2_A3_C0,P5_A4_C0,10,0.07042254,0.04842379,1.45429625,6.828,2.39108451,1.326595,0.15936255,upper,screening_selected_transition,leviticus,minor,transition_exact_shape,taam_events
P1_A1_C0,P4_A4_C0,15,0.12820513,0.09424764,1.36030062,10.792,3.20465525,1.31309,0.15537849,upper,screening_selected_transition,leviticus,minor,transition_exact_shape,taam_events
P6_A6_C0,P1_A1_C0,5,0.06944444,0.03802405,1.82632953,2.744,1.73044554,1.30371,0.1752988,upper,screening_selected_transition,leviticus,minor,transition_exact_shape,taam_events
P5_A4_C0,P7_A7_C0,4,0.02684564,0.01462463,1.83564504,2.164,1.41176354,1.300501,0.15537849,upper,screening_selected_transition,leviticus,minor,transition_exact_shape,taam_events
P5_A5_C0,P5_A5_C0,15,0.08152174,0.05979851,1.36327387,11.16,2.96268629,1.296121,0.14741036,upper,screening_selected_transition,leviticus,minor,transition_exact_shape,taam_events
P3_A3_C0,P2_A4_C0,5,0.0122549,0.00747481,1.63949275,3.072,1.58393542,1.217221,0.19920319,upper,screening_selected_transition,leviticus,minor,transition_exact_shape,taam_events
P5_A4_C0,P4_A3_C0,14,0.09395973,0.06954826,1.35100044,10.404,3.0034759,1.197279,0.18326693,upper,screening_selected_transition,leviticus,minor,transition_exact_shape,taam_events
P4_A2_C0,P3_A3_C0,5,0.2173913,0.13259669,1.63949275,3.132,1.68937621,1.105734,0.21115538,upper,screening_selected_transition,leviticus,minor,transition_exact_shape,taam_events
P7_A7_C0,P5_A4_C0,4,0.08888889,0.04842379,1.83564504,2.292,1.56477798,1.091529,0.21912351,upper,screening_selected_transition,leviticus,minor,transition_exact_shape,taam_events
P6_A6_C0,P3_A2_C0,5,0.06944444,0.04452389,1.55971208,3.196,1.67834782,1.074867,0.24302789,upper,screening_selected_transition,leviticus,minor,transition_exact_shape,taam_events
P6_A4_C0,P4_A4_C0,4,0.15384615,0.09424764,1.63236074,2.52,1.41478141,1.046098,0.23505976,upper,screening_selected_transition,leviticus,minor,transition_exact_shape,taam_events
P3_A4_C0,P7_A7_C0,6,0.02281369,0.01462463,1.5599493,3.964,1.94984913,1.044183,0.19920319,upper,screening_selected_transition,leviticus,minor,transition_exact_shape,taam_events
P6_A5_C0,P2_A2_C0,12,0.13636364,0.10367241,1.315332,9.108,2.81995471,1.025548,0.21513944,upper,screening_selected_transition,leviticus,minor,transition_exact_shape,taam_events
P3_A4_C0,P6_A5_C0,10,0.03802281,0.02859929,1.32950225,7.42,2.52608877,1.021342,0.17928287,upper,screening_selected_transition,leviticus,minor,transition_exact_shape,taam_events
P6_A5_C0,P4_A4_C0,11,0.125,0.09424764,1.3262931,8.356,2.61392318,1.011506,0.21513944,upper,screening_selected_transition,leviticus,minor,transition_exact_shape,taam_events
P3_A4_C0,P2_A1_C0,4,0.01520913,0.00909977,1.67137425,2.492,1.5294748,0.985959,0.24302789,upper,screening_selected_transition,leviticus,minor,transition_exact_shape,taam_events
P7_A7_C0,P3_A3_C0,8,0.17777778,0.13259669,1.34074074,5.916,2.18357873,0.954397,0.22709163,upper,screening_selected_transition,leviticus,minor,transition_exact_shape,taam_events
P7_A6_C0,P2_A2_C0,6,0.15,0.10367241,1.4468652,4.152,1.94525888,0.950002,0.20717131,upper,screening_selected_transition,leviticus,minor,transition_exact_shape,taam_events
P3_A3_C0,P6_A7_C0,5,0.0122549,0.00844979,1.45032051,3.324,1.79999554,0.931113,0.24701195,upper,screening_selected_transition,leviticus,minor,transition_exact_shape,taam_events
P2_A2_C0,P4_A5_C0,17,0.05329154,0.0438739,1.21465227,13.912,3.3257327,0.928517,0.19123506,upper,screening_selected_transition,leviticus,minor,transition_exact_shape,taam_events
P5_A4_C0,P6_A5_C0,6,0.04026846,0.02859929,1.40802318,4.084,2.06445924,0.928088,0.24302789,upper,screening_selected_transition,leviticus,minor,transition_exact_shape,taam_events
P4_A4_C0,P4_A3_C0,23,0.07931034,0.06954826,1.14036416,19.632,3.9769133,0.846888,0.24302789,upper,screening_selected_transition,leviticus,minor,transition_exact_shape,taam_events
P6_A4_C0,P2_A2_C0,4,0.15384615,0.10367241,1.48396431,2.68,1.58608406,0.832238,0.29482072,upper,screening_selected_transition,leviticus,minor,transition_exact_shape,taam_events
P3_A4_C0,P7_A6_C0,5,0.01901141,0.01299968,1.46245247,3.376,2.0066716,0.8093,0.23904382,upper,screening_selected_transition,leviticus,minor,transition_exact_shape,taam_events
P3_A2_C0,P2_A3_C0,8,0.05797101,0.04647384,1.24739029,6.296,2.10764148,0.808487,0.28685259,upper,screening_selected_transition,leviticus,minor,transition_exact_shape,taam_events
P3_A3_C0,P4_A5_C0,21,0.05147059,0.0438739,1.17314815,17.916,3.92869988,0.784993,0.25896414,upper,screening_selected_transition,leviticus,minor,transition_exact_shape,taam_events
P5_A6_C0,P4_A3_C0,6,0.09090909,0.06954826,1.30713679,4.428,2.03306404,0.773217,0.27091633,upper,screening_selected_transition,leviticus,minor,transition_exact_shape,taam_events
P5_A5_C0,P4_A5_C0,10,0.05434783,0.0438739,1.23872786,8.016,2.61286284,0.75932,0.28685259,upper,screening_selected_transition,leviticus,minor,transition_exact_shape,taam_events
P5_A5_C0,P1_A1_C0,9,0.04891304,0.03802405,1.28637124,7.168,2.62895829,0.696854,0.29083665,upper,screening_selected_transition,leviticus,minor,transition_exact_shape,taam_events
P2_A3_C0,P2_A2_C0,17,0.11971831,0.10367241,1.15477505,14.596,3.55462028,0.676303,0.26693227,upper,screening_selected_transition,leviticus,minor,transition_exact_shape,taam_events
P4_A5_C0,P2_A3_C0,8,0.05925926,0.04647384,1.27511008,6.488,2.24991209,0.672026,0.32270916,upper,screening_selected_transition,leviticus,minor,transition_exact_shape,taam_events
P1_A1_C0,P6_A6_C0,4,0.03418803,0.02339942,1.46106363,2.916,1.63451232,0.663195,0.34661355,upper,screening_selected_transition,leviticus,minor,transition_exact_shape,taam_events
P4_A4_C0,P3_A4_C0,28,0.09655172,0.08547286,1.12961846,25.02,4.58428431,0.650047,0.29482072,upper,screening_selected_transition,leviticus,minor,transition_exact_shape,taam_events
P4_A5_C0,P5_A5_C0,10,0.07407407,0.05979851,1.23872786,8.304,2.6365488,0.643265,0.31474104,upper,screening_selected_transition,leviticus,minor,transition_exact_shape,taam_events
P5_A6_C0,P3_A2_C0,4,0.06060606,0.04452389,1.36120327,2.96,1.6300393,0.638021,0.35458167,upper,screening_selected_transition,leviticus,minor,transition_exact_shape,taam_events
P7_A7_C0,P2_A2_C0,6,0.13333333,0.10367241,1.2861024,4.788,1.98565539,0.610378,0.37848606,upper,screening_selected_transition,leviticus,minor,transition_exact_shape,taam_events
P1_A1_C0,P2_A3_C0,7,0.05982906,0.04647384,1.28737075,5.632,2.24426444,0.609554,0.33864542,upper,screening_selected_transition,leviticus,minor,transition_exact_shape,taam_events
P4_A3_C0,P2_A2_C0,25,0.11682243,0.10367241,1.12684206,22.468,4.19898821,0.603002,0.3187251,upper,screening_selected_transition,leviticus,minor,transition_exact_shape,taam_events
P4_A3_C0,P3_A2_C0,11,0.05140187,0.04452389,1.15447848,9.404,2.64817585,0.602679,0.33067729,upper,screening_selected_transition,leviticus,minor,transition_exact_shape,taam_events
P1_A1_C0,P3_A3_C0,18,0.15384615,0.13259669,1.16025641,15.936,3.81761716,0.540651,0.31474104,upper,screening_selected_transition,leviticus,minor,transition_exact_shape,taam_events
P2_A4_C0,P3_A3_C0,4,0.17391304,0.13259669,1.3115942,3.172,1.60020581,0.517433,0.41434263,upper,screening_selected_transition,leviticus,minor,transition_exact_shape,taam_events
P6_A6_C0,P3_A3_C0,11,0.15277778,0.13259669,1.15219907,9.588,2.76710743,0.51028,0.40239044,upper,screening_selected_transition,leviticus,minor,transition_exact_shape,taam_events
P4_A5_C0,P6_A5_C0,5,0.03703704,0.02859929,1.29503367,4.072,1.87212055,0.495695,0.37450199,upper,screening_selected_transition,leviticus,minor,transition_exact_shape,taam_events
P5_A6_C0,P5_A4_C0,4,0.06060606,0.04842379,1.25157616,3.12,1.78165574,0.493923,0.34661355,upper,screening_selected_transition,leviticus,minor,transition_exact_shape,taam_events
P6_A5_C0,P3_A2_C0,5,0.05681818,0.04452389,1.27612807,4.088,1.94921877,0.46788,0.41035857,upper,screening_selected_transition,leviticus,minor,transition_exact_shape,taam_events
P6_A5_C0,P5_A5_C0,6,0.06818182,0.05979851,1.14019269,5.056,2.16879661,0.435264,0.39043825,upper,screening_selected_transition,leviticus,minor,transition_exact_shape,taam_events
P3_A2_C0,P3_A3_C0,20,0.14492754,0.13259669,1.09299517,18.264,4.02431166,0.431378,0.40239044,upper,screening_selected_transition,leviticus,minor,transition_exact_shape,taam_events
P5_A4_C0,P5_A6_C0,4,0.02684564,0.02144946,1.25157616,3.272,1.69514307,0.429462,0.42629482,upper,screening_selected_transition,leviticus,minor,transition_exact_shape,taam_events
P5_A6_C0,P3_A3_C0,10,0.15151515,0.13259669,1.14267677,8.8,2.80990789,0.42706,0.38645418,upper,screening_selected_transition,leviticus,minor,transition_exact_shape,taam_events
P3_A2_C0,P4_A3_C0,11,0.07971014,0.06954826,1.14611269,9.748,2.96642795,0.422056,0.37450199,upper,screening_selected_transition,leviticus,minor,transition_exact_shape,taam_events
P6_A5_C0,P1_A1_C0,4,0.04545455,0.03802405,1.1954157,3.28,1.75668545,0.409863,0.41434263,upper,screening_selected_transition,leviticus,minor,transition_exact_shape,taam_events
P2_A2_C0,P4_A4_C0,32,0.10031348,0.09424764,1.06436061,30.12,4.61723678,0.40717,0.37848606,upper,screening_selected_transition,leviticus,minor,transition_exact_shape,taam_events
P4_A3_C0,P5_A5_C0,14,0.06542056,0.05979851,1.09401666,12.712,3.2383644,0.397732,0.43426295,upper,screening_selected_transition,leviticus,minor,transition_exact_shape,taam_events
P2_A3_C0,P6_A6_C0,4,0.02816901,0.02339942,1.20383412,3.344,1.71036998,0.383543,0.46613546,upper,screening_selected_transition,leviticus,minor,transition_exact_shape,taam_events
P4_A3_C0,P3_A3_C0,30,0.14018692,0.13259669,1.05724299,28.272,4.68420571,0.368899,0.4063745,upper,screening_selected_transition,leviticus,minor,transition_exact_shape,taam_events
P6_A6_C0,P5_A5_C0,5,0.06944444,0.05979851,1.16130737,4.22,2.11601277,0.368618,0.44621514,upper,screening_selected_transition,leviticus,minor,transition_exact_shape,taam_events
P3_A2_C0,P3_A2_C0,7,0.05072464,0.04452389,1.13926796,6.248,2.54487752,0.295496,0.43824701,upper,screening_selected_transition,leviticus,minor,transition_exact_shape,taam_events
P4_A3_C0,P4_A3_C0,16,0.07476636,0.06954826,1.07502839,14.952,3.60690102,0.290554,0.43426295,upper,screening_selected_transition,leviticus,minor,transition_exact_shape,taam_events
P4_A4_C0,P4_A5_C0,14,0.04827586,0.0438739,1.10033206,13.02,3.46694083,0.28267,0.41035857,upper,screening_selected_transition,leviticus,minor,transition_exact_shape,taam_events
P2_A3_C0,P4_A5_C0,7,0.04929577,0.0438739,1.12357851,6.412,2.39692239,0.245315,0.44621514,upper,screening_selected_transition,leviticus,minor,transition_exact_shape,taam_events
P5_A4_C0,P1_A1_C0,6,0.04026846,0.03802405,1.05902599,5.504,2.20486501,0.224957,0.50199203,upper,screening_selected_transition,leviticus,minor,transition_exact_shape,taam_events
P6_A6_C0,P2_A2_C0,8,0.11111111,0.10367241,1.071752,7.52,2.6193595,0.183251,0.49003984,upper,screening_selected_transition,leviticus,minor,transition_exact_shape,taam_events
P4_A3_C0,P5_A6_C0,5,0.02336449,0.02144946,1.08928066,4.648,2.16119854,0.162873,0.51792829,upper,screening_selected_transition,leviticus,minor,transition_exact_shape,taam_events
P2_A3_C0,P1_A1_C0,6,0.04225352,0.03802405,1.11123149,5.696,2.33094772,0.130419,0.4940239,upper,screening_selected_transition,leviticus,minor,transition_exact_shape,taam_events
P6_A6_C0,P4_A4_C0,7,0.09722222,0.09424764,1.0315613,6.696,2.45840579,0.123657,0.52191235,upper,screening_selected_transition,leviticus,minor,transition_exact_shape,taam_events
P7_A6_C0,P4_A4_C0,4,0.1,0.09424764,1.06103448,3.8,1.73089108,0.115547,0.54581673,upper,screening_selected_transition,leviticus,minor,transition_exact_shape,taam_events
P5_A3_C0,P2_A2_C0,4,0.10810811,0.10367241,1.04278573,3.804,1.8272766,0.107263,0.5498008,upper,screening_selected_transition,leviticus,minor,transition_exact_shape,taam_events
P4_A4_C0,P4_A4_C0,28,0.09655172,0.09424764,1.02444709,27.492,4.89917787,0.103691,0.47410359,upper,screening_selected_transition,leviticus,minor,transition_exact_shape,taam_events
P3_A3_C0,P5_A6_C0,9,0.02205882,0.02144946,1.02840909,8.776,2.64306017,0.08475,0.55378486,upper,screening_selected_transition,leviticus,minor,transition_exact_shape,taam_events
P6_A6_C0,P4_A3_C0,5,0.06944444,0.06954826,0.99850727,4.828,2.11478255,0.081332,0.56175299,upper,screening_selected_transition,leviticus,minor,transition_exact_shape,taam_events
P2_A2_C0,P2_A2_C0,33,0.10344828,0.10367241,0.99783807,32.596,5.19893254,0.077708,0.50199203,upper,screening_selected_transition,leviticus,minor,transition_exact_shape,taam_events
P3_A2_C0,P6_A5_C0,4,0.02898551,0.02859929,1.01350461,3.888,1.82008429,0.061536,0.58565737,upper,screening_selected_transition,leviticus,minor,transition_exact_shape,taam_events
P5_A5_C0,P4_A3_C0,13,0.07065217,0.06954826,1.01587261,12.84,3.13907873,0.05097,0.52988048,upper,screening_selected_transition,leviticus,minor,transition_exact_shape,taam_events
P3_A2_C0,P4_A5_C0,6,0.04347826,0.0438739,0.99098229,5.892,2.15846517,0.050036,0.55378486,upper,screening_selected_transition,leviticus,minor,transition_exact_shape,taam_events
P4_A5_C0,P2_A2_C0,14,0.1037037,0.10367241,1.00030187,13.896,3.26924085,0.031812,0.52988048,upper,screening_selected_transition,leviticus,minor,transition_exact_shape,taam_events
P3_A2_C0,P4_A4_C0,13,0.0942029,0.09424764,0.99952524,12.896,3.42052393,0.030405,0.5059761,upper,screening_selected_transition,leviticus,minor,transition_exact_shape,taam_events
P2_A2_C0,P5_A6_C0,7,0.02194357,0.02144946,1.023036,6.932,2.71825895,0.025016,0.49800797,upper,screening_selected_transition,leviticus,minor,transition_exact_shape,taam_events
P4_A4_C0,P2_A2_C0,30,0.10344828,0.10367241,0.99783807,29.996,4.52169958,0.000885,0.56175299,upper,screening_selected_transition,leviticus,minor,transition_exact_shape,taam_events
P3_A4_C0,P6_A6_C0,6,0.02281369,0.02339942,0.97496831,6.028,2.3343119,-0.011995,0.53386454,upper,screening_selected_transition,leviticus,minor,transition_exact_shape,taam_events
P1_A1_C0,P5_A5_C0,7,0.05982906,0.05979851,1.00051096,7.088,2.29725172,-0.038307,0.60557769,upper,screening_selected_transition,leviticus,minor,transition_exact_shape,taam_events
P4_A4_C0,P5_A6_C0,6,0.02068966,0.02144946,0.9645768,6.108,2.39316631,-0.045128,0.57370518,upper,screening_selected_transition,leviticus,minor,transition_exact_shape,taam_events
P1_A1_C0,P3_A2_C0,5,0.04273504,0.04452389,0.95982282,5.104,2.23812888,-0.046467,0.59760956,upper,screening_selected_transition,leviticus,minor,transition_exact_shape,taam_events
P1_A1_C0,P2_A2_C0,12,0.1025641,0.10367241,0.98930954,12.22,3.03982931,-0.072372,0.56972112,upper,screening_selected_transition,leviticus,minor,transition_exact_shape,taam_events
P7_A6_C0,P3_A3_C0,5,0.125,0.13259669,0.94270833,5.184,2.01154898,-0.091472,0.61354582,upper,screening_selected_transition,leviticus,minor,transition_exact_shape,taam_events
P5_A5_C0,P2_A3_C0,8,0.04347826,0.04647384,0.93554272,8.284,2.65169189,-0.107101,0.57768924,upper,screening_selected_transition,leviticus,minor,transition_exact_shape,taam_events
P4_A3_C0,P4_A5_C0,9,0.04205607,0.0438739,0.95856698,9.328,2.77184931,-0.118333,0.60159363,upper,screening_selected_transition,leviticus,minor,transition_exact_shape,taam_events
P2_A3_C0,P6_A5_C0,4,0.02816901,0.02859929,0.98495519,4.3,1.99648285,-0.150264,0.65338645,upper,screening_selected_transition,leviticus,minor,transition_exact_shape,taam_events
P2_A3_C0,P4_A3_C0,9,0.06338028,0.06954826,0.91131368,9.512,2.93740863,-0.174303,0.62151394,upper,screening_selected_transition,leviticus,minor,transition_exact_shape,taam_events
P6_A5_C0,P3_A4_C0,7,0.07954545,0.08547286,0.93065157,7.492,2.49858112,-0.196912,0.64541833,upper,screening_selected_transition,leviticus,minor,transition_exact_shape,taam_events
P3_A3_C0,P2_A2_C0,41,0.1004902,0.10367241,0.96930512,42.244,5.79506645,-0.214665,0.60956175,upper,screening_selected_transition,leviticus,minor,transition_exact_shape,taam_events
P4_A5_C0,P4_A4_C0,12,0.08888889,0.09424764,0.94314176,12.904,3.27562251,-0.275978,0.68924303,upper,screening_selected_transition,leviticus,minor,transition_exact_shape,taam_events
P5_A4_C0,P3_A2_C0,6,0.04026846,0.04452389,0.90442365,6.792,2.51356481,-0.31509,0.69721116,upper,screening_selected_transition,leviticus,minor,transition_exact_shape,taam_events
P4_A3_C0,P3_A4_C0,17,0.07943925,0.08547286,0.92940905,18.264,3.86341922,-0.327171,0.65338645,upper,screening_selected_transition,leviticus,minor,transition_exact_shape,taam_events
P4_A3_C0,P4_A4_C0,19,0.08878505,0.09424764,0.94203996,20.356,4.02867034,-0.336587,0.66533865,upper,screening_selected_transition,leviticus,minor,transition_exact_shape,taam_events
P3_A3_C0,P5_A3_C0,4,0.00980392,0.0120247,0.81531532,4.804,2.12594982,-0.378184,0.70119522,upper,screening_selected_transition,leviticus,minor,transition_exact_shape,taam_events
P3_A3_C0,P7_A7_C0,5,0.0122549,0.01462463,0.83796296,5.86,2.24780125,-0.382596,0.73306773,upper,screening_selected_transition,leviticus,minor,transition_exact_shape,taam_events
P5_A3_C0,P3_A3_C0,4,0.10810811,0.13259669,0.81531532,4.94,2.19903228,-0.427461,0.74103586,upper,screening_selected_transition,leviticus,minor,transition_exact_shape,taam_events
P5_A5_C0,P3_A2_C0,7,0.03804348,0.04452389,0.85445097,8.248,2.76133953,-0.451955,0.71314741,upper,screening_selected_transition,leviticus,minor,transition_exact_shape,taam_events
P5_A5_C0,P3_A4_C0,14,0.07608696,0.08547286,0.89018846,15.724,3.54543431,-0.486259,0.7250996,upper,screening_selected_transition,leviticus,minor,transition_exact_shape,taam_events
P2_A3_C0,P3_A2_C0,5,0.03521127,0.04452389,0.79083993,6.252,2.52149315,-0.496531,0.74501992,upper,screening_selected_transition,leviticus,minor,transition_exact_shape,taam_events
P3_A3_C0,P3_A2_C0,16,0.03921569,0.04452389,0.88077859,18.328,4.30331151,-0.540979,0.74501992,upper,screening_selected_transition,leviticus,minor,transition_exact_shape,taam_events
P3_A3_C0,P6_A6_C0,8,0.01960784,0.02339942,0.83796296,9.62,2.95406602,-0.548397,0.79681275,upper,screening_selected_transition,leviticus,minor,transition_exact_shape,taam_events
P5_A6_C0,P4_A4_C0,5,0.07575758,0.09424764,0.803814,6.372,2.39511216,-0.572833,0.75697211,upper,screening_selected_transition,leviticus,minor,transition_exact_shape,taam_events
P4_A4_C0,P5_A4_C0,12,0.04137931,0.04842379,0.85452442,14.196,3.74562449,-0.586284,0.76095618,upper,screening_selected_transition,leviticus,minor,transition_exact_shape,taam_events
P6_A5_C0,P4_A3_C0,5,0.05681818,0.06954826,0.81696049,6.288,2.18176451,-0.590348,0.79282869,upper,screening_selected_transition,leviticus,minor,transition_exact_shape,taam_events
P4_A3_C0,P1_A1_C0,6,0.02803738,0.03802405,0.73735921,7.776,2.98015929,-0.595941,0.76095618,upper,screening_selected_transition,leviticus,minor,transition_exact_shape,taam_events
P2_A2_C0,P6_A6_C0,6,0.01880878,0.02339942,0.803814,7.396,2.31616981,-0.602719,0.812749,upper,screening_selected_transition,leviticus,minor,transition_exact_shape,taam_events
P5_A5_C0,P2_A2_C0,17,0.0923913,0.10367241,0.89118509,19.312,3.74040352,-0.618115,0.78486056,upper,screening_selected_transition,leviticus,minor,transition_exact_shape,taam_events
P5_A6_C0,P2_A2_C0,5,0.07575758,0.10367241,0.73074,6.668,2.65517907,-0.628206,0.77689243,upper,screening_selected_transition,leviticus,minor,transition_exact_shape,taam_events
P3_A4_C0,P2_A2_C0,24,0.09125475,0.10367241,0.88022218,27.376,5.0842919,-0.664006,0.77689243,upper,screening_selected_transition,leviticus,minor,transition_exact_shape,taam_events
P3_A2_C0,P2_A2_C0,12,0.08695652,0.10367241,0.83876244,14.372,3.46896973,-0.683777,0.79681275,upper,screening_selected_transition,leviticus,minor,transition_exact_shape,taam_events
P3_A3_C0,P5_A4_C0,17,0.04166667,0.04842379,0.86045861,19.796,4.05613027,-0.689327,0.78486056,upper,screening_selected_transition,leviticus,minor,transition_exact_shape,taam_events
P1_A1_C0,P3_A4_C0,8,0.06837607,0.08547286,0.799974,10.048,2.94489143,-0.695442,0.79282869,upper,screening_selected_transition,leviticus,minor,transition_exact_shape,taam_events
P3_A4_C0,P1_A1_C0,8,0.03041825,0.03802405,0.799974,10.064,2.96497357,-0.696128,0.78486056,upper,screening_selected_transition,leviticus,minor,transition_exact_shape,taam_events
P5_A5_C0,P3_A3_C0,21,0.11413043,0.13259669,0.8607337,24.252,4.60274233,-0.706535,0.77689243,upper,screening_selected_transition,leviticus,minor,transition_exact_shape,taam_events
P3_A3_C0,P5_A5_C0,21,0.05147059,0.05979851,0.8607337,24.16,4.39313082,-0.719305,0.83266932,upper,screening_selected_transition,leviticus,minor,transition_exact_shape,taam_events
P4_A4_C0,P6_A6_C0,5,0.01724138,0.02339942,0.7368295,6.828,2.51549735,-0.726695,0.812749,upper,screening_selected_transition,leviticus,minor,transition_exact_shape,taam_events
P4_A4_C0,P3_A3_C0,34,0.11724138,0.13259669,0.8841954,38.256,5.7830996,-0.735938,0.80478088,upper,screening_selected_transition,leviticus,minor,transition_exact_shape,taam_events
P3_A3_C0,P4_A4_C0,34,0.08333333,0.09424764,0.8841954,38.252,5.42014834,-0.78448,0.82868526,upper,screening_selected_transition,leviticus,minor,transition_exact_shape,taam_events
P1_A1_C0,P4_A3_C0,6,0.05128205,0.06954826,0.73735921,8.08,2.61782582,-0.794552,0.83266932,upper,screening_selected_transition,leviticus,minor,transition_exact_shape,taam_events
P3_A2_C0,P5_A5_C0,6,0.04347826,0.05979851,0.7270794,8.32,2.85555894,-0.81245,0.84462151,upper,screening_selected_transition,leviticus,minor,transition_exact_shape,taam_events
P5_A4_C0,P3_A4_C0,10,0.06711409,0.08547286,0.78520938,12.788,3.39723724,-0.820667,0.8247012,upper,screening_selected_transition,leviticus,minor,transition_exact_shape,taam_events
P2_A2_C0,P4_A3_C0,19,0.05956113,0.06954826,0.85639996,22.82,4.39189652,-0.869784,0.8247012,upper,screening_selected_transition,leviticus,minor,transition_exact_shape,taam_events
P5_A4_C0,P4_A4_C0,11,0.0738255,0.09424764,0.78331405,14.212,3.56903461,-0.899963,0.85258964,upper,screening_selected_transition,leviticus,minor,transition_exact_shape,taam_events
P4_A4_C0,P2_A3_C0,10,0.03448276,0.04647384,0.74198216,13.184,3.46962493,-0.917678,0.87250996,upper,screening_selected_transition,leviticus,minor,transition_exact_shape,taam_events
P3_A4_C0,P3_A3_C0,30,0.11406844,0.13259669,0.86026616,34.844,5.26369547,-0.920266,0.84462151,upper,screening_selected_transition,leviticus,minor,transition_exact_shape,taam_events
P3_A3_C0,P1_A1_C0,12,0.02941176,0.03802405,0.77350427,15.692,3.63013049,-1.017043,0.86454183,upper,screening_selected_transition,leviticus,minor,transition_exact_shape,taam_events
P2_A3_C0,P4_A4_C0,10,0.07042254,0.09424764,0.74720738,13.732,3.62889121,-1.028413,0.90438247,upper,screening_selected_transition,leviticus,minor,transition_exact_shape,taam_events
P4_A5_C0,P3_A4_C0,8,0.05925926,0.08547286,0.6933108,11.376,3.08686556,-1.093666,0.90438247,upper,screening_selected_transition,leviticus,minor,transition_exact_shape,taam_events
P4_A3_C0,P5_A4_C0,7,0.03271028,0.04842379,0.67550022,10.336,3.01653808,-1.105903,0.90438247,upper,screening_selected_transition,leviticus,minor,transition_exact_shape,taam_events
P5_A4_C0,P5_A4_C0,4,0.02684564,0.04842379,0.55438944,6.888,2.50690933,-1.152016,0.92828685,upper,screening_selected_transition,leviticus,minor,transition_exact_shape,taam_events
P3_A3_C0,P6_A5_C0,8,0.01960784,0.02859929,0.68560606,11.944,3.33727638,-1.181802,0.90836653,upper,screening_selected_transition,leviticus,minor,transition_exact_shape,taam_events
P3_A4_C0,P3_A2_C0,8,0.03041825,0.04452389,0.68318948,11.776,3.12745069,-1.207373,0.92430279,upper,screening_selected_transition,leviticus,minor,transition_exact_shape,taam_events
P2_A2_C0,P3_A2_C0,10,0.03134796,0.04452389,0.70407066,14.572,3.60455089,-1.268397,0.90438247,upper,screening_selected_transition,leviticus,minor,transition_exact_shape,taam_events
P4_A3_C0,P2_A3_C0,6,0.02803738,0.04647384,0.6032939,9.676,2.8949173,-1.269812,0.93625498,upper,screening_selected_transition,leviticus,minor,transition_exact_shape,taam_events
P5_A4_C0,P3_A3_C0,14,0.09395973,0.13259669,0.70861298,19.32,4.02122881,-1.322979,0.93625498,upper,screening_selected_transition,leviticus,minor,transition_exact_shape,taam_events
P2_A2_C0,P5_A5_C0,14,0.04388715,0.05979851,0.73391713,19.112,3.83854055,-1.331756,0.94820717,upper,screening_selected_transition,leviticus,minor,transition_exact_shape,taam_events
P2_A2_C0,P5_A4_C0,11,0.03448276,0.04842379,0.71210368,15.868,3.60980592,-1.348549,0.92430279,upper,screening_selected_transition,leviticus,minor,transition_exact_shape,taam_events
P2_A2_C0,P6_A5_C0,5,0.01567398,0.02859929,0.548055,9.124,2.95967273,-1.393397,0.94820717,upper,screening_selected_transition,leviticus,minor,transition_exact_shape,taam_events
P4_A4_C0,P5_A5_C0,12,0.04137931,0.05979851,0.69197901,17.404,3.87671247,-1.393965,0.93227092,upper,screening_selected_transition,leviticus,minor,transition_exact_shape,taam_events
P6_A5_C0,P3_A3_C0,8,0.09090909,0.13259669,0.68560606,12.316,3.04849426,-1.415781,0.95219124,upper,screening_selected_transition,leviticus,minor,transition_exact_shape,taam_events
P4_A5_C0,P3_A3_C0,12,0.08888889,0.13259669,0.67037037,17.992,4.07459757,-1.470575,0.9561753,upper,screening_selected_transition,leviticus,minor,transition_exact_shape,taam_events
P4_A4_C0,P6_A5_C0,4,0.0137931,0.02859929,0.4822884,8.404,2.88340773,-1.527359,0.97211155,upper,screening_selected_transition,leviticus,minor,transition_exact_shape,taam_events
P5_A4_C0,P2_A2_C0,10,0.06711409,0.10367241,0.64736698,15.62,3.67062583,-1.531074,0.97211155,upper,screening_selected_transition,leviticus,minor,transition_exact_shape,taam_events
P5_A5_C0,P4_A4_C0,11,0.05978261,0.09424764,0.63431409,17.172,3.89088318,-1.586272,0.97609562,upper,screening_selected_transition,leviticus,minor,transition_exact_shape,taam_events
P2_A3_C0,P3_A3_C0,13,0.0915493,0.13259669,0.69043427,18.948,3.71057536,-1.602986,0.97609562,upper,screening_selected_transition,leviticus,minor,transition_exact_shape,taam_events
P5_A4_C0,P5_A5_C0,4,0.02684564,0.05979851,0.44893493,8.936,2.83762444,-1.739483,0.99203187,upper,screening_selected_transition,leviticus,minor,transition_exact_shape,taam_events
P3_A4_C0,P3_A4_C0,14,0.05323194,0.08547286,0.62279345,22.356,4.42215852,-1.889575,0.98804781,upper,screening_selected_transition,leviticus,minor,transition_exact_shape,taam_events
P2_A3_C0,P3_A4_C0,6,0.04225352,0.08547286,0.49435013,12.172,3.23236892,-1.909436,0.98804781,upper,screening_selected_transition,leviticus,minor,transition_exact_shape,taam_events
P2_A2_C0,P1_A1_C0,5,0.01567398,0.03802405,0.41221231,12.084,3.23089752,-2.19258,1.0,upper,screening_selected_transition,leviticus,minor,transition_exact_shape,taam_events
P3_A4_C0,P2_A3_C0,5,0.01901141,0.04647384,0.40907761,12.236,3.08583758,-2.344906,0.99601594,upper,screening_selected_transition,leviticus,minor,transition_exact_shape,taam_events
P3_A3_C0,P4_A3_C0,14,0.03431373,0.06954826,0.49338006,28.424,4.69685702,-3.07099,1.0,upper,screening_selected_transition,leviticus,minor,transition_exact_shape,taam_events
P<=4_A4_C0,P7-9_A5_C0,3,0.01973684,0.00299581,6.58815789,0.492,0.60944375,4.115228,0.00796813,upper,screening_selected_transition,leviticus,major,transition_bucket_shape,taam_events
P10-12_A8+_C1,P5-6_A6-7_C0,11,0.15942029,0.04973038,3.20569233,3.504,1.87189743,4.004493,0.00398406,upper,screening_selected_transition,leviticus,major,transition_bucket_shape,taam_events
P5-6_A6-7_C1,P10-12_A8+_C2,17,0.136,0.06291192,2.16175238,7.624,2.50032608,3.749911,0.00398406,upper,screening_selected_transition,leviticus,major,transition_bucket_shape,taam_events
P5-6_A5_C1,P<=4_A4_C0,13,0.22807018,0.0910725,2.50427054,5.096,2.25635737,3.502991,0.00398406,upper,screening_selected_transition,leviticus,major,transition_bucket_shape,taam_events
P7-9_A8+_C2,P5-6_A8+_C1,4,0.06451613,0.01378071,4.68162693,0.912,0.91849362,3.362027,0.00796813,upper,screening_selected_transition,leviticus,major,transition_bucket_shape,taam_events
P<=4_A2_C0,P<=4_A4_C0,7,0.30434783,0.0910725,3.34181922,2.136,1.47723828,3.292631,0.00796813,upper,screening_selected_transition,leviticus,major,transition_bucket_shape,taam_events
P<=4_A4_C0,P7-9_A6-7_C1,20,0.13157895,0.0724985,1.81491953,10.968,2.83675248,3.183922,0.00398406,upper,screening_selected_transition,leviticus,major,transition_bucket_shape,taam_events
P5-6_A5_C0,P5-6_A4_C0,7,0.07608696,0.02636309,2.8861166,2.448,1.46693681,3.103065,0.00796813,upper,screening_selected_transition,leviticus,major,transition_bucket_shape,taam_events
P7-9_A8+_C1,P<=4_A2_C0,5,0.04310345,0.01318155,3.26998433,1.508,1.15901218,3.012911,0.00796813,upper,screening_selected_transition,leviticus,major,transition_bucket_shape,taam_events
P7-9_A5_C1,P<=4_A3_C0,4,0.28571429,0.07429599,3.84562212,1.16,0.96442754,2.944752,0.01195219,upper,screening_selected_transition,leviticus,major,transition_bucket_shape,taam_events
P7-9_A6-7_C0,P13-15_A8+_C1,3,0.05454545,0.01198322,4.55181818,0.656,0.81751902,2.867212,0.03187251,upper,screening_selected_transition,leviticus,major,transition_bucket_shape,taam_events
P<=4_A3_C0,P5-6_A4_C0,8,0.06504065,0.02636309,2.46711013,3.28,1.65060534,2.859557,0.01195219,upper,screening_selected_transition,leviticus,major,transition_bucket_shape,taam_events
P13-15_A8+_C2,P7-9_A8+_C1,8,0.16666667,0.0695027,2.39798851,3.292,1.69061192,2.78479,0.00796813,upper,screening_selected_transition,leviticus,major,transition_bucket_shape,taam_events
P5-6_A5_C0,P13-15_A8+_C2,7,0.07608696,0.02875974,2.64560688,2.7,1.57094605,2.737204,0.01992032,upper,screening_selected_transition,leviticus,major,transition_bucket_shape,taam_events
P7-9_A6-7_C2,P5-6_A6-7_C0,4,0.17391304,0.04973038,3.49711891,1.184,1.03267112,2.726909,0.03984064,upper,screening_selected_transition,leviticus,major,transition_bucket_shape,taam_events
P7-9_A6-7_C1,P7-9_A6-7_C2,5,0.04132231,0.01378071,2.9985627,1.656,1.26493646,2.643611,0.03585657,upper,screening_selected_transition,leviticus,major,transition_bucket_shape,taam_events
P7-9_A8+_C2,P7-9_A8+_C0,3,0.0483871,0.01318155,3.67082111,0.764,0.85276776,2.62205,0.03984064,upper,screening_selected_transition,leviticus,major,transition_bucket_shape,taam_events
P7-9_A6-7_C1,P<=4_A3_C0,16,0.1322314,0.07429599,1.77979206,8.832,2.78041342,2.578034,0.00398406,upper,screening_selected_transition,leviticus,major,transition_bucket_shape,taam_events
P7-9_A8+_C1,P10-12_A8+_C3,4,0.03448276,0.01258238,2.74055829,1.344,1.06498864,2.493923,0.03187251,upper,screening_selected_transition,leviticus,major,transition_bucket_shape,taam_events
P5-6_A5_C0,P5-6_A5_C0,10,0.10869565,0.05512283,1.97188091,4.932,2.04354602,2.480003,0.02788845,upper,screening_selected_transition,leviticus,major,transition_bucket_shape,taam_events
P<=4_A4_C0,P13-15_A8+_C3,5,0.03289474,0.01198322,2.74506579,1.876,1.26611064,2.467399,0.02788845,upper,screening_selected_transition,leviticus,major,transition_bucket_shape,taam_events
P13-15_A8+_C3,P<=4_A4_C0,5,0.25,0.0910725,2.74506579,1.848,1.28354429,2.4557,0.03585657,upper,screening_selected_transition,leviticus,major,transition_bucket_shape,taam_events
P16-18_A8+_C3,P5-6_A6-7_C1,3,0.25,0.07489515,3.338,0.852,0.88613596,2.424007,0.06374502,upper,screening_selected_transition,leviticus,major,transition_bucket_shape,taam_events
P13-15_A8+_C2,P<=4_A4_C0,9,0.1875,0.0910725,2.05879934,4.428,1.902444,2.403224,0.02788845,upper,screening_selected_transition,leviticus,major,transition_bucket_shape,taam_events
P<=4_A2_C0,P5-6_A5_C0,4,0.17391304,0.05512283,3.15500945,1.304,1.12456328,2.397375,0.03984064,upper,screening_selected_transition,leviticus,major,transition_bucket_shape,taam_events
P7-9_A6-7_C1,P<=4_A6-7_C1,3,0.02479339,0.00659077,3.76183321,0.836,0.90575137,2.389177,0.05179283,upper,screening_selected_transition,leviticus,major,transition_bucket_shape,taam_events
P5-6_A6-7_C1,P5-6_A5_C1,9,0.072,0.03415219,2.10821053,4.444,1.95708578,2.327951,0.01992032,upper,screening_selected_transition,leviticus,major,transition_bucket_shape,taam_events
P<=4_A3_C0,P<=4_A5_C1,3,0.02439024,0.00718993,3.39227642,0.892,0.91415464,2.305956,0.06374502,upper,screening_selected_transition,leviticus,major,transition_bucket_shape,taam_events
P7-9_A8+_C1,P16-18_A8+_C3,3,0.02586207,0.00718993,3.59698276,0.788,0.96476894,2.292777,0.06374502,upper,screening_selected_transition,leviticus,major,transition_bucket_shape,taam_events
P5-6_A4_C1,P<=4_A4_C0,3,0.27272727,0.0910725,2.99461722,0.944,0.91663782,2.24298,0.04780876,upper,screening_selected_transition,leviticus,major,transition_bucket_shape,taam_events
P<=4_A4_C0,P10-12_A8+_C2,16,0.10526316,0.06291192,1.67318296,9.728,2.82096568,2.223352,0.03187251,upper,screening_selected_transition,leviticus,major,transition_bucket_shape,taam_events
P5-6_A4_C1,P<=4_A3_C0,3,0.27272727,0.07429599,3.67082111,0.884,0.95192892,2.222855,0.06772908,upper,screening_selected_transition,leviticus,major,transition_bucket_shape,taam_events
P10-12_A8+_C2,P<=4_A5_C0,9,0.08571429,0.04373877,1.95968689,4.62,2.00691575,2.182453,0.03187251,upper,screening_selected_transition,leviticus,major,transition_bucket_shape,taam_events
P<=4_A4_C0,P10-12_A8+_C3,5,0.03289474,0.01258238,2.61434837,1.924,1.41358299,2.176031,0.03984064,upper,screening_selected_transition,leviticus,major,transition_bucket_shape,taam_events
P10-12_A8+_C2,P5-6_A4_C0,6,0.05714286,0.02636309,2.16753247,2.772,1.5235817,2.118692,0.03984064,upper,screening_selected_transition,leviticus,major,transition_bucket_shape,taam_events
P<=4_A4_C1,P<=4_A3_C0,3,0.21428571,0.07429599,2.88421659,1.016,0.93982823,2.111024,0.06374502,upper,screening_selected_transition,leviticus,major,transition_bucket_shape,taam_events
P5-6_A6-7_C0,P16-18_A8+_C2,3,0.03614458,0.01318155,2.74205915,1.048,0.94300213,2.069985,0.07171315,upper,screening_selected_transition,leviticus,major,transition_bucket_shape,taam_events
P10-12_A8+_C3,P7-9_A6-7_C1,4,0.19047619,0.0724985,2.62731208,1.528,1.22933358,2.010846,0.07968127,upper,screening_selected_transition,leviticus,major,transition_bucket_shape,taam_events
P5-6_A6-7_C0,P13-15_A8+_C1,3,0.03614458,0.01198322,3.01626506,1.028,0.98747986,1.997003,0.07968127,upper,screening_selected_transition,leviticus,major,transition_bucket_shape,taam_events
P5-6_A4_C0,P7-9_A8+_C1,6,0.13636364,0.0695027,1.9619906,2.944,1.58711681,1.925504,0.06374502,upper,screening_selected_transition,leviticus,major,transition_bucket_shape,taam_events
P<=4_A4_C0,P16-18_A8+_C3,3,0.01973684,0.00718993,2.74506579,1.112,1.01961486,1.85168,0.10358566,upper,screening_selected_transition,leviticus,major,transition_bucket_shape,taam_events
P5-6_A6-7_C0,P7-9_A6-7_C2,3,0.03614458,0.01378071,2.62283918,1.112,1.02354608,1.844568,0.0876494,upper,screening_selected_transition,leviticus,major,transition_bucket_shape,taam_events
P<=4_A3_C0,P<=4_A4_C1,3,0.02439024,0.00838826,2.90766551,1.092,1.03916092,1.836097,0.09163347,upper,screening_selected_transition,leviticus,major,transition_bucket_shape,taam_events
P5-6_A4_C0,P5-6_A6-7_C0,5,0.11363636,0.04973038,2.28504929,2.184,1.60262836,1.757114,0.08366534,upper,screening_selected_transition,leviticus,major,transition_bucket_shape,taam_events
P7-9_A6-7_C2,P5-6_A5_C0,3,0.13043478,0.05512283,2.36625709,1.216,1.02642985,1.738063,0.1314741,upper,screening_selected_transition,leviticus,major,transition_bucket_shape,taam_events
P7-9_A8+_C2,P7-9_A8+_C1,8,0.12903226,0.0695027,1.85650723,4.532,2.00826005,1.726868,0.08366534,upper,screening_selected_transition,leviticus,major,transition_bucket_shape,taam_events
P5-6_A5_C0,P16-18_A8+_C2,3,0.0326087,0.01318155,2.47381423,1.172,1.06722626,1.712851,0.10358566,upper,screening_selected_transition,leviticus,major,transition_bucket_shape,taam_events
P5-6_A6-7_C0,P13-15_A8+_C2,5,0.06024096,0.02875974,2.09462851,2.412,1.51904113,1.703706,0.08366534,upper,screening_selected_transition,leviticus,major,transition_bucket_shape,taam_events
P<=4_A3_C0,P5-6_A8+_C1,4,0.03252033,0.01378071,2.35984447,1.92,1.22294004,1.700819,0.1314741,upper,screening_selected_transition,leviticus,major,transition_bucket_shape,taam_events
P<=4_A4_C0,P5-6_A5_C0,13,0.08552632,0.05512283,1.55155892,8.5,2.73347536,1.646256,0.07569721,upper,screening_selected_transition,leviticus,major,transition_bucket_shape,taam_events
P7-9_A6-7_C1,P<=4_A5_C0,9,0.07438017,0.04373877,1.70055474,5.44,2.31773328,1.535983,0.10756972,upper,screening_selected_transition,leviticus,major,transition_bucket_shape,taam_events
P5-6_A5_C0,P<=4_A2_C0,3,0.0326087,0.01318155,2.47381423,1.324,1.12431327,1.490688,0.15936255,upper,screening_selected_transition,leviticus,major,transition_bucket_shape,taam_events
P7-9_A6-7_C0,P5-6_A6-7_C0,5,0.09090909,0.04973038,1.82803943,2.704,1.57298478,1.459645,0.15537849,upper,screening_selected_transition,leviticus,major,transition_bucket_shape,taam_events
P10-12_A8+_C2,P10-12_A8+_C3,3,0.02857143,0.01258238,2.2707483,1.384,1.11062051,1.455042,0.1752988,upper,screening_selected_transition,leviticus,major,transition_bucket_shape,taam_events
P5-6_A5_C1,P7-9_A8+_C1,7,0.12280702,0.0695027,1.7669389,4.096,2.02365132,1.43503,0.14342629,upper,screening_selected_transition,leviticus,major,transition_bucket_shape,taam_events
P5-6_A6-7_C1,P<=4_A3_C0,13,0.104,0.07429599,1.39980645,8.988,2.84468362,1.41035,0.1314741,upper,screening_selected_transition,leviticus,major,transition_bucket_shape,taam_events
P5-6_A6-7_C1,P13-15_A8+_C3,3,0.024,0.01198322,2.0028,1.392,1.14348864,1.406223,0.16334661,upper,screening_selected_transition,leviticus,major,transition_bucket_shape,taam_events
P<=4_A4_C0,P13-15_A8+_C2,7,0.04605263,0.02875974,1.60128838,4.18,2.010914,1.402347,0.13944223,upper,screening_selected_transition,leviticus,major,transition_bucket_shape,taam_events
P5-6_A6-7_C0,P7-9_A6-7_C0,5,0.06024096,0.03295386,1.82803943,2.732,1.64163206,1.381552,0.15936255,upper,screening_selected_transition,leviticus,major,transition_bucket_shape,taam_events
P7-9_A8+_C1,P13-15_A8+_C1,3,0.02586207,0.01198322,2.15818966,1.496,1.13097321,1.329828,0.19920319,upper,screening_selected_transition,leviticus,major,transition_bucket_shape,taam_events
P10-12_A8+_C3,P5-6_A6-7_C1,3,0.14285714,0.07489515,1.90742857,1.496,1.21980972,1.232979,0.22310757,upper,screening_selected_transition,leviticus,major,transition_bucket_shape,taam_events
P10-12_A8+_C2,P7-9_A6-7_C1,11,0.1047619,0.0724985,1.44502165,7.756,2.72141293,1.192028,0.13545817,upper,screening_selected_transition,leviticus,major,transition_bucket_shape,taam_events
P5-6_A6-7_C1,P7-9_A8+_C2,7,0.056,0.03714799,1.50748387,4.62,2.00290953,1.188271,0.16733068,upper,screening_selected_transition,leviticus,major,transition_bucket_shape,taam_events
P5-6_A5_C1,P7-9_A8+_C2,4,0.07017544,0.03714799,1.88907753,2.128,1.58038173,1.184524,0.19521912,upper,screening_selected_transition,leviticus,major,transition_bucket_shape,taam_events
P16-18_A8+_C2,P5-6_A6-7_C1,3,0.13636364,0.07489515,1.82072727,1.624,1.16621793,1.179882,0.22310757,upper,screening_selected_transition,leviticus,major,transition_bucket_shape,taam_events
P7-9_A8+_C2,P<=4_A4_C0,8,0.12903226,0.0910725,1.41680815,5.316,2.32330259,1.155252,0.15936255,upper,screening_selected_transition,leviticus,major,transition_bucket_shape,taam_events
P5-6_A8+_C1,P5-6_A6-7_C1,3,0.13043478,0.07489515,1.74156522,1.556,1.26064304,1.145447,0.23505976,upper,screening_selected_transition,leviticus,major,transition_bucket_shape,taam_events
P7-9_A8+_C0,P5-6_A6-7_C1,3,0.13636364,0.07489515,1.82072727,1.66,1.20257421,1.114276,0.21912351,upper,screening_selected_transition,leviticus,major,transition_bucket_shape,taam_events
P10-12_A8+_C1,P<=4_A5_C0,5,0.07246377,0.04373877,1.65674012,3.068,1.73765757,1.111842,0.17928287,upper,screening_selected_transition,leviticus,major,transition_bucket_shape,taam_events
P<=4_A5_C0,P5-6_A5_C0,6,0.08219178,0.05512283,1.49106611,4.064,1.74817863,1.107438,0.19123506,upper,screening_selected_transition,leviticus,major,transition_bucket_shape,taam_events
P13-15_A8+_C1,P5-6_A6-7_C1,3,0.15,0.07489515,2.0028,1.632,1.25173614,1.092882,0.21912351,upper,screening_selected_transition,leviticus,major,transition_bucket_shape,taam_events
P7-9_A8+_C1,P5-6_A5_C1,6,0.05172414,0.03415219,1.51451906,3.988,1.8723994,1.074557,0.18326693,upper,screening_selected_transition,leviticus,major,transition_bucket_shape,taam_events
P5-6_A5_C1,P7-9_A6-7_C0,3,0.05263158,0.03295386,1.59712919,1.664,1.24470929,1.073343,0.22310757,upper,screening_selected_transition,leviticus,major,transition_bucket_shape,taam_events
P13-15_A8+_C2,P7-9_A6-7_C1,5,0.10416667,0.0724985,1.43681129,3.276,1.65492571,1.041739,0.22709163,upper,screening_selected_transition,leviticus,major,transition_bucket_shape,taam_events
P5-6_A8+_C1,P7-9_A6-7_C1,3,0.13043478,0.0724985,1.79913762,1.7,1.26189123,1.0302,0.20717131,upper,screening_selected_transition,leviticus,major,transition_bucket_shape,taam_events
P10-12_A8+_C1,P10-12_A8+_C1,4,0.05797101,0.04134212,1.40222642,2.436,1.52815084,1.023459,0.22310757,upper,screening_selected_transition,leviticus,major,transition_bucket_shape,taam_events
P<=4_A5_C0,P5-6_A5_C1,4,0.05479452,0.03415219,1.60442201,2.46,1.51047215,1.019549,0.22310757,upper,screening_selected_transition,leviticus,major,transition_bucket_shape,taam_events
P13-15_A8+_C2,P7-9_A8+_C2,3,0.0625,0.03714799,1.68245968,1.756,1.25169123,0.993855,0.25896414,upper,screening_selected_transition,leviticus,major,transition_bucket_shape,taam_events
P10-12_A8+_C1,P5-6_A6-7_C1,7,0.10144928,0.07489515,1.35455072,5.004,2.06422579,0.966948,0.25498008,upper,screening_selected_transition,leviticus,major,transition_bucket_shape,taam_events
P5-6_A6-7_C1,P16-18_A8+_C2,3,0.024,0.01318155,1.82072727,1.78,1.2720347,0.959093,0.26294821,upper,screening_selected_transition,leviticus,major,transition_bucket_shape,taam_events
P7-9_A6-7_C1,P13-15_A8+_C2,5,0.04132231,0.02875974,1.43681129,3.356,1.75086439,0.938965,0.25099602,upper,screening_selected_transition,leviticus,major,transition_bucket_shape,taam_events
P5-6_A4_C0,P10-12_A8+_C1,3,0.06818182,0.04134212,1.64920949,1.812,1.27717686,0.930177,0.27888446,upper,screening_selected_transition,leviticus,major,transition_bucket_shape,taam_events
P<=4_A5_C0,P7-9_A6-7_C1,7,0.09589041,0.0724985,1.32265369,5.152,2.03998583,0.905889,0.2310757,upper,screening_selected_transition,leviticus,major,transition_bucket_shape,taam_events
P7-9_A8+_C1,P13-15_A8+_C2,5,0.04310345,0.02875974,1.49874282,3.416,1.81552431,0.872475,0.27888446,upper,screening_selected_transition,leviticus,major,transition_bucket_shape,taam_events
P7-9_A6-7_C1,P<=4_A4_C0,14,0.11570248,0.0910725,1.27044367,11.256,3.14803183,0.871656,0.24701195,upper,screening_selected_transition,leviticus,major,transition_bucket_shape,taam_events
P5-6_A6-7_C0,P10-12_A8+_C1,5,0.06024096,0.04134212,1.45713288,3.488,1.77495291,0.851854,0.2749004,upper,screening_selected_transition,leviticus,major,transition_bucket_shape,taam_events
P7-9_A8+_C1,P<=4_A3_C0,11,0.09482759,0.07429599,1.27634872,8.62,2.80196431,0.849404,0.22709163,upper,screening_selected_transition,leviticus,major,transition_bucket_shape,taam_events
P7-9_A8+_C2,P13-15_A8+_C2,3,0.0483871,0.02875974,1.68245968,1.82,1.44358434,0.81741,0.26693227,upper,screening_selected_transition,leviticus,major,transition_bucket_shape,taam_events
P10-12_A8+_C1,P7-9_A8+_C2,4,0.05797101,0.03714799,1.56054231,2.684,1.61075203,0.81701,0.27888446,upper,screening_selected_transition,leviticus,major,transition_bucket_shape,taam_events
P10-12_A8+_C2,P5-6_A6-7_C0,7,0.06666667,0.04973038,1.34056225,5.26,2.16405465,0.804046,0.27091633,upper,screening_selected_transition,leviticus,major,transition_bucket_shape,taam_events
P7-9_A6-7_C1,P5-6_A6-7_C0,8,0.0661157,0.04973038,1.32948322,6.224,2.26502657,0.784097,0.27888446,upper,screening_selected_transition,leviticus,major,transition_bucket_shape,taam_events
P<=4_A3_C0,P10-12_A8+_C2,10,0.08130081,0.06291192,1.29229578,7.952,2.77063199,0.739182,0.2749004,upper,screening_selected_transition,leviticus,major,transition_bucket_shape,taam_events
P7-9_A8+_C2,P5-6_A6-7_C1,6,0.09677419,0.07489515,1.29212903,4.568,1.94228367,0.737276,0.29083665,upper,screening_selected_transition,leviticus,major,transition_bucket_shape,taam_events
P7-9_A8+_C1,P10-12_A8+_C1,6,0.05172414,0.04134212,1.25112444,4.656,1.8349748,0.732435,0.33466135,upper,screening_selected_transition,leviticus,major,transition_bucket_shape,taam_events
P13-15_A8+_C2,P<=4_A5_C0,3,0.0625,0.04373877,1.42893836,2.088,1.29884719,0.702161,0.32669323,upper,screening_selected_transition,leviticus,major,transition_bucket_shape,taam_events
P7-9_A6-7_C2,P<=4_A4_C0,3,0.13043478,0.0910725,1.43220824,2.108,1.280192,0.69677,0.37051793,upper,screening_selected_transition,leviticus,major,transition_bucket_shape,taam_events
P13-15_A8+_C1,P<=4_A4_C0,3,0.15,0.0910725,1.64703947,2.016,1.43106105,0.687602,0.32270916,upper,screening_selected_transition,leviticus,major,transition_bucket_shape,taam_events
P<=4_A5_C0,P5-6_A6-7_C1,7,0.09589041,0.07489515,1.28032877,5.476,2.29225692,0.664847,0.32270916,upper,screening_selected_transition,leviticus,major,transition_bucket_shape,taam_events
P5-6_A4_C0,P10-12_A8+_C2,4,0.09090909,0.06291192,1.44502165,2.86,1.71468966,0.664843,0.3187251,upper,screening_selected_transition,leviticus,major,transition_bucket_shape,taam_events
P10-12_A8+_C1,P7-9_A6-7_C0,3,0.04347826,0.03295386,1.31936759,2.072,1.40952583,0.658377,0.37051793,upper,screening_selected_transition,leviticus,major,transition_bucket_shape,taam_events
P<=4_A5_C0,P13-15_A8+_C2,3,0.04109589,0.02875974,1.42893836,2.064,1.44369005,0.648339,0.3187251,upper,screening_selected_transition,leviticus,major,transition_bucket_shape,taam_events
P10-12_A8+_C2,P7-9_A8+_C2,5,0.04761905,0.03714799,1.28187404,3.856,1.85500084,0.616711,0.36653386,upper,screening_selected_transition,leviticus,major,transition_bucket_shape,taam_events
P5-6_A6-7_C0,P5-6_A5_C1,4,0.04819277,0.03415219,1.41111816,2.936,1.75276718,0.60704,0.32270916,upper,screening_selected_transition,leviticus,major,transition_bucket_shape,taam_events
P7-9_A6-7_C0,P<=4_A4_C0,6,0.10909091,0.0910725,1.19784689,4.812,1.99815578,0.594548,0.32270916,upper,screening_selected_transition,leviticus,major,transition_bucket_shape,taam_events
P<=4_A4_C0,P7-9_A8+_C2,7,0.04605263,0.03714799,1.23970713,5.716,2.26447685,0.567018,0.3625498,upper,screening_selected_transition,leviticus,major,transition_bucket_shape,taam_events
P5-6_A5_C0,P<=4_A4_C0,10,0.10869565,0.0910725,1.19350686,8.492,2.67404902,0.563939,0.33466135,upper,screening_selected_transition,leviticus,major,transition_bucket_shape,taam_events
P7-9_A8+_C2,P5-6_A6-7_C0,4,0.06451613,0.04973038,1.29731831,3.124,1.60965461,0.544216,0.37051793,upper,screening_selected_transition,leviticus,major,transition_bucket_shape,taam_events
P<=4_A5_C0,P10-12_A8+_C1,4,0.05479452,0.04134212,1.3253921,3.1,1.70576627,0.527622,0.41035857,upper,screening_selected_transition,leviticus,major,transition_bucket_shape,taam_events
P5-6_A5_C0,P10-12_A8+_C2,7,0.07608696,0.06291192,1.20942029,5.792,2.29473292,0.526423,0.38645418,upper,screening_selected_transition,leviticus,major,transition_bucket_shape,taam_events
P<=4_A3_C0,P5-6_A5_C0,8,0.06504065,0.05512283,1.17992223,6.72,2.4612662,0.520058,0.32669323,upper,screening_selected_transition,leviticus,major,transition_bucket_shape,taam_events
P7-9_A6-7_C1,P5-6_A5_C1,5,0.04132231,0.03415219,1.20994635,4.08,1.91212575,0.48114,0.41035857,upper,screening_selected_transition,leviticus,major,transition_bucket_shape,taam_events
P7-9_A8+_C1,P<=4_A5_C0,6,0.05172414,0.04373877,1.18256967,5.032,2.01574525,0.480219,0.39840637,upper,screening_selected_transition,leviticus,major,transition_bucket_shape,taam_events
P7-9_A6-7_C0,P10-12_A8+_C1,3,0.05454545,0.04134212,1.31936759,2.36,1.42496389,0.449134,0.4501992,upper,screening_selected_transition,leviticus,major,transition_bucket_shape,taam_events
P5-6_A6-7_C0,P10-12_A8+_C2,6,0.07228916,0.06291192,1.14905336,5.128,2.01789584,0.432133,0.41832669,upper,screening_selected_transition,leviticus,major,transition_bucket_shape,taam_events
P<=4_A3_C0,P7-9_A6-7_C0,5,0.04065041,0.03295386,1.23355506,4.204,1.85042706,0.430171,0.41434263,upper,screening_selected_transition,leviticus,major,transition_bucket_shape,taam_events
P5-6_A5_C1,P<=4_A5_C0,3,0.05263158,0.04373877,1.20331651,2.38,1.44636367,0.428661,0.4501992,upper,screening_selected_transition,leviticus,major,transition_bucket_shape,taam_events
P7-9_A6-7_C0,P7-9_A6-7_C1,5,0.09090909,0.0724985,1.2539444,4.152,2.0380162,0.416091,0.41832669,upper,screening_selected_transition,leviticus,major,transition_bucket_shape,taam_events
P<=4_A5_C0,P7-9_A8+_C1,6,0.08219178,0.0695027,1.18256967,5.156,2.09312894,0.403224,0.4063745,upper,screening_selected_transition,leviticus,major,transition_bucket_shape,taam_events
P10-12_A8+_C1,P<=4_A3_C0,6,0.08695652,0.07429599,1.17040673,5.168,2.12741146,0.391086,0.45816733,upper,screening_selected_transition,leviticus,major,transition_bucket_shape,taam_events
P7-9_A6-7_C1,P10-12_A8+_C1,6,0.04958678,0.04134212,1.19942508,5.128,2.24583863,0.388274,0.43426295,upper,screening_selected_transition,leviticus,major,transition_bucket_shape,taam_events
P7-9_A6-7_C0,P5-6_A6-7_C1,5,0.09090909,0.07489515,1.21381818,4.288,1.90882962,0.373003,0.43027888,upper,screening_selected_transition,leviticus,major,transition_bucket_shape,taam_events
P13-15_A8+_C2,P5-6_A6-7_C0,3,0.0625,0.04973038,1.25677711,2.456,1.58559783,0.343088,0.4063745,upper,screening_selected_transition,leviticus,major,transition_bucket_shape,taam_events
P<=4_A4_C0,P7-9_A6-7_C0,6,0.03947368,0.03295386,1.19784689,5.264,2.23389012,0.32947,0.44223108,upper,screening_selected_transition,leviticus,major,transition_bucket_shape,taam_events
P5-6_A5_C1,P<=4_A3_C0,5,0.0877193,0.07429599,1.18067346,4.412,1.90598718,0.308502,0.47011952,upper,screening_selected_transition,leviticus,major,transition_bucket_shape,taam_events
P7-9_A6-7_C1,P7-9_A8+_C2,5,0.04132231,0.03714799,1.11237003,4.368,2.05364208,0.307746,0.46215139,upper,screening_selected_transition,leviticus,major,transition_bucket_shape,taam_events
P5-6_A6-7_C1,P5-6_A6-7_C1,10,0.08,0.07489515,1.06816,9.168,2.85734732,0.291179,0.4063745,upper,screening_selected_transition,leviticus,major,transition_bucket_shape,taam_events
P7-9_A6-7_C0,P10-12_A8+_C2,4,0.07272727,0.06291192,1.15601732,3.496,1.81082865,0.278326,0.48207171,upper,screening_selected_transition,leviticus,major,transition_bucket_shape,taam_events
P10-12_A8+_C2,P7-9_A8+_C1,8,0.07619048,0.0695027,1.09622332,7.296,2.55705654,0.275317,0.44621514,upper,screening_selected_transition,leviticus,major,transition_bucket_shape,taam_events
P5-6_A6-7_C1,P10-12_A8+_C1,6,0.048,0.04134212,1.16104348,5.388,2.32617721,0.263093,0.45418327,upper,screening_selected_transition,leviticus,major,transition_bucket_shape,taam_events
P<=4_A5_C0,P10-12_A8+_C2,5,0.06849315,0.06291192,1.08871494,4.536,2.14174046,0.216646,0.48207171,upper,screening_selected_transition,leviticus,major,transition_bucket_shape,taam_events
P7-9_A8+_C1,P10-12_A8+_C2,8,0.06896552,0.06291192,1.09622332,7.464,2.49350643,0.214958,0.47808765,upper,screening_selected_transition,leviticus,major,transition_bucket_shape,taam_events
P7-9_A8+_C1,P7-9_A6-7_C1,9,0.07758621,0.0724985,1.07017669,8.552,2.83539306,0.158003,0.50996016,upper,screening_selected_transition,leviticus,major,transition_bucket_shape,taam_events
P<=4_A5_C0,P7-9_A8+_C2,3,0.04109589,0.03714799,1.10627486,2.784,1.64565388,0.131255,0.52589641,upper,screening_selected_transition,leviticus,major,transition_bucket_shape,taam_events
P5-6_A6-7_C1,P7-9_A8+_C1,9,0.072,0.0695027,1.03593103,8.684,2.57110605,0.122904,0.51792829,upper,screening_selected_transition,leviticus,major,transition_bucket_shape,taam_events
P5-6_A6-7_C1,P7-9_A6-7_C1,9,0.072,0.0724985,0.99312397,8.668,2.71056538,0.122484,0.55378486,upper,screening_selected_transition,leviticus,major,transition_bucket_shape,taam_events
P5-6_A6-7_C0,P7-9_A8+_C1,6,0.07228916,0.0695027,1.0400914,5.776,2.163457,0.103538,0.51792829,upper,screening_selected_transition,leviticus,major,transition_bucket_shape,taam_events
P5-6_A5_C0,P5-6_A6-7_C1,7,0.07608696,0.07489515,1.01591304,6.752,2.48580226,0.099767,0.52191235,upper,screening_selected_transition,leviticus,major,transition_bucket_shape,taam_events
P<=4_A3_C0,P7-9_A8+_C1,9,0.07317073,0.0695027,1.05277544,8.744,2.88857047,0.088625,0.5059761,upper,screening_selected_transition,leviticus,major,transition_bucket_shape,taam_events
P7-9_A8+_C2,P10-12_A8+_C2,4,0.06451613,0.06291192,1.02549923,3.852,1.80975048,0.081779,0.54183267,upper,screening_selected_transition,leviticus,major,transition_bucket_shape,taam_events
P10-12_A8+_C1,P7-9_A8+_C1,5,0.07246377,0.0695027,1.0426037,4.856,2.10069409,0.068549,0.54581673,upper,screening_selected_transition,leviticus,major,transition_bucket_shape,taam_events
P7-9_A6-7_C1,P7-9_A6-7_C0,4,0.03305785,0.03295386,1.00315552,3.952,1.90899793,0.025144,0.58565737,upper,screening_selected_transition,leviticus,major,transition_bucket_shape,taam_events
P7-9_A8+_C1,P5-6_A4_C0,3,0.02586207,0.02636309,0.9809953,2.984,1.54443684,0.01036,0.56972112,upper,screening_selected_transition,leviticus,major,transition_bucket_shape,taam_events
P10-12_A8+_C1,P5-6_A5_C0,4,0.05797101,0.05512283,1.05166982,3.984,1.84536323,0.00867,0.57370518,upper,screening_selected_transition,leviticus,major,transition_bucket_shape,taam_events
P<=4_A3_C0,P10-12_A8+_C1,5,0.04065041,0.04134212,0.98326853,5.008,1.91588582,-0.004176,0.56972112,upper,screening_selected_transition,leviticus,major,transition_bucket_shape,taam_events
P<=4_A4_C0,P5-6_A6-7_C1,11,0.07236842,0.07489515,0.96626316,11.024,3.18622537,-0.007532,0.54581673,upper,screening_selected_transition,leviticus,major,transition_bucket_shape,taam_events
P<=4_A3_C0,P7-9_A6-7_C1,9,0.07317073,0.0724985,1.00927232,9.1,2.88083266,-0.034712,0.57768924,upper,screening_selected_transition,leviticus,major,transition_bucket_shape,taam_events
P7-9_A8+_C1,P7-9_A8+_C1,8,0.06896552,0.0695027,0.99227111,8.112,2.76732513,-0.040472,0.56175299,upper,screening_selected_transition,leviticus,major,transition_bucket_shape,taam_events
P<=4_A3_C0,P<=4_A3_C0,9,0.07317073,0.07429599,0.98485445,9.208,2.65498243,-0.078343,0.60159363,upper,screening_selected_transition,leviticus,major,transition_bucket_shape,taam_events
P5-6_A4_C0,P<=4_A3_C0,3,0.06818182,0.07429599,0.91770528,3.224,1.78509671,-0.125483,0.62948207,upper,screening_selected_transition,leviticus,major,transition_bucket_shape,taam_events
P10-12_A8+_C2,P10-12_A8+_C2,6,0.05714286,0.06291192,0.90829932,6.32,2.50974006,-0.127503,0.60956175,upper,screening_selected_transition,leviticus,major,transition_bucket_shape,taam_events
P<=4_A4_C0,P5-6_A4_C0,4,0.02631579,0.02636309,0.99820574,4.28,1.89524876,-0.147738,0.6374502,upper,screening_selected_transition,leviticus,major,transition_bucket_shape,taam_events
P10-12_A8+_C2,P<=4_A4_C0,9,0.08571429,0.0910725,0.94116541,9.424,2.84192367,-0.149195,0.62151394,upper,screening_selected_transition,leviticus,major,transition_bucket_shape,taam_events
P7-9_A8+_C1,P5-6_A5_C0,6,0.05172414,0.05512283,0.93834333,6.364,2.33006886,-0.156219,0.65737052,upper,screening_selected_transition,leviticus,major,transition_bucket_shape,taam_events
P<=4_A4_C0,P10-12_A8+_C1,6,0.03947368,0.04134212,0.95480549,6.368,2.18625131,-0.168325,0.60956175,upper,screening_selected_transition,leviticus,major,transition_bucket_shape,taam_events
P<=4_A5_C0,P<=4_A3_C0,5,0.06849315,0.07429599,0.92189571,5.38,2.21794434,-0.17133,0.63346614,upper,screening_selected_transition,leviticus,major,transition_bucket_shape,taam_events
P7-9_A6-7_C1,P7-9_A6-7_C1,8,0.0661157,0.0724985,0.91195957,8.564,2.76631778,-0.203881,0.62549801,upper,screening_selected_transition,leviticus,major,transition_bucket_shape,taam_events
P5-6_A5_C1,P5-6_A6-7_C1,4,0.07017544,0.07489515,0.93698246,4.404,1.87800201,-0.215122,0.66135458,upper,screening_selected_transition,leviticus,major,transition_bucket_shape,taam_events
P5-6_A6-7_C1,P5-6_A4_C0,3,0.024,0.02636309,0.91036364,3.432,1.74630304,-0.24738,0.69721116,upper,screening_selected_transition,leviticus,major,transition_bucket_shape,taam_events
P13-15_A8+_C2,P<=4_A3_C0,3,0.0625,0.07429599,0.84122984,3.444,1.7001252,-0.261157,0.72111554,upper,screening_selected_transition,leviticus,major,transition_bucket_shape,taam_events
P5-6_A6-7_C1,P<=4_A5_C0,5,0.04,0.04373877,0.91452055,5.648,2.21624524,-0.292386,0.68525896,upper,screening_selected_transition,leviticus,major,transition_bucket_shape,taam_events
P10-12_A8+_C2,P5-6_A5_C1,3,0.02857143,0.03415219,0.83659148,3.6,1.92426902,-0.311807,0.72908367,upper,screening_selected_transition,leviticus,major,transition_bucket_shape,taam_events
P7-9_A6-7_C1,P5-6_A5_C0,6,0.04958678,0.05512283,0.89956881,6.72,2.30626874,-0.312193,0.70517928,upper,screening_selected_transition,leviticus,major,transition_bucket_shape,taam_events
P10-12_A8+_C2,P7-9_A6-7_C0,3,0.02857143,0.03295386,0.86701299,3.576,1.67074521,-0.344756,0.74103586,upper,screening_selected_transition,leviticus,major,transition_bucket_shape,taam_events
P<=4_A3_C0,P7-9_A8+_C2,4,0.03252033,0.03714799,0.87542617,4.724,2.07486004,-0.348939,0.73705179,upper,screening_selected_transition,leviticus,major,transition_bucket_shape,taam_events
P10-12_A8+_C2,P5-6_A5_C0,5,0.04761905,0.05512283,0.86387164,5.784,2.23726741,-0.350427,0.70517928,upper,screening_selected_transition,leviticus,major,transition_bucket_shape,taam_events
P5-6_A5_C0,P10-12_A8+_C1,3,0.0326087,0.04134212,0.78875236,3.764,1.9625776,-0.389284,0.70517928,upper,screening_selected_transition,leviticus,major,transition_bucket_shape,taam_events
P<=4_A3_C0,P<=4_A4_C0,10,0.08130081,0.0910725,0.89270432,11.228,2.99665409,-0.40979,0.70916335,upper,screening_selected_transition,leviticus,major,transition_bucket_shape,taam_events
P5-6_A4_C0,P<=4_A4_C0,3,0.06818182,0.0910725,0.74865431,3.744,1.79872333,-0.413627,0.76095618,upper,screening_selected_transition,leviticus,major,transition_bucket_shape,taam_events
P5-6_A6-7_C1,P5-6_A5_C0,6,0.048,0.05512283,0.87078261,7.08,2.43006602,-0.444432,0.73306773,upper,screening_selected_transition,leviticus,major,transition_bucket_shape,taam_events
P5-6_A6-7_C0,P7-9_A6-7_C1,5,0.06024096,0.0724985,0.83092701,6.128,2.33697707,-0.482675,0.78087649,upper,screening_selected_transition,leviticus,major,transition_bucket_shape,taam_events
P<=4_A4_C0,P5-6_A5_C1,4,0.02631579,0.03415219,0.77054478,5.204,2.17746398,-0.552937,0.79282869,upper,screening_selected_transition,leviticus,major,transition_bucket_shape,taam_events
P5-6_A5_C0,P<=4_A5_C0,3,0.0326087,0.04373877,0.74553306,4.06,1.91391019,-0.55384,0.78884462,upper,screening_selected_transition,leviticus,major,transition_bucket_shape,taam_events
P5-6_A6-7_C0,P5-6_A6-7_C1,5,0.06024096,0.07489515,0.80433735,6.28,2.26940539,-0.564024,0.77689243,upper,screening_selected_transition,leviticus,major,transition_bucket_shape,taam_events
P7-9_A6-7_C0,P<=4_A3_C0,3,0.05454545,0.07429599,0.73416422,4.192,2.11020089,-0.564875,0.78486056,upper,screening_selected_transition,leviticus,major,transition_bucket_shape,taam_events
P5-6_A6-7_C1,P7-9_A6-7_C0,3,0.024,0.03295386,0.72829091,4.096,1.91767932,-0.571524,0.79282869,upper,screening_selected_transition,leviticus,major,transition_bucket_shape,taam_events
P5-6_A6-7_C0,P5-6_A6-7_C0,3,0.03614458,0.04973038,0.72681086,4.112,1.91261296,-0.581404,0.812749,upper,screening_selected_transition,leviticus,major,transition_bucket_shape,taam_events
P7-9_A6-7_C1,P7-9_A8+_C1,7,0.05785124,0.0695027,0.83235965,8.552,2.63115715,-0.589855,0.78884462,upper,screening_selected_transition,leviticus,major,transition_bucket_shape,taam_events
P7-9_A8+_C1,P5-6_A6-7_C1,7,0.06034483,0.07489515,0.80572414,8.84,2.90519546,-0.633348,0.77689243,upper,screening_selected_transition,leviticus,major,transition_bucket_shape,taam_events
P<=4_A3_C0,P5-6_A5_C1,3,0.02439024,0.03415219,0.71416346,4.388,1.92985839,-0.719224,0.83665339,upper,screening_selected_transition,leviticus,major,transition_bucket_shape,taam_events
P5-6_A6-7_C0,P5-6_A5_C0,3,0.03614458,0.05512283,0.6557098,4.54,2.0846542,-0.738732,0.84860558,upper,screening_selected_transition,leviticus,major,transition_bucket_shape,taam_events
P10-12_A8+_C2,P<=4_A3_C0,6,0.05714286,0.07429599,0.76912442,7.88,2.49851361,-0.752447,0.82868526,upper,screening_selected_transition,leviticus,major,transition_bucket_shape,taam_events
P7-9_A8+_C2,P7-9_A6-7_C1,3,0.0483871,0.0724985,0.66742202,4.628,2.1606224,-0.753487,0.83665339,upper,screening_selected_transition,leviticus,major,transition_bucket_shape,taam_events
P7-9_A8+_C1,P5-6_A6-7_C0,4,0.03448276,0.04973038,0.69339427,5.744,2.30209962,-0.757569,0.85258964,upper,screening_selected_transition,leviticus,major,transition_bucket_shape,taam_events
P<=4_A3_C0,P5-6_A6-7_C1,7,0.05691057,0.07489515,0.75986992,9.164,2.59461599,-0.834035,0.83266932,upper,screening_selected_transition,leviticus,major,transition_bucket_shape,taam_events
P7-9_A8+_C2,P<=4_A3_C0,3,0.0483871,0.07429599,0.65127471,4.752,1.99056409,-0.880153,0.85657371,upper,screening_selected_transition,leviticus,major,transition_bucket_shape,taam_events
P10-12_A8+_C1,P<=4_A4_C0,4,0.05797101,0.0910725,0.63653699,6.316,2.37290258,-0.97602,0.90039841,upper,screening_selected_transition,leviticus,major,transition_bucket_shape,taam_events
P5-6_A5_C0,P7-9_A8+_C1,4,0.04347826,0.0695027,0.62556222,6.308,2.27372278,-1.015075,0.90039841,upper,screening_selected_transition,leviticus,major,transition_bucket_shape,taam_events
P7-9_A6-7_C1,P5-6_A6-7_C1,6,0.04958678,0.07489515,0.66208264,9.112,2.82762051,-1.100572,0.90438247,upper,screening_selected_transition,leviticus,major,transition_bucket_shape,taam_events
P7-9_A8+_C1,P<=4_A4_C0,7,0.06034483,0.0910725,0.66260209,10.444,3.10183001,-1.110312,0.90438247,upper,screening_selected_transition,leviticus,major,transition_bucket_shape,taam_events
P10-12_A8+_C2,P5-6_A6-7_C1,5,0.04761905,0.07489515,0.63580952,7.992,2.6796751,-1.116553,0.9123506,upper,screening_selected_transition,leviticus,major,transition_bucket_shape,taam_events
P<=4_A3_C0,P<=4_A5_C0,3,0.02439024,0.04373877,0.55763448,5.404,2.07121794,-1.16067,0.93625498,upper,screening_selected_transition,leviticus,major,transition_bucket_shape,taam_events
P<=4_A3_C0,P5-6_A6-7_C0,3,0.02439024,0.04973038,0.4904496,6.024,2.39297499,-1.263699,0.94422311,upper,screening_selected_transition,leviticus,major,transition_bucket_shape,taam_events
P5-6_A6-7_C0,P<=4_A3_C0,3,0.03614458,0.07429599,0.48649436,6.008,2.24769762,-1.338258,0.94422311,upper,screening_selected_transition,leviticus,major,transition_bucket_shape,taam_events
P5-6_A5_C0,P7-9_A6-7_C1,3,0.0326087,0.0724985,0.44978441,6.376,2.34961844,-1.436829,0.96414343,upper,screening_selected_transition,leviticus,major,transition_bucket_shape,taam_events
P5-6_A6-7_C0,P<=4_A4_C0,4,0.04819277,0.0910725,0.52916931,7.696,2.54351368,-1.453108,0.94820717,upper,screening_selected_transition,leviticus,major,transition_bucket_shape,taam_events
P<=4_A4_C0,P<=4_A3_C0,7,0.04605263,0.07429599,0.61985357,11.532,3.0208406,-1.500245,0.94422311,upper,screening_selected_transition,leviticus,major,transition_bucket_shape,taam_events
P7-9_A6-7_C1,P10-12_A8+_C2,3,0.02479339,0.06291192,0.39409681,7.32,2.83296714,-1.524903,0.97609562,upper,screening_selected_transition,leviticus,major,transition_bucket_shape,taam_events
P<=4_A4_C0,P7-9_A8+_C1,5,0.03289474,0.0695027,0.47328721,10.24,2.88020526,-1.819315,0.99203187,upper,screening_selected_transition,leviticus,major,transition_bucket_shape,taam_events
P5-6_A6-7_C1,P<=4_A4_C0,5,0.04,0.0910725,0.43921053,11.268,3.43092714,-1.826911,0.99601594,upper,screening_selected_transition,leviticus,major,transition_bucket_shape,taam_events
P<=4_A4_C0,P<=4_A4_C0,5,0.03289474,0.0910725,0.36119287,13.94,3.50220814,-2.552675,1.0,upper,screening_selected_transition,leviticus,major,transition_bucket_shape,taam_events
P11_A10_C2,P10_A9_C2,4,0.36363636,0.0107849,33.71717172,0.112,0.3284624,11.836971,0.00398406,upper,screening_selected_transition,leviticus,major,transition_exact_shape,taam_events
P10_A9_C2,P7_A6_C1,5,0.27777778,0.02037148,13.63562092,0.372,0.57527364,8.044867,0.00398406,upper,screening_selected_transition,leviticus,major,transition_exact_shape,taam_events
P10_A8_C1,P2_A3_C0,3,0.5,0.03055722,16.3627451,0.18,0.40528635,6.958043,0.00398406,upper,screening_selected_transition,leviticus,major,transition_exact_shape,taam_events
P7_A5_C1,P3_A3_C0,3,0.3,0.02336729,12.83846154,0.252,0.50349781,5.457819,0.00398406,upper,screening_selected_transition,leviticus,major,transition_exact_shape,taam_events
P5_A6_C1,P6_A5_C1,4,0.09756098,0.01318155,7.40133038,0.576,0.75797235,4.517315,0.00796813,upper,screening_selected_transition,leviticus,major,transition_exact_shape,taam_events
P3_A4_C0,P9_A7_C1,4,0.04255319,0.00718993,5.91843972,0.652,0.79840202,4.193376,0.00398406,upper,screening_selected_transition,leviticus,major,transition_exact_shape,taam_events
P9_A9_C1,P5_A5_C1,3,0.14285714,0.02097064,6.8122449,0.416,0.64855725,3.984228,0.01195219,upper,screening_selected_transition,leviticus,major,transition_exact_shape,taam_events
P4_A5_C0,P9_A7_C1,3,0.04615385,0.00718993,6.41923077,0.444,0.64539145,3.960387,0.01195219,upper,screening_selected_transition,leviticus,major,transition_exact_shape,taam_events
P7_A7_C1,P6_A5_C0,3,0.07692308,0.0107849,7.13247863,0.412,0.65419253,3.956022,0.01593625,upper,screening_selected_transition,leviticus,major,transition_exact_shape,taam_events
P2_A3_C0,P5_A4_C0,5,0.1,0.0215698,4.63611111,1.096,1.00539908,3.883035,0.00398406,upper,screening_selected_transition,leviticus,major,transition_exact_shape,taam_events
P5_A5_C0,P5_A4_C0,6,0.08108108,0.0215698,3.75900901,1.64,1.22490882,3.559449,0.00796813,upper,screening_selected_transition,leviticus,major,transition_exact_shape,taam_events
P3_A4_C0,P11_A9_C1,3,0.03191489,0.00539245,5.91843972,0.552,0.70518447,3.471432,0.01593625,upper,screening_selected_transition,leviticus,major,transition_exact_shape,taam_events
P6_A6_C1,P2_A3_C0,5,0.11627907,0.03055722,3.80528956,1.384,1.08130518,3.344107,0.00398406,upper,screening_selected_transition,leviticus,major,transition_exact_shape,taam_events
P3_A4_C0,P7_A6_C0,4,0.04255319,0.00898742,4.73475177,0.876,0.94243127,3.314831,0.02390438,upper,screening_selected_transition,leviticus,major,transition_exact_shape,taam_events
P4_A5_C0,P9_A8_C2,3,0.04615385,0.0077891,5.92544379,0.544,0.74450059,3.298856,0.02390438,upper,screening_selected_transition,leviticus,major,transition_exact_shape,taam_events
P8_A7_C1,P2_A3_C0,3,0.14285714,0.03055722,4.67507003,0.592,0.74549248,3.23008,0.01992032,upper,screening_selected_transition,leviticus,major,transition_exact_shape,taam_events
P5_A4_C1,P3_A4_C0,3,0.27272727,0.05632115,4.84235977,0.6,0.74445743,3.223824,0.01992032,upper,screening_selected_transition,leviticus,major,transition_exact_shape,taam_events
P7_A7_C0,P3_A3_C0,3,0.11538462,0.02336729,4.93786982,0.636,0.74412289,3.176895,0.01593625,upper,screening_selected_transition,leviticus,major,transition_exact_shape,taam_events
P2_A3_C0,P8_A7_C1,3,0.06,0.01258238,4.76857143,0.636,0.78611443,3.007196,0.02390438,upper,screening_selected_transition,leviticus,major,transition_exact_shape,taam_events
P6_A5_C1,P4_A4_C0,3,0.13636364,0.02995806,4.55181818,0.688,0.8205787,2.817524,0.03984064,upper,screening_selected_transition,leviticus,major,transition_exact_shape,taam_events
P5_A5_C1,P3_A3_C0,3,0.08571429,0.02336729,3.66813187,0.744,0.80564275,2.800249,0.02390438,upper,screening_selected_transition,leviticus,major,transition_exact_shape,taam_events
P9_A9_C2,P3_A4_C0,3,0.25,0.05632115,4.43882979,0.724,0.87801346,2.592215,0.03585657,upper,screening_selected_transition,leviticus,major,transition_exact_shape,taam_events
P6_A5_C1,P3_A4_C0,4,0.18181818,0.05632115,3.22823985,1.18,1.09928783,2.565297,0.03585657,upper,screening_selected_transition,leviticus,major,transition_exact_shape,taam_events
P6_A5_C0,P5_A5_C0,3,0.16666667,0.04433793,3.75900901,0.836,0.86026987,2.51549,0.04780876,upper,screening_selected_transition,leviticus,major,transition_exact_shape,taam_events
P7_A6_C1,P3_A3_C0,3,0.08823529,0.02336729,3.7760181,0.824,0.87869929,2.476388,0.0438247,upper,screening_selected_transition,leviticus,major,transition_exact_shape,taam_events
P5_A6_C1,P4_A3_C0,3,0.07317073,0.01977232,3.70066519,0.792,0.90776215,2.432355,0.05577689,upper,screening_selected_transition,leviticus,major,transition_exact_shape,taam_events
P7_A7_C1,P3_A3_C0,3,0.07692308,0.02336729,3.29191321,0.892,0.87372167,2.412668,0.05577689,upper,screening_selected_transition,leviticus,major,transition_exact_shape,taam_events
P4_A4_C0,P6_A7_C1,3,0.06,0.01737567,3.45310345,0.824,0.90570703,2.402543,0.05179283,upper,screening_selected_transition,leviticus,major,transition_exact_shape,taam_events
P8_A7_C1,P4_A5_C0,3,0.14285714,0.03894548,3.66813187,0.836,0.91017453,2.377566,0.0438247,upper,screening_selected_transition,leviticus,major,transition_exact_shape,taam_events
P4_A5_C0,P4_A3_C0,4,0.06153846,0.01977232,3.11235431,1.344,1.16235462,2.285017,0.0438247,upper,screening_selected_transition,leviticus,major,transition_exact_shape,taam_events
P8_A8_C1,P4_A5_C0,3,0.125,0.03894548,3.20961538,0.964,0.91983061,2.213451,0.05577689,upper,screening_selected_transition,leviticus,major,transition_exact_shape,taam_events
P6_A6_C1,P5_A6_C1,3,0.06976744,0.02456561,2.84004538,0.996,0.92488141,2.166764,0.07569721,upper,screening_selected_transition,leviticus,major,transition_exact_shape,taam_events
P6_A6_C0,P4_A4_C0,3,0.10344828,0.02995806,3.45310345,0.932,0.95657522,2.161879,0.07171315,upper,screening_selected_transition,leviticus,major,transition_exact_shape,taam_events
P6_A6_C1,P5_A5_C1,3,0.06976744,0.02097064,3.3269103,0.956,0.95378342,2.143044,0.06772908,upper,screening_selected_transition,leviticus,major,transition_exact_shape,taam_events
P3_A4_C0,P7_A6_C1,5,0.05319149,0.02037148,2.61107635,2.124,1.36678323,2.104211,0.06772908,upper,screening_selected_transition,leviticus,major,transition_exact_shape,taam_events
P3_A3_C0,P3_A4_C0,5,0.12820513,0.05632115,2.27632297,2.196,1.41335569,1.983931,0.08366534,upper,screening_selected_transition,leviticus,major,transition_exact_shape,taam_events
P5_A5_C1,P4_A4_C0,3,0.08571429,0.02995806,2.86114286,1.06,0.97786753,1.983909,0.0876494,upper,screening_selected_transition,leviticus,major,transition_exact_shape,taam_events
P5_A4_C0,P2_A3_C0,3,0.08333333,0.03055722,2.72712418,1.076,1.00910712,1.906636,0.09561753,upper,screening_selected_transition,leviticus,major,transition_exact_shape,taam_events
P2_A3_C0,P4_A3_C0,3,0.06,0.01977232,3.03454545,1.06,1.06439266,1.822636,0.09960159,upper,screening_selected_transition,leviticus,major,transition_exact_shape,taam_events
P4_A4_C0,P7_A6_C1,3,0.06,0.02037148,2.94529412,1.096,1.1007409,1.729744,0.10756972,upper,screening_selected_transition,leviticus,major,transition_exact_shape,taam_events
P7_A6_C1,P3_A4_C0,4,0.11764706,0.05632115,2.08886108,1.916,1.24383782,1.67546,0.10358566,upper,screening_selected_transition,leviticus,major,transition_exact_shape,taam_events
P5_A5_C1,P4_A5_C0,3,0.08571429,0.03894548,2.20087912,1.3,1.01494851,1.674962,0.12350598,upper,screening_selected_transition,leviticus,major,transition_exact_shape,taam_events
P3_A4_C0,P6_A6_C1,5,0.05319149,0.02576393,2.06457199,2.392,1.5825149,1.64801,0.09163347,upper,screening_selected_transition,leviticus,major,transition_exact_shape,taam_events
P5_A5_C0,P5_A5_C0,6,0.08108108,0.04433793,1.82870709,3.104,1.77136528,1.634897,0.11553785,upper,screening_selected_transition,leviticus,major,transition_exact_shape,taam_events
P3_A4_C0,P7_A7_C1,4,0.04255319,0.02336729,1.82105837,2.056,1.33716718,1.45382,0.15139442,upper,screening_selected_transition,leviticus,major,transition_exact_shape,taam_events
P3_A4_C0,P5_A5_C1,4,0.04255319,0.02097064,2.02917933,2.08,1.32689207,1.44699,0.13545817,upper,screening_selected_transition,leviticus,major,transition_exact_shape,taam_events
P3_A4_C0,P5_A5_C0,7,0.07446809,0.04433793,1.67955722,4.056,2.05077711,1.435553,0.13944223,upper,screening_selected_transition,leviticus,major,transition_exact_shape,taam_events
P4_A5_C0,P5_A5_C1,3,0.04615385,0.02097064,2.20087912,1.384,1.187512,1.360828,0.17928287,upper,screening_selected_transition,leviticus,major,transition_exact_shape,taam_events
P7_A7_C1,P4_A5_C0,3,0.07692308,0.03894548,1.97514793,1.516,1.13794714,1.304103,0.18326693,upper,screening_selected_transition,leviticus,major,transition_exact_shape,taam_events
P4_A4_C0,P5_A5_C0,4,0.08,0.04433793,1.80432432,2.216,1.36851574,1.303602,0.19123506,upper,screening_selected_transition,leviticus,major,transition_exact_shape,taam_events
P4_A5_C0,P5_A5_C0,5,0.07692308,0.04433793,1.73492723,2.936,1.63664855,1.261114,0.16334661,upper,screening_selected_transition,leviticus,major,transition_exact_shape,taam_events
P5_A5_C0,P4_A4_C0,4,0.05405405,0.02995806,1.80432432,2.352,1.4325869,1.150367,0.18326693,upper,screening_selected_transition,leviticus,major,transition_exact_shape,taam_events
P5_A5_C1,P3_A4_C0,3,0.08571429,0.05632115,1.5218845,1.86,1.26443473,0.901589,0.29083665,upper,screening_selected_transition,leviticus,major,transition_exact_shape,taam_events
P5_A4_C0,P3_A4_C0,3,0.08333333,0.05632115,1.47960993,1.856,1.30924424,0.873787,0.28685259,upper,screening_selected_transition,leviticus,major,transition_exact_shape,taam_events
P6_A6_C1,P5_A5_C0,3,0.06976744,0.04433793,1.57353865,1.94,1.32340682,0.800963,0.30677291,upper,screening_selected_transition,leviticus,major,transition_exact_shape,taam_events
P3_A4_C0,P4_A3_C0,3,0.03191489,0.01977232,1.61411992,1.944,1.32509907,0.796922,0.29880478,upper,screening_selected_transition,leviticus,major,transition_exact_shape,taam_events
P3_A4_C0,P5_A4_C0,3,0.03191489,0.0215698,1.47960993,2.184,1.34363889,0.607306,0.37051793,upper,screening_selected_transition,leviticus,major,transition_exact_shape,taam_events
P2_A3_C0,P5_A5_C0,3,0.06,0.04433793,1.35324324,2.188,1.43138094,0.567284,0.37450199,upper,screening_selected_transition,leviticus,major,transition_exact_shape,taam_events
P4_A4_C0,P3_A4_C0,3,0.06,0.05632115,1.06531915,2.796,1.70587927,0.119586,0.51792829,upper,screening_selected_transition,leviticus,major,transition_exact_shape,taam_events
P5_A5_C0,P3_A4_C0,4,0.05405405,0.05632115,0.95974698,4.104,1.97707341,-0.052603,0.57768924,upper,screening_selected_transition,leviticus,major,transition_exact_shape,taam_events
P13-15_A8+_C3,P10-12_A8+_C2,5,0.26315789,0.05607477,4.69298246,1.008,0.93564831,4.26656,0.00796813,upper,screening_selected_transition,leviticus,verse,transition_bucket_shape,taam_events
P13-15_A8+_C2,P19-24_A8+_C4+,10,0.13513514,0.04088785,3.30501931,3.296,1.72635605,3.883324,0.00398406,upper,screening_selected_transition,leviticus,verse,transition_bucket_shape,taam_events
P25+_A8+_C4+,P16-18_A8+_C2,4,0.4,0.07593458,5.26769231,0.792,0.83877899,3.824607,0.00398406,upper,screening_selected_transition,leviticus,verse,transition_bucket_shape,taam_events
P7-9_A6-7_C0,P13-15_A8+_C2,5,0.33333333,0.0864486,3.85585586,1.204,1.05014055,3.614754,0.00796813,upper,screening_selected_transition,leviticus,verse,transition_bucket_shape,taam_events
P16-18_A8+_C2,P16-18_A8+_C3,11,0.16923077,0.06425234,2.63384615,4.172,1.92385573,3.549123,0.00398406,upper,screening_selected_transition,leviticus,verse,transition_bucket_shape,taam_events
P19-24_A8+_C4+,P7-9_A6-7_C0,3,0.08571429,0.01752336,4.89142857,0.592,0.70677729,3.407014,0.01195219,upper,screening_selected_transition,leviticus,verse,transition_bucket_shape,taam_events
P5-6_A5_C0,P19-24_A8+_C2,4,0.15384615,0.0432243,3.55925156,1.084,1.00847015,2.891508,0.01992032,upper,screening_selected_transition,leviticus,verse,transition_bucket_shape,taam_events
P13-15_A8+_C0,P19-24_A8+_C4+,3,0.16666667,0.04088785,4.07619048,0.716,0.80867783,2.824363,0.02788845,upper,screening_selected_transition,leviticus,verse,transition_bucket_shape,taam_events
P5-6_A6-7_C0,P10-12_A8+_C0,3,0.17647059,0.04439252,3.9752322,0.776,0.81515761,2.728307,0.0438247,upper,screening_selected_transition,leviticus,verse,transition_bucket_shape,taam_events
P5-6_A5_C0,P16-18_A8+_C3,5,0.19230769,0.06425234,2.99300699,1.66,1.24200253,2.689205,0.02788845,upper,screening_selected_transition,leviticus,verse,transition_bucket_shape,taam_events
P5-6_A5_C0,P16-18_A8+_C2,5,0.19230769,0.07593458,2.53254438,1.832,1.26894321,2.496566,0.03585657,upper,screening_selected_transition,leviticus,verse,transition_bucket_shape,taam_events
P10-12_A8+_C1,P7-9_A6-7_C0,5,0.04761905,0.01752336,2.71746032,1.748,1.31888355,2.465722,0.0438247,upper,screening_selected_transition,leviticus,verse,transition_bucket_shape,taam_events
P10-12_A8+_C1,P7-9_A8+_C0,8,0.07619048,0.03621495,2.10384025,3.908,1.77768859,2.301865,0.04780876,upper,screening_selected_transition,leviticus,verse,transition_bucket_shape,taam_events
P19-24_A8+_C3,P19-24_A8+_C3,6,0.125,0.05607477,2.22916667,2.548,1.58294626,2.180744,0.03585657,upper,screening_selected_transition,leviticus,verse,transition_bucket_shape,taam_events
P5-6_A5_C0,P19-24_A8+_C3,4,0.15384615,0.05607477,2.74358974,1.496,1.17963986,2.122682,0.07171315,upper,screening_selected_transition,leviticus,verse,transition_bucket_shape,taam_events
P16-18_A8+_C4+,P13-15_A8+_C1,3,0.21428571,0.06658879,3.21804511,0.96,0.98094291,2.079632,0.07171315,upper,screening_selected_transition,leviticus,verse,transition_bucket_shape,taam_events
P19-24_A8+_C3,P13-15_A8+_C2,8,0.16666667,0.0864486,1.92792793,3.868,1.98856571,2.07788,0.05976096,upper,screening_selected_transition,leviticus,verse,transition_bucket_shape,taam_events
P13-15_A8+_C1,P13-15_A8+_C0,3,0.05263158,0.02102804,2.50292398,1.1,1.02283173,1.857588,0.10756972,upper,screening_selected_transition,leviticus,verse,transition_bucket_shape,taam_events
P13-15_A8+_C2,P16-18_A8+_C4+,3,0.04054054,0.01635514,2.47876448,1.22,0.98360047,1.809678,0.12350598,upper,screening_selected_transition,leviticus,verse,transition_bucket_shape,taam_events
P16-18_A8+_C3,P5-6_A6-7_C0,3,0.05454545,0.01985981,2.74652406,1.24,0.99718479,1.764969,0.10756972,upper,screening_selected_transition,leviticus,verse,transition_bucket_shape,taam_events
P16-18_A8+_C4+,P13-15_A8+_C2,3,0.21428571,0.0864486,2.47876448,1.228,1.00601404,1.761407,0.12350598,upper,screening_selected_transition,leviticus,verse,transition_bucket_shape,taam_events
P19-24_A8+_C4+,P13-15_A8+_C2,6,0.17142857,0.0864486,1.98301158,3.028,1.70847639,1.739562,0.08366534,upper,screening_selected_transition,leviticus,verse,transition_bucket_shape,taam_events
P13-15_A8+_C1,P13-15_A8+_C3,3,0.05263158,0.02219626,2.37119114,1.244,1.03767581,1.692243,0.13545817,upper,screening_selected_transition,leviticus,verse,transition_bucket_shape,taam_events
P13-15_A8+_C1,P16-18_A8+_C1,4,0.07017544,0.0338785,2.07138536,1.84,1.31960807,1.63685,0.10756972,upper,screening_selected_transition,leviticus,verse,transition_bucket_shape,taam_events
P13-15_A8+_C2,P10-12_A8+_C2,7,0.09459459,0.05607477,1.68693694,4.084,1.79382699,1.625575,0.09960159,upper,screening_selected_transition,leviticus,verse,transition_bucket_shape,taam_events
P10-12_A8+_C1,P10-12_A8+_C1,18,0.17142857,0.12383178,1.38436658,12.86,3.20397594,1.604257,0.09163347,upper,screening_selected_transition,leviticus,verse,transition_bucket_shape,taam_events
P10-12_A8+_C0,P7-9_A8+_C0,3,0.07894737,0.03621495,2.17996604,1.28,1.08364994,1.587228,0.13545817,upper,screening_selected_transition,leviticus,verse,transition_bucket_shape,taam_events
P19-24_A8+_C2,P13-15_A8+_C1,5,0.13513514,0.06658879,2.02939782,2.572,1.53041979,1.586493,0.11553785,upper,screening_selected_transition,leviticus,verse,transition_bucket_shape,taam_events
P16-18_A8+_C1,P7-9_A8+_C1,4,0.13793103,0.06074766,2.27055703,1.828,1.40510258,1.545795,0.11952191,upper,screening_selected_transition,leviticus,verse,transition_bucket_shape,taam_events
P19-24_A8+_C2,P16-18_A8+_C1,3,0.08108108,0.0338785,2.39328984,1.296,1.11955241,1.522037,0.13545817,upper,screening_selected_transition,leviticus,verse,transition_bucket_shape,taam_events
P10-12_A8+_C2,P13-15_A8+_C2,7,0.14583333,0.0864486,1.68693694,4.044,1.95174312,1.514544,0.10756972,upper,screening_selected_transition,leviticus,verse,transition_bucket_shape,taam_events
P10-12_A8+_C1,P5-6_A6-7_C0,4,0.03809524,0.01985981,1.91820728,2.052,1.32070931,1.474965,0.15936255,upper,screening_selected_transition,leviticus,verse,transition_bucket_shape,taam_events
P16-18_A8+_C3,P7-9_A8+_C1,6,0.10909091,0.06074766,1.7958042,3.452,1.79459698,1.419817,0.12350598,upper,screening_selected_transition,leviticus,verse,transition_bucket_shape,taam_events
P16-18_A8+_C2,P19-24_A8+_C3,6,0.09230769,0.05607477,1.64615385,3.536,1.73804118,1.417688,0.13944223,upper,screening_selected_transition,leviticus,verse,transition_bucket_shape,taam_events
P19-24_A8+_C2,P19-24_A8+_C3,4,0.10810811,0.05607477,1.92792793,2.188,1.30208976,1.391609,0.16733068,upper,screening_selected_transition,leviticus,verse,transition_bucket_shape,taam_events
P13-15_A8+_C1,P13-15_A8+_C1,6,0.10526316,0.06658879,1.58079409,3.604,1.78322842,1.34363,0.1314741,upper,screening_selected_transition,leviticus,verse,transition_bucket_shape,taam_events
P7-9_A8+_C1,P13-15_A8+_C1,6,0.11320755,0.06658879,1.7000993,3.588,1.81533406,1.328681,0.13944223,upper,screening_selected_transition,leviticus,verse,transition_bucket_shape,taam_events
P19-24_A8+_C3,P5-6_A5_C0,3,0.0625,0.03037383,2.05769231,1.404,1.22260503,1.305409,0.16334661,upper,screening_selected_transition,leviticus,verse,transition_bucket_shape,taam_events
P10-12_A8+_C2,P19-24_A8+_C2,4,0.08333333,0.0432243,1.92792793,2.22,1.40409613,1.267719,0.187251,upper,screening_selected_transition,leviticus,verse,transition_bucket_shape,taam_events
P10-12_A8+_C0,P10-12_A8+_C0,3,0.07894737,0.04439252,1.77839335,1.572,1.14632992,1.245715,0.22709163,upper,screening_selected_transition,leviticus,verse,transition_bucket_shape,taam_events
P7-9_A8+_C1,P7-9_A8+_C1,5,0.09433962,0.06074766,1.55297533,3.128,1.59303706,1.175114,0.19521912,upper,screening_selected_transition,leviticus,verse,transition_bucket_shape,taam_events
P16-18_A8+_C1,P19-24_A8+_C3,3,0.10344828,0.05607477,1.84482759,1.684,1.1651499,1.129468,0.23505976,upper,screening_selected_transition,leviticus,verse,transition_bucket_shape,taam_events
P7-9_A8+_C0,P10-12_A8+_C1,6,0.19354839,0.12383178,1.56299452,3.984,1.83006573,1.1016,0.19123506,upper,screening_selected_transition,leviticus,verse,transition_bucket_shape,taam_events
P10-12_A8+_C2,P16-18_A8+_C3,5,0.10416667,0.06425234,1.62121212,3.088,1.74713075,1.094366,0.17131474,upper,screening_selected_transition,leviticus,verse,transition_bucket_shape,taam_events
P10-12_A8+_C1,P16-18_A8+_C4+,3,0.02857143,0.01635514,1.74693878,1.688,1.22501373,1.071008,0.23505976,upper,screening_selected_transition,leviticus,verse,transition_bucket_shape,taam_events
P16-18_A8+_C2,P16-18_A8+_C2,7,0.10769231,0.07593458,1.41822485,4.724,2.15462145,1.056334,0.19521912,upper,screening_selected_transition,leviticus,verse,transition_bucket_shape,taam_events
P16-18_A8+_C3,P16-18_A8+_C1,3,0.05454545,0.0338785,1.61003135,1.776,1.23772041,0.988915,0.24701195,upper,screening_selected_transition,leviticus,verse,transition_bucket_shape,taam_events
P13-15_A8+_C1,P10-12_A8+_C0,4,0.07017544,0.04439252,1.58079409,2.608,1.41362276,0.984704,0.26693227,upper,screening_selected_transition,leviticus,verse,transition_bucket_shape,taam_events
P16-18_A8+_C2,P13-15_A8+_C1,6,0.09230769,0.06658879,1.38623482,4.272,1.84053423,0.938858,0.25896414,upper,screening_selected_transition,leviticus,verse,transition_bucket_shape,taam_events
P16-18_A8+_C1,P13-15_A8+_C2,4,0.13793103,0.0864486,1.59552656,2.524,1.58095594,0.933612,0.25498008,upper,screening_selected_transition,leviticus,verse,transition_bucket_shape,taam_events
P13-15_A8+_C1,P10-12_A8+_C1,9,0.15789474,0.12383178,1.27507448,7.02,2.33267346,0.848811,0.24302789,upper,screening_selected_transition,leviticus,verse,transition_bucket_shape,taam_events
P7-9_A8+_C0,P16-18_A8+_C3,3,0.09677419,0.06425234,1.50615836,1.936,1.2940643,0.822216,0.32270916,upper,screening_selected_transition,leviticus,verse,transition_bucket_shape,taam_events
P19-24_A8+_C4+,P19-24_A8+_C3,3,0.08571429,0.05607477,1.52857143,1.924,1.31343995,0.819223,0.30677291,upper,screening_selected_transition,leviticus,verse,transition_bucket_shape,taam_events
P16-18_A8+_C1,P10-12_A8+_C1,5,0.17241379,0.12383178,1.39232271,3.596,1.7632983,0.796235,0.29083665,upper,screening_selected_transition,leviticus,verse,transition_bucket_shape,taam_events
P13-15_A8+_C2,P7-9_A8+_C1,6,0.08108108,0.06074766,1.33471933,4.544,1.95739356,0.743846,0.31474104,upper,screening_selected_transition,leviticus,verse,transition_bucket_shape,taam_events
P10-12_A8+_C0,P10-12_A8+_C1,6,0.15789474,0.12383178,1.27507448,4.656,1.89102297,0.710726,0.3187251,upper,screening_selected_transition,leviticus,verse,transition_bucket_shape,taam_events
P19-24_A8+_C3,P19-24_A8+_C2,3,0.0625,0.0432243,1.44594595,2.072,1.38364515,0.670692,0.33466135,upper,screening_selected_transition,leviticus,verse,transition_bucket_shape,taam_events
P10-12_A8+_C2,P7-9_A8+_C1,4,0.08333333,0.06074766,1.37179487,2.94,1.6008281,0.662157,0.34661355,upper,screening_selected_transition,leviticus,verse,transition_bucket_shape,taam_events
P19-24_A8+_C4+,P10-12_A8+_C2,3,0.08571429,0.05607477,1.52857143,2.088,1.38851283,0.656818,0.35458167,upper,screening_selected_transition,leviticus,verse,transition_bucket_shape,taam_events
P10-12_A8+_C1,P16-18_A8+_C2,10,0.0952381,0.07593458,1.25421245,8.292,2.66893779,0.639955,0.29083665,upper,screening_selected_transition,leviticus,verse,transition_bucket_shape,taam_events
P13-15_A8+_C1,P7-9_A8+_C0,3,0.05263158,0.03621495,1.4533107,2.132,1.38065231,0.628688,0.34661355,upper,screening_selected_transition,leviticus,verse,transition_bucket_shape,taam_events
P19-24_A8+_C3,P10-12_A8+_C0,3,0.0625,0.04439252,1.40789474,2.152,1.36541328,0.621057,0.35856574,upper,screening_selected_transition,leviticus,verse,transition_bucket_shape,taam_events
P16-18_A8+_C3,P19-24_A8+_C4+,3,0.05454545,0.04088785,1.33402597,2.232,1.28404481,0.59811,0.38247012,upper,screening_selected_transition,leviticus,verse,transition_bucket_shape,taam_events
P5-6_A6-7_C0,P10-12_A8+_C1,3,0.17647059,0.12383178,1.42508324,2.172,1.4108074,0.586898,0.39043825,upper,screening_selected_transition,leviticus,verse,transition_bucket_shape,taam_events
P13-15_A8+_C1,P19-24_A8+_C4+,3,0.05263158,0.04088785,1.28721805,2.216,1.37144722,0.571659,0.35856574,upper,screening_selected_transition,leviticus,verse,transition_bucket_shape,taam_events
P7-9_A8+_C1,P16-18_A8+_C2,5,0.09433962,0.07593458,1.24238026,4.044,1.74535068,0.547741,0.39043825,upper,screening_selected_transition,leviticus,verse,transition_bucket_shape,taam_events
P16-18_A8+_C1,P16-18_A8+_C2,3,0.10344828,0.07593458,1.36233422,2.216,1.46489853,0.535191,0.40239044,upper,screening_selected_transition,leviticus,verse,transition_bucket_shape,taam_events
P19-24_A8+_C3,P16-18_A8+_C3,4,0.08333333,0.06425234,1.2969697,3.088,1.76314797,0.517257,0.37450199,upper,screening_selected_transition,leviticus,verse,transition_bucket_shape,taam_events
P16-18_A8+_C3,P10-12_A8+_C1,8,0.14545455,0.12383178,1.17461407,6.828,2.34700869,0.499359,0.37051793,upper,screening_selected_transition,leviticus,verse,transition_bucket_shape,taam_events
P16-18_A8+_C3,P10-12_A8+_C0,3,0.05454545,0.04439252,1.22870813,2.308,1.43014589,0.483867,0.41434263,upper,screening_selected_transition,leviticus,verse,transition_bucket_shape,taam_events
P16-18_A8+_C2,P16-18_A8+_C1,3,0.04615385,0.0338785,1.36233422,2.324,1.48453338,0.455362,0.42629482,upper,screening_selected_transition,leviticus,verse,transition_bucket_shape,taam_events
P7-9_A8+_C1,P10-12_A8+_C0,3,0.05660377,0.04439252,1.27507448,2.364,1.48334258,0.428761,0.43426295,upper,screening_selected_transition,leviticus,verse,transition_bucket_shape,taam_events
P13-15_A8+_C2,P13-15_A8+_C2,7,0.09459459,0.0864486,1.09422936,6.072,2.16646956,0.428347,0.43027888,upper,screening_selected_transition,leviticus,verse,transition_bucket_shape,taam_events
P10-12_A8+_C1,P5-6_A5_C0,4,0.03809524,0.03037383,1.25421245,3.284,1.69435159,0.422581,0.41035857,upper,screening_selected_transition,leviticus,verse,transition_bucket_shape,taam_events
P19-24_A8+_C4+,P16-18_A8+_C3,3,0.08571429,0.06425234,1.33402597,2.348,1.55582078,0.419071,0.43824701,upper,screening_selected_transition,leviticus,verse,transition_bucket_shape,taam_events
P19-24_A8+_C3,P10-12_A8+_C1,7,0.14583333,0.12383178,1.17767296,6.104,2.15586992,0.415609,0.39840637,upper,screening_selected_transition,leviticus,verse,transition_bucket_shape,taam_events
P10-12_A8+_C2,P10-12_A8+_C1,7,0.14583333,0.12383178,1.17767296,6.172,2.18207742,0.379455,0.39442231,upper,screening_selected_transition,leviticus,verse,transition_bucket_shape,taam_events
P10-12_A8+_C1,P13-15_A8+_C1,8,0.07619048,0.06658879,1.14419382,7.068,2.50288508,0.37237,0.37848606,upper,screening_selected_transition,leviticus,verse,transition_bucket_shape,taam_events
P19-24_A8+_C4+,P16-18_A8+_C2,3,0.08571429,0.07593458,1.12879121,2.488,1.4374006,0.356199,0.45418327,upper,screening_selected_transition,leviticus,verse,transition_bucket_shape,taam_events
P16-18_A8+_C3,P16-18_A8+_C3,4,0.07272727,0.06425234,1.13190083,3.408,1.75666716,0.337002,0.46215139,upper,screening_selected_transition,leviticus,verse,transition_bucket_shape,taam_events
P7-9_A8+_C0,P13-15_A8+_C2,3,0.09677419,0.0864486,1.11944202,2.556,1.57505147,0.281896,0.45816733,upper,screening_selected_transition,leviticus,verse,transition_bucket_shape,taam_events
P10-12_A8+_C1,P7-9_A8+_C1,7,0.06666667,0.06074766,1.0974359,6.468,2.19001385,0.242921,0.4501992,upper,screening_selected_transition,leviticus,verse,transition_bucket_shape,taam_events
P10-12_A8+_C2,P16-18_A8+_C2,4,0.08333333,0.07593458,1.0974359,3.664,1.6788024,0.200143,0.53784861,upper,screening_selected_transition,leviticus,verse,transition_bucket_shape,taam_events
P10-12_A8+_C2,P19-24_A8+_C3,3,0.0625,0.05607477,1.11458333,2.684,1.58308833,0.19961,0.50996016,upper,screening_selected_transition,leviticus,verse,transition_bucket_shape,taam_events
P19-24_A8+_C3,P7-9_A8+_C1,3,0.0625,0.06074766,1.02884615,2.772,1.50234622,0.151763,0.54581673,upper,screening_selected_transition,leviticus,verse,transition_bucket_shape,taam_events
P10-12_A8+_C0,P16-18_A8+_C2,3,0.07894737,0.07593458,1.03967611,2.892,1.63555377,0.066033,0.56175299,upper,screening_selected_transition,leviticus,verse,transition_bucket_shape,taam_events
P7-9_A8+_C1,P10-12_A8+_C2,3,0.05660377,0.05607477,1.00943396,2.936,1.69925096,0.037664,0.55378486,upper,screening_selected_transition,leviticus,verse,transition_bucket_shape,taam_events
P13-15_A8+_C2,P19-24_A8+_C3,4,0.05405405,0.05607477,0.96396396,3.928,1.92500352,0.037403,0.54183267,upper,screening_selected_transition,leviticus,verse,transition_bucket_shape,taam_events
P13-15_A8+_C2,P19-24_A8+_C2,3,0.04054054,0.0432243,0.93791088,3.184,1.72803019,-0.10648,0.68924303,upper,screening_selected_transition,leviticus,verse,transition_bucket_shape,taam_events
P16-18_A8+_C3,P16-18_A8+_C2,4,0.07272727,0.07593458,0.95776224,4.252,2.04283841,-0.123358,0.61354582,upper,screening_selected_transition,leviticus,verse,transition_bucket_shape,taam_events
P13-15_A8+_C2,P10-12_A8+_C1,9,0.12162162,0.12383178,0.98215196,9.352,2.66090542,-0.132286,0.62151394,upper,screening_selected_transition,leviticus,verse,transition_bucket_shape,taam_events
P13-15_A8+_C1,P10-12_A8+_C2,3,0.05263158,0.05607477,0.93859649,3.284,1.69435159,-0.167616,0.6812749,upper,screening_selected_transition,leviticus,verse,transition_bucket_shape,taam_events
P13-15_A8+_C2,P16-18_A8+_C2,5,0.06756757,0.07593458,0.88981289,5.452,2.17130242,-0.20817,0.6374502,upper,screening_selected_transition,leviticus,verse,transition_bucket_shape,taam_events
P7-9_A8+_C1,P16-18_A8+_C3,3,0.05660377,0.06425234,0.88096055,3.396,1.7673932,-0.224059,0.67330677,upper,screening_selected_transition,leviticus,verse,transition_bucket_shape,taam_events
P13-15_A8+_C2,P10-12_A8+_C0,3,0.04054054,0.04439252,0.91322902,3.412,1.63859574,-0.251435,0.72908367,upper,screening_selected_transition,leviticus,verse,transition_bucket_shape,taam_events
P16-18_A8+_C2,P10-12_A8+_C1,7,0.10769231,0.12383178,0.86966618,7.836,2.55562691,-0.327121,0.65338645,upper,screening_selected_transition,leviticus,verse,transition_bucket_shape,taam_events
P16-18_A8+_C3,P13-15_A8+_C1,3,0.05454545,0.06658879,0.81913876,3.608,1.75575245,-0.34629,0.71713147,upper,screening_selected_transition,leviticus,verse,transition_bucket_shape,taam_events
P10-12_A8+_C1,P10-12_A8+_C2,5,0.04761905,0.05607477,0.84920635,5.816,2.22213762,-0.367214,0.71314741,upper,screening_selected_transition,leviticus,verse,transition_bucket_shape,taam_events
P16-18_A8+_C2,P10-12_A8+_C2,3,0.04615385,0.05607477,0.82307692,3.724,1.76302497,-0.410658,0.76095618,upper,screening_selected_transition,leviticus,verse,transition_bucket_shape,taam_events
P16-18_A8+_C2,P7-9_A8+_C1,3,0.04615385,0.06074766,0.75976331,3.852,1.97730497,-0.43089,0.7250996,upper,screening_selected_transition,leviticus,verse,transition_bucket_shape,taam_events
P10-12_A8+_C1,P13-15_A8+_C2,8,0.07619048,0.0864486,0.88133848,9.392,2.83238869,-0.491458,0.73705179,upper,screening_selected_transition,leviticus,verse,transition_bucket_shape,taam_events
P7-9_A8+_C1,P10-12_A8+_C1,5,0.09433962,0.12383178,0.76183695,6.384,2.36026001,-0.586376,0.75697211,upper,screening_selected_transition,leviticus,verse,transition_bucket_shape,taam_events
P19-24_A8+_C2,P10-12_A8+_C1,3,0.08108108,0.12383178,0.65476798,4.42,1.87447449,-0.757546,0.84063745,upper,screening_selected_transition,leviticus,verse,transition_bucket_shape,taam_events
P10-12_A8+_C1,P19-24_A8+_C2,3,0.02857143,0.0432243,0.66100386,4.628,2.03622219,-0.79952,0.85258964,upper,screening_selected_transition,leviticus,verse,transition_bucket_shape,taam_events
P13-15_A8+_C1,P13-15_A8+_C2,3,0.05263158,0.0864486,0.60881935,4.888,2.06020235,-0.916415,0.88844622,upper,screening_selected_transition,leviticus,verse,transition_bucket_shape,taam_events
P7-9_A8+_C1,P13-15_A8+_C2,3,0.05660377,0.0864486,0.65476798,4.784,1.86527774,-0.956426,0.90039841,upper,screening_selected_transition,leviticus,verse,transition_bucket_shape,taam_events
P13-15_A8+_C2,P13-15_A8+_C1,3,0.04054054,0.06658879,0.60881935,4.932,1.90943967,-1.011815,0.92430279,upper,screening_selected_transition,leviticus,verse,transition_bucket_shape,taam_events
P16-18_A8+_C2,P13-15_A8+_C2,3,0.04615385,0.0864486,0.53388773,5.74,2.18253381,-1.255422,0.93625498,upper,screening_selected_transition,leviticus,verse,transition_bucket_shape,taam_events
P10-12_A8+_C1,P16-18_A8+_C3,3,0.02857143,0.06425234,0.44467532,6.86,2.63441846,-1.465219,0.96414343,upper,screening_selected_transition,leviticus,verse,transition_bucket_shape,taam_events
