from_shape,to_shape,count,p_to_given_from,p_to_background,lift,null_mean,null_sd,z,empirical_p,empirical_p_tail,p_value_scope,book,level,shape_field,transition_accent_mode
P5-6_A5_C0,P<=4_A0-1_C0,51,0.12085308,0.07918552,1.52620176,33.434,5.49308583,3.197838,0.00199601,upper,screening_selected_transition,genesis,minor,transition_bucket_shape,accent_words
P<=4_A0-1_C0,P<=4_A3_C0,188,0.41318681,0.34597981,1.19425122,157.638,9.75383158,3.112828,0.00199601,upper,screening_selected_transition,genesis,minor,transition_bucket_shape,accent_words
P<=4_A2_C0,P<=4_A3_C0,524,0.37943519,0.34597981,1.09669749,478.346,16.64392756,2.742982,0.00598802,upper,screening_selected_transition,genesis,minor,transition_bucket_shape,accent_words
P<=4_A3_C0,P<=4_A0-1_C0,182,0.0915493,0.07918552,1.15613682,157.432,9.42927348,2.605503,0.00998004,upper,screening_selected_transition,genesis,minor,transition_bucket_shape,accent_words
P<=4_A2_C0,P5-6_A3_C0,37,0.02679218,0.01914375,1.39952604,26.424,4.38253777,2.413214,0.01996008,upper,screening_selected_transition,genesis,minor,transition_bucket_shape,accent_words
P5-6_A6-7_C0,P<=4_A2_C0,35,0.31531532,0.24034111,1.31194917,27.076,4.03966109,1.961551,0.03193613,upper,screening_selected_transition,genesis,minor,transition_bucket_shape,accent_words
P5-6_A5_C0,P<=4_A2_C0,116,0.27488152,0.24034111,1.14371412,101.412,8.40807037,1.735,0.05389222,upper,screening_selected_transition,genesis,minor,transition_bucket_shape,accent_words
P<=4_A0-1_C0,P<=4_A4_C0,58,0.12747253,0.10476853,1.21670622,47.57,6.08532352,1.71396,0.05588822,upper,screening_selected_transition,genesis,minor,transition_bucket_shape,accent_words
P<=4_A4_C0,P5-6_A6-7_C0,17,0.0282392,0.01931779,1.46182395,11.586,3.20923704,1.687005,0.0758483,upper,screening_selected_transition,genesis,minor,transition_bucket_shape,accent_words
P5-6_A3_C0,P<=4_A2_C0,33,0.3,0.24034111,1.24822592,26.282,4.26695322,1.574426,0.08383234,upper,screening_selected_transition,genesis,minor,transition_bucket_shape,accent_words
P5-6_A4_C0,P5-6_A5_C0,35,0.08997429,0.07344239,1.22510021,28.666,4.87750182,1.298616,0.10578842,upper,screening_selected_transition,genesis,minor,transition_bucket_shape,accent_words
P<=4_A0-1_C0,P5-6_A5_C0,40,0.08791209,0.07344239,1.19702099,33.396,5.50561601,1.199502,0.1237525,upper,screening_selected_transition,genesis,minor,transition_bucket_shape,accent_words
P5-6_A5_C0,P<=4_A4_C0,50,0.11848341,0.10476853,1.13090646,44.138,5.61730043,1.043562,0.15369261,upper,screening_selected_transition,genesis,minor,transition_bucket_shape,accent_words
P<=4_A4_C0,P<=4_A4_C0,70,0.11627907,0.10476853,1.10986634,62.586,7.17925396,1.032698,0.18163673,upper,screening_selected_transition,genesis,minor,transition_bucket_shape,accent_words
P5-6_A5_C0,P5-6_A5_C0,36,0.08530806,0.07344239,1.16156421,30.868,5.15905104,0.994757,0.17964072,upper,screening_selected_transition,genesis,minor,transition_bucket_shape,accent_words
P5-6_A4_C0,P<=4_A0-1_C0,35,0.08997429,0.07918552,1.13624679,30.76,5.11181585,0.829451,0.23353293,upper,screening_selected_transition,genesis,minor,transition_bucket_shape,accent_words
P<=4_A4_C0,P5-6_A5_C0,49,0.08139535,0.07344239,1.10828833,44.464,5.96622961,0.760279,0.22954092,upper,screening_selected_transition,genesis,minor,transition_bucket_shape,accent_words
P5-6_A4_C0,P<=4_A2_C0,100,0.25706941,0.24034111,1.06960233,94.086,8.20495256,0.720784,0.24550898,upper,screening_selected_transition,genesis,minor,transition_bucket_shape,accent_words
P5-6_A4_C0,P5-6_A4_C0,29,0.07455013,0.06769927,1.10119547,26.166,5.07523004,0.558398,0.29341317,upper,screening_selected_transition,genesis,minor,transition_bucket_shape,accent_words
P<=4_A3_C0,P<=4_A2_C0,486,0.2444668,0.24034111,1.01716599,478.038,15.96340241,0.498766,0.30738523,upper,screening_selected_transition,genesis,minor,transition_bucket_shape,accent_words
P<=4_A2_C0,P7-9_A6-7_C0,39,0.02824041,0.02645318,1.06756164,36.618,5.49476668,0.433503,0.36926148,upper,screening_selected_transition,genesis,minor,transition_bucket_shape,accent_words
P5-6_A4_C0,P<=4_A4_C0,43,0.11053985,0.10476853,1.0550863,40.806,5.92102026,0.370544,0.40319361,upper,screening_selected_transition,genesis,minor,transition_bucket_shape,accent_words
P<=4_A0-1_C0,P5-6_A4_C0,33,0.07252747,0.06769927,1.0713184,31.246,5.11525323,0.342896,0.41117764,upper,screening_selected_transition,genesis,minor,transition_bucket_shape,accent_words
P<=4_A4_C0,P<=4_A3_C0,212,0.35215947,0.34597981,1.01786132,208.1,11.41694764,0.341597,0.38722555,upper,screening_selected_transition,genesis,minor,transition_bucket_shape,accent_words
P<=4_A3_C0,P5-6_A4_C0,135,0.06790744,0.06769927,1.00307501,133.986,8.8479589,0.114603,0.47305389,upper,screening_selected_transition,genesis,minor,transition_bucket_shape,accent_words
P7-9_A6-7_C0,P<=4_A3_C0,53,0.34868421,0.34597981,1.00781664,52.432,5.65414137,0.100457,0.49101796,upper,screening_selected_transition,genesis,minor,transition_bucket_shape,accent_words
P7-9_A5_C0,P<=4_A3_C0,19,0.34545455,0.34597981,0.9984818,19.038,3.58360719,-0.010604,0.56686627,upper,screening_selected_transition,genesis,minor,transition_bucket_shape,accent_words
P<=4_A3_C0,P5-6_A6-7_C0,38,0.01911469,0.01931779,0.98948647,38.376,5.01526967,-0.074971,0.57684631,upper,screening_selected_transition,genesis,minor,transition_bucket_shape,accent_words
P<=4_A2_C0,P5-6_A4_C0,93,0.06734251,0.06769927,0.99473017,93.69,8.50285229,-0.081149,0.56487026,upper,screening_selected_transition,genesis,minor,transition_bucket_shape,accent_words
P<=4_A4_C0,P<=4_A2_C0,144,0.23920266,0.24034111,0.99526319,144.818,9.84025086,-0.083128,0.54491018,upper,screening_selected_transition,genesis,minor,transition_bucket_shape,accent_words
P<=4_A3_C0,P<=4_A3_C0,687,0.34557344,0.34597981,0.99882545,688.54,17.28449906,-0.089097,0.57085828,upper,screening_selected_transition,genesis,minor,transition_bucket_shape,accent_words
P<=4_A2_C0,P5-6_A6-7_C0,26,0.01882694,0.01931779,0.97459081,26.742,4.50110608,-0.164848,0.58882236,upper,screening_selected_transition,genesis,minor,transition_bucket_shape,accent_words
P5-6_A5_C0,P5-6_A4_C0,27,0.06398104,0.06769927,0.9450773,28.57,4.83527246,-0.324697,0.66067864,upper,screening_selected_transition,genesis,minor,transition_bucket_shape,accent_words
P<=4_A3_C0,P5-6_A3_C0,36,0.01810865,0.01914375,0.94593013,37.762,4.94634093,-0.356223,0.67065868,upper,screening_selected_transition,genesis,minor,transition_bucket_shape,accent_words
P<=4_A4_C0,P<=4_A0-1_C0,44,0.0730897,0.07918552,0.92301851,47.638,6.3865901,-0.569631,0.73453094,upper,screening_selected_transition,genesis,minor,transition_bucket_shape,accent_words
P<=4_A3_C0,P5-6_A5_C0,138,0.0694165,0.07344239,0.94518295,145.232,9.44863638,-0.765401,0.80838323,upper,screening_selected_transition,genesis,minor,transition_bucket_shape,accent_words
P<=4_A2_C0,P5-6_A5_C0,94,0.06806662,0.07344239,0.92680282,101.87,8.16863227,-0.963442,0.85229541,upper,screening_selected_transition,genesis,minor,transition_bucket_shape,accent_words
P<=4_A2_C0,P<=4_A2_C0,317,0.22954381,0.24034111,0.95507511,330.674,14.17128698,-0.964909,0.83033932,upper,screening_selected_transition,genesis,minor,transition_bucket_shape,accent_words
P<=4_A2_C0,P<=4_A4_C0,134,0.09703114,0.10476853,0.92614769,144.438,10.63166123,-0.981784,0.84031936,upper,screening_selected_transition,genesis,minor,transition_bucket_shape,accent_words
P7-9_A6-7_C0,P<=4_A2_C0,31,0.20394737,0.24034111,0.84857464,36.51,5.01199963,-1.099362,0.89421158,upper,screening_selected_transition,genesis,minor,transition_bucket_shape,accent_words
P<=4_A3_C0,P7-9_A6-7_C0,45,0.02263581,0.02645318,0.85569337,52.704,6.10269365,-1.262393,0.90818363,upper,screening_selected_transition,genesis,minor,transition_bucket_shape,accent_words
P<=4_A4_C0,P5-6_A4_C0,31,0.05149502,0.06769927,0.76064361,40.686,5.82058093,-1.664095,0.96407186,upper,screening_selected_transition,genesis,minor,transition_bucket_shape,accent_words
P5-6_A3_C0,P<=4_A3_C0,30,0.27272727,0.34597981,0.78827511,38.15,4.86732799,-1.67443,0.96007984,upper,screening_selected_transition,genesis,minor,transition_bucket_shape,accent_words
P<=4_A3_C0,P<=4_A4_C0,190,0.09557344,0.10476853,0.9122342,209.076,10.86860051,-1.755148,0.96007984,upper,screening_selected_transition,genesis,minor,transition_bucket_shape,accent_words
P5-6_A4_C0,P<=4_A3_C0,113,0.29048843,0.34597981,0.83961093,133.786,8.43935124,-2.462986,0.99201597,upper,screening_selected_transition,genesis,minor,transition_bucket_shape,accent_words
P<=4_A2_C0,P<=4_A0-1_C0,89,0.06444605,0.07918552,0.81386159,109.598,8.34744006,-2.467583,0.99600798,upper,screening_selected_transition,genesis,minor,transition_bucket_shape,accent_words
P<=4_A0-1_C0,P<=4_A2_C0,88,0.19340659,0.24034111,0.80471708,109.18,8.49635074,-2.492835,0.99201597,upper,screening_selected_transition,genesis,minor,transition_bucket_shape,accent_words
P5-6_A6-7_C0,P<=4_A3_C0,24,0.21621622,0.34597981,0.62493882,38.16,4.84782454,-2.920898,0.99800399,upper,screening_selected_transition,genesis,minor,transition_bucket_shape,accent_words
P<=4_A0-1_C0,P<=4_A0-1_C0,18,0.03956044,0.07918552,0.49959184,35.752,5.69801991,-3.115468,1.0,upper,screening_selected_transition,genesis,minor,transition_bucket_shape,accent_words
P5-6_A5_C0,P<=4_A3_C0,111,0.26303318,0.34597981,0.76025585,146.332,9.69400451,-3.644727,1.0,upper,screening_selected_transition,genesis,minor,transition_bucket_shape,accent_words
P6_A6_C0,P2_A2_C0,32,0.28828829,0.16898712,1.70597786,18.998,3.85950613,3.368825,0.00199601,upper,screening_selected_transition,genesis,minor,transition_exact_shape,accent_words
P1_A1_C0,P3_A3_C0,117,0.28467153,0.23233554,1.2252604,95.724,8.29780279,2.564052,0.00399202,upper,screening_selected_transition,genesis,minor,transition_exact_shape,accent_words
P3_A2_C0,P4_A3_C0,53,0.15317919,0.11364427,1.34788305,39.422,5.53834475,2.451635,0.00798403,upper,screening_selected_transition,genesis,minor,transition_exact_shape,accent_words
P3_A3_C0,P1_A1_C0,112,0.08389513,0.07152802,1.17289884,95.844,8.07552427,2.000613,0.03992016,upper,screening_selected_transition,genesis,minor,transition_exact_shape,accent_words
P3_A3_C0,P3_A3_C0,337,0.25243446,0.23233554,1.08650816,310.24,13.47953247,1.985232,0.01596806,upper,screening_selected_transition,genesis,minor,transition_exact_shape,accent_words
P1_A1_C0,P4_A4_C0,54,0.13138686,0.10476853,1.25406795,43.04,5.8503721,1.873385,0.04391218,upper,screening_selected_transition,genesis,minor,transition_exact_shape,accent_words
P6_A5_C0,P2_A2_C0,37,0.22289157,0.16898712,1.31898552,28.384,4.87936065,1.765805,0.05389222,upper,screening_selected_transition,genesis,minor,transition_exact_shape,accent_words
P2_A2_C0,P3_A3_C0,246,0.25334706,0.23233554,1.09043613,225.924,12.47997289,1.608657,0.05788423,upper,screening_selected_transition,genesis,minor,transition_exact_shape,accent_words
P2_A2_C0,P4_A3_C0,125,0.12873326,0.11364427,1.13277387,110.84,9.07740042,1.559918,0.05988024,upper,screening_selected_transition,genesis,minor,transition_exact_shape,accent_words
P3_A3_C0,P2_A2_C0,243,0.18202247,0.16898712,1.07713813,225.118,11.9462757,1.496868,0.07185629,upper,screening_selected_transition,genesis,minor,transition_exact_shape,accent_words
P5_A5_C0,P2_A2_C0,52,0.203125,0.16898712,1.20201468,43.066,6.09195106,1.466525,0.0738523,upper,screening_selected_transition,genesis,minor,transition_exact_shape,accent_words
P4_A3_C0,P1_A1_C0,55,0.08422665,0.07152802,1.1775336,46.252,6.0727467,1.440534,0.09381238,upper,screening_selected_transition,genesis,minor,transition_exact_shape,accent_words
P1_A1_C0,P4_A3_C0,55,0.13381995,0.11364427,1.1775336,46.67,6.28108303,1.326204,0.11177645,upper,screening_selected_transition,genesis,minor,transition_exact_shape,accent_words
P4_A3_C0,P2_A2_C0,121,0.18529862,0.16898712,1.09652511,110.772,9.49886693,1.07676,0.15169661,upper,screening_selected_transition,genesis,minor,transition_exact_shape,accent_words
P5_A4_C0,P4_A3_C0,42,0.13207547,0.11364427,1.16218325,36.436,5.33468103,1.042986,0.17165669,upper,screening_selected_transition,genesis,minor,transition_exact_shape,accent_words
P4_A4_C0,P4_A4_C0,70,0.11627907,0.10476853,1.10986634,62.586,7.17925396,1.032698,0.18163673,upper,screening_selected_transition,genesis,minor,transition_exact_shape,accent_words
P5_A4_C0,P4_A4_C0,38,0.11949686,0.10476853,1.14057962,33.252,5.16156755,0.919876,0.21157685,upper,screening_selected_transition,genesis,minor,transition_exact_shape,accent_words
P4_A3_C0,P5_A4_C0,41,0.06278714,0.05534285,1.13451222,36.15,5.4804718,0.88496,0.21157685,upper,screening_selected_transition,genesis,minor,transition_exact_shape,accent_words
P4_A3_C0,P4_A4_C0,74,0.11332312,0.10476853,1.08165228,68.404,7.16459677,0.781063,0.23952096,upper,screening_selected_transition,genesis,minor,transition_exact_shape,accent_words
P4_A4_C0,P4_A3_C0,73,0.12126246,0.11364427,1.06703535,68.262,7.39748617,0.640488,0.28343313,upper,screening_selected_transition,genesis,minor,transition_exact_shape,accent_words
P5_A5_C0,P4_A4_C0,29,0.11328125,0.10476853,1.0812526,26.814,4.80683006,0.45477,0.32734531,upper,screening_selected_transition,genesis,minor,transition_exact_shape,accent_words
P3_A2_C0,P2_A2_C0,61,0.17630058,0.16898712,1.04327819,58.122,6.48500011,0.443793,0.34530938,upper,screening_selected_transition,genesis,minor,transition_exact_shape,accent_words
P2_A2_C0,P5_A5_C0,46,0.04737384,0.04455273,1.06332067,43.57,5.72911385,0.424149,0.35728543,upper,screening_selected_transition,genesis,minor,transition_exact_shape,accent_words
P2_A2_C0,P3_A2_C0,61,0.06282183,0.0602158,1.04327819,58.284,6.41917094,0.423108,0.33532934,upper,screening_selected_transition,genesis,minor,transition_exact_shape,accent_words
P4_A4_C0,P2_A2_C0,105,0.1744186,0.16898712,1.0321414,102.302,8.8979291,0.303217,0.38323353,upper,screening_selected_transition,genesis,minor,transition_exact_shape,accent_words
P3_A3_C0,P6_A5_C0,40,0.02996255,0.02888966,1.03713731,38.546,5.37938282,0.270291,0.43113772,upper,screening_selected_transition,genesis,minor,transition_exact_shape,accent_words
P3_A3_C0,P6_A6_C0,27,0.02022472,0.01931779,1.04694807,25.846,4.37728286,0.263634,0.43912176,upper,screening_selected_transition,genesis,minor,transition_exact_shape,accent_words
P3_A3_C0,P5_A4_C0,74,0.05543071,0.05534285,1.00158764,73.538,7.57464894,0.060993,0.48702595,upper,screening_selected_transition,genesis,minor,transition_exact_shape,accent_words
P4_A4_C0,P5_A5_C0,27,0.0448505,0.04455273,1.00668345,26.944,4.60252436,0.012167,0.52295409,upper,screening_selected_transition,genesis,minor,transition_exact_shape,accent_words
P4_A3_C0,P3_A2_C0,39,0.05972435,0.0602158,0.99183847,39.16,5.81463843,-0.027517,0.52894212,upper,screening_selected_transition,genesis,minor,transition_exact_shape,accent_words
P4_A4_C0,P3_A3_C0,139,0.23089701,0.23233554,0.9938084,139.838,10.15509764,-0.08252,0.53293413,upper,screening_selected_transition,genesis,minor,transition_exact_shape,accent_words
P4_A4_C0,P3_A2_C0,35,0.05813953,0.0602158,0.96551956,35.882,5.71817024,-0.154245,0.60479042,upper,screening_selected_transition,genesis,minor,transition_exact_shape,accent_words
P4_A3_C0,P5_A5_C0,28,0.04287902,0.04455273,0.962433,29.126,4.9939968,-0.225471,0.6247505,upper,screening_selected_transition,genesis,minor,transition_exact_shape,accent_words
P2_A2_C0,P4_A4_C0,99,0.10195675,0.10476853,0.97316189,101.646,9.22686046,-0.286771,0.60878244,upper,screening_selected_transition,genesis,minor,transition_exact_shape,accent_words
P4_A4_C0,P1_A1_C0,41,0.06810631,0.07152802,0.9521627,42.938,6.00184975,-0.3229,0.64071856,upper,screening_selected_transition,genesis,minor,transition_exact_shape,accent_words
P3_A2_C0,P3_A3_C0,77,0.22254335,0.23233554,0.95785326,80.134,8.00676342,-0.391419,0.67265469,upper,screening_selected_transition,genesis,minor,transition_exact_shape,accent_words
P5_A4_C0,P2_A2_C0,51,0.16037736,0.16898712,0.94905077,53.96,6.32062502,-0.468308,0.71257485,upper,screening_selected_transition,genesis,minor,transition_exact_shape,accent_words
P3_A3_C0,P4_A3_C0,144,0.10786517,0.11364427,0.94914741,151.738,10.4285601,-0.742001,0.78243513,upper,screening_selected_transition,genesis,minor,transition_exact_shape,accent_words
P4_A3_C0,P4_A3_C0,68,0.10413476,0.11364427,0.91632212,74.03,7.6058397,-0.792812,0.80638723,upper,screening_selected_transition,genesis,minor,transition_exact_shape,accent_words
P5_A5_C0,P3_A3_C0,53,0.20703125,0.23233554,0.89108731,59.466,6.76108486,-0.956355,0.8502994,upper,screening_selected_transition,genesis,minor,transition_exact_shape,accent_words
P2_A2_C0,P5_A4_C0,46,0.04737384,0.05534285,0.85600658,53.828,6.75912624,-1.158138,0.89021956,upper,screening_selected_transition,genesis,minor,transition_exact_shape,accent_words
P3_A3_C0,P5_A5_C0,51,0.03820225,0.04455273,0.85746138,58.948,6.40619815,-1.240673,0.90818363,upper,screening_selected_transition,genesis,minor,transition_exact_shape,accent_words
P2_A2_C0,P1_A1_C0,60,0.06179197,0.07152802,0.86388478,69.51,7.01486398,-1.355693,0.92215569,upper,screening_selected_transition,genesis,minor,transition_exact_shape,accent_words
P3_A2_C0,P4_A4_C0,28,0.08092486,0.10476853,0.77241565,35.986,5.52764994,-1.444737,0.94610778,upper,screening_selected_transition,genesis,minor,transition_exact_shape,accent_words
P3_A3_C0,P3_A2_C0,70,0.05243446,0.0602158,0.87077569,80.908,7.52121489,-1.450298,0.93213573,upper,screening_selected_transition,genesis,minor,transition_exact_shape,accent_words
P4_A3_C0,P3_A3_C0,138,0.21133231,0.23233554,0.9095996,152.532,9.58628028,-1.515916,0.9500998,upper,screening_selected_transition,genesis,minor,transition_exact_shape,accent_words
P2_A2_C0,P2_A2_C0,137,0.14109166,0.16898712,0.83492551,163.206,10.87566661,-2.409599,0.99201597,upper,screening_selected_transition,genesis,minor,transition_exact_shape,accent_words
P3_A3_C0,P4_A4_C0,116,0.08689139,0.10476853,0.82936529,140.672,9.80247893,-2.516914,0.99600798,upper,screening_selected_transition,genesis,minor,transition_exact_shape,accent_words
P1_A1_C0,P2_A2_C0,51,0.12408759,0.16898712,0.73430206,69.268,6.89574351,-2.64917,0.99800399,upper,screening_selected_transition,genesis,minor,transition_exact_shape,accent_words
P5_A4_C0,P3_A3_C0,47,0.14779874,0.23233554,0.6361435,73.28,7.07004746,-3.71709,1.0,upper,screening_selected_transition,genesis,minor,transition_exact_shape,accent_words
P<=4_A4_C0,P7-9_A6-7_C2,14,0.07909605,0.03238731,2.44219232,5.604,2.14204592,3.919617,0.00199601,upper,screening_selected_transition,genesis,major,transition_bucket_shape,accent_words
P7-9_A6-7_C1,P5-6_A6-7_C0,12,0.04081633,0.01836394,2.22263451,5.342,2.10091973,3.169088,0.00798403,upper,screening_selected_transition,genesis,major,transition_bucket_shape,accent_words
P13-15_A8+_C3,P<=4_A3_C0,17,0.25757576,0.1312187,1.96295011,8.642,2.69227277,3.10444,0.00598802,upper,screening_selected_transition,genesis,major,transition_bucket_shape,accent_words
P5-6_A6-7_C1,P<=4_A3_C0,26,0.22413793,0.1312187,1.70812495,15.192,3.51223684,3.077241,0.00399202,upper,screening_selected_transition,genesis,major,transition_bucket_shape,accent_words
P7-9_A6-7_C1,P7-9_A6-7_C1,43,0.1462585,0.09816361,1.48994632,29.184,4.78245625,2.888892,0.00598802,upper,screening_selected_transition,genesis,major,transition_bucket_shape,accent_words
P10-12_A8+_C3,P<=4_A3_C0,17,0.25,0.1312187,1.90521628,9.082,2.86560629,2.763115,0.01397206,upper,screening_selected_transition,genesis,major,transition_bucket_shape,accent_words
P<=4_A4_C0,P<=4_A3_C0,34,0.1920904,0.1312187,1.463895,23.45,4.33787209,2.432068,0.01996008,upper,screening_selected_transition,genesis,major,transition_bucket_shape,accent_words
P<=4_A2_C0,P7-9_A8+_C2,13,0.07065217,0.03739566,1.88931483,6.774,2.59004646,2.403818,0.01996008,upper,screening_selected_transition,genesis,major,transition_bucket_shape,accent_words
P<=4_A4_C0,P<=4_A2_C0,17,0.0960452,0.06143573,1.56334439,10.892,2.86229304,2.133953,0.03393214,upper,screening_selected_transition,genesis,major,transition_bucket_shape,accent_words
P5-6_A5_C1,P<=4_A2_C0,23,0.08949416,0.06143573,1.45671206,15.706,3.50830163,2.079069,0.03193613,upper,screening_selected_transition,genesis,major,transition_bucket_shape,accent_words
P10-12_A8+_C1,P7-9_A6-7_C1,14,0.15384615,0.09816361,1.56724228,8.914,2.63676108,1.928882,0.03592814,upper,screening_selected_transition,genesis,major,transition_bucket_shape,accent_words
P<=4_A3_C0,P13-15_A8+_C2,12,0.03045685,0.0196995,1.54607244,7.564,2.56418683,1.729983,0.06187625,upper,screening_selected_transition,genesis,major,transition_bucket_shape,accent_words
P<=4_A3_C0,P7-9_A8+_C1,17,0.04314721,0.03105175,1.38952568,12.042,3.30970456,1.498019,0.08782435,upper,screening_selected_transition,genesis,major,transition_bucket_shape,accent_words
P10-12_A8+_C2,P5-6_A5_C1,21,0.1147541,0.08614357,1.33212606,15.72,3.63759043,1.45151,0.10778443,upper,screening_selected_transition,genesis,major,transition_bucket_shape,accent_words
P<=4_A2_C0,P10-12_A8+_C2,16,0.08695652,0.06110184,1.42314089,11.53,3.27208084,1.366103,0.11377246,upper,screening_selected_transition,genesis,major,transition_bucket_shape,accent_words
P7-9_A6-7_C1,P<=4_A4_C0,22,0.07482993,0.0590985,1.26619009,17.056,3.85520287,1.282423,0.1237525,upper,screening_selected_transition,genesis,major,transition_bucket_shape,accent_words
P7-9_A8+_C1,P5-6_A5_C1,11,0.11827957,0.08614357,1.3730516,7.8,2.55598633,1.251963,0.12974052,upper,screening_selected_transition,genesis,major,transition_bucket_shape,accent_words
P7-9_A8+_C2,P<=4_A3_C0,19,0.16964286,0.1312187,1.29282534,14.602,3.5424135,1.241526,0.14171657,upper,screening_selected_transition,genesis,major,transition_bucket_shape,accent_words
P5-6_A5_C1,P7-9_A8+_C1,11,0.04280156,0.03105175,1.37839421,7.96,2.54545845,1.194284,0.15968064,upper,screening_selected_transition,genesis,major,transition_bucket_shape,accent_words
P<=4_A3_C0,P13-15_A8+_C3,12,0.03045685,0.02203673,1.38209506,8.798,2.75906159,1.16054,0.16766467,upper,screening_selected_transition,genesis,major,transition_bucket_shape,accent_words
P7-9_A6-7_C1,P<=4_A2_C0,22,0.07482993,0.06143573,1.21801982,18.044,4.00176114,0.988565,0.20558882,upper,screening_selected_transition,genesis,major,transition_bucket_shape,accent_words
P5-6_A5_C1,P10-12_A8+_C2,19,0.07392996,0.06110184,1.20994663,15.55,3.80163186,0.907505,0.21357285,upper,screening_selected_transition,genesis,major,transition_bucket_shape,accent_words
P<=4_A3_C0,P7-9_A6-7_C1,44,0.11167513,0.09816361,1.13764287,38.826,5.70831795,0.906397,0.20958084,upper,screening_selected_transition,genesis,major,transition_bucket_shape,accent_words
P<=4_A4_C0,P10-12_A8+_C2,13,0.07344633,0.06110184,1.20203143,10.784,3.17387633,0.6982,0.27145709,upper,screening_selected_transition,genesis,major,transition_bucket_shape,accent_words
P5-6_A5_C1,P7-9_A6-7_C1,28,0.10894942,0.09816361,1.10987586,24.93,4.50885346,0.680883,0.26946108,upper,screening_selected_transition,genesis,major,transition_bucket_shape,accent_words
P<=4_A3_C0,P7-9_A6-7_C2,15,0.03807107,0.03238731,1.17549322,12.786,3.33262912,0.66434,0.30339321,upper,screening_selected_transition,genesis,major,transition_bucket_shape,accent_words
P<=4_A3_C0,P5-6_A6-7_C1,17,0.04314721,0.03873122,1.11401628,15.236,3.84628285,0.458625,0.36127745,upper,screening_selected_transition,genesis,major,transition_bucket_shape,accent_words
P7-9_A8+_C1,P<=4_A3_C0,13,0.13978495,0.1312187,1.06528222,12.022,3.14217481,0.311249,0.42115768,upper,screening_selected_transition,genesis,major,transition_bucket_shape,accent_words
P10-12_A8+_C2,P<=4_A3_C0,25,0.13661202,0.1312187,1.0411018,23.988,4.42889221,0.2285,0.43313373,upper,screening_selected_transition,genesis,major,transition_bucket_shape,accent_words
P<=4_A3_C0,P5-6_A5_C0,17,0.04314721,0.04140234,1.04214426,16.212,3.69680792,0.213157,0.44311377,upper,screening_selected_transition,genesis,major,transition_bucket_shape,accent_words
P5-6_A5_C1,P<=4_A3_C0,35,0.13618677,0.1312187,1.03786101,33.88,5.3173441,0.210631,0.45309381,upper,screening_selected_transition,genesis,major,transition_bucket_shape,accent_words
P<=4_A3_C0,P10-12_A8+_C2,25,0.06345178,0.06110184,1.0384594,24.232,4.2734882,0.179713,0.45708583,upper,screening_selected_transition,genesis,major,transition_bucket_shape,accent_words
P5-6_A5_C1,P5-6_A5_C1,23,0.08949416,0.08614357,1.03889542,22.398,4.15766381,0.144793,0.500998,upper,screening_selected_transition,genesis,major,transition_bucket_shape,accent_words
P10-12_A8+_C2,P<=4_A4_C0,11,0.06010929,0.0590985,1.01710352,10.776,3.06996309,0.072965,0.53692615,upper,screening_selected_transition,genesis,major,transition_bucket_shape,accent_words
P7-9_A8+_C2,P7-9_A6-7_C1,11,0.09821429,0.09816361,1.00051628,10.914,3.03595752,0.028327,0.53293413,upper,screening_selected_transition,genesis,major,transition_bucket_shape,accent_words
P<=4_A3_C0,P5-6_A5_C1,34,0.08629442,0.08614357,1.00175107,33.886,5.18910953,0.021969,0.52095808,upper,screening_selected_transition,genesis,major,transition_bucket_shape,accent_words
P7-9_A6-7_C1,P5-6_A5_C1,25,0.08503401,0.08614357,0.98711965,25.306,4.4744167,-0.068389,0.56886228,upper,screening_selected_transition,genesis,major,transition_bucket_shape,accent_words
P7-9_A6-7_C1,P5-6_A6-7_C1,11,0.03741497,0.03873122,0.96601572,11.404,3.1851333,-0.126839,0.60878244,upper,screening_selected_transition,genesis,major,transition_bucket_shape,accent_words
P5-6_A4_C0,P<=4_A3_C0,12,0.12,0.1312187,0.91450382,13.034,3.32489908,-0.310987,0.66067864,upper,screening_selected_transition,genesis,major,transition_bucket_shape,accent_words
P7-9_A6-7_C1,P5-6_A5_C0,11,0.03741497,0.04140234,0.90369212,12.004,3.20507864,-0.313253,0.66866267,upper,screening_selected_transition,genesis,major,transition_bucket_shape,accent_words
P<=4_A3_C0,P<=4_A4_C0,22,0.05583756,0.0590985,0.94482205,23.38,4.14801302,-0.332689,0.66666667,upper,screening_selected_transition,genesis,major,transition_bucket_shape,accent_words
P<=4_A2_C0,P7-9_A6-7_C1,16,0.08695652,0.09816361,0.88583259,17.912,3.85824158,-0.495563,0.71257485,upper,screening_selected_transition,genesis,major,transition_bucket_shape,accent_words
P<=4_A3_C0,P7-9_A8+_C2,13,0.03299492,0.03739566,0.88231962,14.966,3.65178245,-0.538367,0.74850299,upper,screening_selected_transition,genesis,major,transition_bucket_shape,accent_words
P<=4_A2_C0,P5-6_A5_C1,14,0.07608696,0.08614357,0.8832575,15.976,3.61518507,-0.546583,0.74451098,upper,screening_selected_transition,genesis,major,transition_bucket_shape,accent_words
P7-9_A6-7_C1,P<=4_A3_C0,35,0.11904762,0.1312187,0.90724585,38.826,5.62057878,-0.680713,0.79041916,upper,screening_selected_transition,genesis,major,transition_bucket_shape,accent_words
P10-12_A8+_C2,P7-9_A6-7_C1,15,0.08196721,0.09816361,0.83500613,17.684,3.77898206,-0.710244,0.8003992,upper,screening_selected_transition,genesis,major,transition_bucket_shape,accent_words
P<=4_A3_C0,P<=4_A3_C0,47,0.11928934,0.1312187,0.90908797,51.776,6.15838253,-0.775528,0.78043912,upper,screening_selected_transition,genesis,major,transition_bucket_shape,accent_words
P7-9_A6-7_C1,P10-12_A8+_C2,15,0.05102041,0.06110184,0.83500613,18.114,3.99962473,-0.778573,0.81836327,upper,screening_selected_transition,genesis,major,transition_bucket_shape,accent_words
P<=4_A2_C0,P<=4_A3_C0,19,0.10326087,0.1312187,0.78693716,24.188,4.67422215,-1.109917,0.8742515,upper,screening_selected_transition,genesis,major,transition_bucket_shape,accent_words
P<=4_A3_C0,P<=4_A2_C0,14,0.03553299,0.06143573,0.57837674,23.894,4.22118476,-2.343892,0.99201597,upper,screening_selected_transition,genesis,major,transition_bucket_shape,accent_words
P3_A2_C0,P11_A10_C3,6,0.10169492,0.00400668,25.38135593,0.222,0.45290866,12.757539,0.00199601,upper,screening_selected_transition,genesis,major,transition_exact_shape,accent_words
P11_A10_C3,P3_A3_C0,6,0.5,0.08247078,6.06275304,1.03,0.95861247,5.184577,0.00199601,upper,screening_selected_transition,genesis,major,transition_exact_shape,accent_words
P8_A8_C2,P4_A3_C0,6,0.15,0.04874791,3.07705479,1.832,1.34290088,3.103729,0.01197605,upper,screening_selected_transition,genesis,major,transition_exact_shape,accent_words
P8_A6_C1,P4_A4_C0,6,0.17647059,0.0590985,2.98604187,1.93,1.34934854,3.01627,0.00798403,upper,screening_selected_transition,genesis,major,transition_exact_shape,accent_words
P11_A10_C2,P3_A3_C0,6,0.25,0.08247078,3.03137652,2.056,1.38878416,2.839894,0.01397206,upper,screening_selected_transition,genesis,major,transition_exact_shape,accent_words
P4_A4_C0,P3_A2_C0,8,0.04519774,0.0196995,2.29435986,3.46,1.67511553,2.710261,0.01596806,upper,screening_selected_transition,genesis,major,transition_exact_shape,accent_words
P6_A6_C1,P3_A3_C0,17,0.14655172,0.08247078,1.77701382,9.698,2.96249029,2.464818,0.01397206,upper,screening_selected_transition,genesis,major,transition_exact_shape,accent_words
P5_A5_C1,P3_A2_C0,7,0.04458599,0.0196995,2.26330562,3.06,1.67272113,2.355443,0.0259481,upper,screening_selected_transition,genesis,major,transition_exact_shape,accent_words
P5_A5_C0,P6_A6_C1,6,0.09230769,0.03873122,2.38328912,2.464,1.56255789,2.262956,0.03992016,upper,screening_selected_transition,genesis,major,transition_exact_shape,accent_words
P2_A2_C0,P7_A7_C1,6,0.04958678,0.02170284,2.2848061,2.576,1.53261928,2.234084,0.04590818,upper,screening_selected_transition,genesis,major,transition_exact_shape,accent_words
P7_A7_C1,P2_A2_C0,6,0.09230769,0.04040067,2.2848061,2.622,1.55175122,2.176895,0.03792415,upper,screening_selected_transition,genesis,major,transition_exact_shape,accent_words
P3_A3_C0,P9_A8_C2,8,0.03225806,0.01535893,2.1002805,3.986,1.94869156,2.059844,0.0499002,upper,screening_selected_transition,genesis,major,transition_exact_shape,accent_words
P5_A5_C1,P5_A5_C1,14,0.08917197,0.05275459,1.69031686,8.428,2.80080435,1.989429,0.04790419,upper,screening_selected_transition,genesis,major,transition_exact_shape,accent_words
P5_A5_C1,P2_A2_C0,11,0.07006369,0.04040067,1.73422119,6.336,2.37452748,1.96418,0.03792415,upper,screening_selected_transition,genesis,major,transition_exact_shape,accent_words
P3_A3_C0,P8_A8_C1,7,0.02822581,0.01435726,1.96596024,3.54,1.7772781,1.946797,0.06387226,upper,screening_selected_transition,genesis,major,transition_exact_shape,accent_words
P4_A4_C0,P4_A3_C0,14,0.07909605,0.04874791,1.62255243,8.788,2.83462983,1.838688,0.06187625,upper,screening_selected_transition,genesis,major,transition_exact_shape,accent_words
P4_A4_C1,P2_A2_C0,6,0.08219178,0.04040067,2.03441639,3.092,1.70803125,1.702545,0.09780439,upper,screening_selected_transition,genesis,major,transition_exact_shape,accent_words
P6_A6_C1,P4_A3_C0,9,0.07758621,0.04874791,1.59158007,5.494,2.24589673,1.561069,0.09381238,upper,screening_selected_transition,genesis,major,transition_exact_shape,accent_words
P4_A4_C0,P3_A3_C0,20,0.11299435,0.08247078,1.37011368,14.662,3.58964163,1.487057,0.09580838,upper,screening_selected_transition,genesis,major,transition_exact_shape,accent_words
P7_A6_C1,P5_A5_C1,7,0.08536585,0.05275459,1.61816919,4.246,1.93415768,1.423876,0.13373253,upper,screening_selected_transition,genesis,major,transition_exact_shape,accent_words
P3_A3_C0,P6_A5_C0,8,0.03225806,0.0196995,1.63750683,5.066,2.07901144,1.411248,0.1237525,upper,screening_selected_transition,genesis,major,transition_exact_shape,accent_words
P6_A5_C1,P3_A3_C0,12,0.12,0.08247078,1.45506073,8.246,2.69071811,1.395167,0.10978044,upper,screening_selected_transition,genesis,major,transition_exact_shape,accent_words
P7_A6_C1,P3_A3_C0,10,0.12195122,0.08247078,1.47872025,6.81,2.50728398,1.272293,0.13373253,upper,screening_selected_transition,genesis,major,transition_exact_shape,accent_words
P3_A3_C0,P5_A4_C1,7,0.02822581,0.01702838,1.65757432,4.39,2.07231488,1.259461,0.15568862,upper,screening_selected_transition,genesis,major,transition_exact_shape,accent_words
P2_A2_C0,P4_A4_C0,10,0.08264463,0.0590985,1.39842181,7.084,2.5349153,1.150334,0.15968064,upper,screening_selected_transition,genesis,major,transition_exact_shape,accent_words
P6_A5_C1,P4_A3_C0,7,0.07,0.04874791,1.4359589,4.79,2.03818753,1.084297,0.20558882,upper,screening_selected_transition,genesis,major,transition_exact_shape,accent_words
P4_A3_C0,P6_A5_C1,7,0.04794521,0.03338898,1.4359589,4.888,2.07848411,1.016125,0.1996008,upper,screening_selected_transition,genesis,major,transition_exact_shape,accent_words
P4_A3_C0,P6_A6_C1,8,0.05479452,0.03873122,1.41473784,5.606,2.37782929,1.006801,0.21756487,upper,screening_selected_transition,genesis,major,transition_exact_shape,accent_words
P5_A4_C0,P4_A4_C0,7,0.08536585,0.0590985,1.44446741,4.894,2.18639536,0.963229,0.21756487,upper,screening_selected_transition,genesis,major,transition_exact_shape,accent_words
P2_A2_C0,P6_A5_C1,6,0.04958678,0.03338898,1.48512397,4.252,1.98503822,0.880588,0.23952096,upper,screening_selected_transition,genesis,major,transition_exact_shape,accent_words
P4_A4_C0,P2_A2_C0,9,0.05084746,0.04040067,1.25857963,7.222,2.42909799,0.731959,0.28742515,upper,screening_selected_transition,genesis,major,transition_exact_shape,accent_words
P4_A3_C0,P3_A3_C0,14,0.09589041,0.08247078,1.16271976,12.22,3.15332951,0.564483,0.33932136,upper,screening_selected_transition,genesis,major,transition_exact_shape,accent_words
P4_A3_C0,P4_A4_C0,10,0.06849315,0.0590985,1.15896602,8.564,2.64649047,0.542605,0.33333333,upper,screening_selected_transition,genesis,major,transition_exact_shape,accent_words
P8_A7_C1,P3_A3_C0,7,0.09589041,0.08247078,1.16271976,6.176,2.32547623,0.354336,0.44111776,upper,screening_selected_transition,genesis,major,transition_exact_shape,accent_words
P6_A5_C1,P5_A5_C1,6,0.06,0.05275459,1.13734177,5.242,2.16998933,0.34931,0.40718563,upper,screening_selected_transition,genesis,major,transition_exact_shape,accent_words
P3_A3_C0,P7_A7_C1,6,0.02419355,0.02170284,1.11476427,5.342,2.1905783,0.300377,0.43512974,upper,screening_selected_transition,genesis,major,transition_exact_shape,accent_words
P3_A3_C0,P8_A7_C1,6,0.02419355,0.02437396,0.99259832,6.134,2.44786194,-0.054742,0.57285429,upper,screening_selected_transition,genesis,major,transition_exact_shape,accent_words
P5_A5_C1,P3_A3_C0,13,0.08280255,0.08247078,1.0040228,13.264,3.58608757,-0.073618,0.5508982,upper,screening_selected_transition,genesis,major,transition_exact_shape,accent_words
P3_A3_C0,P6_A5_C1,8,0.03225806,0.03338898,0.96612903,8.26,2.72382791,-0.095454,0.60279441,upper,screening_selected_transition,genesis,major,transition_exact_shape,accent_words
P3_A3_C0,P6_A6_C1,9,0.03629032,0.03873122,0.93697859,9.63,3.05807188,-0.206012,0.61477046,upper,screening_selected_transition,genesis,major,transition_exact_shape,accent_words
P4_A3_C0,P5_A5_C1,7,0.04794521,0.05275459,0.90883475,7.688,2.63905005,-0.2607,0.66467066,upper,screening_selected_transition,genesis,major,transition_exact_shape,accent_words
P3_A3_C0,P5_A5_C1,12,0.0483871,0.05275459,0.91721111,13.05,3.51571052,-0.298659,0.6506986,upper,screening_selected_transition,genesis,major,transition_exact_shape,accent_words
P3_A3_C0,P7_A6_C1,6,0.02419355,0.02737896,0.8836546,6.804,2.62895546,-0.305825,0.65868263,upper,screening_selected_transition,genesis,major,transition_exact_shape,accent_words
P3_A3_C0,P4_A3_C0,11,0.04435484,0.04874791,0.90988179,12.078,3.23246247,-0.333492,0.66067864,upper,screening_selected_transition,genesis,major,transition_exact_shape,accent_words
P4_A4_C0,P4_A4_C0,9,0.05084746,0.0590985,0.86038495,10.324,2.9598218,-0.447324,0.71057884,upper,screening_selected_transition,genesis,major,transition_exact_shape,accent_words
P3_A3_C0,P3_A3_C0,17,0.06854839,0.08247078,0.83118388,20.256,4.13481043,-0.787461,0.81037924,upper,screening_selected_transition,genesis,major,transition_exact_shape,accent_words
P4_A4_C0,P5_A5_C1,7,0.03954802,0.05275459,0.7496603,9.332,2.82945005,-0.824188,0.84031936,upper,screening_selected_transition,genesis,major,transition_exact_shape,accent_words
P3_A3_C0,P4_A4_C0,12,0.0483871,0.0590985,0.81875342,14.816,3.36820927,-0.836053,0.84630739,upper,screening_selected_transition,genesis,major,transition_exact_shape,accent_words
P3_A3_C0,P2_A2_C0,7,0.02822581,0.04040067,0.69864703,9.812,2.94652678,-0.954344,0.88822355,upper,screening_selected_transition,genesis,major,transition_exact_shape,accent_words
P2_A2_C0,P3_A3_C0,6,0.04958678,0.08247078,0.60126476,10.22,3.06960012,-1.374772,0.9500998,upper,screening_selected_transition,genesis,major,transition_exact_shape,accent_words
P7-9_A8+_C1,P16-18_A8+_C2,11,0.15714286,0.05493787,2.86037415,3.8,1.77829262,4.048827,0.00399202,upper,screening_selected_transition,genesis,verse,transition_bucket_shape,accent_words
P5-6_A6-7_C0,P13-15_A8+_C2,8,0.2962963,0.09941138,2.98050682,2.688,1.52686563,3.479023,0.00399202,upper,screening_selected_transition,genesis,verse,transition_bucket_shape,accent_words
P10-12_A8+_C1,P19-24_A8+_C3,13,0.07428571,0.03989536,1.86201405,7.138,2.47532027,2.368178,0.0259481,upper,screening_selected_transition,genesis,verse,transition_bucket_shape,accent_words
P7-9_A8+_C1,P10-12_A8+_C2,10,0.14285714,0.08044474,1.77584204,5.526,2.14721799,2.083626,0.03792415,upper,screening_selected_transition,genesis,verse,transition_bucket_shape,accent_words
P10-12_A8+_C2,P7-9_A8+_C1,10,0.08196721,0.04578156,1.79039813,5.846,2.2743415,1.826463,0.05988024,upper,screening_selected_transition,genesis,verse,transition_bucket_shape,accent_words
P13-15_A8+_C3,P10-12_A8+_C2,10,0.13513514,0.08044474,1.67985058,5.99,2.20263551,1.820546,0.05788423,upper,screening_selected_transition,genesis,verse,transition_bucket_shape,accent_words
P10-12_A8+_C2,P7-9_A6-7_C1,7,0.05737705,0.03008502,1.90716322,3.674,1.8347907,1.812741,0.0738523,upper,screening_selected_transition,genesis,verse,transition_bucket_shape,accent_words
P10-12_A8+_C1,P13-15_A8+_C3,13,0.07428571,0.04839765,1.53490347,8.374,2.61223497,1.770897,0.06387226,upper,screening_selected_transition,genesis,verse,transition_bucket_shape,accent_words
P13-15_A8+_C1,P13-15_A8+_C1,10,0.1,0.06540222,1.529,6.352,2.26237324,1.612466,0.09181637,upper,screening_selected_transition,genesis,verse,transition_bucket_shape,accent_words
P19-24_A8+_C4+,P19-24_A8+_C4+,9,0.0989011,0.05951602,1.66175583,5.466,2.25099488,1.569972,0.09580838,upper,screening_selected_transition,genesis,verse,transition_bucket_shape,accent_words
P16-18_A8+_C2,P7-9_A6-7_C0,7,0.08333333,0.04839765,1.72184685,4.174,1.81281455,1.558902,0.12175649,upper,screening_selected_transition,genesis,verse,transition_bucket_shape,accent_words
P7-9_A6-7_C0,P16-18_A8+_C3,8,0.10666667,0.06540222,1.63093333,4.964,2.06378837,1.471081,0.11377246,upper,screening_selected_transition,genesis,verse,transition_bucket_shape,accent_words
P16-18_A8+_C3,P16-18_A8+_C3,10,0.1,0.06540222,1.529,6.452,2.48516561,1.427671,0.11776447,upper,screening_selected_transition,genesis,verse,transition_bucket_shape,accent_words
P19-24_A8+_C4+,P13-15_A8+_C2,13,0.14285714,0.09941138,1.43703008,9.11,2.85345131,1.363261,0.12774451,upper,screening_selected_transition,genesis,verse,transition_bucket_shape,accent_words
P13-15_A8+_C1,P10-12_A8+_C1,15,0.15,0.11445389,1.31057143,11.202,2.92066029,1.300391,0.14570858,upper,screening_selected_transition,genesis,verse,transition_bucket_shape,accent_words
P13-15_A8+_C3,P13-15_A8+_C1,7,0.09459459,0.06540222,1.44635135,4.698,1.9376028,1.188066,0.17165669,upper,screening_selected_transition,genesis,verse,transition_bucket_shape,accent_words
P13-15_A8+_C1,P7-9_A8+_C1,7,0.07,0.04578156,1.529,4.624,2.05696042,1.155102,0.17964072,upper,screening_selected_transition,genesis,verse,transition_bucket_shape,accent_words
P7-9_A6-7_C0,P13-15_A8+_C2,10,0.13333333,0.09941138,1.34122807,7.248,2.50820218,1.0972,0.18962076,upper,screening_selected_transition,genesis,verse,transition_bucket_shape,accent_words
P10-12_A8+_C2,P10-12_A8+_C2,13,0.10655738,0.08044474,1.32460349,9.836,2.90136862,1.09052,0.18562874,upper,screening_selected_transition,genesis,verse,transition_bucket_shape,accent_words
P13-15_A8+_C2,P7-9_A6-7_C0,10,0.06578947,0.04839765,1.35935277,7.378,2.45584575,1.067657,0.19760479,upper,screening_selected_transition,genesis,verse,transition_bucket_shape,accent_words
P13-15_A8+_C3,P13-15_A8+_C2,10,0.13513514,0.09941138,1.35935277,7.512,2.43592353,1.021379,0.21157685,upper,screening_selected_transition,genesis,verse,transition_bucket_shape,accent_words
P13-15_A8+_C1,P13-15_A8+_C2,13,0.13,0.09941138,1.30769737,10.14,2.93216561,0.975388,0.20958084,upper,screening_selected_transition,genesis,verse,transition_bucket_shape,accent_words
P13-15_A8+_C1,P19-24_A8+_C4+,8,0.08,0.05951602,1.34417582,5.982,2.1677348,0.930926,0.24351297,upper,screening_selected_transition,genesis,verse,transition_bucket_shape,accent_words
P19-24_A8+_C4+,P16-18_A8+_C3,8,0.08791209,0.06540222,1.34417582,5.906,2.33925377,0.895157,0.22954092,upper,screening_selected_transition,genesis,verse,transition_bucket_shape,accent_words
P10-12_A8+_C1,P16-18_A8+_C3,14,0.08,0.06540222,1.2232,11.416,3.080572,0.838805,0.23952096,upper,screening_selected_transition,genesis,verse,transition_bucket_shape,accent_words
P10-12_A8+_C2,P10-12_A8+_C1,17,0.13934426,0.11445389,1.21747073,14.108,3.49410268,0.82768,0.25349301,upper,screening_selected_transition,genesis,verse,transition_bucket_shape,accent_words
P10-12_A8+_C1,P10-12_A8+_C1,23,0.13142857,0.11445389,1.1483102,20.086,4.01133214,0.726442,0.25748503,upper,screening_selected_transition,genesis,verse,transition_bucket_shape,accent_words
P13-15_A8+_C2,P16-18_A8+_C2,10,0.06578947,0.05493787,1.19752506,8.284,2.43458382,0.704843,0.31736527,upper,screening_selected_transition,genesis,verse,transition_bucket_shape,accent_words
P13-15_A8+_C2,P10-12_A8+_C1,20,0.13157895,0.11445389,1.14962406,17.38,3.8948607,0.672681,0.27744511,upper,screening_selected_transition,genesis,verse,transition_bucket_shape,accent_words
P16-18_A8+_C3,P10-12_A8+_C2,10,0.1,0.08044474,1.24308943,8.214,2.68675293,0.664743,0.32934132,upper,screening_selected_transition,genesis,verse,transition_bucket_shape,accent_words
P16-18_A8+_C2,P10-12_A8+_C2,8,0.0952381,0.08044474,1.1838947,6.618,2.38567787,0.57929,0.34131737,upper,screening_selected_transition,genesis,verse,transition_bucket_shape,accent_words
P10-12_A8+_C1,P13-15_A8+_C2,18,0.10285714,0.09941138,1.03466165,16.95,3.46980967,0.30261,0.44111776,upper,screening_selected_transition,genesis,verse,transition_bucket_shape,accent_words
P13-15_A8+_C2,P10-12_A8+_C2,13,0.08552632,0.08044474,1.06316859,12.076,3.23158014,0.285928,0.40918164,upper,screening_selected_transition,genesis,verse,transition_bucket_shape,accent_words
P10-12_A8+_C2,P19-24_A8+_C4+,8,0.06557377,0.05951602,1.10178346,7.322,2.52964706,0.268022,0.47105788,upper,screening_selected_transition,genesis,verse,transition_bucket_shape,accent_words
P16-18_A8+_C2,P13-15_A8+_C2,9,0.10714286,0.09941138,1.07777256,8.392,2.60459283,0.233434,0.46506986,upper,screening_selected_transition,genesis,verse,transition_bucket_shape,accent_words
P16-18_A8+_C3,P10-12_A8+_C1,12,0.12,0.11445389,1.04845714,11.376,2.97595979,0.20968,0.46506986,upper,screening_selected_transition,genesis,verse,transition_bucket_shape,accent_words
P7-9_A6-7_C0,P10-12_A8+_C1,9,0.12,0.11445389,1.04845714,8.75,2.76020606,0.090573,0.53493014,upper,screening_selected_transition,genesis,verse,transition_bucket_shape,accent_words
P13-15_A8+_C2,P16-18_A8+_C3,10,0.06578947,0.06540222,1.00592105,9.872,2.91832988,0.043861,0.51696607,upper,screening_selected_transition,genesis,verse,transition_bucket_shape,accent_words
P10-12_A8+_C1,P7-9_A8+_C1,8,0.04571429,0.04578156,0.99853061,7.954,2.54259978,0.018092,0.53692615,upper,screening_selected_transition,genesis,verse,transition_bucket_shape,accent_words
P19-24_A8+_C3,P10-12_A8+_C1,7,0.1147541,0.11445389,1.00262295,6.99,2.45233111,0.004078,0.55489022,upper,screening_selected_transition,genesis,verse,transition_bucket_shape,accent_words
P10-12_A8+_C1,P13-15_A8+_C1,11,0.06285714,0.06540222,0.96108571,11.584,3.25763232,-0.179271,0.59281437,upper,screening_selected_transition,genesis,verse,transition_bucket_shape,accent_words
P10-12_A8+_C1,P16-18_A8+_C2,9,0.05142857,0.05493787,0.93612245,9.54,2.93353221,-0.184078,0.61876248,upper,screening_selected_transition,genesis,verse,transition_bucket_shape,accent_words
P16-18_A8+_C3,P13-15_A8+_C2,9,0.09,0.09941138,0.90532895,9.896,2.97571736,-0.301104,0.68463074,upper,screening_selected_transition,genesis,verse,transition_bucket_shape,accent_words
P10-12_A8+_C2,P13-15_A8+_C2,11,0.09016393,0.09941138,0.906978,12.188,3.10611524,-0.382471,0.69461078,upper,screening_selected_transition,genesis,verse,transition_bucket_shape,accent_words
P19-24_A8+_C4+,P10-12_A8+_C1,9,0.0989011,0.11445389,0.86411303,10.208,2.89992329,-0.416563,0.71057884,upper,screening_selected_transition,genesis,verse,transition_bucket_shape,accent_words
P10-12_A8+_C1,P7-9_A6-7_C0,7,0.04,0.04839765,0.82648649,8.672,2.75018965,-0.607958,0.76247505,upper,screening_selected_transition,genesis,verse,transition_bucket_shape,accent_words
P10-12_A8+_C1,P10-12_A8+_C2,12,0.06857143,0.08044474,0.85240418,14.184,3.26549704,-0.668811,0.80239521,upper,screening_selected_transition,genesis,verse,transition_bucket_shape,accent_words
P13-15_A8+_C2,P13-15_A8+_C1,8,0.05263158,0.06540222,0.80473684,9.96,2.87662126,-0.681355,0.8003992,upper,screening_selected_transition,genesis,verse,transition_bucket_shape,accent_words
P13-15_A8+_C2,P19-24_A8+_C4+,7,0.04605263,0.05951602,0.77378543,9.1,2.7945696,-0.751457,0.82235529,upper,screening_selected_transition,genesis,verse,transition_bucket_shape,accent_words
P13-15_A8+_C2,P13-15_A8+_C2,11,0.07236842,0.09941138,0.72796918,15.164,3.46426128,-1.201988,0.9241517,upper,screening_selected_transition,genesis,verse,transition_bucket_shape,accent_words
P<=4_A0-1_C0,P<=4_A3_C0,131,0.40432099,0.31255546,1.2935976,101.44,7.74353438,3.817378,0.00199601,upper,screening_selected_transition,exodus,minor,transition_bucket_shape,accent_words
P<=4_A3_C0,P<=4_A0-1_C0,121,0.08587651,0.0716504,1.19854891,101.414,7.77660306,2.51858,0.00598802,upper,screening_selected_transition,exodus,minor,transition_bucket_shape,accent_words
P<=4_A2_C0,P<=4_A2_C0,303,0.27272727,0.24645075,1.10661975,272.578,13.63141765,2.231756,0.01596806,upper,screening_selected_transition,exodus,minor,transition_bucket_shape,accent_words
P7-9_A6-7_C0,P<=4_A4_C0,25,0.14534884,0.10603372,1.37077941,17.96,3.64870197,1.929453,0.04191617,upper,screening_selected_transition,exodus,minor,transition_bucket_shape,accent_words
P5-6_A4_C0,P5-6_A4_C0,43,0.11168831,0.08562555,1.30438059,32.99,5.31171617,1.884513,0.03193613,upper,screening_selected_transition,exodus,minor,transition_bucket_shape,accent_words
P7-9_A6-7_C0,P5-6_A4_C0,21,0.12209302,0.08562555,1.42589469,14.806,3.62638461,1.708037,0.05389222,upper,screening_selected_transition,exodus,minor,transition_bucket_shape,accent_words
P<=4_A0-1_C0,P<=4_A4_C0,42,0.12962963,0.10603372,1.22253216,34.546,5.10882415,1.459044,0.09780439,upper,screening_selected_transition,exodus,minor,transition_bucket_shape,accent_words
P<=4_A4_C0,P<=4_A0-1_C0,41,0.08577406,0.0716504,1.19711906,34.12,5.31960491,1.293329,0.1257485,upper,screening_selected_transition,exodus,minor,transition_bucket_shape,accent_words
P<=4_A3_C0,P<=4_A2_C0,364,0.25833925,0.24645075,1.04823882,346.89,13.33181813,1.283396,0.10179641,upper,screening_selected_transition,exodus,minor,transition_bucket_shape,accent_words
P<=4_A4_C0,P<=4_A4_C0,58,0.12133891,0.10603372,1.14434271,50.25,6.10294945,1.269878,0.11177645,upper,screening_selected_transition,exodus,minor,transition_bucket_shape,accent_words
P5-6_A5_C0,P5-6_A5_C0,28,0.08641975,0.07187223,1.20240817,23.08,4.46513997,1.101869,0.15768463,upper,screening_selected_transition,exodus,minor,transition_bucket_shape,accent_words
P<=4_A4_C0,P5-6_A5_C0,40,0.08368201,0.07187223,1.16431634,34.338,5.22478255,1.083681,0.17365269,upper,screening_selected_transition,exodus,minor,transition_bucket_shape,accent_words
P5-6_A4_C0,P5-6_A5_C0,32,0.08311688,0.07187223,1.15645342,27.362,4.87385524,0.951608,0.20958084,upper,screening_selected_transition,exodus,minor,transition_bucket_shape,accent_words
P5-6_A4_C0,P7-9_A6-7_C0,18,0.04675325,0.03815439,1.22536998,14.8,3.52829956,0.906952,0.2255489,upper,screening_selected_transition,exodus,minor,transition_bucket_shape,accent_words
P<=4_A2_C0,P<=4_A3_C0,358,0.32223222,0.31255546,1.03096016,346.612,13.22176562,0.861307,0.20359281,upper,screening_selected_transition,exodus,minor,transition_bucket_shape,accent_words
P<=4_A4_C0,P5-6_A4_C0,44,0.09205021,0.08562555,1.07503198,40.472,5.82073689,0.606109,0.29141717,upper,screening_selected_transition,exodus,minor,transition_bucket_shape,accent_words
P5-6_A5_C0,P5-6_A4_C0,31,0.09567901,0.08562555,1.11741189,28.016,4.98250889,0.598895,0.30538922,upper,screening_selected_transition,exodus,minor,transition_bucket_shape,accent_words
P<=4_A4_C0,P7-9_A6-7_C0,20,0.041841,0.03815439,1.09662353,17.964,3.81468316,0.533727,0.33532934,upper,screening_selected_transition,exodus,minor,transition_bucket_shape,accent_words
P5-6_A5_C0,P<=4_A4_C0,36,0.11111111,0.10603372,1.0478847,34.142,5.44399763,0.341293,0.39321357,upper,screening_selected_transition,exodus,minor,transition_bucket_shape,accent_words
P<=4_A3_C0,P5-6_A3_C0,27,0.01916253,0.01841171,1.04077916,25.94,4.23370387,0.250372,0.44111776,upper,screening_selected_transition,exodus,minor,transition_bucket_shape,accent_words
P5-6_A4_C0,P<=4_A3_C0,123,0.31948052,0.31255546,1.02215627,120.922,8.31445587,0.249926,0.44311377,upper,screening_selected_transition,exodus,minor,transition_bucket_shape,accent_words
P<=4_A3_C0,P7-9_A6-7_C0,54,0.03832505,0.03815439,1.00447291,53.316,5.70168066,0.119965,0.48702595,upper,screening_selected_transition,exodus,minor,transition_bucket_shape,accent_words
P5-6_A3_C0,P<=4_A3_C0,26,0.31325301,0.31255546,1.00223178,26.312,4.44862186,-0.070134,0.56087824,upper,screening_selected_transition,exodus,minor,transition_bucket_shape,accent_words
P<=4_A3_C0,P<=4_A4_C0,149,0.10574876,0.10603372,0.99731255,149.888,9.67753923,-0.091759,0.57085828,upper,screening_selected_transition,exodus,minor,transition_bucket_shape,accent_words
P5-6_A6-7_C0,P<=4_A2_C0,20,0.24390244,0.24645075,0.98965994,20.372,3.88687942,-0.095707,0.56686627,upper,screening_selected_transition,exodus,minor,transition_bucket_shape,accent_words
P5-6_A3_C0,P<=4_A2_C0,20,0.24096386,0.24645075,0.97773633,20.526,3.99715881,-0.131593,0.58882236,upper,screening_selected_transition,exodus,minor,transition_bucket_shape,accent_words
P5-6_A4_C0,P<=4_A0-1_C0,27,0.07012987,0.0716504,0.9787785,27.776,4.88154514,-0.158966,0.62075848,upper,screening_selected_transition,exodus,minor,transition_bucket_shape,accent_words
P5-6_A5_C0,P<=4_A2_C0,78,0.24074074,0.24645075,0.97683102,79.664,7.27853406,-0.228617,0.61077844,upper,screening_selected_transition,exodus,minor,transition_bucket_shape,accent_words
P<=4_A2_C0,P5-6_A3_C0,19,0.01710171,0.01841171,0.92884951,20.606,3.81574158,-0.420888,0.70459082,upper,screening_selected_transition,exodus,minor,transition_bucket_shape,accent_words
P<=4_A2_C0,P5-6_A6-7_C0,18,0.01620162,0.01818988,0.89069395,20.084,4.11567997,-0.506356,0.74650699,upper,screening_selected_transition,exodus,minor,transition_bucket_shape,accent_words
P<=4_A2_C0,P5-6_A5_C0,76,0.06840684,0.07187223,0.95178407,80.428,7.74369069,-0.57182,0.71656687,upper,screening_selected_transition,exodus,minor,transition_bucket_shape,accent_words
P5-6_A5_C0,P<=4_A3_C0,96,0.2962963,0.31255546,0.94797992,101.518,7.91574343,-0.697092,0.7744511,upper,screening_selected_transition,exodus,minor,transition_bucket_shape,accent_words
P<=4_A2_C0,P5-6_A4_C0,89,0.08010801,0.08562555,0.93556195,95.078,8.60534834,-0.706305,0.74051896,upper,screening_selected_transition,exodus,minor,transition_bucket_shape,accent_words
P<=4_A4_C0,P<=4_A3_C0,142,0.29707113,0.31255546,0.95045894,149.69,10.50402633,-0.7321,0.7744511,upper,screening_selected_transition,exodus,minor,transition_bucket_shape,accent_words
P5-6_A5_C0,P<=4_A0-1_C0,20,0.0617284,0.0716504,0.861522,23.326,4.46358277,-0.745141,0.79041916,upper,screening_selected_transition,exodus,minor,transition_bucket_shape,accent_words
P<=4_A2_C0,P<=4_A4_C0,111,0.09990999,0.10603372,0.94224736,118.096,8.6338793,-0.821879,0.8003992,upper,screening_selected_transition,exodus,minor,transition_bucket_shape,accent_words
P7-9_A6-7_C0,P<=4_A2_C0,38,0.22093023,0.24645075,0.89644778,42.44,5.27883815,-0.841094,0.82035928,upper,screening_selected_transition,exodus,minor,transition_bucket_shape,accent_words
P<=4_A0-1_C0,P<=4_A2_C0,73,0.22530864,0.24645075,0.91421364,79.71,7.36956722,-0.910501,0.83433134,upper,screening_selected_transition,exodus,minor,transition_bucket_shape,accent_words
P<=4_A3_C0,P<=4_A3_C0,427,0.30305181,0.31255546,0.96959373,439.646,13.54886813,-0.933362,0.8243513,upper,screening_selected_transition,exodus,minor,transition_bucket_shape,accent_words
P<=4_A3_C0,P5-6_A6-7_C0,22,0.01561391,0.01818988,0.85838425,25.718,3.96508762,-0.937684,0.85229541,upper,screening_selected_transition,exodus,minor,transition_bucket_shape,accent_words
P<=4_A2_C0,P<=4_A0-1_C0,72,0.06480648,0.0716504,0.90448178,79.928,7.48323551,-1.059435,0.88423154,upper,screening_selected_transition,exodus,minor,transition_bucket_shape,accent_words
P5-6_A4_C0,P<=4_A2_C0,86,0.22337662,0.24645075,0.90637427,95.154,7.79125737,-1.174907,0.89021956,upper,screening_selected_transition,exodus,minor,transition_bucket_shape,accent_words
P<=4_A2_C0,P7-9_A6-7_C0,36,0.03240324,0.03815439,0.84926632,42.822,5.61510238,-1.214938,0.90618762,upper,screening_selected_transition,exodus,minor,transition_bucket_shape,accent_words
P5-6_A4_C0,P<=4_A4_C0,32,0.08311688,0.10603372,0.78387219,40.766,6.01561462,-1.457208,0.9500998,upper,screening_selected_transition,exodus,minor,transition_bucket_shape,accent_words
P<=4_A3_C0,P5-6_A5_C0,89,0.06316537,0.07187223,0.87885638,101.188,8.15731203,-1.49412,0.95209581,upper,screening_selected_transition,exodus,minor,transition_bucket_shape,accent_words
P<=4_A3_C0,P5-6_A4_C0,107,0.07594038,0.08562555,0.88688924,120.86,8.74146592,-1.585546,0.9500998,upper,screening_selected_transition,exodus,minor,transition_bucket_shape,accent_words
P5-6_A6-7_C0,P<=4_A3_C0,19,0.23170732,0.31255546,0.74133186,25.478,4.06676692,-1.592912,0.95808383,upper,screening_selected_transition,exodus,minor,transition_bucket_shape,accent_words
P<=4_A0-1_C0,P5-6_A4_C0,20,0.0617284,0.08562555,0.72091089,27.554,4.53654544,-1.665144,0.97205589,upper,screening_selected_transition,exodus,minor,transition_bucket_shape,accent_words
P7-9_A6-7_C0,P<=4_A3_C0,41,0.23837209,0.31255546,0.76265536,53.708,6.05773293,-2.097815,0.98403194,upper,screening_selected_transition,exodus,minor,transition_bucket_shape,accent_words
P<=4_A4_C0,P<=4_A2_C0,98,0.20502092,0.24645075,0.83189407,118.9,9.18579107,-2.275253,0.98602794,upper,screening_selected_transition,exodus,minor,transition_bucket_shape,accent_words
P1_A1_C0,P3_A3_C0,92,0.31724138,0.21362023,1.48507179,61.866,6.56523027,4.589938,0.00199601,upper,screening_selected_transition,exodus,minor,transition_exact_shape,accent_words
P2_A2_C0,P3_A3_C0,200,0.25412961,0.21362023,1.18963267,168.576,10.13042324,3.101943,0.00199601,upper,screening_selected_transition,exodus,minor,transition_exact_shape,accent_words
P3_A3_C0,P2_A2_C0,193,0.20041537,0.17457853,1.14799553,168.078,9.95037365,2.50463,0.00998004,upper,screening_selected_transition,exodus,minor,transition_exact_shape,accent_words
P6_A5_C0,P4_A4_C0,21,0.16666667,0.10603372,1.57182706,13.428,3.39645223,2.229385,0.0259481,upper,screening_selected_transition,exodus,minor,transition_exact_shape,accent_words
P1_A1_C0,P4_A4_C0,41,0.14137931,0.10603372,1.33334295,30.768,4.82667272,2.119887,0.03193613,upper,screening_selected_transition,exodus,minor,transition_exact_shape,accent_words
P2_A2_C0,P2_A2_C0,159,0.20203304,0.17457853,1.15726166,137.272,10.2854069,2.112508,0.01996008,upper,screening_selected_transition,exodus,minor,transition_exact_shape,accent_words
P5_A4_C0,P5_A4_C0,31,0.09872611,0.06965395,1.41738002,21.82,4.51934164,2.031269,0.03592814,upper,screening_selected_transition,exodus,minor,transition_exact_shape,accent_words
P5_A4_C0,P4_A3_C0,41,0.13057325,0.09893523,1.31978521,31.21,4.83576978,2.024497,0.03592814,upper,screening_selected_transition,exodus,minor,transition_exact_shape,accent_words
P4_A4_C0,P5_A5_C0,29,0.06066946,0.04392192,1.38130257,20.846,4.13333436,1.972741,0.03193613,upper,screening_selected_transition,exodus,minor,transition_exact_shape,accent_words
P4_A3_C0,P4_A3_C0,56,0.12556054,0.09893523,1.26911862,44.104,6.21211435,1.914968,0.03592814,upper,screening_selected_transition,exodus,minor,transition_exact_shape,accent_words
P3_A2_C0,P3_A2_C0,23,0.08550186,0.05967169,1.4328713,16.114,3.81288344,1.805982,0.05588822,upper,screening_selected_transition,exodus,minor,transition_exact_shape,accent_words
P3_A3_C0,P1_A1_C0,74,0.0768432,0.06410825,1.19864754,61.918,6.72202702,1.797375,0.03592814,upper,screening_selected_transition,exodus,minor,transition_exact_shape,accent_words
P3_A2_C0,P1_A1_C0,24,0.08921933,0.06410825,1.39169807,17.49,3.9488082,1.648599,0.06786427,upper,screening_selected_transition,exodus,minor,transition_exact_shape,accent_words
P2_A2_C0,P3_A2_C0,56,0.07115629,0.05967169,1.19246303,46.55,6.23194788,1.51638,0.07185629,upper,screening_selected_transition,exodus,minor,transition_exact_shape,accent_words
P4_A4_C0,P1_A1_C0,38,0.07949791,0.06410825,1.24005733,30.55,5.01175972,1.486504,0.08782435,upper,screening_selected_transition,exodus,minor,transition_exact_shape,accent_words
P4_A4_C0,P4_A4_C0,58,0.12133891,0.10603372,1.14434271,50.25,6.10294945,1.269878,0.11177645,upper,screening_selected_transition,exodus,minor,transition_exact_shape,accent_words
P4_A3_C0,P3_A2_C0,32,0.07174888,0.05967169,1.20239385,26.666,4.75264339,1.122323,0.15768463,upper,screening_selected_transition,exodus,minor,transition_exact_shape,accent_words
P4_A3_C0,P1_A1_C0,34,0.07623318,0.06410825,1.18913216,28.934,4.98310211,1.016636,0.1756487,upper,screening_selected_transition,exodus,minor,transition_exact_shape,accent_words
P4_A4_C0,P5_A4_C0,37,0.07740586,0.06965395,1.11129174,32.988,5.31190066,0.755285,0.22754491,upper,screening_selected_transition,exodus,minor,transition_exact_shape,accent_words
P3_A3_C0,P6_A5_C0,30,0.03115265,0.02795031,1.11457252,26.618,4.74437501,0.712844,0.26147705,upper,screening_selected_transition,exodus,minor,transition_exact_shape,accent_words
P4_A3_C0,P5_A4_C0,34,0.07623318,0.06965395,1.09445603,30.76,4.78290208,0.677413,0.29341317,upper,screening_selected_transition,exodus,minor,transition_exact_shape,accent_words
P5_A5_C0,P4_A3_C0,22,0.11111111,0.09893523,1.12306926,19.724,3.88922565,0.585206,0.31337325,upper,screening_selected_transition,exodus,minor,transition_exact_shape,accent_words
P3_A3_C0,P4_A4_C0,106,0.11007269,0.10603372,1.03809139,102.268,8.58134342,0.434897,0.36327345,upper,screening_selected_transition,exodus,minor,transition_exact_shape,accent_words
P2_A2_C0,P5_A5_C0,37,0.04701398,0.04392192,1.07039903,34.75,5.35881833,0.419869,0.37125749,upper,screening_selected_transition,exodus,minor,transition_exact_shape,accent_words
P4_A4_C0,P4_A3_C0,47,0.09832636,0.09893523,0.99384581,46.972,6.42321815,0.004359,0.50299401,upper,screening_selected_transition,exodus,minor,transition_exact_shape,accent_words
P5_A5_C0,P3_A3_C0,42,0.21212121,0.21362023,0.99298279,42.574,5.58739312,-0.102731,0.58483034,upper,screening_selected_transition,exodus,minor,transition_exact_shape,accent_words
P3_A3_C0,P3_A3_C0,204,0.21183801,0.21362023,0.99165704,205.28,11.38335458,-0.112445,0.54291417,upper,screening_selected_transition,exodus,minor,transition_exact_shape,accent_words
P1_A1_C0,P4_A3_C0,28,0.09655172,0.09893523,0.97590846,28.846,5.06691536,-0.166965,0.60878244,upper,screening_selected_transition,exodus,minor,transition_exact_shape,accent_words
P3_A2_C0,P4_A4_C0,28,0.10408922,0.10603372,0.98166151,28.832,4.97607261,-0.1672,0.60279441,upper,screening_selected_transition,exodus,minor,transition_exact_shape,accent_words
P3_A2_C0,P4_A3_C0,26,0.09665428,0.09893523,0.976945,26.94,4.66904701,-0.201326,0.60279441,upper,screening_selected_transition,exodus,minor,transition_exact_shape,accent_words
P5_A5_C0,P2_A2_C0,33,0.16666667,0.17457853,0.95468022,34.292,5.22161532,-0.247433,0.63073852,upper,screening_selected_transition,exodus,minor,transition_exact_shape,accent_words
P5_A4_C0,P3_A3_C0,65,0.20700637,0.21362023,0.96903916,67.268,7.07759569,-0.320448,0.65269461,upper,screening_selected_transition,exodus,minor,transition_exact_shape,accent_words
P5_A4_C0,P2_A2_C0,51,0.16242038,0.17457853,0.93035716,54.782,6.22317699,-0.607728,0.75848303,upper,screening_selected_transition,exodus,minor,transition_exact_shape,accent_words
P2_A2_C0,P5_A4_C0,51,0.06480305,0.06965395,0.93035716,55.062,6.53847531,-0.621246,0.75449102,upper,screening_selected_transition,exodus,minor,transition_exact_shape,accent_words
P3_A2_C0,P2_A2_C0,42,0.15613383,0.17457853,0.89434727,46.382,6.37631483,-0.687231,0.76247505,upper,screening_selected_transition,exodus,minor,transition_exact_shape,accent_words
P4_A3_C0,P2_A2_C0,72,0.16143498,0.17457853,0.92471268,77.348,7.72724509,-0.692097,0.75449102,upper,screening_selected_transition,exodus,minor,transition_exact_shape,accent_words
P4_A3_C0,P4_A4_C0,43,0.09641256,0.10603372,0.90926319,47.62,6.23452794,-0.741034,0.80239521,upper,screening_selected_transition,exodus,minor,transition_exact_shape,accent_words
P3_A3_C0,P4_A3_C0,89,0.09241952,0.09893523,0.93414172,95.43,8.50775315,-0.755781,0.78443114,upper,screening_selected_transition,exodus,minor,transition_exact_shape,accent_words
P3_A2_C0,P3_A3_C0,52,0.19330855,0.21362023,0.90491687,57.094,6.50552132,-0.783027,0.81437126,upper,screening_selected_transition,exodus,minor,transition_exact_shape,accent_words
P4_A4_C0,P3_A3_C0,95,0.19874477,0.21362023,0.93036492,102.718,9.05795612,-0.852069,0.80638723,upper,screening_selected_transition,exodus,minor,transition_exact_shape,accent_words
P3_A3_C0,P3_A2_C0,51,0.0529595,0.05967169,0.88751462,57.448,6.60867954,-0.975687,0.85628743,upper,screening_selected_transition,exodus,minor,transition_exact_shape,accent_words
P2_A2_C0,P4_A4_C0,75,0.0952986,0.10603372,0.89875753,83.262,7.62585492,-1.08342,0.86826347,upper,screening_selected_transition,exodus,minor,transition_exact_shape,accent_words
P4_A4_C0,P2_A2_C0,75,0.15690377,0.17457853,0.89875753,84.342,8.05921447,-1.15917,0.90818363,upper,screening_selected_transition,exodus,minor,transition_exact_shape,accent_words
P1_A1_C0,P2_A2_C0,43,0.14827586,0.17457853,0.8493362,50.604,5.88050548,-1.293086,0.91816367,upper,screening_selected_transition,exodus,minor,transition_exact_shape,accent_words
P2_A2_C0,P4_A3_C0,67,0.08513342,0.09893523,0.86049652,77.256,7.6361696,-1.343082,0.9261477,upper,screening_selected_transition,exodus,minor,transition_exact_shape,accent_words
P3_A3_C0,P5_A5_C0,32,0.03322949,0.04392192,0.75655831,42.494,5.46605154,-1.91985,0.98403194,upper,screening_selected_transition,exodus,minor,transition_exact_shape,accent_words
P4_A3_C0,P3_A3_C0,78,0.17488789,0.21362023,0.818686,94.832,8.53683378,-1.971691,0.98403194,upper,screening_selected_transition,exodus,minor,transition_exact_shape,accent_words
P5_A4_C0,P4_A4_C0,22,0.07006369,0.10603372,0.66076806,33.13,5.4214282,-2.052965,0.99001996,upper,screening_selected_transition,exodus,minor,transition_exact_shape,accent_words
P2_A2_C0,P1_A1_C0,37,0.04701398,0.06410825,0.73335297,50.342,6.38235889,-2.09045,0.98602794,upper,screening_selected_transition,exodus,minor,transition_exact_shape,accent_words
P3_A3_C0,P5_A4_C0,51,0.0529595,0.06965395,0.76032304,67.508,7.05361205,-2.340361,0.99600798,upper,screening_selected_transition,exodus,minor,transition_exact_shape,accent_words
P<=4_A4_C0,P5-6_A5_C0,15,0.12096774,0.05023414,2.40807818,6.236,2.41577647,3.627819,0.00399202,upper,screening_selected_transition,exodus,major,transition_bucket_shape,accent_words
P<=4_A2_C0,P13-15_A8+_C2,9,0.06293706,0.02171137,2.89880708,2.998,1.66358981,3.607861,0.00199601,upper,screening_selected_transition,exodus,major,transition_bucket_shape,accent_words
P5-6_A5_C1,P7-9_A8+_C2,12,0.08108108,0.03533418,2.29469228,5.148,2.13429295,3.210431,0.00798403,upper,screening_selected_transition,exodus,major,transition_bucket_shape,accent_words
P<=4_A4_C0,P5-6_A6-7_C1,10,0.08064516,0.03192848,2.52580645,4.02,1.91178184,3.127972,0.00399202,upper,screening_selected_transition,exodus,major,transition_bucket_shape,accent_words
P7-9_A6-7_C0,P<=4_A2_C0,10,0.12987013,0.06087697,2.13332122,4.69,2.04505856,2.596503,0.00998004,upper,screening_selected_transition,exodus,major,transition_bucket_shape,accent_words
P5-6_A5_C1,P7-9_A6-7_C2,10,0.06756757,0.03235419,2.08837127,4.894,2.21462709,2.30558,0.04191617,upper,screening_selected_transition,exodus,major,transition_bucket_shape,accent_words
P10-12_A8+_C3,P<=4_A3_C0,11,0.2,0.10344828,1.93333333,5.69,2.33082937,2.278159,0.03393214,upper,screening_selected_transition,exodus,major,transition_bucket_shape,accent_words
P10-12_A8+_C2,P<=4_A3_C0,20,0.15267176,0.10344828,1.47582697,13.518,3.42126967,1.894618,0.03193613,upper,screening_selected_transition,exodus,major,transition_bucket_shape,accent_words
P5-6_A6-7_C1,P<=4_A3_C0,12,0.16,0.10344828,1.54666667,7.478,2.54370928,1.777719,0.06387226,upper,screening_selected_transition,exodus,major,transition_bucket_shape,accent_words
P<=4_A2_C0,P7-9_A6-7_C1,20,0.13986014,0.10259685,1.36320111,14.748,3.45664473,1.519392,0.09381238,upper,screening_selected_transition,exodus,major,transition_bucket_shape,accent_words
P<=4_A2_C0,P<=4_A3_C0,19,0.13286713,0.10344828,1.28438228,14.694,3.42693036,1.256518,0.14770459,upper,screening_selected_transition,exodus,major,transition_bucket_shape,accent_words
P7-9_A6-7_C1,P5-6_A5_C1,19,0.07883817,0.06300553,1.25128967,15.092,3.45940326,1.129675,0.17165669,upper,screening_selected_transition,exodus,major,transition_bucket_shape,accent_words
P7-9_A6-7_C1,P<=4_A3_C0,30,0.12448133,0.10344828,1.2033195,25.046,4.63971312,1.067738,0.15369261,upper,screening_selected_transition,exodus,major,transition_bucket_shape,accent_words
P5-6_A5_C0,P5-6_A5_C1,10,0.08474576,0.06300553,1.34505268,7.302,2.61082915,1.033388,0.19161677,upper,screening_selected_transition,exodus,major,transition_bucket_shape,accent_words
P7-9_A6-7_C1,P7-9_A8+_C1,10,0.04149378,0.03107705,1.33519013,7.35,2.60019654,1.019154,0.18962076,upper,screening_selected_transition,exodus,major,transition_bucket_shape,accent_words
P5-6_A4_C0,P<=4_A3_C0,19,0.12751678,0.10344828,1.23266219,15.436,3.7128796,0.959902,0.19760479,upper,screening_selected_transition,exodus,major,transition_bucket_shape,accent_words
P5-6_A5_C1,P5-6_A4_C0,12,0.08108108,0.06385696,1.26972973,9.406,3.08937737,0.839651,0.25349301,upper,screening_selected_transition,exodus,major,transition_bucket_shape,accent_words
P7-9_A6-7_C0,P7-9_A6-7_C1,10,0.12987013,0.10259685,1.26582961,7.9,2.58211825,0.813286,0.26546906,upper,screening_selected_transition,exodus,major,transition_bucket_shape,accent_words
P<=4_A3_C0,P10-12_A8+_C1,11,0.04526749,0.03703704,1.22222222,8.846,2.6916117,0.800264,0.26147705,upper,screening_selected_transition,exodus,major,transition_bucket_shape,accent_words
P<=4_A4_C0,P5-6_A4_C0,10,0.08064516,0.06385696,1.26290323,7.83,2.77064124,0.783212,0.25149701,upper,screening_selected_transition,exodus,major,transition_bucket_shape,accent_words
P<=4_A4_C1,P<=4_A3_C0,9,0.13235294,0.10344828,1.27941176,7.234,2.35591695,0.749602,0.27345309,upper,screening_selected_transition,exodus,major,transition_bucket_shape,accent_words
P<=4_A4_C0,P7-9_A6-7_C1,15,0.12096774,0.10259685,1.17905903,12.846,3.09991984,0.694857,0.30339321,upper,screening_selected_transition,exodus,major,transition_bucket_shape,accent_words
P<=4_A4_C0,P<=4_A2_C0,9,0.07258065,0.06087697,1.1922513,7.384,2.55844392,0.631634,0.32335329,upper,screening_selected_transition,exodus,major,transition_bucket_shape,accent_words
P<=4_A3_C0,P<=4_A2_C0,17,0.06995885,0.06087697,1.14918415,14.758,3.70552261,0.605043,0.30139721,upper,screening_selected_transition,exodus,major,transition_bucket_shape,accent_words
P10-12_A8+_C2,P7-9_A6-7_C1,15,0.11450382,0.10259685,1.11605587,13.136,3.18776217,0.584736,0.31536926,upper,screening_selected_transition,exodus,major,transition_bucket_shape,accent_words
P<=4_A2_C0,P<=4_A4_C0,9,0.06293706,0.05278842,1.1922513,7.752,2.5713264,0.485353,0.37724551,upper,screening_selected_transition,exodus,major,transition_bucket_shape,accent_words
P7-9_A6-7_C2,P7-9_A6-7_C1,9,0.11842105,0.10259685,1.15423673,7.808,2.49069129,0.478582,0.37924152,upper,screening_selected_transition,exodus,major,transition_bucket_shape,accent_words
P7-9_A6-7_C1,P<=4_A4_C0,14,0.05809129,0.05278842,1.10045509,12.686,3.18806077,0.412163,0.39720559,upper,screening_selected_transition,exodus,major,transition_bucket_shape,accent_words
P5-6_A4_C0,P<=4_A2_C0,10,0.06711409,0.06087697,1.10245459,9.046,2.88522669,0.33065,0.41516966,upper,screening_selected_transition,exodus,major,transition_bucket_shape,accent_words
P5-6_A5_C0,P7-9_A6-7_C1,13,0.11016949,0.10259685,1.07380969,12.2,3.38569429,0.236288,0.45508982,upper,screening_selected_transition,exodus,major,transition_bucket_shape,accent_words
P7-9_A6-7_C1,P5-6_A5_C0,13,0.05394191,0.05023414,1.07380969,12.248,3.28085721,0.229208,0.48502994,upper,screening_selected_transition,exodus,major,transition_bucket_shape,accent_words
P10-12_A8+_C2,P5-6_A4_C0,9,0.06870229,0.06385696,1.07587786,8.506,2.76065326,0.178943,0.49301397,upper,screening_selected_transition,exodus,major,transition_bucket_shape,accent_words
P7-9_A8+_C2,P<=4_A3_C0,9,0.10843373,0.10344828,1.04819277,8.64,2.70203664,0.133233,0.49301397,upper,screening_selected_transition,exodus,major,transition_bucket_shape,accent_words
P<=4_A3_C0,P7-9_A8+_C2,9,0.03703704,0.03533418,1.04819277,8.774,2.63073479,0.085908,0.51696607,upper,screening_selected_transition,exodus,major,transition_bucket_shape,accent_words
P<=4_A3_C0,P<=4_A4_C0,13,0.05349794,0.05278842,1.01344086,12.866,3.50379754,0.038244,0.51297405,upper,screening_selected_transition,exodus,major,transition_bucket_shape,accent_words
P<=4_A3_C0,P7-9_A6-7_C1,25,0.10288066,0.10259685,1.00276625,24.872,4.47612415,0.028596,0.51497006,upper,screening_selected_transition,exodus,major,transition_bucket_shape,accent_words
P5-6_A5_C1,P<=4_A3_C0,15,0.10135135,0.10344828,0.97972973,15.332,3.42011262,-0.097073,0.59680639,upper,screening_selected_transition,exodus,major,transition_bucket_shape,accent_words
P7-9_A6-7_C1,P5-6_A4_C0,15,0.06224066,0.06385696,0.9746888,15.36,3.56985823,-0.100844,0.58283433,upper,screening_selected_transition,exodus,major,transition_bucket_shape,accent_words
P5-6_A4_C0,P5-6_A5_C1,9,0.06040268,0.06300553,0.95868855,9.482,2.7240626,-0.176942,0.60479042,upper,screening_selected_transition,exodus,major,transition_bucket_shape,accent_words
P<=4_A3_C0,P10-12_A8+_C2,13,0.05349794,0.05576841,0.95928753,13.612,3.36215171,-0.182026,0.6247505,upper,screening_selected_transition,exodus,major,transition_bucket_shape,accent_words
P5-6_A4_C0,P5-6_A4_C0,9,0.06040268,0.06385696,0.94590604,9.604,2.76957128,-0.218084,0.64870259,upper,screening_selected_transition,exodus,major,transition_bucket_shape,accent_words
P<=4_A3_C0,P5-6_A5_C1,13,0.05349794,0.06300553,0.8490991,15.242,3.47902907,-0.644433,0.78043912,upper,screening_selected_transition,exodus,major,transition_bucket_shape,accent_words
P5-6_A4_C0,P7-9_A6-7_C1,13,0.08724832,0.10259685,0.85039962,15.382,3.68989249,-0.645547,0.78443114,upper,screening_selected_transition,exodus,major,transition_bucket_shape,accent_words
P5-6_A5_C0,P<=4_A3_C0,10,0.08474576,0.10344828,0.81920904,12.324,3.29191394,-0.705972,0.80439122,upper,screening_selected_transition,exodus,major,transition_bucket_shape,accent_words
P7-9_A6-7_C1,P7-9_A6-7_C1,21,0.08713693,0.10259685,0.84931389,24.74,4.2601288,-0.877908,0.84031936,upper,screening_selected_transition,exodus,major,transition_bucket_shape,accent_words
P<=4_A3_C0,P5-6_A5_C0,9,0.03703704,0.05023414,0.73728814,12.256,3.25448111,-1.000467,0.8742515,upper,screening_selected_transition,exodus,major,transition_bucket_shape,accent_words
P5-6_A5_C1,P7-9_A6-7_C1,11,0.07432432,0.10259685,0.72443086,14.988,3.50834333,-1.136719,0.90818363,upper,screening_selected_transition,exodus,major,transition_bucket_shape,accent_words
P<=4_A3_C0,P5-6_A4_C0,11,0.04526749,0.06385696,0.70888889,15.656,3.68412942,-1.263799,0.91616766,upper,screening_selected_transition,exodus,major,transition_bucket_shape,accent_words
P7-9_A6-7_C1,P<=4_A2_C0,10,0.04149378,0.06087697,0.68160056,14.874,3.64151689,-1.338453,0.93413174,upper,screening_selected_transition,exodus,major,transition_bucket_shape,accent_words
P<=4_A3_C0,P<=4_A3_C0,17,0.06995885,0.10344828,0.67626886,24.93,4.54735714,-1.74387,0.9760479,upper,screening_selected_transition,exodus,major,transition_bucket_shape,accent_words
P7_A7_C0,P2_A2_C0,5,0.38461538,0.0391656,9.82023411,0.498,0.66849815,6.734499,0.00199601,upper,screening_selected_transition,exodus,major,transition_exact_shape,accent_words
P4_A3_C0,P7_A5_C1,6,0.06976744,0.00936569,7.44926004,0.7,0.80951258,6.54715,0.00199601,upper,screening_selected_transition,exodus,major,transition_exact_shape,accent_words
P3_A3_C0,P6_A6_C0,6,0.03821656,0.0097914,3.90307394,1.564,1.20698701,3.675267,0.00399202,upper,screening_selected_transition,exodus,major,transition_exact_shape,accent_words
P4_A4_C0,P5_A5_C0,10,0.08064516,0.03107705,2.59500663,3.84,1.8861376,3.265934,0.00399202,upper,screening_selected_transition,exodus,major,transition_exact_shape,accent_words
P4_A4_C0,P6_A6_C1,10,0.08064516,0.03192848,2.52580645,4.02,1.91178184,3.127972,0.00399202,upper,screening_selected_transition,exodus,major,transition_exact_shape,accent_words
P5_A5_C1,P6_A6_C1,8,0.07920792,0.03192848,2.48079208,3.33,1.75249607,2.664771,0.01596806,upper,screening_selected_transition,exodus,major,transition_exact_shape,accent_words
P5_A5_C0,P5_A5_C0,6,0.08219178,0.03107705,2.64477388,2.286,1.484794,2.501357,0.03792415,upper,screening_selected_transition,exodus,major,transition_exact_shape,accent_words
P5_A4_C0,P3_A3_C0,14,0.11570248,0.06683695,1.73111544,8.138,2.76373524,2.121043,0.03792415,upper,screening_selected_transition,exodus,major,transition_exact_shape,accent_words
P7_A7_C1,P4_A4_C0,6,0.11111111,0.05278842,2.10483871,2.774,1.55168923,2.079025,0.04590818,upper,screening_selected_transition,exodus,major,transition_exact_shape,accent_words
P5_A5_C0,P4_A3_C0,6,0.08219178,0.03661132,2.24498248,2.706,1.6772568,1.963921,0.07185629,upper,screening_selected_transition,exodus,major,transition_exact_shape,accent_words
P6_A6_C1,P3_A3_C0,9,0.12,0.06683695,1.79541401,4.824,2.20607287,1.892957,0.05389222,upper,screening_selected_transition,exodus,major,transition_exact_shape,accent_words
P4_A4_C0,P6_A5_C0,5,0.04032258,0.01915709,2.10483871,2.396,1.48714734,1.751003,0.09780439,upper,screening_selected_transition,exodus,major,transition_exact_shape,accent_words
P6_A6_C1,P4_A4_C0,7,0.09333333,0.05278842,1.76806452,3.864,1.86452592,1.681929,0.08582834,upper,screening_selected_transition,exodus,major,transition_exact_shape,accent_words
P3_A3_C0,P2_A2_C0,10,0.06369427,0.0391656,1.62628081,6.232,2.26460435,1.663867,0.08183633,upper,screening_selected_transition,exodus,major,transition_exact_shape,accent_words
P6_A6_C1,P6_A6_C1,5,0.06666667,0.03192848,2.088,2.466,1.53282194,1.65316,0.0998004,upper,screening_selected_transition,exodus,major,transition_exact_shape,accent_words
P4_A4_C0,P6_A5_C1,5,0.04032258,0.02000851,2.01527111,2.508,1.5513702,1.606322,0.10778443,upper,screening_selected_transition,exodus,major,transition_exact_shape,accent_words
P2_A2_C0,P3_A3_C0,10,0.10869565,0.06683695,1.62628081,6.142,2.41775248,1.595697,0.07984032,upper,screening_selected_transition,exodus,major,transition_exact_shape,accent_words
P7_A6_C1,P3_A3_C0,8,0.11428571,0.06683695,1.70991811,4.788,2.17727745,1.475237,0.10978044,upper,screening_selected_transition,exodus,major,transition_exact_shape,accent_words
P8_A7_C1,P4_A4_C0,5,0.09433962,0.05278842,1.78712721,2.802,1.5321524,1.434583,0.13572854,upper,screening_selected_transition,exodus,major,transition_exact_shape,accent_words
P4_A4_C0,P8_A7_C1,5,0.04032258,0.02256279,1.78712721,2.834,1.5346512,1.411396,0.14570858,upper,screening_selected_transition,exodus,major,transition_exact_shape,accent_words
P4_A4_C0,P7_A7_C1,5,0.04032258,0.02298851,1.75403226,2.854,1.58293885,1.355706,0.15968064,upper,screening_selected_transition,exodus,major,transition_exact_shape,accent_words
P8_A7_C1,P5_A4_C0,5,0.09433962,0.05151128,1.83143615,2.87,1.5893874,1.340139,0.15568862,upper,screening_selected_transition,exodus,major,transition_exact_shape,accent_words
P2_A2_C0,P7_A6_C1,5,0.05434783,0.02979991,1.82375776,2.842,1.68365834,1.281733,0.17365269,upper,screening_selected_transition,exodus,major,transition_exact_shape,accent_words
P5_A4_C0,P5_A4_C0,9,0.07438017,0.05151128,1.44395875,6.204,2.32490739,1.202629,0.15369261,upper,screening_selected_transition,exodus,major,transition_exact_shape,accent_words
P5_A5_C1,P4_A3_C0,6,0.05940594,0.03661132,1.6226111,3.666,1.94782752,1.198258,0.16966068,upper,screening_selected_transition,exodus,major,transition_exact_shape,accent_words
P5_A5_C1,P4_A4_C1,5,0.04950495,0.02894849,1.71010483,2.94,1.75458175,1.174069,0.18762475,upper,screening_selected_transition,exodus,major,transition_exact_shape,accent_words
P5_A4_C0,P2_A2_C0,7,0.05785124,0.0391656,1.47709307,4.574,2.0979339,1.156376,0.16966068,upper,screening_selected_transition,exodus,major,transition_exact_shape,accent_words
P7_A6_C1,P5_A5_C1,5,0.07142857,0.04299702,1.6612447,2.998,1.74243167,1.148969,0.19760479,upper,screening_selected_transition,exodus,major,transition_exact_shape,accent_words
P2_A2_C0,P4_A3_C0,5,0.05434783,0.03661132,1.48445399,3.22,1.59395149,1.116722,0.17964072,upper,screening_selected_transition,exodus,major,transition_exact_shape,accent_words
P4_A4_C1,P3_A3_C0,7,0.10294118,0.06683695,1.54018359,4.794,2.05133614,1.075397,0.21357285,upper,screening_selected_transition,exodus,major,transition_exact_shape,accent_words
P6_A5_C1,P3_A3_C0,5,0.10638298,0.06683695,1.59167909,3.122,1.76446669,1.064344,0.21357285,upper,screening_selected_transition,exodus,major,transition_exact_shape,accent_words
P4_A4_C0,P5_A4_C0,9,0.07258065,0.05151128,1.40902426,6.354,2.52218295,1.049091,0.18163673,upper,screening_selected_transition,exodus,major,transition_exact_shape,accent_words
P7_A7_C1,P3_A3_C0,5,0.09259259,0.06683695,1.38535032,3.534,1.74210041,0.841513,0.26347305,upper,screening_selected_transition,exodus,major,transition_exact_shape,accent_words
P8_A7_C1,P3_A3_C0,5,0.09433962,0.06683695,1.411489,3.52,1.83857573,0.804971,0.2754491,upper,screening_selected_transition,exodus,major,transition_exact_shape,accent_words
P4_A4_C0,P4_A4_C1,5,0.04032258,0.02894849,1.39290797,3.502,1.86143113,0.804757,0.28942116,upper,screening_selected_transition,exodus,major,transition_exact_shape,accent_words
P5_A5_C1,P4_A4_C0,7,0.06930693,0.05278842,1.3129192,5.414,2.00964707,0.789193,0.27944112,upper,screening_selected_transition,exodus,major,transition_exact_shape,accent_words
P3_A3_C0,P7_A7_C1,5,0.03184713,0.02298851,1.38535032,3.592,1.80222975,0.781254,0.27744511,upper,screening_selected_transition,exodus,major,transition_exact_shape,accent_words
P6_A6_C1,P5_A4_C0,5,0.06666667,0.05151128,1.29421488,3.792,1.81530346,0.665453,0.31736527,upper,screening_selected_transition,exodus,major,transition_exact_shape,accent_words
P3_A3_C0,P7_A6_C1,6,0.03821656,0.02979991,1.28243858,4.716,1.9408446,0.661568,0.33133733,upper,screening_selected_transition,exodus,major,transition_exact_shape,accent_words
P2_A2_C0,P5_A4_C0,6,0.06521739,0.05151128,1.26607977,4.686,1.99382916,0.659033,0.34131737,upper,screening_selected_transition,exodus,major,transition_exact_shape,accent_words
P5_A5_C0,P5_A4_C0,5,0.06849315,0.05151128,1.32967282,3.808,1.89163754,0.630142,0.31736527,upper,screening_selected_transition,exodus,major,transition_exact_shape,accent_words
P2_A2_C0,P4_A4_C0,6,0.06521739,0.05278842,1.23544881,5.02,2.13839788,0.458287,0.4011976,upper,screening_selected_transition,exodus,major,transition_exact_shape,accent_words
P5_A5_C1,P5_A4_C0,6,0.05940594,0.05151128,1.15326078,5.274,2.37364538,0.305859,0.43912176,upper,screening_selected_transition,exodus,major,transition_exact_shape,accent_words
P4_A3_C0,P5_A4_C0,5,0.05813953,0.05151128,1.12867576,4.392,1.99757769,0.304369,0.43912176,upper,screening_selected_transition,exodus,major,transition_exact_shape,accent_words
P4_A4_C0,P4_A3_C0,5,0.04032258,0.03661132,1.10136909,4.454,2.01891953,0.270442,0.44710579,upper,screening_selected_transition,exodus,major,transition_exact_shape,accent_words
P3_A3_C0,P4_A4_C0,9,0.05732484,0.05278842,1.08593589,8.26,2.83486736,0.261035,0.4491018,upper,screening_selected_transition,exodus,major,transition_exact_shape,accent_words
P4_A4_C0,P2_A2_C0,5,0.04032258,0.0391656,1.02954067,4.78,2.05622375,0.106992,0.51696607,upper,screening_selected_transition,exodus,major,transition_exact_shape,accent_words
P3_A3_C0,P5_A5_C1,7,0.04458599,0.04299702,1.03695529,6.796,2.39203421,0.085283,0.5249501,upper,screening_selected_transition,exodus,major,transition_exact_shape,accent_words
P4_A4_C0,P4_A4_C0,6,0.0483871,0.05278842,0.91662331,6.588,2.54936355,-0.230646,0.65668663,upper,screening_selected_transition,exodus,major,transition_exact_shape,accent_words
P3_A3_C0,P3_A3_C0,7,0.04458599,0.06683695,0.66708589,10.334,3.04515845,-1.094853,0.90219561,upper,screening_selected_transition,exodus,major,transition_exact_shape,accent_words
P10-12_A8+_C1,P13-15_A8+_C4+,8,0.05970149,0.01245847,4.7920398,1.692,1.29169383,4.88351,0.00199601,upper,screening_selected_transition,exodus,verse,transition_bucket_shape,accent_words
P25+_A8+_C4+,P13-15_A8+_C2,6,0.24,0.08305648,2.8896,2.096,1.3617977,2.866799,0.01397206,upper,screening_selected_transition,exodus,verse,transition_bucket_shape,accent_words
P16-18_A8+_C4+,P16-18_A8+_C2,5,0.14285714,0.04983389,2.86666667,1.754,1.23796167,2.622052,0.0239521,upper,screening_selected_transition,exodus,verse,transition_bucket_shape,accent_words
P7-9_A8+_C1,P13-15_A8+_C3,5,0.12820513,0.04983389,2.57264957,1.962,1.35211406,2.246852,0.05189621,upper,screening_selected_transition,exodus,verse,transition_bucket_shape,accent_words
P19-24_A8+_C2,P13-15_A8+_C1,7,0.13461538,0.06312292,2.13259109,3.228,1.73955975,2.168365,0.04391218,upper,screening_selected_transition,exodus,verse,transition_bucket_shape,accent_words
P10-12_A8+_C0,P13-15_A8+_C3,5,0.12195122,0.04983389,2.44715447,2.04,1.36606452,2.166808,0.05389222,upper,screening_selected_transition,exodus,verse,transition_bucket_shape,accent_words
P13-15_A8+_C2,P13-15_A8+_C1,11,0.11,0.06312292,1.74263158,6.252,2.30545576,2.059463,0.04391218,upper,screening_selected_transition,exodus,verse,transition_bucket_shape,accent_words
P10-12_A8+_C1,P16-18_A8+_C3,11,0.08208955,0.04568106,1.79701493,6.178,2.34292437,2.058112,0.04590818,upper,screening_selected_transition,exodus,verse,transition_bucket_shape,accent_words
P7-9_A6-7_C1,P13-15_A8+_C2,6,0.17142857,0.08305648,2.064,2.92,1.6046026,1.919478,0.07185629,upper,screening_selected_transition,exodus,verse,transition_bucket_shape,accent_words
P19-24_A8+_C3,P19-24_A8+_C4+,7,0.109375,0.05398671,2.02596154,3.478,1.84290765,1.91111,0.05788423,upper,screening_selected_transition,exodus,verse,transition_bucket_shape,accent_words
P13-15_A8+_C3,P13-15_A8+_C3,6,0.1,0.04983389,2.00666667,2.958,1.67626242,1.814752,0.07784431,upper,screening_selected_transition,exodus,verse,transition_bucket_shape,accent_words
P10-12_A8+_C1,P10-12_A8+_C0,8,0.05970149,0.03405316,1.75318529,4.496,2.03820818,1.719157,0.09181637,upper,screening_selected_transition,exodus,verse,transition_bucket_shape,accent_words
P19-24_A8+_C4+,P19-24_A8+_C4+,6,0.09230769,0.05398671,1.70982249,3.266,1.6543027,1.65266,0.10179641,upper,screening_selected_transition,exodus,verse,transition_bucket_shape,accent_words
P16-18_A8+_C2,P10-12_A8+_C2,6,0.10169492,0.05398671,1.88370274,3.31,1.72157708,1.562521,0.10578842,upper,screening_selected_transition,exodus,verse,transition_bucket_shape,accent_words
P10-12_A8+_C2,P19-24_A8+_C2,5,0.07692308,0.04318937,1.78106509,2.704,1.47809117,1.553355,0.10379242,upper,screening_selected_transition,exodus,verse,transition_bucket_shape,accent_words
P10-12_A8+_C1,P16-18_A8+_C1,8,0.05970149,0.03571429,1.67164179,4.866,2.09972896,1.492574,0.1237525,upper,screening_selected_transition,exodus,verse,transition_bucket_shape,accent_words
P19-24_A8+_C2,P19-24_A8+_C3,5,0.09615385,0.05315615,1.80889423,2.798,1.52244266,1.44636,0.12774451,upper,screening_selected_transition,exodus,verse,transition_bucket_shape,accent_words
P19-24_A8+_C4+,P7-9_A6-7_C0,5,0.07692308,0.04318937,1.78106509,2.722,1.70720388,1.334346,0.16167665,upper,screening_selected_transition,exodus,verse,transition_bucket_shape,accent_words
P10-12_A8+_C1,P19-24_A8+_C4+,10,0.07462687,0.05398671,1.38231917,7.094,2.47900281,1.172246,0.17165669,upper,screening_selected_transition,exodus,verse,transition_bucket_shape,accent_words
P10-12_A8+_C1,P7-9_A6-7_C1,6,0.04477612,0.02906977,1.54029851,3.794,1.8970402,1.162864,0.18762475,upper,screening_selected_transition,exodus,verse,transition_bucket_shape,accent_words
P19-24_A8+_C3,P10-12_A8+_C1,10,0.15625,0.11129568,1.40391791,7.216,2.43417222,1.143715,0.15968064,upper,screening_selected_transition,exodus,verse,transition_bucket_shape,accent_words
P13-15_A8+_C2,P13-15_A8+_C2,11,0.11,0.08305648,1.3244,7.964,2.68423438,1.131049,0.1756487,upper,screening_selected_transition,exodus,verse,transition_bucket_shape,accent_words
P13-15_A8+_C1,P13-15_A8+_C3,6,0.07894737,0.04983389,1.58421053,3.896,1.93718594,1.086112,0.18562874,upper,screening_selected_transition,exodus,verse,transition_bucket_shape,accent_words
P13-15_A8+_C3,P19-24_A8+_C4+,5,0.08333333,0.05398671,1.54358974,3.254,1.62442652,1.074841,0.21357285,upper,screening_selected_transition,exodus,verse,transition_bucket_shape,accent_words
P7-9_A6-7_C0,P10-12_A8+_C1,8,0.15384615,0.11129568,1.38231917,5.758,2.1579503,1.038949,0.22754491,upper,screening_selected_transition,exodus,verse,transition_bucket_shape,accent_words
P13-15_A8+_C1,P7-9_A6-7_C0,5,0.06578947,0.04318937,1.52327935,3.19,1.79453077,1.00862,0.21556886,upper,screening_selected_transition,exodus,verse,transition_bucket_shape,accent_words
P13-15_A8+_C2,P10-12_A8+_C1,14,0.14,0.11129568,1.25791045,11.216,2.81018474,0.990682,0.20159681,upper,screening_selected_transition,exodus,verse,transition_bucket_shape,accent_words
P10-12_A8+_C1,P16-18_A8+_C2,9,0.06716418,0.04983389,1.34776119,6.726,2.35159179,0.967005,0.21956088,upper,screening_selected_transition,exodus,verse,transition_bucket_shape,accent_words
P10-12_A8+_C2,P13-15_A8+_C3,5,0.07692308,0.04983389,1.54358974,3.384,1.67515859,0.964685,0.24151697,upper,screening_selected_transition,exodus,verse,transition_bucket_shape,accent_words
P7-9_A8+_C1,P10-12_A8+_C1,6,0.15384615,0.11129568,1.38231917,4.268,1.86846416,0.926965,0.24750499,upper,screening_selected_transition,exodus,verse,transition_bucket_shape,accent_words
P10-12_A8+_C2,P13-15_A8+_C2,7,0.10769231,0.08305648,1.29661538,5.422,2.04162986,0.772912,0.30938124,upper,screening_selected_transition,exodus,verse,transition_bucket_shape,accent_words
P13-15_A8+_C2,P10-12_A8+_C2,7,0.07,0.05398671,1.29661538,5.356,2.20703557,0.744891,0.28343313,upper,screening_selected_transition,exodus,verse,transition_bucket_shape,accent_words
P16-18_A8+_C3,P13-15_A8+_C2,6,0.10909091,0.08305648,1.31345455,4.658,1.97910832,0.678083,0.31137725,upper,screening_selected_transition,exodus,verse,transition_bucket_shape,accent_words
P16-18_A8+_C2,P13-15_A8+_C1,5,0.08474576,0.06312292,1.34255129,3.824,1.79763372,0.654193,0.33532934,upper,screening_selected_transition,exodus,verse,transition_bucket_shape,accent_words
P19-24_A8+_C4+,P13-15_A8+_C1,5,0.07692308,0.06312292,1.21862348,4.132,1.93651134,0.448229,0.41916168,upper,screening_selected_transition,exodus,verse,transition_bucket_shape,accent_words
P16-18_A8+_C3,P10-12_A8+_C1,7,0.12727273,0.11129568,1.14355495,6.068,2.24174638,0.415747,0.41916168,upper,screening_selected_transition,exodus,verse,transition_bucket_shape,accent_words
P13-15_A8+_C2,P19-24_A8+_C4+,6,0.06,0.05398671,1.11138462,5.282,2.27438379,0.31569,0.42115768,upper,screening_selected_transition,exodus,verse,transition_bucket_shape,accent_words
P10-12_A8+_C0,P10-12_A8+_C1,5,0.12195122,0.11129568,1.09574081,4.552,1.98271489,0.225953,0.45708583,upper,screening_selected_transition,exodus,verse,transition_bucket_shape,accent_words
P13-15_A8+_C1,P10-12_A8+_C1,9,0.11842105,0.11129568,1.064022,8.458,2.73700903,0.198026,0.46107784,upper,screening_selected_transition,exodus,verse,transition_bucket_shape,accent_words
P13-15_A8+_C2,P16-18_A8+_C3,5,0.05,0.04568106,1.09454545,4.596,2.08073133,0.194163,0.46706587,upper,screening_selected_transition,exodus,verse,transition_bucket_shape,accent_words
P16-18_A8+_C2,P10-12_A8+_C1,7,0.11864407,0.11129568,1.0660258,6.792,2.45454386,0.084741,0.51696607,upper,screening_selected_transition,exodus,verse,transition_bucket_shape,accent_words
P13-15_A8+_C3,P13-15_A8+_C2,5,0.08333333,0.08305648,1.00333333,4.884,1.98858063,0.058333,0.55289421,upper,screening_selected_transition,exodus,verse,transition_bucket_shape,accent_words
P13-15_A8+_C2,P13-15_A8+_C3,5,0.05,0.04983389,1.00333333,4.91,1.96306068,0.045847,0.55688623,upper,screening_selected_transition,exodus,verse,transition_bucket_shape,accent_words
P13-15_A8+_C1,P13-15_A8+_C2,6,0.07894737,0.08305648,0.95052632,6.268,2.33732801,-0.114661,0.61876248,upper,screening_selected_transition,exodus,verse,transition_bucket_shape,accent_words
P10-12_A8+_C1,P10-12_A8+_C2,7,0.05223881,0.05398671,0.96762342,7.276,2.34751905,-0.117571,0.63073852,upper,screening_selected_transition,exodus,verse,transition_bucket_shape,accent_words
P10-12_A8+_C1,P13-15_A8+_C2,11,0.08208955,0.08305648,0.98835821,11.414,3.00343891,-0.137842,0.60279441,upper,screening_selected_transition,exodus,verse,transition_bucket_shape,accent_words
P13-15_A8+_C3,P10-12_A8+_C1,6,0.1,0.11129568,0.89850746,6.59,2.41112568,-0.244699,0.67265469,upper,screening_selected_transition,exodus,verse,transition_bucket_shape,accent_words
P10-12_A8+_C2,P10-12_A8+_C1,6,0.09230769,0.11129568,0.8293915,7.108,2.50936842,-0.441545,0.72854291,upper,screening_selected_transition,exodus,verse,transition_bucket_shape,accent_words
P10-12_A8+_C1,P10-12_A8+_C1,13,0.09701493,0.11129568,0.87168634,14.73,3.23388559,-0.53496,0.750499,upper,screening_selected_transition,exodus,verse,transition_bucket_shape,accent_words
P10-12_A8+_C1,P13-15_A8+_C1,7,0.05223881,0.06312292,0.82757266,8.416,2.60086004,-0.544435,0.76646707,upper,screening_selected_transition,exodus,verse,transition_bucket_shape,accent_words
P<=4_A0-1_C0,P5-6_A5_C0,27,0.15340909,0.08449789,1.81553759,14.832,3.52599508,3.450941,0.00199601,upper,screening_selected_transition,leviticus,minor,transition_bucket_shape,accent_words
P<=4_A2_C0,P<=4_A2_C0,213,0.28629032,0.24179396,1.18402597,180.354,10.29975018,3.169591,0.00199601,upper,screening_selected_transition,leviticus,minor,transition_bucket_shape,accent_words
P5-6_A4_C0,P5-6_A4_C0,34,0.12363636,0.08937277,1.38337851,24.218,4.48538888,2.180859,0.01596806,upper,screening_selected_transition,leviticus,minor,transition_bucket_shape,accent_words
P5-6_A4_C0,P7-9_A6-7_C0,18,0.06545455,0.04322392,1.51431306,11.788,3.08189099,2.015646,0.05189621,upper,screening_selected_transition,leviticus,minor,transition_bucket_shape,accent_words
P5-6_A4_C0,P5-6_A5_C0,32,0.11636364,0.08449789,1.37711888,23.754,4.18766726,1.969115,0.03792415,upper,screening_selected_transition,leviticus,minor,transition_bucket_shape,accent_words
P5-6_A5_C0,P<=4_A0-1_C0,22,0.08461538,0.05719857,1.47932692,14.866,3.63241419,1.963983,0.04191617,upper,screening_selected_transition,leviticus,minor,transition_bucket_shape,accent_words
P<=4_A0-1_C0,P<=4_A3_C0,64,0.36363636,0.30256744,1.20183576,53.102,6.18806758,1.761131,0.04391218,upper,screening_selected_transition,leviticus,minor,transition_bucket_shape,accent_words
P<=4_A4_C0,P<=4_A0-1_C0,24,0.07643312,0.05719857,1.33627678,17.784,3.73808649,1.662883,0.06586826,upper,screening_selected_transition,leviticus,minor,transition_bucket_shape,accent_words
P<=4_A4_C0,P<=4_A4_C0,38,0.12101911,0.10204745,1.18591018,31.802,5.03642006,1.230636,0.14171657,upper,screening_selected_transition,leviticus,minor,transition_bucket_shape,accent_words
P<=4_A3_C0,P5-6_A3_C0,28,0.03007519,0.02469938,1.21764939,22.93,4.15688096,1.219664,0.13373253,upper,screening_selected_transition,leviticus,minor,transition_bucket_shape,accent_words
P<=4_A2_C0,P7-9_A6-7_C0,38,0.05107527,0.04322392,1.18164363,32.248,4.98640396,1.153537,0.1497006,upper,screening_selected_transition,leviticus,minor,transition_bucket_shape,accent_words
P<=4_A3_C0,P<=4_A3_C0,294,0.31578947,0.30256744,1.04369947,281.224,11.4679052,1.114066,0.15369261,upper,screening_selected_transition,leviticus,minor,transition_bucket_shape,accent_words
P5-6_A6-7_C0,P<=4_A2_C0,15,0.30612245,0.24179396,1.26604674,11.898,2.84037523,1.092109,0.17964072,upper,screening_selected_transition,leviticus,minor,transition_bucket_shape,accent_words
P<=4_A3_C0,P5-6_A6-7_C0,18,0.01933405,0.0159246,1.21409939,14.802,3.10387888,1.030324,0.19161677,upper,screening_selected_transition,leviticus,minor,transition_bucket_shape,accent_words
P<=4_A2_C0,P5-6_A3_C0,22,0.02956989,0.02469938,1.19719157,18.436,3.72312063,0.957261,0.22754491,upper,screening_selected_transition,leviticus,minor,transition_bucket_shape,accent_words
P7-9_A6-7_C0,P5-6_A4_C0,15,0.11278195,0.08937277,1.26192755,12.07,3.20837769,0.913234,0.22954092,upper,screening_selected_transition,leviticus,minor,transition_bucket_shape,accent_words
P<=4_A4_C0,P5-6_A5_C0,30,0.0955414,0.08449789,1.13069574,26.67,4.49861925,0.740227,0.25349301,upper,screening_selected_transition,leviticus,minor,transition_bucket_shape,accent_words
P<=4_A3_C0,P<=4_A0-1_C0,58,0.0622986,0.05719857,1.08916366,53.798,5.71020217,0.735876,0.23952096,upper,screening_selected_transition,leviticus,minor,transition_bucket_shape,accent_words
P7-9_A6-7_C0,P5-6_A5_C0,13,0.09774436,0.08449789,1.15676692,11.146,3.07760089,0.602417,0.31337325,upper,screening_selected_transition,leviticus,minor,transition_bucket_shape,accent_words
P5-6_A5_C0,P<=4_A4_C0,29,0.11153846,0.10204745,1.09300588,26.582,4.67750297,0.516942,0.33133733,upper,screening_selected_transition,leviticus,minor,transition_bucket_shape,accent_words
P<=4_A0-1_C0,P<=4_A4_C0,20,0.11363636,0.10204745,1.11356398,17.964,3.94484824,0.516116,0.35129741,upper,screening_selected_transition,leviticus,minor,transition_bucket_shape,accent_words
P<=4_A2_C0,P<=4_A3_C0,231,0.31048387,0.30256744,1.0261642,225.994,10.88848392,0.459752,0.31536926,upper,screening_selected_transition,leviticus,minor,transition_bucket_shape,accent_words
P5-6_A4_C0,P<=4_A0-1_C0,17,0.06181818,0.05719857,1.08076446,15.484,3.51089686,0.431799,0.3752495,upper,screening_selected_transition,leviticus,minor,transition_bucket_shape,accent_words
P7-9_A6-7_C0,P<=4_A3_C0,42,0.31578947,0.30256744,1.04369947,40.288,5.04896426,0.339079,0.42914172,upper,screening_selected_transition,leviticus,minor,transition_bucket_shape,accent_words
P5-6_A5_C0,P<=4_A3_C0,80,0.30769231,0.30256744,1.01693795,78.34,7.33539474,0.2263,0.4251497,upper,screening_selected_transition,leviticus,minor,transition_bucket_shape,accent_words
P5-6_A3_C0,P<=4_A2_C0,19,0.25,0.24179396,1.03393817,18.456,3.88048713,0.140189,0.50499002,upper,screening_selected_transition,leviticus,minor,transition_bucket_shape,accent_words
P5-6_A5_C0,P5-6_A4_C0,24,0.09230769,0.08937277,1.03283916,23.676,4.51572891,0.071749,0.499002,upper,screening_selected_transition,leviticus,minor,transition_bucket_shape,accent_words
P5-6_A6-7_C0,P<=4_A3_C0,15,0.30612245,0.30256744,1.01174949,14.938,3.06936443,0.0202,0.53293413,upper,screening_selected_transition,leviticus,minor,transition_bucket_shape,accent_words
P<=4_A3_C0,P7-9_A6-7_C0,40,0.04296455,0.04322392,0.9939995,40.102,5.0349078,-0.020259,0.53493014,upper,screening_selected_transition,leviticus,minor,transition_bucket_shape,accent_words
P<=4_A2_C0,P<=4_A4_C0,75,0.10080645,0.10204745,0.98783902,75.798,7.18027218,-0.111138,0.56487026,upper,screening_selected_transition,leviticus,minor,transition_bucket_shape,accent_words
P<=4_A4_C0,P7-9_A6-7_C0,13,0.04140127,0.04322392,0.95783248,13.59,3.60386955,-0.163713,0.60479042,upper,screening_selected_transition,leviticus,minor,transition_bucket_shape,accent_words
P5-6_A4_C0,P<=4_A4_C0,27,0.09818182,0.10204745,0.96211928,27.866,4.60330586,-0.188126,0.60678643,upper,screening_selected_transition,leviticus,minor,transition_bucket_shape,accent_words
P<=4_A3_C0,P5-6_A4_C0,81,0.08700322,0.08937277,0.97348696,83.082,6.98777031,-0.297949,0.63872255,upper,screening_selected_transition,leviticus,minor,transition_bucket_shape,accent_words
P<=4_A3_C0,P5-6_A5_C0,76,0.08163265,0.08449789,0.96609105,78.23,7.14389042,-0.312155,0.63273453,upper,screening_selected_transition,leviticus,minor,transition_bucket_shape,accent_words
P<=4_A2_C0,P5-6_A4_C0,63,0.08467742,0.08937277,0.94746334,66.062,6.96959874,-0.439337,0.68662675,upper,screening_selected_transition,leviticus,minor,transition_bucket_shape,accent_words
P<=4_A4_C0,P<=4_A2_C0,73,0.23248408,0.24179396,0.96149664,76.164,6.99334811,-0.45243,0.68463074,upper,screening_selected_transition,leviticus,minor,transition_bucket_shape,accent_words
P<=4_A4_C0,P<=4_A3_C0,91,0.28980892,0.30256744,0.95783248,94.546,7.70809402,-0.460036,0.70459082,upper,screening_selected_transition,leviticus,minor,transition_bucket_shape,accent_words
P<=4_A3_C0,P<=4_A2_C0,219,0.23523093,0.24179396,0.97285697,225.076,10.98870909,-0.552931,0.71656687,upper,screening_selected_transition,leviticus,minor,transition_bucket_shape,accent_words
P5-6_A5_C0,P5-6_A5_C0,19,0.07307692,0.08449789,0.86483728,21.716,4.50865834,-0.602396,0.75449102,upper,screening_selected_transition,leviticus,minor,transition_bucket_shape,accent_words
P<=4_A0-1_C0,P5-6_A4_C0,13,0.07386364,0.08937277,0.82646694,15.904,3.7253914,-0.779515,0.81237525,upper,screening_selected_transition,leviticus,minor,transition_bucket_shape,accent_words
P<=4_A4_C0,P5-6_A4_C0,24,0.07643312,0.08937277,0.85521714,28.508,4.67735945,-0.963792,0.86626747,upper,screening_selected_transition,leviticus,minor,transition_bucket_shape,accent_words
P<=4_A0-1_C0,P<=4_A2_C0,37,0.21022727,0.24179396,0.86944801,42.562,5.75189748,-0.966985,0.85229541,upper,screening_selected_transition,leviticus,minor,transition_bucket_shape,accent_words
P7-9_A6-7_C0,P<=4_A2_C0,27,0.20300752,0.24179396,0.83958889,32.088,4.5158656,-1.126694,0.90618762,upper,screening_selected_transition,leviticus,minor,transition_bucket_shape,accent_words
P5-6_A5_C0,P<=4_A2_C0,54,0.20769231,0.24179396,0.85896402,63.044,6.70611721,-1.348619,0.92215569,upper,screening_selected_transition,leviticus,minor,transition_bucket_shape,accent_words
P<=4_A3_C0,P<=4_A4_C0,85,0.09129968,0.10204745,0.89467869,95.476,7.47242251,-1.401955,0.93413174,upper,screening_selected_transition,leviticus,minor,transition_bucket_shape,accent_words
P5-6_A3_C0,P<=4_A3_C0,17,0.22368421,0.30256744,0.73928713,23.04,3.80991219,-1.585338,0.95409182,upper,screening_selected_transition,leviticus,minor,transition_bucket_shape,accent_words
P5-6_A4_C0,P<=4_A2_C0,56,0.20363636,0.24179396,0.84218964,66.62,6.63744766,-1.600013,0.95608782,upper,screening_selected_transition,leviticus,minor,transition_bucket_shape,accent_words
P5-6_A4_C0,P<=4_A3_C0,67,0.24363636,0.30256744,0.80522996,83.38,7.57432114,-2.16257,0.98602794,upper,screening_selected_transition,leviticus,minor,transition_bucket_shape,accent_words
P<=4_A2_C0,P<=4_A0-1_C0,27,0.03629032,0.05719857,0.63446206,42.41,5.57782433,-2.762726,1.0,upper,screening_selected_transition,leviticus,minor,transition_bucket_shape,accent_words
P<=4_A2_C0,P5-6_A5_C0,42,0.05645161,0.08449789,0.66808313,63.024,6.72054726,-3.128317,1.0,upper,screening_selected_transition,leviticus,minor,transition_bucket_shape,accent_words
P3_A3_C0,P3_A3_C0,143,0.23481117,0.19792005,1.18639402,120.27,8.97050947,2.533858,0.00798403,upper,screening_selected_transition,leviticus,minor,transition_exact_shape,accent_words
P4_A3_C0,P3_A2_C0,34,0.10559006,0.07344816,1.43761337,23.866,4.42030794,2.2926,0.02994012,upper,screening_selected_transition,leviticus,minor,transition_exact_shape,accent_words
P5_A4_C0,P5_A4_C0,25,0.10964912,0.07409815,1.47978224,16.578,3.85663886,2.183767,0.02994012,upper,screening_selected_transition,leviticus,minor,transition_exact_shape,accent_words
P3_A2_C0,P3_A2_C0,24,0.10572687,0.07344816,1.43947604,16.76,3.58945237,2.017021,0.04191617,upper,screening_selected_transition,leviticus,minor,transition_exact_shape,accent_words
P4_A3_C0,P1_A1_C0,22,0.06832298,0.04582385,1.49099159,15.066,3.67704846,1.885752,0.04590818,upper,screening_selected_transition,leviticus,minor,transition_exact_shape,accent_words
P4_A4_C0,P1_A1_C0,20,0.06369427,0.04582385,1.38998058,14.048,3.2715596,1.819316,0.06387226,upper,screening_selected_transition,leviticus,minor,transition_exact_shape,accent_words
P1_A1_C0,P3_A3_C0,35,0.24822695,0.19792005,1.25417788,27.794,4.60934443,1.563346,0.08183633,upper,screening_selected_transition,leviticus,minor,transition_exact_shape,accent_words
P5_A4_C0,P4_A3_C0,30,0.13157895,0.10464738,1.25735534,23.836,4.33158507,1.423036,0.0998004,upper,screening_selected_transition,leviticus,minor,transition_exact_shape,accent_words
P2_A2_C0,P3_A3_C0,106,0.22083333,0.19792005,1.11577039,95.398,7.93861696,1.335497,0.0998004,upper,screening_selected_transition,leviticus,minor,transition_exact_shape,accent_words
P3_A3_C0,P5_A3_C0,17,0.02791461,0.02112447,1.32143489,12.762,3.21901851,1.31655,0.11177645,upper,screening_selected_transition,leviticus,minor,transition_exact_shape,accent_words
P2_A2_C0,P2_A2_C0,84,0.175,0.15632109,1.11949064,74.636,7.30439679,1.281968,0.1257485,upper,screening_selected_transition,leviticus,minor,transition_exact_shape,accent_words
P4_A4_C0,P4_A4_C0,38,0.12101911,0.10204745,1.18591018,31.802,5.03642006,1.230636,0.14171657,upper,screening_selected_transition,leviticus,minor,transition_exact_shape,accent_words
P3_A2_C0,P3_A3_C0,52,0.22907489,0.19792005,1.15741123,45.166,5.65813334,1.207819,0.13173653,upper,screening_selected_transition,leviticus,minor,transition_exact_shape,accent_words
P4_A3_C0,P4_A3_C0,40,0.1242236,0.10464738,1.1870684,33.614,5.51087502,1.1588,0.13972056,upper,screening_selected_transition,leviticus,minor,transition_exact_shape,accent_words
P1_A1_C0,P4_A3_C0,18,0.12765957,0.10464738,1.21990221,14.75,3.62073465,0.897608,0.23552894,upper,screening_selected_transition,leviticus,minor,transition_exact_shape,accent_words
P2_A2_C0,P4_A4_C0,54,0.1125,0.10204745,1.10242834,49.072,6.19415459,0.795589,0.22155689,upper,screening_selected_transition,leviticus,minor,transition_exact_shape,accent_words
P5_A5_C0,P3_A3_C0,32,0.2147651,0.19792005,1.08511037,29.226,4.63399091,0.59862,0.30139721,upper,screening_selected_transition,leviticus,minor,transition_exact_shape,accent_words
P1_A1_C0,P2_A2_C0,24,0.17021277,0.15632109,1.08886628,21.884,4.32156173,0.489638,0.36327345,upper,screening_selected_transition,leviticus,minor,transition_exact_shape,accent_words
P5_A5_C0,P4_A3_C0,17,0.11409396,0.10464738,1.09027054,15.44,3.55973924,0.438234,0.37724551,upper,screening_selected_transition,leviticus,minor,transition_exact_shape,accent_words
P3_A3_C0,P2_A2_C0,98,0.16091954,0.15632109,1.02941668,94.998,7.82537341,0.383624,0.37125749,upper,screening_selected_transition,leviticus,minor,transition_exact_shape,accent_words
P3_A2_C0,P5_A4_C0,18,0.07929515,0.07409815,1.0701368,16.744,3.80728971,0.329893,0.41716567,upper,screening_selected_transition,leviticus,minor,transition_exact_shape,accent_words
P3_A3_C0,P5_A5_C0,31,0.05090312,0.04842379,1.05120067,29.464,4.74570832,0.323661,0.40918164,upper,screening_selected_transition,leviticus,minor,transition_exact_shape,accent_words
P4_A4_C0,P4_A3_C0,34,0.10828025,0.10464738,1.03471535,32.344,5.26013327,0.314821,0.3992016,upper,screening_selected_transition,leviticus,minor,transition_exact_shape,accent_words
P3_A2_C0,P2_A2_C0,37,0.16299559,0.15632109,1.04269739,35.842,5.15851301,0.224483,0.41916168,upper,screening_selected_transition,leviticus,minor,transition_exact_shape,accent_words
P3_A3_C0,P5_A4_C0,46,0.07553366,0.07409815,1.01937315,44.99,6.00550015,0.168179,0.45708583,upper,screening_selected_transition,leviticus,minor,transition_exact_shape,accent_words
P4_A4_C0,P3_A2_C0,24,0.07643312,0.07344816,1.04064032,23.346,4.30014727,0.152088,0.46906188,upper,screening_selected_transition,leviticus,minor,transition_exact_shape,accent_words
P6_A5_C0,P2_A2_C0,18,0.16216216,0.15632109,1.03736585,17.48,3.82922001,0.135798,0.50499002,upper,screening_selected_transition,leviticus,minor,transition_exact_shape,accent_words
P4_A3_C0,P5_A4_C0,24,0.07453416,0.07409815,1.00588428,23.75,4.57617556,0.054631,0.46706587,upper,screening_selected_transition,leviticus,minor,transition_exact_shape,accent_words
P2_A2_C0,P5_A4_C0,34,0.07083333,0.07409815,0.95593933,35.346,5.39708635,-0.249394,0.60678643,upper,screening_selected_transition,leviticus,minor,transition_exact_shape,accent_words
P5_A5_C0,P2_A2_C0,22,0.14765101,0.15632109,0.94453669,23.314,4.20651799,-0.312372,0.66467066,upper,screening_selected_transition,leviticus,minor,transition_exact_shape,accent_words
P3_A3_C0,P4_A4_C0,60,0.09852217,0.10204745,0.96545449,62.23,6.83040327,-0.326481,0.64071856,upper,screening_selected_transition,leviticus,minor,transition_exact_shape,accent_words
P3_A3_C0,P6_A5_C0,20,0.03284072,0.0360741,0.9103685,22.098,4.37752458,-0.479266,0.71057884,upper,screening_selected_transition,leviticus,minor,transition_exact_shape,accent_words
P2_A2_C0,P3_A2_C0,33,0.06875,0.07344816,0.93603429,35.638,5.1904564,-0.50824,0.70858283,upper,screening_selected_transition,leviticus,minor,transition_exact_shape,accent_words
P2_A2_C0,P4_A3_C0,47,0.09791667,0.10464738,0.93568194,50.576,6.48817515,-0.551157,0.72854291,upper,screening_selected_transition,leviticus,minor,transition_exact_shape,accent_words
P4_A4_C0,P2_A2_C0,45,0.1433121,0.15632109,0.91678033,48.994,5.83077696,-0.684986,0.77844311,upper,screening_selected_transition,leviticus,minor,transition_exact_shape,accent_words
P3_A3_C0,P1_A1_C0,25,0.0410509,0.04582385,0.89584134,28.128,4.49622598,-0.695695,0.8003992,upper,screening_selected_transition,leviticus,minor,transition_exact_shape,accent_words
P6_A5_C0,P3_A3_C0,19,0.17117117,0.19792005,0.86485007,21.978,4.08937183,-0.728229,0.80638723,upper,screening_selected_transition,leviticus,minor,transition_exact_shape,accent_words
P4_A4_C0,P3_A3_C0,57,0.18152866,0.19792005,0.91718176,62.202,6.60821709,-0.787202,0.79640719,upper,screening_selected_transition,leviticus,minor,transition_exact_shape,accent_words
P3_A2_C0,P4_A3_C0,20,0.08810573,0.10464738,0.84192957,23.634,4.57010018,-0.795169,0.81037924,upper,screening_selected_transition,leviticus,minor,transition_exact_shape,accent_words
P4_A4_C0,P5_A4_C0,20,0.06369427,0.07409815,0.85959325,23.578,4.31150718,-0.829872,0.83433134,upper,screening_selected_transition,leviticus,minor,transition_exact_shape,accent_words
P3_A2_C0,P4_A4_C0,19,0.08370044,0.10204745,0.820211,23.016,4.50336592,-0.891777,0.85229541,upper,screening_selected_transition,leviticus,minor,transition_exact_shape,accent_words
P5_A4_C0,P4_A4_C0,19,0.08333333,0.10204745,0.81661359,23.082,4.12908885,-0.988596,0.86826347,upper,screening_selected_transition,leviticus,minor,transition_exact_shape,accent_words
P5_A4_C0,P2_A2_C0,31,0.13596491,0.15632109,0.8697797,36.12,5.11996368,-1.000007,0.8762475,upper,screening_selected_transition,leviticus,minor,transition_exact_shape,accent_words
P3_A3_C0,P4_A3_C0,57,0.09359606,0.10464738,0.89439464,63.88,6.8740166,-1.00087,0.85628743,upper,screening_selected_transition,leviticus,minor,transition_exact_shape,accent_words
P4_A3_C0,P2_A2_C0,44,0.13664596,0.15632109,0.87413644,50.182,5.93694962,-1.041275,0.88423154,upper,screening_selected_transition,leviticus,minor,transition_exact_shape,accent_words
P2_A2_C0,P5_A5_C0,17,0.03541667,0.04842379,0.73138982,23.0,4.40986324,-1.360586,0.93213573,upper,screening_selected_transition,leviticus,minor,transition_exact_shape,accent_words
P4_A3_C0,P3_A3_C0,54,0.16770186,0.19792005,0.84732124,63.46,6.76045913,-1.399313,0.9261477,upper,screening_selected_transition,leviticus,minor,transition_exact_shape,accent_words
P4_A3_C0,P4_A4_C0,25,0.07763975,0.10204745,0.76082011,33.246,5.03907417,-1.636412,0.96207585,upper,screening_selected_transition,leviticus,minor,transition_exact_shape,accent_words
P3_A3_C0,P3_A2_C0,33,0.05418719,0.07344816,0.73776102,44.7,5.94513998,-1.967994,0.98602794,upper,screening_selected_transition,leviticus,minor,transition_exact_shape,accent_words
P5_A4_C0,P3_A3_C0,30,0.13157895,0.19792005,0.66480857,45.272,5.73024322,-2.665157,1.0,upper,screening_selected_transition,leviticus,minor,transition_exact_shape,accent_words
P5-6_A4_C0,P13-15_A8+_C2,9,0.08737864,0.02875974,3.03822816,2.984,1.58390704,3.798203,0.00399202,upper,screening_selected_transition,leviticus,major,transition_bucket_shape,accent_words
P7-9_A8+_C1,P<=4_A2_C0,9,0.18,0.05811863,3.0971134,2.908,1.64223319,3.709583,0.00199601,upper,screening_selected_transition,leviticus,major,transition_bucket_shape,accent_words
P<=4_A2_C0,P5-6_A4_C0,14,0.1443299,0.0617136,2.33870483,5.956,2.30318765,3.492551,0.00598802,upper,screening_selected_transition,leviticus,major,transition_bucket_shape,accent_words
P5-6_A5_C1,P7-9_A8+_C2,8,0.06837607,0.02576393,2.65394554,3.02,1.68561044,2.954419,0.00998004,upper,screening_selected_transition,leviticus,major,transition_bucket_shape,accent_words
P13-15_A8+_C2,P7-9_A6-7_C1,10,0.20833333,0.09886159,2.10732323,4.616,2.09411428,2.571015,0.01796407,upper,screening_selected_transition,leviticus,major,transition_bucket_shape,accent_words
P10-12_A8+_C1,P5-6_A5_C0,8,0.11764706,0.04913122,2.39454806,3.496,1.80235428,2.498954,0.0259481,upper,screening_selected_transition,leviticus,major,transition_bucket_shape,accent_words
P13-15_A8+_C2,P<=4_A3_C0,10,0.20833333,0.11204314,1.85940285,5.408,2.00138629,2.29441,0.01796407,upper,screening_selected_transition,leviticus,major,transition_bucket_shape,accent_words
P5-6_A5_C1,P10-12_A8+_C2,12,0.1025641,0.05931696,1.72908573,6.848,2.46272736,2.09199,0.03393214,upper,screening_selected_transition,leviticus,major,transition_bucket_shape,accent_words
P5-6_A5_C1,P<=4_A3_C0,20,0.17094017,0.11204314,1.52566388,13.162,3.27677135,2.08681,0.03792415,upper,screening_selected_transition,leviticus,major,transition_bucket_shape,accent_words
P10-12_A8+_C2,P<=4_A4_C0,10,0.1010101,0.05512283,1.83245498,5.638,2.23717812,1.949778,0.05788423,upper,screening_selected_transition,leviticus,major,transition_bucket_shape,accent_words
P5-6_A6-7_C1,P<=4_A2_C0,7,0.1147541,0.05811863,1.97448031,3.626,1.95390878,1.726795,0.0758483,upper,screening_selected_transition,leviticus,major,transition_bucket_shape,accent_words
P5-6_A4_C0,P10-12_A8+_C2,10,0.09708738,0.05931696,1.63675591,6.188,2.24381939,1.698889,0.08183633,upper,screening_selected_transition,leviticus,major,transition_bucket_shape,accent_words
P<=4_A3_C0,P7-9_A6-7_C1,25,0.13368984,0.09886159,1.35229298,18.576,3.83113288,1.676789,0.06387226,upper,screening_selected_transition,leviticus,major,transition_bucket_shape,accent_words
P5-6_A4_C0,P5-6_A4_C0,10,0.09708738,0.0617136,1.57319257,6.264,2.26993595,1.645861,0.0758483,upper,screening_selected_transition,leviticus,major,transition_bucket_shape,accent_words
P<=4_A3_C0,P10-12_A8+_C2,16,0.0855615,0.05931696,1.44244585,11.018,3.05947656,1.628383,0.06986028,upper,screening_selected_transition,leviticus,major,transition_bucket_shape,accent_words
P7-9_A6-7_C1,P5-6_A5_C0,13,0.07878788,0.04913122,1.60362158,8.408,2.83789416,1.618101,0.08383234,upper,screening_selected_transition,leviticus,major,transition_bucket_shape,accent_words
P7-9_A6-7_C1,P<=4_A2_C0,14,0.08484848,0.05811863,1.45991878,9.468,2.90341793,1.560919,0.09181637,upper,screening_selected_transition,leviticus,major,transition_bucket_shape,accent_words
P5-6_A6-7_C1,P5-6_A5_C1,7,0.1147541,0.07010186,1.63696231,4.236,1.97791007,1.397435,0.13173653,upper,screening_selected_transition,leviticus,major,transition_bucket_shape,accent_words
P<=4_A3_C0,P5-6_A5_C1,17,0.09090909,0.07010186,1.2968143,12.834,3.12313175,1.333917,0.11776447,upper,screening_selected_transition,leviticus,major,transition_bucket_shape,accent_words
P5-6_A6-7_C1,P10-12_A8+_C2,6,0.09836066,0.05931696,1.65822156,3.622,1.82696239,1.301614,0.1497006,upper,screening_selected_transition,leviticus,major,transition_bucket_shape,accent_words
P5-6_A6-7_C1,P7-9_A6-7_C1,9,0.14754098,0.09886159,1.4923994,6.106,2.40714617,1.202254,0.15169661,upper,screening_selected_transition,leviticus,major,transition_bucket_shape,accent_words
P7-9_A6-7_C1,P<=4_A4_C0,12,0.07272727,0.05512283,1.31936759,8.822,2.6533746,1.19772,0.16966068,upper,screening_selected_transition,leviticus,major,transition_bucket_shape,accent_words
P5-6_A5_C0,P<=4_A4_C0,7,0.08536585,0.05512283,1.54864793,4.664,2.02071041,1.156029,0.18163673,upper,screening_selected_transition,leviticus,major,transition_bucket_shape,accent_words
P<=4_A4_C0,P10-12_A8+_C2,8,0.08695652,0.05931696,1.46596399,5.576,2.32960901,1.040518,0.20758483,upper,screening_selected_transition,leviticus,major,transition_bucket_shape,accent_words
P<=4_A2_C0,P10-12_A8+_C2,8,0.08247423,0.05931696,1.39039883,5.73,2.40513395,0.943814,0.21756487,upper,screening_selected_transition,leviticus,major,transition_bucket_shape,accent_words
P5-6_A5_C0,P5-6_A4_C0,7,0.08536585,0.0617136,1.38325835,5.086,2.14564946,0.892038,0.25748503,upper,screening_selected_transition,leviticus,major,transition_bucket_shape,accent_words
P10-12_A8+_C2,P5-6_A4_C0,8,0.08080808,0.0617136,1.30940473,6.074,2.28625851,0.842424,0.25149701,upper,screening_selected_transition,leviticus,major,transition_bucket_shape,accent_words
P<=4_A3_C0,P13-15_A8+_C2,7,0.03743316,0.02875974,1.301582,5.262,2.22334039,0.781707,0.29141717,upper,screening_selected_transition,leviticus,major,transition_bucket_shape,accent_words
P<=4_A4_C0,P7-9_A6-7_C1,11,0.11956522,0.09886159,1.20942029,9.012,2.62252001,0.75805,0.27744511,upper,screening_selected_transition,leviticus,major,transition_bucket_shape,accent_words
P<=4_A3_C0,P7-9_A6-7_C0,9,0.04812834,0.03834632,1.25509693,7.28,2.4052381,0.715106,0.29740519,upper,screening_selected_transition,leviticus,major,transition_bucket_shape,accent_words
P<=4_A3_C0,P5-6_A4_C0,14,0.07486631,0.0617136,1.21312497,11.778,3.16492488,0.70207,0.28542914,upper,screening_selected_transition,leviticus,major,transition_bucket_shape,accent_words
P7-9_A6-7_C1,P<=4_A3_C0,21,0.12727273,0.11204314,1.13592611,18.744,3.80149533,0.593451,0.32335329,upper,screening_selected_transition,leviticus,major,transition_bucket_shape,accent_words
P<=4_A4_C0,P5-6_A4_C0,7,0.07608696,0.0617136,1.23290418,5.798,2.16577403,0.554998,0.36127745,upper,screening_selected_transition,leviticus,major,transition_bucket_shape,accent_words
P7-9_A6-7_C1,P5-6_A5_C1,13,0.07878788,0.07010186,1.12390572,11.484,3.07321221,0.493295,0.35528942,upper,screening_selected_transition,leviticus,major,transition_bucket_shape,accent_words
P<=4_A2_C0,P<=4_A3_C0,12,0.12371134,0.11204314,1.10414025,10.8,3.14001902,0.382163,0.40718563,upper,screening_selected_transition,leviticus,major,transition_bucket_shape,accent_words
P5-6_A5_C1,P5-6_A5_C1,9,0.07692308,0.07010186,1.0973044,8.0,2.64537256,0.378019,0.40718563,upper,screening_selected_transition,leviticus,major,transition_bucket_shape,accent_words
P7-9_A6-7_C1,P7-9_A6-7_C1,17,0.1030303,0.09886159,1.04216713,16.394,3.81836665,0.158707,0.45508982,upper,screening_selected_transition,leviticus,major,transition_bucket_shape,accent_words
P7-9_A6-7_C1,P10-12_A8+_C1,7,0.04242424,0.04074296,1.0412656,6.804,2.26535818,0.086521,0.5508982,upper,screening_selected_transition,leviticus,major,transition_bucket_shape,accent_words
P<=4_A3_C0,P5-6_A6-7_C1,7,0.03743316,0.03654883,1.02419567,6.856,2.45424339,0.058674,0.53493014,upper,screening_selected_transition,leviticus,major,transition_bucket_shape,accent_words
P7-9_A6-7_C0,P<=4_A3_C0,7,0.109375,0.11204314,0.9761865,7.128,2.41148222,-0.053079,0.58083832,upper,screening_selected_transition,leviticus,major,transition_bucket_shape,accent_words
P5-6_A5_C1,P7-9_A6-7_C1,11,0.09401709,0.09886159,0.95099715,11.366,3.06117389,-0.119562,0.59481038,upper,screening_selected_transition,leviticus,major,transition_bucket_shape,accent_words
P5-6_A5_C1,P<=4_A4_C0,6,0.05128205,0.05512283,0.9303233,6.554,2.45338995,-0.22581,0.63273453,upper,screening_selected_transition,leviticus,major,transition_bucket_shape,accent_words
P<=4_A2_C0,P7-9_A6-7_C1,9,0.09278351,0.09886159,0.93851921,9.716,2.90451656,-0.246513,0.63672655,upper,screening_selected_transition,leviticus,major,transition_bucket_shape,accent_words
P10-12_A8+_C2,P7-9_A6-7_C1,9,0.09090909,0.09886159,0.91955923,9.922,2.85240046,-0.323237,0.69061876,upper,screening_selected_transition,leviticus,major,transition_bucket_shape,accent_words
P10-12_A8+_C2,P<=4_A3_C0,10,0.1010101,0.11204314,0.90152866,11.226,2.96454061,-0.413555,0.71856287,upper,screening_selected_transition,leviticus,major,transition_bucket_shape,accent_words
P5-6_A5_C0,P7-9_A6-7_C1,7,0.08536585,0.09886159,0.86348854,8.152,2.59892378,-0.44326,0.72654691,upper,screening_selected_transition,leviticus,major,transition_bucket_shape,accent_words
P7-9_A6-7_C1,P10-12_A8+_C2,8,0.04848485,0.05931696,0.81738598,9.702,2.93025063,-0.580838,0.7744511,upper,screening_selected_transition,leviticus,major,transition_bucket_shape,accent_words
P<=4_A3_C0,P<=4_A3_C0,18,0.09625668,0.11204314,0.85910378,20.844,4.08669379,-0.695917,0.78043912,upper,screening_selected_transition,leviticus,major,transition_bucket_shape,accent_words
P<=4_A4_C0,P<=4_A3_C0,8,0.08695652,0.11204314,0.77609858,10.344,3.03778213,-0.771616,0.83433134,upper,screening_selected_transition,leviticus,major,transition_bucket_shape,accent_words
P5-6_A4_C0,P7-9_A6-7_C1,7,0.06796117,0.09886159,0.68743748,9.934,2.86602026,-1.023719,0.90818363,upper,screening_selected_transition,leviticus,major,transition_bucket_shape,accent_words
P10_A8_C2,P7_A4_C1,5,0.29411765,0.00599161,49.08823529,0.076,0.27271367,18.055567,0.00199601,upper,screening_selected_transition,leviticus,major,transition_exact_shape,accent_words
P7_A6_C1,P6_A5_C0,5,0.11363636,0.01977232,5.74724518,0.848,0.87774534,4.730301,0.00199601,upper,screening_selected_transition,leviticus,major,transition_exact_shape,accent_words
P2_A2_C0,P5_A4_C0,10,0.15384615,0.05392451,2.85299145,3.458,1.69528286,3.858943,0.00199601,upper,screening_selected_transition,leviticus,major,transition_exact_shape,accent_words
P6_A5_C1,P4_A3_C0,6,0.13043478,0.03714799,3.5112202,1.742,1.21259093,3.511489,0.00399202,upper,screening_selected_transition,leviticus,major,transition_exact_shape,accent_words
P3_A3_C0,P9_A7_C1,5,0.04,0.01497903,2.6704,1.774,1.27049294,2.539172,0.01996008,upper,screening_selected_transition,leviticus,major,transition_exact_shape,accent_words
P3_A3_C0,P7_A6_C0,5,0.04,0.01617735,2.47259259,2.048,1.30886296,2.255393,0.03992016,upper,screening_selected_transition,leviticus,major,transition_exact_shape,accent_words
P6_A6_C1,P2_A2_C0,6,0.09836066,0.03954464,2.48733234,2.492,1.58712758,2.210282,0.04790419,upper,screening_selected_transition,leviticus,major,transition_exact_shape,accent_words
P7_A6_C1,P3_A3_C0,7,0.15909091,0.07489515,2.12418182,3.344,1.6838452,2.171221,0.03792415,upper,screening_selected_transition,leviticus,major,transition_exact_shape,accent_words
P5_A5_C1,P4_A3_C0,6,0.08450704,0.03714799,2.27487506,2.626,1.58086124,2.13428,0.04391218,upper,screening_selected_transition,leviticus,major,transition_exact_shape,accent_words
P3_A3_C0,P7_A6_C1,7,0.056,0.02636309,2.12418182,3.394,1.71599922,2.1014,0.05189621,upper,screening_selected_transition,leviticus,major,transition_exact_shape,accent_words
P5_A4_C0,P5_A4_C0,8,0.08888889,0.05392451,1.64839506,4.862,2.10233099,1.492629,0.11377246,upper,screening_selected_transition,leviticus,major,transition_exact_shape,accent_words
P4_A4_C0,P5_A4_C0,7,0.07608696,0.05392451,1.41099034,5.052,2.03803906,0.955821,0.21756487,upper,screening_selected_transition,leviticus,major,transition_exact_shape,accent_words
P4_A4_C0,P4_A3_C0,5,0.05434783,0.03714799,1.46300842,3.456,1.68098645,0.918508,0.26147705,upper,screening_selected_transition,leviticus,major,transition_exact_shape,accent_words
P4_A3_C0,P5_A4_C0,5,0.08064516,0.05392451,1.49551971,3.422,1.75444354,0.89943,0.24351297,upper,screening_selected_transition,leviticus,major,transition_exact_shape,accent_words
P3_A3_C0,P6_A5_C1,5,0.04,0.02756141,1.45130435,3.498,1.70405505,0.881427,0.2754491,upper,screening_selected_transition,leviticus,major,transition_exact_shape,accent_words
P3_A3_C0,P5_A5_C1,6,0.048,0.04254044,1.12833803,5.216,2.15188411,0.364332,0.43712575,upper,screening_selected_transition,leviticus,major,transition_exact_shape,accent_words
P3_A3_C0,P3_A3_C0,10,0.08,0.07489515,1.06816,9.162,2.77906502,0.30154,0.44111776,upper,screening_selected_transition,leviticus,major,transition_exact_shape,accent_words
P3_A3_C0,P5_A4_C0,7,0.056,0.05392451,1.03848889,6.818,2.44557512,0.07442,0.54491018,upper,screening_selected_transition,leviticus,major,transition_exact_shape,accent_words
P5_A4_C0,P3_A3_C0,5,0.05555556,0.07489515,0.74177778,6.658,2.24032903,-0.74007,0.84031936,upper,screening_selected_transition,leviticus,major,transition_exact_shape,accent_words
P13-15_A8+_C3,P10-12_A8+_C2,5,0.26315789,0.05607477,4.69298246,1.042,0.99308027,3.985579,0.00598802,upper,screening_selected_transition,leviticus,verse,transition_bucket_shape,accent_words
P13-15_A8+_C2,P19-24_A8+_C4+,10,0.13513514,0.04088785,3.30501931,3.312,1.74147106,3.840431,0.00199601,upper,screening_selected_transition,leviticus,verse,transition_bucket_shape,accent_words
P16-18_A8+_C2,P16-18_A8+_C3,11,0.16923077,0.06425234,2.63384615,4.116,1.96220399,3.5083,0.00399202,upper,screening_selected_transition,leviticus,verse,transition_bucket_shape,accent_words
P5-6_A4_C0,P16-18_A8+_C3,5,0.18518519,0.06425234,2.88215488,1.682,1.22305672,2.712875,0.01996008,upper,screening_selected_transition,leviticus,verse,transition_bucket_shape,accent_words
P7-9_A6-7_C0,P13-15_A8+_C2,7,0.21875,0.0864486,2.53040541,2.738,1.58568117,2.687804,0.01796407,upper,screening_selected_transition,leviticus,verse,transition_bucket_shape,accent_words
P10-12_A8+_C1,P10-12_A8+_C1,18,0.18367347,0.11565421,1.58812616,11.288,3.03570206,2.211021,0.03193613,upper,screening_selected_transition,leviticus,verse,transition_bucket_shape,accent_words
P19-24_A8+_C3,P19-24_A8+_C3,6,0.125,0.05607477,2.22916667,2.588,1.57963492,2.159993,0.04590818,upper,screening_selected_transition,leviticus,verse,transition_bucket_shape,accent_words
P5-6_A4_C0,P16-18_A8+_C2,5,0.18518519,0.07593458,2.43874644,2.034,1.37427117,2.158235,0.05389222,upper,screening_selected_transition,leviticus,verse,transition_bucket_shape,accent_words
P19-24_A8+_C3,P13-15_A8+_C2,8,0.16666667,0.0864486,1.92792793,4.018,1.861345,2.139313,0.04590818,upper,screening_selected_transition,leviticus,verse,transition_bucket_shape,accent_words
P10-12_A8+_C1,P7-9_A6-7_C0,7,0.07142857,0.03738318,1.91071429,3.602,1.70334929,1.994893,0.05588822,upper,screening_selected_transition,leviticus,verse,transition_bucket_shape,accent_words
P19-24_A8+_C4+,P13-15_A8+_C2,6,0.17142857,0.0864486,1.98301158,2.98,1.68798655,1.789114,0.08183633,upper,screening_selected_transition,leviticus,verse,transition_bucket_shape,accent_words
P16-18_A8+_C3,P7-9_A8+_C1,5,0.09090909,0.04439252,2.04784689,2.508,1.51344542,1.646574,0.10578842,upper,screening_selected_transition,leviticus,verse,transition_bucket_shape,accent_words
P19-24_A8+_C2,P13-15_A8+_C1,5,0.13513514,0.06658879,2.02939782,2.586,1.54900058,1.558424,0.10778443,upper,screening_selected_transition,leviticus,verse,transition_bucket_shape,accent_words
P10-12_A8+_C2,P13-15_A8+_C2,7,0.14583333,0.0864486,1.68693694,4.0,1.95541487,1.534201,0.10179641,upper,screening_selected_transition,leviticus,verse,transition_bucket_shape,accent_words
P13-15_A8+_C2,P10-12_A8+_C2,7,0.09459459,0.05607477,1.68693694,4.17,1.90902823,1.48243,0.11377246,upper,screening_selected_transition,leviticus,verse,transition_bucket_shape,accent_words
P7-9_A8+_C1,P16-18_A8+_C2,5,0.12820513,0.07593458,1.68836292,2.876,1.55481797,1.366076,0.14570858,upper,screening_selected_transition,leviticus,verse,transition_bucket_shape,accent_words
P13-15_A8+_C1,P13-15_A8+_C1,6,0.10526316,0.06658879,1.58079409,3.706,1.79387848,1.278793,0.15369261,upper,screening_selected_transition,leviticus,verse,transition_bucket_shape,accent_words
P16-18_A8+_C2,P19-24_A8+_C3,6,0.09230769,0.05607477,1.64615385,3.758,1.8553492,1.208398,0.19161677,upper,screening_selected_transition,leviticus,verse,transition_bucket_shape,accent_words
P10-12_A8+_C2,P16-18_A8+_C3,5,0.10416667,0.06425234,1.62121212,3.128,1.73020323,1.081954,0.20558882,upper,screening_selected_transition,leviticus,verse,transition_bucket_shape,accent_words
P16-18_A8+_C2,P16-18_A8+_C2,7,0.10769231,0.07593458,1.41822485,4.826,2.07178875,1.049335,0.20159681,upper,screening_selected_transition,leviticus,verse,transition_bucket_shape,accent_words
P10-12_A8+_C0,P10-12_A8+_C1,6,0.16666667,0.11565421,1.44107744,4.134,1.782807,1.046664,0.22754491,upper,screening_selected_transition,leviticus,verse,transition_bucket_shape,accent_words
P10-12_A8+_C1,P16-18_A8+_C2,10,0.10204082,0.07593458,1.34379906,7.578,2.45845561,0.985171,0.20359281,upper,screening_selected_transition,leviticus,verse,transition_bucket_shape,accent_words
P16-18_A8+_C2,P13-15_A8+_C1,6,0.09230769,0.06658879,1.38623482,4.228,1.81068306,0.978636,0.249501,upper,screening_selected_transition,leviticus,verse,transition_bucket_shape,accent_words
P10-12_A8+_C1,P13-15_A8+_C1,8,0.08163265,0.06658879,1.22592195,6.468,2.31856151,0.660755,0.29740519,upper,screening_selected_transition,leviticus,verse,transition_bucket_shape,accent_words
P13-15_A8+_C1,P10-12_A8+_C1,8,0.14035088,0.11565421,1.2135389,6.532,2.27140806,0.646295,0.29540918,upper,screening_selected_transition,leviticus,verse,transition_bucket_shape,accent_words
P19-24_A8+_C3,P10-12_A8+_C1,7,0.14583333,0.11565421,1.26094276,5.656,2.16217808,0.621595,0.32335329,upper,screening_selected_transition,leviticus,verse,transition_bucket_shape,accent_words
P13-15_A8+_C2,P13-15_A8+_C2,7,0.09459459,0.0864486,1.09422936,6.108,2.22401179,0.401077,0.41716567,upper,screening_selected_transition,leviticus,verse,transition_bucket_shape,accent_words
P16-18_A8+_C3,P10-12_A8+_C1,7,0.12727273,0.11565421,1.10045914,6.408,2.27241363,0.260516,0.47305389,upper,screening_selected_transition,leviticus,verse,transition_bucket_shape,accent_words
P10-12_A8+_C1,P7-9_A8+_C1,5,0.05102041,0.04439252,1.14930183,4.544,1.86413895,0.244617,0.49101796,upper,screening_selected_transition,leviticus,verse,transition_bucket_shape,accent_words
P13-15_A8+_C2,P10-12_A8+_C1,9,0.12162162,0.11565421,1.05159705,8.592,2.66152276,0.153296,0.499002,upper,screening_selected_transition,leviticus,verse,transition_bucket_shape,accent_words
P10-12_A8+_C2,P10-12_A8+_C1,6,0.125,0.11565421,1.08080808,5.734,2.20657698,0.120549,0.51097804,upper,screening_selected_transition,leviticus,verse,transition_bucket_shape,accent_words
P13-15_A8+_C2,P16-18_A8+_C2,5,0.06756757,0.07593458,0.88981289,5.46,2.18951775,-0.210092,0.66067864,upper,screening_selected_transition,leviticus,verse,transition_bucket_shape,accent_words
P10-12_A8+_C1,P13-15_A8+_C2,8,0.08163265,0.0864486,0.94429123,8.688,2.57913938,-0.266756,0.6746507,upper,screening_selected_transition,leviticus,verse,transition_bucket_shape,accent_words
P16-18_A8+_C2,P10-12_A8+_C1,6,0.09230769,0.11565421,0.7981352,7.484,2.44657218,-0.606563,0.76646707,upper,screening_selected_transition,leviticus,verse,transition_bucket_shape,accent_words
P<=4_A4_C0,P5-6_A6-7_C0,25,0.05411255,0.01846907,2.92990142,8.566,2.76567205,5.942136,0.00199601,upper,screening_selected_transition,numbers,minor,transition_bucket_shape,accent_words
P<=4_A0-1_C0,P<=4_A2_C0,127,0.35180055,0.25611927,1.37358096,92.316,7.97567343,4.348724,0.00199601,upper,screening_selected_transition,numbers,minor,transition_bucket_shape,accent_words
P5-6_A5_C0,P5-6_A4_C0,41,0.12893082,0.07699154,1.6746101,24.15,4.40616939,3.824183,0.00199601,upper,screening_selected_transition,numbers,minor,transition_bucket_shape,accent_words
P5-6_A6-7_C0,P<=4_A4_C0,18,0.21686747,0.10280374,2.10952903,8.442,2.73011778,3.500948,0.00199601,upper,screening_selected_transition,numbers,minor,transition_bucket_shape,accent_words
P<=4_A2_C0,P<=4_A0-1_C0,120,0.10425717,0.08032933,1.29787178,91.898,8.34018665,3.369469,0.00399202,upper,screening_selected_transition,numbers,minor,transition_bucket_shape,accent_words
P<=4_A4_C0,P<=4_A0-1_C0,53,0.11471861,0.08032933,1.42810375,37.22,5.65575593,2.790078,0.00399202,upper,screening_selected_transition,numbers,minor,transition_bucket_shape,accent_words
P<=4_A3_C0,P<=4_A3_C0,483,0.34134276,0.31508678,1.08332934,444.416,13.90545459,2.774738,0.00798403,upper,screening_selected_transition,numbers,minor,transition_bucket_shape,accent_words
P5-6_A5_C0,P<=4_A4_C0,47,0.14779874,0.10280374,1.43767867,33.156,5.12759676,2.6999,0.00598802,upper,screening_selected_transition,numbers,minor,transition_bucket_shape,accent_words
P7-9_A6-7_C0,P<=4_A3_C0,63,0.40384615,0.31508678,1.28169817,48.938,5.76338348,2.439886,0.01397206,upper,screening_selected_transition,numbers,minor,transition_bucket_shape,accent_words
P5-6_A4_C0,P5-6_A4_C0,34,0.0982659,0.07699154,1.27632063,26.384,4.71348894,1.615788,0.08183633,upper,screening_selected_transition,numbers,minor,transition_bucket_shape,accent_words
P5-6_A4_C0,P7-9_A6-7_C0,17,0.04913295,0.03449043,1.4245385,11.914,3.35934136,1.513987,0.10179641,upper,screening_selected_transition,numbers,minor,transition_bucket_shape,accent_words
P<=4_A2_C0,P<=4_A2_C0,312,0.27106864,0.25611927,1.05836877,294.22,13.24758835,1.342131,0.11177645,upper,screening_selected_transition,numbers,minor,transition_bucket_shape,accent_words
P10-12_A8+_C0,P<=4_A3_C0,17,0.38636364,0.31508678,1.22621341,13.752,2.92499696,1.110429,0.17964072,upper,screening_selected_transition,numbers,minor,transition_bucket_shape,accent_words
P5-6_A4_C0,P<=4_A2_C0,97,0.28034682,0.25611927,1.0945948,88.61,7.78145244,1.078205,0.1497006,upper,screening_selected_transition,numbers,minor,transition_bucket_shape,accent_words
P<=4_A3_C0,P10-12_A8+_C0,17,0.01201413,0.00979083,1.22707999,13.904,2.99745784,1.032875,0.18762475,upper,screening_selected_transition,numbers,minor,transition_bucket_shape,accent_words
P<=4_A3_C0,P5-6_A3_C0,23,0.01625442,0.01379617,1.17818306,19.588,3.54505159,0.962468,0.20159681,upper,screening_selected_transition,numbers,minor,transition_bucket_shape,accent_words
P<=4_A0-1_C0,P<=4_A4_C0,42,0.11634349,0.10280374,1.13170486,37.37,5.51415559,0.839657,0.22754491,upper,screening_selected_transition,numbers,minor,transition_bucket_shape,accent_words
P5-6_A4_C0,P5-6_A5_C0,28,0.08092486,0.07076101,1.14363617,24.114,4.71013532,0.825029,0.23353293,upper,screening_selected_transition,numbers,minor,transition_bucket_shape,accent_words
P<=4_A0-1_C0,P5-6_A5_C0,29,0.08033241,0.07076101,1.13526368,25.484,4.81748485,0.729841,0.26546906,upper,screening_selected_transition,numbers,minor,transition_bucket_shape,accent_words
P<=4_A3_C0,P7-9_A6-7_C0,53,0.03745583,0.03449043,1.08597743,49.646,5.81345651,0.576937,0.31137725,upper,screening_selected_transition,numbers,minor,transition_bucket_shape,accent_words
P<=4_A3_C0,P5-6_A4_C0,113,0.07985866,0.07699154,1.03723932,108.95,8.17638101,0.495329,0.32934132,upper,screening_selected_transition,numbers,minor,transition_bucket_shape,accent_words
P<=4_A2_C0,P<=4_A3_C0,368,0.31972198,0.31508678,1.01471086,363.474,13.41018232,0.337505,0.36926148,upper,screening_selected_transition,numbers,minor,transition_bucket_shape,accent_words
P5-6_A3_C0,P<=4_A2_C0,17,0.27419355,0.25611927,1.07056977,15.958,3.49523523,0.29812,0.41117764,upper,screening_selected_transition,numbers,minor,transition_bucket_shape,accent_words
P<=4_A2_C0,P5-6_A5_C0,83,0.07211121,0.07076101,1.01908103,81.358,7.51817011,0.218404,0.45908184,upper,screening_selected_transition,numbers,minor,transition_bucket_shape,accent_words
P5-6_A4_C0,P<=4_A0-1_C0,29,0.08381503,0.08032933,1.04339263,28.046,4.83970345,0.19712,0.43113772,upper,screening_selected_transition,numbers,minor,transition_bucket_shape,accent_words
P5-6_A6-7_C0,P<=4_A3_C0,27,0.3253012,0.31508678,1.03241781,26.356,4.06870652,0.158281,0.47305389,upper,screening_selected_transition,numbers,minor,transition_bucket_shape,accent_words
P<=4_A2_C0,P<=4_A4_C0,120,0.10425717,0.10280374,1.0141379,118.664,8.72578838,0.153109,0.45508982,upper,screening_selected_transition,numbers,minor,transition_bucket_shape,accent_words
P5-6_A3_C0,P<=4_A3_C0,20,0.32258065,0.31508678,1.02378349,19.716,3.46227073,0.082027,0.52295409,upper,screening_selected_transition,numbers,minor,transition_bucket_shape,accent_words
P5-6_A5_C0,P5-6_A5_C0,23,0.07232704,0.07076101,1.02213124,22.872,4.367352,0.029308,0.51297405,upper,screening_selected_transition,numbers,minor,transition_bucket_shape,accent_words
P<=4_A4_C0,P5-6_A5_C0,31,0.06709957,0.07076101,0.94825615,32.492,4.9378843,-0.302154,0.66467066,upper,screening_selected_transition,numbers,minor,transition_bucket_shape,accent_words
P<=4_A4_C0,P<=4_A4_C0,45,0.0974026,0.10280374,0.94746163,47.488,6.07516842,-0.409536,0.68063872,upper,screening_selected_transition,numbers,minor,transition_bucket_shape,accent_words
P<=4_A4_C0,P5-6_A4_C0,33,0.07142857,0.07699154,0.92774566,35.742,5.56393302,-0.492817,0.73053892,upper,screening_selected_transition,numbers,minor,transition_bucket_shape,accent_words
P<=4_A4_C0,P<=4_A2_C0,112,0.24242424,0.25611927,0.94652871,118.012,8.53942032,-0.704029,0.78842315,upper,screening_selected_transition,numbers,minor,transition_bucket_shape,accent_words
P5-6_A5_C0,P<=4_A0-1_C0,22,0.06918239,0.08032933,0.86123452,25.546,4.69424711,-0.755393,0.79441118,upper,screening_selected_transition,numbers,minor,transition_bucket_shape,accent_words
P<=4_A3_C0,P<=4_A2_C0,352,0.24876325,0.25611927,0.97127893,362.752,14.17393017,-0.758576,0.78043912,upper,screening_selected_transition,numbers,minor,transition_bucket_shape,accent_words
P<=4_A3_C0,P5-6_A5_C0,94,0.0664311,0.07076101,0.93880925,100.394,8.38757813,-0.762318,0.79441118,upper,screening_selected_transition,numbers,minor,transition_bucket_shape,accent_words
P<=4_A3_C0,P5-6_A6-7_C0,22,0.0155477,0.01846907,0.84182383,26.074,4.29714497,-0.948071,0.8502994,upper,screening_selected_transition,numbers,minor,transition_bucket_shape,accent_words
P5-6_A5_C0,P<=4_A2_C0,74,0.2327044,0.25611927,0.90857827,81.296,7.39823301,-0.986181,0.85429142,upper,screening_selected_transition,numbers,minor,transition_bucket_shape,accent_words
P<=4_A2_C0,P7-9_A6-7_C0,34,0.02953953,0.03449043,0.85645582,39.502,5.22461378,-1.053092,0.87225549,upper,screening_selected_transition,numbers,minor,transition_bucket_shape,accent_words
P<=4_A4_C0,P<=4_A3_C0,133,0.28787879,0.31508678,0.9136492,145.706,9.58160625,-1.326082,0.92015968,upper,screening_selected_transition,numbers,minor,transition_bucket_shape,accent_words
P<=4_A3_C0,P<=4_A4_C0,131,0.09257951,0.10280374,0.9005461,145.146,9.84085203,-1.437477,0.92015968,upper,screening_selected_transition,numbers,minor,transition_bucket_shape,accent_words
P<=4_A0-1_C0,P<=4_A3_C0,101,0.27977839,0.31508678,0.88794075,113.604,8.54548035,-1.474932,0.93413174,upper,screening_selected_transition,numbers,minor,transition_bucket_shape,accent_words
P5-6_A4_C0,P<=4_A4_C0,27,0.07803468,0.10280374,0.75906463,35.042,5.43722013,-1.479065,0.94211577,upper,screening_selected_transition,numbers,minor,transition_bucket_shape,accent_words
P<=4_A0-1_C0,P5-6_A4_C0,20,0.05540166,0.07699154,0.71958113,27.75,5.11427528,-1.515366,0.95808383,upper,screening_selected_transition,numbers,minor,transition_bucket_shape,accent_words
P<=4_A0-1_C0,P<=4_A0-1_C0,18,0.0498615,0.08032933,0.62071347,28.64,4.83913572,-2.19874,0.99001996,upper,screening_selected_transition,numbers,minor,transition_bucket_shape,accent_words
P<=4_A3_C0,P<=4_A0-1_C0,95,0.06713781,0.08032933,0.83578203,114.208,8.27996689,-2.319816,0.99401198,upper,screening_selected_transition,numbers,minor,transition_bucket_shape,accent_words
P5-6_A4_C0,P<=4_A3_C0,90,0.26011561,0.31508678,0.8255364,109.868,8.33074899,-2.3849,0.99600798,upper,screening_selected_transition,numbers,minor,transition_bucket_shape,accent_words
P5-6_A5_C0,P<=4_A3_C0,79,0.24842767,0.31508678,0.78844206,99.718,7.71579828,-2.68514,1.0,upper,screening_selected_transition,numbers,minor,transition_bucket_shape,accent_words
P7-9_A6-7_C0,P<=4_A2_C0,25,0.16025641,0.25611927,0.62571008,40.144,5.24769861,-2.885836,1.0,upper,screening_selected_transition,numbers,minor,transition_bucket_shape,accent_words
P<=4_A2_C0,P5-6_A4_C0,64,0.05560382,0.07699154,0.72220688,88.726,7.50436907,-3.294881,1.0,upper,screening_selected_transition,numbers,minor,transition_bucket_shape,accent_words
P4_A4_C0,P6_A6_C0,25,0.05411255,0.01846907,2.92990142,8.566,2.76567205,5.942136,0.00199601,upper,screening_selected_transition,numbers,minor,transition_exact_shape,accent_words
P1_A1_C0,P2_A2_C0,91,0.27409639,0.17957276,1.52638062,59.744,6.70136408,4.664125,0.00199601,upper,screening_selected_transition,numbers,minor,transition_exact_shape,accent_words
P3_A3_C0,P3_A3_C0,244,0.25792812,0.21072541,1.22400102,199.486,10.60578943,4.197142,0.00199601,upper,screening_selected_transition,numbers,minor,transition_exact_shape,accent_words
P4_A3_C0,P5_A4_C0,47,0.10021322,0.06430797,1.5583329,29.876,5.21910933,3.28102,0.00598802,upper,screening_selected_transition,numbers,minor,transition_exact_shape,accent_words
P3_A2_C0,P1_A1_C0,36,0.11688312,0.07387628,1.58214677,22.442,4.57564302,2.963081,0.00798403,upper,screening_selected_transition,numbers,minor,transition_exact_shape,accent_words
P2_A2_C0,P3_A3_C0,202,0.25030979,0.21072541,1.18784814,171.182,10.69830751,2.880643,0.00598802,upper,screening_selected_transition,numbers,minor,transition_exact_shape,accent_words
P4_A4_C0,P1_A1_C0,50,0.10822511,0.07387628,1.46495071,34.316,5.47504303,2.864635,0.00399202,upper,screening_selected_transition,numbers,minor,transition_exact_shape,accent_words
P2_A2_C0,P5_A5_C0,51,0.06319703,0.0458389,1.37867687,36.87,5.39994619,2.616693,0.00399202,upper,screening_selected_transition,numbers,minor,transition_exact_shape,accent_words
P2_A2_C0,P1_A1_C0,77,0.09541512,0.07387628,1.29155283,59.314,6.90556135,2.561124,0.00199601,upper,screening_selected_transition,numbers,minor,transition_exact_shape,accent_words
P5_A5_C0,P4_A4_C0,31,0.15048544,0.10280374,1.46381289,21.42,4.20225152,2.27973,0.02994012,upper,screening_selected_transition,numbers,minor,transition_exact_shape,accent_words
P3_A2_C0,P4_A4_C0,41,0.13311688,0.10280374,1.29486423,31.632,5.34468965,1.752768,0.03992016,upper,screening_selected_transition,numbers,minor,transition_exact_shape,accent_words
P3_A3_C0,P3_A2_C0,76,0.08033827,0.06853583,1.17220834,65.102,6.82530333,1.596706,0.07185629,upper,screening_selected_transition,numbers,minor,transition_exact_shape,accent_words
P4_A3_C0,P3_A2_C0,40,0.08528785,0.06853583,1.24442721,32.114,5.38916414,1.463307,0.08982036,upper,screening_selected_transition,numbers,minor,transition_exact_shape,accent_words
P5_A4_C0,P5_A4_C0,24,0.08304498,0.06430797,1.29136385,18.418,3.87883574,1.439092,0.09780439,upper,screening_selected_transition,numbers,minor,transition_exact_shape,accent_words
P3_A2_C0,P2_A2_C0,65,0.21103896,0.17957276,1.17522812,55.108,6.90940053,1.431673,0.08183633,upper,screening_selected_transition,numbers,minor,transition_exact_shape,accent_words
P5_A5_C0,P2_A2_C0,44,0.21359223,0.17957276,1.18944671,36.932,5.28158748,1.338234,0.10179641,upper,screening_selected_transition,numbers,minor,transition_exact_shape,accent_words
P5_A4_C0,P3_A2_C0,25,0.08650519,0.06853583,1.26218937,19.766,4.06697979,1.28695,0.13173653,upper,screening_selected_transition,numbers,minor,transition_exact_shape,accent_words
P1_A1_C0,P3_A2_C0,25,0.0753012,0.06853583,1.09871303,22.576,4.19421111,0.577939,0.3253493,upper,screening_selected_transition,numbers,minor,transition_exact_shape,accent_words
P1_A1_C0,P4_A4_C0,37,0.11144578,0.10280374,1.08406353,34.372,5.18298589,0.507044,0.34530938,upper,screening_selected_transition,numbers,minor,transition_exact_shape,accent_words
P4_A4_C0,P5_A4_C0,32,0.06926407,0.06430797,1.07706826,29.818,5.0050952,0.435956,0.36526946,upper,screening_selected_transition,numbers,minor,transition_exact_shape,accent_words
P4_A3_C0,P4_A3_C0,50,0.10660981,0.10436137,1.02154473,48.206,5.87474163,0.305375,0.41716567,upper,screening_selected_transition,numbers,minor,transition_exact_shape,accent_words
P3_A3_C0,P4_A3_C0,101,0.10676533,0.10436137,1.02303493,98.54,8.16736259,0.301199,0.38722555,upper,screening_selected_transition,numbers,minor,transition_exact_shape,accent_words
P3_A3_C0,P5_A5_C0,45,0.04756871,0.0458389,1.03773682,43.708,6.0726015,0.212759,0.41317365,upper,screening_selected_transition,numbers,minor,transition_exact_shape,accent_words
P4_A4_C0,P2_A2_C0,84,0.18181818,0.17957276,1.01250422,82.626,7.83843135,0.17529,0.44311377,upper,screening_selected_transition,numbers,minor,transition_exact_shape,accent_words
P5_A4_C0,P2_A2_C0,52,0.1799308,0.17957276,1.0019938,52.082,6.15459455,-0.013323,0.53692615,upper,screening_selected_transition,numbers,minor,transition_exact_shape,accent_words
P5_A4_C0,P4_A3_C0,30,0.10380623,0.10436137,0.99468058,30.662,4.97325069,-0.133112,0.58083832,upper,screening_selected_transition,numbers,minor,transition_exact_shape,accent_words
P3_A3_C0,P4_A4_C0,95,0.10042283,0.10280374,0.97684028,96.578,8.3277018,-0.189488,0.56087824,upper,screening_selected_transition,numbers,minor,transition_exact_shape,accent_words
P2_A2_C0,P2_A2_C0,141,0.17472119,0.17957276,0.97298268,144.722,9.98017654,-0.372939,0.65868263,upper,screening_selected_transition,numbers,minor,transition_exact_shape,accent_words
P3_A2_C0,P4_A3_C0,30,0.0974026,0.10436137,0.93332041,32.172,5.37067074,-0.404419,0.68263473,upper,screening_selected_transition,numbers,minor,transition_exact_shape,accent_words
P4_A4_C0,P4_A4_C0,45,0.0974026,0.10280374,0.94746163,47.488,6.07516842,-0.409536,0.68063872,upper,screening_selected_transition,numbers,minor,transition_exact_shape,accent_words
P4_A4_C0,P4_A3_C0,44,0.0952381,0.10436137,0.91257996,48.52,6.38522844,-0.707884,0.76247505,upper,screening_selected_transition,numbers,minor,transition_exact_shape,accent_words
P4_A4_C0,P3_A2_C0,28,0.06060606,0.06853583,0.88429752,31.626,5.01561929,-0.722942,0.79041916,upper,screening_selected_transition,numbers,minor,transition_exact_shape,accent_words
P2_A2_C0,P3_A2_C0,49,0.06071871,0.06853583,0.8859412,54.836,6.70455114,-0.870453,0.83832335,upper,screening_selected_transition,numbers,minor,transition_exact_shape,accent_words
P1_A1_C0,P4_A3_C0,30,0.09036145,0.10436137,0.86585147,34.838,5.46218151,-0.885727,0.84630739,upper,screening_selected_transition,numbers,minor,transition_exact_shape,accent_words
P2_A2_C0,P4_A4_C0,76,0.09417596,0.10280374,0.91607525,83.206,7.78155957,-0.926035,0.81836327,upper,screening_selected_transition,numbers,minor,transition_exact_shape,accent_words
P4_A4_C0,P3_A3_C0,89,0.19264069,0.21072541,0.91417875,97.186,8.08518054,-1.01247,0.8742515,upper,screening_selected_transition,numbers,minor,transition_exact_shape,accent_words
P3_A3_C0,P2_A2_C0,158,0.16701903,0.17957276,0.93009109,169.554,10.56249101,-1.093871,0.86626747,upper,screening_selected_transition,numbers,minor,transition_exact_shape,accent_words
P1_A1_C0,P3_A3_C0,61,0.18373494,0.21072541,0.87191639,69.692,7.36108056,-1.180805,0.88822355,upper,screening_selected_transition,numbers,minor,transition_exact_shape,accent_words
P5_A4_C0,P4_A4_C0,23,0.07958478,0.10280374,0.77414281,29.414,5.03480909,-1.273931,0.91816367,upper,screening_selected_transition,numbers,minor,transition_exact_shape,accent_words
P4_A3_C0,P3_A3_C0,88,0.18763326,0.21072541,0.89041592,98.184,7.90918798,-1.287616,0.91616766,upper,screening_selected_transition,numbers,minor,transition_exact_shape,accent_words
P5_A5_C0,P3_A3_C0,35,0.16990291,0.21072541,0.80627634,42.962,5.60744531,-1.419898,0.94411178,upper,screening_selected_transition,numbers,minor,transition_exact_shape,accent_words
P5_A4_C0,P3_A3_C0,51,0.17647059,0.21072541,0.83744332,60.888,6.92498135,-1.427874,0.93612774,upper,screening_selected_transition,numbers,minor,transition_exact_shape,accent_words
P2_A2_C0,P4_A3_C0,72,0.08921933,0.10436137,0.85490762,83.954,8.14251097,-1.468097,0.93812375,upper,screening_selected_transition,numbers,minor,transition_exact_shape,accent_words
P4_A3_C0,P1_A1_C0,27,0.0575693,0.07387628,0.77926632,35.012,5.44381541,-1.471762,0.94610778,upper,screening_selected_transition,numbers,minor,transition_exact_shape,accent_words
P3_A3_C0,P5_A4_C0,50,0.05285412,0.06430797,0.82189075,61.238,6.95918217,-1.614845,0.95409182,upper,screening_selected_transition,numbers,minor,transition_exact_shape,accent_words
P4_A3_C0,P2_A2_C0,70,0.14925373,0.17957276,0.83116018,84.706,8.06931172,-1.82246,0.9740519,upper,screening_selected_transition,numbers,minor,transition_exact_shape,accent_words
P3_A2_C0,P3_A3_C0,52,0.16883117,0.21072541,0.80119036,64.758,6.64739134,-1.919249,0.98403194,upper,screening_selected_transition,numbers,minor,transition_exact_shape,accent_words
P4_A3_C0,P4_A4_C0,36,0.07675906,0.10280374,0.74665633,48.568,6.36572233,-1.974324,0.98203593,upper,screening_selected_transition,numbers,minor,transition_exact_shape,accent_words
P3_A3_C0,P1_A1_C0,56,0.05919662,0.07387628,0.80129397,70.156,6.75002145,-2.097179,0.97205589,upper,screening_selected_transition,numbers,minor,transition_exact_shape,accent_words
P2_A2_C0,P5_A4_C0,37,0.04584882,0.06430797,0.71295713,51.658,6.23592893,-2.350572,0.99201597,upper,screening_selected_transition,numbers,minor,transition_exact_shape,accent_words
P<=4_A3_C1,P<=4_A3_C1,26,0.5,0.02136401,23.40384615,1.12,1.00579483,24.736655,0.00199601,upper,screening_selected_transition,numbers,major,transition_bucket_shape,accent_words
P13-15_A8+_C2,P5-6_A6-7_C2,10,0.18518519,0.00986031,18.7808642,0.62,0.78283182,11.982139,0.00199601,upper,screening_selected_transition,numbers,major,transition_bucket_shape,accent_words
P5-6_A6-7_C0,P10-12_A8+_C1,11,0.2972973,0.03944125,7.53772523,1.432,1.20842732,7.917729,0.00199601,upper,screening_selected_transition,numbers,major,transition_bucket_shape,accent_words
P<=4_A2_C0,P<=4_A2_C0,45,0.20930233,0.08833196,2.36949703,18.892,3.77847718,6.909662,0.00199601,upper,screening_selected_transition,numbers,major,transition_bucket_shape,accent_words
P10-12_A8+_C1,P5-6_A4_C0,17,0.17708333,0.05546426,3.19274691,5.36,2.20365883,5.282124,0.00199601,upper,screening_selected_transition,numbers,major,transition_bucket_shape,accent_words
P5-6_A6-7_C1,P7-9_A8+_C2,11,0.12087912,0.03286771,3.67774725,2.976,1.73130553,4.634653,0.00199601,upper,screening_selected_transition,numbers,major,transition_bucket_shape,accent_words
P<=4_A2_C0,P13-15_A8+_C2,13,0.06046512,0.0221857,2.72540913,4.676,2.00475987,4.152118,0.00199601,upper,screening_selected_transition,numbers,major,transition_bucket_shape,accent_words
P5-6_A4_C0,P5-6_A5_C1,22,0.16296296,0.0788825,2.06589506,10.502,3.0226261,3.803977,0.00199601,upper,screening_selected_transition,numbers,major,transition_bucket_shape,accent_words
P5-6_A5_C1,P<=4_A2_C0,31,0.16230366,0.08833196,1.83742847,16.708,3.83355295,3.728134,0.00399202,upper,screening_selected_transition,numbers,major,transition_bucket_shape,accent_words
P7-9_A6-7_C1,P7-9_A6-7_C1,38,0.16239316,0.09613804,1.68916648,22.186,4.38792796,3.603979,0.00199601,upper,screening_selected_transition,numbers,major,transition_bucket_shape,accent_words
P5-6_A4_C1,P7-9_A6-7_C1,13,0.23636364,0.09613804,2.45858586,5.474,2.2502113,3.344575,0.00399202,upper,screening_selected_transition,numbers,major,transition_bucket_shape,accent_words
P<=4_A2_C0,P5-6_A5_C0,20,0.09302326,0.04724733,1.96885743,10.294,3.03413512,3.198935,0.00399202,upper,screening_selected_transition,numbers,major,transition_bucket_shape,accent_words
P10-12_A8+_C2,P7-9_A8+_C2,10,0.0862069,0.03286771,2.62284483,3.898,1.97773073,3.085354,0.00998004,upper,screening_selected_transition,numbers,major,transition_bucket_shape,accent_words
P<=4_A3_C0,P5-6_A5_C1,34,0.11643836,0.0788825,1.47609874,23.352,4.16157824,2.558645,0.01197605,upper,screening_selected_transition,numbers,major,transition_bucket_shape,accent_words
P<=4_A3_C0,P10-12_A8+_C1,19,0.06506849,0.03944125,1.64975742,11.578,3.14956434,2.356516,0.02195609,upper,screening_selected_transition,numbers,major,transition_bucket_shape,accent_words
P5-6_A5_C0,P<=4_A2_C0,17,0.14782609,0.08833196,1.67352882,10.042,3.01104114,2.310829,0.0239521,upper,screening_selected_transition,numbers,major,transition_bucket_shape,accent_words
P<=4_A3_C0,P7-9_A8+_C1,12,0.04109589,0.0221857,1.85235921,6.728,2.39363217,2.202511,0.03193613,upper,screening_selected_transition,numbers,major,transition_bucket_shape,accent_words
P7-9_A6-7_C0,P<=4_A3_C0,13,0.2,0.11996713,1.66712329,7.758,2.43048359,2.156772,0.03193613,upper,screening_selected_transition,numbers,major,transition_bucket_shape,accent_words
P5-6_A4_C0,P10-12_A8+_C1,10,0.07407407,0.03944125,1.87808642,5.282,2.22449382,2.120932,0.03792415,upper,screening_selected_transition,numbers,major,transition_bucket_shape,accent_words
P7-9_A6-7_C0,P7-9_A6-7_C1,11,0.16923077,0.09613804,1.76028928,6.256,2.28931123,2.072239,0.03592814,upper,screening_selected_transition,numbers,major,transition_bucket_shape,accent_words
P7-9_A8+_C2,P<=4_A3_C0,15,0.1875,0.11996713,1.56292808,9.34,2.81429218,2.011163,0.04191617,upper,screening_selected_transition,numbers,major,transition_bucket_shape,accent_words
P7-9_A6-7_C1,P7-9_A6-7_C2,10,0.04273504,0.02506163,1.70519826,6.028,2.45586615,1.617352,0.08782435,upper,screening_selected_transition,numbers,major,transition_bucket_shape,accent_words
P10-12_A8+_C2,P<=4_A3_C0,19,0.1637931,0.11996713,1.36531649,14.078,3.35834378,1.465603,0.10179641,upper,screening_selected_transition,numbers,major,transition_bucket_shape,accent_words
P10-12_A8+_C1,P<=4_A3_C0,16,0.16666667,0.11996713,1.38926941,11.55,3.23611571,1.375105,0.11776447,upper,screening_selected_transition,numbers,major,transition_bucket_shape,accent_words
P<=4_A3_C0,P5-6_A4_C0,20,0.06849315,0.05546426,1.23490614,16.292,3.58335274,1.034785,0.17165669,upper,screening_selected_transition,numbers,major,transition_bucket_shape,accent_words
P7-9_A6-7_C1,P5-6_A5_C0,14,0.05982906,0.04724733,1.26629506,10.906,3.07442159,1.006368,0.19361277,upper,screening_selected_transition,numbers,major,transition_bucket_shape,accent_words
P5-6_A5_C1,P5-6_A5_C1,18,0.09424084,0.0788825,1.19469895,15.214,3.69858934,0.75326,0.27145709,upper,screening_selected_transition,numbers,major,transition_bucket_shape,accent_words
P<=4_A3_C0,P<=4_A3_C0,38,0.13013699,0.11996713,1.084772,34.61,5.21692751,0.649808,0.29141717,upper,screening_selected_transition,numbers,major,transition_bucket_shape,accent_words
P10-12_A8+_C2,P7-9_A6-7_C1,13,0.11206897,0.09613804,1.16570881,11.106,3.15256107,0.600781,0.32335329,upper,screening_selected_transition,numbers,major,transition_bucket_shape,accent_words
P7-9_A6-7_C1,P10-12_A8+_C2,13,0.05555556,0.04765818,1.16570881,11.138,3.23293361,0.575947,0.33732535,upper,screening_selected_transition,numbers,major,transition_bucket_shape,accent_words
P<=4_A4_C0,P<=4_A2_C0,11,0.10280374,0.08833196,1.16383395,9.392,2.96849455,0.541689,0.32934132,upper,screening_selected_transition,numbers,major,transition_bucket_shape,accent_words
P5-6_A5_C1,P<=4_A4_C0,10,0.05235602,0.04396056,1.19097715,8.546,2.71119626,0.536295,0.35928144,upper,screening_selected_transition,numbers,major,transition_bucket_shape,accent_words
P7-9_A6-7_C1,P5-6_A5_C1,19,0.08119658,0.0788825,1.02933583,18.364,3.96572287,0.160374,0.46906188,upper,screening_selected_transition,numbers,major,transition_bucket_shape,accent_words
P<=4_A4_C0,P7-9_A6-7_C1,11,0.10280374,0.09613804,1.06933461,10.546,3.08981843,0.146934,0.49101796,upper,screening_selected_transition,numbers,major,transition_bucket_shape,accent_words
P<=4_A3_C0,P10-12_A8+_C2,14,0.04794521,0.04765818,1.00602267,13.606,3.40969442,0.115553,0.49301397,upper,screening_selected_transition,numbers,major,transition_bucket_shape,accent_words
P7-9_A6-7_C1,P5-6_A4_C0,13,0.05555556,0.05546426,1.00164609,12.984,3.48942634,0.004585,0.53892216,upper,screening_selected_transition,numbers,major,transition_bucket_shape,accent_words
P5-6_A5_C0,P<=4_A3_C0,13,0.11304348,0.11996713,0.94228708,13.416,3.28275753,-0.126723,0.61477046,upper,screening_selected_transition,numbers,major,transition_bucket_shape,accent_words
P5-6_A5_C1,P5-6_A4_C0,10,0.05235602,0.05546426,0.94395967,10.654,3.1410215,-0.208213,0.64271457,upper,screening_selected_transition,numbers,major,transition_bucket_shape,accent_words
P<=4_A3_C0,P5-6_A5_C0,13,0.04452055,0.04724733,0.94228708,13.802,3.53947054,-0.226588,0.63073852,upper,screening_selected_transition,numbers,major,transition_bucket_shape,accent_words
P<=4_A2_C0,P5-6_A5_C1,16,0.0744186,0.0788825,0.94341085,16.89,3.77337737,-0.235863,0.62874251,upper,screening_selected_transition,numbers,major,transition_bucket_shape,accent_words
P<=4_A3_C0,P5-6_A6-7_C1,10,0.03424658,0.03738702,0.91600181,10.79,3.03716129,-0.260111,0.64271457,upper,screening_selected_transition,numbers,major,transition_bucket_shape,accent_words
P5-6_A6-7_C1,P<=4_A3_C0,10,0.10989011,0.11996713,0.91600181,10.868,3.04122905,-0.285411,0.66666667,upper,screening_selected_transition,numbers,major,transition_bucket_shape,accent_words
P5-6_A5_C1,P7-9_A6-7_C1,17,0.08900524,0.09613804,0.9258066,18.392,3.84654752,-0.361883,0.66467066,upper,screening_selected_transition,numbers,major,transition_bucket_shape,accent_words
P<=4_A2_C0,P<=4_A3_C0,23,0.10697674,0.11996713,0.89171711,25.978,4.51245393,-0.659951,0.78243513,upper,screening_selected_transition,numbers,major,transition_bucket_shape,accent_words
P5-6_A5_C1,P<=4_A3_C0,19,0.09947644,0.11996713,0.82919745,22.494,4.15891297,-0.840123,0.81836327,upper,screening_selected_transition,numbers,major,transition_bucket_shape,accent_words
P<=4_A3_C0,P7-9_A6-7_C1,24,0.08219178,0.09613804,0.85493502,28.216,4.93010709,-0.855154,0.81836327,upper,screening_selected_transition,numbers,major,transition_bucket_shape,accent_words
P7-9_A6-7_C1,P<=4_A3_C0,24,0.1025641,0.11996713,0.85493502,28.23,4.65019878,-0.909639,0.83233533,upper,screening_selected_transition,numbers,major,transition_bucket_shape,accent_words
P<=4_A3_C0,P<=4_A2_C0,19,0.06506849,0.08833196,0.73663587,25.738,4.5213096,-1.490276,0.93612774,upper,screening_selected_transition,numbers,major,transition_bucket_shape,accent_words
P5-6_A4_C0,P<=4_A3_C0,11,0.08148148,0.11996713,0.67919838,16.446,3.62289038,-1.50322,0.95608782,upper,screening_selected_transition,numbers,major,transition_bucket_shape,accent_words
P7-9_A6-7_C1,P<=4_A2_C0,14,0.05982906,0.08833196,0.67732061,20.786,4.14131682,-1.638609,0.96207585,upper,screening_selected_transition,numbers,major,transition_bucket_shape,accent_words
P4_A3_C1,P4_A3_C1,9,0.64285714,0.00575185,111.76530612,0.09,0.29338055,30.370112,0.00199601,upper,screening_selected_transition,numbers,major,transition_exact_shape,accent_words
P14_A14_C2,P6_A6_C2,10,0.90909091,0.00986031,92.1969697,0.138,0.37314135,26.429662,0.00199601,upper,screening_selected_transition,numbers,major,transition_exact_shape,accent_words
P3_A3_C1,P3_A3_C1,17,0.44736842,0.01561216,28.65512465,0.572,0.72516738,22.65408,0.00199601,upper,screening_selected_transition,numbers,major,transition_exact_shape,accent_words
P6_A6_C0,P11_A9_C1,9,0.24324324,0.00780608,31.16073969,0.29,0.52387871,16.625986,0.00199601,upper,screening_selected_transition,numbers,major,transition_exact_shape,accent_words
P3_A2_C0,P14_A14_C2,9,0.14754098,0.00451931,32.64679583,0.284,0.52525783,16.593755,0.00199601,upper,screening_selected_transition,numbers,major,transition_exact_shape,accent_words
P6_A6_C2,P6_A6_C0,9,0.375,0.01520131,24.66891892,0.394,0.60621696,14.196238,0.00199601,upper,screening_selected_transition,numbers,major,transition_exact_shape,accent_words
P4_A3_C0,P12_A12_C1,6,0.05555556,0.00287592,19.31746032,0.328,0.55229164,10.269936,0.00199601,upper,screening_selected_transition,numbers,major,transition_exact_shape,accent_words
P2_A2_C0,P2_A2_C0,36,0.24827586,0.05957272,4.16760999,8.522,2.73358024,10.052019,0.00199601,upper,screening_selected_transition,numbers,major,transition_exact_shape,accent_words
P12_A12_C1,P5_A4_C0,6,0.85714286,0.04930156,17.38571429,0.35,0.57980371,9.744677,0.00199601,upper,screening_selected_transition,numbers,major,transition_exact_shape,accent_words
P11_A9_C1,P4_A3_C0,9,0.47368421,0.04437141,10.6754386,0.814,0.89498939,9.146477,0.00199601,upper,screening_selected_transition,numbers,major,transition_exact_shape,accent_words
P5_A4_C1,P5_A4_C1,7,0.18918919,0.01520131,12.44558072,0.542,0.73574359,8.777514,0.00199601,upper,screening_selected_transition,numbers,major,transition_exact_shape,accent_words
P6_A6_C1,P9_A9_C2,9,0.0989011,0.0115037,8.59733124,1.002,0.98383528,8.12941,0.00199601,upper,screening_selected_transition,numbers,major,transition_exact_shape,accent_words
P9_A9_C2,P3_A3_C0,12,0.42857143,0.07559573,5.66925466,2.12,1.38904965,7.112777,0.00199601,upper,screening_selected_transition,numbers,major,transition_exact_shape,accent_words
P5_A5_C1,P3_A2_C0,13,0.12037037,0.02506163,4.80297511,2.654,1.53198497,6.75333,0.00199601,upper,screening_selected_transition,numbers,major,transition_exact_shape,accent_words
P2_A2_C0,P5_A5_C0,15,0.10344828,0.03163517,3.2700403,4.76,2.1972838,4.660299,0.00199601,upper,screening_selected_transition,numbers,major,transition_exact_shape,accent_words
P6_A5_C1,P2_A2_C0,13,0.15662651,0.05957272,2.62916494,4.726,2.12319097,3.896965,0.00199601,upper,screening_selected_transition,numbers,major,transition_exact_shape,accent_words
P5_A4_C0,P6_A5_C1,11,0.09166667,0.03410025,2.68815261,4.07,2.03109594,3.411951,0.00998004,upper,screening_selected_transition,numbers,major,transition_exact_shape,accent_words
P5_A5_C1,P6_A6_C0,6,0.05555556,0.01520131,3.65465465,1.734,1.30639095,3.265485,0.00798403,upper,screening_selected_transition,numbers,major,transition_exact_shape,accent_words
P3_A3_C0,P3_A3_C0,25,0.13586957,0.07559573,1.79731805,13.862,3.47665504,3.203654,0.00598802,upper,screening_selected_transition,numbers,major,transition_exact_shape,accent_words
P4_A4_C0,P3_A2_C0,7,0.06542056,0.02506163,2.61038762,2.736,1.57711083,2.703678,0.01796407,upper,screening_selected_transition,numbers,major,transition_exact_shape,accent_words
P5_A5_C0,P2_A2_C0,10,0.12987013,0.05957272,2.18002687,4.62,2.01785616,2.666196,0.00998004,upper,screening_selected_transition,numbers,major,transition_exact_shape,accent_words
P3_A3_C0,P8_A7_C1,8,0.04347826,0.01889893,2.30056711,3.492,1.76072038,2.560316,0.0259481,upper,screening_selected_transition,numbers,major,transition_exact_shape,accent_words
P5_A5_C0,P6_A6_C1,7,0.09090909,0.03738702,2.43156843,3.0,1.59909794,2.50141,0.0259481,upper,screening_selected_transition,numbers,major,transition_exact_shape,accent_words
P7_A7_C1,P4_A3_C0,6,0.10169492,0.04437141,2.29190207,2.622,1.56204865,2.162545,0.05389222,upper,screening_selected_transition,numbers,major,transition_exact_shape,accent_words
P5_A5_C1,P5_A5_C1,9,0.08333333,0.04478225,1.86085627,4.94,2.12165096,1.913604,0.0499002,upper,screening_selected_transition,numbers,major,transition_exact_shape,accent_words
P3_A3_C0,P5_A5_C0,10,0.05434783,0.03163517,1.71795596,5.67,2.36225751,1.832992,0.05588822,upper,screening_selected_transition,numbers,major,transition_exact_shape,accent_words
P5_A4_C0,P5_A5_C1,9,0.075,0.04478225,1.67477064,5.23,2.15089579,1.752758,0.07984032,upper,screening_selected_transition,numbers,major,transition_exact_shape,accent_words
P3_A3_C0,P5_A5_C1,13,0.07065217,0.04478225,1.57768249,8.294,2.71335375,1.734385,0.07185629,upper,screening_selected_transition,numbers,major,transition_exact_shape,accent_words
P4_A3_C0,P5_A4_C0,9,0.08333333,0.04930156,1.69027778,5.314,2.22560343,1.65618,0.08782435,upper,screening_selected_transition,numbers,major,transition_exact_shape,accent_words
P4_A4_C0,P6_A6_C1,7,0.06542056,0.03738702,1.74982027,3.992,1.95026744,1.542353,0.11177645,upper,screening_selected_transition,numbers,major,transition_exact_shape,accent_words
P5_A5_C1,P6_A6_C1,7,0.06481481,0.03738702,1.73361823,4.014,1.9363116,1.542107,0.0998004,upper,screening_selected_transition,numbers,major,transition_exact_shape,accent_words
P4_A4_C0,P5_A5_C0,6,0.05607477,0.03163517,1.77254521,3.432,1.68375951,1.525158,0.1257485,upper,screening_selected_transition,numbers,major,transition_exact_shape,accent_words
P3_A3_C0,P6_A5_C1,10,0.05434783,0.03410025,1.59376637,6.354,2.45044759,1.487891,0.10778443,upper,screening_selected_transition,numbers,major,transition_exact_shape,accent_words
P5_A5_C0,P4_A4_C0,6,0.07792208,0.04396056,1.77254521,3.342,1.84495086,1.440689,0.13373253,upper,screening_selected_transition,numbers,major,transition_exact_shape,accent_words
P5_A5_C1,P4_A4_C0,7,0.06481481,0.04396056,1.4743856,4.924,2.0303864,1.022465,0.18962076,upper,screening_selected_transition,numbers,major,transition_exact_shape,accent_words
P4_A3_C0,P5_A5_C1,7,0.06481481,0.04478225,1.44733265,4.874,2.08874357,1.017837,0.18562874,upper,screening_selected_transition,numbers,major,transition_exact_shape,accent_words
P3_A3_C0,P6_A6_C1,9,0.04891304,0.03738702,1.30828954,6.838,2.35857622,0.916655,0.23552894,upper,screening_selected_transition,numbers,major,transition_exact_shape,accent_words
P6_A5_C1,P3_A3_C0,8,0.09638554,0.07559573,1.2750131,6.1,2.30838847,0.823085,0.249501,upper,screening_selected_transition,numbers,major,transition_exact_shape,accent_words
P7_A7_C1,P3_A3_C0,6,0.10169492,0.07559573,1.34524687,4.458,2.06318916,0.747387,0.29740519,upper,screening_selected_transition,numbers,major,transition_exact_shape,accent_words
P4_A4_C0,P4_A4_C0,6,0.05607477,0.04396056,1.27556992,4.764,2.03484279,0.607418,0.31936128,upper,screening_selected_transition,numbers,major,transition_exact_shape,accent_words
P2_A2_C0,P3_A3_C0,13,0.08965517,0.07559573,1.18598201,11.1,3.19349288,0.59496,0.33532934,upper,screening_selected_transition,numbers,major,transition_exact_shape,accent_words
P3_A3_C0,P2_A2_C0,12,0.06521739,0.05957272,1.09475262,11.054,3.17856738,0.297618,0.4510978,upper,screening_selected_transition,numbers,major,transition_exact_shape,accent_words
P6_A6_C1,P3_A3_C0,7,0.07692308,0.07559573,1.01755853,6.87,2.41842875,0.053754,0.55489022,upper,screening_selected_transition,numbers,major,transition_exact_shape,accent_words
P5_A4_C0,P5_A4_C0,6,0.05,0.04930156,1.01416667,5.902,2.31584158,0.042317,0.52694611,upper,screening_selected_transition,numbers,major,transition_exact_shape,accent_words
P3_A3_C0,P5_A4_C0,9,0.04891304,0.04930156,0.99211957,9.182,2.82929068,-0.064327,0.55688623,upper,screening_selected_transition,numbers,major,transition_exact_shape,accent_words
P5_A5_C1,P5_A4_C0,5,0.0462963,0.04930156,0.93904321,5.372,2.24045873,-0.166037,0.61477046,upper,screening_selected_transition,numbers,major,transition_exact_shape,accent_words
P5_A4_C0,P3_A3_C0,8,0.06666667,0.07559573,0.88188406,9.12,2.81379368,-0.398039,0.71457086,upper,screening_selected_transition,numbers,major,transition_exact_shape,accent_words
P4_A3_C0,P3_A3_C0,6,0.05555556,0.07559573,0.73490338,8.05,2.67316135,-0.766882,0.82235529,upper,screening_selected_transition,numbers,major,transition_exact_shape,accent_words
P4_A4_C0,P3_A3_C0,6,0.05607477,0.07559573,0.74177164,8.286,2.64843963,-0.86315,0.86027944,upper,screening_selected_transition,numbers,major,transition_exact_shape,accent_words
P3_A3_C0,P4_A4_C0,5,0.02717391,0.04396056,0.61814303,8.108,2.69199362,-1.154535,0.92215569,upper,screening_selected_transition,numbers,major,transition_exact_shape,accent_words
P<=4_A3_C1,P<=4_A3_C1,7,0.77777778,0.00701481,110.87654321,0.062,0.24139707,28.741028,0.00199601,upper,screening_selected_transition,numbers,verse,transition_bucket_shape,accent_words
P5-6_A4_C1,P5-6_A4_C1,6,0.5,0.00935308,53.45833333,0.082,0.29572099,20.012107,0.00199601,upper,screening_selected_transition,numbers,verse,transition_bucket_shape,accent_words
P<=4_A3_C0,P16-18_A8+_C1,11,0.78571429,0.02416212,32.51843318,0.318,0.57054978,18.722293,0.00199601,upper,screening_selected_transition,numbers,verse,transition_bucket_shape,accent_words
P<=4_A4_C0,P<=4_A4_C0,7,0.5,0.01091193,45.82142857,0.156,0.38983065,17.556341,0.00199601,upper,screening_selected_transition,numbers,verse,transition_bucket_shape,accent_words
P10-12_A8+_C1,P<=4_A3_C0,9,0.07964602,0.01091193,7.29898862,1.172,1.0161107,7.703885,0.00199601,upper,screening_selected_transition,numbers,verse,transition_bucket_shape,accent_words
P16-18_A8+_C1,P7-9_A6-7_C1,10,0.3125,0.04910366,6.3640873,1.538,1.19474299,7.082695,0.00199601,upper,screening_selected_transition,numbers,verse,transition_bucket_shape,accent_words
P19-24_A8+_C4+,P5-6_A6-7_C0,9,0.13235294,0.020265,6.5311086,1.382,1.14835248,6.633852,0.00199601,upper,screening_selected_transition,numbers,verse,transition_bucket_shape,accent_words
P7-9_A6-7_C1,P19-24_A8+_C4+,13,0.20634921,0.05300078,3.893324,3.222,1.67521003,5.83688,0.00199601,upper,screening_selected_transition,numbers,verse,transition_bucket_shape,accent_words
P13-15_A8+_C3,P7-9_A8+_C0,7,0.14285714,0.02650039,5.3907563,1.296,1.10943485,5.141356,0.00199601,upper,screening_selected_transition,numbers,verse,transition_bucket_shape,accent_words
P7-9_A8+_C0,P13-15_A8+_C3,7,0.20588235,0.03819174,5.3907563,1.228,1.132511,5.096639,0.00199601,upper,screening_selected_transition,numbers,verse,transition_bucket_shape,accent_words
P7-9_A6-7_C0,P7-9_A8+_C1,10,0.15625,0.04053001,3.85516827,2.562,1.52670155,4.871941,0.00199601,upper,screening_selected_transition,numbers,verse,transition_bucket_shape,accent_words
P5-6_A6-7_C0,P10-12_A8+_C1,9,0.34615385,0.08807482,3.93022464,2.272,1.39639387,4.818125,0.00199601,upper,screening_selected_transition,numbers,verse,transition_bucket_shape,accent_words
P13-15_A8+_C2,P5-6_A6-7_C0,7,0.06666667,0.020265,3.28974359,2.168,1.3384165,3.610236,0.00399202,upper,screening_selected_transition,numbers,verse,transition_bucket_shape,accent_words
P7-9_A8+_C1,P10-12_A8+_C0,6,0.11538462,0.03195635,3.61069418,1.678,1.28904588,3.352867,0.00798403,upper,screening_selected_transition,numbers,verse,transition_bucket_shape,accent_words
P19-24_A8+_C2,P19-24_A8+_C3,6,0.12244898,0.03897116,3.14204082,1.938,1.37911563,2.945366,0.01397206,upper,screening_selected_transition,numbers,verse,transition_bucket_shape,accent_words
P13-15_A8+_C1,P19-24_A8+_C3,6,0.10169492,0.03897116,2.60949153,2.286,1.43677857,2.584949,0.0239521,upper,screening_selected_transition,numbers,verse,transition_bucket_shape,accent_words
P16-18_A8+_C2,P19-24_A8+_C2,6,0.09677419,0.03819174,2.53390388,2.482,1.46217369,2.406007,0.03792415,upper,screening_selected_transition,numbers,verse,transition_bucket_shape,accent_words
P7-9_A8+_C1,P13-15_A8+_C1,6,0.11538462,0.04598597,2.50912647,2.47,1.47290152,2.39663,0.02994012,upper,screening_selected_transition,numbers,verse,transition_bucket_shape,accent_words
P7-9_A6-7_C1,P7-9_A6-7_C1,7,0.11111111,0.04910366,2.2627866,3.09,1.74699857,2.238124,0.03792415,upper,screening_selected_transition,numbers,verse,transition_bucket_shape,accent_words
P10-12_A8+_C2,P13-15_A8+_C2,11,0.14666667,0.08183944,1.79212698,6.094,2.32981116,2.10575,0.03792415,upper,screening_selected_transition,numbers,verse,transition_bucket_shape,accent_words
P5-6_A4_C0,P16-18_A8+_C2,5,0.11111111,0.04910366,2.2627866,2.26,1.4438037,1.897765,0.06986028,upper,screening_selected_transition,numbers,verse,transition_bucket_shape,accent_words
P16-18_A8+_C2,P10-12_A8+_C2,7,0.11290323,0.05845674,1.93139785,3.688,1.84321754,1.796858,0.07185629,upper,screening_selected_transition,numbers,verse,transition_bucket_shape,accent_words
P10-12_A8+_C2,P7-9_A8+_C1,6,0.08,0.04053001,1.97384615,3.114,1.66449545,1.733859,0.08582834,upper,screening_selected_transition,numbers,verse,transition_bucket_shape,accent_words
P13-15_A8+_C2,P10-12_A8+_C1,14,0.13333333,0.08807482,1.51386431,9.174,2.93819502,1.642505,0.06786427,upper,screening_selected_transition,numbers,verse,transition_bucket_shape,accent_words
P19-24_A8+_C2,P13-15_A8+_C2,7,0.14285714,0.08183944,1.74557823,4.048,1.86565198,1.582289,0.10179641,upper,screening_selected_transition,numbers,verse,transition_bucket_shape,accent_words
P10-12_A8+_C1,P16-18_A8+_C2,9,0.07964602,0.04910366,1.62199747,5.662,2.19302867,1.522096,0.0998004,upper,screening_selected_transition,numbers,verse,transition_bucket_shape,accent_words
P13-15_A8+_C2,P19-24_A8+_C2,7,0.06666667,0.03819174,1.74557823,4.15,1.87470773,1.520237,0.1257485,upper,screening_selected_transition,numbers,verse,transition_bucket_shape,accent_words
P10-12_A8+_C1,P7-9_A6-7_C0,9,0.07964602,0.04988309,1.59665376,5.634,2.2185328,1.517219,0.09780439,upper,screening_selected_transition,numbers,verse,transition_bucket_shape,accent_words
P13-15_A8+_C3,P13-15_A8+_C2,7,0.14285714,0.08183944,1.74557823,4.09,1.91970585,1.515857,0.11776447,upper,screening_selected_transition,numbers,verse,transition_bucket_shape,accent_words
P13-15_A8+_C3,P19-24_A8+_C4+,5,0.10204082,0.05300078,1.92527011,2.652,1.644477,1.42781,0.1237525,upper,screening_selected_transition,numbers,verse,transition_bucket_shape,accent_words
P13-15_A8+_C2,P16-18_A8+_C2,8,0.07619048,0.04910366,1.55162509,5.236,2.03779519,1.356368,0.13173653,upper,screening_selected_transition,numbers,verse,transition_bucket_shape,accent_words
P10-12_A8+_C1,P10-12_A8+_C0,6,0.05309735,0.03195635,1.66155839,3.554,1.84984536,1.322273,0.12974052,upper,screening_selected_transition,numbers,verse,transition_bucket_shape,accent_words
P16-18_A8+_C2,P10-12_A8+_C1,8,0.12903226,0.08807482,1.46502997,5.378,2.01674255,1.300116,0.14770459,upper,screening_selected_transition,numbers,verse,transition_bucket_shape,accent_words
P19-24_A8+_C3,P13-15_A8+_C2,6,0.12,0.08183944,1.46628571,3.982,1.86993832,1.07918,0.18762475,upper,screening_selected_transition,numbers,verse,transition_bucket_shape,accent_words
P10-12_A8+_C1,P10-12_A8+_C2,9,0.07964602,0.05845674,1.36247788,6.564,2.34966932,1.036742,0.18962076,upper,screening_selected_transition,numbers,verse,transition_bucket_shape,accent_words
P7-9_A8+_C1,P13-15_A8+_C2,6,0.11538462,0.08183944,1.40989011,4.2,1.93066178,0.932323,0.25548902,upper,screening_selected_transition,numbers,verse,transition_bucket_shape,accent_words
P13-15_A8+_C2,P13-15_A8+_C2,11,0.1047619,0.08183944,1.2800907,8.414,2.78462066,0.928672,0.19760479,upper,screening_selected_transition,numbers,verse,transition_bucket_shape,accent_words
P10-12_A8+_C1,P13-15_A8+_C1,7,0.0619469,0.04598597,1.34708265,5.272,2.11825163,0.815767,0.26946108,upper,screening_selected_transition,numbers,verse,transition_bucket_shape,accent_words
P5-6_A4_C0,P13-15_A8+_C2,5,0.11111111,0.08183944,1.35767196,3.646,1.89098801,0.716028,0.31536926,upper,screening_selected_transition,numbers,verse,transition_bucket_shape,accent_words
P13-15_A8+_C2,P13-15_A8+_C1,6,0.05714286,0.04598597,1.24261501,4.778,2.04084446,0.598772,0.37325349,upper,screening_selected_transition,numbers,verse,transition_bucket_shape,accent_words
P10-12_A8+_C2,P10-12_A8+_C2,5,0.06666667,0.05845674,1.14044444,4.232,1.80795836,0.424789,0.43512974,upper,screening_selected_transition,numbers,verse,transition_bucket_shape,accent_words
P19-24_A8+_C4+,P13-15_A8+_C2,6,0.08823529,0.08183944,1.07815126,5.588,2.26196573,0.182142,0.46706587,upper,screening_selected_transition,numbers,verse,transition_bucket_shape,accent_words
P7-9_A6-7_C0,P10-12_A8+_C1,6,0.09375,0.08807482,1.06443584,5.66,2.1646643,0.157068,0.51896208,upper,screening_selected_transition,numbers,verse,transition_bucket_shape,accent_words
P13-15_A8+_C1,P13-15_A8+_C2,5,0.08474576,0.08183944,1.03551251,4.878,2.21017777,0.055199,0.54491018,upper,screening_selected_transition,numbers,verse,transition_bucket_shape,accent_words
P10-12_A8+_C1,P19-24_A8+_C4+,6,0.05309735,0.05300078,1.00182197,6.044,2.36500539,-0.018605,0.58682635,upper,screening_selected_transition,numbers,verse,transition_bucket_shape,accent_words
P19-24_A8+_C4+,P10-12_A8+_C1,6,0.08823529,0.08807482,1.00182197,6.048,2.27597366,-0.02109,0.55289421,upper,screening_selected_transition,numbers,verse,transition_bucket_shape,accent_words
P13-15_A8+_C1,P10-12_A8+_C1,5,0.08474576,0.08807482,0.96220189,5.22,2.13276754,-0.103152,0.61676647,upper,screening_selected_transition,numbers,verse,transition_bucket_shape,accent_words
P13-15_A8+_C2,P7-9_A6-7_C0,5,0.04761905,0.04988309,0.9546131,5.23,2.13405914,-0.107776,0.61477046,upper,screening_selected_transition,numbers,verse,transition_bucket_shape,accent_words
P10-12_A8+_C2,P10-12_A8+_C1,5,0.06666667,0.08807482,0.75693215,6.782,2.34723135,-0.759192,0.83233533,upper,screening_selected_transition,numbers,verse,transition_bucket_shape,accent_words
P10-12_A8+_C1,P10-12_A8+_C1,7,0.0619469,0.08807482,0.70334404,9.886,2.89512824,-0.996847,0.88423154,upper,screening_selected_transition,numbers,verse,transition_bucket_shape,accent_words
P4_A3_C1,P4_A3_C1,7,0.77777778,0.00701481,110.87654321,0.062,0.24139707,28.741028,0.00199601,upper,screening_selected_transition,numbers,verse,transition_exact_shape,accent_words
P4_A3_C0,P17_A16_C1,6,0.5,0.00467654,106.91666667,0.066,0.25646745,23.137439,0.00199601,upper,screening_selected_transition,numbers,verse,transition_exact_shape,accent_words
P5_A4_C1,P5_A4_C1,6,0.5,0.00935308,53.45833333,0.082,0.29572099,20.012107,0.00199601,upper,screening_selected_transition,numbers,verse,transition_exact_shape,accent_words
P11_A9_C1,P4_A3_C0,9,0.45,0.00935308,48.1125,0.194,0.44357357,19.8524,0.00199601,upper,screening_selected_transition,numbers,verse,transition_exact_shape,accent_words
P15_A15_C3,P8_A8_C0,7,0.63636364,0.01247077,51.02840909,0.13,0.38652141,17.773919,0.00199601,upper,screening_selected_transition,numbers,verse,transition_exact_shape,accent_words
P4_A4_C0,P4_A4_C0,7,0.5,0.01091193,45.82142857,0.156,0.38983065,17.556341,0.00199601,upper,screening_selected_transition,numbers,verse,transition_exact_shape,accent_words
P8_A7_C1,P20_A20_C4,7,0.30434783,0.00935308,32.53985507,0.196,0.42655351,15.951105,0.00199601,upper,screening_selected_transition,numbers,verse,transition_exact_shape,accent_words
P20_A20_C4,P6_A6_C0,8,0.66666667,0.020265,32.8974359,0.254,0.48781136,15.879089,0.00199601,upper,screening_selected_transition,numbers,verse,transition_exact_shape,accent_words
P6_A6_C0,P11_A9_C1,9,0.34615385,0.01558846,22.20576923,0.406,0.62123737,13.833682,0.00199601,upper,screening_selected_transition,numbers,verse,transition_exact_shape,accent_words
P8_A8_C0,P15_A15_C3,6,0.375,0.00857366,43.73863636,0.174,0.43830151,13.29222,0.00199601,upper,screening_selected_transition,numbers,verse,transition_exact_shape,accent_words
P5_A5_C0,P4_A4_C0,5,0.27777778,0.01091193,25.45634921,0.208,0.45733391,10.478121,0.00199601,upper,screening_selected_transition,numbers,verse,transition_exact_shape,accent_words
P<=4_A4_C0,P<=4_A0-1_C0,44,0.1060241,0.07347153,1.44306368,30.346,4.60746584,2.963451,0.00199601,upper,screening_selected_transition,deuteronomy,minor,transition_bucket_shape,accent_words
P<=4_A0-1_C0,P5-6_A5_C0,34,0.12142857,0.08134348,1.49278802,22.754,4.25743297,2.641498,0.00998004,upper,screening_selected_transition,deuteronomy,minor,transition_bucket_shape,accent_words
P5-6_A4_C0,P<=4_A0-1_C0,29,0.116,0.07347153,1.57884286,18.58,4.33048568,2.406197,0.01596806,upper,screening_selected_transition,deuteronomy,minor,transition_bucket_shape,accent_words
P<=4_A3_C0,P<=4_A0-1_C0,111,0.08685446,0.07347153,1.18215124,93.77,7.58156053,2.272619,0.01397206,upper,screening_selected_transition,deuteronomy,minor,transition_bucket_shape,accent_words
P<=4_A2_C0,P5-6_A3_C0,26,0.03128761,0.02204146,1.41948885,18.12,3.66557948,2.149728,0.02195609,upper,screening_selected_transition,deuteronomy,minor,transition_bucket_shape,accent_words
P5-6_A5_C0,P5-6_A4_C0,29,0.09354839,0.06559958,1.42605161,19.96,4.52762618,1.996631,0.04391218,upper,screening_selected_transition,deuteronomy,minor,transition_bucket_shape,accent_words
P<=4_A0-1_C0,P5-6_A4_C0,25,0.08928571,0.06559958,1.36107143,18.296,4.13649673,1.620695,0.07185629,upper,screening_selected_transition,deuteronomy,minor,transition_bucket_shape,accent_words
P<=4_A2_C0,P5-6_A6-7_C0,25,0.03008424,0.02309105,1.30285253,19.204,3.84029683,1.509258,0.09381238,upper,screening_selected_transition,deuteronomy,minor,transition_bucket_shape,accent_words
P7-9_A6-7_C0,P<=4_A4_C0,20,0.1459854,0.1088953,1.34060329,14.992,3.47967704,1.439214,0.10978044,upper,screening_selected_transition,deuteronomy,minor,transition_bucket_shape,accent_words
P<=4_A2_C0,P<=4_A3_C0,294,0.35379061,0.33534505,1.05500472,278.8,12.12245469,1.253871,0.11976048,upper,screening_selected_transition,deuteronomy,minor,transition_bucket_shape,accent_words
P<=4_A3_C0,P<=4_A3_C0,442,0.3458529,0.33534505,1.03133442,427.952,13.32654831,1.054136,0.14770459,upper,screening_selected_transition,deuteronomy,minor,transition_bucket_shape,accent_words
P5-6_A6-7_C0,P<=4_A2_C0,23,0.26136364,0.218053,1.19862433,18.984,3.87010328,1.037698,0.18363273,upper,screening_selected_transition,deuteronomy,minor,transition_bucket_shape,accent_words
P<=4_A0-1_C0,P<=4_A3_C0,102,0.36428571,0.33534505,1.08630114,94.16,7.63406562,1.026976,0.16766467,upper,screening_selected_transition,deuteronomy,minor,transition_bucket_shape,accent_words
P<=4_A4_C0,P<=4_A2_C0,98,0.23614458,0.218053,1.0829687,90.884,7.97607545,0.892168,0.20159681,upper,screening_selected_transition,deuteronomy,minor,transition_bucket_shape,accent_words
P5-6_A5_C0,P<=4_A0-1_C0,26,0.08387097,0.07347153,1.14154378,22.646,4.49946378,0.745422,0.27345309,upper,screening_selected_transition,deuteronomy,minor,transition_bucket_shape,accent_words
P<=4_A3_C0,P7-9_A6-7_C0,50,0.03912363,0.03594857,1.08832231,45.932,5.50053523,0.739564,0.24750499,upper,screening_selected_transition,deuteronomy,minor,transition_bucket_shape,accent_words
P5-6_A4_C0,P<=4_A4_C0,31,0.124,0.1088953,1.13870843,27.362,5.06421252,0.718374,0.26546906,upper,screening_selected_transition,deuteronomy,minor,transition_bucket_shape,accent_words
P7-9_A6-7_C0,P<=4_A2_C0,33,0.24087591,0.218053,1.10466679,29.77,4.75798032,0.678859,0.27744511,upper,screening_selected_transition,deuteronomy,minor,transition_bucket_shape,accent_words
P<=4_A4_C0,P<=4_A4_C0,48,0.11566265,0.1088953,1.06214545,44.99,5.61649268,0.535922,0.33333333,upper,screening_selected_transition,deuteronomy,minor,transition_bucket_shape,accent_words
P<=4_A3_C0,P7-9_A8+_C0,14,0.01095462,0.00997114,1.09863273,12.558,2.8863989,0.499584,0.37325349,upper,screening_selected_transition,deuteronomy,minor,transition_bucket_shape,accent_words
P5-6_A5_C0,P<=4_A2_C0,71,0.22903226,0.218053,1.05035131,67.798,7.05923946,0.45359,0.35129741,upper,screening_selected_transition,deuteronomy,minor,transition_bucket_shape,accent_words
P5-6_A4_C0,P5-6_A5_C0,21,0.084,0.08134348,1.03265806,20.23,4.34774721,0.177103,0.46706587,upper,screening_selected_transition,deuteronomy,minor,transition_bucket_shape,accent_words
P<=4_A2_C0,P<=4_A2_C0,183,0.22021661,0.218053,1.00992237,181.452,10.21118174,0.151599,0.4510978,upper,screening_selected_transition,deuteronomy,minor,transition_bucket_shape,accent_words
P10-12_A8+_C0,P<=4_A3_C0,14,0.34146341,0.33534505,1.01824497,13.698,3.10000259,0.097419,0.52694611,upper,screening_selected_transition,deuteronomy,minor,transition_bucket_shape,accent_words
P7-9_A6-7_C0,P<=4_A3_C0,46,0.33576642,0.33534505,1.00125653,45.932,5.20245202,0.013071,0.51497006,upper,screening_selected_transition,deuteronomy,minor,transition_bucket_shape,accent_words
P<=4_A3_C0,P<=4_A2_C0,279,0.21830986,0.218053,1.00117795,279.088,12.46141363,-0.007062,0.53493014,upper,screening_selected_transition,deuteronomy,minor,transition_bucket_shape,accent_words
P5-6_A5_C0,P<=4_A4_C0,33,0.10645161,0.1088953,0.97755927,33.966,5.54168427,-0.174315,0.61277445,upper,screening_selected_transition,deuteronomy,minor,transition_bucket_shape,accent_words
P<=4_A2_C0,P5-6_A4_C0,53,0.06377858,0.06559958,0.97224067,54.718,6.4608018,-0.265911,0.61477046,upper,screening_selected_transition,deuteronomy,minor,transition_bucket_shape,accent_words
P<=4_A4_C0,P<=4_A3_C0,137,0.33012048,0.33534505,0.98442031,139.302,8.63016544,-0.266739,0.62674651,upper,screening_selected_transition,deuteronomy,minor,transition_bucket_shape,accent_words
P<=4_A3_C0,P5-6_A3_C0,27,0.02112676,0.02204146,0.95850101,28.156,4.21654153,-0.274158,0.64670659,upper,screening_selected_transition,deuteronomy,minor,transition_bucket_shape,accent_words
P5-6_A5_C0,P5-6_A5_C0,24,0.07741935,0.08134348,0.95175858,25.264,4.60746802,-0.274337,0.61077844,upper,screening_selected_transition,deuteronomy,minor,transition_bucket_shape,accent_words
P<=4_A2_C0,P<=4_A4_C0,88,0.10589651,0.1088953,0.97246169,90.774,7.72750624,-0.358977,0.66666667,upper,screening_selected_transition,deuteronomy,minor,transition_bucket_shape,accent_words
P5-6_A4_C0,P5-6_A4_C0,15,0.06,0.06559958,0.91464,16.484,3.91259003,-0.379288,0.7005988,upper,screening_selected_transition,deuteronomy,minor,transition_bucket_shape,accent_words
P<=4_A3_C0,P5-6_A5_C0,100,0.07824726,0.08134348,0.96193649,104.05,7.84439731,-0.516292,0.7245509,upper,screening_selected_transition,deuteronomy,minor,transition_bucket_shape,accent_words
P<=4_A3_C0,P<=4_A4_C0,133,0.10406886,0.1088953,0.95567811,139.126,8.9683324,-0.68307,0.79441118,upper,screening_selected_transition,deuteronomy,minor,transition_bucket_shape,accent_words
P5-6_A4_C0,P<=4_A2_C0,50,0.2,0.218053,0.91720818,54.776,6.4249813,-0.743348,0.80638723,upper,screening_selected_transition,deuteronomy,minor,transition_bucket_shape,accent_words
P<=4_A2_C0,P5-6_A5_C0,62,0.0746089,0.08134348,0.91720818,67.516,6.74987894,-0.8172,0.81237525,upper,screening_selected_transition,deuteronomy,minor,transition_bucket_shape,accent_words
P<=4_A0-1_C0,P<=4_A4_C0,26,0.09285714,0.1088953,0.85271945,30.136,4.99232919,-0.828471,0.83832335,upper,screening_selected_transition,deuteronomy,minor,transition_bucket_shape,accent_words
P<=4_A4_C0,P5-6_A4_C0,23,0.05542169,0.06559958,0.84484819,27.098,4.66861735,-0.877776,0.83632735,upper,screening_selected_transition,deuteronomy,minor,transition_bucket_shape,accent_words
P5-6_A3_C0,P<=4_A2_C0,15,0.17857143,0.218053,0.81893588,18.278,3.69269386,-0.887699,0.86427146,upper,screening_selected_transition,deuteronomy,minor,transition_bucket_shape,accent_words
P5-6_A6-7_C0,P<=4_A3_C0,26,0.29545455,0.33534505,0.88104638,29.884,4.34745267,-0.893397,0.86027944,upper,screening_selected_transition,deuteronomy,minor,transition_bucket_shape,accent_words
P<=4_A4_C0,P5-6_A5_C0,29,0.06987952,0.08134348,0.85906724,33.58,5.07218435,-0.902964,0.84031936,upper,screening_selected_transition,deuteronomy,minor,transition_bucket_shape,accent_words
P5-6_A3_C0,P<=4_A3_C0,24,0.28571429,0.33534505,0.85200089,28.14,4.3254849,-0.957118,0.83632735,upper,screening_selected_transition,deuteronomy,minor,transition_bucket_shape,accent_words
P<=4_A3_C0,P5-6_A6-7_C0,24,0.01877934,0.02309105,0.81327358,29.452,4.37148897,-1.247172,0.90219561,upper,screening_selected_transition,deuteronomy,minor,transition_bucket_shape,accent_words
P<=4_A2_C0,P7-9_A6-7_C0,24,0.02888087,0.03594857,0.80339403,30.098,4.81817659,-1.265624,0.90818363,upper,screening_selected_transition,deuteronomy,minor,transition_bucket_shape,accent_words
P5-6_A5_C0,P<=4_A3_C0,93,0.3,0.33534505,0.89460094,104.19,7.79354725,-1.435803,0.93812375,upper,screening_selected_transition,deuteronomy,minor,transition_bucket_shape,accent_words
P<=4_A0-1_C0,P<=4_A2_C0,51,0.18214286,0.218053,0.8353146,60.698,6.53239162,-1.484602,0.94610778,upper,screening_selected_transition,deuteronomy,minor,transition_bucket_shape,accent_words
P<=4_A3_C0,P5-6_A4_C0,71,0.05555556,0.06559958,0.84688889,83.946,7.30519101,-1.772164,0.97005988,upper,screening_selected_transition,deuteronomy,minor,transition_bucket_shape,accent_words
P5-6_A4_C0,P<=4_A3_C0,68,0.272,0.33534505,0.81110485,83.038,7.21725249,-2.083618,0.98802395,upper,screening_selected_transition,deuteronomy,minor,transition_bucket_shape,accent_words
P<=4_A2_C0,P<=4_A0-1_C0,31,0.03730445,0.07347153,0.50774024,60.84,6.56510481,-4.545244,1.0,upper,screening_selected_transition,deuteronomy,minor,transition_bucket_shape,accent_words
P3_A2_C0,P3_A3_C0,58,0.34730539,0.24508003,1.41711011,41.52,5.55980421,2.964133,0.00598802,upper,screening_selected_transition,deuteronomy,minor,transition_exact_shape,accent_words
P5_A4_C0,P1_A1_C0,23,0.10697674,0.0621884,1.7202041,13.594,3.71763441,2.530104,0.01397206,upper,screening_selected_transition,deuteronomy,minor,transition_exact_shape,accent_words
P4_A4_C0,P1_A1_C0,35,0.08433735,0.0621884,1.35615881,25.566,4.4516602,2.119209,0.02994012,upper,screening_selected_transition,deuteronomy,minor,transition_exact_shape,accent_words
P3_A3_C0,P3_A3_C0,252,0.26980728,0.24508003,1.10089459,228.548,11.3366987,2.06868,0.02195609,upper,screening_selected_transition,deuteronomy,minor,transition_exact_shape,accent_words
P1_A1_C0,P4_A3_C0,30,0.12658228,0.09026502,1.4023403,21.482,4.20964586,2.023448,0.03193613,upper,screening_selected_transition,deuteronomy,minor,transition_exact_shape,accent_words
P2_A2_C0,P5_A3_C0,19,0.03059581,0.02099187,1.45750805,13.05,3.16156464,1.88198,0.03792415,upper,screening_selected_transition,deuteronomy,minor,transition_exact_shape,accent_words
P5_A5_C0,P5_A4_C0,17,0.08457711,0.05641564,1.49917853,11.274,3.31132205,1.729219,0.06986028,upper,screening_selected_transition,deuteronomy,minor,transition_exact_shape,accent_words
P3_A3_C0,P1_A1_C0,69,0.0738758,0.0621884,1.18793538,58.058,6.4106809,1.706839,0.05588822,upper,screening_selected_transition,deuteronomy,minor,transition_exact_shape,accent_words
P2_A2_C0,P2_A2_C0,112,0.18035427,0.16268696,1.10859696,101.296,7.94371382,1.347481,0.0998004,upper,screening_selected_transition,deuteronomy,minor,transition_exact_shape,accent_words
P4_A4_C0,P2_A2_C0,77,0.18554217,0.16268696,1.14048581,67.624,7.13417247,1.314238,0.10778443,upper,screening_selected_transition,deuteronomy,minor,transition_exact_shape,accent_words
P5_A5_C0,P2_A2_C0,39,0.19402985,0.16268696,1.19265768,32.96,5.00404646,1.207023,0.13972056,upper,screening_selected_transition,deuteronomy,minor,transition_exact_shape,accent_words
P6_A6_C0,P2_A2_C0,18,0.20454545,0.16268696,1.25729472,14.228,3.44612355,1.094563,0.18163673,upper,screening_selected_transition,deuteronomy,minor,transition_exact_shape,accent_words
P4_A3_C0,P4_A3_C0,36,0.10465116,0.09026502,1.15937669,31.022,4.82369693,1.031989,0.18163673,upper,screening_selected_transition,deuteronomy,minor,transition_exact_shape,accent_words
P4_A3_C0,P3_A2_C0,19,0.05523256,0.04408292,1.25292428,15.458,3.52833307,1.003873,0.17165669,upper,screening_selected_transition,deuteronomy,minor,transition_exact_shape,accent_words
P5_A5_C0,P4_A3_C0,22,0.10945274,0.09026502,1.21257087,18.184,4.02921993,0.947082,0.19760479,upper,screening_selected_transition,deuteronomy,minor,transition_exact_shape,accent_words
P2_A2_C0,P3_A3_C0,161,0.25925926,0.24508003,1.0578555,152.108,10.02243655,0.887209,0.19760479,upper,screening_selected_transition,deuteronomy,minor,transition_exact_shape,accent_words
P1_A1_C0,P3_A3_C0,63,0.26582278,0.24508003,1.08463665,58.164,6.33382496,0.76352,0.25349301,upper,screening_selected_transition,deuteronomy,minor,transition_exact_shape,accent_words
P4_A3_C0,P1_A1_C0,24,0.06976744,0.0621884,1.12187224,21.29,4.0992081,0.661103,0.29540918,upper,screening_selected_transition,deuteronomy,minor,transition_exact_shape,accent_words
P2_A2_C0,P6_A5_C0,20,0.03220612,0.02860142,1.12603229,17.706,3.71094411,0.618172,0.3253493,upper,screening_selected_transition,deuteronomy,minor,transition_exact_shape,accent_words
P4_A4_C0,P4_A4_C0,48,0.11566265,0.1088953,1.06214545,44.99,5.61649268,0.535922,0.33333333,upper,screening_selected_transition,deuteronomy,minor,transition_exact_shape,accent_words
P2_A2_C0,P4_A3_C0,59,0.09500805,0.09026502,1.05254559,56.028,6.63137741,0.448172,0.33732535,upper,screening_selected_transition,deuteronomy,minor,transition_exact_shape,accent_words
P3_A3_C0,P3_A2_C0,43,0.04603854,0.04408292,1.04436245,41.158,5.42290067,0.339671,0.39321357,upper,screening_selected_transition,deuteronomy,minor,transition_exact_shape,accent_words
P6_A5_C0,P2_A2_C0,19,0.17431193,0.16268696,1.07145605,17.866,3.89285919,0.291303,0.41516966,upper,screening_selected_transition,deuteronomy,minor,transition_exact_shape,accent_words
P5_A5_C0,P4_A4_C0,23,0.11442786,0.1088953,1.05080621,21.834,4.33266523,0.269118,0.43512974,upper,screening_selected_transition,deuteronomy,minor,transition_exact_shape,accent_words
P3_A3_C0,P2_A2_C0,154,0.16488223,0.16268696,1.01349382,151.612,9.7041123,0.246081,0.44111776,upper,screening_selected_transition,deuteronomy,minor,transition_exact_shape,accent_words
P3_A3_C0,P5_A5_C0,50,0.05353319,0.05274206,1.01499995,49.458,5.98564047,0.09055,0.47904192,upper,screening_selected_transition,deuteronomy,minor,transition_exact_shape,accent_words
P5_A4_C0,P3_A3_C0,52,0.24186047,0.24508003,0.9868632,52.312,6.25755303,-0.04986,0.55688623,upper,screening_selected_transition,deuteronomy,minor,transition_exact_shape,accent_words
P4_A4_C0,P3_A3_C0,101,0.24337349,0.24508003,0.99303682,101.506,8.07790003,-0.06264,0.54690619,upper,screening_selected_transition,deuteronomy,minor,transition_exact_shape,accent_words
P4_A4_C0,P3_A2_C0,18,0.04337349,0.04408292,0.98390706,18.414,4.16188016,-0.099474,0.58483034,upper,screening_selected_transition,deuteronomy,minor,transition_exact_shape,accent_words
P3_A3_C0,P6_A5_C0,26,0.02783726,0.02860142,0.97328252,26.936,4.41166971,-0.212165,0.5988024,upper,screening_selected_transition,deuteronomy,minor,transition_exact_shape,accent_words
P2_A2_C0,P4_A4_C0,66,0.10628019,0.1088953,0.9759851,67.962,7.21753015,-0.271838,0.62075848,upper,screening_selected_transition,deuteronomy,minor,transition_exact_shape,accent_words
P5_A4_C0,P4_A4_C0,22,0.10232558,0.1088953,0.93966938,23.364,4.61498648,-0.295559,0.64271457,upper,screening_selected_transition,deuteronomy,minor,transition_exact_shape,accent_words
P3_A3_C0,P4_A4_C0,99,0.10599572,0.1088953,0.97337272,101.394,7.90922725,-0.302684,0.66067864,upper,screening_selected_transition,deuteronomy,minor,transition_exact_shape,accent_words
P4_A4_C0,P4_A3_C0,36,0.08674699,0.09026502,0.9610255,37.796,5.50918199,-0.326001,0.65469062,upper,screening_selected_transition,deuteronomy,minor,transition_exact_shape,accent_words
P2_A2_C0,P5_A4_C0,33,0.0531401,0.05641564,0.94193911,35.118,5.21214052,-0.406359,0.67664671,upper,screening_selected_transition,deuteronomy,minor,transition_exact_shape,accent_words
P5_A4_C0,P2_A2_C0,33,0.15348837,0.16268696,0.94345836,35.346,5.36169559,-0.437548,0.68463074,upper,screening_selected_transition,deuteronomy,minor,transition_exact_shape,accent_words
P1_A1_C0,P4_A4_C0,23,0.09704641,0.1088953,0.89119008,25.466,4.71564615,-0.52294,0.71856287,upper,screening_selected_transition,deuteronomy,minor,transition_exact_shape,accent_words
P4_A3_C0,P3_A3_C0,79,0.22965116,0.24508003,0.93704559,83.996,7.59864876,-0.657485,0.75848303,upper,screening_selected_transition,deuteronomy,minor,transition_exact_shape,accent_words
P4_A3_C0,P4_A4_C0,34,0.09883721,0.1088953,0.90763519,37.732,5.40542443,-0.690418,0.78043912,upper,screening_selected_transition,deuteronomy,minor,transition_exact_shape,accent_words
P2_A2_C0,P5_A5_C0,28,0.04508857,0.05274206,0.8548882,32.596,5.21912469,-0.880607,0.84830339,upper,screening_selected_transition,deuteronomy,minor,transition_exact_shape,accent_words
P2_A2_C0,P3_A2_C0,23,0.03703704,0.04408292,0.84016755,27.06,4.58458688,-0.885576,0.84031936,upper,screening_selected_transition,deuteronomy,minor,transition_exact_shape,accent_words
P3_A3_C0,P5_A4_C0,47,0.0503212,0.05641564,0.89197251,52.832,6.22392565,-0.937029,0.84431138,upper,screening_selected_transition,deuteronomy,minor,transition_exact_shape,accent_words
P4_A4_C0,P5_A4_C0,19,0.04578313,0.05641564,0.81153264,23.196,4.29820114,-0.976222,0.86227545,upper,screening_selected_transition,deuteronomy,minor,transition_exact_shape,accent_words
P1_A1_C0,P2_A2_C0,33,0.13924051,0.16268696,0.85587995,38.362,5.4613743,-0.981804,0.86427146,upper,screening_selected_transition,deuteronomy,minor,transition_exact_shape,accent_words
P6_A5_C0,P3_A3_C0,22,0.20183486,0.24508003,0.82354675,26.376,4.33176088,-1.010213,0.8762475,upper,screening_selected_transition,deuteronomy,minor,transition_exact_shape,accent_words
P3_A3_C0,P4_A3_C0,75,0.08029979,0.09026502,0.88960024,84.386,7.4136988,-1.266035,0.91017964,upper,screening_selected_transition,deuteronomy,minor,transition_exact_shape,accent_words
P4_A3_C0,P2_A2_C0,46,0.13372093,0.16268696,0.82195236,56.386,6.64419255,-1.56317,0.95808383,upper,screening_selected_transition,deuteronomy,minor,transition_exact_shape,accent_words
P3_A2_C0,P2_A2_C0,18,0.10778443,0.16268696,0.66252656,27.368,4.61119314,-2.031578,0.98802395,upper,screening_selected_transition,deuteronomy,minor,transition_exact_shape,accent_words
P5_A5_C0,P3_A3_C0,37,0.1840796,0.24508003,0.75109996,49.634,5.78333277,-2.184554,0.99001996,upper,screening_selected_transition,deuteronomy,minor,transition_exact_shape,accent_words
P2_A2_C0,P1_A1_C0,20,0.03220612,0.0621884,0.51787983,38.47,5.32746316,-3.466941,1.0,upper,screening_selected_transition,deuteronomy,minor,transition_exact_shape,accent_words
P<=4_A3_C0,P<=4_A3_C0,31,0.15656566,0.10639441,1.47155902,20.824,4.11520276,2.472782,0.01596806,upper,screening_selected_transition,deuteronomy,major,transition_bucket_shape,accent_words
P13-15_A8+_C2,P7-9_A6-7_C1,13,0.203125,0.10531972,1.92865115,6.858,2.52320612,2.434205,0.02195609,upper,screening_selected_transition,deuteronomy,major,transition_bucket_shape,accent_words
P10-12_A8+_C2,P10-12_A8+_C1,12,0.09022556,0.05051048,1.7862742,6.88,2.35641792,2.172789,0.03792415,upper,screening_selected_transition,deuteronomy,major,transition_bucket_shape,accent_words
P<=4_A2_C0,P10-12_A8+_C2,11,0.12222222,0.07092961,1.72314815,6.22,2.29218416,2.085347,0.0499002,upper,screening_selected_transition,deuteronomy,major,transition_bucket_shape,accent_words
P5-6_A5_C1,P5-6_A6-7_C1,12,0.08695652,0.0483611,1.79806763,6.654,2.57751259,2.074093,0.04391218,upper,screening_selected_transition,deuteronomy,major,transition_bucket_shape,accent_words
P<=4_A2_C0,P5-6_A6-7_C1,8,0.08888889,0.0483611,1.83802469,4.296,1.92244,1.926718,0.04590818,upper,screening_selected_transition,deuteronomy,major,transition_bucket_shape,accent_words
P<=4_A3_C0,P7-9_A6-7_C2,9,0.04545455,0.02632993,1.72634508,5.176,2.06532204,1.851527,0.07185629,upper,screening_selected_transition,deuteronomy,major,transition_bucket_shape,accent_words
P5-6_A6-7_C1,P5-6_A6-7_C1,8,0.08888889,0.0483611,1.83802469,4.348,2.00372799,1.822603,0.06387226,upper,screening_selected_transition,deuteronomy,major,transition_bucket_shape,accent_words
P10-12_A8+_C2,P13-15_A8+_C2,8,0.06015038,0.03439011,1.74906015,4.602,2.02875027,1.674923,0.08782435,upper,screening_selected_transition,deuteronomy,major,transition_bucket_shape,accent_words
P5-6_A5_C1,P<=4_A4_C0,10,0.07246377,0.04889844,1.48192387,6.698,2.36685445,1.395101,0.12774451,upper,screening_selected_transition,deuteronomy,major,transition_bucket_shape,accent_words
P<=4_A4_C1,P<=4_A3_C0,7,0.17073171,0.10639441,1.60470559,4.258,1.96854931,1.392904,0.14171657,upper,screening_selected_transition,deuteronomy,major,transition_bucket_shape,accent_words
P5-6_A6-7_C1,P<=4_A3_C0,13,0.14444444,0.10639441,1.35763187,9.462,2.88881403,1.224724,0.16367265,upper,screening_selected_transition,deuteronomy,major,transition_bucket_shape,accent_words
P10-12_A8+_C2,P7-9_A8+_C1,8,0.06015038,0.0424503,1.41696012,5.584,2.16247465,1.117239,0.19560878,upper,screening_selected_transition,deuteronomy,major,transition_bucket_shape,accent_words
P10-12_A8+_C1,P<=4_A3_C0,13,0.13829787,0.10639441,1.29986031,10.026,2.89310631,1.027961,0.19760479,upper,screening_selected_transition,deuteronomy,major,transition_bucket_shape,accent_words
P5-6_A5_C1,P5-6_A5_C0,8,0.05797101,0.04083826,1.41952708,5.718,2.22809443,1.024194,0.20958084,upper,screening_selected_transition,deuteronomy,major,transition_bucket_shape,accent_words
P<=4_A3_C0,P10-12_A8+_C1,13,0.06565657,0.05051048,1.29986031,10.176,2.95473941,0.955753,0.20958084,upper,screening_selected_transition,deuteronomy,major,transition_bucket_shape,accent_words
P<=4_A3_C0,P10-12_A8+_C2,17,0.08585859,0.07092961,1.21047597,14.106,3.43487419,0.842534,0.24351297,upper,screening_selected_transition,deuteronomy,major,transition_bucket_shape,accent_words
P7-9_A6-7_C1,P7-9_A6-7_C2,7,0.03571429,0.02632993,1.35641399,5.22,2.18933469,0.813032,0.25948104,upper,screening_selected_transition,deuteronomy,major,transition_bucket_shape,accent_words
P10-12_A8+_C2,P10-12_A8+_C2,11,0.08270677,0.07092961,1.1660401,9.166,2.77666414,0.660505,0.31536926,upper,screening_selected_transition,deuteronomy,major,transition_bucket_shape,accent_words
P5-6_A5_C1,P5-6_A5_C1,12,0.08695652,0.07469103,1.16421645,10.256,2.96581458,0.588034,0.31736527,upper,screening_selected_transition,deuteronomy,major,transition_bucket_shape,accent_words
P<=4_A4_C0,P10-12_A8+_C2,8,0.08791209,0.07092961,1.23942724,6.71,2.46943236,0.522387,0.35329341,upper,screening_selected_transition,deuteronomy,major,transition_bucket_shape,accent_words
P5-6_A5_C1,P10-12_A8+_C1,8,0.05797101,0.05051048,1.14770274,7.014,2.46697709,0.399679,0.39520958,upper,screening_selected_transition,deuteronomy,major,transition_bucket_shape,accent_words
P7-9_A6-7_C1,P10-12_A8+_C1,11,0.05612245,0.05051048,1.11110508,9.898,2.85655664,0.385779,0.41716567,upper,screening_selected_transition,deuteronomy,major,transition_bucket_shape,accent_words
P10-12_A8+_C1,P7-9_A6-7_C1,11,0.11702128,0.10531972,1.11110508,9.994,3.0490256,0.329941,0.41516966,upper,screening_selected_transition,deuteronomy,major,transition_bucket_shape,accent_words
P<=4_A3_C0,P5-6_A5_C1,16,0.08080808,0.07469103,1.08189812,14.852,3.48746625,0.329179,0.42714571,upper,screening_selected_transition,deuteronomy,major,transition_bucket_shape,accent_words
P5-6_A5_C1,P<=4_A3_C0,16,0.11594203,0.10639441,1.08973796,15.016,3.4692673,0.283633,0.40918164,upper,screening_selected_transition,deuteronomy,major,transition_bucket_shape,accent_words
P7-9_A6-7_C1,P<=4_A2_C0,10,0.05102041,0.0483611,1.05498866,9.434,2.85691581,0.198116,0.49500998,upper,screening_selected_transition,deuteronomy,major,transition_bucket_shape,accent_words
P7-9_A8+_C1,P<=4_A3_C0,9,0.11392405,0.10639441,1.070771,8.486,2.61753835,0.196368,0.47105788,upper,screening_selected_transition,deuteronomy,major,transition_bucket_shape,accent_words
P<=4_A4_C0,P7-9_A6-7_C1,10,0.10989011,0.10531972,1.04339538,9.544,3.04805599,0.149604,0.4510978,upper,screening_selected_transition,deuteronomy,major,transition_bucket_shape,accent_words
P<=4_A4_C0,P5-6_A5_C1,7,0.07692308,0.07469103,1.02988379,6.646,2.40087743,0.147446,0.52095808,upper,screening_selected_transition,deuteronomy,major,transition_bucket_shape,accent_words
P7-9_A6-7_C1,P<=4_A4_C0,10,0.05102041,0.04889844,1.04339538,9.62,2.80344763,0.135547,0.50499002,upper,screening_selected_transition,deuteronomy,major,transition_bucket_shape,accent_words
P<=4_A2_C0,P<=4_A3_C0,10,0.11111111,0.10639441,1.04433221,9.694,2.76254,0.110768,0.50698603,upper,screening_selected_transition,deuteronomy,major,transition_bucket_shape,accent_words
P<=4_A4_C0,P<=4_A3_C0,10,0.10989011,0.10639441,1.03285603,9.848,3.07437792,0.049441,0.50499002,upper,screening_selected_transition,deuteronomy,major,transition_bucket_shape,accent_words
P7-9_A6-7_C1,P5-6_A5_C0,8,0.04081633,0.04083826,0.99946294,7.888,2.42222839,0.046238,0.56686627,upper,screening_selected_transition,deuteronomy,major,transition_bucket_shape,accent_words
P10-12_A8+_C2,P5-6_A5_C1,10,0.07518797,0.07469103,1.00665332,9.884,3.12635446,0.037104,0.53293413,upper,screening_selected_transition,deuteronomy,major,transition_bucket_shape,accent_words
P7-9_A6-7_C1,P7-9_A8+_C1,8,0.04081633,0.0424503,0.96150865,8.208,2.56395861,-0.081125,0.60479042,upper,screening_selected_transition,deuteronomy,major,transition_bucket_shape,accent_words
P7-9_A6-7_C1,P7-9_A6-7_C1,20,0.10204082,0.10531972,0.96886714,20.63,4.07557611,-0.154579,0.63273453,upper,screening_selected_transition,deuteronomy,major,transition_bucket_shape,accent_words
P7-9_A8+_C1,P7-9_A6-7_C1,8,0.10126582,0.10531972,0.96150865,8.422,2.63016188,-0.160446,0.62674651,upper,screening_selected_transition,deuteronomy,major,transition_bucket_shape,accent_words
P7-9_A6-7_C1,P5-6_A6-7_C1,9,0.04591837,0.0483611,0.9494898,9.46,2.83698731,-0.162144,0.61676647,upper,screening_selected_transition,deuteronomy,major,transition_bucket_shape,accent_words
P5-6_A6-7_C1,P7-9_A6-7_C1,9,0.1,0.10531972,0.9494898,9.464,2.83138437,-0.163877,0.61077844,upper,screening_selected_transition,deuteronomy,major,transition_bucket_shape,accent_words
P<=4_A3_C0,P<=4_A2_C0,9,0.04545455,0.0483611,0.93989899,9.61,2.8195389,-0.216347,0.64071856,upper,screening_selected_transition,deuteronomy,major,transition_bucket_shape,accent_words
P7-9_A6-7_C1,P10-12_A8+_C2,13,0.06632653,0.07092961,0.93510359,14.13,3.44628114,-0.32789,0.69660679,upper,screening_selected_transition,deuteronomy,major,transition_bucket_shape,accent_words
P7-9_A6-7_C1,P5-6_A5_C1,12,0.06122449,0.07469103,0.81970342,14.372,3.42477359,-0.692601,0.8003992,upper,screening_selected_transition,deuteronomy,major,transition_bucket_shape,accent_words
P5-6_A5_C1,P7-9_A6-7_C1,12,0.08695652,0.10531972,0.8256433,14.468,3.5397791,-0.697219,0.78443114,upper,screening_selected_transition,deuteronomy,major,transition_bucket_shape,accent_words
P<=4_A2_C0,P7-9_A6-7_C1,7,0.07777778,0.10531972,0.73849206,9.386,2.91513293,-0.818488,0.8502994,upper,screening_selected_transition,deuteronomy,major,transition_bucket_shape,accent_words
P10-12_A8+_C2,P7-9_A6-7_C1,11,0.08270677,0.10531972,0.78529231,13.966,3.49073265,-0.849678,0.85229541,upper,screening_selected_transition,deuteronomy,major,transition_bucket_shape,accent_words
P<=4_A3_C0,P<=4_A4_C0,7,0.03535354,0.04889844,0.72299922,9.57,2.82365828,-0.910167,0.87225549,upper,screening_selected_transition,deuteronomy,major,transition_bucket_shape,accent_words
P7-9_A6-7_C1,P<=4_A3_C0,17,0.08673469,0.10639441,0.81521851,20.952,4.28934645,-0.921352,0.85429142,upper,screening_selected_transition,deuteronomy,major,transition_bucket_shape,accent_words
P<=4_A3_C0,P7-9_A6-7_C1,16,0.08080808,0.10531972,0.76726448,20.742,3.96874513,-1.194836,0.91417166,upper,screening_selected_transition,deuteronomy,major,transition_bucket_shape,accent_words
P10-12_A8+_C2,P<=4_A3_C0,9,0.06766917,0.10639441,0.63602187,14.202,3.42412694,-1.519219,0.96606786,upper,screening_selected_transition,deuteronomy,major,transition_bucket_shape,accent_words
P3_A3_C0,P3_A3_C0,20,0.14705882,0.07307899,2.01232699,9.906,2.98042444,3.386766,0.00998004,upper,screening_selected_transition,deuteronomy,major,transition_exact_shape,accent_words
P4_A4_C1,P4_A3_C0,5,0.12195122,0.03331542,3.66050354,1.368,1.16244508,3.124449,0.01596806,upper,screening_selected_transition,deuteronomy,major,transition_exact_shape,accent_words
P5_A5_C1,P6_A6_C1,10,0.12345679,0.0483611,2.55281207,3.904,1.9754972,3.085805,0.00598802,upper,screening_selected_transition,deuteronomy,major,transition_exact_shape,accent_words
P7_A7_C1,P4_A4_C0,7,0.13461538,0.04889844,2.75295858,2.522,1.54605841,2.896398,0.01397206,upper,screening_selected_transition,deuteronomy,major,transition_exact_shape,accent_words
P4_A4_C1,P4_A4_C0,5,0.12195122,0.04889844,2.49396945,1.948,1.31024023,2.329344,0.03792415,upper,screening_selected_transition,deuteronomy,major,transition_exact_shape,accent_words
P6_A6_C1,P6_A6_C1,8,0.08888889,0.0483611,1.83802469,4.348,2.00372799,1.822603,0.06387226,upper,screening_selected_transition,deuteronomy,major,transition_exact_shape,accent_words
P5_A5_C1,P4_A4_C0,7,0.08641975,0.04889844,1.76733143,3.902,1.80635596,1.715055,0.08982036,upper,screening_selected_transition,deuteronomy,major,transition_exact_shape,accent_words
P7_A7_C1,P6_A6_C1,5,0.09615385,0.0483611,1.98824786,2.52,1.45665497,1.702531,0.09780439,upper,screening_selected_transition,deuteronomy,major,transition_exact_shape,accent_words
P2_A2_C0,P2_A2_C0,5,0.07042254,0.03815153,1.84586392,2.622,1.48577625,1.60051,0.11177645,upper,screening_selected_transition,deuteronomy,major,transition_exact_shape,accent_words
P3_A3_C0,P8_A8_C1,5,0.03676471,0.01880709,1.95483193,2.592,1.55253236,1.551014,0.10578842,upper,screening_selected_transition,deuteronomy,major,transition_exact_shape,accent_words
P2_A2_C0,P6_A6_C1,6,0.08450704,0.0483611,1.74741784,3.37,1.72831541,1.521713,0.09580838,upper,screening_selected_transition,deuteronomy,major,transition_exact_shape,accent_words
P6_A6_C1,P4_A3_C0,5,0.05555556,0.03331542,1.66756272,2.89,1.69931614,1.241676,0.16367265,upper,screening_selected_transition,deuteronomy,major,transition_exact_shape,accent_words
P3_A3_C0,P6_A5_C1,6,0.04411765,0.03116604,1.41556795,4.232,1.96721016,0.898735,0.24750499,upper,screening_selected_transition,deuteronomy,major,transition_exact_shape,accent_words
P4_A3_C0,P3_A3_C0,6,0.09677419,0.07307899,1.32424099,4.32,1.97316669,0.851423,0.27345309,upper,screening_selected_transition,deuteronomy,major,transition_exact_shape,accent_words
P7_A7_C1,P3_A3_C0,5,0.09615385,0.07307899,1.31575226,3.828,1.82896315,0.6408,0.35129741,upper,screening_selected_transition,deuteronomy,major,transition_exact_shape,accent_words
P6_A6_C1,P3_A3_C0,8,0.08888889,0.07307899,1.21633987,6.572,2.43076804,0.587469,0.34331337,upper,screening_selected_transition,deuteronomy,major,transition_exact_shape,accent_words
P4_A4_C0,P5_A5_C1,5,0.05494505,0.04352499,1.2623796,3.95,1.92949369,0.544184,0.35329341,upper,screening_selected_transition,deuteronomy,major,transition_exact_shape,accent_words
P4_A4_C0,P3_A3_C0,8,0.08791209,0.07307899,1.2029735,6.706,2.51479868,0.514554,0.36526946,upper,screening_selected_transition,deuteronomy,major,transition_exact_shape,accent_words
P5_A5_C1,P3_A3_C0,7,0.08641975,0.07307899,1.18255265,6.042,2.43312066,0.393733,0.38922156,upper,screening_selected_transition,deuteronomy,major,transition_exact_shape,accent_words
P3_A3_C0,P5_A5_C1,7,0.05147059,0.04352499,1.18255265,6.09,2.31789674,0.392597,0.42914172,upper,screening_selected_transition,deuteronomy,major,transition_exact_shape,accent_words
P6_A6_C1,P4_A4_C0,5,0.05555556,0.04889844,1.13614164,4.508,2.03524457,0.24174,0.48103792,upper,screening_selected_transition,deuteronomy,major,transition_exact_shape,accent_words
P3_A3_C0,P4_A4_C0,5,0.03676471,0.04889844,0.75185844,6.478,2.29696934,-0.643457,0.80239521,upper,screening_selected_transition,deuteronomy,major,transition_exact_shape,accent_words
P10-12_A8+_C2,P7-9_A6-7_C0,8,0.14285714,0.03777545,3.78174603,2.018,1.39483588,4.288677,0.00199601,upper,screening_selected_transition,deuteronomy,verse,transition_bucket_shape,accent_words
P13-15_A8+_C1,P25+_A8+_C4+,7,0.14893617,0.04407135,3.37943262,2.068,1.37227631,3.594028,0.00399202,upper,screening_selected_transition,deuteronomy,verse,transition_bucket_shape,accent_words
P10-12_A8+_C1,P10-12_A8+_C0,6,0.06382979,0.02518363,2.53457447,2.376,1.43343415,2.528194,0.02994012,upper,screening_selected_transition,deuteronomy,verse,transition_bucket_shape,accent_words
P19-24_A8+_C2,P19-24_A8+_C2,5,0.11111111,0.04616999,2.40656566,2.06,1.33264845,2.206133,0.06187625,upper,screening_selected_transition,deuteronomy,verse,transition_bucket_shape,accent_words
P13-15_A8+_C2,P10-12_A8+_C2,9,0.1125,0.05981112,1.88092105,4.7,1.95079759,2.204227,0.02994012,upper,screening_selected_transition,deuteronomy,verse,transition_bucket_shape,accent_words
P7-9_A6-7_C1,P13-15_A8+_C2,5,0.2,0.08394544,2.3825,2.036,1.37056956,2.162605,0.04590818,upper,screening_selected_transition,deuteronomy,verse,transition_bucket_shape,accent_words
P16-18_A8+_C2,P10-12_A8+_C1,10,0.17241379,0.09863589,1.74798239,5.588,2.15116504,2.050982,0.04590818,upper,screening_selected_transition,deuteronomy,verse,transition_bucket_shape,accent_words
P19-24_A8+_C4+,P16-18_A8+_C2,9,0.10588235,0.06086044,1.73975659,5.104,2.10476699,1.851036,0.05788423,upper,screening_selected_transition,deuteronomy,verse,transition_bucket_shape,accent_words
P10-12_A8+_C1,P13-15_A8+_C1,8,0.08510638,0.04931794,1.72566772,4.636,1.83145091,1.836795,0.07185629,upper,screening_selected_transition,deuteronomy,verse,transition_bucket_shape,accent_words
P16-18_A8+_C2,P19-24_A8+_C3,8,0.13793103,0.07450157,1.85138417,4.376,1.98759278,1.823311,0.0738523,upper,screening_selected_transition,deuteronomy,verse,transition_bucket_shape,accent_words
P19-24_A8+_C4+,P19-24_A8+_C4+,12,0.14117647,0.08919203,1.58283737,7.554,2.46886098,1.80083,0.05389222,upper,screening_selected_transition,deuteronomy,verse,transition_bucket_shape,accent_words
P10-12_A8+_C1,P7-9_A8+_C1,6,0.06382979,0.03462749,1.84332689,3.124,1.62416126,1.77076,0.08383234,upper,screening_selected_transition,deuteronomy,verse,transition_bucket_shape,accent_words
P13-15_A8+_C2,P19-24_A8+_C4+,11,0.1375,0.08919203,1.54161765,7.31,2.39109487,1.543226,0.09580838,upper,screening_selected_transition,deuteronomy,verse,transition_bucket_shape,accent_words
P7-9_A8+_C1,P13-15_A8+_C2,5,0.15151515,0.08394544,1.80492424,2.778,1.4645839,1.517154,0.11576846,upper,screening_selected_transition,deuteronomy,verse,transition_bucket_shape,accent_words
P16-18_A8+_C3,P19-24_A8+_C3,6,0.13043478,0.07450157,1.75076546,3.472,1.69793462,1.488868,0.12774451,upper,screening_selected_transition,deuteronomy,verse,transition_bucket_shape,accent_words
P10-12_A8+_C2,P16-18_A8+_C2,6,0.10714286,0.06086044,1.76046798,3.378,1.81596019,1.443864,0.12974052,upper,screening_selected_transition,deuteronomy,verse,transition_bucket_shape,accent_words
P19-24_A8+_C3,P7-9_A6-7_C0,5,0.07042254,0.03777545,1.864241,2.734,1.60511582,1.411736,0.12774451,upper,screening_selected_transition,deuteronomy,verse,transition_bucket_shape,accent_words
P10-12_A8+_C1,P19-24_A8+_C2,7,0.07446809,0.04616999,1.61291103,4.378,1.911655,1.371586,0.14371257,upper,screening_selected_transition,deuteronomy,verse,transition_bucket_shape,accent_words
P13-15_A8+_C2,P13-15_A8+_C2,10,0.125,0.08394544,1.4890625,6.702,2.47334406,1.333417,0.13972056,upper,screening_selected_transition,deuteronomy,verse,transition_bucket_shape,accent_words
P10-12_A8+_C1,P13-15_A8+_C2,11,0.11702128,0.08394544,1.39401596,7.882,2.41489948,1.291151,0.15568862,upper,screening_selected_transition,deuteronomy,verse,transition_bucket_shape,accent_words
P16-18_A8+_C3,P10-12_A8+_C1,7,0.15217391,0.09863589,1.54278446,4.462,2.01511224,1.259483,0.15768463,upper,screening_selected_transition,deuteronomy,verse,transition_bucket_shape,accent_words
P13-15_A8+_C3,P19-24_A8+_C4+,5,0.13513514,0.08919203,1.51510334,3.156,1.65442989,1.114583,0.19760479,upper,screening_selected_transition,deuteronomy,verse,transition_bucket_shape,accent_words
P7-9_A8+_C1,P10-12_A8+_C1,5,0.15151515,0.09863589,1.53610574,3.168,1.67253423,1.095344,0.19560878,upper,screening_selected_transition,deuteronomy,verse,transition_bucket_shape,accent_words
P19-24_A8+_C4+,P16-18_A8+_C3,6,0.07058824,0.04826863,1.46240409,3.948,1.92995997,1.063234,0.19161677,upper,screening_selected_transition,deuteronomy,verse,transition_bucket_shape,accent_words
P10-12_A8+_C2,P10-12_A8+_C2,5,0.08928571,0.05981112,1.49279449,3.358,1.84190696,0.891467,0.24151697,upper,screening_selected_transition,deuteronomy,verse,transition_bucket_shape,accent_words
P19-24_A8+_C3,P10-12_A8+_C1,9,0.12676056,0.09863589,1.28513635,6.984,2.41897641,0.83341,0.26347305,upper,screening_selected_transition,deuteronomy,verse,transition_bucket_shape,accent_words
P13-15_A8+_C1,P19-24_A8+_C3,5,0.10638298,0.07450157,1.42792928,3.488,1.86354544,0.811357,0.27345309,upper,screening_selected_transition,deuteronomy,verse,transition_bucket_shape,accent_words
P19-24_A8+_C4+,P19-24_A8+_C3,8,0.09411765,0.07450157,1.26329743,6.24,2.21635386,0.794097,0.26746507,upper,screening_selected_transition,deuteronomy,verse,transition_bucket_shape,accent_words
P10-12_A8+_C1,P16-18_A8+_C3,6,0.06382979,0.04826863,1.32238668,4.478,1.9372718,0.785641,0.30538922,upper,screening_selected_transition,deuteronomy,verse,transition_bucket_shape,accent_words
P19-24_A8+_C4+,P13-15_A8+_C2,9,0.10588235,0.08394544,1.26132353,7.16,2.41621112,0.761523,0.26546906,upper,screening_selected_transition,deuteronomy,verse,transition_bucket_shape,accent_words
P16-18_A8+_C2,P13-15_A8+_C2,6,0.10344828,0.08394544,1.23232759,4.63,2.01425282,0.680153,0.30538922,upper,screening_selected_transition,deuteronomy,verse,transition_bucket_shape,accent_words
P19-24_A8+_C4+,P25+_A8+_C4+,5,0.05882353,0.04407135,1.33473389,3.844,1.73945837,0.664575,0.32934132,upper,screening_selected_transition,deuteronomy,verse,transition_bucket_shape,accent_words
P13-15_A8+_C1,P13-15_A8+_C2,5,0.10638298,0.08394544,1.26728723,3.86,1.85020174,0.616149,0.34730539,upper,screening_selected_transition,deuteronomy,verse,transition_bucket_shape,accent_words
P19-24_A8+_C2,P19-24_A8+_C4+,5,0.11111111,0.08919203,1.24575163,3.94,1.85992436,0.569916,0.35528942,upper,screening_selected_transition,deuteronomy,verse,transition_bucket_shape,accent_words
P19-24_A8+_C3,P13-15_A8+_C2,7,0.09859155,0.08394544,1.17447183,6.048,2.14917051,0.442962,0.39121756,upper,screening_selected_transition,deuteronomy,verse,transition_bucket_shape,accent_words
P10-12_A8+_C1,P25+_A8+_C4+,5,0.05319149,0.04407135,1.20694022,4.192,1.91061165,0.422901,0.40319361,upper,screening_selected_transition,deuteronomy,verse,transition_bucket_shape,accent_words
P19-24_A8+_C4+,P13-15_A8+_C1,5,0.05882353,0.04931794,1.19274093,4.204,1.96929944,0.404205,0.43113772,upper,screening_selected_transition,deuteronomy,verse,transition_bucket_shape,accent_words
P10-12_A8+_C2,P19-24_A8+_C4+,6,0.10714286,0.08919203,1.2012605,5.142,2.21351198,0.387619,0.42315369,upper,screening_selected_transition,deuteronomy,verse,transition_bucket_shape,accent_words
P19-24_A8+_C2,P10-12_A8+_C1,5,0.11111111,0.09863589,1.12647754,4.424,1.93071991,0.298334,0.46107784,upper,screening_selected_transition,deuteronomy,verse,transition_bucket_shape,accent_words
P10-12_A8+_C1,P16-18_A8+_C2,6,0.06382979,0.06086044,1.04878944,5.472,2.19792578,0.240226,0.47904192,upper,screening_selected_transition,deuteronomy,verse,transition_bucket_shape,accent_words
P13-15_A8+_C2,P19-24_A8+_C3,6,0.075,0.07450157,1.00669014,5.884,2.11269282,0.054906,0.55489022,upper,screening_selected_transition,deuteronomy,verse,transition_bucket_shape,accent_words
P13-15_A8+_C2,P10-12_A8+_C1,8,0.1,0.09863589,1.01382979,7.928,2.39714593,0.030036,0.55888224,upper,screening_selected_transition,deuteronomy,verse,transition_bucket_shape,accent_words
P16-18_A8+_C2,P19-24_A8+_C4+,5,0.0862069,0.08919203,0.96653144,5.102,2.17002627,-0.047004,0.58283433,upper,screening_selected_transition,deuteronomy,verse,transition_bucket_shape,accent_words
P10-12_A8+_C2,P10-12_A8+_C1,5,0.08928571,0.09863589,0.90520517,5.808,2.27629062,-0.354963,0.69860279,upper,screening_selected_transition,deuteronomy,verse,transition_bucket_shape,accent_words
P10-12_A8+_C1,P10-12_A8+_C1,7,0.07446809,0.09863589,0.75497963,9.062,2.64729529,-0.778908,0.84031936,upper,screening_selected_transition,deuteronomy,verse,transition_bucket_shape,accent_words
P19-24_A8+_C4+,P10-12_A8+_C1,6,0.07058824,0.09863589,0.71564456,8.436,2.76716795,-0.880322,0.84630739,upper,screening_selected_transition,deuteronomy,verse,transition_bucket_shape,accent_words
P10-12_A8+_C1,P19-24_A8+_C4+,5,0.05319149,0.08919203,0.59637046,8.428,2.69208295,-1.273363,0.92814371,upper,screening_selected_transition,deuteronomy,verse,transition_bucket_shape,accent_words
