from_shape,to_shape,count,p_to_given_from,p_to_background,lift,book,level,shape_field,transition_accent_mode
P<=4_A3_C0,P<=4_A3_C0,406,0.2664042,0.26505395,1.00509424,genesis,minor,transition_bucket_shape,taam_events
P<=4_A3_C0,P<=4_A4_C0,359,0.2355643,0.21249565,1.1085606,genesis,minor,transition_bucket_shape,taam_events
P<=4_A4_C0,P<=4_A3_C0,330,0.2704918,0.26505395,1.02051602,genesis,minor,transition_bucket_shape,taam_events
P<=4_A2_C0,P<=4_A3_C0,262,0.27521008,0.26505395,1.03831723,genesis,minor,transition_bucket_shape,taam_events
P<=4_A3_C0,P<=4_A2_C0,254,0.16666667,0.16568047,1.00595238,genesis,minor,transition_bucket_shape,taam_events
P<=4_A2_C0,P<=4_A4_C0,236,0.24789916,0.21249565,1.16660817,genesis,minor,transition_bucket_shape,taam_events
P<=4_A4_C0,P<=4_A2_C0,226,0.1852459,0.16568047,1.11809133,genesis,minor,transition_bucket_shape,taam_events
P<=4_A4_C0,P<=4_A4_C0,224,0.18360656,0.21249565,0.86404855,genesis,minor,transition_bucket_shape,taam_events
P<=4_A2_C0,P<=4_A2_C0,135,0.14180672,0.16568047,0.85590486,genesis,minor,transition_bucket_shape,taam_events
P<=4_A0-1_C0,P<=4_A3_C0,114,0.29457364,0.26505395,1.11137239,genesis,minor,transition_bucket_shape,taam_events
P<=4_A3_C0,P<=4_A0-1_C0,107,0.07020997,0.0673512,1.04244576,genesis,minor,transition_bucket_shape,taam_events
P<=4_A5_C0,P<=4_A3_C0,98,0.31410256,0.26505395,1.18505143,genesis,minor,transition_bucket_shape,taam_events
P<=4_A3_C0,P5-6_A5_C0,92,0.06036745,0.0673512,0.8963085,genesis,minor,transition_bucket_shape,taam_events
P<=4_A4_C0,P<=4_A0-1_C0,89,0.07295082,0.0673512,1.08314059,genesis,minor,transition_bucket_shape,taam_events
P<=4_A0-1_C0,P<=4_A4_C0,87,0.2248062,0.21249565,1.0579332,genesis,minor,transition_bucket_shape,taam_events
P5-6_A5_C0,P<=4_A4_C0,82,0.2118863,0.21249565,0.99713244,genesis,minor,transition_bucket_shape,taam_events
P5-6_A5_C0,P<=4_A3_C0,81,0.20930233,0.26505395,0.78965933,genesis,minor,transition_bucket_shape,taam_events
P<=4_A3_C0,P<=4_A5_C0,80,0.05249344,0.05429864,0.96675416,genesis,minor,transition_bucket_shape,taam_events
P<=4_A4_C0,P5-6_A5_C0,78,0.06393443,0.0673512,0.94926928,genesis,minor,transition_bucket_shape,taam_events
P<=4_A3_C0,P5-6_A4_C0,77,0.05052493,0.04838148,1.04430314,genesis,minor,transition_bucket_shape,taam_events
P<=4_A3_C0,P5-6_A6-7_C0,74,0.04855643,0.05325444,0.91178186,genesis,minor,transition_bucket_shape,taam_events
P5-6_A5_C0,P<=4_A2_C0,71,0.18346253,0.16568047,1.10732743,genesis,minor,transition_bucket_shape,taam_events
P5-6_A6-7_C0,P<=4_A2_C0,68,0.22222222,0.16568047,1.34126984,genesis,minor,transition_bucket_shape,taam_events
P5-6_A6-7_C0,P<=4_A3_C0,67,0.21895425,0.26505395,0.82607427,genesis,minor,transition_bucket_shape,taam_events
P<=4_A4_C0,P<=4_A5_C0,64,0.05245902,0.05429864,0.96612022,genesis,minor,transition_bucket_shape,taam_events
P<=4_A4_C0,P5-6_A4_C0,63,0.05163934,0.04838148,1.06733695,genesis,minor,transition_bucket_shape,taam_events
P<=4_A2_C0,P5-6_A5_C0,62,0.06512605,0.0673512,0.96696198,genesis,minor,transition_bucket_shape,taam_events
P<=4_A2_C0,P<=4_A5_C0,60,0.06302521,0.05429864,1.16071429,genesis,minor,transition_bucket_shape,taam_events
P5-6_A4_C0,P<=4_A4_C0,59,0.21223022,0.21249565,0.99875088,genesis,minor,transition_bucket_shape,taam_events
P5-6_A4_C0,P<=4_A3_C0,56,0.20143885,0.26505395,0.75999188,genesis,minor,transition_bucket_shape,taam_events
P<=4_A4_C0,P5-6_A6-7_C0,55,0.04508197,0.05325444,0.84653916,genesis,minor,transition_bucket_shape,taam_events
P5-6_A4_C0,P<=4_A2_C0,52,0.18705036,0.16568047,1.12898253,genesis,minor,transition_bucket_shape,taam_events
P<=4_A5_C0,P<=4_A2_C0,52,0.16666667,0.16568047,1.00595238,genesis,minor,transition_bucket_shape,taam_events
P<=4_A2_C0,P5-6_A6-7_C0,52,0.05462185,0.05325444,1.02567694,genesis,minor,transition_bucket_shape,taam_events
P<=4_A5_C0,P<=4_A4_C0,51,0.16346154,0.21249565,0.76924652,genesis,minor,transition_bucket_shape,taam_events
P5-6_A6-7_C0,P<=4_A4_C0,48,0.15686275,0.21249565,0.73819274,genesis,minor,transition_bucket_shape,taam_events
P<=4_A0-1_C0,P<=4_A2_C0,47,0.12144703,0.16568047,0.73301956,genesis,minor,transition_bucket_shape,taam_events
P<=4_A2_C0,P5-6_A4_C0,43,0.04516807,0.04838148,0.93358171,genesis,minor,transition_bucket_shape,taam_events
P<=4_A2_C0,P<=4_A0-1_C0,40,0.04201681,0.0673512,0.62384644,genesis,minor,transition_bucket_shape,taam_events
P7-9_A6-7_C0,P<=4_A4_C0,39,0.27464789,0.21249565,1.29248711,genesis,minor,transition_bucket_shape,taam_events
P5-6_A5_C0,P<=4_A0-1_C0,37,0.09560724,0.0673512,1.41953275,genesis,minor,transition_bucket_shape,taam_events
P<=4_A4_C0,P7-9_A6-7_C0,36,0.0295082,0.02471284,1.19404295,genesis,minor,transition_bucket_shape,taam_events
P5-6_A6-7_C0,P<=4_A0-1_C0,32,0.10457516,0.0673512,1.55268447,genesis,minor,transition_bucket_shape,taam_events
P5-6_A5_C0,P5-6_A5_C0,31,0.08010336,0.0673512,1.18933825,genesis,minor,transition_bucket_shape,taam_events
P<=4_A0-1_C0,P5-6_A5_C0,31,0.08010336,0.0673512,1.18933825,genesis,minor,transition_bucket_shape,taam_events
P<=4_A5_C0,P5-6_A5_C0,30,0.09615385,0.0673512,1.42764858,genesis,minor,transition_bucket_shape,taam_events
P<=4_A0-1_C0,P5-6_A6-7_C0,29,0.0749354,0.05325444,1.4071203,genesis,minor,transition_bucket_shape,taam_events
P7-9_A6-7_C0,P<=4_A3_C0,28,0.1971831,0.26505395,0.74393571,genesis,minor,transition_bucket_shape,taam_events
P<=4_A3_C0,P7-9_A6-7_C0,27,0.01771654,0.02471284,0.71689586,genesis,minor,transition_bucket_shape,taam_events
P<=4_A0-1_C0,P<=4_A5_C0,24,0.0620155,0.05429864,1.14211886,genesis,minor,transition_bucket_shape,taam_events
P5-6_A6-7_C0,P5-6_A5_C0,23,0.0751634,0.0673512,1.11599196,genesis,minor,transition_bucket_shape,taam_events
P5-6_A6-7_C0,P5-6_A6-7_C0,23,0.0751634,0.05325444,1.4114016,genesis,minor,transition_bucket_shape,taam_events
P5-6_A4_C0,P<=4_A5_C0,23,0.08273381,0.05429864,1.52368106,genesis,minor,transition_bucket_shape,taam_events
P7-9_A8+_C0,P<=4_A3_C0,22,0.34920635,0.26505395,1.31749158,genesis,minor,transition_bucket_shape,taam_events
P5-6_A4_C0,P5-6_A5_C0,22,0.07913669,0.0673512,1.17498559,genesis,minor,transition_bucket_shape,taam_events
P5-6_A5_C0,P5-6_A4_C0,22,0.05684755,0.04838148,1.17498559,genesis,minor,transition_bucket_shape,taam_events
P<=4_A5_C0,P<=4_A0-1_C0,21,0.06730769,0.0673512,0.99935401,genesis,minor,transition_bucket_shape,taam_events
P<=4_A5_C0,P5-6_A6-7_C0,21,0.06730769,0.05325444,1.26388889,genesis,minor,transition_bucket_shape,taam_events
P<=4_A3_C0,P7-9_A8+_C0,21,0.01377953,0.01096415,1.2567804,genesis,minor,transition_bucket_shape,taam_events
P<=4_A2_C0,P7-9_A6-7_C0,20,0.0210084,0.02471284,0.8501006,genesis,minor,transition_bucket_shape,taam_events
P7-9_A6-7_C0,P<=4_A2_C0,20,0.14084507,0.16568047,0.8501006,genesis,minor,transition_bucket_shape,taam_events
P5-6_A3_C0,P<=4_A3_C0,20,0.36363636,0.26505395,1.37193339,genesis,minor,transition_bucket_shape,taam_events
P5-6_A5_C0,P<=4_A5_C0,18,0.04651163,0.05429864,0.85658915,genesis,minor,transition_bucket_shape,taam_events
P<=4_A0-1_C0,P5-6_A4_C0,18,0.04651163,0.04838148,0.96135185,genesis,minor,transition_bucket_shape,taam_events
P<=4_A2_C0,P5-6_A3_C0,16,0.01680672,0.00957188,1.75584416,genesis,minor,transition_bucket_shape,taam_events
P5-6_A5_C0,P5-6_A6-7_C0,16,0.04134367,0.05325444,0.77634223,genesis,minor,transition_bucket_shape,taam_events
P5-6_A4_C0,P5-6_A6-7_C0,15,0.05395683,0.05325444,1.01318945,genesis,minor,transition_bucket_shape,taam_events
P5-6_A6-7_C0,P5-6_A4_C0,15,0.04901961,0.04838148,1.01318945,genesis,minor,transition_bucket_shape,taam_events
P<=4_A0-1_C0,P<=4_A0-1_C0,15,0.03875969,0.0673512,0.57548625,genesis,minor,transition_bucket_shape,taam_events
P7-9_A6-7_C0,P<=4_A0-1_C0,15,0.1056338,0.0673512,1.56840266,genesis,minor,transition_bucket_shape,taam_events
P5-6_A4_C0,P<=4_A0-1_C0,15,0.05395683,0.0673512,0.80112654,genesis,minor,transition_bucket_shape,taam_events
P5-6_A6-7_C0,P<=4_A5_C0,14,0.04575163,0.05429864,0.84259259,genesis,minor,transition_bucket_shape,taam_events
P<=4_A4_C0,P7-9_A8+_C0,13,0.01065574,0.01096415,0.97187093,genesis,minor,transition_bucket_shape,taam_events
P7-9_A5_C0,P<=4_A3_C0,12,0.36363636,0.26505395,1.37193339,genesis,minor,transition_bucket_shape,taam_events
P7-9_A8+_C0,P<=4_A4_C0,12,0.19047619,0.21249565,0.8963769,genesis,minor,transition_bucket_shape,taam_events
P<=4_A5_C0,P5-6_A4_C0,12,0.03846154,0.04838148,0.79496403,genesis,minor,transition_bucket_shape,taam_events
P<=4_A4_C0,P5-6_A3_C0,11,0.00901639,0.00957188,0.94196721,genesis,minor,transition_bucket_shape,taam_events
P5-6_A5_C0,P7-9_A6-7_C0,11,0.02842377,0.02471284,1.15016195,genesis,minor,transition_bucket_shape,taam_events
P10-12_A8+_C0,P<=4_A3_C0,10,0.32258065,0.26505395,1.21703768,genesis,minor,transition_bucket_shape,taam_events
P<=4_A4_C0,P7-9_A5_C0,10,0.00819672,0.00574313,1.42722305,genesis,minor,transition_bucket_shape,taam_events
P<=4_A3_C0,P5-6_A3_C0,9,0.00590551,0.00957188,0.61696492,genesis,minor,transition_bucket_shape,taam_events
P5-6_A4_C0,P7-9_A6-7_C0,9,0.0323741,0.02471284,1.31001115,genesis,minor,transition_bucket_shape,taam_events
P<=4_A6-7_C0,P<=4_A3_C0,9,0.29032258,0.26505395,1.09533391,genesis,minor,transition_bucket_shape,taam_events
P7-9_A6-7_C0,P5-6_A6-7_C0,9,0.06338028,0.05325444,1.19014085,genesis,minor,transition_bucket_shape,taam_events
P5-6_A4_C0,P5-6_A4_C0,8,0.02877698,0.04838148,0.59479323,genesis,minor,transition_bucket_shape,taam_events
P<=4_A5_C0,P7-9_A6-7_C0,8,0.02564103,0.02471284,1.03755869,genesis,minor,transition_bucket_shape,taam_events
P<=4_A5_C0,P<=4_A5_C0,8,0.02564103,0.05429864,0.47222222,genesis,minor,transition_bucket_shape,taam_events
P<=4_A2_C0,P7-9_A8+_C0,8,0.00840336,0.01096415,0.76643991,genesis,minor,transition_bucket_shape,taam_events
P<=4_A4_C0,P10-12_A8+_C0,8,0.00655738,0.00539506,1.21544157,genesis,minor,transition_bucket_shape,taam_events
P7-9_A6-7_C0,P5-6_A5_C0,8,0.05633803,0.0673512,0.83648142,genesis,minor,transition_bucket_shape,taam_events
P5-6_A5_C0,P5-6_A3_C0,7,0.01808786,0.00957188,1.88968757,genesis,minor,transition_bucket_shape,taam_events
P<=4_A0-1_C0,P7-9_A6-7_C0,7,0.01808786,0.02471284,0.73192124,genesis,minor,transition_bucket_shape,taam_events
P5-6_A3_C0,P<=4_A2_C0,7,0.12727273,0.16568047,0.76818182,genesis,minor,transition_bucket_shape,taam_events
P5-6_A3_C0,P<=4_A4_C0,7,0.12727273,0.21249565,0.59894274,genesis,minor,transition_bucket_shape,taam_events
P7-9_A8+_C0,P5-6_A4_C0,7,0.11111111,0.04838148,2.29656275,genesis,minor,transition_bucket_shape,taam_events
P<=4_A3_C0,P7-9_A5_C0,7,0.00459318,0.00574313,0.79976935,genesis,minor,transition_bucket_shape,taam_events
P7-9_A6-7_C0,P7-9_A6-7_C0,7,0.04929577,0.02471284,1.99474311,genesis,minor,transition_bucket_shape,taam_events
P7-9_A5_C0,P<=4_A5_C0,6,0.18181818,0.05429864,3.34848485,genesis,minor,transition_bucket_shape,taam_events
P<=4_A4_C0,P<=4_A6-7_C0,6,0.00491803,0.00539506,0.91158117,genesis,minor,transition_bucket_shape,taam_events
P5-6_A4_C0,P<=4_A6-7_C0,6,0.02158273,0.00539506,4.00046414,genesis,minor,transition_bucket_shape,taam_events
P<=4_A6-7_C0,P<=4_A0-1_C0,6,0.19354839,0.0673512,2.87371843,genesis,minor,transition_bucket_shape,taam_events
P5-6_A4_C0,P7-9_A8+_C0,6,0.02158273,0.01096415,1.96848236,genesis,minor,transition_bucket_shape,taam_events
P<=4_A3_C0,P10-12_A8+_C0,6,0.00393701,0.00539506,0.72974346,genesis,minor,transition_bucket_shape,taam_events
P7-9_A8+_C0,P7-9_A6-7_C0,5,0.07936508,0.02471284,3.21149117,genesis,minor,transition_bucket_shape,taam_events
P5-6_A6-7_C0,P7-9_A8+_C0,5,0.01633987,0.01096415,1.49029982,genesis,minor,transition_bucket_shape,taam_events
P7-9_A8+_C0,P<=4_A0-1_C0,5,0.07936508,0.0673512,1.1783766,genesis,minor,transition_bucket_shape,taam_events
P<=4_A6-7_C0,P<=4_A4_C0,5,0.16129032,0.21249565,0.75902882,genesis,minor,transition_bucket_shape,taam_events
P5-6_A3_C0,P<=4_A5_C0,5,0.09090909,0.05429864,1.67424242,genesis,minor,transition_bucket_shape,taam_events
P7-9_A6-7_C0,P5-6_A4_C0,5,0.03521127,0.04838148,0.72778397,genesis,minor,transition_bucket_shape,taam_events
P5-6_A6-7_C0,P7-9_A6-7_C0,4,0.0130719,0.02471284,0.52895149,genesis,minor,transition_bucket_shape,taam_events
P7-9_A8+_C0,P<=4_A2_C0,4,0.06349206,0.16568047,0.38321995,genesis,minor,transition_bucket_shape,taam_events
P10-12_A8+_C0,P<=4_A5_C0,4,0.12903226,0.05429864,2.37634409,genesis,minor,transition_bucket_shape,taam_events
P<=4_A0-1_C0,P<=4_A6-7_C0,4,0.01033592,0.00539506,1.91581229,genesis,minor,transition_bucket_shape,taam_events
P10-12_A8+_C0,P<=4_A2_C0,4,0.12903226,0.16568047,0.77880184,genesis,minor,transition_bucket_shape,taam_events
P5-6_A4_C0,P5-6_A3_C0,4,0.01438849,0.00957188,1.50320471,genesis,minor,transition_bucket_shape,taam_events
P<=4_A2_C0,P<=4_A6-7_C0,4,0.00420168,0.00539506,0.77880184,genesis,minor,transition_bucket_shape,taam_events
P<=4_A2_C0,P7-9_A5_C0,4,0.00420168,0.00574313,0.73160173,genesis,minor,transition_bucket_shape,taam_events
P7-9_A5_C0,P<=4_A4_C0,4,0.12121212,0.21249565,0.57042166,genesis,minor,transition_bucket_shape,taam_events
P7-9_A5_C0,P<=4_A2_C0,4,0.12121212,0.16568047,0.73160173,genesis,minor,transition_bucket_shape,taam_events
P5-6_A3_C0,P7-9_A6-7_C0,4,0.07272727,0.02471284,2.94289373,genesis,minor,transition_bucket_shape,taam_events
P<=4_A4_C0,P5-6_A8+_C0,3,0.00245902,0.00139227,1.76618852,genesis,minor,transition_bucket_shape,taam_events
P<=4_A3_C0,P<=4_A6-7_C0,3,0.0019685,0.00539506,0.36487173,genesis,minor,transition_bucket_shape,taam_events
P5-6_A6-7_C0,P10-12_A8+_C0,3,0.00980392,0.00539506,1.8172043,genesis,minor,transition_bucket_shape,taam_events
P5-6_A5_C0,P<=4_A6-7_C0,3,0.00775194,0.00539506,1.43685921,genesis,minor,transition_bucket_shape,taam_events
P7-9_A8+_C0,P5-6_A6-7_C0,3,0.04761905,0.05325444,0.89417989,genesis,minor,transition_bucket_shape,taam_events
P5-6_A8+_C0,P<=4_A3_C0,3,0.375,0.26505395,1.4148063,genesis,minor,transition_bucket_shape,taam_events
P7-9_A6-7_C0,P<=4_A5_C0,3,0.02112676,0.05429864,0.38908451,genesis,minor,transition_bucket_shape,taam_events
P<=4_A0-1_C0,P7-9_A8+_C0,3,0.00775194,0.01096415,0.70702596,genesis,minor,transition_bucket_shape,taam_events
P5-6_A3_C0,P5-6_A6-7_C0,3,0.05454545,0.05325444,1.02424242,genesis,minor,transition_bucket_shape,taam_events
P<=4_A5_C0,P7-9_A8+_C0,3,0.00961538,0.01096415,0.87698413,genesis,minor,transition_bucket_shape,taam_events
P7-9_A8+_C0,P5-6_A5_C0,3,0.04761905,0.0673512,0.70702596,genesis,minor,transition_bucket_shape,taam_events
P<=4_A2_C0,P13-15_A8+_C0,3,0.00315126,0.00069614,4.52678571,genesis,minor,transition_bucket_shape,taam_events
P<=4_A0-1_C0,P10-12_A8+_C0,3,0.00775194,0.00539506,1.43685921,genesis,minor,transition_bucket_shape,taam_events
P<=4_A0-1_C0,P5-6_A3_C0,3,0.00775194,0.00957188,0.8098661,genesis,minor,transition_bucket_shape,taam_events
P<=4_A5_C0,P7-9_A5_C0,3,0.00961538,0.00574313,1.67424242,genesis,minor,transition_bucket_shape,taam_events
P5-6_A5_C0,P10-12_A8+_C0,3,0.00775194,0.00539506,1.43685921,genesis,minor,transition_bucket_shape,taam_events
P<=4_A2_C0,P10-12_A8+_C0,3,0.00315126,0.00539506,0.58410138,genesis,minor,transition_bucket_shape,taam_events
P5-6_A3_C0,P5-6_A4_C0,3,0.05454545,0.04838148,1.12740353,genesis,minor,transition_bucket_shape,taam_events
P10-12_A8+_C0,P<=4_A4_C0,3,0.09677419,0.21249565,0.45541729,genesis,minor,transition_bucket_shape,taam_events
P<=4_A2_C0,P5-6_A8+_C0,3,0.00315126,0.00139227,2.26339286,genesis,minor,transition_bucket_shape,taam_events
P5-6_A3_C0,P5-6_A5_C0,3,0.05454545,0.0673512,0.8098661,genesis,minor,transition_bucket_shape,taam_events
P3_A3_C0,P3_A3_C0,157,0.17861206,0.15280195,1.16891218,genesis,minor,transition_exact_shape,taam_events
P3_A3_C0,P3_A4_C0,110,0.12514221,0.10076575,1.24191213,genesis,minor,transition_exact_shape,taam_events
P2_A2_C0,P3_A3_C0,108,0.15697674,0.15280195,1.02732161,genesis,minor,transition_exact_shape,taam_events
P3_A3_C0,P2_A2_C0,100,0.11376564,0.11973547,0.95014155,genesis,minor,transition_exact_shape,taam_events
P2_A2_C0,P3_A4_C0,93,0.13517442,0.10076575,1.34147186,genesis,minor,transition_exact_shape,taam_events
P3_A4_C0,P2_A2_C0,93,0.16089965,0.11973547,1.34379275,genesis,minor,transition_exact_shape,taam_events
P4_A4_C0,P3_A3_C0,92,0.15206612,0.15280195,0.9951844,genesis,minor,transition_exact_shape,taam_events
P3_A3_C0,P4_A4_C0,88,0.10011377,0.10529064,0.95083256,genesis,minor,transition_exact_shape,taam_events
P3_A4_C0,P3_A3_C0,81,0.14013841,0.15280195,0.91712448,genesis,minor,transition_exact_shape,taam_events
P4_A4_C0,P2_A2_C0,77,0.12727273,0.11973547,1.06294926,genesis,minor,transition_exact_shape,taam_events
P4_A4_C0,P4_A4_C0,75,0.12396694,0.10529064,1.17737859,genesis,minor,transition_exact_shape,taam_events
P1_A1_C0,P3_A3_C0,74,0.20903955,0.15280195,1.36804242,genesis,minor,transition_exact_shape,taam_events
P2_A2_C0,P4_A4_C0,71,0.10319767,0.10529064,0.98012204,genesis,minor,transition_exact_shape,taam_events
P4_A3_C0,P2_A2_C0,60,0.15503876,0.11973547,1.29484406,genesis,minor,transition_exact_shape,taam_events
P3_A4_C0,P4_A3_C0,57,0.09861592,0.0673512,1.46420429,genesis,minor,transition_exact_shape,taam_events
P4_A3_C0,P3_A3_C0,57,0.14728682,0.15280195,0.96390669,genesis,minor,transition_exact_shape,taam_events
P4_A5_C0,P3_A3_C0,55,0.21072797,0.15280195,1.37909215,genesis,minor,transition_exact_shape,taam_events
P4_A3_C0,P3_A4_C0,54,0.13953488,0.10076575,1.38474515,genesis,minor,transition_exact_shape,taam_events
P3_A3_C0,P1_A1_C0,53,0.06029579,0.06160808,0.97869947,genesis,minor,transition_exact_shape,taam_events
P3_A4_C0,P4_A4_C0,53,0.0916955,0.10529064,0.87087992,genesis,minor,transition_exact_shape,taam_events
P3_A3_C0,P2_A3_C0,49,0.05574516,0.04472677,1.2463491,genesis,minor,transition_exact_shape,taam_events
P2_A2_C0,P2_A2_C0,48,0.06976744,0.11973547,0.58267983,genesis,minor,transition_exact_shape,taam_events
P2_A2_C0,P4_A3_C0,48,0.06976744,0.0673512,1.03587525,genesis,minor,transition_exact_shape,taam_events
P3_A3_C0,P4_A3_C0,48,0.05460751,0.0673512,0.81078745,genesis,minor,transition_exact_shape,taam_events
P1_A1_C0,P4_A4_C0,45,0.12711864,0.10529064,1.20731195,genesis,minor,transition_exact_shape,taam_events
P4_A4_C0,P3_A4_C0,43,0.07107438,0.10076575,0.70534264,genesis,minor,transition_exact_shape,taam_events
P3_A4_C0,P1_A1_C0,42,0.07266436,0.06160808,1.17946162,genesis,minor,transition_exact_shape,taam_events
P3_A4_C0,P3_A4_C0,40,0.06920415,0.10076575,0.68678249,genesis,minor,transition_exact_shape,taam_events
P3_A3_C0,P4_A5_C0,39,0.0443686,0.0454229,0.97678919,genesis,minor,transition_exact_shape,taam_events
P3_A3_C0,P5_A4_C0,39,0.0443686,0.04020188,1.10364493,genesis,minor,transition_exact_shape,taam_events
P2_A3_C0,P4_A4_C0,38,0.14785992,0.10529064,1.40430267,genesis,minor,transition_exact_shape,taam_events
P2_A2_C0,P2_A3_C0,37,0.05377907,0.04472677,1.20239119,genesis,minor,transition_exact_shape,taam_events
P3_A3_C0,P5_A5_C0,37,0.04209329,0.04611904,0.91270955,genesis,minor,transition_exact_shape,taam_events
P4_A4_C0,P1_A1_C0,37,0.06115702,0.06160808,0.99267871,genesis,minor,transition_exact_shape,taam_events
P4_A4_C0,P4_A3_C0,37,0.06115702,0.0673512,0.90803169,genesis,minor,transition_exact_shape,taam_events
P4_A3_C0,P4_A4_C0,36,0.09302326,0.10529064,0.88349029,genesis,minor,transition_exact_shape,taam_events
P1_A1_C0,P3_A4_C0,35,0.09887006,0.10076575,0.98118712,genesis,minor,transition_exact_shape,taam_events
P2_A2_C0,P5_A5_C0,35,0.05087209,0.04611904,1.10306055,genesis,minor,transition_exact_shape,taam_events
P4_A4_C0,P4_A5_C0,35,0.05785124,0.0454229,1.27361388,genesis,minor,transition_exact_shape,taam_events
P5_A5_C0,P2_A2_C0,34,0.12830189,0.11973547,1.07154454,genesis,minor,transition_exact_shape,taam_events
P4_A5_C0,P2_A2_C0,33,0.12643678,0.11973547,1.05596766,genesis,minor,transition_exact_shape,taam_events
P1_A1_C0,P2_A2_C0,32,0.09039548,0.11973547,0.75495993,genesis,minor,transition_exact_shape,taam_events
P2_A2_C0,P4_A5_C0,31,0.04505814,0.0454229,0.99196962,genesis,minor,transition_exact_shape,taam_events
P2_A3_C0,P3_A3_C0,31,0.12062257,0.15280195,0.78940464,genesis,minor,transition_exact_shape,taam_events
P4_A4_C0,P2_A3_C0,30,0.04958678,0.04472677,1.10866,genesis,minor,transition_exact_shape,taam_events
P2_A3_C0,P2_A2_C0,29,0.11284047,0.11973547,0.94241471,genesis,minor,transition_exact_shape,taam_events
P5_A5_C0,P3_A3_C0,28,0.10566038,0.15280195,0.6914858,genesis,minor,transition_exact_shape,taam_events
P2_A2_C0,P3_A2_C0,28,0.04069767,0.02975983,1.36753706,genesis,minor,transition_exact_shape,taam_events
P5_A5_C0,P4_A4_C0,28,0.10566038,0.10529064,1.00351162,genesis,minor,transition_exact_shape,taam_events
P5_A5_C0,P3_A4_C0,28,0.10566038,0.10076575,1.04857431,genesis,minor,transition_exact_shape,taam_events
P4_A4_C0,P5_A4_C0,27,0.0446281,0.04020188,1.11009982,genesis,minor,transition_exact_shape,taam_events
P5_A4_C0,P2_A2_C0,27,0.11688312,0.11973547,0.97617789,genesis,minor,transition_exact_shape,taam_events
P3_A4_C0,P5_A4_C0,26,0.0449827,0.04020188,1.1189203,genesis,minor,transition_exact_shape,taam_events
P5_A4_C0,P4_A4_C0,26,0.11255411,0.10529064,1.06898501,genesis,minor,transition_exact_shape,taam_events
P2_A2_C0,P5_A4_C0,26,0.0377907,0.04020188,0.94002316,genesis,minor,transition_exact_shape,taam_events
P4_A5_C0,P4_A4_C0,26,0.09961686,0.10529064,0.94611317,genesis,minor,transition_exact_shape,taam_events
P1_A1_C0,P4_A3_C0,26,0.07344633,0.0673512,1.09049767,genesis,minor,transition_exact_shape,taam_events
P2_A2_C0,P1_A1_C0,26,0.0377907,0.06160808,0.61340494,genesis,minor,transition_exact_shape,taam_events
P3_A3_C0,P5_A6_C0,25,0.02844141,0.01862165,1.52733034,genesis,minor,transition_exact_shape,taam_events
P2_A3_C0,P3_A4_C0,25,0.09727626,0.10076575,0.96537032,genesis,minor,transition_exact_shape,taam_events
P3_A2_C0,P3_A4_C0,25,0.14619883,0.10076575,1.4508782,genesis,minor,transition_exact_shape,taam_events
P5_A4_C0,P3_A3_C0,25,0.10822511,0.15280195,0.70827047,genesis,minor,transition_exact_shape,taam_events
P4_A4_C0,P5_A5_C0,24,0.03966942,0.04611904,0.86015281,genesis,minor,transition_exact_shape,taam_events
P3_A2_C0,P3_A3_C0,24,0.14035088,0.15280195,0.91851497,genesis,minor,transition_exact_shape,taam_events
P4_A3_C0,P1_A1_C0,23,0.05943152,0.06160808,0.96467102,genesis,minor,transition_exact_shape,taam_events
P4_A5_C0,P4_A3_C0,22,0.08429119,0.0673512,1.25151722,genesis,minor,transition_exact_shape,taam_events
P5_A5_C0,P1_A1_C0,22,0.08301887,0.06160808,1.34753225,genesis,minor,transition_exact_shape,taam_events
P6_A6_C0,P2_A2_C0,22,0.17460317,0.11973547,1.45824105,genesis,minor,transition_exact_shape,taam_events
P4_A5_C0,P5_A5_C0,21,0.08045977,0.04611904,1.74461071,genesis,minor,transition_exact_shape,taam_events
P2_A3_C0,P4_A3_C0,21,0.08171206,0.0673512,1.21322354,genesis,minor,transition_exact_shape,taam_events
P1_A1_C0,P5_A5_C0,21,0.05932203,0.04611904,1.28628078,genesis,minor,transition_exact_shape,taam_events
P4_A3_C0,P4_A3_C0,21,0.05426357,0.0673512,0.80568075,genesis,minor,transition_exact_shape,taam_events
P2_A3_C0,P1_A1_C0,21,0.08171206,0.06160808,1.32632065,genesis,minor,transition_exact_shape,taam_events
P3_A4_C0,P2_A3_C0,20,0.03460208,0.04472677,0.77363241,genesis,minor,transition_exact_shape,taam_events
P4_A4_C0,P3_A2_C0,20,0.03305785,0.02975983,1.11082113,genesis,minor,transition_exact_shape,taam_events
P4_A3_C0,P4_A5_C0,20,0.05167959,0.0454229,1.13774293,genesis,minor,transition_exact_shape,taam_events
P3_A2_C0,P4_A4_C0,19,0.11111111,0.10529064,1.05528007,genesis,minor,transition_exact_shape,taam_events
P3_A4_C0,P5_A5_C0,19,0.03287197,0.04611904,0.7127636,genesis,minor,transition_exact_shape,taam_events
P1_A1_C0,P4_A5_C0,19,0.05367232,0.0454229,1.18161352,genesis,minor,transition_exact_shape,taam_events
P3_A4_C0,P6_A5_C0,19,0.03287197,0.02123216,1.54821601,genesis,minor,transition_exact_shape,taam_events
P4_A5_C0,P1_A1_C0,18,0.06896552,0.06160808,1.11942334,genesis,minor,transition_exact_shape,taam_events
P3_A3_C0,P3_A2_C0,18,0.02047782,0.02975983,0.68810251,genesis,minor,transition_exact_shape,taam_events
P5_A4_C0,P3_A4_C0,18,0.07792208,0.10076575,0.77329924,genesis,minor,transition_exact_shape,taam_events
P2_A2_C0,P6_A6_C0,18,0.02616279,0.0219283,1.19310631,genesis,minor,transition_exact_shape,taam_events
P6_A7_C0,P2_A2_C0,17,0.30909091,0.11973547,2.5814482,genesis,minor,transition_exact_shape,taam_events
P5_A6_C0,P2_A2_C0,17,0.1588785,0.11973547,1.32691263,genesis,minor,transition_exact_shape,taam_events
P3_A2_C0,P2_A2_C0,17,0.0994152,0.11973547,0.83029036,genesis,minor,transition_exact_shape,taam_events
P5_A6_C0,P3_A3_C0,17,0.1588785,0.15280195,1.03976753,genesis,minor,transition_exact_shape,taam_events
P1_A1_C0,P5_A4_C0,17,0.0480226,0.04020188,1.19453616,genesis,minor,transition_exact_shape,taam_events
P3_A4_C0,P4_A5_C0,16,0.02768166,0.0454229,0.60942078,genesis,minor,transition_exact_shape,taam_events
P3_A3_C0,P6_A5_C0,16,0.0182025,0.02123216,0.85730804,genesis,minor,transition_exact_shape,taam_events
P3_A3_C0,P1_A2_C0,15,0.01706485,0.00974591,1.75097513,genesis,minor,transition_exact_shape,taam_events
P5_A6_C0,P1_A1_C0,15,0.14018692,0.06160808,2.27546333,genesis,minor,transition_exact_shape,taam_events
P6_A6_C0,P3_A3_C0,15,0.11904762,0.15280195,0.77909752,genesis,minor,transition_exact_shape,taam_events
P3_A4_C0,P3_A2_C0,15,0.02595156,0.02975983,0.87203302,genesis,minor,transition_exact_shape,taam_events
P5_A4_C0,P4_A5_C0,15,0.06493506,0.0454229,1.4295666,genesis,minor,transition_exact_shape,taam_events
P5_A5_C0,P4_A3_C0,15,0.05660377,0.0673512,0.84042709,genesis,minor,transition_exact_shape,taam_events
P4_A4_C0,P6_A5_C0,15,0.02479339,0.02123216,1.16772795,genesis,minor,transition_exact_shape,taam_events
P3_A3_C0,P6_A6_C0,15,0.01706485,0.0219283,0.77821117,genesis,minor,transition_exact_shape,taam_events
P4_A3_C0,P5_A4_C0,14,0.03617571,0.04020188,0.89985123,genesis,minor,transition_exact_shape,taam_events
P2_A3_C0,P5_A5_C0,14,0.05447471,0.04611904,1.18117613,genesis,minor,transition_exact_shape,taam_events
P5_A5_C0,P2_A3_C0,14,0.05283019,0.04472677,1.18117613,genesis,minor,transition_exact_shape,taam_events
P6_A5_C0,P2_A2_C0,14,0.1147541,0.11973547,0.95839687,genesis,minor,transition_exact_shape,taam_events
P1_A1_C0,P1_A1_C0,14,0.03954802,0.06160808,0.6419292,genesis,minor,transition_exact_shape,taam_events
P2_A2_C0,P5_A6_C0,14,0.02034884,0.01862165,1.09275158,genesis,minor,transition_exact_shape,taam_events
P6_A6_C0,P4_A4_C0,14,0.11111111,0.10529064,1.05528007,genesis,minor,transition_exact_shape,taam_events
P4_A3_C0,P5_A5_C0,14,0.03617571,0.04611904,0.78439862,genesis,minor,transition_exact_shape,taam_events
P5_A5_C0,P5_A5_C0,13,0.0490566,0.04611904,1.06369527,genesis,minor,transition_exact_shape,taam_events
P1_A1_C0,P5_A6_C0,13,0.03672316,0.01862165,1.97206822,genesis,minor,transition_exact_shape,taam_events
P4_A5_C0,P3_A4_C0,13,0.04980843,0.10076575,0.49429919,genesis,minor,transition_exact_shape,taam_events
P3_A4_C0,P6_A6_C0,13,0.02249135,0.0219283,1.02567694,genesis,minor,transition_exact_shape,taam_events
P5_A4_C0,P5_A5_C0,13,0.05627706,0.04611904,1.22025647,genesis,minor,transition_exact_shape,taam_events
P4_A3_C0,P2_A3_C0,13,0.03359173,0.04472677,0.75104314,genesis,minor,transition_exact_shape,taam_events
P5_A4_C0,P4_A3_C0,13,0.05627706,0.0673512,0.83557614,genesis,minor,transition_exact_shape,taam_events
P3_A2_C0,P5_A5_C0,12,0.07017544,0.04611904,1.52161536,genesis,minor,transition_exact_shape,taam_events
P5_A5_C0,P3_A2_C0,12,0.04528302,0.02975983,1.52161536,genesis,minor,transition_exact_shape,taam_events
P4_A5_C0,P6_A6_C0,12,0.04597701,0.0219283,2.09669768,genesis,minor,transition_exact_shape,taam_events
P3_A2_C0,P4_A5_C0,12,0.07017544,0.0454229,1.54493513,genesis,minor,transition_exact_shape,taam_events
P2_A2_C0,P4_A2_C0,12,0.01744186,0.00643926,2.70867379,genesis,minor,transition_exact_shape,taam_events
P6_A5_C0,P3_A3_C0,12,0.09836066,0.15280195,0.64371336,genesis,minor,transition_exact_shape,taam_events
P4_A3_C0,P3_A2_C0,12,0.03100775,0.02975983,1.041933,genesis,minor,transition_exact_shape,taam_events
P6_A5_C0,P4_A4_C0,12,0.09836066,0.10529064,0.93418236,genesis,minor,transition_exact_shape,taam_events
P5_A5_C0,P5_A4_C0,12,0.04528302,0.04020188,1.12639059,genesis,minor,transition_exact_shape,taam_events
P5_A4_C0,P1_A1_C0,12,0.05194805,0.06160808,0.843202,genesis,minor,transition_exact_shape,taam_events
P2_A3_C0,P4_A5_C0,11,0.04280156,0.0454229,0.9422902,genesis,minor,transition_exact_shape,taam_events
P2_A2_C0,P5_A3_C0,11,0.01598837,0.00870171,1.83738372,genesis,minor,transition_exact_shape,taam_events
P3_A2_C0,P4_A3_C0,11,0.06432749,0.0673512,0.95510525,genesis,minor,transition_exact_shape,taam_events
P1_A2_C0,P3_A4_C0,11,0.19642857,0.10076575,1.9493585,genesis,minor,transition_exact_shape,taam_events
P5_A6_C0,P4_A4_C0,11,0.10280374,0.10529064,0.97638063,genesis,minor,transition_exact_shape,taam_events
P6_A5_C0,P3_A4_C0,11,0.09016393,0.10076575,0.89478751,genesis,minor,transition_exact_shape,taam_events
P6_A5_C0,P1_A1_C0,11,0.09016393,0.06160808,1.46350838,genesis,minor,transition_exact_shape,taam_events
P4_A4_C0,P6_A7_C0,10,0.01652893,0.00957188,1.72682194,genesis,minor,transition_exact_shape,taam_events
P3_A2_C0,P2_A3_C0,10,0.05847953,0.04472677,1.30748401,genesis,minor,transition_exact_shape,taam_events
P5_A4_C0,P2_A3_C0,10,0.04329004,0.04472677,0.96787778,genesis,minor,transition_exact_shape,taam_events
P2_A3_C0,P5_A4_C0,10,0.03891051,0.04020188,0.96787778,genesis,minor,transition_exact_shape,taam_events
P6_A6_C0,P1_A1_C0,10,0.07936508,0.06160808,1.28822527,genesis,minor,transition_exact_shape,taam_events
P7_A6_C0,P4_A4_C0,9,0.15517241,0.10529064,1.47375321,genesis,minor,transition_exact_shape,taam_events
P6_A5_C0,P5_A5_C0,9,0.07377049,0.04611904,1.59956697,genesis,minor,transition_exact_shape,taam_events
P7_A5_C0,P3_A3_C0,9,0.29032258,0.15280195,1.89999265,genesis,minor,transition_exact_shape,taam_events
P2_A3_C0,P2_A3_C0,9,0.03501946,0.04472677,0.78296416,genesis,minor,transition_exact_shape,taam_events
P4_A4_C0,P6_A6_C0,9,0.01487603,0.0219283,0.67839433,genesis,minor,transition_exact_shape,taam_events
P2_A2_C0,P6_A5_C0,9,0.0130814,0.02123216,0.61611228,genesis,minor,transition_exact_shape,taam_events
P1_A1_C0,P6_A6_C0,9,0.02542373,0.0219283,1.15940274,genesis,minor,transition_exact_shape,taam_events
P4_A4_C0,P3_A5_C0,9,0.01487603,0.00887574,1.67603306,genesis,minor,transition_exact_shape,taam_events
P2_A2_C0,P3_A5_C0,8,0.01162791,0.00887574,1.31007752,genesis,minor,transition_exact_shape,taam_events
P3_A5_C0,P3_A3_C0,8,0.15686275,0.15280195,1.02657555,genesis,minor,transition_exact_shape,taam_events
P6_A5_C0,P4_A5_C0,8,0.06557377,0.0454229,1.44362791,genesis,minor,transition_exact_shape,taam_events
P5_A5_C0,P4_A5_C0,8,0.03018868,0.0454229,0.66461361,genesis,minor,transition_exact_shape,taam_events
P7_A6_C0,P3_A4_C0,8,0.13793103,0.10076575,1.36882854,genesis,minor,transition_exact_shape,taam_events
P4_A5_C0,P2_A3_C0,8,0.03065134,0.04472677,0.68530197,genesis,minor,transition_exact_shape,taam_events
P3_A4_C0,P1_A2_C0,8,0.01384083,0.00974591,1.42016807,genesis,minor,transition_exact_shape,taam_events
P3_A3_C0,P3_A5_C0,8,0.00910125,0.00887574,1.02540766,genesis,minor,transition_exact_shape,taam_events
P1_A1_C0,P3_A2_C0,8,0.02259887,0.02975983,0.7593749,genesis,minor,transition_exact_shape,taam_events
P4_A5_C0,P5_A4_C0,8,0.03065134,0.04020188,0.76243552,genesis,minor,transition_exact_shape,taam_events
P4_A3_C0,P6_A6_C0,8,0.02067183,0.0219283,0.94270128,genesis,minor,transition_exact_shape,taam_events
P3_A4_C0,P5_A3_C0,8,0.01384083,0.00870171,1.59058824,genesis,minor,transition_exact_shape,taam_events
P1_A1_C0,P2_A3_C0,8,0.02259887,0.04472677,0.50526501,genesis,minor,transition_exact_shape,taam_events
P6_A5_C0,P4_A3_C0,8,0.06557377,0.0673512,0.97360952,genesis,minor,transition_exact_shape,taam_events
P5_A4_C0,P3_A2_C0,8,0.03463203,0.02975983,1.16371737,genesis,minor,transition_exact_shape,taam_events
P7_A6_C0,P1_A1_C0,8,0.13793103,0.06160808,2.23884668,genesis,minor,transition_exact_shape,taam_events
P3_A4_C0,P7_A6_C0,8,0.01384083,0.01009398,1.37119675,genesis,minor,transition_exact_shape,taam_events
P4_A4_C0,P7_A6_C0,8,0.01322314,0.01009398,1.31000285,genesis,minor,transition_exact_shape,taam_events
P5_A6_C0,P4_A3_C0,8,0.07476636,0.0673512,1.11009684,genesis,minor,transition_exact_shape,taam_events
P7_A6_C0,P3_A3_C0,8,0.13793103,0.15280195,0.9026785,genesis,minor,transition_exact_shape,taam_events
P5_A3_C0,P2_A3_C0,7,0.14,0.04472677,3.13011673,genesis,minor,transition_exact_shape,taam_events
P2_A3_C0,P6_A5_C0,7,0.02723735,0.02123216,1.28283473,genesis,minor,transition_exact_shape,taam_events
P4_A4_C0,P5_A6_C0,7,0.01157025,0.01862165,0.62133313,genesis,minor,transition_exact_shape,taam_events
P4_A5_C0,P4_A5_C0,7,0.02681992,0.0454229,0.59044935,genesis,minor,transition_exact_shape,taam_events
P5_A6_C0,P3_A4_C0,7,0.06542056,0.10076575,0.6492341,genesis,minor,transition_exact_shape,taam_events
P4_A3_C0,P5_A6_C0,7,0.01808786,0.01862165,0.97133473,genesis,minor,transition_exact_shape,taam_events
P6_A6_C0,P2_A3_C0,7,0.05555556,0.04472677,1.24210981,genesis,minor,transition_exact_shape,taam_events
P2_A4_C0,P3_A3_C0,7,0.18918919,0.15280195,1.23813335,genesis,minor,transition_exact_shape,taam_events
P2_A2_C0,P1_A2_C0,7,0.01017442,0.00974591,1.04396802,genesis,minor,transition_exact_shape,taam_events
P1_A2_C0,P2_A2_C0,7,0.125,0.11973547,1.04396802,genesis,minor,transition_exact_shape,taam_events
P3_A5_C0,P2_A2_C0,7,0.1372549,0.11973547,1.14631783,genesis,minor,transition_exact_shape,taam_events
P2_A2_C0,P6_A7_C0,7,0.01017442,0.00957188,1.06294926,genesis,minor,transition_exact_shape,taam_events
P2_A3_C0,P3_A2_C0,7,0.02723735,0.02975983,0.91523881,genesis,minor,transition_exact_shape,taam_events
P1_A2_C0,P3_A3_C0,7,0.125,0.15280195,0.81805239,genesis,minor,transition_exact_shape,taam_events
P3_A4_C0,P6_A4_C0,7,0.01211073,0.0081796,1.48060075,genesis,minor,transition_exact_shape,taam_events
P1_A1_C0,P6_A5_C0,7,0.01977401,0.02123216,0.93132352,genesis,minor,transition_exact_shape,taam_events
P6_A7_C0,P3_A3_C0,7,0.12727273,0.15280195,0.83292607,genesis,minor,transition_exact_shape,taam_events
P6_A5_C0,P5_A4_C0,7,0.05737705,0.04020188,1.42722305,genesis,minor,transition_exact_shape,taam_events
P6_A6_C0,P5_A4_C0,7,0.05555556,0.04020188,1.38191438,genesis,minor,transition_exact_shape,taam_events
P4_A5_C0,P6_A5_C0,7,0.02681992,0.02123216,1.26317442,genesis,minor,transition_exact_shape,taam_events
P6_A4_C0,P2_A2_C0,6,0.12765957,0.11973547,1.06618011,genesis,minor,transition_exact_shape,taam_events
P3_A3_C0,P6_A7_C0,6,0.00682594,0.00957188,0.71312442,genesis,minor,transition_exact_shape,taam_events
P5_A5_C0,P5_A3_C0,6,0.02264151,0.00870171,2.60196226,genesis,minor,transition_exact_shape,taam_events
P5_A4_C0,P5_A4_C0,6,0.02597403,0.04020188,0.64608984,genesis,minor,transition_exact_shape,taam_events
P1_A2_C0,P4_A4_C0,6,0.10714286,0.10529064,1.0175915,genesis,minor,transition_exact_shape,taam_events
P2_A2_C0,P6_A4_C0,6,0.00872093,0.0081796,1.06618011,genesis,minor,transition_exact_shape,taam_events
P3_A3_C0,P6_A4_C0,6,0.00682594,0.0081796,0.8345073,genesis,minor,transition_exact_shape,taam_events
P6_A4_C0,P3_A4_C0,6,0.12765957,0.10076575,1.2668945,genesis,minor,transition_exact_shape,taam_events
P3_A2_C0,P1_A1_C0,6,0.03508772,0.06160808,0.56953117,genesis,minor,transition_exact_shape,taam_events
P6_A6_C0,P6_A6_C0,6,0.04761905,0.0219283,2.17157974,genesis,minor,transition_exact_shape,taam_events
P2_A4_C0,P2_A2_C0,6,0.16216216,0.11973547,1.3543369,genesis,minor,transition_exact_shape,taam_events
P5_A3_C0,P3_A3_C0,6,0.12,0.15280195,0.7853303,genesis,minor,transition_exact_shape,taam_events
P5_A4_C0,P6_A5_C0,6,0.02597403,0.02123216,1.22333404,genesis,minor,transition_exact_shape,taam_events
P6_A6_C0,P3_A4_C0,6,0.04761905,0.10076575,0.47257176,genesis,minor,transition_exact_shape,taam_events
P5_A5_C0,P6_A6_C0,6,0.02264151,0.0219283,1.03252471,genesis,minor,transition_exact_shape,taam_events
P7_A7_C0,P2_A2_C0,5,0.125,0.11973547,1.04396802,genesis,minor,transition_exact_shape,taam_events
P3_A4_C0,P6_A7_C0,5,0.00865052,0.00957188,0.90374332,genesis,minor,transition_exact_shape,taam_events
P6_A4_C0,P3_A2_C0,5,0.10638298,0.02975983,3.57471693,genesis,minor,transition_exact_shape,taam_events
P6_A7_C0,P5_A5_C0,5,0.09090909,0.04611904,1.97118353,genesis,minor,transition_exact_shape,taam_events
P7_A6_C0,P2_A2_C0,5,0.0862069,0.11973547,0.71997795,genesis,minor,transition_exact_shape,taam_events
P3_A5_C0,P4_A4_C0,5,0.09803922,0.10529064,0.93112948,genesis,minor,transition_exact_shape,taam_events
P5_A5_C0,P6_A5_C0,5,0.01886792,0.02123216,0.88864831,genesis,minor,transition_exact_shape,taam_events
P3_A3_C0,P7_A6_C0,5,0.00568828,0.01009398,0.56353223,genesis,minor,transition_exact_shape,taam_events
P1_A2_C0,P4_A3_C0,5,0.08928571,0.0673512,1.32567368,genesis,minor,transition_exact_shape,taam_events
P3_A4_C0,P2_A4_C0,5,0.00865052,0.00643926,1.34340223,genesis,minor,transition_exact_shape,taam_events
P5_A4_C0,P4_A6_C0,5,0.02164502,0.00452489,4.78354978,genesis,minor,transition_exact_shape,taam_events
P1_A2_C0,P4_A5_C0,5,0.08928571,0.0454229,1.96565408,genesis,minor,transition_exact_shape,taam_events
P5_A7_C0,P2_A2_C0,5,0.27777778,0.11973547,2.31992894,genesis,minor,transition_exact_shape,taam_events
P5_A3_C0,P4_A5_C0,5,0.1,0.0454229,2.20153257,genesis,minor,transition_exact_shape,taam_events
P4_A6_C0,P1_A1_C0,5,0.19230769,0.06160808,3.12146893,genesis,minor,transition_exact_shape,taam_events
P3_A2_C0,P3_A2_C0,5,0.02923977,0.02975983,0.98252454,genesis,minor,transition_exact_shape,taam_events
P4_A3_C0,P1_A2_C0,5,0.0129199,0.00974591,1.32567368,genesis,minor,transition_exact_shape,taam_events
P2_A2_C0,P2_A4_C0,5,0.00726744,0.00643926,1.12861408,genesis,minor,transition_exact_shape,taam_events
P4_A5_C0,P3_A2_C0,5,0.01915709,0.02975983,0.64372297,genesis,minor,transition_exact_shape,taam_events
P4_A4_C0,P1_A2_C0,5,0.00826446,0.00974591,0.84799292,genesis,minor,transition_exact_shape,taam_events
P3_A2_C0,P6_A5_C0,5,0.02923977,0.02123216,1.37714505,genesis,minor,transition_exact_shape,taam_events
P5_A4_C0,P6_A6_C0,5,0.02164502,0.0219283,0.9870817,genesis,minor,transition_exact_shape,taam_events
P6_A4_C0,P4_A4_C0,5,0.10638298,0.10529064,1.01037454,genesis,minor,transition_exact_shape,taam_events
P3_A4_C0,P5_A6_C0,5,0.00865052,0.01862165,0.46454096,genesis,minor,transition_exact_shape,taam_events
P3_A2_C0,P6_A6_C0,5,0.02923977,0.0219283,1.33342616,genesis,minor,transition_exact_shape,taam_events
P6_A6_C0,P5_A5_C0,5,0.03968254,0.04611904,0.86043726,genesis,minor,transition_exact_shape,taam_events
P2_A1_C0,P3_A4_C0,5,0.15151515,0.10076575,1.50363741,genesis,minor,transition_exact_shape,taam_events
P7_A5_C0,P4_A5_C0,5,0.16129032,0.0454229,3.55085898,genesis,minor,transition_exact_shape,taam_events
P4_A4_C0,P7_A5_C0,5,0.00826446,0.00539506,1.53185817,genesis,minor,transition_exact_shape,taam_events
P2_A3_C0,P6_A4_C0,4,0.0155642,0.0081796,1.90280652,genesis,minor,transition_exact_shape,taam_events
P5_A4_C0,P5_A6_C0,4,0.01731602,0.01862165,0.92988631,genesis,minor,transition_exact_shape,taam_events
P6_A6_C0,P6_A5_C0,4,0.03174603,0.02123216,1.49518605,genesis,minor,transition_exact_shape,taam_events
P4_A3_C0,P5_A3_C0,4,0.01033592,0.00870171,1.18780362,genesis,minor,transition_exact_shape,taam_events
P5_A4_C0,P7_A6_C0,4,0.01731602,0.01009398,1.71547992,genesis,minor,transition_exact_shape,taam_events
P5_A6_C0,P5_A5_C0,4,0.03738318,0.04611904,0.81058014,genesis,minor,transition_exact_shape,taam_events
P4_A3_C0,P4_A2_C0,4,0.01033592,0.00643926,1.60514002,genesis,minor,transition_exact_shape,taam_events
P3_A3_C0,P2_A1_C0,4,0.00455063,0.00574313,0.79236046,genesis,minor,transition_exact_shape,taam_events
P4_A3_C0,P6_A4_C0,4,0.01033592,0.0081796,1.26362087,genesis,minor,transition_exact_shape,taam_events
P2_A4_C0,P4_A3_C0,4,0.10810811,0.0673512,1.60514002,genesis,minor,transition_exact_shape,taam_events
P3_A3_C0,P2_A4_C0,4,0.00455063,0.00643926,0.70669987,genesis,minor,transition_exact_shape,taam_events
P4_A6_C0,P4_A3_C0,4,0.15384615,0.0673512,2.28423773,genesis,minor,transition_exact_shape,taam_events
P5_A3_C0,P4_A3_C0,4,0.08,0.0673512,1.18780362,genesis,minor,transition_exact_shape,taam_events
P8_A8_C0,P3_A3_C0,4,0.22222222,0.15280195,1.45431536,genesis,minor,transition_exact_shape,taam_events
P3_A3_C0,P5_A3_C0,4,0.00455063,0.00870171,0.52295791,genesis,minor,transition_exact_shape,taam_events
P5_A6_C0,P4_A5_C0,4,0.03738318,0.0454229,0.82300283,genesis,minor,transition_exact_shape,taam_events
P7_A8_C0,P3_A3_C0,4,0.26666667,0.15280195,1.74517844,genesis,minor,transition_exact_shape,taam_events
P5_A4_C0,P3_A5_C0,4,0.01731602,0.00887574,1.95093795,genesis,minor,transition_exact_shape,taam_events
P2_A2_C0,P7_A6_C0,4,0.00581395,0.01009398,0.57598236,genesis,minor,transition_exact_shape,taam_events
P5_A3_C0,P2_A2_C0,4,0.08,0.11973547,0.66813953,genesis,minor,transition_exact_shape,taam_events
P3_A2_C0,P6_A4_C0,4,0.02339181,0.0081796,2.85977355,genesis,minor,transition_exact_shape,taam_events
P6_A4_C0,P3_A3_C0,4,0.08510638,0.15280195,0.55697184,genesis,minor,transition_exact_shape,taam_events
P3_A4_C0,P3_A5_C0,4,0.00692042,0.00887574,0.77970012,genesis,minor,transition_exact_shape,taam_events
P6_A5_C0,P2_A3_C0,4,0.03278689,0.04472677,0.73304841,genesis,minor,transition_exact_shape,taam_events
P2_A4_C0,P1_A1_C0,4,0.10810811,0.06160808,1.75477172,genesis,minor,transition_exact_shape,taam_events
P2_A3_C0,P6_A6_C0,4,0.0155642,0.0219283,0.70977704,genesis,minor,transition_exact_shape,taam_events
P4_A2_C0,P4_A3_C0,4,0.10810811,0.0673512,1.60514002,genesis,minor,transition_exact_shape,taam_events
P4_A3_C0,P6_A5_C0,4,0.01033592,0.02123216,0.48680476,genesis,minor,transition_exact_shape,taam_events
P5_A5_C0,P7_A6_C0,4,0.01509434,0.01009398,1.49538061,genesis,minor,transition_exact_shape,taam_events
P5_A4_C0,P4_A2_C0,4,0.01731602,0.00643926,2.68913069,genesis,minor,transition_exact_shape,taam_events
P7_A7_C0,P4_A4_C0,4,0.1,0.10529064,0.94975207,genesis,minor,transition_exact_shape,taam_events
P4_A4_C0,P8_A7_C0,4,0.00661157,0.00295858,2.23471074,genesis,minor,transition_exact_shape,taam_events
P6_A5_C0,P1_A2_C0,4,0.03278689,0.00974591,3.36416862,genesis,minor,transition_exact_shape,taam_events
P5_A5_C0,P5_A6_C0,4,0.01509434,0.01862165,0.81058014,genesis,minor,transition_exact_shape,taam_events
P3_A5_C0,P3_A4_C0,4,0.07843137,0.10076575,0.77835348,genesis,minor,transition_exact_shape,taam_events
P8_A7_C0,P4_A4_C0,4,0.23529412,0.10529064,2.23471074,genesis,minor,transition_exact_shape,taam_events
P6_A5_C0,P6_A5_C0,4,0.03278689,0.02123216,1.54420855,genesis,minor,transition_exact_shape,taam_events
P6_A7_C0,P4_A4_C0,4,0.07272727,0.10529064,0.69072878,genesis,minor,transition_exact_shape,taam_events
P3_A3_C0,P7_A7_C0,4,0.00455063,0.00696136,0.65369738,genesis,minor,transition_exact_shape,taam_events
P1_A1_C0,P7_A7_C0,4,0.01129944,0.00696136,1.62316384,genesis,minor,transition_exact_shape,taam_events
P3_A4_C0,P7_A5_C0,4,0.00692042,0.00539506,1.28273245,genesis,minor,transition_exact_shape,taam_events
P7_A7_C0,P3_A3_C0,4,0.1,0.15280195,0.65444191,genesis,minor,transition_exact_shape,taam_events
P4_A4_C0,P7_A7_C0,4,0.00661157,0.00696136,0.94975207,genesis,minor,transition_exact_shape,taam_events
P7_A6_C0,P5_A6_C0,4,0.06896552,0.01862165,3.70351273,genesis,minor,transition_exact_shape,taam_events
P6_A7_C0,P2_A3_C0,4,0.07272727,0.04472677,1.62603467,genesis,minor,transition_exact_shape,taam_events
P4_A2_C0,P1_A1_C0,4,0.10810811,0.06160808,1.75477172,genesis,minor,transition_exact_shape,taam_events
P4_A5_C0,P6_A7_C0,3,0.01149425,0.00957188,1.20083595,genesis,minor,transition_exact_shape,taam_events
P2_A2_C0,P7_A7_C0,3,0.00436047,0.00696136,0.62638081,genesis,minor,transition_exact_shape,taam_events
P4_A4_C0,P5_A7_C0,3,0.00495868,0.00313261,1.58292011,genesis,minor,transition_exact_shape,taam_events
P6_A5_C0,P3_A2_C0,3,0.02459016,0.02975983,0.82628703,genesis,minor,transition_exact_shape,taam_events
P3_A5_C0,P7_A6_C0,3,0.05882353,0.01009398,5.82758621,genesis,minor,transition_exact_shape,taam_events
P7_A6_C0,P3_A2_C0,3,0.05172414,0.02975983,1.73805203,genesis,minor,transition_exact_shape,taam_events
P3_A3_C0,P4_A2_C0,3,0.00341297,0.00643926,0.53002491,genesis,minor,transition_exact_shape,taam_events
P4_A2_C0,P2_A2_C0,3,0.08108108,0.11973547,0.67716845,genesis,minor,transition_exact_shape,taam_events
P2_A4_C0,P3_A4_C0,3,0.08108108,0.10076575,0.80464921,genesis,minor,transition_exact_shape,taam_events
P7_A7_C0,P3_A4_C0,3,0.075,0.10076575,0.74430052,genesis,minor,transition_exact_shape,taam_events
P6_A4_C0,P4_A5_C0,3,0.06382979,0.0454229,1.40523355,genesis,minor,transition_exact_shape,taam_events
P6_A6_C0,P4_A3_C0,3,0.02380952,0.0673512,0.35351298,genesis,minor,transition_exact_shape,taam_events
P1_A2_C0,P2_A3_C0,3,0.05357143,0.04472677,1.19774875,genesis,minor,transition_exact_shape,taam_events
P5_A4_C0,P5_A7_C0,3,0.01298701,0.00313261,4.14574315,genesis,minor,transition_exact_shape,taam_events
P4_A6_C0,P4_A4_C0,3,0.11538462,0.10529064,1.09586777,genesis,minor,transition_exact_shape,taam_events
P3_A4_C0,P8_A8_C0,3,0.00519031,0.00313261,1.65686275,genesis,minor,transition_exact_shape,taam_events
P5_A7_C0,P1_A1_C0,3,0.16666667,0.06160808,2.70527307,genesis,minor,transition_exact_shape,taam_events
P4_A4_C0,P4_A6_C0,3,0.00495868,0.00452489,1.09586777,genesis,minor,transition_exact_shape,taam_events
P5_A3_C0,P4_A4_C0,3,0.06,0.10529064,0.56985124,genesis,minor,transition_exact_shape,taam_events
P3_A5_C0,P6_A6_C0,3,0.05882353,0.0219283,2.68253968,genesis,minor,transition_exact_shape,taam_events
P6_A3_C0,P3_A3_C0,3,0.6,0.15280195,3.92665148,genesis,minor,transition_exact_shape,taam_events
P4_A4_C0,P2_A1_C0,3,0.00495868,0.00574313,0.86341097,genesis,minor,transition_exact_shape,taam_events
P2_A1_C0,P4_A5_C0,3,0.09090909,0.0454229,2.00139324,genesis,minor,transition_exact_shape,taam_events
P4_A4_C0,P2_A4_C0,3,0.00495868,0.00643926,0.77006924,genesis,minor,transition_exact_shape,taam_events
P4_A2_C0,P3_A4_C0,3,0.08108108,0.10076575,0.80464921,genesis,minor,transition_exact_shape,taam_events
P3_A5_C0,P5_A4_C0,3,0.05882353,0.04020188,1.46320346,genesis,minor,transition_exact_shape,taam_events
P3_A5_C0,P4_A3_C0,3,0.05882353,0.0673512,0.87338501,genesis,minor,transition_exact_shape,taam_events
P4_A4_C0,P8_A6_C0,3,0.00495868,0.00295858,1.67603306,genesis,minor,transition_exact_shape,taam_events
P11_A10_C0,P3_A3_C0,3,0.75,0.15280195,4.90831435,genesis,minor,transition_exact_shape,taam_events
P4_A3_C0,P2_A1_C0,3,0.00775194,0.00574313,1.34977684,genesis,minor,transition_exact_shape,taam_events
P2_A1_C0,P4_A3_C0,3,0.09090909,0.0673512,1.34977684,genesis,minor,transition_exact_shape,taam_events
P4_A2_C0,P5_A3_C0,3,0.08108108,0.00870171,9.31783784,genesis,minor,transition_exact_shape,taam_events
P5_A4_C0,P2_A4_C0,3,0.01298701,0.00643926,2.01684802,genesis,minor,transition_exact_shape,taam_events
P2_A2_C0,P4_A6_C0,3,0.00436047,0.00452489,0.96366279,genesis,minor,transition_exact_shape,taam_events
P4_A3_C0,P6_A7_C0,3,0.00775194,0.00957188,0.8098661,genesis,minor,transition_exact_shape,taam_events
P7_A6_C0,P5_A5_C0,3,0.05172414,0.04611904,1.12153546,genesis,minor,transition_exact_shape,taam_events
P4_A2_C0,P3_A3_C0,3,0.08108108,0.15280195,0.53062858,genesis,minor,transition_exact_shape,taam_events
P2_A3_C0,P7_A7_C0,3,0.01167315,0.00696136,1.67684825,genesis,minor,transition_exact_shape,taam_events
P3_A2_C0,P5_A4_C0,3,0.01754386,0.04020188,0.43639402,genesis,minor,transition_exact_shape,taam_events
P5_A6_C0,P5_A6_C0,3,0.02803738,0.01862165,1.50563368,genesis,minor,transition_exact_shape,taam_events
P5_A3_C0,P3_A4_C0,3,0.06,0.10076575,0.59544041,genesis,minor,transition_exact_shape,taam_events
P8_A8_C0,P3_A4_C0,3,0.16666667,0.10076575,1.65400115,genesis,minor,transition_exact_shape,taam_events
P5_A4_C0,P5_A3_C0,3,0.01298701,0.00870171,1.49246753,genesis,minor,transition_exact_shape,taam_events
P8_A6_C0,P3_A4_C0,3,0.17647059,0.10076575,1.75129534,genesis,minor,transition_exact_shape,taam_events
P2_A2_C0,P8_A6_C0,3,0.00436047,0.00295858,1.47383721,genesis,minor,transition_exact_shape,taam_events
P2_A1_C0,P2_A2_C0,3,0.09090909,0.11973547,0.75924947,genesis,minor,transition_exact_shape,taam_events
P4_A4_C0,P8_A8_C0,3,0.00495868,0.00313261,1.58292011,genesis,minor,transition_exact_shape,taam_events
P1_A2_C0,P5_A4_C0,3,0.05357143,0.04020188,1.3325603,genesis,minor,transition_exact_shape,taam_events
P8_A7_C0,P3_A4_C0,3,0.17647059,0.10076575,1.75129534,genesis,minor,transition_exact_shape,taam_events
P6_A6_C0,P4_A5_C0,3,0.02380952,0.0454229,0.52417442,genesis,minor,transition_exact_shape,taam_events
P3_A3_C0,P8_A9_C0,3,0.00341297,0.00121824,2.80156021,genesis,minor,transition_exact_shape,taam_events
P6_A6_C0,P5_A6_C0,3,0.02380952,0.01862165,1.27859368,genesis,minor,transition_exact_shape,taam_events
P5_A6_C0,P6_A6_C0,3,0.02803738,0.0219283,1.27859368,genesis,minor,transition_exact_shape,taam_events
P5_A5_C0,P2_A1_C0,3,0.01132075,0.00574313,1.97118353,genesis,minor,transition_exact_shape,taam_events
P2_A1_C0,P5_A5_C0,3,0.09090909,0.04611904,1.97118353,genesis,minor,transition_exact_shape,taam_events
P1_A2_C0,P3_A2_C0,3,0.05357143,0.02975983,1.80012531,genesis,minor,transition_exact_shape,taam_events
P3_A3_C0,P8_A8_C0,3,0.00341297,0.00313261,1.08949564,genesis,minor,transition_exact_shape,taam_events
P7_A7_C0,P7_A6_C0,3,0.075,0.01009398,7.43017241,genesis,minor,transition_exact_shape,taam_events
P7_A7_C0,P2_A3_C0,3,0.075,0.04472677,1.67684825,genesis,minor,transition_exact_shape,taam_events
P7_A7_C0,P5_A5_C0,3,0.075,0.04611904,1.62622642,genesis,minor,transition_exact_shape,taam_events
P5_A4_C0,P7_A8_C0,3,0.01298701,0.00261051,4.97489177,genesis,minor,transition_exact_shape,taam_events
P3_A4_C0,P2_A1_C0,3,0.00519031,0.00574313,0.90374332,genesis,minor,transition_exact_shape,taam_events
P5_A3_C0,P5_A4_C0,3,0.06,0.04020188,1.49246753,genesis,minor,transition_exact_shape,taam_events
P6_A6_C0,P3_A2_C0,3,0.02380952,0.02975983,0.80005569,genesis,minor,transition_exact_shape,taam_events
P2_A2_C0,P7_A5_C0,3,0.00436047,0.00539506,0.80823331,genesis,minor,transition_exact_shape,taam_events
P5_A3_C0,P3_A2_C0,3,0.06,0.02975983,2.01614035,genesis,minor,transition_exact_shape,taam_events
P6_A7_C0,P4_A5_C0,3,0.05454545,0.0454229,1.20083595,genesis,minor,transition_exact_shape,taam_events
P5_A6_C0,P6_A5_C0,3,0.02803738,0.02123216,1.32051478,genesis,minor,transition_exact_shape,taam_events
P3_A3_C0,P7_A5_C0,3,0.00341297,0.00539506,0.63261037,genesis,minor,transition_exact_shape,taam_events
P3_A5_C0,P1_A1_C0,3,0.05882353,0.06160808,0.95480226,genesis,minor,transition_exact_shape,taam_events
P5-6_A6-7_C1,P<=4_A3_C0,33,0.12313433,0.0884808,1.39165024,genesis,major,transition_bucket_shape,taam_events
P<=4_A3_C0,P<=4_A4_C0,31,0.11654135,0.10317195,1.12958367,genesis,major,transition_bucket_shape,taam_events
P<=4_A4_C0,P10-12_A8+_C2,27,0.08737864,0.06310518,1.38465095,genesis,major,transition_bucket_shape,taam_events
P<=4_A4_C0,P<=4_A3_C0,26,0.08414239,0.0884808,0.95096782,genesis,major,transition_bucket_shape,taam_events
P<=4_A5_C0,P<=4_A3_C0,26,0.20155039,0.0884808,2.27789966,genesis,major,transition_bucket_shape,taam_events
P10-12_A8+_C2,P<=4_A4_C0,25,0.13227513,0.10317195,1.28208421,genesis,major,transition_bucket_shape,taam_events
P<=4_A4_C0,P7-9_A6-7_C1,25,0.08090615,0.06611018,1.22380766,genesis,major,transition_bucket_shape,taam_events
P5-6_A6-7_C1,P<=4_A4_C0,23,0.0858209,0.10317195,0.83182389,genesis,major,transition_bucket_shape,taam_events
P5-6_A6-7_C1,P7-9_A8+_C1,23,0.0858209,0.07345576,1.16833446,genesis,major,transition_bucket_shape,taam_events
P7-9_A8+_C1,P5-6_A6-7_C1,23,0.10454545,0.08981636,1.16399121,genesis,major,transition_bucket_shape,taam_events
P7-9_A6-7_C1,P<=4_A3_C0,22,0.11111111,0.0884808,1.2557652,genesis,major,transition_bucket_shape,taam_events
P10-12_A8+_C2,P5-6_A6-7_C1,22,0.11640212,0.08981636,1.29600126,genesis,major,transition_bucket_shape,taam_events
P<=4_A3_C0,P5-6_A6-7_C1,22,0.08270677,0.08981636,0.920843,genesis,major,transition_bucket_shape,taam_events
P7-9_A8+_C1,P<=4_A4_C0,22,0.1,0.10317195,0.96925566,genesis,major,transition_bucket_shape,taam_events
P7-9_A8+_C2,P<=4_A4_C0,21,0.12727273,0.10317195,1.23359812,genesis,major,transition_bucket_shape,taam_events
P<=4_A3_C0,P7-9_A8+_C1,21,0.07894737,0.07345576,1.07476077,genesis,major,transition_bucket_shape,taam_events
P7-9_A6-7_C1,P<=4_A4_C0,21,0.10606061,0.10317195,1.02799843,genesis,major,transition_bucket_shape,taam_events
P<=4_A4_C0,P7-9_A8+_C2,20,0.06472492,0.05509182,1.17485535,genesis,major,transition_bucket_shape,taam_events
P<=4_A3_C0,P10-12_A8+_C2,20,0.07518797,0.06310518,1.19147074,genesis,major,transition_bucket_shape,taam_events
P<=4_A4_C0,P<=4_A4_C0,20,0.06472492,0.10317195,0.62734994,genesis,major,transition_bucket_shape,taam_events
P5-6_A6-7_C1,P10-12_A8+_C2,19,0.07089552,0.06310518,1.12345021,genesis,major,transition_bucket_shape,taam_events
P<=4_A4_C0,P7-9_A8+_C1,19,0.06148867,0.07345576,0.83708444,genesis,major,transition_bucket_shape,taam_events
P7-9_A8+_C1,P7-9_A8+_C1,19,0.08636364,0.07345576,1.17572314,genesis,major,transition_bucket_shape,taam_events
P7-9_A8+_C1,P7-9_A6-7_C1,18,0.08181818,0.06611018,1.23760331,genesis,major,transition_bucket_shape,taam_events
P7-9_A6-7_C1,P5-6_A6-7_C1,18,0.09090909,0.08981636,1.01216627,genesis,major,transition_bucket_shape,taam_events
P<=4_A4_C0,P5-6_A5_C1,18,0.05825243,0.03639399,1.60060568,genesis,major,transition_bucket_shape,taam_events
P5-6_A6-7_C1,P5-6_A6-7_C1,17,0.06343284,0.08981636,0.70625035,genesis,major,transition_bucket_shape,taam_events
P<=4_A3_C0,P7-9_A8+_C2,17,0.06390977,0.05509182,1.16005924,genesis,major,transition_bucket_shape,taam_events
P<=4_A3_C0,P7-9_A6-7_C1,17,0.06390977,0.06611018,0.96671603,genesis,major,transition_bucket_shape,taam_events
P7-9_A6-7_C1,P7-9_A6-7_C1,17,0.08585859,0.06611018,1.29871952,genesis,major,transition_bucket_shape,taam_events
P7-9_A6-7_C1,P7-9_A8+_C1,16,0.08080808,0.07345576,1.10009183,genesis,major,transition_bucket_shape,taam_events
P5-6_A6-7_C1,P5-6_A6-7_C0,16,0.05970149,0.04440735,1.34440579,genesis,major,transition_bucket_shape,taam_events
P10-12_A8+_C3,P<=4_A4_C0,16,0.23188406,0.10317195,2.24754936,genesis,major,transition_bucket_shape,taam_events
P<=4_A3_C0,P<=4_A3_C0,16,0.06015038,0.0884808,0.67981274,genesis,major,transition_bucket_shape,taam_events
P<=4_A4_C0,P5-6_A6-7_C1,15,0.04854369,0.08981636,0.54047714,genesis,major,transition_bucket_shape,taam_events
P7-9_A8+_C2,P5-6_A6-7_C1,14,0.08484848,0.08981636,0.94468852,genesis,major,transition_bucket_shape,taam_events
P5-6_A6-7_C1,P7-9_A6-7_C1,14,0.05223881,0.06611018,0.7901779,genesis,major,transition_bucket_shape,taam_events
P7-9_A8+_C1,P<=4_A3_C0,14,0.06363636,0.0884808,0.71921098,genesis,major,transition_bucket_shape,taam_events
P13-15_A8+_C3,P<=4_A4_C0,14,0.21212121,0.10317195,2.05599686,genesis,major,transition_bucket_shape,taam_events
P7-9_A6-7_C1,P5-6_A6-7_C0,13,0.06565657,0.04440735,1.47850687,genesis,major,transition_bucket_shape,taam_events
P7-9_A8+_C1,P5-6_A6-7_C0,13,0.05909091,0.04440735,1.33065619,genesis,major,transition_bucket_shape,taam_events
P5-6_A5_C1,P5-6_A6-7_C1,13,0.11926606,0.08981636,1.32788786,genesis,major,transition_bucket_shape,taam_events
P7-9_A8+_C1,P7-9_A8+_C2,13,0.05909091,0.05509182,1.07258953,genesis,major,transition_bucket_shape,taam_events
P<=4_A4_C0,P5-6_A5_C0,13,0.0420712,0.03472454,1.21156958,genesis,major,transition_bucket_shape,taam_events
P7-9_A8+_C2,P7-9_A8+_C2,13,0.07878788,0.05509182,1.43011938,genesis,major,transition_bucket_shape,taam_events
P7-9_A6-7_C1,P<=4_A5_C0,13,0.06565657,0.04307179,1.52435205,genesis,major,transition_bucket_shape,taam_events
P10-12_A8+_C2,P<=4_A3_C0,12,0.06349206,0.0884808,0.71758011,genesis,major,transition_bucket_shape,taam_events
P7-9_A8+_C2,P<=4_A5_C0,12,0.07272727,0.04307179,1.68851304,genesis,major,transition_bucket_shape,taam_events
P5-6_A8+_C1,P<=4_A3_C0,12,0.3,0.0884808,3.39056604,genesis,major,transition_bucket_shape,taam_events
P10-12_A8+_C1,P7-9_A8+_C1,12,0.125,0.07345576,1.70170455,genesis,major,transition_bucket_shape,taam_events
P10-12_A8+_C2,P10-12_A8+_C2,12,0.06349206,0.06310518,1.00613085,genesis,major,transition_bucket_shape,taam_events
P10-12_A8+_C2,P7-9_A6-7_C1,12,0.06349206,0.06611018,0.96039763,genesis,major,transition_bucket_shape,taam_events
P<=4_A2_C0,P5-6_A6-7_C1,12,0.21052632,0.08981636,2.343964,genesis,major,transition_bucket_shape,taam_events
P7-9_A8+_C1,P10-12_A8+_C2,12,0.05454545,0.06310518,0.86435786,genesis,major,transition_bucket_shape,taam_events
P5-6_A5_C1,P<=4_A4_C0,12,0.11009174,0.10317195,1.06707046,genesis,major,transition_bucket_shape,taam_events
P10-12_A8+_C2,P7-9_A8+_C2,12,0.06349206,0.05509182,1.15247715,genesis,major,transition_bucket_shape,taam_events
P7-9_A8+_C2,P10-12_A8+_C2,12,0.07272727,0.06310518,1.15247715,genesis,major,transition_bucket_shape,taam_events
P5-6_A6-7_C0,P5-6_A6-7_C1,11,0.08270677,0.08981636,0.920843,genesis,major,transition_bucket_shape,taam_events
P5-6_A6-7_C1,P10-12_A8+_C1,11,0.04104478,0.03205342,1.2805115,genesis,major,transition_bucket_shape,taam_events
P5-6_A6-7_C0,P7-9_A8+_C2,11,0.08270677,0.05509182,1.50125313,genesis,major,transition_bucket_shape,taam_events
P7-9_A8+_C2,P7-9_A8+_C1,11,0.06666667,0.07345576,0.90757576,genesis,major,transition_bucket_shape,taam_events
P5-6_A6-7_C0,P7-9_A8+_C1,11,0.08270677,0.07345576,1.12593985,genesis,major,transition_bucket_shape,taam_events
P5-6_A5_C1,P<=4_A3_C0,11,0.10091743,0.0884808,1.14055738,genesis,major,transition_bucket_shape,taam_events
P<=4_A4_C0,P7-9_A6-7_C0,11,0.03559871,0.02136895,1.66590817,genesis,major,transition_bucket_shape,taam_events
P5-6_A5_C0,P7-9_A8+_C1,11,0.10576923,0.07345576,1.43990385,genesis,major,transition_bucket_shape,taam_events
P5-6_A5_C1,P10-12_A8+_C2,10,0.09174312,0.06310518,1.45381292,genesis,major,transition_bucket_shape,taam_events
P<=4_A3_C0,P13-15_A8+_C2,10,0.03759398,0.0196995,1.90837263,genesis,major,transition_bucket_shape,taam_events
P13-15_A8+_C2,P<=4_A4_C0,10,0.16949153,0.10317195,1.64280621,genesis,major,transition_bucket_shape,taam_events
P5-6_A5_C0,P7-9_A6-7_C1,10,0.09615385,0.06611018,1.45444833,genesis,major,transition_bucket_shape,taam_events
P5-6_A5_C0,P5-6_A6-7_C1,10,0.09615385,0.08981636,1.07056048,genesis,major,transition_bucket_shape,taam_events
P<=4_A5_C0,P<=4_A4_C0,10,0.07751938,0.10317195,0.75136098,genesis,major,transition_bucket_shape,taam_events
P<=4_A3_C0,P10-12_A8+_C1,10,0.03759398,0.03205342,1.17285401,genesis,major,transition_bucket_shape,taam_events
P5-6_A6-7_C1,P5-6_A4_C0,10,0.03731343,0.01936561,1.92678847,genesis,major,transition_bucket_shape,taam_events
P5-6_A6-7_C1,P7-9_A8+_C2,10,0.03731343,0.05509182,0.67729534,genesis,major,transition_bucket_shape,taam_events
P5-6_A5_C1,P7-9_A8+_C1,10,0.09174312,0.07345576,1.24895746,genesis,major,transition_bucket_shape,taam_events
P10-12_A8+_C2,P7-9_A8+_C1,10,0.05291005,0.07345576,0.72029822,genesis,major,transition_bucket_shape,taam_events
P7-9_A8+_C1,P7-9_A6-7_C0,10,0.04545455,0.02136895,2.12713068,genesis,major,transition_bucket_shape,taam_events
P5-6_A6-7_C0,P10-12_A8+_C2,9,0.06766917,0.06310518,1.07232367,genesis,major,transition_bucket_shape,taam_events
P7-9_A8+_C1,P<=4_A5_C0,9,0.04090909,0.04307179,0.94978858,genesis,major,transition_bucket_shape,taam_events
P<=4_A4_C0,P<=4_A5_C0,9,0.02912621,0.04307179,0.67622488,genesis,major,transition_bucket_shape,taam_events
P7-9_A8+_C2,P5-6_A5_C0,9,0.05454545,0.03472454,1.5708042,genesis,major,transition_bucket_shape,taam_events
P7-9_A8+_C2,P<=4_A3_C0,9,0.05454545,0.0884808,0.61646655,genesis,major,transition_bucket_shape,taam_events
P<=4_A3_C0,P10-12_A8+_C3,9,0.03383459,0.0230384,1.4686172,genesis,major,transition_bucket_shape,taam_events
P10-12_A8+_C1,P7-9_A6-7_C1,9,0.09375,0.06611018,1.41808712,genesis,major,transition_bucket_shape,taam_events
P7-9_A6-7_C1,P5-6_A5_C1,9,0.04545455,0.03639399,1.24895746,genesis,major,transition_bucket_shape,taam_events
P7-9_A6-7_C1,P10-12_A8+_C2,9,0.04545455,0.06310518,0.72029822,genesis,major,transition_bucket_shape,taam_events
P10-12_A8+_C1,P5-6_A6-7_C1,9,0.09375,0.08981636,1.04379647,genesis,major,transition_bucket_shape,taam_events
P5-6_A6-7_C1,P<=4_A5_C0,9,0.03358209,0.04307179,0.7796772,genesis,major,transition_bucket_shape,taam_events
P10-12_A8+_C1,P<=4_A3_C0,9,0.09375,0.0884808,1.05955189,genesis,major,transition_bucket_shape,taam_events
P<=4_A4_C0,P13-15_A8+_C3,9,0.02912621,0.02203673,1.32171227,genesis,major,transition_bucket_shape,taam_events
P<=4_A3_C0,P<=4_A5_C0,8,0.03007519,0.04307179,0.69825727,genesis,major,transition_bucket_shape,taam_events
P5-6_A6-7_C1,P13-15_A8+_C3,8,0.02985075,0.02203673,1.35459068,genesis,major,transition_bucket_shape,taam_events
P<=4_A3_C0,P5-6_A5_C1,8,0.03007519,0.03639399,0.82637787,genesis,major,transition_bucket_shape,taam_events
P5-6_A6-7_C0,P5-6_A5_C0,8,0.06015038,0.03472454,1.73221515,genesis,major,transition_bucket_shape,taam_events
P5-6_A6-7_C1,P10-12_A8+_C3,8,0.02985075,0.0230384,1.29569544,genesis,major,transition_bucket_shape,taam_events
P10-12_A8+_C1,P<=4_A4_C0,8,0.08333333,0.10317195,0.80771305,genesis,major,transition_bucket_shape,taam_events
P5-6_A6-7_C0,P5-6_A6-7_C0,8,0.06015038,0.04440735,1.3545141,genesis,major,transition_bucket_shape,taam_events
P<=4_A3_C0,P13-15_A8+_C3,8,0.03007519,0.02203673,1.36477558,genesis,major,transition_bucket_shape,taam_events
P<=4_A4_C0,P7-9_A6-7_C2,8,0.02588997,0.01535893,1.68566202,genesis,major,transition_bucket_shape,taam_events
P10-12_A8+_C2,P<=4_A5_C0,8,0.04232804,0.04307179,0.98273246,genesis,major,transition_bucket_shape,taam_events
P7-9_A8+_C1,P5-6_A5_C1,8,0.03636364,0.03639399,0.99916597,genesis,major,transition_bucket_shape,taam_events
P<=4_A3_C0,P5-6_A5_C0,8,0.03007519,0.03472454,0.86610758,genesis,major,transition_bucket_shape,taam_events
P5-6_A6-7_C1,P<=4_A2_C0,8,0.02985075,0.01903172,1.56847342,genesis,major,transition_bucket_shape,taam_events
P7-9_A8+_C2,P7-9_A6-7_C1,8,0.04848485,0.06611018,0.73339455,genesis,major,transition_bucket_shape,taam_events
P<=4_A4_C0,P<=4_A2_C0,8,0.02588997,0.01903172,1.36035883,genesis,major,transition_bucket_shape,taam_events
P5-6_A4_C0,P<=4_A4_C0,8,0.13793103,0.10317195,1.33690436,genesis,major,transition_bucket_shape,taam_events
P5-6_A6-7_C0,P5-6_A5_C1,8,0.06015038,0.03639399,1.65275574,genesis,major,transition_bucket_shape,taam_events
P7-9_A6-7_C2,P<=4_A4_C0,8,0.17391304,0.10317195,1.68566202,genesis,major,transition_bucket_shape,taam_events
P<=4_A3_C0,P5-6_A6-7_C0,8,0.03007519,0.04440735,0.67725705,genesis,major,transition_bucket_shape,taam_events
P5-6_A6-7_C1,P7-9_A6-7_C2,7,0.0261194,0.01535893,1.70060026,genesis,major,transition_bucket_shape,taam_events
P13-15_A8+_C3,P<=4_A3_C0,7,0.10606061,0.0884808,1.19868496,genesis,major,transition_bucket_shape,taam_events
P<=4_A4_C0,P5-6_A6-7_C0,7,0.02265372,0.04440735,0.51013456,genesis,major,transition_bucket_shape,taam_events
P10-12_A8+_C2,P5-6_A5_C0,7,0.03703704,0.03472454,1.06659544,genesis,major,transition_bucket_shape,taam_events
P5-6_A6-7_C0,P7-9_A6-7_C2,7,0.05263158,0.01535893,3.42677346,genesis,major,transition_bucket_shape,taam_events
P7-9_A8+_C2,P5-6_A5_C1,7,0.04242424,0.03639399,1.16569363,genesis,major,transition_bucket_shape,taam_events
P<=4_A2_C0,P<=4_A4_C0,7,0.12280702,0.10317195,1.19031397,genesis,major,transition_bucket_shape,taam_events
P5-6_A5_C0,P<=4_A4_C0,7,0.06730769,0.10317195,0.65238362,genesis,major,transition_bucket_shape,taam_events
P<=4_A2_C0,P<=4_A5_C0,7,0.12280702,0.04307179,2.85121719,genesis,major,transition_bucket_shape,taam_events
P<=4_A4_C0,P10-12_A8+_C3,7,0.02265372,0.0230384,0.98330285,genesis,major,transition_bucket_shape,taam_events
P5-6_A5_C1,P7-9_A6-7_C1,7,0.06422018,0.06611018,0.97141136,genesis,major,transition_bucket_shape,taam_events
P<=4_A5_C0,P5-6_A6-7_C1,7,0.05426357,0.08981636,0.60416126,genesis,major,transition_bucket_shape,taam_events
P7-9_A6-7_C2,P5-6_A6-7_C1,7,0.15217391,0.08981636,1.69427833,genesis,major,transition_bucket_shape,taam_events
P<=4_A4_C0,P13-15_A8+_C2,7,0.02265372,0.0196995,1.14996435,genesis,major,transition_bucket_shape,taam_events
P5-6_A5_C0,P10-12_A8+_C1,7,0.06730769,0.03205342,2.09985978,genesis,major,transition_bucket_shape,taam_events
P5-6_A5_C1,P<=4_A5_C0,7,0.06422018,0.04307179,1.49100348,genesis,major,transition_bucket_shape,taam_events
P<=4_A5_C0,P10-12_A8+_C2,7,0.05426357,0.06310518,0.8598909,genesis,major,transition_bucket_shape,taam_events
P<=4_A4_C0,P10-12_A8+_C1,7,0.02265372,0.03205342,0.70674892,genesis,major,transition_bucket_shape,taam_events
P<=4_A5_C0,P7-9_A6-7_C1,7,0.05426357,0.06611018,0.82080495,genesis,major,transition_bucket_shape,taam_events
P7-9_A6-7_C0,P<=4_A4_C0,7,0.109375,0.10317195,1.06012338,genesis,major,transition_bucket_shape,taam_events
P7-9_A6-7_C0,P5-6_A6-7_C1,7,0.109375,0.08981636,1.21776255,genesis,major,transition_bucket_shape,taam_events
P7-9_A6-7_C1,P10-12_A8+_C1,7,0.03535354,0.03205342,1.10295665,genesis,major,transition_bucket_shape,taam_events
P5-6_A5_C0,P10-12_A8+_C2,7,0.06730769,0.06310518,1.06659544,genesis,major,transition_bucket_shape,taam_events
P5-6_A6-7_C1,P5-6_A5_C1,7,0.0261194,0.03639399,0.71768451,genesis,major,transition_bucket_shape,taam_events
P<=4_A5_C0,P7-9_A8+_C1,7,0.05426357,0.07345576,0.73872445,genesis,major,transition_bucket_shape,taam_events
P5-6_A6-7_C0,P13-15_A8+_C3,7,0.05263158,0.02203673,2.38835726,genesis,major,transition_bucket_shape,taam_events
P<=4_A5_C0,P7-9_A8+_C2,6,0.04651163,0.05509182,0.84425652,genesis,major,transition_bucket_shape,taam_events
P10-12_A8+_C3,P5-6_A6-7_C1,6,0.08695652,0.08981636,0.96815904,genesis,major,transition_bucket_shape,taam_events
P5-6_A5_C0,P<=4_A3_C0,6,0.05769231,0.0884808,0.65203193,genesis,major,transition_bucket_shape,taam_events
P13-15_A8+_C2,P7-9_A8+_C2,6,0.10169492,0.05509182,1.8459168,genesis,major,transition_bucket_shape,taam_events
P10-12_A8+_C1,P7-9_A8+_C2,6,0.0625,0.05509182,1.1344697,genesis,major,transition_bucket_shape,taam_events
P<=4_A4_C0,P5-6_A4_C1,6,0.01941748,0.00834725,2.32621359,genesis,major,transition_bucket_shape,taam_events
P10-12_A8+_C2,P<=4_A2_C0,6,0.03174603,0.01903172,1.66805904,genesis,major,transition_bucket_shape,taam_events
P<=4_A4_C0,P5-6_A4_C0,6,0.01941748,0.01936561,1.00267827,genesis,major,transition_bucket_shape,taam_events
P<=4_A5_C0,P<=4_A2_C0,6,0.04651163,0.01903172,2.44390045,genesis,major,transition_bucket_shape,taam_events
P10-12_A8+_C3,P7-9_A8+_C2,6,0.08695652,0.05509182,1.57839262,genesis,major,transition_bucket_shape,taam_events
P5-6_A6-7_C0,P<=4_A3_C0,6,0.04511278,0.0884808,0.50985955,genesis,major,transition_bucket_shape,taam_events
P13-15_A8+_C2,P7-9_A8+_C1,6,0.10169492,0.07345576,1.3844376,genesis,major,transition_bucket_shape,taam_events
P<=4_A3_C0,P5-6_A8+_C1,6,0.02255639,0.01335559,1.68890977,genesis,major,transition_bucket_shape,taam_events
P7-9_A8+_C2,P10-12_A8+_C3,6,0.03636364,0.0230384,1.57839262,genesis,major,transition_bucket_shape,taam_events
P<=4_A4_C0,P16-18_A8+_C3,6,0.01941748,0.00901503,2.15390147,genesis,major,transition_bucket_shape,taam_events
P5-6_A6-7_C1,P5-6_A5_C0,6,0.02238806,0.03472454,0.64473307,genesis,major,transition_bucket_shape,taam_events
P7-9_A8+_C2,P10-12_A8+_C1,6,0.03636364,0.03205342,1.1344697,genesis,major,transition_bucket_shape,taam_events
P16-18_A8+_C2,P<=4_A4_C0,6,0.31578947,0.10317195,3.06080736,genesis,major,transition_bucket_shape,taam_events
P13-15_A8+_C3,P7-9_A8+_C1,6,0.09090909,0.07345576,1.23760331,genesis,major,transition_bucket_shape,taam_events
P<=4_A3_C0,P5-6_A4_C0,5,0.01879699,0.01936561,0.9706378,genesis,major,transition_bucket_shape,taam_events
P5-6_A4_C0,P5-6_A6-7_C1,5,0.0862069,0.08981636,0.95981284,genesis,major,transition_bucket_shape,taam_events
P5-6_A6-7_C0,P10-12_A8+_C3,5,0.03759398,0.0230384,1.63179688,genesis,major,transition_bucket_shape,taam_events
P7-9_A8+_C2,P5-6_A6-7_C0,5,0.03030303,0.04440735,0.68238779,genesis,major,transition_bucket_shape,taam_events
P5-6_A6-7_C1,P13-15_A8+_C2,5,0.01865672,0.0196995,0.94706552,genesis,major,transition_bucket_shape,taam_events
P10-12_A8+_C3,P10-12_A8+_C2,5,0.07246377,0.06310518,1.14830151,genesis,major,transition_bucket_shape,taam_events
P13-15_A8+_C2,P7-9_A6-7_C1,5,0.08474576,0.06611018,1.28188666,genesis,major,transition_bucket_shape,taam_events
P10-12_A8+_C3,P5-6_A5_C0,5,0.07246377,0.03472454,2.08681717,genesis,major,transition_bucket_shape,taam_events
P5-6_A5_C1,P5-6_A4_C0,5,0.04587156,0.01936561,2.36871243,genesis,major,transition_bucket_shape,taam_events
P5-6_A4_C0,P7-9_A8+_C1,5,0.0862069,0.07345576,1.17358934,genesis,major,transition_bucket_shape,taam_events
P7-9_A8+_C2,P<=4_A2_C0,5,0.03030303,0.01903172,1.59223817,genesis,major,transition_bucket_shape,taam_events
P5-6_A4_C0,P10-12_A8+_C2,5,0.0862069,0.06310518,1.36608283,genesis,major,transition_bucket_shape,taam_events
P5-6_A4_C0,P<=4_A5_C0,5,0.0862069,0.04307179,2.0014702,genesis,major,transition_bucket_shape,taam_events
P7-9_A6-7_C0,P5-6_A5_C0,5,0.078125,0.03472454,2.24984976,genesis,major,transition_bucket_shape,taam_events
P5-6_A5_C0,P10-12_A8+_C3,5,0.04807692,0.0230384,2.08681717,genesis,major,transition_bucket_shape,taam_events
P7-9_A8+_C1,P13-15_A8+_C2,5,0.02272727,0.0196995,1.153698,genesis,major,transition_bucket_shape,taam_events
P<=4_A5_C1,P7-9_A6-7_C1,5,0.125,0.06611018,1.89078283,genesis,major,transition_bucket_shape,taam_events
P<=4_A5_C0,P10-12_A8+_C3,5,0.03875969,0.0230384,1.68239524,genesis,major,transition_bucket_shape,taam_events
P10-12_A8+_C1,P5-6_A6-7_C0,5,0.05208333,0.04440735,1.17285401,genesis,major,transition_bucket_shape,taam_events
P<=4_A3_C0,P<=4_A4_C1,5,0.01879699,0.00901503,2.0850738,genesis,major,transition_bucket_shape,taam_events
P<=4_A5_C0,P5-6_A5_C0,5,0.03875969,0.03472454,1.11620453,genesis,major,transition_bucket_shape,taam_events
P5-6_A5_C0,P13-15_A8+_C2,5,0.04807692,0.0196995,2.44051499,genesis,major,transition_bucket_shape,taam_events
P<=4_A4_C1,P5-6_A6-7_C1,5,0.18518519,0.08981636,2.06182018,genesis,major,transition_bucket_shape,taam_events
P13-15_A8+_C2,P<=4_A5_C0,5,0.08474576,0.04307179,1.96754697,genesis,major,transition_bucket_shape,taam_events
P5-6_A8+_C1,P10-12_A8+_C1,5,0.125,0.03205342,3.89973958,genesis,major,transition_bucket_shape,taam_events
P13-15_A8+_C2,P5-6_A6-7_C1,5,0.08474576,0.08981636,0.94354483,genesis,major,transition_bucket_shape,taam_events
P7-9_A6-7_C1,P10-12_A8+_C3,5,0.02525253,0.0230384,1.09610599,genesis,major,transition_bucket_shape,taam_events
P10-12_A8+_C2,P5-6_A5_C1,5,0.02645503,0.03639399,0.72690646,genesis,major,transition_bucket_shape,taam_events
P5-6_A5_C1,P5-6_A6-7_C0,5,0.04587156,0.04440735,1.03297234,genesis,major,transition_bucket_shape,taam_events
P10-12_A8+_C2,P5-6_A6-7_C0,5,0.02645503,0.04440735,0.59573537,genesis,major,transition_bucket_shape,taam_events
P7-9_A8+_C1,P10-12_A8+_C1,5,0.02272727,0.03205342,0.70904356,genesis,major,transition_bucket_shape,taam_events
P7-9_A8+_C1,P5-6_A8+_C1,5,0.02272727,0.01335559,1.70170455,genesis,major,transition_bucket_shape,taam_events
P7-9_A8+_C1,P5-6_A5_C0,5,0.02272727,0.03472454,0.65450175,genesis,major,transition_bucket_shape,taam_events
P13-15_A8+_C3,P10-12_A8+_C2,5,0.07575758,0.06310518,1.20049703,genesis,major,transition_bucket_shape,taam_events
P10-12_A8+_C2,P13-15_A8+_C3,5,0.02645503,0.02203673,1.20049703,genesis,major,transition_bucket_shape,taam_events
P<=4_A5_C0,P7-9_A6-7_C2,5,0.03875969,0.01535893,2.52359285,genesis,major,transition_bucket_shape,taam_events
P13-15_A8+_C3,P7-9_A6-7_C1,5,0.07575758,0.06611018,1.14592899,genesis,major,transition_bucket_shape,taam_events
P5-6_A4_C1,P5-6_A6-7_C1,5,0.2,0.08981636,2.2267658,genesis,major,transition_bucket_shape,taam_events
P7-9_A6-7_C0,P7-9_A6-7_C1,5,0.078125,0.06611018,1.18173927,genesis,major,transition_bucket_shape,taam_events
P10-12_A8+_C2,P13-15_A8+_C2,5,0.02645503,0.0196995,1.34292889,genesis,major,transition_bucket_shape,taam_events
P<=4_A5_C0,P5-6_A6-7_C0,4,0.03100775,0.04440735,0.69825727,genesis,major,transition_bucket_shape,taam_events
P<=4_A3_C0,P13-15_A8+_C1,4,0.01503759,0.00701169,2.14464733,genesis,major,transition_bucket_shape,taam_events
P13-15_A8+_C1,P<=4_A4_C0,4,0.19047619,0.10317195,1.84620126,genesis,major,transition_bucket_shape,taam_events
P7-9_A6-7_C2,P7-9_A6-7_C1,4,0.08695652,0.06611018,1.31532718,genesis,major,transition_bucket_shape,taam_events
P<=4_A5_C0,P10-12_A8+_C1,4,0.03100775,0.03205342,0.96737726,genesis,major,transition_bucket_shape,taam_events
P7-9_A8+_C3,P5-6_A6-7_C1,4,0.30769231,0.08981636,3.42579354,genesis,major,transition_bucket_shape,taam_events
P5-6_A6-7_C1,P16-18_A8+_C2,4,0.01492537,0.00634391,2.35271013,genesis,major,transition_bucket_shape,taam_events
P7-9_A8+_C2,P5-6_A8+_C1,4,0.02424242,0.01335559,1.81515152,genesis,major,transition_bucket_shape,taam_events
P5-6_A5_C1,P7-9_A8+_C2,4,0.03669725,0.05509182,0.66611065,genesis,major,transition_bucket_shape,taam_events
P7-9_A6-7_C1,P7-9_A8+_C2,4,0.02020202,0.05509182,0.36669728,genesis,major,transition_bucket_shape,taam_events
P<=4_A3_C0,P7-9_A6-7_C2,4,0.01503759,0.01535893,0.97907813,genesis,major,transition_bucket_shape,taam_events
P<=4_A2_C0,P7-9_A6-7_C1,4,0.07017544,0.06611018,1.06149211,genesis,major,transition_bucket_shape,taam_events
P5-6_A6-7_C0,P7-9_A6-7_C1,4,0.03007519,0.06611018,0.45492519,genesis,major,transition_bucket_shape,taam_events
P16-18_A8+_C3,P<=4_A5_C0,4,0.14814815,0.04307179,3.43956359,genesis,major,transition_bucket_shape,taam_events
P7-9_A6-7_C0,P5-6_A6-7_C0,4,0.0625,0.04440735,1.40742481,genesis,major,transition_bucket_shape,taam_events
P5-6_A6-7_C0,P<=4_A4_C0,4,0.03007519,0.10317195,0.29150546,genesis,major,transition_bucket_shape,taam_events
P<=4_A5_C1,P10-12_A8+_C1,4,0.1,0.03205342,3.11979167,genesis,major,transition_bucket_shape,taam_events
P5-6_A5_C1,P5-6_A5_C0,4,0.03669725,0.03472454,1.05681016,genesis,major,transition_bucket_shape,taam_events
P13-15_A8+_C1,P5-6_A6-7_C1,4,0.19047619,0.08981636,2.12072933,genesis,major,transition_bucket_shape,taam_events
P5-6_A8+_C1,P5-6_A6-7_C1,4,0.1,0.08981636,1.1133829,genesis,major,transition_bucket_shape,taam_events
P<=4_A3_C0,P<=4_A2_C0,4,0.01503759,0.01903172,0.79013323,genesis,major,transition_bucket_shape,taam_events
P5-6_A5_C0,P5-6_A6-7_C0,4,0.03846154,0.04440735,0.86610758,genesis,major,transition_bucket_shape,taam_events
P5-6_A6-7_C1,P7-9_A6-7_C0,4,0.01492537,0.02136895,0.69846082,genesis,major,transition_bucket_shape,taam_events
P7-9_A6-7_C1,P5-6_A5_C0,4,0.02020202,0.03472454,0.58177933,genesis,major,transition_bucket_shape,taam_events
P<=4_A4_C1,P<=4_A3_C0,4,0.14814815,0.0884808,1.6743536,genesis,major,transition_bucket_shape,taam_events
P5-6_A8+_C1,P10-12_A8+_C2,4,0.1,0.06310518,1.58465608,genesis,major,transition_bucket_shape,taam_events
P10-12_A8+_C2,P5-6_A8+_C1,4,0.02116402,0.01335559,1.58465608,genesis,major,transition_bucket_shape,taam_events
P7-9_A8+_C1,P13-15_A8+_C3,4,0.01818182,0.02203673,0.82506887,genesis,major,transition_bucket_shape,taam_events
P<=4_A5_C0,P13-15_A8+_C3,4,0.03100775,0.02203673,1.4070942,genesis,major,transition_bucket_shape,taam_events
P13-15_A8+_C3,P5-6_A6-7_C0,4,0.06060606,0.04440735,1.36477558,genesis,major,transition_bucket_shape,taam_events
P13-15_A8+_C3,P<=4_A5_C0,4,0.06060606,0.04307179,1.4070942,genesis,major,transition_bucket_shape,taam_events
P7-9_A6-7_C1,P13-15_A8+_C2,4,0.02020202,0.0196995,1.02550933,genesis,major,transition_bucket_shape,taam_events
P7-9_A8+_C1,P5-6_A4_C0,4,0.01818182,0.01936561,0.93887147,genesis,major,transition_bucket_shape,taam_events
P10-12_A8+_C2,P7-9_A6-7_C0,4,0.02116402,0.02136895,0.99041005,genesis,major,transition_bucket_shape,taam_events
P<=4_A3_C0,P7-9_A6-7_C0,4,0.01503759,0.02136895,0.70371241,genesis,major,transition_bucket_shape,taam_events
P7-9_A6-7_C0,P7-9_A8+_C2,4,0.0625,0.05509182,1.1344697,genesis,major,transition_bucket_shape,taam_events
P<=4_A4_C0,P16-18_A8+_C2,4,0.01294498,0.00634391,2.04053824,genesis,major,transition_bucket_shape,taam_events
P10-12_A8+_C1,P<=4_A5_C0,4,0.04166667,0.04307179,0.96737726,genesis,major,transition_bucket_shape,taam_events
P10-12_A8+_C2,P5-6_A4_C0,4,0.02116402,0.01936561,1.09286627,genesis,major,transition_bucket_shape,taam_events
P5-6_A6-7_C0,P5-6_A4_C1,4,0.03007519,0.00834725,3.60300752,genesis,major,transition_bucket_shape,taam_events
P<=4_A5_C0,P5-6_A5_C1,4,0.03100775,0.03639399,0.85200199,genesis,major,transition_bucket_shape,taam_events
P7-9_A6-7_C1,P<=4_A5_C1,4,0.02020202,0.01335559,1.51262626,genesis,major,transition_bucket_shape,taam_events
P7-9_A8+_C1,P<=4_A2_C0,4,0.01818182,0.01903172,0.9553429,genesis,major,transition_bucket_shape,taam_events
P10-12_A8+_C3,P5-6_A6-7_C0,4,0.05797101,0.04440735,1.30543751,genesis,major,transition_bucket_shape,taam_events
P7-9_A6-7_C2,P5-6_A6-7_C0,3,0.06521739,0.04440735,1.4686172,genesis,major,transition_bucket_shape,taam_events
P10-12_A8+_C1,P10-12_A8+_C1,3,0.03125,0.03205342,0.9749349,genesis,major,transition_bucket_shape,taam_events
P7-9_A8+_C1,P<=4_A6-7_C0,3,0.01363636,0.0033389,4.08409091,genesis,major,transition_bucket_shape,taam_events
P5-6_A5_C0,P5-6_A5_C1,3,0.02884615,0.03639399,0.79260762,genesis,major,transition_bucket_shape,taam_events
P<=4_A5_C0,P13-15_A8+_C2,3,0.02325581,0.0196995,1.18052818,genesis,major,transition_bucket_shape,taam_events
P5-6_A5_C0,P7-9_A8+_C2,3,0.02884615,0.05509182,0.5236014,genesis,major,transition_bucket_shape,taam_events
P13-15_A8+_C3,P7-9_A8+_C2,3,0.04545455,0.05509182,0.82506887,genesis,major,transition_bucket_shape,taam_events
P13-15_A8+_C3,P5-6_A5_C1,3,0.04545455,0.03639399,1.24895746,genesis,major,transition_bucket_shape,taam_events
P7-9_A6-7_C0,P5-6_A5_C1,3,0.046875,0.03639399,1.28798739,genesis,major,transition_bucket_shape,taam_events
P<=4_A4_C1,P7-9_A8+_C2,3,0.11111111,0.05509182,2.01683502,genesis,major,transition_bucket_shape,taam_events
P<=4_A2_C0,P5-6_A5_C1,3,0.05263158,0.03639399,1.44616127,genesis,major,transition_bucket_shape,taam_events
P7-9_A8+_C0,P7-9_A6-7_C1,3,0.13043478,0.06611018,1.97299078,genesis,major,transition_bucket_shape,taam_events
P7-9_A8+_C2,P7-9_A8+_C0,3,0.01818182,0.00767947,2.36758893,genesis,major,transition_bucket_shape,taam_events
P7-9_A6-7_C1,P7-9_A6-7_C0,3,0.01515152,0.02136895,0.70904356,genesis,major,transition_bucket_shape,taam_events
P<=4_A4_C0,P<=4_A5_C1,3,0.00970874,0.01335559,0.72694175,genesis,major,transition_bucket_shape,taam_events
P16-18_A8+_C2,P7-9_A8+_C1,3,0.15789474,0.07345576,2.14952153,genesis,major,transition_bucket_shape,taam_events
P5-6_A5_C0,P<=4_A2_C0,3,0.02884615,0.01903172,1.51568826,genesis,major,transition_bucket_shape,taam_events
P<=4_A2_C0,P5-6_A6-7_C0,3,0.05263158,0.04440735,1.18519984,genesis,major,transition_bucket_shape,taam_events
P10-12_A8+_C2,P<=4_A5_C1,3,0.01587302,0.01335559,1.18849206,genesis,major,transition_bucket_shape,taam_events
P7-9_A6-7_C0,P10-12_A8+_C2,3,0.046875,0.06310518,0.74280754,genesis,major,transition_bucket_shape,taam_events
P10-12_A8+_C2,P7-9_A8+_C0,3,0.01587302,0.00767947,2.06694272,genesis,major,transition_bucket_shape,taam_events
P5-6_A6-7_C0,P16-18_A8+_C3,3,0.02255639,0.00901503,2.50208855,genesis,major,transition_bucket_shape,taam_events
P<=4_A5_C1,P<=4_A3_C0,3,0.075,0.0884808,0.84764151,genesis,major,transition_bucket_shape,taam_events
P7-9_A6-7_C2,P<=4_A5_C0,3,0.06521739,0.04307179,1.51415571,genesis,major,transition_bucket_shape,taam_events
P10-12_A8+_C2,P5-6_A4_C1,3,0.01587302,0.00834725,1.9015873,genesis,major,transition_bucket_shape,taam_events
P5-6_A4_C0,P5-6_A5_C0,3,0.05172414,0.03472454,1.4895557,genesis,major,transition_bucket_shape,taam_events
P13-15_A8+_C2,P<=4_A3_C0,3,0.05084746,0.0884808,0.57467221,genesis,major,transition_bucket_shape,taam_events
P16-18_A8+_C3,P10-12_A8+_C2,3,0.11111111,0.06310518,1.76072898,genesis,major,transition_bucket_shape,taam_events
P<=4_A3_C0,P<=4_A6-7_C1,3,0.0112782,0.00634391,1.77779976,genesis,major,transition_bucket_shape,taam_events
P<=4_A5_C0,P7-9_A6-7_C0,3,0.02325581,0.02136895,1.08829942,genesis,major,transition_bucket_shape,taam_events
P10-12_A8+_C3,P5-6_A5_C1,3,0.04347826,0.03639399,1.19465497,genesis,major,transition_bucket_shape,taam_events
P<=4_A6-7_C1,P<=4_A3_C0,3,0.15789474,0.0884808,1.78450844,genesis,major,transition_bucket_shape,taam_events
P13-15_A8+_C3,P5-6_A6-7_C1,3,0.04545455,0.08981636,0.50608314,genesis,major,transition_bucket_shape,taam_events
P5-6_A5_C0,P5-6_A4_C0,3,0.02884615,0.01936561,1.4895557,genesis,major,transition_bucket_shape,taam_events
P5-6_A4_C0,P7-9_A6-7_C1,3,0.05172414,0.06611018,0.78239289,genesis,major,transition_bucket_shape,taam_events
P7-9_A8+_C2,P5-6_A4_C0,3,0.01818182,0.01936561,0.93887147,genesis,major,transition_bucket_shape,taam_events
P10-12_A8+_C1,P5-6_A8+_C1,3,0.03125,0.01335559,2.33984375,genesis,major,transition_bucket_shape,taam_events
P10-12_A8+_C3,P<=4_A3_C0,3,0.04347826,0.0884808,0.49138638,genesis,major,transition_bucket_shape,taam_events
P<=4_A5_C0,P13-15_A8+_C1,3,0.02325581,0.00701169,3.31672204,genesis,major,transition_bucket_shape,taam_events
P5-6_A6-7_C1,P16-18_A8+_C3,3,0.01119403,0.00901503,1.24170813,genesis,major,transition_bucket_shape,taam_events
P5-6_A6-7_C0,P10-12_A8+_C1,3,0.02255639,0.03205342,0.70371241,genesis,major,transition_bucket_shape,taam_events
P10-12_A8+_C1,P10-12_A8+_C3,3,0.03125,0.0230384,1.35643116,genesis,major,transition_bucket_shape,taam_events
P<=4_A5_C1,P<=4_A4_C0,3,0.075,0.10317195,0.72694175,genesis,major,transition_bucket_shape,taam_events
P7-9_A6-7_C0,P7-9_A8+_C1,3,0.046875,0.07345576,0.6381392,genesis,major,transition_bucket_shape,taam_events
P16-18_A8+_C2,P5-6_A6-7_C1,3,0.15789474,0.08981636,1.757973,genesis,major,transition_bucket_shape,taam_events
P5-6_A6-7_C2,P<=4_A4_C0,3,0.23076923,0.10317195,2.23674384,genesis,major,transition_bucket_shape,taam_events
P10-12_A8+_C1,P5-6_A5_C0,3,0.03125,0.03472454,0.8999399,genesis,major,transition_bucket_shape,taam_events
P7-9_A6-7_C2,P7-9_A8+_C1,3,0.06521739,0.07345576,0.88784585,genesis,major,transition_bucket_shape,taam_events
P13-15_A8+_C2,P10-12_A8+_C2,3,0.05084746,0.06310518,0.80575733,genesis,major,transition_bucket_shape,taam_events
P10-12_A8+_C3,P7-9_A8+_C1,3,0.04347826,0.07345576,0.59189723,genesis,major,transition_bucket_shape,taam_events
P5-6_A4_C0,P<=4_A3_C0,3,0.05172414,0.0884808,0.58458035,genesis,major,transition_bucket_shape,taam_events
P7-9_A6-7_C0,P<=4_A3_C0,3,0.046875,0.0884808,0.52977594,genesis,major,transition_bucket_shape,taam_events
P5-6_A6-7_C1,P7-9_A8+_C3,3,0.01119403,0.00434057,2.57893226,genesis,major,transition_bucket_shape,taam_events
P<=4_A3_C0,P7-9_A8+_C3,3,0.0112782,0.00434057,2.59832273,genesis,major,transition_bucket_shape,taam_events
P<=4_A2_C0,P7-9_A8+_C2,3,0.05263158,0.05509182,0.9553429,genesis,major,transition_bucket_shape,taam_events
P10-12_A8+_C3,P7-9_A6-7_C1,3,0.04347826,0.06611018,0.65766359,genesis,major,transition_bucket_shape,taam_events
P7-9_A8+_C1,P<=4_A5_C1,3,0.01363636,0.01335559,1.02102273,genesis,major,transition_bucket_shape,taam_events
P5-6_A5_C1,P10-12_A8+_C1,3,0.02752294,0.03205342,0.85865826,genesis,major,transition_bucket_shape,taam_events
P<=4_A5_C1,P5-6_A6-7_C1,3,0.075,0.08981636,0.83503717,genesis,major,transition_bucket_shape,taam_events
P16-18_A8+_C3,P<=4_A5_C1,3,0.11111111,0.01335559,8.31944444,genesis,major,transition_bucket_shape,taam_events
P<=4_A5_C1,P5-6_A5_C1,3,0.075,0.03639399,2.06077982,genesis,major,transition_bucket_shape,taam_events
P5-6_A4_C0,P5-6_A6-7_C0,3,0.05172414,0.04440735,1.16476536,genesis,major,transition_bucket_shape,taam_events
P10-12_A8+_C1,P10-12_A8+_C2,3,0.03125,0.06310518,0.49520503,genesis,major,transition_bucket_shape,taam_events
P7-9_A6-7_C0,P10-12_A8+_C1,3,0.046875,0.03205342,1.46240234,genesis,major,transition_bucket_shape,taam_events
P10-12_A8+_C2,P7-9_A6-7_C2,3,0.01587302,0.01535893,1.03347136,genesis,major,transition_bucket_shape,taam_events
P13-15_A8+_C1,P<=4_A3_C0,3,0.14285714,0.0884808,1.61455526,genesis,major,transition_bucket_shape,taam_events
P<=4_A4_C0,P13-15_A8+_C1,3,0.00970874,0.00701169,1.38465095,genesis,major,transition_bucket_shape,taam_events
P13-15_A8+_C1,P7-9_A8+_C1,3,0.14285714,0.07345576,1.94480519,genesis,major,transition_bucket_shape,taam_events
P7-9_A8+_C1,P10-12_A8+_C3,3,0.01363636,0.0230384,0.59189723,genesis,major,transition_bucket_shape,taam_events
P7-9_A6-7_C0,P7-9_A6-7_C0,3,0.046875,0.02136895,2.19360352,genesis,major,transition_bucket_shape,taam_events
P5-6_A6-7_C1,P19-24_A8+_C3,3,0.01119403,0.00267112,4.19076493,genesis,major,transition_bucket_shape,taam_events
P4_A5_C0,P3_A3_C0,15,0.13761468,0.04040067,3.40624763,genesis,major,transition_exact_shape,taam_events
P3_A4_C0,P5_A5_C1,11,0.06918239,0.02470785,2.800017,genesis,major,transition_exact_shape,taam_events
P4_A4_C0,P3_A3_C0,10,0.06849315,0.04040067,1.69534699,genesis,major,transition_exact_shape,taam_events
P3_A3_C0,P3_A4_C0,9,0.07377049,0.05308848,1.38957624,genesis,major,transition_exact_shape,taam_events
P4_A5_C0,P4_A4_C0,8,0.0733945,0.04874791,1.50559256,genesis,major,transition_exact_shape,taam_events
P4_A3_C0,P3_A4_C0,8,0.12903226,0.05308848,2.43051329,genesis,major,transition_exact_shape,taam_events
P5_A5_C1,P3_A4_C0,8,0.10810811,0.05308848,2.036376,genesis,major,transition_exact_shape,taam_events
P4_A5_C0,P4_A3_C0,8,0.0733945,0.02070117,3.54542764,genesis,major,transition_exact_shape,taam_events
P7_A7_C1,P3_A3_C0,7,0.0875,0.04040067,2.16580579,genesis,major,transition_exact_shape,taam_events
P3_A3_C0,P4_A4_C0,7,0.05737705,0.04874791,1.1770155,genesis,major,transition_exact_shape,taam_events
P4_A4_C0,P4_A4_C0,7,0.04794521,0.04874791,0.9835335,genesis,major,transition_exact_shape,taam_events
P4_A4_C0,P4_A5_C0,6,0.04109589,0.03639399,1.12919442,genesis,major,transition_exact_shape,taam_events
P4_A4_C0,P3_A4_C0,6,0.04109589,0.05308848,0.77410184,genesis,major,transition_exact_shape,taam_events
P6_A8_C1,P3_A3_C0,6,0.22222222,0.04040067,5.50045914,genesis,major,transition_exact_shape,taam_events
P6_A6_C1,P3_A3_C0,6,0.06521739,0.04040067,1.61426518,genesis,major,transition_exact_shape,taam_events
P3_A4_C0,P6_A5_C0,6,0.03773585,0.0130217,2.89791969,genesis,major,transition_exact_shape,taam_events
P4_A4_C0,P9_A8_C1,6,0.04109589,0.01001669,4.10273973,genesis,major,transition_exact_shape,taam_events
P3_A4_C0,P4_A4_C0,6,0.03773585,0.04874791,0.77410184,genesis,major,transition_exact_shape,taam_events
P5_A5_C1,P3_A3_C0,6,0.08108108,0.04040067,2.00692428,genesis,major,transition_exact_shape,taam_events
P6_A6_C1,P3_A4_C0,6,0.06521739,0.05308848,1.22846596,genesis,major,transition_exact_shape,taam_events
P3_A4_C0,P7_A7_C1,6,0.03773585,0.02671119,1.41273585,genesis,major,transition_exact_shape,taam_events
P3_A4_C0,P3_A3_C0,6,0.03773585,0.04040067,0.93404023,genesis,major,transition_exact_shape,taam_events
P7_A7_C1,P7_A7_C1,5,0.0625,0.02671119,2.33984375,genesis,major,transition_exact_shape,taam_events
P3_A4_C0,P9_A9_C2,5,0.03144654,0.01035058,3.03814161,genesis,major,transition_exact_shape,taam_events
P3_A4_C0,P10_A9_C2,5,0.03144654,0.00767947,4.09488652,genesis,major,transition_exact_shape,taam_events
P10_A9_C2,P1_A2_C0,5,0.2173913,0.00434057,50.08361204,genesis,major,transition_exact_shape,taam_events
P5_A6_C1,P3_A3_C0,5,0.05882353,0.04040067,1.45600389,genesis,major,transition_exact_shape,taam_events
P6_A6_C1,P4_A5_C0,5,0.05434783,0.03639399,1.49331871,genesis,major,transition_exact_shape,taam_events
P2_A2_C0,P4_A5_C0,5,0.13157895,0.03639399,3.61540319,genesis,major,transition_exact_shape,taam_events
P6_A7_C1,P3_A4_C0,5,0.078125,0.05308848,1.47159984,genesis,major,transition_exact_shape,taam_events
P3_A4_C0,P8_A8_C1,5,0.03144654,0.01869783,1.68182839,genesis,major,transition_exact_shape,taam_events
P3_A4_C0,P8_A7_C1,5,0.03144654,0.01435726,2.19028814,genesis,major,transition_exact_shape,taam_events
P3_A3_C0,P3_A3_C0,5,0.04098361,0.04040067,1.01442894,genesis,major,transition_exact_shape,taam_events
P4_A3_C0,P5_A6_C1,5,0.08064516,0.02871452,2.80851463,genesis,major,transition_exact_shape,taam_events
P6_A6_C1,P4_A4_C0,4,0.04347826,0.04874791,0.89189994,genesis,major,transition_exact_shape,taam_events
P6_A6_C1,P5_A6_C1,4,0.04347826,0.02871452,1.51415571,genesis,major,transition_exact_shape,taam_events
P8_A9_C2,P4_A4_C0,4,0.21052632,0.04874791,4.3186734,genesis,major,transition_exact_shape,taam_events
P9_A9_C1,P4_A4_C0,4,0.13333333,0.04874791,2.73515982,genesis,major,transition_exact_shape,taam_events
P4_A4_C0,P10_A10_C2,4,0.02739726,0.00801336,3.41894977,genesis,major,transition_exact_shape,taam_events
P11_A11_C2,P3_A4_C0,4,0.26666667,0.05308848,5.0230608,genesis,major,transition_exact_shape,taam_events
P3_A4_C0,P4_A3_C0,4,0.02515723,0.02070117,1.21525664,genesis,major,transition_exact_shape,taam_events
P7_A7_C1,P2_A3_C0,4,0.05,0.02704508,1.84876543,genesis,major,transition_exact_shape,taam_events
P4_A5_C0,P2_A2_C0,4,0.03669725,0.01268781,2.89232255,genesis,major,transition_exact_shape,taam_events
P8_A7_C1,P3_A4_C0,4,0.09302326,0.05308848,1.75223051,genesis,major,transition_exact_shape,taam_events
P7_A7_C1,P5_A5_C1,4,0.05,0.02470785,2.02364865,genesis,major,transition_exact_shape,taam_events
P2_A3_C0,P5_A5_C0,4,0.04938272,0.02170284,2.27540361,genesis,major,transition_exact_shape,taam_events
P2_A3_C0,P7_A7_C1,4,0.04938272,0.02671119,1.84876543,genesis,major,transition_exact_shape,taam_events
P8_A8_C1,P6_A7_C1,4,0.07142857,0.02136895,3.34263393,genesis,major,transition_exact_shape,taam_events
P7_A6_C1,P6_A6_C1,4,0.09090909,0.03071786,2.95948617,genesis,major,transition_exact_shape,taam_events
P3_A3_C0,P8_A7_C1,4,0.03278689,0.01435726,2.28364468,genesis,major,transition_exact_shape,taam_events
P4_A5_C0,P5_A5_C0,4,0.03669725,0.02170284,1.69089626,genesis,major,transition_exact_shape,taam_events
P7_A6_C1,P3_A4_C0,4,0.09090909,0.05308848,1.71240709,genesis,major,transition_exact_shape,taam_events
P5_A6_C1,P4_A4_C0,4,0.04705882,0.04874791,0.96535052,genesis,major,transition_exact_shape,taam_events
P3_A4_C0,P6_A5_C1,4,0.02515723,0.01168614,2.15274034,genesis,major,transition_exact_shape,taam_events
P4_A3_C0,P6_A6_C1,4,0.06451613,0.03071786,2.1002805,genesis,major,transition_exact_shape,taam_events
P4_A4_C0,P11_A11_C2,4,0.02739726,0.00500835,5.47031963,genesis,major,transition_exact_shape,taam_events
P3_A4_C0,P2_A2_C0,4,0.02515723,0.01268781,1.98278716,genesis,major,transition_exact_shape,taam_events
P4_A4_C0,P7_A6_C0,4,0.02739726,0.00868114,3.15595364,genesis,major,transition_exact_shape,taam_events
P5_A5_C0,P4_A4_C0,4,0.06153846,0.04874791,1.26238145,genesis,major,transition_exact_shape,taam_events
P5_A6_C1,P5_A5_C1,4,0.04705882,0.02470785,1.90461049,genesis,major,transition_exact_shape,taam_events
P7_A7_C1,P6_A6_C0,4,0.05,0.01502504,3.32777778,genesis,major,transition_exact_shape,taam_events
P2_A3_C0,P4_A4_C0,4,0.04938272,0.04874791,1.01302215,genesis,major,transition_exact_shape,taam_events
P6_A7_C1,P3_A3_C0,4,0.0625,0.04040067,1.54700413,genesis,major,transition_exact_shape,taam_events
P4_A5_C0,P8_A8_C1,4,0.03669725,0.01869783,1.96264744,genesis,major,transition_exact_shape,taam_events
P9_A8_C1,P4_A5_C0,4,0.13333333,0.03639399,3.66360856,genesis,major,transition_exact_shape,taam_events
P5_A6_C1,P2_A2_C0,4,0.04705882,0.01268781,3.70897833,genesis,major,transition_exact_shape,taam_events
P3_A3_C0,P4_A5_C0,3,0.02459016,0.03639399,0.67566551,genesis,major,transition_exact_shape,taam_events
P4_A4_C0,P2_A3_C0,3,0.02054795,0.02704508,0.75976662,genesis,major,transition_exact_shape,taam_events
P4_A4_C0,P6_A7_C1,3,0.02054795,0.02136895,0.96157962,genesis,major,transition_exact_shape,taam_events
P9_A9_C2,P4_A5_C0,3,0.09677419,0.03639399,2.65907073,genesis,major,transition_exact_shape,taam_events
P6_A7_C0,P5_A5_C0,3,0.08333333,0.02170284,3.83974359,genesis,major,transition_exact_shape,taam_events
P5_A5_C0,P7_A7_C1,3,0.04615385,0.02671119,1.72788462,genesis,major,transition_exact_shape,taam_events
P7_A7_C1,P7_A6_C1,3,0.0375,0.01469115,2.55255682,genesis,major,transition_exact_shape,taam_events
P6_A5_C1,P5_A6_C1,3,0.08571429,0.02871452,2.98504983,genesis,major,transition_exact_shape,taam_events
P6_A6_C1,P8_A9_C1,3,0.0326087,0.01168614,2.79037267,genesis,major,transition_exact_shape,taam_events
P6_A6_C1,P5_A6_C0,3,0.0326087,0.01502504,2.17028986,genesis,major,transition_exact_shape,taam_events
P5_A6_C1,P7_A6_C1,3,0.03529412,0.01469115,2.40240642,genesis,major,transition_exact_shape,taam_events
P5_A5_C0,P3_A4_C0,3,0.04615385,0.05308848,0.86937591,genesis,major,transition_exact_shape,taam_events
P3_A4_C0,P5_A4_C1,3,0.01886792,0.00567613,3.32408435,genesis,major,transition_exact_shape,taam_events
P5_A6_C0,P7_A7_C2,3,0.06666667,0.00868114,7.67948718,genesis,major,transition_exact_shape,taam_events
P8_A7_C1,P2_A3_C0,3,0.06976744,0.02704508,2.5796727,genesis,major,transition_exact_shape,taam_events
P4_A3_C0,P6_A7_C1,3,0.0483871,0.02136895,2.26436492,genesis,major,transition_exact_shape,taam_events
P4_A4_C0,P5_A5_C0,3,0.02054795,0.02170284,0.94678609,genesis,major,transition_exact_shape,taam_events
P6_A8_C1,P4_A3_C0,3,0.11111111,0.02070117,5.36738351,genesis,major,transition_exact_shape,taam_events
P12_A13_C3,P3_A4_C0,3,0.75,0.05308848,14.12735849,genesis,major,transition_exact_shape,taam_events
P1_A2_C0,P7_A7_C1,3,0.23076923,0.02671119,8.63942308,genesis,major,transition_exact_shape,taam_events
P3_A3_C0,P9_A9_C2,3,0.02459016,0.01035058,2.37572713,genesis,major,transition_exact_shape,taam_events
P9_A9_C2,P3_A4_C0,3,0.09677419,0.05308848,1.82288497,genesis,major,transition_exact_shape,taam_events
P4_A4_C0,P5_A6_C1,3,0.02054795,0.02871452,0.71559414,genesis,major,transition_exact_shape,taam_events
P5_A6_C1,P7_A7_C1,3,0.03529412,0.02671119,1.32132353,genesis,major,transition_exact_shape,taam_events
P8_A8_C1,P7_A7_C1,3,0.05357143,0.02671119,2.00558036,genesis,major,transition_exact_shape,taam_events
P13_A12_C2,P4_A4_C0,3,0.25,0.04874791,5.12842466,genesis,major,transition_exact_shape,taam_events
P4_A4_C0,P4_A3_C0,3,0.02054795,0.02070117,0.99259832,genesis,major,transition_exact_shape,taam_events
P4_A4_C0,P5_A4_C1,3,0.02054795,0.00567613,3.62006446,genesis,major,transition_exact_shape,taam_events
P9_A8_C1,P3_A4_C0,3,0.1,0.05308848,1.8836478,genesis,major,transition_exact_shape,taam_events
P5_A5_C1,P12_A11_C2,3,0.04054054,0.00467446,8.67277992,genesis,major,transition_exact_shape,taam_events
P4_A4_C0,P4_A5_C1,3,0.02054795,0.01268781,1.61950252,genesis,major,transition_exact_shape,taam_events
P6_A6_C1,P2_A3_C0,3,0.0326087,0.02704508,1.20571659,genesis,major,transition_exact_shape,taam_events
P4_A5_C1,P7_A7_C1,3,0.07894737,0.02671119,2.95559211,genesis,major,transition_exact_shape,taam_events
P3_A3_C0,P8_A8_C1,3,0.02459016,0.01869783,1.31513466,genesis,major,transition_exact_shape,taam_events
P4_A3_C0,P6_A8_C1,3,0.0483871,0.00901503,5.36738351,genesis,major,transition_exact_shape,taam_events
P8_A7_C1,P6_A6_C1,3,0.06976744,0.03071786,2.27123357,genesis,major,transition_exact_shape,taam_events
P4_A4_C0,P8_A7_C1,3,0.02054795,0.01435726,1.43118828,genesis,major,transition_exact_shape,taam_events
P2_A3_C0,P4_A3_C0,3,0.03703704,0.02070117,1.78912784,genesis,major,transition_exact_shape,taam_events
P7_A7_C2,P4_A5_C0,3,0.11538462,0.03639399,3.17043049,genesis,major,transition_exact_shape,taam_events
P4_A5_C0,P6_A6_C1,3,0.02752294,0.03071786,0.89599122,genesis,major,transition_exact_shape,taam_events
P6_A6_C0,P8_A9_C1,3,0.06666667,0.01168614,5.7047619,genesis,major,transition_exact_shape,taam_events
P5_A5_C1,P2_A3_C0,3,0.04054054,0.02704508,1.498999,genesis,major,transition_exact_shape,taam_events
P5_A5_C0,P2_A3_C0,3,0.04615385,0.02704508,1.70655271,genesis,major,transition_exact_shape,taam_events
P6_A7_C1,P8_A8_C1,3,0.046875,0.01869783,2.50697545,genesis,major,transition_exact_shape,taam_events
P8_A9_C1,P8_A8_C1,3,0.08571429,0.01869783,4.58418367,genesis,major,transition_exact_shape,taam_events
P8_A8_C1,P4_A5_C0,3,0.05357143,0.03639399,1.47198558,genesis,major,transition_exact_shape,taam_events
P4_A4_C0,P8_A6_C0,3,0.02054795,0.00267112,7.69263699,genesis,major,transition_exact_shape,taam_events
P4_A5_C0,P7_A7_C1,3,0.02752294,0.02671119,1.03038991,genesis,major,transition_exact_shape,taam_events
P4_A4_C0,P7_A7_C2,3,0.02054795,0.00868114,2.36696523,genesis,major,transition_exact_shape,taam_events
P4_A4_C1,P2_A3_C0,3,0.125,0.02704508,4.62191358,genesis,major,transition_exact_shape,taam_events
P7_A7_C1,P4_A5_C0,3,0.0375,0.03639399,1.03038991,genesis,major,transition_exact_shape,taam_events
P4_A4_C0,P5_A4_C0,3,0.02054795,0.01469115,1.39866127,genesis,major,transition_exact_shape,taam_events
P6_A6_C1,P5_A4_C0,3,0.0326087,0.01469115,2.21961462,genesis,major,transition_exact_shape,taam_events
P5_A6_C1,P2_A3_C0,3,0.03529412,0.02704508,1.30501089,genesis,major,transition_exact_shape,taam_events
P8_A8_C1,P8_A8_C1,3,0.05357143,0.01869783,2.8651148,genesis,major,transition_exact_shape,taam_events
P9_A10_C2,P4_A4_C0,3,0.14285714,0.04874791,2.93052838,genesis,major,transition_exact_shape,taam_events
P6_A7_C1,P5_A6_C0,3,0.046875,0.01502504,3.11979167,genesis,major,transition_exact_shape,taam_events
P3_A4_C0,P10_A10_C2,3,0.01886792,0.00801336,2.35455975,genesis,major,transition_exact_shape,taam_events
P5_A5_C1,P5_A6_C1,3,0.04054054,0.02871452,1.41184789,genesis,major,transition_exact_shape,taam_events
P6_A7_C1,P4_A3_C0,3,0.046875,0.02070117,2.26436492,genesis,major,transition_exact_shape,taam_events
P6_A6_C0,P5_A5_C1,3,0.06666667,0.02470785,2.6981982,genesis,major,transition_exact_shape,taam_events
P8_A6_C1,P4_A5_C0,3,0.23076923,0.03639399,6.34086097,genesis,major,transition_exact_shape,taam_events
P7_A6_C1,P4_A5_C0,3,0.06818182,0.03639399,1.8734362,genesis,major,transition_exact_shape,taam_events
P4_A4_C0,P9_A8_C2,3,0.02054795,0.00901503,2.27929985,genesis,major,transition_exact_shape,taam_events
P4_A5_C0,P7_A7_C2,3,0.02752294,0.00868114,3.17043049,genesis,major,transition_exact_shape,taam_events
P8_A8_C1,P5_A6_C1,3,0.05357143,0.02871452,1.86565615,genesis,major,transition_exact_shape,taam_events
P5_A4_C0,P4_A5_C0,3,0.06818182,0.03639399,1.8734362,genesis,major,transition_exact_shape,taam_events
P6_A6_C1,P2_A2_C0,3,0.0326087,0.01268781,2.57008009,genesis,major,transition_exact_shape,taam_events
P8_A7_C1,P7_A7_C1,3,0.06976744,0.02671119,2.6119186,genesis,major,transition_exact_shape,taam_events
P15_A13_C2,P4_A5_C0,3,0.75,0.03639399,20.60779817,genesis,major,transition_exact_shape,taam_events
P7_A7_C1,P3_A4_C0,3,0.0375,0.05308848,0.70636792,genesis,major,transition_exact_shape,taam_events
P9_A8_C2,P6_A6_C1,3,0.11111111,0.03071786,3.61714976,genesis,major,transition_exact_shape,taam_events
P8_A9_C1,P4_A4_C0,3,0.08571429,0.04874791,1.75831703,genesis,major,transition_exact_shape,taam_events
P5_A4_C0,P4_A4_C0,3,0.06818182,0.04874791,1.39866127,genesis,major,transition_exact_shape,taam_events
P3_A4_C0,P6_A6_C1,3,0.01886792,0.03071786,0.61423298,genesis,major,transition_exact_shape,taam_events
P3_A3_C0,P5_A6_C0,3,0.02459016,0.01502504,1.63661202,genesis,major,transition_exact_shape,taam_events
P3_A3_C0,P2_A3_C0,3,0.02459016,0.02704508,0.9092289,genesis,major,transition_exact_shape,taam_events
P7_A7_C2,P3_A4_C0,3,0.11538462,0.05308848,2.17343977,genesis,major,transition_exact_shape,taam_events
P9_A8_C2,P4_A5_C0,3,0.11111111,0.03639399,3.05300714,genesis,major,transition_exact_shape,taam_events
P3_A3_C0,P6_A7_C1,3,0.02459016,0.02136895,1.15074283,genesis,major,transition_exact_shape,taam_events
P5_A5_C1,P5_A4_C0,3,0.04054054,0.01469115,2.75952088,genesis,major,transition_exact_shape,taam_events
P7_A6_C0,P11_A10_C1,3,0.11538462,0.00567613,20.3280543,genesis,major,transition_exact_shape,taam_events
P11_A10_C1,P4_A4_C0,3,0.17647059,0.04874791,3.62006446,genesis,major,transition_exact_shape,taam_events
P6_A7_C1,P9_A8_C1,3,0.046875,0.01001669,4.6796875,genesis,major,transition_exact_shape,taam_events
P2_A2_C0,P5_A6_C1,3,0.07894737,0.02871452,2.749388,genesis,major,transition_exact_shape,taam_events
P5_A5_C1,P5_A7_C1,3,0.04054054,0.00901503,4.496997,genesis,major,transition_exact_shape,taam_events
P2_A2_C0,P6_A6_C1,3,0.07894737,0.03071786,2.57008009,genesis,major,transition_exact_shape,taam_events
P6_A5_C0,P7_A7_C1,3,0.07692308,0.02671119,2.87980769,genesis,major,transition_exact_shape,taam_events
P6_A6_C1,P3_A5_C0,3,0.0326087,0.0066778,4.88315217,genesis,major,transition_exact_shape,taam_events
P9_A7_C1,P4_A4_C0,3,0.25,0.04874791,5.12842466,genesis,major,transition_exact_shape,taam_events
P10-12_A8+_C1,P10-12_A8+_C1,23,0.12921348,0.11641596,1.1099293,genesis,verse,transition_bucket_shape,taam_events
P13-15_A8+_C2,P10-12_A8+_C1,20,0.13157895,0.11641596,1.13024837,genesis,verse,transition_bucket_shape,taam_events
P10-12_A8+_C1,P13-15_A8+_C2,18,0.1011236,0.09941138,1.01722354,genesis,verse,transition_bucket_shape,taam_events
P10-12_A8+_C2,P10-12_A8+_C1,17,0.13934426,0.11641596,1.19695156,genesis,verse,transition_bucket_shape,taam_events
P10-12_A8+_C2,P7-9_A8+_C1,16,0.13114754,0.07194245,1.82295082,genesis,verse,transition_bucket_shape,taam_events
P13-15_A8+_C1,P10-12_A8+_C1,15,0.15,0.11641596,1.28848315,genesis,verse,transition_bucket_shape,taam_events
P10-12_A8+_C1,P16-18_A8+_C3,14,0.07865169,0.06540222,1.20258427,genesis,verse,transition_bucket_shape,taam_events
P13-15_A8+_C2,P10-12_A8+_C2,13,0.08552632,0.08044474,1.06316859,genesis,verse,transition_bucket_shape,taam_events
P19-24_A8+_C4+,P13-15_A8+_C2,13,0.14285714,0.09941138,1.43703008,genesis,verse,transition_bucket_shape,taam_events
P10-12_A8+_C1,P19-24_A8+_C3,13,0.07303371,0.03989536,1.83063179,genesis,verse,transition_bucket_shape,taam_events
P10-12_A8+_C2,P10-12_A8+_C2,13,0.10655738,0.08044474,1.32460349,genesis,verse,transition_bucket_shape,taam_events
P10-12_A8+_C1,P13-15_A8+_C3,13,0.07303371,0.04839765,1.50903432,genesis,verse,transition_bucket_shape,taam_events
P13-15_A8+_C1,P13-15_A8+_C2,13,0.13,0.09941138,1.30769737,genesis,verse,transition_bucket_shape,taam_events
P10-12_A8+_C1,P10-12_A8+_C2,13,0.07303371,0.08044474,0.9078743,genesis,verse,transition_bucket_shape,taam_events
P7-9_A8+_C1,P16-18_A8+_C2,13,0.11818182,0.05493787,2.15119048,genesis,verse,transition_bucket_shape,taam_events
P7-9_A8+_C1,P10-12_A8+_C2,13,0.11818182,0.08044474,1.46910569,genesis,verse,transition_bucket_shape,taam_events
P10-12_A8+_C1,P13-15_A8+_C1,12,0.06741573,0.06540222,1.03078652,genesis,verse,transition_bucket_shape,taam_events
P10-12_A8+_C1,P7-9_A8+_C1,12,0.06741573,0.07194245,0.93707865,genesis,verse,transition_bucket_shape,taam_events
P16-18_A8+_C3,P10-12_A8+_C1,12,0.12,0.11641596,1.03078652,genesis,verse,transition_bucket_shape,taam_events
P10-12_A8+_C2,P13-15_A8+_C2,11,0.09016393,0.09941138,0.906978,genesis,verse,transition_bucket_shape,taam_events
P7-9_A8+_C1,P13-15_A8+_C2,11,0.1,0.09941138,1.00592105,genesis,verse,transition_bucket_shape,taam_events
P13-15_A8+_C2,P13-15_A8+_C2,11,0.07236842,0.09941138,0.72796918,genesis,verse,transition_bucket_shape,taam_events
P13-15_A8+_C1,P7-9_A8+_C1,11,0.11,0.07194245,1.529,genesis,verse,transition_bucket_shape,taam_events
P13-15_A8+_C2,P16-18_A8+_C2,10,0.06578947,0.05493787,1.19752506,genesis,verse,transition_bucket_shape,taam_events
P13-15_A8+_C3,P13-15_A8+_C2,10,0.13513514,0.09941138,1.35935277,genesis,verse,transition_bucket_shape,taam_events
P13-15_A8+_C2,P7-9_A8+_C1,10,0.06578947,0.07194245,0.91447368,genesis,verse,transition_bucket_shape,taam_events
P13-15_A8+_C1,P13-15_A8+_C1,10,0.1,0.06540222,1.529,genesis,verse,transition_bucket_shape,taam_events
P16-18_A8+_C3,P16-18_A8+_C3,10,0.1,0.06540222,1.529,genesis,verse,transition_bucket_shape,taam_events
P13-15_A8+_C3,P10-12_A8+_C2,10,0.13513514,0.08044474,1.67985058,genesis,verse,transition_bucket_shape,taam_events
P7-9_A8+_C1,P10-12_A8+_C1,10,0.09090909,0.11641596,0.78089888,genesis,verse,transition_bucket_shape,taam_events
P10-12_A8+_C1,P16-18_A8+_C2,10,0.05617978,0.05493787,1.02260567,genesis,verse,transition_bucket_shape,taam_events
P16-18_A8+_C3,P10-12_A8+_C2,10,0.1,0.08044474,1.24308943,genesis,verse,transition_bucket_shape,taam_events
P13-15_A8+_C2,P16-18_A8+_C3,10,0.06578947,0.06540222,1.00592105,genesis,verse,transition_bucket_shape,taam_events
P5-6_A6-7_C0,P10-12_A8+_C1,9,0.19565217,0.11641596,1.68063019,genesis,verse,transition_bucket_shape,taam_events
P13-15_A8+_C2,P7-9_A8+_C0,9,0.05921053,0.04578156,1.29332707,genesis,verse,transition_bucket_shape,taam_events
P10-12_A8+_C0,P7-9_A8+_C0,9,0.18,0.04578156,3.93171429,genesis,verse,transition_bucket_shape,taam_events
P19-24_A8+_C4+,P10-12_A8+_C1,9,0.0989011,0.11641596,0.84954933,genesis,verse,transition_bucket_shape,taam_events
P13-15_A8+_C2,P10-12_A8+_C0,9,0.05921053,0.03270111,1.81065789,genesis,verse,transition_bucket_shape,taam_events
P16-18_A8+_C2,P13-15_A8+_C2,9,0.10714286,0.09941138,1.07777256,genesis,verse,transition_bucket_shape,taam_events
P16-18_A8+_C3,P13-15_A8+_C2,9,0.09,0.09941138,0.90532895,genesis,verse,transition_bucket_shape,taam_events
P19-24_A8+_C4+,P19-24_A8+_C4+,9,0.0989011,0.05951602,1.66175583,genesis,verse,transition_bucket_shape,taam_events
P7-9_A8+_C1,P7-9_A8+_C1,9,0.08181818,0.07194245,1.13727273,genesis,verse,transition_bucket_shape,taam_events
P10-12_A8+_C2,P19-24_A8+_C4+,8,0.06557377,0.05951602,1.10178346,genesis,verse,transition_bucket_shape,taam_events
P7-9_A8+_C1,P16-18_A8+_C3,8,0.07272727,0.06540222,1.112,genesis,verse,transition_bucket_shape,taam_events
P5-6_A6-7_C0,P13-15_A8+_C2,8,0.17391304,0.09941138,1.74942792,genesis,verse,transition_bucket_shape,taam_events
P7-9_A8+_C1,P19-24_A8+_C4+,8,0.07272727,0.05951602,1.22197802,genesis,verse,transition_bucket_shape,taam_events
P7-9_A6-7_C0,P16-18_A8+_C3,8,0.21052632,0.06540222,3.21894737,genesis,verse,transition_bucket_shape,taam_events
P10-12_A8+_C1,P7-9_A8+_C0,8,0.04494382,0.04578156,0.98170144,genesis,verse,transition_bucket_shape,taam_events
P19-24_A8+_C4+,P16-18_A8+_C3,8,0.08791209,0.06540222,1.34417582,genesis,verse,transition_bucket_shape,taam_events
P10-12_A8+_C1,P10-12_A8+_C0,8,0.04494382,0.03270111,1.37438202,genesis,verse,transition_bucket_shape,taam_events
P13-15_A8+_C2,P13-15_A8+_C1,8,0.05263158,0.06540222,0.80473684,genesis,verse,transition_bucket_shape,taam_events
P16-18_A8+_C2,P10-12_A8+_C2,8,0.0952381,0.08044474,1.1838947,genesis,verse,transition_bucket_shape,taam_events
P13-15_A8+_C1,P19-24_A8+_C4+,8,0.08,0.05951602,1.34417582,genesis,verse,transition_bucket_shape,taam_events
P7-9_A8+_C0,P13-15_A8+_C3,7,0.09859155,0.04839765,2.03711458,genesis,verse,transition_bucket_shape,taam_events
P16-18_A8+_C3,P7-9_A8+_C0,7,0.07,0.04578156,1.529,genesis,verse,transition_bucket_shape,taam_events
P13-15_A8+_C3,P13-15_A8+_C1,7,0.09459459,0.06540222,1.44635135,genesis,verse,transition_bucket_shape,taam_events
P19-24_A8+_C4+,P7-9_A8+_C1,7,0.07692308,0.07194245,1.06923077,genesis,verse,transition_bucket_shape,taam_events
P19-24_A8+_C3,P10-12_A8+_C1,7,0.1147541,0.11641596,0.98572481,genesis,verse,transition_bucket_shape,taam_events
P13-15_A8+_C2,P19-24_A8+_C4+,7,0.04605263,0.05951602,0.77378543,genesis,verse,transition_bucket_shape,taam_events
P19-24_A8+_C2,P10-12_A8+_C1,7,0.15217391,0.11641596,1.30715681,genesis,verse,transition_bucket_shape,taam_events
P10-12_A8+_C2,P16-18_A8+_C3,6,0.04918033,0.06540222,0.75196721,genesis,verse,transition_bucket_shape,taam_events
P13-15_A8+_C3,P19-24_A8+_C4+,6,0.08108108,0.05951602,1.36234036,genesis,verse,transition_bucket_shape,taam_events
P16-18_A8+_C2,P19-24_A8+_C3,6,0.07142857,0.03989536,1.79039813,genesis,verse,transition_bucket_shape,taam_events
P19-24_A8+_C4+,P7-9_A8+_C0,6,0.06593407,0.04578156,1.44018838,genesis,verse,transition_bucket_shape,taam_events
P13-15_A8+_C3,P10-12_A8+_C1,6,0.08108108,0.11641596,0.69647738,genesis,verse,transition_bucket_shape,taam_events
P7-9_A8+_C0,P13-15_A8+_C2,6,0.08450704,0.09941138,0.85007413,genesis,verse,transition_bucket_shape,taam_events
P13-15_A8+_C3,P16-18_A8+_C2,6,0.08108108,0.05493787,1.47586873,genesis,verse,transition_bucket_shape,taam_events
P16-18_A8+_C2,P7-9_A8+_C0,6,0.07142857,0.04578156,1.56020408,genesis,verse,transition_bucket_shape,taam_events
P16-18_A8+_C3,P19-24_A8+_C4+,6,0.06,0.05951602,1.00813187,genesis,verse,transition_bucket_shape,taam_events
P7-9_A8+_C0,P19-24_A8+_C4+,6,0.08450704,0.05951602,1.41990404,genesis,verse,transition_bucket_shape,taam_events
P16-18_A8+_C4+,P10-12_A8+_C1,6,0.21428571,0.11641596,1.84069021,genesis,verse,transition_bucket_shape,taam_events
P7-9_A8+_C1,P13-15_A8+_C3,6,0.05454545,0.04839765,1.12702703,genesis,verse,transition_bucket_shape,taam_events
P19-24_A8+_C2,P13-15_A8+_C2,6,0.13043478,0.09941138,1.31207094,genesis,verse,transition_bucket_shape,taam_events
P16-18_A8+_C2,P13-15_A8+_C1,6,0.07142857,0.06540222,1.09214286,genesis,verse,transition_bucket_shape,taam_events
P10-12_A8+_C0,P13-15_A8+_C3,6,0.12,0.04839765,2.47945946,genesis,verse,transition_bucket_shape,taam_events
P13-15_A8+_C3,P7-9_A8+_C1,6,0.08108108,0.07194245,1.12702703,genesis,verse,transition_bucket_shape,taam_events
P7-9_A6-7_C0,P13-15_A8+_C2,6,0.15789474,0.09941138,1.5882964,genesis,verse,transition_bucket_shape,taam_events
P10-12_A8+_C1,P19-24_A8+_C2,6,0.03370787,0.03008502,1.12042013,genesis,verse,transition_bucket_shape,taam_events
P16-18_A8+_C2,P16-18_A8+_C3,6,0.07142857,0.06540222,1.09214286,genesis,verse,transition_bucket_shape,taam_events
P10-12_A8+_C0,P10-12_A8+_C1,6,0.12,0.11641596,1.03078652,genesis,verse,transition_bucket_shape,taam_events
P13-15_A8+_C1,P10-12_A8+_C2,6,0.06,0.08044474,0.74585366,genesis,verse,transition_bucket_shape,taam_events
P19-24_A8+_C2,P13-15_A8+_C1,6,0.13043478,0.06540222,1.99434783,genesis,verse,transition_bucket_shape,taam_events
P10-12_A8+_C2,P13-15_A8+_C3,6,0.04918033,0.04839765,1.01617191,genesis,verse,transition_bucket_shape,taam_events
P16-18_A8+_C2,P19-24_A8+_C2,6,0.07142857,0.03008502,2.3742236,genesis,verse,transition_bucket_shape,taam_events
P13-15_A8+_C2,P19-24_A8+_C2,5,0.03289474,0.03008502,1.09339245,genesis,verse,transition_bucket_shape,taam_events
P19-24_A8+_C3,P13-15_A8+_C1,5,0.08196721,0.06540222,1.25327869,genesis,verse,transition_bucket_shape,taam_events
P10-12_A8+_C1,P19-24_A8+_C4+,5,0.02808989,0.05951602,0.47197185,genesis,verse,transition_bucket_shape,taam_events
P19-24_A8+_C3,P10-12_A8+_C2,5,0.08196721,0.08044474,1.01892576,genesis,verse,transition_bucket_shape,taam_events
P7-9_A8+_C0,P10-12_A8+_C1,5,0.07042254,0.11641596,0.60492166,genesis,verse,transition_bucket_shape,taam_events
P19-24_A8+_C2,P13-15_A8+_C3,5,0.10869565,0.04839765,2.24588719,genesis,verse,transition_bucket_shape,taam_events
P13-15_A8+_C2,P13-15_A8+_C3,5,0.03289474,0.04839765,0.67967639,genesis,verse,transition_bucket_shape,taam_events
P7-9_A6-7_C0,P10-12_A8+_C1,5,0.13157895,0.11641596,1.13024837,genesis,verse,transition_bucket_shape,taam_events
P10-12_A8+_C2,P16-18_A8+_C4+,5,0.04098361,0.01831262,2.23799766,genesis,verse,transition_bucket_shape,taam_events
P10-12_A8+_C2,P13-15_A8+_C1,5,0.04098361,0.06540222,0.62663934,genesis,verse,transition_bucket_shape,taam_events
P16-18_A8+_C3,P7-9_A8+_C1,5,0.05,0.07194245,0.695,genesis,verse,transition_bucket_shape,taam_events
P16-18_A8+_C3,P16-18_A8+_C2,5,0.05,0.05493787,0.91011905,genesis,verse,transition_bucket_shape,taam_events
P13-15_A8+_C2,P16-18_A8+_C4+,5,0.03289474,0.01831262,1.79628759,genesis,verse,transition_bucket_shape,taam_events
P10-12_A8+_C2,P16-18_A8+_C2,5,0.04098361,0.05493787,0.74599922,genesis,verse,transition_bucket_shape,taam_events
P16-18_A8+_C2,P7-9_A6-7_C0,5,0.05952381,0.02485284,2.39505013,genesis,verse,transition_bucket_shape,taam_events
P16-18_A8+_C3,P13-15_A8+_C1,5,0.05,0.06540222,0.7645,genesis,verse,transition_bucket_shape,taam_events
P13-15_A8+_C1,P10-12_A8+_C0,5,0.05,0.03270111,1.529,genesis,verse,transition_bucket_shape,taam_events
P19-24_A8+_C4+,P13-15_A8+_C1,5,0.05494505,0.06540222,0.84010989,genesis,verse,transition_bucket_shape,taam_events
P16-18_A8+_C2,P7-9_A8+_C1,5,0.05952381,0.07194245,0.82738095,genesis,verse,transition_bucket_shape,taam_events
P19-24_A8+_C4+,P16-18_A8+_C2,5,0.05494505,0.05493787,1.00013082,genesis,verse,transition_bucket_shape,taam_events
P19-24_A8+_C3,P16-18_A8+_C2,5,0.08196721,0.05493787,1.49199844,genesis,verse,transition_bucket_shape,taam_events
P16-18_A8+_C3,P10-12_A8+_C0,4,0.04,0.03270111,1.2232,genesis,verse,transition_bucket_shape,taam_events
P10-12_A8+_C2,P5-6_A6-7_C0,4,0.03278689,0.03008502,1.08980756,genesis,verse,transition_bucket_shape,taam_events
P13-15_A8+_C2,P5-6_A6-7_C0,4,0.02631579,0.03008502,0.87471396,genesis,verse,transition_bucket_shape,taam_events
P7-9_A8+_C0,P16-18_A8+_C2,4,0.05633803,0.05493787,1.02548625,genesis,verse,transition_bucket_shape,taam_events
P13-15_A8+_C1,P13-15_A8+_C3,4,0.04,0.04839765,0.82648649,genesis,verse,transition_bucket_shape,taam_events
P7-9_A8+_C0,P16-18_A8+_C3,4,0.05633803,0.06540222,0.86140845,genesis,verse,transition_bucket_shape,taam_events
P7-9_A8+_C0,P13-15_A8+_C1,4,0.05633803,0.06540222,0.86140845,genesis,verse,transition_bucket_shape,taam_events
P7-9_A8+_C0,P16-18_A8+_C1,4,0.05633803,0.01635056,3.4456338,genesis,verse,transition_bucket_shape,taam_events
P19-24_A8+_C4+,P5-6_A6-7_C0,4,0.04395604,0.03008502,1.46106068,genesis,verse,transition_bucket_shape,taam_events
P5-6_A6-7_C0,P10-12_A8+_C2,4,0.08695652,0.08044474,1.08094733,genesis,verse,transition_bucket_shape,taam_events
P10-12_A8+_C1,P25+_A8+_C4+,4,0.02247191,0.01569653,1.43164794,genesis,verse,transition_bucket_shape,taam_events
P19-24_A8+_C3,P7-9_A8+_C1,4,0.06557377,0.07194245,0.91147541,genesis,verse,transition_bucket_shape,taam_events
P16-18_A8+_C2,P16-18_A8+_C1,4,0.04761905,0.01635056,2.91238095,genesis,verse,transition_bucket_shape,taam_events
P16-18_A8+_C2,P13-15_A8+_C3,4,0.04761905,0.04839765,0.98391248,genesis,verse,transition_bucket_shape,taam_events
P7-9_A6-7_C0,P10-12_A8+_C2,4,0.10526316,0.08044474,1.30851519,genesis,verse,transition_bucket_shape,taam_events
P5-6_A6-7_C0,P5-6_A6-7_C0,4,0.08695652,0.03008502,2.89035917,genesis,verse,transition_bucket_shape,taam_events
P7-9_A8+_C1,P13-15_A8+_C1,4,0.03636364,0.06540222,0.556,genesis,verse,transition_bucket_shape,taam_events
P7-9_A8+_C0,P16-18_A8+_C4+,4,0.05633803,0.01831262,3.07645875,genesis,verse,transition_bucket_shape,taam_events
P25+_A8+_C4+,P10-12_A8+_C1,4,0.16666667,0.11641596,1.43164794,genesis,verse,transition_bucket_shape,taam_events
P10-12_A8+_C0,P16-18_A8+_C3,4,0.08,0.06540222,1.2232,genesis,verse,transition_bucket_shape,taam_events
P13-15_A8+_C2,P19-24_A8+_C3,4,0.02631579,0.03989536,0.65962036,genesis,verse,transition_bucket_shape,taam_events
P13-15_A8+_C1,P16-18_A8+_C2,4,0.04,0.05493787,0.72809524,genesis,verse,transition_bucket_shape,taam_events
P16-18_A8+_C4+,P19-24_A8+_C4+,4,0.14285714,0.05951602,2.40031397,genesis,verse,transition_bucket_shape,taam_events
P13-15_A8+_C3,P10-12_A8+_C0,4,0.05405405,0.03270111,1.65297297,genesis,verse,transition_bucket_shape,taam_events
P7-9_A8+_C2,P13-15_A8+_C1,4,0.23529412,0.06540222,3.59764706,genesis,verse,transition_bucket_shape,taam_events
P7-9_A8+_C1,P25+_A8+_C4+,4,0.03636364,0.01569653,2.31666667,genesis,verse,transition_bucket_shape,taam_events
P16-18_A8+_C3,P19-24_A8+_C3,4,0.04,0.03989536,1.00262295,genesis,verse,transition_bucket_shape,taam_events
P19-24_A8+_C4+,P7-9_A6-7_C0,4,0.04395604,0.02485284,1.7686524,genesis,verse,transition_bucket_shape,taam_events
P19-24_A8+_C3,P19-24_A8+_C4+,4,0.06557377,0.05951602,1.10178346,genesis,verse,transition_bucket_shape,taam_events
P10-12_A8+_C0,P7-9_A8+_C1,4,0.08,0.07194245,1.112,genesis,verse,transition_bucket_shape,taam_events
P19-24_A8+_C4+,P19-24_A8+_C3,4,0.04395604,0.03989536,1.10178346,genesis,verse,transition_bucket_shape,taam_events
P16-18_A8+_C3,P5-6_A6-7_C1,4,0.04,0.0117724,3.39777778,genesis,verse,transition_bucket_shape,taam_events
P19-24_A8+_C1,P16-18_A8+_C3,4,0.44444444,0.06540222,6.79555556,genesis,verse,transition_bucket_shape,taam_events
P16-18_A8+_C1,P5-6_A6-7_C0,3,0.12,0.03008502,3.98869565,genesis,verse,transition_bucket_shape,taam_events
P7-9_A8+_C0,P10-12_A8+_C2,3,0.04225352,0.08044474,0.52524906,genesis,verse,transition_bucket_shape,taam_events
P19-24_A8+_C3,P13-15_A8+_C2,3,0.04918033,0.09941138,0.49471527,genesis,verse,transition_bucket_shape,taam_events
P16-18_A8+_C2,P10-12_A8+_C1,3,0.03571429,0.11641596,0.3067817,genesis,verse,transition_bucket_shape,taam_events
P10-12_A8+_C2,P7-9_A8+_C0,3,0.02459016,0.04578156,0.53711944,genesis,verse,transition_bucket_shape,taam_events
P13-15_A8+_C3,P13-15_A8+_C3,3,0.04054054,0.04839765,0.83765522,genesis,verse,transition_bucket_shape,taam_events
P19-24_A8+_C3,P13-15_A8+_C4+,3,0.04918033,0.00981033,5.01311475,genesis,verse,transition_bucket_shape,taam_events
P13-15_A8+_C3,P7-9_A8+_C0,3,0.04054054,0.04578156,0.88552124,genesis,verse,transition_bucket_shape,taam_events
P13-15_A8+_C1,P7-9_A6-7_C0,3,0.03,0.02485284,1.20710526,genesis,verse,transition_bucket_shape,taam_events
P7-9_A6-7_C0,P19-24_A8+_C4+,3,0.07894737,0.05951602,1.3264893,genesis,verse,transition_bucket_shape,taam_events
P10-12_A8+_C3,P10-12_A8+_C2,3,0.25,0.08044474,3.10772358,genesis,verse,transition_bucket_shape,taam_events
P25+_A8+_C4+,P7-9_A6-7_C0,3,0.125,0.02485284,5.02960526,genesis,verse,transition_bucket_shape,taam_events
P7-9_A6-7_C0,P19-24_A8+_C3,3,0.07894737,0.03989536,1.97886109,genesis,verse,transition_bucket_shape,taam_events
P7-9_A8+_C1,P19-24_A8+_C2,3,0.02727273,0.03008502,0.90652174,genesis,verse,transition_bucket_shape,taam_events
P19-24_A8+_C2,P7-9_A8+_C0,3,0.06521739,0.04578156,1.42453416,genesis,verse,transition_bucket_shape,taam_events
P13-15_A8+_C2,P5-6_A6-7_C1,3,0.01973684,0.0117724,1.67653509,genesis,verse,transition_bucket_shape,taam_events
P10-12_A8+_C2,P7-9_A6-7_C0,3,0.02459016,0.02485284,0.98943054,genesis,verse,transition_bucket_shape,taam_events
P7-9_A8+_C1,P19-24_A8+_C3,3,0.02727273,0.03989536,0.68360656,genesis,verse,transition_bucket_shape,taam_events
P7-9_A8+_C0,P5-6_A6-7_C0,3,0.04225352,0.03008502,1.4044703,genesis,verse,transition_bucket_shape,taam_events
P7-9_A8+_C0,P7-9_A8+_C0,3,0.04225352,0.04578156,0.92293763,genesis,verse,transition_bucket_shape,taam_events
P13-15_A8+_C3,P7-9_A6-7_C0,3,0.04054054,0.02485284,1.63122333,genesis,verse,transition_bucket_shape,taam_events
P13-15_A8+_C2,P7-9_A6-7_C0,3,0.01973684,0.02485284,0.7941482,genesis,verse,transition_bucket_shape,taam_events
P7-9_A6-7_C0,P13-15_A8+_C1,3,0.07894737,0.06540222,1.20710526,genesis,verse,transition_bucket_shape,taam_events
P19-24_A8+_C3,P13-15_A8+_C3,3,0.04918033,0.04839765,1.01617191,genesis,verse,transition_bucket_shape,taam_events
P19-24_A8+_C3,P7-9_A8+_C0,3,0.04918033,0.04578156,1.07423888,genesis,verse,transition_bucket_shape,taam_events
P13-15_A8+_C2,P7-9_A8+_C2,3,0.01973684,0.01111838,1.7751548,genesis,verse,transition_bucket_shape,taam_events
P7-9_A8+_C0,P19-24_A8+_C3,3,0.04225352,0.03989536,1.05910875,genesis,verse,transition_bucket_shape,taam_events
P10-12_A8+_C2,P25+_A8+_C4+,3,0.02459016,0.01569653,1.56659836,genesis,verse,transition_bucket_shape,taam_events
P7-9_A8+_C1,P16-18_A8+_C1,3,0.02727273,0.01635056,1.668,genesis,verse,transition_bucket_shape,taam_events
P10-12_A8+_C1,P5-6_A6-7_C0,3,0.01685393,0.03008502,0.56021006,genesis,verse,transition_bucket_shape,taam_events
P10-12_A8+_C1,P7-9_A6-7_C0,3,0.01685393,0.02485284,0.67814902,genesis,verse,transition_bucket_shape,taam_events
P5-6_A6-7_C0,P13-15_A8+_C1,3,0.06521739,0.06540222,0.99717391,genesis,verse,transition_bucket_shape,taam_events
P10-12_A8+_C0,P19-24_A8+_C3,3,0.06,0.03989536,1.50393443,genesis,verse,transition_bucket_shape,taam_events
P7-9_A8+_C1,P10-12_A8+_C0,3,0.02727273,0.03270111,0.834,genesis,verse,transition_bucket_shape,taam_events
P16-18_A8+_C2,P5-6_A6-7_C0,3,0.03571429,0.03008502,1.1871118,genesis,verse,transition_bucket_shape,taam_events
P7-9_A8+_C2,P10-12_A8+_C2,3,0.17647059,0.08044474,2.19368723,genesis,verse,transition_bucket_shape,taam_events
P16-18_A8+_C1,P10-12_A8+_C2,3,0.12,0.08044474,1.49170732,genesis,verse,transition_bucket_shape,taam_events
P19-24_A8+_C4+,P10-12_A8+_C0,3,0.03296703,0.03270111,1.00813187,genesis,verse,transition_bucket_shape,taam_events
P19-24_A8+_C4+,P10-12_A8+_C2,3,0.03296703,0.08044474,0.4098097,genesis,verse,transition_bucket_shape,taam_events
P16-18_A8+_C3,P19-24_A8+_C2,3,0.03,0.03008502,0.99717391,genesis,verse,transition_bucket_shape,taam_events
P19-24_A8+_C2,P19-24_A8+_C2,3,0.06521739,0.03008502,2.16776938,genesis,verse,transition_bucket_shape,taam_events
P19-24_A8+_C2,P16-18_A8+_C2,3,0.06521739,0.05493787,1.1871118,genesis,verse,transition_bucket_shape,taam_events
P13-15_A8+_C1,P7-9_A8+_C0,3,0.03,0.04578156,0.65528571,genesis,verse,transition_bucket_shape,taam_events
P5-6_A6-7_C0,P16-18_A8+_C3,3,0.06521739,0.06540222,0.99717391,genesis,verse,transition_bucket_shape,taam_events
P10-12_A8+_C2,P13-15_A8+_C0,3,0.02459016,0.00719424,3.41803279,genesis,verse,transition_bucket_shape,taam_events
P16-18_A8+_C2,P16-18_A8+_C2,3,0.03571429,0.05493787,0.65008503,genesis,verse,transition_bucket_shape,taam_events
P<=4_A3_C0,P<=4_A3_C0,330,0.27431421,0.26685892,1.02793722,exodus,minor,transition_bucket_shape,taam_events
P<=4_A2_C0,P<=4_A3_C0,247,0.33975241,0.26685892,1.27315366,exodus,minor,transition_bucket_shape,taam_events
P<=4_A3_C0,P<=4_A4_C0,236,0.19617623,0.19764862,0.99255042,exodus,minor,transition_bucket_shape,taam_events
P<=4_A3_C0,P<=4_A2_C0,206,0.17123857,0.16126886,1.06182046,exodus,minor,transition_bucket_shape,taam_events
P<=4_A4_C0,P<=4_A3_C0,206,0.2312009,0.26685892,0.86637876,exodus,minor,transition_bucket_shape,taam_events
P<=4_A4_C0,P<=4_A4_C0,173,0.19416386,0.19764862,0.98236889,exodus,minor,transition_bucket_shape,taam_events
P<=4_A2_C0,P<=4_A4_C0,169,0.23246217,0.19764862,1.17613858,exodus,minor,transition_bucket_shape,taam_events
P<=4_A4_C0,P<=4_A2_C0,152,0.17059484,0.16126886,1.05782878,exodus,minor,transition_bucket_shape,taam_events
P5-6_A5_C0,P<=4_A3_C0,90,0.27272727,0.26685892,1.02199048,exodus,minor,transition_bucket_shape,taam_events
P<=4_A2_C0,P<=4_A2_C0,85,0.11691884,0.16126886,0.72499333,exodus,minor,transition_bucket_shape,taam_events
P<=4_A3_C0,P5-6_A5_C0,85,0.07065669,0.07342502,0.96229718,exodus,minor,transition_bucket_shape,taam_events
P<=4_A0-1_C0,P<=4_A3_C0,83,0.32046332,0.26685892,1.20087169,exodus,minor,transition_bucket_shape,taam_events
P<=4_A3_C0,P<=4_A0-1_C0,78,0.06483791,0.05723159,1.13290417,exodus,minor,transition_bucket_shape,taam_events
P<=4_A3_C0,P5-6_A6-7_C0,67,0.0556941,0.05479148,1.01647366,exodus,minor,transition_bucket_shape,taam_events
P<=4_A3_C0,P<=4_A5_C0,66,0.05486284,0.04591837,1.1947908,exodus,minor,transition_bucket_shape,taam_events
P<=4_A4_C0,P5-6_A5_C0,66,0.07407407,0.07342502,1.00883966,exodus,minor,transition_bucket_shape,taam_events
P<=4_A4_C0,P<=4_A0-1_C0,60,0.06734007,0.05723159,1.17662412,exodus,minor,transition_bucket_shape,taam_events
P5-6_A4_C0,P<=4_A4_C0,60,0.24489796,0.19764862,1.23905724,exodus,minor,transition_bucket_shape,taam_events
P5-6_A4_C0,P<=4_A3_C0,59,0.24081633,0.26685892,0.90241064,exodus,minor,transition_bucket_shape,taam_events
P5-6_A6-7_C0,P<=4_A3_C0,58,0.23481781,0.26685892,0.87993242,exodus,minor,transition_bucket_shape,taam_events
P<=4_A4_C0,P5-6_A4_C0,57,0.06397306,0.05434783,1.17710438,exodus,minor,transition_bucket_shape,taam_events
P5-6_A5_C0,P<=4_A2_C0,54,0.16363636,0.16126886,1.01468051,exodus,minor,transition_bucket_shape,taam_events
P5-6_A5_C0,P<=4_A4_C0,53,0.16060606,0.19764862,0.81258375,exodus,minor,transition_bucket_shape,taam_events
P<=4_A0-1_C0,P<=4_A4_C0,51,0.1969112,0.19764862,0.996269,exodus,minor,transition_bucket_shape,taam_events
P<=4_A3_C0,P5-6_A4_C0,51,0.04239401,0.05434783,0.78004988,exodus,minor,transition_bucket_shape,taam_events
P<=4_A5_C0,P<=4_A3_C0,47,0.22705314,0.26685892,0.85083587,exodus,minor,transition_bucket_shape,taam_events
P<=4_A4_C0,P7-9_A6-7_C0,46,0.05162738,0.0350488,1.47301425,exodus,minor,transition_bucket_shape,taam_events
P<=4_A2_C0,P5-6_A5_C0,45,0.06189821,0.07342502,0.8430125,exodus,minor,transition_bucket_shape,taam_events
P5-6_A4_C0,P<=4_A2_C0,45,0.18367347,0.16126886,1.1389271,exodus,minor,transition_bucket_shape,taam_events
P<=4_A0-1_C0,P<=4_A2_C0,43,0.16602317,0.16126886,1.02948065,exodus,minor,transition_bucket_shape,taam_events
P5-6_A6-7_C0,P<=4_A2_C0,43,0.17408907,0.16126886,1.0794959,exodus,minor,transition_bucket_shape,taam_events
P<=4_A4_C0,P5-6_A6-7_C0,41,0.04601571,0.05479148,0.83983333,exodus,minor,transition_bucket_shape,taam_events
P<=4_A4_C0,P<=4_A5_C0,40,0.04489338,0.04591837,0.97767801,exodus,minor,transition_bucket_shape,taam_events
P<=4_A2_C0,P5-6_A6-7_C0,39,0.05364512,0.05479148,0.97907768,exodus,minor,transition_bucket_shape,taam_events
P5-6_A6-7_C0,P<=4_A4_C0,37,0.14979757,0.19764862,0.75789837,exodus,minor,transition_bucket_shape,taam_events
P<=4_A5_C0,P<=4_A4_C0,36,0.17391304,0.19764862,0.87991021,exodus,minor,transition_bucket_shape,taam_events
P7-9_A6-7_C0,P<=4_A3_C0,36,0.2278481,0.26685892,0.85381483,exodus,minor,transition_bucket_shape,taam_events
P<=4_A5_C0,P<=4_A2_C0,33,0.15942029,0.16126886,0.98853737,exodus,minor,transition_bucket_shape,taam_events
P<=4_A2_C0,P<=4_A5_C0,33,0.04539202,0.04591837,0.98853737,exodus,minor,transition_bucket_shape,taam_events
P7-9_A6-7_C0,P<=4_A4_C0,32,0.20253165,0.19764862,1.02470556,exodus,minor,transition_bucket_shape,taam_events
P<=4_A2_C0,P<=4_A0-1_C0,31,0.04264099,0.05723159,0.74506041,exodus,minor,transition_bucket_shape,taam_events
P5-6_A6-7_C0,P5-6_A5_C0,30,0.12145749,0.07342502,1.65417029,exodus,minor,transition_bucket_shape,taam_events
P<=4_A2_C0,P5-6_A4_C0,27,0.03713893,0.05434783,0.68335626,exodus,minor,transition_bucket_shape,taam_events
P5-6_A5_C0,P5-6_A4_C0,27,0.08181818,0.05434783,1.50545455,exodus,minor,transition_bucket_shape,taam_events
P<=4_A3_C0,P7-9_A6-7_C0,26,0.02161264,0.0350488,0.61664404,exodus,minor,transition_bucket_shape,taam_events
P5-6_A5_C0,P5-6_A5_C0,24,0.07272727,0.07342502,0.99049712,exodus,minor,transition_bucket_shape,taam_events
P5-6_A5_C0,P5-6_A6-7_C0,24,0.07272727,0.05479148,1.32734634,exodus,minor,transition_bucket_shape,taam_events
P7-9_A6-7_C0,P<=4_A2_C0,23,0.14556962,0.16126886,0.90265179,exodus,minor,transition_bucket_shape,taam_events
P<=4_A2_C0,P7-9_A6-7_C0,22,0.03026135,0.0350488,0.86340606,exodus,minor,transition_bucket_shape,taam_events
P5-6_A4_C0,P5-6_A5_C0,21,0.08571429,0.07342502,1.1673716,exodus,minor,transition_bucket_shape,taam_events
P<=4_A5_C0,P<=4_A0-1_C0,18,0.08695652,0.05723159,1.51937984,exodus,minor,transition_bucket_shape,taam_events
P<=4_A3_C0,P7-9_A8+_C0,18,0.01496259,0.01486247,1.00673689,exodus,minor,transition_bucket_shape,taam_events
P<=4_A0-1_C0,P<=4_A5_C0,17,0.06563707,0.04591837,1.42942943,exodus,minor,transition_bucket_shape,taam_events
P<=4_A5_C0,P5-6_A4_C0,17,0.0821256,0.05434783,1.51111111,exodus,minor,transition_bucket_shape,taam_events
P5-6_A6-7_C0,P<=4_A0-1_C0,17,0.06882591,0.05723159,1.20258607,exodus,minor,transition_bucket_shape,taam_events
P<=4_A0-1_C0,P5-6_A6-7_C0,16,0.06177606,0.05479148,1.12747565,exodus,minor,transition_bucket_shape,taam_events
P5-6_A5_C0,P7-9_A6-7_C0,16,0.04848485,0.0350488,1.38335251,exodus,minor,transition_bucket_shape,taam_events
P<=4_A5_C0,P5-6_A5_C0,16,0.07729469,0.07342502,1.05270225,exodus,minor,transition_bucket_shape,taam_events
P5-6_A4_C0,P5-6_A6-7_C0,16,0.06530612,0.05479148,1.19190283,exodus,minor,transition_bucket_shape,taam_events
P7-9_A6-7_C0,P5-6_A4_C0,15,0.09493671,0.05434783,1.74683544,exodus,minor,transition_bucket_shape,taam_events
P7-9_A8+_C0,P<=4_A3_C0,14,0.20895522,0.26685892,0.78301758,exodus,minor,transition_bucket_shape,taam_events
P7-9_A8+_C0,P<=4_A4_C0,14,0.20895522,0.19764862,1.05720555,exodus,minor,transition_bucket_shape,taam_events
P7-9_A6-7_C0,P<=4_A0-1_C0,13,0.08227848,0.05723159,1.43764106,exodus,minor,transition_bucket_shape,taam_events
P5-6_A4_C0,P<=4_A0-1_C0,13,0.05306122,0.05723159,0.92713178,exodus,minor,transition_bucket_shape,taam_events
P5-6_A6-7_C0,P7-9_A6-7_C0,13,0.05263158,0.0350488,1.50166556,exodus,minor,transition_bucket_shape,taam_events
P5-6_A6-7_C0,P5-6_A4_C0,12,0.048583,0.05434783,0.89392713,exodus,minor,transition_bucket_shape,taam_events
P<=4_A0-1_C0,P5-6_A5_C0,12,0.04633205,0.07342502,0.63101168,exodus,minor,transition_bucket_shape,taam_events
P7-9_A8+_C0,P<=4_A2_C0,12,0.17910448,0.16126886,1.11059558,exodus,minor,transition_bucket_shape,taam_events
P5-6_A6-7_C0,P5-6_A6-7_C0,12,0.048583,0.05479148,0.88668885,exodus,minor,transition_bucket_shape,taam_events
P<=4_A0-1_C0,P5-6_A4_C0,12,0.04633205,0.05434783,0.85250965,exodus,minor,transition_bucket_shape,taam_events
P5-6_A5_C0,P<=4_A5_C0,12,0.03636364,0.04591837,0.79191919,exodus,minor,transition_bucket_shape,taam_events
P7-9_A6-7_C0,P5-6_A5_C0,12,0.07594937,0.07342502,1.0343799,exodus,minor,transition_bucket_shape,taam_events
P<=4_A4_C0,P5-6_A3_C0,11,0.01234568,0.00998225,1.23676269,exodus,minor,transition_bucket_shape,taam_events
P<=4_A3_C0,P5-6_A3_C0,11,0.00914381,0.00998225,0.91600628,exodus,minor,transition_bucket_shape,taam_events
P5-6_A5_C0,P<=4_A0-1_C0,11,0.03333333,0.05723159,0.58242894,exodus,minor,transition_bucket_shape,taam_events
P<=4_A4_C0,P7-9_A8+_C0,10,0.01122334,0.01486247,0.75514682,exodus,minor,transition_bucket_shape,taam_events
P<=4_A4_C0,P10-12_A8+_C0,10,0.01122334,0.00709849,1.58108866,exodus,minor,transition_bucket_shape,taam_events
P10-12_A8+_C0,P<=4_A3_C0,10,0.3125,0.26685892,1.17103076,exodus,minor,transition_bucket_shape,taam_events
P<=4_A5_C0,P5-6_A6-7_C0,10,0.04830918,0.05479148,0.88169141,exodus,minor,transition_bucket_shape,taam_events
P<=4_A2_C0,P7-9_A8+_C0,10,0.01375516,0.01486247,0.92549631,exodus,minor,transition_bucket_shape,taam_events
P5-6_A4_C0,P<=4_A5_C0,9,0.03673469,0.04591837,0.8,exodus,minor,transition_bucket_shape,taam_events
P<=4_A0-1_C0,P7-9_A6-7_C0,9,0.03474903,0.0350488,0.99144714,exodus,minor,transition_bucket_shape,taam_events
P7-9_A8+_C0,P5-6_A5_C0,9,0.13432836,0.07342502,1.82946296,exodus,minor,transition_bucket_shape,taam_events
P5-6_A6-7_C0,P<=4_A5_C0,9,0.03643725,0.04591837,0.79352227,exodus,minor,transition_bucket_shape,taam_events
P5-6_A3_C0,P<=4_A3_C0,9,0.2,0.26685892,0.74945968,exodus,minor,transition_bucket_shape,taam_events
P5-6_A4_C0,P5-6_A4_C0,8,0.03265306,0.05434783,0.60081633,exodus,minor,transition_bucket_shape,taam_events
P5-6_A4_C0,P7-9_A6-7_C0,8,0.03265306,0.0350488,0.93164557,exodus,minor,transition_bucket_shape,taam_events
P<=4_A3_C0,P10-12_A8+_C0,8,0.00665004,0.00709849,0.93682461,exodus,minor,transition_bucket_shape,taam_events
P<=4_A5_C0,P<=4_A5_C0,8,0.03864734,0.04591837,0.84165325,exodus,minor,transition_bucket_shape,taam_events
P5-6_A3_C0,P<=4_A4_C0,8,0.17777778,0.19764862,0.89946377,exodus,minor,transition_bucket_shape,taam_events
P<=4_A3_C0,P<=4_A6-7_C0,7,0.00581879,0.00754215,0.77150262,exodus,minor,transition_bucket_shape,taam_events
P<=4_A5_C0,P7-9_A6-7_C0,7,0.03381643,0.0350488,0.96483826,exodus,minor,transition_bucket_shape,taam_events
P10-12_A8+_C0,P<=4_A2_C0,7,0.21875,0.16126886,1.35643054,exodus,minor,transition_bucket_shape,taam_events
P<=4_A3_C0,P7-9_A5_C0,7,0.00581879,0.0055457,1.04924356,exodus,minor,transition_bucket_shape,taam_events
P5-6_A3_C0,P<=4_A2_C0,7,0.15555556,0.16126886,0.96457283,exodus,minor,transition_bucket_shape,taam_events
P<=4_A2_C0,P<=4_A6-7_C0,7,0.00962861,0.00754215,1.2766405,exodus,minor,transition_bucket_shape,taam_events
P<=4_A6-7_C0,P<=4_A4_C0,7,0.20588235,0.19764862,1.04165841,exodus,minor,transition_bucket_shape,taam_events
P<=4_A6-7_C0,P<=4_A2_C0,6,0.17647059,0.16126886,1.09426329,exodus,minor,transition_bucket_shape,taam_events
P<=4_A4_C0,P<=4_A6-7_C0,6,0.00673401,0.00754215,0.89285007,exodus,minor,transition_bucket_shape,taam_events
P7-9_A6-7_C0,P5-6_A6-7_C0,6,0.03797468,0.05479148,0.69307641,exodus,minor,transition_bucket_shape,taam_events
P7-9_A6-7_C0,P7-9_A8+_C0,6,0.03797468,0.01486247,2.55507274,exodus,minor,transition_bucket_shape,taam_events
P5-6_A5_C0,P7-9_A8+_C0,6,0.01818182,0.01486247,1.22333786,exodus,minor,transition_bucket_shape,taam_events
P5-6_A3_C0,P5-6_A5_C0,6,0.13333333,0.07342502,1.81591138,exodus,minor,transition_bucket_shape,taam_events
P<=4_A5_C0,P10-12_A8+_C0,6,0.02898551,0.00709849,4.08333333,exodus,minor,transition_bucket_shape,taam_events
P5-6_A6-7_C0,P7-9_A8+_C0,6,0.0242915,0.01486247,1.634419,exodus,minor,transition_bucket_shape,taam_events
P7-9_A8+_C0,P5-6_A4_C0,5,0.07462687,0.05434783,1.37313433,exodus,minor,transition_bucket_shape,taam_events
P10-12_A8+_C0,P<=4_A4_C0,5,0.15625,0.19764862,0.79054433,exodus,minor,transition_bucket_shape,taam_events
P5-6_A3_C0,P5-6_A6-7_C0,5,0.11111111,0.05479148,2.02789024,exodus,minor,transition_bucket_shape,taam_events
P<=4_A2_C0,P5-6_A3_C0,5,0.00687758,0.00998225,0.68898059,exodus,minor,transition_bucket_shape,taam_events
P<=4_A6-7_C0,P<=4_A3_C0,5,0.14705882,0.26685892,0.5510733,exodus,minor,transition_bucket_shape,taam_events
P5-6_A6-7_C0,P5-6_A3_C0,5,0.02024291,0.00998225,2.02789024,exodus,minor,transition_bucket_shape,taam_events
P<=4_A0-1_C0,P7-9_A8+_C0,4,0.01544402,0.01486247,1.03912868,exodus,minor,transition_bucket_shape,taam_events
P<=4_A5_C0,P7-9_A8+_C0,4,0.01932367,0.01486247,1.30016584,exodus,minor,transition_bucket_shape,taam_events
P7-9_A8+_C0,P<=4_A0-1_C0,4,0.05970149,0.05723159,1.04315631,exodus,minor,transition_bucket_shape,taam_events
P7-9_A6-7_C0,P<=4_A5_C0,4,0.02531646,0.04591837,0.55133615,exodus,minor,transition_bucket_shape,taam_events
P5-6_A3_C0,P5-6_A4_C0,4,0.08888889,0.05434783,1.63555556,exodus,minor,transition_bucket_shape,taam_events
P<=4_A0-1_C0,P7-9_A5_C0,4,0.01544402,0.0055457,2.78486486,exodus,minor,transition_bucket_shape,taam_events
P<=4_A4_C0,P7-9_A4_C0,4,0.00448934,0.0015528,2.89113356,exodus,minor,transition_bucket_shape,taam_events
P7-9_A5_C0,P<=4_A4_C0,4,0.16,0.19764862,0.8095174,exodus,minor,transition_bucket_shape,taam_events
P<=4_A6-7_C0,P5-6_A5_C0,4,0.11764706,0.07342502,1.60227475,exodus,minor,transition_bucket_shape,taam_events
P7-9_A5_C0,P<=4_A0-1_C0,4,0.16,0.05723159,2.79565891,exodus,minor,transition_bucket_shape,taam_events
P<=4_A6-7_C0,P<=4_A0-1_C0,3,0.08823529,0.05723159,1.54172367,exodus,minor,transition_bucket_shape,taam_events
P5-6_A5_C0,P<=4_A6-7_C0,3,0.00909091,0.00754215,1.20534759,exodus,minor,transition_bucket_shape,taam_events
P5-6_A3_C0,P<=4_A5_C0,3,0.06666667,0.04591837,1.45185185,exodus,minor,transition_bucket_shape,taam_events
P7-9_A6-7_C0,P7-9_A6-7_C0,3,0.01898734,0.0350488,0.54174011,exodus,minor,transition_bucket_shape,taam_events
P<=4_A2_C0,P7-9_A5_C0,3,0.00412655,0.0055457,0.74409904,exodus,minor,transition_bucket_shape,taam_events
P7-9_A5_C0,P<=4_A2_C0,3,0.12,0.16126886,0.74409904,exodus,minor,transition_bucket_shape,taam_events
P7-9_A5_C0,P5-6_A6-7_C0,3,0.12,0.05479148,2.19012146,exodus,minor,transition_bucket_shape,taam_events
P<=4_A4_C0,P7-9_A5_C0,3,0.003367,0.0055457,0.60713805,exodus,minor,transition_bucket_shape,taam_events
P7-9_A5_C0,P5-6_A4_C0,3,0.12,0.05434783,2.208,exodus,minor,transition_bucket_shape,taam_events
P5-6_A4_C0,P5-6_A3_C0,3,0.0122449,0.00998225,1.22666667,exodus,minor,transition_bucket_shape,taam_events
P10-12_A8+_C0,P5-6_A6-7_C0,3,0.09375,0.05479148,1.71103239,exodus,minor,transition_bucket_shape,taam_events
P7-9_A8+_C0,P<=4_A5_C0,3,0.04477612,0.04591837,0.97512438,exodus,minor,transition_bucket_shape,taam_events
P10-12_A8+_C0,P5-6_A4_C0,3,0.09375,0.05434783,1.725,exodus,minor,transition_bucket_shape,taam_events
P7-9_A5_C0,P<=4_A3_C0,3,0.12,0.26685892,0.44967581,exodus,minor,transition_bucket_shape,taam_events
P7-9_A6-7_C0,P<=4_A6-7_C0,3,0.01898734,0.00754215,2.51749814,exodus,minor,transition_bucket_shape,taam_events
P5-6_A5_C0,P5-6_A3_C0,3,0.00909091,0.00998225,0.91070707,exodus,minor,transition_bucket_shape,taam_events
P<=4_A6-7_C0,P7-9_A6-7_C0,3,0.08823529,0.0350488,2.51749814,exodus,minor,transition_bucket_shape,taam_events
P5-6_A2_C0,P<=4_A3_C0,3,0.42857143,0.26685892,1.60598504,exodus,minor,transition_bucket_shape,taam_events
P5-6_A5_C0,P13-15_A8+_C0,3,0.00909091,0.00177462,5.12272727,exodus,minor,transition_bucket_shape,taam_events
P3_A3_C0,P3_A3_C0,100,0.1540832,0.14396628,1.07027286,exodus,minor,transition_exact_shape,taam_events
P2_A2_C0,P3_A3_C0,98,0.196,0.14396628,1.36142989,exodus,minor,transition_exact_shape,taam_events
P3_A3_C0,P3_A4_C0,77,0.11864407,0.0907276,1.3076955,exodus,minor,transition_exact_shape,taam_events
P3_A3_C0,P2_A2_C0,75,0.1155624,0.11091393,1.04191063,exodus,minor,transition_exact_shape,taam_events
P2_A2_C0,P3_A4_C0,68,0.136,0.0907276,1.49899267,exodus,minor,transition_exact_shape,taam_events
P3_A4_C0,P2_A2_C0,66,0.16136919,0.11091393,1.45490465,exodus,minor,transition_exact_shape,taam_events
P4_A4_C0,P3_A3_C0,62,0.13656388,0.14396628,0.94858237,exodus,minor,transition_exact_shape,taam_events
P3_A3_C0,P4_A4_C0,57,0.08782743,0.10070985,0.87208379,exodus,minor,transition_exact_shape,taam_events
P2_A2_C0,P2_A3_C0,53,0.106,0.05700976,1.85933074,exodus,minor,transition_exact_shape,taam_events
P2_A2_C0,P4_A4_C0,51,0.102,0.10070985,1.01281057,exodus,minor,transition_exact_shape,taam_events
P1_A1_C0,P3_A3_C0,49,0.21212121,0.14396628,1.47340897,exodus,minor,transition_exact_shape,taam_events
P4_A4_C0,P2_A2_C0,49,0.10792952,0.11091393,0.97309251,exodus,minor,transition_exact_shape,taam_events
P3_A4_C0,P4_A4_C0,48,0.11735941,0.10070985,1.1653221,exodus,minor,transition_exact_shape,taam_events
P3_A3_C0,P2_A3_C0,47,0.07241911,0.05700976,1.27029312,exodus,minor,transition_exact_shape,taam_events
P4_A4_C0,P4_A4_C0,44,0.0969163,0.10070985,0.96233189,exodus,minor,transition_exact_shape,taam_events
P4_A3_C0,P3_A3_C0,41,0.13804714,0.14396628,0.95888521,exodus,minor,transition_exact_shape,taam_events
P3_A3_C0,P1_A1_C0,41,0.06317411,0.05102041,1.23821263,exodus,minor,transition_exact_shape,taam_events
P2_A2_C0,P2_A2_C0,40,0.08,0.11091393,0.72128,exodus,minor,transition_exact_shape,taam_events
P4_A4_C0,P3_A4_C0,39,0.08590308,0.0907276,0.94682421,exodus,minor,transition_exact_shape,taam_events
P3_A4_C0,P3_A3_C0,38,0.09290954,0.14396628,0.64535622,exodus,minor,transition_exact_shape,taam_events
P3_A3_C0,P4_A5_C0,37,0.05701079,0.03837622,1.48557585,exodus,minor,transition_exact_shape,taam_events
P3_A4_C0,P4_A3_C0,35,0.08557457,0.06588287,1.29888947,exodus,minor,transition_exact_shape,taam_events
P2_A3_C0,P3_A3_C0,35,0.13618677,0.14396628,0.94596296,exodus,minor,transition_exact_shape,taam_events
P3_A3_C0,P4_A3_C0,35,0.05392912,0.06588287,0.81856054,exodus,minor,transition_exact_shape,taam_events
P4_A4_C0,P4_A3_C0,34,0.07488987,0.06588287,1.1367122,exodus,minor,transition_exact_shape,taam_events
P4_A3_C0,P4_A4_C0,34,0.11447811,0.10070985,1.1367122,exodus,minor,transition_exact_shape,taam_events
P5_A5_C0,P3_A3_C0,33,0.1375,0.14396628,0.95508475,exodus,minor,transition_exact_shape,taam_events
P3_A2_C0,P3_A3_C0,32,0.22535211,0.14396628,1.56531175,exodus,minor,transition_exact_shape,taam_events
P2_A3_C0,P2_A2_C0,32,0.12451362,0.11091393,1.12261479,exodus,minor,transition_exact_shape,taam_events
P4_A4_C0,P1_A1_C0,30,0.0660793,0.05102041,1.29515419,exodus,minor,transition_exact_shape,taam_events
P4_A4_C0,P5_A5_C0,30,0.0660793,0.05323869,1.24118943,exodus,minor,transition_exact_shape,taam_events
P3_A4_C0,P3_A4_C0,29,0.07090465,0.0907276,0.78151135,exodus,minor,transition_exact_shape,taam_events
P5_A4_C0,P3_A4_C0,29,0.145,0.0907276,1.59819071,exodus,minor,transition_exact_shape,taam_events
P5_A4_C0,P3_A3_C0,29,0.145,0.14396628,1.00718028,exodus,minor,transition_exact_shape,taam_events
P3_A3_C0,P5_A5_C0,27,0.04160247,0.05323869,0.78143297,exodus,minor,transition_exact_shape,taam_events
P5_A5_C0,P2_A2_C0,26,0.10833333,0.11091393,0.97673333,exodus,minor,transition_exact_shape,taam_events
P3_A4_C0,P5_A4_C0,25,0.06112469,0.04436557,1.37775061,exodus,minor,transition_exact_shape,taam_events
P3_A4_C0,P1_A1_C0,25,0.06112469,0.05102041,1.19804401,exodus,minor,transition_exact_shape,taam_events
P1_A1_C0,P2_A2_C0,25,0.10822511,0.11091393,0.97575758,exodus,minor,transition_exact_shape,taam_events
P5_A5_C0,P4_A3_C0,25,0.10416667,0.06588287,1.58108866,exodus,minor,transition_exact_shape,taam_events
P2_A2_C0,P5_A5_C0,24,0.048,0.05323869,0.9016,exodus,minor,transition_exact_shape,taam_events
P2_A3_C0,P4_A4_C0,24,0.09338521,0.10070985,0.92726992,exodus,minor,transition_exact_shape,taam_events
P4_A3_C0,P3_A4_C0,23,0.07744108,0.0907276,0.85355593,exodus,minor,transition_exact_shape,taam_events
P4_A4_C0,P4_A5_C0,23,0.05066079,0.03837622,1.32010899,exodus,minor,transition_exact_shape,taam_events
P4_A3_C0,P2_A2_C0,23,0.07744108,0.11091393,0.69820875,exodus,minor,transition_exact_shape,taam_events
P1_A1_C0,P3_A4_C0,22,0.0952381,0.0907276,1.04971475,exodus,minor,transition_exact_shape,taam_events
P4_A5_C0,P2_A2_C0,22,0.12716763,0.11091393,1.14654335,exodus,minor,transition_exact_shape,taam_events
P1_A1_C0,P4_A4_C0,22,0.0952381,0.10070985,0.94566814,exodus,minor,transition_exact_shape,taam_events
P2_A2_C0,P4_A3_C0,22,0.044,0.06588287,0.66785185,exodus,minor,transition_exact_shape,taam_events
P4_A5_C0,P4_A4_C0,22,0.12716763,0.10070985,1.26271294,exodus,minor,transition_exact_shape,taam_events
P5_A4_C0,P4_A4_C0,21,0.105,0.10070985,1.04259912,exodus,minor,transition_exact_shape,taam_events
P3_A3_C0,P3_A2_C0,20,0.03081664,0.03149956,0.97831984,exodus,minor,transition_exact_shape,taam_events
P5_A4_C0,P2_A2_C0,20,0.1,0.11091393,0.9016,exodus,minor,transition_exact_shape,taam_events
P2_A3_C0,P2_A3_C0,20,0.07782101,0.05700976,1.36504716,exodus,minor,transition_exact_shape,taam_events
P3_A4_C0,P5_A5_C0,19,0.04645477,0.05323869,0.87257539,exodus,minor,transition_exact_shape,taam_events
P4_A4_C0,P2_A3_C0,19,0.04185022,0.05700976,0.73408869,exodus,minor,transition_exact_shape,taam_events
P4_A5_C0,P3_A3_C0,19,0.10982659,0.14396628,0.76286328,exodus,minor,transition_exact_shape,taam_events
P4_A4_C0,P5_A4_C0,18,0.03964758,0.04436557,0.89365639,exodus,minor,transition_exact_shape,taam_events
P4_A3_C0,P2_A3_C0,18,0.06060606,0.05700976,1.06308218,exodus,minor,transition_exact_shape,taam_events
P5_A5_C0,P4_A4_C0,18,0.075,0.10070985,0.74471366,exodus,minor,transition_exact_shape,taam_events
P2_A3_C0,P3_A4_C0,17,0.06614786,0.0907276,0.72908204,exodus,minor,transition_exact_shape,taam_events
P4_A3_C0,P4_A3_C0,17,0.05723906,0.06588287,0.86880024,exodus,minor,transition_exact_shape,taam_events
P5_A5_C0,P5_A4_C0,17,0.07083333,0.04436557,1.59658333,exodus,minor,transition_exact_shape,taam_events
P3_A3_C0,P5_A4_C0,17,0.02619414,0.04436557,0.59041602,exodus,minor,transition_exact_shape,taam_events
P2_A3_C0,P4_A3_C0,17,0.06614786,0.06588287,1.00402206,exodus,minor,transition_exact_shape,taam_events
P2_A3_C0,P5_A5_C0,17,0.06614786,0.05323869,1.2424773,exodus,minor,transition_exact_shape,taam_events
P2_A3_C0,P5_A4_C0,17,0.06614786,0.04436557,1.49097276,exodus,minor,transition_exact_shape,taam_events
P6_A6_C0,P3_A3_C0,16,0.15686275,0.14396628,1.08957975,exodus,minor,transition_exact_shape,taam_events
P1_A1_C0,P4_A3_C0,16,0.06926407,0.06588287,1.05132129,exodus,minor,transition_exact_shape,taam_events
P5_A6_C0,P2_A2_C0,16,0.17391304,0.11091393,1.568,exodus,minor,transition_exact_shape,taam_events
P5_A4_C0,P5_A5_C0,15,0.075,0.05323869,1.40875,exodus,minor,transition_exact_shape,taam_events
P1_A1_C0,P4_A5_C0,15,0.06493506,0.03837622,1.69206516,exodus,minor,transition_exact_shape,taam_events
P5_A5_C0,P3_A4_C0,15,0.0625,0.0907276,0.68887531,exodus,minor,transition_exact_shape,taam_events
P4_A3_C0,P3_A2_C0,15,0.05050505,0.03149956,1.60335752,exodus,minor,transition_exact_shape,taam_events
P3_A3_C0,P6_A5_C0,15,0.02311248,0.02018634,1.14495674,exodus,minor,transition_exact_shape,taam_events
P2_A2_C0,P4_A5_C0,15,0.03,0.03837622,0.7817341,exodus,minor,transition_exact_shape,taam_events
P2_A2_C0,P1_A1_C0,14,0.028,0.05102041,0.5488,exodus,minor,transition_exact_shape,taam_events
P4_A3_C0,P4_A5_C0,14,0.04713805,0.03837622,1.22831397,exodus,minor,transition_exact_shape,taam_events
P3_A3_C0,P6_A6_C0,14,0.02157165,0.02262644,0.95338228,exodus,minor,transition_exact_shape,taam_events
P4_A4_C0,P5_A6_C0,13,0.02863436,0.02040816,1.4030837,exodus,minor,transition_exact_shape,taam_events
P5_A6_C0,P3_A3_C0,13,0.14130435,0.14396628,0.98151002,exodus,minor,transition_exact_shape,taam_events
P4_A3_C0,P5_A5_C0,13,0.04377104,0.05323869,0.82216611,exodus,minor,transition_exact_shape,taam_events
P2_A2_C0,P5_A4_C0,13,0.026,0.04436557,0.58604,exodus,minor,transition_exact_shape,taam_events
P4_A5_C0,P1_A1_C0,13,0.07514451,0.05102041,1.47283237,exodus,minor,transition_exact_shape,taam_events
P6_A6_C0,P4_A4_C0,13,0.12745098,0.10070985,1.26552647,exodus,minor,transition_exact_shape,taam_events
P3_A3_C0,P1_A2_C0,13,0.02003082,0.01308784,1.53049019,exodus,minor,transition_exact_shape,taam_events
P4_A3_C0,P1_A1_C0,13,0.04377104,0.05102041,0.85791246,exodus,minor,transition_exact_shape,taam_events
P4_A5_C0,P4_A3_C0,13,0.07514451,0.06588287,1.14057726,exodus,minor,transition_exact_shape,taam_events
P3_A3_C0,P5_A6_C0,12,0.01848998,0.02040816,0.90600924,exodus,minor,transition_exact_shape,taam_events
P3_A2_C0,P2_A3_C0,12,0.08450704,0.05700976,1.48232586,exodus,minor,transition_exact_shape,taam_events
P4_A4_C0,P3_A2_C0,12,0.02643172,0.03149956,0.83911398,exodus,minor,transition_exact_shape,taam_events
P5_A4_C0,P4_A3_C0,12,0.06,0.06588287,0.91070707,exodus,minor,transition_exact_shape,taam_events
P3_A4_C0,P6_A5_C0,12,0.02933985,0.02018634,1.45345119,exodus,minor,transition_exact_shape,taam_events
P2_A3_C0,P1_A1_C0,12,0.04669261,0.05102041,0.9151751,exodus,minor,transition_exact_shape,taam_events
P4_A4_C0,P7_A6_C0,12,0.02643172,0.0135315,1.9533473,exodus,minor,transition_exact_shape,taam_events
P6_A6_C0,P2_A2_C0,12,0.11764706,0.11091393,1.06070588,exodus,minor,transition_exact_shape,taam_events
P5_A5_C0,P6_A6_C0,12,0.05,0.02262644,2.20980392,exodus,minor,transition_exact_shape,taam_events
P1_A1_C0,P2_A3_C0,12,0.05194805,0.05700976,0.9112133,exodus,minor,transition_exact_shape,taam_events
P1_A2_C0,P3_A3_C0,12,0.20338983,0.14396628,1.41276018,exodus,minor,transition_exact_shape,taam_events
P5_A5_C0,P3_A2_C0,11,0.04583333,0.03149956,1.45504695,exodus,minor,transition_exact_shape,taam_events
P5_A4_C0,P2_A3_C0,11,0.055,0.05700976,0.96474708,exodus,minor,transition_exact_shape,taam_events
P2_A2_C0,P3_A2_C0,11,0.022,0.03149956,0.69842254,exodus,minor,transition_exact_shape,taam_events
P3_A2_C0,P2_A2_C0,11,0.07746479,0.11091393,0.69842254,exodus,minor,transition_exact_shape,taam_events
P4_A5_C0,P5_A4_C0,11,0.06358382,0.04436557,1.43317919,exodus,minor,transition_exact_shape,taam_events
P5_A5_C0,P5_A5_C0,11,0.04583333,0.05323869,0.86090278,exodus,minor,transition_exact_shape,taam_events
P3_A2_C0,P4_A4_C0,11,0.07746479,0.10070985,0.76918781,exodus,minor,transition_exact_shape,taam_events
P4_A4_C0,P6_A6_C0,11,0.02422907,0.02262644,1.07083009,exodus,minor,transition_exact_shape,taam_events
P6_A5_C0,P4_A4_C0,11,0.12222222,0.10070985,1.21360744,exodus,minor,transition_exact_shape,taam_events
P2_A3_C0,P3_A2_C0,10,0.03891051,0.03149956,1.23527155,exodus,minor,transition_exact_shape,taam_events
P6_A5_C0,P4_A3_C0,10,0.11111111,0.06588287,1.68649458,exodus,minor,transition_exact_shape,taam_events
P2_A2_C0,P6_A6_C0,10,0.02,0.02262644,0.88392157,exodus,minor,transition_exact_shape,taam_events
P2_A2_C0,P5_A6_C0,10,0.02,0.02040816,0.98,exodus,minor,transition_exact_shape,taam_events
P3_A4_C0,P3_A2_C0,10,0.02444988,0.03149956,0.77619753,exodus,minor,transition_exact_shape,taam_events
P7_A6_C0,P4_A4_C0,10,0.16393443,0.10070985,1.62778941,exodus,minor,transition_exact_shape,taam_events
P3_A4_C0,P2_A3_C0,10,0.02444988,0.05700976,0.42887179,exodus,minor,transition_exact_shape,taam_events
P7_A6_C0,P3_A3_C0,10,0.16393443,0.14396628,1.13870014,exodus,minor,transition_exact_shape,taam_events
P3_A4_C0,P4_A5_C0,9,0.02200489,0.03837622,0.5733991,exodus,minor,transition_exact_shape,taam_events
P3_A2_C0,P1_A1_C0,9,0.06338028,0.05102041,1.24225352,exodus,minor,transition_exact_shape,taam_events
P4_A3_C0,P6_A5_C0,9,0.03030303,0.02018634,1.5011655,exodus,minor,transition_exact_shape,taam_events
P1_A1_C0,P3_A2_C0,9,0.03896104,0.03149956,1.2368758,exodus,minor,transition_exact_shape,taam_events
P2_A3_C0,P4_A5_C0,9,0.03501946,0.03837622,0.91253008,exodus,minor,transition_exact_shape,taam_events
P5_A6_C0,P4_A4_C0,9,0.09782609,0.10070985,0.97136564,exodus,minor,transition_exact_shape,taam_events
P5_A4_C0,P1_A1_C0,9,0.045,0.05102041,0.882,exodus,minor,transition_exact_shape,taam_events
P1_A2_C0,P3_A4_C0,9,0.15254237,0.0907276,1.68132278,exodus,minor,transition_exact_shape,taam_events
P1_A1_C0,P5_A4_C0,9,0.03896104,0.04436557,0.87818182,exodus,minor,transition_exact_shape,taam_events
P1_A2_C0,P4_A4_C0,9,0.15254237,0.10070985,1.51467184,exodus,minor,transition_exact_shape,taam_events
P4_A3_C0,P5_A6_C0,9,0.03030303,0.02040816,1.48484848,exodus,minor,transition_exact_shape,taam_events
P6_A5_C0,P2_A2_C0,9,0.1,0.11091393,0.9016,exodus,minor,transition_exact_shape,taam_events
P3_A4_C0,P7_A6_C0,9,0.02200489,0.0135315,1.62619744,exodus,minor,transition_exact_shape,taam_events
P5_A6_C0,P5_A5_C0,9,0.09782609,0.05323869,1.8375,exodus,minor,transition_exact_shape,taam_events
P4_A5_C0,P3_A4_C0,8,0.04624277,0.0907276,0.50968809,exodus,minor,transition_exact_shape,taam_events
P4_A3_C0,P5_A4_C0,8,0.02693603,0.04436557,0.60713805,exodus,minor,transition_exact_shape,taam_events
P4_A5_C0,P2_A3_C0,8,0.04624277,0.05700976,0.81113785,exodus,minor,transition_exact_shape,taam_events
P4_A5_C0,P5_A5_C0,8,0.04624277,0.05323869,0.86859345,exodus,minor,transition_exact_shape,taam_events
P1_A1_C0,P5_A5_C0,8,0.03463203,0.05323869,0.65050505,exodus,minor,transition_exact_shape,taam_events
P3_A2_C0,P5_A5_C0,8,0.05633803,0.05323869,1.05821596,exodus,minor,transition_exact_shape,taam_events
P6_A5_C0,P3_A3_C0,8,0.08888889,0.14396628,0.61742852,exodus,minor,transition_exact_shape,taam_events
P6_A6_C0,P4_A3_C0,8,0.07843137,0.06588287,1.19046676,exodus,minor,transition_exact_shape,taam_events
P3_A3_C0,P6_A7_C0,8,0.01232666,0.00887311,1.38921418,exodus,minor,transition_exact_shape,taam_events
P5_A5_C0,P1_A1_C0,8,0.03333333,0.05102041,0.65333333,exodus,minor,transition_exact_shape,taam_events
P5_A5_C0,P5_A6_C0,7,0.02916667,0.02040816,1.42916667,exodus,minor,transition_exact_shape,taam_events
P3_A4_C0,P6_A4_C0,7,0.01711491,0.00998225,1.71453409,exodus,minor,transition_exact_shape,taam_events
P6_A4_C0,P2_A2_C0,7,0.15555556,0.11091393,1.40248889,exodus,minor,transition_exact_shape,taam_events
P3_A2_C0,P3_A4_C0,7,0.04929577,0.0907276,0.54333827,exodus,minor,transition_exact_shape,taam_events
P5_A4_C0,P6_A6_C0,7,0.035,0.02262644,1.54686275,exodus,minor,transition_exact_shape,taam_events
P6_A6_C0,P1_A1_C0,7,0.06862745,0.05102041,1.34509804,exodus,minor,transition_exact_shape,taam_events
P2_A2_C0,P3_A5_C0,7,0.014,0.00576752,2.42738462,exodus,minor,transition_exact_shape,taam_events
P6_A5_C0,P3_A4_C0,7,0.07777778,0.0907276,0.85726705,exodus,minor,transition_exact_shape,taam_events
P4_A4_C0,P7_A7_C0,7,0.0154185,0.0095386,1.61643274,exodus,minor,transition_exact_shape,taam_events
P4_A5_C0,P6_A5_C0,7,0.04046243,0.02018634,2.00444642,exodus,minor,transition_exact_shape,taam_events
P2_A2_C0,P6_A5_C0,7,0.014,0.02018634,0.69353846,exodus,minor,transition_exact_shape,taam_events
P6_A5_C0,P2_A3_C0,7,0.07777778,0.05700976,1.3642888,exodus,minor,transition_exact_shape,taam_events
P6_A6_C0,P5_A5_C0,7,0.06862745,0.05323869,1.28905229,exodus,minor,transition_exact_shape,taam_events
P5_A5_C0,P2_A3_C0,7,0.02916667,0.05700976,0.5116083,exodus,minor,transition_exact_shape,taam_events
P3_A2_C0,P5_A4_C0,6,0.04225352,0.04436557,0.95239437,exodus,minor,transition_exact_shape,taam_events
P5_A4_C0,P5_A4_C0,6,0.03,0.04436557,0.6762,exodus,minor,transition_exact_shape,taam_events
P6_A4_C0,P4_A4_C0,6,0.13333333,0.10070985,1.32393539,exodus,minor,transition_exact_shape,taam_events
P5_A6_C0,P4_A3_C0,6,0.06521739,0.06588287,0.98989899,exodus,minor,transition_exact_shape,taam_events
P4_A3_C0,P6_A6_C0,6,0.02020202,0.02262644,0.89285007,exodus,minor,transition_exact_shape,taam_events
P7_A7_C0,P3_A4_C0,6,0.13953488,0.0907276,1.53795417,exodus,minor,transition_exact_shape,taam_events
P7_A6_C0,P1_A1_C0,6,0.09836066,0.05102041,1.92786885,exodus,minor,transition_exact_shape,taam_events
P6_A5_C0,P5_A5_C0,6,0.06666667,0.05323869,1.25222222,exodus,minor,transition_exact_shape,taam_events
P7_A7_C0,P2_A2_C0,6,0.13953488,0.11091393,1.25804651,exodus,minor,transition_exact_shape,taam_events
P4_A3_C0,P1_A2_C0,6,0.02020202,0.01308784,1.54357131,exodus,minor,transition_exact_shape,taam_events
P6_A6_C0,P6_A5_C0,6,0.05882353,0.02018634,2.91402715,exodus,minor,transition_exact_shape,taam_events
P3_A2_C0,P4_A3_C0,6,0.04225352,0.06588287,0.64134301,exodus,minor,transition_exact_shape,taam_events
P2_A3_C0,P6_A6_C0,6,0.0233463,0.02262644,1.03181506,exodus,minor,transition_exact_shape,taam_events
P5_A5_C0,P6_A5_C0,6,0.025,0.02018634,1.23846154,exodus,minor,transition_exact_shape,taam_events
P4_A3_C0,P5_A3_C0,6,0.02020202,0.00865129,2.33514634,exodus,minor,transition_exact_shape,taam_events
P6_A5_C0,P4_A5_C0,6,0.06666667,0.03837622,1.7371869,exodus,minor,transition_exact_shape,taam_events
P5_A4_C0,P3_A2_C0,6,0.03,0.03149956,0.95239437,exodus,minor,transition_exact_shape,taam_events
P2_A1_C0,P2_A2_C0,6,0.21428571,0.11091393,1.932,exodus,minor,transition_exact_shape,taam_events
P7_A6_C0,P2_A2_C0,6,0.09836066,0.11091393,0.88681967,exodus,minor,transition_exact_shape,taam_events
P4_A4_C0,P1_A2_C0,6,0.01321586,0.01308784,1.00978123,exodus,minor,transition_exact_shape,taam_events
P4_A3_C0,P2_A1_C0,6,0.02020202,0.00621118,3.25252525,exodus,minor,transition_exact_shape,taam_events
P3_A3_C0,P4_A6_C0,5,0.00770416,0.00621118,1.2403698,exodus,minor,transition_exact_shape,taam_events
P5_A6_C0,P3_A4_C0,5,0.05434783,0.0907276,0.599022,exodus,minor,transition_exact_shape,taam_events
P3_A2_C0,P3_A2_C0,5,0.03521127,0.03149956,1.11783376,exodus,minor,transition_exact_shape,taam_events
P2_A4_C0,P3_A3_C0,5,0.17857143,0.14396628,1.2403698,exodus,minor,transition_exact_shape,taam_events
P5_A4_C0,P4_A5_C0,5,0.025,0.03837622,0.65144509,exodus,minor,transition_exact_shape,taam_events
P2_A2_C0,P7_A6_C0,5,0.01,0.0135315,0.73901639,exodus,minor,transition_exact_shape,taam_events
P1_A1_C0,P6_A6_C0,5,0.02164502,0.02262644,0.95662507,exodus,minor,transition_exact_shape,taam_events
P2_A2_C0,P7_A7_C0,5,0.01,0.0095386,1.04837209,exodus,minor,transition_exact_shape,taam_events
P3_A4_C0,P5_A3_C0,5,0.01222494,0.00865129,1.41307755,exodus,minor,transition_exact_shape,taam_events
P5_A3_C0,P5_A5_C0,5,0.12820513,0.05323869,2.40811966,exodus,minor,transition_exact_shape,taam_events
P5_A6_C0,P5_A4_C0,5,0.05434783,0.04436557,1.225,exodus,minor,transition_exact_shape,taam_events
P2_A1_C0,P3_A4_C0,5,0.17857143,0.0907276,1.96821516,exodus,minor,transition_exact_shape,taam_events
P3_A3_C0,P7_A7_C0,5,0.00770416,0.0095386,0.80768266,exodus,minor,transition_exact_shape,taam_events
P4_A5_C0,P5_A6_C0,5,0.02890173,0.02040816,1.41618497,exodus,minor,transition_exact_shape,taam_events
P2_A3_C0,P5_A6_C0,5,0.01945525,0.02040816,0.95330739,exodus,minor,transition_exact_shape,taam_events
P2_A2_C0,P6_A7_C0,5,0.01,0.00887311,1.127,exodus,minor,transition_exact_shape,taam_events
P5_A4_C0,P6_A5_C0,5,0.025,0.02018634,1.23846154,exodus,minor,transition_exact_shape,taam_events
P3_A3_C0,P4_A2_C0,5,0.00770416,0.00576752,1.33578286,exodus,minor,transition_exact_shape,taam_events
P4_A4_C0,P6_A4_C0,5,0.01101322,0.00998225,1.10327949,exodus,minor,transition_exact_shape,taam_events
P3_A4_C0,P7_A7_C0,5,0.01222494,0.0095386,1.28162848,exodus,minor,transition_exact_shape,taam_events
P1_A2_C0,P2_A3_C0,5,0.08474576,0.05700976,1.48651322,exodus,minor,transition_exact_shape,taam_events
P4_A4_C0,P6_A5_C0,5,0.01101322,0.02018634,0.54557777,exodus,minor,transition_exact_shape,taam_events
P7_A7_C0,P4_A4_C0,5,0.11627907,0.10070985,1.15459482,exodus,minor,transition_exact_shape,taam_events
P2_A2_C0,P1_A2_C0,5,0.01,0.01308784,0.7640678,exodus,minor,transition_exact_shape,taam_events
P3_A4_C0,P6_A6_C0,4,0.00977995,0.02262644,0.43223549,exodus,minor,transition_exact_shape,taam_events
P4_A6_C0,P2_A2_C0,4,0.14285714,0.11091393,1.288,exodus,minor,transition_exact_shape,taam_events
P3_A3_C0,P6_A4_C0,4,0.00616333,0.00998225,0.61742852,exodus,minor,transition_exact_shape,taam_events
P3_A2_C0,P2_A4_C0,4,0.02816901,0.00621118,4.53521127,exodus,minor,transition_exact_shape,taam_events
P3_A4_C0,P7_A8_C0,4,0.00977995,0.00532387,1.83700081,exodus,minor,transition_exact_shape,taam_events
P7_A8_C0,P3_A4_C0,4,0.16666667,0.0907276,1.83700081,exodus,minor,transition_exact_shape,taam_events
P6_A5_C0,P5_A4_C0,4,0.04444444,0.04436557,1.00177778,exodus,minor,transition_exact_shape,taam_events
P8_A7_C0,P5_A4_C0,4,0.16666667,0.04436557,3.75666667,exodus,minor,transition_exact_shape,taam_events
P2_A2_C0,P8_A7_C0,4,0.008,0.00532387,1.50266667,exodus,minor,transition_exact_shape,taam_events
P8_A7_C0,P4_A4_C0,4,0.16666667,0.10070985,1.65491924,exodus,minor,transition_exact_shape,taam_events
P4_A4_C0,P3_A5_C0,4,0.00881057,0.00576752,1.52761776,exodus,minor,transition_exact_shape,taam_events
P3_A2_C0,P4_A5_C0,4,0.02816901,0.03837622,0.73402263,exodus,minor,transition_exact_shape,taam_events
P3_A4_C0,P8_A7_C0,4,0.00977995,0.00532387,1.83700081,exodus,minor,transition_exact_shape,taam_events
P5_A3_C0,P6_A6_C0,4,0.1025641,0.02262644,4.53293112,exodus,minor,transition_exact_shape,taam_events
P6_A4_C0,P3_A3_C0,4,0.08888889,0.14396628,0.61742852,exodus,minor,transition_exact_shape,taam_events
P3_A3_C0,P2_A1_C0,4,0.00616333,0.00621118,0.99229584,exodus,minor,transition_exact_shape,taam_events
P4_A6_C0,P4_A3_C0,4,0.14285714,0.06588287,2.16835017,exodus,minor,transition_exact_shape,taam_events
P3_A5_C0,P3_A3_C0,4,0.15384615,0.14396628,1.06862629,exodus,minor,transition_exact_shape,taam_events
P3_A4_C0,P1_A2_C0,4,0.00977995,0.01308784,0.74725457,exodus,minor,transition_exact_shape,taam_events
P3_A4_C0,P6_A7_C0,4,0.00977995,0.00887311,1.10220049,exodus,minor,transition_exact_shape,taam_events
P5_A6_C0,P1_A1_C0,4,0.04347826,0.05102041,0.85217391,exodus,minor,transition_exact_shape,taam_events
P2_A2_C0,P4_A2_C0,4,0.008,0.00576752,1.38707692,exodus,minor,transition_exact_shape,taam_events
P4_A2_C0,P4_A4_C0,4,0.15384615,0.10070985,1.52761776,exodus,minor,transition_exact_shape,taam_events
P1_A1_C0,P7_A7_C0,4,0.01731602,0.0095386,1.81536293,exodus,minor,transition_exact_shape,taam_events
P6_A7_C0,P3_A2_C0,4,0.1,0.03149956,3.17464789,exodus,minor,transition_exact_shape,taam_events
P3_A2_C0,P6_A6_C0,4,0.02816901,0.02262644,1.24495996,exodus,minor,transition_exact_shape,taam_events
P4_A4_C0,P2_A4_C0,4,0.00881057,0.00621118,1.4185022,exodus,minor,transition_exact_shape,taam_events
P7_A6_C0,P4_A3_C0,4,0.06557377,0.06588287,0.99530827,exodus,minor,transition_exact_shape,taam_events
P2_A2_C0,P2_A4_C0,4,0.008,0.00621118,1.288,exodus,minor,transition_exact_shape,taam_events
P2_A2_C0,P7_A8_C0,4,0.008,0.00532387,1.50266667,exodus,minor,transition_exact_shape,taam_events
P5_A6_C0,P4_A5_C0,4,0.04347826,0.03837622,1.13294798,exodus,minor,transition_exact_shape,taam_events
P5_A3_C0,P2_A2_C0,4,0.1025641,0.11091393,0.92471795,exodus,minor,transition_exact_shape,taam_events
P6_A4_C0,P3_A2_C0,4,0.08888889,0.03149956,2.82190923,exodus,minor,transition_exact_shape,taam_events
P5_A5_C0,P4_A5_C0,4,0.01666667,0.03837622,0.43429672,exodus,minor,transition_exact_shape,taam_events
P3_A3_C0,P5_A3_C0,4,0.00616333,0.00865129,0.71241753,exodus,minor,transition_exact_shape,taam_events
P5_A3_C0,P4_A4_C0,4,0.1025641,0.10070985,1.01841184,exodus,minor,transition_exact_shape,taam_events
P4_A5_C0,P4_A5_C0,4,0.02312139,0.03837622,0.60249257,exodus,minor,transition_exact_shape,taam_events
P5_A5_C0,P7_A7_C0,4,0.01666667,0.0095386,1.74728682,exodus,minor,transition_exact_shape,taam_events
P1_A1_C0,P7_A5_C0,4,0.01731602,0.00510204,3.39393939,exodus,minor,transition_exact_shape,taam_events
P7_A8_C0,P2_A2_C0,4,0.16666667,0.11091393,1.50266667,exodus,minor,transition_exact_shape,taam_events
P6_A6_C0,P2_A3_C0,4,0.03921569,0.05700976,0.68787671,exodus,minor,transition_exact_shape,taam_events
P2_A2_C0,P4_A6_C0,4,0.008,0.00621118,1.288,exodus,minor,transition_exact_shape,taam_events
P4_A6_C0,P4_A4_C0,4,0.14285714,0.10070985,1.4185022,exodus,minor,transition_exact_shape,taam_events
P5_A4_C0,P5_A6_C0,4,0.02,0.02040816,0.98,exodus,minor,transition_exact_shape,taam_events
P2_A3_C0,P6_A5_C0,4,0.0155642,0.02018634,0.77102664,exodus,minor,transition_exact_shape,taam_events
P4_A2_C0,P2_A2_C0,4,0.15384615,0.11091393,1.38707692,exodus,minor,transition_exact_shape,taam_events
P2_A3_C0,P5_A7_C0,4,0.0155642,0.00288376,5.39718647,exodus,minor,transition_exact_shape,taam_events
P1_A1_C0,P6_A7_C0,4,0.01731602,0.00887311,1.95151515,exodus,minor,transition_exact_shape,taam_events
P5_A4_C0,P1_A2_C0,4,0.02,0.01308784,1.52813559,exodus,minor,transition_exact_shape,taam_events
P7_A7_C0,P2_A3_C0,4,0.09302326,0.05700976,1.63170754,exodus,minor,transition_exact_shape,taam_events
P4_A6_C0,P5_A5_C0,4,0.14285714,0.05323869,2.68333333,exodus,minor,transition_exact_shape,taam_events
P7_A5_C0,P1_A1_C0,4,0.17391304,0.05102041,3.40869565,exodus,minor,transition_exact_shape,taam_events
P2_A1_C0,P3_A3_C0,4,0.14285714,0.14396628,0.99229584,exodus,minor,transition_exact_shape,taam_events
P4_A5_C0,P1_A2_C0,3,0.01734104,0.01308784,1.32497306,exodus,minor,transition_exact_shape,taam_events
P3_A4_C0,P2_A1_C0,3,0.00733496,0.00621118,1.1809291,exodus,minor,transition_exact_shape,taam_events
P6_A6_C0,P5_A4_C0,3,0.02941176,0.04436557,0.66294118,exodus,minor,transition_exact_shape,taam_events
P3_A4_C0,P2_A4_C0,3,0.00733496,0.00621118,1.1809291,exodus,minor,transition_exact_shape,taam_events
P1_A1_C0,P5_A6_C0,3,0.01298701,0.02040816,0.63636364,exodus,minor,transition_exact_shape,taam_events
P8_A8_C0,P3_A3_C0,3,0.1875,0.14396628,1.30238829,exodus,minor,transition_exact_shape,taam_events
P2_A4_C0,P3_A4_C0,3,0.10714286,0.0907276,1.1809291,exodus,minor,transition_exact_shape,taam_events
P4_A4_C0,P6_A7_C0,3,0.00660793,0.00887311,0.74471366,exodus,minor,transition_exact_shape,taam_events
P7_A6_C0,P5_A6_C0,3,0.04918033,0.02040816,2.40983607,exodus,minor,transition_exact_shape,taam_events
P4_A4_C0,P8_A7_C0,3,0.00660793,0.00532387,1.24118943,exodus,minor,transition_exact_shape,taam_events
P3_A5_C0,P1_A1_C0,3,0.11538462,0.05102041,2.26153846,exodus,minor,transition_exact_shape,taam_events
P3_A5_C0,P5_A4_C0,3,0.11538462,0.04436557,2.60076923,exodus,minor,transition_exact_shape,taam_events
P5_A5_C0,P7_A8_C0,3,0.0125,0.00532387,2.34791667,exodus,minor,transition_exact_shape,taam_events
P7_A8_C0,P5_A5_C0,3,0.125,0.05323869,2.34791667,exodus,minor,transition_exact_shape,taam_events
P3_A5_C0,P2_A2_C0,3,0.11538462,0.11091393,1.04030769,exodus,minor,transition_exact_shape,taam_events
P1_A2_C0,P4_A5_C0,3,0.05084746,0.03837622,1.32497306,exodus,minor,transition_exact_shape,taam_events
P6_A6_C0,P3_A4_C0,3,0.02941176,0.0907276,0.32417661,exodus,minor,transition_exact_shape,taam_events
P3_A4_C0,P10_A9_C0,3,0.00733496,0.00199645,3.67400163,exodus,minor,transition_exact_shape,taam_events
P4_A4_C0,P5_A3_C0,3,0.00660793,0.00865129,0.76380888,exodus,minor,transition_exact_shape,taam_events
P4_A4_C0,P5_A7_C0,3,0.00660793,0.00288376,2.29142664,exodus,minor,transition_exact_shape,taam_events
P6_A6_C0,P7_A6_C0,3,0.02941176,0.0135315,2.17357763,exodus,minor,transition_exact_shape,taam_events
P3_A2_C0,P5_A3_C0,3,0.02112676,0.00865129,2.44203684,exodus,minor,transition_exact_shape,taam_events
P5_A3_C0,P4_A5_C0,3,0.07692308,0.03837622,2.00444642,exodus,minor,transition_exact_shape,taam_events
P7_A7_C0,P4_A3_C0,3,0.06976744,0.06588287,1.05896171,exodus,minor,transition_exact_shape,taam_events
P5_A5_C0,P1_A2_C0,3,0.0125,0.01308784,0.95508475,exodus,minor,transition_exact_shape,taam_events
P3_A3_C0,P8_A8_C0,3,0.0046225,0.00354925,1.30238829,exodus,minor,transition_exact_shape,taam_events
P6_A7_C0,P6_A5_C0,3,0.075,0.02018634,3.71538462,exodus,minor,transition_exact_shape,taam_events
P3_A4_C0,P5_A6_C0,3,0.00733496,0.02040816,0.3594132,exodus,minor,transition_exact_shape,taam_events
P5_A4_C0,P7_A6_C0,3,0.015,0.0135315,1.10852459,exodus,minor,transition_exact_shape,taam_events
P5_A6_C0,P5_A3_C0,3,0.0326087,0.00865129,3.76923077,exodus,minor,transition_exact_shape,taam_events
P6_A7_C0,P4_A3_C0,3,0.075,0.06588287,1.13838384,exodus,minor,transition_exact_shape,taam_events
P1_A2_C0,P4_A3_C0,3,0.05084746,0.06588287,0.77178565,exodus,minor,transition_exact_shape,taam_events
P4_A3_C0,P6_A7_C0,3,0.01010101,0.00887311,1.13838384,exodus,minor,transition_exact_shape,taam_events
P6_A6_C0,P6_A6_C0,3,0.02941176,0.02262644,1.29988466,exodus,minor,transition_exact_shape,taam_events
P5_A5_C0,P6_A4_C0,3,0.0125,0.00998225,1.25222222,exodus,minor,transition_exact_shape,taam_events
P6_A4_C0,P3_A4_C0,3,0.06666667,0.0907276,0.73480033,exodus,minor,transition_exact_shape,taam_events
P4_A5_C0,P6_A6_C0,3,0.01734104,0.02262644,0.76640598,exodus,minor,transition_exact_shape,taam_events
P6_A6_C0,P4_A5_C0,3,0.02941176,0.03837622,0.76640598,exodus,minor,transition_exact_shape,taam_events
P2_A4_C0,P2_A3_C0,3,0.10714286,0.05700976,1.87937743,exodus,minor,transition_exact_shape,taam_events
P2_A4_C0,P2_A2_C0,3,0.10714286,0.11091393,0.966,exodus,minor,transition_exact_shape,taam_events
P5_A4_C0,P4_A2_C0,3,0.015,0.00576752,2.60076923,exodus,minor,transition_exact_shape,taam_events
P4_A5_C0,P7_A6_C0,3,0.01734104,0.0135315,1.28153132,exodus,minor,transition_exact_shape,taam_events
P5_A6_C0,P3_A2_C0,3,0.0326087,0.03149956,1.03521127,exodus,minor,transition_exact_shape,taam_events
P4_A3_C0,P4_A2_C0,3,0.01010101,0.00576752,1.75135975,exodus,minor,transition_exact_shape,taam_events
P3_A4_C0,P7_A5_C0,3,0.00733496,0.00510204,1.43765281,exodus,minor,transition_exact_shape,taam_events
P2_A3_C0,P6_A4_C0,3,0.01167315,0.00998225,1.1693904,exodus,minor,transition_exact_shape,taam_events
P4_A3_C0,P8_A6_C0,3,0.01010101,0.00354925,2.8459596,exodus,minor,transition_exact_shape,taam_events
P6_A7_C0,P3_A3_C0,3,0.075,0.14396628,0.52095532,exodus,minor,transition_exact_shape,taam_events
P7_A8_C0,P4_A4_C0,3,0.125,0.10070985,1.24118943,exodus,minor,transition_exact_shape,taam_events
P5_A3_C0,P5_A4_C0,3,0.07692308,0.04436557,1.73384615,exodus,minor,transition_exact_shape,taam_events
P6_A7_C0,P2_A2_C0,3,0.075,0.11091393,0.6762,exodus,minor,transition_exact_shape,taam_events
P5_A6_C0,P7_A6_C0,3,0.0326087,0.0135315,2.40983607,exodus,minor,transition_exact_shape,taam_events
P7_A7_C0,P5_A4_C0,3,0.06976744,0.04436557,1.57255814,exodus,minor,transition_exact_shape,taam_events
P5_A5_C0,P9_A7_C0,3,0.0125,0.00266193,4.69583333,exodus,minor,transition_exact_shape,taam_events
P5_A5_C0,P7_A6_C0,3,0.0125,0.0135315,0.92377049,exodus,minor,transition_exact_shape,taam_events
P6_A7_C0,P1_A1_C0,3,0.075,0.05102041,1.47,exodus,minor,transition_exact_shape,taam_events
P3_A2_C0,P1_A2_C0,3,0.02112676,0.01308784,1.61422774,exodus,minor,transition_exact_shape,taam_events
P6_A6_C0,P5_A6_C0,3,0.02941176,0.02040816,1.44117647,exodus,minor,transition_exact_shape,taam_events
P8_A6_C0,P4_A3_C0,3,0.1875,0.06588287,2.8459596,exodus,minor,transition_exact_shape,taam_events
P6_A4_C0,P1_A1_C0,3,0.06666667,0.05102041,1.30666667,exodus,minor,transition_exact_shape,taam_events
P5_A3_C0,P2_A3_C0,3,0.07692308,0.05700976,1.34929662,exodus,minor,transition_exact_shape,taam_events
P6_A5_C0,P6_A4_C0,3,0.03333333,0.00998225,3.33925926,exodus,minor,transition_exact_shape,taam_events
P4_A2_C0,P3_A3_C0,3,0.11538462,0.14396628,0.80146972,exodus,minor,transition_exact_shape,taam_events
P6_A5_C0,P3_A2_C0,3,0.03333333,0.03149956,1.05821596,exodus,minor,transition_exact_shape,taam_events
P7_A7_C0,P3_A3_C0,3,0.06976744,0.14396628,0.4846096,exodus,minor,transition_exact_shape,taam_events
P3_A3_C0,P8_A7_C0,3,0.0046225,0.00532387,0.86825886,exodus,minor,transition_exact_shape,taam_events
P4_A4_C0,P4_A6_C0,3,0.00660793,0.00621118,1.06387665,exodus,minor,transition_exact_shape,taam_events
P6_A7_C0,P5_A5_C0,3,0.075,0.05323869,1.40875,exodus,minor,transition_exact_shape,taam_events
P<=4_A3_C0,P7-9_A8+_C1,21,0.11731844,0.07790549,1.50590713,exodus,major,transition_bucket_shape,taam_events
P7-9_A8+_C1,P<=4_A4_C0,19,0.10382514,0.09152831,1.13434998,exodus,major,transition_bucket_shape,taam_events
P7-9_A8+_C1,P7-9_A8+_C1,18,0.09836066,0.07790549,1.26256383,exodus,major,transition_bucket_shape,taam_events
P<=4_A4_C0,P5-6_A5_C0,17,0.07906977,0.05449127,1.45105378,exodus,major,transition_bucket_shape,taam_events
P5-6_A6-7_C1,P7-9_A8+_C2,17,0.0960452,0.05704555,1.68365798,exodus,major,transition_bucket_shape,taam_events
P7-9_A6-7_C1,P<=4_A4_C0,17,0.11111111,0.09152831,1.21395349,exodus,major,transition_bucket_shape,taam_events
P<=4_A4_C0,P<=4_A4_C0,17,0.07906977,0.09152831,0.86388318,exodus,major,transition_bucket_shape,taam_events
P<=4_A4_C0,P7-9_A8+_C2,16,0.0744186,0.05704555,1.30454703,exodus,major,transition_bucket_shape,taam_events
P<=4_A3_C0,P7-9_A6-7_C1,16,0.08938547,0.0651341,1.37232994,exodus,major,transition_bucket_shape,taam_events
P10-12_A8+_C2,P<=4_A4_C0,15,0.11111111,0.09152831,1.21395349,exodus,major,transition_bucket_shape,taam_events
P7-9_A6-7_C1,P5-6_A6-7_C1,15,0.09803922,0.07535121,1.30109671,exodus,major,transition_bucket_shape,taam_events
P<=4_A3_C0,P5-6_A6-7_C1,15,0.08379888,0.07535121,1.1121106,exodus,major,transition_bucket_shape,taam_events
P<=4_A4_C0,P10-12_A8+_C2,15,0.06976744,0.05747126,1.21395349,exodus,major,transition_bucket_shape,taam_events
P<=4_A3_C0,P<=4_A3_C0,15,0.08379888,0.07620264,1.09968478,exodus,major,transition_bucket_shape,taam_events
P<=4_A4_C0,P7-9_A6-7_C1,14,0.06511628,0.0651341,0.9997264,exodus,major,transition_bucket_shape,taam_events
P7-9_A6-7_C1,P7-9_A8+_C1,14,0.09150327,0.07790549,1.17454195,exodus,major,transition_bucket_shape,taam_events
P10-12_A8+_C2,P<=4_A3_C0,14,0.1037037,0.07620264,1.36089385,exodus,major,transition_bucket_shape,taam_events
P7-9_A8+_C1,P<=4_A3_C0,14,0.07650273,0.07620264,1.00393809,exodus,major,transition_bucket_shape,taam_events
P5-6_A6-7_C1,P5-6_A6-7_C1,14,0.07909605,0.07535121,1.04969836,exodus,major,transition_bucket_shape,taam_events
P7-9_A6-7_C1,P7-9_A6-7_C1,13,0.08496732,0.0651341,1.30449827,exodus,major,transition_bucket_shape,taam_events
P5-6_A6-7_C1,P<=4_A4_C0,13,0.07344633,0.09152831,0.80244383,exodus,major,transition_bucket_shape,taam_events
P<=4_A4_C0,P<=4_A3_C0,13,0.06046512,0.07620264,0.79347798,exodus,major,transition_bucket_shape,taam_events
P5-6_A6-7_C1,P7-9_A6-7_C1,13,0.07344633,0.0651341,1.12761715,exodus,major,transition_bucket_shape,taam_events
P5-6_A5_C0,P<=4_A3_C0,13,0.1023622,0.07620264,1.34328949,exodus,major,transition_bucket_shape,taam_events
P<=4_A4_C0,P5-6_A6-7_C1,13,0.06046512,0.07535121,0.80244383,exodus,major,transition_bucket_shape,taam_events
P10-12_A8+_C3,P<=4_A4_C0,13,0.23636364,0.09152831,2.58241015,exodus,major,transition_bucket_shape,taam_events
P7-9_A8+_C2,P<=4_A4_C0,12,0.08955224,0.09152831,0.97841027,exodus,major,transition_bucket_shape,taam_events
P<=4_A4_C0,P7-9_A8+_C1,12,0.05581395,0.07790549,0.71643157,exodus,major,transition_bucket_shape,taam_events
P7-9_A8+_C2,P<=4_A3_C0,12,0.08955224,0.07620264,1.17518552,exodus,major,transition_bucket_shape,taam_events
P7-9_A8+_C2,P5-6_A6-7_C1,12,0.08955224,0.07535121,1.18846446,exodus,major,transition_bucket_shape,taam_events
P5-6_A6-7_C1,P<=4_A3_C0,12,0.06779661,0.07620264,0.88968848,exodus,major,transition_bucket_shape,taam_events
P7-9_A8+_C1,P5-6_A6-7_C1,12,0.06557377,0.07535121,0.87024173,exodus,major,transition_bucket_shape,taam_events
P10-12_A8+_C2,P7-9_A6-7_C1,11,0.08148148,0.0651341,1.25098039,exodus,major,transition_bucket_shape,taam_events
P<=4_A3_C0,P<=4_A4_C0,11,0.06145251,0.09152831,0.67140444,exodus,major,transition_bucket_shape,taam_events
P10-12_A8+_C1,P<=4_A3_C0,11,0.11578947,0.07620264,1.51949427,exodus,major,transition_bucket_shape,taam_events
P7-9_A8+_C2,P7-9_A6-7_C1,11,0.08208955,0.0651341,1.26031607,exodus,major,transition_bucket_shape,taam_events
P10-12_A8+_C2,P7-9_A8+_C1,11,0.08148148,0.07790549,1.04590164,exodus,major,transition_bucket_shape,taam_events
P<=4_A2_C0,P<=4_A4_C0,11,0.25581395,0.09152831,2.79491617,exodus,major,transition_bucket_shape,taam_events
P7-9_A6-7_C1,P5-6_A5_C0,11,0.07189542,0.05449127,1.31939338,exodus,major,transition_bucket_shape,taam_events
P<=4_A4_C0,P5-6_A6-7_C0,11,0.05116279,0.04427416,1.15559034,exodus,major,transition_bucket_shape,taam_events
P7-9_A8+_C2,P7-9_A8+_C2,10,0.07462687,0.05704555,1.30819782,exodus,major,transition_bucket_shape,taam_events
P5-6_A6-7_C1,P7-9_A8+_C1,10,0.05649718,0.07790549,0.72520144,exodus,major,transition_bucket_shape,taam_events
P10-12_A8+_C2,P5-6_A6-7_C1,10,0.07407407,0.07535121,0.98305085,exodus,major,transition_bucket_shape,taam_events
P<=4_A3_C0,P13-15_A8+_C2,10,0.05586592,0.02171137,2.57311863,exodus,major,transition_bucket_shape,taam_events
P5-6_A4_C0,P<=4_A4_C0,10,0.14492754,0.09152831,1.58341759,exodus,major,transition_bucket_shape,taam_events
P10-12_A8+_C1,P10-12_A8+_C2,10,0.10526316,0.05747126,1.83157895,exodus,major,transition_bucket_shape,taam_events
P7-9_A8+_C1,P7-9_A6-7_C0,10,0.05464481,0.02894849,1.8876567,exodus,major,transition_bucket_shape,taam_events
P5-6_A5_C0,P<=4_A4_C0,10,0.07874016,0.09152831,0.860282,exodus,major,transition_bucket_shape,taam_events
P5-6_A6-7_C0,P10-12_A8+_C2,9,0.08653846,0.05747126,1.50576923,exodus,major,transition_bucket_shape,taam_events
P10-12_A8+_C1,P7-9_A8+_C1,9,0.09473684,0.07790549,1.21604832,exodus,major,transition_bucket_shape,taam_events
P7-9_A6-7_C1,P<=4_A3_C0,9,0.05882353,0.07620264,0.77193559,exodus,major,transition_bucket_shape,taam_events
P<=4_A3_C0,P10-12_A8+_C1,9,0.05027933,0.04044274,1.24322258,exodus,major,transition_bucket_shape,taam_events
P7-9_A8+_C1,P5-6_A6-7_C0,9,0.04918033,0.04427416,1.11081337,exodus,major,transition_bucket_shape,taam_events
P5-6_A6-7_C1,P10-12_A8+_C2,9,0.05084746,0.05747126,0.88474576,exodus,major,transition_bucket_shape,taam_events
P5-6_A6-7_C0,P7-9_A6-7_C1,9,0.08653846,0.0651341,1.32861991,exodus,major,transition_bucket_shape,taam_events
P10-12_A8+_C1,P5-6_A6-7_C0,9,0.09473684,0.04427416,2.13977733,exodus,major,transition_bucket_shape,taam_events
P<=4_A3_C0,P10-12_A8+_C3,9,0.05027933,0.02341422,2.14738446,exodus,major,transition_bucket_shape,taam_events
P<=4_A4_C0,P10-12_A8+_C1,9,0.04186047,0.04044274,1.03505508,exodus,major,transition_bucket_shape,taam_events
P5-6_A6-7_C1,P5-6_A4_C0,9,0.05084746,0.0293742,1.73102432,exodus,major,transition_bucket_shape,taam_events
P<=4_A5_C0,P5-6_A5_C0,9,0.13235294,0.05449127,2.42888327,exodus,major,transition_bucket_shape,taam_events
P<=4_A3_C0,P5-6_A5_C0,9,0.05027933,0.05449127,0.92270426,exodus,major,transition_bucket_shape,taam_events
P13-15_A8+_C3,P5-6_A6-7_C1,9,0.20454545,0.07535121,2.71456086,exodus,major,transition_bucket_shape,taam_events
P7-9_A6-7_C1,P10-12_A8+_C1,8,0.05228758,0.04044274,1.29287926,exodus,major,transition_bucket_shape,taam_events
P7-9_A8+_C1,P5-6_A4_C0,8,0.04371585,0.0293742,1.48823949,exodus,major,transition_bucket_shape,taam_events
P5-6_A5_C0,P10-12_A8+_C1,8,0.06299213,0.04044274,1.5575632,exodus,major,transition_bucket_shape,taam_events
P7-9_A8+_C2,P7-9_A8+_C1,8,0.05970149,0.07790549,0.76633227,exodus,major,transition_bucket_shape,taam_events
P<=4_A4_C0,P<=4_A2_C0,8,0.0372093,0.01830566,2.03266631,exodus,major,transition_bucket_shape,taam_events
P7-9_A8+_C1,P5-6_A5_C0,8,0.04371585,0.05449127,0.8022541,exodus,major,transition_bucket_shape,taam_events
P10-12_A8+_C3,P<=4_A3_C0,8,0.14545455,0.07620264,1.90878619,exodus,major,transition_bucket_shape,taam_events
P10-12_A8+_C1,P5-6_A5_C0,8,0.08421053,0.05449127,1.54539474,exodus,major,transition_bucket_shape,taam_events
P10-12_A8+_C1,P5-6_A6-7_C1,8,0.08421053,0.07535121,1.1175736,exodus,major,transition_bucket_shape,taam_events
P7-9_A8+_C1,P13-15_A8+_C2,8,0.04371585,0.02171137,2.01350048,exodus,major,transition_bucket_shape,taam_events
P5-6_A5_C0,P7-9_A6-7_C0,8,0.06299213,0.02894849,2.17600741,exodus,major,transition_bucket_shape,taam_events
P10-12_A8+_C2,P<=4_A5_C0,8,0.05925926,0.02894849,2.04705882,exodus,major,transition_bucket_shape,taam_events
P7-9_A8+_C1,P10-12_A8+_C2,7,0.03825137,0.05747126,0.66557377,exodus,major,transition_bucket_shape,taam_events
P<=4_A3_C0,P10-12_A8+_C2,7,0.03910615,0.05747126,0.68044693,exodus,major,transition_bucket_shape,taam_events
P13-15_A8+_C3,P10-12_A8+_C2,7,0.15909091,0.05747126,2.76818182,exodus,major,transition_bucket_shape,taam_events
P10-12_A8+_C2,P7-9_A8+_C2,7,0.05185185,0.05704555,0.90895522,exodus,major,transition_bucket_shape,taam_events
P<=4_A2_C0,P5-6_A6-7_C1,7,0.1627907,0.07535121,2.1604257,exodus,major,transition_bucket_shape,taam_events
P<=4_A5_C1,P7-9_A8+_C2,7,0.16666667,0.05704555,2.92164179,exodus,major,transition_bucket_shape,taam_events
P<=4_A4_C0,P5-6_A5_C1,7,0.03255814,0.02724564,1.19498547,exodus,major,transition_bucket_shape,taam_events
P10-12_A8+_C1,P7-9_A8+_C2,7,0.07368421,0.05704555,1.29167321,exodus,major,transition_bucket_shape,taam_events
P7-9_A8+_C1,P7-9_A6-7_C1,7,0.03825137,0.0651341,0.58727097,exodus,major,transition_bucket_shape,taam_events
P<=4_A5_C0,P7-9_A6-7_C1,7,0.10294118,0.0651341,1.58044983,exodus,major,transition_bucket_shape,taam_events
P5-6_A6-7_C0,P5-6_A5_C0,7,0.06730769,0.05449127,1.23520132,exodus,major,transition_bucket_shape,taam_events
P7-9_A8+_C2,P5-6_A5_C0,7,0.05223881,0.05449127,0.95866371,exodus,major,transition_bucket_shape,taam_events
P10-12_A8+_C2,P10-12_A8+_C1,7,0.05185185,0.04044274,1.28210526,exodus,major,transition_bucket_shape,taam_events
P5-6_A5_C0,P5-6_A6-7_C1,7,0.05511811,0.07535121,0.73148272,exodus,major,transition_bucket_shape,taam_events
P7-9_A8+_C2,P10-12_A8+_C2,7,0.05223881,0.05747126,0.90895522,exodus,major,transition_bucket_shape,taam_events
P5-6_A5_C0,P5-6_A5_C0,7,0.05511811,0.05449127,1.01150344,exodus,major,transition_bucket_shape,taam_events
P<=4_A3_C0,P5-6_A4_C0,7,0.03910615,0.0293742,1.33130921,exodus,major,transition_bucket_shape,taam_events
P<=4_A3_C0,P7-9_A8+_C2,7,0.03910615,0.05704555,0.68552489,exodus,major,transition_bucket_shape,taam_events
P7-9_A8+_C1,P<=4_A5_C0,7,0.03825137,0.02894849,1.32135969,exodus,major,transition_bucket_shape,taam_events
P5-6_A6-7_C1,P7-9_A6-7_C0,7,0.03954802,0.02894849,1.36615155,exodus,major,transition_bucket_shape,taam_events
P5-6_A4_C0,P7-9_A8+_C1,7,0.10144928,0.07790549,1.30220955,exodus,major,transition_bucket_shape,taam_events
P5-6_A6-7_C0,P5-6_A6-7_C1,7,0.06730769,0.07535121,0.89325293,exodus,major,transition_bucket_shape,taam_events
P5-6_A5_C0,P5-6_A6-7_C0,7,0.05511811,0.04427416,1.24492732,exodus,major,transition_bucket_shape,taam_events
P7-9_A6-7_C1,P7-9_A8+_C2,7,0.04575163,0.05704555,0.80201932,exodus,major,transition_bucket_shape,taam_events
P<=4_A4_C0,P5-6_A4_C0,6,0.02790698,0.0293742,0.95005056,exodus,major,transition_bucket_shape,taam_events
P7-9_A8+_C1,P10-12_A8+_C1,6,0.03278689,0.04044274,0.81069888,exodus,major,transition_bucket_shape,taam_events
P7-9_A8+_C2,P10-12_A8+_C3,6,0.04477612,0.02341422,1.91234735,exodus,major,transition_bucket_shape,taam_events
P5-6_A5_C0,P5-6_A5_C1,6,0.04724409,0.02724564,1.73400591,exodus,major,transition_bucket_shape,taam_events
P13-15_A8+_C2,P5-6_A5_C0,6,0.11764706,0.05449127,2.15900735,exodus,major,transition_bucket_shape,taam_events
P7-9_A8+_C1,P7-9_A8+_C2,6,0.03278689,0.05704555,0.5747492,exodus,major,transition_bucket_shape,taam_events
P<=4_A4_C0,P7-9_A6-7_C0,6,0.02790698,0.02894849,0.96402189,exodus,major,transition_bucket_shape,taam_events
P7-9_A8+_C2,P5-6_A6-7_C0,6,0.04477612,0.04427416,1.01133754,exodus,major,transition_bucket_shape,taam_events
P5-6_A5_C0,P7-9_A6-7_C1,6,0.04724409,0.0651341,0.7253358,exodus,major,transition_bucket_shape,taam_events
P5-6_A5_C0,P7-9_A8+_C2,6,0.04724409,0.05704555,0.82818193,exodus,major,transition_bucket_shape,taam_events
P13-15_A8+_C2,P7-9_A8+_C1,6,0.11764706,0.07790549,1.51012536,exodus,major,transition_bucket_shape,taam_events
P7-9_A6-7_C0,P7-9_A6-7_C1,6,0.08823529,0.0651341,1.35467128,exodus,major,transition_bucket_shape,taam_events
P<=4_A3_C0,P5-6_A6-7_C0,6,0.03351955,0.04427416,0.75709067,exodus,major,transition_bucket_shape,taam_events
P5-6_A6-7_C1,P5-6_A5_C0,6,0.03389831,0.05449127,0.62208686,exodus,major,transition_bucket_shape,taam_events
P10-12_A8+_C2,P5-6_A5_C0,6,0.04444444,0.05449127,0.815625,exodus,major,transition_bucket_shape,taam_events
P5-6_A5_C0,P7-9_A8+_C1,6,0.04724409,0.07790549,0.60642829,exodus,major,transition_bucket_shape,taam_events
P5-6_A6-7_C0,P7-9_A8+_C1,6,0.05769231,0.07790549,0.74054224,exodus,major,transition_bucket_shape,taam_events
P7-9_A6-7_C0,P7-9_A8+_C1,6,0.08823529,0.07790549,1.13259402,exodus,major,transition_bucket_shape,taam_events
P7-9_A6-7_C0,P<=4_A4_C0,6,0.08823529,0.09152831,0.96402189,exodus,major,transition_bucket_shape,taam_events
P5-6_A6-7_C1,P7-9_A6-7_C2,6,0.03389831,0.01191997,2.84382567,exodus,major,transition_bucket_shape,taam_events
P7-9_A8+_C2,P<=4_A5_C1,6,0.04477612,0.01787995,2.50426439,exodus,major,transition_bucket_shape,taam_events
P<=4_A5_C0,P7-9_A8+_C1,5,0.07352941,0.07790549,0.94382835,exodus,major,transition_bucket_shape,taam_events
P5-6_A4_C0,P5-6_A5_C0,5,0.07246377,0.05449127,1.32982337,exodus,major,transition_bucket_shape,taam_events
P13-15_A8+_C2,P5-6_A6-7_C1,5,0.09803922,0.07535121,1.30109671,exodus,major,transition_bucket_shape,taam_events
P5-6_A4_C0,P<=4_A3_C0,5,0.07246377,0.07620264,0.95093515,exodus,major,transition_bucket_shape,taam_events
P7-9_A6-7_C0,P7-9_A8+_C2,5,0.07352941,0.05704555,1.28895961,exodus,major,transition_bucket_shape,taam_events
P7-9_A8+_C1,P5-6_A5_C1,5,0.0273224,0.02724564,1.00281762,exodus,major,transition_bucket_shape,taam_events
P10-12_A8+_C2,P10-12_A8+_C2,5,0.03703704,0.05747126,0.64444444,exodus,major,transition_bucket_shape,taam_events
P<=4_A2_C0,P7-9_A8+_C1,5,0.11627907,0.07790549,1.49256576,exodus,major,transition_bucket_shape,taam_events
P<=4_A3_C0,P<=4_A5_C0,5,0.02793296,0.02894849,0.96491949,exodus,major,transition_bucket_shape,taam_events
P<=4_A5_C0,P<=4_A3_C0,5,0.07352941,0.07620264,0.96491949,exodus,major,transition_bucket_shape,taam_events
P7-9_A8+_C2,P<=4_A5_C0,5,0.03731343,0.02894849,1.28895961,exodus,major,transition_bucket_shape,taam_events
P5-6_A6-7_C0,P<=4_A4_C0,5,0.04807692,0.09152831,0.52526834,exodus,major,transition_bucket_shape,taam_events
P5-6_A6-7_C0,P10-12_A8+_C3,5,0.04807692,0.02341422,2.05332168,exodus,major,transition_bucket_shape,taam_events
P5-6_A6-7_C0,P5-6_A5_C1,5,0.04807692,0.02724564,1.76457332,exodus,major,transition_bucket_shape,taam_events
P5-6_A5_C1,P10-12_A8+_C2,5,0.078125,0.05747126,1.359375,exodus,major,transition_bucket_shape,taam_events
P5-6_A6-7_C0,P<=4_A3_C0,5,0.04807692,0.07620264,0.6309089,exodus,major,transition_bucket_shape,taam_events
P13-15_A8+_C1,P5-6_A6-7_C1,5,0.22727273,0.07535121,3.01617874,exodus,major,transition_bucket_shape,taam_events
P7-9_A6-7_C0,P10-12_A8+_C2,5,0.07352941,0.05747126,1.27941176,exodus,major,transition_bucket_shape,taam_events
P5-6_A6-7_C1,P<=4_A5_C0,5,0.02824859,0.02894849,0.97582253,exodus,major,transition_bucket_shape,taam_events
P<=4_A5_C0,P5-6_A6-7_C0,5,0.07352941,0.04427416,1.66077489,exodus,major,transition_bucket_shape,taam_events
P5-6_A5_C1,P5-6_A6-7_C1,5,0.078125,0.07535121,1.03681144,exodus,major,transition_bucket_shape,taam_events
P5-6_A6-7_C1,P10-12_A8+_C3,5,0.02824859,0.02341422,1.20647149,exodus,major,transition_bucket_shape,taam_events
P7-9_A6-7_C1,P5-6_A6-7_C0,5,0.03267974,0.04427416,0.73812217,exodus,major,transition_bucket_shape,taam_events
P7-9_A6-7_C0,P5-6_A4_C0,5,0.07352941,0.0293742,2.50319693,exodus,major,transition_bucket_shape,taam_events
P5-6_A5_C1,P7-9_A6-7_C1,5,0.078125,0.0651341,1.19944853,exodus,major,transition_bucket_shape,taam_events
P5-6_A5_C1,P<=4_A5_C0,5,0.078125,0.02894849,2.69875919,exodus,major,transition_bucket_shape,taam_events
P5-6_A6-7_C0,P7-9_A8+_C0,5,0.04807692,0.01362282,3.52914663,exodus,major,transition_bucket_shape,taam_events
P7-9_A6-7_C0,P<=4_A3_C0,5,0.07352941,0.07620264,0.96491949,exodus,major,transition_bucket_shape,taam_events
P5-6_A6-7_C1,P<=4_A4_C1,5,0.02824859,0.00808855,3.49241748,exodus,major,transition_bucket_shape,taam_events
P5-6_A5_C1,P<=4_A3_C0,5,0.078125,0.07620264,1.02522696,exodus,major,transition_bucket_shape,taam_events
P<=4_A4_C0,P5-6_A8+_C1,5,0.02325581,0.00936569,2.48308668,exodus,major,transition_bucket_shape,taam_events
P5-6_A4_C0,P10-12_A8+_C2,5,0.07246377,0.05747126,1.26086957,exodus,major,transition_bucket_shape,taam_events
P<=4_A5_C1,P<=4_A4_C0,4,0.0952381,0.09152831,1.04053156,exodus,major,transition_bucket_shape,taam_events
P<=4_A4_C0,P<=4_A5_C0,4,0.01860465,0.02894849,0.64268126,exodus,major,transition_bucket_shape,taam_events
P7-9_A6-7_C1,P<=4_A5_C1,4,0.02614379,0.01787995,1.46218487,exodus,major,transition_bucket_shape,taam_events
P7-9_A8+_C1,P7-9_A6-7_C2,4,0.02185792,0.01191997,1.83372365,exodus,major,transition_bucket_shape,taam_events
P7-9_A6-7_C2,P7-9_A8+_C1,4,0.14285714,0.07790549,1.83372365,exodus,major,transition_bucket_shape,taam_events
P<=4_A4_C1,P10-12_A8+_C1,4,0.21052632,0.04044274,5.20554017,exodus,major,transition_bucket_shape,taam_events
P10-12_A8+_C3,P7-9_A6-7_C1,4,0.07272727,0.0651341,1.11657754,exodus,major,transition_bucket_shape,taam_events
P10-12_A8+_C1,P<=4_A4_C0,4,0.04210526,0.09152831,0.46002448,exodus,major,transition_bucket_shape,taam_events
P10-12_A8+_C1,P7-9_A6-7_C0,4,0.04210526,0.02894849,1.45448916,exodus,major,transition_bucket_shape,taam_events
P<=4_A3_C0,P13-15_A8+_C3,4,0.02234637,0.01873138,1.19299137,exodus,major,transition_bucket_shape,taam_events
P10-12_A8+_C2,P5-6_A6-7_C0,4,0.02962963,0.04427416,0.66923077,exodus,major,transition_bucket_shape,taam_events
P16-18_A8+_C2,P7-9_A8+_C1,4,0.17391304,0.07790549,2.23235923,exodus,major,transition_bucket_shape,taam_events
P13-15_A8+_C3,P7-9_A8+_C1,4,0.09090909,0.07790549,1.16691505,exodus,major,transition_bucket_shape,taam_events
P<=4_A3_C0,P<=4_A5_C1,4,0.02234637,0.01787995,1.24980048,exodus,major,transition_bucket_shape,taam_events
P5-6_A6-7_C1,P13-15_A8+_C3,4,0.02259887,0.01873138,1.20647149,exodus,major,transition_bucket_shape,taam_events
P7-9_A8+_C0,P5-6_A6-7_C1,4,0.125,0.07535121,1.65889831,exodus,major,transition_bucket_shape,taam_events
P7-9_A8+_C1,P10-12_A8+_C3,4,0.02185792,0.02341422,0.93353204,exodus,major,transition_bucket_shape,taam_events
P10-12_A8+_C2,P5-6_A4_C0,4,0.02962963,0.0293742,1.00869565,exodus,major,transition_bucket_shape,taam_events
P5-6_A4_C0,P7-9_A8+_C2,4,0.05797101,0.05704555,1.01622323,exodus,major,transition_bucket_shape,taam_events
P5-6_A6-7_C1,P10-12_A8+_C1,4,0.02259887,0.04044274,0.5587868,exodus,major,transition_bucket_shape,taam_events
P5-6_A6-7_C0,P5-6_A6-7_C2,4,0.03846154,0.00425713,9.03461538,exodus,major,transition_bucket_shape,taam_events
P7-9_A6-7_C1,P<=4_A5_C0,4,0.02614379,0.02894849,0.90311419,exodus,major,transition_bucket_shape,taam_events
P5-6_A5_C1,P10-12_A8+_C1,4,0.0625,0.04044274,1.54539474,exodus,major,transition_bucket_shape,taam_events
P5-6_A4_C0,P7-9_A6-7_C0,4,0.05797101,0.02894849,2.00255754,exodus,major,transition_bucket_shape,taam_events
P10-12_A8+_C1,P10-12_A8+_C1,4,0.04210526,0.04044274,1.04110803,exodus,major,transition_bucket_shape,taam_events
P5-6_A6-7_C0,P7-9_A8+_C2,4,0.03846154,0.05704555,0.67422503,exodus,major,transition_bucket_shape,taam_events
P5-6_A6-7_C0,P13-15_A8+_C3,4,0.03846154,0.01873138,2.05332168,exodus,major,transition_bucket_shape,taam_events
P5-6_A5_C0,P13-15_A8+_C3,4,0.03149606,0.01873138,1.68146027,exodus,major,transition_bucket_shape,taam_events
P7-9_A6-7_C0,P<=4_A5_C1,4,0.05882353,0.01787995,3.28991597,exodus,major,transition_bucket_shape,taam_events
P5-6_A6-7_C0,P7-9_A6-7_C2,4,0.03846154,0.01191997,3.22664835,exodus,major,transition_bucket_shape,taam_events
P10-12_A8+_C2,P13-15_A8+_C2,4,0.02962963,0.02171137,1.36470588,exodus,major,transition_bucket_shape,taam_events
P13-15_A8+_C2,P5-6_A6-7_C0,4,0.07843137,0.04427416,1.77149321,exodus,major,transition_bucket_shape,taam_events
P5-6_A6-7_C1,P13-15_A8+_C2,4,0.02259887,0.02171137,1.04087737,exodus,major,transition_bucket_shape,taam_events
P13-15_A8+_C2,P<=4_A4_C0,4,0.07843137,0.09152831,0.85690834,exodus,major,transition_bucket_shape,taam_events
P5-6_A5_C1,P7-9_A8+_C1,4,0.0625,0.07790549,0.8022541,exodus,major,transition_bucket_shape,taam_events
P10-12_A8+_C3,P10-12_A8+_C2,4,0.07272727,0.05747126,1.26545455,exodus,major,transition_bucket_shape,taam_events
P7-9_A6-7_C0,P10-12_A8+_C3,4,0.05882353,0.02341422,2.51229947,exodus,major,transition_bucket_shape,taam_events
P5-6_A4_C0,P5-6_A5_C1,4,0.05797101,0.02724564,2.12771739,exodus,major,transition_bucket_shape,taam_events
P13-15_A8+_C2,P10-12_A8+_C2,4,0.07843137,0.05747126,1.36470588,exodus,major,transition_bucket_shape,taam_events
P7-9_A8+_C1,P7-9_A8+_C0,4,0.02185792,0.01362282,1.6045082,exodus,major,transition_bucket_shape,taam_events
P7-9_A8+_C0,P<=4_A4_C0,4,0.125,0.09152831,1.36569767,exodus,major,transition_bucket_shape,taam_events
P5-6_A4_C0,P5-6_A6-7_C1,4,0.05797101,0.07535121,0.76934414,exodus,major,transition_bucket_shape,taam_events
P7-9_A6-7_C1,P5-6_A4_C0,4,0.02614379,0.0293742,0.89002558,exodus,major,transition_bucket_shape,taam_events
P5-6_A5_C0,P<=4_A5_C1,4,0.03149606,0.01787995,1.76152981,exodus,major,transition_bucket_shape,taam_events
P<=4_A4_C0,P<=4_A5_C1,4,0.01860465,0.01787995,1.04053156,exodus,major,transition_bucket_shape,taam_events
P5-6_A5_C1,P7-9_A8+_C2,4,0.0625,0.05704555,1.09561567,exodus,major,transition_bucket_shape,taam_events
P7-9_A8+_C2,P13-15_A8+_C3,4,0.02985075,0.01873138,1.5936228,exodus,major,transition_bucket_shape,taam_events
P5-6_A5_C0,P16-18_A8+_C2,4,0.03149606,0.0097914,3.21670661,exodus,major,transition_bucket_shape,taam_events
P10-12_A8+_C3,P5-6_A6-7_C1,4,0.07272727,0.07535121,0.9651772,exodus,major,transition_bucket_shape,taam_events
P<=4_A6-7_C1,P7-9_A8+_C1,4,0.30769231,0.07790549,3.94955864,exodus,major,transition_bucket_shape,taam_events
P7-9_A6-7_C1,P13-15_A8+_C3,4,0.02614379,0.01873138,1.39572193,exodus,major,transition_bucket_shape,taam_events
P5-6_A4_C0,P5-6_A6-7_C0,4,0.05797101,0.04427416,1.30936455,exodus,major,transition_bucket_shape,taam_events
P7-9_A6-7_C1,P10-12_A8+_C2,4,0.02614379,0.05747126,0.45490196,exodus,major,transition_bucket_shape,taam_events
P7-9_A6-7_C2,P<=4_A3_C0,4,0.14285714,0.07620264,1.87470072,exodus,major,transition_bucket_shape,taam_events
P7-9_A6-7_C0,P10-12_A8+_C1,4,0.05882353,0.04044274,1.45448916,exodus,major,transition_bucket_shape,taam_events
P5-6_A5_C0,P10-12_A8+_C2,4,0.03149606,0.05747126,0.5480315,exodus,major,transition_bucket_shape,taam_events
P5-6_A6-7_C0,P10-12_A8+_C1,4,0.03846154,0.04044274,0.95101215,exodus,major,transition_bucket_shape,taam_events
P7-9_A8+_C2,P<=4_A2_C0,4,0.02985075,0.01830566,1.63068379,exodus,major,transition_bucket_shape,taam_events
P5-6_A6-7_C0,P7-9_A8+_C3,4,0.03846154,0.0063857,6.02307692,exodus,major,transition_bucket_shape,taam_events
P7-9_A8+_C0,P<=4_A2_C0,4,0.125,0.01830566,6.82848837,exodus,major,transition_bucket_shape,taam_events
P<=4_A4_C0,P5-6_A3_C0,4,0.01860465,0.00468284,3.97293869,exodus,major,transition_bucket_shape,taam_events
P5-6_A3_C0,P<=4_A3_C0,4,0.36363636,0.07620264,4.77196546,exodus,major,transition_bucket_shape,taam_events
P5-6_A6-7_C1,P5-6_A6-7_C0,4,0.02259887,0.04427416,0.51043025,exodus,major,transition_bucket_shape,taam_events
P5-6_A5_C0,P<=4_A2_C0,3,0.02362205,0.01830566,1.290423,exodus,major,transition_bucket_shape,taam_events
P<=4_A2_C0,P7-9_A8+_C2,3,0.06976744,0.05704555,1.22301284,exodus,major,transition_bucket_shape,taam_events
P<=4_A4_C0,P16-18_A8+_C2,3,0.01395349,0.0097914,1.42507583,exodus,major,transition_bucket_shape,taam_events
P<=4_A5_C1,P5-6_A6-7_C0,3,0.07142857,0.04427416,1.61332418,exodus,major,transition_bucket_shape,taam_events
P5-6_A8+_C1,P13-15_A8+_C2,3,0.13636364,0.02171137,6.28074866,exodus,major,transition_bucket_shape,taam_events
P13-15_A8+_C2,P<=4_A5_C0,3,0.05882353,0.02894849,2.03200692,exodus,major,transition_bucket_shape,taam_events
P<=4_A5_C0,P7-9_A8+_C2,3,0.04411765,0.05704555,0.77337577,exodus,major,transition_bucket_shape,taam_events
P5-6_A5_C1,P5-6_A6-7_C0,3,0.046875,0.04427416,1.05874399,exodus,major,transition_bucket_shape,taam_events
P13-15_A8+_C3,P5-6_A5_C0,3,0.06818182,0.05449127,1.2512429,exodus,major,transition_bucket_shape,taam_events
P7-9_A6-7_C2,P10-12_A8+_C2,3,0.10714286,0.05747126,1.86428571,exodus,major,transition_bucket_shape,taam_events
P5-6_A8+_C1,P<=4_A4_C0,3,0.13636364,0.09152831,1.48985201,exodus,major,transition_bucket_shape,taam_events
P5-6_A6-7_C0,P5-6_A4_C0,3,0.02884615,0.0293742,0.98202341,exodus,major,transition_bucket_shape,taam_events
P13-15_A8+_C1,P5-6_A6-7_C0,3,0.13636364,0.04427416,3.07998252,exodus,major,transition_bucket_shape,taam_events
P<=4_A2_C0,P<=4_A5_C0,3,0.06976744,0.02894849,2.41005472,exodus,major,transition_bucket_shape,taam_events
P10-12_A8+_C0,P10-12_A8+_C2,3,0.27272727,0.05747126,4.74545455,exodus,major,transition_bucket_shape,taam_events
P10-12_A8+_C2,P5-6_A5_C1,3,0.02222222,0.02724564,0.815625,exodus,major,transition_bucket_shape,taam_events
P5-6_A5_C1,P<=4_A4_C0,3,0.046875,0.09152831,0.51213663,exodus,major,transition_bucket_shape,taam_events
P<=4_A4_C0,P13-15_A8+_C1,3,0.01395349,0.00936569,1.48985201,exodus,major,transition_bucket_shape,taam_events
P7-9_A8+_C1,P5-6_A4_C1,3,0.01639344,0.00425713,3.85081967,exodus,major,transition_bucket_shape,taam_events
P10-12_A8+_C1,P13-15_A8+_C2,3,0.03157895,0.02171137,1.45448916,exodus,major,transition_bucket_shape,taam_events
P<=4_A5_C0,P10-12_A8+_C2,3,0.04411765,0.05747126,0.76764706,exodus,major,transition_bucket_shape,taam_events
P10-12_A8+_C2,P7-9_A6-7_C0,3,0.02222222,0.02894849,0.76764706,exodus,major,transition_bucket_shape,taam_events
P13-15_A8+_C2,P<=4_A3_C0,3,0.05882353,0.07620264,0.77193559,exodus,major,transition_bucket_shape,taam_events
P<=4_A4_C0,P7-9_A5_C1,3,0.01395349,0.00425713,3.27767442,exodus,major,transition_bucket_shape,taam_events
P<=4_A4_C0,P10-12_A8+_C3,3,0.01395349,0.02341422,0.5959408,exodus,major,transition_bucket_shape,taam_events
P10-12_A8+_C2,P10-12_A8+_C3,3,0.02222222,0.02341422,0.94909091,exodus,major,transition_bucket_shape,taam_events
P10-12_A8+_C1,P7-9_A6-7_C1,3,0.03157895,0.0651341,0.48482972,exodus,major,transition_bucket_shape,taam_events
P<=4_A4_C0,P13-15_A8+_C3,3,0.01395349,0.01873138,0.744926,exodus,major,transition_bucket_shape,taam_events
P10-12_A8+_C3,P7-9_A8+_C2,3,0.05454545,0.05704555,0.95617368,exodus,major,transition_bucket_shape,taam_events
P7-9_A8+_C1,P16-18_A8+_C2,3,0.01639344,0.0097914,1.67426942,exodus,major,transition_bucket_shape,taam_events
P5-6_A4_C0,P10-12_A8+_C1,3,0.04347826,0.04044274,1.07505721,exodus,major,transition_bucket_shape,taam_events
P<=4_A5_C0,P<=4_A5_C0,3,0.04411765,0.02894849,1.52400519,exodus,major,transition_bucket_shape,taam_events
P5-6_A5_C0,P5-6_A4_C0,3,0.02362205,0.0293742,0.80417665,exodus,major,transition_bucket_shape,taam_events
P5-6_A6-7_C0,P7-9_A6-7_C0,3,0.02884615,0.02894849,0.99646493,exodus,major,transition_bucket_shape,taam_events
P13-15_A8+_C2,P7-9_A6-7_C1,3,0.05882353,0.0651341,0.90311419,exodus,major,transition_bucket_shape,taam_events
P7-9_A6-7_C1,P13-15_A8+_C2,3,0.01960784,0.02171137,0.90311419,exodus,major,transition_bucket_shape,taam_events
P5-6_A6-7_C0,P<=4_A2_C0,3,0.02884615,0.01830566,1.57580501,exodus,major,transition_bucket_shape,taam_events
P<=4_A5_C1,P7-9_A8+_C1,3,0.07142857,0.07790549,0.91686183,exodus,major,transition_bucket_shape,taam_events
P<=4_A3_C0,P5-6_A5_C1,3,0.01675978,0.02724564,0.61513617,exodus,major,transition_bucket_shape,taam_events
P5-6_A6-7_C1,P5-6_A5_C1,3,0.01694915,0.02724564,0.62208686,exodus,major,transition_bucket_shape,taam_events
P7-9_A8+_C1,P5-6_A3_C0,3,0.01639344,0.00468284,3.50074516,exodus,major,transition_bucket_shape,taam_events
P13-15_A8+_C2,P5-6_A5_C1,3,0.05882353,0.02724564,2.15900735,exodus,major,transition_bucket_shape,taam_events
P7-9_A6-7_C1,P5-6_A5_C1,3,0.01960784,0.02724564,0.71966912,exodus,major,transition_bucket_shape,taam_events
P<=4_A5_C0,P<=4_A4_C0,3,0.04411765,0.09152831,0.48201094,exodus,major,transition_bucket_shape,taam_events
P5-6_A5_C1,P5-6_A4_C0,3,0.046875,0.0293742,1.59578804,exodus,major,transition_bucket_shape,taam_events
P<=4_A3_C0,P<=4_A2_C0,3,0.01675978,0.01830566,0.91555151,exodus,major,transition_bucket_shape,taam_events
P13-15_A8+_C3,P<=4_A3_C0,3,0.06818182,0.07620264,0.89474352,exodus,major,transition_bucket_shape,taam_events
P4_A4_C0,P5_A5_C0,9,0.08653846,0.04086845,2.11748798,exodus,major,transition_exact_shape,taam_events
P5_A4_C0,P3_A4_C0,9,0.16071429,0.04682844,3.43198052,exodus,major,transition_exact_shape,taam_events
P2_A2_C0,P3_A4_C0,6,0.26086957,0.04682844,5.57075099,exodus,major,transition_exact_shape,taam_events
P4_A4_C0,P5_A6_C0,6,0.05769231,0.02085994,2.76569859,exodus,major,transition_exact_shape,taam_events
P5_A4_C0,P5_A5_C0,5,0.08928571,0.04086845,2.18470982,exodus,major,transition_exact_shape,taam_events
P3_A4_C0,P2_A2_C0,5,0.04545455,0.0097914,4.64229249,exodus,major,transition_exact_shape,taam_events
P5_A5_C0,P3_A3_C0,5,0.05208333,0.02724564,1.91162109,exodus,major,transition_exact_shape,taam_events
P3_A4_C0,P4_A4_C0,5,0.04545455,0.04427416,1.02666084,exodus,major,transition_exact_shape,taam_events
P7_A8_C1,P4_A4_C0,5,0.12820513,0.04427416,2.89571006,exodus,major,transition_exact_shape,taam_events
P6_A6_C1,P3_A4_C0,5,0.1,0.04682844,2.13545455,exodus,major,transition_exact_shape,taam_events
P3_A4_C0,P5_A5_C0,5,0.04545455,0.04086845,1.11221591,exodus,major,transition_exact_shape,taam_events
P3_A3_C0,P2_A3_C0,5,0.078125,0.02767135,2.82331731,exodus,major,transition_exact_shape,taam_events
P4_A5_C0,P6_A5_C0,5,0.08474576,0.01362282,6.22086864,exodus,major,transition_exact_shape,taam_events
P2_A3_C0,P5_A5_C0,5,0.07692308,0.04086845,1.88221154,exodus,major,transition_exact_shape,taam_events
P4_A4_C0,P4_A4_C0,5,0.04807692,0.04427416,1.08589127,exodus,major,transition_exact_shape,taam_events
P4_A4_C0,P6_A8_C1,5,0.04807692,0.00723712,6.64309955,exodus,major,transition_exact_shape,taam_events
P4_A5_C1,P3_A4_C0,4,0.1,0.04682844,2.13545455,exodus,major,transition_exact_shape,taam_events
P3_A4_C0,P7_A7_C1,4,0.03636364,0.02469136,1.47272727,exodus,major,transition_exact_shape,taam_events
P7_A7_C1,P5_A6_C1,4,0.06896552,0.02979991,2.31428571,exodus,major,transition_exact_shape,taam_events
P7_A6_C1,P3_A4_C0,4,0.12121212,0.04682844,2.58842975,exodus,major,transition_exact_shape,taam_events
P7_A7_C1,P3_A4_C0,4,0.06896552,0.04682844,1.47272727,exodus,major,transition_exact_shape,taam_events
P3_A4_C0,P7_A6_C1,4,0.03636364,0.01404853,2.58842975,exodus,major,transition_exact_shape,taam_events
P5_A5_C0,P5_A5_C0,4,0.04166667,0.04086845,1.01953125,exodus,major,transition_exact_shape,taam_events
P5_A5_C0,P9_A8_C1,4,0.04166667,0.01362282,3.05859375,exodus,major,transition_exact_shape,taam_events
P6_A6_C1,P4_A5_C0,4,0.08,0.02511707,3.18508475,exodus,major,transition_exact_shape,taam_events
P4_A4_C0,P6_A7_C1,4,0.03846154,0.01873138,2.05332168,exodus,major,transition_exact_shape,taam_events
P8_A7_C1,P5_A5_C0,4,0.11764706,0.04086845,2.87867647,exodus,major,transition_exact_shape,taam_events
P5_A6_C1,P4_A4_C0,4,0.05714286,0.04427416,1.29065934,exodus,major,transition_exact_shape,taam_events
P3_A4_C0,P5_A5_C1,4,0.03636364,0.0195828,1.856917,exodus,major,transition_exact_shape,taam_events
P5_A4_C0,P9_A9_C1,4,0.07142857,0.00936569,7.62662338,exodus,major,transition_exact_shape,taam_events
P5_A5_C1,P4_A5_C0,4,0.08695652,0.02511707,3.46204864,exodus,major,transition_exact_shape,taam_events
P5_A5_C0,P7_A7_C0,4,0.04166667,0.00595998,6.99107143,exodus,major,transition_exact_shape,taam_events
P5_A5_C0,P5_A6_C0,4,0.04166667,0.02085994,1.99744898,exodus,major,transition_exact_shape,taam_events
P9_A8_C1,P3_A4_C0,4,0.125,0.04682844,2.66931818,exodus,major,transition_exact_shape,taam_events
P2_A3_C0,P4_A4_C0,4,0.06153846,0.04427416,1.38994083,exodus,major,transition_exact_shape,taam_events
P4_A5_C0,P7_A7_C1,4,0.06779661,0.02469136,2.74576271,exodus,major,transition_exact_shape,taam_events
P5_A6_C1,P4_A4_C1,4,0.05714286,0.0063857,8.94857143,exodus,major,transition_exact_shape,taam_events
P4_A5_C0,P5_A5_C0,4,0.06779661,0.04086845,1.65889831,exodus,major,transition_exact_shape,taam_events
P5_A6_C1,P5_A4_C0,4,0.05714286,0.02383993,2.39693878,exodus,major,transition_exact_shape,taam_events
P4_A3_C0,P5_A6_C1,4,0.08,0.02979991,2.68457143,exodus,major,transition_exact_shape,taam_events
P4_A5_C0,P8_A8_C1,3,0.05084746,0.01702852,2.98601695,exodus,major,transition_exact_shape,taam_events
P4_A3_C0,P4_A4_C0,3,0.06,0.04427416,1.35519231,exodus,major,transition_exact_shape,taam_events
P4_A4_C0,P5_A4_C0,3,0.02884615,0.02383993,1.20999313,exodus,major,transition_exact_shape,taam_events
P5_A5_C0,P6_A5_C1,3,0.03125,0.00766284,4.078125,exodus,major,transition_exact_shape,taam_events
P5_A4_C0,P2_A3_C0,3,0.05357143,0.02767135,1.93598901,exodus,major,transition_exact_shape,taam_events
P3_A4_C0,P11_A10_C2,3,0.02727273,0.00595998,4.57597403,exodus,major,transition_exact_shape,taam_events
P11_A10_C2,P4_A4_C0,3,0.21428571,0.04427416,4.83997253,exodus,major,transition_exact_shape,taam_events
P6_A8_C1,P4_A4_C0,3,0.17647059,0.04427416,3.98585973,exodus,major,transition_exact_shape,taam_events
P4_A4_C0,P2_A3_C0,3,0.02884615,0.02767135,1.04245562,exodus,major,transition_exact_shape,taam_events
P3_A4_C0,P8_A8_C2,3,0.02727273,0.01191997,2.28798701,exodus,major,transition_exact_shape,taam_events
P6_A6_C1,P3_A3_C0,3,0.06,0.02724564,2.2021875,exodus,major,transition_exact_shape,taam_events
P9_A9_C1,P5_A5_C0,3,0.13636364,0.04086845,3.33664773,exodus,major,transition_exact_shape,taam_events
P3_A3_C0,P6_A6_C1,3,0.046875,0.02128565,2.2021875,exodus,major,transition_exact_shape,taam_events
P11_A11_C2,P2_A3_C0,3,0.17647059,0.02767135,6.37737557,exodus,major,transition_exact_shape,taam_events
P3_A4_C0,P3_A3_C0,3,0.02727273,0.02724564,1.00099432,exodus,major,transition_exact_shape,taam_events
P8_A8_C2,P4_A5_C0,3,0.10714286,0.02511707,4.2657385,exodus,major,transition_exact_shape,taam_events
P3_A4_C0,P6_A6_C1,3,0.02727273,0.02128565,1.28127273,exodus,major,transition_exact_shape,taam_events
P5_A5_C1,P3_A4_C0,3,0.06521739,0.04682844,1.39268775,exodus,major,transition_exact_shape,taam_events
P8_A7_C1,P4_A5_C0,3,0.08823529,0.02511707,3.51296112,exodus,major,transition_exact_shape,taam_events
P3_A3_C0,P6_A7_C0,3,0.046875,0.00723712,6.47702206,exodus,major,transition_exact_shape,taam_events
P5_A6_C1,P5_A5_C0,3,0.04285714,0.04086845,1.04866071,exodus,major,transition_exact_shape,taam_events
P5_A5_C0,P6_A6_C1,3,0.03125,0.02128565,1.468125,exodus,major,transition_exact_shape,taam_events
P4_A3_C0,P7_A7_C1,3,0.06,0.02469136,2.43,exodus,major,transition_exact_shape,taam_events
P7_A7_C1,P10_A9_C1,3,0.05172414,0.00681141,7.59375,exodus,major,transition_exact_shape,taam_events
P4_A4_C0,P3_A3_C0,3,0.02884615,0.02724564,1.05874399,exodus,major,transition_exact_shape,taam_events
P4_A4_C0,P7_A5_C1,3,0.02884615,0.00425713,6.77596154,exodus,major,transition_exact_shape,taam_events
P6_A6_C0,P4_A4_C0,3,0.08571429,0.04427416,1.93598901,exodus,major,transition_exact_shape,taam_events
P5_A6_C0,P6_A5_C1,3,0.06122449,0.00766284,7.98979592,exodus,major,transition_exact_shape,taam_events
P4_A4_C0,P3_A4_C0,3,0.02884615,0.04682844,0.6159965,exodus,major,transition_exact_shape,taam_events
P6_A7_C1,P3_A3_C0,3,0.06818182,0.02724564,2.5024858,exodus,major,transition_exact_shape,taam_events
P7_A8_C1,P5_A4_C0,3,0.07692308,0.02383993,3.22664835,exodus,major,transition_exact_shape,taam_events
P8_A9_C1,P9_A8_C1,3,0.15789474,0.01362282,11.59046053,exodus,major,transition_exact_shape,taam_events
P6_A7_C1,P5_A4_C0,3,0.06818182,0.02383993,2.85998377,exodus,major,transition_exact_shape,taam_events
P5_A5_C0,P5_A4_C0,3,0.03125,0.02383993,1.31082589,exodus,major,transition_exact_shape,taam_events
P6_A6_C1,P5_A6_C1,3,0.06,0.02979991,2.01342857,exodus,major,transition_exact_shape,taam_events
P5_A5_C0,P4_A5_C1,3,0.03125,0.01702852,1.83515625,exodus,major,transition_exact_shape,taam_events
P4_A4_C0,P4_A5_C1,3,0.02884615,0.01702852,1.69399038,exodus,major,transition_exact_shape,taam_events
P2_A3_C0,P6_A6_C1,3,0.04615385,0.02128565,2.16830769,exodus,major,transition_exact_shape,taam_events
P4_A5_C1,P9_A9_C2,3,0.075,0.01021711,7.340625,exodus,major,transition_exact_shape,taam_events
P4_A6_C1,P8_A8_C1,3,0.3,0.01702852,17.6175,exodus,major,transition_exact_shape,taam_events
P5_A5_C0,P3_A4_C0,3,0.03125,0.04682844,0.66732955,exodus,major,transition_exact_shape,taam_events
P2_A3_C0,P4_A3_C0,3,0.04615385,0.02128565,2.16830769,exodus,major,transition_exact_shape,taam_events
P2_A3_C0,P3_A3_C0,3,0.04615385,0.02724564,1.69399038,exodus,major,transition_exact_shape,taam_events
P7_A6_C1,P5_A6_C1,3,0.09090909,0.02979991,3.05064935,exodus,major,transition_exact_shape,taam_events
P4_A4_C0,P6_A6_C1,3,0.02884615,0.02128565,1.35519231,exodus,major,transition_exact_shape,taam_events
P5_A6_C0,P4_A3_C0,3,0.06122449,0.02128565,2.87632653,exodus,major,transition_exact_shape,taam_events
P5_A5_C1,P9_A9_C2,3,0.06521739,0.01021711,6.38315217,exodus,major,transition_exact_shape,taam_events
P3_A4_C0,P7_A6_C0,3,0.02727273,0.01234568,2.20909091,exodus,major,transition_exact_shape,taam_events
P5_A6_C0,P6_A6_C1,3,0.06122449,0.02128565,2.87632653,exodus,major,transition_exact_shape,taam_events
P6_A6_C1,P6_A7_C1,3,0.06,0.01873138,3.20318182,exodus,major,transition_exact_shape,taam_events
P7_A6_C0,P4_A5_C1,3,0.10344828,0.01702852,6.075,exodus,major,transition_exact_shape,taam_events
P3_A4_C0,P6_A5_C0,3,0.02727273,0.01362282,2.00198864,exodus,major,transition_exact_shape,taam_events
P11_A8_C1,P5_A6_C0,3,0.6,0.02085994,28.76326531,exodus,major,transition_exact_shape,taam_events
P4_A5_C0,P4_A3_C0,3,0.05084746,0.02128565,2.38881356,exodus,major,transition_exact_shape,taam_events
P2_A3_C0,P5_A4_C0,3,0.04615385,0.02383993,1.93598901,exodus,major,transition_exact_shape,taam_events
P5_A4_C0,P5_A5_C1,3,0.05357143,0.0195828,2.73563665,exodus,major,transition_exact_shape,taam_events
P3_A4_C0,P3_A4_C0,3,0.02727273,0.04682844,0.58239669,exodus,major,transition_exact_shape,taam_events
P5_A6_C0,P5_A5_C0,3,0.06122449,0.04086845,1.49808673,exodus,major,transition_exact_shape,taam_events
P4_A3_C0,P8_A8_C1,3,0.06,0.01702852,3.5235,exodus,major,transition_exact_shape,taam_events
P4_A5_C0,P4_A4_C0,3,0.05084746,0.04427416,1.14846806,exodus,major,transition_exact_shape,taam_events
P5_A5_C0,P4_A4_C0,3,0.03125,0.04427416,0.70582933,exodus,major,transition_exact_shape,taam_events
P7_A8_C0,P2_A2_C0,3,0.2,0.0097914,20.42608696,exodus,major,transition_exact_shape,taam_events
P2_A2_C0,P5_A6_C1,3,0.13043478,0.02979991,4.37701863,exodus,major,transition_exact_shape,taam_events
P10_A10_C3,P4_A4_C0,3,0.375,0.04427416,8.46995192,exodus,major,transition_exact_shape,taam_events
P5_A5_C0,P5_A5_C1,3,0.03125,0.0195828,1.59578804,exodus,major,transition_exact_shape,taam_events
P5_A6_C1,P4_A3_C0,3,0.04285714,0.02128565,2.01342857,exodus,major,transition_exact_shape,taam_events
P5_A6_C1,P6_A6_C1,3,0.04285714,0.02128565,2.01342857,exodus,major,transition_exact_shape,taam_events
P7_A7_C0,P2_A3_C0,3,0.21428571,0.02767135,7.74395604,exodus,major,transition_exact_shape,taam_events
P6_A5_C0,P2_A3_C0,3,0.09677419,0.02767135,3.49727047,exodus,major,transition_exact_shape,taam_events
P7_A6_C0,P4_A4_C0,3,0.10344828,0.04427416,2.33653846,exodus,major,transition_exact_shape,taam_events
P13-15_A8+_C2,P10-12_A8+_C1,15,0.15,0.11461794,1.30869565,exodus,verse,transition_bucket_shape,taam_events
P10-12_A8+_C1,P10-12_A8+_C1,14,0.10144928,0.11461794,0.88510817,exodus,verse,transition_bucket_shape,taam_events
P13-15_A8+_C2,P13-15_A8+_C2,11,0.11,0.08305648,1.3244,exodus,verse,transition_bucket_shape,taam_events
P13-15_A8+_C2,P13-15_A8+_C1,11,0.11,0.06312292,1.74263158,exodus,verse,transition_bucket_shape,taam_events
P10-12_A8+_C1,P13-15_A8+_C2,11,0.07971014,0.08305648,0.95971014,exodus,verse,transition_bucket_shape,taam_events
P10-12_A8+_C1,P16-18_A8+_C3,11,0.07971014,0.04568106,1.74492754,exodus,verse,transition_bucket_shape,taam_events
P7-9_A8+_C1,P13-15_A8+_C2,10,0.14285714,0.08305648,1.72,exodus,verse,transition_bucket_shape,taam_events
P7-9_A8+_C0,P10-12_A8+_C1,10,0.16129032,0.11461794,1.40719963,exodus,verse,transition_bucket_shape,taam_events
P10-12_A8+_C1,P19-24_A8+_C4+,10,0.07246377,0.05398671,1.34225195,exodus,verse,transition_bucket_shape,taam_events
P19-24_A8+_C3,P10-12_A8+_C1,10,0.15625,0.11461794,1.36322464,exodus,verse,transition_bucket_shape,taam_events
P13-15_A8+_C1,P10-12_A8+_C1,10,0.13157895,0.11461794,1.14797864,exodus,verse,transition_bucket_shape,taam_events
P10-12_A8+_C1,P16-18_A8+_C2,9,0.06521739,0.04983389,1.30869565,exodus,verse,transition_bucket_shape,taam_events
P10-12_A8+_C1,P10-12_A8+_C0,8,0.05797101,0.03654485,1.58629776,exodus,verse,transition_bucket_shape,taam_events
P10-12_A8+_C1,P13-15_A8+_C1,8,0.05797101,0.06312292,0.91838291,exodus,verse,transition_bucket_shape,taam_events
P7-9_A8+_C1,P10-12_A8+_C1,8,0.11428571,0.11461794,0.99710145,exodus,verse,transition_bucket_shape,taam_events
P10-12_A8+_C1,P16-18_A8+_C1,8,0.05797101,0.03571429,1.62318841,exodus,verse,transition_bucket_shape,taam_events
P10-12_A8+_C1,P10-12_A8+_C2,8,0.05797101,0.05398671,1.07380156,exodus,verse,transition_bucket_shape,taam_events
P10-12_A8+_C1,P13-15_A8+_C4+,8,0.05797101,0.01245847,4.6531401,exodus,verse,transition_bucket_shape,taam_events
P13-15_A8+_C2,P10-12_A8+_C2,7,0.07,0.05398671,1.29661538,exodus,verse,transition_bucket_shape,taam_events
P16-18_A8+_C2,P10-12_A8+_C1,7,0.11864407,0.11461794,1.0351265,exodus,verse,transition_bucket_shape,taam_events
P10-12_A8+_C2,P13-15_A8+_C2,7,0.10769231,0.08305648,1.29661538,exodus,verse,transition_bucket_shape,taam_events
P19-24_A8+_C2,P13-15_A8+_C1,7,0.13461538,0.06312292,2.13259109,exodus,verse,transition_bucket_shape,taam_events
P19-24_A8+_C3,P7-9_A8+_C1,7,0.109375,0.05813953,1.88125,exodus,verse,transition_bucket_shape,taam_events
P19-24_A8+_C3,P19-24_A8+_C4+,7,0.109375,0.05398671,2.02596154,exodus,verse,transition_bucket_shape,taam_events
P16-18_A8+_C3,P10-12_A8+_C1,7,0.12727273,0.11461794,1.11040843,exodus,verse,transition_bucket_shape,taam_events
P7-9_A8+_C0,P7-9_A8+_C0,7,0.11290323,0.05149502,2.1925078,exodus,verse,transition_bucket_shape,taam_events
P16-18_A8+_C3,P13-15_A8+_C2,6,0.10909091,0.08305648,1.31345455,exodus,verse,transition_bucket_shape,taam_events
P7-9_A8+_C0,P7-9_A8+_C1,6,0.09677419,0.05813953,1.66451613,exodus,verse,transition_bucket_shape,taam_events
P7-9_A8+_C1,P13-15_A8+_C3,6,0.08571429,0.04983389,1.72,exodus,verse,transition_bucket_shape,taam_events
P25+_A8+_C4+,P13-15_A8+_C2,6,0.24,0.08305648,2.8896,exodus,verse,transition_bucket_shape,taam_events
P13-15_A8+_C3,P13-15_A8+_C3,6,0.1,0.04983389,2.00666667,exodus,verse,transition_bucket_shape,taam_events
P13-15_A8+_C1,P13-15_A8+_C2,6,0.07894737,0.08305648,0.95052632,exodus,verse,transition_bucket_shape,taam_events
P16-18_A8+_C2,P10-12_A8+_C2,6,0.10169492,0.05398671,1.88370274,exodus,verse,transition_bucket_shape,taam_events
P10-12_A8+_C2,P10-12_A8+_C1,6,0.09230769,0.11461794,0.80535117,exodus,verse,transition_bucket_shape,taam_events
P10-12_A8+_C1,P7-9_A8+_C1,6,0.04347826,0.05813953,0.74782609,exodus,verse,transition_bucket_shape,taam_events
P19-24_A8+_C4+,P19-24_A8+_C4+,6,0.09230769,0.05398671,1.70982249,exodus,verse,transition_bucket_shape,taam_events
P13-15_A8+_C2,P19-24_A8+_C4+,6,0.06,0.05398671,1.11138462,exodus,verse,transition_bucket_shape,taam_events
P10-12_A8+_C0,P10-12_A8+_C1,6,0.13636364,0.11461794,1.18972332,exodus,verse,transition_bucket_shape,taam_events
P13-15_A8+_C3,P10-12_A8+_C1,6,0.1,0.11461794,0.87246377,exodus,verse,transition_bucket_shape,taam_events
P13-15_A8+_C1,P13-15_A8+_C3,6,0.07894737,0.04983389,1.58421053,exodus,verse,transition_bucket_shape,taam_events
P10-12_A8+_C2,P19-24_A8+_C2,5,0.07692308,0.04318937,1.78106509,exodus,verse,transition_bucket_shape,taam_events
P10-12_A8+_C2,P7-9_A8+_C1,5,0.07692308,0.05813953,1.32307692,exodus,verse,transition_bucket_shape,taam_events
P13-15_A8+_C1,P10-12_A8+_C0,5,0.06578947,0.03654485,1.80023923,exodus,verse,transition_bucket_shape,taam_events
P16-18_A8+_C4+,P16-18_A8+_C2,5,0.14285714,0.04983389,2.86666667,exodus,verse,transition_bucket_shape,taam_events
P13-15_A8+_C3,P7-9_A8+_C1,5,0.08333333,0.05813953,1.43333333,exodus,verse,transition_bucket_shape,taam_events
P10-12_A8+_C2,P7-9_A8+_C0,5,0.07692308,0.05149502,1.49379653,exodus,verse,transition_bucket_shape,taam_events
P13-15_A8+_C2,P13-15_A8+_C3,5,0.05,0.04983389,1.00333333,exodus,verse,transition_bucket_shape,taam_events
P13-15_A8+_C3,P5-6_A6-7_C0,5,0.08333333,0.0307309,2.71171171,exodus,verse,transition_bucket_shape,taam_events
P16-18_A8+_C2,P13-15_A8+_C1,5,0.08474576,0.06312292,1.34255129,exodus,verse,transition_bucket_shape,taam_events
P13-15_A8+_C1,P7-9_A8+_C0,5,0.06578947,0.05149502,1.27758913,exodus,verse,transition_bucket_shape,taam_events
P19-24_A8+_C2,P19-24_A8+_C3,5,0.09615385,0.05315615,1.80889423,exodus,verse,transition_bucket_shape,taam_events
P7-9_A8+_C0,P13-15_A8+_C3,5,0.08064516,0.04983389,1.61827957,exodus,verse,transition_bucket_shape,taam_events
P13-15_A8+_C3,P13-15_A8+_C2,5,0.08333333,0.08305648,1.00333333,exodus,verse,transition_bucket_shape,taam_events
P19-24_A8+_C4+,P13-15_A8+_C1,5,0.07692308,0.06312292,1.21862348,exodus,verse,transition_bucket_shape,taam_events
P13-15_A8+_C3,P19-24_A8+_C4+,5,0.08333333,0.05398671,1.54358974,exodus,verse,transition_bucket_shape,taam_events
P13-15_A8+_C2,P16-18_A8+_C3,5,0.05,0.04568106,1.09454545,exodus,verse,transition_bucket_shape,taam_events
P10-12_A8+_C2,P13-15_A8+_C3,5,0.07692308,0.04983389,1.54358974,exodus,verse,transition_bucket_shape,taam_events
P19-24_A8+_C4+,P7-9_A8+_C0,5,0.07692308,0.05149502,1.49379653,exodus,verse,transition_bucket_shape,taam_events
P10-12_A8+_C0,P13-15_A8+_C3,5,0.11363636,0.04983389,2.28030303,exodus,verse,transition_bucket_shape,taam_events
P7-9_A8+_C1,P19-24_A8+_C2,5,0.07142857,0.04318937,1.65384615,exodus,verse,transition_bucket_shape,taam_events
P16-18_A8+_C1,P10-12_A8+_C1,5,0.11627907,0.11461794,1.01449275,exodus,verse,transition_bucket_shape,taam_events
P10-12_A8+_C2,P10-12_A8+_C2,5,0.07692308,0.05398671,1.42485207,exodus,verse,transition_bucket_shape,taam_events
P5-6_A6-7_C0,P7-9_A8+_C0,5,0.13513514,0.05149502,2.62423714,exodus,verse,transition_bucket_shape,taam_events
P19-24_A8+_C2,P13-15_A8+_C2,4,0.07692308,0.08305648,0.92615385,exodus,verse,transition_bucket_shape,taam_events
P13-15_A8+_C2,P16-18_A8+_C2,4,0.04,0.04983389,0.80266667,exodus,verse,transition_bucket_shape,taam_events
P7-9_A6-7_C0,P10-12_A8+_C1,4,0.16666667,0.11461794,1.45410628,exodus,verse,transition_bucket_shape,taam_events
P16-18_A8+_C4+,P16-18_A8+_C4+,4,0.11428571,0.02906977,3.93142857,exodus,verse,transition_bucket_shape,taam_events
P16-18_A8+_C4+,P10-12_A8+_C2,4,0.11428571,0.05398671,2.11692308,exodus,verse,transition_bucket_shape,taam_events
P13-15_A8+_C2,P19-24_A8+_C3,4,0.04,0.05315615,0.7525,exodus,verse,transition_bucket_shape,taam_events
P19-24_A8+_C3,P19-24_A8+_C2,4,0.0625,0.04318937,1.44711538,exodus,verse,transition_bucket_shape,taam_events
P19-24_A8+_C2,P10-12_A8+_C2,4,0.07692308,0.05398671,1.42485207,exodus,verse,transition_bucket_shape,taam_events
P13-15_A8+_C3,P13-15_A8+_C1,4,0.06666667,0.06312292,1.05614035,exodus,verse,transition_bucket_shape,taam_events
P16-18_A8+_C2,P13-15_A8+_C2,4,0.06779661,0.08305648,0.81627119,exodus,verse,transition_bucket_shape,taam_events
P13-15_A8+_C1,P16-18_A8+_C3,4,0.05263158,0.04568106,1.15215311,exodus,verse,transition_bucket_shape,taam_events
P16-18_A8+_C2,P19-24_A8+_C4+,4,0.06779661,0.05398671,1.25580183,exodus,verse,transition_bucket_shape,taam_events
P19-24_A8+_C4+,P19-24_A8+_C3,4,0.06153846,0.05315615,1.15769231,exodus,verse,transition_bucket_shape,taam_events
P16-18_A8+_C3,P16-18_A8+_C3,4,0.07272727,0.04568106,1.59206612,exodus,verse,transition_bucket_shape,taam_events
P5-6_A6-7_C0,P10-12_A8+_C1,4,0.10810811,0.11461794,0.94320407,exodus,verse,transition_bucket_shape,taam_events
P10-12_A8+_C0,P19-24_A8+_C4+,4,0.09090909,0.05398671,1.68391608,exodus,verse,transition_bucket_shape,taam_events
P19-24_A8+_C4+,P13-15_A8+_C2,4,0.06153846,0.08305648,0.74092308,exodus,verse,transition_bucket_shape,taam_events
P16-18_A8+_C4+,P19-24_A8+_C3,4,0.11428571,0.05315615,2.15,exodus,verse,transition_bucket_shape,taam_events
P13-15_A8+_C1,P19-24_A8+_C4+,4,0.05263158,0.05398671,0.97489879,exodus,verse,transition_bucket_shape,taam_events
P16-18_A8+_C4+,P7-9_A8+_C0,4,0.11428571,0.05149502,2.21935484,exodus,verse,transition_bucket_shape,taam_events
P7-9_A8+_C0,P13-15_A8+_C2,4,0.06451613,0.08305648,0.77677419,exodus,verse,transition_bucket_shape,taam_events
P19-24_A8+_C3,P13-15_A8+_C2,4,0.0625,0.08305648,0.7525,exodus,verse,transition_bucket_shape,taam_events
P7-9_A8+_C0,P19-24_A8+_C3,4,0.06451613,0.05315615,1.21370968,exodus,verse,transition_bucket_shape,taam_events
P7-9_A8+_C1,P16-18_A8+_C2,4,0.05714286,0.04983389,1.14666667,exodus,verse,transition_bucket_shape,taam_events
P13-15_A8+_C2,P10-12_A8+_C0,4,0.04,0.03654485,1.09454545,exodus,verse,transition_bucket_shape,taam_events
P10-12_A8+_C1,P5-6_A6-7_C0,4,0.02898551,0.0307309,0.94320407,exodus,verse,transition_bucket_shape,taam_events
P19-24_A8+_C3,P13-15_A8+_C1,4,0.0625,0.06312292,0.99013158,exodus,verse,transition_bucket_shape,taam_events
P13-15_A8+_C1,P16-18_A8+_C2,4,0.05263158,0.04983389,1.05614035,exodus,verse,transition_bucket_shape,taam_events
P7-9_A6-7_C0,P10-12_A8+_C2,4,0.16666667,0.05398671,3.08717949,exodus,verse,transition_bucket_shape,taam_events
P16-18_A8+_C3,P7-9_A8+_C0,4,0.07272727,0.05149502,1.41231672,exodus,verse,transition_bucket_shape,taam_events
P16-18_A8+_C4+,P13-15_A8+_C2,4,0.11428571,0.08305648,1.376,exodus,verse,transition_bucket_shape,taam_events
P13-15_A8+_C2,P5-6_A6-7_C0,4,0.04,0.0307309,1.30162162,exodus,verse,transition_bucket_shape,taam_events
P7-9_A8+_C0,P16-18_A8+_C2,4,0.06451613,0.04983389,1.29462366,exodus,verse,transition_bucket_shape,taam_events
P13-15_A8+_C1,P19-24_A8+_C3,4,0.05263158,0.05315615,0.99013158,exodus,verse,transition_bucket_shape,taam_events
P19-24_A8+_C4+,P19-24_A8+_C2,4,0.06153846,0.04318937,1.42485207,exodus,verse,transition_bucket_shape,taam_events
P19-24_A8+_C2,P10-12_A8+_C0,4,0.07692308,0.03654485,2.1048951,exodus,verse,transition_bucket_shape,taam_events
P19-24_A8+_C3,P7-9_A6-7_C0,4,0.0625,0.01993355,3.13541667,exodus,verse,transition_bucket_shape,taam_events
P5-6_A5_C0,P19-24_A8+_C3,4,0.21052632,0.05315615,3.96052632,exodus,verse,transition_bucket_shape,taam_events
P16-18_A8+_C2,P19-24_A8+_C3,4,0.06779661,0.05315615,1.27542373,exodus,verse,transition_bucket_shape,taam_events
P19-24_A8+_C2,P10-12_A8+_C1,4,0.07692308,0.11461794,0.67112598,exodus,verse,transition_bucket_shape,taam_events
P5-6_A6-7_C0,P7-9_A8+_C1,4,0.10810811,0.05813953,1.85945946,exodus,verse,transition_bucket_shape,taam_events
P7-9_A8+_C1,P7-9_A8+_C1,4,0.05714286,0.05813953,0.98285714,exodus,verse,transition_bucket_shape,taam_events
P7-9_A8+_C1,P10-12_A8+_C2,4,0.05714286,0.05398671,1.05846154,exodus,verse,transition_bucket_shape,taam_events
P10-12_A8+_C1,P19-24_A8+_C3,4,0.02898551,0.05315615,0.54528986,exodus,verse,transition_bucket_shape,taam_events
P16-18_A8+_C3,P7-9_A8+_C1,4,0.07272727,0.05813953,1.25090909,exodus,verse,transition_bucket_shape,taam_events
P5-6_A6-7_C0,P13-15_A8+_C2,4,0.10810811,0.08305648,1.30162162,exodus,verse,transition_bucket_shape,taam_events
P5-6_A5_C0,P16-18_A8+_C2,4,0.21052632,0.04983389,4.2245614,exodus,verse,transition_bucket_shape,taam_events
P10-12_A8+_C1,P7-9_A8+_C0,4,0.02898551,0.05149502,0.56287985,exodus,verse,transition_bucket_shape,taam_events
P7-9_A8+_C0,P10-12_A8+_C0,4,0.06451613,0.03654485,1.76539589,exodus,verse,transition_bucket_shape,taam_events
P7-9_A8+_C1,P19-24_A8+_C3,4,0.05714286,0.05315615,1.075,exodus,verse,transition_bucket_shape,taam_events
P13-15_A8+_C2,P7-9_A8+_C0,4,0.04,0.05149502,0.77677419,exodus,verse,transition_bucket_shape,taam_events
P10-12_A8+_C2,P5-6_A6-7_C0,3,0.04615385,0.0307309,1.5018711,exodus,verse,transition_bucket_shape,taam_events
P10-12_A8+_C1,P19-24_A8+_C2,3,0.02173913,0.04318937,0.50334448,exodus,verse,transition_bucket_shape,taam_events
P16-18_A8+_C2,P16-18_A8+_C4+,3,0.05084746,0.02906977,1.74915254,exodus,verse,transition_bucket_shape,taam_events
P10-12_A8+_C0,P10-12_A8+_C3,3,0.06818182,0.01162791,5.86363636,exodus,verse,transition_bucket_shape,taam_events
P13-15_A8+_C1,P7-9_A6-7_C0,3,0.03947368,0.01993355,1.98026316,exodus,verse,transition_bucket_shape,taam_events
P16-18_A8+_C2,P25+_A8+_C4+,3,0.05084746,0.02076412,2.44881356,exodus,verse,transition_bucket_shape,taam_events
P19-24_A8+_C3,P13-15_A8+_C3,3,0.046875,0.04983389,0.940625,exodus,verse,transition_bucket_shape,taam_events
P16-18_A8+_C3,P25+_A8+_C4+,3,0.05454545,0.02076412,2.62690909,exodus,verse,transition_bucket_shape,taam_events
P10-12_A8+_C1,P13-15_A8+_C3,3,0.02173913,0.04983389,0.43623188,exodus,verse,transition_bucket_shape,taam_events
P7-9_A8+_C1,P7-9_A8+_C0,3,0.04285714,0.05149502,0.83225806,exodus,verse,transition_bucket_shape,taam_events
P19-24_A8+_C4+,P16-18_A8+_C4+,3,0.04615385,0.02906977,1.58769231,exodus,verse,transition_bucket_shape,taam_events
P16-18_A8+_C4+,P13-15_A8+_C1,3,0.08571429,0.06312292,1.35789474,exodus,verse,transition_bucket_shape,taam_events
P13-15_A8+_C1,P7-9_A8+_C1,3,0.03947368,0.05813953,0.67894737,exodus,verse,transition_bucket_shape,taam_events
P13-15_A8+_C2,P16-18_A8+_C4+,3,0.03,0.02906977,1.032,exodus,verse,transition_bucket_shape,taam_events
P19-24_A8+_C4+,P10-12_A8+_C2,3,0.04615385,0.05398671,0.85491124,exodus,verse,transition_bucket_shape,taam_events
P13-15_A8+_C0,P10-12_A8+_C1,3,0.27272727,0.11461794,2.37944664,exodus,verse,transition_bucket_shape,taam_events
P16-18_A8+_C1,P13-15_A8+_C3,3,0.06976744,0.04983389,1.4,exodus,verse,transition_bucket_shape,taam_events
P13-15_A8+_C3,P19-24_A8+_C3,3,0.05,0.05315615,0.940625,exodus,verse,transition_bucket_shape,taam_events
P5-6_A5_C0,P10-12_A8+_C1,3,0.15789474,0.11461794,1.37757437,exodus,verse,transition_bucket_shape,taam_events
P5-6_A6-7_C0,P13-15_A8+_C3,3,0.08108108,0.04983389,1.62702703,exodus,verse,transition_bucket_shape,taam_events
P5-6_A6-7_C0,P5-6_A6-7_C0,3,0.08108108,0.0307309,2.63842221,exodus,verse,transition_bucket_shape,taam_events
P16-18_A8+_C2,P16-18_A8+_C3,3,0.05084746,0.04568106,1.11309707,exodus,verse,transition_bucket_shape,taam_events
P19-24_A8+_C4+,P10-12_A8+_C1,3,0.04615385,0.11461794,0.40267559,exodus,verse,transition_bucket_shape,taam_events
P10-12_A8+_C1,P25+_A8+_C4+,3,0.02173913,0.02076412,1.04695652,exodus,verse,transition_bucket_shape,taam_events
P19-24_A8+_C4+,P16-18_A8+_C2,3,0.04615385,0.04983389,0.92615385,exodus,verse,transition_bucket_shape,taam_events
P10-12_A8+_C2,P7-9_A8+_C2,3,0.04615385,0.00747508,6.17435897,exodus,verse,transition_bucket_shape,taam_events
P10-12_A8+_C2,P19-24_A8+_C3,3,0.04615385,0.05315615,0.86826923,exodus,verse,transition_bucket_shape,taam_events
P19-24_A8+_C3,P10-12_A8+_C2,3,0.046875,0.05398671,0.86826923,exodus,verse,transition_bucket_shape,taam_events
P16-18_A8+_C1,P16-18_A8+_C2,3,0.06976744,0.04983389,1.4,exodus,verse,transition_bucket_shape,taam_events
P19-24_A8+_C2,P19-24_A8+_C2,3,0.05769231,0.04318937,1.33579882,exodus,verse,transition_bucket_shape,taam_events
P7-9_A8+_C0,P16-18_A8+_C3,3,0.0483871,0.04568106,1.05923754,exodus,verse,transition_bucket_shape,taam_events
P13-15_A8+_C1,P19-24_A8+_C2,3,0.03947368,0.04318937,0.91396761,exodus,verse,transition_bucket_shape,taam_events
P16-18_A8+_C3,P19-24_A8+_C2,3,0.05454545,0.04318937,1.26293706,exodus,verse,transition_bucket_shape,taam_events
P10-12_A8+_C0,P16-18_A8+_C2,3,0.06818182,0.04983389,1.36818182,exodus,verse,transition_bucket_shape,taam_events
P16-18_A8+_C4+,P7-9_A8+_C1,3,0.08571429,0.05813953,1.47428571,exodus,verse,transition_bucket_shape,taam_events
P7-9_A8+_C1,P13-15_A8+_C1,3,0.04285714,0.06312292,0.67894737,exodus,verse,transition_bucket_shape,taam_events
P7-9_A6-7_C0,P13-15_A8+_C1,3,0.125,0.06312292,1.98026316,exodus,verse,transition_bucket_shape,taam_events
P16-18_A8+_C1,P19-24_A8+_C3,3,0.06976744,0.05315615,1.3125,exodus,verse,transition_bucket_shape,taam_events
P19-24_A8+_C4+,P16-18_A8+_C3,3,0.04615385,0.04568106,1.01034965,exodus,verse,transition_bucket_shape,taam_events
P16-18_A8+_C2,P19-24_A8+_C2,3,0.05084746,0.04318937,1.17731421,exodus,verse,transition_bucket_shape,taam_events
P16-18_A8+_C1,P16-18_A8+_C3,3,0.06976744,0.04568106,1.52727273,exodus,verse,transition_bucket_shape,taam_events
P10-12_A8+_C0,P7-9_A8+_C1,3,0.06818182,0.05813953,1.17272727,exodus,verse,transition_bucket_shape,taam_events
P16-18_A8+_C3,P10-12_A8+_C0,3,0.05454545,0.03654485,1.49256198,exodus,verse,transition_bucket_shape,taam_events
P19-24_A8+_C4+,P5-6_A6-7_C0,3,0.04615385,0.0307309,1.5018711,exodus,verse,transition_bucket_shape,taam_events
P16-18_A8+_C1,P10-12_A8+_C2,3,0.06976744,0.05398671,1.29230769,exodus,verse,transition_bucket_shape,taam_events
P16-18_A8+_C3,P13-15_A8+_C1,3,0.05454545,0.06312292,0.86411483,exodus,verse,transition_bucket_shape,taam_events
P16-18_A8+_C1,P7-9_A8+_C1,3,0.06976744,0.05813953,1.2,exodus,verse,transition_bucket_shape,taam_events
P13-15_A8+_C1,P16-18_A8+_C1,3,0.03947368,0.03571429,1.10526316,exodus,verse,transition_bucket_shape,taam_events
P16-18_A8+_C2,P16-18_A8+_C1,3,0.05084746,0.03571429,1.42372881,exodus,verse,transition_bucket_shape,taam_events
P10-12_A8+_C0,P5-6_A5_C0,3,0.06818182,0.01578073,4.32057416,exodus,verse,transition_bucket_shape,taam_events
P7-9_A8+_C0,P13-15_A8+_C1,3,0.0483871,0.06312292,0.76655348,exodus,verse,transition_bucket_shape,taam_events
P10-12_A8+_C2,P13-15_A8+_C1,3,0.04615385,0.06312292,0.73117409,exodus,verse,transition_bucket_shape,taam_events
P16-18_A8+_C2,P7-9_A8+_C1,3,0.05084746,0.05813953,0.87457627,exodus,verse,transition_bucket_shape,taam_events
P7-9_A8+_C2,P10-12_A8+_C1,3,0.33333333,0.11461794,2.90821256,exodus,verse,transition_bucket_shape,taam_events
P10-12_A8+_C1,P7-9_A6-7_C0,3,0.02173913,0.01993355,1.09057971,exodus,verse,transition_bucket_shape,taam_events
P19-24_A8+_C3,P7-9_A8+_C0,3,0.046875,0.05149502,0.91028226,exodus,verse,transition_bucket_shape,taam_events
P13-15_A8+_C3,P10-12_A8+_C2,3,0.05,0.05398671,0.92615385,exodus,verse,transition_bucket_shape,taam_events
P16-18_A8+_C1,P7-9_A8+_C0,3,0.06976744,0.05149502,1.35483871,exodus,verse,transition_bucket_shape,taam_events
P10-12_A8+_C2,P16-18_A8+_C1,3,0.04615385,0.03571429,1.29230769,exodus,verse,transition_bucket_shape,taam_events
P16-18_A8+_C1,P16-18_A8+_C4+,3,0.06976744,0.02906977,2.4,exodus,verse,transition_bucket_shape,taam_events
P7-9_A8+_C1,P16-18_A8+_C1,3,0.04285714,0.03571429,1.2,exodus,verse,transition_bucket_shape,taam_events
P19-24_A8+_C4+,P16-18_A8+_C1,3,0.04615385,0.03571429,1.29230769,exodus,verse,transition_bucket_shape,taam_events
P<=4_A3_C0,P<=4_A3_C0,190,0.24836601,0.24894378,0.99767914,leviticus,minor,transition_bucket_shape,taam_events
P<=4_A2_C0,P<=4_A3_C0,151,0.30019881,0.24894378,1.20588999,leviticus,minor,transition_bucket_shape,taam_events
P<=4_A3_C0,P<=4_A4_C0,144,0.18823529,0.18719532,1.00555556,leviticus,minor,transition_bucket_shape,taam_events
P<=4_A4_C0,P<=4_A3_C0,135,0.234375,0.24894378,0.94147764,leviticus,minor,transition_bucket_shape,taam_events
P<=4_A3_C0,P<=4_A2_C0,127,0.16601307,0.16314592,1.01757415,leviticus,minor,transition_bucket_shape,taam_events
P<=4_A2_C0,P<=4_A4_C0,125,0.24850895,0.18719532,1.32753824,leviticus,minor,transition_bucket_shape,taam_events
P<=4_A4_C0,P<=4_A4_C0,108,0.1875,0.18719532,1.0016276,leviticus,minor,transition_bucket_shape,taam_events
P<=4_A4_C0,P<=4_A2_C0,101,0.17534722,0.16314592,1.07478765,leviticus,minor,transition_bucket_shape,taam_events
P<=4_A2_C0,P<=4_A2_C0,74,0.1471173,0.16314592,0.90175283,leviticus,minor,transition_bucket_shape,taam_events
P<=4_A3_C0,P5-6_A5_C0,64,0.08366013,0.08839779,0.94640523,leviticus,minor,transition_bucket_shape,taam_events
P5-6_A5_C0,P<=4_A3_C0,57,0.20955882,0.24894378,0.84179178,leviticus,minor,transition_bucket_shape,taam_events
P<=4_A4_C0,P5-6_A5_C0,53,0.09201389,0.08839779,1.04090712,leviticus,minor,transition_bucket_shape,taam_events
P<=4_A3_C0,P<=4_A5_C0,46,0.06013072,0.05264868,1.14211248,leviticus,minor,transition_bucket_shape,taam_events
P5-6_A5_C0,P<=4_A2_C0,46,0.16911765,0.16314592,1.03660359,leviticus,minor,transition_bucket_shape,taam_events
P5-6_A5_C0,P<=4_A4_C0,45,0.16544118,0.18719532,0.88378906,leviticus,minor,transition_bucket_shape,taam_events
P<=4_A3_C0,P5-6_A6-7_C0,45,0.05882353,0.05492363,1.07100592,leviticus,minor,transition_bucket_shape,taam_events
P<=4_A3_C0,P5-6_A4_C0,44,0.05751634,0.05687358,1.01130159,leviticus,minor,transition_bucket_shape,taam_events
P5-6_A4_C0,P<=4_A3_C0,43,0.24571429,0.24894378,0.98702723,leviticus,minor,transition_bucket_shape,taam_events
P<=4_A5_C0,P<=4_A3_C0,40,0.24691358,0.24894378,0.99184476,leviticus,minor,transition_bucket_shape,taam_events
P5-6_A6-7_C0,P<=4_A3_C0,39,0.23076923,0.24894378,0.92699337,leviticus,minor,transition_bucket_shape,taam_events
P<=4_A0-1_C0,P<=4_A3_C0,39,0.26530612,0.24894378,1.06572707,leviticus,minor,transition_bucket_shape,taam_events
P<=4_A4_C0,P<=4_A0-1_C0,36,0.0625,0.04777381,1.3082483,leviticus,minor,transition_bucket_shape,taam_events
P<=4_A0-1_C0,P<=4_A4_C0,33,0.2244898,0.18719532,1.19922761,leviticus,minor,transition_bucket_shape,taam_events
P<=4_A4_C0,P5-6_A4_C0,33,0.05729167,0.05687358,1.00735119,leviticus,minor,transition_bucket_shape,taam_events
P<=4_A3_C0,P7-9_A6-7_C0,33,0.04313725,0.03899903,1.10611111,leviticus,minor,transition_bucket_shape,taam_events
P5-6_A5_C0,P5-6_A5_C0,32,0.11764706,0.08839779,1.33088235,leviticus,minor,transition_bucket_shape,taam_events
P5-6_A6-7_C0,P<=4_A2_C0,31,0.18343195,0.16314592,1.12434287,leviticus,minor,transition_bucket_shape,taam_events
P<=4_A2_C0,P5-6_A5_C0,30,0.05964215,0.08839779,0.67470179,leviticus,minor,transition_bucket_shape,taam_events
P<=4_A5_C0,P<=4_A2_C0,30,0.18518519,0.16314592,1.13508927,leviticus,minor,transition_bucket_shape,taam_events
P<=4_A2_C0,P<=4_A5_C0,29,0.05765408,0.05264868,1.09507155,leviticus,minor,transition_bucket_shape,taam_events
P<=4_A3_C0,P<=4_A0-1_C0,28,0.03660131,0.04777381,0.76613757,leviticus,minor,transition_bucket_shape,taam_events
P7-9_A6-7_C0,P<=4_A3_C0,27,0.225,0.24894378,0.90381854,leviticus,minor,transition_bucket_shape,taam_events
P5-6_A4_C0,P<=4_A4_C0,27,0.15428571,0.18719532,0.82419643,leviticus,minor,transition_bucket_shape,taam_events
P<=4_A4_C0,P7-9_A6-7_C0,26,0.04513889,0.03899903,1.15743634,leviticus,minor,transition_bucket_shape,taam_events
P<=4_A4_C0,P5-6_A6-7_C0,25,0.04340278,0.05492363,0.79023874,leviticus,minor,transition_bucket_shape,taam_events
P5-6_A4_C0,P<=4_A2_C0,24,0.13714286,0.16314592,0.84061468,leviticus,minor,transition_bucket_shape,taam_events
P<=4_A4_C0,P<=4_A5_C0,24,0.04166667,0.05264868,0.79140947,leviticus,minor,transition_bucket_shape,taam_events
P<=4_A2_C0,P5-6_A4_C0,23,0.04572565,0.05687358,0.8039875,leviticus,minor,transition_bucket_shape,taam_events
P<=4_A5_C0,P<=4_A4_C0,23,0.14197531,0.18719532,0.75843407,leviticus,minor,transition_bucket_shape,taam_events
P7-9_A6-7_C0,P<=4_A4_C0,22,0.18333333,0.18719532,0.97936921,leviticus,minor,transition_bucket_shape,taam_events
P7-9_A6-7_C0,P<=4_A2_C0,22,0.18333333,0.16314592,1.12373838,leviticus,minor,transition_bucket_shape,taam_events
P<=4_A2_C0,P5-6_A6-7_C0,21,0.0417495,0.05492363,0.7601374,leviticus,minor,transition_bucket_shape,taam_events
P<=4_A0-1_C0,P<=4_A2_C0,20,0.13605442,0.16314592,0.83394314,leviticus,minor,transition_bucket_shape,taam_events
P5-6_A5_C0,P5-6_A4_C0,20,0.07352941,0.05687358,1.29285714,leviticus,minor,transition_bucket_shape,taam_events
P7-9_A8+_C0,P<=4_A3_C0,19,0.30645161,0.24894378,1.23100733,leviticus,minor,transition_bucket_shape,taam_events
P5-6_A6-7_C0,P<=4_A4_C0,19,0.11242604,0.18719532,0.60058144,leviticus,minor,transition_bucket_shape,taam_events
P<=4_A2_C0,P7-9_A6-7_C0,18,0.03578529,0.03899903,0.91759443,leviticus,minor,transition_bucket_shape,taam_events
P5-6_A5_C0,P<=4_A5_C0,18,0.06617647,0.05264868,1.25694444,leviticus,minor,transition_bucket_shape,taam_events
P<=4_A0-1_C0,P5-6_A5_C0,18,0.12244898,0.08839779,1.38520408,leviticus,minor,transition_bucket_shape,taam_events
P5-6_A6-7_C0,P<=4_A0-1_C0,16,0.09467456,0.04777381,1.98172523,leviticus,minor,transition_bucket_shape,taam_events
P5-6_A6-7_C0,P5-6_A5_C0,16,0.09467456,0.08839779,1.07100592,leviticus,minor,transition_bucket_shape,taam_events
P<=4_A3_C0,P7-9_A8+_C0,16,0.02091503,0.0201495,1.03799283,leviticus,minor,transition_bucket_shape,taam_events
P<=4_A0-1_C0,P5-6_A6-7_C0,15,0.10204082,0.05492363,1.85786741,leviticus,minor,transition_bucket_shape,taam_events
P<=4_A5_C0,P5-6_A5_C0,15,0.09259259,0.08839779,1.0474537,leviticus,minor,transition_bucket_shape,taam_events
P<=4_A5_C0,P<=4_A0-1_C0,15,0.09259259,0.04777381,1.93814563,leviticus,minor,transition_bucket_shape,taam_events
P5-6_A4_C0,P7-9_A6-7_C0,15,0.08571429,0.03899903,2.19785714,leviticus,minor,transition_bucket_shape,taam_events
P5-6_A5_C0,P<=4_A0-1_C0,14,0.05147059,0.04777381,1.07738095,leviticus,minor,transition_bucket_shape,taam_events
P5-6_A4_C0,P5-6_A6-7_C0,14,0.08,0.05492363,1.45656805,leviticus,minor,transition_bucket_shape,taam_events
P5-6_A4_C0,P<=4_A5_C0,14,0.08,0.05264868,1.51950617,leviticus,minor,transition_bucket_shape,taam_events
P5-6_A4_C0,P5-6_A5_C0,14,0.08,0.08839779,0.905,leviticus,minor,transition_bucket_shape,taam_events
P<=4_A5_C0,P5-6_A6-7_C0,13,0.08024691,0.05492363,1.46106363,leviticus,minor,transition_bucket_shape,taam_events
P<=4_A3_C0,P5-6_A3_C0,12,0.01568627,0.01364966,1.14920635,leviticus,minor,transition_bucket_shape,taam_events
P<=4_A4_C0,P5-6_A3_C0,12,0.02083333,0.01364966,1.52628968,leviticus,minor,transition_bucket_shape,taam_events
P<=4_A2_C0,P7-9_A8+_C0,12,0.02385686,0.0201495,1.18399282,leviticus,minor,transition_bucket_shape,taam_events
P<=4_A5_C0,P5-6_A4_C0,11,0.06790123,0.05687358,1.19389771,leviticus,minor,transition_bucket_shape,taam_events
P7-9_A6-7_C0,P5-6_A6-7_C0,11,0.09166667,0.05492363,1.66898422,leviticus,minor,transition_bucket_shape,taam_events
P5-6_A5_C0,P5-6_A6-7_C0,10,0.03676471,0.05492363,0.6693787,leviticus,minor,transition_bucket_shape,taam_events
P5-6_A3_C0,P<=4_A3_C0,9,0.21428571,0.24894378,0.86077956,leviticus,minor,transition_bucket_shape,taam_events
P5-6_A5_C0,P7-9_A6-7_C0,9,0.03308824,0.03899903,0.8484375,leviticus,minor,transition_bucket_shape,taam_events
P7-9_A6-7_C0,P5-6_A4_C0,9,0.075,0.05687358,1.31871429,leviticus,minor,transition_bucket_shape,taam_events
P5-6_A6-7_C0,P5-6_A4_C0,9,0.05325444,0.05687358,0.93636517,leviticus,minor,transition_bucket_shape,taam_events
P5-6_A6-7_C0,P<=4_A5_C0,9,0.05325444,0.05264868,1.01150559,leviticus,minor,transition_bucket_shape,taam_events
P5-6_A6-7_C0,P7-9_A8+_C0,9,0.05325444,0.0201495,2.64296621,leviticus,minor,transition_bucket_shape,taam_events
P<=4_A2_C0,P<=4_A0-1_C0,9,0.01789264,0.04777381,0.37452834,leviticus,minor,transition_bucket_shape,taam_events
P<=4_A4_C0,P7-9_A8+_C0,8,0.01388889,0.0201495,0.68929211,leviticus,minor,transition_bucket_shape,taam_events
P10-12_A8+_C0,P<=4_A3_C0,8,0.24242424,0.24894378,0.97381122,leviticus,minor,transition_bucket_shape,taam_events
P7-9_A6-7_C0,P5-6_A5_C0,8,0.06666667,0.08839779,0.75416667,leviticus,minor,transition_bucket_shape,taam_events
P7-9_A8+_C0,P<=4_A0-1_C0,8,0.12903226,0.04777381,2.70089971,leviticus,minor,transition_bucket_shape,taam_events
P5-6_A4_C0,P<=4_A0-1_C0,7,0.04,0.04777381,0.83727891,leviticus,minor,transition_bucket_shape,taam_events
P7-9_A8+_C0,P<=4_A4_C0,7,0.11290323,0.18719532,0.6031306,leviticus,minor,transition_bucket_shape,taam_events
P<=4_A3_C0,P10-12_A8+_C0,7,0.00915033,0.01072473,0.85319865,leviticus,minor,transition_bucket_shape,taam_events
P7-9_A6-7_C0,P<=4_A0-1_C0,7,0.05833333,0.04777381,1.22103175,leviticus,minor,transition_bucket_shape,taam_events
P5-6_A4_C0,P5-6_A4_C0,7,0.04,0.05687358,0.70331429,leviticus,minor,transition_bucket_shape,taam_events
P7-9_A8+_C0,P<=4_A2_C0,7,0.11290323,0.16314592,0.6920383,leviticus,minor,transition_bucket_shape,taam_events
P5-6_A3_C0,P<=4_A4_C0,7,0.16666667,0.18719532,0.89033565,leviticus,minor,transition_bucket_shape,taam_events
P5-6_A6-7_C0,P5-6_A6-7_C0,7,0.04142012,0.05492363,0.75414026,leviticus,minor,transition_bucket_shape,taam_events
P5-6_A3_C0,P<=4_A2_C0,6,0.14285714,0.16314592,0.8756403,leviticus,minor,transition_bucket_shape,taam_events
P10-12_A8+_C0,P<=4_A2_C0,6,0.18181818,0.16314592,1.11445129,leviticus,minor,transition_bucket_shape,taam_events
P<=4_A4_C0,P10-12_A8+_C0,6,0.01041667,0.01072473,0.97127525,leviticus,minor,transition_bucket_shape,taam_events
P10-12_A8+_C0,P<=4_A4_C0,6,0.18181818,0.18719532,0.97127525,leviticus,minor,transition_bucket_shape,taam_events
P5-6_A6-7_C0,P7-9_A6-7_C0,6,0.03550296,0.03899903,0.91035503,leviticus,minor,transition_bucket_shape,taam_events
P7-9_A8+_C0,P<=4_A5_C0,6,0.09677419,0.05264868,1.83811231,leviticus,minor,transition_bucket_shape,taam_events
P7-9_A8+_C0,P5-6_A5_C0,6,0.09677419,0.08839779,1.09475806,leviticus,minor,transition_bucket_shape,taam_events
P5-6_A5_C0,P7-9_A8+_C0,6,0.02205882,0.0201495,1.09475806,leviticus,minor,transition_bucket_shape,taam_events
P7-9_A5_C0,P<=4_A4_C0,6,0.3,0.18719532,1.60260417,leviticus,minor,transition_bucket_shape,taam_events
P10-12_A8+_C0,P5-6_A5_C0,5,0.15151515,0.08839779,1.71401515,leviticus,minor,transition_bucket_shape,taam_events
P<=4_A2_C0,P10-12_A8+_C0,5,0.00994036,0.01072473,0.92686306,leviticus,minor,transition_bucket_shape,taam_events
P5-6_A3_C0,P5-6_A5_C0,5,0.11904762,0.08839779,1.34672619,leviticus,minor,transition_bucket_shape,taam_events
P5-6_A5_C0,P5-6_A3_C0,5,0.01838235,0.01364966,1.34672619,leviticus,minor,transition_bucket_shape,taam_events
P<=4_A0-1_C0,P7-9_A6-7_C0,5,0.03401361,0.03899903,0.87216553,leviticus,minor,transition_bucket_shape,taam_events
P<=4_A0-1_C0,P5-6_A4_C0,5,0.03401361,0.05687358,0.59805637,leviticus,minor,transition_bucket_shape,taam_events
P<=4_A5_C0,P7-9_A6-7_C0,5,0.0308642,0.03899903,0.79140947,leviticus,minor,transition_bucket_shape,taam_events
P5-6_A3_C0,P5-6_A6-7_C0,4,0.0952381,0.05492363,1.73400958,leviticus,minor,transition_bucket_shape,taam_events
P7-9_A5_C0,P<=4_A3_C0,4,0.2,0.24894378,0.80339426,leviticus,minor,transition_bucket_shape,taam_events
P5-6_A4_C0,P7-9_A8+_C0,4,0.02285714,0.0201495,1.13437788,leviticus,minor,transition_bucket_shape,taam_events
P<=4_A5_C0,P<=4_A5_C0,4,0.02469136,0.05264868,0.46898339,leviticus,minor,transition_bucket_shape,taam_events
P<=4_A6-7_C0,P<=4_A3_C0,4,0.33333333,0.24894378,1.33899043,leviticus,minor,transition_bucket_shape,taam_events
P5-6_A3_C0,P5-6_A4_C0,4,0.0952381,0.05687358,1.67455782,leviticus,minor,transition_bucket_shape,taam_events
P<=4_A0-1_C0,P<=4_A5_C0,4,0.02721088,0.05264868,0.51683883,leviticus,minor,transition_bucket_shape,taam_events
P7-9_A8+_C0,P5-6_A4_C0,4,0.06451613,0.05687358,1.13437788,leviticus,minor,transition_bucket_shape,taam_events
P<=4_A4_C0,P7-9_A5_C0,4,0.00694444,0.00649984,1.06840278,leviticus,minor,transition_bucket_shape,taam_events
P10-12_A6-7_C0,P<=4_A4_C0,3,0.5,0.18719532,2.67100694,leviticus,minor,transition_bucket_shape,taam_events
P5-6_A6-7_C0,P10-12_A8+_C0,3,0.01775148,0.01072473,1.65519096,leviticus,minor,transition_bucket_shape,taam_events
P<=4_A5_C0,P10-12_A8+_C0,3,0.01851852,0.01072473,1.72671156,leviticus,minor,transition_bucket_shape,taam_events
P7-9_A6-7_C0,P10-12_A8+_C0,3,0.025,0.01072473,2.33106061,leviticus,minor,transition_bucket_shape,taam_events
P7-9_A6-7_C0,P7-9_A5_C0,3,0.025,0.00649984,3.84625,leviticus,minor,transition_bucket_shape,taam_events
P5-6_A5_C0,P<=4_A6-7_C0,3,0.01102941,0.0038999,2.828125,leviticus,minor,transition_bucket_shape,taam_events
P<=4_A6-7_C0,P5-6_A5_C0,3,0.25,0.08839779,2.828125,leviticus,minor,transition_bucket_shape,taam_events
P<=4_A3_C0,P10-12_A6-7_C0,3,0.00392157,0.00194995,2.01111111,leviticus,minor,transition_bucket_shape,taam_events
P10-12_A8+_C0,P5-6_A4_C0,3,0.09090909,0.05687358,1.59844156,leviticus,minor,transition_bucket_shape,taam_events
P5-6_A5_C0,P10-12_A8+_C0,3,0.01102941,0.01072473,1.02840909,leviticus,minor,transition_bucket_shape,taam_events
P5-6_A6-7_C0,P7-9_A5_C0,3,0.01775148,0.00649984,2.73106509,leviticus,minor,transition_bucket_shape,taam_events
P7-9_A5_C0,P5-6_A5_C0,3,0.15,0.08839779,1.696875,leviticus,minor,transition_bucket_shape,taam_events
P3_A3_C0,P3_A3_C0,68,0.16666667,0.13259669,1.25694444,leviticus,minor,transition_exact_shape,taam_events
P2_A2_C0,P3_A3_C0,54,0.169279,0.13259669,1.27664577,leviticus,minor,transition_exact_shape,taam_events
P3_A3_C0,P3_A4_C0,52,0.12745098,0.08547286,1.49112801,leviticus,minor,transition_exact_shape,taam_events
P2_A2_C0,P3_A4_C0,42,0.13166144,0.08547286,1.54038881,leviticus,minor,transition_exact_shape,taam_events
P3_A3_C0,P2_A2_C0,41,0.1004902,0.10367241,0.96930512,leviticus,minor,transition_exact_shape,taam_events
P3_A3_C0,P4_A4_C0,34,0.08333333,0.09424764,0.8841954,leviticus,minor,transition_exact_shape,taam_events
P4_A4_C0,P3_A3_C0,34,0.11724138,0.13259669,0.8841954,leviticus,minor,transition_exact_shape,taam_events
P2_A2_C0,P2_A2_C0,33,0.10344828,0.10367241,0.99783807,leviticus,minor,transition_exact_shape,taam_events
P2_A2_C0,P4_A4_C0,32,0.10031348,0.09424764,1.06436061,leviticus,minor,transition_exact_shape,taam_events
P3_A4_C0,P4_A4_C0,31,0.11787072,0.09424764,1.25064901,leviticus,minor,transition_exact_shape,taam_events
P3_A4_C0,P3_A3_C0,30,0.11406844,0.13259669,0.86026616,leviticus,minor,transition_exact_shape,taam_events
P4_A3_C0,P3_A3_C0,30,0.14018692,0.13259669,1.05724299,leviticus,minor,transition_exact_shape,taam_events
P4_A4_C0,P2_A2_C0,30,0.10344828,0.10367241,0.99783807,leviticus,minor,transition_exact_shape,taam_events
P3_A3_C0,P2_A3_C0,29,0.07107843,0.04647384,1.5294289,leviticus,minor,transition_exact_shape,taam_events
P4_A4_C0,P3_A4_C0,28,0.09655172,0.08547286,1.12961846,leviticus,minor,transition_exact_shape,taam_events
P4_A4_C0,P4_A4_C0,28,0.09655172,0.09424764,1.02444709,leviticus,minor,transition_exact_shape,taam_events
P3_A4_C0,P4_A3_C0,26,0.09885932,0.06954826,1.42144913,leviticus,minor,transition_exact_shape,taam_events
P4_A3_C0,P2_A2_C0,25,0.11682243,0.10367241,1.12684206,leviticus,minor,transition_exact_shape,taam_events
P3_A4_C0,P2_A2_C0,24,0.09125475,0.10367241,0.88022218,leviticus,minor,transition_exact_shape,taam_events
P3_A4_C0,P5_A5_C0,23,0.08745247,0.05979851,1.46245247,leviticus,minor,transition_exact_shape,taam_events
P4_A4_C0,P4_A3_C0,23,0.07931034,0.06954826,1.14036416,leviticus,minor,transition_exact_shape,taam_events
P4_A4_C0,P3_A2_C0,22,0.07586207,0.04452389,1.70385099,leviticus,minor,transition_exact_shape,taam_events
P2_A2_C0,P2_A3_C0,22,0.06896552,0.04647384,1.48396431,leviticus,minor,transition_exact_shape,taam_events
P3_A3_C0,P4_A5_C0,21,0.05147059,0.0438739,1.17314815,leviticus,minor,transition_exact_shape,taam_events
P3_A3_C0,P5_A5_C0,21,0.05147059,0.05979851,0.8607337,leviticus,minor,transition_exact_shape,taam_events
P5_A5_C0,P3_A3_C0,21,0.11413043,0.13259669,0.8607337,leviticus,minor,transition_exact_shape,taam_events
P3_A2_C0,P3_A3_C0,20,0.14492754,0.13259669,1.09299517,leviticus,minor,transition_exact_shape,taam_events
P3_A2_C0,P3_A4_C0,20,0.14492754,0.08547286,1.69559707,leviticus,minor,transition_exact_shape,taam_events
P4_A4_C0,P1_A1_C0,19,0.06551724,0.03802405,1.72304745,leviticus,minor,transition_exact_shape,taam_events
P2_A2_C0,P4_A3_C0,19,0.05956113,0.06954826,0.85639996,leviticus,minor,transition_exact_shape,taam_events
P4_A3_C0,P4_A4_C0,19,0.08878505,0.09424764,0.94203996,leviticus,minor,transition_exact_shape,taam_events
P3_A4_C0,P5_A4_C0,19,0.07224335,0.04842379,1.49189782,leviticus,minor,transition_exact_shape,taam_events
P1_A1_C0,P3_A3_C0,18,0.15384615,0.13259669,1.16025641,leviticus,minor,transition_exact_shape,taam_events
P3_A3_C0,P5_A4_C0,17,0.04166667,0.04842379,0.86045861,leviticus,minor,transition_exact_shape,taam_events
P2_A2_C0,P4_A5_C0,17,0.05329154,0.0438739,1.21465227,leviticus,minor,transition_exact_shape,taam_events
P4_A3_C0,P3_A4_C0,17,0.07943925,0.08547286,0.92940905,leviticus,minor,transition_exact_shape,taam_events
P5_A5_C0,P2_A2_C0,17,0.0923913,0.10367241,0.89118509,leviticus,minor,transition_exact_shape,taam_events
P2_A3_C0,P2_A2_C0,17,0.11971831,0.10367241,1.15477505,leviticus,minor,transition_exact_shape,taam_events
P3_A3_C0,P3_A2_C0,16,0.03921569,0.04452389,0.88077859,leviticus,minor,transition_exact_shape,taam_events
P4_A3_C0,P4_A3_C0,16,0.07476636,0.06954826,1.07502839,leviticus,minor,transition_exact_shape,taam_events
P5_A5_C0,P5_A5_C0,15,0.08152174,0.05979851,1.36327387,leviticus,minor,transition_exact_shape,taam_events
P1_A1_C0,P4_A4_C0,15,0.12820513,0.09424764,1.36030062,leviticus,minor,transition_exact_shape,taam_events
P5_A4_C0,P3_A3_C0,14,0.09395973,0.13259669,0.70861298,leviticus,minor,transition_exact_shape,taam_events
P3_A4_C0,P3_A4_C0,14,0.05323194,0.08547286,0.62279345,leviticus,minor,transition_exact_shape,taam_events
P2_A2_C0,P5_A5_C0,14,0.04388715,0.05979851,0.73391713,leviticus,minor,transition_exact_shape,taam_events
P5_A5_C0,P5_A4_C0,14,0.07608696,0.04842379,1.57127225,leviticus,minor,transition_exact_shape,taam_events
P2_A3_C0,P5_A5_C0,14,0.09859155,0.05979851,1.64872933,leviticus,minor,transition_exact_shape,taam_events
P5_A5_C0,P3_A4_C0,14,0.07608696,0.08547286,0.89018846,leviticus,minor,transition_exact_shape,taam_events
P5_A4_C0,P2_A3_C0,14,0.09395973,0.04647384,2.02177688,leviticus,minor,transition_exact_shape,taam_events
P4_A5_C0,P2_A2_C0,14,0.1037037,0.10367241,1.00030187,leviticus,minor,transition_exact_shape,taam_events
P5_A4_C0,P4_A3_C0,14,0.09395973,0.06954826,1.35100044,leviticus,minor,transition_exact_shape,taam_events
P4_A4_C0,P4_A5_C0,14,0.04827586,0.0438739,1.10033206,leviticus,minor,transition_exact_shape,taam_events
P3_A3_C0,P4_A3_C0,14,0.03431373,0.06954826,0.49338006,leviticus,minor,transition_exact_shape,taam_events
P4_A3_C0,P5_A5_C0,14,0.06542056,0.05979851,1.09401666,leviticus,minor,transition_exact_shape,taam_events
P3_A2_C0,P4_A4_C0,13,0.0942029,0.09424764,0.99952524,leviticus,minor,transition_exact_shape,taam_events
P4_A5_C0,P4_A3_C0,13,0.0962963,0.06954826,1.38459675,leviticus,minor,transition_exact_shape,taam_events
P2_A3_C0,P3_A3_C0,13,0.0915493,0.13259669,0.69043427,leviticus,minor,transition_exact_shape,taam_events
P5_A5_C0,P4_A3_C0,13,0.07065217,0.06954826,1.01587261,leviticus,minor,transition_exact_shape,taam_events
P4_A4_C0,P5_A4_C0,12,0.04137931,0.04842379,0.85452442,leviticus,minor,transition_exact_shape,taam_events
P6_A5_C0,P2_A2_C0,12,0.13636364,0.10367241,1.315332,leviticus,minor,transition_exact_shape,taam_events
P3_A2_C0,P2_A2_C0,12,0.08695652,0.10367241,0.83876244,leviticus,minor,transition_exact_shape,taam_events
P4_A5_C0,P3_A3_C0,12,0.08888889,0.13259669,0.67037037,leviticus,minor,transition_exact_shape,taam_events
P3_A3_C0,P1_A1_C0,12,0.02941176,0.03802405,0.77350427,leviticus,minor,transition_exact_shape,taam_events
P4_A4_C0,P5_A5_C0,12,0.04137931,0.05979851,0.69197901,leviticus,minor,transition_exact_shape,taam_events
P4_A5_C0,P4_A4_C0,12,0.08888889,0.09424764,0.94314176,leviticus,minor,transition_exact_shape,taam_events
P1_A1_C0,P2_A2_C0,12,0.1025641,0.10367241,0.98930954,leviticus,minor,transition_exact_shape,taam_events
P6_A5_C0,P4_A4_C0,11,0.125,0.09424764,1.3262931,leviticus,minor,transition_exact_shape,taam_events
P4_A3_C0,P3_A2_C0,11,0.05140187,0.04452389,1.15447848,leviticus,minor,transition_exact_shape,taam_events
P3_A2_C0,P4_A3_C0,11,0.07971014,0.06954826,1.14611269,leviticus,minor,transition_exact_shape,taam_events
P6_A6_C0,P3_A3_C0,11,0.15277778,0.13259669,1.15219907,leviticus,minor,transition_exact_shape,taam_events
P5_A4_C0,P4_A4_C0,11,0.0738255,0.09424764,0.78331405,leviticus,minor,transition_exact_shape,taam_events
P5_A5_C0,P4_A4_C0,11,0.05978261,0.09424764,0.63431409,leviticus,minor,transition_exact_shape,taam_events
P2_A2_C0,P5_A4_C0,11,0.03448276,0.04842379,0.71210368,leviticus,minor,transition_exact_shape,taam_events
P4_A3_C0,P6_A6_C0,11,0.05140187,0.02339942,2.19671599,leviticus,minor,transition_exact_shape,taam_events
P3_A4_C0,P6_A5_C0,10,0.03802281,0.02859929,1.32950225,leviticus,minor,transition_exact_shape,taam_events
P5_A6_C0,P3_A3_C0,10,0.15151515,0.13259669,1.14267677,leviticus,minor,transition_exact_shape,taam_events
P4_A5_C0,P1_A1_C0,10,0.07407407,0.03802405,1.94808484,leviticus,minor,transition_exact_shape,taam_events
P2_A2_C0,P3_A2_C0,10,0.03134796,0.04452389,0.70407066,leviticus,minor,transition_exact_shape,taam_events
P3_A2_C0,P5_A4_C0,10,0.07246377,0.04842379,1.49644976,leviticus,minor,transition_exact_shape,taam_events
P5_A4_C0,P4_A5_C0,10,0.06711409,0.0438739,1.5297042,leviticus,minor,transition_exact_shape,taam_events
P5_A5_C0,P4_A5_C0,10,0.05434783,0.0438739,1.23872786,leviticus,minor,transition_exact_shape,taam_events
P4_A5_C0,P5_A4_C0,10,0.07407407,0.04842379,1.5297042,leviticus,minor,transition_exact_shape,taam_events
P5_A5_C0,P6_A5_C0,10,0.05434783,0.02859929,1.90032115,leviticus,minor,transition_exact_shape,taam_events
P5_A4_C0,P2_A2_C0,10,0.06711409,0.10367241,0.64736698,leviticus,minor,transition_exact_shape,taam_events
P2_A3_C0,P4_A4_C0,10,0.07042254,0.09424764,0.74720738,leviticus,minor,transition_exact_shape,taam_events
P5_A4_C0,P3_A4_C0,10,0.06711409,0.08547286,0.78520938,leviticus,minor,transition_exact_shape,taam_events
P2_A3_C0,P5_A4_C0,10,0.07042254,0.04842379,1.45429625,leviticus,minor,transition_exact_shape,taam_events
P4_A4_C0,P2_A3_C0,10,0.03448276,0.04647384,0.74198216,leviticus,minor,transition_exact_shape,taam_events
P4_A5_C0,P5_A5_C0,10,0.07407407,0.05979851,1.23872786,leviticus,minor,transition_exact_shape,taam_events
P2_A3_C0,P4_A3_C0,9,0.06338028,0.06954826,0.91131368,leviticus,minor,transition_exact_shape,taam_events
P5_A5_C0,P1_A1_C0,9,0.04891304,0.03802405,1.28637124,leviticus,minor,transition_exact_shape,taam_events
P4_A5_C0,P3_A2_C0,9,0.06666667,0.04452389,1.4973236,leviticus,minor,transition_exact_shape,taam_events
P3_A3_C0,P5_A6_C0,9,0.02205882,0.02144946,1.02840909,leviticus,minor,transition_exact_shape,taam_events
P4_A3_C0,P4_A5_C0,9,0.04205607,0.0438739,0.95856698,leviticus,minor,transition_exact_shape,taam_events
P1_A1_C0,P6_A5_C0,9,0.07692308,0.02859929,2.68968531,leviticus,minor,transition_exact_shape,taam_events
P3_A3_C0,P6_A5_C0,8,0.01960784,0.02859929,0.68560606,leviticus,minor,transition_exact_shape,taam_events
P1_A1_C0,P3_A4_C0,8,0.06837607,0.08547286,0.799974,leviticus,minor,transition_exact_shape,taam_events
P3_A4_C0,P3_A2_C0,8,0.03041825,0.04452389,0.68318948,leviticus,minor,transition_exact_shape,taam_events
P3_A2_C0,P2_A3_C0,8,0.05797101,0.04647384,1.24739029,leviticus,minor,transition_exact_shape,taam_events
P3_A4_C0,P5_A3_C0,8,0.03041825,0.0120247,2.52964752,leviticus,minor,transition_exact_shape,taam_events
P3_A3_C0,P6_A6_C0,8,0.01960784,0.02339942,0.83796296,leviticus,minor,transition_exact_shape,taam_events
P6_A5_C0,P3_A3_C0,8,0.09090909,0.13259669,0.68560606,leviticus,minor,transition_exact_shape,taam_events
P7_A7_C0,P3_A3_C0,8,0.17777778,0.13259669,1.34074074,leviticus,minor,transition_exact_shape,taam_events
P4_A5_C0,P3_A4_C0,8,0.05925926,0.08547286,0.6933108,leviticus,minor,transition_exact_shape,taam_events
P6_A6_C0,P2_A2_C0,8,0.11111111,0.10367241,1.071752,leviticus,minor,transition_exact_shape,taam_events
P4_A5_C0,P2_A3_C0,8,0.05925926,0.04647384,1.27511008,leviticus,minor,transition_exact_shape,taam_events
P3_A4_C0,P1_A1_C0,8,0.03041825,0.03802405,0.799974,leviticus,minor,transition_exact_shape,taam_events
P5_A5_C0,P2_A3_C0,8,0.04347826,0.04647384,0.93554272,leviticus,minor,transition_exact_shape,taam_events
P6_A5_C0,P3_A4_C0,7,0.07954545,0.08547286,0.93065157,leviticus,minor,transition_exact_shape,taam_events
P4_A3_C0,P5_A4_C0,7,0.03271028,0.04842379,0.67550022,leviticus,minor,transition_exact_shape,taam_events
P5_A5_C0,P3_A2_C0,7,0.03804348,0.04452389,0.85445097,leviticus,minor,transition_exact_shape,taam_events
P1_A1_C0,P2_A3_C0,7,0.05982906,0.04647384,1.28737075,leviticus,minor,transition_exact_shape,taam_events
P5_A4_C0,P7_A6_C0,7,0.04697987,0.01299968,3.61392617,leviticus,minor,transition_exact_shape,taam_events
P3_A2_C0,P3_A2_C0,7,0.05072464,0.04452389,1.13926796,leviticus,minor,transition_exact_shape,taam_events
P6_A6_C0,P4_A4_C0,7,0.09722222,0.09424764,1.0315613,leviticus,minor,transition_exact_shape,taam_events
P3_A3_C0,P3_A5_C0,7,0.01715686,0.00844979,2.03044872,leviticus,minor,transition_exact_shape,taam_events
P6_A5_C0,P4_A5_C0,7,0.07954545,0.0438739,1.81304714,leviticus,minor,transition_exact_shape,taam_events
P2_A2_C0,P5_A6_C0,7,0.02194357,0.02144946,1.023036,leviticus,minor,transition_exact_shape,taam_events
P2_A3_C0,P7_A6_C0,7,0.04929577,0.01299968,3.79207746,leviticus,minor,transition_exact_shape,taam_events
P4_A3_C0,P7_A7_C0,7,0.03271028,0.01462463,2.23665628,leviticus,minor,transition_exact_shape,taam_events
P1_A1_C0,P5_A5_C0,7,0.05982906,0.05979851,1.00051096,leviticus,minor,transition_exact_shape,taam_events
P2_A3_C0,P4_A5_C0,7,0.04929577,0.0438739,1.12357851,leviticus,minor,transition_exact_shape,taam_events
P6_A7_C0,P2_A2_C0,7,0.26923077,0.10367241,2.59693755,leviticus,minor,transition_exact_shape,taam_events
P1_A1_C0,P5_A6_C0,6,0.05128205,0.02144946,2.39083139,leviticus,minor,transition_exact_shape,taam_events
P4_A5_C0,P6_A6_C0,6,0.04444444,0.02339942,1.89938272,leviticus,minor,transition_exact_shape,taam_events
P5_A4_C0,P1_A1_C0,6,0.04026846,0.03802405,1.05902599,leviticus,minor,transition_exact_shape,taam_events
P6_A5_C0,P5_A5_C0,6,0.06818182,0.05979851,1.14019269,leviticus,minor,transition_exact_shape,taam_events
P1_A1_C0,P4_A3_C0,6,0.05128205,0.06954826,0.73735921,leviticus,minor,transition_exact_shape,taam_events
P4_A4_C0,P5_A6_C0,6,0.02068966,0.02144946,0.9645768,leviticus,minor,transition_exact_shape,taam_events
P3_A4_C0,P7_A7_C0,6,0.02281369,0.01462463,1.5599493,leviticus,minor,transition_exact_shape,taam_events
P7_A7_C0,P2_A2_C0,6,0.13333333,0.10367241,1.2861024,leviticus,minor,transition_exact_shape,taam_events
P1_A2_C0,P3_A4_C0,6,0.26086957,0.08547286,3.05207472,leviticus,minor,transition_exact_shape,taam_events
P4_A3_C0,P2_A3_C0,6,0.02803738,0.04647384,0.6032939,leviticus,minor,transition_exact_shape,taam_events
P5_A4_C0,P3_A2_C0,6,0.04026846,0.04452389,0.90442365,leviticus,minor,transition_exact_shape,taam_events
P7_A6_C0,P2_A2_C0,6,0.15,0.10367241,1.4468652,leviticus,minor,transition_exact_shape,taam_events
P2_A3_C0,P3_A4_C0,6,0.04225352,0.08547286,0.49435013,leviticus,minor,transition_exact_shape,taam_events
P2_A2_C0,P2_A4_C0,6,0.01880878,0.00747481,2.51628731,leviticus,minor,transition_exact_shape,taam_events
P5_A4_C0,P6_A5_C0,6,0.04026846,0.02859929,1.40802318,leviticus,minor,transition_exact_shape,taam_events
P5_A6_C0,P4_A3_C0,6,0.09090909,0.06954826,1.30713679,leviticus,minor,transition_exact_shape,taam_events
P4_A3_C0,P1_A1_C0,6,0.02803738,0.03802405,0.73735921,leviticus,minor,transition_exact_shape,taam_events
P2_A3_C0,P1_A1_C0,6,0.04225352,0.03802405,1.11123149,leviticus,minor,transition_exact_shape,taam_events
P2_A2_C0,P6_A6_C0,6,0.01880878,0.02339942,0.803814,leviticus,minor,transition_exact_shape,taam_events
P2_A1_C0,P4_A4_C0,6,0.21428571,0.09424764,2.27364532,leviticus,minor,transition_exact_shape,taam_events
P3_A2_C0,P5_A5_C0,6,0.04347826,0.05979851,0.7270794,leviticus,minor,transition_exact_shape,taam_events
P3_A4_C0,P6_A6_C0,6,0.02281369,0.02339942,0.97496831,leviticus,minor,transition_exact_shape,taam_events
P3_A2_C0,P4_A5_C0,6,0.04347826,0.0438739,0.99098229,leviticus,minor,transition_exact_shape,taam_events
P4_A2_C0,P3_A3_C0,5,0.2173913,0.13259669,1.63949275,leviticus,minor,transition_exact_shape,taam_events
P4_A5_C0,P6_A5_C0,5,0.03703704,0.02859929,1.29503367,leviticus,minor,transition_exact_shape,taam_events
P3_A4_C0,P7_A6_C0,5,0.01901141,0.01299968,1.46245247,leviticus,minor,transition_exact_shape,taam_events
P9_A8_C0,P3_A3_C0,5,0.3125,0.13259669,2.35677083,leviticus,minor,transition_exact_shape,taam_events
P3_A3_C0,P4_A2_C0,5,0.0122549,0.00747481,1.63949275,leviticus,minor,transition_exact_shape,taam_events
P6_A6_C0,P3_A2_C0,5,0.06944444,0.04452389,1.55971208,leviticus,minor,transition_exact_shape,taam_events
P6_A5_C0,P4_A3_C0,5,0.05681818,0.06954826,0.81696049,leviticus,minor,transition_exact_shape,taam_events
P4_A3_C0,P5_A6_C0,5,0.02336449,0.02144946,1.08928066,leviticus,minor,transition_exact_shape,taam_events
P6_A6_C0,P5_A5_C0,5,0.06944444,0.05979851,1.16130737,leviticus,minor,transition_exact_shape,taam_events
P7_A6_C0,P3_A3_C0,5,0.125,0.13259669,0.94270833,leviticus,minor,transition_exact_shape,taam_events
P3_A4_C0,P2_A3_C0,5,0.01901141,0.04647384,0.40907761,leviticus,minor,transition_exact_shape,taam_events
P1_A1_C0,P3_A2_C0,5,0.04273504,0.04452389,0.95982282,leviticus,minor,transition_exact_shape,taam_events
P3_A2_C0,P5_A6_C0,5,0.03623188,0.02144946,1.68917435,leviticus,minor,transition_exact_shape,taam_events
P3_A3_C0,P7_A7_C0,5,0.0122549,0.01462463,0.83796296,leviticus,minor,transition_exact_shape,taam_events
P5_A6_C0,P1_A1_C0,5,0.07575758,0.03802405,1.99235949,leviticus,minor,transition_exact_shape,taam_events
P3_A3_C0,P6_A7_C0,5,0.0122549,0.00844979,1.45032051,leviticus,minor,transition_exact_shape,taam_events
P2_A3_C0,P3_A2_C0,5,0.03521127,0.04452389,0.79083993,leviticus,minor,transition_exact_shape,taam_events
P2_A2_C0,P1_A1_C0,5,0.01567398,0.03802405,0.41221231,leviticus,minor,transition_exact_shape,taam_events
P6_A6_C0,P1_A1_C0,5,0.06944444,0.03802405,1.82632953,leviticus,minor,transition_exact_shape,taam_events
P2_A1_C0,P4_A3_C0,5,0.17857143,0.06954826,2.56759012,leviticus,minor,transition_exact_shape,taam_events
P4_A3_C0,P6_A4_C0,5,0.02336449,0.00844979,2.76509705,leviticus,minor,transition_exact_shape,taam_events
P2_A2_C0,P6_A5_C0,5,0.01567398,0.02859929,0.548055,leviticus,minor,transition_exact_shape,taam_events
P6_A5_C0,P3_A2_C0,5,0.05681818,0.04452389,1.27612807,leviticus,minor,transition_exact_shape,taam_events
P4_A4_C0,P6_A6_C0,5,0.01724138,0.02339942,0.7368295,leviticus,minor,transition_exact_shape,taam_events
P5_A6_C0,P4_A4_C0,5,0.07575758,0.09424764,0.803814,leviticus,minor,transition_exact_shape,taam_events
P5_A6_C0,P2_A2_C0,5,0.07575758,0.10367241,0.73074,leviticus,minor,transition_exact_shape,taam_events
P7_A7_C0,P3_A2_C0,5,0.11111111,0.04452389,2.49553933,leviticus,minor,transition_exact_shape,taam_events
P6_A6_C0,P4_A3_C0,5,0.06944444,0.06954826,0.99850727,leviticus,minor,transition_exact_shape,taam_events
P3_A3_C0,P2_A4_C0,5,0.0122549,0.00747481,1.63949275,leviticus,minor,transition_exact_shape,taam_events
P6_A5_C0,P1_A1_C0,4,0.04545455,0.03802405,1.1954157,leviticus,minor,transition_exact_shape,taam_events
P3_A3_C0,P5_A3_C0,4,0.00980392,0.0120247,0.81531532,leviticus,minor,transition_exact_shape,taam_events
P5_A3_C0,P3_A3_C0,4,0.10810811,0.13259669,0.81531532,leviticus,minor,transition_exact_shape,taam_events
P7_A6_C0,P4_A4_C0,4,0.1,0.09424764,1.06103448,leviticus,minor,transition_exact_shape,taam_events
P4_A4_C0,P6_A5_C0,4,0.0137931,0.02859929,0.4822884,leviticus,minor,transition_exact_shape,taam_events
P3_A2_C0,P6_A5_C0,4,0.02898551,0.02859929,1.01350461,leviticus,minor,transition_exact_shape,taam_events
P5_A3_C0,P2_A2_C0,4,0.10810811,0.10367241,1.04278573,leviticus,minor,transition_exact_shape,taam_events
P5_A4_C0,P5_A6_C0,4,0.02684564,0.02144946,1.25157616,leviticus,minor,transition_exact_shape,taam_events
P5_A4_C0,P5_A5_C0,4,0.02684564,0.05979851,0.44893493,leviticus,minor,transition_exact_shape,taam_events
P6_A4_C0,P2_A2_C0,4,0.15384615,0.10367241,1.48396431,leviticus,minor,transition_exact_shape,taam_events
P8_A8_C0,P3_A3_C0,4,0.28571429,0.13259669,2.1547619,leviticus,minor,transition_exact_shape,taam_events
P2_A3_C0,P6_A5_C0,4,0.02816901,0.02859929,0.98495519,leviticus,minor,transition_exact_shape,taam_events
P2_A3_C0,P6_A6_C0,4,0.02816901,0.02339942,1.20383412,leviticus,minor,transition_exact_shape,taam_events
P2_A4_C0,P3_A3_C0,4,0.17391304,0.13259669,1.3115942,leviticus,minor,transition_exact_shape,taam_events
P5_A6_C0,P3_A2_C0,4,0.06060606,0.04452389,1.36120327,leviticus,minor,transition_exact_shape,taam_events
P7_A7_C0,P5_A4_C0,4,0.08888889,0.04842379,1.83564504,leviticus,minor,transition_exact_shape,taam_events
P5_A6_C0,P5_A4_C0,4,0.06060606,0.04842379,1.25157616,leviticus,minor,transition_exact_shape,taam_events
P5_A4_C0,P7_A7_C0,4,0.02684564,0.01462463,1.83564504,leviticus,minor,transition_exact_shape,taam_events
P1_A2_C0,P4_A3_C0,4,0.17391304,0.06954826,2.50060951,leviticus,minor,transition_exact_shape,taam_events
P6_A7_C0,P4_A3_C0,4,0.15384615,0.06954826,2.21207764,leviticus,minor,transition_exact_shape,taam_events
P1_A1_C0,P6_A6_C0,4,0.03418803,0.02339942,1.46106363,leviticus,minor,transition_exact_shape,taam_events
P5_A4_C0,P5_A4_C0,4,0.02684564,0.04842379,0.55438944,leviticus,minor,transition_exact_shape,taam_events
P6_A4_C0,P4_A4_C0,4,0.15384615,0.09424764,1.63236074,leviticus,minor,transition_exact_shape,taam_events
P3_A5_C0,P1_A1_C0,4,0.15384615,0.03802405,4.04602235,leviticus,minor,transition_exact_shape,taam_events
P3_A4_C0,P2_A1_C0,4,0.01520913,0.00909977,1.67137425,leviticus,minor,transition_exact_shape,taam_events
P5_A4_C0,P6_A6_C0,4,0.02684564,0.02339942,1.14727815,leviticus,minor,transition_exact_shape,taam_events
P7_A7_C0,P4_A4_C0,4,0.08888889,0.09424764,0.94314176,leviticus,minor,transition_exact_shape,taam_events
P2_A3_C0,P2_A3_C0,4,0.02816901,0.04647384,0.60612627,leviticus,minor,transition_exact_shape,taam_events
P2_A2_C0,P7_A6_C0,4,0.01253918,0.01299968,0.9645768,leviticus,minor,transition_exact_shape,taam_events
P7_A6_C0,P3_A4_C0,4,0.1,0.08547286,1.16996198,leviticus,minor,transition_exact_shape,taam_events
P4_A3_C0,P5_A3_C0,4,0.01869159,0.0120247,1.55443294,leviticus,minor,transition_exact_shape,taam_events
P5_A6_C0,P5_A5_C0,4,0.06060606,0.05979851,1.01350461,leviticus,minor,transition_exact_shape,taam_events
P4_A4_C0,P2_A1_C0,4,0.0137931,0.00909977,1.51576355,leviticus,minor,transition_exact_shape,taam_events
P4_A4_C0,P4_A2_C0,4,0.0137931,0.00747481,1.84527736,leviticus,minor,transition_exact_shape,taam_events
P6_A6_C0,P4_A5_C0,4,0.05555556,0.0438739,1.26625514,leviticus,minor,transition_exact_shape,taam_events
P3_A4_C0,P4_A5_C0,4,0.01520913,0.0438739,0.3466554,leviticus,minor,transition_exact_shape,taam_events
P4_A4_C0,P7_A7_C0,4,0.0137931,0.01462463,0.94314176,leviticus,minor,transition_exact_shape,taam_events
P7_A6_C0,P4_A3_C0,4,0.1,0.06954826,1.43785047,leviticus,minor,transition_exact_shape,taam_events
P4_A4_C0,P6_A7_C0,4,0.0137931,0.00844979,1.63236074,leviticus,minor,transition_exact_shape,taam_events
P1_A1_C0,P5_A4_C0,4,0.03418803,0.04842379,0.70601732,leviticus,minor,transition_exact_shape,taam_events
P7_A5_C0,P4_A4_C0,4,0.25,0.09424764,2.65258621,leviticus,minor,transition_exact_shape,taam_events
P3_A5_C0,P3_A3_C0,4,0.15384615,0.13259669,1.16025641,leviticus,minor,transition_exact_shape,taam_events
P6_A5_C0,P6_A7_C0,3,0.03409091,0.00844979,4.03452797,leviticus,minor,transition_exact_shape,taam_events
P6_A7_C0,P6_A5_C0,3,0.11538462,0.02859929,4.03452797,leviticus,minor,transition_exact_shape,taam_events
P5_A4_C0,P5_A7_C0,3,0.02013423,0.00162496,12.39060403,leviticus,minor,transition_exact_shape,taam_events
P3_A4_C0,P1_A2_C0,3,0.01140684,0.00747481,1.52603736,leviticus,minor,transition_exact_shape,taam_events
P2_A1_C0,P3_A4_C0,3,0.10714286,0.08547286,1.25353069,leviticus,minor,transition_exact_shape,taam_events
P6_A4_C0,P5_A5_C0,3,0.11538462,0.05979851,1.92955686,leviticus,minor,transition_exact_shape,taam_events
P11_A9_C0,P3_A3_C0,3,0.75,0.13259669,5.65625,leviticus,minor,transition_exact_shape,taam_events
P7_A6_C0,P5_A5_C0,3,0.075,0.05979851,1.25421196,leviticus,minor,transition_exact_shape,taam_events
P2_A2_C0,P7_A7_C0,3,0.00940439,0.01462463,0.6430512,leviticus,minor,transition_exact_shape,taam_events
P7_A7_C0,P5_A5_C0,3,0.06666667,0.05979851,1.11485507,leviticus,minor,transition_exact_shape,taam_events
P2_A2_C0,P8_A7_C0,3,0.00940439,0.00454989,2.06695029,leviticus,minor,transition_exact_shape,taam_events
P4_A4_C0,P8_A7_C0,3,0.01034483,0.00454989,2.27364532,leviticus,minor,transition_exact_shape,taam_events
P5_A5_C0,P9_A8_C0,3,0.01630435,0.00519987,3.13552989,leviticus,minor,transition_exact_shape,taam_events
P7_A6_C0,P6_A6_C0,3,0.075,0.02339942,3.20520833,leviticus,minor,transition_exact_shape,taam_events
P5_A5_C0,P7_A7_C0,3,0.01630435,0.01462463,1.11485507,leviticus,minor,transition_exact_shape,taam_events
P5_A4_C0,P3_A5_C0,3,0.02013423,0.00844979,2.38280847,leviticus,minor,transition_exact_shape,taam_events
P5_A4_C0,P1_A2_C0,3,0.02013423,0.00747481,2.69360957,leviticus,minor,transition_exact_shape,taam_events
P4_A3_C0,P6_A5_C0,3,0.01401869,0.02859929,0.4901763,leviticus,minor,transition_exact_shape,taam_events
P5_A5_C0,P4_A6_C0,3,0.01630435,0.00357491,4.56077075,leviticus,minor,transition_exact_shape,taam_events
P1_A1_C0,P7_A6_C0,3,0.02564103,0.01299968,1.9724359,leviticus,minor,transition_exact_shape,taam_events
P2_A3_C0,P7_A8_C0,3,0.02112676,0.00584985,3.61150235,leviticus,minor,transition_exact_shape,taam_events
P3_A5_C0,P2_A2_C0,3,0.11538462,0.10367241,1.11297323,leviticus,minor,transition_exact_shape,taam_events
P6_A6_C0,P3_A4_C0,3,0.04166667,0.08547286,0.48748416,leviticus,minor,transition_exact_shape,taam_events
P4_A2_C0,P2_A2_C0,3,0.13043478,0.10367241,1.25814366,leviticus,minor,transition_exact_shape,taam_events
P2_A4_C0,P3_A2_C0,3,0.13043478,0.04452389,2.92954618,leviticus,minor,transition_exact_shape,taam_events
P5_A3_C0,P4_A4_C0,3,0.08108108,0.09424764,0.86029823,leviticus,minor,transition_exact_shape,taam_events
P5_A3_C0,P3_A4_C0,3,0.08108108,0.08547286,0.94861782,leviticus,minor,transition_exact_shape,taam_events
P1_A2_C0,P3_A3_C0,3,0.13043478,0.13259669,0.98369565,leviticus,minor,transition_exact_shape,taam_events
P3_A3_C0,P6_A4_C0,3,0.00735294,0.00844979,0.87019231,leviticus,minor,transition_exact_shape,taam_events
P4_A2_C0,P4_A3_C0,3,0.13043478,0.06954826,1.87545713,leviticus,minor,transition_exact_shape,taam_events
P1_A2_C0,P2_A2_C0,3,0.13043478,0.10367241,1.25814366,leviticus,minor,transition_exact_shape,taam_events
P7_A7_C0,P3_A4_C0,3,0.06666667,0.08547286,0.77997465,leviticus,minor,transition_exact_shape,taam_events
P5_A3_C0,P5_A5_C0,3,0.08108108,0.05979851,1.35590482,leviticus,minor,transition_exact_shape,taam_events
P7_A8_C0,P1_A1_C0,3,0.16666667,0.03802405,4.38319088,leviticus,minor,transition_exact_shape,taam_events
P5_A6_C0,P6_A5_C0,3,0.04545455,0.02859929,1.5893595,leviticus,minor,transition_exact_shape,taam_events
P4_A4_C0,P1_A2_C0,3,0.01034483,0.00747481,1.38395802,leviticus,minor,transition_exact_shape,taam_events
P4_A5_C0,P5_A6_C0,3,0.02222222,0.02144946,1.03602694,leviticus,minor,transition_exact_shape,taam_events
P2_A2_C0,P3_A5_C0,3,0.00940439,0.00844979,1.11297323,leviticus,minor,transition_exact_shape,taam_events
P7_A5_C0,P5_A5_C0,3,0.1875,0.05979851,3.13552989,leviticus,minor,transition_exact_shape,taam_events
P8_A7_C0,P3_A3_C0,3,0.21428571,0.13259669,1.61607143,leviticus,minor,transition_exact_shape,taam_events
P7_A8_C0,P4_A3_C0,3,0.16666667,0.06954826,2.39641745,leviticus,minor,transition_exact_shape,taam_events
P1_A1_C0,P4_A5_C0,3,0.02564103,0.0438739,0.58442545,leviticus,minor,transition_exact_shape,taam_events
P3_A2_C0,P7_A8_C0,3,0.02173913,0.00584985,3.71618357,leviticus,minor,transition_exact_shape,taam_events
P3_A4_C0,P2_A4_C0,3,0.01140684,0.00747481,1.52603736,leviticus,minor,transition_exact_shape,taam_events
P3_A4_C0,P5_A6_C0,3,0.01140684,0.02144946,0.5318009,leviticus,minor,transition_exact_shape,taam_events
P7_A8_C0,P2_A2_C0,3,0.16666667,0.10367241,1.607628,leviticus,minor,transition_exact_shape,taam_events
P<=4_A4_C0,P7-9_A6-7_C1,20,0.13157895,0.0724985,1.81491953,leviticus,major,transition_bucket_shape,taam_events
P5-6_A6-7_C1,P10-12_A8+_C2,17,0.136,0.06291192,2.16175238,leviticus,major,transition_bucket_shape,taam_events
P<=4_A4_C0,P10-12_A8+_C2,16,0.10526316,0.06291192,1.67318296,leviticus,major,transition_bucket_shape,taam_events
P7-9_A6-7_C1,P<=4_A3_C0,16,0.1322314,0.07429599,1.77979206,leviticus,major,transition_bucket_shape,taam_events
P7-9_A6-7_C1,P<=4_A4_C0,14,0.11570248,0.0910725,1.27044367,leviticus,major,transition_bucket_shape,taam_events
P5-6_A6-7_C1,P<=4_A3_C0,13,0.104,0.07429599,1.39980645,leviticus,major,transition_bucket_shape,taam_events
P<=4_A4_C0,P5-6_A5_C0,13,0.08552632,0.05512283,1.55155892,leviticus,major,transition_bucket_shape,taam_events
P5-6_A5_C1,P<=4_A4_C0,13,0.22807018,0.0910725,2.50427054,leviticus,major,transition_bucket_shape,taam_events
P10-12_A8+_C2,P7-9_A6-7_C1,11,0.1047619,0.0724985,1.44502165,leviticus,major,transition_bucket_shape,taam_events
P<=4_A4_C0,P5-6_A6-7_C1,11,0.07236842,0.07489515,0.96626316,leviticus,major,transition_bucket_shape,taam_events
P10-12_A8+_C1,P5-6_A6-7_C0,11,0.15942029,0.04973038,3.20569233,leviticus,major,transition_bucket_shape,taam_events
P7-9_A8+_C1,P<=4_A3_C0,11,0.09482759,0.07429599,1.27634872,leviticus,major,transition_bucket_shape,taam_events
P<=4_A3_C0,P<=4_A4_C0,10,0.08130081,0.0910725,0.89270432,leviticus,major,transition_bucket_shape,taam_events
P5-6_A5_C0,P5-6_A5_C0,10,0.10869565,0.05512283,1.97188091,leviticus,major,transition_bucket_shape,taam_events
P<=4_A3_C0,P10-12_A8+_C2,10,0.08130081,0.06291192,1.29229578,leviticus,major,transition_bucket_shape,taam_events
P5-6_A6-7_C1,P5-6_A6-7_C1,10,0.08,0.07489515,1.06816,leviticus,major,transition_bucket_shape,taam_events
P5-6_A5_C0,P<=4_A4_C0,10,0.10869565,0.0910725,1.19350686,leviticus,major,transition_bucket_shape,taam_events
P10-12_A8+_C2,P<=4_A4_C0,9,0.08571429,0.0910725,0.94116541,leviticus,major,transition_bucket_shape,taam_events
P<=4_A3_C0,P7-9_A8+_C1,9,0.07317073,0.0695027,1.05277544,leviticus,major,transition_bucket_shape,taam_events
P<=4_A3_C0,P<=4_A3_C0,9,0.07317073,0.07429599,0.98485445,leviticus,major,transition_bucket_shape,taam_events
P7-9_A6-7_C1,P<=4_A5_C0,9,0.07438017,0.04373877,1.70055474,leviticus,major,transition_bucket_shape,taam_events
P<=4_A3_C0,P7-9_A6-7_C1,9,0.07317073,0.0724985,1.00927232,leviticus,major,transition_bucket_shape,taam_events
P7-9_A8+_C1,P7-9_A6-7_C1,9,0.07758621,0.0724985,1.07017669,leviticus,major,transition_bucket_shape,taam_events
P5-6_A6-7_C1,P5-6_A5_C1,9,0.072,0.03415219,2.10821053,leviticus,major,transition_bucket_shape,taam_events
P5-6_A6-7_C1,P7-9_A8+_C1,9,0.072,0.0695027,1.03593103,leviticus,major,transition_bucket_shape,taam_events
P10-12_A8+_C2,P<=4_A5_C0,9,0.08571429,0.04373877,1.95968689,leviticus,major,transition_bucket_shape,taam_events
P13-15_A8+_C2,P<=4_A4_C0,9,0.1875,0.0910725,2.05879934,leviticus,major,transition_bucket_shape,taam_events
P5-6_A6-7_C1,P7-9_A6-7_C1,9,0.072,0.0724985,0.99312397,leviticus,major,transition_bucket_shape,taam_events
P<=4_A3_C0,P5-6_A4_C0,8,0.06504065,0.02636309,2.46711013,leviticus,major,transition_bucket_shape,taam_events
P7-9_A6-7_C1,P7-9_A6-7_C1,8,0.0661157,0.0724985,0.91195957,leviticus,major,transition_bucket_shape,taam_events
P7-9_A6-7_C1,P5-6_A6-7_C0,8,0.0661157,0.04973038,1.32948322,leviticus,major,transition_bucket_shape,taam_events
P13-15_A8+_C2,P7-9_A8+_C1,8,0.16666667,0.0695027,2.39798851,leviticus,major,transition_bucket_shape,taam_events
P7-9_A8+_C1,P10-12_A8+_C2,8,0.06896552,0.06291192,1.09622332,leviticus,major,transition_bucket_shape,taam_events
P<=4_A3_C0,P5-6_A5_C0,8,0.06504065,0.05512283,1.17992223,leviticus,major,transition_bucket_shape,taam_events
P7-9_A8+_C1,P7-9_A8+_C1,8,0.06896552,0.0695027,0.99227111,leviticus,major,transition_bucket_shape,taam_events
P10-12_A8+_C2,P7-9_A8+_C1,8,0.07619048,0.0695027,1.09622332,leviticus,major,transition_bucket_shape,taam_events
P7-9_A8+_C2,P7-9_A8+_C1,8,0.12903226,0.0695027,1.85650723,leviticus,major,transition_bucket_shape,taam_events
P7-9_A8+_C2,P<=4_A4_C0,8,0.12903226,0.0910725,1.41680815,leviticus,major,transition_bucket_shape,taam_events
P7-9_A6-7_C1,P7-9_A8+_C1,7,0.05785124,0.0695027,0.83235965,leviticus,major,transition_bucket_shape,taam_events
P<=4_A2_C0,P<=4_A4_C0,7,0.30434783,0.0910725,3.34181922,leviticus,major,transition_bucket_shape,taam_events
P10-12_A8+_C2,P5-6_A6-7_C0,7,0.06666667,0.04973038,1.34056225,leviticus,major,transition_bucket_shape,taam_events
P5-6_A6-7_C1,P7-9_A8+_C2,7,0.056,0.03714799,1.50748387,leviticus,major,transition_bucket_shape,taam_events
P5-6_A5_C0,P10-12_A8+_C2,7,0.07608696,0.06291192,1.20942029,leviticus,major,transition_bucket_shape,taam_events
P5-6_A5_C0,P5-6_A4_C0,7,0.07608696,0.02636309,2.8861166,leviticus,major,transition_bucket_shape,taam_events
P<=4_A4_C0,P<=4_A3_C0,7,0.04605263,0.07429599,0.61985357,leviticus,major,transition_bucket_shape,taam_events
P5-6_A5_C0,P13-15_A8+_C2,7,0.07608696,0.02875974,2.64560688,leviticus,major,transition_bucket_shape,taam_events
P<=4_A4_C0,P7-9_A8+_C2,7,0.04605263,0.03714799,1.23970713,leviticus,major,transition_bucket_shape,taam_events
P10-12_A8+_C1,P5-6_A6-7_C1,7,0.10144928,0.07489515,1.35455072,leviticus,major,transition_bucket_shape,taam_events
P<=4_A5_C0,P7-9_A6-7_C1,7,0.09589041,0.0724985,1.32265369,leviticus,major,transition_bucket_shape,taam_events
P5-6_A5_C0,P5-6_A6-7_C1,7,0.07608696,0.07489515,1.01591304,leviticus,major,transition_bucket_shape,taam_events
P5-6_A5_C1,P7-9_A8+_C1,7,0.12280702,0.0695027,1.7669389,leviticus,major,transition_bucket_shape,taam_events
P7-9_A8+_C1,P5-6_A6-7_C1,7,0.06034483,0.07489515,0.80572414,leviticus,major,transition_bucket_shape,taam_events
P<=4_A3_C0,P5-6_A6-7_C1,7,0.05691057,0.07489515,0.75986992,leviticus,major,transition_bucket_shape,taam_events
P<=4_A4_C0,P13-15_A8+_C2,7,0.04605263,0.02875974,1.60128838,leviticus,major,transition_bucket_shape,taam_events
P<=4_A5_C0,P5-6_A6-7_C1,7,0.09589041,0.07489515,1.28032877,leviticus,major,transition_bucket_shape,taam_events
P7-9_A8+_C1,P<=4_A4_C0,7,0.06034483,0.0910725,0.66260209,leviticus,major,transition_bucket_shape,taam_events
P7-9_A8+_C1,P5-6_A5_C1,6,0.05172414,0.03415219,1.51451906,leviticus,major,transition_bucket_shape,taam_events
P<=4_A5_C0,P5-6_A5_C0,6,0.08219178,0.05512283,1.49106611,leviticus,major,transition_bucket_shape,taam_events
P<=4_A4_C0,P7-9_A6-7_C0,6,0.03947368,0.03295386,1.19784689,leviticus,major,transition_bucket_shape,taam_events
P7-9_A6-7_C0,P<=4_A4_C0,6,0.10909091,0.0910725,1.19784689,leviticus,major,transition_bucket_shape,taam_events
P<=4_A4_C0,P10-12_A8+_C1,6,0.03947368,0.04134212,0.95480549,leviticus,major,transition_bucket_shape,taam_events
P5-6_A6-7_C0,P7-9_A8+_C1,6,0.07228916,0.0695027,1.0400914,leviticus,major,transition_bucket_shape,taam_events
P7-9_A8+_C2,P5-6_A6-7_C1,6,0.09677419,0.07489515,1.29212903,leviticus,major,transition_bucket_shape,taam_events
P10-12_A8+_C2,P10-12_A8+_C2,6,0.05714286,0.06291192,0.90829932,leviticus,major,transition_bucket_shape,taam_events
P7-9_A6-7_C1,P5-6_A6-7_C1,6,0.04958678,0.07489515,0.66208264,leviticus,major,transition_bucket_shape,taam_events
P5-6_A6-7_C1,P5-6_A5_C0,6,0.048,0.05512283,0.87078261,leviticus,major,transition_bucket_shape,taam_events
P7-9_A6-7_C1,P10-12_A8+_C1,6,0.04958678,0.04134212,1.19942508,leviticus,major,transition_bucket_shape,taam_events
P5-6_A4_C0,P7-9_A8+_C1,6,0.13636364,0.0695027,1.9619906,leviticus,major,transition_bucket_shape,taam_events
P10-12_A8+_C2,P5-6_A4_C0,6,0.05714286,0.02636309,2.16753247,leviticus,major,transition_bucket_shape,taam_events
P5-6_A6-7_C1,P10-12_A8+_C1,6,0.048,0.04134212,1.16104348,leviticus,major,transition_bucket_shape,taam_events
P10-12_A8+_C2,P<=4_A3_C0,6,0.05714286,0.07429599,0.76912442,leviticus,major,transition_bucket_shape,taam_events
P7-9_A8+_C1,P10-12_A8+_C1,6,0.05172414,0.04134212,1.25112444,leviticus,major,transition_bucket_shape,taam_events
P7-9_A6-7_C1,P5-6_A5_C0,6,0.04958678,0.05512283,0.89956881,leviticus,major,transition_bucket_shape,taam_events
P<=4_A5_C0,P7-9_A8+_C1,6,0.08219178,0.0695027,1.18256967,leviticus,major,transition_bucket_shape,taam_events
P5-6_A6-7_C0,P10-12_A8+_C2,6,0.07228916,0.06291192,1.14905336,leviticus,major,transition_bucket_shape,taam_events
P7-9_A8+_C1,P5-6_A5_C0,6,0.05172414,0.05512283,0.93834333,leviticus,major,transition_bucket_shape,taam_events
P7-9_A8+_C1,P<=4_A5_C0,6,0.05172414,0.04373877,1.18256967,leviticus,major,transition_bucket_shape,taam_events
P10-12_A8+_C1,P<=4_A3_C0,6,0.08695652,0.07429599,1.17040673,leviticus,major,transition_bucket_shape,taam_events
P<=4_A4_C0,P10-12_A8+_C3,5,0.03289474,0.01258238,2.61434837,leviticus,major,transition_bucket_shape,taam_events
P5-6_A6-7_C0,P7-9_A6-7_C1,5,0.06024096,0.0724985,0.83092701,leviticus,major,transition_bucket_shape,taam_events
P7-9_A6-7_C1,P7-9_A6-7_C2,5,0.04132231,0.01378071,2.9985627,leviticus,major,transition_bucket_shape,taam_events
P5-6_A4_C0,P5-6_A6-7_C0,5,0.11363636,0.04973038,2.28504929,leviticus,major,transition_bucket_shape,taam_events
P5-6_A6-7_C0,P5-6_A6-7_C1,5,0.06024096,0.07489515,0.80433735,leviticus,major,transition_bucket_shape,taam_events
P7-9_A6-7_C1,P5-6_A5_C1,5,0.04132231,0.03415219,1.20994635,leviticus,major,transition_bucket_shape,taam_events
P10-12_A8+_C2,P5-6_A5_C0,5,0.04761905,0.05512283,0.86387164,leviticus,major,transition_bucket_shape,taam_events
P7-9_A6-7_C1,P13-15_A8+_C2,5,0.04132231,0.02875974,1.43681129,leviticus,major,transition_bucket_shape,taam_events
P<=4_A5_C0,P10-12_A8+_C2,5,0.06849315,0.06291192,1.08871494,leviticus,major,transition_bucket_shape,taam_events
P7-9_A6-7_C0,P5-6_A6-7_C1,5,0.09090909,0.07489515,1.21381818,leviticus,major,transition_bucket_shape,taam_events
P<=4_A4_C0,P<=4_A4_C0,5,0.03289474,0.0910725,0.36119287,leviticus,major,transition_bucket_shape,taam_events
P5-6_A6-7_C0,P7-9_A6-7_C0,5,0.06024096,0.03295386,1.82803943,leviticus,major,transition_bucket_shape,taam_events
P10-12_A8+_C2,P5-6_A6-7_C1,5,0.04761905,0.07489515,0.63580952,leviticus,major,transition_bucket_shape,taam_events
P7-9_A6-7_C0,P7-9_A6-7_C1,5,0.09090909,0.0724985,1.2539444,leviticus,major,transition_bucket_shape,taam_events
P<=4_A3_C0,P7-9_A6-7_C0,5,0.04065041,0.03295386,1.23355506,leviticus,major,transition_bucket_shape,taam_events
P10-12_A8+_C1,P<=4_A5_C0,5,0.07246377,0.04373877,1.65674012,leviticus,major,transition_bucket_shape,taam_events
P5-6_A5_C1,P<=4_A3_C0,5,0.0877193,0.07429599,1.18067346,leviticus,major,transition_bucket_shape,taam_events
P7-9_A6-7_C0,P5-6_A6-7_C0,5,0.09090909,0.04973038,1.82803943,leviticus,major,transition_bucket_shape,taam_events
P<=4_A4_C0,P13-15_A8+_C3,5,0.03289474,0.01198322,2.74506579,leviticus,major,transition_bucket_shape,taam_events
P5-6_A6-7_C1,P<=4_A4_C0,5,0.04,0.0910725,0.43921053,leviticus,major,transition_bucket_shape,taam_events
P7-9_A8+_C1,P13-15_A8+_C2,5,0.04310345,0.02875974,1.49874282,leviticus,major,transition_bucket_shape,taam_events
P<=4_A3_C0,P10-12_A8+_C1,5,0.04065041,0.04134212,0.98326853,leviticus,major,transition_bucket_shape,taam_events
P7-9_A8+_C1,P<=4_A2_C0,5,0.04310345,0.01318155,3.26998433,leviticus,major,transition_bucket_shape,taam_events
P13-15_A8+_C3,P<=4_A4_C0,5,0.25,0.0910725,2.74506579,leviticus,major,transition_bucket_shape,taam_events
P5-6_A6-7_C1,P<=4_A5_C0,5,0.04,0.04373877,0.91452055,leviticus,major,transition_bucket_shape,taam_events
P<=4_A5_C0,P<=4_A3_C0,5,0.06849315,0.07429599,0.92189571,leviticus,major,transition_bucket_shape,taam_events
P10-12_A8+_C2,P7-9_A8+_C2,5,0.04761905,0.03714799,1.28187404,leviticus,major,transition_bucket_shape,taam_events
P<=4_A4_C0,P7-9_A8+_C1,5,0.03289474,0.0695027,0.47328721,leviticus,major,transition_bucket_shape,taam_events
P10-12_A8+_C1,P7-9_A8+_C1,5,0.07246377,0.0695027,1.0426037,leviticus,major,transition_bucket_shape,taam_events
P5-6_A6-7_C0,P10-12_A8+_C1,5,0.06024096,0.04134212,1.45713288,leviticus,major,transition_bucket_shape,taam_events
P5-6_A6-7_C0,P13-15_A8+_C2,5,0.06024096,0.02875974,2.09462851,leviticus,major,transition_bucket_shape,taam_events
P13-15_A8+_C2,P7-9_A6-7_C1,5,0.10416667,0.0724985,1.43681129,leviticus,major,transition_bucket_shape,taam_events
P7-9_A6-7_C1,P7-9_A8+_C2,5,0.04132231,0.03714799,1.11237003,leviticus,major,transition_bucket_shape,taam_events
P10-12_A8+_C3,P7-9_A6-7_C1,4,0.19047619,0.0724985,2.62731208,leviticus,major,transition_bucket_shape,taam_events
P7-9_A8+_C2,P5-6_A8+_C1,4,0.06451613,0.01378071,4.68162693,leviticus,major,transition_bucket_shape,taam_events
P<=4_A5_C0,P5-6_A5_C1,4,0.05479452,0.03415219,1.60442201,leviticus,major,transition_bucket_shape,taam_events
P10-12_A8+_C1,P5-6_A5_C0,4,0.05797101,0.05512283,1.05166982,leviticus,major,transition_bucket_shape,taam_events
P7-9_A6-7_C0,P10-12_A8+_C2,4,0.07272727,0.06291192,1.15601732,leviticus,major,transition_bucket_shape,taam_events
P5-6_A5_C1,P5-6_A6-7_C1,4,0.07017544,0.07489515,0.93698246,leviticus,major,transition_bucket_shape,taam_events
P7-9_A8+_C1,P10-12_A8+_C3,4,0.03448276,0.01258238,2.74055829,leviticus,major,transition_bucket_shape,taam_events
P<=4_A3_C0,P7-9_A8+_C2,4,0.03252033,0.03714799,0.87542617,leviticus,major,transition_bucket_shape,taam_events
P7-9_A8+_C2,P5-6_A6-7_C0,4,0.06451613,0.04973038,1.29731831,leviticus,major,transition_bucket_shape,taam_events
P7-9_A6-7_C1,P7-9_A6-7_C0,4,0.03305785,0.03295386,1.00315552,leviticus,major,transition_bucket_shape,taam_events
P7-9_A8+_C2,P10-12_A8+_C2,4,0.06451613,0.06291192,1.02549923,leviticus,major,transition_bucket_shape,taam_events
P5-6_A5_C0,P7-9_A8+_C1,4,0.04347826,0.0695027,0.62556222,leviticus,major,transition_bucket_shape,taam_events
P7-9_A8+_C1,P5-6_A6-7_C0,4,0.03448276,0.04973038,0.69339427,leviticus,major,transition_bucket_shape,taam_events
P5-6_A6-7_C0,P5-6_A5_C1,4,0.04819277,0.03415219,1.41111816,leviticus,major,transition_bucket_shape,taam_events
P5-6_A4_C0,P10-12_A8+_C2,4,0.09090909,0.06291192,1.44502165,leviticus,major,transition_bucket_shape,taam_events
P<=4_A3_C0,P5-6_A8+_C1,4,0.03252033,0.01378071,2.35984447,leviticus,major,transition_bucket_shape,taam_events
P5-6_A6-7_C0,P<=4_A4_C0,4,0.04819277,0.0910725,0.52916931,leviticus,major,transition_bucket_shape,taam_events
P10-12_A8+_C1,P<=4_A4_C0,4,0.05797101,0.0910725,0.63653699,leviticus,major,transition_bucket_shape,taam_events
P<=4_A4_C0,P5-6_A4_C0,4,0.02631579,0.02636309,0.99820574,leviticus,major,transition_bucket_shape,taam_events
P10-12_A8+_C1,P7-9_A8+_C2,4,0.05797101,0.03714799,1.56054231,leviticus,major,transition_bucket_shape,taam_events
P7-9_A5_C1,P<=4_A3_C0,4,0.28571429,0.07429599,3.84562212,leviticus,major,transition_bucket_shape,taam_events
P<=4_A2_C0,P5-6_A5_C0,4,0.17391304,0.05512283,3.15500945,leviticus,major,transition_bucket_shape,taam_events
P5-6_A5_C1,P7-9_A8+_C2,4,0.07017544,0.03714799,1.88907753,leviticus,major,transition_bucket_shape,taam_events
P7-9_A6-7_C2,P5-6_A6-7_C0,4,0.17391304,0.04973038,3.49711891,leviticus,major,transition_bucket_shape,taam_events
P<=4_A4_C0,P5-6_A5_C1,4,0.02631579,0.03415219,0.77054478,leviticus,major,transition_bucket_shape,taam_events
P<=4_A5_C0,P10-12_A8+_C1,4,0.05479452,0.04134212,1.3253921,leviticus,major,transition_bucket_shape,taam_events
P10-12_A8+_C1,P10-12_A8+_C1,4,0.05797101,0.04134212,1.40222642,leviticus,major,transition_bucket_shape,taam_events
P5-6_A5_C1,P<=4_A5_C0,3,0.05263158,0.04373877,1.20331651,leviticus,major,transition_bucket_shape,taam_events
P5-6_A5_C0,P16-18_A8+_C2,3,0.0326087,0.01318155,2.47381423,leviticus,major,transition_bucket_shape,taam_events
P7-9_A8+_C1,P13-15_A8+_C1,3,0.02586207,0.01198322,2.15818966,leviticus,major,transition_bucket_shape,taam_events
P13-15_A8+_C1,P5-6_A6-7_C1,3,0.15,0.07489515,2.0028,leviticus,major,transition_bucket_shape,taam_events
P7-9_A8+_C1,P5-6_A4_C0,3,0.02586207,0.02636309,0.9809953,leviticus,major,transition_bucket_shape,taam_events
P13-15_A8+_C2,P7-9_A8+_C2,3,0.0625,0.03714799,1.68245968,leviticus,major,transition_bucket_shape,taam_events
P7-9_A8+_C2,P7-9_A8+_C0,3,0.0483871,0.01318155,3.67082111,leviticus,major,transition_bucket_shape,taam_events
P5-6_A6-7_C1,P5-6_A4_C0,3,0.024,0.02636309,0.91036364,leviticus,major,transition_bucket_shape,taam_events
P10-12_A8+_C2,P7-9_A6-7_C0,3,0.02857143,0.03295386,0.86701299,leviticus,major,transition_bucket_shape,taam_events
P7-9_A6-7_C0,P10-12_A8+_C1,3,0.05454545,0.04134212,1.31936759,leviticus,major,transition_bucket_shape,taam_events
P5-6_A4_C0,P10-12_A8+_C1,3,0.06818182,0.04134212,1.64920949,leviticus,major,transition_bucket_shape,taam_events
P7-9_A8+_C0,P5-6_A6-7_C1,3,0.13636364,0.07489515,1.82072727,leviticus,major,transition_bucket_shape,taam_events
P5-6_A4_C0,P<=4_A3_C0,3,0.06818182,0.07429599,0.91770528,leviticus,major,transition_bucket_shape,taam_events
P13-15_A8+_C2,P<=4_A3_C0,3,0.0625,0.07429599,0.84122984,leviticus,major,transition_bucket_shape,taam_events
P5-6_A4_C0,P<=4_A4_C0,3,0.06818182,0.0910725,0.74865431,leviticus,major,transition_bucket_shape,taam_events
P5-6_A6-7_C1,P16-18_A8+_C2,3,0.024,0.01318155,1.82072727,leviticus,major,transition_bucket_shape,taam_events
P5-6_A5_C0,P10-12_A8+_C1,3,0.0326087,0.04134212,0.78875236,leviticus,major,transition_bucket_shape,taam_events
P5-6_A6-7_C0,P<=4_A3_C0,3,0.03614458,0.07429599,0.48649436,leviticus,major,transition_bucket_shape,taam_events
P10-12_A8+_C3,P5-6_A6-7_C1,3,0.14285714,0.07489515,1.90742857,leviticus,major,transition_bucket_shape,taam_events
P5-6_A5_C1,P7-9_A6-7_C0,3,0.05263158,0.03295386,1.59712919,leviticus,major,transition_bucket_shape,taam_events
P<=4_A3_C0,P<=4_A5_C0,3,0.02439024,0.04373877,0.55763448,leviticus,major,transition_bucket_shape,taam_events
P7-9_A6-7_C2,P5-6_A5_C0,3,0.13043478,0.05512283,2.36625709,leviticus,major,transition_bucket_shape,taam_events
P5-6_A8+_C1,P5-6_A6-7_C1,3,0.13043478,0.07489515,1.74156522,leviticus,major,transition_bucket_shape,taam_events
P<=4_A4_C0,P16-18_A8+_C3,3,0.01973684,0.00718993,2.74506579,leviticus,major,transition_bucket_shape,taam_events
P16-18_A8+_C3,P5-6_A6-7_C1,3,0.25,0.07489515,3.338,leviticus,major,transition_bucket_shape,taam_events
P<=4_A3_C0,P<=4_A5_C1,3,0.02439024,0.00718993,3.39227642,leviticus,major,transition_bucket_shape,taam_events
P7-9_A8+_C2,P<=4_A3_C0,3,0.0483871,0.07429599,0.65127471,leviticus,major,transition_bucket_shape,taam_events
P7-9_A8+_C2,P13-15_A8+_C2,3,0.0483871,0.02875974,1.68245968,leviticus,major,transition_bucket_shape,taam_events
P5-6_A6-7_C0,P13-15_A8+_C1,3,0.03614458,0.01198322,3.01626506,leviticus,major,transition_bucket_shape,taam_events
P5-6_A8+_C1,P7-9_A6-7_C1,3,0.13043478,0.0724985,1.79913762,leviticus,major,transition_bucket_shape,taam_events
P5-6_A5_C0,P<=4_A2_C0,3,0.0326087,0.01318155,2.47381423,leviticus,major,transition_bucket_shape,taam_events
P5-6_A6-7_C1,P13-15_A8+_C3,3,0.024,0.01198322,2.0028,leviticus,major,transition_bucket_shape,taam_events
P10-12_A8+_C2,P10-12_A8+_C3,3,0.02857143,0.01258238,2.2707483,leviticus,major,transition_bucket_shape,taam_events
P5-6_A6-7_C0,P16-18_A8+_C2,3,0.03614458,0.01318155,2.74205915,leviticus,major,transition_bucket_shape,taam_events
P16-18_A8+_C2,P5-6_A6-7_C1,3,0.13636364,0.07489515,1.82072727,leviticus,major,transition_bucket_shape,taam_events
P5-6_A6-7_C1,P7-9_A6-7_C0,3,0.024,0.03295386,0.72829091,leviticus,major,transition_bucket_shape,taam_events
P<=4_A4_C1,P<=4_A3_C0,3,0.21428571,0.07429599,2.88421659,leviticus,major,transition_bucket_shape,taam_events
P<=4_A3_C0,P5-6_A5_C1,3,0.02439024,0.03415219,0.71416346,leviticus,major,transition_bucket_shape,taam_events
P10-12_A8+_C2,P5-6_A5_C1,3,0.02857143,0.03415219,0.83659148,leviticus,major,transition_bucket_shape,taam_events
P5-6_A5_C0,P7-9_A6-7_C1,3,0.0326087,0.0724985,0.44978441,leviticus,major,transition_bucket_shape,taam_events
P7-9_A6-7_C1,P10-12_A8+_C2,3,0.02479339,0.06291192,0.39409681,leviticus,major,transition_bucket_shape,taam_events
P7-9_A8+_C1,P16-18_A8+_C3,3,0.02586207,0.00718993,3.59698276,leviticus,major,transition_bucket_shape,taam_events
P<=4_A5_C0,P13-15_A8+_C2,3,0.04109589,0.02875974,1.42893836,leviticus,major,transition_bucket_shape,taam_events
P13-15_A8+_C2,P5-6_A6-7_C0,3,0.0625,0.04973038,1.25677711,leviticus,major,transition_bucket_shape,taam_events
P5-6_A6-7_C0,P5-6_A6-7_C0,3,0.03614458,0.04973038,0.72681086,leviticus,major,transition_bucket_shape,taam_events
P5-6_A6-7_C0,P5-6_A5_C0,3,0.03614458,0.05512283,0.6557098,leviticus,major,transition_bucket_shape,taam_events
P7-9_A6-7_C0,P<=4_A3_C0,3,0.05454545,0.07429599,0.73416422,leviticus,major,transition_bucket_shape,taam_events
P<=4_A3_C0,P5-6_A6-7_C0,3,0.02439024,0.04973038,0.4904496,leviticus,major,transition_bucket_shape,taam_events
P7-9_A6-7_C0,P13-15_A8+_C1,3,0.05454545,0.01198322,4.55181818,leviticus,major,transition_bucket_shape,taam_events
P7-9_A6-7_C2,P<=4_A4_C0,3,0.13043478,0.0910725,1.43220824,leviticus,major,transition_bucket_shape,taam_events
P13-15_A8+_C1,P<=4_A4_C0,3,0.15,0.0910725,1.64703947,leviticus,major,transition_bucket_shape,taam_events
P5-6_A6-7_C0,P7-9_A6-7_C2,3,0.03614458,0.01378071,2.62283918,leviticus,major,transition_bucket_shape,taam_events
P<=4_A4_C0,P7-9_A5_C0,3,0.01973684,0.00299581,6.58815789,leviticus,major,transition_bucket_shape,taam_events
P7-9_A8+_C2,P7-9_A6-7_C1,3,0.0483871,0.0724985,0.66742202,leviticus,major,transition_bucket_shape,taam_events
P10-12_A8+_C1,P7-9_A6-7_C0,3,0.04347826,0.03295386,1.31936759,leviticus,major,transition_bucket_shape,taam_events
P5-6_A5_C0,P<=4_A5_C0,3,0.0326087,0.04373877,0.74553306,leviticus,major,transition_bucket_shape,taam_events
P5-6_A4_C1,P<=4_A4_C0,3,0.27272727,0.0910725,2.99461722,leviticus,major,transition_bucket_shape,taam_events
P5-6_A4_C1,P<=4_A3_C0,3,0.27272727,0.07429599,3.67082111,leviticus,major,transition_bucket_shape,taam_events
P<=4_A3_C0,P<=4_A4_C1,3,0.02439024,0.00838826,2.90766551,leviticus,major,transition_bucket_shape,taam_events
P<=4_A5_C0,P7-9_A8+_C2,3,0.04109589,0.03714799,1.10627486,leviticus,major,transition_bucket_shape,taam_events
P13-15_A8+_C2,P<=4_A5_C0,3,0.0625,0.04373877,1.42893836,leviticus,major,transition_bucket_shape,taam_events
P7-9_A6-7_C1,P<=4_A6-7_C1,3,0.02479339,0.00659077,3.76183321,leviticus,major,transition_bucket_shape,taam_events
P<=4_A4_C0,P7-9_A6-7_C2,3,0.01973684,0.01378071,1.43220824,leviticus,major,transition_bucket_shape,taam_events
P3_A4_C0,P5_A5_C0,7,0.07446809,0.04433793,1.67955722,leviticus,major,transition_exact_shape,taam_events
P5_A5_C0,P5_A4_C0,6,0.08108108,0.0215698,3.75900901,leviticus,major,transition_exact_shape,taam_events
P5_A5_C0,P5_A5_C0,6,0.08108108,0.04433793,1.82870709,leviticus,major,transition_exact_shape,taam_events
P6_A6_C1,P2_A3_C0,5,0.11627907,0.03055722,3.80528956,leviticus,major,transition_exact_shape,taam_events
P3_A4_C0,P7_A6_C1,5,0.05319149,0.02037148,2.61107635,leviticus,major,transition_exact_shape,taam_events
P10_A9_C2,P7_A6_C1,5,0.27777778,0.02037148,13.63562092,leviticus,major,transition_exact_shape,taam_events
P3_A3_C0,P3_A4_C0,5,0.12820513,0.05632115,2.27632297,leviticus,major,transition_exact_shape,taam_events
P3_A4_C0,P6_A6_C1,5,0.05319149,0.02576393,2.06457199,leviticus,major,transition_exact_shape,taam_events
P2_A3_C0,P5_A4_C0,5,0.1,0.0215698,4.63611111,leviticus,major,transition_exact_shape,taam_events
P4_A5_C0,P5_A5_C0,5,0.07692308,0.04433793,1.73492723,leviticus,major,transition_exact_shape,taam_events
P3_A4_C0,P7_A6_C0,4,0.04255319,0.00898742,4.73475177,leviticus,major,transition_exact_shape,taam_events
P11_A10_C2,P10_A9_C2,4,0.36363636,0.0107849,33.71717172,leviticus,major,transition_exact_shape,taam_events
P5_A6_C1,P6_A5_C1,4,0.09756098,0.01318155,7.40133038,leviticus,major,transition_exact_shape,taam_events
P7_A6_C1,P3_A4_C0,4,0.11764706,0.05632115,2.08886108,leviticus,major,transition_exact_shape,taam_events
P6_A5_C1,P3_A4_C0,4,0.18181818,0.05632115,3.22823985,leviticus,major,transition_exact_shape,taam_events
P3_A4_C0,P9_A7_C1,4,0.04255319,0.00718993,5.91843972,leviticus,major,transition_exact_shape,taam_events
P4_A5_C0,P4_A3_C0,4,0.06153846,0.01977232,3.11235431,leviticus,major,transition_exact_shape,taam_events
P3_A4_C0,P7_A7_C1,4,0.04255319,0.02336729,1.82105837,leviticus,major,transition_exact_shape,taam_events
P4_A4_C0,P5_A5_C0,4,0.08,0.04433793,1.80432432,leviticus,major,transition_exact_shape,taam_events
P5_A5_C0,P4_A4_C0,4,0.05405405,0.02995806,1.80432432,leviticus,major,transition_exact_shape,taam_events
P3_A4_C0,P5_A5_C1,4,0.04255319,0.02097064,2.02917933,leviticus,major,transition_exact_shape,taam_events
P5_A5_C0,P3_A4_C0,4,0.05405405,0.05632115,0.95974698,leviticus,major,transition_exact_shape,taam_events
P9_A9_C1,P5_A5_C1,3,0.14285714,0.02097064,6.8122449,leviticus,major,transition_exact_shape,taam_events
P5_A5_C1,P4_A5_C0,3,0.08571429,0.03894548,2.20087912,leviticus,major,transition_exact_shape,taam_events
P5_A6_C1,P4_A3_C0,3,0.07317073,0.01977232,3.70066519,leviticus,major,transition_exact_shape,taam_events
P2_A3_C0,P4_A3_C0,3,0.06,0.01977232,3.03454545,leviticus,major,transition_exact_shape,taam_events
P8_A7_C1,P4_A5_C0,3,0.14285714,0.03894548,3.66813187,leviticus,major,transition_exact_shape,taam_events
P4_A5_C0,P5_A5_C1,3,0.04615385,0.02097064,2.20087912,leviticus,major,transition_exact_shape,taam_events
P7_A6_C1,P3_A3_C0,3,0.08823529,0.02336729,3.7760181,leviticus,major,transition_exact_shape,taam_events
P6_A5_C0,P5_A5_C0,3,0.16666667,0.04433793,3.75900901,leviticus,major,transition_exact_shape,taam_events
P5_A4_C0,P2_A3_C0,3,0.08333333,0.03055722,2.72712418,leviticus,major,transition_exact_shape,taam_events
P6_A6_C1,P5_A6_C1,3,0.06976744,0.02456561,2.84004538,leviticus,major,transition_exact_shape,taam_events
P5_A4_C0,P3_A4_C0,3,0.08333333,0.05632115,1.47960993,leviticus,major,transition_exact_shape,taam_events
P4_A5_C0,P9_A7_C1,3,0.04615385,0.00718993,6.41923077,leviticus,major,transition_exact_shape,taam_events
P7_A7_C1,P3_A3_C0,3,0.07692308,0.02336729,3.29191321,leviticus,major,transition_exact_shape,taam_events
P6_A6_C0,P4_A4_C0,3,0.10344828,0.02995806,3.45310345,leviticus,major,transition_exact_shape,taam_events
P4_A4_C0,P3_A4_C0,3,0.06,0.05632115,1.06531915,leviticus,major,transition_exact_shape,taam_events
P6_A5_C1,P4_A4_C0,3,0.13636364,0.02995806,4.55181818,leviticus,major,transition_exact_shape,taam_events
P4_A4_C0,P7_A6_C1,3,0.06,0.02037148,2.94529412,leviticus,major,transition_exact_shape,taam_events
P4_A4_C0,P6_A7_C1,3,0.06,0.01737567,3.45310345,leviticus,major,transition_exact_shape,taam_events
P3_A4_C0,P5_A4_C0,3,0.03191489,0.0215698,1.47960993,leviticus,major,transition_exact_shape,taam_events
P7_A5_C1,P3_A3_C0,3,0.3,0.02336729,12.83846154,leviticus,major,transition_exact_shape,taam_events
P6_A6_C1,P5_A5_C1,3,0.06976744,0.02097064,3.3269103,leviticus,major,transition_exact_shape,taam_events
P5_A5_C1,P4_A4_C0,3,0.08571429,0.02995806,2.86114286,leviticus,major,transition_exact_shape,taam_events
P2_A3_C0,P8_A7_C1,3,0.06,0.01258238,4.76857143,leviticus,major,transition_exact_shape,taam_events
P5_A5_C1,P3_A3_C0,3,0.08571429,0.02336729,3.66813187,leviticus,major,transition_exact_shape,taam_events
P7_A7_C0,P3_A3_C0,3,0.11538462,0.02336729,4.93786982,leviticus,major,transition_exact_shape,taam_events
P8_A7_C1,P2_A3_C0,3,0.14285714,0.03055722,4.67507003,leviticus,major,transition_exact_shape,taam_events
P7_A7_C1,P6_A5_C0,3,0.07692308,0.0107849,7.13247863,leviticus,major,transition_exact_shape,taam_events
P5_A5_C1,P3_A4_C0,3,0.08571429,0.05632115,1.5218845,leviticus,major,transition_exact_shape,taam_events
P9_A9_C2,P3_A4_C0,3,0.25,0.05632115,4.43882979,leviticus,major,transition_exact_shape,taam_events
P6_A6_C1,P5_A5_C0,3,0.06976744,0.04433793,1.57353865,leviticus,major,transition_exact_shape,taam_events
P2_A3_C0,P5_A5_C0,3,0.06,0.04433793,1.35324324,leviticus,major,transition_exact_shape,taam_events
P3_A4_C0,P11_A9_C1,3,0.03191489,0.00539245,5.91843972,leviticus,major,transition_exact_shape,taam_events
P10_A8_C1,P2_A3_C0,3,0.5,0.03055722,16.3627451,leviticus,major,transition_exact_shape,taam_events
P8_A8_C1,P4_A5_C0,3,0.125,0.03894548,3.20961538,leviticus,major,transition_exact_shape,taam_events
P5_A4_C1,P3_A4_C0,3,0.27272727,0.05632115,4.84235977,leviticus,major,transition_exact_shape,taam_events
P3_A4_C0,P4_A3_C0,3,0.03191489,0.01977232,1.61411992,leviticus,major,transition_exact_shape,taam_events
P4_A5_C0,P9_A8_C2,3,0.04615385,0.0077891,5.92544379,leviticus,major,transition_exact_shape,taam_events
P7_A7_C1,P4_A5_C0,3,0.07692308,0.03894548,1.97514793,leviticus,major,transition_exact_shape,taam_events
P10-12_A8+_C1,P10-12_A8+_C1,18,0.17142857,0.12383178,1.38436658,leviticus,verse,transition_bucket_shape,taam_events
P16-18_A8+_C2,P16-18_A8+_C3,11,0.16923077,0.06425234,2.63384615,leviticus,verse,transition_bucket_shape,taam_events
P10-12_A8+_C1,P16-18_A8+_C2,10,0.0952381,0.07593458,1.25421245,leviticus,verse,transition_bucket_shape,taam_events
P13-15_A8+_C2,P19-24_A8+_C4+,10,0.13513514,0.04088785,3.30501931,leviticus,verse,transition_bucket_shape,taam_events
P13-15_A8+_C2,P10-12_A8+_C1,9,0.12162162,0.12383178,0.98215196,leviticus,verse,transition_bucket_shape,taam_events
P13-15_A8+_C1,P10-12_A8+_C1,9,0.15789474,0.12383178,1.27507448,leviticus,verse,transition_bucket_shape,taam_events
P16-18_A8+_C3,P10-12_A8+_C1,8,0.14545455,0.12383178,1.17461407,leviticus,verse,transition_bucket_shape,taam_events
P19-24_A8+_C3,P13-15_A8+_C2,8,0.16666667,0.0864486,1.92792793,leviticus,verse,transition_bucket_shape,taam_events
P10-12_A8+_C1,P13-15_A8+_C2,8,0.07619048,0.0864486,0.88133848,leviticus,verse,transition_bucket_shape,taam_events
P10-12_A8+_C1,P13-15_A8+_C1,8,0.07619048,0.06658879,1.14419382,leviticus,verse,transition_bucket_shape,taam_events
P10-12_A8+_C1,P7-9_A8+_C0,8,0.07619048,0.03621495,2.10384025,leviticus,verse,transition_bucket_shape,taam_events
P10-12_A8+_C1,P7-9_A8+_C1,7,0.06666667,0.06074766,1.0974359,leviticus,verse,transition_bucket_shape,taam_events
P16-18_A8+_C2,P16-18_A8+_C2,7,0.10769231,0.07593458,1.41822485,leviticus,verse,transition_bucket_shape,taam_events
P16-18_A8+_C2,P10-12_A8+_C1,7,0.10769231,0.12383178,0.86966618,leviticus,verse,transition_bucket_shape,taam_events
P10-12_A8+_C2,P10-12_A8+_C1,7,0.14583333,0.12383178,1.17767296,leviticus,verse,transition_bucket_shape,taam_events
P13-15_A8+_C2,P10-12_A8+_C2,7,0.09459459,0.05607477,1.68693694,leviticus,verse,transition_bucket_shape,taam_events
P10-12_A8+_C2,P13-15_A8+_C2,7,0.14583333,0.0864486,1.68693694,leviticus,verse,transition_bucket_shape,taam_events
P13-15_A8+_C2,P13-15_A8+_C2,7,0.09459459,0.0864486,1.09422936,leviticus,verse,transition_bucket_shape,taam_events
P19-24_A8+_C3,P10-12_A8+_C1,7,0.14583333,0.12383178,1.17767296,leviticus,verse,transition_bucket_shape,taam_events
P16-18_A8+_C2,P13-15_A8+_C1,6,0.09230769,0.06658879,1.38623482,leviticus,verse,transition_bucket_shape,taam_events
P7-9_A8+_C1,P13-15_A8+_C1,6,0.11320755,0.06658879,1.7000993,leviticus,verse,transition_bucket_shape,taam_events
P13-15_A8+_C2,P7-9_A8+_C1,6,0.08108108,0.06074766,1.33471933,leviticus,verse,transition_bucket_shape,taam_events
P19-24_A8+_C3,P19-24_A8+_C3,6,0.125,0.05607477,2.22916667,leviticus,verse,transition_bucket_shape,taam_events
P16-18_A8+_C3,P7-9_A8+_C1,6,0.10909091,0.06074766,1.7958042,leviticus,verse,transition_bucket_shape,taam_events
P10-12_A8+_C0,P10-12_A8+_C1,6,0.15789474,0.12383178,1.27507448,leviticus,verse,transition_bucket_shape,taam_events
P13-15_A8+_C1,P13-15_A8+_C1,6,0.10526316,0.06658879,1.58079409,leviticus,verse,transition_bucket_shape,taam_events
P19-24_A8+_C4+,P13-15_A8+_C2,6,0.17142857,0.0864486,1.98301158,leviticus,verse,transition_bucket_shape,taam_events
P16-18_A8+_C2,P19-24_A8+_C3,6,0.09230769,0.05607477,1.64615385,leviticus,verse,transition_bucket_shape,taam_events
P7-9_A8+_C0,P10-12_A8+_C1,6,0.19354839,0.12383178,1.56299452,leviticus,verse,transition_bucket_shape,taam_events
P7-9_A6-7_C0,P13-15_A8+_C2,5,0.33333333,0.0864486,3.85585586,leviticus,verse,transition_bucket_shape,taam_events
P5-6_A5_C0,P16-18_A8+_C3,5,0.19230769,0.06425234,2.99300699,leviticus,verse,transition_bucket_shape,taam_events
P10-12_A8+_C2,P16-18_A8+_C3,5,0.10416667,0.06425234,1.62121212,leviticus,verse,transition_bucket_shape,taam_events
P10-12_A8+_C1,P7-9_A6-7_C0,5,0.04761905,0.01752336,2.71746032,leviticus,verse,transition_bucket_shape,taam_events
P7-9_A8+_C1,P10-12_A8+_C1,5,0.09433962,0.12383178,0.76183695,leviticus,verse,transition_bucket_shape,taam_events
P10-12_A8+_C1,P10-12_A8+_C2,5,0.04761905,0.05607477,0.84920635,leviticus,verse,transition_bucket_shape,taam_events
P7-9_A8+_C1,P7-9_A8+_C1,5,0.09433962,0.06074766,1.55297533,leviticus,verse,transition_bucket_shape,taam_events
P19-24_A8+_C2,P13-15_A8+_C1,5,0.13513514,0.06658879,2.02939782,leviticus,verse,transition_bucket_shape,taam_events
P7-9_A8+_C1,P16-18_A8+_C2,5,0.09433962,0.07593458,1.24238026,leviticus,verse,transition_bucket_shape,taam_events
P13-15_A8+_C2,P16-18_A8+_C2,5,0.06756757,0.07593458,0.88981289,leviticus,verse,transition_bucket_shape,taam_events
P16-18_A8+_C1,P10-12_A8+_C1,5,0.17241379,0.12383178,1.39232271,leviticus,verse,transition_bucket_shape,taam_events
P13-15_A8+_C3,P10-12_A8+_C2,5,0.26315789,0.05607477,4.69298246,leviticus,verse,transition_bucket_shape,taam_events
P5-6_A5_C0,P16-18_A8+_C2,5,0.19230769,0.07593458,2.53254438,leviticus,verse,transition_bucket_shape,taam_events
P16-18_A8+_C3,P16-18_A8+_C2,4,0.07272727,0.07593458,0.95776224,leviticus,verse,transition_bucket_shape,taam_events
P13-15_A8+_C1,P10-12_A8+_C0,4,0.07017544,0.04439252,1.58079409,leviticus,verse,transition_bucket_shape,taam_events
P10-12_A8+_C2,P16-18_A8+_C2,4,0.08333333,0.07593458,1.0974359,leviticus,verse,transition_bucket_shape,taam_events
P16-18_A8+_C3,P16-18_A8+_C3,4,0.07272727,0.06425234,1.13190083,leviticus,verse,transition_bucket_shape,taam_events
P19-24_A8+_C2,P19-24_A8+_C3,4,0.10810811,0.05607477,1.92792793,leviticus,verse,transition_bucket_shape,taam_events
P19-24_A8+_C3,P16-18_A8+_C3,4,0.08333333,0.06425234,1.2969697,leviticus,verse,transition_bucket_shape,taam_events
P10-12_A8+_C1,P5-6_A5_C0,4,0.03809524,0.03037383,1.25421245,leviticus,verse,transition_bucket_shape,taam_events
P25+_A8+_C4+,P16-18_A8+_C2,4,0.4,0.07593458,5.26769231,leviticus,verse,transition_bucket_shape,taam_events
P16-18_A8+_C1,P13-15_A8+_C2,4,0.13793103,0.0864486,1.59552656,leviticus,verse,transition_bucket_shape,taam_events
P5-6_A5_C0,P19-24_A8+_C3,4,0.15384615,0.05607477,2.74358974,leviticus,verse,transition_bucket_shape,taam_events
P5-6_A5_C0,P19-24_A8+_C2,4,0.15384615,0.0432243,3.55925156,leviticus,verse,transition_bucket_shape,taam_events
P13-15_A8+_C1,P16-18_A8+_C1,4,0.07017544,0.0338785,2.07138536,leviticus,verse,transition_bucket_shape,taam_events
P16-18_A8+_C1,P7-9_A8+_C1,4,0.13793103,0.06074766,2.27055703,leviticus,verse,transition_bucket_shape,taam_events
P10-12_A8+_C2,P19-24_A8+_C2,4,0.08333333,0.0432243,1.92792793,leviticus,verse,transition_bucket_shape,taam_events
P10-12_A8+_C1,P5-6_A6-7_C0,4,0.03809524,0.01985981,1.91820728,leviticus,verse,transition_bucket_shape,taam_events
P13-15_A8+_C2,P19-24_A8+_C3,4,0.05405405,0.05607477,0.96396396,leviticus,verse,transition_bucket_shape,taam_events
P10-12_A8+_C2,P7-9_A8+_C1,4,0.08333333,0.06074766,1.37179487,leviticus,verse,transition_bucket_shape,taam_events
P19-24_A8+_C4+,P16-18_A8+_C2,3,0.08571429,0.07593458,1.12879121,leviticus,verse,transition_bucket_shape,taam_events
P16-18_A8+_C2,P7-9_A8+_C1,3,0.04615385,0.06074766,0.75976331,leviticus,verse,transition_bucket_shape,taam_events
P5-6_A6-7_C0,P10-12_A8+_C0,3,0.17647059,0.04439252,3.9752322,leviticus,verse,transition_bucket_shape,taam_events
P16-18_A8+_C4+,P13-15_A8+_C1,3,0.21428571,0.06658879,3.21804511,leviticus,verse,transition_bucket_shape,taam_events
P13-15_A8+_C1,P13-15_A8+_C0,3,0.05263158,0.02102804,2.50292398,leviticus,verse,transition_bucket_shape,taam_events
P13-15_A8+_C1,P13-15_A8+_C3,3,0.05263158,0.02219626,2.37119114,leviticus,verse,transition_bucket_shape,taam_events
P10-12_A8+_C1,P19-24_A8+_C2,3,0.02857143,0.0432243,0.66100386,leviticus,verse,transition_bucket_shape,taam_events
P7-9_A8+_C1,P16-18_A8+_C3,3,0.05660377,0.06425234,0.88096055,leviticus,verse,transition_bucket_shape,taam_events
P16-18_A8+_C3,P10-12_A8+_C0,3,0.05454545,0.04439252,1.22870813,leviticus,verse,transition_bucket_shape,taam_events
P10-12_A8+_C0,P16-18_A8+_C2,3,0.07894737,0.07593458,1.03967611,leviticus,verse,transition_bucket_shape,taam_events
P16-18_A8+_C2,P13-15_A8+_C2,3,0.04615385,0.0864486,0.53388773,leviticus,verse,transition_bucket_shape,taam_events
P7-9_A8+_C1,P10-12_A8+_C2,3,0.05660377,0.05607477,1.00943396,leviticus,verse,transition_bucket_shape,taam_events
P16-18_A8+_C3,P5-6_A6-7_C0,3,0.05454545,0.01985981,2.74652406,leviticus,verse,transition_bucket_shape,taam_events
P13-15_A8+_C1,P19-24_A8+_C4+,3,0.05263158,0.04088785,1.28721805,leviticus,verse,transition_bucket_shape,taam_events
P19-24_A8+_C4+,P7-9_A6-7_C0,3,0.08571429,0.01752336,4.89142857,leviticus,verse,transition_bucket_shape,taam_events
P13-15_A8+_C2,P16-18_A8+_C4+,3,0.04054054,0.01635514,2.47876448,leviticus,verse,transition_bucket_shape,taam_events
P16-18_A8+_C3,P13-15_A8+_C1,3,0.05454545,0.06658879,0.81913876,leviticus,verse,transition_bucket_shape,taam_events
P16-18_A8+_C2,P10-12_A8+_C2,3,0.04615385,0.05607477,0.82307692,leviticus,verse,transition_bucket_shape,taam_events
P16-18_A8+_C3,P19-24_A8+_C4+,3,0.05454545,0.04088785,1.33402597,leviticus,verse,transition_bucket_shape,taam_events
P16-18_A8+_C3,P16-18_A8+_C1,3,0.05454545,0.0338785,1.61003135,leviticus,verse,transition_bucket_shape,taam_events
P13-15_A8+_C2,P19-24_A8+_C2,3,0.04054054,0.0432243,0.93791088,leviticus,verse,transition_bucket_shape,taam_events
P10-12_A8+_C1,P16-18_A8+_C4+,3,0.02857143,0.01635514,1.74693878,leviticus,verse,transition_bucket_shape,taam_events
P16-18_A8+_C4+,P13-15_A8+_C2,3,0.21428571,0.0864486,2.47876448,leviticus,verse,transition_bucket_shape,taam_events
P19-24_A8+_C2,P10-12_A8+_C1,3,0.08108108,0.12383178,0.65476798,leviticus,verse,transition_bucket_shape,taam_events
P13-15_A8+_C1,P7-9_A8+_C0,3,0.05263158,0.03621495,1.4533107,leviticus,verse,transition_bucket_shape,taam_events
P10-12_A8+_C1,P16-18_A8+_C3,3,0.02857143,0.06425234,0.44467532,leviticus,verse,transition_bucket_shape,taam_events
P13-15_A8+_C2,P10-12_A8+_C0,3,0.04054054,0.04439252,0.91322902,leviticus,verse,transition_bucket_shape,taam_events
P10-12_A8+_C0,P7-9_A8+_C0,3,0.07894737,0.03621495,2.17996604,leviticus,verse,transition_bucket_shape,taam_events
P7-9_A8+_C1,P10-12_A8+_C0,3,0.05660377,0.04439252,1.27507448,leviticus,verse,transition_bucket_shape,taam_events
P13-15_A8+_C0,P19-24_A8+_C4+,3,0.16666667,0.04088785,4.07619048,leviticus,verse,transition_bucket_shape,taam_events
P19-24_A8+_C4+,P10-12_A8+_C2,3,0.08571429,0.05607477,1.52857143,leviticus,verse,transition_bucket_shape,taam_events
P19-24_A8+_C2,P16-18_A8+_C1,3,0.08108108,0.0338785,2.39328984,leviticus,verse,transition_bucket_shape,taam_events
P5-6_A6-7_C0,P10-12_A8+_C1,3,0.17647059,0.12383178,1.42508324,leviticus,verse,transition_bucket_shape,taam_events
P7-9_A8+_C0,P16-18_A8+_C3,3,0.09677419,0.06425234,1.50615836,leviticus,verse,transition_bucket_shape,taam_events
P19-24_A8+_C4+,P19-24_A8+_C3,3,0.08571429,0.05607477,1.52857143,leviticus,verse,transition_bucket_shape,taam_events
P19-24_A8+_C3,P7-9_A8+_C1,3,0.0625,0.06074766,1.02884615,leviticus,verse,transition_bucket_shape,taam_events
P13-15_A8+_C1,P13-15_A8+_C2,3,0.05263158,0.0864486,0.60881935,leviticus,verse,transition_bucket_shape,taam_events
P19-24_A8+_C3,P19-24_A8+_C2,3,0.0625,0.0432243,1.44594595,leviticus,verse,transition_bucket_shape,taam_events
P10-12_A8+_C0,P10-12_A8+_C0,3,0.07894737,0.04439252,1.77839335,leviticus,verse,transition_bucket_shape,taam_events
P19-24_A8+_C4+,P16-18_A8+_C3,3,0.08571429,0.06425234,1.33402597,leviticus,verse,transition_bucket_shape,taam_events
P7-9_A8+_C1,P13-15_A8+_C2,3,0.05660377,0.0864486,0.65476798,leviticus,verse,transition_bucket_shape,taam_events
P13-15_A8+_C1,P10-12_A8+_C2,3,0.05263158,0.05607477,0.93859649,leviticus,verse,transition_bucket_shape,taam_events
P10-12_A8+_C2,P19-24_A8+_C3,3,0.0625,0.05607477,1.11458333,leviticus,verse,transition_bucket_shape,taam_events
P16-18_A8+_C1,P19-24_A8+_C3,3,0.10344828,0.05607477,1.84482759,leviticus,verse,transition_bucket_shape,taam_events
P19-24_A8+_C3,P5-6_A5_C0,3,0.0625,0.03037383,2.05769231,leviticus,verse,transition_bucket_shape,taam_events
P13-15_A8+_C2,P13-15_A8+_C1,3,0.04054054,0.06658879,0.60881935,leviticus,verse,transition_bucket_shape,taam_events
P16-18_A8+_C1,P16-18_A8+_C2,3,0.10344828,0.07593458,1.36233422,leviticus,verse,transition_bucket_shape,taam_events
P19-24_A8+_C3,P10-12_A8+_C0,3,0.0625,0.04439252,1.40789474,leviticus,verse,transition_bucket_shape,taam_events
P16-18_A8+_C2,P16-18_A8+_C1,3,0.04615385,0.0338785,1.36233422,leviticus,verse,transition_bucket_shape,taam_events
P7-9_A8+_C0,P13-15_A8+_C2,3,0.09677419,0.0864486,1.11944202,leviticus,verse,transition_bucket_shape,taam_events
P<=4_A3_C0,P<=4_A3_C0,338,0.272361,0.27614597,0.98629358,numbers,minor,transition_bucket_shape,taam_events
P<=4_A3_C0,P<=4_A4_C0,266,0.21434327,0.19492657,1.09961035,numbers,minor,transition_bucket_shape,taam_events
P<=4_A2_C0,P<=4_A3_C0,222,0.31223629,0.27614597,1.13069289,numbers,minor,transition_bucket_shape,taam_events
P<=4_A4_C0,P<=4_A3_C0,220,0.25142857,0.27614597,0.91049154,numbers,minor,transition_bucket_shape,taam_events
P<=4_A3_C0,P<=4_A2_C0,192,0.15471394,0.15821095,0.97789655,numbers,minor,transition_bucket_shape,taam_events
P<=4_A2_C0,P<=4_A4_C0,171,0.24050633,0.19492657,1.23383041,numbers,minor,transition_bucket_shape,taam_events
P<=4_A4_C0,P<=4_A2_C0,167,0.19085714,0.15821095,1.20634599,numbers,minor,transition_bucket_shape,taam_events
P<=4_A4_C0,P<=4_A4_C0,143,0.16342857,0.19492657,0.83841096,numbers,minor,transition_bucket_shape,taam_events
P<=4_A3_C0,P<=4_A0-1_C0,100,0.08058018,0.06875834,1.17193306,numbers,minor,transition_bucket_shape,taam_events
P<=4_A0-1_C0,P<=4_A3_C0,99,0.32038835,0.27614597,1.16021373,numbers,minor,transition_bucket_shape,taam_events
P<=4_A2_C0,P<=4_A2_C0,88,0.12376934,0.15821095,0.78230578,numbers,minor,transition_bucket_shape,taam_events
P<=4_A3_C0,P5-6_A5_C0,80,0.06446414,0.07743658,0.83247659,numbers,minor,transition_bucket_shape,taam_events
P5-6_A5_C0,P<=4_A3_C0,80,0.22988506,0.27614597,0.83247659,numbers,minor,transition_bucket_shape,taam_events
P<=4_A3_C0,P<=4_A5_C0,79,0.06365834,0.05184691,1.22781365,numbers,minor,transition_bucket_shape,taam_events
P<=4_A3_C0,P5-6_A6-7_C0,73,0.05882353,0.05496217,1.07025482,numbers,minor,transition_bucket_shape,taam_events
P<=4_A4_C0,P5-6_A5_C0,71,0.08114286,0.07743658,1.04786207,numbers,minor,transition_bucket_shape,taam_events
P<=4_A4_C0,P<=4_A0-1_C0,67,0.07657143,0.06875834,1.11363107,numbers,minor,transition_bucket_shape,taam_events
P<=4_A5_C0,P<=4_A3_C0,66,0.2832618,0.27614597,1.02576836,numbers,minor,transition_bucket_shape,taam_events
P5-6_A5_C0,P<=4_A2_C0,61,0.17528736,0.15821095,1.10793443,numbers,minor,transition_bucket_shape,taam_events
P5-6_A6-7_C0,P<=4_A3_C0,60,0.24291498,0.27614597,0.8796615,numbers,minor,transition_bucket_shape,taam_events
P<=4_A0-1_C0,P<=4_A2_C0,56,0.18122977,0.15821095,1.14549452,numbers,minor,transition_bucket_shape,taam_events
P5-6_A4_C0,P<=4_A3_C0,55,0.31609195,0.27614597,1.14465531,numbers,minor,transition_bucket_shape,taam_events
P<=4_A0-1_C0,P<=4_A4_C0,55,0.17799353,0.19492657,0.91313118,numbers,minor,transition_bucket_shape,taam_events
P5-6_A5_C0,P<=4_A4_C0,55,0.15804598,0.19492657,0.81079751,numbers,minor,transition_bucket_shape,taam_events
P<=4_A4_C0,P5-6_A6-7_C0,52,0.05942857,0.05496217,1.08126316,numbers,minor,transition_bucket_shape,taam_events
P5-6_A6-7_C0,P<=4_A4_C0,50,0.20242915,0.19492657,1.03848927,numbers,minor,transition_bucket_shape,taam_events
P<=4_A2_C0,P5-6_A5_C0,50,0.07032349,0.07743658,0.90814297,numbers,minor,transition_bucket_shape,taam_events
P5-6_A6-7_C0,P<=4_A2_C0,44,0.17813765,0.15821095,1.12595022,numbers,minor,transition_bucket_shape,taam_events
P<=4_A2_C0,P5-6_A6-7_C0,43,0.0604782,0.05496217,1.10036044,numbers,minor,transition_bucket_shape,taam_events
P<=4_A2_C0,P<=4_A5_C0,41,0.05766526,0.05184691,1.1122218,numbers,minor,transition_bucket_shape,taam_events
P7-9_A6-7_C0,P<=4_A4_C0,40,0.29411765,0.19492657,1.50886382,numbers,minor,transition_bucket_shape,taam_events
P<=4_A3_C0,P5-6_A4_C0,39,0.03142627,0.03871829,0.81166468,numbers,minor,transition_bucket_shape,taam_events
P<=4_A3_C0,P7-9_A6-7_C0,39,0.03142627,0.03004005,1.04614558,numbers,minor,transition_bucket_shape,taam_events
P<=4_A5_C0,P<=4_A4_C0,38,0.16309013,0.19492657,0.8366747,numbers,minor,transition_bucket_shape,taam_events
P<=4_A5_C0,P<=4_A2_C0,38,0.16309013,0.15821095,1.03083972,numbers,minor,transition_bucket_shape,taam_events
P<=4_A2_C0,P<=4_A0-1_C0,37,0.05203938,0.06875834,0.75684459,numbers,minor,transition_bucket_shape,taam_events
P5-6_A5_C0,P5-6_A5_C0,36,0.10344828,0.07743658,1.33590963,numbers,minor,transition_bucket_shape,taam_events
P<=4_A4_C0,P<=4_A5_C0,33,0.03771429,0.05184691,0.72741631,numbers,minor,transition_bucket_shape,taam_events
P<=4_A4_C0,P5-6_A4_C0,32,0.03657143,0.03871829,0.94455172,numbers,minor,transition_bucket_shape,taam_events
P7-9_A6-7_C0,P<=4_A3_C0,29,0.21323529,0.27614597,0.77218325,numbers,minor,transition_bucket_shape,taam_events
P5-6_A5_C0,P<=4_A0-1_C0,27,0.07758621,0.06875834,1.12838969,numbers,minor,transition_bucket_shape,taam_events
P7-9_A8+_C0,P<=4_A3_C0,26,0.38235294,0.27614597,1.38460445,numbers,minor,transition_bucket_shape,taam_events
P5-6_A5_C0,P<=4_A5_C0,25,0.07183908,0.05184691,1.38560012,numbers,minor,transition_bucket_shape,taam_events
P<=4_A4_C0,P7-9_A6-7_C0,24,0.02742857,0.03004005,0.91306667,numbers,minor,transition_bucket_shape,taam_events
P<=4_A5_C0,P<=4_A0-1_C0,23,0.09871245,0.06875834,1.43564315,numbers,minor,transition_bucket_shape,taam_events
P<=4_A4_C0,P7-9_A8+_C0,23,0.02628571,0.01513129,1.73717647,numbers,minor,transition_bucket_shape,taam_events
P<=4_A0-1_C0,P<=4_A5_C0,23,0.07443366,0.05184691,1.43564315,numbers,minor,transition_bucket_shape,taam_events
P5-6_A5_C0,P5-6_A4_C0,23,0.06609195,0.03871829,1.70699564,numbers,minor,transition_bucket_shape,taam_events
P5-6_A4_C0,P5-6_A5_C0,22,0.12643678,0.07743658,1.63277844,numbers,minor,transition_bucket_shape,taam_events
P5-6_A6-7_C0,P5-6_A5_C0,22,0.08906883,0.07743658,1.15021639,numbers,minor,transition_bucket_shape,taam_events
P5-6_A4_C0,P<=4_A4_C0,20,0.11494253,0.19492657,0.58967092,numbers,minor,transition_bucket_shape,taam_events
P5-6_A4_C0,P<=4_A2_C0,20,0.11494253,0.15821095,0.72651438,numbers,minor,transition_bucket_shape,taam_events
P<=4_A5_C0,P5-6_A5_C0,19,0.08154506,0.07743658,1.05305609,numbers,minor,transition_bucket_shape,taam_events
P<=4_A0-1_C0,P<=4_A0-1_C0,18,0.05825243,0.06875834,0.8472052,numbers,minor,transition_bucket_shape,taam_events
P<=4_A4_C0,P10-12_A8+_C0,18,0.02057143,0.01023587,2.00973913,numbers,minor,transition_bucket_shape,taam_events
P<=4_A2_C0,P5-6_A4_C0,18,0.02531646,0.03871829,0.65386294,numbers,minor,transition_bucket_shape,taam_events
P<=4_A2_C0,P7-9_A6-7_C0,18,0.02531646,0.03004005,0.84275668,numbers,minor,transition_bucket_shape,taam_events
P7-9_A8+_C0,P<=4_A4_C0,17,0.25,0.19492657,1.28253425,numbers,minor,transition_bucket_shape,taam_events
P10-12_A8+_C0,P<=4_A3_C0,17,0.36956522,0.27614597,1.33829661,numbers,minor,transition_bucket_shape,taam_events
P5-6_A6-7_C0,P5-6_A4_C0,16,0.06477733,0.03871829,1.67304202,numbers,minor,transition_bucket_shape,taam_events
P<=4_A5_C0,P5-6_A6-7_C0,16,0.06866953,0.05496217,1.24939619,numbers,minor,transition_bucket_shape,taam_events
P<=4_A0-1_C0,P5-6_A5_C0,15,0.04854369,0.07743658,0.62688316,numbers,minor,transition_bucket_shape,taam_events
P5-6_A6-7_C0,P5-6_A6-7_C0,14,0.05668016,0.05496217,1.03125768,numbers,minor,transition_bucket_shape,taam_events
P7-9_A6-7_C0,P5-6_A5_C0,13,0.09558824,0.07743658,1.23440669,numbers,minor,transition_bucket_shape,taam_events
P5-6_A4_C0,P<=4_A5_C0,13,0.07471264,0.05184691,1.44102412,numbers,minor,transition_bucket_shape,taam_events
P7-9_A6-7_C0,P<=4_A2_C0,13,0.09558824,0.15821095,0.60418218,numbers,minor,transition_bucket_shape,taam_events
P5-6_A3_C0,P<=4_A3_C0,13,0.37142857,0.27614597,1.34504432,numbers,minor,transition_bucket_shape,taam_events
P<=4_A0-1_C0,P5-6_A6-7_C0,12,0.03883495,0.05496217,0.706576,numbers,minor,transition_bucket_shape,taam_events
P5-6_A4_C0,P5-6_A6-7_C0,12,0.06896552,0.05496217,1.25478152,numbers,minor,transition_bucket_shape,taam_events
P<=4_A0-1_C0,P5-6_A4_C0,11,0.03559871,0.03871829,0.91942864,numbers,minor,transition_bucket_shape,taam_events
P5-6_A6-7_C0,P7-9_A8+_C0,11,0.04453441,0.01513129,2.94320076,numbers,minor,transition_bucket_shape,taam_events
P5-6_A5_C0,P5-6_A6-7_C0,11,0.0316092,0.05496217,0.57510819,numbers,minor,transition_bucket_shape,taam_events
P<=4_A3_C0,P5-6_A3_C0,11,0.00886382,0.00778816,1.13811442,numbers,minor,transition_bucket_shape,taam_events
P<=4_A5_C0,P5-6_A4_C0,11,0.0472103,0.03871829,1.2193281,numbers,minor,transition_bucket_shape,taam_events
P5-6_A5_C0,P7-9_A8+_C0,10,0.02873563,0.01513129,1.89908722,numbers,minor,transition_bucket_shape,taam_events
P5-6_A6-7_C0,P<=4_A0-1_C0,10,0.04048583,0.06875834,0.58881333,numbers,minor,transition_bucket_shape,taam_events
P7-9_A6-7_C0,P<=4_A0-1_C0,10,0.07352941,0.06875834,1.06938892,numbers,minor,transition_bucket_shape,taam_events
P5-6_A4_C0,P<=4_A0-1_C0,10,0.05747126,0.06875834,0.83584421,numbers,minor,transition_bucket_shape,taam_events
P7-9_A8+_C0,P<=4_A2_C0,9,0.13235294,0.15821095,0.83655994,numbers,minor,transition_bucket_shape,taam_events
P<=4_A3_C0,P7-9_A8+_C0,8,0.00644641,0.01513129,0.42603214,numbers,minor,transition_bucket_shape,taam_events
P<=4_A4_C0,P5-6_A3_C0,8,0.00914286,0.00778816,1.17394286,numbers,minor,transition_bucket_shape,taam_events
P5-6_A4_C0,P5-6_A4_C0,8,0.04597701,0.03871829,1.18747523,numbers,minor,transition_bucket_shape,taam_events
P<=4_A2_C0,P10-12_A8+_C0,8,0.01125176,0.01023587,1.09924784,numbers,minor,transition_bucket_shape,taam_events
P<=4_A0-1_C0,P7-9_A6-7_C0,8,0.02588997,0.03004005,0.86184826,numbers,minor,transition_bucket_shape,taam_events
P5-6_A6-7_C0,P7-9_A6-7_C0,8,0.03238866,0.03004005,1.07818264,numbers,minor,transition_bucket_shape,taam_events
P5-6_A4_C0,P7-9_A6-7_C0,7,0.04022989,0.03004005,1.33920817,numbers,minor,transition_bucket_shape,taam_events
P5-6_A5_C0,P7-9_A6-7_C0,7,0.02011494,0.03004005,0.66960409,numbers,minor,transition_bucket_shape,taam_events
P5-6_A3_C0,P<=4_A2_C0,6,0.17142857,0.15821095,1.0835443,numbers,minor,transition_bucket_shape,taam_events
P10-12_A8+_C0,P5-6_A5_C0,6,0.13043478,0.07743658,1.6844078,numbers,minor,transition_bucket_shape,taam_events
P10-12_A8+_C0,P<=4_A2_C0,6,0.13043478,0.15821095,0.82443588,numbers,minor,transition_bucket_shape,taam_events
P<=4_A4_C0,P<=4_A6-7_C0,6,0.00685714,0.00445038,1.5408,numbers,minor,transition_bucket_shape,taam_events
P7-9_A6-7_C0,P5-6_A6-7_C0,6,0.04411765,0.05496217,0.80269112,numbers,minor,transition_bucket_shape,taam_events
P5-6_A3_C0,P<=4_A4_C0,5,0.14285714,0.19492657,0.73287671,numbers,minor,transition_bucket_shape,taam_events
P5-6_A5_C0,P10-12_A8+_C0,5,0.01436782,0.01023587,1.40367316,numbers,minor,transition_bucket_shape,taam_events
P10-12_A8+_C0,P<=4_A4_C0,5,0.10869565,0.19492657,0.55762359,numbers,minor,transition_bucket_shape,taam_events
P<=4_A4_C0,P7-9_A5_C0,5,0.00571429,0.00578549,0.98769231,numbers,minor,transition_bucket_shape,taam_events
P5-6_A6-7_C0,P<=4_A5_C0,5,0.02024291,0.05184691,0.39043631,numbers,minor,transition_bucket_shape,taam_events
P<=4_A6-7_C0,P<=4_A2_C0,5,0.25,0.15821095,1.58016878,numbers,minor,transition_bucket_shape,taam_events
P7-9_A5_C0,P<=4_A3_C0,5,0.19230769,0.27614597,0.69639869,numbers,minor,transition_bucket_shape,taam_events
P<=4_A5_C0,P7-9_A6-7_C0,5,0.02145923,0.03004005,0.71435384,numbers,minor,transition_bucket_shape,taam_events
P7-9_A6-7_C0,P7-9_A6-7_C0,5,0.03676471,0.03004005,1.22385621,numbers,minor,transition_bucket_shape,taam_events
P10-12_A8+_C0,P5-6_A4_C0,4,0.08695652,0.03871829,2.24587706,numbers,minor,transition_bucket_shape,taam_events
P<=4_A0-1_C0,P7-9_A8+_C0,4,0.01294498,0.01513129,0.85551114,numbers,minor,transition_bucket_shape,taam_events
P7-9_A6-7_C0,P5-6_A4_C0,4,0.02941176,0.03871829,0.75963489,numbers,minor,transition_bucket_shape,taam_events
P7-9_A6-7_C0,P<=4_A5_C0,4,0.02941176,0.05184691,0.56728099,numbers,minor,transition_bucket_shape,taam_events
P<=4_A5_C0,P10-12_A8+_C0,4,0.01716738,0.01023587,1.67717858,numbers,minor,transition_bucket_shape,taam_events
P<=4_A5_C0,P<=4_A5_C0,4,0.01716738,0.05184691,0.3311168,numbers,minor,transition_bucket_shape,taam_events
P7-9_A5_C0,P<=4_A4_C0,4,0.15384615,0.19492657,0.78925184,numbers,minor,transition_bucket_shape,taam_events
P<=4_A6-7_C0,P5-6_A5_C0,4,0.2,0.07743658,2.58275862,numbers,minor,transition_bucket_shape,taam_events
P<=4_A2_C0,P<=4_A6-7_C0,4,0.00562588,0.00445038,1.26413502,numbers,minor,transition_bucket_shape,taam_events
P<=4_A3_C0,P<=4_A6-7_C0,4,0.00322321,0.00445038,0.72425463,numbers,minor,transition_bucket_shape,taam_events
P<=4_A2_C0,P5-6_A3_C0,4,0.00562588,0.00778816,0.72236287,numbers,minor,transition_bucket_shape,taam_events
P7-9_A8+_C0,P5-6_A4_C0,4,0.05882353,0.03871829,1.51926978,numbers,minor,transition_bucket_shape,taam_events
P<=4_A3_C0,P7-9_A5_C0,4,0.00322321,0.00578549,0.55711895,numbers,minor,transition_bucket_shape,taam_events
P<=4_A2_C0,P7-9_A8+_C0,4,0.00562588,0.01513129,0.37180442,numbers,minor,transition_bucket_shape,taam_events
P7-9_A8+_C0,P7-9_A6-7_C0,3,0.04411765,0.03004005,1.46862745,numbers,minor,transition_bucket_shape,taam_events
P5-6_A3_C0,P7-9_A6-7_C0,3,0.08571429,0.03004005,2.85333333,numbers,minor,transition_bucket_shape,taam_events
P7-9_A6-7_C0,P7-9_A5_C0,3,0.02205882,0.00578549,3.81278281,numbers,minor,transition_bucket_shape,taam_events
P10-12_A8+_C0,P7-9_A6-7_C0,3,0.06521739,0.03004005,2.17101449,numbers,minor,transition_bucket_shape,taam_events
P7-9_A6-7_C0,P10-12_A8+_C0,3,0.02205882,0.01023587,2.15505115,numbers,minor,transition_bucket_shape,taam_events
P7-9_A5_C0,P7-9_A6-7_C0,3,0.11538462,0.03004005,3.84102564,numbers,minor,transition_bucket_shape,taam_events
P7-9_A5_C0,P5-6_A5_C0,3,0.11538462,0.07743658,1.49005305,numbers,minor,transition_bucket_shape,taam_events
P7-9_A6-7_C0,P7-9_A8+_C0,3,0.02205882,0.01513129,1.45782872,numbers,minor,transition_bucket_shape,taam_events
P<=4_A6-7_C0,P<=4_A4_C0,3,0.15,0.19492657,0.76952055,numbers,minor,transition_bucket_shape,taam_events
P<=4_A5_C0,P5-6_A3_C0,3,0.01287554,0.00778816,1.65321888,numbers,minor,transition_bucket_shape,taam_events
P5-6_A5_C0,P<=4_A6-7_C0,3,0.00862069,0.00445038,1.93706897,numbers,minor,transition_bucket_shape,taam_events
P<=4_A5_C0,P7-9_A5_C0,3,0.01287554,0.00578549,2.22548696,numbers,minor,transition_bucket_shape,taam_events
P<=4_A3_C0,P10-12_A8+_C0,3,0.00241741,0.01023587,0.23616999,numbers,minor,transition_bucket_shape,taam_events
P<=4_A6-7_C0,P<=4_A3_C0,3,0.15,0.27614597,0.54319098,numbers,minor,transition_bucket_shape,taam_events
P5-6_A3_C0,P<=4_A5_C0,3,0.08571429,0.05184691,1.65321888,numbers,minor,transition_bucket_shape,taam_events
P3_A3_C0,P3_A3_C0,122,0.17354196,0.1564308,1.1093849,numbers,minor,transition_exact_shape,taam_events
P2_A2_C0,P3_A3_C0,119,0.22972973,0.1564308,1.46857099,numbers,minor,transition_exact_shape,taam_events
P3_A3_C0,P2_A2_C0,82,0.11664296,0.1152648,1.01195648,numbers,minor,transition_exact_shape,taam_events
P3_A3_C0,P3_A4_C0,77,0.10953058,0.08477971,1.29194341,numbers,minor,transition_exact_shape,taam_events
P3_A3_C0,P4_A4_C0,73,0.10384068,0.09813084,1.05818601,numbers,minor,transition_exact_shape,taam_events
P3_A4_C0,P3_A3_C0,68,0.17894737,0.1564308,1.14393951,numbers,minor,transition_exact_shape,taam_events
P2_A2_C0,P4_A4_C0,63,0.12162162,0.09813084,1.23938224,numbers,minor,transition_exact_shape,taam_events
P4_A4_C0,P3_A3_C0,55,0.12471655,0.1564308,0.79726343,numbers,minor,transition_exact_shape,taam_events
P4_A4_C0,P2_A2_C0,55,0.12471655,0.1152648,1.08200037,numbers,minor,transition_exact_shape,taam_events
P3_A4_C0,P2_A2_C0,53,0.13947368,0.1152648,1.21002845,numbers,minor,transition_exact_shape,taam_events
P3_A3_C0,P4_A3_C0,51,0.07254623,0.06742323,1.0759827,numbers,minor,transition_exact_shape,taam_events
P2_A2_C0,P3_A4_C0,48,0.09266409,0.08477971,1.09299851,numbers,minor,transition_exact_shape,taam_events
P4_A3_C0,P3_A3_C0,43,0.14191419,0.1564308,0.9072011,numbers,minor,transition_exact_shape,taam_events
P1_A1_C0,P2_A2_C0,42,0.14893617,0.1152648,1.29212191,numbers,minor,transition_exact_shape,taam_events
P3_A3_C0,P1_A1_C0,41,0.05832148,0.06275033,0.92942102,numbers,minor,transition_exact_shape,taam_events
P4_A4_C0,P3_A4_C0,40,0.09070295,0.08477971,1.06986627,numbers,minor,transition_exact_shape,taam_events
P3_A4_C0,P4_A4_C0,40,0.10526316,0.09813084,1.0726817,numbers,minor,transition_exact_shape,taam_events
P2_A2_C0,P2_A2_C0,39,0.07528958,0.1152648,0.65318794,numbers,minor,transition_exact_shape,taam_events
P1_A1_C0,P3_A3_C0,38,0.13475177,0.1564308,0.86141461,numbers,minor,transition_exact_shape,taam_events
P3_A3_C0,P2_A3_C0,38,0.05405405,0.05206943,1.03811504,numbers,minor,transition_exact_shape,taam_events
P3_A3_C0,P4_A5_C0,35,0.04978663,0.04161104,1.19647652,numbers,minor,transition_exact_shape,taam_events
P2_A3_C0,P1_A1_C0,35,0.14957265,0.06275033,2.3836152,numbers,minor,transition_exact_shape,taam_events
P4_A4_C0,P1_A1_C0,34,0.07709751,0.06275033,1.22863897,numbers,minor,transition_exact_shape,taam_events
P5_A5_C0,P2_A2_C0,32,0.12355212,0.1152648,1.07189815,numbers,minor,transition_exact_shape,taam_events
P3_A3_C0,P5_A5_C0,31,0.04409673,0.0576324,0.76513783,numbers,minor,transition_exact_shape,taam_events
P4_A4_C0,P4_A4_C0,31,0.07029478,0.09813084,0.71633733,numbers,minor,transition_exact_shape,taam_events
P4_A3_C0,P2_A2_C0,31,0.10231023,0.1152648,0.88761038,numbers,minor,transition_exact_shape,taam_events
P1_A1_C0,P2_A3_C0,31,0.10992908,0.05206943,2.11120204,numbers,minor,transition_exact_shape,taam_events
P4_A4_C0,P4_A3_C0,30,0.06802721,0.06742323,1.00895804,numbers,minor,transition_exact_shape,taam_events
P5_A5_C0,P3_A3_C0,30,0.11583012,0.1564308,0.74045596,numbers,minor,transition_exact_shape,taam_events
P4_A3_C0,P4_A4_C0,30,0.0990099,0.09813084,1.00895804,numbers,minor,transition_exact_shape,taam_events
P4_A3_C0,P3_A4_C0,29,0.09570957,0.08477971,1.12892077,numbers,minor,transition_exact_shape,taam_events
P4_A4_C0,P5_A5_C0,29,0.06575964,0.0576324,1.14101857,numbers,minor,transition_exact_shape,taam_events
P4_A5_C0,P3_A3_C0,28,0.14973262,0.1564308,0.95718122,numbers,minor,transition_exact_shape,taam_events
P2_A2_C0,P5_A5_C0,28,0.05405405,0.0576324,0.93791088,numbers,minor,transition_exact_shape,taam_events
P2_A3_C0,P3_A3_C0,28,0.11965812,0.1564308,0.76492687,numbers,minor,transition_exact_shape,taam_events
P3_A4_C0,P4_A3_C0,27,0.07105263,0.06742323,1.05383012,numbers,minor,transition_exact_shape,taam_events
P4_A5_C0,P2_A2_C0,27,0.14438503,0.1152648,1.25263766,numbers,minor,transition_exact_shape,taam_events
P3_A4_C0,P5_A5_C0,27,0.07105263,0.0576324,1.23285917,numbers,minor,transition_exact_shape,taam_events
P2_A2_C0,P1_A1_C0,26,0.05019305,0.06275033,0.79988499,numbers,minor,transition_exact_shape,taam_events
P2_A2_C0,P2_A3_C0,26,0.05019305,0.05206943,0.96396396,numbers,minor,transition_exact_shape,taam_events
P2_A2_C0,P4_A3_C0,25,0.04826255,0.06742323,0.71581482,numbers,minor,transition_exact_shape,taam_events
P5_A4_C0,P3_A3_C0,24,0.16901408,0.1564308,1.08043997,numbers,minor,transition_exact_shape,taam_events
P2_A4_C0,P2_A2_C0,24,0.44444444,0.1152648,3.85585586,numbers,minor,transition_exact_shape,taam_events
P5_A6_C0,P2_A2_C0,23,0.21904762,0.1152648,1.9003861,numbers,minor,transition_exact_shape,taam_events
P2_A3_C0,P4_A4_C0,23,0.0982906,0.09813084,1.001628,numbers,minor,transition_exact_shape,taam_events
P1_A1_C0,P3_A4_C0,22,0.07801418,0.08477971,0.9201988,numbers,minor,transition_exact_shape,taam_events
P6_A6_C0,P4_A4_C0,22,0.22916667,0.09813084,2.33531746,numbers,minor,transition_exact_shape,taam_events
P2_A3_C0,P3_A4_C0,22,0.09401709,0.08477971,1.10895753,numbers,minor,transition_exact_shape,taam_events
P2_A2_C0,P5_A6_C0,21,0.04054054,0.02336449,1.73513514,numbers,minor,transition_exact_shape,taam_events
P1_A1_C0,P4_A5_C0,21,0.07446809,0.04161104,1.78962339,numbers,minor,transition_exact_shape,taam_events
P5_A5_C0,P3_A4_C0,21,0.08108108,0.08477971,0.9563737,numbers,minor,transition_exact_shape,taam_events
P4_A5_C0,P1_A1_C0,20,0.10695187,0.06275033,1.70440323,numbers,minor,transition_exact_shape,taam_events
P3_A3_C0,P5_A6_C0,20,0.0284495,0.02336449,1.21763869,numbers,minor,transition_exact_shape,taam_events
P5_A5_C0,P1_A1_C0,20,0.07722008,0.06275033,1.23059229,numbers,minor,transition_exact_shape,taam_events
P3_A2_C0,P3_A4_C0,20,0.15873016,0.08477971,1.87226597,numbers,minor,transition_exact_shape,taam_events
P2_A3_C0,P2_A2_C0,20,0.08547009,0.1152648,0.74151074,numbers,minor,transition_exact_shape,taam_events
P1_A1_C0,P4_A4_C0,20,0.07092199,0.09813084,0.72272881,numbers,minor,transition_exact_shape,taam_events
P3_A4_C0,P3_A4_C0,20,0.05263158,0.08477971,0.62080398,numbers,minor,transition_exact_shape,taam_events
P1_A1_C0,P4_A3_C0,20,0.07092199,0.06742323,1.05189242,numbers,minor,transition_exact_shape,taam_events
P4_A4_C0,P4_A5_C0,20,0.04535147,0.04161104,1.0898905,numbers,minor,transition_exact_shape,taam_events
P3_A4_C0,P1_A1_C0,18,0.04736842,0.06275033,0.75487122,numbers,minor,transition_exact_shape,taam_events
P5_A5_C0,P4_A4_C0,18,0.06949807,0.09813084,0.70821842,numbers,minor,transition_exact_shape,taam_events
P7_A7_C0,P4_A4_C0,18,0.33962264,0.09813084,3.46091644,numbers,minor,transition_exact_shape,taam_events
P1_A1_C0,P1_A1_C0,18,0.06382979,0.06275033,1.01720235,numbers,minor,transition_exact_shape,taam_events
P5_A5_C0,P4_A3_C0,18,0.06949807,0.06742323,1.03077335,numbers,minor,transition_exact_shape,taam_events
P4_A5_C0,P4_A3_C0,18,0.09625668,0.06742323,1.42764865,numbers,minor,transition_exact_shape,taam_events
P5_A6_C0,P4_A4_C0,17,0.16190476,0.09813084,1.64988662,numbers,minor,transition_exact_shape,taam_events
P2_A3_C0,P5_A5_C0,17,0.07264957,0.0576324,1.26056826,numbers,minor,transition_exact_shape,taam_events
P5_A5_C0,P5_A5_C0,17,0.06563707,0.0576324,1.13889179,numbers,minor,transition_exact_shape,taam_events
P4_A3_C0,P2_A3_C0,17,0.05610561,0.05206943,1.07751544,numbers,minor,transition_exact_shape,taam_events
P2_A3_C0,P4_A3_C0,17,0.07264957,0.06742323,1.07751544,numbers,minor,transition_exact_shape,taam_events
P4_A3_C0,P5_A5_C0,17,0.05610561,0.0576324,0.97350816,numbers,minor,transition_exact_shape,taam_events
P4_A4_C0,P6_A6_C0,16,0.03628118,0.02136182,1.6984127,numbers,minor,transition_exact_shape,taam_events
P4_A3_C0,P3_A2_C0,16,0.05280528,0.02803738,1.88338834,numbers,minor,transition_exact_shape,taam_events
P4_A3_C0,P4_A5_C0,16,0.05280528,0.04161104,1.26902102,numbers,minor,transition_exact_shape,taam_events
P4_A4_C0,P5_A4_C0,16,0.03628118,0.03159769,1.14822267,numbers,minor,transition_exact_shape,taam_events
P5_A5_C0,P4_A5_C0,15,0.05791506,0.04161104,1.39181963,numbers,minor,transition_exact_shape,taam_events
P3_A3_C0,P5_A4_C0,15,0.02133713,0.03159769,0.67527498,numbers,minor,transition_exact_shape,taam_events
P3_A3_C0,P3_A5_C0,15,0.02133713,0.00956831,2.22997784,numbers,minor,transition_exact_shape,taam_events
P3_A2_C0,P3_A3_C0,15,0.11904762,0.1564308,0.76102418,numbers,minor,transition_exact_shape,taam_events
P3_A3_C0,P1_A2_C0,14,0.01991465,0.01090343,1.82645804,numbers,minor,transition_exact_shape,taam_events
P5_A4_C0,P5_A5_C0,14,0.09859155,0.0576324,1.71069661,numbers,minor,transition_exact_shape,taam_events
P4_A3_C0,P7_A7_C0,14,0.04620462,0.0117935,3.9178031,numbers,minor,transition_exact_shape,taam_events
P4_A4_C0,P2_A3_C0,14,0.03174603,0.05206943,0.60968661,numbers,minor,transition_exact_shape,taam_events
P2_A2_C0,P2_A4_C0,14,0.02702703,0.01201602,2.24924925,numbers,minor,transition_exact_shape,taam_events
P2_A2_C0,P4_A5_C0,13,0.02509653,0.04161104,0.60312184,numbers,minor,transition_exact_shape,taam_events
P3_A2_C0,P4_A4_C0,13,0.1031746,0.09813084,1.05139834,numbers,minor,transition_exact_shape,taam_events
P4_A5_C0,P4_A4_C0,13,0.06951872,0.09813084,0.70842883,numbers,minor,transition_exact_shape,taam_events
P3_A4_C0,P2_A3_C0,13,0.03421053,0.05206943,0.65701754,numbers,minor,transition_exact_shape,taam_events
P4_A3_C0,P1_A1_C0,13,0.04290429,0.06275033,0.68373008,numbers,minor,transition_exact_shape,taam_events
P6_A5_C0,P4_A4_C0,13,0.14606742,0.09813084,1.48849652,numbers,minor,transition_exact_shape,taam_events
P5_A4_C0,P2_A3_C0,13,0.0915493,0.05206943,1.75821596,numbers,minor,transition_exact_shape,taam_events
P4_A4_C0,P8_A8_C0,13,0.02947846,0.0046729,6.30839002,numbers,minor,transition_exact_shape,taam_events
P5_A4_C0,P4_A3_C0,12,0.08450704,0.06742323,1.25338168,numbers,minor,transition_exact_shape,taam_events
P4_A4_C0,P3_A2_C0,12,0.02721088,0.02803738,0.97052154,numbers,minor,transition_exact_shape,taam_events
P3_A2_C0,P2_A2_C0,12,0.0952381,0.1152648,0.82625483,numbers,minor,transition_exact_shape,taam_events
P5_A5_C0,P5_A4_C0,12,0.04633205,0.03159769,1.46631138,numbers,minor,transition_exact_shape,taam_events
P5_A5_C0,P2_A3_C0,12,0.04633205,0.05206943,0.88981289,numbers,minor,transition_exact_shape,taam_events
P3_A3_C0,P3_A2_C0,12,0.0170697,0.02803738,0.60881935,numbers,minor,transition_exact_shape,taam_events
P3_A5_C0,P3_A3_C0,12,0.27906977,0.1564308,1.78398227,numbers,minor,transition_exact_shape,taam_events
P5_A6_C0,P3_A3_C0,12,0.11428571,0.1564308,0.73058321,numbers,minor,transition_exact_shape,taam_events
P4_A3_C0,P4_A3_C0,12,0.03960396,0.06742323,0.58739339,numbers,minor,transition_exact_shape,taam_events
P6_A7_C0,P4_A3_C0,12,0.34285714,0.06742323,5.08514851,numbers,minor,transition_exact_shape,taam_events
P3_A4_C0,P3_A2_C0,12,0.03157895,0.02803738,1.12631579,numbers,minor,transition_exact_shape,taam_events
P1_A2_C0,P3_A3_C0,11,0.2244898,0.1564308,1.43507417,numbers,minor,transition_exact_shape,taam_events
P4_A5_C0,P3_A4_C0,11,0.05882353,0.08477971,0.69383974,numbers,minor,transition_exact_shape,taam_events
P3_A2_C0,P4_A5_C0,11,0.08730159,0.04161104,2.09803922,numbers,minor,transition_exact_shape,taam_events
P4_A5_C0,P5_A5_C0,11,0.05882353,0.0576324,1.02066773,numbers,minor,transition_exact_shape,taam_events
P6_A6_C0,P3_A3_C0,11,0.11458333,0.1564308,0.73248578,numbers,minor,transition_exact_shape,taam_events
P2_A2_C0,P3_A2_C0,11,0.02123552,0.02803738,0.75740026,numbers,minor,transition_exact_shape,taam_events
P6_A5_C0,P2_A2_C0,11,0.12359551,0.1152648,1.07227452,numbers,minor,transition_exact_shape,taam_events
P3_A3_C0,P6_A6_C0,11,0.01564723,0.02136182,0.73248578,numbers,minor,transition_exact_shape,taam_events
P3_A3_C0,P2_A4_C0,11,0.01564723,0.01201602,1.30219693,numbers,minor,transition_exact_shape,taam_events
P4_A4_C0,P5_A6_C0,11,0.02494331,0.02336449,1.0675737,numbers,minor,transition_exact_shape,taam_events
P1_A1_C0,P3_A2_C0,10,0.03546099,0.02803738,1.26477541,numbers,minor,transition_exact_shape,taam_events
P3_A2_C0,P1_A1_C0,10,0.07936508,0.06275033,1.26477541,numbers,minor,transition_exact_shape,taam_events
P4_A3_C0,P5_A4_C0,10,0.0330033,0.03159769,1.04448473,numbers,minor,transition_exact_shape,taam_events
P4_A5_C0,P6_A7_C0,10,0.05347594,0.00778816,6.86631016,numbers,minor,transition_exact_shape,taam_events
P3_A4_C0,P4_A5_C0,10,0.02631579,0.04161104,0.6324233,numbers,minor,transition_exact_shape,taam_events
P6_A6_C0,P2_A2_C0,10,0.10416667,0.1152648,0.90371622,numbers,minor,transition_exact_shape,taam_events
P4_A5_C0,P5_A4_C0,10,0.05347594,0.03159769,1.69240039,numbers,minor,transition_exact_shape,taam_events
P4_A3_C0,P5_A6_C0,9,0.02970297,0.02336449,1.27128713,numbers,minor,transition_exact_shape,taam_events
P3_A5_C0,P3_A4_C0,9,0.20930233,0.08477971,2.46877861,numbers,minor,transition_exact_shape,taam_events
P5_A4_C0,P3_A4_C0,9,0.06338028,0.08477971,0.74758789,numbers,minor,transition_exact_shape,taam_events
P5_A5_C0,P6_A5_C0,9,0.03474903,0.01980418,1.75463104,numbers,minor,transition_exact_shape,taam_events
P3_A4_C0,P6_A6_C0,9,0.02368421,0.02136182,1.10871711,numbers,minor,transition_exact_shape,taam_events
P1_A1_C0,P5_A4_C0,9,0.03191489,0.03159769,1.01003896,numbers,minor,transition_exact_shape,taam_events
P5_A4_C0,P3_A2_C0,9,0.06338028,0.02803738,2.26056338,numbers,minor,transition_exact_shape,taam_events
P2_A3_C0,P2_A3_C0,9,0.03846154,0.05206943,0.73865878,numbers,minor,transition_exact_shape,taam_events
P5_A5_C0,P3_A2_C0,9,0.03474903,0.02803738,1.23938224,numbers,minor,transition_exact_shape,taam_events
P2_A2_C0,P6_A5_C0,9,0.01737452,0.01980418,0.87731552,numbers,minor,transition_exact_shape,taam_events
P4_A3_C0,P6_A6_C0,9,0.02970297,0.02136182,1.3904703,numbers,minor,transition_exact_shape,taam_events
P6_A5_C0,P4_A5_C0,9,0.1011236,0.04161104,2.4302109,numbers,minor,transition_exact_shape,taam_events
P2_A2_C0,P3_A5_C0,9,0.01737452,0.00956831,1.81583909,numbers,minor,transition_exact_shape,taam_events
P3_A4_C0,P5_A6_C0,9,0.02368421,0.02336449,1.01368421,numbers,minor,transition_exact_shape,taam_events
P2_A2_C0,P5_A4_C0,9,0.01737452,0.03159769,0.54986677,numbers,minor,transition_exact_shape,taam_events
P3_A4_C0,P5_A4_C0,9,0.02368421,0.03159769,0.74955523,numbers,minor,transition_exact_shape,taam_events
P5_A6_C0,P4_A3_C0,8,0.07619048,0.06742323,1.130033,numbers,minor,transition_exact_shape,taam_events
P6_A6_C0,P5_A5_C0,8,0.08333333,0.0576324,1.44594595,numbers,minor,transition_exact_shape,taam_events
P6_A5_C0,P2_A3_C0,8,0.08988764,0.05206943,1.72630366,numbers,minor,transition_exact_shape,taam_events
P4_A4_C0,P6_A5_C0,8,0.01814059,0.01980418,0.91599786,numbers,minor,transition_exact_shape,taam_events
P2_A1_C0,P3_A3_C0,8,0.2962963,0.1564308,1.89410463,numbers,minor,transition_exact_shape,taam_events
P1_A1_C0,P5_A5_C0,8,0.02836879,0.0576324,0.49223692,numbers,minor,transition_exact_shape,taam_events
P2_A3_C0,P5_A4_C0,8,0.03418803,0.03159769,1.08197905,numbers,minor,transition_exact_shape,taam_events
P5_A6_C0,P5_A4_C0,7,0.06666667,0.03159769,2.10985915,numbers,minor,transition_exact_shape,taam_events
P1_A2_C0,P2_A3_C0,7,0.14285714,0.05206943,2.74358974,numbers,minor,transition_exact_shape,taam_events
P4_A3_C0,P6_A5_C0,7,0.02310231,0.01980418,1.16653688,numbers,minor,transition_exact_shape,taam_events
P3_A4_C0,P6_A5_C0,7,0.01842105,0.01980418,0.93015967,numbers,minor,transition_exact_shape,taam_events
P1_A1_C0,P6_A5_C0,7,0.0248227,0.01980418,1.25340665,numbers,minor,transition_exact_shape,taam_events
P2_A3_C0,P5_A6_C0,7,0.02991453,0.02336449,1.28034188,numbers,minor,transition_exact_shape,taam_events
P5_A4_C0,P4_A5_C0,7,0.04929577,0.04161104,1.18468027,numbers,minor,transition_exact_shape,taam_events
P2_A2_C0,P7_A7_C0,7,0.01351351,0.0117935,1.14584396,numbers,minor,transition_exact_shape,taam_events
P7_A6_C0,P3_A3_C0,7,0.21212121,0.1564308,1.35600672,numbers,minor,transition_exact_shape,taam_events
P2_A3_C0,P6_A6_C0,7,0.02991453,0.02136182,1.40037393,numbers,minor,transition_exact_shape,taam_events
P5_A3_C0,P3_A3_C0,7,0.25,0.1564308,1.59815078,numbers,minor,transition_exact_shape,taam_events
P2_A2_C0,P7_A6_C0,7,0.01351351,0.00734312,1.84029484,numbers,minor,transition_exact_shape,taam_events
P2_A4_C0,P1_A1_C0,7,0.12962963,0.06275033,2.06579984,numbers,minor,transition_exact_shape,taam_events
P7_A7_C0,P3_A3_C0,7,0.13207547,0.1564308,0.84430607,numbers,minor,transition_exact_shape,taam_events
P6_A5_C0,P4_A3_C0,6,0.06741573,0.06742323,0.99988875,numbers,minor,transition_exact_shape,taam_events
P3_A3_C0,P7_A7_C0,6,0.00853485,0.0117935,0.72369092,numbers,minor,transition_exact_shape,taam_events
P6_A5_C0,P3_A3_C0,6,0.06741573,0.1564308,0.43096201,numbers,minor,transition_exact_shape,taam_events
P3_A4_C0,P6_A4_C0,6,0.01578947,0.00712061,2.21743421,numbers,minor,transition_exact_shape,taam_events
P6_A5_C0,P6_A5_C0,6,0.06741573,0.01980418,3.40411564,numbers,minor,transition_exact_shape,taam_events
P2_A4_C0,P2_A3_C0,6,0.11111111,0.05206943,2.13390313,numbers,minor,transition_exact_shape,taam_events
P3_A2_C0,P3_A2_C0,6,0.04761905,0.02803738,1.6984127,numbers,minor,transition_exact_shape,taam_events
P4_A4_C0,P2_A4_C0,6,0.01360544,0.01201602,1.13227513,numbers,minor,transition_exact_shape,taam_events
P6_A5_C0,P5_A4_C0,6,0.06741573,0.03159769,2.13356544,numbers,minor,transition_exact_shape,taam_events
P5_A6_C0,P1_A1_C0,6,0.05714286,0.06275033,0.9106383,numbers,minor,transition_exact_shape,taam_events
P4_A3_C0,P2_A1_C0,6,0.01980198,0.00600801,3.29592959,numbers,minor,transition_exact_shape,taam_events
P7_A7_C0,P1_A1_C0,6,0.11320755,0.06275033,1.80409474,numbers,minor,transition_exact_shape,taam_events
P8_A7_C0,P3_A3_C0,6,0.23076923,0.1564308,1.47521611,numbers,minor,transition_exact_shape,taam_events
P4_A5_C0,P2_A3_C0,6,0.03208556,0.05206943,0.61620732,numbers,minor,transition_exact_shape,taam_events
P8_A8_C0,P4_A4_C0,6,0.28571429,0.09813084,2.91156463,numbers,minor,transition_exact_shape,taam_events
P8_A8_C0,P4_A3_C0,6,0.28571429,0.06742323,4.23762376,numbers,minor,transition_exact_shape,taam_events
P5_A6_C0,P5_A5_C0,6,0.05714286,0.0576324,0.99150579,numbers,minor,transition_exact_shape,taam_events
P3_A2_C0,P5_A5_C0,6,0.04761905,0.0576324,0.82625483,numbers,minor,transition_exact_shape,taam_events
P3_A4_C0,P7_A7_C0,6,0.01578947,0.0117935,1.3388282,numbers,minor,transition_exact_shape,taam_events
P7_A8_C0,P3_A3_C0,6,0.31578947,0.1564308,2.01871678,numbers,minor,transition_exact_shape,taam_events
P5_A4_C0,P7_A7_C0,5,0.03521127,0.0117935,2.98564975,numbers,minor,transition_exact_shape,taam_events
P7_A6_C0,P3_A4_C0,5,0.15151515,0.08477971,1.78716297,numbers,minor,transition_exact_shape,taam_events
P3_A3_C0,P6_A5_C0,5,0.00711238,0.01980418,0.35913501,numbers,minor,transition_exact_shape,taam_events
P2_A3_C0,P4_A5_C0,5,0.02136752,0.04161104,0.5135061,numbers,minor,transition_exact_shape,taam_events
P4_A5_C0,P3_A2_C0,5,0.02673797,0.02803738,0.95365419,numbers,minor,transition_exact_shape,taam_events
P5_A6_C0,P6_A6_C0,5,0.04761905,0.02136182,2.22916667,numbers,minor,transition_exact_shape,taam_events
P5_A4_C0,P5_A4_C0,5,0.03521127,0.03159769,1.11436223,numbers,minor,transition_exact_shape,taam_events
P4_A4_C0,P5_A3_C0,5,0.01133787,0.00623053,1.81972789,numbers,minor,transition_exact_shape,taam_events
P6_A6_C0,P5_A4_C0,5,0.05208333,0.03159769,1.64832746,numbers,minor,transition_exact_shape,taam_events
P6_A4_C0,P1_A1_C0,5,0.15625,0.06275033,2.4900266,numbers,minor,transition_exact_shape,taam_events
P3_A3_C0,P8_A7_C0,5,0.00711238,0.00556297,1.27852063,numbers,minor,transition_exact_shape,taam_events
P5_A4_C0,P4_A4_C0,5,0.03521127,0.09813084,0.35881958,numbers,minor,transition_exact_shape,taam_events
P3_A3_C0,P6_A7_C0,5,0.00711238,0.00778816,0.91322902,numbers,minor,transition_exact_shape,taam_events
P5_A4_C0,P5_A6_C0,5,0.03521127,0.02336449,1.50704225,numbers,minor,transition_exact_shape,taam_events
P2_A2_C0,P4_A2_C0,5,0.00965251,0.00400534,2.40990991,numbers,minor,transition_exact_shape,taam_events
P6_A6_C0,P4_A3_C0,5,0.05208333,0.06742323,0.7724835,numbers,minor,transition_exact_shape,taam_events
P6_A6_C0,P6_A6_C0,5,0.05208333,0.02136182,2.43815104,numbers,minor,transition_exact_shape,taam_events
P3_A2_C0,P2_A3_C0,5,0.03968254,0.05206943,0.76210826,numbers,minor,transition_exact_shape,taam_events
P1_A1_C0,P2_A4_C0,5,0.0177305,0.01201602,1.47557132,numbers,minor,transition_exact_shape,taam_events
P2_A2_C0,P1_A2_C0,5,0.00965251,0.01090343,0.88527303,numbers,minor,transition_exact_shape,taam_events
P4_A2_C0,P2_A3_C0,5,0.27777778,0.05206943,5.33475783,numbers,minor,transition_exact_shape,taam_events
P1_A1_C0,P5_A6_C0,5,0.0177305,0.02336449,0.75886525,numbers,minor,transition_exact_shape,taam_events
P1_A2_C0,P5_A6_C0,5,0.10204082,0.02336449,4.36734694,numbers,minor,transition_exact_shape,taam_events
P5_A3_C0,P2_A2_C0,5,0.17857143,0.1152648,1.5492278,numbers,minor,transition_exact_shape,taam_events
P5_A5_C0,P6_A6_C0,5,0.01930502,0.02136182,0.90371622,numbers,minor,transition_exact_shape,taam_events
P4_A3_C0,P1_A2_C0,5,0.01650165,0.01090343,1.51343706,numbers,minor,transition_exact_shape,taam_events
P3_A3_C0,P2_A1_C0,4,0.0056899,0.00600801,0.94705232,numbers,minor,transition_exact_shape,taam_events
P2_A1_C0,P4_A4_C0,4,0.14814815,0.09813084,1.50970018,numbers,minor,transition_exact_shape,taam_events
P1_A1_C0,P6_A6_C0,4,0.0141844,0.02136182,0.66400709,numbers,minor,transition_exact_shape,taam_events
P2_A3_C0,P3_A2_C0,4,0.01709402,0.02803738,0.60968661,numbers,minor,transition_exact_shape,taam_events
P6_A4_C0,P2_A3_C0,4,0.125,0.05206943,2.40064103,numbers,minor,transition_exact_shape,taam_events
P3_A2_C0,P5_A6_C0,4,0.03174603,0.02336449,1.35873016,numbers,minor,transition_exact_shape,taam_events
P6_A5_C0,P3_A2_C0,4,0.04494382,0.02803738,1.60299625,numbers,minor,transition_exact_shape,taam_events
P4_A5_C0,P6_A5_C0,4,0.02139037,0.01980418,1.08009373,numbers,minor,transition_exact_shape,taam_events
P6_A7_C0,P2_A2_C0,4,0.11428571,0.1152648,0.99150579,numbers,minor,transition_exact_shape,taam_events
P5_A5_C0,P2_A1_C0,4,0.01544402,0.00600801,2.57057057,numbers,minor,transition_exact_shape,taam_events
P2_A3_C0,P7_A6_C0,4,0.01709402,0.00734312,2.32789433,numbers,minor,transition_exact_shape,taam_events
P5_A4_C0,P2_A2_C0,4,0.02816901,0.1152648,0.24438523,numbers,minor,transition_exact_shape,taam_events
P3_A4_C0,P8_A7_C0,4,0.01052632,0.00556297,1.89221053,numbers,minor,transition_exact_shape,taam_events
P8_A7_C0,P3_A4_C0,4,0.15384615,0.08477971,1.81465778,numbers,minor,transition_exact_shape,taam_events
P3_A4_C0,P2_A4_C0,4,0.01052632,0.01201602,0.87602339,numbers,minor,transition_exact_shape,taam_events
P2_A4_C0,P3_A3_C0,4,0.07407407,0.1564308,0.47352616,numbers,minor,transition_exact_shape,taam_events
P5_A4_C0,P6_A6_C0,4,0.02816901,0.02136182,1.31866197,numbers,minor,transition_exact_shape,taam_events
P5_A4_C0,P2_A4_C0,4,0.02816901,0.01201602,2.34428795,numbers,minor,transition_exact_shape,taam_events
P4_A3_C0,P5_A3_C0,4,0.01320132,0.00623053,2.11881188,numbers,minor,transition_exact_shape,taam_events
P4_A4_C0,P2_A1_C0,4,0.00907029,0.00600801,1.50970018,numbers,minor,transition_exact_shape,taam_events
P5_A4_C0,P6_A5_C0,4,0.02816901,0.01980418,1.42237696,numbers,minor,transition_exact_shape,taam_events
P6_A5_C0,P5_A5_C0,4,0.04494382,0.0576324,0.77983602,numbers,minor,transition_exact_shape,taam_events
P5_A5_C0,P6_A4_C0,4,0.01544402,0.00712061,2.16891892,numbers,minor,transition_exact_shape,taam_events
P4_A4_C0,P4_A6_C0,4,0.00907029,0.00378282,2.3977591,numbers,minor,transition_exact_shape,taam_events
P7_A5_C0,P3_A4_C0,4,0.16666667,0.08477971,1.96587927,numbers,minor,transition_exact_shape,taam_events
P2_A2_C0,P6_A6_C0,4,0.00772201,0.02136182,0.36148649,numbers,minor,transition_exact_shape,taam_events
P5_A4_C0,P1_A1_C0,4,0.02816901,0.06275033,0.4489062,numbers,minor,transition_exact_shape,taam_events
P2_A2_C0,P6_A7_C0,4,0.00772201,0.00778816,0.99150579,numbers,minor,transition_exact_shape,taam_events
P6_A7_C0,P3_A3_C0,4,0.11428571,0.1564308,0.73058321,numbers,minor,transition_exact_shape,taam_events
P4_A3_C0,P3_A5_C0,4,0.01320132,0.00956831,1.37969146,numbers,minor,transition_exact_shape,taam_events
P1_A2_C0,P3_A4_C0,4,0.08163265,0.08477971,0.96287964,numbers,minor,transition_exact_shape,taam_events
P4_A4_C0,P8_A6_C0,4,0.00907029,0.00400534,2.26455026,numbers,minor,transition_exact_shape,taam_events
P5_A6_C0,P2_A3_C0,4,0.03809524,0.05206943,0.73162393,numbers,minor,transition_exact_shape,taam_events
P8_A7_C0,P2_A2_C0,4,0.15384615,0.1152648,1.33471933,numbers,minor,transition_exact_shape,taam_events
P2_A1_C0,P3_A4_C0,4,0.14814815,0.08477971,1.74744824,numbers,minor,transition_exact_shape,taam_events
P3_A2_C0,P4_A3_C0,4,0.03174603,0.06742323,0.47084708,numbers,minor,transition_exact_shape,taam_events
P6_A7_C0,P5_A5_C0,4,0.11428571,0.0576324,1.98301158,numbers,minor,transition_exact_shape,taam_events
P6_A6_C0,P7_A8_C0,4,0.04166667,0.00422786,9.85526316,numbers,minor,transition_exact_shape,taam_events
P8_A7_C0,P5_A5_C0,3,0.11538462,0.0576324,2.002079,numbers,minor,transition_exact_shape,taam_events
P3_A4_C0,P1_A2_C0,3,0.00789474,0.01090343,0.72406015,numbers,minor,transition_exact_shape,taam_events
P5_A4_C0,P3_A5_C0,3,0.02112676,0.00956831,2.20799214,numbers,minor,transition_exact_shape,taam_events
P8_A8_C0,P3_A3_C0,3,0.14285714,0.1564308,0.91322902,numbers,minor,transition_exact_shape,taam_events
P7_A7_C0,P5_A5_C0,3,0.05660377,0.0576324,0.98215196,numbers,minor,transition_exact_shape,taam_events
P1_A2_C0,P2_A2_C0,3,0.06122449,0.1152648,0.53116382,numbers,minor,transition_exact_shape,taam_events
P6_A4_C0,P5_A5_C0,3,0.09375,0.0576324,1.62668919,numbers,minor,transition_exact_shape,taam_events
P3_A4_C0,P5_A3_C0,3,0.00789474,0.00623053,1.26710526,numbers,minor,transition_exact_shape,taam_events
P1_A2_C0,P4_A5_C0,3,0.06122449,0.04161104,1.47135218,numbers,minor,transition_exact_shape,taam_events
P7_A7_C0,P2_A2_C0,3,0.05660377,0.1152648,0.49107598,numbers,minor,transition_exact_shape,taam_events
P3_A4_C0,P11_A9_C0,3,0.00789474,0.00089008,8.86973684,numbers,minor,transition_exact_shape,taam_events
P5_A3_C0,P3_A4_C0,3,0.10714286,0.08477971,1.26377953,numbers,minor,transition_exact_shape,taam_events
P4_A2_C0,P4_A3_C0,3,0.16666667,0.06742323,2.47194719,numbers,minor,transition_exact_shape,taam_events
P5_A5_C0,P1_A2_C0,3,0.01158301,0.01090343,1.06232763,numbers,minor,transition_exact_shape,taam_events
P3_A5_C0,P1_A1_C0,3,0.06976744,0.06275033,1.11182583,numbers,minor,transition_exact_shape,taam_events
P1_A1_C0,P8_A7_C0,3,0.0106383,0.00556297,1.91234043,numbers,minor,transition_exact_shape,taam_events
P8_A6_C0,P3_A4_C0,3,0.16666667,0.08477971,1.96587927,numbers,minor,transition_exact_shape,taam_events
P6_A5_C0,P1_A1_C0,3,0.03370787,0.06275033,0.53717428,numbers,minor,transition_exact_shape,taam_events
P2_A2_C0,P8_A7_C0,3,0.00579151,0.00556297,1.04108108,numbers,minor,transition_exact_shape,taam_events
P4_A4_C0,P12_A10_C0,3,0.00680272,0.00111259,6.11428571,numbers,minor,transition_exact_shape,taam_events
P9_A9_C0,P4_A3_C0,3,0.27272727,0.06742323,4.0450045,numbers,minor,transition_exact_shape,taam_events
P3_A5_C0,P2_A2_C0,3,0.06976744,0.1152648,0.6052797,numbers,minor,transition_exact_shape,taam_events
P2_A3_C0,P6_A5_C0,3,0.01282051,0.01980418,0.64736387,numbers,minor,transition_exact_shape,taam_events
P4_A5_C0,P4_A5_C0,3,0.01604278,0.04161104,0.38554148,numbers,minor,transition_exact_shape,taam_events
P1_A2_C0,P5_A5_C0,3,0.06122449,0.0576324,1.06232763,numbers,minor,transition_exact_shape,taam_events
P6_A6_C0,P4_A5_C0,3,0.03125,0.04161104,0.75100267,numbers,minor,transition_exact_shape,taam_events
P4_A4_C0,P7_A5_C0,3,0.00680272,0.00534045,1.27380952,numbers,minor,transition_exact_shape,taam_events
P6_A6_C0,P3_A4_C0,3,0.03125,0.08477971,0.36860236,numbers,minor,transition_exact_shape,taam_events
P4_A4_C0,P7_A6_C0,3,0.00680272,0.00734312,0.92640693,numbers,minor,transition_exact_shape,taam_events
P2_A2_C0,P4_A6_C0,3,0.00579151,0.00378282,1.53100159,numbers,minor,transition_exact_shape,taam_events
P5_A5_C0,P5_A6_C0,3,0.01158301,0.02336449,0.4957529,numbers,minor,transition_exact_shape,taam_events
P3_A4_C0,P2_A1_C0,3,0.00789474,0.00600801,1.31403509,numbers,minor,transition_exact_shape,taam_events
P4_A5_C0,P6_A6_C0,3,0.01604278,0.02136182,0.75100267,numbers,minor,transition_exact_shape,taam_events
P5_A5_C0,P4_A6_C0,3,0.01158301,0.00378282,3.06200318,numbers,minor,transition_exact_shape,taam_events
P3_A3_C0,P6_A4_C0,3,0.00426743,0.00712061,0.59930654,numbers,minor,transition_exact_shape,taam_events
P6_A4_C0,P5_A4_C0,3,0.09375,0.03159769,2.96698944,numbers,minor,transition_exact_shape,taam_events
P7_A7_C0,P3_A4_C0,3,0.05660377,0.08477971,0.66765711,numbers,minor,transition_exact_shape,taam_events
P3_A3_C0,P5_A3_C0,3,0.00426743,0.00623053,0.68492176,numbers,minor,transition_exact_shape,taam_events
P3_A2_C0,P4_A2_C0,3,0.02380952,0.00400534,5.94444444,numbers,minor,transition_exact_shape,taam_events
P1_A1_C0,P7_A7_C0,3,0.0106383,0.0117935,0.90204737,numbers,minor,transition_exact_shape,taam_events
P1_A2_C0,P4_A4_C0,3,0.06122449,0.09813084,0.62390671,numbers,minor,transition_exact_shape,taam_events
P2_A4_C0,P4_A3_C0,3,0.05555556,0.06742323,0.8239824,numbers,minor,transition_exact_shape,taam_events
P4_A6_C0,P5_A5_C0,3,0.17647059,0.0576324,3.06200318,numbers,minor,transition_exact_shape,taam_events
P9_A9_C0,P3_A4_C0,3,0.27272727,0.08477971,3.21689334,numbers,minor,transition_exact_shape,taam_events
P3_A3_C0,P4_A2_C0,3,0.00426743,0.00400534,1.06543385,numbers,minor,transition_exact_shape,taam_events
P6_A4_C0,P2_A2_C0,3,0.09375,0.1152648,0.81334459,numbers,minor,transition_exact_shape,taam_events
P2_A3_C0,P3_A5_C0,3,0.01282051,0.00956831,1.33989267,numbers,minor,transition_exact_shape,taam_events
P2_A2_C0,P5_A3_C0,3,0.00579151,0.00623053,0.92953668,numbers,minor,transition_exact_shape,taam_events
P7_A8_C0,P4_A3_C0,3,0.15789474,0.06742323,2.34184471,numbers,minor,transition_exact_shape,taam_events
P<=4_A3_C0,P5-6_A6-7_C1,27,0.1173913,0.08011504,1.46528428,numbers,major,transition_bucket_shape,taam_events
P<=4_A4_C0,P<=4_A2_C0,25,0.11627907,0.02917009,3.98624304,numbers,major,transition_bucket_shape,taam_events
P<=4_A3_C0,P<=4_A4_C0,23,0.1,0.08833196,1.13209302,numbers,major,transition_bucket_shape,taam_events
P<=4_A4_C0,P<=4_A3_C0,21,0.09767442,0.09449466,1.03365015,numbers,major,transition_bucket_shape,taam_events
P<=4_A3_C0,P<=4_A3_C0,20,0.08695652,0.09449466,0.92022684,numbers,major,transition_bucket_shape,taam_events
P5-6_A5_C0,P5-6_A5_C1,20,0.14492754,0.04026294,3.59952677,numbers,major,transition_bucket_shape,taam_events
P7-9_A8+_C1,P<=4_A3_C0,19,0.12837838,0.09449466,1.35857814,numbers,major,transition_bucket_shape,taam_events
P10-12_A8+_C1,P5-6_A5_C0,19,0.18269231,0.0566968,3.22226867,numbers,major,transition_bucket_shape,taam_events
P<=4_A2_C0,P<=4_A4_C0,18,0.25352113,0.08833196,2.87009499,numbers,major,transition_bucket_shape,taam_events
P5-6_A6-7_C1,P7-9_A8+_C2,17,0.08762887,0.04847987,1.80753102,numbers,major,transition_bucket_shape,taam_events
P5-6_A6-7_C1,P5-6_A6-7_C1,17,0.08762887,0.08011504,1.093788,numbers,major,transition_bucket_shape,taam_events
P7-9_A6-7_C1,P7-9_A8+_C1,17,0.10691824,0.06080526,1.75837158,numbers,major,transition_bucket_shape,taam_events
P7-9_A6-7_C1,P5-6_A6-7_C1,17,0.10691824,0.08011504,1.33455894,numbers,major,transition_bucket_shape,taam_events
P<=4_A4_C0,P7-9_A6-7_C1,17,0.07906977,0.06532457,1.21041392,numbers,major,transition_bucket_shape,taam_events
P<=4_A4_C0,P10-12_A8+_C1,17,0.07906977,0.04272802,1.85053667,numbers,major,transition_bucket_shape,taam_events
P5-6_A5_C1,P<=4_A3_C0,17,0.17346939,0.09449466,1.83575865,numbers,major,transition_bucket_shape,taam_events
P<=4_A3_C0,P5-6_A6-7_C0,16,0.06956522,0.05176664,1.34382333,numbers,major,transition_bucket_shape,taam_events
P7-9_A8+_C2,P<=4_A3_C0,16,0.13559322,0.09449466,1.43492999,numbers,major,transition_bucket_shape,taam_events
P5-6_A6-7_C0,P10-12_A8+_C1,16,0.12698413,0.04272802,2.97191697,numbers,major,transition_bucket_shape,taam_events
P10-12_A8+_C2,P7-9_A8+_C1,15,0.12295082,0.06080526,2.02204253,numbers,major,transition_bucket_shape,taam_events
P7-9_A8+_C1,P7-9_A6-7_C1,15,0.10135135,0.06532457,1.55150433,numbers,major,transition_bucket_shape,taam_events
P10-12_A8+_C1,P<=4_A4_C0,15,0.14423077,0.08833196,1.63282648,numbers,major,transition_bucket_shape,taam_events
P5-6_A6-7_C1,P<=4_A2_C0,15,0.07731959,0.02917009,2.65064614,numbers,major,transition_bucket_shape,taam_events
P5-6_A6-7_C1,P<=4_A3_C0,15,0.07731959,0.09449466,0.81824294,numbers,major,transition_bucket_shape,taam_events
P5-6_A6-7_C1,P<=4_A4_C0,14,0.07216495,0.08833196,0.81697435,numbers,major,transition_bucket_shape,taam_events
P5-6_A6-7_C1,P7-9_A6-7_C1,14,0.07216495,0.06532457,1.10471374,numbers,major,transition_bucket_shape,taam_events
P<=4_A2_C0,P5-6_A6-7_C0,14,0.1971831,0.05176664,3.80907668,numbers,major,transition_bucket_shape,taam_events
P<=4_A3_C0,P5-6_A5_C0,14,0.06086957,0.0566968,1.07359798,numbers,major,transition_bucket_shape,taam_events
P10-12_A8+_C2,P<=4_A4_C0,14,0.1147541,0.08833196,1.29912314,numbers,major,transition_bucket_shape,taam_events
P7-9_A6-7_C1,P7-9_A6-7_C1,14,0.08805031,0.06532457,1.34788972,numbers,major,transition_bucket_shape,taam_events
P7-9_A8+_C1,P10-12_A8+_C2,13,0.08783784,0.05012325,1.75243686,numbers,major,transition_bucket_shape,taam_events
P7-9_A6-7_C1,P5-6_A6-7_C0,13,0.08176101,0.05176664,1.57941499,numbers,major,transition_bucket_shape,taam_events
P<=4_A5_C0,P<=4_A3_C0,13,0.13829787,0.09449466,1.46355227,numbers,major,transition_bucket_shape,taam_events
P10-12_A8+_C2,P<=4_A3_C0,13,0.10655738,0.09449466,1.12765502,numbers,major,transition_bucket_shape,taam_events
P<=4_A3_C0,P7-9_A8+_C1,13,0.05652174,0.06080526,0.92955347,numbers,major,transition_bucket_shape,taam_events
P<=4_A3_C0,P<=4_A5_C0,12,0.05217391,0.03861956,1.35097132,numbers,major,transition_bucket_shape,taam_events
P7-9_A6-7_C1,P<=4_A4_C0,12,0.0754717,0.08833196,0.85440983,numbers,major,transition_bucket_shape,taam_events
P<=4_A4_C0,P5-6_A6-7_C1,12,0.05581395,0.08011504,0.69667263,numbers,major,transition_bucket_shape,taam_events
P5-6_A5_C0,P<=4_A3_C0,12,0.08695652,0.09449466,0.92022684,numbers,major,transition_bucket_shape,taam_events
P5-6_A5_C1,P5-6_A6-7_C1,12,0.12244898,0.08011504,1.52841444,numbers,major,transition_bucket_shape,taam_events
P7-9_A6-7_C1,P<=4_A3_C0,12,0.0754717,0.09449466,0.79868745,numbers,major,transition_bucket_shape,taam_events
P<=4_A3_C0,P13-15_A8+_C2,12,0.05217391,0.0221857,2.35169082,numbers,major,transition_bucket_shape,taam_events
P7-9_A6-7_C1,P7-9_A8+_C2,12,0.0754717,0.04847987,1.55676367,numbers,major,transition_bucket_shape,taam_events
P<=4_A4_C0,P7-9_A8+_C2,12,0.05581395,0.04847987,1.15128104,numbers,major,transition_bucket_shape,taam_events
P5-6_A6-7_C0,P5-6_A6-7_C1,11,0.08730159,0.08011504,1.08970289,numbers,major,transition_bucket_shape,taam_events
P7-9_A8+_C2,P7-9_A8+_C1,11,0.09322034,0.06080526,1.53309666,numbers,major,transition_bucket_shape,taam_events
P10-12_A8+_C2,P7-9_A8+_C2,11,0.09016393,0.04847987,1.85982217,numbers,major,transition_bucket_shape,taam_events
P5-6_A6-7_C1,P5-6_A6-7_C0,11,0.05670103,0.05176664,1.09531991,numbers,major,transition_bucket_shape,taam_events
P5-6_A5_C0,P10-12_A8+_C1,10,0.07246377,0.04272802,1.69593088,numbers,major,transition_bucket_shape,taam_events
P10-12_A8+_C2,P5-6_A6-7_C1,10,0.08196721,0.08011504,1.02311896,numbers,major,transition_bucket_shape,taam_events
P<=4_A4_C0,P10-12_A8+_C2,10,0.04651163,0.05012325,0.9279451,numbers,major,transition_bucket_shape,taam_events
P10-12_A8+_C1,P5-6_A6-7_C1,10,0.09615385,0.08011504,1.20019724,numbers,major,transition_bucket_shape,taam_events
P13-15_A8+_C2,P5-6_A6-7_C2,10,0.18518519,0.01109285,16.69410151,numbers,major,transition_bucket_shape,taam_events
P5-6_A6-7_C2,P5-6_A6-7_C0,10,0.37037037,0.05176664,7.15461493,numbers,major,transition_bucket_shape,taam_events
P5-6_A6-7_C1,P7-9_A8+_C1,10,0.05154639,0.06080526,0.84772917,numbers,major,transition_bucket_shape,taam_events
P5-6_A6-7_C1,P10-12_A8+_C2,9,0.04639175,0.05012325,0.92555349,numbers,major,transition_bucket_shape,taam_events
P<=4_A4_C0,P5-6_A5_C0,9,0.04186047,0.0566968,0.73832154,numbers,major,transition_bucket_shape,taam_events
P5-6_A5_C0,P<=4_A4_C0,9,0.06521739,0.08833196,0.73832154,numbers,major,transition_bucket_shape,taam_events
P<=4_A3_C0,P10-12_A8+_C2,9,0.03913043,0.05012325,0.78068425,numbers,major,transition_bucket_shape,taam_events
P5-6_A5_C0,P13-15_A8+_C2,9,0.06521739,0.0221857,2.93961353,numbers,major,transition_bucket_shape,taam_events
P<=4_A4_C0,P<=4_A4_C0,9,0.04186047,0.08833196,0.47389941,numbers,major,transition_bucket_shape,taam_events
P7-9_A8+_C2,P5-6_A6-7_C1,9,0.07627119,0.08011504,0.95202086,numbers,major,transition_bucket_shape,taam_events
P5-6_A6-7_C1,P5-6_A5_C0,9,0.04639175,0.0566968,0.81824294,numbers,major,transition_bucket_shape,taam_events
P<=4_A5_C0,P10-12_A8+_C2,9,0.09574468,0.05012325,1.91018486,numbers,major,transition_bucket_shape,taam_events
P7-9_A8+_C1,P7-9_A8+_C1,9,0.06081081,0.06080526,1.00009131,numbers,major,transition_bucket_shape,taam_events
P<=4_A3_C0,P5-6_A5_C1,9,0.03913043,0.04026294,0.97187223,numbers,major,transition_bucket_shape,taam_events
P5-6_A6-7_C0,P<=4_A3_C0,9,0.07142857,0.09449466,0.75590062,numbers,major,transition_bucket_shape,taam_events
P5-6_A5_C1,P7-9_A6-7_C1,8,0.08163265,0.06532457,1.24964703,numbers,major,transition_bucket_shape,taam_events
P5-6_A5_C1,P5-6_A5_C0,8,0.08163265,0.0566968,1.43981071,numbers,major,transition_bucket_shape,taam_events
P<=4_A5_C0,P7-9_A8+_C1,8,0.08510638,0.06080526,1.39965497,numbers,major,transition_bucket_shape,taam_events
P<=4_A3_C0,P7-9_A6-7_C0,8,0.03478261,0.01930978,1.8012951,numbers,major,transition_bucket_shape,taam_events
P<=4_A2_C0,P5-6_A6-7_C1,8,0.11267606,0.08011504,1.40642831,numbers,major,transition_bucket_shape,taam_events
P<=4_A2_C0,P<=4_A5_C0,8,0.11267606,0.03861956,2.91759065,numbers,major,transition_bucket_shape,taam_events
P7-9_A6-7_C1,P5-6_A5_C0,8,0.05031447,0.0566968,0.8874305,numbers,major,transition_bucket_shape,taam_events
P<=4_A3_C0,P10-12_A8+_C3,8,0.03478261,0.01437962,2.41888199,numbers,major,transition_bucket_shape,taam_events
P<=4_A4_C1,P<=4_A4_C0,8,0.17021277,0.08833196,1.92696685,numbers,major,transition_bucket_shape,taam_events
P<=4_A4_C0,P5-6_A5_C1,8,0.0372093,0.04026294,0.92415757,numbers,major,transition_bucket_shape,taam_events
P10-12_A8+_C1,P7-9_A6-7_C1,8,0.07692308,0.06532457,1.17755201,numbers,major,transition_bucket_shape,taam_events
P7-9_A8+_C2,P<=4_A4_C0,8,0.06779661,0.08833196,0.76752069,numbers,major,transition_bucket_shape,taam_events
P5-6_A5_C1,P<=4_A4_C0,8,0.08163265,0.08833196,0.92415757,numbers,major,transition_bucket_shape,taam_events
P10-12_A8+_C2,P5-6_A5_C0,8,0.06557377,0.0566968,1.15656926,numbers,major,transition_bucket_shape,taam_events
P<=4_A4_C0,P7-9_A8+_C1,8,0.0372093,0.06080526,0.61194217,numbers,major,transition_bucket_shape,taam_events
P7-9_A6-7_C0,P5-6_A6-7_C1,8,0.16666667,0.08011504,2.08034188,numbers,major,transition_bucket_shape,taam_events
P7-9_A6-7_C1,P10-12_A8+_C2,8,0.05031447,0.05012325,1.00381483,numbers,major,transition_bucket_shape,taam_events
P5-6_A6-7_C0,P7-9_A8+_C0,8,0.06349206,0.01232539,5.15132275,numbers,major,transition_bucket_shape,taam_events
P5-6_A5_C1,P5-6_A5_C1,8,0.08163265,0.04026294,2.02748855,numbers,major,transition_bucket_shape,taam_events
P5-6_A5_C1,P<=4_A5_C0,7,0.07142857,0.03861956,1.84954407,numbers,major,transition_bucket_shape,taam_events
P5-6_A6-7_C0,P<=4_A4_C0,7,0.05555556,0.08833196,0.62894057,numbers,major,transition_bucket_shape,taam_events
P5-6_A6-7_C0,P<=4_A2_C0,7,0.05555556,0.02917009,1.90453834,numbers,major,transition_bucket_shape,taam_events
P7-9_A8+_C1,P5-6_A5_C0,7,0.0472973,0.0566968,0.83421465,numbers,major,transition_bucket_shape,taam_events
P5-6_A6-7_C0,P10-12_A8+_C2,7,0.05555556,0.05012325,1.10837887,numbers,major,transition_bucket_shape,taam_events
P<=4_A4_C0,P5-6_A6-7_C0,7,0.03255814,0.05176664,0.62894057,numbers,major,transition_bucket_shape,taam_events
P<=4_A3_C0,P7-9_A6-7_C1,7,0.03043478,0.06532457,0.46590101,numbers,major,transition_bucket_shape,taam_events
P<=4_A5_C0,P5-6_A5_C0,7,0.07446809,0.0566968,1.31344434,numbers,major,transition_bucket_shape,taam_events
P10-12_A8+_C1,P7-9_A8+_C2,7,0.06730769,0.04847987,1.38836375,numbers,major,transition_bucket_shape,taam_events
P5-6_A6-7_C1,P5-6_A5_C1,7,0.03608247,0.04026294,0.89617084,numbers,major,transition_bucket_shape,taam_events
P5-6_A5_C0,P7-9_A6-7_C1,7,0.05072464,0.06532457,0.77650169,numbers,major,transition_bucket_shape,taam_events
P5-6_A5_C1,P7-9_A8+_C1,7,0.07142857,0.06080526,1.17471042,numbers,major,transition_bucket_shape,taam_events
P7-9_A6-7_C1,P10-12_A8+_C1,7,0.04402516,0.04272802,1.03035801,numbers,major,transition_bucket_shape,taam_events
P7-9_A8+_C2,P5-6_A5_C0,7,0.05932203,0.0566968,1.04630312,numbers,major,transition_bucket_shape,taam_events
P7-9_A8+_C2,P5-6_A6-7_C0,7,0.05932203,0.05176664,1.14595104,numbers,major,transition_bucket_shape,taam_events
P7-9_A8+_C2,P7-9_A6-7_C1,7,0.05932203,0.06532457,0.90811214,numbers,major,transition_bucket_shape,taam_events
P10-12_A8+_C1,P<=4_A5_C0,7,0.06730769,0.03861956,1.74283961,numbers,major,transition_bucket_shape,taam_events
P10-12_A8+_C2,P7-9_A6-7_C1,7,0.05737705,0.06532457,0.87833797,numbers,major,transition_bucket_shape,taam_events
P5-6_A6-7_C0,P7-9_A6-7_C1,7,0.05555556,0.06532457,0.85045423,numbers,major,transition_bucket_shape,taam_events
P7-9_A8+_C0,P<=4_A3_C0,7,0.23333333,0.09449466,2.46927536,numbers,major,transition_bucket_shape,taam_events
P<=4_A4_C1,P<=4_A3_C1,7,0.14893617,0.00410846,36.25106383,numbers,major,transition_bucket_shape,taam_events
P5-6_A6-7_C0,P5-6_A5_C1,6,0.04761905,0.04026294,1.18270165,numbers,major,transition_bucket_shape,taam_events
P7-9_A8+_C1,P5-6_A6-7_C1,6,0.04054054,0.08011504,0.50602911,numbers,major,transition_bucket_shape,taam_events
P5-6_A5_C0,P5-6_A6-7_C1,6,0.04347826,0.08011504,0.54269788,numbers,major,transition_bucket_shape,taam_events
P5-6_A5_C0,P7-9_A8+_C2,6,0.04347826,0.04847987,0.89683125,numbers,major,transition_bucket_shape,taam_events
P5-6_A4_C1,P7-9_A8+_C1,6,0.26086957,0.06080526,4.29024677,numbers,major,transition_bucket_shape,taam_events
P13-15_A8+_C2,P<=4_A4_C0,6,0.11111111,0.08833196,1.25788114,numbers,major,transition_bucket_shape,taam_events
P<=4_A5_C0,P7-9_A6-7_C1,6,0.06382979,0.06532457,0.97711762,numbers,major,transition_bucket_shape,taam_events
P5-6_A5_C0,P5-6_A5_C0,6,0.04347826,0.0566968,0.7668557,numbers,major,transition_bucket_shape,taam_events
P<=4_A3_C0,P7-9_A8+_C2,6,0.02608696,0.04847987,0.53809875,numbers,major,transition_bucket_shape,taam_events
P5-6_A5_C0,P10-12_A8+_C2,6,0.04347826,0.05012325,0.86742694,numbers,major,transition_bucket_shape,taam_events
P7-9_A8+_C1,P10-12_A8+_C1,6,0.04054054,0.04272802,0.94880457,numbers,major,transition_bucket_shape,taam_events
P<=4_A5_C0,P13-15_A8+_C2,6,0.06382979,0.0221857,2.87706856,numbers,major,transition_bucket_shape,taam_events
P7-9_A8+_C2,P10-12_A8+_C2,6,0.05084746,0.05012325,1.01444846,numbers,major,transition_bucket_shape,taam_events
P5-6_A6-7_C0,P5-6_A6-7_C0,6,0.04761905,0.05176664,0.91987906,numbers,major,transition_bucket_shape,taam_events
P7-9_A8+_C1,P5-6_A6-7_C0,6,0.04054054,0.05176664,0.78314028,numbers,major,transition_bucket_shape,taam_events
P10-12_A8+_C2,P10-12_A8+_C2,6,0.04918033,0.05012325,0.98118785,numbers,major,transition_bucket_shape,taam_events
P<=4_A3_C0,P5-6_A8+_C1,6,0.02608696,0.010682,2.44214047,numbers,major,transition_bucket_shape,taam_events
P7-9_A8+_C2,P7-9_A8+_C2,6,0.05084746,0.04847987,1.04883654,numbers,major,transition_bucket_shape,taam_events
P<=4_A5_C0,P7-9_A8+_C2,6,0.06382979,0.04847987,1.31662459,numbers,major,transition_bucket_shape,taam_events
P5-6_A6-7_C1,P13-15_A8+_C3,6,0.03092784,0.01109285,2.78808706,numbers,major,transition_bucket_shape,taam_events
P7-9_A8+_C1,P10-12_A8+_C3,5,0.03378378,0.01437962,2.34942085,numbers,major,transition_bucket_shape,taam_events
P10-12_A8+_C3,P<=4_A3_C0,5,0.14285714,0.09449466,1.51180124,numbers,major,transition_bucket_shape,taam_events
P7-9_A8+_C1,P7-9_A8+_C2,5,0.03378378,0.04847987,0.69686212,numbers,major,transition_bucket_shape,taam_events
P<=4_A4_C0,P10-12_A8+_C3,5,0.02325581,0.01437962,1.61727575,numbers,major,transition_bucket_shape,taam_events
P10-12_A8+_C1,P<=4_A3_C0,5,0.04807692,0.09449466,0.50877926,numbers,major,transition_bucket_shape,taam_events
P<=4_A4_C0,P16-18_A8+_C2,5,0.02325581,0.00780608,2.97919217,numbers,major,transition_bucket_shape,taam_events
P7-9_A8+_C1,P<=4_A4_C1,5,0.03378378,0.01930978,1.74956872,numbers,major,transition_bucket_shape,taam_events
P7-9_A6-7_C2,P<=4_A4_C0,5,0.2,0.08833196,2.26418605,numbers,major,transition_bucket_shape,taam_events
P13-15_A8+_C3,P7-9_A6-7_C1,5,0.18518519,0.06532457,2.83484743,numbers,major,transition_bucket_shape,taam_events
P<=4_A4_C1,P<=4_A3_C0,5,0.10638298,0.09449466,1.12580944,numbers,major,transition_bucket_shape,taam_events
P5-6_A5_C0,P7-9_A8+_C1,5,0.03623188,0.06080526,0.59586761,numbers,major,transition_bucket_shape,taam_events
P7-9_A8+_C1,P7-9_A6-7_C2,5,0.03378378,0.01027116,3.28918919,numbers,major,transition_bucket_shape,taam_events
P7-9_A6-7_C0,P<=4_A4_C0,5,0.10416667,0.08833196,1.17926357,numbers,major,transition_bucket_shape,taam_events
P5-6_A6-7_C0,P5-6_A5_C0,5,0.03968254,0.0566968,0.69990798,numbers,major,transition_bucket_shape,taam_events
P10-12_A8+_C1,P13-15_A8+_C1,5,0.04807692,0.00903862,5.31905594,numbers,major,transition_bucket_shape,taam_events
P7-9_A8+_C1,P<=4_A5_C1,5,0.03378378,0.01396878,2.41852146,numbers,major,transition_bucket_shape,taam_events
P10-12_A8+_C1,P10-12_A8+_C2,5,0.04807692,0.05012325,0.95917402,numbers,major,transition_bucket_shape,taam_events
P<=4_A3_C0,P10-12_A8+_C1,5,0.02173913,0.04272802,0.50877926,numbers,major,transition_bucket_shape,taam_events
P7-9_A8+_C1,P5-6_A5_C1,5,0.03378378,0.04026294,0.83907887,numbers,major,transition_bucket_shape,taam_events
P<=4_A4_C0,P13-15_A8+_C2,5,0.02325581,0.0221857,1.04823428,numbers,major,transition_bucket_shape,taam_events
P10-12_A8+_C2,P10-12_A8+_C1,5,0.04098361,0.04272802,0.95917402,numbers,major,transition_bucket_shape,taam_events
P10-12_A8+_C2,P<=4_A5_C0,5,0.04098361,0.03861956,1.06121381,numbers,major,transition_bucket_shape,taam_events
P5-6_A6-7_C1,P10-12_A8+_C1,5,0.0257732,0.04272802,0.60319191,numbers,major,transition_bucket_shape,taam_events
P5-6_A6-7_C1,P13-15_A8+_C2,5,0.0257732,0.0221857,1.16170294,numbers,major,transition_bucket_shape,taam_events
P5-6_A8+_C1,P5-6_A6-7_C1,5,0.19230769,0.08011504,2.40039448,numbers,major,transition_bucket_shape,taam_events
P5-6_A5_C0,P<=4_A5_C0,5,0.03623188,0.03861956,0.93817453,numbers,major,transition_bucket_shape,taam_events
P7-9_A6-7_C0,P7-9_A6-7_C1,5,0.10416667,0.06532457,1.59460168,numbers,major,transition_bucket_shape,taam_events
P7-9_A8+_C3,P<=4_A4_C1,5,0.3125,0.01930978,16.18351064,numbers,major,transition_bucket_shape,taam_events
P<=4_A3_C1,P<=4_A4_C1,5,0.5,0.01930978,25.89361702,numbers,major,transition_bucket_shape,taam_events
P<=4_A5_C1,P<=4_A5_C1,4,0.11764706,0.01396878,8.42214533,numbers,major,transition_bucket_shape,taam_events
P7-9_A8+_C1,P5-6_A4_C0,4,0.02702703,0.01314708,2.05574324,numbers,major,transition_bucket_shape,taam_events
P5-6_A6-7_C0,P7-9_A8+_C1,4,0.03174603,0.06080526,0.52209352,numbers,major,transition_bucket_shape,taam_events
P<=4_A5_C0,P5-6_A6-7_C1,4,0.04255319,0.08011504,0.53115112,numbers,major,transition_bucket_shape,taam_events
P5-6_A4_C0,P7-9_A6-7_C0,4,0.125,0.01930978,6.47340426,numbers,major,transition_bucket_shape,taam_events
P7-9_A8+_C0,P7-9_A6-7_C1,4,0.13333333,0.06532457,2.04109015,numbers,major,transition_bucket_shape,taam_events
P<=4_A4_C1,P5-6_A6-7_C2,4,0.08510638,0.01109285,7.67218282,numbers,major,transition_bucket_shape,taam_events
P<=4_A4_C0,P5-6_A4_C1,4,0.01860465,0.00944947,1.96885743,numbers,major,transition_bucket_shape,taam_events
P7-9_A5_C1,P<=4_A4_C0,4,0.28571429,0.08833196,3.2345515,numbers,major,transition_bucket_shape,taam_events
P5-6_A5_C0,P5-6_A6-7_C0,4,0.02898551,0.05176664,0.55992639,numbers,major,transition_bucket_shape,taam_events
P<=4_A4_C0,P10-12_A8+_C0,4,0.01860465,0.0061627,3.01891473,numbers,major,transition_bucket_shape,taam_events
P13-15_A8+_C2,P5-6_A5_C0,4,0.07407407,0.0566968,1.3064949,numbers,major,transition_bucket_shape,taam_events
P16-18_A8+_C3,P<=4_A3_C0,4,0.21052632,0.09449466,2.22791762,numbers,major,transition_bucket_shape,taam_events
P5-6_A6-7_C0,P13-15_A8+_C3,4,0.03174603,0.01109285,2.86184597,numbers,major,transition_bucket_shape,taam_events
P13-15_A8+_C3,P5-6_A6-7_C1,4,0.14814815,0.08011504,1.84919278,numbers,major,transition_bucket_shape,taam_events
P7-9_A8+_C1,P<=4_A2_C0,4,0.02702703,0.02917009,0.92653217,numbers,major,transition_bucket_shape,taam_events
P7-9_A8+_C2,P5-6_A4_C0,4,0.03389831,0.01314708,2.57838983,numbers,major,transition_bucket_shape,taam_events
P13-15_A8+_C2,P10-12_A8+_C2,4,0.07407407,0.05012325,1.47783849,numbers,major,transition_bucket_shape,taam_events
P13-15_A8+_C1,P5-6_A6-7_C0,4,0.18181818,0.05176664,3.51226551,numbers,major,transition_bucket_shape,taam_events
P7-9_A8+_C0,P<=4_A4_C0,4,0.13333333,0.08833196,1.50945736,numbers,major,transition_bucket_shape,taam_events
P5-6_A6-7_C0,P7-9_A6-7_C0,4,0.03174603,0.01930978,1.64403918,numbers,major,transition_bucket_shape,taam_events
P16-18_A8+_C2,P<=4_A3_C0,4,0.21052632,0.09449466,2.22791762,numbers,major,transition_bucket_shape,taam_events
P5-6_A5_C0,P<=4_A2_C0,4,0.02898551,0.02917009,0.99367218,numbers,major,transition_bucket_shape,taam_events
P<=4_A4_C0,P13-15_A8+_C3,4,0.01860465,0.01109285,1.67717485,numbers,major,transition_bucket_shape,taam_events
P<=4_A5_C0,P5-6_A5_C1,4,0.04255319,0.04026294,1.05688233,numbers,major,transition_bucket_shape,taam_events
P13-15_A8+_C2,P<=4_A3_C0,4,0.07407407,0.09449466,0.78389694,numbers,major,transition_bucket_shape,taam_events
P<=4_A4_C0,P<=4_A5_C0,4,0.01860465,0.03861956,0.48174171,numbers,major,transition_bucket_shape,taam_events
P7-9_A8+_C2,P13-15_A8+_C2,4,0.03389831,0.0221857,1.52793471,numbers,major,transition_bucket_shape,taam_events
P7-9_A8+_C2,P10-12_A8+_C1,4,0.03389831,0.04272802,0.79335072,numbers,major,transition_bucket_shape,taam_events
P7-9_A6-7_C1,P<=4_A5_C0,4,0.02515723,0.03861956,0.65141175,numbers,major,transition_bucket_shape,taam_events
P7-9_A8+_C1,P<=4_A5_C0,4,0.02702703,0.03861956,0.69982749,numbers,major,transition_bucket_shape,taam_events
P<=4_A3_C0,P7-9_A6-7_C2,4,0.0173913,0.01027116,1.69321739,numbers,major,transition_bucket_shape,taam_events
P5-6_A4_C0,P5-6_A5_C0,4,0.125,0.0566968,2.20471014,numbers,major,transition_bucket_shape,taam_events
P13-15_A8+_C2,P5-6_A6-7_C0,4,0.07407407,0.05176664,1.43092299,numbers,major,transition_bucket_shape,taam_events
P7-9_A6-7_C2,P<=4_A5_C0,4,0.16,0.03861956,4.14297872,numbers,major,transition_bucket_shape,taam_events
P7-9_A8+_C2,P<=4_A4_C1,4,0.03389831,0.01930978,1.75549946,numbers,major,transition_bucket_shape,taam_events
P7-9_A6-7_C0,P7-9_A8+_C1,3,0.0625,0.06080526,1.02787162,numbers,major,transition_bucket_shape,taam_events
P10-12_A8+_C2,P5-6_A5_C1,3,0.02459016,0.04026294,0.61073938,numbers,major,transition_bucket_shape,taam_events
P<=4_A4_C1,P<=4_A5_C1,3,0.06382979,0.01396878,4.56946183,numbers,major,transition_bucket_shape,taam_events
P<=4_A4_C1,P<=4_A4_C1,3,0.06382979,0.01930978,3.30556813,numbers,major,transition_bucket_shape,taam_events
P5-6_A4_C0,P<=4_A5_C0,3,0.09375,0.03861956,2.4275266,numbers,major,transition_bucket_shape,taam_events
P7-9_A6-7_C0,P10-12_A8+_C2,3,0.0625,0.05012325,1.24692623,numbers,major,transition_bucket_shape,taam_events
P5-6_A6-7_C0,P13-15_A8+_C1,3,0.02380952,0.00903862,2.63419913,numbers,major,transition_bucket_shape,taam_events
P13-15_A8+_C1,P<=4_A3_C0,3,0.13636364,0.09449466,1.443083,numbers,major,transition_bucket_shape,taam_events
P5-6_A6-7_C1,P13-15_A8+_C1,3,0.01546392,0.00903862,1.7108716,numbers,major,transition_bucket_shape,taam_events
P7-9_A8+_C0,P7-9_A8+_C1,3,0.1,0.06080526,1.64459459,numbers,major,transition_bucket_shape,taam_events
P5-6_A6-7_C1,P<=4_A4_C1,3,0.01546392,0.01930978,0.80083352,numbers,major,transition_bucket_shape,taam_events
P5-6_A5_C0,P<=4_A4_C1,3,0.02173913,0.01930978,1.12580944,numbers,major,transition_bucket_shape,taam_events
P<=4_A3_C0,P<=4_A5_C1,3,0.01304348,0.01396878,0.93375959,numbers,major,transition_bucket_shape,taam_events
P<=4_A5_C1,P5-6_A5_C0,3,0.08823529,0.0566968,1.55626598,numbers,major,transition_bucket_shape,taam_events
P5-6_A6-7_C0,P5-6_A6-7_C2,3,0.02380952,0.01109285,2.14638448,numbers,major,transition_bucket_shape,taam_events
P5-6_A6-7_C2,P<=4_A5_C1,3,0.11111111,0.01396878,7.95424837,numbers,major,transition_bucket_shape,taam_events
P7-9_A5_C1,P5-6_A6-7_C1,3,0.21428571,0.08011504,2.67472527,numbers,major,transition_bucket_shape,taam_events
P<=4_A5_C0,P<=4_A4_C0,3,0.03191489,0.08833196,0.36130628,numbers,major,transition_bucket_shape,taam_events
P5-6_A6-7_C2,P10-12_A8+_C2,3,0.11111111,0.05012325,2.21675774,numbers,major,transition_bucket_shape,taam_events
P<=4_A5_C1,P7-9_A6-7_C1,3,0.08823529,0.06532457,1.35072142,numbers,major,transition_bucket_shape,taam_events
P7-9_A6-7_C1,P<=4_A5_C1,3,0.01886792,0.01396878,1.35072142,numbers,major,transition_bucket_shape,taam_events
P<=4_A5_C0,P7-9_A5_C1,3,0.03191489,0.00575185,5.54863222,numbers,major,transition_bucket_shape,taam_events
P7-9_A6-7_C1,P13-15_A8+_C2,3,0.01886792,0.0221857,0.85045423,numbers,major,transition_bucket_shape,taam_events
P5-6_A5_C0,P10-12_A8+_C0,3,0.02173913,0.0061627,3.52753623,numbers,major,transition_bucket_shape,taam_events
P7-9_A6-7_C1,P7-9_A8+_C0,3,0.01886792,0.01232539,1.53081761,numbers,major,transition_bucket_shape,taam_events
P7-9_A6-7_C1,P7-9_A6-7_C2,3,0.01886792,0.01027116,1.83698113,numbers,major,transition_bucket_shape,taam_events
P<=4_A3_C0,P16-18_A8+_C3,3,0.01304348,0.00780608,1.67093822,numbers,major,transition_bucket_shape,taam_events
P16-18_A8+_C3,P<=4_A5_C0,3,0.15789474,0.03861956,4.08846585,numbers,major,transition_bucket_shape,taam_events
P<=4_A3_C0,P<=4_A2_C0,3,0.01304348,0.02917009,0.44715248,numbers,major,transition_bucket_shape,taam_events
P7-9_A8+_C1,P19-24_A8+_C2,3,0.02027027,0.00410846,4.93378378,numbers,major,transition_bucket_shape,taam_events
P5-6_A4_C1,P<=4_A3_C0,3,0.13043478,0.09449466,1.38034026,numbers,major,transition_bucket_shape,taam_events
P10-12_A8+_C3,P10-12_A8+_C2,3,0.08571429,0.05012325,1.71007026,numbers,major,transition_bucket_shape,taam_events
P10-12_A8+_C2,P7-9_A6-7_C0,3,0.02459016,0.01930978,1.27345657,numbers,major,transition_bucket_shape,taam_events
P7-9_A6-7_C0,P5-6_A5_C0,3,0.0625,0.0566968,1.10235507,numbers,major,transition_bucket_shape,taam_events
P10-12_A8+_C1,P7-9_A8+_C1,3,0.02884615,0.06080526,0.47440229,numbers,major,transition_bucket_shape,taam_events
P<=4_A5_C1,P7-9_A8+_C2,3,0.08823529,0.04847987,1.82003988,numbers,major,transition_bucket_shape,taam_events
P7-9_A8+_C2,P7-9_A6-7_C0,3,0.02542373,0.01930978,1.31662459,numbers,major,transition_bucket_shape,taam_events
P10-12_A8+_C0,P<=4_A4_C0,3,0.2,0.08833196,2.26418605,numbers,major,transition_bucket_shape,taam_events
P16-18_A8+_C1,P7-9_A6-7_C1,3,0.27272727,0.06532457,4.17495712,numbers,major,transition_bucket_shape,taam_events
P5-6_A5_C1,P10-12_A8+_C2,3,0.03061224,0.05012325,0.61073938,numbers,major,transition_bucket_shape,taam_events
P7-9_A8+_C2,P5-6_A5_C1,3,0.02542373,0.04026294,0.63144241,numbers,major,transition_bucket_shape,taam_events
P<=4_A4_C0,P5-6_A4_C0,3,0.01395349,0.01314708,1.06133721,numbers,major,transition_bucket_shape,taam_events
P19-24_A8+_C2,P<=4_A4_C0,3,0.3,0.08833196,3.39627907,numbers,major,transition_bucket_shape,taam_events
P5-6_A5_C0,P7-9_A8+_C3,3,0.02173913,0.00657354,3.30706522,numbers,major,transition_bucket_shape,taam_events
P5-6_A4_C1,P<=4_A4_C0,3,0.13043478,0.08833196,1.47664307,numbers,major,transition_bucket_shape,taam_events
P<=4_A3_C0,P7-9_A8+_C3,3,0.01304348,0.00657354,1.98423913,numbers,major,transition_bucket_shape,taam_events
P<=4_A4_C0,P5-6_A8+_C1,3,0.01395349,0.010682,1.30626118,numbers,major,transition_bucket_shape,taam_events
P<=4_A3_C0,P16-18_A8+_C2,3,0.01304348,0.00780608,1.67093822,numbers,major,transition_bucket_shape,taam_events
P5-6_A5_C0,P13-15_A8+_C1,3,0.02173913,0.00903862,2.40513834,numbers,major,transition_bucket_shape,taam_events
P13-15_A8+_C2,P10-12_A8+_C1,3,0.05555556,0.04272802,1.30021368,numbers,major,transition_bucket_shape,taam_events
P10-12_A8+_C1,P13-15_A8+_C2,3,0.02884615,0.0221857,1.30021368,numbers,major,transition_bucket_shape,taam_events
P<=4_A2_C0,P7-9_A8+_C1,3,0.04225352,0.06080526,0.69489912,numbers,major,transition_bucket_shape,taam_events
P7-9_A8+_C1,P7-9_A6-7_C0,3,0.02027027,0.01930978,1.04974123,numbers,major,transition_bucket_shape,taam_events
P5-6_A4_C1,P5-6_A5_C1,3,0.13043478,0.04026294,3.23957409,numbers,major,transition_bucket_shape,taam_events
P<=4_A3_C0,P<=4_A4_C1,3,0.01304348,0.01930978,0.67548566,numbers,major,transition_bucket_shape,taam_events
P5-6_A4_C0,P5-6_A6-7_C1,3,0.09375,0.08011504,1.17019231,numbers,major,transition_bucket_shape,taam_events
P5-6_A6-7_C0,P7-9_A8+_C3,3,0.02380952,0.00657354,3.62202381,numbers,major,transition_bucket_shape,taam_events
P<=4_A6-7_C1,P7-9_A6-7_C1,3,0.3,0.06532457,4.59245283,numbers,major,transition_bucket_shape,taam_events
P5-6_A6-7_C0,P7-9_A8+_C2,3,0.02380952,0.04847987,0.49112187,numbers,major,transition_bucket_shape,taam_events
P<=4_A6-7_C1,P<=4_A4_C0,3,0.3,0.08833196,3.39627907,numbers,major,transition_bucket_shape,taam_events
P10-12_A8+_C2,P5-6_A4_C0,3,0.02459016,0.01314708,1.87038934,numbers,major,transition_bucket_shape,taam_events
P<=4_A5_C0,P10-12_A8+_C1,3,0.03191489,0.04272802,0.74693126,numbers,major,transition_bucket_shape,taam_events
P7-9_A8+_C1,P13-15_A8+_C2,3,0.02027027,0.0221857,0.91366366,numbers,major,transition_bucket_shape,taam_events
P5-6_A4_C0,P10-12_A8+_C2,3,0.09375,0.05012325,1.87038934,numbers,major,transition_bucket_shape,taam_events
P7-9_A8+_C1,P<=4_A4_C0,3,0.02027027,0.08833196,0.22947832,numbers,major,transition_bucket_shape,taam_events
P16-18_A8+_C3,P<=4_A4_C0,3,0.15789474,0.08833196,1.7875153,numbers,major,transition_bucket_shape,taam_events
P7-9_A6-7_C2,P5-6_A5_C1,3,0.12,0.04026294,2.98040816,numbers,major,transition_bucket_shape,taam_events
P5-6_A4_C0,P7-9_A6-7_C1,3,0.09375,0.06532457,1.43514151,numbers,major,transition_bucket_shape,taam_events
P<=4_A5_C1,P<=4_A4_C0,3,0.08823529,0.08833196,0.99890561,numbers,major,transition_bucket_shape,taam_events
P7-9_A8+_C2,P<=4_A5_C0,3,0.02542373,0.03861956,0.6583123,numbers,major,transition_bucket_shape,taam_events
P10-12_A8+_C1,P10-12_A8+_C1,3,0.02884615,0.04272802,0.67511095,numbers,major,transition_bucket_shape,taam_events
P<=4_A2_C0,P10-12_A8+_C2,3,0.04225352,0.05012325,0.84299238,numbers,major,transition_bucket_shape,taam_events
P7-9_A6-7_C1,P5-6_A5_C1,3,0.01886792,0.04026294,0.46861764,numbers,major,transition_bucket_shape,taam_events
P16-18_A8+_C3,P5-6_A6-7_C1,3,0.15789474,0.08011504,1.9708502,numbers,major,transition_bucket_shape,taam_events
P5-6_A6-7_C0,P16-18_A8+_C3,3,0.02380952,0.00780608,3.05012531,numbers,major,transition_bucket_shape,taam_events
P5-6_A6-7_C2,P<=4_A4_C1,3,0.11111111,0.01930978,5.75413712,numbers,major,transition_bucket_shape,taam_events
P10-12_A8+_C3,P7-9_A8+_C2,3,0.08571429,0.04847987,1.76803874,numbers,major,transition_bucket_shape,taam_events
P13-15_A8+_C2,P7-9_A8+_C2,3,0.05555556,0.04847987,1.14595104,numbers,major,transition_bucket_shape,taam_events
P10-12_A8+_C2,P5-6_A6-7_C0,3,0.02459016,0.05176664,0.47501952,numbers,major,transition_bucket_shape,taam_events
P7-9_A5_C1,P<=4_A5_C0,3,0.21428571,0.03861956,5.54863222,numbers,major,transition_bucket_shape,taam_events
P7-9_A5_C1,P<=4_A3_C0,3,0.21428571,0.09449466,2.26770186,numbers,major,transition_bucket_shape,taam_events
P2_A4_C0,P2_A2_C0,19,0.79166667,0.02423993,32.65960452,numbers,major,transition_exact_shape,taam_events
P2_A2_C0,P2_A4_C0,12,0.20338983,0.00986031,20.62711864,numbers,major,transition_exact_shape,taam_events
P9_A10_C2,P3_A3_C0,10,0.52631579,0.04847987,10.85637823,numbers,major,transition_exact_shape,taam_events
P6_A6_C1,P2_A2_C0,10,0.12820513,0.02423993,5.28900478,numbers,major,transition_exact_shape,taam_events
P4_A4_C0,P3_A3_C0,10,0.10309278,0.04847987,2.12650708,numbers,major,transition_exact_shape,taam_events
P14_A14_C2,P6_A7_C2,10,0.76923077,0.00698439,110.13574661,numbers,major,transition_exact_shape,taam_events
P5_A5_C1,P3_A3_C0,10,0.15625,0.04847987,3.22298729,numbers,major,transition_exact_shape,taam_events
P3_A3_C0,P5_A6_C0,9,0.07627119,0.02259655,3.37534669,numbers,major,transition_exact_shape,taam_events
P6_A6_C1,P9_A10_C2,9,0.11538462,0.00780608,14.78137652,numbers,major,transition_exact_shape,taam_events
P2_A2_C0,P5_A6_C0,9,0.15254237,0.02259655,6.75069337,numbers,major,transition_exact_shape,taam_events
P5_A5_C0,P5_A5_C1,9,0.07563025,0.02629417,2.87631303,numbers,major,transition_exact_shape,taam_events
P5_A5_C0,P6_A5_C1,9,0.07563025,0.01396878,5.41423628,numbers,major,transition_exact_shape,taam_events
P6_A7_C2,P6_A7_C0,9,0.52941176,0.00944947,56.02557545,numbers,major,transition_exact_shape,taam_events
P6_A7_C0,P11_A10_C1,9,0.39130435,0.00698439,56.02557545,numbers,major,transition_exact_shape,taam_events
P11_A10_C1,P4_A4_C0,9,0.52941176,0.0398521,13.2844148,numbers,major,transition_exact_shape,taam_events
P5_A6_C0,P6_A6_C1,8,0.14545455,0.03204601,4.53892774,numbers,major,transition_exact_shape,taam_events
P3_A4_C0,P8_A7_C1,8,0.08510638,0.01725555,4.93211753,numbers,major,transition_exact_shape,taam_events
P3_A5_C0,P3_A3_C0,8,0.36363636,0.04847987,7.50077042,numbers,major,transition_exact_shape,taam_events
P3_A3_C0,P3_A4_C0,7,0.05932203,0.03861956,1.53606203,numbers,major,transition_exact_shape,taam_events
P3_A3_C0,P6_A6_C1,7,0.05932203,0.03204601,1.85115167,numbers,major,transition_exact_shape,taam_events
P3_A3_C0,P14_A14_C2,7,0.05932203,0.005341,11.10691004,numbers,major,transition_exact_shape,taam_events
P5_A5_C1,P5_A5_C1,7,0.109375,0.02629417,4.15966797,numbers,major,transition_exact_shape,taam_events
P3_A3_C0,P5_A6_C1,7,0.05932203,0.02013147,2.94673123,numbers,major,transition_exact_shape,taam_events
P3_A4_C1,P3_A3_C1,7,0.31818182,0.00328677,96.80681818,numbers,major,transition_exact_shape,taam_events
P3_A4_C0,P3_A3_C0,6,0.06382979,0.04847987,1.31662459,numbers,major,transition_exact_shape,taam_events
P3_A4_C0,P5_A5_C0,6,0.06382979,0.04889071,1.30556052,numbers,major,transition_exact_shape,taam_events
P2_A3_C0,P5_A5_C0,6,0.09836066,0.04889071,2.01184736,numbers,major,transition_exact_shape,taam_events
P4_A4_C0,P12_A12_C1,6,0.06185567,0.00410846,15.0556701,numbers,major,transition_exact_shape,taam_events
P12_A12_C1,P5_A5_C0,6,0.6,0.04889071,12.27226891,numbers,major,transition_exact_shape,taam_events
P5_A5_C1,P5_A5_C0,5,0.078125,0.04889071,1.59795168,numbers,major,transition_exact_shape,taam_events
P6_A6_C1,P3_A4_C0,5,0.06410256,0.03861956,1.65984724,numbers,major,transition_exact_shape,taam_events
P5_A6_C0,P2_A2_C0,5,0.09090909,0.02423993,3.75038521,numbers,major,transition_exact_shape,taam_events
P6_A6_C1,P3_A3_C0,5,0.06410256,0.04847987,1.3222512,numbers,major,transition_exact_shape,taam_events
P3_A3_C0,P5_A5_C1,5,0.04237288,0.02629417,1.61149364,numbers,major,transition_exact_shape,taam_events
P4_A4_C0,P12_A11_C1,5,0.05154639,0.00287592,17.92341679,numbers,major,transition_exact_shape,taam_events
P5_A5_C0,P5_A5_C0,5,0.04201681,0.04889071,0.85940258,numbers,major,transition_exact_shape,taam_events
P4_A3_C0,P5_A6_C1,5,0.1,0.02013147,4.96734694,numbers,major,transition_exact_shape,taam_events
P3_A3_C0,P2_A4_C0,5,0.04237288,0.00986031,4.29731638,numbers,major,transition_exact_shape,taam_events
P2_A2_C0,P3_A5_C0,5,0.08474576,0.00903862,9.37596302,numbers,major,transition_exact_shape,taam_events
P2_A3_C0,P4_A3_C0,5,0.08196721,0.02054232,3.99016393,numbers,major,transition_exact_shape,taam_events
P3_A3_C1,P3_A4_C1,5,0.625,0.00903862,69.14772727,numbers,major,transition_exact_shape,taam_events
P3_A3_C0,P4_A4_C0,5,0.04237288,0.0398521,1.06325354,numbers,major,transition_exact_shape,taam_events
P4_A5_C1,P4_A5_C1,4,0.14814815,0.01109285,13.35528121,numbers,major,transition_exact_shape,taam_events
P5_A5_C1,P4_A5_C0,4,0.0625,0.02917009,2.14260563,numbers,major,transition_exact_shape,taam_events
P4_A5_C0,P3_A3_C0,4,0.05633803,0.04847987,1.16209119,numbers,major,transition_exact_shape,taam_events
P3_A3_C0,P4_A5_C0,4,0.03389831,0.02917009,1.16209119,numbers,major,transition_exact_shape,taam_events
P5_A6_C0,P4_A4_C0,4,0.07272727,0.0398521,1.82492971,numbers,major,transition_exact_shape,taam_events
P2_A2_C0,P6_A6_C1,4,0.06779661,0.03204601,2.11560191,numbers,major,transition_exact_shape,taam_events
P5_A5_C0,P6_A6_C1,4,0.03361345,0.03204601,1.04891187,numbers,major,transition_exact_shape,taam_events
P5_A5_C0,P3_A4_C0,4,0.03361345,0.03861956,0.87037368,numbers,major,transition_exact_shape,taam_events
P6_A5_C0,P2_A3_C0,4,0.21052632,0.02506163,8.40034513,numbers,major,transition_exact_shape,taam_events
P2_A3_C0,P3_A3_C0,4,0.06557377,0.04847987,1.35259794,numbers,major,transition_exact_shape,taam_events
P4_A5_C0,P5_A5_C0,4,0.05633803,0.04889071,1.15232572,numbers,major,transition_exact_shape,taam_events
P5_A5_C0,P7_A7_C1,4,0.03361345,0.02423993,1.38669705,numbers,major,transition_exact_shape,taam_events
P4_A4_C1,P2_A3_C0,4,0.16,0.02506163,6.3842623,numbers,major,transition_exact_shape,taam_events
P8_A7_C1,P6_A6_C1,4,0.0952381,0.03204601,2.97191697,numbers,major,transition_exact_shape,taam_events
P3_A3_C0,P3_A5_C0,4,0.03389831,0.00903862,3.75038521,numbers,major,transition_exact_shape,taam_events
P7_A7_C1,P7_A8_C1,4,0.06779661,0.01602301,4.23120382,numbers,major,transition_exact_shape,taam_events
P12_A11_C1,P5_A5_C0,4,0.57142857,0.04889071,11.68787515,numbers,major,transition_exact_shape,taam_events
P7_A8_C1,P5_A5_C1,4,0.1025641,0.02629417,3.90064103,numbers,major,transition_exact_shape,taam_events
P3_A3_C0,P5_A5_C0,4,0.03389831,0.04889071,0.69334853,numbers,major,transition_exact_shape,taam_events
P5_A5_C0,P4_A4_C0,4,0.03361345,0.0398521,0.84345491,numbers,major,transition_exact_shape,taam_events
P5_A6_C1,P4_A3_C0,4,0.08163265,0.02054232,3.97387755,numbers,major,transition_exact_shape,taam_events
P5_A5_C0,P4_A5_C0,4,0.03361345,0.02917009,1.15232572,numbers,major,transition_exact_shape,taam_events
P5_A6_C1,P5_A6_C1,4,0.08163265,0.02013147,4.05497709,numbers,major,transition_exact_shape,taam_events
P7_A8_C1,P3_A3_C0,4,0.1025641,0.04847987,2.11560191,numbers,major,transition_exact_shape,taam_events
P4_A4_C0,P5_A6_C0,4,0.04123711,0.02259655,1.82492971,numbers,major,transition_exact_shape,taam_events
P6_A6_C0,P7_A8_C0,4,0.09090909,0.0061627,14.75151515,numbers,major,transition_exact_shape,taam_events
P7_A8_C0,P3_A3_C0,4,0.26666667,0.04847987,5.50056497,numbers,major,transition_exact_shape,taam_events
P5_A6_C1,P6_A6_C0,4,0.08163265,0.01807724,4.51576994,numbers,major,transition_exact_shape,taam_events
P8_A7_C1,P5_A6_C0,3,0.07142857,0.02259655,3.16103896,numbers,major,transition_exact_shape,taam_events
P5_A6_C0,P5_A5_C1,3,0.05454545,0.02629417,2.07443182,numbers,major,transition_exact_shape,taam_events
P4_A4_C1,P4_A5_C1,3,0.12,0.01109285,10.81777778,numbers,major,transition_exact_shape,taam_events
P3_A3_C0,P6_A7_C1,3,0.02542373,0.01930978,1.31662459,numbers,major,transition_exact_shape,taam_events
P4_A5_C0,P6_A6_C1,3,0.04225352,0.03204601,1.31852654,numbers,major,transition_exact_shape,taam_events
P5_A4_C0,P7_A7_C0,3,0.11538462,0.00903862,12.76573427,numbers,major,transition_exact_shape,taam_events
P8_A7_C1,P3_A4_C0,3,0.07142857,0.03861956,1.84954407,numbers,major,transition_exact_shape,taam_events
P4_A4_C0,P7_A7_C1,3,0.03092784,0.02423993,1.27590425,numbers,major,transition_exact_shape,taam_events
P2_A2_C0,P4_A5_C0,3,0.05084746,0.02917009,1.74313679,numbers,major,transition_exact_shape,taam_events
P6_A7_C1,P2_A2_C0,3,0.06382979,0.02423993,2.63324919,numbers,major,transition_exact_shape,taam_events
P4_A4_C0,P5_A4_C1,3,0.03092784,0.00657354,4.70489691,numbers,major,transition_exact_shape,taam_events
P4_A5_C0,P4_A4_C0,3,0.04225352,0.0398521,1.06025846,numbers,major,transition_exact_shape,taam_events
P7_A8_C1,P4_A3_C0,3,0.07692308,0.02054232,3.74461538,numbers,major,transition_exact_shape,taam_events
P5_A5_C0,P3_A3_C0,3,0.02521008,0.04847987,0.52001139,numbers,major,transition_exact_shape,taam_events
P4_A5_C0,P7_A5_C1,3,0.04225352,0.00451931,9.34955186,numbers,major,transition_exact_shape,taam_events
P6_A6_C1,P5_A5_C0,3,0.03846154,0.04889071,0.7866839,numbers,major,transition_exact_shape,taam_events
P6_A7_C1,P5_A5_C0,3,0.06382979,0.04889071,1.30556052,numbers,major,transition_exact_shape,taam_events
P6_A6_C1,P7_A7_C1,3,0.03846154,0.02423993,1.58670143,numbers,major,transition_exact_shape,taam_events
P4_A4_C1,P3_A4_C0,3,0.12,0.03861956,3.10723404,numbers,major,transition_exact_shape,taam_events
P3_A4_C0,P5_A5_C1,3,0.03191489,0.02629417,1.2137633,numbers,major,transition_exact_shape,taam_events
P6_A5_C1,P5_A5_C0,3,0.08823529,0.04889071,1.80474543,numbers,major,transition_exact_shape,taam_events
P6_A6_C0,P5_A5_C0,3,0.06818182,0.04889071,1.39457601,numbers,major,transition_exact_shape,taam_events
P4_A3_C0,P5_A5_C0,3,0.06,0.04889071,1.22722689,numbers,major,transition_exact_shape,taam_events
P6_A7_C1,P3_A3_C0,3,0.06382979,0.04847987,1.31662459,numbers,major,transition_exact_shape,taam_events
P4_A4_C0,P5_A4_C0,3,0.03092784,0.010682,2.89532117,numbers,major,transition_exact_shape,taam_events
P3_A4_C0,P5_A7_C1,3,0.03191489,0.00862777,3.69908815,numbers,major,transition_exact_shape,taam_events
P4_A4_C0,P6_A8_C1,3,0.03092784,0.00821693,3.76391753,numbers,major,transition_exact_shape,taam_events
P5_A5_C1,P4_A3_C0,3,0.046875,0.02054232,2.281875,numbers,major,transition_exact_shape,taam_events
P7_A7_C1,P3_A3_C0,3,0.05084746,0.04847987,1.04883654,numbers,major,transition_exact_shape,taam_events
P11_A10_C1,P5_A5_C0,3,0.17647059,0.04889071,3.60949086,numbers,major,transition_exact_shape,taam_events
P6_A5_C1,P6_A7_C1,3,0.08823529,0.01930978,4.56946183,numbers,major,transition_exact_shape,taam_events
P4_A4_C0,P9_A8_C1,3,0.03092784,0.00657354,4.70489691,numbers,major,transition_exact_shape,taam_events
P5_A4_C1,P5_A5_C1,3,0.1875,0.02629417,7.13085938,numbers,major,transition_exact_shape,taam_events
P5_A4_C0,P6_A6_C1,3,0.11538462,0.03204601,3.60059172,numbers,major,transition_exact_shape,taam_events
P11_A11_C2,P4_A4_C0,3,0.33333333,0.0398521,8.36426117,numbers,major,transition_exact_shape,taam_events
P4_A4_C0,P3_A4_C0,3,0.03092784,0.03861956,0.80083352,numbers,major,transition_exact_shape,taam_events
P7_A7_C0,P6_A6_C1,3,0.13636364,0.03204601,4.25524476,numbers,major,transition_exact_shape,taam_events
P6_A6_C1,P5_A6_C0,3,0.03846154,0.02259655,1.7020979,numbers,major,transition_exact_shape,taam_events
P6_A6_C1,P4_A4_C0,3,0.03846154,0.0398521,0.96510706,numbers,major,transition_exact_shape,taam_events
P3_A3_C0,P6_A8_C1,3,0.02542373,0.00821693,3.0940678,numbers,major,transition_exact_shape,taam_events
P3_A4_C0,P6_A6_C1,3,0.03191489,0.03204601,0.99590835,numbers,major,transition_exact_shape,taam_events
P4_A4_C0,P4_A5_C0,3,0.03092784,0.02917009,1.06025846,numbers,major,transition_exact_shape,taam_events
P6_A6_C1,P7_A6_C1,3,0.03846154,0.01314708,2.92548077,numbers,major,transition_exact_shape,taam_events
P7_A7_C1,P3_A4_C0,3,0.05084746,0.03861956,1.31662459,numbers,major,transition_exact_shape,taam_events
P6_A7_C1,P6_A5_C1,3,0.06382979,0.01396878,4.56946183,numbers,major,transition_exact_shape,taam_events
P5_A6_C1,P4_A4_C0,3,0.06122449,0.0398521,1.53629287,numbers,major,transition_exact_shape,taam_events
P7_A6_C1,P6_A7_C1,3,0.09375,0.01930978,4.85505319,numbers,major,transition_exact_shape,taam_events
P3_A4_C0,P10_A9_C2,3,0.03191489,0.00410846,7.76808511,numbers,major,transition_exact_shape,taam_events
P6_A5_C1,P4_A4_C0,3,0.08823529,0.0398521,2.21406913,numbers,major,transition_exact_shape,taam_events
P7_A9_C1,P4_A3_C0,3,0.23076923,0.02054232,11.23384615,numbers,major,transition_exact_shape,taam_events
P4_A4_C0,P5_A5_C1,3,0.03092784,0.02629417,1.17622423,numbers,major,transition_exact_shape,taam_events
P9_A11_C3,P3_A4_C1,3,0.6,0.00903862,66.38181818,numbers,major,transition_exact_shape,taam_events
P3_A4_C1,P4_A4_C0,3,0.13636364,0.0398521,3.42174321,numbers,major,transition_exact_shape,taam_events
P3_A3_C0,P2_A3_C0,3,0.02542373,0.02506163,1.01444846,numbers,major,transition_exact_shape,taam_events
P4_A3_C0,P3_A3_C0,3,0.06,0.04847987,1.23762712,numbers,major,transition_exact_shape,taam_events
P7_A5_C1,P4_A5_C0,3,0.27272727,0.02917009,9.34955186,numbers,major,transition_exact_shape,taam_events
P6_A6_C0,P6_A6_C0,3,0.06818182,0.01807724,3.77169421,numbers,major,transition_exact_shape,taam_events
P7-9_A8+_C0,P7-9_A8+_C1,16,0.19047619,0.07560405,2.51939126,numbers,verse,transition_bucket_shape,taam_events
P13-15_A8+_C2,P10-12_A8+_C1,14,0.13333333,0.08963367,1.48753623,numbers,verse,transition_bucket_shape,taam_events
P10-12_A8+_C1,P7-9_A8+_C0,12,0.10434783,0.06547155,1.59378882,numbers,verse,transition_bucket_shape,taam_events
P7-9_A8+_C1,P19-24_A8+_C4+,12,0.12371134,0.05300078,2.3341419,numbers,verse,transition_bucket_shape,taam_events
P7-9_A8+_C0,P13-15_A8+_C3,11,0.13095238,0.03819174,3.42881438,numbers,verse,transition_bucket_shape,taam_events
P13-15_A8+_C2,P13-15_A8+_C2,11,0.1047619,0.08183944,1.2800907,numbers,verse,transition_bucket_shape,taam_events
P10-12_A8+_C2,P13-15_A8+_C2,11,0.14666667,0.08183944,1.79212698,numbers,verse,transition_bucket_shape,taam_events
P<=4_A4_C0,P16-18_A8+_C1,11,0.78571429,0.02416212,32.51843318,numbers,verse,transition_bucket_shape,taam_events
P5-6_A6-7_C0,P10-12_A8+_C1,10,0.23255814,0.08963367,2.59453994,numbers,verse,transition_bucket_shape,taam_events
P10-12_A8+_C1,P10-12_A8+_C2,9,0.07826087,0.05845674,1.33878261,numbers,verse,transition_bucket_shape,taam_events
P7-9_A8+_C1,P7-9_A8+_C1,9,0.09278351,0.07560405,1.22722925,numbers,verse,transition_bucket_shape,taam_events
P10-12_A8+_C1,P16-18_A8+_C2,9,0.07826087,0.04910366,1.59378882,numbers,verse,transition_bucket_shape,taam_events
P7-9_A8+_C1,P13-15_A8+_C2,9,0.09278351,0.08183944,1.13372607,numbers,verse,transition_bucket_shape,taam_events
P19-24_A8+_C4+,P5-6_A6-7_C0,9,0.13235294,0.0335152,3.94904241,numbers,verse,transition_bucket_shape,taam_events
P10-12_A8+_C1,P<=4_A4_C0,9,0.07826087,0.01091193,7.17204969,numbers,verse,transition_bucket_shape,taam_events
P10-12_A8+_C2,P7-9_A8+_C1,9,0.12,0.07560405,1.58721649,numbers,verse,transition_bucket_shape,taam_events
P13-15_A8+_C3,P7-9_A8+_C0,8,0.16326531,0.06547155,2.49368319,numbers,verse,transition_bucket_shape,taam_events
P7-9_A8+_C0,P10-12_A8+_C1,8,0.0952381,0.08963367,1.06252588,numbers,verse,transition_bucket_shape,taam_events
P13-15_A8+_C2,P16-18_A8+_C2,8,0.07619048,0.04910366,1.55162509,numbers,verse,transition_bucket_shape,taam_events
P7-9_A8+_C1,P10-12_A8+_C0,8,0.08247423,0.03429462,2.40487348,numbers,verse,transition_bucket_shape,taam_events
P13-15_A8+_C2,P7-9_A8+_C1,8,0.07619048,0.07560405,1.0077565,numbers,verse,transition_bucket_shape,taam_events
P16-18_A8+_C1,P7-9_A8+_C1,8,0.25,0.07560405,3.30670103,numbers,verse,transition_bucket_shape,taam_events
P16-18_A8+_C2,P10-12_A8+_C1,8,0.12903226,0.08963367,1.43955119,numbers,verse,transition_bucket_shape,taam_events
P10-12_A8+_C1,P10-12_A8+_C1,7,0.06086957,0.08963367,0.67909263,numbers,verse,transition_bucket_shape,taam_events
P16-18_A8+_C2,P10-12_A8+_C2,7,0.11290323,0.05845674,1.93139785,numbers,verse,transition_bucket_shape,taam_events
P13-15_A8+_C3,P13-15_A8+_C2,7,0.14285714,0.08183944,1.74557823,numbers,verse,transition_bucket_shape,taam_events
P10-12_A8+_C1,P13-15_A8+_C1,7,0.06086957,0.04598597,1.32365512,numbers,verse,transition_bucket_shape,taam_events
P19-24_A8+_C4+,P10-12_A8+_C1,7,0.10294118,0.08963367,1.14846547,numbers,verse,transition_bucket_shape,taam_events
P13-15_A8+_C2,P19-24_A8+_C2,7,0.06666667,0.03819174,1.74557823,numbers,verse,transition_bucket_shape,taam_events
P19-24_A8+_C2,P13-15_A8+_C2,7,0.14285714,0.08183944,1.74557823,numbers,verse,transition_bucket_shape,taam_events
P7-9_A8+_C1,P10-12_A8+_C2,7,0.07216495,0.05845674,1.23450172,numbers,verse,transition_bucket_shape,taam_events
P7-9_A8+_C1,P10-12_A8+_C1,7,0.07216495,0.08963367,0.80510982,numbers,verse,transition_bucket_shape,taam_events
P<=4_A6-7_C0,P<=4_A6-7_C0,7,0.53846154,0.0101325,53.14201183,numbers,verse,transition_bucket_shape,taam_events
P13-15_A8+_C2,P7-9_A8+_C0,6,0.05714286,0.06547155,0.87278912,numbers,verse,transition_bucket_shape,taam_events
P7-9_A8+_C1,P13-15_A8+_C1,6,0.06185567,0.04598597,1.34509872,numbers,verse,transition_bucket_shape,taam_events
P16-18_A8+_C2,P19-24_A8+_C2,6,0.09677419,0.03819174,2.53390388,numbers,verse,transition_bucket_shape,taam_events
P10-12_A8+_C2,P5-6_A6-7_C0,6,0.08,0.0335152,2.38697674,numbers,verse,transition_bucket_shape,taam_events
P19-24_A8+_C3,P13-15_A8+_C2,6,0.12,0.08183944,1.46628571,numbers,verse,transition_bucket_shape,taam_events
P13-15_A8+_C1,P19-24_A8+_C3,6,0.10169492,0.03897116,2.60949153,numbers,verse,transition_bucket_shape,taam_events
P19-24_A8+_C2,P19-24_A8+_C3,6,0.12244898,0.03897116,3.14204082,numbers,verse,transition_bucket_shape,taam_events
P10-12_A8+_C1,P19-24_A8+_C4+,6,0.05217391,0.05300078,0.98439898,numbers,verse,transition_bucket_shape,taam_events
P10-12_A8+_C1,P10-12_A8+_C0,6,0.05217391,0.03429462,1.52134387,numbers,verse,transition_bucket_shape,taam_events
P19-24_A8+_C4+,P13-15_A8+_C2,6,0.08823529,0.08183944,1.07815126,numbers,verse,transition_bucket_shape,taam_events
P5-6_A5_C1,P5-6_A5_C1,6,0.5,0.00935308,53.45833333,numbers,verse,transition_bucket_shape,taam_events
P13-15_A8+_C2,P13-15_A8+_C1,6,0.05714286,0.04598597,1.24261501,numbers,verse,transition_bucket_shape,taam_events
P13-15_A8+_C1,P10-12_A8+_C1,5,0.08474576,0.08963367,0.94546794,numbers,verse,transition_bucket_shape,taam_events
P7-9_A8+_C0,P19-24_A8+_C4+,5,0.05952381,0.05300078,1.12307423,numbers,verse,transition_bucket_shape,taam_events
P19-24_A8+_C4+,P7-9_A8+_C0,5,0.07352941,0.06547155,1.12307423,numbers,verse,transition_bucket_shape,taam_events
P7-9_A8+_C1,P7-9_A8+_C0,5,0.05154639,0.06547155,0.78730977,numbers,verse,transition_bucket_shape,taam_events
P10-12_A8+_C2,P10-12_A8+_C1,5,0.06666667,0.08963367,0.74376812,numbers,verse,transition_bucket_shape,taam_events
P5-6_A5_C0,P16-18_A8+_C2,5,0.12195122,0.04910366,2.48354626,numbers,verse,transition_bucket_shape,taam_events
P13-15_A8+_C1,P13-15_A8+_C2,5,0.08474576,0.08183944,1.03551251,numbers,verse,transition_bucket_shape,taam_events
P10-12_A8+_C2,P10-12_A8+_C2,5,0.06666667,0.05845674,1.14044444,numbers,verse,transition_bucket_shape,taam_events
P13-15_A8+_C3,P19-24_A8+_C4+,5,0.10204082,0.05300078,1.92527011,numbers,verse,transition_bucket_shape,taam_events
P16-18_A8+_C2,P7-9_A8+_C1,5,0.08064516,0.07560405,1.06667775,numbers,verse,transition_bucket_shape,taam_events
P5-6_A5_C0,P13-15_A8+_C2,5,0.12195122,0.08183944,1.49012776,numbers,verse,transition_bucket_shape,taam_events
P19-24_A8+_C3,P7-9_A8+_C1,5,0.1,0.07560405,1.32268041,numbers,verse,transition_bucket_shape,taam_events
P13-15_A8+_C1,P19-24_A8+_C2,5,0.08474576,0.03819174,2.21895538,numbers,verse,transition_bucket_shape,taam_events
P13-15_A8+_C2,P19-24_A8+_C4+,5,0.04761905,0.05300078,0.89845938,numbers,verse,transition_bucket_shape,taam_events
P10-12_A8+_C1,P13-15_A8+_C2,5,0.04347826,0.08183944,0.53126294,numbers,verse,transition_bucket_shape,taam_events
P13-15_A8+_C3,P10-12_A8+_C1,5,0.10204082,0.08963367,1.13842059,numbers,verse,transition_bucket_shape,taam_events
P13-15_A8+_C2,P19-24_A8+_C3,5,0.04761905,0.03897116,1.22190476,numbers,verse,transition_bucket_shape,taam_events
P16-18_A8+_C2,P13-15_A8+_C2,5,0.08064516,0.08183944,0.98540707,numbers,verse,transition_bucket_shape,taam_events
P10-12_A8+_C1,P7-9_A8+_C1,5,0.04347826,0.07560405,0.57507844,numbers,verse,transition_bucket_shape,taam_events
P19-24_A8+_C2,P16-18_A8+_C3,5,0.10204082,0.04442712,2.29681346,numbers,verse,transition_bucket_shape,taam_events
P7-9_A8+_C1,P16-18_A8+_C3,5,0.05154639,0.04442712,1.16024598,numbers,verse,transition_bucket_shape,taam_events
P19-24_A8+_C4+,P19-24_A8+_C4+,5,0.07352941,0.05300078,1.38732699,numbers,verse,transition_bucket_shape,taam_events
P13-15_A8+_C1,P10-12_A8+_C2,5,0.08474576,0.05845674,1.44971751,numbers,verse,transition_bucket_shape,taam_events
P16-18_A8+_C3,P16-18_A8+_C3,5,0.0877193,0.04442712,1.97445368,numbers,verse,transition_bucket_shape,taam_events
P5-6_A6-7_C0,P<=4_A6-7_C0,5,0.11627907,0.0101325,11.47584973,numbers,verse,transition_bucket_shape,taam_events
P<=4_A5_C1,P<=4_A5_C1,4,0.4,0.00779423,51.32,numbers,verse,transition_bucket_shape,taam_events
P16-18_A8+_C3,P7-9_A8+_C0,4,0.07017544,0.06547155,1.07184628,numbers,verse,transition_bucket_shape,taam_events
P7-9_A8+_C0,P13-15_A8+_C2,4,0.04761905,0.08183944,0.58185941,numbers,verse,transition_bucket_shape,taam_events
P19-24_A8+_C2,P10-12_A8+_C1,4,0.08163265,0.08963367,0.91073647,numbers,verse,transition_bucket_shape,taam_events
P19-24_A8+_C2,P5-6_A5_C0,4,0.08163265,0.03195635,2.55450473,numbers,verse,transition_bucket_shape,taam_events
P13-15_A8+_C2,P10-12_A8+_C2,4,0.03809524,0.05845674,0.65168254,numbers,verse,transition_bucket_shape,taam_events
P10-12_A8+_C1,P5-6_A5_C0,4,0.03478261,0.03195635,1.08844115,numbers,verse,transition_bucket_shape,taam_events
P13-15_A8+_C1,P7-9_A8+_C0,4,0.06779661,0.06547155,1.03551251,numbers,verse,transition_bucket_shape,taam_events
P16-18_A8+_C3,P13-15_A8+_C3,4,0.07017544,0.03819174,1.83745077,numbers,verse,transition_bucket_shape,taam_events
P19-24_A8+_C3,P10-12_A8+_C1,4,0.08,0.08963367,0.89252174,numbers,verse,transition_bucket_shape,taam_events
P13-15_A8+_C1,P13-15_A8+_C0,4,0.06779661,0.01247077,5.43644068,numbers,verse,transition_bucket_shape,taam_events
P13-15_A8+_C3,P10-12_A8+_C2,4,0.08163265,0.05845674,1.39646259,numbers,verse,transition_bucket_shape,taam_events
P10-12_A8+_C2,P19-24_A8+_C3,4,0.05333333,0.03897116,1.36853333,numbers,verse,transition_bucket_shape,taam_events
P10-12_A8+_C0,P13-15_A8+_C2,4,0.09090909,0.08183944,1.11082251,numbers,verse,transition_bucket_shape,taam_events
P7-9_A8+_C1,P16-18_A8+_C2,4,0.04123711,0.04910366,0.83979709,numbers,verse,transition_bucket_shape,taam_events
P5-6_A6-7_C0,P13-15_A8+_C2,4,0.09302326,0.08183944,1.13665559,numbers,verse,transition_bucket_shape,taam_events
P13-15_A8+_C2,P5-6_A6-7_C0,4,0.03809524,0.0335152,1.13665559,numbers,verse,transition_bucket_shape,taam_events
P13-15_A8+_C2,P13-15_A8+_C0,4,0.03809524,0.01247077,3.0547619,numbers,verse,transition_bucket_shape,taam_events
P7-9_A8+_C1,P19-24_A8+_C2,4,0.04123711,0.03819174,1.07973911,numbers,verse,transition_bucket_shape,taam_events
P16-18_A8+_C2,P13-15_A8+_C1,4,0.06451613,0.04598597,1.40295243,numbers,verse,transition_bucket_shape,taam_events
P7-9_A8+_C0,P19-24_A8+_C3,4,0.04761905,0.03897116,1.22190476,numbers,verse,transition_bucket_shape,taam_events
P16-18_A8+_C3,P19-24_A8+_C2,4,0.07017544,0.03819174,1.83745077,numbers,verse,transition_bucket_shape,taam_events
P10-12_A8+_C2,P7-9_A8+_C0,4,0.05333333,0.06547155,0.81460317,numbers,verse,transition_bucket_shape,taam_events
P16-18_A8+_C1,P10-12_A8+_C1,4,0.125,0.08963367,1.39456522,numbers,verse,transition_bucket_shape,taam_events
P5-6_A5_C0,P13-15_A8+_C3,4,0.09756098,0.03819174,2.55450473,numbers,verse,transition_bucket_shape,taam_events
P5-6_A5_C0,P19-24_A8+_C3,4,0.09756098,0.03897116,2.50341463,numbers,verse,transition_bucket_shape,taam_events
P10-12_A8+_C1,P13-15_A8+_C3,4,0.03478261,0.03819174,0.91073647,numbers,verse,transition_bucket_shape,taam_events
P16-18_A8+_C3,P19-24_A8+_C4+,4,0.07017544,0.05300078,1.32404541,numbers,verse,transition_bucket_shape,taam_events
P19-24_A8+_C3,P10-12_A8+_C2,4,0.08,0.05845674,1.36853333,numbers,verse,transition_bucket_shape,taam_events
P10-12_A8+_C0,P13-15_A8+_C1,4,0.09090909,0.04598597,1.97688752,numbers,verse,transition_bucket_shape,taam_events
P16-18_A8+_C3,P13-15_A8+_C2,4,0.07017544,0.08183944,0.85747703,numbers,verse,transition_bucket_shape,taam_events
P10-12_A8+_C0,P16-18_A8+_C2,4,0.09090909,0.04910366,1.85137085,numbers,verse,transition_bucket_shape,taam_events
P10-12_A8+_C1,P16-18_A8+_C3,4,0.03478261,0.04442712,0.78291381,numbers,verse,transition_bucket_shape,taam_events
P10-12_A8+_C0,P7-9_A8+_C0,4,0.09090909,0.06547155,1.38852814,numbers,verse,transition_bucket_shape,taam_events
P5-6_A6-7_C0,P5-6_A6-7_C0,4,0.09302326,0.0335152,2.77555435,numbers,verse,transition_bucket_shape,taam_events
P7-9_A6-7_C0,P7-9_A6-7_C0,4,0.2,0.01558846,12.83,numbers,verse,transition_bucket_shape,taam_events
P19-24_A8+_C3,P7-9_A8+_C0,3,0.06,0.06547155,0.91642857,numbers,verse,transition_bucket_shape,taam_events
P7-9_A8+_C1,P13-15_A8+_C3,3,0.03092784,0.03819174,0.80980433,numbers,verse,transition_bucket_shape,taam_events
P7-9_A8+_C0,P16-18_A8+_C3,3,0.03571429,0.04442712,0.80388471,numbers,verse,transition_bucket_shape,taam_events
P10-12_A8+_C1,P5-6_A6-7_C0,3,0.02608696,0.0335152,0.77836198,numbers,verse,transition_bucket_shape,taam_events
P5-6_A5_C0,P13-15_A8+_C1,3,0.07317073,0.04598597,1.59115337,numbers,verse,transition_bucket_shape,taam_events
P10-12_A8+_C0,P16-18_A8+_C3,3,0.06818182,0.04442712,1.534689,numbers,verse,transition_bucket_shape,taam_events
P16-18_A8+_C3,P10-12_A8+_C0,3,0.05263158,0.03429462,1.534689,numbers,verse,transition_bucket_shape,taam_events
P7-9_A8+_C0,P13-15_A8+_C1,3,0.03571429,0.04598597,0.77663438,numbers,verse,transition_bucket_shape,taam_events
P5-6_A6-7_C0,P7-9_A8+_C1,3,0.06976744,0.07560405,0.92280029,numbers,verse,transition_bucket_shape,taam_events
P7-9_A8+_C1,P5-6_A6-7_C0,3,0.03092784,0.0335152,0.92280029,numbers,verse,transition_bucket_shape,taam_events
P10-12_A8+_C2,P19-24_A8+_C2,3,0.04,0.03819174,1.04734694,numbers,verse,transition_bucket_shape,taam_events
P7-9_A8+_C2,P10-12_A8+_C2,3,0.33333333,0.05845674,5.70222222,numbers,verse,transition_bucket_shape,taam_events
P5-6_A5_C0,P10-12_A8+_C2,3,0.07317073,0.05845674,1.25170732,numbers,verse,transition_bucket_shape,taam_events
P7-9_A8+_C0,P13-15_A8+_C4+,3,0.03571429,0.00701481,5.09126984,numbers,verse,transition_bucket_shape,taam_events
P7-9_A8+_C2,P10-12_A8+_C1,3,0.33333333,0.08963367,3.71884058,numbers,verse,transition_bucket_shape,taam_events
P13-15_A8+_C2,P5-6_A8+_C0,3,0.02857143,0.00779423,3.66571429,numbers,verse,transition_bucket_shape,taam_events
P16-18_A8+_C3,P19-24_A8+_C3,3,0.05263158,0.03897116,1.35052632,numbers,verse,transition_bucket_shape,taam_events
P10-12_A8+_C1,P16-18_A8+_C1,3,0.02608696,0.02416212,1.07966339,numbers,verse,transition_bucket_shape,taam_events
P16-18_A8+_C3,P10-12_A8+_C2,3,0.05263158,0.05845674,0.90035088,numbers,verse,transition_bucket_shape,taam_events
P16-18_A8+_C4+,P13-15_A8+_C3,3,0.16666667,0.03819174,4.36394558,numbers,verse,transition_bucket_shape,taam_events
P16-18_A8+_C2,P16-18_A8+_C3,3,0.0483871,0.04442712,1.08913413,numbers,verse,transition_bucket_shape,taam_events
P16-18_A8+_C3,P5-6_A5_C0,3,0.05263158,0.03195635,1.64698331,numbers,verse,transition_bucket_shape,taam_events
P13-15_A8+_C2,P10-12_A8+_C0,3,0.02857143,0.03429462,0.83311688,numbers,verse,transition_bucket_shape,taam_events
P10-12_A8+_C0,P10-12_A8+_C1,3,0.06818182,0.08963367,0.76067194,numbers,verse,transition_bucket_shape,taam_events
P7-9_A8+_C1,P5-6_A5_C0,3,0.03092784,0.03195635,0.96781494,numbers,verse,transition_bucket_shape,taam_events
P19-24_A8+_C2,P13-15_A8+_C1,3,0.06122449,0.04598597,1.33137323,numbers,verse,transition_bucket_shape,taam_events
P19-24_A8+_C2,P7-9_A8+_C0,3,0.06122449,0.06547155,0.9351312,numbers,verse,transition_bucket_shape,taam_events
P13-15_A8+_C3,P16-18_A8+_C3,3,0.06122449,0.04442712,1.37808808,numbers,verse,transition_bucket_shape,taam_events
P19-24_A8+_C3,P5-6_A5_C0,3,0.06,0.03195635,1.87756098,numbers,verse,transition_bucket_shape,taam_events
P10-12_A8+_C1,P10-12_A8+_C3,3,0.02608696,0.00935308,2.78913043,numbers,verse,transition_bucket_shape,taam_events
P19-24_A8+_C4+,P16-18_A8+_C1,3,0.04411765,0.02416212,1.82590133,numbers,verse,transition_bucket_shape,taam_events
P25+_A8+_C4+,P10-12_A8+_C1,3,0.16666667,0.08963367,1.85942029,numbers,verse,transition_bucket_shape,taam_events
P19-24_A8+_C4+,P16-18_A8+_C3,3,0.04411765,0.04442712,0.99303406,numbers,verse,transition_bucket_shape,taam_events
P10-12_A8+_C2,P10-12_A8+_C0,3,0.04,0.03429462,1.16636364,numbers,verse,transition_bucket_shape,taam_events
P13-15_A8+_C0,P5-6_A5_C0,3,0.1875,0.03195635,5.86737805,numbers,verse,transition_bucket_shape,taam_events
P13-15_A8+_C0,P13-15_A8+_C1,3,0.1875,0.04598597,4.07733051,numbers,verse,transition_bucket_shape,taam_events
P19-24_A8+_C4+,P19-24_A8+_C3,3,0.04411765,0.03897116,1.13205882,numbers,verse,transition_bucket_shape,taam_events
P19-24_A8+_C3,P16-18_A8+_C2,3,0.06,0.04910366,1.22190476,numbers,verse,transition_bucket_shape,taam_events
P19-24_A8+_C2,P16-18_A8+_C2,3,0.06122449,0.04910366,1.24684159,numbers,verse,transition_bucket_shape,taam_events
P16-18_A8+_C2,P5-6_A5_C0,3,0.0483871,0.03195635,1.51416208,numbers,verse,transition_bucket_shape,taam_events
P7-9_A6-7_C0,P7-9_A8+_C1,3,0.15,0.07560405,1.98402062,numbers,verse,transition_bucket_shape,taam_events
P7-9_A6-7_C1,P7-9_A8+_C1,3,0.16666667,0.07560405,2.20446735,numbers,verse,transition_bucket_shape,taam_events
P13-15_A8+_C2,P16-18_A8+_C3,3,0.02857143,0.04442712,0.64310777,numbers,verse,transition_bucket_shape,taam_events
P16-18_A8+_C3,P10-12_A8+_C1,3,0.05263158,0.08963367,0.58718535,numbers,verse,transition_bucket_shape,taam_events
P13-15_A8+_C4+,P16-18_A8+_C3,3,0.33333333,0.04442712,7.50292398,numbers,verse,transition_bucket_shape,taam_events
P19-24_A8+_C3,P19-24_A8+_C4+,3,0.06,0.05300078,1.13205882,numbers,verse,transition_bucket_shape,taam_events
P19-24_A8+_C2,P13-15_A8+_C3,3,0.06122449,0.03819174,1.60308205,numbers,verse,transition_bucket_shape,taam_events
P19-24_A8+_C4+,P16-18_A8+_C4+,3,0.04411765,0.01402962,3.14460784,numbers,verse,transition_bucket_shape,taam_events
P16-18_A8+_C2,P7-9_A8+_C0,3,0.0483871,0.06547155,0.7390553,numbers,verse,transition_bucket_shape,taam_events
P7-9_A8+_C0,P5-6_A5_C0,3,0.03571429,0.03195635,1.11759582,numbers,verse,transition_bucket_shape,taam_events
P19-24_A8+_C3,P13-15_A8+_C1,3,0.06,0.04598597,1.30474576,numbers,verse,transition_bucket_shape,taam_events
P10-12_A8+_C1,P19-24_A8+_C3,3,0.02608696,0.03897116,0.6693913,numbers,verse,transition_bucket_shape,taam_events
P16-18_A8+_C3,P7-9_A8+_C1,3,0.05263158,0.07560405,0.69614759,numbers,verse,transition_bucket_shape,taam_events
P10-12_A8+_C2,P16-18_A8+_C2,3,0.04,0.04910366,0.81460317,numbers,verse,transition_bucket_shape,taam_events
P13-15_A8+_C2,P16-18_A8+_C4+,3,0.02857143,0.01402962,2.03650794,numbers,verse,transition_bucket_shape,taam_events
P10-12_A8+_C1,P19-24_A8+_C2,3,0.02608696,0.03819174,0.68305235,numbers,verse,transition_bucket_shape,taam_events
P10-12_A8+_C2,P25+_A8+_C4+,3,0.04,0.01402962,2.85111111,numbers,verse,transition_bucket_shape,taam_events
P19-24_A8+_C4+,P16-18_A8+_C2,3,0.04411765,0.04910366,0.89845938,numbers,verse,transition_bucket_shape,taam_events
P16-18_A8+_C2,P10-12_A8+_C0,3,0.0483871,0.03429462,1.41092375,numbers,verse,transition_bucket_shape,taam_events
P10-12_A8+_C0,P19-24_A8+_C4+,3,0.06818182,0.05300078,1.28643048,numbers,verse,transition_bucket_shape,taam_events
P5-6_A5_C0,P19-24_A8+_C2,3,0.07317073,0.03819174,1.91587855,numbers,verse,transition_bucket_shape,taam_events
P25+_A8+_C4+,P13-15_A8+_C2,3,0.16666667,0.08183944,2.03650794,numbers,verse,transition_bucket_shape,taam_events
P19-24_A8+_C3,P16-18_A8+_C3,3,0.06,0.04442712,1.35052632,numbers,verse,transition_bucket_shape,taam_events
P13-15_A8+_C1,P7-9_A8+_C1,3,0.05084746,0.07560405,0.67254936,numbers,verse,transition_bucket_shape,taam_events
P10-12_A8+_C2,P19-24_A8+_C4+,3,0.04,0.05300078,0.75470588,numbers,verse,transition_bucket_shape,taam_events
P10-12_A8+_C4+,P5-6_A6-7_C2,3,0.5,0.00389712,128.3,numbers,verse,transition_bucket_shape,taam_events
P7-9_A8+_C0,P10-12_A8+_C4+,3,0.03571429,0.00467654,7.63690476,numbers,verse,transition_bucket_shape,taam_events
P10-12_A8+_C0,P7-9_A8+_C1,3,0.06818182,0.07560405,0.90182755,numbers,verse,transition_bucket_shape,taam_events
P7-9_A8+_C0,P16-18_A8+_C2,3,0.03571429,0.04910366,0.72732426,numbers,verse,transition_bucket_shape,taam_events
P16-18_A8+_C1,P10-12_A8+_C2,3,0.09375,0.05845674,1.60375,numbers,verse,transition_bucket_shape,taam_events
P5-6_A6-7_C0,P5-6_A8+_C0,3,0.06976744,0.00779423,8.95116279,numbers,verse,transition_bucket_shape,taam_events
P<=4_A6-7_C0,P5-6_A6-7_C0,3,0.23076923,0.0335152,6.88550984,numbers,verse,transition_bucket_shape,taam_events
P6_A7_C0,P11_A10_C1,9,0.45,0.01636789,27.49285714,numbers,verse,transition_exact_shape,taam_events
P11_A10_C1,P4_A4_C0,9,0.42857143,0.00935308,45.82142857,numbers,verse,transition_exact_shape,taam_events
P20_A21_C4,P6_A7_C0,8,0.61538462,0.01558846,39.47692308,numbers,verse,transition_exact_shape,taam_events
P15_A16_C3,P8_A9_C0,7,0.46666667,0.01325019,35.21960784,numbers,verse,transition_exact_shape,taam_events
P8_A9_C0,P15_A16_C3,6,0.35294118,0.01169135,30.18823529,numbers,verse,transition_exact_shape,taam_events
P4_A4_C0,P17_A17_C1,6,0.5,0.00467654,106.91666667,numbers,verse,transition_exact_shape,taam_events
P5_A5_C1,P5_A5_C1,6,0.5,0.00935308,53.45833333,numbers,verse,transition_exact_shape,taam_events
P4_A6_C0,P4_A6_C0,6,0.5,0.00935308,53.45833333,numbers,verse,transition_exact_shape,taam_events
P8_A8_C1,P20_A21_C4,5,0.23809524,0.0101325,23.4981685,numbers,verse,transition_exact_shape,taam_events
P4_A5_C1,P4_A5_C1,4,0.4,0.00779423,51.32,numbers,verse,transition_exact_shape,taam_events
P4_A4_C0,P17_A16_C1,4,0.33333333,0.00545596,61.0952381,numbers,verse,transition_exact_shape,taam_events
P7_A8_C0,P8_A9_C1,4,0.16666667,0.00857366,19.43939394,numbers,verse,transition_exact_shape,taam_events
P5_A7_C0,P4_A6_C0,4,0.4,0.00935308,42.76666667,numbers,verse,transition_exact_shape,taam_events
P5_A5_C0,P13_A12_C1,3,0.07692308,0.00701481,10.96581197,numbers,verse,transition_exact_shape,taam_events
P7_A8_C0,P8_A8_C1,3,0.125,0.01636789,7.63690476,numbers,verse,transition_exact_shape,taam_events
P8_A8_C1,P7_A8_C0,3,0.14285714,0.01870616,7.63690476,numbers,verse,transition_exact_shape,taam_events
P17_A16_C1,P8_A8_C1,3,0.42857143,0.01636789,26.18367347,numbers,verse,transition_exact_shape,taam_events
P12_A15_C4,P6_A7_C2,3,0.75,0.00389712,192.45,numbers,verse,transition_exact_shape,taam_events
P<=4_A3_C0,P<=4_A3_C0,252,0.26951872,0.24560483,1.09736734,deuteronomy,minor,transition_bucket_shape,taam_events
P<=4_A3_C0,P<=4_A4_C0,225,0.24064171,0.20939386,1.14923003,deuteronomy,minor,transition_bucket_shape,taam_events
P<=4_A4_C0,P<=4_A3_C0,182,0.22807018,0.24560483,0.92860624,deuteronomy,minor,transition_bucket_shape,taam_events
P<=4_A4_C0,P<=4_A4_C0,166,0.20802005,0.20939386,0.99343911,deuteronomy,minor,transition_bucket_shape,taam_events
P<=4_A2_C0,P<=4_A3_C0,160,0.26711185,0.24560483,1.0875676,deuteronomy,minor,transition_bucket_shape,taam_events
P<=4_A2_C0,P<=4_A4_C0,155,0.25876461,0.20939386,1.23577935,deuteronomy,minor,transition_bucket_shape,taam_events
P<=4_A3_C0,P<=4_A2_C0,138,0.14759358,0.1569142,0.94060058,deuteronomy,minor,transition_bucket_shape,taam_events
P<=4_A4_C0,P<=4_A2_C0,134,0.1679198,0.1569142,1.07013772,deuteronomy,minor,transition_bucket_shape,taam_events
P<=4_A2_C0,P<=4_A2_C0,72,0.12020033,0.1569142,0.76602587,deuteronomy,minor,transition_bucket_shape,taam_events
P<=4_A4_C0,P5-6_A5_C0,64,0.0802005,0.06743637,1.18927669,deuteronomy,minor,transition_bucket_shape,taam_events
P<=4_A4_C0,P<=4_A0-1_C0,64,0.0802005,0.05930202,1.35240757,deuteronomy,minor,transition_bucket_shape,taam_events
P5-6_A6-7_C0,P<=4_A3_C0,63,0.26694915,0.24560483,1.08690515,deuteronomy,minor,transition_bucket_shape,taam_events
P<=4_A3_C0,P5-6_A6-7_C0,60,0.06417112,0.061926,1.03625487,deuteronomy,minor,transition_bucket_shape,taam_events
P<=4_A3_C0,P<=4_A5_C0,58,0.06203209,0.05667804,1.09446425,deuteronomy,minor,transition_bucket_shape,taam_events
P<=4_A0-1_C0,P<=4_A3_C0,56,0.24778761,0.24560483,1.00888738,deuteronomy,minor,transition_bucket_shape,taam_events
P<=4_A5_C0,P<=4_A3_C0,51,0.23611111,0.24560483,0.96134556,deuteronomy,minor,transition_bucket_shape,taam_events
P<=4_A3_C0,P5-6_A5_C0,48,0.0513369,0.06743637,0.76126428,deuteronomy,minor,transition_bucket_shape,taam_events
P5-6_A5_C0,P<=4_A3_C0,48,0.18677043,0.24560483,0.76045096,deuteronomy,minor,transition_bucket_shape,taam_events
P<=4_A3_C0,P<=4_A0-1_C0,46,0.04919786,0.05930202,0.82961526,deuteronomy,minor,transition_bucket_shape,taam_events
P5-6_A5_C0,P<=4_A2_C0,46,0.17898833,0.1569142,1.14067644,deuteronomy,minor,transition_bucket_shape,taam_events
P5-6_A6-7_C0,P<=4_A2_C0,44,0.18644068,0.1569142,1.1881696,deuteronomy,minor,transition_bucket_shape,taam_events
P<=4_A3_C0,P5-6_A4_C0,43,0.0459893,0.05195487,0.88517798,deuteronomy,minor,transition_bucket_shape,taam_events
P<=4_A4_C0,P5-6_A6-7_C0,43,0.05388471,0.061926,0.87014677,deuteronomy,minor,transition_bucket_shape,taam_events
P5-6_A4_C0,P<=4_A4_C0,42,0.21212121,0.20939386,1.01302499,deuteronomy,minor,transition_bucket_shape,taam_events
P5-6_A5_C0,P<=4_A4_C0,41,0.15953307,0.20939386,0.76188038,deuteronomy,minor,transition_bucket_shape,taam_events
P5-6_A4_C0,P<=4_A3_C0,38,0.19191919,0.24560483,0.78141457,deuteronomy,minor,transition_bucket_shape,taam_events
P<=4_A4_C0,P7-9_A6-7_C0,38,0.04761905,0.03306219,1.44028723,deuteronomy,minor,transition_bucket_shape,taam_events
P5-6_A4_C0,P<=4_A2_C0,37,0.18686869,0.1569142,1.19089727,deuteronomy,minor,transition_bucket_shape,taam_events
P7-9_A6-7_C0,P<=4_A3_C0,37,0.29365079,0.24560483,1.19562305,deuteronomy,minor,transition_bucket_shape,taam_events
P<=4_A2_C0,P5-6_A5_C0,36,0.06010017,0.06743637,0.89121298,deuteronomy,minor,transition_bucket_shape,taam_events
P5-6_A6-7_C0,P<=4_A4_C0,36,0.15254237,0.20939386,0.72849497,deuteronomy,minor,transition_bucket_shape,taam_events
P<=4_A5_C0,P<=4_A2_C0,35,0.16203704,0.1569142,1.0326474,deuteronomy,minor,transition_bucket_shape,taam_events
P<=4_A2_C0,P<=4_A5_C0,34,0.05676127,0.05667804,1.0014685,deuteronomy,minor,transition_bucket_shape,taam_events
P<=4_A0-1_C0,P<=4_A4_C0,34,0.15044248,0.20939386,0.71846652,deuteronomy,minor,transition_bucket_shape,taam_events
P<=4_A5_C0,P<=4_A4_C0,34,0.15740741,0.20939386,0.75172886,deuteronomy,minor,transition_bucket_shape,taam_events
P<=4_A0-1_C0,P<=4_A2_C0,33,0.1460177,0.1569142,0.93055761,deuteronomy,minor,transition_bucket_shape,taam_events
P<=4_A4_C0,P<=4_A5_C0,33,0.04135338,0.05667804,0.72961919,deuteronomy,minor,transition_bucket_shape,taam_events
P<=4_A2_C0,P5-6_A4_C0,31,0.05175292,0.05195487,0.99611305,deuteronomy,minor,transition_bucket_shape,taam_events
P<=4_A2_C0,P5-6_A6-7_C0,31,0.05175292,0.061926,0.83572197,deuteronomy,minor,transition_bucket_shape,taam_events
P<=4_A4_C0,P5-6_A4_C0,30,0.03759398,0.05195487,0.72358928,deuteronomy,minor,transition_bucket_shape,taam_events
P<=4_A0-1_C0,P5-6_A6-7_C0,26,0.11504425,0.061926,1.85776961,deuteronomy,minor,transition_bucket_shape,taam_events
P<=4_A5_C0,P<=4_A0-1_C0,25,0.11574074,0.05930202,1.95171665,deuteronomy,minor,transition_bucket_shape,taam_events
P<=4_A0-1_C0,P5-6_A5_C0,25,0.11061947,0.06743637,1.64035329,deuteronomy,minor,transition_bucket_shape,taam_events
P5-6_A5_C0,P<=4_A5_C0,24,0.09338521,0.05667804,1.64764375,deuteronomy,minor,transition_bucket_shape,taam_events
P7-9_A6-7_C0,P<=4_A2_C0,23,0.18253968,0.1569142,1.16330891,deuteronomy,minor,transition_bucket_shape,taam_events
P<=4_A2_C0,P7-9_A6-7_C0,21,0.03505843,0.03306219,1.06037841,deuteronomy,minor,transition_bucket_shape,taam_events
P5-6_A5_C0,P5-6_A5_C0,20,0.07782101,0.06743637,1.15399173,deuteronomy,minor,transition_bucket_shape,taam_events
P7-9_A6-7_C0,P<=4_A4_C0,20,0.15873016,0.20939386,0.75804591,deuteronomy,minor,transition_bucket_shape,taam_events
P5-6_A5_C0,P5-6_A6-7_C0,19,0.07392996,0.061926,1.19384357,deuteronomy,minor,transition_bucket_shape,taam_events
P5-6_A5_C0,P5-6_A4_C0,18,0.07003891,0.05195487,1.34807216,deuteronomy,minor,transition_bucket_shape,taam_events
P5-6_A5_C0,P<=4_A0-1_C0,18,0.07003891,0.05930202,1.18105437,deuteronomy,minor,transition_bucket_shape,taam_events
P5-6_A6-7_C0,P5-6_A5_C0,17,0.0720339,0.06743637,1.06817582,deuteronomy,minor,transition_bucket_shape,taam_events
P5-6_A6-7_C0,P<=4_A0-1_C0,17,0.0720339,0.05930202,1.21469552,deuteronomy,minor,transition_bucket_shape,taam_events
P<=4_A3_C0,P7-9_A6-7_C0,17,0.01818182,0.03306219,0.54992785,deuteronomy,minor,transition_bucket_shape,taam_events
P5-6_A4_C0,P5-6_A4_C0,16,0.08080808,0.05195487,1.55535149,deuteronomy,minor,transition_bucket_shape,taam_events
P<=4_A2_C0,P<=4_A0-1_C0,16,0.02671119,0.05930202,0.45042623,deuteronomy,minor,transition_bucket_shape,taam_events
P<=4_A3_C0,P7-9_A8+_C0,15,0.01604278,0.01731829,0.92634905,deuteronomy,minor,transition_bucket_shape,taam_events
P<=4_A2_C0,P7-9_A8+_C0,15,0.02504174,0.01731829,1.44597056,deuteronomy,minor,transition_bucket_shape,taam_events
P7-9_A8+_C0,P<=4_A4_C0,15,0.22727273,0.20939386,1.08538391,deuteronomy,minor,transition_bucket_shape,taam_events
P<=4_A4_C0,P7-9_A8+_C0,15,0.01879699,0.01731829,1.08538391,deuteronomy,minor,transition_bucket_shape,taam_events
P<=4_A5_C0,P<=4_A5_C0,15,0.06944444,0.05667804,1.22524434,deuteronomy,minor,transition_bucket_shape,taam_events
P<=4_A0-1_C0,P5-6_A4_C0,15,0.06637168,0.05195487,1.27748726,deuteronomy,minor,transition_bucket_shape,taam_events
P5-6_A4_C0,P5-6_A6-7_C0,14,0.07070707,0.061926,1.14179935,deuteronomy,minor,transition_bucket_shape,taam_events
P<=4_A5_C0,P5-6_A4_C0,14,0.06481481,0.05195487,1.24752151,deuteronomy,minor,transition_bucket_shape,taam_events
P5-6_A4_C0,P<=4_A0-1_C0,14,0.07070707,0.05930202,1.19232144,deuteronomy,minor,transition_bucket_shape,taam_events
P<=4_A5_C0,P5-6_A6-7_C0,14,0.06481481,0.061926,1.0466494,deuteronomy,minor,transition_bucket_shape,taam_events
P5-6_A6-7_C0,P5-6_A4_C0,13,0.05508475,0.05195487,1.06024225,deuteronomy,minor,transition_bucket_shape,taam_events
P7-9_A8+_C0,P<=4_A3_C0,12,0.18181818,0.24560483,0.74028749,deuteronomy,minor,transition_bucket_shape,taam_events
P5-6_A6-7_C0,P5-6_A6-7_C0,12,0.05084746,0.061926,0.82110026,deuteronomy,minor,transition_bucket_shape,taam_events
P7-9_A8+_C0,P<=4_A2_C0,12,0.18181818,0.1569142,1.15871085,deuteronomy,minor,transition_bucket_shape,taam_events
P<=4_A5_C0,P5-6_A5_C0,12,0.05555556,0.06743637,0.82382188,deuteronomy,minor,transition_bucket_shape,taam_events
P5-6_A5_C0,P7-9_A6-7_C0,11,0.04280156,0.03306219,1.29457723,deuteronomy,minor,transition_bucket_shape,taam_events
P5-6_A6-7_C0,P<=4_A5_C0,11,0.04661017,0.05667804,0.82236739,deuteronomy,minor,transition_bucket_shape,taam_events
P<=4_A0-1_C0,P<=4_A5_C0,11,0.04867257,0.05667804,0.85875533,deuteronomy,minor,transition_bucket_shape,taam_events
P<=4_A3_C0,P5-6_A3_C0,11,0.01176471,0.00892154,1.31868512,deuteronomy,minor,transition_bucket_shape,taam_events
P10-12_A8+_C0,P<=4_A3_C0,11,0.25,0.24560483,1.0178953,deuteronomy,minor,transition_bucket_shape,taam_events
P10-12_A8+_C0,P<=4_A4_C0,10,0.22727273,0.20939386,1.08538391,deuteronomy,minor,transition_bucket_shape,taam_events
P5-6_A4_C0,P<=4_A5_C0,10,0.05050505,0.05667804,0.89108679,deuteronomy,minor,transition_bucket_shape,taam_events
P<=4_A3_C0,P10-12_A8+_C0,10,0.01069519,0.01154553,0.92634905,deuteronomy,minor,transition_bucket_shape,taam_events
P<=4_A6-7_C0,P<=4_A3_C0,10,0.37037037,0.24560483,1.50799304,deuteronomy,minor,transition_bucket_shape,taam_events
P<=4_A2_C0,P10-12_A8+_C0,9,0.01502504,0.01154553,1.3013735,deuteronomy,minor,transition_bucket_shape,taam_events
P5-6_A3_C0,P<=4_A4_C0,9,0.26470588,0.20939386,1.26415303,deuteronomy,minor,transition_bucket_shape,taam_events
P<=4_A0-1_C0,P7-9_A6-7_C0,9,0.03982301,0.03306219,1.20448799,deuteronomy,minor,transition_bucket_shape,taam_events
P<=4_A4_C0,P10-12_A8+_C0,9,0.0112782,0.01154553,0.97684552,deuteronomy,minor,transition_bucket_shape,taam_events
P7-9_A6-7_C0,P<=4_A0-1_C0,8,0.06349206,0.05930202,1.07065599,deuteronomy,minor,transition_bucket_shape,taam_events
P5-6_A4_C0,P5-6_A5_C0,8,0.04040404,0.06743637,0.59914318,deuteronomy,minor,transition_bucket_shape,taam_events
P7-9_A6-7_C0,P<=4_A5_C0,8,0.06349206,0.05667804,1.1202234,deuteronomy,minor,transition_bucket_shape,taam_events
P5-6_A6-7_C0,P7-9_A6-7_C0,7,0.02966102,0.03306219,0.89712806,deuteronomy,minor,transition_bucket_shape,taam_events
P5-6_A3_C0,P<=4_A3_C0,7,0.20588235,0.24560483,0.83826672,deuteronomy,minor,transition_bucket_shape,taam_events
P<=4_A6-7_C0,P<=4_A2_C0,7,0.25925926,0.1569142,1.65223585,deuteronomy,minor,transition_bucket_shape,taam_events
P<=4_A3_C0,P7-9_A5_C0,7,0.00748663,0.00682236,1.09736734,deuteronomy,minor,transition_bucket_shape,taam_events
P7-9_A5_C0,P<=4_A2_C0,7,0.26923077,0.1569142,1.71578338,deuteronomy,minor,transition_bucket_shape,taam_events
P10-12_A8+_C0,P<=4_A2_C0,7,0.15909091,0.1569142,1.013872,deuteronomy,minor,transition_bucket_shape,taam_events
P<=4_A4_C0,P5-6_A3_C0,6,0.0075188,0.00892154,0.84276869,deuteronomy,minor,transition_bucket_shape,taam_events
P10-12_A8+_C0,P5-6_A5_C0,6,0.13636364,0.06743637,2.02210824,deuteronomy,minor,transition_bucket_shape,taam_events
P5-6_A4_C0,P7-9_A6-7_C0,6,0.03030303,0.03306219,0.91654642,deuteronomy,minor,transition_bucket_shape,taam_events
P7-9_A8+_C0,P5-6_A4_C0,6,0.09090909,0.05195487,1.74977043,deuteronomy,minor,transition_bucket_shape,taam_events
P7-9_A8+_C0,P5-6_A5_C0,6,0.09090909,0.06743637,1.34807216,deuteronomy,minor,transition_bucket_shape,taam_events
P7-9_A6-7_C0,P7-9_A6-7_C0,6,0.04761905,0.03306219,1.44028723,deuteronomy,minor,transition_bucket_shape,taam_events
P5-6_A4_C0,P7-9_A8+_C0,6,0.03030303,0.01731829,1.74977043,deuteronomy,minor,transition_bucket_shape,taam_events
P7-9_A6-7_C0,P5-6_A5_C0,5,0.03968254,0.06743637,0.5884442,deuteronomy,minor,transition_bucket_shape,taam_events
P<=4_A4_C0,P7-9_A5_C0,5,0.00626566,0.00682236,0.91840177,deuteronomy,minor,transition_bucket_shape,taam_events
P7-9_A6-7_C0,P5-6_A6-7_C0,5,0.03968254,0.061926,0.64080576,deuteronomy,minor,transition_bucket_shape,taam_events
P<=4_A2_C0,P5-6_A3_C0,5,0.00834725,0.00892154,0.93562801,deuteronomy,minor,transition_bucket_shape,taam_events
P<=4_A2_C0,P<=4_A6-7_C0,5,0.00834725,0.00708475,1.17819823,deuteronomy,minor,transition_bucket_shape,taam_events
P<=4_A4_C0,P<=4_A6-7_C0,5,0.00626566,0.00708475,0.88438689,deuteronomy,minor,transition_bucket_shape,taam_events
P<=4_A2_C0,P7-9_A5_C0,5,0.00834725,0.00682236,1.22351355,deuteronomy,minor,transition_bucket_shape,taam_events
P<=4_A0-1_C0,P<=4_A0-1_C0,4,0.01769912,0.05930202,0.2984572,deuteronomy,minor,transition_bucket_shape,taam_events
P<=4_A5_C0,P7-9_A6-7_C0,4,0.01851852,0.03306219,0.5601117,deuteronomy,minor,transition_bucket_shape,taam_events
P5-6_A6-7_C0,P7-9_A5_C0,4,0.01694915,0.00682236,2.48435463,deuteronomy,minor,transition_bucket_shape,taam_events
P7-9_A5_C0,P5-6_A6-7_C0,4,0.15384615,0.061926,2.48435463,deuteronomy,minor,transition_bucket_shape,taam_events
P7-9_A6-7_C0,P5-6_A4_C0,4,0.03174603,0.05195487,0.61103094,deuteronomy,minor,transition_bucket_shape,taam_events
P5-6_A6-7_C0,P10-12_A8+_C0,4,0.01694915,0.01154553,1.46802773,deuteronomy,minor,transition_bucket_shape,taam_events
P<=4_A0-1_C0,P5-6_A3_C0,4,0.01769912,0.00892154,1.98386257,deuteronomy,minor,transition_bucket_shape,taam_events
P5-6_A3_C0,P5-6_A5_C0,4,0.11764706,0.06743637,1.74456397,deuteronomy,minor,transition_bucket_shape,taam_events
P5-6_A5_C0,P7-9_A8+_C0,4,0.0155642,0.01731829,0.89871477,deuteronomy,minor,transition_bucket_shape,taam_events
P5-6_A3_C0,P5-6_A6-7_C0,4,0.11764706,0.061926,1.8998006,deuteronomy,minor,transition_bucket_shape,taam_events
P7-9_A5_C0,P<=4_A3_C0,4,0.15384615,0.24560483,0.62639711,deuteronomy,minor,transition_bucket_shape,taam_events
P5-6_A3_C0,P<=4_A5_C0,4,0.11764706,0.05667804,2.07570806,deuteronomy,minor,transition_bucket_shape,taam_events
P<=4_A3_C0,P<=4_A6-7_C0,3,0.00320856,0.00708475,0.45288176,deuteronomy,minor,transition_bucket_shape,taam_events
P<=4_A6-7_C0,P<=4_A0-1_C0,3,0.11111111,0.05930202,1.87364798,deuteronomy,minor,transition_bucket_shape,taam_events
P7-9_A8+_C0,P<=4_A5_C0,3,0.04545455,0.05667804,0.80197811,deuteronomy,minor,transition_bucket_shape,taam_events
P<=4_A5_C0,P7-9_A5_C0,3,0.01388889,0.00682236,2.0357906,deuteronomy,minor,transition_bucket_shape,taam_events
P7-9_A5_C0,P5-6_A5_C0,3,0.11538462,0.06743637,1.71101467,deuteronomy,minor,transition_bucket_shape,taam_events
P10-12_A8+_C0,P<=4_A0-1_C0,3,0.06818182,0.05930202,1.14973854,deuteronomy,minor,transition_bucket_shape,taam_events
P<=4_A4_C0,P5-6_A8+_C0,3,0.0037594,0.00183679,2.04672395,deuteronomy,minor,transition_bucket_shape,taam_events
P5-6_A8+_C0,P<=4_A3_C0,3,0.42857143,0.24560483,1.74496337,deuteronomy,minor,transition_bucket_shape,taam_events
P13-15_A8+_C0,P<=4_A4_C0,3,0.75,0.20939386,3.58176692,deuteronomy,minor,transition_bucket_shape,taam_events
P<=4_A0-1_C0,P<=4_A6-7_C0,3,0.01327434,0.00708475,1.87364798,deuteronomy,minor,transition_bucket_shape,taam_events
P7-9_A6-7_C0,P<=4_A6-7_C0,3,0.02380952,0.00708475,3.36067019,deuteronomy,minor,transition_bucket_shape,taam_events
P10-12_A8+_C0,P5-6_A4_C0,3,0.06818182,0.05195487,1.31232782,deuteronomy,minor,transition_bucket_shape,taam_events
P7-9_A6-7_C0,P7-9_A8+_C0,3,0.02380952,0.01731829,1.37481962,deuteronomy,minor,transition_bucket_shape,taam_events
P7-9_A8+_C0,P<=4_A0-1_C0,3,0.04545455,0.05930202,0.76649236,deuteronomy,minor,transition_bucket_shape,taam_events
P<=4_A0-1_C0,P10-12_A8+_C0,3,0.01327434,0.01154553,1.14973854,deuteronomy,minor,transition_bucket_shape,taam_events
P5-6_A6-7_C0,P7-9_A8+_C0,3,0.01271186,0.01731829,0.73401387,deuteronomy,minor,transition_bucket_shape,taam_events
P7-9_A8+_C0,P7-9_A6-7_C0,3,0.04545455,0.03306219,1.37481962,deuteronomy,minor,transition_bucket_shape,taam_events
P7-9_A8+_C0,P5-6_A6-7_C0,3,0.04545455,0.061926,0.73401387,deuteronomy,minor,transition_bucket_shape,taam_events
P3_A3_C0,P3_A3_C0,89,0.16211293,0.14431908,1.12329525,deuteronomy,minor,transition_exact_shape,taam_events
P3_A3_C0,P3_A4_C0,79,0.143898,0.10417213,1.38134827,deuteronomy,minor,transition_exact_shape,taam_events
P3_A4_C0,P3_A3_C0,62,0.15617128,0.14431908,1.08212503,deuteronomy,minor,transition_exact_shape,taam_events
P2_A2_C0,P3_A3_C0,61,0.14558473,0.14431908,1.0087698,deuteronomy,minor,transition_exact_shape,taam_events
P4_A4_C0,P3_A3_C0,56,0.15053763,0.14431908,1.04308895,deuteronomy,minor,transition_exact_shape,taam_events
P3_A3_C0,P2_A2_C0,55,0.10018215,0.1096825,0.91338318,deuteronomy,minor,transition_exact_shape,taam_events
P3_A3_C0,P4_A4_C0,54,0.09836066,0.09761218,1.0076679,deuteronomy,minor,transition_exact_shape,taam_events
P2_A2_C0,P3_A4_C0,54,0.12887828,0.10417213,1.23716658,deuteronomy,minor,transition_exact_shape,taam_events
P3_A4_C0,P2_A2_C0,49,0.12342569,0.1096825,1.1252998,deuteronomy,minor,transition_exact_shape,taam_events
P4_A4_C0,P2_A2_C0,46,0.12365591,0.1096825,1.12739878,deuteronomy,minor,transition_exact_shape,taam_events
P3_A4_C0,P4_A4_C0,42,0.10579345,0.09761218,1.08381409,deuteronomy,minor,transition_exact_shape,taam_events
P2_A2_C0,P4_A4_C0,41,0.09785203,0.09761218,1.00245721,deuteronomy,minor,transition_exact_shape,taam_events
P4_A4_C0,P4_A4_C0,39,0.10483871,0.09761218,1.07403313,deuteronomy,minor,transition_exact_shape,taam_events
P3_A4_C0,P3_A4_C0,37,0.09319899,0.10417213,0.89466338,deuteronomy,minor,transition_exact_shape,taam_events
P4_A4_C0,P3_A4_C0,37,0.09946237,0.10417213,0.9547886,deuteronomy,minor,transition_exact_shape,taam_events
P1_A1_C0,P3_A3_C0,35,0.18918919,0.14431908,1.31090909,deuteronomy,minor,transition_exact_shape,taam_events
P2_A2_C0,P2_A2_C0,35,0.08353222,0.1096825,0.76158203,deuteronomy,minor,transition_exact_shape,taam_events
P3_A3_C0,P2_A3_C0,34,0.06193078,0.04460771,1.38834244,deuteronomy,minor,transition_exact_shape,taam_events
P3_A4_C0,P5_A5_C0,30,0.07556675,0.04775649,1.58233454,deuteronomy,minor,transition_exact_shape,taam_events
P2_A2_C0,P2_A3_C0,30,0.07159905,0.04460771,1.60508213,deuteronomy,minor,transition_exact_shape,taam_events
P3_A3_C0,P4_A5_C0,29,0.05282332,0.04539491,1.16363962,deuteronomy,minor,transition_exact_shape,taam_events
P3_A4_C0,P1_A1_C0,28,0.07052897,0.04854369,1.45289673,deuteronomy,minor,transition_exact_shape,taam_events
P3_A3_C0,P1_A1_C0,26,0.04735883,0.04854369,0.97559199,deuteronomy,minor,transition_exact_shape,taam_events
P4_A3_C0,P3_A4_C0,25,0.11574074,0.10417213,1.1110528,deuteronomy,minor,transition_exact_shape,taam_events
P2_A3_C0,P3_A3_C0,25,0.14705882,0.14431908,1.01898396,deuteronomy,minor,transition_exact_shape,taam_events
P4_A3_C0,P3_A3_C0,25,0.11574074,0.14431908,0.80197811,deuteronomy,minor,transition_exact_shape,taam_events
P4_A4_C0,P1_A1_C0,25,0.0672043,0.04854369,1.3844086,deuteronomy,minor,transition_exact_shape,taam_events
P3_A2_C0,P3_A3_C0,25,0.22522523,0.14431908,1.56060606,deuteronomy,minor,transition_exact_shape,taam_events
P3_A3_C0,P5_A5_C0,24,0.04371585,0.04775649,0.91539062,deuteronomy,minor,transition_exact_shape,taam_events
P2_A2_C0,P4_A5_C0,24,0.05727924,0.04539491,1.26179867,deuteronomy,minor,transition_exact_shape,taam_events
P5_A5_C0,P2_A2_C0,24,0.13186813,0.1096825,1.20227141,deuteronomy,minor,transition_exact_shape,taam_events
P3_A3_C0,P4_A3_C0,24,0.04371585,0.05667804,0.77130136,deuteronomy,minor,transition_exact_shape,taam_events
P5_A4_C0,P3_A3_C0,24,0.13559322,0.14431908,0.93953775,deuteronomy,minor,transition_exact_shape,taam_events
P1_A1_C0,P2_A2_C0,23,0.12432432,0.1096825,1.13349282,deuteronomy,minor,transition_exact_shape,taam_events
P3_A3_C0,P5_A4_C0,23,0.04189435,0.0464445,0.9020304,deuteronomy,minor,transition_exact_shape,taam_events
P5_A4_C0,P3_A4_C0,23,0.1299435,0.10417213,1.24739216,deuteronomy,minor,transition_exact_shape,taam_events
P4_A5_C0,P3_A3_C0,22,0.12716763,0.14431908,0.88115607,deuteronomy,minor,transition_exact_shape,taam_events
P2_A2_C0,P4_A3_C0,22,0.05250597,0.05667804,0.92638999,deuteronomy,minor,transition_exact_shape,taam_events
P4_A3_C0,P4_A4_C0,22,0.10185185,0.09761218,1.04343389,deuteronomy,minor,transition_exact_shape,taam_events
P5_A4_C0,P2_A2_C0,22,0.12429379,0.1096825,1.13321439,deuteronomy,minor,transition_exact_shape,taam_events
P2_A3_C0,P4_A4_C0,22,0.12941176,0.09761218,1.32577483,deuteronomy,minor,transition_exact_shape,taam_events
P2_A2_C0,P5_A5_C0,21,0.05011933,0.04775649,1.04947678,deuteronomy,minor,transition_exact_shape,taam_events
P4_A3_C0,P4_A3_C0,21,0.09722222,0.05667804,1.71534208,deuteronomy,minor,transition_exact_shape,taam_events
P3_A2_C0,P3_A4_C0,20,0.18018018,0.10417213,1.72963896,deuteronomy,minor,transition_exact_shape,taam_events
P4_A3_C0,P2_A2_C0,19,0.08796296,0.1096825,0.80197811,deuteronomy,minor,transition_exact_shape,taam_events
P4_A4_C0,P4_A5_C0,19,0.05107527,0.04539491,1.12513208,deuteronomy,minor,transition_exact_shape,taam_events
P2_A3_C0,P2_A2_C0,18,0.10588235,0.1096825,0.96535322,deuteronomy,minor,transition_exact_shape,taam_events
P4_A5_C0,P2_A2_C0,18,0.10404624,0.1096825,0.94861299,deuteronomy,minor,transition_exact_shape,taam_events
P2_A2_C0,P5_A4_C0,18,0.04295943,0.0464445,0.92496258,deuteronomy,minor,transition_exact_shape,taam_events
P3_A4_C0,P4_A3_C0,18,0.04534005,0.05667804,0.79995802,deuteronomy,minor,transition_exact_shape,taam_events
P3_A4_C0,P5_A4_C0,17,0.04282116,0.0464445,0.92198551,deuteronomy,minor,transition_exact_shape,taam_events
P1_A1_C0,P4_A4_C0,17,0.09189189,0.09761218,0.94139785,deuteronomy,minor,transition_exact_shape,taam_events
P4_A4_C0,P4_A3_C0,17,0.04569892,0.05667804,0.80628982,deuteronomy,minor,transition_exact_shape,taam_events
P2_A3_C0,P3_A4_C0,16,0.09411765,0.10417213,0.903482,deuteronomy,minor,transition_exact_shape,taam_events
P5_A5_C0,P3_A4_C0,16,0.08791209,0.10417213,0.84391176,deuteronomy,minor,transition_exact_shape,taam_events
P3_A3_C0,P3_A2_C0,16,0.0291439,0.02912621,1.00060716,deuteronomy,minor,transition_exact_shape,taam_events
P2_A3_C0,P2_A3_C0,15,0.08823529,0.04460771,1.97802768,deuteronomy,minor,transition_exact_shape,taam_events
P4_A4_C0,P5_A6_C0,15,0.04032258,0.02361585,1.70743728,deuteronomy,minor,transition_exact_shape,taam_events
P5_A5_C0,P4_A5_C0,15,0.08241758,0.04539491,1.81556882,deuteronomy,minor,transition_exact_shape,taam_events
P4_A5_C0,P1_A1_C0,15,0.0867052,0.04854369,1.78612717,deuteronomy,minor,transition_exact_shape,taam_events
P6_A6_C0,P3_A3_C0,15,0.16483516,0.14431908,1.14215784,deuteronomy,minor,transition_exact_shape,taam_events
P5_A5_C0,P4_A4_C0,14,0.07692308,0.09761218,0.78804797,deuteronomy,minor,transition_exact_shape,taam_events
P4_A4_C0,P5_A5_C0,14,0.03763441,0.04775649,0.78804797,deuteronomy,minor,transition_exact_shape,taam_events
P5_A5_C0,P3_A3_C0,14,0.07692308,0.14431908,0.53300699,deuteronomy,minor,transition_exact_shape,taam_events
P1_A1_C0,P4_A3_C0,14,0.07567568,0.05667804,1.33518519,deuteronomy,minor,transition_exact_shape,taam_events
P4_A4_C0,P2_A3_C0,13,0.03494624,0.04460771,0.7834124,deuteronomy,minor,transition_exact_shape,taam_events
P5_A4_C0,P4_A4_C0,13,0.07344633,0.09761218,0.75242999,deuteronomy,minor,transition_exact_shape,taam_events
P4_A5_C0,P4_A3_C0,13,0.07514451,0.05667804,1.32581353,deuteronomy,minor,transition_exact_shape,taam_events
P3_A4_C0,P6_A6_C0,13,0.03274559,0.02387825,1.3713566,deuteronomy,minor,transition_exact_shape,taam_events
P1_A1_C0,P5_A5_C0,13,0.07027027,0.04775649,1.47142857,deuteronomy,minor,transition_exact_shape,taam_events
P5_A4_C0,P1_A1_C0,13,0.07344633,0.04854369,1.51299435,deuteronomy,minor,transition_exact_shape,taam_events
P4_A3_C0,P4_A5_C0,13,0.06018519,0.04539491,1.32581353,deuteronomy,minor,transition_exact_shape,taam_events
P5_A5_C0,P4_A3_C0,12,0.06593407,0.05667804,1.16330891,deuteronomy,minor,transition_exact_shape,taam_events
P3_A3_C0,P5_A6_C0,12,0.02185792,0.02361585,0.92556163,deuteronomy,minor,transition_exact_shape,taam_events
P3_A4_C0,P2_A3_C0,12,0.0302267,0.04460771,0.6776115,deuteronomy,minor,transition_exact_shape,taam_events
P3_A4_C0,P3_A2_C0,12,0.0302267,0.02912621,1.03778338,deuteronomy,minor,transition_exact_shape,taam_events
P1_A1_C0,P3_A4_C0,11,0.05945946,0.10417213,0.57078086,deuteronomy,minor,transition_exact_shape,taam_events
P2_A2_C0,P5_A6_C0,11,0.02625298,0.02361585,1.11166799,deuteronomy,minor,transition_exact_shape,taam_events
P6_A6_C0,P2_A2_C0,11,0.12087912,0.1096825,1.10208213,deuteronomy,minor,transition_exact_shape,taam_events
P4_A5_C0,P3_A4_C0,11,0.06358382,0.10417213,0.61037259,deuteronomy,minor,transition_exact_shape,taam_events
P1_A2_C0,P3_A4_C0,11,0.21153846,0.10417213,2.03066266,deuteronomy,minor,transition_exact_shape,taam_events
P4_A5_C0,P5_A4_C0,11,0.06358382,0.0464445,1.36902779,deuteronomy,minor,transition_exact_shape,taam_events
P4_A3_C0,P2_A3_C0,11,0.05092593,0.04460771,1.14163943,deuteronomy,minor,transition_exact_shape,taam_events
P3_A3_C0,P6_A6_C0,11,0.02003643,0.02387825,0.83910807,deuteronomy,minor,transition_exact_shape,taam_events
P5_A5_C0,P5_A5_C0,11,0.06043956,0.04775649,1.26557783,deuteronomy,minor,transition_exact_shape,taam_events
P4_A5_C0,P3_A2_C0,10,0.05780347,0.02912621,1.98458574,deuteronomy,minor,transition_exact_shape,taam_events
P6_A6_C0,P4_A3_C0,10,0.10989011,0.05667804,1.93884819,deuteronomy,minor,transition_exact_shape,taam_events
P3_A2_C0,P4_A4_C0,10,0.09009009,0.09761218,0.92293907,deuteronomy,minor,transition_exact_shape,taam_events
P3_A2_C0,P2_A2_C0,10,0.09009009,0.1096825,0.82137161,deuteronomy,minor,transition_exact_shape,taam_events
P2_A2_C0,P6_A5_C0,10,0.02386635,0.01967987,1.21272872,deuteronomy,minor,transition_exact_shape,taam_events
P5_A6_C0,P2_A2_C0,10,0.11111111,0.1096825,1.01302499,deuteronomy,minor,transition_exact_shape,taam_events
P1_A2_C0,P3_A3_C0,10,0.19230769,0.14431908,1.33251748,deuteronomy,minor,transition_exact_shape,taam_events
P3_A4_C0,P6_A5_C0,10,0.02518892,0.01967987,1.27993283,deuteronomy,minor,transition_exact_shape,taam_events
P1_A1_C0,P5_A4_C0,10,0.05405405,0.0464445,1.16384181,deuteronomy,minor,transition_exact_shape,taam_events
P4_A4_C0,P3_A2_C0,10,0.02688172,0.02912621,0.92293907,deuteronomy,minor,transition_exact_shape,taam_events
P5_A5_C0,P5_A4_C0,9,0.04945055,0.0464445,1.06472341,deuteronomy,minor,transition_exact_shape,taam_events
P6_A7_C0,P2_A2_C0,9,0.20930233,0.1096825,1.90825637,deuteronomy,minor,transition_exact_shape,taam_events
P5_A5_C0,P1_A1_C0,9,0.04945055,0.04854369,1.01868132,deuteronomy,minor,transition_exact_shape,taam_events
P6_A6_C0,P4_A4_C0,9,0.0989011,0.09761218,1.01320454,deuteronomy,minor,transition_exact_shape,taam_events
P5_A6_C0,P1_A1_C0,9,0.1,0.04854369,2.06,deuteronomy,minor,transition_exact_shape,taam_events
P4_A4_C0,P5_A4_C0,9,0.02419355,0.0464445,0.52091307,deuteronomy,minor,transition_exact_shape,taam_events
P2_A3_C0,P5_A4_C0,9,0.05294118,0.0464445,1.13988036,deuteronomy,minor,transition_exact_shape,taam_events
P1_A1_C0,P4_A5_C0,9,0.04864865,0.04539491,1.0716763,deuteronomy,minor,transition_exact_shape,taam_events
P4_A5_C0,P4_A5_C0,9,0.05202312,0.04539491,1.14601223,deuteronomy,minor,transition_exact_shape,taam_events
P5_A6_C0,P3_A3_C0,9,0.1,0.14431908,0.69290909,deuteronomy,minor,transition_exact_shape,taam_events
P3_A4_C0,P8_A7_C0,9,0.02267003,0.00655996,3.45581864,deuteronomy,minor,transition_exact_shape,taam_events
P2_A2_C0,P3_A2_C0,9,0.02147971,0.02912621,0.73747017,deuteronomy,minor,transition_exact_shape,taam_events
P6_A5_C0,P2_A2_C0,9,0.12,0.1096825,1.09406699,deuteronomy,minor,transition_exact_shape,taam_events
P4_A5_C0,P4_A4_C0,9,0.05202312,0.09761218,0.5329573,deuteronomy,minor,transition_exact_shape,taam_events
P3_A3_C0,P3_A5_C0,9,0.01639344,0.00997114,1.64408973,deuteronomy,minor,transition_exact_shape,taam_events
P5_A6_C0,P3_A4_C0,9,0.1,0.10417213,0.95994962,deuteronomy,minor,transition_exact_shape,taam_events
P5_A4_C0,P4_A3_C0,8,0.04519774,0.05667804,0.79744716,deuteronomy,minor,transition_exact_shape,taam_events
P3_A3_C0,P6_A7_C0,8,0.01457195,0.01128313,1.29148134,deuteronomy,minor,transition_exact_shape,taam_events
P5_A5_C0,P2_A3_C0,8,0.04395604,0.04460771,0.98539108,deuteronomy,minor,transition_exact_shape,taam_events
P1_A1_C0,P6_A5_C0,8,0.04324324,0.01967987,2.19733333,deuteronomy,minor,transition_exact_shape,taam_events
P7_A7_C0,P2_A2_C0,8,0.16666667,0.1096825,1.51953748,deuteronomy,minor,transition_exact_shape,taam_events
P3_A2_C0,P5_A4_C0,8,0.07207207,0.0464445,1.55178908,deuteronomy,minor,transition_exact_shape,taam_events
P4_A3_C0,P5_A4_C0,8,0.03703704,0.0464445,0.79744716,deuteronomy,minor,transition_exact_shape,taam_events
P3_A3_C0,P1_A2_C0,8,0.01457195,0.01364471,1.06795572,deuteronomy,minor,transition_exact_shape,taam_events
P4_A3_C0,P5_A6_C0,8,0.03703704,0.02361585,1.56831276,deuteronomy,minor,transition_exact_shape,taam_events
P7_A7_C0,P3_A3_C0,8,0.16666667,0.14431908,1.15484848,deuteronomy,minor,transition_exact_shape,taam_events
P1_A1_C0,P6_A6_C0,8,0.04324324,0.02387825,1.81098901,deuteronomy,minor,transition_exact_shape,taam_events
P2_A3_C0,P4_A3_C0,8,0.04705882,0.05667804,0.83028322,deuteronomy,minor,transition_exact_shape,taam_events
P4_A3_C0,P3_A2_C0,8,0.03703704,0.02912621,1.27160494,deuteronomy,minor,transition_exact_shape,taam_events
P5_A5_C0,P6_A6_C0,7,0.03846154,0.02387825,1.61073542,deuteronomy,minor,transition_exact_shape,taam_events
P5_A4_C0,P5_A4_C0,7,0.03954802,0.0464445,0.85151138,deuteronomy,minor,transition_exact_shape,taam_events
P2_A3_C0,P6_A6_C0,7,0.04117647,0.02387825,1.72443439,deuteronomy,minor,transition_exact_shape,taam_events
P5_A6_C0,P4_A3_C0,7,0.07777778,0.05667804,1.37227366,deuteronomy,minor,transition_exact_shape,taam_events
P6_A5_C0,P3_A3_C0,7,0.09333333,0.14431908,0.64671515,deuteronomy,minor,transition_exact_shape,taam_events
P1_A1_C0,P5_A6_C0,7,0.03783784,0.02361585,1.60222222,deuteronomy,minor,transition_exact_shape,taam_events
P5_A4_C0,P4_A5_C0,7,0.03954802,0.04539491,0.8711995,deuteronomy,minor,transition_exact_shape,taam_events
P2_A2_C0,P1_A1_C0,7,0.01670644,0.04854369,0.34415274,deuteronomy,minor,transition_exact_shape,taam_events
P2_A3_C0,P5_A5_C0,7,0.04117647,0.04775649,0.86221719,deuteronomy,minor,transition_exact_shape,taam_events
P2_A2_C0,P7_A7_C0,7,0.01670644,0.01259512,1.32642204,deuteronomy,minor,transition_exact_shape,taam_events
P4_A3_C0,P2_A1_C0,7,0.03240741,0.01049593,3.08761574,deuteronomy,minor,transition_exact_shape,taam_events
P4_A2_C0,P4_A4_C0,7,0.41176471,0.09761218,4.21837445,deuteronomy,minor,transition_exact_shape,taam_events
P6_A7_C0,P3_A3_C0,6,0.13953488,0.14431908,0.96684989,deuteronomy,minor,transition_exact_shape,taam_events
P4_A4_C0,P5_A3_C0,6,0.01612903,0.00892154,1.80787476,deuteronomy,minor,transition_exact_shape,taam_events
P5_A3_C0,P4_A4_C0,6,0.17647059,0.09761218,1.80787476,deuteronomy,minor,transition_exact_shape,taam_events
P5_A4_C0,P5_A5_C0,6,0.03389831,0.04775649,0.70981561,deuteronomy,minor,transition_exact_shape,taam_events
P7_A6_C0,P3_A3_C0,6,0.1875,0.14431908,1.29920455,deuteronomy,minor,transition_exact_shape,taam_events
P5_A6_C0,P5_A4_C0,6,0.06666667,0.0464445,1.4354049,deuteronomy,minor,transition_exact_shape,taam_events
P1_A2_C0,P4_A3_C0,6,0.11538462,0.05667804,2.0357906,deuteronomy,minor,transition_exact_shape,taam_events
P4_A4_C0,P6_A5_C0,6,0.01612903,0.01967987,0.81956989,deuteronomy,minor,transition_exact_shape,taam_events
P5_A6_C0,P6_A6_C0,6,0.06666667,0.02387825,2.79194139,deuteronomy,minor,transition_exact_shape,taam_events
P4_A3_C0,P1_A1_C0,6,0.02777778,0.04854369,0.57222222,deuteronomy,minor,transition_exact_shape,taam_events
P6_A5_C0,P5_A4_C0,6,0.08,0.0464445,1.72248588,deuteronomy,minor,transition_exact_shape,taam_events
P5_A4_C0,P3_A2_C0,6,0.03389831,0.02912621,1.16384181,deuteronomy,minor,transition_exact_shape,taam_events
P4_A5_C0,P2_A4_C0,6,0.03468208,0.00760955,4.55770381,deuteronomy,minor,transition_exact_shape,taam_events
P4_A4_C0,P7_A6_C0,6,0.01612903,0.00839675,1.92086694,deuteronomy,minor,transition_exact_shape,taam_events
P4_A4_C0,P6_A6_C0,6,0.01612903,0.02387825,0.67546969,deuteronomy,minor,transition_exact_shape,taam_events
P4_A5_C0,P5_A5_C0,6,0.03468208,0.04775649,0.72622753,deuteronomy,minor,transition_exact_shape,taam_events
P3_A4_C0,P2_A1_C0,6,0.01511335,0.01049593,1.43992443,deuteronomy,minor,transition_exact_shape,taam_events
P4_A5_C0,P2_A3_C0,6,0.03468208,0.04460771,0.77749065,deuteronomy,minor,transition_exact_shape,taam_events
P3_A5_C0,P3_A3_C0,6,0.15789474,0.14431908,1.09406699,deuteronomy,minor,transition_exact_shape,taam_events
P7_A7_C0,P4_A3_C0,6,0.125,0.05667804,2.20543981,deuteronomy,minor,transition_exact_shape,taam_events
P3_A4_C0,P7_A7_C0,6,0.01511335,0.01259512,1.19993703,deuteronomy,minor,transition_exact_shape,taam_events
P5_A4_C0,P6_A6_C0,5,0.02824859,0.02387825,1.18302601,deuteronomy,minor,transition_exact_shape,taam_events
P4_A3_C0,P5_A5_C0,5,0.02314815,0.04775649,0.48471205,deuteronomy,minor,transition_exact_shape,taam_events
P2_A2_C0,P6_A7_C0,5,0.01193317,0.01128313,1.05761226,deuteronomy,minor,transition_exact_shape,taam_events
P5_A4_C0,P2_A3_C0,5,0.02824859,0.04460771,0.63326687,deuteronomy,minor,transition_exact_shape,taam_events
P1_A2_C0,P2_A2_C0,5,0.09615385,0.1096825,0.87665624,deuteronomy,minor,transition_exact_shape,taam_events
P5_A4_C0,P1_A2_C0,5,0.02824859,0.01364471,2.07029552,deuteronomy,minor,transition_exact_shape,taam_events
P5_A6_C0,P4_A4_C0,5,0.05555556,0.09761218,0.56914576,deuteronomy,minor,transition_exact_shape,taam_events
P6_A5_C0,P4_A5_C0,5,0.06666667,0.04539491,1.46859345,deuteronomy,minor,transition_exact_shape,taam_events
P4_A5_C0,P2_A1_C0,5,0.02890173,0.01049593,2.75361272,deuteronomy,minor,transition_exact_shape,taam_events
P2_A3_C0,P3_A2_C0,5,0.02941176,0.02912621,1.00980392,deuteronomy,minor,transition_exact_shape,taam_events
P3_A3_C0,P5_A3_C0,5,0.00910747,0.00892154,1.02084003,deuteronomy,minor,transition_exact_shape,taam_events
P4_A4_C0,P1_A2_C0,5,0.01344086,0.01364471,0.98505997,deuteronomy,minor,transition_exact_shape,taam_events
P6_A5_C0,P1_A1_C0,5,0.06666667,0.04854369,1.37333333,deuteronomy,minor,transition_exact_shape,taam_events
P6_A5_C0,P2_A3_C0,5,0.06666667,0.04460771,1.4945098,deuteronomy,minor,transition_exact_shape,taam_events
P7_A7_C0,P1_A1_C0,5,0.10416667,0.04854369,2.14583333,deuteronomy,minor,transition_exact_shape,taam_events
P5_A4_C0,P5_A6_C0,5,0.02824859,0.02361585,1.19617075,deuteronomy,minor,transition_exact_shape,taam_events
P5_A6_C0,P2_A3_C0,5,0.05555556,0.04460771,1.24542484,deuteronomy,minor,transition_exact_shape,taam_events
P3_A3_C0,P6_A5_C0,5,0.00910747,0.01967987,0.46278081,deuteronomy,minor,transition_exact_shape,taam_events
P3_A4_C0,P9_A7_C0,5,0.01259446,0.00262398,4.79974811,deuteronomy,minor,transition_exact_shape,taam_events
P4_A5_C0,P6_A6_C0,5,0.02890173,0.02387825,1.21037922,deuteronomy,minor,transition_exact_shape,taam_events
P3_A4_C0,P4_A5_C0,5,0.01259446,0.04539491,0.27744209,deuteronomy,minor,transition_exact_shape,taam_events
P3_A4_C0,P1_A2_C0,5,0.01259446,0.01364471,0.92302848,deuteronomy,minor,transition_exact_shape,taam_events
P6_A7_C0,P4_A4_C0,5,0.11627907,0.09761218,1.19123531,deuteronomy,minor,transition_exact_shape,taam_events
P3_A5_C0,P4_A4_C0,5,0.13157895,0.09761218,1.3479768,deuteronomy,minor,transition_exact_shape,taam_events
P6_A6_C0,P3_A4_C0,5,0.05494505,0.10417213,0.52744485,deuteronomy,minor,transition_exact_shape,taam_events
P5_A5_C0,P5_A6_C0,5,0.02747253,0.02361585,1.16330891,deuteronomy,minor,transition_exact_shape,taam_events
P2_A2_C0,P2_A4_C0,5,0.01193317,0.00760955,1.56818369,deuteronomy,minor,transition_exact_shape,taam_events
P3_A5_C0,P1_A1_C0,5,0.13157895,0.04854369,2.71052632,deuteronomy,minor,transition_exact_shape,taam_events
P5_A6_C0,P6_A5_C0,5,0.05555556,0.01967987,2.82296296,deuteronomy,minor,transition_exact_shape,taam_events
P6_A5_C0,P4_A4_C0,5,0.06666667,0.09761218,0.68297491,deuteronomy,minor,transition_exact_shape,taam_events
P6_A4_C0,P4_A4_C0,5,0.23809524,0.09761218,2.43919611,deuteronomy,minor,transition_exact_shape,taam_events
P4_A3_C0,P6_A6_C0,5,0.02314815,0.02387825,0.96942409,deuteronomy,minor,transition_exact_shape,taam_events
P5_A6_C0,P5_A5_C0,5,0.05555556,0.04775649,1.16330891,deuteronomy,minor,transition_exact_shape,taam_events
P5_A5_C0,P3_A2_C0,5,0.02747253,0.02912621,0.94322344,deuteronomy,minor,transition_exact_shape,taam_events
P5_A4_C0,P6_A7_C0,4,0.02259887,0.01128313,2.00289055,deuteronomy,minor,transition_exact_shape,taam_events
P6_A6_C0,P5_A5_C0,4,0.04395604,0.04775649,0.92042024,deuteronomy,minor,transition_exact_shape,taam_events
P2_A3_C0,P1_A2_C0,4,0.02352941,0.01364471,1.72443439,deuteronomy,minor,transition_exact_shape,taam_events
P2_A2_C0,P9_A8_C0,4,0.00954654,0.00393597,2.42545744,deuteronomy,minor,transition_exact_shape,taam_events
P5_A5_C0,P7_A6_C0,4,0.02197802,0.00839675,2.61744505,deuteronomy,minor,transition_exact_shape,taam_events
P7_A6_C0,P2_A2_C0,4,0.125,0.1096825,1.13965311,deuteronomy,minor,transition_exact_shape,taam_events
P2_A4_C0,P4_A4_C0,4,0.13793103,0.09761218,1.41305154,deuteronomy,minor,transition_exact_shape,taam_events
P2_A1_C0,P4_A3_C0,4,0.1,0.05667804,1.76435185,deuteronomy,minor,transition_exact_shape,taam_events
P2_A4_C0,P3_A4_C0,4,0.13793103,0.10417213,1.32406844,deuteronomy,minor,transition_exact_shape,taam_events
P2_A1_C0,P5_A5_C0,4,0.1,0.04775649,2.09395604,deuteronomy,minor,transition_exact_shape,taam_events
P6_A4_C0,P5_A4_C0,4,0.19047619,0.0464445,4.10115685,deuteronomy,minor,transition_exact_shape,taam_events
P3_A2_C0,P4_A5_C0,4,0.03603604,0.04539491,0.7938343,deuteronomy,minor,transition_exact_shape,taam_events
P5_A4_C0,P7_A7_C0,4,0.02259887,0.01259512,1.79425612,deuteronomy,minor,transition_exact_shape,taam_events
P5_A5_C0,P6_A5_C0,4,0.02197802,0.01967987,1.11677656,deuteronomy,minor,transition_exact_shape,taam_events
P4_A4_C0,P2_A1_C0,4,0.01075269,0.01049593,1.02446237,deuteronomy,minor,transition_exact_shape,taam_events
P2_A1_C0,P5_A6_C0,4,0.1,0.02361585,4.23444444,deuteronomy,minor,transition_exact_shape,taam_events
P2_A2_C0,P8_A8_C0,4,0.00954654,0.00393597,2.42545744,deuteronomy,minor,transition_exact_shape,taam_events
P4_A4_C0,P6_A7_C0,4,0.01075269,0.01128313,0.95298825,deuteronomy,minor,transition_exact_shape,taam_events
P4_A5_C0,P6_A5_C0,4,0.02312139,0.01967987,1.17487476,deuteronomy,minor,transition_exact_shape,taam_events
P6_A5_C0,P3_A4_C0,4,0.05333333,0.10417213,0.51197313,deuteronomy,minor,transition_exact_shape,taam_events
P1_A2_C0,P4_A4_C0,4,0.07692308,0.09761218,0.78804797,deuteronomy,minor,transition_exact_shape,taam_events
P1_A1_C0,P3_A2_C0,4,0.02162162,0.02912621,0.74234234,deuteronomy,minor,transition_exact_shape,taam_events
P7_A6_C0,P4_A3_C0,4,0.125,0.05667804,2.20543981,deuteronomy,minor,transition_exact_shape,taam_events
P5_A3_C0,P3_A3_C0,4,0.11764706,0.14431908,0.81518717,deuteronomy,minor,transition_exact_shape,taam_events
P2_A2_C0,P6_A6_C0,4,0.00954654,0.02387825,0.39980068,deuteronomy,minor,transition_exact_shape,taam_events
P7_A6_C0,P4_A4_C0,4,0.125,0.09761218,1.28057796,deuteronomy,minor,transition_exact_shape,taam_events
P2_A3_C0,P6_A5_C0,4,0.02352941,0.01967987,1.19560784,deuteronomy,minor,transition_exact_shape,taam_events
P6_A7_C0,P1_A1_C0,4,0.09302326,0.04854369,1.91627907,deuteronomy,minor,transition_exact_shape,taam_events
P4_A4_C0,P3_A5_C0,4,0.01075269,0.00997114,1.07838144,deuteronomy,minor,transition_exact_shape,taam_events
P4_A4_C0,P7_A7_C0,4,0.01075269,0.01259512,0.85371864,deuteronomy,minor,transition_exact_shape,taam_events
P5_A3_C0,P5_A5_C0,4,0.11764706,0.04775649,2.4634777,deuteronomy,minor,transition_exact_shape,taam_events
P2_A1_C0,P5_A4_C0,4,0.1,0.0464445,2.15310734,deuteronomy,minor,transition_exact_shape,taam_events
P4_A6_C0,P3_A3_C0,4,0.2,0.14431908,1.38581818,deuteronomy,minor,transition_exact_shape,taam_events
P7_A7_C0,P4_A4_C0,4,0.08333333,0.09761218,0.85371864,deuteronomy,minor,transition_exact_shape,taam_events
P2_A3_C0,P1_A1_C0,4,0.02352941,0.04854369,0.48470588,deuteronomy,minor,transition_exact_shape,taam_events
P5_A4_C0,P6_A4_C0,4,0.02259887,0.00551036,4.10115685,deuteronomy,minor,transition_exact_shape,taam_events
P7_A5_C0,P2_A2_C0,4,0.21052632,0.1096825,1.91941576,deuteronomy,minor,transition_exact_shape,taam_events
P7_A6_C0,P4_A5_C0,4,0.125,0.04539491,2.75361272,deuteronomy,minor,transition_exact_shape,taam_events
P3_A3_C0,P7_A6_C0,4,0.00728597,0.00839675,0.86771403,deuteronomy,minor,transition_exact_shape,taam_events
P2_A2_C0,P6_A4_C0,3,0.0071599,0.00551036,1.2993522,deuteronomy,minor,transition_exact_shape,taam_events
P6_A4_C0,P2_A2_C0,3,0.14285714,0.1096825,1.3024607,deuteronomy,minor,transition_exact_shape,taam_events
P6_A7_C0,P4_A3_C0,3,0.06976744,0.05667804,1.23094315,deuteronomy,minor,transition_exact_shape,taam_events
P1_A1_C0,P1_A1_C0,3,0.01621622,0.04854369,0.33405405,deuteronomy,minor,transition_exact_shape,taam_events
P5_A5_C0,P1_A2_C0,3,0.01648352,0.01364471,1.20805156,deuteronomy,minor,transition_exact_shape,taam_events
P3_A2_C0,P5_A6_C0,3,0.02702703,0.02361585,1.14444444,deuteronomy,minor,transition_exact_shape,taam_events
P2_A3_C0,P2_A4_C0,3,0.01764706,0.00760955,2.31906694,deuteronomy,minor,transition_exact_shape,taam_events
P2_A4_C0,P3_A3_C0,3,0.10344828,0.14431908,0.71680251,deuteronomy,minor,transition_exact_shape,taam_events
P4_A3_C0,P6_A7_C0,3,0.01388889,0.01128313,1.23094315,deuteronomy,minor,transition_exact_shape,taam_events
P3_A4_C0,P7_A8_C0,3,0.00755668,0.00288638,2.61804442,deuteronomy,minor,transition_exact_shape,taam_events
P5_A5_C0,P2_A1_C0,3,0.01648352,0.01049593,1.57046703,deuteronomy,minor,transition_exact_shape,taam_events
P6_A5_C0,P3_A2_C0,3,0.04,0.02912621,1.37333333,deuteronomy,minor,transition_exact_shape,taam_events
P3_A3_C0,P2_A1_C0,3,0.00546448,0.01049593,0.52062842,deuteronomy,minor,transition_exact_shape,taam_events
P4_A5_C0,P7_A5_C0,3,0.01734104,0.00498557,3.47824764,deuteronomy,minor,transition_exact_shape,taam_events
P6_A5_C0,P5_A5_C0,3,0.04,0.04775649,0.83758242,deuteronomy,minor,transition_exact_shape,taam_events
P2_A2_C0,P10_A10_C0,3,0.0071599,0.00183679,3.8980566,deuteronomy,minor,transition_exact_shape,taam_events
P6_A6_C0,P5_A4_C0,3,0.03296703,0.0464445,0.70981561,deuteronomy,minor,transition_exact_shape,taam_events
P2_A2_C0,P4_A2_C0,3,0.0071599,0.00446077,1.60508213,deuteronomy,minor,transition_exact_shape,taam_events
P4_A4_C0,P8_A6_C0,3,0.00806452,0.00236158,3.41487455,deuteronomy,minor,transition_exact_shape,taam_events
P8_A6_C0,P3_A4_C0,3,0.33333333,0.10417213,3.19983207,deuteronomy,minor,transition_exact_shape,taam_events
P8_A6_C0,P3_A3_C0,3,0.33333333,0.14431908,2.30969697,deuteronomy,minor,transition_exact_shape,taam_events
P5_A6_C0,P4_A5_C0,3,0.03333333,0.04539491,0.73429672,deuteronomy,minor,transition_exact_shape,taam_events
P2_A1_C0,P7_A7_C0,3,0.075,0.01259512,5.9546875,deuteronomy,minor,transition_exact_shape,taam_events
P3_A2_C0,P5_A5_C0,3,0.02702703,0.04775649,0.56593407,deuteronomy,minor,transition_exact_shape,taam_events
P1_A1_C0,P6_A7_C0,3,0.01621622,0.01128313,1.4372093,deuteronomy,minor,transition_exact_shape,taam_events
P6_A7_C0,P5_A4_C0,3,0.06976744,0.0464445,1.50216791,deuteronomy,minor,transition_exact_shape,taam_events
P4_A3_C0,P5_A3_C0,3,0.01388889,0.00892154,1.55678105,deuteronomy,minor,transition_exact_shape,taam_events
P4_A5_C0,P6_A7_C0,3,0.01734104,0.01128313,1.53690012,deuteronomy,minor,transition_exact_shape,taam_events
P5_A6_C0,P3_A2_C0,3,0.03333333,0.02912621,1.14444444,deuteronomy,minor,transition_exact_shape,taam_events
P2_A3_C0,P5_A3_C0,3,0.01764706,0.00892154,1.97802768,deuteronomy,minor,transition_exact_shape,taam_events
P5_A5_C0,P7_A7_C0,3,0.01648352,0.01259512,1.30872253,deuteronomy,minor,transition_exact_shape,taam_events
P9_A8_C0,P4_A4_C0,3,0.2,0.09761218,2.04892473,deuteronomy,minor,transition_exact_shape,taam_events
P2_A1_C0,P6_A6_C0,3,0.075,0.02387825,3.14093407,deuteronomy,minor,transition_exact_shape,taam_events
P2_A2_C0,P3_A5_C0,3,0.0071599,0.00997114,0.71806306,deuteronomy,minor,transition_exact_shape,taam_events
P2_A2_C0,P5_A3_C0,3,0.0071599,0.00892154,0.80254106,deuteronomy,minor,transition_exact_shape,taam_events
P3_A3_C0,P7_A5_C0,3,0.00546448,0.00498557,1.09605982,deuteronomy,minor,transition_exact_shape,taam_events
P6_A7_C0,P2_A3_C0,3,0.06976744,0.04460771,1.56402189,deuteronomy,minor,transition_exact_shape,taam_events
P2_A1_C0,P3_A4_C0,3,0.075,0.10417213,0.71996222,deuteronomy,minor,transition_exact_shape,taam_events
P3_A5_C0,P4_A3_C0,3,0.07894737,0.05667804,1.39290936,deuteronomy,minor,transition_exact_shape,taam_events
P2_A4_C0,P2_A2_C0,3,0.10344828,0.1096825,0.94316119,deuteronomy,minor,transition_exact_shape,taam_events
P3_A5_C0,P4_A5_C0,3,0.07894737,0.04539491,1.73912382,deuteronomy,minor,transition_exact_shape,taam_events
P2_A2_C0,P2_A1_C0,3,0.0071599,0.01049593,0.6821599,deuteronomy,minor,transition_exact_shape,taam_events
P3_A2_C0,P2_A1_C0,3,0.02702703,0.01049593,2.575,deuteronomy,minor,transition_exact_shape,taam_events
P4_A4_C0,P9_A8_C0,3,0.00806452,0.00393597,2.04892473,deuteronomy,minor,transition_exact_shape,taam_events
P6_A6_C0,P1_A2_C0,3,0.03296703,0.01364471,2.41610313,deuteronomy,minor,transition_exact_shape,taam_events
P4_A6_C0,P2_A2_C0,3,0.15,0.1096825,1.36758373,deuteronomy,minor,transition_exact_shape,taam_events
P2_A2_C0,P8_A7_C0,3,0.0071599,0.00655996,1.09145585,deuteronomy,minor,transition_exact_shape,taam_events
P8_A7_C0,P2_A2_C0,3,0.12,0.1096825,1.09406699,deuteronomy,minor,transition_exact_shape,taam_events
P8_A8_C0,P4_A4_C0,3,0.2,0.09761218,2.04892473,deuteronomy,minor,transition_exact_shape,taam_events
P3_A2_C0,P7_A7_C0,3,0.02702703,0.01259512,2.14583333,deuteronomy,minor,transition_exact_shape,taam_events
P6_A6_C0,P3_A2_C0,3,0.03296703,0.02912621,1.13186813,deuteronomy,minor,transition_exact_shape,taam_events
P3_A4_C0,P7_A6_C0,3,0.00755668,0.00839675,0.89995277,deuteronomy,minor,transition_exact_shape,taam_events
P4_A3_C0,P6_A5_C0,3,0.01388889,0.01967987,0.70574074,deuteronomy,minor,transition_exact_shape,taam_events
P5_A3_C0,P4_A5_C0,3,0.08823529,0.04539491,1.94372662,deuteronomy,minor,transition_exact_shape,taam_events
P<=4_A3_C0,P<=4_A4_C0,22,0.18181818,0.08436325,2.1551824,deuteronomy,major,transition_bucket_shape,taam_events
P5-6_A6-7_C1,P5-6_A6-7_C1,19,0.11728395,0.08758732,1.33905173,deuteronomy,major,transition_bucket_shape,taam_events
P5-6_A6-7_C1,P<=4_A3_C0,16,0.09876543,0.06501881,1.51902867,deuteronomy,major,transition_bucket_shape,taam_events
P7-9_A8+_C1,P<=4_A4_C0,15,0.08333333,0.08436325,0.98779193,deuteronomy,major,transition_bucket_shape,taam_events
P10-12_A8+_C2,P7-9_A8+_C1,15,0.1119403,0.09672219,1.15733831,deuteronomy,major,transition_bucket_shape,taam_events
P7-9_A8+_C1,P10-12_A8+_C2,15,0.08333333,0.07146695,1.1660401,deuteronomy,major,transition_bucket_shape,taam_events
P7-9_A6-7_C1,P7-9_A8+_C1,15,0.13513514,0.09672219,1.39714715,deuteronomy,major,transition_bucket_shape,taam_events
P13-15_A8+_C2,P7-9_A8+_C1,14,0.21875,0.09672219,2.26163194,deuteronomy,major,transition_bucket_shape,taam_events
P<=4_A3_C0,P5-6_A6-7_C1,14,0.11570248,0.08758732,1.32099579,deuteronomy,major,transition_bucket_shape,taam_events
P7-9_A8+_C1,P<=4_A3_C0,14,0.07777778,0.06501881,1.19623508,deuteronomy,major,transition_bucket_shape,taam_events
P7-9_A8+_C1,P7-9_A6-7_C1,13,0.07222222,0.05964535,1.21086086,deuteronomy,major,transition_bucket_shape,taam_events
P5-6_A6-7_C1,P7-9_A6-7_C1,13,0.08024691,0.05964535,1.34540096,deuteronomy,major,transition_bucket_shape,taam_events
P<=4_A3_C0,P10-12_A8+_C2,13,0.10743802,0.07146695,1.50332443,deuteronomy,major,transition_bucket_shape,taam_events
P7-9_A8+_C1,P7-9_A8+_C1,13,0.07222222,0.09672219,0.74669753,deuteronomy,major,transition_bucket_shape,taam_events
P<=4_A4_C0,P10-12_A8+_C1,12,0.07643312,0.05265986,1.45144937,deuteronomy,major,transition_bucket_shape,taam_events
P<=4_A4_C0,P10-12_A8+_C2,12,0.07643312,0.07146695,1.06948901,deuteronomy,major,transition_bucket_shape,taam_events
P10-12_A8+_C2,P10-12_A8+_C1,12,0.08955224,0.05265986,1.70057874,deuteronomy,major,transition_bucket_shape,taam_events
P7-9_A8+_C1,P5-6_A6-7_C1,11,0.06111111,0.08758732,0.69771643,deuteronomy,major,transition_bucket_shape,taam_events
P10-12_A8+_C2,P10-12_A8+_C2,11,0.08208955,0.07146695,1.14863652,deuteronomy,major,transition_bucket_shape,taam_events
P10-12_A8+_C2,P<=4_A3_C0,11,0.08208955,0.06501881,1.26255088,deuteronomy,major,transition_bucket_shape,taam_events
P10-12_A8+_C1,P5-6_A6-7_C1,11,0.1122449,0.08758732,1.28151997,deuteronomy,major,transition_bucket_shape,taam_events
P5-6_A6-7_C1,P<=4_A4_C0,11,0.06790123,0.08436325,0.8048675,deuteronomy,major,transition_bucket_shape,taam_events
P<=4_A4_C0,P<=4_A3_C0,11,0.07006369,0.06501881,1.0775912,deuteronomy,major,transition_bucket_shape,taam_events
P7-9_A6-7_C1,P<=4_A4_C0,10,0.09009009,0.08436325,1.06788317,deuteronomy,major,transition_bucket_shape,taam_events
P<=4_A4_C0,P7-9_A8+_C1,10,0.06369427,0.09672219,0.65852795,deuteronomy,major,transition_bucket_shape,taam_events
P<=4_A3_C0,P7-9_A8+_C1,10,0.08264463,0.09672219,0.85445363,deuteronomy,major,transition_bucket_shape,taam_events
P7-9_A8+_C2,P10-12_A8+_C2,10,0.11904762,0.07146695,1.66577157,deuteronomy,major,transition_bucket_shape,taam_events
P<=4_A4_C0,P<=4_A4_C0,10,0.06369427,0.08436325,0.7550002,deuteronomy,major,transition_bucket_shape,taam_events
P<=4_A4_C0,P5-6_A5_C1,10,0.06369427,0.03062869,2.07956196,deuteronomy,major,transition_bucket_shape,taam_events
P7-9_A8+_C2,P7-9_A8+_C1,10,0.11904762,0.09672219,1.23082011,deuteronomy,major,transition_bucket_shape,taam_events
P<=4_A4_C0,P5-6_A6-7_C1,9,0.05732484,0.08758732,0.65448791,deuteronomy,major,transition_bucket_shape,taam_events
P5-6_A6-7_C1,P7-9_A8+_C1,9,0.05555556,0.09672219,0.57438272,deuteronomy,major,transition_bucket_shape,taam_events
P<=4_A3_C0,P<=4_A3_C0,9,0.07438017,0.06501881,1.14397924,deuteronomy,major,transition_bucket_shape,taam_events
P10-12_A8+_C2,P5-6_A6-7_C1,9,0.06716418,0.08758732,0.76682538,deuteronomy,major,transition_bucket_shape,taam_events
P10-12_A8+_C2,P13-15_A8+_C2,9,0.06716418,0.03439011,1.9530084,deuteronomy,major,transition_bucket_shape,taam_events
P7-9_A8+_C1,P5-6_A5_C0,9,0.05,0.03331542,1.50080645,deuteronomy,major,transition_bucket_shape,taam_events
P10-12_A8+_C1,P<=4_A4_C0,9,0.09183673,0.08436325,1.08858703,deuteronomy,major,transition_bucket_shape,taam_events
P5-6_A5_C1,P5-6_A6-7_C1,9,0.15789474,0.08758732,1.8027123,deuteronomy,major,transition_bucket_shape,taam_events
P7-9_A8+_C1,P10-12_A8+_C1,8,0.04444444,0.05265986,0.84399093,deuteronomy,major,transition_bucket_shape,taam_events
P<=4_A4_C0,P7-9_A6-7_C1,8,0.05095541,0.05964535,0.85430654,deuteronomy,major,transition_bucket_shape,taam_events
P10-12_A8+_C1,P7-9_A8+_C1,8,0.08163265,0.09672219,0.84399093,deuteronomy,major,transition_bucket_shape,taam_events
P5-6_A6-7_C1,P13-15_A8+_C2,8,0.04938272,0.03439011,1.43595679,deuteronomy,major,transition_bucket_shape,taam_events
P5-6_A6-7_C1,P5-6_A6-7_C0,8,0.04938272,0.0354648,1.39244295,deuteronomy,major,transition_bucket_shape,taam_events
P5-6_A6-7_C1,P7-9_A8+_C2,8,0.04938272,0.04513702,1.09406232,deuteronomy,major,transition_bucket_shape,taam_events
P7-9_A8+_C1,P7-9_A8+_C2,8,0.04444444,0.04513702,0.98465608,deuteronomy,major,transition_bucket_shape,taam_events
P10-12_A8+_C1,P7-9_A6-7_C1,8,0.08163265,0.05964535,1.36863394,deuteronomy,major,transition_bucket_shape,taam_events
P5-6_A6-7_C0,P7-9_A6-7_C1,8,0.12121212,0.05964535,2.03221403,deuteronomy,major,transition_bucket_shape,taam_events
P5-6_A6-7_C1,P10-12_A8+_C1,7,0.04320988,0.05265986,0.82054674,deuteronomy,major,transition_bucket_shape,taam_events
P<=4_A4_C0,P5-6_A5_C0,7,0.04458599,0.03331542,1.33829875,deuteronomy,major,transition_bucket_shape,taam_events
P7-9_A8+_C1,P5-6_A6-7_C0,7,0.03888889,0.0354648,1.09654882,deuteronomy,major,transition_bucket_shape,taam_events
P5-6_A6-7_C1,P5-6_A5_C1,7,0.04320988,0.03062869,1.41076457,deuteronomy,major,transition_bucket_shape,taam_events
P5-6_A5_C0,P5-6_A6-7_C1,7,0.11290323,0.08758732,1.28903622,deuteronomy,major,transition_bucket_shape,taam_events
P<=4_A5_C0,P7-9_A8+_C1,7,0.10769231,0.09672219,1.1134188,deuteronomy,major,transition_bucket_shape,taam_events
P<=4_A4_C1,P<=4_A4_C0,7,0.36842105,0.08436325,4.36708012,deuteronomy,major,transition_bucket_shape,taam_events
P<=4_A3_C0,P7-9_A6-7_C1,7,0.05785124,0.05964535,0.96992033,deuteronomy,major,transition_bucket_shape,taam_events
P<=4_A4_C0,P7-9_A8+_C2,7,0.04458599,0.04513702,0.98779193,deuteronomy,major,transition_bucket_shape,taam_events
P7-9_A8+_C2,P5-6_A6-7_C1,7,0.08333333,0.08758732,0.95143149,deuteronomy,major,transition_bucket_shape,taam_events
P5-6_A8+_C1,P<=4_A3_C0,7,0.23333333,0.06501881,3.58870523,deuteronomy,major,transition_bucket_shape,taam_events
P10-12_A8+_C1,P<=4_A3_C0,7,0.07142857,0.06501881,1.09858323,deuteronomy,major,transition_bucket_shape,taam_events
P7-9_A6-7_C1,P10-12_A8+_C1,7,0.06306306,0.05265986,1.1975547,deuteronomy,major,transition_bucket_shape,taam_events
P10-12_A8+_C1,P10-12_A8+_C1,7,0.07142857,0.05265986,1.35641399,deuteronomy,major,transition_bucket_shape,taam_events
P<=4_A5_C0,P10-12_A8+_C2,7,0.10769231,0.07146695,1.50688259,deuteronomy,major,transition_bucket_shape,taam_events
P7-9_A8+_C1,P10-12_A8+_C3,7,0.03888889,0.02256851,1.72314815,deuteronomy,major,transition_bucket_shape,taam_events
P7-9_A6-7_C1,P5-6_A6-7_C1,7,0.06306306,0.08758732,0.72000221,deuteronomy,major,transition_bucket_shape,taam_events
P7-9_A8+_C1,P13-15_A8+_C2,7,0.03888889,0.03439011,1.13081597,deuteronomy,major,transition_bucket_shape,taam_events
P7-9_A8+_C2,P<=4_A4_C0,6,0.07142857,0.08436325,0.8466788,deuteronomy,major,transition_bucket_shape,taam_events
P7-9_A6-7_C1,P5-6_A6-7_C0,6,0.05405405,0.0354648,1.52416052,deuteronomy,major,transition_bucket_shape,taam_events
P5-6_A5_C0,P13-15_A8+_C2,6,0.09677419,0.03439011,2.8140121,deuteronomy,major,transition_bucket_shape,taam_events
P5-6_A6-7_C1,P10-12_A8+_C2,6,0.03703704,0.07146695,0.51824004,deuteronomy,major,transition_bucket_shape,taam_events
P13-15_A8+_C3,P7-9_A8+_C1,6,0.16216216,0.09672219,1.67657658,deuteronomy,major,transition_bucket_shape,taam_events
P5-6_A6-7_C0,P10-12_A8+_C2,6,0.09090909,0.07146695,1.27204375,deuteronomy,major,transition_bucket_shape,taam_events
P7-9_A6-7_C1,P7-9_A8+_C2,6,0.05405405,0.04513702,1.1975547,deuteronomy,major,transition_bucket_shape,taam_events
P10-12_A8+_C2,P7-9_A8+_C2,6,0.04477612,0.04513702,0.99200426,deuteronomy,major,transition_bucket_shape,taam_events
P<=4_A4_C0,P10-12_A8+_C3,6,0.03821656,0.02256851,1.6933576,deuteronomy,major,transition_bucket_shape,taam_events
P5-6_A5_C1,P<=4_A5_C0,6,0.10526316,0.03492746,3.01376518,deuteronomy,major,transition_bucket_shape,taam_events
P<=4_A2_C0,P<=4_A4_C0,6,0.1875,0.08436325,2.22253185,deuteronomy,major,transition_bucket_shape,taam_events
P<=4_A4_C0,P13-15_A8+_C2,6,0.03821656,0.03439011,1.11126592,deuteronomy,major,transition_bucket_shape,taam_events
P<=4_A3_C0,P10-12_A8+_C1,6,0.04958678,0.05265986,0.94164277,deuteronomy,major,transition_bucket_shape,taam_events
P5-6_A5_C1,P<=4_A3_C0,6,0.10526316,0.06501881,1.61896477,deuteronomy,major,transition_bucket_shape,taam_events
P5-6_A6-7_C1,P13-15_A8+_C3,6,0.03703704,0.01988178,1.86286286,deuteronomy,major,transition_bucket_shape,taam_events
P10-12_A8+_C2,P<=4_A4_C0,6,0.04477612,0.08436325,0.53075387,deuteronomy,major,transition_bucket_shape,taam_events
P13-15_A8+_C2,P10-12_A8+_C2,6,0.09375,0.07146695,1.31179511,deuteronomy,major,transition_bucket_shape,taam_events
P7-9_A8+_C2,P7-9_A8+_C2,5,0.05952381,0.04513702,1.31873583,deuteronomy,major,transition_bucket_shape,taam_events
P13-15_A8+_C3,P<=4_A3_C0,5,0.13513514,0.06501881,2.07840071,deuteronomy,major,transition_bucket_shape,taam_events
P7-9_A6-7_C1,P10-12_A8+_C2,5,0.04504505,0.07146695,0.63029195,deuteronomy,major,transition_bucket_shape,taam_events
P13-15_A8+_C2,P<=4_A4_C0,5,0.078125,0.08436325,0.92605494,deuteronomy,major,transition_bucket_shape,taam_events
P7-9_A8+_C2,P7-9_A6-7_C1,5,0.05952381,0.05964535,0.99796225,deuteronomy,major,transition_bucket_shape,taam_events
P10-12_A8+_C2,P5-6_A5_C0,5,0.03731343,0.03331542,1.12000481,deuteronomy,major,transition_bucket_shape,taam_events
P10-12_A8+_C3,P5-6_A6-7_C1,5,0.11904762,0.08758732,1.35918785,deuteronomy,major,transition_bucket_shape,taam_events
P10-12_A8+_C3,P10-12_A8+_C2,5,0.11904762,0.07146695,1.66577157,deuteronomy,major,transition_bucket_shape,taam_events
P7-9_A6-7_C2,P5-6_A6-7_C1,5,0.20833333,0.08758732,2.37857873,deuteronomy,major,transition_bucket_shape,taam_events
P<=4_A5_C0,P16-18_A8+_C3,5,0.07692308,0.01020956,7.53441296,deuteronomy,major,transition_bucket_shape,taam_events
P13-15_A8+_C3,P5-6_A6-7_C1,5,0.13513514,0.08758732,1.54286188,deuteronomy,major,transition_bucket_shape,taam_events
P7-9_A8+_C2,P<=4_A3_C0,5,0.05952381,0.06501881,0.91548603,deuteronomy,major,transition_bucket_shape,taam_events
P7-9_A8+_C2,P5-6_A5_C1,5,0.05952381,0.03062869,1.94340017,deuteronomy,major,transition_bucket_shape,taam_events
P<=4_A3_C0,P13-15_A8+_C3,5,0.04132231,0.01988178,2.07840071,deuteronomy,major,transition_bucket_shape,taam_events
P7-9_A6-7_C1,P<=4_A3_C0,5,0.04504505,0.06501881,0.69280024,deuteronomy,major,transition_bucket_shape,taam_events
P5-6_A6-7_C0,P<=4_A3_C0,5,0.07575758,0.06501881,1.16516404,deuteronomy,major,transition_bucket_shape,taam_events
P10-12_A8+_C1,P10-12_A8+_C2,5,0.05102041,0.07146695,0.7139021,deuteronomy,major,transition_bucket_shape,taam_events
P7-9_A6-7_C2,P7-9_A8+_C1,5,0.20833333,0.09672219,2.15393519,deuteronomy,major,transition_bucket_shape,taam_events
P5-6_A6-7_C1,P<=4_A5_C0,5,0.0308642,0.03492746,0.88366572,deuteronomy,major,transition_bucket_shape,taam_events
P10-12_A8+_C2,P7-9_A8+_C0,5,0.03731343,0.00859753,4.34001866,deuteronomy,major,transition_bucket_shape,taam_events
P<=4_A3_C0,P5-6_A6-7_C0,5,0.04132231,0.0354648,1.16516404,deuteronomy,major,transition_bucket_shape,taam_events
P10-12_A8+_C1,P5-6_A6-7_C0,5,0.05102041,0.0354648,1.4386209,deuteronomy,major,transition_bucket_shape,taam_events
P5-6_A5_C1,P<=4_A4_C0,5,0.0877193,0.08436325,1.03978098,deuteronomy,major,transition_bucket_shape,taam_events
P13-15_A8+_C2,P5-6_A6-7_C1,5,0.078125,0.08758732,0.89196702,deuteronomy,major,transition_bucket_shape,taam_events
P<=4_A4_C0,P7-9_A6-7_C0,5,0.03184713,0.01450833,2.19509318,deuteronomy,major,transition_bucket_shape,taam_events
P<=4_A4_C0,P<=4_A4_C1,5,0.03184713,0.01020956,3.11934294,deuteronomy,major,transition_bucket_shape,taam_events
P7-9_A8+_C1,P5-6_A4_C0,4,0.02222222,0.01988178,1.11771772,deuteronomy,major,transition_bucket_shape,taam_events
P5-6_A5_C0,P<=4_A4_C0,4,0.06451613,0.08436325,0.76474214,deuteronomy,major,transition_bucket_shape,taam_events
P7-9_A8+_C1,P<=4_A2_C0,4,0.02222222,0.01719506,1.29236111,deuteronomy,major,transition_bucket_shape,taam_events
P5-6_A4_C0,P<=4_A4_C0,4,0.10810811,0.08436325,1.2814598,deuteronomy,major,transition_bucket_shape,taam_events
P13-15_A8+_C1,P5-6_A6-7_C1,4,0.16,0.08758732,1.82674847,deuteronomy,major,transition_bucket_shape,taam_events
P5-6_A4_C0,P7-9_A6-7_C1,4,0.10810811,0.05964535,1.81251522,deuteronomy,major,transition_bucket_shape,taam_events
P7-9_A6-7_C1,P7-9_A6-7_C1,4,0.03603604,0.05964535,0.60417174,deuteronomy,major,transition_bucket_shape,taam_events
P13-15_A8+_C3,P7-9_A8+_C2,4,0.10810811,0.04513702,2.3951094,deuteronomy,major,transition_bucket_shape,taam_events
P5-6_A5_C0,P<=4_A5_C0,4,0.06451613,0.03492746,1.8471464,deuteronomy,major,transition_bucket_shape,taam_events
P10-12_A8+_C2,P7-9_A6-7_C1,4,0.02985075,0.05964535,0.50047062,deuteronomy,major,transition_bucket_shape,taam_events
P<=4_A4_C0,P5-6_A6-7_C0,4,0.02547771,0.0354648,0.71839413,deuteronomy,major,transition_bucket_shape,taam_events
P5-6_A6-7_C0,P5-6_A4_C0,4,0.06060606,0.01988178,3.04832105,deuteronomy,major,transition_bucket_shape,taam_events
P7-9_A6-7_C1,P<=4_A5_C0,4,0.03603604,0.03492746,1.03173943,deuteronomy,major,transition_bucket_shape,taam_events
P<=4_A5_C0,P13-15_A8+_C3,4,0.06153846,0.01988178,3.0952183,deuteronomy,major,transition_bucket_shape,taam_events
P7-9_A8+_C2,P5-6_A5_C0,4,0.04761905,0.03331542,1.42933948,deuteronomy,major,transition_bucket_shape,taam_events
P<=4_A4_C0,P<=4_A5_C0,4,0.02547771,0.03492746,0.72944635,deuteronomy,major,transition_bucket_shape,taam_events
P16-18_A8+_C3,P7-9_A8+_C1,4,0.21052632,0.09672219,2.17660819,deuteronomy,major,transition_bucket_shape,taam_events
P10-12_A8+_C2,P5-6_A5_C1,4,0.02985075,0.03062869,0.97460068,deuteronomy,major,transition_bucket_shape,taam_events
P10-12_A8+_C3,P7-9_A8+_C1,4,0.0952381,0.09672219,0.98465608,deuteronomy,major,transition_bucket_shape,taam_events
P10-12_A8+_C2,P<=4_A4_C1,4,0.02985075,0.01020956,2.92380204,deuteronomy,major,transition_bucket_shape,taam_events
P7-9_A8+_C1,P13-15_A8+_C4+,4,0.02222222,0.00537346,4.13555556,deuteronomy,major,transition_bucket_shape,taam_events
P7-9_A6-7_C1,P5-6_A5_C1,4,0.03603604,0.03062869,1.17654497,deuteronomy,major,transition_bucket_shape,taam_events
P19-24_A8+_C3,P<=4_A5_C0,4,0.25,0.03492746,7.15769231,deuteronomy,major,transition_bucket_shape,taam_events
P5-6_A5_C0,P7-9_A8+_C1,4,0.06451613,0.09672219,0.66702509,deuteronomy,major,transition_bucket_shape,taam_events
P7-9_A6-7_C1,P16-18_A8+_C2,4,0.03603604,0.01074691,3.35315315,deuteronomy,major,transition_bucket_shape,taam_events
P<=4_A3_C0,P<=4_A5_C0,4,0.03305785,0.03492746,0.94647171,deuteronomy,major,transition_bucket_shape,taam_events
P<=4_A5_C0,P5-6_A5_C0,4,0.06153846,0.03331542,1.8471464,deuteronomy,major,transition_bucket_shape,taam_events
P5-6_A5_C0,P7-9_A8+_C2,4,0.06451613,0.04513702,1.42933948,deuteronomy,major,transition_bucket_shape,taam_events
P5-6_A6-7_C0,P10-12_A8+_C1,4,0.06060606,0.05265986,1.15089672,deuteronomy,major,transition_bucket_shape,taam_events
P7-9_A8+_C2,P5-6_A4_C0,4,0.04761905,0.01988178,2.3951094,deuteronomy,major,transition_bucket_shape,taam_events
P13-15_A8+_C2,P10-12_A8+_C1,4,0.0625,0.05265986,1.18686224,deuteronomy,major,transition_bucket_shape,taam_events
P<=4_A4_C0,P<=4_A2_C0,4,0.02547771,0.01719506,1.4816879,deuteronomy,major,transition_bucket_shape,taam_events
P10-12_A8+_C3,P<=4_A3_C0,4,0.0952381,0.06501881,1.46477765,deuteronomy,major,transition_bucket_shape,taam_events
P5-6_A6-7_C1,P<=4_A2_C0,4,0.02469136,0.01719506,1.43595679,deuteronomy,major,transition_bucket_shape,taam_events
P<=4_A2_C0,P10-12_A8+_C2,4,0.125,0.07146695,1.74906015,deuteronomy,major,transition_bucket_shape,taam_events
P7-9_A8+_C1,P5-6_A5_C1,4,0.02222222,0.03062869,0.72553606,deuteronomy,major,transition_bucket_shape,taam_events
P<=4_A5_C0,P5-6_A6-7_C1,4,0.06153846,0.08758732,0.70259556,deuteronomy,major,transition_bucket_shape,taam_events
P<=4_A4_C0,P7-9_A6-7_C2,4,0.02547771,0.01289629,1.97558386,deuteronomy,major,transition_bucket_shape,taam_events
P10-12_A8+_C1,P5-6_A5_C1,4,0.04081633,0.03062869,1.33261726,deuteronomy,major,transition_bucket_shape,taam_events
P7-9_A6-7_C1,P5-6_A8+_C1,4,0.03603604,0.01612037,2.23543544,deuteronomy,major,transition_bucket_shape,taam_events
P10-12_A8+_C0,P7-9_A6-7_C1,3,0.27272727,0.05964535,4.57248157,deuteronomy,major,transition_bucket_shape,taam_events
P10-12_A8+_C1,P7-9_A8+_C2,3,0.03061224,0.04513702,0.678207,deuteronomy,major,transition_bucket_shape,taam_events
P5-6_A6-7_C0,P5-6_A5_C0,3,0.04545455,0.03331542,1.3643695,deuteronomy,major,transition_bucket_shape,taam_events
P5-6_A5_C0,P19-24_A8+_C3,3,0.0483871,0.00859753,5.62802419,deuteronomy,major,transition_bucket_shape,taam_events
P<=4_A5_C1,P<=4_A2_C0,3,0.16666667,0.01719506,9.69270833,deuteronomy,major,transition_bucket_shape,taam_events
P<=4_A2_C0,P7-9_A8+_C1,3,0.09375,0.09672219,0.96927083,deuteronomy,major,transition_bucket_shape,taam_events
P7-9_A8+_C1,P7-9_A6-7_C0,3,0.01666667,0.01450833,1.14876543,deuteronomy,major,transition_bucket_shape,taam_events
P7-9_A6-7_C0,P10-12_A8+_C2,3,0.11111111,0.07146695,1.55472013,deuteronomy,major,transition_bucket_shape,taam_events
P5-6_A6-7_C0,P7-9_A8+_C1,3,0.04545455,0.09672219,0.46994949,deuteronomy,major,transition_bucket_shape,taam_events
P7-9_A8+_C1,P7-9_A8+_C3,3,0.01666667,0.00806018,2.06777778,deuteronomy,major,transition_bucket_shape,taam_events
P7-9_A6-7_C1,P13-15_A8+_C2,3,0.02702703,0.03439011,0.78589527,deuteronomy,major,transition_bucket_shape,taam_events
P<=4_A6-7_C1,P<=4_A4_C0,3,0.25,0.08436325,2.9633758,deuteronomy,major,transition_bucket_shape,taam_events
P5-6_A6-7_C0,P<=4_A4_C0,3,0.04545455,0.08436325,0.5387956,deuteronomy,major,transition_bucket_shape,taam_events
P<=4_A5_C0,P5-6_A4_C1,3,0.04615385,0.00537346,8.58923077,deuteronomy,major,transition_bucket_shape,taam_events
P13-15_A8+_C3,P10-12_A8+_C1,3,0.08108108,0.05265986,1.53971318,deuteronomy,major,transition_bucket_shape,taam_events
P16-18_A8+_C2,P5-6_A6-7_C1,3,0.15,0.08758732,1.71257669,deuteronomy,major,transition_bucket_shape,taam_events
P13-15_A8+_C1,P10-12_A8+_C3,3,0.12,0.02256851,5.31714286,deuteronomy,major,transition_bucket_shape,taam_events
P10-12_A8+_C3,P10-12_A8+_C1,3,0.07142857,0.05265986,1.35641399,deuteronomy,major,transition_bucket_shape,taam_events
P5-6_A6-7_C0,P10-12_A8+_C3,3,0.04545455,0.02256851,2.01406926,deuteronomy,major,transition_bucket_shape,taam_events
P5-6_A5_C1,P7-9_A6-7_C1,3,0.05263158,0.05964535,0.88240872,deuteronomy,major,transition_bucket_shape,taam_events
P5-6_A5_C0,P5-6_A5_C1,3,0.0483871,0.03062869,1.57979626,deuteronomy,major,transition_bucket_shape,taam_events
P5-6_A6-7_C0,P5-6_A6-7_C1,3,0.04545455,0.08758732,0.51896263,deuteronomy,major,transition_bucket_shape,taam_events
P7-9_A8+_C1,P13-15_A8+_C3,3,0.01666667,0.01988178,0.83828829,deuteronomy,major,transition_bucket_shape,taam_events
P13-15_A8+_C2,P7-9_A6-7_C1,3,0.046875,0.05964535,0.78589527,deuteronomy,major,transition_bucket_shape,taam_events
P<=4_A2_C0,P5-6_A6-7_C1,3,0.09375,0.08758732,1.07036043,deuteronomy,major,transition_bucket_shape,taam_events
P10-12_A8+_C0,P7-9_A8+_C1,3,0.27272727,0.09672219,2.81969697,deuteronomy,major,transition_bucket_shape,taam_events
P7-9_A8+_C2,P10-12_A8+_C1,3,0.03571429,0.05265986,0.678207,deuteronomy,major,transition_bucket_shape,taam_events
P5-6_A6-7_C0,P16-18_A8+_C1,3,0.04545455,0.00322407,14.09848485,deuteronomy,major,transition_bucket_shape,taam_events
P<=4_A5_C0,P7-9_A6-7_C1,3,0.04615385,0.05964535,0.77380457,deuteronomy,major,transition_bucket_shape,taam_events
P7-9_A8+_C1,P19-24_A8+_C2,3,0.01666667,0.00429876,3.87708333,deuteronomy,major,transition_bucket_shape,taam_events
P5-6_A4_C0,P7-9_A8+_C1,3,0.08108108,0.09672219,0.83828829,deuteronomy,major,transition_bucket_shape,taam_events
P13-15_A8+_C2,P5-6_A6-7_C0,3,0.046875,0.0354648,1.32173295,deuteronomy,major,transition_bucket_shape,taam_events
P5-6_A8+_C1,P7-9_A8+_C2,3,0.1,0.04513702,2.21547619,deuteronomy,major,transition_bucket_shape,taam_events
P5-6_A4_C0,P10-12_A8+_C2,3,0.08108108,0.07146695,1.1345255,deuteronomy,major,transition_bucket_shape,taam_events
P10-12_A8+_C1,P16-18_A8+_C2,3,0.03061224,0.01074691,2.84846939,deuteronomy,major,transition_bucket_shape,taam_events
P16-18_A8+_C2,P7-9_A8+_C1,3,0.15,0.09672219,1.55083333,deuteronomy,major,transition_bucket_shape,taam_events
P<=4_A5_C1,P<=4_A4_C0,3,0.16666667,0.08436325,1.97558386,deuteronomy,major,transition_bucket_shape,taam_events
P7-9_A8+_C2,P<=4_A5_C1,3,0.03571429,0.00967222,3.69246032,deuteronomy,major,transition_bucket_shape,taam_events
P7-9_A6-7_C1,P16-18_A8+_C3,3,0.02702703,0.01020956,2.64722617,deuteronomy,major,transition_bucket_shape,taam_events
P<=4_A4_C0,P5-6_A4_C0,3,0.01910828,0.01988178,0.96109485,deuteronomy,major,transition_bucket_shape,taam_events
P10-12_A8+_C1,P<=4_A5_C0,3,0.03061224,0.03492746,0.87645212,deuteronomy,major,transition_bucket_shape,taam_events
P7-9_A6-7_C1,P10-12_A8+_C3,3,0.02702703,0.02256851,1.1975547,deuteronomy,major,transition_bucket_shape,taam_events
P13-15_A8+_C2,P13-15_A8+_C1,3,0.046875,0.01343364,3.489375,deuteronomy,major,transition_bucket_shape,taam_events
P5-6_A5_C1,P7-9_A8+_C1,3,0.05263158,0.09672219,0.54415205,deuteronomy,major,transition_bucket_shape,taam_events
P5-6_A6-7_C1,P5-6_A5_C0,3,0.01851852,0.03331542,0.55585424,deuteronomy,major,transition_bucket_shape,taam_events
P<=4_A4_C0,P16-18_A8+_C3,3,0.01910828,0.01020956,1.87160577,deuteronomy,major,transition_bucket_shape,taam_events
P5-6_A5_C0,P5-6_A6-7_C0,3,0.0483871,0.0354648,1.3643695,deuteronomy,major,transition_bucket_shape,taam_events
P<=4_A2_C0,P7-9_A6-7_C0,3,0.09375,0.01450833,6.46180556,deuteronomy,major,transition_bucket_shape,taam_events
P5-6_A6-7_C1,P10-12_A8+_C3,3,0.01851852,0.02256851,0.82054674,deuteronomy,major,transition_bucket_shape,taam_events
P<=4_A5_C0,P<=4_A4_C0,3,0.04615385,0.08436325,0.54708476,deuteronomy,major,transition_bucket_shape,taam_events
P5-6_A6-7_C0,P7-9_A8+_C2,3,0.04545455,0.04513702,1.00703463,deuteronomy,major,transition_bucket_shape,taam_events
P5-6_A8+_C1,P10-12_A8+_C1,3,0.1,0.05265986,1.89897959,deuteronomy,major,transition_bucket_shape,taam_events
P5-6_A6-7_C1,P5-6_A4_C0,3,0.01851852,0.01988178,0.93143143,deuteronomy,major,transition_bucket_shape,taam_events
P10-12_A8+_C1,P5-6_A4_C0,3,0.03061224,0.01988178,1.53971318,deuteronomy,major,transition_bucket_shape,taam_events
P<=4_A3_C0,P7-9_A8+_C2,3,0.02479339,0.04513702,0.54929162,deuteronomy,major,transition_bucket_shape,taam_events
P10-12_A8+_C2,P5-6_A4_C0,3,0.02238806,0.01988178,1.12605889,deuteronomy,major,transition_bucket_shape,taam_events
P10-12_A8+_C3,P<=4_A4_C0,3,0.07142857,0.08436325,0.8466788,deuteronomy,major,transition_bucket_shape,taam_events
P<=4_A5_C0,P<=4_A3_C0,3,0.04615385,0.06501881,0.70985378,deuteronomy,major,transition_bucket_shape,taam_events
P5-6_A5_C0,P10-12_A8+_C1,3,0.0483871,0.05265986,0.91886109,deuteronomy,major,transition_bucket_shape,taam_events
P10-12_A8+_C2,P<=4_A5_C0,3,0.02238806,0.03492746,0.64098737,deuteronomy,major,transition_bucket_shape,taam_events
P7-9_A6-7_C2,P7-9_A6-7_C1,3,0.125,0.05964535,2.09572072,deuteronomy,major,transition_bucket_shape,taam_events
P5-6_A5_C1,P5-6_A6-7_C0,3,0.05263158,0.0354648,1.48405104,deuteronomy,major,transition_bucket_shape,taam_events
P7-9_A8+_C1,P<=4_A5_C0,3,0.01666667,0.03492746,0.47717949,deuteronomy,major,transition_bucket_shape,taam_events
P10-12_A8+_C2,P5-6_A8+_C1,3,0.02238806,0.01612037,1.38880597,deuteronomy,major,transition_bucket_shape,taam_events
P5-6_A4_C0,P5-6_A6-7_C1,3,0.08108108,0.08758732,0.92571713,deuteronomy,major,transition_bucket_shape,taam_events
P5-6_A5_C1,P5-6_A8+_C1,3,0.05263158,0.01612037,3.26491228,deuteronomy,major,transition_bucket_shape,taam_events
P<=4_A3_C0,P7-9_A6-7_C2,3,0.02479339,0.01289629,1.92252066,deuteronomy,major,transition_bucket_shape,taam_events
P5-6_A8+_C1,P5-6_A6-7_C1,3,0.1,0.08758732,1.14171779,deuteronomy,major,transition_bucket_shape,taam_events
P3_A3_C0,P3_A4_C0,11,0.2037037,0.03976357,5.12287287,deuteronomy,major,transition_exact_shape,taam_events
P3_A4_C0,P3_A3_C0,6,0.08108108,0.02901666,2.79429429,deuteronomy,major,transition_exact_shape,taam_events
P5_A6_C1,P3_A3_C0,5,0.11627907,0.02901666,4.00732127,deuteronomy,major,transition_exact_shape,taam_events
P3_A4_C0,P5_A5_C1,5,0.06756757,0.01934444,3.49286787,deuteronomy,major,transition_exact_shape,taam_events
P4_A3_C0,P3_A4_C0,5,0.20833333,0.03976357,5.2393018,deuteronomy,major,transition_exact_shape,taam_events
P5_A6_C1,P4_A4_C0,5,0.11627907,0.04298764,2.70494186,deuteronomy,major,transition_exact_shape,taam_events
P4_A4_C1,P4_A4_C0,5,0.33333333,0.04298764,7.75416667,deuteronomy,major,transition_exact_shape,taam_events
P4_A4_C0,P4_A4_C1,5,0.0625,0.00806018,7.75416667,deuteronomy,major,transition_exact_shape,taam_events
P4_A4_C0,P5_A6_C1,4,0.05,0.02310586,2.16395349,deuteronomy,major,transition_exact_shape,taam_events
P7_A8_C1,P4_A4_C0,4,0.12903226,0.04298764,3.0016129,deuteronomy,major,transition_exact_shape,taam_events
P4_A4_C0,P3_A4_C0,4,0.05,0.03976357,1.25743243,deuteronomy,major,transition_exact_shape,taam_events
P6_A7_C1,P6_A6_C1,4,0.09090909,0.03385277,2.68542569,deuteronomy,major,transition_exact_shape,taam_events
P3_A4_C0,P5_A5_C0,4,0.05405405,0.02095648,2.57934858,deuteronomy,major,transition_exact_shape,taam_events
P2_A3_C0,P6_A6_C1,4,0.09302326,0.03385277,2.74787745,deuteronomy,major,transition_exact_shape,taam_events
P7_A7_C1,P4_A4_C0,4,0.09756098,0.04298764,2.2695122,deuteronomy,major,transition_exact_shape,taam_events
P5_A5_C1,P6_A7_C1,4,0.11111111,0.0236432,4.69949495,deuteronomy,major,transition_exact_shape,taam_events
P6_A7_C1,P4_A4_C0,4,0.09090909,0.04298764,2.11477273,deuteronomy,major,transition_exact_shape,taam_events
P6_A6_C1,P6_A7_C1,4,0.06451613,0.0236432,2.728739,deuteronomy,major,transition_exact_shape,taam_events
P3_A4_C0,P8_A8_C1,3,0.04054054,0.01880709,2.15559846,deuteronomy,major,transition_exact_shape,taam_events
P4_A4_C0,P7_A7_C1,3,0.0375,0.02203117,1.70213415,deuteronomy,major,transition_exact_shape,taam_events
P3_A3_C0,P8_A9_C1,3,0.05555556,0.01397098,3.97649573,deuteronomy,major,transition_exact_shape,taam_events
P5_A4_C0,P3_A4_C0,3,0.09090909,0.03976357,2.28624079,deuteronomy,major,transition_exact_shape,taam_events
P4_A6_C1,P4_A4_C0,3,0.27272727,0.04298764,6.34431818,deuteronomy,major,transition_exact_shape,taam_events
P8_A8_C1,P2_A3_C0,3,0.08571429,0.02310586,3.70963455,deuteronomy,major,transition_exact_shape,taam_events
P5_A5_C1,P4_A5_C0,3,0.08333333,0.02740462,3.04084967,deuteronomy,major,transition_exact_shape,taam_events
P4_A5_C0,P9_A9_C1,3,0.05882353,0.0118216,4.97593583,deuteronomy,major,transition_exact_shape,taam_events
P3_A4_C0,P4_A4_C0,3,0.04054054,0.04298764,0.94307432,deuteronomy,major,transition_exact_shape,taam_events
P4_A4_C0,P4_A5_C0,3,0.0375,0.02740462,1.36838235,deuteronomy,major,transition_exact_shape,taam_events
P6_A6_C1,P6_A6_C0,3,0.0483871,0.01665771,2.90478668,deuteronomy,major,transition_exact_shape,taam_events
P3_A2_C0,P3_A4_C0,3,0.375,0.03976357,9.43074324,deuteronomy,major,transition_exact_shape,taam_events
P2_A3_C0,P7_A7_C1,3,0.06976744,0.02203117,3.1667612,deuteronomy,major,transition_exact_shape,taam_events
P4_A5_C0,P5_A5_C0,3,0.05882353,0.02095648,2.80693816,deuteronomy,major,transition_exact_shape,taam_events
P5_A7_C1,P6_A6_C1,3,0.23076923,0.03385277,6.81684982,deuteronomy,major,transition_exact_shape,taam_events
P5_A5_C1,P3_A3_C0,3,0.08333333,0.02901666,2.87191358,deuteronomy,major,transition_exact_shape,taam_events
P7_A7_C2,P6_A7_C1,3,0.27272727,0.0236432,11.53512397,deuteronomy,major,transition_exact_shape,taam_events
P4_A5_C1,P4_A4_C0,3,0.16666667,0.04298764,3.87708333,deuteronomy,major,transition_exact_shape,taam_events
P3_A3_C0,P6_A6_C1,3,0.05555556,0.03385277,1.64109347,deuteronomy,major,transition_exact_shape,taam_events
P4_A4_C0,P2_A3_C0,3,0.0375,0.02310586,1.62296512,deuteronomy,major,transition_exact_shape,taam_events
P6_A6_C1,P7_A7_C1,3,0.0483871,0.02203117,2.19630212,deuteronomy,major,transition_exact_shape,taam_events
P3_A3_C0,P4_A5_C0,3,0.05555556,0.02740462,2.02723312,deuteronomy,major,transition_exact_shape,taam_events
P4_A5_C0,P6_A6_C1,3,0.05882353,0.03385277,1.73762838,deuteronomy,major,transition_exact_shape,taam_events
P6_A8_C1,P3_A3_C0,3,0.15789474,0.02901666,5.44152047,deuteronomy,major,transition_exact_shape,taam_events
P5_A5_C1,P6_A8_C1,3,0.08333333,0.01020956,8.1622807,deuteronomy,major,transition_exact_shape,taam_events
P6_A6_C1,P6_A6_C1,3,0.0483871,0.03385277,1.42933948,deuteronomy,major,transition_exact_shape,taam_events
P6_A7_C1,P3_A3_C0,3,0.06818182,0.02901666,2.34974747,deuteronomy,major,transition_exact_shape,taam_events
P19-24_A8+_C4+,P19-24_A8+_C4+,12,0.14117647,0.08919203,1.58283737,deuteronomy,verse,transition_bucket_shape,taam_events
P13-15_A8+_C2,P19-24_A8+_C4+,11,0.1375,0.08919203,1.54161765,deuteronomy,verse,transition_bucket_shape,taam_events
P10-12_A8+_C1,P13-15_A8+_C2,11,0.1122449,0.08394544,1.33711735,deuteronomy,verse,transition_bucket_shape,taam_events
P16-18_A8+_C2,P10-12_A8+_C1,10,0.17241379,0.10283316,1.67663617,deuteronomy,verse,transition_bucket_shape,taam_events
P13-15_A8+_C2,P13-15_A8+_C2,10,0.125,0.08394544,1.4890625,deuteronomy,verse,transition_bucket_shape,taam_events
P7-9_A8+_C1,P13-15_A8+_C2,9,0.16071429,0.08394544,1.91450893,deuteronomy,verse,transition_bucket_shape,taam_events
P19-24_A8+_C4+,P16-18_A8+_C2,9,0.10588235,0.06086044,1.73975659,deuteronomy,verse,transition_bucket_shape,taam_events
P19-24_A8+_C4+,P13-15_A8+_C2,9,0.10588235,0.08394544,1.26132353,deuteronomy,verse,transition_bucket_shape,taam_events
P19-24_A8+_C3,P10-12_A8+_C1,9,0.12676056,0.10283316,1.23268181,deuteronomy,verse,transition_bucket_shape,taam_events
P13-15_A8+_C2,P10-12_A8+_C2,9,0.1125,0.05981112,1.88092105,deuteronomy,verse,transition_bucket_shape,taam_events
P10-12_A8+_C1,P7-9_A8+_C1,8,0.08163265,0.0587618,1.38921283,deuteronomy,verse,transition_bucket_shape,taam_events
P13-15_A8+_C2,P10-12_A8+_C1,8,0.1,0.10283316,0.97244898,deuteronomy,verse,transition_bucket_shape,taam_events
P7-9_A8+_C1,P10-12_A8+_C1,8,0.14285714,0.10283316,1.38921283,deuteronomy,verse,transition_bucket_shape,taam_events
P16-18_A8+_C2,P19-24_A8+_C3,8,0.13793103,0.07450157,1.85138417,deuteronomy,verse,transition_bucket_shape,taam_events
P19-24_A8+_C4+,P19-24_A8+_C3,8,0.09411765,0.07450157,1.26329743,deuteronomy,verse,transition_bucket_shape,taam_events
P10-12_A8+_C1,P13-15_A8+_C1,8,0.08163265,0.04931794,1.65523231,deuteronomy,verse,transition_bucket_shape,taam_events
P10-12_A8+_C1,P19-24_A8+_C2,7,0.07142857,0.04616999,1.54707792,deuteronomy,verse,transition_bucket_shape,taam_events
P16-18_A8+_C3,P10-12_A8+_C1,7,0.15217391,0.10283316,1.47981366,deuteronomy,verse,transition_bucket_shape,taam_events
P19-24_A8+_C3,P13-15_A8+_C2,7,0.09859155,0.08394544,1.17447183,deuteronomy,verse,transition_bucket_shape,taam_events
P13-15_A8+_C1,P25+_A8+_C4+,7,0.14893617,0.04407135,3.37943262,deuteronomy,verse,transition_bucket_shape,taam_events
P10-12_A8+_C1,P10-12_A8+_C1,7,0.07142857,0.10283316,0.69460641,deuteronomy,verse,transition_bucket_shape,taam_events
P10-12_A8+_C1,P10-12_A8+_C0,6,0.06122449,0.0293809,2.08381924,deuteronomy,verse,transition_bucket_shape,taam_events
P19-24_A8+_C4+,P10-12_A8+_C1,6,0.07058824,0.10283316,0.68643457,deuteronomy,verse,transition_bucket_shape,taam_events
P13-15_A8+_C2,P19-24_A8+_C3,6,0.075,0.07450157,1.00669014,deuteronomy,verse,transition_bucket_shape,taam_events
P19-24_A8+_C4+,P16-18_A8+_C3,6,0.07058824,0.04826863,1.46240409,deuteronomy,verse,transition_bucket_shape,taam_events
P10-12_A8+_C1,P16-18_A8+_C2,6,0.06122449,0.06086044,1.0059817,deuteronomy,verse,transition_bucket_shape,taam_events
P16-18_A8+_C3,P19-24_A8+_C3,6,0.13043478,0.07450157,1.75076546,deuteronomy,verse,transition_bucket_shape,taam_events
P10-12_A8+_C1,P16-18_A8+_C3,6,0.06122449,0.04826863,1.26841171,deuteronomy,verse,transition_bucket_shape,taam_events
P16-18_A8+_C2,P13-15_A8+_C2,6,0.10344828,0.08394544,1.23232759,deuteronomy,verse,transition_bucket_shape,taam_events
P10-12_A8+_C2,P10-12_A8+_C1,6,0.10714286,0.10283316,1.04190962,deuteronomy,verse,transition_bucket_shape,taam_events
P10-12_A8+_C2,P19-24_A8+_C4+,6,0.10714286,0.08919203,1.2012605,deuteronomy,verse,transition_bucket_shape,taam_events
P10-12_A8+_C2,P7-9_A8+_C1,6,0.10714286,0.0587618,1.82334184,deuteronomy,verse,transition_bucket_shape,taam_events
P13-15_A8+_C2,P5-6_A6-7_C0,6,0.075,0.0293809,2.55267857,deuteronomy,verse,transition_bucket_shape,taam_events
P10-12_A8+_C2,P16-18_A8+_C2,6,0.10714286,0.06086044,1.76046798,deuteronomy,verse,transition_bucket_shape,taam_events
P19-24_A8+_C2,P10-12_A8+_C1,5,0.11111111,0.10283316,1.08049887,deuteronomy,verse,transition_bucket_shape,taam_events
P16-18_A8+_C2,P19-24_A8+_C4+,5,0.0862069,0.08919203,0.96653144,deuteronomy,verse,transition_bucket_shape,taam_events
P19-24_A8+_C4+,P7-9_A8+_C0,5,0.05882353,0.03987408,1.4752322,deuteronomy,verse,transition_bucket_shape,taam_events
P7-9_A8+_C0,P19-24_A8+_C4+,5,0.13157895,0.08919203,1.4752322,deuteronomy,verse,transition_bucket_shape,taam_events
P19-24_A8+_C2,P19-24_A8+_C4+,5,0.11111111,0.08919203,1.24575163,deuteronomy,verse,transition_bucket_shape,taam_events
P13-15_A8+_C1,P19-24_A8+_C3,5,0.10638298,0.07450157,1.42792928,deuteronomy,verse,transition_bucket_shape,taam_events
P10-12_A8+_C1,P25+_A8+_C4+,5,0.05102041,0.04407135,1.15767736,deuteronomy,verse,transition_bucket_shape,taam_events
P25+_A8+_C4+,P10-12_A8+_C1,5,0.11904762,0.10283316,1.15767736,deuteronomy,verse,transition_bucket_shape,taam_events
P10-12_A8+_C1,P19-24_A8+_C4+,5,0.05102041,0.08919203,0.57202881,deuteronomy,verse,transition_bucket_shape,taam_events
P19-24_A8+_C4+,P25+_A8+_C4+,5,0.05882353,0.04407135,1.33473389,deuteronomy,verse,transition_bucket_shape,taam_events
P19-24_A8+_C3,P7-9_A8+_C1,5,0.07042254,0.0587618,1.19844064,deuteronomy,verse,transition_bucket_shape,taam_events
P7-9_A8+_C1,P10-12_A8+_C2,5,0.08928571,0.05981112,1.49279449,deuteronomy,verse,transition_bucket_shape,taam_events
P10-12_A8+_C1,P19-24_A8+_C3,5,0.05102041,0.07450157,0.68482323,deuteronomy,verse,transition_bucket_shape,taam_events
P13-15_A8+_C3,P19-24_A8+_C4+,5,0.13513514,0.08919203,1.51510334,deuteronomy,verse,transition_bucket_shape,taam_events
P19-24_A8+_C4+,P13-15_A8+_C1,5,0.05882353,0.04931794,1.19274093,deuteronomy,verse,transition_bucket_shape,taam_events
P19-24_A8+_C2,P19-24_A8+_C2,5,0.11111111,0.04616999,2.40656566,deuteronomy,verse,transition_bucket_shape,taam_events
P10-12_A8+_C2,P10-12_A8+_C2,5,0.08928571,0.05981112,1.49279449,deuteronomy,verse,transition_bucket_shape,taam_events
P13-15_A8+_C1,P13-15_A8+_C2,5,0.10638298,0.08394544,1.26728723,deuteronomy,verse,transition_bucket_shape,taam_events
P19-24_A8+_C2,P16-18_A8+_C4+,4,0.08888889,0.02833158,3.13744856,deuteronomy,verse,transition_bucket_shape,taam_events
P19-24_A8+_C3,P19-24_A8+_C2,4,0.05633803,0.04616999,1.22023047,deuteronomy,verse,transition_bucket_shape,taam_events
P7-9_A8+_C1,P16-18_A8+_C3,4,0.07142857,0.04826863,1.47981366,deuteronomy,verse,transition_bucket_shape,taam_events
P10-12_A8+_C1,P7-9_A8+_C0,4,0.04081633,0.03987408,1.0236305,deuteronomy,verse,transition_bucket_shape,taam_events
P19-24_A8+_C3,P10-12_A8+_C0,4,0.05633803,0.0293809,1.91750503,deuteronomy,verse,transition_bucket_shape,taam_events
P19-24_A8+_C3,P16-18_A8+_C1,4,0.05633803,0.01888772,2.9827856,deuteronomy,verse,transition_bucket_shape,taam_events
P25+_A8+_C4+,P16-18_A8+_C3,4,0.0952381,0.04826863,1.97308489,deuteronomy,verse,transition_bucket_shape,taam_events
P13-15_A8+_C2,P16-18_A8+_C2,4,0.05,0.06086044,0.82155172,deuteronomy,verse,transition_bucket_shape,taam_events
P25+_A8+_C4+,P13-15_A8+_C1,4,0.0952381,0.04931794,1.93110436,deuteronomy,verse,transition_bucket_shape,taam_events
P13-15_A8+_C1,P13-15_A8+_C1,4,0.08510638,0.04931794,1.72566772,deuteronomy,verse,transition_bucket_shape,taam_events
P13-15_A8+_C1,P13-15_A8+_C3,4,0.08510638,0.03882476,2.1920644,deuteronomy,verse,transition_bucket_shape,taam_events
P13-15_A8+_C1,P19-24_A8+_C4+,4,0.08510638,0.08919203,0.95419274,deuteronomy,verse,transition_bucket_shape,taam_events
P13-15_A8+_C2,P16-18_A8+_C3,4,0.05,0.04826863,1.03586957,deuteronomy,verse,transition_bucket_shape,taam_events
P16-18_A8+_C3,P25+_A8+_C4+,4,0.08695652,0.04407135,1.97308489,deuteronomy,verse,transition_bucket_shape,taam_events
P7-9_A8+_C1,P19-24_A8+_C3,4,0.07142857,0.07450157,0.95875252,deuteronomy,verse,transition_bucket_shape,taam_events
P19-24_A8+_C2,P13-15_A8+_C3,4,0.08888889,0.03882476,2.28948949,deuteronomy,verse,transition_bucket_shape,taam_events
P13-15_A8+_C3,P19-24_A8+_C3,4,0.10810811,0.07450157,1.45108489,deuteronomy,verse,transition_bucket_shape,taam_events
P10-12_A8+_C2,P7-9_A8+_C0,4,0.07142857,0.03987408,1.79135338,deuteronomy,verse,transition_bucket_shape,taam_events
P16-18_A8+_C2,P7-9_A8+_C1,4,0.06896552,0.0587618,1.17364532,deuteronomy,verse,transition_bucket_shape,taam_events
P19-24_A8+_C4+,P10-12_A8+_C0,4,0.04705882,0.0293809,1.60168067,deuteronomy,verse,transition_bucket_shape,taam_events
P19-24_A8+_C2,P25+_A8+_C3,4,0.08888889,0.0115425,7.7010101,deuteronomy,verse,transition_bucket_shape,taam_events
P13-15_A8+_C3,P13-15_A8+_C2,4,0.10810811,0.08394544,1.28783784,deuteronomy,verse,transition_bucket_shape,taam_events
P13-15_A8+_C1,P16-18_A8+_C3,4,0.08510638,0.04826863,1.76318224,deuteronomy,verse,transition_bucket_shape,taam_events
P25+_A8+_C4+,P19-24_A8+_C3,4,0.0952381,0.07450157,1.27833669,deuteronomy,verse,transition_bucket_shape,taam_events
P7-9_A8+_C0,P16-18_A8+_C2,4,0.10526316,0.06086044,1.72958258,deuteronomy,verse,transition_bucket_shape,taam_events
P16-18_A8+_C2,P19-24_A8+_C2,4,0.06896552,0.04616999,1.49373041,deuteronomy,verse,transition_bucket_shape,taam_events
P10-12_A8+_C2,P7-9_A6-7_C0,4,0.07142857,0.01364113,5.23626374,deuteronomy,verse,transition_bucket_shape,taam_events
P7-9_A8+_C1,P19-24_A8+_C4+,3,0.05357143,0.08919203,0.60063025,deuteronomy,verse,transition_bucket_shape,taam_events
P16-18_A8+_C3,P7-9_A8+_C1,3,0.06521739,0.0587618,1.10986025,deuteronomy,verse,transition_bucket_shape,taam_events
P7-9_A8+_C0,P13-15_A8+_C1,3,0.07894737,0.04931794,1.60078387,deuteronomy,verse,transition_bucket_shape,taam_events
P19-24_A8+_C3,P7-9_A8+_C0,3,0.04225352,0.03987408,1.05967383,deuteronomy,verse,transition_bucket_shape,taam_events
P19-24_A8+_C4+,P16-18_A8+_C4+,3,0.03529412,0.02833158,1.24575163,deuteronomy,verse,transition_bucket_shape,taam_events
P16-18_A8+_C4+,P19-24_A8+_C4+,3,0.11111111,0.08919203,1.24575163,deuteronomy,verse,transition_bucket_shape,taam_events
P10-12_A8+_C0,P16-18_A8+_C2,3,0.10714286,0.06086044,1.76046798,deuteronomy,verse,transition_bucket_shape,taam_events
P16-18_A8+_C2,P7-9_A8+_C0,3,0.05172414,0.03987408,1.29718693,deuteronomy,verse,transition_bucket_shape,taam_events
P7-9_A8+_C1,P13-15_A8+_C3,3,0.05357143,0.03882476,1.37982625,deuteronomy,verse,transition_bucket_shape,taam_events
P13-15_A8+_C3,P25+_A8+_C4+,3,0.08108108,0.04407135,1.83976834,deuteronomy,verse,transition_bucket_shape,taam_events
P19-24_A8+_C3,P19-24_A8+_C3,3,0.04225352,0.07450157,0.56714938,deuteronomy,verse,transition_bucket_shape,taam_events
P25+_A8+_C4+,P7-9_A8+_C1,3,0.07142857,0.0587618,1.21556122,deuteronomy,verse,transition_bucket_shape,taam_events
P16-18_A8+_C4+,P13-15_A8+_C2,3,0.11111111,0.08394544,1.32361111,deuteronomy,verse,transition_bucket_shape,taam_events
P10-12_A8+_C1,P10-12_A8+_C2,3,0.03061224,0.05981112,0.51181525,deuteronomy,verse,transition_bucket_shape,taam_events
P10-12_A8+_C0,P10-12_A8+_C1,3,0.10714286,0.10283316,1.04190962,deuteronomy,verse,transition_bucket_shape,taam_events
P7-9_A8+_C1,P7-9_A8+_C0,3,0.05357143,0.03987408,1.34351504,deuteronomy,verse,transition_bucket_shape,taam_events
P25+_A8+_C4+,P19-24_A8+_C4+,3,0.07142857,0.08919203,0.80084034,deuteronomy,verse,transition_bucket_shape,taam_events
P5-6_A6-7_C0,P16-18_A8+_C2,3,0.10714286,0.06086044,1.76046798,deuteronomy,verse,transition_bucket_shape,taam_events
P19-24_A8+_C3,P19-24_A8+_C1,3,0.04225352,0.01049318,4.02676056,deuteronomy,verse,transition_bucket_shape,taam_events
P5-6_A6-7_C0,P19-24_A8+_C3,3,0.10714286,0.07450157,1.43812877,deuteronomy,verse,transition_bucket_shape,taam_events
P16-18_A8+_C3,P13-15_A8+_C1,3,0.06521739,0.04931794,1.32238668,deuteronomy,verse,transition_bucket_shape,taam_events
P13-15_A8+_C1,P10-12_A8+_C1,3,0.06382979,0.10283316,0.62071211,deuteronomy,verse,transition_bucket_shape,taam_events
P19-24_A8+_C3,P13-15_A8+_C3,3,0.04225352,0.03882476,1.08831367,deuteronomy,verse,transition_bucket_shape,taam_events
P13-15_A8+_C3,P10-12_A8+_C1,3,0.08108108,0.10283316,0.78847215,deuteronomy,verse,transition_bucket_shape,taam_events
P19-24_A8+_C3,P19-24_A8+_C4+,3,0.04225352,0.08919203,0.47373654,deuteronomy,verse,transition_bucket_shape,taam_events
P25+_A8+_C4+,P16-18_A8+_C1,3,0.07142857,0.01888772,3.78174603,deuteronomy,verse,transition_bucket_shape,taam_events
P16-18_A8+_C1,P25+_A8+_C4+,3,0.16666667,0.04407135,3.78174603,deuteronomy,verse,transition_bucket_shape,taam_events
P7-9_A8+_C2,P19-24_A8+_C4+,3,0.42857143,0.08919203,4.80504202,deuteronomy,verse,transition_bucket_shape,taam_events
P19-24_A8+_C4+,P7-9_A8+_C1,3,0.03529412,0.0587618,0.60063025,deuteronomy,verse,transition_bucket_shape,taam_events
P13-15_A8+_C2,P19-24_A8+_C2,3,0.0375,0.04616999,0.81221591,deuteronomy,verse,transition_bucket_shape,taam_events
P7-9_A8+_C0,P10-12_A8+_C1,3,0.07894737,0.10283316,0.76772288,deuteronomy,verse,transition_bucket_shape,taam_events
P10-12_A8+_C3,P10-12_A8+_C2,3,0.5,0.05981112,8.35964912,deuteronomy,verse,transition_bucket_shape,taam_events
P13-15_A8+_C1,P16-18_A8+_C1,3,0.06382979,0.01888772,3.37943262,deuteronomy,verse,transition_bucket_shape,taam_events
P25+_A8+_C4+,P13-15_A8+_C3,3,0.07142857,0.03882476,1.83976834,deuteronomy,verse,transition_bucket_shape,taam_events
P7-9_A8+_C0,P13-15_A8+_C2,3,0.07894737,0.08394544,0.94046053,deuteronomy,verse,transition_bucket_shape,taam_events
P19-24_A8+_C3,P5-6_A6-7_C0,3,0.04225352,0.0293809,1.43812877,deuteronomy,verse,transition_bucket_shape,taam_events
P7-9_A8+_C0,P10-12_A8+_C2,3,0.07894737,0.05981112,1.3199446,deuteronomy,verse,transition_bucket_shape,taam_events
P19-24_A8+_C2,P10-12_A8+_C2,3,0.06666667,0.05981112,1.11461988,deuteronomy,verse,transition_bucket_shape,taam_events
P7-9_A6-7_C0,P16-18_A8+_C2,3,0.23076923,0.06086044,3.79177719,deuteronomy,verse,transition_bucket_shape,taam_events
P5-6_A6-7_C0,P13-15_A8+_C2,3,0.10714286,0.08394544,1.27633929,deuteronomy,verse,transition_bucket_shape,taam_events
P16-18_A8+_C3,P10-12_A8+_C2,3,0.06521739,0.05981112,1.09038902,deuteronomy,verse,transition_bucket_shape,taam_events
P10-12_A8+_C0,P7-9_A8+_C1,3,0.10714286,0.0587618,1.82334184,deuteronomy,verse,transition_bucket_shape,taam_events
P19-24_A8+_C3,P16-18_A8+_C3,3,0.04225352,0.04826863,0.87538273,deuteronomy,verse,transition_bucket_shape,taam_events
P7-9_A8+_C1,P7-9_A8+_C1,3,0.05357143,0.0587618,0.91167092,deuteronomy,verse,transition_bucket_shape,taam_events
P19-24_A8+_C3,P10-12_A8+_C2,3,0.04225352,0.05981112,0.70644922,deuteronomy,verse,transition_bucket_shape,taam_events
P5-6_A6-7_C0,P5-6_A6-7_C0,3,0.10714286,0.0293809,3.64668367,deuteronomy,verse,transition_bucket_shape,taam_events
P10-12_A8+_C2,P5-6_A6-7_C0,3,0.05357143,0.0293809,1.82334184,deuteronomy,verse,transition_bucket_shape,taam_events
P8_A8_C1,P8_A8_C1,3,0.27272727,0.0115425,23.62809917,deuteronomy,verse,transition_exact_shape,taam_events
