shape_field,rank,shape,count,share,cum_share,book,level
shape_PA,1,P7_A3,361,0.0800621,0.0800621,exodus,minor
shape_PA,2,P8_A3,326,0.07229984,0.15236194,exodus,minor
shape_PA,3,P5_A2,293,0.06498115,0.21734309,exodus,minor
shape_PA,4,P6_A2,289,0.06409403,0.28143713,exodus,minor
shape_PA,5,P6_A3,268,0.05943668,0.34087381,exodus,minor
shape_PA,6,P9_A3,243,0.05389222,0.39476602,exodus,minor
shape_PA,7,P7_A2,206,0.0456864,0.44045243,exodus,minor
shape_PA,8,P10_A4,187,0.04147261,0.48192504,exodus,minor
shape_PA,9,P9_A4,159,0.03526281,0.51718785,exodus,minor
shape_PA,10,P11_A4,155,0.03437569,0.55156354,exodus,minor
shape_PA,11,P4_A2,152,0.03371036,0.5852739,exodus,minor
shape_PA,12,P3_A1,130,0.02883123,0.61410512,exodus,minor
shape_PA,13,P5_A3,118,0.02616988,0.64027501,exodus,minor
shape_PA,14,P8_A4,118,0.02616988,0.66644489,exodus,minor
shape_PA,15,P12_A4,98,0.02173431,0.6881792,exodus,minor
shape_PA,16,P2_A1,97,0.02151253,0.70969173,exodus,minor
shape_PA,17,P10_A3,89,0.0197383,0.72943003,exodus,minor
shape_PA,18,P8_A2,89,0.0197383,0.74916833,exodus,minor
shape_PA,19,P11_A5,68,0.01508095,0.76424928,exodus,minor
shape_PA,20,P13_A5,62,0.01375028,0.77799956,exodus,minor
shape_PA,21,P12_A5,61,0.0135285,0.79152806,exodus,minor
shape_PA,22,P14_A5,59,0.01308494,0.804613,exodus,minor
shape_PA,23,P3_A2,55,0.01219783,0.81681082,exodus,minor
shape_PA,24,P7_A4,54,0.01197605,0.82878687,exodus,minor
shape_PA,25,P13_A4,49,0.01086715,0.83965403,exodus,minor
shape_PA,26,P4_A1,48,0.01064538,0.8502994,exodus,minor
shape_PA,27,P11_A3,47,0.0104236,0.860723,exodus,minor
shape_PA,28,P10_A5,46,0.01020182,0.87092482,exodus,minor
shape_PA,29,P15_A6,35,0.00776225,0.87868707,exodus,minor
shape_PA,30,P14_A6,35,0.00776225,0.88644932,exodus,minor
shape_PA,31,P1_A1,35,0.00776225,0.89421158,exodus,minor
shape_PA,32,P16_A6,30,0.00665336,0.90086494,exodus,minor
shape_PA,33,P9_A2,27,0.00598802,0.90685296,exodus,minor
shape_PA,34,P15_A5,26,0.00576625,0.91261921,exodus,minor
shape_PA,35,P17_A6,23,0.00510091,0.91772012,exodus,minor
shape_PA,36,P14_A4,22,0.00487913,0.92259925,exodus,minor
shape_PA,37,P4_A3,17,0.00377024,0.92636948,exodus,minor
shape_PA,38,P13_A6,16,0.00354846,0.92991794,exodus,minor
shape_PA,39,P6_A4,16,0.00354846,0.9334664,exodus,minor
shape_PA,40,P12_A3,16,0.00354846,0.93701486,exodus,minor
shape_PA,41,P9_A5,15,0.00332668,0.94034154,exodus,minor
shape_PA,42,P16_A5,14,0.0031049,0.94344644,exodus,minor
shape_PA,43,P18_A7,14,0.0031049,0.94655134,exodus,minor
shape_PA,44,P16_A7,13,0.00288312,0.94943446,exodus,minor
shape_PA,45,P5_A1,13,0.00288312,0.95231759,exodus,minor
shape_PA,46,P12_A6,11,0.00243957,0.95475715,exodus,minor
shape_PA,47,P15_A7,10,0.00221779,0.95697494,exodus,minor
shape_PA,48,P17_A5,9,0.00199601,0.95897095,exodus,minor
shape_PA,49,P20_A7,8,0.00177423,0.96074518,exodus,minor
shape_PA,50,P19_A7,8,0.00177423,0.96251941,exodus,minor
shape_PA,51,P15_A4,8,0.00177423,0.96429363,exodus,minor
shape_PA,52,P11_A6,8,0.00177423,0.96606786,exodus,minor
shape_PA,53,P13_A3,7,0.00155245,0.96762031,exodus,minor
shape_PA,54,P8_A5,7,0.00155245,0.96917277,exodus,minor
shape_PA,55,P17_A7,7,0.00155245,0.97072522,exodus,minor
shape_PA,56,P14_A7,6,0.00133067,0.97205589,exodus,minor
shape_PA,57,P18_A6,6,0.00133067,0.97338656,exodus,minor
shape_PA,58,P19_A6,5,0.00110889,0.97449545,exodus,minor
shape_PA,59,P21_A9,5,0.00110889,0.97560435,exodus,minor
shape_PA,60,P21_A7,5,0.00110889,0.97671324,exodus,minor
shape_PA,61,P12_A7,5,0.00110889,0.97782213,exodus,minor
shape_PA,62,P16_A4,5,0.00110889,0.97893103,exodus,minor
shape_PA,63,P5_A4,4,0.00088711,0.97981814,exodus,minor
shape_PA,64,P22_A9,4,0.00088711,0.98070526,exodus,minor
shape_PA,65,P21_A8,4,0.00088711,0.98159237,exodus,minor
shape_PA,66,P23_A8,4,0.00088711,0.98247949,exodus,minor
shape_PA,67,P10_A2,4,0.00088711,0.9833666,exodus,minor
shape_PA,68,P25_A9,4,0.00088711,0.98425371,exodus,minor
shape_PA,69,P22_A7,4,0.00088711,0.98514083,exodus,minor
shape_PA,70,P20_A8,3,0.00066534,0.98580617,exodus,minor
shape_PA,71,P18_A5,3,0.00066534,0.9864715,exodus,minor
shape_PA,72,P13_A7,3,0.00066534,0.98713684,exodus,minor
shape_PA,73,P20_A9,3,0.00066534,0.98780217,exodus,minor
shape_PA,74,P24_A8,2,0.00044356,0.98824573,exodus,minor
shape_PA,75,P18_A9,2,0.00044356,0.98868929,exodus,minor
shape_PA,76,P19_A8,2,0.00044356,0.98913285,exodus,minor
shape_PA,77,P10_A6,2,0.00044356,0.9895764,exodus,minor
shape_PA,78,P24_A7,2,0.00044356,0.99001996,exodus,minor
shape_PA,79,P2_A2,2,0.00044356,0.99046352,exodus,minor
shape_PA,80,P7_A5,2,0.00044356,0.99090707,exodus,minor
shape_PA,81,P9_A6,2,0.00044356,0.99135063,exodus,minor
shape_PA,82,P21_A6,2,0.00044356,0.99179419,exodus,minor
shape_PA,83,P22_A6,1,0.00022178,0.99201597,exodus,minor
shape_PA,84,P11_A8,1,0.00022178,0.99223775,exodus,minor
shape_PA,85,P17_A9,1,0.00022178,0.99245953,exodus,minor
shape_PA,86,P16_A8,1,0.00022178,0.9926813,exodus,minor
shape_PA,87,P25_A11,1,0.00022178,0.99290308,exodus,minor
shape_PA,88,P13_A2,1,0.00022178,0.99312486,exodus,minor
shape_PA,89,P14_A3,1,0.00022178,0.99334664,exodus,minor
shape_PA,90,P32_A11,1,0.00022178,0.99356842,exodus,minor
shape_PA,91,P19_A5,1,0.00022178,0.9937902,exodus,minor
shape_PA,92,P35_A12,1,0.00022178,0.99401198,exodus,minor
shape_PA,93,P20_A5,1,0.00022178,0.99423375,exodus,minor
shape_PA,94,P23_A10,1,0.00022178,0.99445553,exodus,minor
shape_PA,95,P17_A8,1,0.00022178,0.99467731,exodus,minor
shape_PA,96,P32_A10,1,0.00022178,0.99489909,exodus,minor
shape_PA,97,P26_A7,1,0.00022178,0.99512087,exodus,minor
shape_PA,98,P18_A8,1,0.00022178,0.99534265,exodus,minor
shape_PA,99,P28_A13,1,0.00022178,0.99556443,exodus,minor
shape_PA,100,P25_A10,1,0.00022178,0.99578621,exodus,minor
shape_PA,101,P22_A11,1,0.00022178,0.99600798,exodus,minor
shape_PA,102,P3_A3,1,0.00022178,0.99622976,exodus,minor
shape_PA,103,P20_A6,1,0.00022178,0.99645154,exodus,minor
shape_PA,104,P19_A9,1,0.00022178,0.99667332,exodus,minor
shape_PA,105,P14_A8,1,0.00022178,0.9968951,exodus,minor
shape_PA,106,P26_A8,1,0.00022178,0.99711688,exodus,minor
shape_PA,107,P25_A8,1,0.00022178,0.99733866,exodus,minor
shape_PA,108,P22_A8,1,0.00022178,0.99756043,exodus,minor
shape_PA,109,P29_A12,1,0.00022178,0.99778221,exodus,minor
shape_PA,110,P28_A10,1,0.00022178,0.99800399,exodus,minor
shape_PA,111,P24_A9,1,0.00022178,0.99822577,exodus,minor
shape_PA,112,P29_A10,1,0.00022178,0.99844755,exodus,minor
shape_PA,113,P33_A11,1,0.00022178,0.99866933,exodus,minor
shape_PA,114,P27_A13,1,0.00022178,0.99889111,exodus,minor
shape_PA,115,P6_A1,1,0.00022178,0.99911289,exodus,minor
shape_PA,116,P23_A9,1,0.00022178,0.99933466,exodus,minor
shape_PA,117,P19_A4,1,0.00022178,0.99955644,exodus,minor
shape_PA,118,P29_A9,1,0.00022178,0.99977822,exodus,minor
shape_PA,119,P26_A11,1,0.00022178,1.0,exodus,minor
bucket_PA,1,P7-9_A3,930,0.20625416,0.20625416,exodus,minor
bucket_PA,2,P5-6_A2,582,0.12907518,0.33532934,exodus,minor
bucket_PA,3,P10-12_A4,440,0.09758261,0.43291195,exodus,minor
bucket_PA,4,P5-6_A3,386,0.08560656,0.51851852,exodus,minor
bucket_PA,5,P7-9_A4,331,0.07340874,0.59192726,exodus,minor
bucket_PA,6,P7-9_A2,322,0.07141273,0.66333999,exodus,minor
bucket_PA,7,P1-4_A0-1,310,0.06875139,0.73209137,exodus,minor
bucket_PA,8,P1-4_A2,209,0.04635174,0.77844311,exodus,minor
bucket_PA,9,P10-12_A5,175,0.03881127,0.81725438,exodus,minor
bucket_PA,10,P10-12_A3,152,0.03371036,0.85096474,exodus,minor
bucket_PA,11,P13-15_A5,147,0.03260146,0.8835662,exodus,minor
bucket_PA,12,P13-15_A6-7,105,0.02328676,0.90685296,exodus,minor
bucket_PA,13,P16-18_A6-7,93,0.02062542,0.92747838,exodus,minor
bucket_PA,14,P13-15_A4,79,0.01752051,0.94499889,exodus,minor
bucket_PA,15,P19-24_A6-7,36,0.00798403,0.95298292,exodus,minor
bucket_PA,16,P19-24_A8+,33,0.0073187,0.96030162,exodus,minor
bucket_PA,17,P16-18_A5,26,0.00576625,0.96606786,exodus,minor
bucket_PA,18,P10-12_A6-7,26,0.00576625,0.97183411,exodus,minor
bucket_PA,19,P7-9_A5,24,0.00532269,0.9771568,exodus,minor
bucket_PA,20,P5-6_A4,20,0.00443557,0.98159237,exodus,minor
bucket_PA,21,P25+_A8+,19,0.00421379,0.98580617,exodus,minor
bucket_PA,22,P1-4_A3,18,0.00399202,0.98979818,exodus,minor
bucket_PA,23,P5-6_A0-1,14,0.0031049,0.99290308,exodus,minor
bucket_PA,24,P13-15_A3,8,0.00177423,0.99467731,exodus,minor
bucket_PA,25,P16-18_A8+,6,0.00133067,0.99600798,exodus,minor
bucket_PA,26,P16-18_A4,5,0.00110889,0.99711688,exodus,minor
bucket_PA,27,P10-12_A2,4,0.00088711,0.99800399,exodus,minor
bucket_PA,28,P19-24_A5,2,0.00044356,0.99844755,exodus,minor
bucket_PA,29,P7-9_A6-7,2,0.00044356,0.99889111,exodus,minor
bucket_PA,30,P10-12_A8+,1,0.00022178,0.99911289,exodus,minor
bucket_PA,31,P13-15_A2,1,0.00022178,0.99933466,exodus,minor
bucket_PA,32,P25+_A6-7,1,0.00022178,0.99955644,exodus,minor
bucket_PA,33,P13-15_A8+,1,0.00022178,0.99977822,exodus,minor
bucket_PA,34,P19-24_A4,1,0.00022178,1.0,exodus,minor
shape_PAW,1,P7_A3_W3,272,0.0603238,0.0603238,exodus,minor
shape_PAW,2,P6_A3_W3,233,0.05167443,0.11199823,exodus,minor
shape_PAW,3,P5_A2_W2,233,0.05167443,0.16367265,exodus,minor
shape_PAW,4,P6_A2_W2,207,0.04590818,0.20958084,exodus,minor
shape_PAW,5,P8_A3_W3,187,0.04147261,0.25105345,exodus,minor
shape_PAW,6,P4_A2_W2,140,0.03104901,0.28210246,exodus,minor
shape_PAW,7,P9_A3_W4,126,0.02794411,0.31004657,exodus,minor
shape_PAW,8,P3_A1_W1,121,0.02683522,0.33688179,exodus,minor
shape_PAW,9,P8_A3_W4,121,0.02683522,0.36371701,exodus,minor
shape_PAW,10,P5_A3_W3,115,0.02550455,0.38922156,exodus,minor
shape_PAW,11,P10_A4_W4,109,0.02417387,0.41339543,exodus,minor
shape_PAW,12,P7_A2_W2,107,0.02373032,0.43712575,exodus,minor
shape_PAW,13,P9_A4_W4,98,0.02173431,0.45886006,exodus,minor
shape_PAW,14,P9_A3_W3,95,0.02106897,0.47992903,exodus,minor
shape_PAW,15,P2_A1_W1,90,0.01996008,0.49988911,exodus,minor
shape_PAW,16,P8_A4_W4,90,0.01996008,0.51984919,exodus,minor
shape_PAW,17,P7_A3_W4,88,0.01951652,0.53936571,exodus,minor
shape_PAW,18,P11_A4_W5,79,0.01752051,0.55688623,exodus,minor
shape_PAW,19,P7_A2_W3,77,0.01707696,0.57396318,exodus,minor
shape_PAW,20,P6_A2_W3,76,0.01685518,0.59081836,exodus,minor
shape_PAW,21,P10_A4_W5,70,0.01552451,0.60634287,exodus,minor
shape_PAW,22,P11_A4_W4,66,0.01463739,0.62098026,exodus,minor
shape_PAW,23,P5_A2_W3,57,0.01264138,0.63362165,exodus,minor
shape_PAW,24,P9_A4_W5,55,0.01219783,0.64581947,exodus,minor
shape_PAW,25,P3_A2_W2,53,0.01175427,0.65757374,exodus,minor
shape_PAW,26,P7_A4_W4,51,0.01131071,0.66888445,exodus,minor
shape_PAW,27,P12_A4_W5,49,0.01086715,0.67975161,exodus,minor
shape_PAW,28,P10_A3_W4,45,0.00998004,0.68973165,exodus,minor
shape_PAW,29,P11_A5_W5,44,0.00975826,0.69948991,exodus,minor
shape_PAW,30,P4_A1_W1,35,0.00776225,0.70725216,exodus,minor
shape_PAW,31,P6_A3_W4,35,0.00776225,0.71501442,exodus,minor
shape_PAW,32,P1_A1_W1,35,0.00776225,0.72277667,exodus,minor
shape_PAW,33,P8_A2_W2,34,0.00754047,0.73031714,exodus,minor
shape_PAW,34,P8_A2_W3,33,0.0073187,0.73763584,exodus,minor
shape_PAW,35,P10_A5_W5,33,0.0073187,0.74495454,exodus,minor
shape_PAW,36,P12_A5_W5,30,0.00665336,0.7516079,exodus,minor
shape_PAW,37,P12_A4_W4,30,0.00665336,0.75826126,exodus,minor
shape_PAW,38,P10_A3_W3,28,0.0062098,0.76447106,exodus,minor
shape_PAW,39,P13_A5_W5,28,0.0062098,0.77068086,exodus,minor
shape_PAW,40,P12_A5_W6,28,0.0062098,0.77689066,exodus,minor
shape_PAW,41,P8_A4_W5,26,0.00576625,0.78265691,exodus,minor
shape_PAW,42,P14_A5_W5,25,0.00554447,0.78820138,exodus,minor
shape_PAW,43,P13_A5_W6,24,0.00532269,0.79352406,exodus,minor
shape_PAW,44,P11_A5_W6,22,0.00487913,0.79840319,exodus,minor
shape_PAW,45,P11_A3_W4,20,0.00443557,0.80283877,exodus,minor
shape_PAW,46,P8_A2_W4,20,0.00443557,0.80727434,exodus,minor
shape_PAW,47,P9_A3_W5,20,0.00443557,0.81170991,exodus,minor
shape_PAW,48,P15_A6_W6,19,0.00421379,0.81592371,exodus,minor
shape_PAW,49,P7_A2_W4,19,0.00421379,0.8201375,exodus,minor
shape_PAW,50,P13_A4_W5,19,0.00421379,0.8243513,exodus,minor
shape_PAW,51,P12_A4_W6,18,0.00399202,0.82834331,exodus,minor
shape_PAW,52,P14_A6_W7,18,0.00399202,0.83233533,exodus,minor
shape_PAW,53,P14_A5_W6,18,0.00399202,0.83632735,exodus,minor
shape_PAW,54,P8_A3_W5,17,0.00377024,0.84009758,exodus,minor
shape_PAW,55,P4_A3_W3,17,0.00377024,0.84386782,exodus,minor
shape_PAW,56,P13_A4_W6,15,0.00332668,0.8471945,exodus,minor
shape_PAW,57,P10_A3_W5,15,0.00332668,0.85052118,exodus,minor
shape_PAW,58,P15_A5_W6,14,0.0031049,0.85362608,exodus,minor
shape_PAW,59,P11_A3_W3,14,0.0031049,0.85673098,exodus,minor
shape_PAW,60,P9_A5_W5,14,0.0031049,0.85983588,exodus,minor
shape_PAW,61,P6_A4_W4,14,0.0031049,0.86294079,exodus,minor
shape_PAW,62,P16_A6_W6,14,0.0031049,0.86604569,exodus,minor
shape_PAW,63,P15_A6_W7,14,0.0031049,0.86915059,exodus,minor
shape_PAW,64,P14_A6_W6,13,0.00288312,0.87203371,exodus,minor
shape_PAW,65,P17_A6_W7,13,0.00288312,0.87491683,exodus,minor
shape_PAW,66,P4_A1_W2,13,0.00288312,0.87779996,exodus,minor
shape_PAW,67,P11_A3_W5,12,0.00266134,0.8804613,exodus,minor
shape_PAW,68,P4_A2_W3,12,0.00266134,0.88312264,exodus,minor
shape_PAW,69,P13_A6_W6,12,0.00266134,0.88578399,exodus,minor
shape_PAW,70,P10_A5_W6,12,0.00266134,0.88844533,exodus,minor
shape_PAW,71,P14_A5_W7,12,0.00266134,0.89110668,exodus,minor
shape_PAW,72,P16_A6_W7,11,0.00243957,0.89354624,exodus,minor
shape_PAW,73,P9_A2_W3,10,0.00221779,0.89576403,exodus,minor
shape_PAW,74,P13_A4_W4,10,0.00221779,0.89798181,exodus,minor
shape_PAW,75,P13_A5_W7,10,0.00221779,0.9001996,exodus,minor
shape_PAW,76,P3_A1_W2,9,0.00199601,0.90219561,exodus,minor
shape_PAW,77,P14_A4_W6,9,0.00199601,0.90419162,exodus,minor
shape_PAW,78,P9_A2_W2,9,0.00199601,0.90618762,exodus,minor
shape_PAW,79,P11_A4_W6,8,0.00177423,0.90796185,exodus,minor
shape_PAW,80,P18_A7_W7,8,0.00177423,0.90973608,exodus,minor
shape_PAW,81,P10_A4_W6,8,0.00177423,0.91151031,exodus,minor
shape_PAW,82,P5_A1_W1,8,0.00177423,0.91328454,exodus,minor
shape_PAW,83,P12_A3_W5,7,0.00155245,0.91483699,exodus,minor
shape_PAW,84,P2_A1_W2,7,0.00155245,0.91638944,exodus,minor
shape_PAW,85,P12_A6_W6,7,0.00155245,0.91794189,exodus,minor
shape_PAW,86,P8_A5_W5,7,0.00155245,0.91949434,exodus,minor
shape_PAW,87,P11_A6_W6,7,0.00155245,0.9210468,exodus,minor
shape_PAW,88,P6_A2_W4,6,0.00133067,0.92237747,exodus,minor
shape_PAW,89,P16_A5_W5,6,0.00133067,0.92370814,exodus,minor
shape_PAW,90,P14_A4_W4,6,0.00133067,0.92503881,exodus,minor
shape_PAW,91,P9_A2_W4,6,0.00133067,0.92636948,exodus,minor
shape_PAW,92,P15_A5_W5,6,0.00133067,0.92770016,exodus,minor
shape_PAW,93,P16_A7_W7,6,0.00133067,0.92903083,exodus,minor
shape_PAW,94,P12_A3_W4,6,0.00133067,0.9303615,exodus,minor
shape_PAW,95,P15_A5_W7,6,0.00133067,0.93169217,exodus,minor
shape_PAW,96,P9_A4_W6,6,0.00133067,0.93302284,exodus,minor
shape_PAW,97,P16_A7_W8,5,0.00110889,0.93413174,exodus,minor
shape_PAW,98,P14_A7_W7,5,0.00110889,0.93524063,exodus,minor
shape_PAW,99,P18_A7_W8,5,0.00110889,0.93634952,exodus,minor
shape_PAW,100,P14_A4_W5,5,0.00110889,0.93745842,exodus,minor
shape_PAW,101,P5_A1_W2,5,0.00110889,0.93856731,exodus,minor
shape_PAW,102,P13_A4_W7,5,0.00110889,0.9396762,exodus,minor
shape_PAW,103,P15_A7_W7,5,0.00110889,0.9407851,exodus,minor
shape_PAW,104,P17_A6_W8,5,0.00110889,0.94189399,exodus,minor
shape_PAW,105,P17_A6_W6,4,0.00088711,0.9427811,exodus,minor
shape_PAW,106,P15_A4_W6,4,0.00088711,0.94366822,exodus,minor
shape_PAW,107,P15_A7_W8,4,0.00088711,0.94455533,exodus,minor
shape_PAW,108,P14_A6_W8,4,0.00088711,0.94544245,exodus,minor
shape_PAW,109,P16_A6_W8,4,0.00088711,0.94632956,exodus,minor
shape_PAW,110,P12_A6_W7,4,0.00088711,0.94721668,exodus,minor
shape_PAW,111,P16_A5_W7,4,0.00088711,0.94810379,exodus,minor
shape_PAW,112,P17_A7_W7,4,0.00088711,0.94899091,exodus,minor
shape_PAW,113,P13_A6_W7,3,0.00066534,0.94965624,exodus,minor
shape_PAW,114,P5_A4_W4,3,0.00066534,0.95032158,exodus,minor
shape_PAW,115,P20_A7_W7,3,0.00066534,0.95098692,exodus,minor
shape_PAW,116,P19_A7_W8,3,0.00066534,0.95165225,exodus,minor
shape_PAW,117,P21_A9_W10,3,0.00066534,0.95231759,exodus,minor
shape_PAW,118,P13_A3_W5,3,0.00066534,0.95298292,exodus,minor
shape_PAW,119,P22_A9_W10,3,0.00066534,0.95364826,exodus,minor
shape_PAW,120,P17_A5_W7,3,0.00066534,0.9543136,exodus,minor
shape_PAW,121,P19_A7_W9,3,0.00066534,0.95497893,exodus,minor
shape_PAW,122,P16_A5_W6,3,0.00066534,0.95564427,exodus,minor
shape_PAW,123,P12_A5_W7,3,0.00066534,0.9563096,exodus,minor
shape_PAW,124,P5_A2_W4,3,0.00066534,0.95697494,exodus,minor
shape_PAW,125,P5_A3_W4,3,0.00066534,0.95764028,exodus,minor
shape_PAW,126,P18_A6_W8,3,0.00066534,0.95830561,exodus,minor
shape_PAW,127,P12_A7_W7,3,0.00066534,0.95897095,exodus,minor
shape_PAW,128,P14_A5_W8,3,0.00066534,0.95963628,exodus,minor
shape_PAW,129,P23_A8_W11,3,0.00066534,0.96030162,exodus,minor
shape_PAW,130,P17_A7_W8,3,0.00066534,0.96096695,exodus,minor
shape_PAW,131,P7_A4_W5,3,0.00066534,0.96163229,exodus,minor
shape_PAW,132,P15_A4_W5,3,0.00066534,0.96229763,exodus,minor
shape_PAW,133,P17_A5_W5,3,0.00066534,0.96296296,exodus,minor
shape_PAW,134,P22_A7_W9,3,0.00066534,0.9636283,exodus,minor
shape_PAW,135,P7_A2_W5,3,0.00066534,0.96429363,exodus,minor
shape_PAW,136,P20_A7_W9,2,0.00044356,0.96473719,exodus,minor
shape_PAW,137,P19_A6_W8,2,0.00044356,0.96518075,exodus,minor
shape_PAW,138,P18_A6_W7,2,0.00044356,0.96562431,exodus,minor
shape_PAW,139,P18_A9_W9,2,0.00044356,0.96606786,exodus,minor
shape_PAW,140,P19_A8_W8,2,0.00044356,0.96651142,exodus,minor
shape_PAW,141,P10_A6_W6,2,0.00044356,0.96695498,exodus,minor
shape_PAW,142,P17_A5_W6,2,0.00044356,0.96739854,exodus,minor
shape_PAW,143,P13_A3_W4,2,0.00044356,0.96784209,exodus,minor
shape_PAW,144,P21_A7_W7,2,0.00044356,0.96828565,exodus,minor
shape_PAW,145,P10_A2_W3,2,0.00044356,0.96872921,exodus,minor
shape_PAW,146,P11_A5_W7,2,0.00044356,0.96917277,exodus,minor
shape_PAW,147,P2_A2_W2,2,0.00044356,0.96961632,exodus,minor
shape_PAW,148,P21_A7_W10,2,0.00044356,0.97005988,exodus,minor
shape_PAW,149,P6_A4_W5,2,0.00044356,0.97050344,exodus,minor
shape_PAW,150,P25_A9_W10,2,0.00044356,0.97094699,exodus,minor
shape_PAW,151,P19_A6_W7,2,0.00044356,0.97139055,exodus,minor
shape_PAW,152,P20_A7_W10,2,0.00044356,0.97183411,exodus,minor
shape_PAW,153,P11_A4_W7,2,0.00044356,0.97227767,exodus,minor
shape_PAW,154,P8_A4_W6,2,0.00044356,0.97272122,exodus,minor
shape_PAW,155,P9_A6_W6,2,0.00044356,0.97316478,exodus,minor
shape_PAW,156,P12_A7_W8,2,0.00044356,0.97360834,exodus,minor
shape_PAW,157,P3_A2_W3,2,0.00044356,0.9740519,exodus,minor
shape_PAW,158,P25_A9_W9,2,0.00044356,0.97449545,exodus,minor
shape_PAW,159,P16_A4_W6,2,0.00044356,0.97493901,exodus,minor
shape_PAW,160,P21_A6_W8,2,0.00044356,0.97538257,exodus,minor
shape_PAW,161,P20_A9_W9,2,0.00044356,0.97582613,exodus,minor
shape_PAW,162,P16_A4_W5,2,0.00044356,0.97626968,exodus,minor
shape_PAW,163,P9_A2_W5,2,0.00044356,0.97671324,exodus,minor
shape_PAW,164,P9_A3_W6,2,0.00044356,0.9771568,exodus,minor
shape_PAW,165,P22_A6_W8,1,0.00022178,0.97737858,exodus,minor
shape_PAW,166,P14_A7_W8,1,0.00022178,0.97760035,exodus,minor
shape_PAW,167,P24_A8_W8,1,0.00022178,0.97782213,exodus,minor
shape_PAW,168,P11_A8_W8,1,0.00022178,0.97804391,exodus,minor
shape_PAW,169,P21_A8_W10,1,0.00022178,0.97826569,exodus,minor
shape_PAW,170,P23_A8_W10,1,0.00022178,0.97848747,exodus,minor
shape_PAW,171,P17_A9_W9,1,0.00022178,0.97870925,exodus,minor
shape_PAW,172,P16_A8_W8,1,0.00022178,0.97893103,exodus,minor
shape_PAW,173,P25_A11_W12,1,0.00022178,0.97915281,exodus,minor
shape_PAW,174,P13_A2_W2,1,0.00022178,0.97937458,exodus,minor
shape_PAW,175,P14_A3_W6,1,0.00022178,0.97959636,exodus,minor
shape_PAW,176,P24_A7_W9,1,0.00022178,0.97981814,exodus,minor
shape_PAW,177,P32_A11_W14,1,0.00022178,0.98003992,exodus,minor
shape_PAW,178,P14_A4_W7,1,0.00022178,0.9802617,exodus,minor
shape_PAW,179,P19_A5_W9,1,0.00022178,0.98048348,exodus,minor
shape_PAW,180,P35_A12_W14,1,0.00022178,0.98070526,exodus,minor
shape_PAW,181,P20_A5_W5,1,0.00022178,0.98092703,exodus,minor
shape_PAW,182,P21_A8_W12,1,0.00022178,0.98114881,exodus,minor
shape_PAW,183,P20_A7_W8,1,0.00022178,0.98137059,exodus,minor
shape_PAW,184,P20_A8_W10,1,0.00022178,0.98159237,exodus,minor
shape_PAW,185,P19_A6_W6,1,0.00022178,0.98181415,exodus,minor
shape_PAW,186,P24_A7_W10,1,0.00022178,0.98203593,exodus,minor
shape_PAW,187,P22_A9_W11,1,0.00022178,0.98225771,exodus,minor
shape_PAW,188,P23_A10_W11,1,0.00022178,0.98247949,exodus,minor
shape_PAW,189,P8_A3_W6,1,0.00022178,0.98270126,exodus,minor
shape_PAW,190,P17_A8_W9,1,0.00022178,0.98292304,exodus,minor
shape_PAW,191,P15_A6_W9,1,0.00022178,0.98314482,exodus,minor
shape_PAW,192,P21_A8_W9,1,0.00022178,0.9833666,exodus,minor
shape_PAW,193,P32_A10_W11,1,0.00022178,0.98358838,exodus,minor
shape_PAW,194,P20_A8_W8,1,0.00022178,0.98381016,exodus,minor
shape_PAW,195,P26_A7_W10,1,0.00022178,0.98403194,exodus,minor
shape_PAW,196,P18_A5_W7,1,0.00022178,0.98425371,exodus,minor
shape_PAW,197,P18_A8_W9,1,0.00022178,0.98447549,exodus,minor
shape_PAW,198,P7_A5_W5,1,0.00022178,0.98469727,exodus,minor
shape_PAW,199,P17_A6_W9,1,0.00022178,0.98491905,exodus,minor
shape_PAW,200,P28_A13_W14,1,0.00022178,0.98514083,exodus,minor
shape_PAW,201,P18_A5_W8,1,0.00022178,0.98536261,exodus,minor
shape_PAW,202,P5_A4_W5,1,0.00022178,0.98558439,exodus,minor
shape_PAW,203,P13_A7_W7,1,0.00022178,0.98580617,exodus,minor
shape_PAW,204,P25_A10_W12,1,0.00022178,0.98602794,exodus,minor
shape_PAW,205,P22_A11_W11,1,0.00022178,0.98624972,exodus,minor
shape_PAW,206,P13_A6_W8,1,0.00022178,0.9864715,exodus,minor
shape_PAW,207,P3_A3_W3,1,0.00022178,0.98669328,exodus,minor
shape_PAW,208,P18_A5_W6,1,0.00022178,0.98691506,exodus,minor
shape_PAW,209,P14_A4_W8,1,0.00022178,0.98713684,exodus,minor
shape_PAW,210,P19_A7_W10,1,0.00022178,0.98735862,exodus,minor
shape_PAW,211,P18_A7_W9,1,0.00022178,0.98758039,exodus,minor
shape_PAW,212,P8_A2_W6,1,0.00022178,0.98780217,exodus,minor
shape_PAW,213,P10_A2_W4,1,0.00022178,0.98802395,exodus,minor
shape_PAW,214,P20_A6_W8,1,0.00022178,0.98824573,exodus,minor
shape_PAW,215,P16_A7_W9,1,0.00022178,0.98846751,exodus,minor
shape_PAW,216,P9_A5_W6,1,0.00022178,0.98868929,exodus,minor
shape_PAW,217,P19_A9_W11,1,0.00022178,0.98891107,exodus,minor
shape_PAW,218,P11_A6_W7,1,0.00022178,0.98913285,exodus,minor
shape_PAW,219,P13_A7_W9,1,0.00022178,0.98935462,exodus,minor
shape_PAW,220,P7_A5_W6,1,0.00022178,0.9895764,exodus,minor
shape_PAW,221,P14_A8_W9,1,0.00022178,0.98979818,exodus,minor
shape_PAW,222,P21_A7_W15,1,0.00022178,0.99001996,exodus,minor
shape_PAW,223,P20_A9_W13,1,0.00022178,0.99024174,exodus,minor
shape_PAW,224,P10_A5_W7,1,0.00022178,0.99046352,exodus,minor
shape_PAW,225,P13_A7_W8,1,0.00022178,0.9906853,exodus,minor
shape_PAW,226,P12_A3_W3,1,0.00022178,0.99090707,exodus,minor
shape_PAW,227,P16_A4_W7,1,0.00022178,0.99112885,exodus,minor
shape_PAW,228,P17_A5_W8,1,0.00022178,0.99135063,exodus,minor
shape_PAW,229,P15_A6_W8,1,0.00022178,0.99157241,exodus,minor
shape_PAW,230,P10_A2_W2,1,0.00022178,0.99179419,exodus,minor
shape_PAW,231,P26_A8_W9,1,0.00022178,0.99201597,exodus,minor
shape_PAW,232,P20_A8_W9,1,0.00022178,0.99223775,exodus,minor
shape_PAW,233,P8_A2_W5,1,0.00022178,0.99245953,exodus,minor
shape_PAW,234,P25_A8_W10,1,0.00022178,0.9926813,exodus,minor
shape_PAW,235,P21_A9_W9,1,0.00022178,0.99290308,exodus,minor
shape_PAW,236,P22_A8_W10,1,0.00022178,0.99312486,exodus,minor
shape_PAW,237,P29_A12_W13,1,0.00022178,0.99334664,exodus,minor
shape_PAW,238,P28_A10_W13,1,0.00022178,0.99356842,exodus,minor
shape_PAW,239,P24_A9_W10,1,0.00022178,0.9937902,exodus,minor
shape_PAW,240,P24_A8_W9,1,0.00022178,0.99401198,exodus,minor
shape_PAW,241,P29_A10_W12,1,0.00022178,0.99423375,exodus,minor
shape_PAW,242,P33_A11_W13,1,0.00022178,0.99445553,exodus,minor
shape_PAW,243,P27_A13_W14,1,0.00022178,0.99467731,exodus,minor
shape_PAW,244,P15_A7_W9,1,0.00022178,0.99489909,exodus,minor
shape_PAW,245,P6_A1_W1,1,0.00022178,0.99512087,exodus,minor
shape_PAW,246,P23_A9_W9,1,0.00022178,0.99534265,exodus,minor
shape_PAW,247,P13_A3_W6,1,0.00022178,0.99556443,exodus,minor
shape_PAW,248,P16_A7_W10,1,0.00022178,0.99578621,exodus,minor
shape_PAW,249,P18_A6_W6,1,0.00022178,0.99600798,exodus,minor
shape_PAW,250,P10_A3_W6,1,0.00022178,0.99622976,exodus,minor
shape_PAW,251,P7_A3_W5,1,0.00022178,0.99645154,exodus,minor
shape_PAW,252,P19_A4_W4,1,0.00022178,0.99667332,exodus,minor
shape_PAW,253,P21_A9_W12,1,0.00022178,0.9968951,exodus,minor
shape_PAW,254,P11_A3_W6,1,0.00022178,0.99711688,exodus,minor
shape_PAW,255,P12_A3_W7,1,0.00022178,0.99733866,exodus,minor
shape_PAW,256,P15_A4_W7,1,0.00022178,0.99756043,exodus,minor
shape_PAW,257,P16_A5_W8,1,0.00022178,0.99778221,exodus,minor
shape_PAW,258,P14_A5_W9,1,0.00022178,0.99800399,exodus,minor
shape_PAW,259,P29_A9_W11,1,0.00022178,0.99822577,exodus,minor
shape_PAW,260,P12_A3_W6,1,0.00022178,0.99844755,exodus,minor
shape_PAW,261,P19_A7_W7,1,0.00022178,0.99866933,exodus,minor
shape_PAW,262,P22_A7_W7,1,0.00022178,0.99889111,exodus,minor
shape_PAW,263,P12_A4_W7,1,0.00022178,0.99911289,exodus,minor
shape_PAW,264,P21_A8_W8,1,0.00022178,0.99933466,exodus,minor
shape_PAW,265,P16_A6_W9,1,0.00022178,0.99955644,exodus,minor
shape_PAW,266,P26_A11_W12,1,0.00022178,0.99977822,exodus,minor
shape_PAW,267,P13_A3_W7,1,0.00022178,1.0,exodus,minor
bucket_PAW,1,P7-9_A3_W3-4,889,0.19716123,0.19716123,exodus,minor
bucket_PAW,2,P5-6_A2_W1-2,440,0.09758261,0.29474385,exodus,minor
bucket_PAW,3,P5-6_A3_W3-4,386,0.08560656,0.38035041,exodus,minor
bucket_PAW,4,P1-4_A0-1_W1-2,310,0.06875139,0.4491018,exodus,minor
bucket_PAW,5,P7-9_A4_W3-4,239,0.0530051,0.5021069,exodus,minor
bucket_PAW,6,P10-12_A4_W5-6,232,0.05145265,0.55355955,exodus,minor
bucket_PAW,7,P10-12_A4_W3-4,205,0.04546463,0.59902417,exodus,minor
bucket_PAW,8,P1-4_A2_W1-2,195,0.04324684,0.64227101,exodus,minor
bucket_PAW,9,P10-12_A5_W5-6,169,0.03748059,0.67975161,exodus,minor
bucket_PAW,10,P7-9_A2_W3-4,165,0.03659348,0.71634509,exodus,minor
bucket_PAW,11,P7-9_A2_W1-2,150,0.0332668,0.74961189,exodus,minor
bucket_PAW,12,P5-6_A2_W3-4,142,0.03149257,0.78110446,exodus,minor
bucket_PAW,13,P13-15_A5_W5-6,115,0.02550455,0.806609,exodus,minor
bucket_PAW,14,P10-12_A3_W3-4,114,0.02528277,0.83189177,exodus,minor
bucket_PAW,15,P7-9_A4_W5-6,92,0.02040364,0.85229541,exodus,minor
bucket_PAW,16,P16-18_A6-7_W7-8,69,0.01530273,0.86759814,exodus,minor
bucket_PAW,17,P13-15_A6-7_W7-8,58,0.01286316,0.8804613,exodus,minor
bucket_PAW,18,P13-15_A4_W5-6,55,0.01219783,0.89265913,exodus,minor
bucket_PAW,19,P13-15_A6-7_W5-6,44,0.00975826,0.90241739,exodus,minor
bucket_PAW,20,P7-9_A3_W5-6,41,0.00909293,0.91151031,exodus,minor
bucket_PAW,21,P10-12_A3_W5-6,37,0.00820581,0.91971612,exodus,minor
bucket_PAW,22,P13-15_A5_W7-8,31,0.00687514,0.92659126,exodus,minor
bucket_PAW,23,P19-24_A8+_W9-12,27,0.00598802,0.93257929,exodus,minor
bucket_PAW,24,P7-9_A5_W5-6,24,0.00532269,0.93790197,exodus,minor
bucket_PAW,25,P19-24_A6-7_W7-8,19,0.00421379,0.94211577,exodus,minor
bucket_PAW,26,P16-18_A6-7_W5-6,19,0.00421379,0.94632956,exodus,minor
bucket_PAW,27,P1-4_A3_W3-4,18,0.00399202,0.95032158,exodus,minor
bucket_PAW,28,P5-6_A4_W3-4,17,0.00377024,0.95409182,exodus,minor
bucket_PAW,29,P13-15_A4_W3-4,16,0.00354846,0.95764028,exodus,minor
bucket_PAW,30,P10-12_A6-7_W5-6,16,0.00354846,0.96118873,exodus,minor
bucket_PAW,31,P19-24_A6-7_W9-12,15,0.00332668,0.96451541,exodus,minor
bucket_PAW,32,P16-18_A5_W5-6,15,0.00332668,0.96784209,exodus,minor
bucket_PAW,33,P1-4_A2_W3-4,14,0.0031049,0.97094699,exodus,minor
bucket_PAW,34,P5-6_A0-1_W1-2,14,0.0031049,0.9740519,exodus,minor
bucket_PAW,35,P25+_A8+_W9-12,12,0.00266134,0.97671324,exodus,minor
bucket_PAW,36,P16-18_A5_W7-8,11,0.00243957,0.97915281,exodus,minor
bucket_PAW,37,P10-12_A6-7_W7-8,10,0.00221779,0.98137059,exodus,minor
bucket_PAW,38,P13-15_A4_W7-8,8,0.00177423,0.98314482,exodus,minor
bucket_PAW,39,P25+_A8+_W13+,7,0.00155245,0.98469727,exodus,minor
bucket_PAW,40,P7-9_A2_W5-6,7,0.00155245,0.98624972,exodus,minor
bucket_PAW,41,P10-12_A5_W7-8,6,0.00133067,0.98758039,exodus,minor
bucket_PAW,42,P19-24_A8+_W7-8,5,0.00110889,0.98868929,exodus,minor
bucket_PAW,43,P13-15_A3_W5-6,5,0.00110889,0.98979818,exodus,minor
bucket_PAW,44,P16-18_A8+_W9-12,5,0.00110889,0.99090707,exodus,minor
bucket_PAW,45,P16-18_A6-7_W9-12,5,0.00110889,0.99201597,exodus,minor
bucket_PAW,46,P16-18_A4_W5-6,4,0.00088711,0.99290308,exodus,minor
bucket_PAW,47,P10-12_A2_W3-4,3,0.00066534,0.99356842,exodus,minor
bucket_PAW,48,P5-6_A4_W5-6,3,0.00066534,0.99423375,exodus,minor
bucket_PAW,49,P13-15_A6-7_W9-12,3,0.00066534,0.99489909,exodus,minor
bucket_PAW,50,P10-12_A4_W7-8,3,0.00066534,0.99556443,exodus,minor
bucket_PAW,51,P13-15_A3_W3-4,2,0.00044356,0.99600798,exodus,minor
bucket_PAW,52,P7-9_A6-7_W5-6,2,0.00044356,0.99645154,exodus,minor
bucket_PAW,53,P10-12_A8+_W7-8,1,0.00022178,0.99667332,exodus,minor
bucket_PAW,54,P16-18_A8+_W7-8,1,0.00022178,0.9968951,exodus,minor
bucket_PAW,55,P13-15_A2_W1-2,1,0.00022178,0.99711688,exodus,minor
bucket_PAW,56,P19-24_A5_W9-12,1,0.00022178,0.99733866,exodus,minor
bucket_PAW,57,P19-24_A5_W5-6,1,0.00022178,0.99756043,exodus,minor
bucket_PAW,58,P19-24_A6-7_W5-6,1,0.00022178,0.99778221,exodus,minor
bucket_PAW,59,P25+_A6-7_W9-12,1,0.00022178,0.99800399,exodus,minor
bucket_PAW,60,P13-15_A8+_W9-12,1,0.00022178,0.99822577,exodus,minor
bucket_PAW,61,P19-24_A6-7_W13+,1,0.00022178,0.99844755,exodus,minor
bucket_PAW,62,P19-24_A8+_W13+,1,0.00022178,0.99866933,exodus,minor
bucket_PAW,63,P16-18_A4_W7-8,1,0.00022178,0.99889111,exodus,minor
bucket_PAW,64,P10-12_A2_W1-2,1,0.00022178,0.99911289,exodus,minor
bucket_PAW,65,P19-24_A4_W3-4,1,0.00022178,0.99933466,exodus,minor
bucket_PAW,66,P10-12_A3_W7-8,1,0.00022178,0.99955644,exodus,minor
bucket_PAW,67,P13-15_A5_W9-12,1,0.00022178,0.99977822,exodus,minor
bucket_PAW,68,P13-15_A3_W7-8,1,0.00022178,1.0,exodus,minor
shape_PA,1,P10_A4,80,0.03404255,0.03404255,exodus,major
shape_PA,2,P11_A4,78,0.03319149,0.06723404,exodus,major
shape_PA,3,P8_A3,65,0.02765957,0.09489362,exodus,major
shape_PA,4,P7_A3,65,0.02765957,0.12255319,exodus,major
shape_PA,5,P13_A5,59,0.02510638,0.14765957,exodus,major
shape_PA,6,P12_A4,59,0.02510638,0.17276596,exodus,major
shape_PA,7,P9_A4,58,0.02468085,0.19744681,exodus,major
shape_PA,8,P9_A3,53,0.02255319,0.22,exodus,major
shape_PA,9,P12_A5,52,0.02212766,0.24212766,exodus,major
shape_PA,10,P15_A6,49,0.02085106,0.26297872,exodus,major
shape_PA,11,P8_A4,46,0.01957447,0.28255319,exodus,major
shape_PA,12,P14_A5,46,0.01957447,0.30212766,exodus,major
shape_PA,13,P16_A6,46,0.01957447,0.32170213,exodus,major
shape_PA,14,P11_A5,45,0.01914894,0.34085106,exodus,major
shape_PA,15,P14_A6,44,0.0187234,0.35957447,exodus,major
shape_PA,16,P6_A2,43,0.01829787,0.37787234,exodus,major
shape_PA,17,P17_A6,42,0.01787234,0.39574468,exodus,major
shape_PA,18,P18_A7,40,0.01702128,0.41276596,exodus,major
shape_PA,19,P13_A6,35,0.01489362,0.42765957,exodus,major
shape_PA,20,P6_A3,35,0.01489362,0.44255319,exodus,major
shape_PA,21,P19_A7,34,0.01446809,0.45702128,exodus,major
shape_PA,22,P21_A8,34,0.01446809,0.47148936,exodus,major
shape_PA,23,P17_A7,34,0.01446809,0.48595745,exodus,major
shape_PA,24,P16_A7,33,0.01404255,0.5,exodus,major
shape_PA,25,P5_A2,33,0.01404255,0.51404255,exodus,major
shape_PA,26,P10_A5,33,0.01404255,0.52808511,exodus,major
shape_PA,27,P7_A2,31,0.01319149,0.5412766,exodus,major
shape_PA,28,P13_A4,31,0.01319149,0.55446809,exodus,major
shape_PA,29,P20_A7,30,0.01276596,0.56723404,exodus,major
shape_PA,30,P20_A8,29,0.01234043,0.57957447,exodus,major
shape_PA,31,P15_A5,26,0.01106383,0.5906383,exodus,major
shape_PA,32,P19_A8,25,0.0106383,0.6012766,exodus,major
shape_PA,33,P22_A8,24,0.01021277,0.61148936,exodus,major
shape_PA,34,P10_A3,22,0.0093617,0.62085106,exodus,major
shape_PA,35,P24_A9,22,0.0093617,0.63021277,exodus,major
shape_PA,36,P15_A7,20,0.00851064,0.6387234,exodus,major
shape_PA,37,P22_A9,20,0.00851064,0.64723404,exodus,major
shape_PA,38,P18_A8,19,0.00808511,0.65531915,exodus,major
shape_PA,39,P18_A6,18,0.00765957,0.66297872,exodus,major
shape_PA,40,P9_A5,17,0.00723404,0.67021277,exodus,major
shape_PA,41,P25_A10,17,0.00723404,0.67744681,exodus,major
shape_PA,42,P14_A4,17,0.00723404,0.68468085,exodus,major
shape_PA,43,P19_A6,17,0.00723404,0.69191489,exodus,major
shape_PA,44,P4_A2,16,0.00680851,0.6987234,exodus,major
shape_PA,45,P12_A6,15,0.00638298,0.70510638,exodus,major
shape_PA,46,P5_A3,14,0.00595745,0.71106383,exodus,major
shape_PA,47,P14_A7,13,0.00553191,0.71659574,exodus,major
shape_PA,48,P24_A8,13,0.00553191,0.72212766,exodus,major
shape_PA,49,P22_A10,13,0.00553191,0.72765957,exodus,major
shape_PA,50,P17_A8,13,0.00553191,0.73319149,exodus,major
shape_PA,51,P23_A8,13,0.00553191,0.7387234,exodus,major
shape_PA,52,P21_A9,13,0.00553191,0.74425532,exodus,major
shape_PA,53,P11_A3,13,0.00553191,0.74978723,exodus,major
shape_PA,54,P16_A5,13,0.00553191,0.75531915,exodus,major
shape_PA,55,P25_A11,12,0.00510638,0.76042553,exodus,major
shape_PA,56,P20_A9,12,0.00510638,0.76553191,exodus,major
shape_PA,57,P17_A5,11,0.00468085,0.77021277,exodus,major
shape_PA,58,P26_A10,11,0.00468085,0.77489362,exodus,major
shape_PA,59,P21_A7,11,0.00468085,0.77957447,exodus,major
shape_PA,60,P19_A9,11,0.00468085,0.78425532,exodus,major
shape_PA,61,P26_A11,11,0.00468085,0.78893617,exodus,major
shape_PA,62,P23_A10,11,0.00468085,0.79361702,exodus,major
shape_PA,63,P15_A4,11,0.00468085,0.79829787,exodus,major
shape_PA,64,P29_A11,10,0.00425532,0.80255319,exodus,major
shape_PA,65,P23_A9,10,0.00425532,0.80680851,exodus,major
shape_PA,66,P16_A8,9,0.00382979,0.8106383,exodus,major
shape_PA,67,P39_A14,9,0.00382979,0.81446809,exodus,major
shape_PA,68,P28_A10,9,0.00382979,0.81829787,exodus,major
shape_PA,69,P31_A12,9,0.00382979,0.82212766,exodus,major
shape_PA,70,P20_A6,8,0.00340426,0.82553191,exodus,major
shape_PA,71,P24_A10,8,0.00340426,0.82893617,exodus,major
shape_PA,72,P28_A12,8,0.00340426,0.83234043,exodus,major
shape_PA,73,P32_A11,8,0.00340426,0.83574468,exodus,major
shape_PA,74,P11_A6,8,0.00340426,0.83914894,exodus,major
shape_PA,75,P8_A5,7,0.00297872,0.84212766,exodus,major
shape_PA,76,P27_A10,7,0.00297872,0.84510638,exodus,major
shape_PA,77,P25_A9,7,0.00297872,0.84808511,exodus,major
shape_PA,78,P21_A10,7,0.00297872,0.85106383,exodus,major
shape_PA,79,P22_A7,7,0.00297872,0.85404255,exodus,major
shape_PA,80,P3_A2,7,0.00297872,0.85702128,exodus,major
shape_PA,81,P7_A4,7,0.00297872,0.86,exodus,major
shape_PA,82,P23_A11,7,0.00297872,0.86297872,exodus,major
shape_PA,83,P12_A7,7,0.00297872,0.86595745,exodus,major
shape_PA,84,P18_A5,7,0.00297872,0.86893617,exodus,major
shape_PA,85,P28_A11,7,0.00297872,0.87191489,exodus,major
shape_PA,86,P13_A7,6,0.00255319,0.87446809,exodus,major
shape_PA,87,P9_A2,6,0.00255319,0.87702128,exodus,major
shape_PA,88,P8_A2,6,0.00255319,0.87957447,exodus,major
shape_PA,89,P26_A9,6,0.00255319,0.88212766,exodus,major
shape_PA,90,P31_A11,6,0.00255319,0.88468085,exodus,major
shape_PA,91,P33_A13,6,0.00255319,0.88723404,exodus,major
shape_PA,92,P12_A3,6,0.00255319,0.88978723,exodus,major
shape_PA,93,P24_A7,5,0.00212766,0.89191489,exodus,major
shape_PA,94,P29_A10,5,0.00212766,0.89404255,exodus,major
shape_PA,95,P27_A9,5,0.00212766,0.89617021,exodus,major
shape_PA,96,P34_A14,5,0.00212766,0.89829787,exodus,major
shape_PA,97,P28_A9,5,0.00212766,0.90042553,exodus,major
shape_PA,98,P30_A12,5,0.00212766,0.90255319,exodus,major
shape_PA,99,P31_A13,5,0.00212766,0.90468085,exodus,major
shape_PA,100,P16_A4,5,0.00212766,0.90680851,exodus,major
shape_PA,101,P30_A11,4,0.00170213,0.90851064,exodus,major
shape_PA,102,P32_A13,4,0.00170213,0.91021277,exodus,major
shape_PA,103,P34_A12,4,0.00170213,0.91191489,exodus,major
shape_PA,104,P18_A9,4,0.00170213,0.91361702,exodus,major
shape_PA,105,P39_A15,4,0.00170213,0.91531915,exodus,major
shape_PA,106,P27_A11,4,0.00170213,0.91702128,exodus,major
shape_PA,107,P35_A14,4,0.00170213,0.9187234,exodus,major
shape_PA,108,P24_A11,4,0.00170213,0.92042553,exodus,major
shape_PA,109,P27_A12,4,0.00170213,0.92212766,exodus,major
shape_PA,110,P27_A8,4,0.00170213,0.92382979,exodus,major
shape_PA,111,P21_A6,4,0.00170213,0.92553191,exodus,major
shape_PA,112,P17_A9,4,0.00170213,0.92723404,exodus,major
shape_PA,113,P26_A7,3,0.0012766,0.92851064,exodus,major
shape_PA,114,P20_A10,3,0.0012766,0.92978723,exodus,major
shape_PA,115,P37_A14,3,0.0012766,0.93106383,exodus,major
shape_PA,116,P13_A3,3,0.0012766,0.93234043,exodus,major
shape_PA,117,P30_A13,3,0.0012766,0.93361702,exodus,major
shape_PA,118,P33_A11,3,0.0012766,0.93489362,exodus,major
shape_PA,119,P30_A9,3,0.0012766,0.93617021,exodus,major
shape_PA,120,P38_A14,3,0.0012766,0.93744681,exodus,major
shape_PA,121,P22_A11,3,0.0012766,0.9387234,exodus,major
shape_PA,122,P33_A14,3,0.0012766,0.94,exodus,major
shape_PA,123,P30_A10,3,0.0012766,0.9412766,exodus,major
shape_PA,124,P32_A12,3,0.0012766,0.94255319,exodus,major
shape_PA,125,P29_A9,3,0.0012766,0.94382979,exodus,major
shape_PA,126,P20_A11,3,0.0012766,0.94510638,exodus,major
shape_PA,127,P36_A15,3,0.0012766,0.94638298,exodus,major
shape_PA,128,P36_A14,3,0.0012766,0.94765957,exodus,major
shape_PA,129,P10_A6,3,0.0012766,0.94893617,exodus,major
shape_PA,130,P5_A1,3,0.0012766,0.95021277,exodus,major
shape_PA,131,P3_A1,3,0.0012766,0.95148936,exodus,major
shape_PA,132,P34_A11,2,0.00085106,0.95234043,exodus,major
shape_PA,133,P40_A14,2,0.00085106,0.95319149,exodus,major
shape_PA,134,P52_A19,2,0.00085106,0.95404255,exodus,major
shape_PA,135,P37_A12,2,0.00085106,0.95489362,exodus,major
shape_PA,136,P20_A5,2,0.00085106,0.95574468,exodus,major
shape_PA,137,P24_A12,2,0.00085106,0.95659574,exodus,major
shape_PA,138,P25_A12,2,0.00085106,0.95744681,exodus,major
shape_PA,139,P42_A17,2,0.00085106,0.95829787,exodus,major
shape_PA,140,P21_A5,2,0.00085106,0.95914894,exodus,major
shape_PA,141,P38_A13,2,0.00085106,0.96,exodus,major
shape_PA,142,P26_A8,2,0.00085106,0.96085106,exodus,major
shape_PA,143,P35_A12,2,0.00085106,0.96170213,exodus,major
shape_PA,144,P38_A15,2,0.00085106,0.96255319,exodus,major
shape_PA,145,P37_A13,2,0.00085106,0.96340426,exodus,major
shape_PA,146,P40_A13,2,0.00085106,0.96425532,exodus,major
shape_PA,147,P42_A18,2,0.00085106,0.96510638,exodus,major
shape_PA,148,P19_A5,2,0.00085106,0.96595745,exodus,major
shape_PA,149,P25_A7,2,0.00085106,0.96680851,exodus,major
shape_PA,150,P26_A12,2,0.00085106,0.96765957,exodus,major
shape_PA,151,P35_A13,2,0.00085106,0.96851064,exodus,major
shape_PA,152,P23_A12,2,0.00085106,0.9693617,exodus,major
shape_PA,153,P19_A10,2,0.00085106,0.97021277,exodus,major
shape_PA,154,P40_A17,2,0.00085106,0.97106383,exodus,major
shape_PA,155,P6_A4,2,0.00085106,0.97191489,exodus,major
shape_PA,156,P23_A7,2,0.00085106,0.97276596,exodus,major
shape_PA,157,P29_A13,2,0.00085106,0.97361702,exodus,major
shape_PA,158,P27_A13,2,0.00085106,0.97446809,exodus,major
shape_PA,159,P17_A4,2,0.00085106,0.97531915,exodus,major
shape_PA,160,P35_A16,2,0.00085106,0.97617021,exodus,major
shape_PA,161,P24_A6,2,0.00085106,0.97702128,exodus,major
shape_PA,162,P28_A8,1,0.00042553,0.97744681,exodus,major
shape_PA,163,P39_A12,1,0.00042553,0.97787234,exodus,major
shape_PA,164,P11_A7,1,0.00042553,0.97829787,exodus,major
shape_PA,165,P43_A16,1,0.00042553,0.9787234,exodus,major
shape_PA,166,P60_A23,1,0.00042553,0.97914894,exodus,major
shape_PA,167,P40_A15,1,0.00042553,0.97957447,exodus,major
shape_PA,168,P37_A16,1,0.00042553,0.98,exodus,major
shape_PA,169,P28_A17,1,0.00042553,0.98042553,exodus,major
shape_PA,170,P39_A13,1,0.00042553,0.98085106,exodus,major
shape_PA,171,P53_A21,1,0.00042553,0.9812766,exodus,major
shape_PA,172,P24_A5,1,0.00042553,0.98170213,exodus,major
shape_PA,173,P41_A14,1,0.00042553,0.98212766,exodus,major
shape_PA,174,P22_A6,1,0.00042553,0.98255319,exodus,major
shape_PA,175,P36_A13,1,0.00042553,0.98297872,exodus,major
shape_PA,176,P48_A18,1,0.00042553,0.98340426,exodus,major
shape_PA,177,P22_A12,1,0.00042553,0.98382979,exodus,major
shape_PA,178,P9_A7,1,0.00042553,0.98425532,exodus,major
shape_PA,179,P32_A16,1,0.00042553,0.98468085,exodus,major
shape_PA,180,P2_A2,1,0.00042553,0.98510638,exodus,major
shape_PA,181,P14_A8,1,0.00042553,0.98553191,exodus,major
shape_PA,182,P38_A12,1,0.00042553,0.98595745,exodus,major
shape_PA,183,P16_A9,1,0.00042553,0.98638298,exodus,major
shape_PA,184,P44_A16,1,0.00042553,0.98680851,exodus,major
shape_PA,185,P46_A17,1,0.00042553,0.98723404,exodus,major
shape_PA,186,P29_A14,1,0.00042553,0.98765957,exodus,major
shape_PA,187,P35_A11,1,0.00042553,0.98808511,exodus,major
shape_PA,188,P69_A24,1,0.00042553,0.98851064,exodus,major
shape_PA,189,P33_A9,1,0.00042553,0.98893617,exodus,major
shape_PA,190,P7_A5,1,0.00042553,0.9893617,exodus,major
shape_PA,191,P27_A14,1,0.00042553,0.98978723,exodus,major
shape_PA,192,P18_A11,1,0.00042553,0.99021277,exodus,major
shape_PA,193,P15_A8,1,0.00042553,0.9906383,exodus,major
shape_PA,194,P4_A3,1,0.00042553,0.99106383,exodus,major
shape_PA,195,P37_A11,1,0.00042553,0.99148936,exodus,major
shape_PA,196,P36_A11,1,0.00042553,0.99191489,exodus,major
shape_PA,197,P25_A8,1,0.00042553,0.99234043,exodus,major
shape_PA,198,P52_A18,1,0.00042553,0.99276596,exodus,major
shape_PA,199,P43_A15,1,0.00042553,0.99319149,exodus,major
shape_PA,200,P51_A19,1,0.00042553,0.99361702,exodus,major
shape_PA,201,P5_A4,1,0.00042553,0.99404255,exodus,major
shape_PA,202,P54_A23,1,0.00042553,0.99446809,exodus,major
shape_PA,203,P45_A16,1,0.00042553,0.99489362,exodus,major
shape_PA,204,P29_A12,1,0.00042553,0.99531915,exodus,major
shape_PA,205,P37_A15,1,0.00042553,0.99574468,exodus,major
shape_PA,206,P32_A9,1,0.00042553,0.99617021,exodus,major
shape_PA,207,P26_A13,1,0.00042553,0.99659574,exodus,major
shape_PA,208,P45_A18,1,0.00042553,0.99702128,exodus,major
shape_PA,209,P49_A15,1,0.00042553,0.99744681,exodus,major
shape_PA,210,P31_A10,1,0.00042553,0.99787234,exodus,major
shape_PA,211,P41_A15,1,0.00042553,0.99829787,exodus,major
shape_PA,212,P2_A1,1,0.00042553,0.9987234,exodus,major
shape_PA,213,P34_A10,1,0.00042553,0.99914894,exodus,major
shape_PA,214,P13_A8,1,0.00042553,0.99957447,exodus,major
shape_PA,215,P18_A10,1,0.00042553,1.0,exodus,major
bucket_PA,1,P25+_A8+,314,0.13361702,0.13361702,exodus,major
bucket_PA,2,P19-24_A8+,292,0.12425532,0.25787234,exodus,major
bucket_PA,3,P10-12_A4,217,0.09234043,0.35021277,exodus,major
bucket_PA,4,P16-18_A6-7,213,0.0906383,0.44085106,exodus,major
bucket_PA,5,P7-9_A3,183,0.07787234,0.5187234,exodus,major
bucket_PA,6,P13-15_A6-7,167,0.07106383,0.58978723,exodus,major
bucket_PA,7,P13-15_A5,131,0.05574468,0.64553191,exodus,major
bucket_PA,8,P10-12_A5,130,0.05531915,0.70085106,exodus,major
bucket_PA,9,P19-24_A6-7,121,0.05148936,0.75234043,exodus,major
bucket_PA,10,P7-9_A4,111,0.04723404,0.79957447,exodus,major
bucket_PA,11,P5-6_A2,76,0.03234043,0.83191489,exodus,major
bucket_PA,12,P13-15_A4,59,0.02510638,0.85702128,exodus,major
bucket_PA,13,P16-18_A8+,52,0.02212766,0.87914894,exodus,major
bucket_PA,14,P5-6_A3,49,0.02085106,0.9,exodus,major
bucket_PA,15,P7-9_A2,43,0.01829787,0.91829787,exodus,major
bucket_PA,16,P10-12_A3,41,0.01744681,0.93574468,exodus,major
bucket_PA,17,P10-12_A6-7,34,0.01446809,0.95021277,exodus,major
bucket_PA,18,P16-18_A5,31,0.01319149,0.96340426,exodus,major
bucket_PA,19,P7-9_A5,25,0.0106383,0.97404255,exodus,major
bucket_PA,20,P1-4_A2,24,0.01021277,0.98425532,exodus,major
bucket_PA,21,P19-24_A5,7,0.00297872,0.98723404,exodus,major
bucket_PA,22,P16-18_A4,7,0.00297872,0.99021277,exodus,major
bucket_PA,23,P25+_A6-7,5,0.00212766,0.99234043,exodus,major
bucket_PA,24,P1-4_A0-1,4,0.00170213,0.99404255,exodus,major
bucket_PA,25,P13-15_A3,3,0.0012766,0.99531915,exodus,major
bucket_PA,26,P13-15_A8+,3,0.0012766,0.99659574,exodus,major
bucket_PA,27,P5-6_A4,3,0.0012766,0.99787234,exodus,major
bucket_PA,28,P5-6_A0-1,3,0.0012766,0.99914894,exodus,major
bucket_PA,29,P7-9_A6-7,1,0.00042553,0.99957447,exodus,major
bucket_PA,30,P1-4_A3,1,0.00042553,1.0,exodus,major
shape_PAW,1,P7_A3_W3,47,0.02,0.02,exodus,major
shape_PAW,2,P11_A4_W5,42,0.01787234,0.03787234,exodus,major
shape_PAW,3,P9_A4_W4,41,0.01744681,0.05531915,exodus,major
shape_PAW,4,P10_A4_W4,38,0.01617021,0.07148936,exodus,major
shape_PAW,5,P10_A4_W5,38,0.01617021,0.08765957,exodus,major
shape_PAW,6,P8_A3_W3,36,0.01531915,0.10297872,exodus,major
shape_PAW,7,P8_A4_W4,35,0.01489362,0.11787234,exodus,major
shape_PAW,8,P6_A2_W2,32,0.01361702,0.13148936,exodus,major
shape_PAW,9,P12_A4_W5,31,0.01319149,0.14468085,exodus,major
shape_PAW,10,P11_A4_W4,30,0.01276596,0.15744681,exodus,major
shape_PAW,11,P11_A5_W5,29,0.01234043,0.16978723,exodus,major
shape_PAW,12,P12_A5_W5,28,0.01191489,0.18170213,exodus,major
shape_PAW,13,P6_A3_W3,27,0.01148936,0.19319149,exodus,major
shape_PAW,14,P13_A5_W5,27,0.01148936,0.20468085,exodus,major
shape_PAW,15,P10_A5_W5,26,0.01106383,0.21574468,exodus,major
shape_PAW,16,P13_A6_W6,24,0.01021277,0.22595745,exodus,major
shape_PAW,17,P9_A3_W3,24,0.01021277,0.23617021,exodus,major
shape_PAW,18,P5_A2_W2,24,0.01021277,0.24638298,exodus,major
shape_PAW,19,P14_A5_W5,23,0.00978723,0.25617021,exodus,major
shape_PAW,20,P8_A3_W4,23,0.00978723,0.26595745,exodus,major
shape_PAW,21,P9_A3_W4,23,0.00978723,0.27574468,exodus,major
shape_PAW,22,P14_A6_W6,22,0.0093617,0.28510638,exodus,major
shape_PAW,23,P12_A5_W6,22,0.0093617,0.29446809,exodus,major
shape_PAW,24,P16_A6_W7,22,0.0093617,0.30382979,exodus,major
shape_PAW,25,P15_A6_W7,21,0.00893617,0.31276596,exodus,major
shape_PAW,26,P18_A7_W8,21,0.00893617,0.32170213,exodus,major
shape_PAW,27,P17_A6_W7,21,0.00893617,0.3306383,exodus,major
shape_PAW,28,P12_A4_W4,20,0.00851064,0.33914894,exodus,major
shape_PAW,29,P19_A7_W8,19,0.00808511,0.34723404,exodus,major
shape_PAW,30,P15_A6_W6,19,0.00808511,0.35531915,exodus,major
shape_PAW,31,P13_A5_W6,18,0.00765957,0.36297872,exodus,major
shape_PAW,32,P7_A3_W4,18,0.00765957,0.3706383,exodus,major
shape_PAW,33,P14_A6_W7,18,0.00765957,0.37829787,exodus,major
shape_PAW,34,P9_A4_W5,16,0.00680851,0.38510638,exodus,major
shape_PAW,35,P20_A8_W9,16,0.00680851,0.39191489,exodus,major
shape_PAW,36,P16_A6_W6,16,0.00680851,0.3987234,exodus,major
shape_PAW,37,P9_A5_W5,15,0.00638298,0.40510638,exodus,major
shape_PAW,38,P14_A5_W6,15,0.00638298,0.41148936,exodus,major
shape_PAW,39,P11_A5_W6,15,0.00638298,0.41787234,exodus,major
shape_PAW,40,P4_A2_W2,15,0.00638298,0.42425532,exodus,major
shape_PAW,41,P16_A7_W7,15,0.00638298,0.4306383,exodus,major
shape_PAW,42,P17_A7_W7,15,0.00638298,0.43702128,exodus,major
shape_PAW,43,P7_A2_W3,15,0.00638298,0.44340426,exodus,major
shape_PAW,44,P5_A3_W3,14,0.00595745,0.4493617,exodus,major
shape_PAW,45,P18_A7_W7,14,0.00595745,0.45531915,exodus,major
shape_PAW,46,P16_A7_W8,13,0.00553191,0.46085106,exodus,major
shape_PAW,47,P13_A5_W7,13,0.00553191,0.46638298,exodus,major
shape_PAW,48,P21_A8_W8,12,0.00510638,0.47148936,exodus,major
shape_PAW,49,P10_A3_W4,12,0.00510638,0.47659574,exodus,major
shape_PAW,50,P17_A7_W8,12,0.00510638,0.48170213,exodus,major
shape_PAW,51,P19_A8_W8,12,0.00510638,0.48680851,exodus,major
shape_PAW,52,P21_A8_W9,12,0.00510638,0.49191489,exodus,major
shape_PAW,53,P13_A4_W4,12,0.00510638,0.49702128,exodus,major
shape_PAW,54,P17_A6_W8,11,0.00468085,0.50170213,exodus,major
shape_PAW,55,P20_A7_W9,11,0.00468085,0.50638298,exodus,major
shape_PAW,56,P15_A7_W7,11,0.00468085,0.51106383,exodus,major
shape_PAW,57,P8_A4_W5,10,0.00425532,0.51531915,exodus,major
shape_PAW,58,P6_A2_W3,10,0.00425532,0.51957447,exodus,major
shape_PAW,59,P19_A7_W7,10,0.00425532,0.52382979,exodus,major
shape_PAW,60,P13_A4_W5,10,0.00425532,0.52808511,exodus,major
shape_PAW,61,P13_A6_W7,10,0.00425532,0.53234043,exodus,major
shape_PAW,62,P7_A2_W2,10,0.00425532,0.53659574,exodus,major
shape_PAW,63,P20_A7_W8,10,0.00425532,0.54085106,exodus,major
shape_PAW,64,P14_A7_W7,9,0.00382979,0.54468085,exodus,major
shape_PAW,65,P12_A6_W7,9,0.00382979,0.54851064,exodus,major
shape_PAW,66,P22_A9_W10,9,0.00382979,0.55234043,exodus,major
shape_PAW,67,P15_A5_W5,9,0.00382979,0.55617021,exodus,major
shape_PAW,68,P5_A2_W3,9,0.00382979,0.56,exodus,major
shape_PAW,69,P15_A5_W6,8,0.00340426,0.56340426,exodus,major
shape_PAW,70,P15_A5_W7,8,0.00340426,0.56680851,exodus,major
shape_PAW,71,P6_A3_W4,8,0.00340426,0.57021277,exodus,major
shape_PAW,72,P13_A4_W6,8,0.00340426,0.57361702,exodus,major
shape_PAW,73,P17_A8_W9,8,0.00340426,0.57702128,exodus,major
shape_PAW,74,P25_A10_W10,8,0.00340426,0.58042553,exodus,major
shape_PAW,75,P18_A6_W8,8,0.00340426,0.58382979,exodus,major
shape_PAW,76,P21_A8_W10,8,0.00340426,0.58723404,exodus,major
shape_PAW,77,P17_A6_W6,8,0.00340426,0.5906383,exodus,major
shape_PAW,78,P24_A9_W10,8,0.00340426,0.59404255,exodus,major
shape_PAW,79,P18_A8_W8,8,0.00340426,0.59744681,exodus,major
shape_PAW,80,P20_A9_W9,8,0.00340426,0.60085106,exodus,major
shape_PAW,81,P19_A8_W9,8,0.00340426,0.60425532,exodus,major
shape_PAW,82,P8_A5_W5,7,0.00297872,0.60723404,exodus,major
shape_PAW,83,P10_A3_W3,7,0.00297872,0.61021277,exodus,major
shape_PAW,84,P20_A8_W8,7,0.00297872,0.61319149,exodus,major
shape_PAW,85,P22_A8_W9,7,0.00297872,0.61617021,exodus,major
shape_PAW,86,P21_A9_W10,7,0.00297872,0.61914894,exodus,major
shape_PAW,87,P3_A2_W2,7,0.00297872,0.62212766,exodus,major
shape_PAW,88,P15_A6_W8,7,0.00297872,0.62510638,exodus,major
shape_PAW,89,P7_A4_W4,7,0.00297872,0.62808511,exodus,major
shape_PAW,90,P17_A7_W9,7,0.00297872,0.63106383,exodus,major
shape_PAW,91,P12_A4_W6,7,0.00297872,0.63404255,exodus,major
shape_PAW,92,P18_A8_W9,7,0.00297872,0.63702128,exodus,major
shape_PAW,93,P24_A9_W11,7,0.00297872,0.64,exodus,major
shape_PAW,94,P16_A8_W8,7,0.00297872,0.64297872,exodus,major
shape_PAW,95,P22_A8_W10,7,0.00297872,0.64595745,exodus,major
shape_PAW,96,P19_A6_W8,7,0.00297872,0.64893617,exodus,major
shape_PAW,97,P26_A11_W11,7,0.00297872,0.65191489,exodus,major
shape_PAW,98,P7_A2_W4,6,0.00255319,0.65446809,exodus,major
shape_PAW,99,P22_A10_W10,6,0.00255319,0.65702128,exodus,major
shape_PAW,100,P12_A6_W6,6,0.00255319,0.65957447,exodus,major
shape_PAW,101,P21_A10_W10,6,0.00255319,0.66212766,exodus,major
shape_PAW,102,P22_A9_W11,6,0.00255319,0.66468085,exodus,major
shape_PAW,103,P25_A10_W11,6,0.00255319,0.66723404,exodus,major
shape_PAW,104,P11_A3_W5,6,0.00255319,0.66978723,exodus,major
shape_PAW,105,P14_A4_W6,6,0.00255319,0.67234043,exodus,major
shape_PAW,106,P11_A6_W6,6,0.00255319,0.67489362,exodus,major
shape_PAW,107,P12_A7_W7,6,0.00255319,0.67744681,exodus,major
shape_PAW,108,P29_A11_W13,6,0.00255319,0.68,exodus,major
shape_PAW,109,P24_A9_W9,6,0.00255319,0.68255319,exodus,major
shape_PAW,110,P16_A5_W5,6,0.00255319,0.68510638,exodus,major
shape_PAW,111,P15_A7_W8,6,0.00255319,0.68765957,exodus,major
shape_PAW,112,P23_A10_W10,6,0.00255319,0.69021277,exodus,major
shape_PAW,113,P10_A5_W6,6,0.00255319,0.69276596,exodus,major
shape_PAW,114,P14_A5_W7,6,0.00255319,0.69531915,exodus,major
shape_PAW,115,P17_A5_W7,5,0.00212766,0.69744681,exodus,major
shape_PAW,116,P21_A7_W10,5,0.00212766,0.69957447,exodus,major
shape_PAW,117,P17_A8_W8,5,0.00212766,0.70170213,exodus,major
shape_PAW,118,P25_A11_W11,5,0.00212766,0.70382979,exodus,major
shape_PAW,119,P8_A3_W5,5,0.00212766,0.70595745,exodus,major
shape_PAW,120,P14_A4_W4,5,0.00212766,0.70808511,exodus,major
shape_PAW,121,P11_A4_W6,5,0.00212766,0.71021277,exodus,major
shape_PAW,122,P18_A6_W6,5,0.00212766,0.71234043,exodus,major
shape_PAW,123,P22_A8_W8,5,0.00212766,0.71446809,exodus,major
shape_PAW,124,P23_A10_W11,5,0.00212766,0.71659574,exodus,major
shape_PAW,125,P16_A6_W8,5,0.00212766,0.7187234,exodus,major
shape_PAW,126,P19_A9_W11,5,0.00212766,0.72085106,exodus,major
shape_PAW,127,P19_A6_W7,5,0.00212766,0.72297872,exodus,major
shape_PAW,128,P23_A8_W11,5,0.00212766,0.72510638,exodus,major
shape_PAW,129,P15_A4_W6,5,0.00212766,0.72723404,exodus,major
shape_PAW,130,P21_A9_W9,5,0.00212766,0.7293617,exodus,major
shape_PAW,131,P13_A7_W7,4,0.00170213,0.73106383,exodus,major
shape_PAW,132,P27_A10_W11,4,0.00170213,0.73276596,exodus,major
shape_PAW,133,P24_A8_W11,4,0.00170213,0.73446809,exodus,major
shape_PAW,134,P23_A8_W10,4,0.00170213,0.73617021,exodus,major
shape_PAW,135,P39_A14_W16,4,0.00170213,0.73787234,exodus,major
shape_PAW,136,P19_A9_W9,4,0.00170213,0.73957447,exodus,major
shape_PAW,137,P27_A9_W11,4,0.00170213,0.7412766,exodus,major
shape_PAW,138,P19_A7_W9,4,0.00170213,0.74297872,exodus,major
shape_PAW,139,P14_A4_W5,4,0.00170213,0.74468085,exodus,major
shape_PAW,140,P18_A6_W7,4,0.00170213,0.74638298,exodus,major
shape_PAW,141,P28_A12_W13,4,0.00170213,0.74808511,exodus,major
shape_PAW,142,P8_A2_W4,4,0.00170213,0.74978723,exodus,major
shape_PAW,143,P16_A7_W9,4,0.00170213,0.75148936,exodus,major
shape_PAW,144,P32_A11_W13,4,0.00170213,0.75319149,exodus,major
shape_PAW,145,P23_A11_W11,4,0.00170213,0.75489362,exodus,major
shape_PAW,146,P9_A3_W5,4,0.00170213,0.75659574,exodus,major
shape_PAW,147,P26_A10_W11,4,0.00170213,0.75829787,exodus,major
shape_PAW,148,P25_A11_W12,4,0.00170213,0.76,exodus,major
shape_PAW,149,P20_A7_W10,4,0.00170213,0.76170213,exodus,major
shape_PAW,150,P11_A3_W3,4,0.00170213,0.76340426,exodus,major
shape_PAW,151,P18_A8_W10,4,0.00170213,0.76510638,exodus,major
shape_PAW,152,P22_A10_W11,4,0.00170213,0.76680851,exodus,major
shape_PAW,153,P22_A9_W9,4,0.00170213,0.76851064,exodus,major
shape_PAW,154,P28_A10_W12,4,0.00170213,0.77021277,exodus,major
shape_PAW,155,P22_A8_W11,4,0.00170213,0.77191489,exodus,major
shape_PAW,156,P17_A9_W9,4,0.00170213,0.77361702,exodus,major
shape_PAW,157,P20_A6_W6,4,0.00170213,0.77531915,exodus,major
shape_PAW,158,P10_A4_W6,4,0.00170213,0.77702128,exodus,major
shape_PAW,159,P24_A8_W9,4,0.00170213,0.7787234,exodus,major
shape_PAW,160,P16_A4_W6,4,0.00170213,0.78042553,exodus,major
shape_PAW,161,P20_A7_W7,4,0.00170213,0.78212766,exodus,major
shape_PAW,162,P15_A4_W5,4,0.00170213,0.78382979,exodus,major
shape_PAW,163,P15_A7_W9,3,0.0012766,0.78510638,exodus,major
shape_PAW,164,P9_A2_W3,3,0.0012766,0.78638298,exodus,major
shape_PAW,165,P26_A10_W10,3,0.0012766,0.78765957,exodus,major
shape_PAW,166,P20_A6_W8,3,0.0012766,0.78893617,exodus,major
shape_PAW,167,P26_A10_W12,3,0.0012766,0.79021277,exodus,major
shape_PAW,168,P25_A11_W13,3,0.0012766,0.79148936,exodus,major
shape_PAW,169,P19_A8_W10,3,0.0012766,0.79276596,exodus,major
shape_PAW,170,P18_A9_W9,3,0.0012766,0.79404255,exodus,major
shape_PAW,171,P24_A10_W11,3,0.0012766,0.79531915,exodus,major
shape_PAW,172,P35_A14_W14,3,0.0012766,0.79659574,exodus,major
shape_PAW,173,P24_A11_W11,3,0.0012766,0.79787234,exodus,major
shape_PAW,174,P26_A11_W13,3,0.0012766,0.79914894,exodus,major
shape_PAW,175,P25_A10_W12,3,0.0012766,0.80042553,exodus,major
shape_PAW,176,P26_A9_W11,3,0.0012766,0.80170213,exodus,major
shape_PAW,177,P21_A7_W9,3,0.0012766,0.80297872,exodus,major
shape_PAW,178,P16_A5_W7,3,0.0012766,0.80425532,exodus,major
shape_PAW,179,P23_A9_W9,3,0.0012766,0.80553191,exodus,major
shape_PAW,180,P25_A9_W12,3,0.0012766,0.80680851,exodus,major
shape_PAW,181,P18_A7_W10,3,0.0012766,0.80808511,exodus,major
shape_PAW,182,P31_A12_W14,3,0.0012766,0.8093617,exodus,major
shape_PAW,183,P14_A7_W8,3,0.0012766,0.8106383,exodus,major
shape_PAW,184,P22_A10_W12,3,0.0012766,0.81191489,exodus,major
shape_PAW,185,P10_A3_W5,3,0.0012766,0.81319149,exodus,major
shape_PAW,186,P20_A8_W10,3,0.0012766,0.81446809,exodus,major
shape_PAW,187,P14_A6_W8,3,0.0012766,0.81574468,exodus,major
shape_PAW,188,P33_A13_W16,3,0.0012766,0.81702128,exodus,major
shape_PAW,189,P24_A8_W10,3,0.0012766,0.81829787,exodus,major
shape_PAW,190,P31_A13_W14,3,0.0012766,0.81957447,exodus,major
shape_PAW,191,P23_A9_W11,3,0.0012766,0.82085106,exodus,major
shape_PAW,192,P16_A6_W9,3,0.0012766,0.82212766,exodus,major
shape_PAW,193,P5_A1_W1,3,0.0012766,0.82340426,exodus,major
shape_PAW,194,P28_A10_W10,3,0.0012766,0.82468085,exodus,major
shape_PAW,195,P3_A1_W1,3,0.0012766,0.82595745,exodus,major
shape_PAW,196,P18_A7_W9,2,0.00085106,0.82680851,exodus,major
shape_PAW,197,P30_A11_W14,2,0.00085106,0.82765957,exodus,major
shape_PAW,198,P32_A13_W14,2,0.00085106,0.82851064,exodus,major
shape_PAW,199,P16_A8_W9,2,0.00085106,0.8293617,exodus,major
shape_PAW,200,P34_A12_W13,2,0.00085106,0.83021277,exodus,major
shape_PAW,201,P29_A10_W10,2,0.00085106,0.83106383,exodus,major
shape_PAW,202,P26_A7_W8,2,0.00085106,0.83191489,exodus,major
shape_PAW,203,P22_A7_W7,2,0.00085106,0.83276596,exodus,major
shape_PAW,204,P19_A9_W10,2,0.00085106,0.83361702,exodus,major
shape_PAW,205,P39_A15_W18,2,0.00085106,0.83446809,exodus,major
shape_PAW,206,P14_A4_W7,2,0.00085106,0.83531915,exodus,major
shape_PAW,207,P27_A10_W12,2,0.00085106,0.83617021,exodus,major
shape_PAW,208,P17_A5_W6,2,0.00085106,0.83702128,exodus,major
shape_PAW,209,P27_A11_W13,2,0.00085106,0.83787234,exodus,major
shape_PAW,210,P20_A9_W11,2,0.00085106,0.8387234,exodus,major
shape_PAW,211,P24_A12_W12,2,0.00085106,0.83957447,exodus,major
shape_PAW,212,P29_A11_W14,2,0.00085106,0.84042553,exodus,major
shape_PAW,213,P26_A9_W10,2,0.00085106,0.8412766,exodus,major
shape_PAW,214,P29_A10_W13,2,0.00085106,0.84212766,exodus,major
shape_PAW,215,P28_A9_W10,2,0.00085106,0.84297872,exodus,major
shape_PAW,216,P24_A7_W9,2,0.00085106,0.84382979,exodus,major
shape_PAW,217,P30_A13_W14,2,0.00085106,0.84468085,exodus,major
shape_PAW,218,P33_A11_W12,2,0.00085106,0.84553191,exodus,major
shape_PAW,219,P16_A5_W6,2,0.00085106,0.84638298,exodus,major
shape_PAW,220,P22_A7_W10,2,0.00085106,0.84723404,exodus,major
shape_PAW,221,P12_A5_W7,2,0.00085106,0.84808511,exodus,major
shape_PAW,222,P23_A11_W12,2,0.00085106,0.84893617,exodus,major
shape_PAW,223,P20_A8_W11,2,0.00085106,0.84978723,exodus,major
shape_PAW,224,P21_A8_W11,2,0.00085106,0.8506383,exodus,major
shape_PAW,225,P31_A11_W14,2,0.00085106,0.85148936,exodus,major
shape_PAW,226,P27_A8_W9,2,0.00085106,0.85234043,exodus,major
shape_PAW,227,P22_A11_W12,2,0.00085106,0.85319149,exodus,major
shape_PAW,228,P28_A10_W13,2,0.00085106,0.85404255,exodus,major
shape_PAW,229,P37_A13_W17,2,0.00085106,0.85489362,exodus,major
shape_PAW,230,P19_A6_W9,2,0.00085106,0.85574468,exodus,major
shape_PAW,231,P28_A9_W9,2,0.00085106,0.85659574,exodus,major
shape_PAW,232,P27_A11_W12,2,0.00085106,0.85744681,exodus,major
shape_PAW,233,P21_A7_W7,2,0.00085106,0.85829787,exodus,major
shape_PAW,234,P12_A3_W5,2,0.00085106,0.85914894,exodus,major
shape_PAW,235,P42_A18_W20,2,0.00085106,0.86,exodus,major
shape_PAW,236,P25_A9_W11,2,0.00085106,0.86085106,exodus,major
shape_PAW,237,P30_A12_W13,2,0.00085106,0.86170213,exodus,major
shape_PAW,238,P38_A14_W16,2,0.00085106,0.86255319,exodus,major
shape_PAW,239,P24_A10_W10,2,0.00085106,0.86340426,exodus,major
shape_PAW,240,P31_A12_W15,2,0.00085106,0.86425532,exodus,major
shape_PAW,241,P27_A8_W10,2,0.00085106,0.86510638,exodus,major
shape_PAW,242,P39_A14_W19,2,0.00085106,0.86595745,exodus,major
shape_PAW,243,P17_A6_W9,2,0.00085106,0.86680851,exodus,major
shape_PAW,244,P18_A5_W8,2,0.00085106,0.86765957,exodus,major
shape_PAW,245,P29_A9_W11,2,0.00085106,0.86851064,exodus,major
shape_PAW,246,P9_A2_W4,2,0.00085106,0.8693617,exodus,major
shape_PAW,247,P28_A11_W15,2,0.00085106,0.87021277,exodus,major
shape_PAW,248,P28_A11_W12,2,0.00085106,0.87106383,exodus,major
shape_PAW,249,P19_A6_W6,2,0.00085106,0.87191489,exodus,major
shape_PAW,250,P14_A5_W8,2,0.00085106,0.87276596,exodus,major
shape_PAW,251,P20_A11_W11,2,0.00085106,0.87361702,exodus,major
shape_PAW,252,P27_A12_W13,2,0.00085106,0.87446809,exodus,major
shape_PAW,253,P20_A10_W10,2,0.00085106,0.87531915,exodus,major
shape_PAW,254,P18_A5_W6,2,0.00085106,0.87617021,exodus,major
shape_PAW,255,P19_A8_W11,2,0.00085106,0.87702128,exodus,major
shape_PAW,256,P6_A4_W4,2,0.00085106,0.87787234,exodus,major
shape_PAW,257,P9_A5_W6,2,0.00085106,0.8787234,exodus,major
shape_PAW,258,P10_A6_W6,2,0.00085106,0.87957447,exodus,major
shape_PAW,259,P11_A6_W7,2,0.00085106,0.88042553,exodus,major
shape_PAW,260,P36_A15_W17,2,0.00085106,0.8812766,exodus,major
shape_PAW,261,P12_A3_W4,2,0.00085106,0.88212766,exodus,major
shape_PAW,262,P23_A8_W8,2,0.00085106,0.88297872,exodus,major
shape_PAW,263,P17_A5_W5,2,0.00085106,0.88382979,exodus,major
shape_PAW,264,P30_A10_W10,2,0.00085106,0.88468085,exodus,major
shape_PAW,265,P39_A14_W14,2,0.00085106,0.88553191,exodus,major
shape_PAW,266,P13_A3_W3,2,0.00085106,0.88638298,exodus,major
shape_PAW,267,P32_A13_W13,2,0.00085106,0.88723404,exodus,major
shape_PAW,268,P31_A11_W12,2,0.00085106,0.88808511,exodus,major
shape_PAW,269,P28_A12_W12,2,0.00085106,0.88893617,exodus,major
shape_PAW,270,P31_A13_W13,2,0.00085106,0.88978723,exodus,major
shape_PAW,271,P8_A2_W2,2,0.00085106,0.8906383,exodus,major
shape_PAW,272,P21_A6_W8,2,0.00085106,0.89148936,exodus,major
shape_PAW,273,P16_A5_W8,2,0.00085106,0.89234043,exodus,major
shape_PAW,274,P34_A14_W15,2,0.00085106,0.89319149,exodus,major
shape_PAW,275,P32_A11_W15,2,0.00085106,0.89404255,exodus,major
shape_PAW,276,P11_A3_W4,2,0.00085106,0.89489362,exodus,major
shape_PAW,277,P15_A6_W9,2,0.00085106,0.89574468,exodus,major
shape_PAW,278,P18_A5_W7,2,0.00085106,0.89659574,exodus,major
shape_PAW,279,P31_A12_W12,2,0.00085106,0.89744681,exodus,major
shape_PAW,280,P9_A3_W6,2,0.00085106,0.89829787,exodus,major
shape_PAW,281,P36_A14_W14,2,0.00085106,0.89914894,exodus,major
shape_PAW,282,P23_A8_W9,2,0.00085106,0.9,exodus,major
shape_PAW,283,P23_A9_W12,2,0.00085106,0.90085106,exodus,major
shape_PAW,284,P24_A10_W12,2,0.00085106,0.90170213,exodus,major
shape_PAW,285,P30_A12_W12,2,0.00085106,0.90255319,exodus,major
shape_PAW,286,P34_A11_W16,1,0.00042553,0.90297872,exodus,major
shape_PAW,287,P28_A8_W10,1,0.00042553,0.90340426,exodus,major
shape_PAW,288,P39_A12_W16,1,0.00042553,0.90382979,exodus,major
shape_PAW,289,P25_A9_W10,1,0.00042553,0.90425532,exodus,major
shape_PAW,290,P11_A7_W7,1,0.00042553,0.90468085,exodus,major
shape_PAW,291,P24_A7_W8,1,0.00042553,0.90510638,exodus,major
shape_PAW,292,P40_A14_W17,1,0.00042553,0.90553191,exodus,major
shape_PAW,293,P52_A19_W21,1,0.00042553,0.90595745,exodus,major
shape_PAW,294,P43_A16_W17,1,0.00042553,0.90638298,exodus,major
shape_PAW,295,P37_A12_W13,1,0.00042553,0.90680851,exodus,major
shape_PAW,296,P60_A23_W24,1,0.00042553,0.90723404,exodus,major
shape_PAW,297,P27_A9_W10,1,0.00042553,0.90765957,exodus,major
shape_PAW,298,P20_A5_W8,1,0.00042553,0.90808511,exodus,major
shape_PAW,299,P40_A15_W16,1,0.00042553,0.90851064,exodus,major
shape_PAW,300,P37_A16_W19,1,0.00042553,0.90893617,exodus,major
shape_PAW,301,P28_A17_W17,1,0.00042553,0.9093617,exodus,major
shape_PAW,302,P34_A14_W14,1,0.00042553,0.90978723,exodus,major
shape_PAW,303,P39_A13_W16,1,0.00042553,0.91021277,exodus,major
shape_PAW,304,P20_A10_W11,1,0.00042553,0.9106383,exodus,major
shape_PAW,305,P30_A11_W12,1,0.00042553,0.91106383,exodus,major
shape_PAW,306,P37_A14_W14,1,0.00042553,0.91148936,exodus,major
shape_PAW,307,P19_A6_W10,1,0.00042553,0.91191489,exodus,major
shape_PAW,308,P25_A12_W13,1,0.00042553,0.91234043,exodus,major
shape_PAW,309,P21_A9_W11,1,0.00042553,0.91276596,exodus,major
shape_PAW,310,P29_A10_W12,1,0.00042553,0.91319149,exodus,major
shape_PAW,311,P53_A21_W26,1,0.00042553,0.91361702,exodus,major
shape_PAW,312,P42_A17_W18,1,0.00042553,0.91404255,exodus,major
shape_PAW,313,P24_A5_W5,1,0.00042553,0.91446809,exodus,major
shape_PAW,314,P13_A3_W4,1,0.00042553,0.91489362,exodus,major
shape_PAW,315,P37_A12_W17,1,0.00042553,0.91531915,exodus,major
shape_PAW,316,P34_A11_W12,1,0.00042553,0.91574468,exodus,major
shape_PAW,317,P41_A14_W14,1,0.00042553,0.91617021,exodus,major
shape_PAW,318,P22_A6_W6,1,0.00042553,0.91659574,exodus,major
shape_PAW,319,P21_A5_W8,1,0.00042553,0.91702128,exodus,major
shape_PAW,320,P27_A12_W14,1,0.00042553,0.91744681,exodus,major
shape_PAW,321,P36_A13_W15,1,0.00042553,0.91787234,exodus,major
shape_PAW,322,P29_A11_W12,1,0.00042553,0.91829787,exodus,major
shape_PAW,323,P32_A11_W14,1,0.00042553,0.9187234,exodus,major
shape_PAW,324,P25_A12_W12,1,0.00042553,0.91914894,exodus,major
shape_PAW,325,P38_A13_W14,1,0.00042553,0.91957447,exodus,major
shape_PAW,326,P37_A14_W15,1,0.00042553,0.92,exodus,major
shape_PAW,327,P26_A8_W11,1,0.00042553,0.92042553,exodus,major
shape_PAW,328,P18_A9_W10,1,0.00042553,0.92085106,exodus,major
shape_PAW,329,P35_A12_W13,1,0.00042553,0.9212766,exodus,major
shape_PAW,330,P30_A9_W14,1,0.00042553,0.92170213,exodus,major
shape_PAW,331,P26_A9_W9,1,0.00042553,0.92212766,exodus,major
shape_PAW,332,P34_A12_W15,1,0.00042553,0.92255319,exodus,major
shape_PAW,333,P38_A15_W17,1,0.00042553,0.92297872,exodus,major
shape_PAW,334,P11_A5_W7,1,0.00042553,0.92340426,exodus,major
shape_PAW,335,P32_A11_W16,1,0.00042553,0.92382979,exodus,major
shape_PAW,336,P48_A18_W21,1,0.00042553,0.92425532,exodus,major
shape_PAW,337,P38_A14_W17,1,0.00042553,0.92468085,exodus,major
shape_PAW,338,P33_A13_W17,1,0.00042553,0.92510638,exodus,major
shape_PAW,339,P33_A14_W19,1,0.00042553,0.92553191,exodus,major
shape_PAW,340,P21_A10_W11,1,0.00042553,0.92595745,exodus,major
shape_PAW,341,P34_A14_W17,1,0.00042553,0.92638298,exodus,major
shape_PAW,342,P22_A12_W12,1,0.00042553,0.92680851,exodus,major
shape_PAW,343,P35_A14_W16,1,0.00042553,0.92723404,exodus,major
shape_PAW,344,P30_A11_W13,1,0.00042553,0.92765957,exodus,major
shape_PAW,345,P13_A5_W9,1,0.00042553,0.92808511,exodus,major
shape_PAW,346,P31_A11_W13,1,0.00042553,0.92851064,exodus,major
shape_PAW,347,P26_A11_W14,1,0.00042553,0.92893617,exodus,major
shape_PAW,348,P40_A13_W17,1,0.00042553,0.9293617,exodus,major
shape_PAW,349,P26_A10_W13,1,0.00042553,0.92978723,exodus,major
shape_PAW,350,P38_A15_W18,1,0.00042553,0.93021277,exodus,major
shape_PAW,351,P30_A10_W12,1,0.00042553,0.9306383,exodus,major
shape_PAW,352,P9_A7_W7,1,0.00042553,0.93106383,exodus,major
shape_PAW,353,P30_A12_W14,1,0.00042553,0.93148936,exodus,major
shape_PAW,354,P21_A6_W7,1,0.00042553,0.93191489,exodus,major
shape_PAW,355,P8_A3_W6,1,0.00042553,0.93234043,exodus,major
shape_PAW,356,P32_A16_W17,1,0.00042553,0.93276596,exodus,major
shape_PAW,357,P2_A2_W2,1,0.00042553,0.93319149,exodus,major
shape_PAW,358,P52_A19_W20,1,0.00042553,0.93361702,exodus,major
shape_PAW,359,P24_A10_W13,1,0.00042553,0.93404255,exodus,major
shape_PAW,360,P28_A12_W14,1,0.00042553,0.93446809,exodus,major
shape_PAW,361,P33_A14_W16,1,0.00042553,0.93489362,exodus,major
shape_PAW,362,P30_A13_W13,1,0.00042553,0.93531915,exodus,major
shape_PAW,363,P14_A8_W8,1,0.00042553,0.93574468,exodus,major
shape_PAW,364,P38_A12_W15,1,0.00042553,0.93617021,exodus,major
shape_PAW,365,P35_A12_W14,1,0.00042553,0.93659574,exodus,major
shape_PAW,366,P29_A11_W15,1,0.00042553,0.93702128,exodus,major
shape_PAW,367,P19_A5_W6,1,0.00042553,0.93744681,exodus,major
shape_PAW,368,P15_A4_W4,1,0.00042553,0.93787234,exodus,major
shape_PAW,369,P25_A9_W9,1,0.00042553,0.93829787,exodus,major
shape_PAW,370,P32_A12_W13,1,0.00042553,0.9387234,exodus,major
shape_PAW,371,P11_A4_W7,1,0.00042553,0.93914894,exodus,major
shape_PAW,372,P4_A2_W3,1,0.00042553,0.93957447,exodus,major
shape_PAW,373,P24_A8_W8,1,0.00042553,0.94,exodus,major
shape_PAW,374,P16_A9_W9,1,0.00042553,0.94042553,exodus,major
shape_PAW,375,P18_A6_W10,1,0.00042553,0.94085106,exodus,major
shape_PAW,376,P40_A13_W15,1,0.00042553,0.9412766,exodus,major
shape_PAW,377,P44_A16_W18,1,0.00042553,0.94170213,exodus,major
shape_PAW,378,P25_A7_W10,1,0.00042553,0.94212766,exodus,major
shape_PAW,379,P46_A17_W19,1,0.00042553,0.94255319,exodus,major
shape_PAW,380,P26_A12_W13,1,0.00042553,0.94297872,exodus,major
shape_PAW,381,P35_A13_W15,1,0.00042553,0.94340426,exodus,major
shape_PAW,382,P23_A12_W14,1,0.00042553,0.94382979,exodus,major
shape_PAW,383,P28_A9_W12,1,0.00042553,0.94425532,exodus,major
shape_PAW,384,P29_A14_W15,1,0.00042553,0.94468085,exodus,major
shape_PAW,385,P32_A12_W12,1,0.00042553,0.94510638,exodus,major
shape_PAW,386,P24_A11_W12,1,0.00042553,0.94553191,exodus,major
shape_PAW,387,P22_A9_W12,1,0.00042553,0.94595745,exodus,major
shape_PAW,388,P14_A6_W9,1,0.00042553,0.94638298,exodus,major
shape_PAW,389,P33_A14_W14,1,0.00042553,0.94680851,exodus,major
shape_PAW,390,P28_A11_W14,1,0.00042553,0.94723404,exodus,major
shape_PAW,391,P19_A10_W10,1,0.00042553,0.94765957,exodus,major
shape_PAW,392,P31_A12_W13,1,0.00042553,0.94808511,exodus,major
shape_PAW,393,P14_A7_W9,1,0.00042553,0.94851064,exodus,major
shape_PAW,394,P40_A17_W20,1,0.00042553,0.94893617,exodus,major
shape_PAW,395,P35_A11_W16,1,0.00042553,0.9493617,exodus,major
shape_PAW,396,P40_A17_W19,1,0.00042553,0.94978723,exodus,major
shape_PAW,397,P26_A12_W16,1,0.00042553,0.95021277,exodus,major
shape_PAW,398,P36_A15_W16,1,0.00042553,0.9506383,exodus,major
shape_PAW,399,P21_A6_W10,1,0.00042553,0.95106383,exodus,major
shape_PAW,400,P42_A17_W19,1,0.00042553,0.95148936,exodus,major
shape_PAW,401,P36_A14_W16,1,0.00042553,0.95191489,exodus,major
shape_PAW,402,P69_A24_W31,1,0.00042553,0.95234043,exodus,major
shape_PAW,403,P23_A9_W13,1,0.00042553,0.95276596,exodus,major
shape_PAW,404,P33_A9_W14,1,0.00042553,0.95319149,exodus,major
shape_PAW,405,P22_A7_W9,1,0.00042553,0.95361702,exodus,major
shape_PAW,406,P20_A7_W11,1,0.00042553,0.95404255,exodus,major
shape_PAW,407,P24_A7_W10,1,0.00042553,0.95446809,exodus,major
shape_PAW,408,P7_A5_W5,1,0.00042553,0.95489362,exodus,major
shape_PAW,409,P28_A11_W11,1,0.00042553,0.95531915,exodus,major
shape_PAW,410,P13_A7_W9,1,0.00042553,0.95574468,exodus,major
shape_PAW,411,P27_A14_W14,1,0.00042553,0.95617021,exodus,major
shape_PAW,412,P8_A4_W6,1,0.00042553,0.95659574,exodus,major
shape_PAW,413,P18_A11_W11,1,0.00042553,0.95702128,exodus,major
shape_PAW,414,P12_A7_W8,1,0.00042553,0.95744681,exodus,major
shape_PAW,415,P15_A8_W9,1,0.00042553,0.95787234,exodus,major
shape_PAW,416,P4_A3_W3,1,0.00042553,0.95829787,exodus,major
shape_PAW,417,P22_A11_W11,1,0.00042553,0.9587234,exodus,major
shape_PAW,418,P20_A11_W12,1,0.00042553,0.95914894,exodus,major
shape_PAW,419,P39_A15_W25,1,0.00042553,0.95957447,exodus,major
shape_PAW,420,P20_A9_W13,1,0.00042553,0.96,exodus,major
shape_PAW,421,P10_A5_W7,1,0.00042553,0.96042553,exodus,major
shape_PAW,422,P13_A7_W8,1,0.00042553,0.96085106,exodus,major
shape_PAW,423,P20_A8_W12,1,0.00042553,0.9612766,exodus,major
shape_PAW,424,P13_A6_W8,1,0.00042553,0.96170213,exodus,major
shape_PAW,425,P23_A7_W8,1,0.00042553,0.96212766,exodus,major
shape_PAW,426,P37_A11_W12,1,0.00042553,0.96255319,exodus,major
shape_PAW,427,P12_A3_W3,1,0.00042553,0.96297872,exodus,major
shape_PAW,428,P19_A5_W8,1,0.00042553,0.96340426,exodus,major
shape_PAW,429,P24_A7_W11,1,0.00042553,0.96382979,exodus,major
shape_PAW,430,P9_A2_W2,1,0.00042553,0.96425532,exodus,major
shape_PAW,431,P24_A9_W12,1,0.00042553,0.96468085,exodus,major
shape_PAW,432,P17_A5_W8,1,0.00042553,0.96510638,exodus,major
shape_PAW,433,P36_A11_W13,1,0.00042553,0.96553191,exodus,major
shape_PAW,434,P26_A8_W8,1,0.00042553,0.96595745,exodus,major
shape_PAW,435,P39_A14_W15,1,0.00042553,0.96638298,exodus,major
shape_PAW,436,P23_A7_W9,1,0.00042553,0.96680851,exodus,major
shape_PAW,437,P23_A9_W10,1,0.00042553,0.96723404,exodus,major
shape_PAW,438,P33_A11_W13,1,0.00042553,0.96765957,exodus,major
shape_PAW,439,P27_A10_W10,1,0.00042553,0.96808511,exodus,major
shape_PAW,440,P25_A7_W7,1,0.00042553,0.96851064,exodus,major
shape_PAW,441,P34_A14_W16,1,0.00042553,0.96893617,exodus,major
shape_PAW,442,P25_A8_W10,1,0.00042553,0.9693617,exodus,major
shape_PAW,443,P23_A12_W12,1,0.00042553,0.96978723,exodus,major
shape_PAW,444,P35_A13_W13,1,0.00042553,0.97021277,exodus,major
shape_PAW,445,P21_A7_W8,1,0.00042553,0.9706383,exodus,major
shape_PAW,446,P12_A4_W7,1,0.00042553,0.97106383,exodus,major
shape_PAW,447,P40_A14_W18,1,0.00042553,0.97148936,exodus,major
shape_PAW,448,P52_A18_W23,1,0.00042553,0.97191489,exodus,major
shape_PAW,449,P43_A15_W19,1,0.00042553,0.97234043,exodus,major
shape_PAW,450,P51_A19_W23,1,0.00042553,0.97276596,exodus,major
shape_PAW,451,P5_A4_W4,1,0.00042553,0.97319149,exodus,major
shape_PAW,452,P20_A6_W7,1,0.00042553,0.97361702,exodus,major
shape_PAW,453,P9_A4_W6,1,0.00042553,0.97404255,exodus,major
shape_PAW,454,P22_A7_W8,1,0.00042553,0.97446809,exodus,major
shape_PAW,455,P29_A13_W14,1,0.00042553,0.97489362,exodus,major
shape_PAW,456,P27_A13_W14,1,0.00042553,0.97531915,exodus,major
shape_PAW,457,P17_A4_W9,1,0.00042553,0.97574468,exodus,major
shape_PAW,458,P16_A4_W5,1,0.00042553,0.97617021,exodus,major
shape_PAW,459,P34_A12_W16,1,0.00042553,0.97659574,exodus,major
shape_PAW,460,P21_A5_W10,1,0.00042553,0.97702128,exodus,major
shape_PAW,461,P6_A2_W4,1,0.00042553,0.97744681,exodus,major
shape_PAW,462,P54_A23_W26,1,0.00042553,0.97787234,exodus,major
shape_PAW,463,P31_A11_W11,1,0.00042553,0.97829787,exodus,major
shape_PAW,464,P33_A13_W13,1,0.00042553,0.9787234,exodus,major
shape_PAW,465,P45_A16_W16,1,0.00042553,0.97914894,exodus,major
shape_PAW,466,P23_A11_W13,1,0.00042553,0.97957447,exodus,major
shape_PAW,467,P10_A6_W7,1,0.00042553,0.98,exodus,major
shape_PAW,468,P29_A12_W15,1,0.00042553,0.98042553,exodus,major
shape_PAW,469,P38_A13_W17,1,0.00042553,0.98085106,exodus,major
shape_PAW,470,P33_A13_W15,1,0.00042553,0.9812766,exodus,major
shape_PAW,471,P35_A16_W19,1,0.00042553,0.98170213,exodus,major
shape_PAW,472,P29_A9_W12,1,0.00042553,0.98212766,exodus,major
shape_PAW,473,P16_A7_W10,1,0.00042553,0.98255319,exodus,major
shape_PAW,474,P37_A15_W16,1,0.00042553,0.98297872,exodus,major
shape_PAW,475,P26_A7_W9,1,0.00042553,0.98340426,exodus,major
shape_PAW,476,P29_A13_W16,1,0.00042553,0.98382979,exodus,major
shape_PAW,477,P32_A9_W10,1,0.00042553,0.98425532,exodus,major
shape_PAW,478,P32_A12_W14,1,0.00042553,0.98468085,exodus,major
shape_PAW,479,P26_A13_W14,1,0.00042553,0.98510638,exodus,major
shape_PAW,480,P19_A10_W11,1,0.00042553,0.98553191,exodus,major
shape_PAW,481,P19_A7_W10,1,0.00042553,0.98595745,exodus,major
shape_PAW,482,P27_A12_W12,1,0.00042553,0.98638298,exodus,major
shape_PAW,483,P18_A5_W5,1,0.00042553,0.98680851,exodus,major
shape_PAW,484,P20_A5_W10,1,0.00042553,0.98723404,exodus,major
shape_PAW,485,P11_A3_W6,1,0.00042553,0.98765957,exodus,major
shape_PAW,486,P12_A3_W7,1,0.00042553,0.98808511,exodus,major
shape_PAW,487,P15_A4_W7,1,0.00042553,0.98851064,exodus,major
shape_PAW,488,P22_A8_W13,1,0.00042553,0.98893617,exodus,major
shape_PAW,489,P35_A16_W18,1,0.00042553,0.9893617,exodus,major
shape_PAW,490,P45_A18_W20,1,0.00042553,0.98978723,exodus,major
shape_PAW,491,P31_A12_W16,1,0.00042553,0.99021277,exodus,major
shape_PAW,492,P49_A15_W19,1,0.00042553,0.9906383,exodus,major
shape_PAW,493,P31_A10_W11,1,0.00042553,0.99106383,exodus,major
shape_PAW,494,P39_A15_W15,1,0.00042553,0.99148936,exodus,major
shape_PAW,495,P27_A13_W13,1,0.00042553,0.99191489,exodus,major
shape_PAW,496,P30_A9_W15,1,0.00042553,0.99234043,exodus,major
shape_PAW,497,P20_A9_W10,1,0.00042553,0.99276596,exodus,major
shape_PAW,498,P37_A14_W16,1,0.00042553,0.99319149,exodus,major
shape_PAW,499,P28_A12_W15,1,0.00042553,0.99361702,exodus,major
shape_PAW,500,P41_A15_W16,1,0.00042553,0.99404255,exodus,major
bucket_PAW,1,P19-24_A8+_W9-12,246,0.10468085,0.10468085,exodus,major
bucket_PAW,2,P25+_A8+_W13+,192,0.08170213,0.18638298,exodus,major
bucket_PAW,3,P7-9_A3_W3-4,171,0.07276596,0.25914894,exodus,major
bucket_PAW,4,P16-18_A6-7_W7-8,161,0.06851064,0.32765957,exodus,major
bucket_PAW,5,P10-12_A4_W5-6,127,0.05404255,0.38170213,exodus,major
bucket_PAW,6,P10-12_A5_W5-6,126,0.05361702,0.43531915,exodus,major
bucket_PAW,7,P25+_A8+_W9-12,121,0.05148936,0.48680851,exodus,major
bucket_PAW,8,P13-15_A5_W5-6,100,0.04255319,0.5293617,exodus,major
bucket_PAW,9,P13-15_A6-7_W7-8,94,0.04,0.5693617,exodus,major
bucket_PAW,10,P10-12_A4_W3-4,88,0.03744681,0.60680851,exodus,major
bucket_PAW,11,P7-9_A4_W3-4,83,0.03531915,0.64212766,exodus,major
bucket_PAW,12,P19-24_A6-7_W7-8,70,0.02978723,0.67191489,exodus,major
bucket_PAW,13,P13-15_A6-7_W5-6,65,0.02765957,0.69957447,exodus,major
bucket_PAW,14,P5-6_A2_W1-2,56,0.02382979,0.72340426,exodus,major
bucket_PAW,15,P5-6_A3_W3-4,49,0.02085106,0.74425532,exodus,major
bucket_PAW,16,P19-24_A6-7_W9-12,44,0.0187234,0.76297872,exodus,major
bucket_PAW,17,P19-24_A8+_W7-8,39,0.01659574,0.77957447,exodus,major
bucket_PAW,18,P13-15_A4_W5-6,37,0.01574468,0.79531915,exodus,major
bucket_PAW,19,P16-18_A8+_W9-12,32,0.01361702,0.80893617,exodus,major
bucket_PAW,20,P13-15_A5_W7-8,30,0.01276596,0.82170213,exodus,major
bucket_PAW,21,P7-9_A2_W3-4,30,0.01276596,0.83446809,exodus,major
bucket_PAW,22,P16-18_A6-7_W5-6,29,0.01234043,0.84680851,exodus,major
bucket_PAW,23,P10-12_A3_W3-4,28,0.01191489,0.8587234,exodus,major
bucket_PAW,24,P7-9_A4_W5-6,28,0.01191489,0.8706383,exodus,major
bucket_PAW,25,P7-9_A5_W5-6,25,0.0106383,0.8812766,exodus,major
bucket_PAW,26,P16-18_A6-7_W9-12,23,0.00978723,0.89106383,exodus,major
bucket_PAW,27,P1-4_A2_W1-2,23,0.00978723,0.90085106,exodus,major
bucket_PAW,28,P5-6_A2_W3-4,20,0.00851064,0.9093617,exodus,major
bucket_PAW,29,P10-12_A6-7_W7-8,20,0.00851064,0.91787234,exodus,major
bucket_PAW,30,P16-18_A8+_W7-8,20,0.00851064,0.92638298,exodus,major
bucket_PAW,31,P13-15_A4_W3-4,18,0.00765957,0.93404255,exodus,major
bucket_PAW,32,P16-18_A5_W7-8,15,0.00638298,0.94042553,exodus,major
bucket_PAW,33,P16-18_A5_W5-6,15,0.00638298,0.94680851,exodus,major
bucket_PAW,34,P10-12_A6-7_W5-6,14,0.00595745,0.95276596,exodus,major
bucket_PAW,35,P7-9_A2_W1-2,13,0.00553191,0.95829787,exodus,major
bucket_PAW,36,P7-9_A3_W5-6,12,0.00510638,0.96340426,exodus,major
bucket_PAW,37,P10-12_A3_W5-6,12,0.00510638,0.96851064,exodus,major
bucket_PAW,38,P13-15_A6-7_W9-12,8,0.00340426,0.97191489,exodus,major
bucket_PAW,39,P19-24_A6-7_W5-6,7,0.00297872,0.97489362,exodus,major
bucket_PAW,40,P19-24_A8+_W13+,7,0.00297872,0.97787234,exodus,major
bucket_PAW,41,P16-18_A4_W5-6,6,0.00255319,0.98042553,exodus,major
bucket_PAW,42,P13-15_A4_W7-8,4,0.00170213,0.98212766,exodus,major
bucket_PAW,43,P10-12_A5_W7-8,4,0.00170213,0.98382979,exodus,major
bucket_PAW,44,P1-4_A0-1_W1-2,4,0.00170213,0.98553191,exodus,major
bucket_PAW,45,P25+_A6-7_W7-8,3,0.0012766,0.98680851,exodus,major
bucket_PAW,46,P19-24_A5_W7-8,3,0.0012766,0.98808511,exodus,major
bucket_PAW,47,P13-15_A3_W3-4,3,0.0012766,0.9893617,exodus,major
bucket_PAW,48,P5-6_A4_W3-4,3,0.0012766,0.9906383,exodus,major
bucket_PAW,49,P5-6_A0-1_W1-2,3,0.0012766,0.99191489,exodus,major
bucket_PAW,50,P19-24_A5_W5-6,2,0.00085106,0.99276596,exodus,major
bucket_PAW,51,P13-15_A8+_W7-8,2,0.00085106,0.99361702,exodus,major
bucket_PAW,52,P10-12_A4_W7-8,2,0.00085106,0.99446809,exodus,major
bucket_PAW,53,P25+_A6-7_W9-12,2,0.00085106,0.99531915,exodus,major
bucket_PAW,54,P19-24_A5_W9-12,2,0.00085106,0.99617021,exodus,major
bucket_PAW,55,P13-15_A5_W9-12,1,0.00042553,0.99659574,exodus,major
bucket_PAW,56,P7-9_A6-7_W7-8,1,0.00042553,0.99702128,exodus,major
bucket_PAW,57,P1-4_A2_W3-4,1,0.00042553,0.99744681,exodus,major
bucket_PAW,58,P13-15_A8+_W9-12,1,0.00042553,0.99787234,exodus,major
bucket_PAW,59,P1-4_A3_W3-4,1,0.00042553,0.99829787,exodus,major
bucket_PAW,60,P25+_A8+_W7-8,1,0.00042553,0.9987234,exodus,major
bucket_PAW,61,P16-18_A4_W9-12,1,0.00042553,0.99914894,exodus,major
bucket_PAW,62,P10-12_A3_W7-8,1,0.00042553,0.99957447,exodus,major
bucket_PAW,63,P16-18_A5_W9-12,1,0.00042553,1.0,exodus,major
shape_PA,1,P28_A11,17,0.01410788,0.01410788,exodus,verse
shape_PA,2,P32_A13,17,0.01410788,0.02821577,exodus,verse
shape_PA,3,P20_A8,17,0.01410788,0.04232365,exodus,verse
shape_PA,4,P23_A10,17,0.01410788,0.05643154,exodus,verse
shape_PA,5,P23_A9,16,0.01327801,0.06970954,exodus,verse
shape_PA,6,P29_A12,15,0.01244813,0.08215768,exodus,verse
shape_PA,7,P39_A16,13,0.01078838,0.09294606,exodus,verse
shape_PA,8,P24_A9,13,0.01078838,0.10373444,exodus,verse
shape_PA,9,P17_A7,12,0.00995851,0.11369295,exodus,verse
shape_PA,10,P31_A11,12,0.00995851,0.12365145,exodus,verse
shape_PA,11,P30_A12,12,0.00995851,0.13360996,exodus,verse
shape_PA,12,P30_A13,12,0.00995851,0.14356846,exodus,verse
shape_PA,13,P11_A4,12,0.00995851,0.15352697,exodus,verse
shape_PA,14,P26_A11,12,0.00995851,0.16348548,exodus,verse
shape_PA,15,P22_A9,11,0.00912863,0.17261411,exodus,verse
shape_PA,16,P21_A8,11,0.00912863,0.18174274,exodus,verse
shape_PA,17,P28_A12,11,0.00912863,0.19087137,exodus,verse
shape_PA,18,P14_A5,11,0.00912863,0.2,exodus,verse
shape_PA,19,P13_A5,11,0.00912863,0.20912863,exodus,verse
shape_PA,20,P25_A10,10,0.00829876,0.21742739,exodus,verse
shape_PA,21,P15_A6,10,0.00829876,0.22572614,exodus,verse
shape_PA,22,P17_A6,10,0.00829876,0.2340249,exodus,verse
shape_PA,23,P19_A7,10,0.00829876,0.24232365,exodus,verse
shape_PA,24,P18_A7,10,0.00829876,0.25062241,exodus,verse
shape_PA,25,P27_A10,10,0.00829876,0.25892116,exodus,verse
shape_PA,26,P33_A13,10,0.00829876,0.26721992,exodus,verse
shape_PA,27,P34_A12,10,0.00829876,0.27551867,exodus,verse
shape_PA,28,P25_A8,10,0.00829876,0.28381743,exodus,verse
shape_PA,29,P26_A9,10,0.00829876,0.29211618,exodus,verse
shape_PA,30,P30_A11,10,0.00829876,0.30041494,exodus,verse
shape_PA,31,P26_A10,10,0.00829876,0.30871369,exodus,verse
shape_PA,32,P24_A10,10,0.00829876,0.31701245,exodus,verse
shape_PA,33,P19_A9,9,0.00746888,0.32448133,exodus,verse
shape_PA,34,P32_A12,9,0.00746888,0.33195021,exodus,verse
shape_PA,35,P31_A13,9,0.00746888,0.33941909,exodus,verse
shape_PA,36,P29_A11,9,0.00746888,0.34688797,exodus,verse
shape_PA,37,P21_A9,9,0.00746888,0.35435685,exodus,verse
shape_PA,38,P27_A12,8,0.006639,0.36099585,exodus,verse
shape_PA,39,P34_A13,8,0.006639,0.36763485,exodus,verse
shape_PA,40,P38_A14,8,0.006639,0.37427386,exodus,verse
shape_PA,41,P37_A15,8,0.006639,0.38091286,exodus,verse
shape_PA,42,P25_A11,8,0.006639,0.38755187,exodus,verse
shape_PA,43,P27_A11,8,0.006639,0.39419087,exodus,verse
shape_PA,44,P34_A15,8,0.006639,0.40082988,exodus,verse
shape_PA,45,P33_A14,8,0.006639,0.40746888,exodus,verse
shape_PA,46,P25_A9,8,0.006639,0.41410788,exodus,verse
shape_PA,47,P37_A14,8,0.006639,0.42074689,exodus,verse
shape_PA,48,P35_A13,8,0.006639,0.42738589,exodus,verse
shape_PA,49,P41_A16,8,0.006639,0.4340249,exodus,verse
shape_PA,50,P36_A14,8,0.006639,0.4406639,exodus,verse
shape_PA,51,P29_A10,8,0.006639,0.4473029,exodus,verse
shape_PA,52,P32_A14,8,0.006639,0.45394191,exodus,verse
shape_PA,53,P22_A10,8,0.006639,0.46058091,exodus,verse
shape_PA,54,P24_A11,7,0.00580913,0.46639004,exodus,verse
shape_PA,55,P16_A6,7,0.00580913,0.47219917,exodus,verse
shape_PA,56,P40_A16,7,0.00580913,0.4780083,exodus,verse
shape_PA,57,P26_A12,7,0.00580913,0.48381743,exodus,verse
shape_PA,58,P33_A12,7,0.00580913,0.48962656,exodus,verse
shape_PA,59,P22_A8,7,0.00580913,0.49543568,exodus,verse
shape_PA,60,P23_A8,7,0.00580913,0.50124481,exodus,verse
shape_PA,61,P46_A18,7,0.00580913,0.50705394,exodus,verse
shape_PA,62,P35_A14,7,0.00580913,0.51286307,exodus,verse
shape_PA,63,P38_A15,7,0.00580913,0.5186722,exodus,verse
shape_PA,64,P19_A8,6,0.00497925,0.52365145,exodus,verse
shape_PA,65,P36_A12,6,0.00497925,0.52863071,exodus,verse
shape_PA,66,P43_A16,6,0.00497925,0.53360996,exodus,verse
shape_PA,67,P31_A12,6,0.00497925,0.53858921,exodus,verse
shape_PA,68,P29_A13,6,0.00497925,0.54356846,exodus,verse
shape_PA,69,P41_A15,6,0.00497925,0.54854772,exodus,verse
shape_PA,70,P23_A7,6,0.00497925,0.55352697,exodus,verse
shape_PA,71,P16_A7,6,0.00497925,0.55850622,exodus,verse
shape_PA,72,P21_A6,6,0.00497925,0.56348548,exodus,verse
shape_PA,73,P43_A18,6,0.00497925,0.56846473,exodus,verse
shape_PA,74,P38_A17,6,0.00497925,0.57344398,exodus,verse
shape_PA,75,P38_A13,6,0.00497925,0.57842324,exodus,verse
shape_PA,76,P36_A15,6,0.00497925,0.58340249,exodus,verse
shape_PA,77,P9_A4,5,0.00414938,0.58755187,exodus,verse
shape_PA,78,P41_A14,5,0.00414938,0.59170124,exodus,verse
shape_PA,79,P36_A13,5,0.00414938,0.59585062,exodus,verse
shape_PA,80,P35_A12,5,0.00414938,0.6,exodus,verse
shape_PA,81,P42_A17,5,0.00414938,0.60414938,exodus,verse
shape_PA,82,P34_A11,5,0.00414938,0.60829876,exodus,verse
shape_PA,83,P40_A15,5,0.00414938,0.61244813,exodus,verse
shape_PA,84,P33_A11,5,0.00414938,0.61659751,exodus,verse
shape_PA,85,P20_A7,5,0.00414938,0.62074689,exodus,verse
shape_PA,86,P49_A19,5,0.00414938,0.62489627,exodus,verse
shape_PA,87,P29_A14,5,0.00414938,0.62904564,exodus,verse
shape_PA,88,P44_A18,5,0.00414938,0.63319502,exodus,verse
shape_PA,89,P43_A17,5,0.00414938,0.6373444,exodus,verse
shape_PA,90,P19_A6,5,0.00414938,0.64149378,exodus,verse
shape_PA,91,P48_A19,5,0.00414938,0.64564315,exodus,verse
shape_PA,92,P15_A7,5,0.00414938,0.64979253,exodus,verse
shape_PA,93,P17_A8,5,0.00414938,0.65394191,exodus,verse
shape_PA,94,P40_A17,5,0.00414938,0.65809129,exodus,verse
shape_PA,95,P44_A17,5,0.00414938,0.66224066,exodus,verse
shape_PA,96,P39_A14,5,0.00414938,0.66639004,exodus,verse
shape_PA,97,P15_A5,4,0.0033195,0.66970954,exodus,verse
shape_PA,98,P30_A10,4,0.0033195,0.67302905,exodus,verse
shape_PA,99,P45_A17,4,0.0033195,0.67634855,exodus,verse
shape_PA,100,P47_A16,4,0.0033195,0.67966805,exodus,verse
shape_PA,101,P31_A10,4,0.0033195,0.68298755,exodus,verse
shape_PA,102,P35_A15,4,0.0033195,0.68630705,exodus,verse
shape_PA,103,P34_A14,4,0.0033195,0.68962656,exodus,verse
shape_PA,104,P14_A6,4,0.0033195,0.69294606,exodus,verse
shape_PA,105,P54_A21,4,0.0033195,0.69626556,exodus,verse
shape_PA,106,P24_A8,4,0.0033195,0.69958506,exodus,verse
shape_PA,107,P42_A14,4,0.0033195,0.70290456,exodus,verse
shape_PA,108,P27_A9,4,0.0033195,0.70622407,exodus,verse
shape_PA,109,P48_A18,4,0.0033195,0.70954357,exodus,verse
shape_PA,110,P43_A15,4,0.0033195,0.71286307,exodus,verse
shape_PA,111,P56_A21,4,0.0033195,0.71618257,exodus,verse
shape_PA,112,P47_A17,4,0.0033195,0.71950207,exodus,verse
shape_PA,113,P32_A11,4,0.0033195,0.72282158,exodus,verse
shape_PA,114,P28_A13,4,0.0033195,0.72614108,exodus,verse
shape_PA,115,P32_A15,4,0.0033195,0.72946058,exodus,verse
shape_PA,116,P37_A16,4,0.0033195,0.73278008,exodus,verse
shape_PA,117,P18_A8,4,0.0033195,0.73609959,exodus,verse
shape_PA,118,P11_A5,4,0.0033195,0.73941909,exodus,verse
shape_PA,119,P45_A19,4,0.0033195,0.74273859,exodus,verse
shape_PA,120,P38_A16,4,0.0033195,0.74605809,exodus,verse
shape_PA,121,P16_A5,4,0.0033195,0.74937759,exodus,verse
shape_PA,122,P45_A16,4,0.0033195,0.7526971,exodus,verse
shape_PA,123,P20_A10,4,0.0033195,0.7560166,exodus,verse
shape_PA,124,P50_A20,4,0.0033195,0.7593361,exodus,verse
shape_PA,125,P12_A5,4,0.0033195,0.7626556,exodus,verse
shape_PA,126,P21_A7,4,0.0033195,0.7659751,exodus,verse
shape_PA,127,P53_A19,4,0.0033195,0.76929461,exodus,verse
shape_PA,128,P8_A4,3,0.00248963,0.77178423,exodus,verse
shape_PA,129,P42_A15,3,0.00248963,0.77427386,exodus,verse
shape_PA,130,P34_A16,3,0.00248963,0.77676349,exodus,verse
shape_PA,131,P49_A21,3,0.00248963,0.77925311,exodus,verse
shape_PA,132,P42_A16,3,0.00248963,0.78174274,exodus,verse
shape_PA,133,P39_A15,3,0.00248963,0.78423237,exodus,verse
shape_PA,134,P46_A16,3,0.00248963,0.78672199,exodus,verse
shape_PA,135,P46_A15,3,0.00248963,0.78921162,exodus,verse
shape_PA,136,P21_A10,3,0.00248963,0.79170124,exodus,verse
shape_PA,137,P47_A18,3,0.00248963,0.79419087,exodus,verse
shape_PA,138,P32_A16,3,0.00248963,0.7966805,exodus,verse
shape_PA,139,P39_A18,3,0.00248963,0.79917012,exodus,verse
shape_PA,140,P28_A10,3,0.00248963,0.80165975,exodus,verse
shape_PA,141,P49_A20,3,0.00248963,0.80414938,exodus,verse
shape_PA,142,P31_A14,3,0.00248963,0.806639,exodus,verse
shape_PA,143,P44_A16,3,0.00248963,0.80912863,exodus,verse
shape_PA,144,P38_A12,3,0.00248963,0.81161826,exodus,verse
shape_PA,145,P27_A8,3,0.00248963,0.81410788,exodus,verse
shape_PA,146,P50_A19,3,0.00248963,0.81659751,exodus,verse
shape_PA,147,P20_A9,3,0.00248963,0.81908714,exodus,verse
shape_PA,148,P18_A6,3,0.00248963,0.82157676,exodus,verse
shape_PA,149,P3_A2,3,0.00248963,0.82406639,exodus,verse
shape_PA,150,P18_A9,3,0.00248963,0.82655602,exodus,verse
shape_PA,151,P10_A4,3,0.00248963,0.82904564,exodus,verse
shape_PA,152,P14_A7,3,0.00248963,0.83153527,exodus,verse
shape_PA,153,P27_A13,3,0.00248963,0.8340249,exodus,verse
shape_PA,154,P29_A9,3,0.00248963,0.83651452,exodus,verse
shape_PA,155,P37_A13,3,0.00248963,0.83900415,exodus,verse
shape_PA,156,P25_A7,3,0.00248963,0.84149378,exodus,verse
shape_PA,157,P12_A4,3,0.00248963,0.8439834,exodus,verse
shape_PA,158,P43_A13,2,0.00165975,0.84564315,exodus,verse
shape_PA,159,P47_A19,2,0.00165975,0.8473029,exodus,verse
shape_PA,160,P46_A17,2,0.00165975,0.84896266,exodus,verse
shape_PA,161,P51_A20,2,0.00165975,0.85062241,exodus,verse
shape_PA,162,P54_A19,2,0.00165975,0.85228216,exodus,verse
shape_PA,163,P48_A17,2,0.00165975,0.85394191,exodus,verse
shape_PA,164,P54_A20,2,0.00165975,0.85560166,exodus,verse
shape_PA,165,P18_A5,2,0.00165975,0.85726141,exodus,verse
shape_PA,166,P28_A9,2,0.00165975,0.85892116,exodus,verse
shape_PA,167,P30_A9,2,0.00165975,0.86058091,exodus,verse
shape_PA,168,P52_A19,2,0.00165975,0.86224066,exodus,verse
shape_PA,169,P37_A11,2,0.00165975,0.86390041,exodus,verse
shape_PA,170,P56_A23,2,0.00165975,0.86556017,exodus,verse
shape_PA,171,P17_A9,2,0.00165975,0.86721992,exodus,verse
shape_PA,172,P57_A22,2,0.00165975,0.86887967,exodus,verse
shape_PA,173,P33_A16,2,0.00165975,0.87053942,exodus,verse
shape_PA,174,P41_A18,2,0.00165975,0.87219917,exodus,verse
shape_PA,175,P37_A17,2,0.00165975,0.87385892,exodus,verse
shape_PA,176,P51_A21,2,0.00165975,0.87551867,exodus,verse
shape_PA,177,P48_A21,2,0.00165975,0.87717842,exodus,verse
shape_PA,178,P32_A10,2,0.00165975,0.87883817,exodus,verse
shape_PA,179,P16_A8,2,0.00165975,0.88049793,exodus,verse
shape_PA,180,P49_A18,2,0.00165975,0.88215768,exodus,verse
shape_PA,181,P35_A11,2,0.00165975,0.88381743,exodus,verse
shape_PA,182,P50_A18,2,0.00165975,0.88547718,exodus,verse
shape_PA,183,P35_A16,2,0.00165975,0.88713693,exodus,verse
shape_PA,184,P44_A20,2,0.00165975,0.88879668,exodus,verse
shape_PA,185,P25_A13,2,0.00165975,0.89045643,exodus,verse
shape_PA,186,P26_A8,2,0.00165975,0.89211618,exodus,verse
shape_PA,187,P47_A20,2,0.00165975,0.89377593,exodus,verse
shape_PA,188,P23_A11,2,0.00165975,0.89543568,exodus,verse
shape_PA,189,P8_A3,2,0.00165975,0.89709544,exodus,verse
shape_PA,190,P19_A10,2,0.00165975,0.89875519,exodus,verse
shape_PA,191,P40_A14,2,0.00165975,0.90041494,exodus,verse
shape_PA,192,P39_A12,2,0.00165975,0.90207469,exodus,verse
shape_PA,193,P45_A15,2,0.00165975,0.90373444,exodus,verse
shape_PA,194,P20_A6,2,0.00165975,0.90539419,exodus,verse
shape_PA,195,P41_A17,2,0.00165975,0.90705394,exodus,verse
shape_PA,196,P51_A19,2,0.00165975,0.90871369,exodus,verse
shape_PA,197,P36_A16,2,0.00165975,0.91037344,exodus,verse
shape_PA,198,P24_A7,2,0.00165975,0.9120332,exodus,verse
shape_PA,199,P51_A17,2,0.00165975,0.91369295,exodus,verse
shape_PA,200,P21_A11,1,0.00082988,0.91452282,exodus,verse
shape_PA,201,P10_A3,1,0.00082988,0.9153527,exodus,verse
shape_PA,202,P77_A26,1,0.00082988,0.91618257,exodus,verse
shape_PA,203,P66_A21,1,0.00082988,0.91701245,exodus,verse
shape_PA,204,P64_A25,1,0.00082988,0.91784232,exodus,verse
shape_PA,205,P59_A22,1,0.00082988,0.9186722,exodus,verse
shape_PA,206,P67_A25,1,0.00082988,0.91950207,exodus,verse
shape_PA,207,P47_A14,1,0.00082988,0.92033195,exodus,verse
shape_PA,208,P62_A23,1,0.00082988,0.92116183,exodus,verse
shape_PA,209,P36_A20,1,0.00082988,0.9219917,exodus,verse
shape_PA,210,P48_A22,1,0.00082988,0.92282158,exodus,verse
shape_PA,211,P24_A12,1,0.00082988,0.92365145,exodus,verse
shape_PA,212,P36_A17,1,0.00082988,0.92448133,exodus,verse
shape_PA,213,P40_A19,1,0.00082988,0.9253112,exodus,verse
shape_PA,214,P45_A18,1,0.00082988,0.92614108,exodus,verse
shape_PA,215,P71_A27,1,0.00082988,0.92697095,exodus,verse
shape_PA,216,P52_A14,1,0.00082988,0.92780083,exodus,verse
shape_PA,217,P49_A16,1,0.00082988,0.92863071,exodus,verse
shape_PA,218,P45_A20,1,0.00082988,0.92946058,exodus,verse
shape_PA,219,P43_A19,1,0.00082988,0.93029046,exodus,verse
shape_PA,220,P53_A21,1,0.00082988,0.93112033,exodus,verse
shape_PA,221,P50_A16,1,0.00082988,0.93195021,exodus,verse
shape_PA,222,P44_A19,1,0.00082988,0.93278008,exodus,verse
shape_PA,223,P43_A20,1,0.00082988,0.93360996,exodus,verse
shape_PA,224,P30_A15,1,0.00082988,0.93443983,exodus,verse
shape_PA,225,P48_A20,1,0.00082988,0.93526971,exodus,verse
shape_PA,226,P36_A18,1,0.00082988,0.93609959,exodus,verse
shape_PA,227,P50_A17,1,0.00082988,0.93692946,exodus,verse
shape_PA,228,P22_A6,1,0.00082988,0.93775934,exodus,verse
shape_PA,229,P39_A17,1,0.00082988,0.93858921,exodus,verse
shape_PA,230,P40_A20,1,0.00082988,0.93941909,exodus,verse
shape_PA,231,P66_A24,1,0.00082988,0.94024896,exodus,verse
shape_PA,232,P62_A24,1,0.00082988,0.94107884,exodus,verse
shape_PA,233,P52_A22,1,0.00082988,0.94190871,exodus,verse
shape_PA,234,P17_A10,1,0.00082988,0.94273859,exodus,verse
shape_PA,235,P42_A13,1,0.00082988,0.94356846,exodus,verse
shape_PA,236,P41_A19,1,0.00082988,0.94439834,exodus,verse
shape_PA,237,P22_A12,1,0.00082988,0.94522822,exodus,verse
shape_PA,238,P68_A23,1,0.00082988,0.94605809,exodus,verse
shape_PA,239,P69_A25,1,0.00082988,0.94688797,exodus,verse
shape_PA,240,P64_A23,1,0.00082988,0.94771784,exodus,verse
shape_PA,241,P46_A22,1,0.00082988,0.94854772,exodus,verse
shape_PA,242,P58_A23,1,0.00082988,0.94937759,exodus,verse
shape_PA,243,P45_A22,1,0.00082988,0.95020747,exodus,verse
shape_PA,244,P60_A23,1,0.00082988,0.95103734,exodus,verse
shape_PA,245,P54_A24,1,0.00082988,0.95186722,exodus,verse
shape_PA,246,P37_A12,1,0.00082988,0.9526971,exodus,verse
shape_PA,247,P53_A22,1,0.00082988,0.95352697,exodus,verse
shape_PA,248,P95_A39,1,0.00082988,0.95435685,exodus,verse
shape_PA,249,P121_A44,1,0.00082988,0.95518672,exodus,verse
shape_PA,250,P9_A5,1,0.00082988,0.9560166,exodus,verse
shape_PA,251,P55_A16,1,0.00082988,0.95684647,exodus,verse
shape_PA,252,P22_A11,1,0.00082988,0.95767635,exodus,verse
shape_PA,253,P41_A13,1,0.00082988,0.95850622,exodus,verse
shape_PA,254,P8_A5,1,0.00082988,0.9593361,exodus,verse
shape_PA,255,P10_A5,1,0.00082988,0.96016598,exodus,verse
shape_PA,256,P16_A10,1,0.00082988,0.96099585,exodus,verse
shape_PA,257,P20_A12,1,0.00082988,0.96182573,exodus,verse
shape_PA,258,P38_A18,1,0.00082988,0.9626556,exodus,verse
shape_PA,259,P27_A16,1,0.00082988,0.96348548,exodus,verse
shape_PA,260,P36_A19,1,0.00082988,0.96431535,exodus,verse
shape_PA,261,P33_A15,1,0.00082988,0.96514523,exodus,verse
shape_PA,262,P55_A21,1,0.00082988,0.9659751,exodus,verse
shape_PA,263,P30_A14,1,0.00082988,0.96680498,exodus,verse
shape_PA,264,P42_A12,1,0.00082988,0.96763485,exodus,verse
shape_PA,265,P31_A8,1,0.00082988,0.96846473,exodus,verse
shape_PA,266,P48_A15,1,0.00082988,0.96929461,exodus,verse
shape_PA,267,P46_A19,1,0.00082988,0.97012448,exodus,verse
shape_PA,268,P52_A18,1,0.00082988,0.97095436,exodus,verse
shape_PA,269,P14_A4,1,0.00082988,0.97178423,exodus,verse
shape_PA,270,P40_A13,1,0.00082988,0.97261411,exodus,verse
shape_PA,271,P34_A10,1,0.00082988,0.97344398,exodus,verse
shape_PA,272,P55_A19,1,0.00082988,0.97427386,exodus,verse
shape_PA,273,P48_A16,1,0.00082988,0.97510373,exodus,verse
shape_PA,274,P65_A22,1,0.00082988,0.97593361,exodus,verse
shape_PA,275,P61_A22,1,0.00082988,0.97676349,exodus,verse
shape_PA,276,P43_A14,1,0.00082988,0.97759336,exodus,verse
shape_PA,277,P68_A30,1,0.00082988,0.97842324,exodus,verse
shape_PA,278,P55_A20,1,0.00082988,0.97925311,exodus,verse
shape_PA,279,P68_A24,1,0.00082988,0.98008299,exodus,verse
shape_PA,280,P28_A14,1,0.00082988,0.98091286,exodus,verse
shape_PA,281,P54_A22,1,0.00082988,0.98174274,exodus,verse
shape_PA,282,P36_A10,1,0.00082988,0.98257261,exodus,verse
shape_PA,283,P54_A23,1,0.00082988,0.98340249,exodus,verse
shape_PA,284,P53_A17,1,0.00082988,0.98423237,exodus,verse
shape_PA,285,P80_A31,1,0.00082988,0.98506224,exodus,verse
shape_PA,286,P65_A28,1,0.00082988,0.98589212,exodus,verse
shape_PA,287,P21_A12,1,0.00082988,0.98672199,exodus,verse
shape_PA,288,P38_A11,1,0.00082988,0.98755187,exodus,verse
shape_PA,289,P51_A18,1,0.00082988,0.98838174,exodus,verse
shape_PA,290,P46_A20,1,0.00082988,0.98921162,exodus,verse
shape_PA,291,P32_A9,1,0.00082988,0.99004149,exodus,verse
shape_PA,292,P22_A7,1,0.00082988,0.99087137,exodus,verse
shape_PA,293,P53_A18,1,0.00082988,0.99170124,exodus,verse
shape_PA,294,P50_A21,1,0.00082988,0.99253112,exodus,verse
shape_PA,295,P31_A15,1,0.00082988,0.993361,exodus,verse
shape_PA,296,P33_A10,1,0.00082988,0.99419087,exodus,verse
shape_PA,297,P80_A25,1,0.00082988,0.99502075,exodus,verse
shape_PA,298,P16_A9,1,0.00082988,0.99585062,exodus,verse
shape_PA,299,P56_A20,1,0.00082988,0.9966805,exodus,verse
shape_PA,300,P32_A8,1,0.00082988,0.99751037,exodus,verse
shape_PA,301,P39_A11,1,0.00082988,0.99834025,exodus,verse
shape_PA,302,P17_A5,1,0.00082988,0.99917012,exodus,verse
shape_PA,303,P36_A11,1,0.00082988,1.0,exodus,verse
bucket_PA,1,P25+_A8+,822,0.68215768,0.68215768,exodus,verse
bucket_PA,2,P19-24_A8+,172,0.14273859,0.82489627,exodus,verse
bucket_PA,3,P16-18_A6-7,48,0.03983402,0.86473029,exodus,verse
bucket_PA,4,P19-24_A6-7,42,0.03485477,0.89958506,exodus,verse
bucket_PA,5,P13-15_A5,26,0.02157676,0.92116183,exodus,verse
bucket_PA,6,P13-15_A6-7,22,0.01825726,0.93941909,exodus,verse
bucket_PA,7,P16-18_A8+,19,0.01576763,0.95518672,exodus,verse
bucket_PA,8,P10-12_A4,18,0.01493776,0.97012448,exodus,verse
bucket_PA,9,P10-12_A5,9,0.00746888,0.97759336,exodus,verse
bucket_PA,10,P7-9_A4,8,0.006639,0.98423237,exodus,verse
bucket_PA,11,P16-18_A5,7,0.00580913,0.99004149,exodus,verse
bucket_PA,12,P1-4_A2,3,0.00248963,0.99253112,exodus,verse
bucket_PA,13,P25+_A6-7,3,0.00248963,0.99502075,exodus,verse
bucket_PA,14,P7-9_A5,2,0.00165975,0.9966805,exodus,verse
bucket_PA,15,P7-9_A3,2,0.00165975,0.99834025,exodus,verse
bucket_PA,16,P10-12_A3,1,0.00082988,0.99917012,exodus,verse
bucket_PA,17,P13-15_A4,1,0.00082988,1.0,exodus,verse
shape_PAW,1,P11_A4_W5,11,0.00912863,0.00912863,exodus,verse
shape_PAW,2,P20_A8_W9,10,0.00829876,0.01742739,exodus,verse
shape_PAW,3,P14_A5_W5,8,0.006639,0.02406639,exodus,verse
shape_PAW,4,P23_A10_W10,8,0.006639,0.03070539,exodus,verse
shape_PAW,5,P15_A6_W7,7,0.00580913,0.03651452,exodus,verse
shape_PAW,6,P28_A11_W12,7,0.00580913,0.04232365,exodus,verse
shape_PAW,7,P27_A10_W12,7,0.00580913,0.04813278,exodus,verse
shape_PAW,8,P24_A10_W11,7,0.00580913,0.05394191,exodus,verse
shape_PAW,9,P17_A7_W7,6,0.00497925,0.05892116,exodus,verse
shape_PAW,10,P32_A13_W13,6,0.00497925,0.06390041,exodus,verse
shape_PAW,11,P32_A13_W16,6,0.00497925,0.06887967,exodus,verse
shape_PAW,12,P17_A6_W6,6,0.00497925,0.07385892,exodus,verse
shape_PAW,13,P19_A7_W8,6,0.00497925,0.07883817,exodus,verse
shape_PAW,14,P30_A13_W14,6,0.00497925,0.08381743,exodus,verse
shape_PAW,15,P13_A5_W5,6,0.00497925,0.08879668,exodus,verse
shape_PAW,16,P26_A11_W13,6,0.00497925,0.09377593,exodus,verse
shape_PAW,17,P32_A14_W15,6,0.00497925,0.09875519,exodus,verse
shape_PAW,18,P23_A9_W11,6,0.00497925,0.10373444,exodus,verse
shape_PAW,19,P25_A10_W10,6,0.00497925,0.10871369,exodus,verse
shape_PAW,20,P28_A11_W13,5,0.00414938,0.11286307,exodus,verse
shape_PAW,21,P40_A16_W19,5,0.00414938,0.11701245,exodus,verse
shape_PAW,22,P27_A11_W13,5,0.00414938,0.12116183,exodus,verse
shape_PAW,23,P20_A8_W10,5,0.00414938,0.1253112,exodus,verse
shape_PAW,24,P18_A7_W8,5,0.00414938,0.12946058,exodus,verse
shape_PAW,25,P23_A10_W11,5,0.00414938,0.13360996,exodus,verse
shape_PAW,26,P30_A12_W14,5,0.00414938,0.13775934,exodus,verse
shape_PAW,27,P28_A12_W12,5,0.00414938,0.14190871,exodus,verse
shape_PAW,28,P22_A10_W10,5,0.00414938,0.14605809,exodus,verse
shape_PAW,29,P29_A12_W12,5,0.00414938,0.15020747,exodus,verse
shape_PAW,30,P26_A10_W12,5,0.00414938,0.15435685,exodus,verse
shape_PAW,31,P29_A12_W13,5,0.00414938,0.15850622,exodus,verse
shape_PAW,32,P17_A7_W8,5,0.00414938,0.1626556,exodus,verse
shape_PAW,33,P23_A9_W9,5,0.00414938,0.16680498,exodus,verse
shape_PAW,34,P19_A9_W10,4,0.0033195,0.17012448,exodus,verse
shape_PAW,35,P27_A12_W12,4,0.0033195,0.17344398,exodus,verse
shape_PAW,36,P19_A8_W9,4,0.0033195,0.17676349,exodus,verse
shape_PAW,37,P16_A6_W7,4,0.0033195,0.18008299,exodus,verse
shape_PAW,38,P24_A11_W12,4,0.0033195,0.18340249,exodus,verse
shape_PAW,39,P34_A11_W12,4,0.0033195,0.18672199,exodus,verse
shape_PAW,40,P21_A8_W9,4,0.0033195,0.19004149,exodus,verse
shape_PAW,41,P29_A13_W14,4,0.0033195,0.193361,exodus,verse
shape_PAW,42,P16_A7_W7,4,0.0033195,0.1966805,exodus,verse
shape_PAW,43,P39_A16_W18,4,0.0033195,0.2,exodus,verse
shape_PAW,44,P32_A12_W13,4,0.0033195,0.2033195,exodus,verse
shape_PAW,45,P23_A9_W10,4,0.0033195,0.206639,exodus,verse
shape_PAW,46,P24_A9_W10,4,0.0033195,0.20995851,exodus,verse
shape_PAW,47,P22_A9_W10,4,0.0033195,0.21327801,exodus,verse
shape_PAW,48,P34_A12_W15,4,0.0033195,0.21659751,exodus,verse
shape_PAW,49,P19_A9_W9,4,0.0033195,0.21991701,exodus,verse
shape_PAW,50,P21_A9_W9,4,0.0033195,0.22323651,exodus,verse
shape_PAW,51,P39_A16_W17,4,0.0033195,0.22655602,exodus,verse
shape_PAW,52,P22_A9_W9,4,0.0033195,0.22987552,exodus,verse
shape_PAW,53,P18_A7_W7,4,0.0033195,0.23319502,exodus,verse
shape_PAW,54,P25_A8_W11,4,0.0033195,0.23651452,exodus,verse
shape_PAW,55,P25_A11_W11,4,0.0033195,0.23983402,exodus,verse
shape_PAW,56,P37_A15_W16,4,0.0033195,0.24315353,exodus,verse
shape_PAW,57,P22_A8_W10,4,0.0033195,0.24647303,exodus,verse
shape_PAW,58,P31_A11_W13,4,0.0033195,0.24979253,exodus,verse
shape_PAW,59,P31_A13_W16,4,0.0033195,0.25311203,exodus,verse
shape_PAW,60,P30_A11_W13,4,0.0033195,0.25643154,exodus,verse
shape_PAW,61,P31_A11_W14,4,0.0033195,0.25975104,exodus,verse
shape_PAW,62,P25_A9_W9,4,0.0033195,0.26307054,exodus,verse
shape_PAW,63,P9_A4_W4,3,0.00248963,0.26556017,exodus,verse
shape_PAW,64,P8_A4_W4,3,0.00248963,0.26804979,exodus,verse
shape_PAW,65,P28_A11_W11,3,0.00248963,0.27053942,exodus,verse
shape_PAW,66,P22_A9_W11,3,0.00248963,0.27302905,exodus,verse
shape_PAW,67,P37_A15_W17,3,0.00248963,0.27551867,exodus,verse
shape_PAW,68,P42_A17_W19,3,0.00248963,0.2780083,exodus,verse
shape_PAW,69,P21_A8_W10,3,0.00248963,0.28049793,exodus,verse
shape_PAW,70,P26_A12_W12,3,0.00248963,0.28298755,exodus,verse
shape_PAW,71,P26_A12_W13,3,0.00248963,0.28547718,exodus,verse
shape_PAW,72,P39_A16_W16,3,0.00248963,0.2879668,exodus,verse
shape_PAW,73,P33_A12_W14,3,0.00248963,0.29045643,exodus,verse
shape_PAW,74,P32_A13_W15,3,0.00248963,0.29294606,exodus,verse
shape_PAW,75,P29_A12_W14,3,0.00248963,0.29543568,exodus,verse
shape_PAW,76,P29_A14_W14,3,0.00248963,0.29792531,exodus,verse
shape_PAW,77,P33_A14_W15,3,0.00248963,0.30041494,exodus,verse
shape_PAW,78,P44_A18_W21,3,0.00248963,0.30290456,exodus,verse
shape_PAW,79,P29_A11_W13,3,0.00248963,0.30539419,exodus,verse
shape_PAW,80,P30_A12_W13,3,0.00248963,0.30788382,exodus,verse
shape_PAW,81,P29_A11_W14,3,0.00248963,0.31037344,exodus,verse
shape_PAW,82,P33_A13_W16,3,0.00248963,0.31286307,exodus,verse
shape_PAW,83,P31_A12_W13,3,0.00248963,0.3153527,exodus,verse
shape_PAW,84,P38_A17_W18,3,0.00248963,0.31784232,exodus,verse
shape_PAW,85,P31_A11_W12,3,0.00248963,0.32033195,exodus,verse
shape_PAW,86,P35_A13_W16,3,0.00248963,0.32282158,exodus,verse
shape_PAW,87,P28_A12_W13,3,0.00248963,0.3253112,exodus,verse
shape_PAW,88,P15_A7_W8,3,0.00248963,0.32780083,exodus,verse
shape_PAW,89,P43_A16_W19,3,0.00248963,0.33029046,exodus,verse
shape_PAW,90,P38_A14_W14,3,0.00248963,0.33278008,exodus,verse
shape_PAW,91,P23_A10_W12,3,0.00248963,0.33526971,exodus,verse
shape_PAW,92,P34_A15_W17,3,0.00248963,0.33775934,exodus,verse
shape_PAW,93,P17_A8_W9,3,0.00248963,0.34024896,exodus,verse
shape_PAW,94,P26_A11_W11,3,0.00248963,0.34273859,exodus,verse
shape_PAW,95,P41_A16_W19,3,0.00248963,0.34522822,exodus,verse
shape_PAW,96,P38_A13_W14,3,0.00248963,0.34771784,exodus,verse
shape_PAW,97,P26_A11_W12,3,0.00248963,0.35020747,exodus,verse
shape_PAW,98,P26_A9_W11,3,0.00248963,0.3526971,exodus,verse
shape_PAW,99,P37_A16_W17,3,0.00248963,0.35518672,exodus,verse
shape_PAW,100,P11_A5_W5,3,0.00248963,0.35767635,exodus,verse
shape_PAW,101,P13_A5_W7,3,0.00248963,0.36016598,exodus,verse
shape_PAW,102,P35_A14_W16,3,0.00248963,0.3626556,exodus,verse
shape_PAW,103,P30_A11_W11,3,0.00248963,0.36514523,exodus,verse
shape_PAW,104,P36_A14_W17,3,0.00248963,0.36763485,exodus,verse
shape_PAW,105,P30_A12_W12,3,0.00248963,0.37012448,exodus,verse
shape_PAW,106,P26_A9_W9,3,0.00248963,0.37261411,exodus,verse
shape_PAW,107,P3_A2_W2,3,0.00248963,0.37510373,exodus,verse
shape_PAW,108,P31_A13_W14,3,0.00248963,0.37759336,exodus,verse
shape_PAW,109,P14_A5_W6,3,0.00248963,0.38008299,exodus,verse
shape_PAW,110,P12_A5_W5,3,0.00248963,0.38257261,exodus,verse
shape_PAW,111,P41_A15_W19,3,0.00248963,0.38506224,exodus,verse
shape_PAW,112,P53_A19_W20,3,0.00248963,0.38755187,exodus,verse
shape_PAW,113,P21_A6_W6,3,0.00248963,0.39004149,exodus,verse
shape_PAW,114,P50_A20_W21,3,0.00248963,0.39253112,exodus,verse
shape_PAW,115,P37_A13_W15,3,0.00248963,0.39502075,exodus,verse
shape_PAW,116,P24_A9_W12,3,0.00248963,0.39751037,exodus,verse
shape_PAW,117,P12_A4_W5,3,0.00248963,0.4,exodus,verse
shape_PAW,118,P24_A9_W11,3,0.00248963,0.40248963,exodus,verse
shape_PAW,119,P25_A10_W11,2,0.00165975,0.40414938,exodus,verse
shape_PAW,120,P19_A8_W10,2,0.00165975,0.40580913,exodus,verse
shape_PAW,121,P41_A14_W19,2,0.00165975,0.40746888,exodus,verse
shape_PAW,122,P36_A13_W15,2,0.00165975,0.40912863,exodus,verse
shape_PAW,123,P36_A12_W14,2,0.00165975,0.41078838,exodus,verse
shape_PAW,124,P43_A16_W17,2,0.00165975,0.41244813,exodus,verse
shape_PAW,125,P45_A17_W20,2,0.00165975,0.41410788,exodus,verse
shape_PAW,126,P34_A13_W16,2,0.00165975,0.41576763,exodus,verse
shape_PAW,127,P38_A14_W16,2,0.00165975,0.41742739,exodus,verse
shape_PAW,128,P25_A11_W13,2,0.00165975,0.41908714,exodus,verse
shape_PAW,129,P34_A15_W15,2,0.00165975,0.42074689,exodus,verse
shape_PAW,130,P33_A14_W17,2,0.00165975,0.42240664,exodus,verse
shape_PAW,131,P46_A17_W18,2,0.00165975,0.42406639,exodus,verse
shape_PAW,132,P40_A15_W18,2,0.00165975,0.42572614,exodus,verse
shape_PAW,133,P25_A9_W11,2,0.00165975,0.42738589,exodus,verse
shape_PAW,134,P51_A20_W23,2,0.00165975,0.42904564,exodus,verse
shape_PAW,135,P34_A14_W15,2,0.00165975,0.43070539,exodus,verse
shape_PAW,136,P36_A12_W15,2,0.00165975,0.43236515,exodus,verse
shape_PAW,137,P30_A10_W10,2,0.00165975,0.4340249,exodus,verse
shape_PAW,138,P37_A14_W15,2,0.00165975,0.43568465,exodus,verse
shape_PAW,139,P37_A14_W14,2,0.00165975,0.4373444,exodus,verse
shape_PAW,140,P33_A11_W14,2,0.00165975,0.43900415,exodus,verse
shape_PAW,141,P14_A6_W7,2,0.00165975,0.4406639,exodus,verse
shape_PAW,142,P37_A14_W17,2,0.00165975,0.44232365,exodus,verse
shape_PAW,143,P20_A7_W10,2,0.00165975,0.4439834,exodus,verse
shape_PAW,144,P54_A19_W24,2,0.00165975,0.44564315,exodus,verse
shape_PAW,145,P23_A7_W7,2,0.00165975,0.4473029,exodus,verse
shape_PAW,146,P19_A7_W9,2,0.00165975,0.44896266,exodus,verse
shape_PAW,147,P28_A11_W14,2,0.00165975,0.45062241,exodus,verse
shape_PAW,148,P31_A13_W15,2,0.00165975,0.45228216,exodus,verse
shape_PAW,149,P27_A10_W11,2,0.00165975,0.45394191,exodus,verse
shape_PAW,150,P35_A13_W13,2,0.00165975,0.45560166,exodus,verse
shape_PAW,151,P28_A12_W14,2,0.00165975,0.45726141,exodus,verse
shape_PAW,152,P21_A9_W11,2,0.00165975,0.45892116,exodus,verse
shape_PAW,153,P42_A16_W20,2,0.00165975,0.46058091,exodus,verse
shape_PAW,154,P33_A13_W13,2,0.00165975,0.46224066,exodus,verse
shape_PAW,155,P43_A18_W20,2,0.00165975,0.46390041,exodus,verse
shape_PAW,156,P46_A16_W19,2,0.00165975,0.46556017,exodus,verse
shape_PAW,157,P48_A18_W20,2,0.00165975,0.46721992,exodus,verse
shape_PAW,158,P43_A15_W18,2,0.00165975,0.46887967,exodus,verse
shape_PAW,159,P56_A21_W24,2,0.00165975,0.47053942,exodus,verse
shape_PAW,160,P23_A8_W11,2,0.00165975,0.47219917,exodus,verse
shape_PAW,161,P25_A8_W10,2,0.00165975,0.47385892,exodus,verse
shape_PAW,162,P48_A19_W20,2,0.00165975,0.47551867,exodus,verse
shape_PAW,163,P21_A10_W10,2,0.00165975,0.47717842,exodus,verse
shape_PAW,164,P36_A14_W16,2,0.00165975,0.47883817,exodus,verse
shape_PAW,165,P30_A13_W16,2,0.00165975,0.48049793,exodus,verse
shape_PAW,166,P38_A13_W17,2,0.00165975,0.48215768,exodus,verse
shape_PAW,167,P35_A13_W14,2,0.00165975,0.48381743,exodus,verse
shape_PAW,168,P26_A9_W13,2,0.00165975,0.48547718,exodus,verse
shape_PAW,169,P17_A9_W10,2,0.00165975,0.48713693,exodus,verse
shape_PAW,170,P23_A8_W8,2,0.00165975,0.48879668,exodus,verse
shape_PAW,171,P38_A14_W17,2,0.00165975,0.49045643,exodus,verse
shape_PAW,172,P33_A16_W16,2,0.00165975,0.49211618,exodus,verse
shape_PAW,173,P13_A5_W6,2,0.00165975,0.49377593,exodus,verse
shape_PAW,174,P42_A15_W15,2,0.00165975,0.49543568,exodus,verse
shape_PAW,175,P48_A21_W23,2,0.00165975,0.49709544,exodus,verse
shape_PAW,176,P40_A17_W18,2,0.00165975,0.49875519,exodus,verse
shape_PAW,177,P20_A7_W8,2,0.00165975,0.50041494,exodus,verse
shape_PAW,178,P46_A18_W21,2,0.00165975,0.50207469,exodus,verse
shape_PAW,179,P36_A15_W16,2,0.00165975,0.50373444,exodus,verse
shape_PAW,180,P9_A4_W5,2,0.00165975,0.50539419,exodus,verse
shape_PAW,181,P24_A10_W13,2,0.00165975,0.50705394,exodus,verse
shape_PAW,182,P31_A14_W15,2,0.00165975,0.50871369,exodus,verse
shape_PAW,183,P46_A18_W19,2,0.00165975,0.51037344,exodus,verse
shape_PAW,184,P19_A6_W7,2,0.00165975,0.5120332,exodus,verse
shape_PAW,185,P32_A12_W14,2,0.00165975,0.51369295,exodus,verse
shape_PAW,186,P45_A19_W22,2,0.00165975,0.5153527,exodus,verse
shape_PAW,187,P42_A14_W17,2,0.00165975,0.51701245,exodus,verse
shape_PAW,188,P49_A18_W21,2,0.00165975,0.5186722,exodus,verse
shape_PAW,189,P27_A8_W9,2,0.00165975,0.52033195,exodus,verse
shape_PAW,190,P16_A5_W6,2,0.00165975,0.5219917,exodus,verse
shape_PAW,191,P21_A8_W8,2,0.00165975,0.52365145,exodus,verse
shape_PAW,192,P36_A15_W17,2,0.00165975,0.5253112,exodus,verse
shape_PAW,193,P43_A18_W19,2,0.00165975,0.52697095,exodus,verse
shape_PAW,194,P35_A12_W17,2,0.00165975,0.52863071,exodus,verse
shape_PAW,195,P41_A16_W18,2,0.00165975,0.53029046,exodus,verse
shape_PAW,196,P49_A19_W23,2,0.00165975,0.53195021,exodus,verse
shape_PAW,197,P50_A18_W22,2,0.00165975,0.53360996,exodus,verse
shape_PAW,198,P23_A8_W10,2,0.00165975,0.53526971,exodus,verse
shape_PAW,199,P27_A12_W13,2,0.00165975,0.53692946,exodus,verse
shape_PAW,200,P43_A17_W18,2,0.00165975,0.53858921,exodus,verse
shape_PAW,201,P26_A9_W10,2,0.00165975,0.54024896,exodus,verse
shape_PAW,202,P45_A16_W19,2,0.00165975,0.54190871,exodus,verse
shape_PAW,203,P33_A14_W14,2,0.00165975,0.54356846,exodus,verse
shape_PAW,204,P56_A21_W23,2,0.00165975,0.54522822,exodus,verse
shape_PAW,205,P44_A17_W19,2,0.00165975,0.54688797,exodus,verse
shape_PAW,206,P20_A10_W11,2,0.00165975,0.54854772,exodus,verse
shape_PAW,207,P44_A18_W20,2,0.00165975,0.55020747,exodus,verse
shape_PAW,208,P25_A13_W13,2,0.00165975,0.55186722,exodus,verse
shape_PAW,209,P20_A9_W10,2,0.00165975,0.55352697,exodus,verse
shape_PAW,210,P34_A12_W17,2,0.00165975,0.55518672,exodus,verse
shape_PAW,211,P33_A13_W14,2,0.00165975,0.55684647,exodus,verse
shape_PAW,212,P34_A13_W17,2,0.00165975,0.55850622,exodus,verse
shape_PAW,213,P30_A13_W15,2,0.00165975,0.56016598,exodus,verse
shape_PAW,214,P21_A8_W11,2,0.00165975,0.56182573,exodus,verse
shape_PAW,215,P27_A11_W11,2,0.00165975,0.56348548,exodus,verse
shape_PAW,216,P29_A12_W15,2,0.00165975,0.56514523,exodus,verse
shape_PAW,217,P32_A15_W15,2,0.00165975,0.56680498,exodus,verse
shape_PAW,218,P20_A10_W10,2,0.00165975,0.56846473,exodus,verse
shape_PAW,219,P27_A12_W14,2,0.00165975,0.57012448,exodus,verse
shape_PAW,220,P34_A15_W16,2,0.00165975,0.57178423,exodus,verse
shape_PAW,221,P8_A3_W3,2,0.00165975,0.57344398,exodus,verse
shape_PAW,222,P15_A6_W6,2,0.00165975,0.57510373,exodus,verse
shape_PAW,223,P10_A4_W5,2,0.00165975,0.57676349,exodus,verse
shape_PAW,224,P32_A16_W16,2,0.00165975,0.57842324,exodus,verse
shape_PAW,225,P14_A7_W7,2,0.00165975,0.58008299,exodus,verse
shape_PAW,226,P27_A13_W13,2,0.00165975,0.58174274,exodus,verse
shape_PAW,227,P40_A14_W14,2,0.00165975,0.58340249,exodus,verse
shape_PAW,228,P39_A14_W15,2,0.00165975,0.58506224,exodus,verse
shape_PAW,229,P34_A12_W14,2,0.00165975,0.58672199,exodus,verse
shape_PAW,230,P22_A8_W9,2,0.00165975,0.58838174,exodus,verse
shape_PAW,231,P33_A12_W13,2,0.00165975,0.59004149,exodus,verse
shape_PAW,232,P25_A11_W12,2,0.00165975,0.59170124,exodus,verse
shape_PAW,233,P26_A10_W11,2,0.00165975,0.593361,exodus,verse
shape_PAW,234,P20_A8_W8,2,0.00165975,0.59502075,exodus,verse
shape_PAW,235,P28_A13_W14,2,0.00165975,0.5966805,exodus,verse
shape_PAW,236,P16_A6_W6,2,0.00165975,0.59834025,exodus,verse
shape_PAW,237,P25_A8_W9,2,0.00165975,0.6,exodus,verse
shape_PAW,238,P34_A12_W12,2,0.00165975,0.60165975,exodus,verse
shape_PAW,239,P39_A14_W14,2,0.00165975,0.6033195,exodus,verse
shape_PAW,240,P41_A16_W16,2,0.00165975,0.60497925,exodus,verse
shape_PAW,241,P33_A13_W17,2,0.00165975,0.606639,exodus,verse
shape_PAW,242,P17_A6_W7,2,0.00165975,0.60829876,exodus,verse
shape_PAW,243,P19_A6_W6,2,0.00165975,0.60995851,exodus,verse
shape_PAW,244,P21_A7_W9,2,0.00165975,0.61161826,exodus,verse
shape_PAW,245,P29_A10_W11,2,0.00165975,0.61327801,exodus,verse
shape_PAW,246,P40_A17_W17,2,0.00165975,0.61493776,exodus,verse
shape_PAW,247,P35_A14_W17,2,0.00165975,0.61659751,exodus,verse
shape_PAW,248,P21_A9_W10,2,0.00165975,0.61825726,exodus,verse
shape_PAW,249,P29_A10_W13,2,0.00165975,0.61991701,exodus,verse
shape_PAW,250,P36_A16_W17,2,0.00165975,0.62157676,exodus,verse
shape_PAW,251,P25_A7_W10,2,0.00165975,0.62323651,exodus,verse
shape_PAW,252,P30_A13_W13,2,0.00165975,0.62489627,exodus,verse
shape_PAW,253,P38_A17_W17,2,0.00165975,0.62655602,exodus,verse
shape_PAW,254,P18_A8_W8,2,0.00165975,0.62821577,exodus,verse
shape_PAW,255,P38_A15_W17,2,0.00165975,0.62987552,exodus,verse
shape_PAW,256,P22_A10_W11,2,0.00165975,0.63153527,exodus,verse
shape_PAW,257,P16_A7_W8,2,0.00165975,0.63319502,exodus,verse
shape_PAW,258,P23_A7_W8,2,0.00165975,0.63485477,exodus,verse
shape_PAW,259,P45_A16_W16,2,0.00165975,0.63651452,exodus,verse
shape_PAW,260,P50_A19_W20,2,0.00165975,0.63817427,exodus,verse
shape_PAW,261,P38_A15_W18,2,0.00165975,0.63983402,exodus,verse
shape_PAW,262,P29_A13_W16,2,0.00165975,0.64149378,exodus,verse
shape_PAW,263,P29_A11_W12,2,0.00165975,0.64315353,exodus,verse
shape_PAW,264,P34_A13_W15,2,0.00165975,0.64481328,exodus,verse
shape_PAW,265,P24_A9_W9,2,0.00165975,0.64647303,exodus,verse
shape_PAW,266,P18_A9_W9,2,0.00165975,0.64813278,exodus,verse
shape_PAW,267,P21_A11_W11,1,0.00082988,0.64896266,exodus,verse
shape_PAW,268,P10_A3_W3,1,0.00082988,0.64979253,exodus,verse
shape_PAW,269,P24_A11_W11,1,0.00082988,0.65062241,exodus,verse
shape_PAW,270,P15_A5_W6,1,0.00082988,0.65145228,exodus,verse
shape_PAW,271,P43_A13_W17,1,0.00082988,0.65228216,exodus,verse
shape_PAW,272,P32_A12_W16,1,0.00082988,0.65311203,exodus,verse
shape_PAW,273,P35_A12_W13,1,0.00082988,0.65394191,exodus,verse
shape_PAW,274,P30_A10_W13,1,0.00082988,0.65477178,exodus,verse
shape_PAW,275,P15_A6_W8,1,0.00082988,0.65560166,exodus,verse
shape_PAW,276,P77_A26_W33,1,0.00082988,0.65643154,exodus,verse
shape_PAW,277,P42_A15_W18,1,0.00082988,0.65726141,exodus,verse
shape_PAW,278,P47_A19_W20,1,0.00082988,0.65809129,exodus,verse
shape_PAW,279,P47_A16_W19,1,0.00082988,0.65892116,exodus,verse
shape_PAW,280,P31_A10_W14,1,0.00082988,0.65975104,exodus,verse
shape_PAW,281,P35_A15_W16,1,0.00082988,0.66058091,exodus,verse
shape_PAW,282,P66_A21_W25,1,0.00082988,0.66141079,exodus,verse
shape_PAW,283,P31_A12_W15,1,0.00082988,0.66224066,exodus,verse
shape_PAW,284,P42_A17_W20,1,0.00082988,0.66307054,exodus,verse
shape_PAW,285,P64_A25_W28,1,0.00082988,0.66390041,exodus,verse
shape_PAW,286,P59_A22_W24,1,0.00082988,0.66473029,exodus,verse
shape_PAW,287,P47_A16_W18,1,0.00082988,0.66556017,exodus,verse
shape_PAW,288,P67_A25_W26,1,0.00082988,0.66639004,exodus,verse
shape_PAW,289,P47_A14_W18,1,0.00082988,0.66721992,exodus,verse
shape_PAW,290,P34_A16_W16,1,0.00082988,0.66804979,exodus,verse
shape_PAW,291,P62_A23_W25,1,0.00082988,0.66887967,exodus,verse
shape_PAW,292,P49_A21_W25,1,0.00082988,0.66970954,exodus,verse
shape_PAW,293,P36_A20_W20,1,0.00082988,0.67053942,exodus,verse
shape_PAW,294,P54_A21_W22,1,0.00082988,0.67136929,exodus,verse
shape_PAW,295,P26_A12_W14,1,0.00082988,0.67219917,exodus,verse
shape_PAW,296,P31_A11_W15,1,0.00082988,0.67302905,exodus,verse
shape_PAW,297,P41_A15_W18,1,0.00082988,0.67385892,exodus,verse
shape_PAW,298,P36_A13_W14,1,0.00082988,0.6746888,exodus,verse
shape_PAW,299,P39_A16_W19,1,0.00082988,0.67551867,exodus,verse
shape_PAW,300,P49_A19_W19,1,0.00082988,0.67634855,exodus,verse
shape_PAW,301,P48_A22_W24,1,0.00082988,0.67717842,exodus,verse
shape_PAW,302,P21_A6_W10,1,0.00082988,0.6780083,exodus,verse
shape_PAW,303,P24_A12_W12,1,0.00082988,0.67883817,exodus,verse
shape_PAW,304,P48_A17_W18,1,0.00082988,0.67966805,exodus,verse
shape_PAW,305,P41_A16_W17,1,0.00082988,0.68049793,exodus,verse
shape_PAW,306,P54_A20_W20,1,0.00082988,0.6813278,exodus,verse
shape_PAW,307,P43_A17_W17,1,0.00082988,0.68215768,exodus,verse
shape_PAW,308,P48_A17_W19,1,0.00082988,0.68298755,exodus,verse
shape_PAW,309,P36_A17_W17,1,0.00082988,0.68381743,exodus,verse
shape_PAW,310,P39_A15_W15,1,0.00082988,0.6846473,exodus,verse
shape_PAW,311,P24_A8_W8,1,0.00082988,0.68547718,exodus,verse
shape_PAW,312,P42_A14_W20,1,0.00082988,0.68630705,exodus,verse
shape_PAW,313,P22_A8_W8,1,0.00082988,0.68713693,exodus,verse
shape_PAW,314,P37_A15_W18,1,0.00082988,0.6879668,exodus,verse
shape_PAW,315,P25_A9_W12,1,0.00082988,0.68879668,exodus,verse
shape_PAW,316,P27_A9_W12,1,0.00082988,0.68962656,exodus,verse
shape_PAW,317,P40_A19_W19,1,0.00082988,0.69045643,exodus,verse
shape_PAW,318,P31_A10_W12,1,0.00082988,0.69128631,exodus,verse
shape_PAW,319,P27_A9_W10,1,0.00082988,0.69211618,exodus,verse
shape_PAW,320,P45_A18_W20,1,0.00082988,0.69294606,exodus,verse
shape_PAW,321,P71_A27_W33,1,0.00082988,0.69377593,exodus,verse
shape_PAW,322,P41_A14_W18,1,0.00082988,0.69460581,exodus,verse
shape_PAW,323,P35_A12_W14,1,0.00082988,0.69543568,exodus,verse
shape_PAW,324,P19_A7_W10,1,0.00082988,0.69626556,exodus,verse
shape_PAW,325,P19_A6_W8,1,0.00082988,0.69709544,exodus,verse
shape_PAW,326,P52_A14_W15,1,0.00082988,0.69792531,exodus,verse
shape_PAW,327,P18_A5_W6,1,0.00082988,0.69875519,exodus,verse
shape_PAW,328,P49_A16_W23,1,0.00082988,0.69958506,exodus,verse
shape_PAW,329,P46_A15_W17,1,0.00082988,0.70041494,exodus,verse
shape_PAW,330,P47_A17_W17,1,0.00082988,0.70124481,exodus,verse
shape_PAW,331,P28_A9_W9,1,0.00082988,0.70207469,exodus,verse
shape_PAW,332,P32_A12_W15,1,0.00082988,0.70290456,exodus,verse
shape_PAW,333,P30_A9_W12,1,0.00082988,0.70373444,exodus,verse
shape_PAW,334,P52_A19_W23,1,0.00082988,0.70456432,exodus,verse
shape_PAW,335,P37_A11_W13,1,0.00082988,0.70539419,exodus,verse
shape_PAW,336,P45_A20_W21,1,0.00082988,0.70622407,exodus,verse
shape_PAW,337,P25_A9_W10,1,0.00082988,0.70705394,exodus,verse
shape_PAW,338,P43_A19_W20,1,0.00082988,0.70788382,exodus,verse
shape_PAW,339,P29_A11_W11,1,0.00082988,0.70871369,exodus,verse
shape_PAW,340,P43_A15_W16,1,0.00082988,0.70954357,exodus,verse
shape_PAW,341,P56_A23_W26,1,0.00082988,0.71037344,exodus,verse
shape_PAW,342,P19_A9_W11,1,0.00082988,0.71120332,exodus,verse
shape_PAW,343,P39_A15_W18,1,0.00082988,0.7120332,exodus,verse
shape_PAW,344,P38_A14_W15,1,0.00082988,0.71286307,exodus,verse
shape_PAW,345,P47_A18_W20,1,0.00082988,0.71369295,exodus,verse
shape_PAW,346,P34_A14_W17,1,0.00082988,0.71452282,exodus,verse
shape_PAW,347,P53_A21_W23,1,0.00082988,0.7153527,exodus,verse
shape_PAW,348,P27_A9_W13,1,0.00082988,0.71618257,exodus,verse
shape_PAW,349,P50_A16_W24,1,0.00082988,0.71701245,exodus,verse
shape_PAW,350,P45_A17_W23,1,0.00082988,0.71784232,exodus,verse
shape_PAW,351,P44_A19_W22,1,0.00082988,0.7186722,exodus,verse
shape_PAW,352,P39_A16_W20,1,0.00082988,0.71950207,exodus,verse
shape_PAW,353,P43_A15_W19,1,0.00082988,0.72033195,exodus,verse
shape_PAW,354,P46_A18_W20,1,0.00082988,0.72116183,exodus,verse
shape_PAW,355,P48_A18_W25,1,0.00082988,0.7219917,exodus,verse
shape_PAW,356,P57_A22_W25,1,0.00082988,0.72282158,exodus,verse
shape_PAW,357,P49_A19_W22,1,0.00082988,0.72365145,exodus,verse
shape_PAW,358,P43_A13_W14,1,0.00082988,0.72448133,exodus,verse
shape_PAW,359,P32_A16_W17,1,0.00082988,0.7253112,exodus,verse
shape_PAW,360,P47_A18_W24,1,0.00082988,0.72614108,exodus,verse
shape_PAW,361,P48_A19_W24,1,0.00082988,0.72697095,exodus,verse
shape_PAW,362,P43_A20_W22,1,0.00082988,0.72780083,exodus,verse
shape_PAW,363,P54_A21_W29,1,0.00082988,0.72863071,exodus,verse
shape_PAW,364,P29_A10_W10,1,0.00082988,0.72946058,exodus,verse
shape_PAW,365,P39_A18_W19,1,0.00082988,0.73029046,exodus,verse
shape_PAW,366,P33_A12_W15,1,0.00082988,0.73112033,exodus,verse
shape_PAW,367,P32_A11_W14,1,0.00082988,0.73195021,exodus,verse
shape_PAW,368,P28_A10_W11,1,0.00082988,0.73278008,exodus,verse
shape_PAW,369,P49_A20_W24,1,0.00082988,0.73360996,exodus,verse
shape_PAW,370,P30_A15_W16,1,0.00082988,0.73443983,exodus,verse
shape_PAW,371,P48_A20_W23,1,0.00082988,0.73526971,exodus,verse
shape_PAW,372,P28_A13_W15,1,0.00082988,0.73609959,exodus,verse
shape_PAW,373,P36_A18_W19,1,0.00082988,0.73692946,exodus,verse
shape_PAW,374,P41_A18_W19,1,0.00082988,0.73775934,exodus,verse
shape_PAW,375,P47_A17_W22,1,0.00082988,0.73858921,exodus,verse
shape_PAW,376,P32_A15_W17,1,0.00082988,0.73941909,exodus,verse
shape_PAW,377,P23_A9_W12,1,0.00082988,0.74024896,exodus,verse
shape_PAW,378,P37_A17_W17,1,0.00082988,0.74107884,exodus,verse
shape_PAW,379,P32_A11_W15,1,0.00082988,0.74190871,exodus,verse
shape_PAW,380,P30_A11_W16,1,0.00082988,0.74273859,exodus,verse
shape_PAW,381,P50_A17_W20,1,0.00082988,0.74356846,exodus,verse
shape_PAW,382,P51_A21_W22,1,0.00082988,0.74439834,exodus,verse
shape_PAW,383,P49_A19_W24,1,0.00082988,0.74522822,exodus,verse
shape_PAW,384,P54_A20_W25,1,0.00082988,0.74605809,exodus,verse
shape_PAW,385,P52_A19_W24,1,0.00082988,0.74688797,exodus,verse
shape_PAW,386,P22_A6_W9,1,0.00082988,0.74771784,exodus,verse
shape_PAW,387,P49_A21_W23,1,0.00082988,0.74854772,exodus,verse
shape_PAW,388,P39_A17_W19,1,0.00082988,0.74937759,exodus,verse
shape_PAW,389,P32_A10_W12,1,0.00082988,0.75020747,exodus,verse
shape_PAW,390,P48_A19_W22,1,0.00082988,0.75103734,exodus,verse
shape_PAW,391,P26_A10_W14,1,0.00082988,0.75186722,exodus,verse
shape_PAW,392,P18_A8_W10,1,0.00082988,0.7526971,exodus,verse
shape_PAW,393,P27_A10_W14,1,0.00082988,0.75352697,exodus,verse
shape_PAW,394,P40_A20_W22,1,0.00082988,0.75435685,exodus,verse
shape_PAW,395,P66_A24_W26,1,0.00082988,0.75518672,exodus,verse
shape_PAW,396,P16_A8_W8,1,0.00082988,0.7560166,exodus,verse
shape_PAW,397,P62_A24_W29,1,0.00082988,0.75684647,exodus,verse
shape_PAW,398,P52_A22_W24,1,0.00082988,0.75767635,exodus,verse
shape_PAW,399,P30_A11_W14,1,0.00082988,0.75850622,exodus,verse
shape_PAW,400,P38_A16_W16,1,0.00082988,0.7593361,exodus,verse
shape_PAW,401,P17_A10_W10,1,0.00082988,0.76016598,exodus,verse
shape_PAW,402,P41_A18_W20,1,0.00082988,0.76099585,exodus,verse
shape_PAW,403,P44_A16_W18,1,0.00082988,0.76182573,exodus,verse
shape_PAW,404,P42_A13_W16,1,0.00082988,0.7626556,exodus,verse
shape_PAW,405,P51_A21_W27,1,0.00082988,0.76348548,exodus,verse
shape_PAW,406,P24_A8_W12,1,0.00082988,0.76431535,exodus,verse
shape_PAW,407,P38_A12_W14,1,0.00082988,0.76514523,exodus,verse
shape_PAW,408,P43_A16_W20,1,0.00082988,0.7659751,exodus,verse
shape_PAW,409,P46_A16_W21,1,0.00082988,0.76680498,exodus,verse
shape_PAW,410,P44_A16_W16,1,0.00082988,0.76763485,exodus,verse
shape_PAW,411,P35_A11_W17,1,0.00082988,0.76846473,exodus,verse
shape_PAW,412,P44_A17_W20,1,0.00082988,0.76929461,exodus,verse
shape_PAW,413,P41_A15_W17,1,0.00082988,0.77012448,exodus,verse
shape_PAW,414,P41_A19_W20,1,0.00082988,0.77095436,exodus,verse
shape_PAW,415,P25_A8_W8,1,0.00082988,0.77178423,exodus,verse
shape_PAW,416,P11_A4_W4,1,0.00082988,0.77261411,exodus,verse
shape_PAW,417,P35_A12_W12,1,0.00082988,0.77344398,exodus,verse
shape_PAW,418,P22_A12_W12,1,0.00082988,0.77427386,exodus,verse
shape_PAW,419,P29_A14_W15,1,0.00082988,0.77510373,exodus,verse
shape_PAW,420,P68_A23_W27,1,0.00082988,0.77593361,exodus,verse
shape_PAW,421,P17_A6_W9,1,0.00082988,0.77676349,exodus,verse
shape_PAW,422,P69_A25_W30,1,0.00082988,0.77759336,exodus,verse
shape_PAW,423,P64_A23_W27,1,0.00082988,0.77842324,exodus,verse
shape_PAW,424,P35_A16_W17,1,0.00082988,0.77925311,exodus,verse
shape_PAW,425,P36_A13_W16,1,0.00082988,0.78008299,exodus,verse
shape_PAW,426,P46_A22_W24,1,0.00082988,0.78091286,exodus,verse
shape_PAW,427,P43_A18_W18,1,0.00082988,0.78174274,exodus,verse
shape_PAW,428,P18_A7_W9,1,0.00082988,0.78257261,exodus,verse
shape_PAW,429,P35_A14_W15,1,0.00082988,0.78340249,exodus,verse
shape_PAW,430,P58_A23_W27,1,0.00082988,0.78423237,exodus,verse
shape_PAW,431,P45_A22_W24,1,0.00082988,0.78506224,exodus,verse
shape_PAW,432,P60_A23_W24,1,0.00082988,0.78589212,exodus,verse
shape_PAW,433,P36_A15_W21,1,0.00082988,0.78672199,exodus,verse
shape_PAW,434,P42_A14_W19,1,0.00082988,0.78755187,exodus,verse
shape_PAW,435,P43_A17_W20,1,0.00082988,0.78838174,exodus,verse
shape_PAW,436,P44_A20_W20,1,0.00082988,0.78921162,exodus,verse
shape_PAW,437,P18_A5_W8,1,0.00082988,0.79004149,exodus,verse
shape_PAW,438,P35_A11_W13,1,0.00082988,0.79087137,exodus,verse
shape_PAW,439,P50_A19_W21,1,0.00082988,0.79170124,exodus,verse
shape_PAW,440,P27_A11_W12,1,0.00082988,0.79253112,exodus,verse
shape_PAW,441,P30_A11_W15,1,0.00082988,0.793361,exodus,verse
shape_PAW,442,P54_A24_W29,1,0.00082988,0.79419087,exodus,verse
shape_PAW,443,P20_A9_W9,1,0.00082988,0.79502075,exodus,verse
shape_PAW,444,P37_A12_W16,1,0.00082988,0.79585062,exodus,verse
shape_PAW,445,P50_A20_W22,1,0.00082988,0.7966805,exodus,verse
shape_PAW,446,P46_A15_W20,1,0.00082988,0.79751037,exodus,verse
shape_PAW,447,P17_A8_W8,1,0.00082988,0.79834025,exodus,verse
shape_PAW,448,P42_A16_W19,1,0.00082988,0.79917012,exodus,verse
shape_PAW,449,P32_A11_W16,1,0.00082988,0.8,exodus,verse
shape_PAW,450,P16_A6_W8,1,0.00082988,0.80082988,exodus,verse
shape_PAW,451,P53_A22_W26,1,0.00082988,0.80165975,exodus,verse
shape_PAW,452,P37_A17_W21,1,0.00082988,0.80248963,exodus,verse
shape_PAW,453,P48_A19_W21,1,0.00082988,0.8033195,exodus,verse
shape_PAW,454,P26_A8_W10,1,0.00082988,0.80414938,exodus,verse
shape_PAW,455,P38_A16_W20,1,0.00082988,0.80497925,exodus,verse
shape_PAW,456,P95_A39_W44,1,0.00082988,0.80580913,exodus,verse
shape_PAW,457,P18_A6_W6,1,0.00082988,0.806639,exodus,verse
shape_PAW,458,P32_A14_W17,1,0.00082988,0.80746888,exodus,verse
shape_PAW,459,P121_A44_W55,1,0.00082988,0.80829876,exodus,verse
shape_PAW,460,P9_A5_W5,1,0.00082988,0.80912863,exodus,verse
shape_PAW,461,P35_A14_W18,1,0.00082988,0.80995851,exodus,verse
shape_PAW,462,P30_A9_W13,1,0.00082988,0.81078838,exodus,verse
shape_PAW,463,P55_A16_W23,1,0.00082988,0.81161826,exodus,verse
shape_PAW,464,P22_A11_W11,1,0.00082988,0.81244813,exodus,verse
shape_PAW,465,P25_A10_W14,1,0.00082988,0.81327801,exodus,verse
shape_PAW,466,P41_A13_W17,1,0.00082988,0.81410788,exodus,verse
shape_PAW,467,P18_A9_W10,1,0.00082988,0.81493776,exodus,verse
shape_PAW,468,P28_A10_W14,1,0.00082988,0.81576763,exodus,verse
shape_PAW,469,P15_A5_W7,1,0.00082988,0.81659751,exodus,verse
shape_PAW,470,P18_A8_W9,1,0.00082988,0.81742739,exodus,verse
shape_PAW,471,P8_A5_W5,1,0.00082988,0.81825726,exodus,verse
shape_PAW,472,P10_A5_W5,1,0.00082988,0.81908714,exodus,verse
shape_PAW,473,P16_A10_W11,1,0.00082988,0.81991701,exodus,verse
shape_PAW,474,P47_A20_W20,1,0.00082988,0.82074689,exodus,verse
shape_PAW,475,P20_A12_W12,1,0.00082988,0.82157676,exodus,verse
shape_PAW,476,P34_A16_W19,1,0.00082988,0.82240664,exodus,verse
shape_PAW,477,P38_A18_W19,1,0.00082988,0.82323651,exodus,verse
shape_PAW,478,P16_A8_W10,1,0.00082988,0.82406639,exodus,verse
shape_PAW,479,P27_A16_W16,1,0.00082988,0.82489627,exodus,verse
shape_PAW,480,P34_A15_W19,1,0.00082988,0.82572614,exodus,verse
shape_PAW,481,P36_A19_W19,1,0.00082988,0.82655602,exodus,verse
shape_PAW,482,P34_A16_W18,1,0.00082988,0.82738589,exodus,verse
shape_PAW,483,P33_A15_W17,1,0.00082988,0.82821577,exodus,verse
shape_PAW,484,P30_A12_W15,1,0.00082988,0.82904564,exodus,verse
shape_PAW,485,P55_A21_W31,1,0.00082988,0.82987552,exodus,verse
shape_PAW,486,P30_A14_W20,1,0.00082988,0.83070539,exodus,verse
shape_PAW,487,P23_A11_W13,1,0.00082988,0.83153527,exodus,verse
shape_PAW,488,P17_A8_W10,1,0.00082988,0.83236515,exodus,verse
shape_PAW,489,P10_A4_W6,1,0.00082988,0.83319502,exodus,verse
shape_PAW,490,P21_A10_W12,1,0.00082988,0.8340249,exodus,verse
shape_PAW,491,P28_A12_W16,1,0.00082988,0.83485477,exodus,verse
shape_PAW,492,P19_A10_W12,1,0.00082988,0.83568465,exodus,verse
shape_PAW,493,P19_A10_W10,1,0.00082988,0.83651452,exodus,verse
shape_PAW,494,P17_A6_W8,1,0.00082988,0.8373444,exodus,verse
shape_PAW,495,P38_A15_W16,1,0.00082988,0.83817427,exodus,verse
shape_PAW,496,P21_A9_W12,1,0.00082988,0.83900415,exodus,verse
shape_PAW,497,P42_A12_W13,1,0.00082988,0.83983402,exodus,verse
shape_PAW,498,P39_A12_W17,1,0.00082988,0.8406639,exodus,verse
shape_PAW,499,P31_A8_W12,1,0.00082988,0.84149378,exodus,verse
shape_PAW,500,P45_A15_W19,1,0.00082988,0.84232365,exodus,verse
bucket_PAW,1,P25+_A8+_W13+,677,0.56182573,0.56182573,exodus,verse
bucket_PAW,2,P19-24_A8+_W9-12,157,0.13029046,0.69211618,exodus,verse
bucket_PAW,3,P25+_A8+_W9-12,144,0.11950207,0.81161826,exodus,verse
bucket_PAW,4,P16-18_A6-7_W7-8,34,0.02821577,0.83983402,exodus,verse
bucket_PAW,5,P19-24_A6-7_W7-8,21,0.01742739,0.85726141,exodus,verse
bucket_PAW,6,P13-15_A5_W5-6,20,0.01659751,0.87385892,exodus,verse
bucket_PAW,7,P13-15_A6-7_W7-8,18,0.01493776,0.88879668,exodus,verse
bucket_PAW,8,P10-12_A4_W5-6,17,0.01410788,0.90290456,exodus,verse
bucket_PAW,9,P19-24_A6-7_W9-12,15,0.01244813,0.9153527,exodus,verse
bucket_PAW,10,P16-18_A8+_W9-12,15,0.01244813,0.92780083,exodus,verse
bucket_PAW,11,P16-18_A6-7_W5-6,9,0.00746888,0.93526971,exodus,verse
bucket_PAW,12,P10-12_A5_W5-6,9,0.00746888,0.94273859,exodus,verse
bucket_PAW,13,P19-24_A8+_W7-8,8,0.006639,0.94937759,exodus,verse
bucket_PAW,14,P19-24_A8+_W13+,7,0.00580913,0.95518672,exodus,verse
bucket_PAW,15,P7-9_A4_W3-4,6,0.00497925,0.96016598,exodus,verse
bucket_PAW,16,P19-24_A6-7_W5-6,6,0.00497925,0.96514523,exodus,verse
bucket_PAW,17,P13-15_A5_W7-8,5,0.00414938,0.96929461,exodus,verse
bucket_PAW,18,P16-18_A6-7_W9-12,5,0.00414938,0.97344398,exodus,verse
bucket_PAW,19,P16-18_A8+_W7-8,4,0.0033195,0.97676349,exodus,verse
bucket_PAW,20,P16-18_A5_W5-6,3,0.00248963,0.97925311,exodus,verse
bucket_PAW,21,P16-18_A5_W7-8,3,0.00248963,0.98174274,exodus,verse
bucket_PAW,22,P1-4_A2_W1-2,3,0.00248963,0.98423237,exodus,verse
bucket_PAW,23,P13-15_A6-7_W5-6,3,0.00248963,0.98672199,exodus,verse
bucket_PAW,24,P25+_A6-7_W9-12,3,0.00248963,0.98921162,exodus,verse
bucket_PAW,25,P7-9_A4_W5-6,2,0.00165975,0.99087137,exodus,verse
bucket_PAW,26,P7-9_A5_W5-6,2,0.00165975,0.99253112,exodus,verse
bucket_PAW,27,P7-9_A3_W3-4,2,0.00165975,0.99419087,exodus,verse
bucket_PAW,28,P10-12_A3_W3-4,1,0.00082988,0.99502075,exodus,verse
bucket_PAW,29,P25+_A8+_W7-8,1,0.00082988,0.99585062,exodus,verse
bucket_PAW,30,P10-12_A4_W3-4,1,0.00082988,0.9966805,exodus,verse
bucket_PAW,31,P13-15_A4_W3-4,1,0.00082988,0.99751037,exodus,verse
bucket_PAW,32,P16-18_A5_W9-12,1,0.00082988,0.99834025,exodus,verse
bucket_PAW,33,P13-15_A5_W9-12,1,0.00082988,0.99917012,exodus,verse
bucket_PAW,34,P13-15_A6-7_W9-12,1,0.00082988,1.0,exodus,verse
