shape_field,rank,shape,count,share,cum_share,book,level
shape_PA,1,P7_A3,369,0.08209121,0.08209121,numbers,minor
shape_PA,2,P8_A3,335,0.07452725,0.15661846,numbers,minor
shape_PA,3,P5_A2,306,0.06807564,0.2246941,numbers,minor
shape_PA,4,P6_A2,302,0.06718576,0.29187987,numbers,minor
shape_PA,5,P6_A3,264,0.05873192,0.35061179,numbers,minor
shape_PA,6,P7_A2,239,0.05317019,0.40378198,numbers,minor
shape_PA,7,P9_A3,207,0.04605117,0.44983315,numbers,minor
shape_PA,8,P10_A4,186,0.04137931,0.49121246,numbers,minor
shape_PA,9,P9_A4,167,0.03715239,0.52836485,numbers,minor
shape_PA,10,P11_A4,163,0.03626251,0.56462736,numbers,minor
shape_PA,11,P3_A1,162,0.03604004,0.60066741,numbers,minor
shape_PA,12,P4_A2,147,0.032703,0.63337041,numbers,minor
shape_PA,13,P10_A3,119,0.02647386,0.65984427,numbers,minor
shape_PA,14,P5_A3,106,0.02358176,0.68342603,numbers,minor
shape_PA,15,P2_A1,100,0.02224694,0.70567297,numbers,minor
shape_PA,16,P8_A2,87,0.01935484,0.72502781,numbers,minor
shape_PA,17,P8_A4,86,0.01913237,0.74416018,numbers,minor
shape_PA,18,P12_A4,80,0.01779755,0.76195773,numbers,minor
shape_PA,19,P12_A5,77,0.01713014,0.77908788,numbers,minor
shape_PA,20,P13_A5,66,0.01468298,0.79377086,numbers,minor
shape_PA,21,P11_A5,58,0.01290323,0.80667408,numbers,minor
shape_PA,22,P14_A5,53,0.01179088,0.81846496,numbers,minor
shape_PA,23,P14_A6,53,0.01179088,0.83025584,numbers,minor
shape_PA,24,P4_A1,47,0.01045606,0.8407119,numbers,minor
shape_PA,25,P7_A4,46,0.01023359,0.85094549,numbers,minor
shape_PA,26,P3_A2,45,0.01001112,0.86095662,numbers,minor
shape_PA,27,P10_A5,39,0.00867631,0.86963293,numbers,minor
shape_PA,28,P11_A3,39,0.00867631,0.87830923,numbers,minor
shape_PA,29,P13_A4,37,0.00823137,0.8865406,numbers,minor
shape_PA,30,P1_A1,34,0.00756396,0.89410456,numbers,minor
shape_PA,31,P13_A6,32,0.00711902,0.90122358,numbers,minor
shape_PA,32,P14_A4,28,0.00622914,0.90745273,numbers,minor
shape_PA,33,P16_A6,28,0.00622914,0.91368187,numbers,minor
shape_PA,34,P4_A3,22,0.00489433,0.9185762,numbers,minor
shape_PA,35,P15_A5,22,0.00489433,0.92347052,numbers,minor
shape_PA,36,P15_A6,22,0.00489433,0.92836485,numbers,minor
shape_PA,37,P9_A2,18,0.00400445,0.9323693,numbers,minor
shape_PA,38,P5_A1,17,0.00378198,0.93615128,numbers,minor
shape_PA,39,P9_A5,14,0.00311457,0.93926585,numbers,minor
shape_PA,40,P16_A7,14,0.00311457,0.94238042,numbers,minor
shape_PA,41,P23_A8,13,0.0028921,0.94527253,numbers,minor
shape_PA,42,P12_A3,12,0.00266963,0.94794216,numbers,minor
shape_PA,43,P16_A5,12,0.00266963,0.95061179,numbers,minor
shape_PA,44,P12_A6,12,0.00266963,0.95328142,numbers,minor
shape_PA,45,P17_A6,11,0.00244716,0.95572859,numbers,minor
shape_PA,46,P17_A7,10,0.00222469,0.95795328,numbers,minor
shape_PA,47,P16_A4,9,0.00200222,0.95995551,numbers,minor
shape_PA,48,P6_A4,9,0.00200222,0.96195773,numbers,minor
shape_PA,49,P15_A7,8,0.00177976,0.96373749,numbers,minor
shape_PA,50,P18_A6,8,0.00177976,0.96551724,numbers,minor
shape_PA,51,P14_A7,7,0.00155729,0.96707453,numbers,minor
shape_PA,52,P19_A8,6,0.00133482,0.96840934,numbers,minor
shape_PA,53,P22_A8,6,0.00133482,0.96974416,numbers,minor
shape_PA,54,P18_A8,6,0.00133482,0.97107898,numbers,minor
shape_PA,55,P19_A7,6,0.00133482,0.97241379,numbers,minor
shape_PA,56,P21_A8,5,0.00111235,0.97352614,numbers,minor
shape_PA,57,P18_A7,4,0.00088988,0.97441602,numbers,minor
shape_PA,58,P10_A2,4,0.00088988,0.9753059,numbers,minor
shape_PA,59,P11_A6,4,0.00088988,0.97619577,numbers,minor
shape_PA,60,P20_A7,4,0.00088988,0.97708565,numbers,minor
shape_PA,61,P21_A7,4,0.00088988,0.97797553,numbers,minor
shape_PA,62,P19_A9,4,0.00088988,0.97886541,numbers,minor
shape_PA,63,P5_A4,4,0.00088988,0.97975528,numbers,minor
shape_PA,64,P25_A7,4,0.00088988,0.98064516,numbers,minor
shape_PA,65,P25_A9,3,0.00066741,0.98131257,numbers,minor
shape_PA,66,P21_A9,3,0.00066741,0.98197998,numbers,minor
shape_PA,67,P2_A2,3,0.00066741,0.98264739,numbers,minor
shape_PA,68,P25_A10,3,0.00066741,0.98331479,numbers,minor
shape_PA,69,P8_A5,3,0.00066741,0.9839822,numbers,minor
shape_PA,70,P13_A3,3,0.00066741,0.98464961,numbers,minor
shape_PA,71,P20_A8,3,0.00066741,0.98531702,numbers,minor
shape_PA,72,P17_A5,3,0.00066741,0.98598443,numbers,minor
shape_PA,73,P15_A4,2,0.00044494,0.98642937,numbers,minor
shape_PA,74,P26_A8,2,0.00044494,0.9868743,numbers,minor
shape_PA,75,P17_A4,2,0.00044494,0.98731924,numbers,minor
shape_PA,76,P24_A7,2,0.00044494,0.98776418,numbers,minor
shape_PA,77,P7_A5,2,0.00044494,0.98820912,numbers,minor
shape_PA,78,P3_A3,2,0.00044494,0.98865406,numbers,minor
shape_PA,79,P17_A8,2,0.00044494,0.989099,numbers,minor
shape_PA,80,P20_A9,2,0.00044494,0.98954394,numbers,minor
shape_PA,81,P31_A11,2,0.00044494,0.98998888,numbers,minor
shape_PA,82,P21_A10,2,0.00044494,0.99043382,numbers,minor
shape_PA,83,P11_A2,2,0.00044494,0.99087875,numbers,minor
shape_PA,84,P24_A10,2,0.00044494,0.99132369,numbers,minor
shape_PA,85,P19_A6,2,0.00044494,0.99176863,numbers,minor
shape_PA,86,P9_A6,2,0.00044494,0.99221357,numbers,minor
shape_PA,87,P26_A10,2,0.00044494,0.99265851,numbers,minor
shape_PA,88,P13_A7,2,0.00044494,0.99310345,numbers,minor
shape_PA,89,P24_A9,2,0.00044494,0.99354839,numbers,minor
shape_PA,90,P33_A13,1,0.00022247,0.99377086,numbers,minor
shape_PA,91,P30_A12,1,0.00022247,0.99399333,numbers,minor
shape_PA,92,P24_A8,1,0.00022247,0.9942158,numbers,minor
shape_PA,93,P33_A10,1,0.00022247,0.99443826,numbers,minor
shape_PA,94,P25_A11,1,0.00022247,0.99466073,numbers,minor
shape_PA,95,P36_A12,1,0.00022247,0.9948832,numbers,minor
shape_PA,96,P27_A11,1,0.00022247,0.99510567,numbers,minor
shape_PA,97,P28_A7,1,0.00022247,0.99532814,numbers,minor
shape_PA,98,P26_A11,1,0.00022247,0.99555061,numbers,minor
shape_PA,99,P16_A8,1,0.00022247,0.99577308,numbers,minor
shape_PA,100,P6_A1,1,0.00022247,0.99599555,numbers,minor
shape_PA,101,P29_A11,1,0.00022247,0.99621802,numbers,minor
shape_PA,102,P21_A6,1,0.00022247,0.99644049,numbers,minor
shape_PA,103,P30_A14,1,0.00022247,0.99666296,numbers,minor
shape_PA,104,P34_A12,1,0.00022247,0.99688543,numbers,minor
shape_PA,105,P23_A10,1,0.00022247,0.9971079,numbers,minor
shape_PA,106,P34_A10,1,0.00022247,0.99733037,numbers,minor
shape_PA,107,P19_A13,1,0.00022247,0.99755284,numbers,minor
shape_PA,108,P20_A6,1,0.00022247,0.99777531,numbers,minor
shape_PA,109,P11_A7,1,0.00022247,0.99799778,numbers,minor
shape_PA,110,P27_A12,1,0.00022247,0.99822024,numbers,minor
shape_PA,111,P23_A9,1,0.00022247,0.99844271,numbers,minor
shape_PA,112,P25_A8,1,0.00022247,0.99866518,numbers,minor
shape_PA,113,P4_A4,1,0.00022247,0.99888765,numbers,minor
shape_PA,114,P26_A7,1,0.00022247,0.99911012,numbers,minor
shape_PA,115,P20_A5,1,0.00022247,0.99933259,numbers,minor
shape_PA,116,P22_A5,1,0.00022247,0.99955506,numbers,minor
shape_PA,117,P18_A9,1,0.00022247,0.99977753,numbers,minor
shape_PA,118,P19_A10,1,0.00022247,1.0,numbers,minor
bucket_PA,1,P7-9_A3,911,0.20266963,0.20266963,numbers,minor
bucket_PA,2,P5-6_A2,608,0.1352614,0.33793103,numbers,minor
bucket_PA,3,P10-12_A4,429,0.09543938,0.43337041,numbers,minor
bucket_PA,4,P5-6_A3,370,0.08231368,0.51568409,numbers,minor
bucket_PA,5,P7-9_A2,344,0.07652948,0.59221357,numbers,minor
bucket_PA,6,P1-4_A0-1,343,0.07630701,0.66852058,numbers,minor
bucket_PA,7,P7-9_A4,299,0.06651835,0.73503893,numbers,minor
bucket_PA,8,P1-4_A2,195,0.04338154,0.77842047,numbers,minor
bucket_PA,9,P10-12_A5,174,0.03870968,0.81713014,numbers,minor
bucket_PA,10,P10-12_A3,170,0.0378198,0.85494994,numbers,minor
bucket_PA,11,P13-15_A5,141,0.03136819,0.88631813,numbers,minor
bucket_PA,12,P13-15_A6-7,124,0.02758621,0.91390434,numbers,minor
bucket_PA,13,P16-18_A6-7,75,0.01668521,0.93058954,numbers,minor
bucket_PA,14,P13-15_A4,67,0.01490545,0.94549499,numbers,minor
bucket_PA,15,P19-24_A8+,53,0.01179088,0.95728587,numbers,minor
bucket_PA,16,P25+_A8+,25,0.00556174,0.96284761,numbers,minor
bucket_PA,17,P1-4_A3,24,0.00533927,0.96818687,numbers,minor
bucket_PA,18,P19-24_A6-7,20,0.00444939,0.97263626,numbers,minor
bucket_PA,19,P7-9_A5,19,0.00422692,0.97686318,numbers,minor
bucket_PA,20,P5-6_A0-1,18,0.00400445,0.98086763,numbers,minor
bucket_PA,21,P10-12_A6-7,17,0.00378198,0.98464961,numbers,minor
bucket_PA,22,P16-18_A5,15,0.00333704,0.98798665,numbers,minor
bucket_PA,23,P5-6_A4,13,0.0028921,0.99087875,numbers,minor
bucket_PA,24,P16-18_A4,11,0.00244716,0.99332592,numbers,minor
bucket_PA,25,P16-18_A8+,10,0.00222469,0.99555061,numbers,minor
bucket_PA,26,P10-12_A2,6,0.00133482,0.99688543,numbers,minor
bucket_PA,27,P25+_A6-7,6,0.00133482,0.99822024,numbers,minor
bucket_PA,28,P13-15_A3,3,0.00066741,0.99888765,numbers,minor
bucket_PA,29,P7-9_A6-7,2,0.00044494,0.99933259,numbers,minor
bucket_PA,30,P19-24_A5,2,0.00044494,0.99977753,numbers,minor
bucket_PA,31,P1-4_A4,1,0.00022247,1.0,numbers,minor
shape_PAW,1,P7_A3_W3,255,0.0567297,0.0567297,numbers,minor
shape_PAW,2,P5_A2_W2,227,0.05050056,0.10723026,numbers,minor
shape_PAW,3,P6_A3_W3,215,0.04783092,0.15506118,numbers,minor
shape_PAW,4,P6_A2_W2,214,0.04760845,0.20266963,numbers,minor
shape_PAW,5,P8_A3_W3,188,0.04182425,0.24449388,numbers,minor
shape_PAW,6,P3_A1_W1,148,0.03292547,0.27741935,numbers,minor
shape_PAW,7,P8_A3_W4,136,0.03025584,0.30767519,numbers,minor
shape_PAW,8,P7_A2_W2,136,0.03025584,0.33793103,numbers,minor
shape_PAW,9,P4_A2_W2,131,0.02914349,0.36707453,numbers,minor
shape_PAW,10,P9_A4_W4,110,0.02447164,0.39154616,numbers,minor
shape_PAW,11,P7_A3_W4,110,0.02447164,0.4160178,numbers,minor
shape_PAW,12,P10_A4_W4,107,0.02380423,0.43982202,numbers,minor
shape_PAW,13,P9_A3_W3,103,0.02291435,0.46273637,numbers,minor
shape_PAW,14,P5_A3_W3,99,0.02202447,0.48476085,numbers,minor
shape_PAW,15,P2_A1_W1,98,0.021802,0.50656285,numbers,minor
shape_PAW,16,P9_A3_W4,94,0.02091212,0.52747497,numbers,minor
shape_PAW,17,P11_A4_W5,92,0.02046719,0.54794216,numbers,minor
shape_PAW,18,P7_A2_W3,89,0.01979978,0.56774194,numbers,minor
shape_PAW,19,P6_A2_W3,82,0.01824249,0.58598443,numbers,minor
shape_PAW,20,P5_A2_W3,78,0.01735261,0.60333704,numbers,minor
shape_PAW,21,P10_A4_W5,69,0.01535039,0.61868743,numbers,minor
shape_PAW,22,P8_A4_W4,69,0.01535039,0.63403782,numbers,minor
shape_PAW,23,P11_A4_W4,59,0.0131257,0.64716352,numbers,minor
shape_PAW,24,P9_A4_W5,54,0.01201335,0.65917686,numbers,minor
shape_PAW,25,P10_A3_W4,53,0.01179088,0.67096774,numbers,minor
shape_PAW,26,P6_A3_W4,48,0.01067853,0.68164627,numbers,minor
shape_PAW,27,P12_A5_W5,47,0.01045606,0.69210234,numbers,minor
shape_PAW,28,P10_A3_W3,45,0.01001112,0.70211346,numbers,minor
shape_PAW,29,P3_A2_W2,43,0.00956618,0.71167964,numbers,minor
shape_PAW,30,P8_A2_W2,42,0.00934372,0.72102336,numbers,minor
shape_PAW,31,P7_A4_W4,40,0.00889878,0.72992214,numbers,minor
shape_PAW,32,P11_A5_W5,38,0.00845384,0.73837597,numbers,minor
shape_PAW,33,P8_A2_W3,35,0.00778643,0.7461624,numbers,minor
shape_PAW,34,P4_A1_W1,35,0.00778643,0.75394883,numbers,minor
shape_PAW,35,P13_A5_W5,35,0.00778643,0.76173526,numbers,minor
shape_PAW,36,P1_A1_W1,34,0.00756396,0.76929922,numbers,minor
shape_PAW,37,P12_A4_W4,32,0.00711902,0.77641824,numbers,minor
shape_PAW,38,P10_A5_W5,31,0.00689655,0.78331479,numbers,minor
shape_PAW,39,P12_A4_W5,31,0.00689655,0.79021135,numbers,minor
shape_PAW,40,P14_A5_W5,28,0.00622914,0.79644049,numbers,minor
shape_PAW,41,P14_A6_W6,28,0.00622914,0.80266963,numbers,minor
shape_PAW,42,P12_A5_W6,28,0.00622914,0.80889878,numbers,minor
shape_PAW,43,P14_A6_W7,22,0.00489433,0.8137931,numbers,minor
shape_PAW,44,P11_A5_W6,20,0.00444939,0.81824249,numbers,minor
shape_PAW,45,P13_A5_W6,20,0.00444939,0.82269188,numbers,minor
shape_PAW,46,P13_A6_W6,20,0.00444939,0.82714127,numbers,minor
shape_PAW,47,P4_A3_W3,19,0.00422692,0.83136819,numbers,minor
shape_PAW,48,P10_A3_W5,18,0.00400445,0.83537264,numbers,minor
shape_PAW,49,P14_A5_W6,18,0.00400445,0.83937709,numbers,minor
shape_PAW,50,P4_A2_W3,16,0.00355951,0.8429366,numbers,minor
shape_PAW,51,P11_A3_W3,16,0.00355951,0.84649611,numbers,minor
shape_PAW,52,P5_A1_W1,16,0.00355951,0.85005562,numbers,minor
shape_PAW,53,P14_A4_W4,15,0.00333704,0.85339266,numbers,minor
shape_PAW,54,P12_A4_W6,15,0.00333704,0.8567297,numbers,minor
shape_PAW,55,P8_A4_W5,14,0.00311457,0.85984427,numbers,minor
shape_PAW,56,P3_A1_W2,14,0.00311457,0.86295884,numbers,minor
shape_PAW,57,P13_A4_W4,14,0.00311457,0.86607341,numbers,minor
shape_PAW,58,P7_A2_W4,14,0.00311457,0.86918799,numbers,minor
shape_PAW,59,P13_A4_W5,13,0.0028921,0.87208009,numbers,minor
shape_PAW,60,P15_A5_W6,13,0.0028921,0.87497219,numbers,minor
shape_PAW,61,P11_A3_W4,12,0.00266963,0.87764182,numbers,minor
shape_PAW,62,P4_A1_W2,12,0.00266963,0.88031146,numbers,minor
shape_PAW,63,P11_A4_W6,11,0.00244716,0.88275862,numbers,minor
shape_PAW,64,P23_A8_W8,11,0.00244716,0.88520578,numbers,minor
shape_PAW,65,P8_A3_W5,11,0.00244716,0.88765295,numbers,minor
shape_PAW,66,P16_A6_W7,10,0.00222469,0.88987764,numbers,minor
shape_PAW,67,P13_A6_W7,10,0.00222469,0.89210234,numbers,minor
shape_PAW,68,P10_A4_W6,10,0.00222469,0.89432703,numbers,minor
shape_PAW,69,P13_A5_W7,10,0.00222469,0.89655172,numbers,minor
shape_PAW,70,P9_A5_W5,10,0.00222469,0.89877642,numbers,minor
shape_PAW,71,P15_A6_W6,10,0.00222469,0.90100111,numbers,minor
shape_PAW,72,P16_A6_W6,9,0.00200222,0.90300334,numbers,minor
shape_PAW,73,P16_A7_W7,9,0.00200222,0.90500556,numbers,minor
shape_PAW,74,P9_A2_W2,9,0.00200222,0.90700779,numbers,minor
shape_PAW,75,P8_A2_W4,9,0.00200222,0.90901001,numbers,minor
shape_PAW,76,P6_A4_W4,9,0.00200222,0.91101224,numbers,minor
shape_PAW,77,P11_A3_W5,9,0.00200222,0.91301446,numbers,minor
shape_PAW,78,P9_A3_W5,8,0.00177976,0.91479422,numbers,minor
shape_PAW,79,P16_A6_W8,8,0.00177976,0.91657397,numbers,minor
shape_PAW,80,P15_A6_W7,8,0.00177976,0.91835373,numbers,minor
shape_PAW,81,P10_A5_W6,7,0.00155729,0.91991101,numbers,minor
shape_PAW,82,P12_A6_W6,7,0.00155729,0.9214683,numbers,minor
shape_PAW,83,P5_A3_W4,7,0.00155729,0.92302558,numbers,minor
shape_PAW,84,P7_A4_W5,6,0.00133482,0.9243604,numbers,minor
shape_PAW,85,P16_A5_W5,6,0.00133482,0.92569522,numbers,minor
shape_PAW,86,P14_A4_W6,6,0.00133482,0.92703003,numbers,minor
shape_PAW,87,P6_A2_W4,6,0.00133482,0.92836485,numbers,minor
shape_PAW,88,P14_A5_W7,6,0.00133482,0.92969967,numbers,minor
shape_PAW,89,P17_A7_W8,5,0.00111235,0.93081201,numbers,minor
shape_PAW,90,P14_A4_W5,5,0.00111235,0.93192436,numbers,minor
shape_PAW,91,P22_A8_W9,5,0.00111235,0.93303671,numbers,minor
shape_PAW,92,P17_A7_W7,5,0.00111235,0.93414905,numbers,minor
shape_PAW,93,P12_A3_W4,5,0.00111235,0.9352614,numbers,minor
shape_PAW,94,P13_A4_W6,5,0.00111235,0.93637375,numbers,minor
shape_PAW,95,P17_A6_W6,5,0.00111235,0.9374861,numbers,minor
shape_PAW,96,P12_A3_W3,5,0.00111235,0.93859844,numbers,minor
shape_PAW,97,P9_A2_W3,5,0.00111235,0.93971079,numbers,minor
shape_PAW,98,P16_A7_W8,5,0.00111235,0.94082314,numbers,minor
shape_PAW,99,P15_A5_W5,5,0.00111235,0.94193548,numbers,minor
shape_PAW,100,P14_A7_W7,5,0.00111235,0.94304783,numbers,minor
shape_PAW,101,P19_A8_W8,4,0.00088988,0.94393771,numbers,minor
shape_PAW,102,P9_A5_W6,4,0.00088988,0.94482759,numbers,minor
shape_PAW,103,P15_A7_W8,4,0.00088988,0.94571746,numbers,minor
shape_PAW,104,P18_A8_W9,4,0.00088988,0.94660734,numbers,minor
shape_PAW,105,P16_A5_W7,4,0.00088988,0.94749722,numbers,minor
shape_PAW,106,P7_A3_W5,4,0.00088988,0.9483871,numbers,minor
shape_PAW,107,P15_A7_W7,4,0.00088988,0.94927697,numbers,minor
shape_PAW,108,P17_A6_W7,4,0.00088988,0.95016685,numbers,minor
shape_PAW,109,P18_A6_W8,4,0.00088988,0.95105673,numbers,minor
shape_PAW,110,P5_A4_W4,4,0.00088988,0.95194661,numbers,minor
shape_PAW,111,P15_A6_W8,4,0.00088988,0.95283648,numbers,minor
shape_PAW,112,P16_A4_W5,4,0.00088988,0.95372636,numbers,minor
shape_PAW,113,P13_A4_W7,4,0.00088988,0.95461624,numbers,minor
shape_PAW,114,P25_A7_W7,4,0.00088988,0.95550612,numbers,minor
shape_PAW,115,P9_A4_W6,3,0.00066741,0.95617353,numbers,minor
shape_PAW,116,P19_A7_W9,3,0.00066741,0.95684093,numbers,minor
shape_PAW,117,P8_A4_W6,3,0.00066741,0.95750834,numbers,minor
shape_PAW,118,P4_A3_W4,3,0.00066741,0.95817575,numbers,minor
shape_PAW,119,P14_A6_W8,3,0.00066741,0.95884316,numbers,minor
shape_PAW,120,P16_A4_W6,3,0.00066741,0.95951057,numbers,minor
shape_PAW,121,P2_A2_W2,3,0.00066741,0.96017798,numbers,minor
shape_PAW,122,P19_A9_W10,3,0.00066741,0.96084538,numbers,minor
shape_PAW,123,P8_A5_W5,3,0.00066741,0.96151279,numbers,minor
shape_PAW,124,P10_A3_W6,3,0.00066741,0.9621802,numbers,minor
shape_PAW,125,P18_A6_W7,3,0.00066741,0.96284761,numbers,minor
shape_PAW,126,P9_A2_W4,3,0.00066741,0.96351502,numbers,minor
shape_PAW,127,P12_A6_W7,3,0.00066741,0.96418242,numbers,minor
shape_PAW,128,P15_A5_W7,3,0.00066741,0.96484983,numbers,minor
shape_PAW,129,P18_A8_W10,2,0.00044494,0.96529477,numbers,minor
shape_PAW,130,P18_A7_W7,2,0.00044494,0.96573971,numbers,minor
shape_PAW,131,P10_A2_W4,2,0.00044494,0.96618465,numbers,minor
shape_PAW,132,P11_A6_W6,2,0.00044494,0.96662959,numbers,minor
shape_PAW,133,P20_A7_W8,2,0.00044494,0.96707453,numbers,minor
shape_PAW,134,P21_A9_W10,2,0.00044494,0.96751947,numbers,minor
shape_PAW,135,P11_A6_W7,2,0.00044494,0.9679644,numbers,minor
shape_PAW,136,P7_A5_W5,2,0.00044494,0.96840934,numbers,minor
shape_PAW,137,P3_A3_W3,2,0.00044494,0.96885428,numbers,minor
shape_PAW,138,P17_A8_W9,2,0.00044494,0.96929922,numbers,minor
shape_PAW,139,P12_A6_W8,2,0.00044494,0.96974416,numbers,minor
shape_PAW,140,P20_A9_W9,2,0.00044494,0.9701891,numbers,minor
shape_PAW,141,P21_A8_W10,2,0.00044494,0.97063404,numbers,minor
shape_PAW,142,P25_A9_W12,2,0.00044494,0.97107898,numbers,minor
shape_PAW,143,P14_A4_W7,2,0.00044494,0.97152392,numbers,minor
shape_PAW,144,P14_A7_W8,2,0.00044494,0.97196885,numbers,minor
shape_PAW,145,P12_A3_W6,2,0.00044494,0.97241379,numbers,minor
shape_PAW,146,P21_A8_W9,2,0.00044494,0.97285873,numbers,minor
shape_PAW,147,P13_A3_W6,2,0.00044494,0.97330367,numbers,minor
shape_PAW,148,P2_A1_W2,2,0.00044494,0.97374861,numbers,minor
shape_PAW,149,P24_A10_W12,2,0.00044494,0.97419355,numbers,minor
shape_PAW,150,P12_A5_W7,2,0.00044494,0.97463849,numbers,minor
shape_PAW,151,P11_A3_W6,2,0.00044494,0.97508343,numbers,minor
shape_PAW,152,P9_A6_W6,2,0.00044494,0.97552836,numbers,minor
shape_PAW,153,P19_A7_W8,2,0.00044494,0.9759733,numbers,minor
shape_PAW,154,P12_A4_W7,2,0.00044494,0.97641824,numbers,minor
shape_PAW,155,P16_A5_W6,2,0.00044494,0.97686318,numbers,minor
shape_PAW,156,P3_A2_W3,2,0.00044494,0.97730812,numbers,minor
shape_PAW,157,P9_A3_W6,2,0.00044494,0.97775306,numbers,minor
shape_PAW,158,P33_A13_W21,1,0.00022247,0.97797553,numbers,minor
shape_PAW,159,P30_A12_W12,1,0.00022247,0.978198,numbers,minor
shape_PAW,160,P15_A4_W4,1,0.00022247,0.97842047,numbers,minor
shape_PAW,161,P16_A4_W4,1,0.00022247,0.97864294,numbers,minor
shape_PAW,162,P25_A9_W11,1,0.00022247,0.97886541,numbers,minor
shape_PAW,163,P24_A8_W10,1,0.00022247,0.97908788,numbers,minor
shape_PAW,164,P23_A8_W10,1,0.00022247,0.97931034,numbers,minor
shape_PAW,165,P26_A8_W11,1,0.00022247,0.97953281,numbers,minor
shape_PAW,166,P17_A4_W8,1,0.00022247,0.97975528,numbers,minor
shape_PAW,167,P33_A10_W14,1,0.00022247,0.97997775,numbers,minor
shape_PAW,168,P9_A2_W5,1,0.00022247,0.98020022,numbers,minor
shape_PAW,169,P5_A1_W2,1,0.00022247,0.98042269,numbers,minor
shape_PAW,170,P18_A7_W8,1,0.00022247,0.98064516,numbers,minor
shape_PAW,171,P24_A7_W11,1,0.00022247,0.98086763,numbers,minor
shape_PAW,172,P21_A7_W10,1,0.00022247,0.9810901,numbers,minor
shape_PAW,173,P25_A11_W11,1,0.00022247,0.98131257,numbers,minor
shape_PAW,174,P8_A2_W5,1,0.00022247,0.98153504,numbers,minor
shape_PAW,175,P31_A11_W12,1,0.00022247,0.98175751,numbers,minor
shape_PAW,176,P25_A10_W10,1,0.00022247,0.98197998,numbers,minor
shape_PAW,177,P25_A10_W12,1,0.00022247,0.98220245,numbers,minor
shape_PAW,178,P17_A6_W8,1,0.00022247,0.98242492,numbers,minor
shape_PAW,179,P36_A12_W14,1,0.00022247,0.98264739,numbers,minor
shape_PAW,180,P21_A10_W10,1,0.00022247,0.98286986,numbers,minor
shape_PAW,181,P15_A4_W6,1,0.00022247,0.98309232,numbers,minor
shape_PAW,182,P27_A11_W12,1,0.00022247,0.98331479,numbers,minor
shape_PAW,183,P19_A9_W9,1,0.00022247,0.98353726,numbers,minor
shape_PAW,184,P28_A7_W7,1,0.00022247,0.98375973,numbers,minor
shape_PAW,185,P20_A7_W7,1,0.00022247,0.9839822,numbers,minor
shape_PAW,186,P21_A7_W7,1,0.00022247,0.98420467,numbers,minor
shape_PAW,187,P11_A4_W7,1,0.00022247,0.98442714,numbers,minor
shape_PAW,188,P26_A11_W12,1,0.00022247,0.98464961,numbers,minor
shape_PAW,189,P16_A8_W9,1,0.00022247,0.98487208,numbers,minor
shape_PAW,190,P6_A1_W1,1,0.00022247,0.98509455,numbers,minor
shape_PAW,191,P11_A2_W4,1,0.00022247,0.98531702,numbers,minor
shape_PAW,192,P29_A11_W15,1,0.00022247,0.98553949,numbers,minor
shape_PAW,193,P13_A3_W4,1,0.00022247,0.98576196,numbers,minor
shape_PAW,194,P21_A6_W8,1,0.00022247,0.98598443,numbers,minor
shape_PAW,195,P30_A14_W16,1,0.00022247,0.9862069,numbers,minor
shape_PAW,196,P19_A6_W7,1,0.00022247,0.98642937,numbers,minor
shape_PAW,197,P34_A12_W17,1,0.00022247,0.98665184,numbers,minor
shape_PAW,198,P19_A7_W10,1,0.00022247,0.9868743,numbers,minor
shape_PAW,199,P20_A8_W10,1,0.00022247,0.98709677,numbers,minor
shape_PAW,200,P21_A10_W11,1,0.00022247,0.98731924,numbers,minor
shape_PAW,201,P23_A10_W10,1,0.00022247,0.98754171,numbers,minor
shape_PAW,202,P19_A8_W9,1,0.00022247,0.98776418,numbers,minor
shape_PAW,203,P34_A10_W12,1,0.00022247,0.98798665,numbers,minor
shape_PAW,204,P26_A8_W10,1,0.00022247,0.98820912,numbers,minor
shape_PAW,205,P18_A7_W9,1,0.00022247,0.98843159,numbers,minor
shape_PAW,206,P26_A10_W12,1,0.00022247,0.98865406,numbers,minor
shape_PAW,207,P19_A13_W13,1,0.00022247,0.98887653,numbers,minor
shape_PAW,208,P14_A5_W8,1,0.00022247,0.989099,numbers,minor
shape_PAW,209,P20_A8_W9,1,0.00022247,0.98932147,numbers,minor
shape_PAW,210,P13_A7_W8,1,0.00022247,0.98954394,numbers,minor
shape_PAW,211,P20_A6_W8,1,0.00022247,0.98976641,numbers,minor
shape_PAW,212,P19_A8_W10,1,0.00022247,0.98998888,numbers,minor
shape_PAW,213,P26_A10_W11,1,0.00022247,0.99021135,numbers,minor
shape_PAW,214,P17_A5_W5,1,0.00022247,0.99043382,numbers,minor
shape_PAW,215,P23_A8_W12,1,0.00022247,0.99065628,numbers,minor
shape_PAW,216,P10_A2_W3,1,0.00022247,0.99087875,numbers,minor
shape_PAW,217,P24_A9_W10,1,0.00022247,0.99110122,numbers,minor
shape_PAW,218,P16_A6_W9,1,0.00022247,0.99132369,numbers,minor
shape_PAW,219,P11_A7_W8,1,0.00022247,0.99154616,numbers,minor
shape_PAW,220,P18_A6_W9,1,0.00022247,0.99176863,numbers,minor
shape_PAW,221,P27_A12_W12,1,0.00022247,0.9919911,numbers,minor
shape_PAW,222,P23_A9_W11,1,0.00022247,0.99221357,numbers,minor
shape_PAW,223,P17_A5_W7,1,0.00022247,0.99243604,numbers,minor
shape_PAW,224,P6_A3_W5,1,0.00022247,0.99265851,numbers,minor
shape_PAW,225,P10_A5_W7,1,0.00022247,0.99288098,numbers,minor
shape_PAW,226,P25_A8_W8,1,0.00022247,0.99310345,numbers,minor
shape_PAW,227,P13_A4_W8,1,0.00022247,0.99332592,numbers,minor
shape_PAW,228,P4_A4_W4,1,0.00022247,0.99354839,numbers,minor
shape_PAW,229,P21_A8_W8,1,0.00022247,0.99377086,numbers,minor
shape_PAW,230,P24_A7_W7,1,0.00022247,0.99399333,numbers,minor
shape_PAW,231,P26_A7_W7,1,0.00022247,0.9942158,numbers,minor
shape_PAW,232,P11_A2_W2,1,0.00022247,0.99443826,numbers,minor
shape_PAW,233,P10_A2_W2,1,0.00022247,0.99466073,numbers,minor
shape_PAW,234,P25_A10_W11,1,0.00022247,0.9948832,numbers,minor
shape_PAW,235,P22_A8_W12,1,0.00022247,0.99510567,numbers,minor
shape_PAW,236,P13_A5_W10,1,0.00022247,0.99532814,numbers,minor
shape_PAW,237,P15_A5_W8,1,0.00022247,0.99555061,numbers,minor
shape_PAW,238,P17_A5_W10,1,0.00022247,0.99577308,numbers,minor
shape_PAW,239,P20_A7_W10,1,0.00022247,0.99599555,numbers,minor
shape_PAW,240,P16_A4_W8,1,0.00022247,0.99621802,numbers,minor
shape_PAW,241,P13_A7_W7,1,0.00022247,0.99644049,numbers,minor
shape_PAW,242,P20_A5_W11,1,0.00022247,0.99666296,numbers,minor
shape_PAW,243,P22_A5_W10,1,0.00022247,0.99688543,numbers,minor
shape_PAW,244,P5_A2_W4,1,0.00022247,0.9971079,numbers,minor
shape_PAW,245,P21_A7_W8,1,0.00022247,0.99733037,numbers,minor
shape_PAW,246,P13_A6_W9,1,0.00022247,0.99755284,numbers,minor
shape_PAW,247,P21_A9_W11,1,0.00022247,0.99777531,numbers,minor
shape_PAW,248,P17_A4_W5,1,0.00022247,0.99799778,numbers,minor
shape_PAW,249,P19_A6_W8,1,0.00022247,0.99822024,numbers,minor
shape_PAW,250,P24_A9_W11,1,0.00022247,0.99844271,numbers,minor
shape_PAW,251,P17_A6_W9,1,0.00022247,0.99866518,numbers,minor
shape_PAW,252,P20_A8_W8,1,0.00022247,0.99888765,numbers,minor
shape_PAW,253,P21_A7_W13,1,0.00022247,0.99911012,numbers,minor
shape_PAW,254,P18_A9_W10,1,0.00022247,0.99933259,numbers,minor
shape_PAW,255,P19_A10_W11,1,0.00022247,0.99955506,numbers,minor
shape_PAW,256,P13_A6_W8,1,0.00022247,0.99977753,numbers,minor
shape_PAW,257,P31_A11_W11,1,0.00022247,1.0,numbers,minor
bucket_PAW,1,P7-9_A3_W3-4,886,0.1971079,0.1971079,numbers,minor
bucket_PAW,2,P5-6_A2_W1-2,441,0.09810901,0.29521691,numbers,minor
bucket_PAW,3,P5-6_A3_W3-4,369,0.08209121,0.37730812,numbers,minor
bucket_PAW,4,P1-4_A0-1_W1-2,343,0.07630701,0.45361513,numbers,minor
bucket_PAW,5,P10-12_A4_W5-6,228,0.05072303,0.50433815,numbers,minor
bucket_PAW,6,P7-9_A4_W3-4,219,0.0487208,0.55305895,numbers,minor
bucket_PAW,7,P10-12_A4_W3-4,198,0.04404894,0.5971079,numbers,minor
bucket_PAW,8,P7-9_A2_W1-2,187,0.04160178,0.63870968,numbers,minor
bucket_PAW,9,P1-4_A2_W1-2,177,0.03937709,0.67808676,numbers,minor
bucket_PAW,10,P10-12_A5_W5-6,171,0.03804227,0.71612903,numbers,minor
bucket_PAW,11,P5-6_A2_W3-4,167,0.03715239,0.75328142,numbers,minor
bucket_PAW,12,P7-9_A2_W3-4,155,0.03448276,0.78776418,numbers,minor
bucket_PAW,13,P10-12_A3_W3-4,136,0.03025584,0.81802002,numbers,minor
bucket_PAW,14,P13-15_A5_W5-6,119,0.02647386,0.84449388,numbers,minor
bucket_PAW,15,P7-9_A4_W5-6,80,0.01779755,0.86229143,numbers,minor
bucket_PAW,16,P13-15_A6-7_W7-8,65,0.01446051,0.87675195,numbers,minor
bucket_PAW,17,P13-15_A6-7_W5-6,58,0.01290323,0.88965517,numbers,minor
bucket_PAW,18,P16-18_A6-7_W7-8,57,0.01268076,0.90233593,numbers,minor
bucket_PAW,19,P19-24_A8+_W9-12,35,0.00778643,0.91012236,numbers,minor
bucket_PAW,20,P10-12_A3_W5-6,34,0.00756396,0.91768632,numbers,minor
bucket_PAW,21,P13-15_A4_W5-6,30,0.00667408,0.9243604,numbers,minor
bucket_PAW,22,P13-15_A4_W3-4,30,0.00667408,0.93103448,numbers,minor
bucket_PAW,23,P7-9_A3_W5-6,25,0.00556174,0.93659622,numbers,minor
bucket_PAW,24,P1-4_A3_W3-4,24,0.00533927,0.94193548,numbers,minor
bucket_PAW,25,P13-15_A5_W7-8,21,0.00467186,0.94660734,numbers,minor
bucket_PAW,26,P7-9_A5_W5-6,19,0.00422692,0.95083426,numbers,minor
bucket_PAW,27,P25+_A8+_W9-12,18,0.00400445,0.95483871,numbers,minor
bucket_PAW,28,P1-4_A2_W3-4,18,0.00400445,0.95884316,numbers,minor
bucket_PAW,29,P5-6_A0-1_W1-2,18,0.00400445,0.96284761,numbers,minor
bucket_PAW,30,P19-24_A8+_W7-8,17,0.00378198,0.96662959,numbers,minor
bucket_PAW,31,P16-18_A6-7_W5-6,14,0.00311457,0.96974416,numbers,minor
bucket_PAW,32,P5-6_A4_W3-4,13,0.0028921,0.97263626,numbers,minor
bucket_PAW,33,P19-24_A6-7_W7-8,12,0.00266963,0.9753059,numbers,minor
bucket_PAW,34,P16-18_A8+_W9-12,10,0.00222469,0.97753059,numbers,minor
bucket_PAW,35,P16-18_A5_W5-6,9,0.00200222,0.97953281,numbers,minor
bucket_PAW,36,P10-12_A6-7_W5-6,9,0.00200222,0.98153504,numbers,minor
bucket_PAW,37,P10-12_A6-7_W7-8,8,0.00177976,0.98331479,numbers,minor
bucket_PAW,38,P16-18_A4_W5-6,8,0.00177976,0.98509455,numbers,minor
bucket_PAW,39,P19-24_A6-7_W9-12,7,0.00155729,0.98665184,numbers,minor
bucket_PAW,40,P13-15_A4_W7-8,7,0.00155729,0.98820912,numbers,minor
bucket_PAW,41,P25+_A8+_W13+,6,0.00133482,0.98954394,numbers,minor
bucket_PAW,42,P25+_A6-7_W7-8,6,0.00133482,0.99087875,numbers,minor
bucket_PAW,43,P16-18_A5_W7-8,5,0.00111235,0.9919911,numbers,minor
bucket_PAW,44,P10-12_A2_W3-4,4,0.00088988,0.99288098,numbers,minor
bucket_PAW,45,P16-18_A6-7_W9-12,4,0.00088988,0.99377086,numbers,minor
bucket_PAW,46,P10-12_A4_W7-8,3,0.00066741,0.99443826,numbers,minor
bucket_PAW,47,P10-12_A5_W7-8,3,0.00066741,0.99510567,numbers,minor
bucket_PAW,48,P16-18_A4_W7-8,2,0.00044494,0.99555061,numbers,minor
bucket_PAW,49,P7-9_A2_W5-6,2,0.00044494,0.99599555,numbers,minor
bucket_PAW,50,P13-15_A3_W5-6,2,0.00044494,0.99644049,numbers,minor
bucket_PAW,51,P7-9_A6-7_W5-6,2,0.00044494,0.99688543,numbers,minor
bucket_PAW,52,P10-12_A2_W1-2,2,0.00044494,0.99733037,numbers,minor
bucket_PAW,53,P19-24_A5_W9-12,2,0.00044494,0.99777531,numbers,minor
bucket_PAW,54,P16-18_A4_W3-4,1,0.00022247,0.99799778,numbers,minor
bucket_PAW,55,P13-15_A3_W3-4,1,0.00022247,0.99822024,numbers,minor
bucket_PAW,56,P19-24_A8+_W13+,1,0.00022247,0.99844271,numbers,minor
bucket_PAW,57,P5-6_A3_W5-6,1,0.00022247,0.99866518,numbers,minor
bucket_PAW,58,P25+_A8+_W7-8,1,0.00022247,0.99888765,numbers,minor
bucket_PAW,59,P1-4_A4_W3-4,1,0.00022247,0.99911012,numbers,minor
bucket_PAW,60,P13-15_A5_W9-12,1,0.00022247,0.99933259,numbers,minor
bucket_PAW,61,P16-18_A5_W9-12,1,0.00022247,0.99955506,numbers,minor
bucket_PAW,62,P13-15_A6-7_W9-12,1,0.00022247,0.99977753,numbers,minor
bucket_PAW,63,P19-24_A6-7_W13+,1,0.00022247,1.0,numbers,minor
shape_PA,1,P11_A4,110,0.04517454,0.04517454,numbers,major
shape_PA,2,P8_A3,81,0.03326489,0.07843943,numbers,major
shape_PA,3,P9_A3,79,0.03244353,0.11088296,numbers,major
shape_PA,4,P12_A5,74,0.03039014,0.1412731,numbers,major
shape_PA,5,P10_A4,71,0.02915811,0.17043121,numbers,major
shape_PA,6,P10_A3,64,0.02628337,0.19671458,numbers,major
shape_PA,7,P15_A6,64,0.02628337,0.22299795,numbers,major
shape_PA,8,P14_A5,62,0.02546201,0.24845996,numbers,major
shape_PA,9,P7_A3,62,0.02546201,0.27392197,numbers,major
shape_PA,10,P6_A2,57,0.02340862,0.2973306,numbers,major
shape_PA,11,P14_A6,55,0.02258727,0.31991786,numbers,major
shape_PA,12,P7_A2,53,0.02176591,0.34168378,numbers,major
shape_PA,13,P11_A5,50,0.02053388,0.36221766,numbers,major
shape_PA,14,P13_A5,49,0.0201232,0.38234086,numbers,major
shape_PA,15,P16_A6,43,0.01765914,0.4,numbers,major
shape_PA,16,P5_A2,43,0.01765914,0.41765914,numbers,major
shape_PA,17,P17_A7,42,0.01724846,0.4349076,numbers,major
shape_PA,18,P13_A6,42,0.01724846,0.45215606,numbers,major
shape_PA,19,P12_A4,39,0.01601643,0.46817248,numbers,major
shape_PA,20,P10_A5,37,0.01519507,0.48336756,numbers,major
shape_PA,21,P9_A4,37,0.01519507,0.49856263,numbers,major
shape_PA,22,P18_A7,37,0.01519507,0.5137577,numbers,major
shape_PA,23,P17_A6,36,0.01478439,0.52854209,numbers,major
shape_PA,24,P15_A5,35,0.01437372,0.54291581,numbers,major
shape_PA,25,P13_A4,34,0.01396304,0.55687885,numbers,major
shape_PA,26,P8_A4,34,0.01396304,0.57084189,numbers,major
shape_PA,27,P8_A2,34,0.01396304,0.58480493,numbers,major
shape_PA,28,P6_A3,33,0.01355236,0.59835729,numbers,major
shape_PA,29,P16_A7,28,0.01149897,0.60985626,numbers,major
shape_PA,30,P20_A9,24,0.00985626,0.61971253,numbers,major
shape_PA,31,P20_A8,23,0.00944559,0.62915811,numbers,major
shape_PA,32,P19_A9,23,0.00944559,0.6386037,numbers,major
shape_PA,33,P19_A7,22,0.00903491,0.6476386,numbers,major
shape_PA,34,P15_A7,22,0.00903491,0.65667351,numbers,major
shape_PA,35,P16_A5,21,0.00862423,0.66529774,numbers,major
shape_PA,36,P23_A9,21,0.00862423,0.67392197,numbers,major
shape_PA,37,P18_A8,20,0.00821355,0.68213552,numbers,major
shape_PA,38,P21_A8,20,0.00821355,0.69034908,numbers,major
shape_PA,39,P12_A6,20,0.00821355,0.69856263,numbers,major
shape_PA,40,P19_A8,19,0.00780287,0.7063655,numbers,major
shape_PA,41,P24_A9,18,0.0073922,0.7137577,numbers,major
shape_PA,42,P21_A9,18,0.0073922,0.7211499,numbers,major
shape_PA,43,P5_A3,18,0.0073922,0.72854209,numbers,major
shape_PA,44,P11_A3,17,0.00698152,0.73552361,numbers,major
shape_PA,45,P18_A6,17,0.00698152,0.74250513,numbers,major
shape_PA,46,P20_A7,17,0.00698152,0.74948665,numbers,major
shape_PA,47,P4_A2,16,0.00657084,0.75605749,numbers,major
shape_PA,48,P22_A8,16,0.00657084,0.76262834,numbers,major
shape_PA,49,P19_A6,14,0.00574949,0.76837782,numbers,major
shape_PA,50,P21_A7,14,0.00574949,0.77412731,numbers,major
shape_PA,51,P22_A9,13,0.00533881,0.77946612,numbers,major
shape_PA,52,P9_A5,12,0.00492813,0.78439425,numbers,major
shape_PA,53,P14_A4,12,0.00492813,0.78932238,numbers,major
shape_PA,54,P33_A14,12,0.00492813,0.79425051,numbers,major
shape_PA,55,P7_A4,11,0.00451745,0.79876797,numbers,major
shape_PA,56,P27_A9,11,0.00451745,0.80328542,numbers,major
shape_PA,57,P17_A8,11,0.00451745,0.80780287,numbers,major
shape_PA,58,P26_A10,11,0.00451745,0.81232033,numbers,major
shape_PA,59,P27_A11,10,0.00410678,0.8164271,numbers,major
shape_PA,60,P27_A10,10,0.00410678,0.82053388,numbers,major
shape_PA,61,P14_A7,10,0.00410678,0.82464066,numbers,major
shape_PA,62,P25_A9,9,0.0036961,0.82833676,numbers,major
shape_PA,63,P30_A12,9,0.0036961,0.83203285,numbers,major
shape_PA,64,P25_A10,9,0.0036961,0.83572895,numbers,major
shape_PA,65,P33_A12,8,0.00328542,0.83901437,numbers,major
shape_PA,66,P17_A5,8,0.00328542,0.84229979,numbers,major
shape_PA,67,P26_A9,8,0.00328542,0.84558522,numbers,major
shape_PA,68,P30_A11,8,0.00328542,0.84887064,numbers,major
shape_PA,69,P22_A10,8,0.00328542,0.85215606,numbers,major
shape_PA,70,P26_A11,7,0.00287474,0.8550308,numbers,major
shape_PA,71,P32_A12,7,0.00287474,0.85790554,numbers,major
shape_PA,72,P24_A10,7,0.00287474,0.86078029,numbers,major
shape_PA,73,P12_A3,7,0.00287474,0.86365503,numbers,major
shape_PA,74,P21_A10,7,0.00287474,0.86652977,numbers,major
shape_PA,75,P20_A6,7,0.00287474,0.86940452,numbers,major
shape_PA,76,P31_A12,7,0.00287474,0.87227926,numbers,major
shape_PA,77,P24_A11,6,0.00246407,0.87474333,numbers,major
shape_PA,78,P24_A8,6,0.00246407,0.87720739,numbers,major
shape_PA,79,P21_A6,6,0.00246407,0.87967146,numbers,major
shape_PA,80,P22_A7,6,0.00246407,0.88213552,numbers,major
shape_PA,81,P18_A9,6,0.00246407,0.88459959,numbers,major
shape_PA,82,P9_A2,6,0.00246407,0.88706366,numbers,major
shape_PA,83,P20_A10,6,0.00246407,0.88952772,numbers,major
shape_PA,84,P29_A12,6,0.00246407,0.89199179,numbers,major
shape_PA,85,P23_A8,5,0.00205339,0.89404517,numbers,major
shape_PA,86,P15_A8,5,0.00205339,0.89609856,numbers,major
shape_PA,87,P34_A13,5,0.00205339,0.89815195,numbers,major
shape_PA,88,P23_A10,5,0.00205339,0.90020534,numbers,major
shape_PA,89,P39_A14,5,0.00205339,0.90225873,numbers,major
shape_PA,90,P11_A6,5,0.00205339,0.90431211,numbers,major
shape_PA,91,P29_A10,5,0.00205339,0.9063655,numbers,major
shape_PA,92,P8_A5,5,0.00205339,0.90841889,numbers,major
shape_PA,93,P33_A11,5,0.00205339,0.91047228,numbers,major
shape_PA,94,P25_A7,5,0.00205339,0.91252567,numbers,major
shape_PA,95,P32_A13,5,0.00205339,0.91457906,numbers,major
shape_PA,96,P3_A2,5,0.00205339,0.91663244,numbers,major
shape_PA,97,P34_A14,4,0.00164271,0.91827515,numbers,major
shape_PA,98,P18_A10,4,0.00164271,0.91991786,numbers,major
shape_PA,99,P33_A15,4,0.00164271,0.92156057,numbers,major
shape_PA,100,P16_A8,4,0.00164271,0.92320329,numbers,major
shape_PA,101,P28_A9,4,0.00164271,0.924846,numbers,major
shape_PA,102,P23_A7,4,0.00164271,0.92648871,numbers,major
shape_PA,103,P26_A8,4,0.00164271,0.92813142,numbers,major
shape_PA,104,P30_A10,3,0.00123203,0.92936345,numbers,major
shape_PA,105,P31_A10,3,0.00123203,0.93059548,numbers,major
shape_PA,106,P38_A15,3,0.00123203,0.93182752,numbers,major
shape_PA,107,P29_A13,3,0.00123203,0.93305955,numbers,major
shape_PA,108,P33_A10,3,0.00123203,0.93429158,numbers,major
shape_PA,109,P18_A5,3,0.00123203,0.93552361,numbers,major
shape_PA,110,P25_A11,3,0.00123203,0.93675565,numbers,major
shape_PA,111,P31_A11,3,0.00123203,0.93798768,numbers,major
shape_PA,112,P24_A7,3,0.00123203,0.93921971,numbers,major
shape_PA,113,P34_A16,3,0.00123203,0.94045175,numbers,major
shape_PA,114,P38_A13,3,0.00123203,0.94168378,numbers,major
shape_PA,115,P35_A14,3,0.00123203,0.94291581,numbers,major
shape_PA,116,P13_A7,3,0.00123203,0.94414784,numbers,major
shape_PA,117,P23_A11,3,0.00123203,0.94537988,numbers,major
shape_PA,118,P31_A14,3,0.00123203,0.94661191,numbers,major
shape_PA,119,P34_A12,3,0.00123203,0.94784394,numbers,major
shape_PA,120,P28_A10,3,0.00123203,0.94907598,numbers,major
shape_PA,121,P28_A11,3,0.00123203,0.95030801,numbers,major
shape_PA,122,P29_A11,3,0.00123203,0.95154004,numbers,major
shape_PA,123,P30_A13,3,0.00123203,0.95277207,numbers,major
shape_PA,124,P39_A15,2,0.00082136,0.95359343,numbers,major
shape_PA,125,P44_A17,2,0.00082136,0.95441478,numbers,major
shape_PA,126,P32_A9,2,0.00082136,0.95523614,numbers,major
shape_PA,127,P41_A15,2,0.00082136,0.95605749,numbers,major
shape_PA,128,P9_A6,2,0.00082136,0.95687885,numbers,major
shape_PA,129,P42_A17,2,0.00082136,0.95770021,numbers,major
shape_PA,130,P12_A7,2,0.00082136,0.95852156,numbers,major
shape_PA,131,P36_A16,2,0.00082136,0.95934292,numbers,major
shape_PA,132,P43_A17,2,0.00082136,0.96016427,numbers,major
shape_PA,133,P36_A13,2,0.00082136,0.96098563,numbers,major
shape_PA,134,P36_A15,2,0.00082136,0.96180698,numbers,major
shape_PA,135,P41_A14,2,0.00082136,0.96262834,numbers,major
shape_PA,136,P25_A12,2,0.00082136,0.96344969,numbers,major
shape_PA,137,P44_A18,2,0.00082136,0.96427105,numbers,major
shape_PA,138,P36_A12,2,0.00082136,0.9650924,numbers,major
shape_PA,139,P15_A4,2,0.00082136,0.96591376,numbers,major
shape_PA,140,P19_A10,2,0.00082136,0.96673511,numbers,major
shape_PA,141,P27_A12,2,0.00082136,0.96755647,numbers,major
shape_PA,142,P40_A12,2,0.00082136,0.96837782,numbers,major
shape_PA,143,P41_A17,2,0.00082136,0.96919918,numbers,major
shape_PA,144,P33_A13,2,0.00082136,0.97002053,numbers,major
shape_PA,145,P10_A6,2,0.00082136,0.97084189,numbers,major
shape_PA,146,P25_A8,2,0.00082136,0.97166324,numbers,major
shape_PA,147,P35_A16,2,0.00082136,0.9724846,numbers,major
shape_PA,148,P35_A12,2,0.00082136,0.97330595,numbers,major
shape_PA,149,P4_A3,2,0.00082136,0.97412731,numbers,major
shape_PA,150,P31_A13,2,0.00082136,0.97494867,numbers,major
shape_PA,151,P32_A10,2,0.00082136,0.97577002,numbers,major
shape_PA,152,P48_A18,2,0.00082136,0.97659138,numbers,major
shape_PA,153,P34_A9,1,0.00041068,0.97700205,numbers,major
shape_PA,154,P52_A17,1,0.00041068,0.97741273,numbers,major
shape_PA,155,P39_A12,1,0.00041068,0.97782341,numbers,major
shape_PA,156,P19_A5,1,0.00041068,0.97823409,numbers,major
shape_PA,157,P39_A16,1,0.00041068,0.97864476,numbers,major
shape_PA,158,P31_A9,1,0.00041068,0.97905544,numbers,major
shape_PA,159,P25_A13,1,0.00041068,0.97946612,numbers,major
shape_PA,160,P12_A8,1,0.00041068,0.9798768,numbers,major
shape_PA,161,P30_A14,1,0.00041068,0.98028747,numbers,major
shape_PA,162,P23_A6,1,0.00041068,0.98069815,numbers,major
shape_PA,163,P17_A9,1,0.00041068,0.98110883,numbers,major
shape_PA,164,P16_A9,1,0.00041068,0.98151951,numbers,major
shape_PA,165,P3_A1,1,0.00041068,0.98193018,numbers,major
shape_PA,166,P40_A16,1,0.00041068,0.98234086,numbers,major
shape_PA,167,P46_A18,1,0.00041068,0.98275154,numbers,major
shape_PA,168,P38_A14,1,0.00041068,0.98316222,numbers,major
shape_PA,169,P6_A5,1,0.00041068,0.9835729,numbers,major
shape_PA,170,P11_A2,1,0.00041068,0.98398357,numbers,major
shape_PA,171,P13_A3,1,0.00041068,0.98439425,numbers,major
shape_PA,172,P28_A8,1,0.00041068,0.98480493,numbers,major
shape_PA,173,P36_A14,1,0.00041068,0.98521561,numbers,major
shape_PA,174,P5_A1,1,0.00041068,0.98562628,numbers,major
shape_PA,175,P38_A16,1,0.00041068,0.98603696,numbers,major
shape_PA,176,P37_A18,1,0.00041068,0.98644764,numbers,major
shape_PA,177,P44_A19,1,0.00041068,0.98685832,numbers,major
shape_PA,178,P34_A10,1,0.00041068,0.98726899,numbers,major
shape_PA,179,P41_A13,1,0.00041068,0.98767967,numbers,major
shape_PA,180,P21_A11,1,0.00041068,0.98809035,numbers,major
shape_PA,181,P19_A13,1,0.00041068,0.98850103,numbers,major
shape_PA,182,P40_A14,1,0.00041068,0.9889117,numbers,major
shape_PA,183,P40_A15,1,0.00041068,0.98932238,numbers,major
shape_PA,184,P13_A8,1,0.00041068,0.98973306,numbers,major
shape_PA,185,P22_A6,1,0.00041068,0.99014374,numbers,major
shape_PA,186,P11_A7,1,0.00041068,0.99055441,numbers,major
shape_PA,187,P26_A12,1,0.00041068,0.99096509,numbers,major
shape_PA,188,P8_A6,1,0.00041068,0.99137577,numbers,major
shape_PA,189,P28_A13,1,0.00041068,0.99178645,numbers,major
shape_PA,190,P43_A16,1,0.00041068,0.99219713,numbers,major
shape_PA,191,P7_A5,1,0.00041068,0.9926078,numbers,major
shape_PA,192,P33_A9,1,0.00041068,0.99301848,numbers,major
shape_PA,193,P39_A13,1,0.00041068,0.99342916,numbers,major
shape_PA,194,P26_A13,1,0.00041068,0.99383984,numbers,major
shape_PA,195,P32_A11,1,0.00041068,0.99425051,numbers,major
shape_PA,196,P30_A9,1,0.00041068,0.99466119,numbers,major
shape_PA,197,P26_A7,1,0.00041068,0.99507187,numbers,major
shape_PA,198,P32_A7,1,0.00041068,0.99548255,numbers,major
shape_PA,199,P27_A14,1,0.00041068,0.99589322,numbers,major
shape_PA,200,P36_A11,1,0.00041068,0.9963039,numbers,major
shape_PA,201,P20_A5,1,0.00041068,0.99671458,numbers,major
shape_PA,202,P4_A1,1,0.00041068,0.99712526,numbers,major
shape_PA,203,P18_A4,1,0.00041068,0.99753593,numbers,major
shape_PA,204,P42_A12,1,0.00041068,0.99794661,numbers,major
shape_PA,205,P47_A16,1,0.00041068,0.99835729,numbers,major
shape_PA,206,P50_A17,1,0.00041068,0.99876797,numbers,major
shape_PA,207,P47_A19,1,0.00041068,0.99917864,numbers,major
shape_PA,208,P27_A13,1,0.00041068,0.99958932,numbers,major
shape_PA,209,P23_A12,1,0.00041068,1.0,numbers,major
bucket_PA,1,P25+_A8+,301,0.12361396,0.12361396,numbers,major
bucket_PA,2,P19-24_A8+,253,0.10390144,0.2275154,numbers,major
bucket_PA,3,P7-9_A3,222,0.09117043,0.31868583,numbers,major
bucket_PA,4,P10-12_A4,220,0.09034908,0.40903491,numbers,major
bucket_PA,5,P16-18_A6-7,203,0.08336756,0.49240246,numbers,major
bucket_PA,6,P13-15_A6-7,196,0.08049281,0.57289528,numbers,major
bucket_PA,7,P10-12_A5,161,0.0661191,0.63901437,numbers,major
bucket_PA,8,P13-15_A5,146,0.05995893,0.69897331,numbers,major
bucket_PA,9,P5-6_A2,100,0.04106776,0.74004107,numbers,major
bucket_PA,10,P19-24_A6-7,95,0.03901437,0.77905544,numbers,major
bucket_PA,11,P7-9_A2,93,0.03819302,0.81724846,numbers,major
bucket_PA,12,P10-12_A3,88,0.03613963,0.85338809,numbers,major
bucket_PA,13,P7-9_A4,82,0.03367556,0.88706366,numbers,major
bucket_PA,14,P5-6_A3,51,0.02094456,0.90800821,numbers,major
bucket_PA,15,P13-15_A4,48,0.01971253,0.92772074,numbers,major
bucket_PA,16,P16-18_A8+,47,0.01930185,0.94702259,numbers,major
bucket_PA,17,P16-18_A5,32,0.01314168,0.96016427,numbers,major
bucket_PA,18,P10-12_A6-7,30,0.01232033,0.9724846,numbers,major
bucket_PA,19,P1-4_A2,21,0.00862423,0.98110883,numbers,major
bucket_PA,20,P7-9_A5,18,0.0073922,0.98850103,numbers,major
bucket_PA,21,P25+_A6-7,7,0.00287474,0.99137577,numbers,major
bucket_PA,22,P13-15_A8+,6,0.00246407,0.99383984,numbers,major
bucket_PA,23,P7-9_A6-7,3,0.00123203,0.99507187,numbers,major
bucket_PA,24,P19-24_A5,2,0.00082136,0.99589322,numbers,major
bucket_PA,25,P1-4_A0-1,2,0.00082136,0.99671458,numbers,major
bucket_PA,26,P1-4_A3,2,0.00082136,0.99753593,numbers,major
bucket_PA,27,P10-12_A8+,1,0.00041068,0.99794661,numbers,major
bucket_PA,28,P5-6_A5,1,0.00041068,0.99835729,numbers,major
bucket_PA,29,P10-12_A2,1,0.00041068,0.99876797,numbers,major
bucket_PA,30,P13-15_A3,1,0.00041068,0.99917864,numbers,major
bucket_PA,31,P5-6_A0-1,1,0.00041068,0.99958932,numbers,major
bucket_PA,32,P16-18_A4,1,0.00041068,1.0,numbers,major
shape_PAW,1,P11_A4_W5,70,0.02874743,0.02874743,numbers,major
shape_PAW,2,P9_A3_W3,48,0.01971253,0.04845996,numbers,major
shape_PAW,3,P12_A5_W5,44,0.01806982,0.06652977,numbers,major
shape_PAW,4,P6_A2_W2,42,0.01724846,0.08377823,numbers,major
shape_PAW,5,P7_A3_W3,41,0.01683778,0.10061602,numbers,major
shape_PAW,6,P8_A3_W3,40,0.0164271,0.11704312,numbers,major
shape_PAW,7,P8_A3_W4,39,0.01601643,0.13305955,numbers,major
shape_PAW,8,P10_A3_W3,38,0.01560575,0.1486653,numbers,major
shape_PAW,9,P10_A4_W5,34,0.01396304,0.16262834,numbers,major
shape_PAW,10,P11_A4_W4,34,0.01396304,0.17659138,numbers,major
shape_PAW,11,P7_A2_W2,33,0.01355236,0.19014374,numbers,major
shape_PAW,12,P11_A5_W5,32,0.01314168,0.20328542,numbers,major
shape_PAW,13,P10_A4_W4,32,0.01314168,0.2164271,numbers,major
shape_PAW,14,P14_A5_W5,29,0.01190965,0.22833676,numbers,major
shape_PAW,15,P9_A3_W4,29,0.01190965,0.24024641,numbers,major
shape_PAW,16,P14_A6_W6,29,0.01190965,0.25215606,numbers,major
shape_PAW,17,P15_A6_W6,29,0.01190965,0.26406571,numbers,major
shape_PAW,18,P10_A5_W5,28,0.01149897,0.27556468,numbers,major
shape_PAW,19,P6_A3_W3,28,0.01149897,0.28706366,numbers,major
shape_PAW,20,P13_A6_W6,27,0.0110883,0.29815195,numbers,major
shape_PAW,21,P14_A5_W6,27,0.0110883,0.30924025,numbers,major
shape_PAW,22,P12_A5_W6,27,0.0110883,0.32032854,numbers,major
shape_PAW,23,P15_A6_W7,25,0.01026694,0.33059548,numbers,major
shape_PAW,24,P5_A2_W2,25,0.01026694,0.34086242,numbers,major
shape_PAW,25,P9_A4_W4,25,0.01026694,0.35112936,numbers,major
shape_PAW,26,P17_A7_W8,23,0.00944559,0.36057495,numbers,major
shape_PAW,27,P8_A4_W4,23,0.00944559,0.37002053,numbers,major
shape_PAW,28,P13_A5_W6,23,0.00944559,0.37946612,numbers,major
shape_PAW,29,P8_A2_W2,23,0.00944559,0.3889117,numbers,major
shape_PAW,30,P7_A3_W4,21,0.00862423,0.39753593,numbers,major
shape_PAW,31,P14_A6_W7,20,0.00821355,0.40574949,numbers,major
shape_PAW,32,P18_A7_W7,20,0.00821355,0.41396304,numbers,major
shape_PAW,33,P17_A6_W6,19,0.00780287,0.42176591,numbers,major
shape_PAW,34,P19_A9_W9,19,0.00780287,0.42956879,numbers,major
shape_PAW,35,P13_A5_W5,19,0.00780287,0.43737166,numbers,major
shape_PAW,36,P5_A2_W3,18,0.0073922,0.44476386,numbers,major
shape_PAW,37,P7_A2_W3,18,0.0073922,0.45215606,numbers,major
shape_PAW,38,P17_A7_W7,17,0.00698152,0.45913758,numbers,major
shape_PAW,39,P5_A3_W3,17,0.00698152,0.4661191,numbers,major
shape_PAW,40,P12_A4_W5,17,0.00698152,0.47310062,numbers,major
shape_PAW,41,P10_A3_W4,16,0.00657084,0.47967146,numbers,major
shape_PAW,42,P15_A5_W6,16,0.00657084,0.4862423,numbers,major
shape_PAW,43,P13_A4_W4,16,0.00657084,0.49281314,numbers,major
shape_PAW,44,P11_A5_W6,16,0.00657084,0.49938398,numbers,major
shape_PAW,45,P16_A6_W7,15,0.00616016,0.50554415,numbers,major
shape_PAW,46,P16_A6_W6,15,0.00616016,0.51170431,numbers,major
shape_PAW,47,P12_A4_W4,15,0.00616016,0.51786448,numbers,major
shape_PAW,48,P4_A2_W2,14,0.00574949,0.52361396,numbers,major
shape_PAW,49,P16_A7_W7,14,0.00574949,0.52936345,numbers,major
shape_PAW,50,P13_A6_W7,13,0.00533881,0.53470226,numbers,major
shape_PAW,51,P6_A2_W3,13,0.00533881,0.54004107,numbers,major
shape_PAW,52,P9_A5_W5,12,0.00492813,0.5449692,numbers,major
shape_PAW,53,P18_A8_W9,12,0.00492813,0.54989733,numbers,major
shape_PAW,54,P15_A5_W5,12,0.00492813,0.55482546,numbers,major
shape_PAW,55,P16_A6_W8,12,0.00492813,0.55975359,numbers,major
shape_PAW,56,P15_A7_W8,11,0.00451745,0.56427105,numbers,major
shape_PAW,57,P16_A7_W8,11,0.00451745,0.5687885,numbers,major
shape_PAW,58,P15_A7_W7,11,0.00451745,0.57330595,numbers,major
shape_PAW,59,P9_A4_W5,11,0.00451745,0.57782341,numbers,major
shape_PAW,60,P20_A9_W11,11,0.00451745,0.58234086,numbers,major
shape_PAW,61,P8_A4_W5,10,0.00410678,0.58644764,numbers,major
shape_PAW,62,P7_A4_W4,10,0.00410678,0.59055441,numbers,major
shape_PAW,63,P20_A8_W9,10,0.00410678,0.59466119,numbers,major
shape_PAW,64,P15_A6_W8,10,0.00410678,0.59876797,numbers,major
shape_PAW,65,P33_A14_W14,10,0.00410678,0.60287474,numbers,major
shape_PAW,66,P12_A6_W7,10,0.00410678,0.60698152,numbers,major
shape_PAW,67,P12_A6_W6,10,0.00410678,0.6110883,numbers,major
shape_PAW,68,P23_A9_W10,10,0.00410678,0.61519507,numbers,major
shape_PAW,69,P13_A4_W5,9,0.0036961,0.61889117,numbers,major
shape_PAW,70,P10_A3_W5,9,0.0036961,0.62258727,numbers,major
shape_PAW,71,P17_A6_W7,9,0.0036961,0.62628337,numbers,major
shape_PAW,72,P19_A8_W9,9,0.0036961,0.62997947,numbers,major
shape_PAW,73,P20_A7_W8,9,0.0036961,0.63367556,numbers,major
shape_PAW,74,P18_A7_W9,9,0.0036961,0.63737166,numbers,major
shape_PAW,75,P8_A2_W3,9,0.0036961,0.64106776,numbers,major
shape_PAW,76,P11_A3_W4,8,0.00328542,0.64435318,numbers,major
shape_PAW,77,P19_A7_W7,8,0.00328542,0.6476386,numbers,major
shape_PAW,78,P21_A8_W9,8,0.00328542,0.65092402,numbers,major
shape_PAW,79,P14_A7_W7,8,0.00328542,0.65420945,numbers,major
shape_PAW,80,P16_A5_W5,8,0.00328542,0.65749487,numbers,major
shape_PAW,81,P19_A7_W8,8,0.00328542,0.66078029,numbers,major
shape_PAW,82,P16_A5_W7,8,0.00328542,0.66406571,numbers,major
shape_PAW,83,P17_A8_W9,8,0.00328542,0.66735113,numbers,major
shape_PAW,84,P10_A5_W6,8,0.00328542,0.67063655,numbers,major
shape_PAW,85,P22_A8_W8,8,0.00328542,0.67392197,numbers,major
shape_PAW,86,P18_A6_W6,7,0.00287474,0.67679671,numbers,major
shape_PAW,87,P13_A4_W6,7,0.00287474,0.67967146,numbers,major
shape_PAW,88,P17_A6_W8,7,0.00287474,0.6825462,numbers,major
shape_PAW,89,P24_A9_W10,7,0.00287474,0.68542094,numbers,major
shape_PAW,90,P21_A9_W10,7,0.00287474,0.68829569,numbers,major
shape_PAW,91,P12_A4_W6,7,0.00287474,0.69117043,numbers,major
shape_PAW,92,P20_A9_W10,7,0.00287474,0.69404517,numbers,major
shape_PAW,93,P19_A8_W8,7,0.00287474,0.69691992,numbers,major
shape_PAW,94,P24_A9_W9,6,0.00246407,0.69938398,numbers,major
shape_PAW,95,P19_A6_W6,6,0.00246407,0.70184805,numbers,major
shape_PAW,96,P14_A4_W6,6,0.00246407,0.70431211,numbers,major
shape_PAW,97,P18_A7_W8,6,0.00246407,0.70677618,numbers,major
shape_PAW,98,P20_A9_W9,6,0.00246407,0.70924025,numbers,major
shape_PAW,99,P21_A9_W11,6,0.00246407,0.71170431,numbers,major
shape_PAW,100,P20_A8_W8,6,0.00246407,0.71416838,numbers,major
shape_PAW,101,P33_A12_W12,6,0.00246407,0.71663244,numbers,major
shape_PAW,102,P14_A5_W7,6,0.00246407,0.71909651,numbers,major
shape_PAW,103,P13_A5_W7,6,0.00246407,0.72156057,numbers,major
shape_PAW,104,P27_A11_W12,5,0.00205339,0.72361396,numbers,major
shape_PAW,105,P18_A6_W8,5,0.00205339,0.72566735,numbers,major
shape_PAW,106,P21_A7_W7,5,0.00205339,0.72772074,numbers,major
shape_PAW,107,P27_A9_W9,5,0.00205339,0.72977413,numbers,major
shape_PAW,108,P14_A6_W8,5,0.00205339,0.73182752,numbers,major
shape_PAW,109,P11_A3_W3,5,0.00205339,0.7338809,numbers,major
shape_PAW,110,P25_A10_W11,5,0.00205339,0.73593429,numbers,major
shape_PAW,111,P11_A4_W6,5,0.00205339,0.73798768,numbers,major
shape_PAW,112,P10_A4_W6,5,0.00205339,0.74004107,numbers,major
shape_PAW,113,P33_A11_W12,5,0.00205339,0.74209446,numbers,major
shape_PAW,114,P18_A8_W8,5,0.00205339,0.74414784,numbers,major
shape_PAW,115,P22_A9_W10,5,0.00205339,0.74620123,numbers,major
shape_PAW,116,P23_A9_W12,5,0.00205339,0.74825462,numbers,major
shape_PAW,117,P24_A9_W11,5,0.00205339,0.75030801,numbers,major
shape_PAW,118,P25_A7_W7,5,0.00205339,0.7523614,numbers,major
shape_PAW,119,P6_A3_W4,5,0.00205339,0.75441478,numbers,major
shape_PAW,120,P22_A10_W11,5,0.00205339,0.75646817,numbers,major
shape_PAW,121,P26_A10_W12,5,0.00205339,0.75852156,numbers,major
shape_PAW,122,P27_A9_W10,5,0.00205339,0.76057495,numbers,major
shape_PAW,123,P3_A2_W2,5,0.00205339,0.76262834,numbers,major
shape_PAW,124,P21_A8_W8,5,0.00205339,0.76468172,numbers,major
shape_PAW,125,P20_A8_W10,4,0.00164271,0.76632444,numbers,major
shape_PAW,126,P30_A12_W13,4,0.00164271,0.76796715,numbers,major
shape_PAW,127,P26_A11_W12,4,0.00164271,0.76960986,numbers,major
shape_PAW,128,P32_A12_W13,4,0.00164271,0.77125257,numbers,major
shape_PAW,129,P16_A5_W6,4,0.00164271,0.77289528,numbers,major
shape_PAW,130,P18_A6_W7,4,0.00164271,0.77453799,numbers,major
shape_PAW,131,P14_A4_W5,4,0.00164271,0.7761807,numbers,major
shape_PAW,132,P27_A10_W13,4,0.00164271,0.77782341,numbers,major
shape_PAW,133,P11_A6_W6,4,0.00164271,0.77946612,numbers,major
shape_PAW,134,P8_A5_W5,4,0.00164271,0.78110883,numbers,major
shape_PAW,135,P12_A3_W3,4,0.00164271,0.78275154,numbers,major
shape_PAW,136,P15_A5_W7,4,0.00164271,0.78439425,numbers,major
shape_PAW,137,P20_A7_W7,4,0.00164271,0.78603696,numbers,major
shape_PAW,138,P18_A9_W10,4,0.00164271,0.78767967,numbers,major
shape_PAW,139,P26_A10_W11,4,0.00164271,0.78932238,numbers,major
shape_PAW,140,P27_A10_W11,4,0.00164271,0.79096509,numbers,major
shape_PAW,141,P21_A10_W10,4,0.00164271,0.7926078,numbers,major
shape_PAW,142,P20_A10_W10,4,0.00164271,0.79425051,numbers,major
shape_PAW,143,P11_A3_W5,4,0.00164271,0.79589322,numbers,major
shape_PAW,144,P22_A8_W9,4,0.00164271,0.79753593,numbers,major
shape_PAW,145,P21_A7_W10,4,0.00164271,0.79917864,numbers,major
shape_PAW,146,P19_A7_W9,4,0.00164271,0.80082136,numbers,major
shape_PAW,147,P29_A12_W13,4,0.00164271,0.80246407,numbers,major
shape_PAW,148,P21_A9_W9,4,0.00164271,0.80410678,numbers,major
shape_PAW,149,P15_A8_W8,4,0.00164271,0.80574949,numbers,major
shape_PAW,150,P25_A9_W9,3,0.00123203,0.80698152,numbers,major
shape_PAW,151,P24_A11_W11,3,0.00123203,0.80821355,numbers,major
shape_PAW,152,P18_A8_W10,3,0.00123203,0.80944559,numbers,major
shape_PAW,153,P22_A9_W11,3,0.00123203,0.81067762,numbers,major
shape_PAW,154,P24_A8_W10,3,0.00123203,0.81190965,numbers,major
shape_PAW,155,P26_A9_W11,3,0.00123203,0.81314168,numbers,major
shape_PAW,156,P22_A9_W9,3,0.00123203,0.81437372,numbers,major
shape_PAW,157,P18_A10_W10,3,0.00123203,0.81560575,numbers,major
shape_PAW,158,P21_A8_W10,3,0.00123203,0.81683778,numbers,major
shape_PAW,159,P9_A2_W2,3,0.00123203,0.81806982,numbers,major
shape_PAW,160,P26_A11_W13,3,0.00123203,0.81930185,numbers,major
shape_PAW,161,P19_A9_W10,3,0.00123203,0.82053388,numbers,major
shape_PAW,162,P19_A8_W10,3,0.00123203,0.82176591,numbers,major
shape_PAW,163,P19_A6_W7,3,0.00123203,0.82299795,numbers,major
shape_PAW,164,P16_A7_W9,3,0.00123203,0.82422998,numbers,major
shape_PAW,165,P17_A8_W8,3,0.00123203,0.82546201,numbers,major
shape_PAW,166,P22_A8_W10,3,0.00123203,0.82669405,numbers,major
shape_PAW,167,P27_A11_W14,3,0.00123203,0.82792608,numbers,major
shape_PAW,168,P19_A6_W8,3,0.00123203,0.82915811,numbers,major
shape_PAW,169,P30_A11_W12,3,0.00123203,0.83039014,numbers,major
shape_PAW,170,P21_A8_W11,3,0.00123203,0.83162218,numbers,major
shape_PAW,171,P21_A7_W9,3,0.00123203,0.83285421,numbers,major
shape_PAW,172,P20_A6_W8,3,0.00123203,0.83408624,numbers,major
shape_PAW,173,P12_A5_W7,3,0.00123203,0.83531828,numbers,major
shape_PAW,174,P34_A13_W17,3,0.00123203,0.83655031,numbers,major
shape_PAW,175,P20_A6_W7,3,0.00123203,0.83778234,numbers,major
shape_PAW,176,P30_A10_W12,2,0.00082136,0.8386037,numbers,major
shape_PAW,177,P27_A10_W10,2,0.00082136,0.83942505,numbers,major
shape_PAW,178,P33_A12_W13,2,0.00082136,0.84024641,numbers,major
shape_PAW,179,P38_A15_W16,2,0.00082136,0.84106776,numbers,major
shape_PAW,180,P19_A7_W10,2,0.00082136,0.84188912,numbers,major
shape_PAW,181,P17_A5_W8,2,0.00082136,0.84271047,numbers,major
shape_PAW,182,P29_A13_W15,2,0.00082136,0.84353183,numbers,major
shape_PAW,183,P17_A5_W7,2,0.00082136,0.84435318,numbers,major
shape_PAW,184,P26_A9_W12,2,0.00082136,0.84517454,numbers,major
shape_PAW,185,P33_A10_W10,2,0.00082136,0.84599589,numbers,major
shape_PAW,186,P25_A9_W11,2,0.00082136,0.84681725,numbers,major
shape_PAW,187,P24_A10_W13,2,0.00082136,0.8476386,numbers,major
shape_PAW,188,P18_A5_W5,2,0.00082136,0.84845996,numbers,major
shape_PAW,189,P23_A8_W10,2,0.00082136,0.84928131,numbers,major
shape_PAW,190,P14_A7_W8,2,0.00082136,0.85010267,numbers,major
shape_PAW,191,P23_A10_W10,2,0.00082136,0.85092402,numbers,major
shape_PAW,192,P39_A14_W17,2,0.00082136,0.85174538,numbers,major
shape_PAW,193,P25_A11_W11,2,0.00082136,0.85256674,numbers,major
shape_PAW,194,P23_A9_W11,2,0.00082136,0.85338809,numbers,major
shape_PAW,195,P17_A5_W5,2,0.00082136,0.85420945,numbers,major
shape_PAW,196,P21_A6_W8,2,0.00082136,0.8550308,numbers,major
shape_PAW,197,P9_A6_W6,2,0.00082136,0.85585216,numbers,major
shape_PAW,198,P30_A11_W14,2,0.00082136,0.85667351,numbers,major
shape_PAW,199,P42_A17_W19,2,0.00082136,0.85749487,numbers,major
shape_PAW,200,P12_A7_W7,2,0.00082136,0.85831622,numbers,major
shape_PAW,201,P22_A7_W9,2,0.00082136,0.85913758,numbers,major
shape_PAW,202,P24_A10_W12,2,0.00082136,0.85995893,numbers,major
shape_PAW,203,P23_A10_W12,2,0.00082136,0.86078029,numbers,major
shape_PAW,204,P18_A9_W9,2,0.00082136,0.86160164,numbers,major
shape_PAW,205,P36_A13_W16,2,0.00082136,0.862423,numbers,major
shape_PAW,206,P26_A10_W10,2,0.00082136,0.86324435,numbers,major
shape_PAW,207,P22_A9_W12,2,0.00082136,0.86406571,numbers,major
shape_PAW,208,P33_A15_W17,2,0.00082136,0.86488706,numbers,major
shape_PAW,209,P41_A14_W16,2,0.00082136,0.86570842,numbers,major
shape_PAW,210,P6_A2_W4,2,0.00082136,0.86652977,numbers,major
shape_PAW,211,P30_A12_W12,2,0.00082136,0.86735113,numbers,major
shape_PAW,212,P13_A7_W7,2,0.00082136,0.86817248,numbers,major
shape_PAW,213,P25_A12_W12,2,0.00082136,0.86899384,numbers,major
shape_PAW,214,P33_A14_W15,2,0.00082136,0.8698152,numbers,major
shape_PAW,215,P16_A8_W8,2,0.00082136,0.87063655,numbers,major
shape_PAW,216,P31_A14_W15,2,0.00082136,0.87145791,numbers,major
shape_PAW,217,P17_A7_W9,2,0.00082136,0.87227926,numbers,major
shape_PAW,218,P27_A12_W12,2,0.00082136,0.87310062,numbers,major
shape_PAW,219,P34_A14_W17,2,0.00082136,0.87392197,numbers,major
shape_PAW,220,P21_A6_W6,2,0.00082136,0.87474333,numbers,major
shape_PAW,221,P24_A8_W8,2,0.00082136,0.87556468,numbers,major
shape_PAW,222,P9_A3_W5,2,0.00082136,0.87638604,numbers,major
shape_PAW,223,P8_A3_W5,2,0.00082136,0.87720739,numbers,major
shape_PAW,224,P28_A10_W11,2,0.00082136,0.87802875,numbers,major
shape_PAW,225,P23_A9_W9,2,0.00082136,0.8788501,numbers,major
shape_PAW,226,P32_A13_W13,2,0.00082136,0.87967146,numbers,major
shape_PAW,227,P11_A5_W7,2,0.00082136,0.88049281,numbers,major
shape_PAW,228,P28_A11_W12,2,0.00082136,0.88131417,numbers,major
shape_PAW,229,P32_A13_W15,2,0.00082136,0.88213552,numbers,major
shape_PAW,230,P20_A7_W10,2,0.00082136,0.88295688,numbers,major
shape_PAW,231,P10_A6_W6,2,0.00082136,0.88377823,numbers,major
shape_PAW,232,P23_A11_W12,2,0.00082136,0.88459959,numbers,major
shape_PAW,233,P25_A9_W12,2,0.00082136,0.88542094,numbers,major
shape_PAW,234,P30_A12_W14,2,0.00082136,0.8862423,numbers,major
shape_PAW,235,P25_A8_W9,2,0.00082136,0.88706366,numbers,major
shape_PAW,236,P29_A10_W12,2,0.00082136,0.88788501,numbers,major
shape_PAW,237,P15_A5_W8,2,0.00082136,0.88870637,numbers,major
shape_PAW,238,P22_A7_W10,2,0.00082136,0.88952772,numbers,major
shape_PAW,239,P9_A2_W4,2,0.00082136,0.89034908,numbers,major
shape_PAW,240,P31_A12_W14,2,0.00082136,0.89117043,numbers,major
shape_PAW,241,P31_A11_W13,2,0.00082136,0.89199179,numbers,major
shape_PAW,242,P21_A7_W8,2,0.00082136,0.89281314,numbers,major
shape_PAW,243,P26_A8_W10,2,0.00082136,0.8936345,numbers,major
shape_PAW,244,P18_A7_W10,2,0.00082136,0.89445585,numbers,major
shape_PAW,245,P25_A9_W10,2,0.00082136,0.89527721,numbers,major
shape_PAW,246,P24_A11_W13,2,0.00082136,0.89609856,numbers,major
shape_PAW,247,P28_A9_W11,2,0.00082136,0.89691992,numbers,major
shape_PAW,248,P26_A9_W9,2,0.00082136,0.89774127,numbers,major
shape_PAW,249,P7_A2_W4,2,0.00082136,0.89856263,numbers,major
shape_PAW,250,P24_A10_W10,2,0.00082136,0.89938398,numbers,major
shape_PAW,251,P20_A8_W12,2,0.00082136,0.90020534,numbers,major
shape_PAW,252,P31_A12_W12,2,0.00082136,0.90102669,numbers,major
shape_PAW,253,P35_A12_W16,2,0.00082136,0.90184805,numbers,major
shape_PAW,254,P8_A2_W4,2,0.00082136,0.9026694,numbers,major
shape_PAW,255,P12_A3_W4,2,0.00082136,0.90349076,numbers,major
shape_PAW,256,P29_A12_W12,2,0.00082136,0.90431211,numbers,major
shape_PAW,257,P4_A2_W3,2,0.00082136,0.90513347,numbers,major
shape_PAW,258,P24_A7_W7,2,0.00082136,0.90595483,numbers,major
shape_PAW,259,P31_A13_W14,2,0.00082136,0.90677618,numbers,major
shape_PAW,260,P25_A10_W12,2,0.00082136,0.90759754,numbers,major
shape_PAW,261,P21_A6_W10,2,0.00082136,0.90841889,numbers,major
shape_PAW,262,P13_A4_W7,2,0.00082136,0.90924025,numbers,major
shape_PAW,263,P23_A8_W8,1,0.00041068,0.90965092,numbers,major
shape_PAW,264,P15_A8_W10,1,0.00041068,0.9100616,numbers,major
shape_PAW,265,P39_A15_W23,1,0.00041068,0.91047228,numbers,major
shape_PAW,266,P24_A10_W11,1,0.00041068,0.91088296,numbers,major
shape_PAW,267,P31_A10_W12,1,0.00041068,0.91129363,numbers,major
shape_PAW,268,P34_A13_W16,1,0.00041068,0.91170431,numbers,major
shape_PAW,269,P34_A14_W18,1,0.00041068,0.91211499,numbers,major
shape_PAW,270,P34_A9_W9,1,0.00041068,0.91252567,numbers,major
shape_PAW,271,P18_A5_W7,1,0.00041068,0.91293634,numbers,major
shape_PAW,272,P44_A17_W17,1,0.00041068,0.91334702,numbers,major
shape_PAW,273,P14_A4_W4,1,0.00041068,0.9137577,numbers,major
shape_PAW,274,P32_A9_W13,1,0.00041068,0.91416838,numbers,major
shape_PAW,275,P16_A6_W9,1,0.00041068,0.91457906,numbers,major
shape_PAW,276,P39_A15_W18,1,0.00041068,0.91498973,numbers,major
shape_PAW,277,P41_A15_W20,1,0.00041068,0.91540041,numbers,major
shape_PAW,278,P52_A17_W23,1,0.00041068,0.91581109,numbers,major
shape_PAW,279,P39_A12_W13,1,0.00041068,0.91622177,numbers,major
shape_PAW,280,P19_A5_W8,1,0.00041068,0.91663244,numbers,major
shape_PAW,281,P10_A5_W7,1,0.00041068,0.91704312,numbers,major
shape_PAW,282,P29_A10_W13,1,0.00041068,0.9174538,numbers,major
shape_PAW,283,P39_A16_W20,1,0.00041068,0.91786448,numbers,major
shape_PAW,284,P31_A10_W13,1,0.00041068,0.91827515,numbers,major
shape_PAW,285,P31_A9_W10,1,0.00041068,0.91868583,numbers,major
shape_PAW,286,P23_A9_W13,1,0.00041068,0.91909651,numbers,major
shape_PAW,287,P20_A7_W11,1,0.00041068,0.91950719,numbers,major
shape_PAW,288,P25_A13_W15,1,0.00041068,0.91991786,numbers,major
shape_PAW,289,P31_A11_W12,1,0.00041068,0.92032854,numbers,major
shape_PAW,290,P21_A10_W11,1,0.00041068,0.92073922,numbers,major
shape_PAW,291,P24_A7_W11,1,0.00041068,0.9211499,numbers,major
shape_PAW,292,P12_A8_W8,1,0.00041068,0.92156057,numbers,major
shape_PAW,293,P19_A9_W11,1,0.00041068,0.92197125,numbers,major
shape_PAW,294,P34_A16_W16,1,0.00041068,0.92238193,numbers,major
shape_PAW,295,P30_A14_W17,1,0.00041068,0.92279261,numbers,major
shape_PAW,296,P36_A16_W16,1,0.00041068,0.92320329,numbers,major
shape_PAW,297,P23_A6_W8,1,0.00041068,0.92361396,numbers,major
shape_PAW,298,P43_A17_W18,1,0.00041068,0.92402464,numbers,major
shape_PAW,299,P17_A9_W10,1,0.00041068,0.92443532,numbers,major
shape_PAW,300,P14_A6_W9,1,0.00041068,0.924846,numbers,major
shape_PAW,301,P7_A4_W5,1,0.00041068,0.92525667,numbers,major
shape_PAW,302,P32_A12_W15,1,0.00041068,0.92566735,numbers,major
shape_PAW,303,P33_A15_W15,1,0.00041068,0.92607803,numbers,major
shape_PAW,304,P16_A9_W9,1,0.00041068,0.92648871,numbers,major
shape_PAW,305,P38_A13_W19,1,0.00041068,0.92689938,numbers,major
shape_PAW,306,P35_A14_W17,1,0.00041068,0.92731006,numbers,major
shape_PAW,307,P34_A14_W14,1,0.00041068,0.92772074,numbers,major
shape_PAW,308,P36_A15_W16,1,0.00041068,0.92813142,numbers,major
shape_PAW,309,P9_A4_W6,1,0.00041068,0.92854209,numbers,major
shape_PAW,310,P34_A13_W15,1,0.00041068,0.92895277,numbers,major
shape_PAW,311,P44_A18_W21,1,0.00041068,0.92936345,numbers,major
shape_PAW,312,P14_A4_W7,1,0.00041068,0.92977413,numbers,major
shape_PAW,313,P20_A8_W11,1,0.00041068,0.9301848,numbers,major
shape_PAW,314,P20_A10_W11,1,0.00041068,0.93059548,numbers,major
shape_PAW,315,P43_A17_W20,1,0.00041068,0.93100616,numbers,major
shape_PAW,316,P29_A10_W10,1,0.00041068,0.93141684,numbers,major
shape_PAW,317,P27_A11_W13,1,0.00041068,0.93182752,numbers,major
shape_PAW,318,P23_A11_W11,1,0.00041068,0.93223819,numbers,major
shape_PAW,319,P36_A12_W14,1,0.00041068,0.93264887,numbers,major
shape_PAW,320,P15_A4_W6,1,0.00041068,0.93305955,numbers,major
shape_PAW,321,P30_A11_W13,1,0.00041068,0.93347023,numbers,major
shape_PAW,322,P34_A12_W14,1,0.00041068,0.9338809,numbers,major
shape_PAW,323,P19_A10_W10,1,0.00041068,0.93429158,numbers,major
shape_PAW,324,P19_A6_W9,1,0.00041068,0.93470226,numbers,major
shape_PAW,325,P9_A2_W3,1,0.00041068,0.93511294,numbers,major
shape_PAW,326,P28_A9_W10,1,0.00041068,0.93552361,numbers,major
shape_PAW,327,P40_A12_W12,1,0.00041068,0.93593429,numbers,major
shape_PAW,328,P23_A7_W9,1,0.00041068,0.93634497,numbers,major
shape_PAW,329,P3_A1_W1,1,0.00041068,0.93675565,numbers,major
shape_PAW,330,P40_A16_W18,1,0.00041068,0.93716632,numbers,major
shape_PAW,331,P11_A4_W7,1,0.00041068,0.937577,numbers,major
shape_PAW,332,P28_A10_W12,1,0.00041068,0.93798768,numbers,major
shape_PAW,333,P21_A9_W12,1,0.00041068,0.93839836,numbers,major
shape_PAW,334,P41_A17_W19,1,0.00041068,0.93880903,numbers,major
shape_PAW,335,P32_A13_W14,1,0.00041068,0.93921971,numbers,major
shape_PAW,336,P16_A8_W9,1,0.00041068,0.93963039,numbers,major
shape_PAW,337,P33_A13_W15,1,0.00041068,0.94004107,numbers,major
shape_PAW,338,P46_A18_W18,1,0.00041068,0.94045175,numbers,major
shape_PAW,339,P38_A14_W17,1,0.00041068,0.94086242,numbers,major
shape_PAW,340,P6_A5_W5,1,0.00041068,0.9412731,numbers,major
shape_PAW,341,P16_A8_W10,1,0.00041068,0.94168378,numbers,major
shape_PAW,342,P11_A2_W4,1,0.00041068,0.94209446,numbers,major
shape_PAW,343,P29_A11_W15,1,0.00041068,0.94250513,numbers,major
shape_PAW,344,P36_A15_W17,1,0.00041068,0.94291581,numbers,major
shape_PAW,345,P19_A6_W10,1,0.00041068,0.94332649,numbers,major
shape_PAW,346,P21_A10_W13,1,0.00041068,0.94373717,numbers,major
shape_PAW,347,P41_A17_W18,1,0.00041068,0.94414784,numbers,major
shape_PAW,348,P13_A3_W6,1,0.00041068,0.94455852,numbers,major
shape_PAW,349,P28_A8_W12,1,0.00041068,0.9449692,numbers,major
shape_PAW,350,P13_A5_W8,1,0.00041068,0.94537988,numbers,major
shape_PAW,351,P36_A14_W17,1,0.00041068,0.94579055,numbers,major
shape_PAW,352,P18_A6_W9,1,0.00041068,0.94620123,numbers,major
shape_PAW,353,P10_A3_W6,1,0.00041068,0.94661191,numbers,major
shape_PAW,354,P29_A13_W13,1,0.00041068,0.94702259,numbers,major
shape_PAW,355,P5_A1_W1,1,0.00041068,0.94743326,numbers,major
shape_PAW,356,P44_A18_W20,1,0.00041068,0.94784394,numbers,major
shape_PAW,357,P8_A5_W6,1,0.00041068,0.94825462,numbers,major
shape_PAW,358,P27_A9_W11,1,0.00041068,0.9486653,numbers,major
shape_PAW,359,P29_A11_W13,1,0.00041068,0.94907598,numbers,major
shape_PAW,360,P28_A11_W11,1,0.00041068,0.94948665,numbers,major
shape_PAW,361,P38_A13_W16,1,0.00041068,0.94989733,numbers,major
shape_PAW,362,P34_A12_W17,1,0.00041068,0.95030801,numbers,major
shape_PAW,363,P39_A14_W14,1,0.00041068,0.95071869,numbers,major
shape_PAW,364,P12_A3_W6,1,0.00041068,0.95112936,numbers,major
shape_PAW,365,P31_A14_W16,1,0.00041068,0.95154004,numbers,major
shape_PAW,366,P28_A9_W9,1,0.00041068,0.95195072,numbers,major
shape_PAW,367,P24_A8_W11,1,0.00041068,0.9523614,numbers,major
shape_PAW,368,P31_A10_W15,1,0.00041068,0.95277207,numbers,major
shape_PAW,369,P38_A16_W16,1,0.00041068,0.95318275,numbers,major
shape_PAW,370,P37_A18_W18,1,0.00041068,0.95359343,numbers,major
shape_PAW,371,P44_A17_W20,1,0.00041068,0.95400411,numbers,major
shape_PAW,372,P34_A16_W18,1,0.00041068,0.95441478,numbers,major
shape_PAW,373,P44_A19_W20,1,0.00041068,0.95482546,numbers,major
shape_PAW,374,P31_A12_W13,1,0.00041068,0.95523614,numbers,major
shape_PAW,375,P22_A8_W11,1,0.00041068,0.95564682,numbers,major
shape_PAW,376,P25_A10_W14,1,0.00041068,0.95605749,numbers,major
shape_PAW,377,P34_A10_W12,1,0.00041068,0.95646817,numbers,major
shape_PAW,378,P41_A13_W16,1,0.00041068,0.95687885,numbers,major
shape_PAW,379,P40_A12_W15,1,0.00041068,0.95728953,numbers,major
shape_PAW,380,P21_A11_W11,1,0.00041068,0.95770021,numbers,major
shape_PAW,381,P19_A13_W13,1,0.00041068,0.95811088,numbers,major
shape_PAW,382,P40_A14_W15,1,0.00041068,0.95852156,numbers,major
shape_PAW,383,P38_A15_W17,1,0.00041068,0.95893224,numbers,major
shape_PAW,384,P35_A16_W18,1,0.00041068,0.95934292,numbers,major
shape_PAW,385,P15_A5_W9,1,0.00041068,0.95975359,numbers,major
shape_PAW,386,P40_A15_W17,1,0.00041068,0.96016427,numbers,major
shape_PAW,387,P18_A10_W11,1,0.00041068,0.96057495,numbers,major
shape_PAW,388,P20_A10_W12,1,0.00041068,0.96098563,numbers,major
shape_PAW,389,P36_A12_W15,1,0.00041068,0.9613963,numbers,major
shape_PAW,390,P26_A8_W9,1,0.00041068,0.96180698,numbers,major
shape_PAW,391,P23_A10_W11,1,0.00041068,0.96221766,numbers,major
shape_PAW,392,P35_A14_W16,1,0.00041068,0.96262834,numbers,major
shape_PAW,393,P23_A8_W11,1,0.00041068,0.96303901,numbers,major
shape_PAW,394,P25_A10_W10,1,0.00041068,0.96344969,numbers,major
shape_PAW,395,P13_A8_W8,1,0.00041068,0.96386037,numbers,major
shape_PAW,396,P39_A14_W18,1,0.00041068,0.96427105,numbers,major
shape_PAW,397,P24_A11_W14,1,0.00041068,0.96468172,numbers,major
shape_PAW,398,P22_A6_W8,1,0.00041068,0.9650924,numbers,major
shape_PAW,399,P30_A11_W16,1,0.00041068,0.96550308,numbers,major
shape_PAW,400,P11_A7_W8,1,0.00041068,0.96591376,numbers,major
shape_PAW,401,P29_A10_W15,1,0.00041068,0.96632444,numbers,major
shape_PAW,402,P26_A12_W13,1,0.00041068,0.96673511,numbers,major
shape_PAW,403,P33_A15_W19,1,0.00041068,0.96714579,numbers,major
shape_PAW,404,P22_A10_W10,1,0.00041068,0.96755647,numbers,major
shape_PAW,405,P8_A6_W7,1,0.00041068,0.96796715,numbers,major
shape_PAW,406,P11_A6_W7,1,0.00041068,0.96837782,numbers,major
shape_PAW,407,P28_A13_W15,1,0.00041068,0.9687885,numbers,major
shape_PAW,408,P39_A14_W16,1,0.00041068,0.96919918,numbers,major
shape_PAW,409,P30_A10_W14,1,0.00041068,0.96960986,numbers,major
shape_PAW,410,P43_A16_W19,1,0.00041068,0.97002053,numbers,major
shape_PAW,411,P32_A12_W14,1,0.00041068,0.97043121,numbers,major
shape_PAW,412,P30_A13_W14,1,0.00041068,0.97084189,numbers,major
shape_PAW,413,P22_A10_W12,1,0.00041068,0.97125257,numbers,major
shape_PAW,414,P29_A11_W14,1,0.00041068,0.97166324,numbers,major
shape_PAW,415,P7_A5_W5,1,0.00041068,0.97207392,numbers,major
shape_PAW,416,P35_A16_W17,1,0.00041068,0.9724846,numbers,major
shape_PAW,417,P30_A13_W15,1,0.00041068,0.97289528,numbers,major
shape_PAW,418,P20_A7_W9,1,0.00041068,0.97330595,numbers,major
shape_PAW,419,P34_A16_W19,1,0.00041068,0.97371663,numbers,major
shape_PAW,420,P30_A12_W16,1,0.00041068,0.97412731,numbers,major
shape_PAW,421,P26_A8_W13,1,0.00041068,0.97453799,numbers,major
shape_PAW,422,P31_A12_W15,1,0.00041068,0.97494867,numbers,major
shape_PAW,423,P32_A9_W10,1,0.00041068,0.97535934,numbers,major
shape_PAW,424,P17_A5_W6,1,0.00041068,0.97577002,numbers,major
shape_PAW,425,P23_A8_W9,1,0.00041068,0.9761807,numbers,major
shape_PAW,426,P33_A9_W10,1,0.00041068,0.97659138,numbers,major
shape_PAW,427,P20_A6_W6,1,0.00041068,0.97700205,numbers,major
shape_PAW,428,P4_A3_W3,1,0.00041068,0.97741273,numbers,major
shape_PAW,429,P39_A13_W13,1,0.00041068,0.97782341,numbers,major
shape_PAW,430,P26_A13_W14,1,0.00041068,0.97823409,numbers,major
shape_PAW,431,P33_A10_W15,1,0.00041068,0.97864476,numbers,major
shape_PAW,432,P4_A3_W4,1,0.00041068,0.97905544,numbers,major
shape_PAW,433,P5_A3_W4,1,0.00041068,0.97946612,numbers,major
shape_PAW,434,P32_A11_W13,1,0.00041068,0.9798768,numbers,major
shape_PAW,435,P26_A9_W10,1,0.00041068,0.98028747,numbers,major
shape_PAW,436,P23_A9_W14,1,0.00041068,0.98069815,numbers,major
shape_PAW,437,P21_A8_W13,1,0.00041068,0.98110883,numbers,major
shape_PAW,438,P30_A9_W9,1,0.00041068,0.98151951,numbers,major
shape_PAW,439,P22_A7_W7,1,0.00041068,0.98193018,numbers,major
shape_PAW,440,P30_A13_W13,1,0.00041068,0.98234086,numbers,major
shape_PAW,441,P26_A7_W7,1,0.00041068,0.98275154,numbers,major
shape_PAW,442,P23_A7_W7,1,0.00041068,0.98316222,numbers,major
shape_PAW,443,P32_A7_W7,1,0.00041068,0.9835729,numbers,major
shape_PAW,444,P27_A14_W15,1,0.00041068,0.98398357,numbers,major
shape_PAW,445,P30_A11_W15,1,0.00041068,0.98439425,numbers,major
shape_PAW,446,P36_A16_W18,1,0.00041068,0.98480493,numbers,major
shape_PAW,447,P34_A12_W18,1,0.00041068,0.98521561,numbers,major
shape_PAW,448,P32_A10_W12,1,0.00041068,0.98562628,numbers,major
shape_PAW,449,P31_A12_W19,1,0.00041068,0.98603696,numbers,major
shape_PAW,450,P17_A5_W10,1,0.00041068,0.98644764,numbers,major
shape_PAW,451,P36_A11_W18,1,0.00041068,0.98685832,numbers,major
shape_PAW,452,P22_A10_W13,1,0.00041068,0.98726899,numbers,major
shape_PAW,453,P20_A5_W11,1,0.00041068,0.98767967,numbers,major
shape_PAW,454,P4_A1_W1,1,0.00041068,0.98809035,numbers,major
shape_PAW,455,P22_A7_W8,1,0.00041068,0.98850103,numbers,major
shape_PAW,456,P23_A7_W8,1,0.00041068,0.9889117,numbers,major
shape_PAW,457,P32_A12_W12,1,0.00041068,0.98932238,numbers,major
shape_PAW,458,P18_A4_W8,1,0.00041068,0.98973306,numbers,major
shape_PAW,459,P42_A12_W18,1,0.00041068,0.99014374,numbers,major
shape_PAW,460,P32_A10_W14,1,0.00041068,0.99055441,numbers,major
shape_PAW,461,P16_A5_W8,1,0.00041068,0.99096509,numbers,major
shape_PAW,462,P41_A15_W16,1,0.00041068,0.99137577,numbers,major
shape_PAW,463,P13_A6_W8,1,0.00041068,0.99178645,numbers,major
shape_PAW,464,P15_A4_W5,1,0.00041068,0.99219713,numbers,major
shape_PAW,465,P47_A16_W20,1,0.00041068,0.9926078,numbers,major
shape_PAW,466,P48_A18_W22,1,0.00041068,0.99301848,numbers,major
shape_PAW,467,P8_A4_W6,1,0.00041068,0.99342916,numbers,major
shape_PAW,468,P13_A6_W9,1,0.00041068,0.99383984,numbers,major
shape_PAW,469,P27_A11_W11,1,0.00041068,0.99425051,numbers,major
shape_PAW,470,P23_A7_W10,1,0.00041068,0.99466119,numbers,major
shape_PAW,471,P50_A17_W21,1,0.00041068,0.99507187,numbers,major
shape_PAW,472,P38_A13_W15,1,0.00041068,0.99548255,numbers,major
shape_PAW,473,P21_A10_W12,1,0.00041068,0.99589322,numbers,major
shape_PAW,474,P17_A6_W9,1,0.00041068,0.9963039,numbers,major
shape_PAW,475,P35_A14_W14,1,0.00041068,0.99671458,numbers,major
shape_PAW,476,P47_A19_W25,1,0.00041068,0.99712526,numbers,major
shape_PAW,477,P27_A13_W14,1,0.00041068,0.99753593,numbers,major
shape_PAW,478,P23_A12_W12,1,0.00041068,0.99794661,numbers,major
shape_PAW,479,P19_A10_W11,1,0.00041068,0.99835729,numbers,major
shape_PAW,480,P33_A13_W16,1,0.00041068,0.99876797,numbers,major
shape_PAW,481,P13_A7_W8,1,0.00041068,0.99917864,numbers,major
shape_PAW,482,P25_A11_W12,1,0.00041068,0.99958932,numbers,major
shape_PAW,483,P48_A18_W18,1,0.00041068,1.0,numbers,major
bucket_PAW,1,P7-9_A3_W3-4,218,0.08952772,0.08952772,numbers,major
bucket_PAW,2,P19-24_A8+_W9-12,213,0.08747433,0.17700205,numbers,major
bucket_PAW,3,P25+_A8+_W13+,177,0.07268994,0.24969199,numbers,major
bucket_PAW,4,P10-12_A5_W5-6,155,0.06365503,0.31334702,numbers,major
bucket_PAW,5,P16-18_A6-7_W7-8,143,0.0587269,0.37207392,numbers,major
bucket_PAW,6,P10-12_A4_W5-6,138,0.05667351,0.42874743,numbers,major
bucket_PAW,7,P13-15_A5_W5-6,126,0.05174538,0.48049281,numbers,major
bucket_PAW,8,P25+_A8+_W9-12,124,0.05092402,0.53141684,numbers,major
bucket_PAW,9,P13-15_A6-7_W7-8,109,0.04476386,0.5761807,numbers,major
bucket_PAW,10,P13-15_A6-7_W5-6,85,0.0349076,0.6110883,numbers,major
bucket_PAW,11,P10-12_A4_W3-4,81,0.03326489,0.64435318,numbers,major
bucket_PAW,12,P10-12_A3_W3-4,73,0.02997947,0.67433265,numbers,major
bucket_PAW,13,P5-6_A2_W1-2,67,0.0275154,0.70184805,numbers,major
bucket_PAW,14,P7-9_A2_W1-2,59,0.02422998,0.72607803,numbers,major
bucket_PAW,15,P7-9_A4_W3-4,58,0.0238193,0.74989733,numbers,major
bucket_PAW,16,P19-24_A6-7_W7-8,58,0.0238193,0.77371663,numbers,major
bucket_PAW,17,P5-6_A3_W3-4,51,0.02094456,0.79466119,numbers,major
bucket_PAW,18,P16-18_A6-7_W5-6,41,0.01683778,0.81149897,numbers,major
bucket_PAW,19,P16-18_A8+_W9-12,37,0.01519507,0.82669405,numbers,major
bucket_PAW,20,P7-9_A2_W3-4,34,0.01396304,0.84065708,numbers,major
bucket_PAW,21,P5-6_A2_W3-4,33,0.01355236,0.85420945,numbers,major
bucket_PAW,22,P19-24_A8+_W7-8,29,0.01190965,0.8661191,numbers,major
bucket_PAW,23,P13-15_A4_W5-6,28,0.01149897,0.87761807,numbers,major
bucket_PAW,24,P19-24_A6-7_W9-12,28,0.01149897,0.88911704,numbers,major
bucket_PAW,25,P7-9_A4_W5-6,24,0.00985626,0.89897331,numbers,major
bucket_PAW,26,P1-4_A2_W1-2,19,0.00780287,0.90677618,numbers,major
bucket_PAW,27,P16-18_A6-7_W9-12,19,0.00780287,0.91457906,numbers,major
bucket_PAW,28,P13-15_A5_W7-8,19,0.00780287,0.92238193,numbers,major
bucket_PAW,29,P7-9_A5_W5-6,18,0.0073922,0.92977413,numbers,major
bucket_PAW,30,P13-15_A4_W3-4,17,0.00698152,0.93675565,numbers,major
bucket_PAW,31,P16-18_A5_W5-6,17,0.00698152,0.94373717,numbers,major
bucket_PAW,32,P10-12_A6-7_W5-6,16,0.00657084,0.95030801,numbers,major
bucket_PAW,33,P10-12_A3_W5-6,15,0.00616016,0.95646817,numbers,major
bucket_PAW,34,P16-18_A5_W7-8,14,0.00574949,0.96221766,numbers,major
bucket_PAW,35,P10-12_A6-7_W7-8,14,0.00574949,0.96796715,numbers,major
bucket_PAW,36,P19-24_A8+_W13+,11,0.00451745,0.9724846,numbers,major
bucket_PAW,37,P16-18_A8+_W7-8,10,0.00410678,0.97659138,numbers,major
bucket_PAW,38,P19-24_A6-7_W5-6,9,0.0036961,0.98028747,numbers,major
bucket_PAW,39,P25+_A6-7_W7-8,7,0.00287474,0.98316222,numbers,major
bucket_PAW,40,P10-12_A5_W7-8,6,0.00246407,0.98562628,numbers,major
bucket_PAW,41,P13-15_A8+_W7-8,5,0.00205339,0.98767967,numbers,major
bucket_PAW,42,P7-9_A3_W5-6,4,0.00164271,0.98932238,numbers,major
bucket_PAW,43,P13-15_A4_W7-8,3,0.00123203,0.99055441,numbers,major
bucket_PAW,44,P7-9_A6-7_W5-6,2,0.00082136,0.99137577,numbers,major
bucket_PAW,45,P13-15_A6-7_W9-12,2,0.00082136,0.99219713,numbers,major
bucket_PAW,46,P1-4_A0-1_W1-2,2,0.00082136,0.99301848,numbers,major
bucket_PAW,47,P1-4_A3_W3-4,2,0.00082136,0.99383984,numbers,major
bucket_PAW,48,P1-4_A2_W3-4,2,0.00082136,0.99466119,numbers,major
bucket_PAW,49,P13-15_A8+_W9-12,1,0.00041068,0.99507187,numbers,major
bucket_PAW,50,P19-24_A5_W7-8,1,0.00041068,0.99548255,numbers,major
bucket_PAW,51,P10-12_A8+_W7-8,1,0.00041068,0.99589322,numbers,major
bucket_PAW,52,P10-12_A4_W7-8,1,0.00041068,0.9963039,numbers,major
bucket_PAW,53,P5-6_A5_W5-6,1,0.00041068,0.99671458,numbers,major
bucket_PAW,54,P10-12_A2_W3-4,1,0.00041068,0.99712526,numbers,major
bucket_PAW,55,P13-15_A3_W5-6,1,0.00041068,0.99753593,numbers,major
bucket_PAW,56,P5-6_A0-1_W1-2,1,0.00041068,0.99794661,numbers,major
bucket_PAW,57,P13-15_A5_W9-12,1,0.00041068,0.99835729,numbers,major
bucket_PAW,58,P7-9_A6-7_W7-8,1,0.00041068,0.99876797,numbers,major
bucket_PAW,59,P16-18_A5_W9-12,1,0.00041068,0.99917864,numbers,major
bucket_PAW,60,P19-24_A5_W9-12,1,0.00041068,0.99958932,numbers,major
bucket_PAW,61,P16-18_A4_W7-8,1,0.00041068,1.0,numbers,major
shape_PA,1,P11_A4,45,0.03504673,0.03504673,numbers,verse
shape_PA,2,P20_A9,22,0.01713396,0.05218069,numbers,verse
shape_PA,3,P18_A7,21,0.01635514,0.06853583,numbers,verse
shape_PA,4,P21_A8,17,0.01323988,0.0817757,numbers,verse
shape_PA,5,P19_A7,16,0.01246106,0.09423676,numbers,verse
shape_PA,6,P28_A10,16,0.01246106,0.10669782,numbers,verse
shape_PA,7,P29_A12,16,0.01246106,0.11915888,numbers,verse
shape_PA,8,P19_A8,15,0.01168224,0.13084112,numbers,verse
shape_PA,9,P31_A12,14,0.01090343,0.14174455,numbers,verse
shape_PA,10,P23_A9,14,0.01090343,0.15264798,numbers,verse
shape_PA,11,P22_A8,14,0.01090343,0.1635514,numbers,verse
shape_PA,12,P16_A6,14,0.01090343,0.17445483,numbers,verse
shape_PA,13,P17_A7,14,0.01090343,0.18535826,numbers,verse
shape_PA,14,P25_A10,14,0.01090343,0.19626168,numbers,verse
shape_PA,15,P22_A9,13,0.01012461,0.20638629,numbers,verse
shape_PA,16,P20_A8,13,0.01012461,0.2165109,numbers,verse
shape_PA,17,P15_A6,13,0.01012461,0.22663551,numbers,verse
shape_PA,18,P20_A7,13,0.01012461,0.23676012,numbers,verse
shape_PA,19,P23_A8,13,0.01012461,0.24688474,numbers,verse
shape_PA,20,P8_A3,12,0.00934579,0.25623053,numbers,verse
shape_PA,21,P28_A11,12,0.00934579,0.26557632,numbers,verse
shape_PA,22,P30_A11,12,0.00934579,0.27492212,numbers,verse
shape_PA,23,P32_A13,12,0.00934579,0.28426791,numbers,verse
shape_PA,24,P13_A6,12,0.00934579,0.29361371,numbers,verse
shape_PA,25,P38_A15,11,0.00856698,0.30218069,numbers,verse
shape_PA,26,P33_A13,11,0.00856698,0.31074766,numbers,verse
shape_PA,27,P31_A13,11,0.00856698,0.31931464,numbers,verse
shape_PA,28,P24_A10,11,0.00856698,0.32788162,numbers,verse
shape_PA,29,P32_A12,11,0.00856698,0.3364486,numbers,verse
shape_PA,30,P24_A8,10,0.00778816,0.34423676,numbers,verse
shape_PA,31,P35_A14,10,0.00778816,0.35202492,numbers,verse
shape_PA,32,P17_A6,10,0.00778816,0.35981308,numbers,verse
shape_PA,33,P21_A9,9,0.00700935,0.36682243,numbers,verse
shape_PA,34,P24_A9,9,0.00700935,0.37383178,numbers,verse
shape_PA,35,P27_A11,9,0.00700935,0.38084112,numbers,verse
shape_PA,36,P18_A6,9,0.00700935,0.38785047,numbers,verse
shape_PA,37,P30_A13,9,0.00700935,0.39485981,numbers,verse
shape_PA,38,P39_A15,9,0.00700935,0.40186916,numbers,verse
shape_PA,39,P30_A12,9,0.00700935,0.4088785,numbers,verse
shape_PA,40,P50_A20,9,0.00700935,0.41588785,numbers,verse
shape_PA,41,P15_A5,9,0.00700935,0.4228972,numbers,verse
shape_PA,42,P34_A14,8,0.00623053,0.42912773,numbers,verse
shape_PA,43,P25_A9,8,0.00623053,0.43535826,numbers,verse
shape_PA,44,P26_A10,8,0.00623053,0.44158879,numbers,verse
shape_PA,45,P28_A12,8,0.00623053,0.44781931,numbers,verse
shape_PA,46,P37_A12,8,0.00623053,0.45404984,numbers,verse
shape_PA,47,P33_A11,8,0.00623053,0.46028037,numbers,verse
shape_PA,48,P29_A11,8,0.00623053,0.4665109,numbers,verse
shape_PA,49,P34_A12,8,0.00623053,0.47274143,numbers,verse
shape_PA,50,P29_A10,8,0.00623053,0.47897196,numbers,verse
shape_PA,51,P18_A9,7,0.00545171,0.48442368,numbers,verse
shape_PA,52,P26_A9,7,0.00545171,0.48987539,numbers,verse
shape_PA,53,P35_A13,7,0.00545171,0.4953271,numbers,verse
shape_PA,54,P29_A13,7,0.00545171,0.50077882,numbers,verse
shape_PA,55,P15_A7,7,0.00545171,0.50623053,numbers,verse
shape_PA,56,P37_A14,7,0.00545171,0.51168224,numbers,verse
shape_PA,57,P33_A14,7,0.00545171,0.51713396,numbers,verse
shape_PA,58,P34_A13,7,0.00545171,0.52258567,numbers,verse
shape_PA,59,P23_A10,7,0.00545171,0.52803738,numbers,verse
shape_PA,60,P16_A7,7,0.00545171,0.5334891,numbers,verse
shape_PA,61,P43_A16,7,0.00545171,0.53894081,numbers,verse
shape_PA,62,P41_A15,7,0.00545171,0.54439252,numbers,verse
shape_PA,63,P14_A4,7,0.00545171,0.54984424,numbers,verse
shape_PA,64,P26_A11,7,0.00545171,0.55529595,numbers,verse
shape_PA,65,P43_A17,7,0.00545171,0.56074766,numbers,verse
shape_PA,66,P33_A12,6,0.0046729,0.56542056,numbers,verse
shape_PA,67,P37_A15,6,0.0046729,0.57009346,numbers,verse
shape_PA,68,P22_A10,6,0.0046729,0.57476636,numbers,verse
shape_PA,69,P30_A10,6,0.0046729,0.57943925,numbers,verse
shape_PA,70,P31_A11,6,0.0046729,0.58411215,numbers,verse
shape_PA,71,P19_A6,6,0.0046729,0.58878505,numbers,verse
shape_PA,72,P36_A14,6,0.0046729,0.59345794,numbers,verse
shape_PA,73,P27_A9,6,0.0046729,0.59813084,numbers,verse
shape_PA,74,P37_A16,6,0.0046729,0.60280374,numbers,verse
shape_PA,75,P38_A16,6,0.0046729,0.60747664,numbers,verse
shape_PA,76,P13_A5,6,0.0046729,0.61214953,numbers,verse
shape_PA,77,P39_A14,6,0.0046729,0.61682243,numbers,verse
shape_PA,78,P35_A15,6,0.0046729,0.62149533,numbers,verse
shape_PA,79,P17_A8,6,0.0046729,0.62616822,numbers,verse
shape_PA,80,P45_A18,6,0.0046729,0.63084112,numbers,verse
shape_PA,81,P10_A4,6,0.0046729,0.63551402,numbers,verse
shape_PA,82,P12_A4,6,0.0046729,0.64018692,numbers,verse
shape_PA,83,P41_A16,5,0.00389408,0.644081,numbers,verse
shape_PA,84,P48_A18,5,0.00389408,0.64797508,numbers,verse
shape_PA,85,P42_A17,5,0.00389408,0.65186916,numbers,verse
shape_PA,86,P21_A7,5,0.00389408,0.65576324,numbers,verse
shape_PA,87,P27_A10,5,0.00389408,0.65965732,numbers,verse
shape_PA,88,P42_A18,5,0.00389408,0.6635514,numbers,verse
shape_PA,89,P14_A6,5,0.00389408,0.66744548,numbers,verse
shape_PA,90,P41_A17,5,0.00389408,0.67133956,numbers,verse
shape_PA,91,P49_A18,5,0.00389408,0.67523364,numbers,verse
shape_PA,92,P47_A18,5,0.00389408,0.67912773,numbers,verse
shape_PA,93,P36_A16,5,0.00389408,0.68302181,numbers,verse
shape_PA,94,P31_A10,5,0.00389408,0.68691589,numbers,verse
shape_PA,95,P46_A18,5,0.00389408,0.69080997,numbers,verse
shape_PA,96,P24_A11,5,0.00389408,0.69470405,numbers,verse
shape_PA,97,P28_A9,5,0.00389408,0.69859813,numbers,verse
shape_PA,98,P42_A16,5,0.00389408,0.70249221,numbers,verse
shape_PA,99,P45_A19,5,0.00389408,0.70638629,numbers,verse
shape_PA,100,P13_A4,5,0.00389408,0.71028037,numbers,verse
shape_PA,101,P27_A12,5,0.00389408,0.71417445,numbers,verse
shape_PA,102,P25_A7,5,0.00389408,0.71806854,numbers,verse
shape_PA,103,P14_A5,5,0.00389408,0.72196262,numbers,verse
shape_PA,104,P7_A3,4,0.00311526,0.72507788,numbers,verse
shape_PA,105,P52_A20,4,0.00311526,0.72819315,numbers,verse
shape_PA,106,P36_A15,4,0.00311526,0.73130841,numbers,verse
shape_PA,107,P23_A7,4,0.00311526,0.73442368,numbers,verse
shape_PA,108,P39_A16,4,0.00311526,0.73753894,numbers,verse
shape_PA,109,P36_A12,4,0.00311526,0.74065421,numbers,verse
shape_PA,110,P38_A14,4,0.00311526,0.74376947,numbers,verse
shape_PA,111,P22_A7,4,0.00311526,0.74688474,numbers,verse
shape_PA,112,P16_A5,4,0.00311526,0.75,numbers,verse
shape_PA,113,P37_A13,4,0.00311526,0.75311526,numbers,verse
shape_PA,114,P31_A15,4,0.00311526,0.75623053,numbers,verse
shape_PA,115,P26_A12,4,0.00311526,0.75934579,numbers,verse
shape_PA,116,P25_A12,4,0.00311526,0.76246106,numbers,verse
shape_PA,117,P47_A16,4,0.00311526,0.76557632,numbers,verse
shape_PA,118,P44_A16,4,0.00311526,0.76869159,numbers,verse
shape_PA,119,P32_A11,4,0.00311526,0.77180685,numbers,verse
shape_PA,120,P18_A8,4,0.00311526,0.77492212,numbers,verse
shape_PA,121,P44_A18,4,0.00311526,0.77803738,numbers,verse
shape_PA,122,P31_A14,4,0.00311526,0.78115265,numbers,verse
shape_PA,123,P11_A5,4,0.00311526,0.78426791,numbers,verse
shape_PA,124,P46_A19,4,0.00311526,0.78738318,numbers,verse
shape_PA,125,P44_A17,4,0.00311526,0.79049844,numbers,verse
shape_PA,126,P23_A11,4,0.00311526,0.79361371,numbers,verse
shape_PA,127,P20_A6,4,0.00311526,0.79672897,numbers,verse
shape_PA,128,P40_A16,4,0.00311526,0.79984424,numbers,verse
shape_PA,129,P15_A4,4,0.00311526,0.8029595,numbers,verse
shape_PA,130,P38_A17,4,0.00311526,0.80607477,numbers,verse
shape_PA,131,P10_A3,3,0.00233645,0.80841121,numbers,verse
shape_PA,132,P45_A16,3,0.00233645,0.81074766,numbers,verse
shape_PA,133,P25_A8,3,0.00233645,0.81308411,numbers,verse
shape_PA,134,P35_A16,3,0.00233645,0.81542056,numbers,verse
shape_PA,135,P36_A13,3,0.00233645,0.81775701,numbers,verse
shape_PA,136,P42_A15,3,0.00233645,0.82009346,numbers,verse
shape_PA,137,P41_A14,3,0.00233645,0.82242991,numbers,verse
shape_PA,138,P21_A10,3,0.00233645,0.82476636,numbers,verse
shape_PA,139,P45_A17,3,0.00233645,0.8271028,numbers,verse
shape_PA,140,P24_A7,3,0.00233645,0.82943925,numbers,verse
shape_PA,141,P19_A9,3,0.00233645,0.8317757,numbers,verse
shape_PA,142,P36_A17,3,0.00233645,0.83411215,numbers,verse
shape_PA,143,P27_A13,3,0.00233645,0.8364486,numbers,verse
shape_PA,144,P41_A18,3,0.00233645,0.83878505,numbers,verse
shape_PA,145,P51_A20,3,0.00233645,0.8411215,numbers,verse
shape_PA,146,P48_A20,3,0.00233645,0.84345794,numbers,verse
shape_PA,147,P40_A15,3,0.00233645,0.84579439,numbers,verse
shape_PA,148,P42_A14,3,0.00233645,0.84813084,numbers,verse
shape_PA,149,P46_A20,3,0.00233645,0.85046729,numbers,verse
shape_PA,150,P32_A10,3,0.00233645,0.85280374,numbers,verse
shape_PA,151,P46_A16,3,0.00233645,0.85514019,numbers,verse
shape_PA,152,P43_A18,3,0.00233645,0.85747664,numbers,verse
shape_PA,153,P34_A15,3,0.00233645,0.85981308,numbers,verse
shape_PA,154,P17_A9,2,0.00155763,0.86137072,numbers,verse
shape_PA,155,P11_A3,2,0.00155763,0.86292835,numbers,verse
shape_PA,156,P21_A6,2,0.00155763,0.86448598,numbers,verse
shape_PA,157,P27_A8,2,0.00155763,0.86604361,numbers,verse
shape_PA,158,P46_A15,2,0.00155763,0.86760125,numbers,verse
shape_PA,159,P50_A21,2,0.00155763,0.86915888,numbers,verse
shape_PA,160,P32_A14,2,0.00155763,0.87071651,numbers,verse
shape_PA,161,P22_A6,2,0.00155763,0.87227414,numbers,verse
shape_PA,162,P25_A13,2,0.00155763,0.87383178,numbers,verse
shape_PA,163,P53_A22,2,0.00155763,0.87538941,numbers,verse
shape_PA,164,P34_A10,2,0.00155763,0.87694704,numbers,verse
shape_PA,165,P55_A22,2,0.00155763,0.87850467,numbers,verse
shape_PA,166,P41_A19,2,0.00155763,0.88006231,numbers,verse
shape_PA,167,P35_A12,2,0.00155763,0.88161994,numbers,verse
shape_PA,168,P25_A11,2,0.00155763,0.88317757,numbers,verse
shape_PA,169,P53_A21,2,0.00155763,0.8847352,numbers,verse
shape_PA,170,P33_A15,2,0.00155763,0.88629283,numbers,verse
shape_PA,171,P52_A18,2,0.00155763,0.88785047,numbers,verse
shape_PA,172,P49_A20,2,0.00155763,0.8894081,numbers,verse
shape_PA,173,P26_A8,2,0.00155763,0.89096573,numbers,verse
shape_PA,174,P43_A19,2,0.00155763,0.89252336,numbers,verse
shape_PA,175,P38_A18,2,0.00155763,0.894081,numbers,verse
shape_PA,176,P38_A12,2,0.00155763,0.89563863,numbers,verse
shape_PA,177,P51_A21,2,0.00155763,0.89719626,numbers,verse
shape_PA,178,P54_A20,2,0.00155763,0.89875389,numbers,verse
shape_PA,179,P53_A19,2,0.00155763,0.90031153,numbers,verse
shape_PA,180,P38_A13,2,0.00155763,0.90186916,numbers,verse
shape_PA,181,P50_A17,2,0.00155763,0.90342679,numbers,verse
shape_PA,182,P44_A15,2,0.00155763,0.90498442,numbers,verse
shape_PA,183,P49_A19,2,0.00155763,0.90654206,numbers,verse
shape_PA,184,P23_A12,2,0.00155763,0.90809969,numbers,verse
shape_PA,185,P16_A8,2,0.00155763,0.90965732,numbers,verse
shape_PA,186,P50_A16,2,0.00155763,0.91121495,numbers,verse
shape_PA,187,P47_A21,2,0.00155763,0.91277259,numbers,verse
shape_PA,188,P45_A20,2,0.00155763,0.91433022,numbers,verse
shape_PA,189,P46_A17,2,0.00155763,0.91588785,numbers,verse
shape_PA,190,P40_A17,2,0.00155763,0.91744548,numbers,verse
shape_PA,191,P24_A12,2,0.00155763,0.91900312,numbers,verse
shape_PA,192,P12_A5,2,0.00155763,0.92056075,numbers,verse
shape_PA,193,P60_A21,2,0.00155763,0.92211838,numbers,verse
shape_PA,194,P17_A5,2,0.00155763,0.92367601,numbers,verse
shape_PA,195,P16_A4,2,0.00155763,0.92523364,numbers,verse
shape_PA,196,P39_A18,2,0.00155763,0.92679128,numbers,verse
shape_PA,197,P9_A3,1,0.00077882,0.92757009,numbers,verse
shape_PA,198,P49_A17,1,0.00077882,0.92834891,numbers,verse
shape_PA,199,P21_A11,1,0.00077882,0.92912773,numbers,verse
shape_PA,200,P56_A21,1,0.00077882,0.92990654,numbers,verse
shape_PA,201,P44_A13,1,0.00077882,0.93068536,numbers,verse
shape_PA,202,P43_A13,1,0.00077882,0.93146417,numbers,verse
shape_PA,203,P56_A22,1,0.00077882,0.93224299,numbers,verse
shape_PA,204,P63_A23,1,0.00077882,0.93302181,numbers,verse
shape_PA,205,P58_A17,1,0.00077882,0.93380062,numbers,verse
shape_PA,206,P46_A14,1,0.00077882,0.93457944,numbers,verse
shape_PA,207,P40_A13,1,0.00077882,0.93535826,numbers,verse
shape_PA,208,P32_A16,1,0.00077882,0.93613707,numbers,verse
shape_PA,209,P34_A16,1,0.00077882,0.93691589,numbers,verse
shape_PA,210,P64_A27,1,0.00077882,0.9376947,numbers,verse
shape_PA,211,P58_A23,1,0.00077882,0.93847352,numbers,verse
shape_PA,212,P44_A19,1,0.00077882,0.93925234,numbers,verse
shape_PA,213,P10_A6,1,0.00077882,0.94003115,numbers,verse
shape_PA,214,P42_A19,1,0.00077882,0.94080997,numbers,verse
shape_PA,215,P42_A20,1,0.00077882,0.94158879,numbers,verse
shape_PA,216,P12_A3,1,0.00077882,0.9423676,numbers,verse
shape_PA,217,P63_A26,1,0.00077882,0.94314642,numbers,verse
shape_PA,218,P43_A15,1,0.00077882,0.94392523,numbers,verse
shape_PA,219,P44_A21,1,0.00077882,0.94470405,numbers,verse
shape_PA,220,P36_A18,1,0.00077882,0.94548287,numbers,verse
shape_PA,221,P64_A26,1,0.00077882,0.94626168,numbers,verse
shape_PA,222,P28_A14,1,0.00077882,0.9470405,numbers,verse
shape_PA,223,P40_A18,1,0.00077882,0.94781931,numbers,verse
shape_PA,224,P49_A15,1,0.00077882,0.94859813,numbers,verse
shape_PA,225,P64_A20,1,0.00077882,0.94937695,numbers,verse
shape_PA,226,P60_A24,1,0.00077882,0.95015576,numbers,verse
shape_PA,227,P20_A10,1,0.00077882,0.95093458,numbers,verse
shape_PA,228,P52_A21,1,0.00077882,0.9517134,numbers,verse
shape_PA,229,P47_A17,1,0.00077882,0.95249221,numbers,verse
shape_PA,230,P54_A22,1,0.00077882,0.95327103,numbers,verse
shape_PA,231,P52_A22,1,0.00077882,0.95404984,numbers,verse
shape_PA,232,P37_A17,1,0.00077882,0.95482866,numbers,verse
shape_PA,233,P33_A16,1,0.00077882,0.95560748,numbers,verse
shape_PA,234,P8_A4,1,0.00077882,0.95638629,numbers,verse
shape_PA,235,P44_A14,1,0.00077882,0.95716511,numbers,verse
shape_PA,236,P30_A14,1,0.00077882,0.95794393,numbers,verse
shape_PA,237,P56_A24,1,0.00077882,0.95872274,numbers,verse
shape_PA,238,P32_A15,1,0.00077882,0.95950156,numbers,verse
shape_PA,239,P64_A28,1,0.00077882,0.96028037,numbers,verse
shape_PA,240,P18_A5,1,0.00077882,0.96105919,numbers,verse
shape_PA,241,P22_A12,1,0.00077882,0.96183801,numbers,verse
shape_PA,242,P56_A19,1,0.00077882,0.96261682,numbers,verse
shape_PA,243,P60_A27,1,0.00077882,0.96339564,numbers,verse
shape_PA,244,P61_A24,1,0.00077882,0.96417445,numbers,verse
shape_PA,245,P44_A20,1,0.00077882,0.96495327,numbers,verse
shape_PA,246,P55_A23,1,0.00077882,0.96573209,numbers,verse
shape_PA,247,P48_A17,1,0.00077882,0.9665109,numbers,verse
shape_PA,248,P55_A17,1,0.00077882,0.96728972,numbers,verse
shape_PA,249,P53_A18,1,0.00077882,0.96806854,numbers,verse
shape_PA,250,P55_A19,1,0.00077882,0.96884735,numbers,verse
shape_PA,251,P42_A22,1,0.00077882,0.96962617,numbers,verse
shape_PA,252,P61_A23,1,0.00077882,0.97040498,numbers,verse
shape_PA,253,P58_A21,1,0.00077882,0.9711838,numbers,verse
shape_PA,254,P50_A22,1,0.00077882,0.97196262,numbers,verse
shape_PA,255,P58_A25,1,0.00077882,0.97274143,numbers,verse
shape_PA,256,P58_A19,1,0.00077882,0.97352025,numbers,verse
shape_PA,257,P34_A11,1,0.00077882,0.97429907,numbers,verse
shape_PA,258,P28_A13,1,0.00077882,0.97507788,numbers,verse
shape_PA,259,P54_A21,1,0.00077882,0.9758567,numbers,verse
shape_PA,260,P21_A12,1,0.00077882,0.97663551,numbers,verse
shape_PA,261,P50_A23,1,0.00077882,0.97741433,numbers,verse
shape_PA,262,P29_A14,1,0.00077882,0.97819315,numbers,verse
shape_PA,263,P49_A21,1,0.00077882,0.97897196,numbers,verse
shape_PA,264,P16_A10,1,0.00077882,0.97975078,numbers,verse
shape_PA,265,P12_A6,1,0.00077882,0.9805296,numbers,verse
shape_PA,266,P47_A20,1,0.00077882,0.98130841,numbers,verse
shape_PA,267,P49_A16,1,0.00077882,0.98208723,numbers,verse
shape_PA,268,P8_A2,1,0.00077882,0.98286604,numbers,verse
shape_PA,269,P42_A12,1,0.00077882,0.98364486,numbers,verse
shape_PA,270,P43_A12,1,0.00077882,0.98442368,numbers,verse
shape_PA,271,P29_A9,1,0.00077882,0.98520249,numbers,verse
shape_PA,272,P42_A13,1,0.00077882,0.98598131,numbers,verse
shape_PA,273,P39_A17,1,0.00077882,0.98676012,numbers,verse
shape_PA,274,P39_A13,1,0.00077882,0.98753894,numbers,verse
shape_PA,275,P26_A7,1,0.00077882,0.98831776,numbers,verse
shape_PA,276,P42_A11,1,0.00077882,0.98909657,numbers,verse
shape_PA,277,P48_A16,1,0.00077882,0.98987539,numbers,verse
shape_PA,278,P24_A6,1,0.00077882,0.99065421,numbers,verse
shape_PA,279,P61_A19,1,0.00077882,0.99143302,numbers,verse
shape_PA,280,P9_A5,1,0.00077882,0.99221184,numbers,verse
shape_PA,281,P35_A11,1,0.00077882,0.99299065,numbers,verse
shape_PA,282,P62_A21,1,0.00077882,0.99376947,numbers,verse
shape_PA,283,P62_A24,1,0.00077882,0.99454829,numbers,verse
shape_PA,284,P61_A20,1,0.00077882,0.9953271,numbers,verse
shape_PA,285,P55_A20,1,0.00077882,0.99610592,numbers,verse
shape_PA,286,P57_A24,1,0.00077882,0.99688474,numbers,verse
shape_PA,287,P30_A15,1,0.00077882,0.99766355,numbers,verse
shape_PA,288,P57_A22,1,0.00077882,0.99844237,numbers,verse
shape_PA,289,P29_A15,1,0.00077882,0.99922118,numbers,verse
shape_PA,290,P52_A19,1,0.00077882,1.0,numbers,verse
bucket_PA,1,P25+_A8+,752,0.58566978,0.58566978,numbers,verse
bucket_PA,2,P19-24_A8+,196,0.15264798,0.73831776,numbers,verse
bucket_PA,3,P16-18_A6-7,75,0.05841121,0.79672897,numbers,verse
bucket_PA,4,P19-24_A6-7,60,0.04672897,0.84345794,numbers,verse
bucket_PA,5,P10-12_A4,57,0.04439252,0.88785047,numbers,verse
bucket_PA,6,P13-15_A6-7,37,0.0288162,0.91666667,numbers,verse
bucket_PA,7,P16-18_A8+,22,0.01713396,0.93380062,numbers,verse
bucket_PA,8,P13-15_A5,20,0.01557632,0.94937695,numbers,verse
bucket_PA,9,P7-9_A3,17,0.01323988,0.96261682,numbers,verse
bucket_PA,10,P13-15_A4,16,0.01246106,0.97507788,numbers,verse
bucket_PA,11,P16-18_A5,7,0.00545171,0.9805296,numbers,verse
bucket_PA,12,P10-12_A3,6,0.0046729,0.98520249,numbers,verse
bucket_PA,13,P10-12_A5,6,0.0046729,0.98987539,numbers,verse
bucket_PA,14,P25+_A6-7,6,0.0046729,0.99454829,numbers,verse
bucket_PA,15,P10-12_A6-7,2,0.00155763,0.99610592,numbers,verse
bucket_PA,16,P16-18_A4,2,0.00155763,0.99766355,numbers,verse
bucket_PA,17,P7-9_A4,1,0.00077882,0.99844237,numbers,verse
bucket_PA,18,P7-9_A2,1,0.00077882,0.99922118,numbers,verse
bucket_PA,19,P7-9_A5,1,0.00077882,1.0,numbers,verse
shape_PAW,1,P11_A4_W5,42,0.03271028,0.03271028,numbers,verse
shape_PAW,2,P8_A3_W4,12,0.00934579,0.04205607,numbers,verse
shape_PAW,3,P13_A6_W6,10,0.00778816,0.04984424,numbers,verse
shape_PAW,4,P20_A9_W11,10,0.00778816,0.0576324,numbers,verse
shape_PAW,5,P21_A8_W8,9,0.00700935,0.06464174,numbers,verse
shape_PAW,6,P15_A6_W7,9,0.00700935,0.07165109,numbers,verse
shape_PAW,7,P18_A7_W8,9,0.00700935,0.07866044,numbers,verse
shape_PAW,8,P50_A20_W20,9,0.00700935,0.08566978,numbers,verse
shape_PAW,9,P18_A7_W7,8,0.00623053,0.09190031,numbers,verse
shape_PAW,10,P24_A10_W11,8,0.00623053,0.09813084,numbers,verse
shape_PAW,11,P29_A12_W14,8,0.00623053,0.10436137,numbers,verse
shape_PAW,12,P19_A8_W9,8,0.00623053,0.1105919,numbers,verse
shape_PAW,13,P38_A15_W15,7,0.00545171,0.11604361,numbers,verse
shape_PAW,14,P16_A6_W6,7,0.00545171,0.12149533,numbers,verse
shape_PAW,15,P17_A7_W7,7,0.00545171,0.12694704,numbers,verse
shape_PAW,16,P22_A9_W10,7,0.00545171,0.13239875,numbers,verse
shape_PAW,17,P17_A7_W8,7,0.00545171,0.13785047,numbers,verse
shape_PAW,18,P17_A6_W6,7,0.00545171,0.14330218,numbers,verse
shape_PAW,19,P20_A9_W9,7,0.00545171,0.14875389,numbers,verse
shape_PAW,20,P15_A5_W5,7,0.00545171,0.15420561,numbers,verse
shape_PAW,21,P31_A12_W13,6,0.0046729,0.1588785,numbers,verse
shape_PAW,22,P19_A7_W8,6,0.0046729,0.1635514,numbers,verse
shape_PAW,23,P22_A9_W9,6,0.0046729,0.1682243,numbers,verse
shape_PAW,24,P20_A7_W7,6,0.0046729,0.1728972,numbers,verse
shape_PAW,25,P28_A11_W12,6,0.0046729,0.17757009,numbers,verse
shape_PAW,26,P20_A8_W10,6,0.0046729,0.18224299,numbers,verse
shape_PAW,27,P31_A12_W14,6,0.0046729,0.18691589,numbers,verse
shape_PAW,28,P19_A7_W7,6,0.0046729,0.19158879,numbers,verse
shape_PAW,29,P23_A9_W9,6,0.0046729,0.19626168,numbers,verse
shape_PAW,30,P19_A8_W8,5,0.00389408,0.20015576,numbers,verse
shape_PAW,31,P21_A9_W10,5,0.00389408,0.20404984,numbers,verse
shape_PAW,32,P15_A7_W8,5,0.00389408,0.20794393,numbers,verse
shape_PAW,33,P20_A7_W8,5,0.00389408,0.21183801,numbers,verse
shape_PAW,34,P16_A6_W7,5,0.00389408,0.21573209,numbers,verse
shape_PAW,35,P16_A7_W8,5,0.00389408,0.21962617,numbers,verse
shape_PAW,36,P26_A9_W9,5,0.00389408,0.22352025,numbers,verse
shape_PAW,37,P18_A6_W6,5,0.00389408,0.22741433,numbers,verse
shape_PAW,38,P19_A6_W6,5,0.00389408,0.23130841,numbers,verse
shape_PAW,39,P29_A12_W13,5,0.00389408,0.23520249,numbers,verse
shape_PAW,40,P28_A10_W12,5,0.00389408,0.23909657,numbers,verse
shape_PAW,41,P29_A11_W13,5,0.00389408,0.24299065,numbers,verse
shape_PAW,42,P13_A5_W5,5,0.00389408,0.24688474,numbers,verse
shape_PAW,43,P31_A13_W15,5,0.00389408,0.25077882,numbers,verse
shape_PAW,44,P24_A11_W11,5,0.00389408,0.2546729,numbers,verse
shape_PAW,45,P41_A15_W17,5,0.00389408,0.25856698,numbers,verse
shape_PAW,46,P20_A9_W10,5,0.00389408,0.26246106,numbers,verse
shape_PAW,47,P30_A12_W13,5,0.00389408,0.26635514,numbers,verse
shape_PAW,48,P30_A13_W14,5,0.00389408,0.27024922,numbers,verse
shape_PAW,49,P39_A15_W17,5,0.00389408,0.2741433,numbers,verse
shape_PAW,50,P10_A4_W5,5,0.00389408,0.27803738,numbers,verse
shape_PAW,51,P32_A13_W15,5,0.00389408,0.28193146,numbers,verse
shape_PAW,52,P30_A11_W13,5,0.00389408,0.28582555,numbers,verse
shape_PAW,53,P23_A8_W10,5,0.00389408,0.28971963,numbers,verse
shape_PAW,54,P29_A10_W11,5,0.00389408,0.29361371,numbers,verse
shape_PAW,55,P33_A12_W15,4,0.00311526,0.29672897,numbers,verse
shape_PAW,56,P18_A9_W9,4,0.00311526,0.29984424,numbers,verse
shape_PAW,57,P20_A8_W8,4,0.00311526,0.3029595,numbers,verse
shape_PAW,58,P22_A8_W8,4,0.00311526,0.30607477,numbers,verse
shape_PAW,59,P33_A13_W15,4,0.00311526,0.30919003,numbers,verse
shape_PAW,60,P24_A9_W10,4,0.00311526,0.3123053,numbers,verse
shape_PAW,61,P28_A10_W11,4,0.00311526,0.31542056,numbers,verse
shape_PAW,62,P25_A10_W11,4,0.00311526,0.31853583,numbers,verse
shape_PAW,63,P21_A8_W9,4,0.00311526,0.32165109,numbers,verse
shape_PAW,64,P26_A10_W11,4,0.00311526,0.32476636,numbers,verse
shape_PAW,65,P30_A11_W11,4,0.00311526,0.32788162,numbers,verse
shape_PAW,66,P31_A13_W14,4,0.00311526,0.33099688,numbers,verse
shape_PAW,67,P28_A12_W13,4,0.00311526,0.33411215,numbers,verse
shape_PAW,68,P23_A10_W10,4,0.00311526,0.33722741,numbers,verse
shape_PAW,69,P43_A16_W17,4,0.00311526,0.34034268,numbers,verse
shape_PAW,70,P37_A12_W12,4,0.00311526,0.34345794,numbers,verse
shape_PAW,71,P32_A12_W12,4,0.00311526,0.34657321,numbers,verse
shape_PAW,72,P11_A5_W5,4,0.00311526,0.34968847,numbers,verse
shape_PAW,73,P13_A4_W4,4,0.00311526,0.35280374,numbers,verse
shape_PAW,74,P23_A8_W9,4,0.00311526,0.355919,numbers,verse
shape_PAW,75,P27_A12_W12,4,0.00311526,0.35903427,numbers,verse
shape_PAW,76,P27_A11_W13,4,0.00311526,0.36214953,numbers,verse
shape_PAW,77,P25_A10_W10,4,0.00311526,0.3652648,numbers,verse
shape_PAW,78,P28_A10_W10,4,0.00311526,0.36838006,numbers,verse
shape_PAW,79,P15_A4_W4,4,0.00311526,0.37149533,numbers,verse
shape_PAW,80,P22_A8_W9,4,0.00311526,0.37461059,numbers,verse
shape_PAW,81,P19_A7_W9,4,0.00311526,0.37772586,numbers,verse
shape_PAW,82,P25_A7_W7,4,0.00311526,0.38084112,numbers,verse
shape_PAW,83,P14_A4_W4,4,0.00311526,0.38395639,numbers,verse
shape_PAW,84,P41_A16_W17,3,0.00233645,0.38629283,numbers,verse
shape_PAW,85,P23_A9_W10,3,0.00233645,0.38862928,numbers,verse
shape_PAW,86,P10_A3_W4,3,0.00233645,0.39096573,numbers,verse
shape_PAW,87,P7_A3_W4,3,0.00233645,0.39330218,numbers,verse
shape_PAW,88,P22_A10_W11,3,0.00233645,0.39563863,numbers,verse
shape_PAW,89,P37_A14_W15,3,0.00233645,0.39797508,numbers,verse
shape_PAW,90,P33_A14_W15,3,0.00233645,0.40031153,numbers,verse
shape_PAW,91,P30_A10_W11,3,0.00233645,0.40264798,numbers,verse
shape_PAW,92,P27_A10_W11,3,0.00233645,0.40498442,numbers,verse
shape_PAW,93,P25_A9_W10,3,0.00233645,0.40732087,numbers,verse
shape_PAW,94,P31_A11_W13,3,0.00233645,0.40965732,numbers,verse
shape_PAW,95,P35_A14_W18,3,0.00233645,0.41199377,numbers,verse
shape_PAW,96,P22_A7_W7,3,0.00233645,0.41433022,numbers,verse
shape_PAW,97,P21_A10_W10,3,0.00233645,0.41666667,numbers,verse
shape_PAW,98,P30_A13_W15,3,0.00233645,0.41900312,numbers,verse
shape_PAW,99,P34_A14_W14,3,0.00233645,0.42133956,numbers,verse
shape_PAW,100,P47_A18_W21,3,0.00233645,0.42367601,numbers,verse
shape_PAW,101,P36_A16_W18,3,0.00233645,0.42601246,numbers,verse
shape_PAW,102,P33_A13_W14,3,0.00233645,0.42834891,numbers,verse
shape_PAW,103,P22_A8_W10,3,0.00233645,0.43068536,numbers,verse
shape_PAW,104,P38_A16_W16,3,0.00233645,0.43302181,numbers,verse
shape_PAW,105,P29_A13_W15,3,0.00233645,0.43535826,numbers,verse
shape_PAW,106,P37_A15_W17,3,0.00233645,0.4376947,numbers,verse
shape_PAW,107,P36_A14_W16,3,0.00233645,0.44003115,numbers,verse
shape_PAW,108,P25_A12_W13,3,0.00233645,0.4423676,numbers,verse
shape_PAW,109,P35_A13_W14,3,0.00233645,0.44470405,numbers,verse
shape_PAW,110,P35_A13_W15,3,0.00233645,0.4470405,numbers,verse
shape_PAW,111,P28_A9_W11,3,0.00233645,0.44937695,numbers,verse
shape_PAW,112,P44_A16_W17,3,0.00233645,0.4517134,numbers,verse
shape_PAW,113,P18_A7_W9,3,0.00233645,0.45404984,numbers,verse
shape_PAW,114,P18_A9_W10,3,0.00233645,0.45638629,numbers,verse
shape_PAW,115,P42_A17_W21,3,0.00233645,0.45872274,numbers,verse
shape_PAW,116,P32_A11_W14,3,0.00233645,0.46105919,numbers,verse
shape_PAW,117,P25_A10_W12,3,0.00233645,0.46339564,numbers,verse
shape_PAW,118,P28_A11_W14,3,0.00233645,0.46573209,numbers,verse
shape_PAW,119,P17_A8_W9,3,0.00233645,0.46806854,numbers,verse
shape_PAW,120,P18_A6_W7,3,0.00233645,0.47040498,numbers,verse
shape_PAW,121,P18_A8_W9,3,0.00233645,0.47274143,numbers,verse
shape_PAW,122,P35_A15_W16,3,0.00233645,0.47507788,numbers,verse
shape_PAW,123,P31_A14_W15,3,0.00233645,0.47741433,numbers,verse
shape_PAW,124,P25_A10_W13,3,0.00233645,0.47975078,numbers,verse
shape_PAW,125,P33_A11_W14,3,0.00233645,0.48208723,numbers,verse
shape_PAW,126,P23_A9_W11,3,0.00233645,0.48442368,numbers,verse
shape_PAW,127,P24_A8_W9,3,0.00233645,0.48676012,numbers,verse
shape_PAW,128,P38_A16_W18,3,0.00233645,0.48909657,numbers,verse
shape_PAW,129,P23_A11_W12,3,0.00233645,0.49143302,numbers,verse
shape_PAW,130,P20_A6_W6,3,0.00233645,0.49376947,numbers,verse
shape_PAW,131,P37_A13_W16,3,0.00233645,0.49610592,numbers,verse
shape_PAW,132,P32_A13_W14,3,0.00233645,0.49844237,numbers,verse
shape_PAW,133,P42_A18_W19,3,0.00233645,0.50077882,numbers,verse
shape_PAW,134,P25_A9_W11,3,0.00233645,0.50311526,numbers,verse
shape_PAW,135,P30_A11_W12,3,0.00233645,0.50545171,numbers,verse
shape_PAW,136,P40_A16_W17,3,0.00233645,0.50778816,numbers,verse
shape_PAW,137,P20_A8_W9,3,0.00233645,0.51012461,numbers,verse
shape_PAW,138,P21_A9_W11,3,0.00233645,0.51246106,numbers,verse
shape_PAW,139,P33_A14_W16,3,0.00233645,0.51479751,numbers,verse
shape_PAW,140,P23_A8_W8,3,0.00233645,0.51713396,numbers,verse
shape_PAW,141,P14_A5_W6,3,0.00233645,0.5194704,numbers,verse
shape_PAW,142,P43_A17_W17,3,0.00233645,0.52180685,numbers,verse
shape_PAW,143,P11_A4_W4,3,0.00233645,0.5241433,numbers,verse
shape_PAW,144,P17_A9_W10,2,0.00155763,0.52570093,numbers,verse
shape_PAW,145,P11_A3_W4,2,0.00155763,0.52725857,numbers,verse
shape_PAW,146,P24_A8_W10,2,0.00155763,0.5288162,numbers,verse
shape_PAW,147,P36_A15_W15,2,0.00155763,0.53037383,numbers,verse
shape_PAW,148,P23_A7_W7,2,0.00155763,0.53193146,numbers,verse
shape_PAW,149,P34_A14_W16,2,0.00155763,0.5334891,numbers,verse
shape_PAW,150,P26_A9_W11,2,0.00155763,0.53504673,numbers,verse
shape_PAW,151,P39_A16_W18,2,0.00155763,0.53660436,numbers,verse
shape_PAW,152,P29_A13_W14,2,0.00155763,0.53816199,numbers,verse
shape_PAW,153,P38_A14_W15,2,0.00155763,0.53971963,numbers,verse
shape_PAW,154,P34_A13_W14,2,0.00155763,0.54127726,numbers,verse
shape_PAW,155,P41_A16_W19,2,0.00155763,0.54283489,numbers,verse
shape_PAW,156,P27_A11_W14,2,0.00155763,0.54439252,numbers,verse
shape_PAW,157,P35_A16_W18,2,0.00155763,0.54595016,numbers,verse
shape_PAW,158,P30_A10_W13,2,0.00155763,0.54750779,numbers,verse
shape_PAW,159,P14_A6_W7,2,0.00155763,0.54906542,numbers,verse
shape_PAW,160,P28_A12_W12,2,0.00155763,0.55062305,numbers,verse
shape_PAW,161,P36_A13_W16,2,0.00155763,0.55218069,numbers,verse
shape_PAW,162,P35_A14_W17,2,0.00155763,0.55373832,numbers,verse
shape_PAW,163,P17_A6_W7,2,0.00155763,0.55529595,numbers,verse
shape_PAW,164,P16_A5_W7,2,0.00155763,0.55685358,numbers,verse
shape_PAW,165,P37_A15_W18,2,0.00155763,0.55841121,numbers,verse
shape_PAW,166,P32_A13_W13,2,0.00155763,0.55996885,numbers,verse
shape_PAW,167,P31_A10_W11,2,0.00155763,0.56152648,numbers,verse
shape_PAW,168,P36_A14_W17,2,0.00155763,0.56308411,numbers,verse
shape_PAW,169,P27_A9_W9,2,0.00155763,0.56464174,numbers,verse
shape_PAW,170,P32_A14_W16,2,0.00155763,0.56619938,numbers,verse
shape_PAW,171,P32_A12_W13,2,0.00155763,0.56775701,numbers,verse
shape_PAW,172,P39_A15_W16,2,0.00155763,0.56931464,numbers,verse
shape_PAW,173,P19_A9_W11,2,0.00155763,0.57087227,numbers,verse
shape_PAW,174,P25_A13_W14,2,0.00155763,0.57242991,numbers,verse
shape_PAW,175,P27_A13_W14,2,0.00155763,0.57398754,numbers,verse
shape_PAW,176,P53_A22_W24,2,0.00155763,0.57554517,numbers,verse
shape_PAW,177,P34_A10_W14,2,0.00155763,0.5771028,numbers,verse
shape_PAW,178,P31_A15_W16,2,0.00155763,0.57866044,numbers,verse
shape_PAW,179,P26_A12_W13,2,0.00155763,0.58021807,numbers,verse
shape_PAW,180,P15_A7_W9,2,0.00155763,0.5817757,numbers,verse
shape_PAW,181,P37_A16_W20,2,0.00155763,0.58333333,numbers,verse
shape_PAW,182,P25_A11_W13,2,0.00155763,0.58489097,numbers,verse
shape_PAW,183,P46_A18_W21,2,0.00155763,0.5864486,numbers,verse
shape_PAW,184,P21_A7_W10,2,0.00155763,0.58800623,numbers,verse
shape_PAW,185,P33_A15_W17,2,0.00155763,0.58956386,numbers,verse
shape_PAW,186,P42_A16_W17,2,0.00155763,0.5911215,numbers,verse
shape_PAW,187,P46_A18_W20,2,0.00155763,0.59267913,numbers,verse
shape_PAW,188,P49_A20_W23,2,0.00155763,0.59423676,numbers,verse
shape_PAW,189,P34_A13_W15,2,0.00155763,0.59579439,numbers,verse
shape_PAW,190,P39_A14_W16,2,0.00155763,0.59735202,numbers,verse
shape_PAW,191,P14_A6_W8,2,0.00155763,0.59890966,numbers,verse
shape_PAW,192,P45_A19_W23,2,0.00155763,0.60046729,numbers,verse
shape_PAW,193,P36_A12_W14,2,0.00155763,0.60202492,numbers,verse
shape_PAW,194,P14_A4_W6,2,0.00155763,0.60358255,numbers,verse
shape_PAW,195,P48_A18_W20,2,0.00155763,0.60514019,numbers,verse
shape_PAW,196,P15_A5_W6,2,0.00155763,0.60669782,numbers,verse
shape_PAW,197,P29_A12_W12,2,0.00155763,0.60825545,numbers,verse
shape_PAW,198,P26_A10_W10,2,0.00155763,0.60981308,numbers,verse
shape_PAW,199,P15_A6_W6,2,0.00155763,0.61137072,numbers,verse
shape_PAW,200,P32_A12_W14,2,0.00155763,0.61292835,numbers,verse
shape_PAW,201,P21_A8_W10,2,0.00155763,0.61448598,numbers,verse
shape_PAW,202,P44_A18_W18,2,0.00155763,0.61604361,numbers,verse
shape_PAW,203,P39_A15_W19,2,0.00155763,0.61760125,numbers,verse
shape_PAW,204,P22_A10_W12,2,0.00155763,0.61915888,numbers,verse
shape_PAW,205,P36_A16_W17,2,0.00155763,0.62071651,numbers,verse
shape_PAW,206,P53_A19_W22,2,0.00155763,0.62227414,numbers,verse
shape_PAW,207,P33_A13_W16,2,0.00155763,0.62383178,numbers,verse
shape_PAW,208,P12_A4_W5,2,0.00155763,0.62538941,numbers,verse
shape_PAW,209,P28_A12_W16,2,0.00155763,0.62694704,numbers,verse
shape_PAW,210,P37_A16_W19,2,0.00155763,0.62850467,numbers,verse
shape_PAW,211,P44_A17_W19,2,0.00155763,0.63006231,numbers,verse
shape_PAW,212,P43_A17_W18,2,0.00155763,0.63161994,numbers,verse
shape_PAW,213,P40_A15_W16,2,0.00155763,0.63317757,numbers,verse
shape_PAW,214,P26_A12_W14,2,0.00155763,0.6347352,numbers,verse
shape_PAW,215,P34_A12_W14,2,0.00155763,0.63629283,numbers,verse
shape_PAW,216,P24_A8_W12,2,0.00155763,0.63785047,numbers,verse
shape_PAW,217,P26_A11_W13,2,0.00155763,0.6394081,numbers,verse
shape_PAW,218,P42_A16_W20,2,0.00155763,0.64096573,numbers,verse
shape_PAW,219,P22_A8_W11,2,0.00155763,0.64252336,numbers,verse
shape_PAW,220,P26_A11_W14,2,0.00155763,0.644081,numbers,verse
shape_PAW,221,P23_A10_W12,2,0.00155763,0.64563863,numbers,verse
shape_PAW,222,P37_A12_W16,2,0.00155763,0.64719626,numbers,verse
shape_PAW,223,P26_A11_W11,2,0.00155763,0.64875389,numbers,verse
shape_PAW,224,P23_A9_W12,2,0.00155763,0.65031153,numbers,verse
shape_PAW,225,P21_A8_W11,2,0.00155763,0.65186916,numbers,verse
shape_PAW,226,P34_A12_W13,2,0.00155763,0.65342679,numbers,verse
shape_PAW,227,P41_A15_W18,2,0.00155763,0.65498442,numbers,verse
shape_PAW,228,P24_A10_W10,2,0.00155763,0.65654206,numbers,verse
shape_PAW,229,P23_A7_W9,2,0.00155763,0.65809969,numbers,verse
shape_PAW,230,P45_A18_W20,2,0.00155763,0.65965732,numbers,verse
shape_PAW,231,P15_A6_W8,2,0.00155763,0.66121495,numbers,verse
shape_PAW,232,P24_A9_W12,2,0.00155763,0.66277259,numbers,verse
shape_PAW,233,P34_A13_W16,2,0.00155763,0.66433022,numbers,verse
shape_PAW,234,P41_A17_W19,2,0.00155763,0.66588785,numbers,verse
shape_PAW,235,P32_A12_W15,2,0.00155763,0.66744548,numbers,verse
shape_PAW,236,P50_A16_W20,2,0.00155763,0.66900312,numbers,verse
shape_PAW,237,P28_A10_W13,2,0.00155763,0.67056075,numbers,verse
shape_PAW,238,P48_A20_W22,2,0.00155763,0.67211838,numbers,verse
shape_PAW,239,P33_A11_W13,2,0.00155763,0.67367601,numbers,verse
shape_PAW,240,P20_A7_W9,2,0.00155763,0.67523364,numbers,verse
shape_PAW,241,P46_A17_W18,2,0.00155763,0.67679128,numbers,verse
shape_PAW,242,P34_A14_W17,2,0.00155763,0.67834891,numbers,verse
shape_PAW,243,P17_A8_W10,2,0.00155763,0.67990654,numbers,verse
shape_PAW,244,P38_A17_W18,2,0.00155763,0.68146417,numbers,verse
shape_PAW,245,P41_A18_W20,2,0.00155763,0.68302181,numbers,verse
shape_PAW,246,P28_A11_W13,2,0.00155763,0.68457944,numbers,verse
shape_PAW,247,P29_A11_W11,2,0.00155763,0.68613707,numbers,verse
shape_PAW,248,P35_A14_W15,2,0.00155763,0.6876947,numbers,verse
shape_PAW,249,P24_A12_W13,2,0.00155763,0.68925234,numbers,verse
shape_PAW,250,P31_A11_W11,2,0.00155763,0.69080997,numbers,verse
shape_PAW,251,P34_A12_W12,2,0.00155763,0.6923676,numbers,verse
shape_PAW,252,P43_A18_W20,2,0.00155763,0.69392523,numbers,verse
shape_PAW,253,P35_A14_W16,2,0.00155763,0.69548287,numbers,verse
shape_PAW,254,P12_A5_W5,2,0.00155763,0.6970405,numbers,verse
shape_PAW,255,P46_A19_W20,2,0.00155763,0.69859813,numbers,verse
shape_PAW,256,P24_A7_W7,2,0.00155763,0.70015576,numbers,verse
shape_PAW,257,P27_A9_W11,2,0.00155763,0.7017134,numbers,verse
shape_PAW,258,P12_A4_W6,2,0.00155763,0.70327103,numbers,verse
shape_PAW,259,P24_A9_W11,2,0.00155763,0.70482866,numbers,verse
shape_PAW,260,P12_A4_W4,2,0.00155763,0.70638629,numbers,verse
shape_PAW,261,P39_A18_W19,2,0.00155763,0.70794393,numbers,verse
shape_PAW,262,P45_A19_W20,2,0.00155763,0.70950156,numbers,verse
shape_PAW,263,P9_A3_W4,1,0.00077882,0.71028037,numbers,verse
shape_PAW,264,P21_A9_W9,1,0.00077882,0.71105919,numbers,verse
shape_PAW,265,P49_A17_W19,1,0.00077882,0.71183801,numbers,verse
shape_PAW,266,P52_A20_W21,1,0.00077882,0.71261682,numbers,verse
shape_PAW,267,P48_A18_W19,1,0.00077882,0.71339564,numbers,verse
shape_PAW,268,P42_A17_W17,1,0.00077882,0.71417445,numbers,verse
shape_PAW,269,P37_A15_W15,1,0.00077882,0.71495327,numbers,verse
shape_PAW,270,P21_A11_W13,1,0.00077882,0.71573209,numbers,verse
shape_PAW,271,P48_A18_W26,1,0.00077882,0.7165109,numbers,verse
shape_PAW,272,P35_A13_W13,1,0.00077882,0.71728972,numbers,verse
shape_PAW,273,P36_A12_W13,1,0.00077882,0.71806854,numbers,verse
shape_PAW,274,P21_A6_W6,1,0.00077882,0.71884735,numbers,verse
shape_PAW,275,P21_A7_W8,1,0.00077882,0.71962617,numbers,verse
shape_PAW,276,P33_A12_W12,1,0.00077882,0.72040498,numbers,verse
shape_PAW,277,P45_A16_W18,1,0.00077882,0.7211838,numbers,verse
shape_PAW,278,P23_A10_W11,1,0.00077882,0.72196262,numbers,verse
shape_PAW,279,P56_A21_W23,1,0.00077882,0.72274143,numbers,verse
shape_PAW,280,P28_A10_W14,1,0.00077882,0.72352025,numbers,verse
shape_PAW,281,P25_A8_W11,1,0.00077882,0.72429907,numbers,verse
shape_PAW,282,P42_A18_W22,1,0.00077882,0.72507788,numbers,verse
shape_PAW,283,P30_A10_W12,1,0.00077882,0.7258567,numbers,verse
shape_PAW,284,P44_A13_W13,1,0.00077882,0.72663551,numbers,verse
shape_PAW,285,P43_A13_W13,1,0.00077882,0.72741433,numbers,verse
shape_PAW,286,P25_A9_W9,1,0.00077882,0.72819315,numbers,verse
shape_PAW,287,P27_A8_W10,1,0.00077882,0.72897196,numbers,verse
shape_PAW,288,P37_A12_W13,1,0.00077882,0.72975078,numbers,verse
shape_PAW,289,P52_A20_W20,1,0.00077882,0.7305296,numbers,verse
shape_PAW,290,P42_A15_W19,1,0.00077882,0.73130841,numbers,verse
shape_PAW,291,P41_A17_W20,1,0.00077882,0.73208723,numbers,verse
shape_PAW,292,P41_A14_W16,1,0.00077882,0.73286604,numbers,verse
shape_PAW,293,P33_A11_W11,1,0.00077882,0.73364486,numbers,verse
shape_PAW,294,P49_A18_W21,1,0.00077882,0.73442368,numbers,verse
shape_PAW,295,P46_A15_W21,1,0.00077882,0.73520249,numbers,verse
shape_PAW,296,P22_A8_W12,1,0.00077882,0.73598131,numbers,verse
shape_PAW,297,P45_A17_W21,1,0.00077882,0.73676012,numbers,verse
shape_PAW,298,P56_A22_W27,1,0.00077882,0.73753894,numbers,verse
shape_PAW,299,P63_A23_W29,1,0.00077882,0.73831776,numbers,verse
shape_PAW,300,P58_A17_W21,1,0.00077882,0.73909657,numbers,verse
shape_PAW,301,P18_A6_W8,1,0.00077882,0.73987539,numbers,verse
shape_PAW,302,P50_A21_W26,1,0.00077882,0.74065421,numbers,verse
shape_PAW,303,P46_A15_W19,1,0.00077882,0.74143302,numbers,verse
shape_PAW,304,P19_A6_W7,1,0.00077882,0.74221184,numbers,verse
shape_PAW,305,P31_A11_W12,1,0.00077882,0.74299065,numbers,verse
shape_PAW,306,P46_A14_W16,1,0.00077882,0.74376947,numbers,verse
shape_PAW,307,P22_A6_W6,1,0.00077882,0.74454829,numbers,verse
shape_PAW,308,P36_A15_W17,1,0.00077882,0.7453271,numbers,verse
shape_PAW,309,P21_A7_W7,1,0.00077882,0.74610592,numbers,verse
shape_PAW,310,P37_A13_W19,1,0.00077882,0.74688474,numbers,verse
shape_PAW,311,P27_A10_W14,1,0.00077882,0.74766355,numbers,verse
shape_PAW,312,P40_A13_W16,1,0.00077882,0.74844237,numbers,verse
shape_PAW,313,P37_A16_W18,1,0.00077882,0.74922118,numbers,verse
shape_PAW,314,P32_A16_W18,1,0.00077882,0.75,numbers,verse
shape_PAW,315,P24_A7_W11,1,0.00077882,0.75077882,numbers,verse
shape_PAW,316,P34_A16_W17,1,0.00077882,0.75155763,numbers,verse
shape_PAW,317,P36_A17_W20,1,0.00077882,0.75233645,numbers,verse
shape_PAW,318,P64_A27_W30,1,0.00077882,0.75311526,numbers,verse
shape_PAW,319,P41_A14_W17,1,0.00077882,0.75389408,numbers,verse
shape_PAW,320,P58_A23_W25,1,0.00077882,0.7546729,numbers,verse
shape_PAW,321,P44_A19_W22,1,0.00077882,0.75545171,numbers,verse
shape_PAW,322,P30_A13_W13,1,0.00077882,0.75623053,numbers,verse
shape_PAW,323,P38_A14_W16,1,0.00077882,0.75700935,numbers,verse
shape_PAW,324,P55_A22_W23,1,0.00077882,0.75778816,numbers,verse
shape_PAW,325,P41_A19_W22,1,0.00077882,0.75856698,numbers,verse
shape_PAW,326,P41_A18_W19,1,0.00077882,0.75934579,numbers,verse
shape_PAW,327,P37_A16_W21,1,0.00077882,0.76012461,numbers,verse
shape_PAW,328,P10_A6_W6,1,0.00077882,0.76090343,numbers,verse
shape_PAW,329,P45_A17_W20,1,0.00077882,0.76168224,numbers,verse
shape_PAW,330,P35_A12_W12,1,0.00077882,0.76246106,numbers,verse
shape_PAW,331,P21_A7_W9,1,0.00077882,0.76323988,numbers,verse
shape_PAW,332,P30_A12_W15,1,0.00077882,0.76401869,numbers,verse
shape_PAW,333,P49_A18_W23,1,0.00077882,0.76479751,numbers,verse
shape_PAW,334,P42_A19_W19,1,0.00077882,0.76557632,numbers,verse
shape_PAW,335,P42_A20_W22,1,0.00077882,0.76635514,numbers,verse
shape_PAW,336,P12_A3_W3,1,0.00077882,0.76713396,numbers,verse
shape_PAW,337,P17_A6_W8,1,0.00077882,0.76791277,numbers,verse
shape_PAW,338,P47_A16_W22,1,0.00077882,0.76869159,numbers,verse
shape_PAW,339,P51_A20_W20,1,0.00077882,0.7694704,numbers,verse
shape_PAW,340,P53_A21_W22,1,0.00077882,0.77024922,numbers,verse
shape_PAW,341,P52_A18_W21,1,0.00077882,0.77102804,numbers,verse
shape_PAW,342,P63_A26_W26,1,0.00077882,0.77180685,numbers,verse
shape_PAW,343,P42_A15_W18,1,0.00077882,0.77258567,numbers,verse
shape_PAW,344,P43_A15_W17,1,0.00077882,0.77336449,numbers,verse
shape_PAW,345,P44_A21_W21,1,0.00077882,0.7741433,numbers,verse
shape_PAW,346,P38_A15_W16,1,0.00077882,0.77492212,numbers,verse
shape_PAW,347,P37_A14_W16,1,0.00077882,0.77570093,numbers,verse
shape_PAW,348,P48_A20_W21,1,0.00077882,0.77647975,numbers,verse
shape_PAW,349,P26_A8_W12,1,0.00077882,0.77725857,numbers,verse
shape_PAW,350,P36_A18_W19,1,0.00077882,0.77803738,numbers,verse
shape_PAW,351,P35_A15_W17,1,0.00077882,0.7788162,numbers,verse
shape_PAW,352,P64_A26_W30,1,0.00077882,0.77959502,numbers,verse
shape_PAW,353,P40_A15_W20,1,0.00077882,0.78037383,numbers,verse
shape_PAW,354,P42_A14_W14,1,0.00077882,0.78115265,numbers,verse
shape_PAW,355,P28_A14_W14,1,0.00077882,0.78193146,numbers,verse
shape_PAW,356,P46_A20_W22,1,0.00077882,0.78271028,numbers,verse
shape_PAW,357,P47_A18_W19,1,0.00077882,0.7834891,numbers,verse
shape_PAW,358,P40_A18_W20,1,0.00077882,0.78426791,numbers,verse
shape_PAW,359,P43_A19_W19,1,0.00077882,0.78504673,numbers,verse
shape_PAW,360,P37_A14_W18,1,0.00077882,0.78582555,numbers,verse
shape_PAW,361,P38_A18_W19,1,0.00077882,0.78660436,numbers,verse
shape_PAW,362,P31_A13_W16,1,0.00077882,0.78738318,numbers,verse
shape_PAW,363,P38_A15_W17,1,0.00077882,0.78816199,numbers,verse
shape_PAW,364,P34_A12_W17,1,0.00077882,0.78894081,numbers,verse
shape_PAW,365,P29_A10_W10,1,0.00077882,0.78971963,numbers,verse
shape_PAW,366,P32_A10_W10,1,0.00077882,0.79049844,numbers,verse
shape_PAW,367,P49_A15_W16,1,0.00077882,0.79127726,numbers,verse
shape_PAW,368,P64_A20_W20,1,0.00077882,0.79205607,numbers,verse
shape_PAW,369,P31_A10_W12,1,0.00077882,0.79283489,numbers,verse
shape_PAW,370,P24_A9_W9,1,0.00077882,0.79361371,numbers,verse
shape_PAW,371,P13_A5_W8,1,0.00077882,0.79439252,numbers,verse
shape_PAW,372,P22_A7_W9,1,0.00077882,0.79517134,numbers,verse
shape_PAW,373,P16_A7_W9,1,0.00077882,0.79595016,numbers,verse
shape_PAW,374,P60_A24_W28,1,0.00077882,0.79672897,numbers,verse
shape_PAW,375,P19_A8_W11,1,0.00077882,0.79750779,numbers,verse
shape_PAW,376,P20_A10_W10,1,0.00077882,0.7982866,numbers,verse
shape_PAW,377,P36_A14_W14,1,0.00077882,0.79906542,numbers,verse
shape_PAW,378,P38_A12_W17,1,0.00077882,0.79984424,numbers,verse
shape_PAW,379,P13_A6_W7,1,0.00077882,0.80062305,numbers,verse
shape_PAW,380,P52_A21_W24,1,0.00077882,0.80140187,numbers,verse
shape_PAW,381,P27_A11_W15,1,0.00077882,0.80218069,numbers,verse
shape_PAW,382,P51_A21_W25,1,0.00077882,0.8029595,numbers,verse
shape_PAW,383,P47_A17_W19,1,0.00077882,0.80373832,numbers,verse
shape_PAW,384,P54_A22_W24,1,0.00077882,0.80451713,numbers,verse
shape_PAW,385,P31_A15_W15,1,0.00077882,0.80529595,numbers,verse
shape_PAW,386,P52_A22_W24,1,0.00077882,0.80607477,numbers,verse
shape_PAW,387,P37_A17_W18,1,0.00077882,0.80685358,numbers,verse
shape_PAW,388,P52_A20_W22,1,0.00077882,0.8076324,numbers,verse
shape_PAW,389,P54_A20_W20,1,0.00077882,0.80841121,numbers,verse
shape_PAW,390,P35_A15_W18,1,0.00077882,0.80919003,numbers,verse
shape_PAW,391,P52_A20_W23,1,0.00077882,0.80996885,numbers,verse
shape_PAW,392,P33_A16_W16,1,0.00077882,0.81074766,numbers,verse
shape_PAW,393,P13_A6_W8,1,0.00077882,0.81152648,numbers,verse
shape_PAW,394,P45_A18_W19,1,0.00077882,0.8123053,numbers,verse
shape_PAW,395,P26_A11_W12,1,0.00077882,0.81308411,numbers,verse
shape_PAW,396,P46_A19_W22,1,0.00077882,0.81386293,numbers,verse
shape_PAW,397,P8_A4_W5,1,0.00077882,0.81464174,numbers,verse
shape_PAW,398,P31_A12_W15,1,0.00077882,0.81542056,numbers,verse
shape_PAW,399,P44_A14_W17,1,0.00077882,0.81619938,numbers,verse
shape_PAW,400,P49_A18_W25,1,0.00077882,0.81697819,numbers,verse
shape_PAW,401,P30_A14_W15,1,0.00077882,0.81775701,numbers,verse
shape_PAW,402,P56_A24_W27,1,0.00077882,0.81853583,numbers,verse
shape_PAW,403,P43_A17_W21,1,0.00077882,0.81931464,numbers,verse
shape_PAW,404,P41_A17_W18,1,0.00077882,0.82009346,numbers,verse
shape_PAW,405,P32_A15_W17,1,0.00077882,0.82087227,numbers,verse
shape_PAW,406,P37_A14_W17,1,0.00077882,0.82165109,numbers,verse
shape_PAW,407,P35_A16_W20,1,0.00077882,0.82242991,numbers,verse
shape_PAW,408,P64_A28_W30,1,0.00077882,0.82320872,numbers,verse
shape_PAW,409,P18_A5_W9,1,0.00077882,0.82398754,numbers,verse
shape_PAW,410,P45_A16_W20,1,0.00077882,0.82476636,numbers,verse
shape_PAW,411,P38_A13_W15,1,0.00077882,0.82554517,numbers,verse
shape_PAW,412,P35_A14_W20,1,0.00077882,0.82632399,numbers,verse
shape_PAW,413,P43_A16_W20,1,0.00077882,0.8271028,numbers,verse
shape_PAW,414,P33_A11_W16,1,0.00077882,0.82788162,numbers,verse
shape_PAW,415,P29_A10_W14,1,0.00077882,0.82866044,numbers,verse
shape_PAW,416,P28_A9_W10,1,0.00077882,0.82943925,numbers,verse
shape_PAW,417,P27_A11_W11,1,0.00077882,0.83021807,numbers,verse
shape_PAW,418,P22_A12_W12,1,0.00077882,0.83099688,numbers,verse
shape_PAW,419,P36_A17_W17,1,0.00077882,0.8317757,numbers,verse
shape_PAW,420,P34_A12_W15,1,0.00077882,0.83255452,numbers,verse
shape_PAW,421,P53_A21_W24,1,0.00077882,0.83333333,numbers,verse
shape_PAW,422,P26_A10_W12,1,0.00077882,0.83411215,numbers,verse
shape_PAW,423,P43_A16_W19,1,0.00077882,0.83489097,numbers,verse
shape_PAW,424,P56_A19_W22,1,0.00077882,0.83566978,numbers,verse
shape_PAW,425,P37_A14_W14,1,0.00077882,0.8364486,numbers,verse
shape_PAW,426,P33_A13_W17,1,0.00077882,0.83722741,numbers,verse
shape_PAW,427,P50_A17_W21,1,0.00077882,0.83800623,numbers,verse
shape_PAW,428,P45_A17_W23,1,0.00077882,0.83878505,numbers,verse
shape_PAW,429,P16_A6_W8,1,0.00077882,0.83956386,numbers,verse
shape_PAW,430,P46_A20_W21,1,0.00077882,0.84034268,numbers,verse
shape_PAW,431,P25_A7_W11,1,0.00077882,0.8411215,numbers,verse
shape_PAW,432,P48_A18_W18,1,0.00077882,0.84190031,numbers,verse
shape_PAW,433,P31_A10_W16,1,0.00077882,0.84267913,numbers,verse
shape_PAW,434,P40_A16_W20,1,0.00077882,0.84345794,numbers,verse
shape_PAW,435,P44_A15_W16,1,0.00077882,0.84423676,numbers,verse
shape_PAW,436,P49_A19_W24,1,0.00077882,0.84501558,numbers,verse
shape_PAW,437,P30_A12_W16,1,0.00077882,0.84579439,numbers,verse
shape_PAW,438,P35_A12_W17,1,0.00077882,0.84657321,numbers,verse
shape_PAW,439,P46_A20_W20,1,0.00077882,0.84735202,numbers,verse
shape_PAW,440,P60_A27_W28,1,0.00077882,0.84813084,numbers,verse
shape_PAW,441,P61_A24_W27,1,0.00077882,0.84890966,numbers,verse
shape_PAW,442,P44_A20_W24,1,0.00077882,0.84968847,numbers,verse
shape_PAW,443,P23_A12_W13,1,0.00077882,0.85046729,numbers,verse
shape_PAW,444,P19_A9_W9,1,0.00077882,0.85124611,numbers,verse
shape_PAW,445,P55_A23_W24,1,0.00077882,0.85202492,numbers,verse
shape_PAW,446,P46_A18_W19,1,0.00077882,0.85280374,numbers,verse
shape_PAW,447,P44_A16_W19,1,0.00077882,0.85358255,numbers,verse
shape_PAW,448,P16_A8_W8,1,0.00077882,0.85436137,numbers,verse
shape_PAW,449,P48_A17_W20,1,0.00077882,0.85514019,numbers,verse
shape_PAW,450,P44_A17_W18,1,0.00077882,0.855919,numbers,verse
shape_PAW,451,P39_A14_W19,1,0.00077882,0.85669782,numbers,verse
shape_PAW,452,P55_A17_W20,1,0.00077882,0.85747664,numbers,verse
shape_PAW,453,P53_A18_W21,1,0.00077882,0.85825545,numbers,verse
shape_PAW,454,P55_A19_W23,1,0.00077882,0.85903427,numbers,verse
shape_PAW,455,P47_A21_W23,1,0.00077882,0.85981308,numbers,verse
shape_PAW,456,P42_A22_W25,1,0.00077882,0.8605919,numbers,verse
shape_PAW,457,P61_A23_W24,1,0.00077882,0.86137072,numbers,verse
shape_PAW,458,P39_A14_W17,1,0.00077882,0.86214953,numbers,verse
shape_PAW,459,P44_A18_W19,1,0.00077882,0.86292835,numbers,verse
shape_PAW,460,P58_A21_W24,1,0.00077882,0.86370717,numbers,verse
shape_PAW,461,P49_A18_W20,1,0.00077882,0.86448598,numbers,verse
shape_PAW,462,P50_A22_W25,1,0.00077882,0.8652648,numbers,verse
shape_PAW,463,P24_A8_W13,1,0.00077882,0.86604361,numbers,verse
shape_PAW,464,P27_A11_W12,1,0.00077882,0.86682243,numbers,verse
shape_PAW,465,P45_A20_W20,1,0.00077882,0.86760125,numbers,verse
shape_PAW,466,P58_A25_W28,1,0.00077882,0.86838006,numbers,verse
shape_PAW,467,P29_A13_W16,1,0.00077882,0.86915888,numbers,verse
shape_PAW,468,P51_A21_W26,1,0.00077882,0.86993769,numbers,verse
shape_PAW,469,P45_A19_W22,1,0.00077882,0.87071651,numbers,verse
shape_PAW,470,P24_A8_W11,1,0.00077882,0.87149533,numbers,verse
shape_PAW,471,P58_A19_W25,1,0.00077882,0.87227414,numbers,verse
shape_PAW,472,P44_A15_W19,1,0.00077882,0.87305296,numbers,verse
shape_PAW,473,P51_A20_W25,1,0.00077882,0.87383178,numbers,verse
shape_PAW,474,P34_A11_W11,1,0.00077882,0.87461059,numbers,verse
shape_PAW,475,P42_A14_W15,1,0.00077882,0.87538941,numbers,verse
shape_PAW,476,P47_A21_W22,1,0.00077882,0.87616822,numbers,verse
shape_PAW,477,P42_A16_W18,1,0.00077882,0.87694704,numbers,verse
shape_PAW,478,P37_A12_W15,1,0.00077882,0.87772586,numbers,verse
shape_PAW,479,P27_A12_W14,1,0.00077882,0.87850467,numbers,verse
shape_PAW,480,P45_A18_W18,1,0.00077882,0.87928349,numbers,verse
shape_PAW,481,P39_A14_W18,1,0.00077882,0.88006231,numbers,verse
shape_PAW,482,P29_A11_W12,1,0.00077882,0.88084112,numbers,verse
shape_PAW,483,P38_A18_W18,1,0.00077882,0.88161994,numbers,verse
shape_PAW,484,P27_A9_W12,1,0.00077882,0.88239875,numbers,verse
shape_PAW,485,P28_A13_W14,1,0.00077882,0.88317757,numbers,verse
shape_PAW,486,P38_A17_W17,1,0.00077882,0.88395639,numbers,verse
shape_PAW,487,P46_A16_W20,1,0.00077882,0.8847352,numbers,verse
shape_PAW,488,P34_A14_W18,1,0.00077882,0.88551402,numbers,verse
shape_PAW,489,P10_A4_W4,1,0.00077882,0.88629283,numbers,verse
shape_PAW,490,P26_A8_W11,1,0.00077882,0.88707165,numbers,verse
shape_PAW,491,P54_A21_W26,1,0.00077882,0.88785047,numbers,verse
shape_PAW,492,P26_A10_W15,1,0.00077882,0.88862928,numbers,verse
shape_PAW,493,P18_A7_W10,1,0.00077882,0.8894081,numbers,verse
shape_PAW,494,P21_A12_W13,1,0.00077882,0.89018692,numbers,verse
shape_PAW,495,P49_A19_W23,1,0.00077882,0.89096573,numbers,verse
shape_PAW,496,P55_A22_W28,1,0.00077882,0.89174455,numbers,verse
shape_PAW,497,P50_A23_W28,1,0.00077882,0.89252336,numbers,verse
shape_PAW,498,P23_A12_W14,1,0.00077882,0.89330218,numbers,verse
shape_PAW,499,P36_A15_W16,1,0.00077882,0.894081,numbers,verse
shape_PAW,500,P18_A8_W8,1,0.00077882,0.89485981,numbers,verse
bucket_PAW,1,P25+_A8+_W13+,617,0.4805296,0.4805296,numbers,verse
bucket_PAW,2,P19-24_A8+_W9-12,163,0.12694704,0.60747664,numbers,verse
bucket_PAW,3,P25+_A8+_W9-12,134,0.10436137,0.71183801,numbers,verse
bucket_PAW,4,P10-12_A4_W5-6,51,0.03971963,0.75155763,numbers,verse
bucket_PAW,5,P16-18_A6-7_W7-8,50,0.03894081,0.79049844,numbers,verse
bucket_PAW,6,P19-24_A6-7_W7-8,33,0.02570093,0.81619938,numbers,verse
bucket_PAW,7,P19-24_A8+_W7-8,26,0.02024922,0.8364486,numbers,verse
bucket_PAW,8,P13-15_A6-7_W7-8,22,0.01713396,0.85358255,numbers,verse
bucket_PAW,9,P16-18_A8+_W9-12,19,0.01479751,0.86838006,numbers,verse
bucket_PAW,10,P16-18_A6-7_W5-6,19,0.01479751,0.88317757,numbers,verse
bucket_PAW,11,P13-15_A5_W5-6,18,0.01401869,0.89719626,numbers,verse
bucket_PAW,12,P7-9_A3_W3-4,17,0.01323988,0.91043614,numbers,verse
bucket_PAW,13,P19-24_A6-7_W9-12,17,0.01323988,0.92367601,numbers,verse
bucket_PAW,14,P13-15_A6-7_W5-6,13,0.01012461,0.93380062,numbers,verse
bucket_PAW,15,P13-15_A4_W3-4,12,0.00934579,0.94314642,numbers,verse
bucket_PAW,16,P19-24_A6-7_W5-6,10,0.00778816,0.95093458,numbers,verse
bucket_PAW,17,P19-24_A8+_W13+,7,0.00545171,0.95638629,numbers,verse
bucket_PAW,18,P10-12_A3_W3-4,6,0.0046729,0.96105919,numbers,verse
bucket_PAW,19,P16-18_A6-7_W9-12,6,0.0046729,0.96573209,numbers,verse
bucket_PAW,20,P10-12_A5_W5-6,6,0.0046729,0.97040498,numbers,verse
bucket_PAW,21,P10-12_A4_W3-4,6,0.0046729,0.97507788,numbers,verse
bucket_PAW,22,P25+_A6-7_W7-8,5,0.00389408,0.97897196,numbers,verse
bucket_PAW,23,P13-15_A4_W5-6,4,0.00311526,0.98208723,numbers,verse
bucket_PAW,24,P16-18_A5_W7-8,3,0.00233645,0.98442368,numbers,verse
bucket_PAW,25,P16-18_A8+_W7-8,3,0.00233645,0.98676012,numbers,verse
bucket_PAW,26,P16-18_A5_W5-6,3,0.00233645,0.98909657,numbers,verse
bucket_PAW,27,P13-15_A6-7_W9-12,2,0.00155763,0.99065421,numbers,verse
bucket_PAW,28,P10-12_A6-7_W5-6,2,0.00155763,0.99221184,numbers,verse
bucket_PAW,29,P13-15_A5_W7-8,2,0.00155763,0.99376947,numbers,verse
bucket_PAW,30,P7-9_A4_W5-6,1,0.00077882,0.99454829,numbers,verse
bucket_PAW,31,P16-18_A5_W9-12,1,0.00077882,0.9953271,numbers,verse
bucket_PAW,32,P25+_A6-7_W9-12,1,0.00077882,0.99610592,numbers,verse
bucket_PAW,33,P25+_A8+_W7-8,1,0.00077882,0.99688474,numbers,verse
bucket_PAW,34,P7-9_A2_W3-4,1,0.00077882,0.99766355,numbers,verse
bucket_PAW,35,P7-9_A5_W5-6,1,0.00077882,0.99844237,numbers,verse
bucket_PAW,36,P16-18_A4_W5-6,1,0.00077882,0.99922118,numbers,verse
bucket_PAW,37,P16-18_A4_W3-4,1,0.00077882,1.0,numbers,verse
