from_shape,to_shape,count,p_to_given_from,p_to_background,lift,book,level,shape_field,transition_accent_mode
P<=4_A3_C0,P<=4_A3_C0,338,0.272361,0.27614597,0.98629358,numbers,minor,transition_bucket_shape,taam_events
P<=4_A3_C0,P<=4_A4_C0,266,0.21434327,0.19492657,1.09961035,numbers,minor,transition_bucket_shape,taam_events
P<=4_A2_C0,P<=4_A3_C0,222,0.31223629,0.27614597,1.13069289,numbers,minor,transition_bucket_shape,taam_events
P<=4_A4_C0,P<=4_A3_C0,220,0.25142857,0.27614597,0.91049154,numbers,minor,transition_bucket_shape,taam_events
P<=4_A3_C0,P<=4_A2_C0,192,0.15471394,0.15821095,0.97789655,numbers,minor,transition_bucket_shape,taam_events
P<=4_A2_C0,P<=4_A4_C0,171,0.24050633,0.19492657,1.23383041,numbers,minor,transition_bucket_shape,taam_events
P<=4_A4_C0,P<=4_A2_C0,167,0.19085714,0.15821095,1.20634599,numbers,minor,transition_bucket_shape,taam_events
P<=4_A4_C0,P<=4_A4_C0,143,0.16342857,0.19492657,0.83841096,numbers,minor,transition_bucket_shape,taam_events
P<=4_A3_C0,P<=4_A0-1_C0,100,0.08058018,0.06875834,1.17193306,numbers,minor,transition_bucket_shape,taam_events
P<=4_A0-1_C0,P<=4_A3_C0,99,0.32038835,0.27614597,1.16021373,numbers,minor,transition_bucket_shape,taam_events
P<=4_A2_C0,P<=4_A2_C0,88,0.12376934,0.15821095,0.78230578,numbers,minor,transition_bucket_shape,taam_events
P<=4_A3_C0,P5-6_A5_C0,80,0.06446414,0.07743658,0.83247659,numbers,minor,transition_bucket_shape,taam_events
P5-6_A5_C0,P<=4_A3_C0,80,0.22988506,0.27614597,0.83247659,numbers,minor,transition_bucket_shape,taam_events
P<=4_A3_C0,P<=4_A5_C0,79,0.06365834,0.05184691,1.22781365,numbers,minor,transition_bucket_shape,taam_events
P<=4_A3_C0,P5-6_A6-7_C0,73,0.05882353,0.05496217,1.07025482,numbers,minor,transition_bucket_shape,taam_events
P<=4_A4_C0,P5-6_A5_C0,71,0.08114286,0.07743658,1.04786207,numbers,minor,transition_bucket_shape,taam_events
P<=4_A4_C0,P<=4_A0-1_C0,67,0.07657143,0.06875834,1.11363107,numbers,minor,transition_bucket_shape,taam_events
P<=4_A5_C0,P<=4_A3_C0,66,0.2832618,0.27614597,1.02576836,numbers,minor,transition_bucket_shape,taam_events
P5-6_A5_C0,P<=4_A2_C0,61,0.17528736,0.15821095,1.10793443,numbers,minor,transition_bucket_shape,taam_events
P5-6_A6-7_C0,P<=4_A3_C0,60,0.24291498,0.27614597,0.8796615,numbers,minor,transition_bucket_shape,taam_events
P<=4_A0-1_C0,P<=4_A2_C0,56,0.18122977,0.15821095,1.14549452,numbers,minor,transition_bucket_shape,taam_events
P5-6_A4_C0,P<=4_A3_C0,55,0.31609195,0.27614597,1.14465531,numbers,minor,transition_bucket_shape,taam_events
P<=4_A0-1_C0,P<=4_A4_C0,55,0.17799353,0.19492657,0.91313118,numbers,minor,transition_bucket_shape,taam_events
P5-6_A5_C0,P<=4_A4_C0,55,0.15804598,0.19492657,0.81079751,numbers,minor,transition_bucket_shape,taam_events
P<=4_A4_C0,P5-6_A6-7_C0,52,0.05942857,0.05496217,1.08126316,numbers,minor,transition_bucket_shape,taam_events
P5-6_A6-7_C0,P<=4_A4_C0,50,0.20242915,0.19492657,1.03848927,numbers,minor,transition_bucket_shape,taam_events
P<=4_A2_C0,P5-6_A5_C0,50,0.07032349,0.07743658,0.90814297,numbers,minor,transition_bucket_shape,taam_events
P5-6_A6-7_C0,P<=4_A2_C0,44,0.17813765,0.15821095,1.12595022,numbers,minor,transition_bucket_shape,taam_events
P<=4_A2_C0,P5-6_A6-7_C0,43,0.0604782,0.05496217,1.10036044,numbers,minor,transition_bucket_shape,taam_events
P<=4_A2_C0,P<=4_A5_C0,41,0.05766526,0.05184691,1.1122218,numbers,minor,transition_bucket_shape,taam_events
P7-9_A6-7_C0,P<=4_A4_C0,40,0.29411765,0.19492657,1.50886382,numbers,minor,transition_bucket_shape,taam_events
P<=4_A3_C0,P5-6_A4_C0,39,0.03142627,0.03871829,0.81166468,numbers,minor,transition_bucket_shape,taam_events
P<=4_A3_C0,P7-9_A6-7_C0,39,0.03142627,0.03004005,1.04614558,numbers,minor,transition_bucket_shape,taam_events
P<=4_A5_C0,P<=4_A4_C0,38,0.16309013,0.19492657,0.8366747,numbers,minor,transition_bucket_shape,taam_events
P<=4_A5_C0,P<=4_A2_C0,38,0.16309013,0.15821095,1.03083972,numbers,minor,transition_bucket_shape,taam_events
P<=4_A2_C0,P<=4_A0-1_C0,37,0.05203938,0.06875834,0.75684459,numbers,minor,transition_bucket_shape,taam_events
P5-6_A5_C0,P5-6_A5_C0,36,0.10344828,0.07743658,1.33590963,numbers,minor,transition_bucket_shape,taam_events
P<=4_A4_C0,P<=4_A5_C0,33,0.03771429,0.05184691,0.72741631,numbers,minor,transition_bucket_shape,taam_events
P<=4_A4_C0,P5-6_A4_C0,32,0.03657143,0.03871829,0.94455172,numbers,minor,transition_bucket_shape,taam_events
P7-9_A6-7_C0,P<=4_A3_C0,29,0.21323529,0.27614597,0.77218325,numbers,minor,transition_bucket_shape,taam_events
P5-6_A5_C0,P<=4_A0-1_C0,27,0.07758621,0.06875834,1.12838969,numbers,minor,transition_bucket_shape,taam_events
P7-9_A8+_C0,P<=4_A3_C0,26,0.38235294,0.27614597,1.38460445,numbers,minor,transition_bucket_shape,taam_events
P5-6_A5_C0,P<=4_A5_C0,25,0.07183908,0.05184691,1.38560012,numbers,minor,transition_bucket_shape,taam_events
P<=4_A4_C0,P7-9_A6-7_C0,24,0.02742857,0.03004005,0.91306667,numbers,minor,transition_bucket_shape,taam_events
P<=4_A5_C0,P<=4_A0-1_C0,23,0.09871245,0.06875834,1.43564315,numbers,minor,transition_bucket_shape,taam_events
P<=4_A4_C0,P7-9_A8+_C0,23,0.02628571,0.01513129,1.73717647,numbers,minor,transition_bucket_shape,taam_events
P<=4_A0-1_C0,P<=4_A5_C0,23,0.07443366,0.05184691,1.43564315,numbers,minor,transition_bucket_shape,taam_events
P5-6_A5_C0,P5-6_A4_C0,23,0.06609195,0.03871829,1.70699564,numbers,minor,transition_bucket_shape,taam_events
P5-6_A4_C0,P5-6_A5_C0,22,0.12643678,0.07743658,1.63277844,numbers,minor,transition_bucket_shape,taam_events
P5-6_A6-7_C0,P5-6_A5_C0,22,0.08906883,0.07743658,1.15021639,numbers,minor,transition_bucket_shape,taam_events
P5-6_A4_C0,P<=4_A4_C0,20,0.11494253,0.19492657,0.58967092,numbers,minor,transition_bucket_shape,taam_events
P5-6_A4_C0,P<=4_A2_C0,20,0.11494253,0.15821095,0.72651438,numbers,minor,transition_bucket_shape,taam_events
P<=4_A5_C0,P5-6_A5_C0,19,0.08154506,0.07743658,1.05305609,numbers,minor,transition_bucket_shape,taam_events
P<=4_A0-1_C0,P<=4_A0-1_C0,18,0.05825243,0.06875834,0.8472052,numbers,minor,transition_bucket_shape,taam_events
P<=4_A4_C0,P10-12_A8+_C0,18,0.02057143,0.01023587,2.00973913,numbers,minor,transition_bucket_shape,taam_events
P<=4_A2_C0,P5-6_A4_C0,18,0.02531646,0.03871829,0.65386294,numbers,minor,transition_bucket_shape,taam_events
P<=4_A2_C0,P7-9_A6-7_C0,18,0.02531646,0.03004005,0.84275668,numbers,minor,transition_bucket_shape,taam_events
P7-9_A8+_C0,P<=4_A4_C0,17,0.25,0.19492657,1.28253425,numbers,minor,transition_bucket_shape,taam_events
P10-12_A8+_C0,P<=4_A3_C0,17,0.36956522,0.27614597,1.33829661,numbers,minor,transition_bucket_shape,taam_events
P5-6_A6-7_C0,P5-6_A4_C0,16,0.06477733,0.03871829,1.67304202,numbers,minor,transition_bucket_shape,taam_events
P<=4_A5_C0,P5-6_A6-7_C0,16,0.06866953,0.05496217,1.24939619,numbers,minor,transition_bucket_shape,taam_events
P<=4_A0-1_C0,P5-6_A5_C0,15,0.04854369,0.07743658,0.62688316,numbers,minor,transition_bucket_shape,taam_events
P5-6_A6-7_C0,P5-6_A6-7_C0,14,0.05668016,0.05496217,1.03125768,numbers,minor,transition_bucket_shape,taam_events
P7-9_A6-7_C0,P5-6_A5_C0,13,0.09558824,0.07743658,1.23440669,numbers,minor,transition_bucket_shape,taam_events
P5-6_A4_C0,P<=4_A5_C0,13,0.07471264,0.05184691,1.44102412,numbers,minor,transition_bucket_shape,taam_events
P7-9_A6-7_C0,P<=4_A2_C0,13,0.09558824,0.15821095,0.60418218,numbers,minor,transition_bucket_shape,taam_events
P5-6_A3_C0,P<=4_A3_C0,13,0.37142857,0.27614597,1.34504432,numbers,minor,transition_bucket_shape,taam_events
P<=4_A0-1_C0,P5-6_A6-7_C0,12,0.03883495,0.05496217,0.706576,numbers,minor,transition_bucket_shape,taam_events
P5-6_A4_C0,P5-6_A6-7_C0,12,0.06896552,0.05496217,1.25478152,numbers,minor,transition_bucket_shape,taam_events
P<=4_A0-1_C0,P5-6_A4_C0,11,0.03559871,0.03871829,0.91942864,numbers,minor,transition_bucket_shape,taam_events
P5-6_A6-7_C0,P7-9_A8+_C0,11,0.04453441,0.01513129,2.94320076,numbers,minor,transition_bucket_shape,taam_events
P5-6_A5_C0,P5-6_A6-7_C0,11,0.0316092,0.05496217,0.57510819,numbers,minor,transition_bucket_shape,taam_events
P<=4_A3_C0,P5-6_A3_C0,11,0.00886382,0.00778816,1.13811442,numbers,minor,transition_bucket_shape,taam_events
P<=4_A5_C0,P5-6_A4_C0,11,0.0472103,0.03871829,1.2193281,numbers,minor,transition_bucket_shape,taam_events
P5-6_A5_C0,P7-9_A8+_C0,10,0.02873563,0.01513129,1.89908722,numbers,minor,transition_bucket_shape,taam_events
P5-6_A6-7_C0,P<=4_A0-1_C0,10,0.04048583,0.06875834,0.58881333,numbers,minor,transition_bucket_shape,taam_events
P7-9_A6-7_C0,P<=4_A0-1_C0,10,0.07352941,0.06875834,1.06938892,numbers,minor,transition_bucket_shape,taam_events
P5-6_A4_C0,P<=4_A0-1_C0,10,0.05747126,0.06875834,0.83584421,numbers,minor,transition_bucket_shape,taam_events
P7-9_A8+_C0,P<=4_A2_C0,9,0.13235294,0.15821095,0.83655994,numbers,minor,transition_bucket_shape,taam_events
P<=4_A3_C0,P7-9_A8+_C0,8,0.00644641,0.01513129,0.42603214,numbers,minor,transition_bucket_shape,taam_events
P<=4_A4_C0,P5-6_A3_C0,8,0.00914286,0.00778816,1.17394286,numbers,minor,transition_bucket_shape,taam_events
P5-6_A4_C0,P5-6_A4_C0,8,0.04597701,0.03871829,1.18747523,numbers,minor,transition_bucket_shape,taam_events
P<=4_A2_C0,P10-12_A8+_C0,8,0.01125176,0.01023587,1.09924784,numbers,minor,transition_bucket_shape,taam_events
P<=4_A0-1_C0,P7-9_A6-7_C0,8,0.02588997,0.03004005,0.86184826,numbers,minor,transition_bucket_shape,taam_events
P5-6_A6-7_C0,P7-9_A6-7_C0,8,0.03238866,0.03004005,1.07818264,numbers,minor,transition_bucket_shape,taam_events
P5-6_A4_C0,P7-9_A6-7_C0,7,0.04022989,0.03004005,1.33920817,numbers,minor,transition_bucket_shape,taam_events
P5-6_A5_C0,P7-9_A6-7_C0,7,0.02011494,0.03004005,0.66960409,numbers,minor,transition_bucket_shape,taam_events
P5-6_A3_C0,P<=4_A2_C0,6,0.17142857,0.15821095,1.0835443,numbers,minor,transition_bucket_shape,taam_events
P10-12_A8+_C0,P5-6_A5_C0,6,0.13043478,0.07743658,1.6844078,numbers,minor,transition_bucket_shape,taam_events
P10-12_A8+_C0,P<=4_A2_C0,6,0.13043478,0.15821095,0.82443588,numbers,minor,transition_bucket_shape,taam_events
P<=4_A4_C0,P<=4_A6-7_C0,6,0.00685714,0.00445038,1.5408,numbers,minor,transition_bucket_shape,taam_events
P7-9_A6-7_C0,P5-6_A6-7_C0,6,0.04411765,0.05496217,0.80269112,numbers,minor,transition_bucket_shape,taam_events
P5-6_A3_C0,P<=4_A4_C0,5,0.14285714,0.19492657,0.73287671,numbers,minor,transition_bucket_shape,taam_events
P5-6_A5_C0,P10-12_A8+_C0,5,0.01436782,0.01023587,1.40367316,numbers,minor,transition_bucket_shape,taam_events
P10-12_A8+_C0,P<=4_A4_C0,5,0.10869565,0.19492657,0.55762359,numbers,minor,transition_bucket_shape,taam_events
P<=4_A4_C0,P7-9_A5_C0,5,0.00571429,0.00578549,0.98769231,numbers,minor,transition_bucket_shape,taam_events
P5-6_A6-7_C0,P<=4_A5_C0,5,0.02024291,0.05184691,0.39043631,numbers,minor,transition_bucket_shape,taam_events
P<=4_A6-7_C0,P<=4_A2_C0,5,0.25,0.15821095,1.58016878,numbers,minor,transition_bucket_shape,taam_events
P7-9_A5_C0,P<=4_A3_C0,5,0.19230769,0.27614597,0.69639869,numbers,minor,transition_bucket_shape,taam_events
P<=4_A5_C0,P7-9_A6-7_C0,5,0.02145923,0.03004005,0.71435384,numbers,minor,transition_bucket_shape,taam_events
P7-9_A6-7_C0,P7-9_A6-7_C0,5,0.03676471,0.03004005,1.22385621,numbers,minor,transition_bucket_shape,taam_events
P10-12_A8+_C0,P5-6_A4_C0,4,0.08695652,0.03871829,2.24587706,numbers,minor,transition_bucket_shape,taam_events
P<=4_A0-1_C0,P7-9_A8+_C0,4,0.01294498,0.01513129,0.85551114,numbers,minor,transition_bucket_shape,taam_events
P7-9_A6-7_C0,P5-6_A4_C0,4,0.02941176,0.03871829,0.75963489,numbers,minor,transition_bucket_shape,taam_events
P7-9_A6-7_C0,P<=4_A5_C0,4,0.02941176,0.05184691,0.56728099,numbers,minor,transition_bucket_shape,taam_events
P<=4_A5_C0,P10-12_A8+_C0,4,0.01716738,0.01023587,1.67717858,numbers,minor,transition_bucket_shape,taam_events
P<=4_A5_C0,P<=4_A5_C0,4,0.01716738,0.05184691,0.3311168,numbers,minor,transition_bucket_shape,taam_events
P7-9_A5_C0,P<=4_A4_C0,4,0.15384615,0.19492657,0.78925184,numbers,minor,transition_bucket_shape,taam_events
P<=4_A6-7_C0,P5-6_A5_C0,4,0.2,0.07743658,2.58275862,numbers,minor,transition_bucket_shape,taam_events
P<=4_A2_C0,P<=4_A6-7_C0,4,0.00562588,0.00445038,1.26413502,numbers,minor,transition_bucket_shape,taam_events
P<=4_A3_C0,P<=4_A6-7_C0,4,0.00322321,0.00445038,0.72425463,numbers,minor,transition_bucket_shape,taam_events
P<=4_A2_C0,P5-6_A3_C0,4,0.00562588,0.00778816,0.72236287,numbers,minor,transition_bucket_shape,taam_events
P7-9_A8+_C0,P5-6_A4_C0,4,0.05882353,0.03871829,1.51926978,numbers,minor,transition_bucket_shape,taam_events
P<=4_A3_C0,P7-9_A5_C0,4,0.00322321,0.00578549,0.55711895,numbers,minor,transition_bucket_shape,taam_events
P<=4_A2_C0,P7-9_A8+_C0,4,0.00562588,0.01513129,0.37180442,numbers,minor,transition_bucket_shape,taam_events
P7-9_A8+_C0,P7-9_A6-7_C0,3,0.04411765,0.03004005,1.46862745,numbers,minor,transition_bucket_shape,taam_events
P5-6_A3_C0,P7-9_A6-7_C0,3,0.08571429,0.03004005,2.85333333,numbers,minor,transition_bucket_shape,taam_events
P7-9_A6-7_C0,P7-9_A5_C0,3,0.02205882,0.00578549,3.81278281,numbers,minor,transition_bucket_shape,taam_events
P10-12_A8+_C0,P7-9_A6-7_C0,3,0.06521739,0.03004005,2.17101449,numbers,minor,transition_bucket_shape,taam_events
P7-9_A6-7_C0,P10-12_A8+_C0,3,0.02205882,0.01023587,2.15505115,numbers,minor,transition_bucket_shape,taam_events
P7-9_A5_C0,P7-9_A6-7_C0,3,0.11538462,0.03004005,3.84102564,numbers,minor,transition_bucket_shape,taam_events
P7-9_A5_C0,P5-6_A5_C0,3,0.11538462,0.07743658,1.49005305,numbers,minor,transition_bucket_shape,taam_events
P7-9_A6-7_C0,P7-9_A8+_C0,3,0.02205882,0.01513129,1.45782872,numbers,minor,transition_bucket_shape,taam_events
P<=4_A6-7_C0,P<=4_A4_C0,3,0.15,0.19492657,0.76952055,numbers,minor,transition_bucket_shape,taam_events
P<=4_A5_C0,P5-6_A3_C0,3,0.01287554,0.00778816,1.65321888,numbers,minor,transition_bucket_shape,taam_events
P5-6_A5_C0,P<=4_A6-7_C0,3,0.00862069,0.00445038,1.93706897,numbers,minor,transition_bucket_shape,taam_events
P<=4_A5_C0,P7-9_A5_C0,3,0.01287554,0.00578549,2.22548696,numbers,minor,transition_bucket_shape,taam_events
P<=4_A3_C0,P10-12_A8+_C0,3,0.00241741,0.01023587,0.23616999,numbers,minor,transition_bucket_shape,taam_events
P<=4_A6-7_C0,P<=4_A3_C0,3,0.15,0.27614597,0.54319098,numbers,minor,transition_bucket_shape,taam_events
P5-6_A3_C0,P<=4_A5_C0,3,0.08571429,0.05184691,1.65321888,numbers,minor,transition_bucket_shape,taam_events
P3_A3_C0,P3_A3_C0,122,0.17354196,0.1564308,1.1093849,numbers,minor,transition_exact_shape,taam_events
P2_A2_C0,P3_A3_C0,119,0.22972973,0.1564308,1.46857099,numbers,minor,transition_exact_shape,taam_events
P3_A3_C0,P2_A2_C0,82,0.11664296,0.1152648,1.01195648,numbers,minor,transition_exact_shape,taam_events
P3_A3_C0,P3_A4_C0,77,0.10953058,0.08477971,1.29194341,numbers,minor,transition_exact_shape,taam_events
P3_A3_C0,P4_A4_C0,73,0.10384068,0.09813084,1.05818601,numbers,minor,transition_exact_shape,taam_events
P3_A4_C0,P3_A3_C0,68,0.17894737,0.1564308,1.14393951,numbers,minor,transition_exact_shape,taam_events
P2_A2_C0,P4_A4_C0,63,0.12162162,0.09813084,1.23938224,numbers,minor,transition_exact_shape,taam_events
P4_A4_C0,P3_A3_C0,55,0.12471655,0.1564308,0.79726343,numbers,minor,transition_exact_shape,taam_events
P4_A4_C0,P2_A2_C0,55,0.12471655,0.1152648,1.08200037,numbers,minor,transition_exact_shape,taam_events
P3_A4_C0,P2_A2_C0,53,0.13947368,0.1152648,1.21002845,numbers,minor,transition_exact_shape,taam_events
P3_A3_C0,P4_A3_C0,51,0.07254623,0.06742323,1.0759827,numbers,minor,transition_exact_shape,taam_events
P2_A2_C0,P3_A4_C0,48,0.09266409,0.08477971,1.09299851,numbers,minor,transition_exact_shape,taam_events
P4_A3_C0,P3_A3_C0,43,0.14191419,0.1564308,0.9072011,numbers,minor,transition_exact_shape,taam_events
P1_A1_C0,P2_A2_C0,42,0.14893617,0.1152648,1.29212191,numbers,minor,transition_exact_shape,taam_events
P3_A3_C0,P1_A1_C0,41,0.05832148,0.06275033,0.92942102,numbers,minor,transition_exact_shape,taam_events
P4_A4_C0,P3_A4_C0,40,0.09070295,0.08477971,1.06986627,numbers,minor,transition_exact_shape,taam_events
P3_A4_C0,P4_A4_C0,40,0.10526316,0.09813084,1.0726817,numbers,minor,transition_exact_shape,taam_events
P2_A2_C0,P2_A2_C0,39,0.07528958,0.1152648,0.65318794,numbers,minor,transition_exact_shape,taam_events
P1_A1_C0,P3_A3_C0,38,0.13475177,0.1564308,0.86141461,numbers,minor,transition_exact_shape,taam_events
P3_A3_C0,P2_A3_C0,38,0.05405405,0.05206943,1.03811504,numbers,minor,transition_exact_shape,taam_events
P3_A3_C0,P4_A5_C0,35,0.04978663,0.04161104,1.19647652,numbers,minor,transition_exact_shape,taam_events
P2_A3_C0,P1_A1_C0,35,0.14957265,0.06275033,2.3836152,numbers,minor,transition_exact_shape,taam_events
P4_A4_C0,P1_A1_C0,34,0.07709751,0.06275033,1.22863897,numbers,minor,transition_exact_shape,taam_events
P5_A5_C0,P2_A2_C0,32,0.12355212,0.1152648,1.07189815,numbers,minor,transition_exact_shape,taam_events
P3_A3_C0,P5_A5_C0,31,0.04409673,0.0576324,0.76513783,numbers,minor,transition_exact_shape,taam_events
P4_A4_C0,P4_A4_C0,31,0.07029478,0.09813084,0.71633733,numbers,minor,transition_exact_shape,taam_events
P4_A3_C0,P2_A2_C0,31,0.10231023,0.1152648,0.88761038,numbers,minor,transition_exact_shape,taam_events
P1_A1_C0,P2_A3_C0,31,0.10992908,0.05206943,2.11120204,numbers,minor,transition_exact_shape,taam_events
P4_A4_C0,P4_A3_C0,30,0.06802721,0.06742323,1.00895804,numbers,minor,transition_exact_shape,taam_events
P5_A5_C0,P3_A3_C0,30,0.11583012,0.1564308,0.74045596,numbers,minor,transition_exact_shape,taam_events
P4_A3_C0,P4_A4_C0,30,0.0990099,0.09813084,1.00895804,numbers,minor,transition_exact_shape,taam_events
P4_A3_C0,P3_A4_C0,29,0.09570957,0.08477971,1.12892077,numbers,minor,transition_exact_shape,taam_events
P4_A4_C0,P5_A5_C0,29,0.06575964,0.0576324,1.14101857,numbers,minor,transition_exact_shape,taam_events
P4_A5_C0,P3_A3_C0,28,0.14973262,0.1564308,0.95718122,numbers,minor,transition_exact_shape,taam_events
P2_A2_C0,P5_A5_C0,28,0.05405405,0.0576324,0.93791088,numbers,minor,transition_exact_shape,taam_events
P2_A3_C0,P3_A3_C0,28,0.11965812,0.1564308,0.76492687,numbers,minor,transition_exact_shape,taam_events
P3_A4_C0,P4_A3_C0,27,0.07105263,0.06742323,1.05383012,numbers,minor,transition_exact_shape,taam_events
P4_A5_C0,P2_A2_C0,27,0.14438503,0.1152648,1.25263766,numbers,minor,transition_exact_shape,taam_events
P3_A4_C0,P5_A5_C0,27,0.07105263,0.0576324,1.23285917,numbers,minor,transition_exact_shape,taam_events
P2_A2_C0,P1_A1_C0,26,0.05019305,0.06275033,0.79988499,numbers,minor,transition_exact_shape,taam_events
P2_A2_C0,P2_A3_C0,26,0.05019305,0.05206943,0.96396396,numbers,minor,transition_exact_shape,taam_events
P2_A2_C0,P4_A3_C0,25,0.04826255,0.06742323,0.71581482,numbers,minor,transition_exact_shape,taam_events
P5_A4_C0,P3_A3_C0,24,0.16901408,0.1564308,1.08043997,numbers,minor,transition_exact_shape,taam_events
P2_A4_C0,P2_A2_C0,24,0.44444444,0.1152648,3.85585586,numbers,minor,transition_exact_shape,taam_events
P5_A6_C0,P2_A2_C0,23,0.21904762,0.1152648,1.9003861,numbers,minor,transition_exact_shape,taam_events
P2_A3_C0,P4_A4_C0,23,0.0982906,0.09813084,1.001628,numbers,minor,transition_exact_shape,taam_events
P1_A1_C0,P3_A4_C0,22,0.07801418,0.08477971,0.9201988,numbers,minor,transition_exact_shape,taam_events
P6_A6_C0,P4_A4_C0,22,0.22916667,0.09813084,2.33531746,numbers,minor,transition_exact_shape,taam_events
P2_A3_C0,P3_A4_C0,22,0.09401709,0.08477971,1.10895753,numbers,minor,transition_exact_shape,taam_events
P2_A2_C0,P5_A6_C0,21,0.04054054,0.02336449,1.73513514,numbers,minor,transition_exact_shape,taam_events
P1_A1_C0,P4_A5_C0,21,0.07446809,0.04161104,1.78962339,numbers,minor,transition_exact_shape,taam_events
P5_A5_C0,P3_A4_C0,21,0.08108108,0.08477971,0.9563737,numbers,minor,transition_exact_shape,taam_events
P4_A5_C0,P1_A1_C0,20,0.10695187,0.06275033,1.70440323,numbers,minor,transition_exact_shape,taam_events
P3_A3_C0,P5_A6_C0,20,0.0284495,0.02336449,1.21763869,numbers,minor,transition_exact_shape,taam_events
P5_A5_C0,P1_A1_C0,20,0.07722008,0.06275033,1.23059229,numbers,minor,transition_exact_shape,taam_events
P3_A2_C0,P3_A4_C0,20,0.15873016,0.08477971,1.87226597,numbers,minor,transition_exact_shape,taam_events
P2_A3_C0,P2_A2_C0,20,0.08547009,0.1152648,0.74151074,numbers,minor,transition_exact_shape,taam_events
P1_A1_C0,P4_A4_C0,20,0.07092199,0.09813084,0.72272881,numbers,minor,transition_exact_shape,taam_events
P3_A4_C0,P3_A4_C0,20,0.05263158,0.08477971,0.62080398,numbers,minor,transition_exact_shape,taam_events
P1_A1_C0,P4_A3_C0,20,0.07092199,0.06742323,1.05189242,numbers,minor,transition_exact_shape,taam_events
P4_A4_C0,P4_A5_C0,20,0.04535147,0.04161104,1.0898905,numbers,minor,transition_exact_shape,taam_events
P3_A4_C0,P1_A1_C0,18,0.04736842,0.06275033,0.75487122,numbers,minor,transition_exact_shape,taam_events
P5_A5_C0,P4_A4_C0,18,0.06949807,0.09813084,0.70821842,numbers,minor,transition_exact_shape,taam_events
P7_A7_C0,P4_A4_C0,18,0.33962264,0.09813084,3.46091644,numbers,minor,transition_exact_shape,taam_events
P1_A1_C0,P1_A1_C0,18,0.06382979,0.06275033,1.01720235,numbers,minor,transition_exact_shape,taam_events
P5_A5_C0,P4_A3_C0,18,0.06949807,0.06742323,1.03077335,numbers,minor,transition_exact_shape,taam_events
P4_A5_C0,P4_A3_C0,18,0.09625668,0.06742323,1.42764865,numbers,minor,transition_exact_shape,taam_events
P5_A6_C0,P4_A4_C0,17,0.16190476,0.09813084,1.64988662,numbers,minor,transition_exact_shape,taam_events
P2_A3_C0,P5_A5_C0,17,0.07264957,0.0576324,1.26056826,numbers,minor,transition_exact_shape,taam_events
P5_A5_C0,P5_A5_C0,17,0.06563707,0.0576324,1.13889179,numbers,minor,transition_exact_shape,taam_events
P4_A3_C0,P2_A3_C0,17,0.05610561,0.05206943,1.07751544,numbers,minor,transition_exact_shape,taam_events
P2_A3_C0,P4_A3_C0,17,0.07264957,0.06742323,1.07751544,numbers,minor,transition_exact_shape,taam_events
P4_A3_C0,P5_A5_C0,17,0.05610561,0.0576324,0.97350816,numbers,minor,transition_exact_shape,taam_events
P4_A4_C0,P6_A6_C0,16,0.03628118,0.02136182,1.6984127,numbers,minor,transition_exact_shape,taam_events
P4_A3_C0,P3_A2_C0,16,0.05280528,0.02803738,1.88338834,numbers,minor,transition_exact_shape,taam_events
P4_A3_C0,P4_A5_C0,16,0.05280528,0.04161104,1.26902102,numbers,minor,transition_exact_shape,taam_events
P4_A4_C0,P5_A4_C0,16,0.03628118,0.03159769,1.14822267,numbers,minor,transition_exact_shape,taam_events
P5_A5_C0,P4_A5_C0,15,0.05791506,0.04161104,1.39181963,numbers,minor,transition_exact_shape,taam_events
P3_A3_C0,P5_A4_C0,15,0.02133713,0.03159769,0.67527498,numbers,minor,transition_exact_shape,taam_events
P3_A3_C0,P3_A5_C0,15,0.02133713,0.00956831,2.22997784,numbers,minor,transition_exact_shape,taam_events
P3_A2_C0,P3_A3_C0,15,0.11904762,0.1564308,0.76102418,numbers,minor,transition_exact_shape,taam_events
P3_A3_C0,P1_A2_C0,14,0.01991465,0.01090343,1.82645804,numbers,minor,transition_exact_shape,taam_events
P5_A4_C0,P5_A5_C0,14,0.09859155,0.0576324,1.71069661,numbers,minor,transition_exact_shape,taam_events
P4_A3_C0,P7_A7_C0,14,0.04620462,0.0117935,3.9178031,numbers,minor,transition_exact_shape,taam_events
P4_A4_C0,P2_A3_C0,14,0.03174603,0.05206943,0.60968661,numbers,minor,transition_exact_shape,taam_events
P2_A2_C0,P2_A4_C0,14,0.02702703,0.01201602,2.24924925,numbers,minor,transition_exact_shape,taam_events
P2_A2_C0,P4_A5_C0,13,0.02509653,0.04161104,0.60312184,numbers,minor,transition_exact_shape,taam_events
P3_A2_C0,P4_A4_C0,13,0.1031746,0.09813084,1.05139834,numbers,minor,transition_exact_shape,taam_events
P4_A5_C0,P4_A4_C0,13,0.06951872,0.09813084,0.70842883,numbers,minor,transition_exact_shape,taam_events
P3_A4_C0,P2_A3_C0,13,0.03421053,0.05206943,0.65701754,numbers,minor,transition_exact_shape,taam_events
P4_A3_C0,P1_A1_C0,13,0.04290429,0.06275033,0.68373008,numbers,minor,transition_exact_shape,taam_events
P6_A5_C0,P4_A4_C0,13,0.14606742,0.09813084,1.48849652,numbers,minor,transition_exact_shape,taam_events
P5_A4_C0,P2_A3_C0,13,0.0915493,0.05206943,1.75821596,numbers,minor,transition_exact_shape,taam_events
P4_A4_C0,P8_A8_C0,13,0.02947846,0.0046729,6.30839002,numbers,minor,transition_exact_shape,taam_events
P5_A4_C0,P4_A3_C0,12,0.08450704,0.06742323,1.25338168,numbers,minor,transition_exact_shape,taam_events
P4_A4_C0,P3_A2_C0,12,0.02721088,0.02803738,0.97052154,numbers,minor,transition_exact_shape,taam_events
P3_A2_C0,P2_A2_C0,12,0.0952381,0.1152648,0.82625483,numbers,minor,transition_exact_shape,taam_events
P5_A5_C0,P5_A4_C0,12,0.04633205,0.03159769,1.46631138,numbers,minor,transition_exact_shape,taam_events
P5_A5_C0,P2_A3_C0,12,0.04633205,0.05206943,0.88981289,numbers,minor,transition_exact_shape,taam_events
P3_A3_C0,P3_A2_C0,12,0.0170697,0.02803738,0.60881935,numbers,minor,transition_exact_shape,taam_events
P3_A5_C0,P3_A3_C0,12,0.27906977,0.1564308,1.78398227,numbers,minor,transition_exact_shape,taam_events
P5_A6_C0,P3_A3_C0,12,0.11428571,0.1564308,0.73058321,numbers,minor,transition_exact_shape,taam_events
P4_A3_C0,P4_A3_C0,12,0.03960396,0.06742323,0.58739339,numbers,minor,transition_exact_shape,taam_events
P6_A7_C0,P4_A3_C0,12,0.34285714,0.06742323,5.08514851,numbers,minor,transition_exact_shape,taam_events
P3_A4_C0,P3_A2_C0,12,0.03157895,0.02803738,1.12631579,numbers,minor,transition_exact_shape,taam_events
P1_A2_C0,P3_A3_C0,11,0.2244898,0.1564308,1.43507417,numbers,minor,transition_exact_shape,taam_events
P4_A5_C0,P3_A4_C0,11,0.05882353,0.08477971,0.69383974,numbers,minor,transition_exact_shape,taam_events
P3_A2_C0,P4_A5_C0,11,0.08730159,0.04161104,2.09803922,numbers,minor,transition_exact_shape,taam_events
P4_A5_C0,P5_A5_C0,11,0.05882353,0.0576324,1.02066773,numbers,minor,transition_exact_shape,taam_events
P6_A6_C0,P3_A3_C0,11,0.11458333,0.1564308,0.73248578,numbers,minor,transition_exact_shape,taam_events
P2_A2_C0,P3_A2_C0,11,0.02123552,0.02803738,0.75740026,numbers,minor,transition_exact_shape,taam_events
P6_A5_C0,P2_A2_C0,11,0.12359551,0.1152648,1.07227452,numbers,minor,transition_exact_shape,taam_events
P3_A3_C0,P6_A6_C0,11,0.01564723,0.02136182,0.73248578,numbers,minor,transition_exact_shape,taam_events
P3_A3_C0,P2_A4_C0,11,0.01564723,0.01201602,1.30219693,numbers,minor,transition_exact_shape,taam_events
P4_A4_C0,P5_A6_C0,11,0.02494331,0.02336449,1.0675737,numbers,minor,transition_exact_shape,taam_events
P1_A1_C0,P3_A2_C0,10,0.03546099,0.02803738,1.26477541,numbers,minor,transition_exact_shape,taam_events
P3_A2_C0,P1_A1_C0,10,0.07936508,0.06275033,1.26477541,numbers,minor,transition_exact_shape,taam_events
P4_A3_C0,P5_A4_C0,10,0.0330033,0.03159769,1.04448473,numbers,minor,transition_exact_shape,taam_events
P4_A5_C0,P6_A7_C0,10,0.05347594,0.00778816,6.86631016,numbers,minor,transition_exact_shape,taam_events
P3_A4_C0,P4_A5_C0,10,0.02631579,0.04161104,0.6324233,numbers,minor,transition_exact_shape,taam_events
P6_A6_C0,P2_A2_C0,10,0.10416667,0.1152648,0.90371622,numbers,minor,transition_exact_shape,taam_events
P4_A5_C0,P5_A4_C0,10,0.05347594,0.03159769,1.69240039,numbers,minor,transition_exact_shape,taam_events
P4_A3_C0,P5_A6_C0,9,0.02970297,0.02336449,1.27128713,numbers,minor,transition_exact_shape,taam_events
P3_A5_C0,P3_A4_C0,9,0.20930233,0.08477971,2.46877861,numbers,minor,transition_exact_shape,taam_events
P5_A4_C0,P3_A4_C0,9,0.06338028,0.08477971,0.74758789,numbers,minor,transition_exact_shape,taam_events
P5_A5_C0,P6_A5_C0,9,0.03474903,0.01980418,1.75463104,numbers,minor,transition_exact_shape,taam_events
P3_A4_C0,P6_A6_C0,9,0.02368421,0.02136182,1.10871711,numbers,minor,transition_exact_shape,taam_events
P1_A1_C0,P5_A4_C0,9,0.03191489,0.03159769,1.01003896,numbers,minor,transition_exact_shape,taam_events
P5_A4_C0,P3_A2_C0,9,0.06338028,0.02803738,2.26056338,numbers,minor,transition_exact_shape,taam_events
P2_A3_C0,P2_A3_C0,9,0.03846154,0.05206943,0.73865878,numbers,minor,transition_exact_shape,taam_events
P5_A5_C0,P3_A2_C0,9,0.03474903,0.02803738,1.23938224,numbers,minor,transition_exact_shape,taam_events
P2_A2_C0,P6_A5_C0,9,0.01737452,0.01980418,0.87731552,numbers,minor,transition_exact_shape,taam_events
P4_A3_C0,P6_A6_C0,9,0.02970297,0.02136182,1.3904703,numbers,minor,transition_exact_shape,taam_events
P6_A5_C0,P4_A5_C0,9,0.1011236,0.04161104,2.4302109,numbers,minor,transition_exact_shape,taam_events
P2_A2_C0,P3_A5_C0,9,0.01737452,0.00956831,1.81583909,numbers,minor,transition_exact_shape,taam_events
P3_A4_C0,P5_A6_C0,9,0.02368421,0.02336449,1.01368421,numbers,minor,transition_exact_shape,taam_events
P2_A2_C0,P5_A4_C0,9,0.01737452,0.03159769,0.54986677,numbers,minor,transition_exact_shape,taam_events
P3_A4_C0,P5_A4_C0,9,0.02368421,0.03159769,0.74955523,numbers,minor,transition_exact_shape,taam_events
P5_A6_C0,P4_A3_C0,8,0.07619048,0.06742323,1.130033,numbers,minor,transition_exact_shape,taam_events
P6_A6_C0,P5_A5_C0,8,0.08333333,0.0576324,1.44594595,numbers,minor,transition_exact_shape,taam_events
P6_A5_C0,P2_A3_C0,8,0.08988764,0.05206943,1.72630366,numbers,minor,transition_exact_shape,taam_events
P4_A4_C0,P6_A5_C0,8,0.01814059,0.01980418,0.91599786,numbers,minor,transition_exact_shape,taam_events
P2_A1_C0,P3_A3_C0,8,0.2962963,0.1564308,1.89410463,numbers,minor,transition_exact_shape,taam_events
P1_A1_C0,P5_A5_C0,8,0.02836879,0.0576324,0.49223692,numbers,minor,transition_exact_shape,taam_events
P2_A3_C0,P5_A4_C0,8,0.03418803,0.03159769,1.08197905,numbers,minor,transition_exact_shape,taam_events
P5_A6_C0,P5_A4_C0,7,0.06666667,0.03159769,2.10985915,numbers,minor,transition_exact_shape,taam_events
P1_A2_C0,P2_A3_C0,7,0.14285714,0.05206943,2.74358974,numbers,minor,transition_exact_shape,taam_events
P4_A3_C0,P6_A5_C0,7,0.02310231,0.01980418,1.16653688,numbers,minor,transition_exact_shape,taam_events
P3_A4_C0,P6_A5_C0,7,0.01842105,0.01980418,0.93015967,numbers,minor,transition_exact_shape,taam_events
P1_A1_C0,P6_A5_C0,7,0.0248227,0.01980418,1.25340665,numbers,minor,transition_exact_shape,taam_events
P2_A3_C0,P5_A6_C0,7,0.02991453,0.02336449,1.28034188,numbers,minor,transition_exact_shape,taam_events
P5_A4_C0,P4_A5_C0,7,0.04929577,0.04161104,1.18468027,numbers,minor,transition_exact_shape,taam_events
P2_A2_C0,P7_A7_C0,7,0.01351351,0.0117935,1.14584396,numbers,minor,transition_exact_shape,taam_events
P7_A6_C0,P3_A3_C0,7,0.21212121,0.1564308,1.35600672,numbers,minor,transition_exact_shape,taam_events
P2_A3_C0,P6_A6_C0,7,0.02991453,0.02136182,1.40037393,numbers,minor,transition_exact_shape,taam_events
P5_A3_C0,P3_A3_C0,7,0.25,0.1564308,1.59815078,numbers,minor,transition_exact_shape,taam_events
P2_A2_C0,P7_A6_C0,7,0.01351351,0.00734312,1.84029484,numbers,minor,transition_exact_shape,taam_events
P2_A4_C0,P1_A1_C0,7,0.12962963,0.06275033,2.06579984,numbers,minor,transition_exact_shape,taam_events
P7_A7_C0,P3_A3_C0,7,0.13207547,0.1564308,0.84430607,numbers,minor,transition_exact_shape,taam_events
P6_A5_C0,P4_A3_C0,6,0.06741573,0.06742323,0.99988875,numbers,minor,transition_exact_shape,taam_events
P3_A3_C0,P7_A7_C0,6,0.00853485,0.0117935,0.72369092,numbers,minor,transition_exact_shape,taam_events
P6_A5_C0,P3_A3_C0,6,0.06741573,0.1564308,0.43096201,numbers,minor,transition_exact_shape,taam_events
P3_A4_C0,P6_A4_C0,6,0.01578947,0.00712061,2.21743421,numbers,minor,transition_exact_shape,taam_events
P6_A5_C0,P6_A5_C0,6,0.06741573,0.01980418,3.40411564,numbers,minor,transition_exact_shape,taam_events
P2_A4_C0,P2_A3_C0,6,0.11111111,0.05206943,2.13390313,numbers,minor,transition_exact_shape,taam_events
P3_A2_C0,P3_A2_C0,6,0.04761905,0.02803738,1.6984127,numbers,minor,transition_exact_shape,taam_events
P4_A4_C0,P2_A4_C0,6,0.01360544,0.01201602,1.13227513,numbers,minor,transition_exact_shape,taam_events
P6_A5_C0,P5_A4_C0,6,0.06741573,0.03159769,2.13356544,numbers,minor,transition_exact_shape,taam_events
P5_A6_C0,P1_A1_C0,6,0.05714286,0.06275033,0.9106383,numbers,minor,transition_exact_shape,taam_events
P4_A3_C0,P2_A1_C0,6,0.01980198,0.00600801,3.29592959,numbers,minor,transition_exact_shape,taam_events
P7_A7_C0,P1_A1_C0,6,0.11320755,0.06275033,1.80409474,numbers,minor,transition_exact_shape,taam_events
P8_A7_C0,P3_A3_C0,6,0.23076923,0.1564308,1.47521611,numbers,minor,transition_exact_shape,taam_events
P4_A5_C0,P2_A3_C0,6,0.03208556,0.05206943,0.61620732,numbers,minor,transition_exact_shape,taam_events
P8_A8_C0,P4_A4_C0,6,0.28571429,0.09813084,2.91156463,numbers,minor,transition_exact_shape,taam_events
P8_A8_C0,P4_A3_C0,6,0.28571429,0.06742323,4.23762376,numbers,minor,transition_exact_shape,taam_events
P5_A6_C0,P5_A5_C0,6,0.05714286,0.0576324,0.99150579,numbers,minor,transition_exact_shape,taam_events
P3_A2_C0,P5_A5_C0,6,0.04761905,0.0576324,0.82625483,numbers,minor,transition_exact_shape,taam_events
P3_A4_C0,P7_A7_C0,6,0.01578947,0.0117935,1.3388282,numbers,minor,transition_exact_shape,taam_events
P7_A8_C0,P3_A3_C0,6,0.31578947,0.1564308,2.01871678,numbers,minor,transition_exact_shape,taam_events
P5_A4_C0,P7_A7_C0,5,0.03521127,0.0117935,2.98564975,numbers,minor,transition_exact_shape,taam_events
P7_A6_C0,P3_A4_C0,5,0.15151515,0.08477971,1.78716297,numbers,minor,transition_exact_shape,taam_events
P3_A3_C0,P6_A5_C0,5,0.00711238,0.01980418,0.35913501,numbers,minor,transition_exact_shape,taam_events
P2_A3_C0,P4_A5_C0,5,0.02136752,0.04161104,0.5135061,numbers,minor,transition_exact_shape,taam_events
P4_A5_C0,P3_A2_C0,5,0.02673797,0.02803738,0.95365419,numbers,minor,transition_exact_shape,taam_events
P5_A6_C0,P6_A6_C0,5,0.04761905,0.02136182,2.22916667,numbers,minor,transition_exact_shape,taam_events
P5_A4_C0,P5_A4_C0,5,0.03521127,0.03159769,1.11436223,numbers,minor,transition_exact_shape,taam_events
P4_A4_C0,P5_A3_C0,5,0.01133787,0.00623053,1.81972789,numbers,minor,transition_exact_shape,taam_events
P6_A6_C0,P5_A4_C0,5,0.05208333,0.03159769,1.64832746,numbers,minor,transition_exact_shape,taam_events
P6_A4_C0,P1_A1_C0,5,0.15625,0.06275033,2.4900266,numbers,minor,transition_exact_shape,taam_events
P3_A3_C0,P8_A7_C0,5,0.00711238,0.00556297,1.27852063,numbers,minor,transition_exact_shape,taam_events
P5_A4_C0,P4_A4_C0,5,0.03521127,0.09813084,0.35881958,numbers,minor,transition_exact_shape,taam_events
P3_A3_C0,P6_A7_C0,5,0.00711238,0.00778816,0.91322902,numbers,minor,transition_exact_shape,taam_events
P5_A4_C0,P5_A6_C0,5,0.03521127,0.02336449,1.50704225,numbers,minor,transition_exact_shape,taam_events
P2_A2_C0,P4_A2_C0,5,0.00965251,0.00400534,2.40990991,numbers,minor,transition_exact_shape,taam_events
P6_A6_C0,P4_A3_C0,5,0.05208333,0.06742323,0.7724835,numbers,minor,transition_exact_shape,taam_events
P6_A6_C0,P6_A6_C0,5,0.05208333,0.02136182,2.43815104,numbers,minor,transition_exact_shape,taam_events
P3_A2_C0,P2_A3_C0,5,0.03968254,0.05206943,0.76210826,numbers,minor,transition_exact_shape,taam_events
P1_A1_C0,P2_A4_C0,5,0.0177305,0.01201602,1.47557132,numbers,minor,transition_exact_shape,taam_events
P2_A2_C0,P1_A2_C0,5,0.00965251,0.01090343,0.88527303,numbers,minor,transition_exact_shape,taam_events
P4_A2_C0,P2_A3_C0,5,0.27777778,0.05206943,5.33475783,numbers,minor,transition_exact_shape,taam_events
P1_A1_C0,P5_A6_C0,5,0.0177305,0.02336449,0.75886525,numbers,minor,transition_exact_shape,taam_events
P1_A2_C0,P5_A6_C0,5,0.10204082,0.02336449,4.36734694,numbers,minor,transition_exact_shape,taam_events
P5_A3_C0,P2_A2_C0,5,0.17857143,0.1152648,1.5492278,numbers,minor,transition_exact_shape,taam_events
P5_A5_C0,P6_A6_C0,5,0.01930502,0.02136182,0.90371622,numbers,minor,transition_exact_shape,taam_events
P4_A3_C0,P1_A2_C0,5,0.01650165,0.01090343,1.51343706,numbers,minor,transition_exact_shape,taam_events
P3_A3_C0,P2_A1_C0,4,0.0056899,0.00600801,0.94705232,numbers,minor,transition_exact_shape,taam_events
P2_A1_C0,P4_A4_C0,4,0.14814815,0.09813084,1.50970018,numbers,minor,transition_exact_shape,taam_events
P1_A1_C0,P6_A6_C0,4,0.0141844,0.02136182,0.66400709,numbers,minor,transition_exact_shape,taam_events
P2_A3_C0,P3_A2_C0,4,0.01709402,0.02803738,0.60968661,numbers,minor,transition_exact_shape,taam_events
P6_A4_C0,P2_A3_C0,4,0.125,0.05206943,2.40064103,numbers,minor,transition_exact_shape,taam_events
P3_A2_C0,P5_A6_C0,4,0.03174603,0.02336449,1.35873016,numbers,minor,transition_exact_shape,taam_events
P6_A5_C0,P3_A2_C0,4,0.04494382,0.02803738,1.60299625,numbers,minor,transition_exact_shape,taam_events
P4_A5_C0,P6_A5_C0,4,0.02139037,0.01980418,1.08009373,numbers,minor,transition_exact_shape,taam_events
P6_A7_C0,P2_A2_C0,4,0.11428571,0.1152648,0.99150579,numbers,minor,transition_exact_shape,taam_events
P5_A5_C0,P2_A1_C0,4,0.01544402,0.00600801,2.57057057,numbers,minor,transition_exact_shape,taam_events
P2_A3_C0,P7_A6_C0,4,0.01709402,0.00734312,2.32789433,numbers,minor,transition_exact_shape,taam_events
P5_A4_C0,P2_A2_C0,4,0.02816901,0.1152648,0.24438523,numbers,minor,transition_exact_shape,taam_events
P3_A4_C0,P8_A7_C0,4,0.01052632,0.00556297,1.89221053,numbers,minor,transition_exact_shape,taam_events
P8_A7_C0,P3_A4_C0,4,0.15384615,0.08477971,1.81465778,numbers,minor,transition_exact_shape,taam_events
P3_A4_C0,P2_A4_C0,4,0.01052632,0.01201602,0.87602339,numbers,minor,transition_exact_shape,taam_events
P2_A4_C0,P3_A3_C0,4,0.07407407,0.1564308,0.47352616,numbers,minor,transition_exact_shape,taam_events
P5_A4_C0,P6_A6_C0,4,0.02816901,0.02136182,1.31866197,numbers,minor,transition_exact_shape,taam_events
P5_A4_C0,P2_A4_C0,4,0.02816901,0.01201602,2.34428795,numbers,minor,transition_exact_shape,taam_events
P4_A3_C0,P5_A3_C0,4,0.01320132,0.00623053,2.11881188,numbers,minor,transition_exact_shape,taam_events
P4_A4_C0,P2_A1_C0,4,0.00907029,0.00600801,1.50970018,numbers,minor,transition_exact_shape,taam_events
P5_A4_C0,P6_A5_C0,4,0.02816901,0.01980418,1.42237696,numbers,minor,transition_exact_shape,taam_events
P6_A5_C0,P5_A5_C0,4,0.04494382,0.0576324,0.77983602,numbers,minor,transition_exact_shape,taam_events
P5_A5_C0,P6_A4_C0,4,0.01544402,0.00712061,2.16891892,numbers,minor,transition_exact_shape,taam_events
P4_A4_C0,P4_A6_C0,4,0.00907029,0.00378282,2.3977591,numbers,minor,transition_exact_shape,taam_events
P7_A5_C0,P3_A4_C0,4,0.16666667,0.08477971,1.96587927,numbers,minor,transition_exact_shape,taam_events
P2_A2_C0,P6_A6_C0,4,0.00772201,0.02136182,0.36148649,numbers,minor,transition_exact_shape,taam_events
P5_A4_C0,P1_A1_C0,4,0.02816901,0.06275033,0.4489062,numbers,minor,transition_exact_shape,taam_events
P2_A2_C0,P6_A7_C0,4,0.00772201,0.00778816,0.99150579,numbers,minor,transition_exact_shape,taam_events
P6_A7_C0,P3_A3_C0,4,0.11428571,0.1564308,0.73058321,numbers,minor,transition_exact_shape,taam_events
P4_A3_C0,P3_A5_C0,4,0.01320132,0.00956831,1.37969146,numbers,minor,transition_exact_shape,taam_events
P1_A2_C0,P3_A4_C0,4,0.08163265,0.08477971,0.96287964,numbers,minor,transition_exact_shape,taam_events
P4_A4_C0,P8_A6_C0,4,0.00907029,0.00400534,2.26455026,numbers,minor,transition_exact_shape,taam_events
P5_A6_C0,P2_A3_C0,4,0.03809524,0.05206943,0.73162393,numbers,minor,transition_exact_shape,taam_events
P8_A7_C0,P2_A2_C0,4,0.15384615,0.1152648,1.33471933,numbers,minor,transition_exact_shape,taam_events
P2_A1_C0,P3_A4_C0,4,0.14814815,0.08477971,1.74744824,numbers,minor,transition_exact_shape,taam_events
P3_A2_C0,P4_A3_C0,4,0.03174603,0.06742323,0.47084708,numbers,minor,transition_exact_shape,taam_events
P6_A7_C0,P5_A5_C0,4,0.11428571,0.0576324,1.98301158,numbers,minor,transition_exact_shape,taam_events
P6_A6_C0,P7_A8_C0,4,0.04166667,0.00422786,9.85526316,numbers,minor,transition_exact_shape,taam_events
P8_A7_C0,P5_A5_C0,3,0.11538462,0.0576324,2.002079,numbers,minor,transition_exact_shape,taam_events
P3_A4_C0,P1_A2_C0,3,0.00789474,0.01090343,0.72406015,numbers,minor,transition_exact_shape,taam_events
P5_A4_C0,P3_A5_C0,3,0.02112676,0.00956831,2.20799214,numbers,minor,transition_exact_shape,taam_events
P8_A8_C0,P3_A3_C0,3,0.14285714,0.1564308,0.91322902,numbers,minor,transition_exact_shape,taam_events
P7_A7_C0,P5_A5_C0,3,0.05660377,0.0576324,0.98215196,numbers,minor,transition_exact_shape,taam_events
P1_A2_C0,P2_A2_C0,3,0.06122449,0.1152648,0.53116382,numbers,minor,transition_exact_shape,taam_events
P6_A4_C0,P5_A5_C0,3,0.09375,0.0576324,1.62668919,numbers,minor,transition_exact_shape,taam_events
P3_A4_C0,P5_A3_C0,3,0.00789474,0.00623053,1.26710526,numbers,minor,transition_exact_shape,taam_events
P1_A2_C0,P4_A5_C0,3,0.06122449,0.04161104,1.47135218,numbers,minor,transition_exact_shape,taam_events
P7_A7_C0,P2_A2_C0,3,0.05660377,0.1152648,0.49107598,numbers,minor,transition_exact_shape,taam_events
P3_A4_C0,P11_A9_C0,3,0.00789474,0.00089008,8.86973684,numbers,minor,transition_exact_shape,taam_events
P5_A3_C0,P3_A4_C0,3,0.10714286,0.08477971,1.26377953,numbers,minor,transition_exact_shape,taam_events
P4_A2_C0,P4_A3_C0,3,0.16666667,0.06742323,2.47194719,numbers,minor,transition_exact_shape,taam_events
P5_A5_C0,P1_A2_C0,3,0.01158301,0.01090343,1.06232763,numbers,minor,transition_exact_shape,taam_events
P3_A5_C0,P1_A1_C0,3,0.06976744,0.06275033,1.11182583,numbers,minor,transition_exact_shape,taam_events
P1_A1_C0,P8_A7_C0,3,0.0106383,0.00556297,1.91234043,numbers,minor,transition_exact_shape,taam_events
P8_A6_C0,P3_A4_C0,3,0.16666667,0.08477971,1.96587927,numbers,minor,transition_exact_shape,taam_events
P6_A5_C0,P1_A1_C0,3,0.03370787,0.06275033,0.53717428,numbers,minor,transition_exact_shape,taam_events
P2_A2_C0,P8_A7_C0,3,0.00579151,0.00556297,1.04108108,numbers,minor,transition_exact_shape,taam_events
P4_A4_C0,P12_A10_C0,3,0.00680272,0.00111259,6.11428571,numbers,minor,transition_exact_shape,taam_events
P9_A9_C0,P4_A3_C0,3,0.27272727,0.06742323,4.0450045,numbers,minor,transition_exact_shape,taam_events
P3_A5_C0,P2_A2_C0,3,0.06976744,0.1152648,0.6052797,numbers,minor,transition_exact_shape,taam_events
P2_A3_C0,P6_A5_C0,3,0.01282051,0.01980418,0.64736387,numbers,minor,transition_exact_shape,taam_events
P4_A5_C0,P4_A5_C0,3,0.01604278,0.04161104,0.38554148,numbers,minor,transition_exact_shape,taam_events
P1_A2_C0,P5_A5_C0,3,0.06122449,0.0576324,1.06232763,numbers,minor,transition_exact_shape,taam_events
P6_A6_C0,P4_A5_C0,3,0.03125,0.04161104,0.75100267,numbers,minor,transition_exact_shape,taam_events
P4_A4_C0,P7_A5_C0,3,0.00680272,0.00534045,1.27380952,numbers,minor,transition_exact_shape,taam_events
P6_A6_C0,P3_A4_C0,3,0.03125,0.08477971,0.36860236,numbers,minor,transition_exact_shape,taam_events
P4_A4_C0,P7_A6_C0,3,0.00680272,0.00734312,0.92640693,numbers,minor,transition_exact_shape,taam_events
P2_A2_C0,P4_A6_C0,3,0.00579151,0.00378282,1.53100159,numbers,minor,transition_exact_shape,taam_events
P5_A5_C0,P5_A6_C0,3,0.01158301,0.02336449,0.4957529,numbers,minor,transition_exact_shape,taam_events
P3_A4_C0,P2_A1_C0,3,0.00789474,0.00600801,1.31403509,numbers,minor,transition_exact_shape,taam_events
P4_A5_C0,P6_A6_C0,3,0.01604278,0.02136182,0.75100267,numbers,minor,transition_exact_shape,taam_events
P5_A5_C0,P4_A6_C0,3,0.01158301,0.00378282,3.06200318,numbers,minor,transition_exact_shape,taam_events
P3_A3_C0,P6_A4_C0,3,0.00426743,0.00712061,0.59930654,numbers,minor,transition_exact_shape,taam_events
P6_A4_C0,P5_A4_C0,3,0.09375,0.03159769,2.96698944,numbers,minor,transition_exact_shape,taam_events
P7_A7_C0,P3_A4_C0,3,0.05660377,0.08477971,0.66765711,numbers,minor,transition_exact_shape,taam_events
P3_A3_C0,P5_A3_C0,3,0.00426743,0.00623053,0.68492176,numbers,minor,transition_exact_shape,taam_events
P3_A2_C0,P4_A2_C0,3,0.02380952,0.00400534,5.94444444,numbers,minor,transition_exact_shape,taam_events
P1_A1_C0,P7_A7_C0,3,0.0106383,0.0117935,0.90204737,numbers,minor,transition_exact_shape,taam_events
P1_A2_C0,P4_A4_C0,3,0.06122449,0.09813084,0.62390671,numbers,minor,transition_exact_shape,taam_events
P2_A4_C0,P4_A3_C0,3,0.05555556,0.06742323,0.8239824,numbers,minor,transition_exact_shape,taam_events
P4_A6_C0,P5_A5_C0,3,0.17647059,0.0576324,3.06200318,numbers,minor,transition_exact_shape,taam_events
P9_A9_C0,P3_A4_C0,3,0.27272727,0.08477971,3.21689334,numbers,minor,transition_exact_shape,taam_events
P3_A3_C0,P4_A2_C0,3,0.00426743,0.00400534,1.06543385,numbers,minor,transition_exact_shape,taam_events
P6_A4_C0,P2_A2_C0,3,0.09375,0.1152648,0.81334459,numbers,minor,transition_exact_shape,taam_events
P2_A3_C0,P3_A5_C0,3,0.01282051,0.00956831,1.33989267,numbers,minor,transition_exact_shape,taam_events
P2_A2_C0,P5_A3_C0,3,0.00579151,0.00623053,0.92953668,numbers,minor,transition_exact_shape,taam_events
P7_A8_C0,P4_A3_C0,3,0.15789474,0.06742323,2.34184471,numbers,minor,transition_exact_shape,taam_events
P<=4_A3_C0,P5-6_A6-7_C1,27,0.1173913,0.08011504,1.46528428,numbers,major,transition_bucket_shape,taam_events
P<=4_A4_C0,P<=4_A2_C0,25,0.11627907,0.02917009,3.98624304,numbers,major,transition_bucket_shape,taam_events
P<=4_A3_C0,P<=4_A4_C0,23,0.1,0.08833196,1.13209302,numbers,major,transition_bucket_shape,taam_events
P<=4_A4_C0,P<=4_A3_C0,21,0.09767442,0.09449466,1.03365015,numbers,major,transition_bucket_shape,taam_events
P<=4_A3_C0,P<=4_A3_C0,20,0.08695652,0.09449466,0.92022684,numbers,major,transition_bucket_shape,taam_events
P5-6_A5_C0,P5-6_A5_C1,20,0.14492754,0.04026294,3.59952677,numbers,major,transition_bucket_shape,taam_events
P7-9_A8+_C1,P<=4_A3_C0,19,0.12837838,0.09449466,1.35857814,numbers,major,transition_bucket_shape,taam_events
P10-12_A8+_C1,P5-6_A5_C0,19,0.18269231,0.0566968,3.22226867,numbers,major,transition_bucket_shape,taam_events
P<=4_A2_C0,P<=4_A4_C0,18,0.25352113,0.08833196,2.87009499,numbers,major,transition_bucket_shape,taam_events
P5-6_A6-7_C1,P7-9_A8+_C2,17,0.08762887,0.04847987,1.80753102,numbers,major,transition_bucket_shape,taam_events
P5-6_A6-7_C1,P5-6_A6-7_C1,17,0.08762887,0.08011504,1.093788,numbers,major,transition_bucket_shape,taam_events
P7-9_A6-7_C1,P7-9_A8+_C1,17,0.10691824,0.06080526,1.75837158,numbers,major,transition_bucket_shape,taam_events
P7-9_A6-7_C1,P5-6_A6-7_C1,17,0.10691824,0.08011504,1.33455894,numbers,major,transition_bucket_shape,taam_events
P<=4_A4_C0,P7-9_A6-7_C1,17,0.07906977,0.06532457,1.21041392,numbers,major,transition_bucket_shape,taam_events
P<=4_A4_C0,P10-12_A8+_C1,17,0.07906977,0.04272802,1.85053667,numbers,major,transition_bucket_shape,taam_events
P5-6_A5_C1,P<=4_A3_C0,17,0.17346939,0.09449466,1.83575865,numbers,major,transition_bucket_shape,taam_events
P<=4_A3_C0,P5-6_A6-7_C0,16,0.06956522,0.05176664,1.34382333,numbers,major,transition_bucket_shape,taam_events
P7-9_A8+_C2,P<=4_A3_C0,16,0.13559322,0.09449466,1.43492999,numbers,major,transition_bucket_shape,taam_events
P5-6_A6-7_C0,P10-12_A8+_C1,16,0.12698413,0.04272802,2.97191697,numbers,major,transition_bucket_shape,taam_events
P10-12_A8+_C2,P7-9_A8+_C1,15,0.12295082,0.06080526,2.02204253,numbers,major,transition_bucket_shape,taam_events
P7-9_A8+_C1,P7-9_A6-7_C1,15,0.10135135,0.06532457,1.55150433,numbers,major,transition_bucket_shape,taam_events
P10-12_A8+_C1,P<=4_A4_C0,15,0.14423077,0.08833196,1.63282648,numbers,major,transition_bucket_shape,taam_events
P5-6_A6-7_C1,P<=4_A2_C0,15,0.07731959,0.02917009,2.65064614,numbers,major,transition_bucket_shape,taam_events
P5-6_A6-7_C1,P<=4_A3_C0,15,0.07731959,0.09449466,0.81824294,numbers,major,transition_bucket_shape,taam_events
P5-6_A6-7_C1,P<=4_A4_C0,14,0.07216495,0.08833196,0.81697435,numbers,major,transition_bucket_shape,taam_events
P5-6_A6-7_C1,P7-9_A6-7_C1,14,0.07216495,0.06532457,1.10471374,numbers,major,transition_bucket_shape,taam_events
P<=4_A2_C0,P5-6_A6-7_C0,14,0.1971831,0.05176664,3.80907668,numbers,major,transition_bucket_shape,taam_events
P<=4_A3_C0,P5-6_A5_C0,14,0.06086957,0.0566968,1.07359798,numbers,major,transition_bucket_shape,taam_events
P10-12_A8+_C2,P<=4_A4_C0,14,0.1147541,0.08833196,1.29912314,numbers,major,transition_bucket_shape,taam_events
P7-9_A6-7_C1,P7-9_A6-7_C1,14,0.08805031,0.06532457,1.34788972,numbers,major,transition_bucket_shape,taam_events
P7-9_A8+_C1,P10-12_A8+_C2,13,0.08783784,0.05012325,1.75243686,numbers,major,transition_bucket_shape,taam_events
P7-9_A6-7_C1,P5-6_A6-7_C0,13,0.08176101,0.05176664,1.57941499,numbers,major,transition_bucket_shape,taam_events
P<=4_A5_C0,P<=4_A3_C0,13,0.13829787,0.09449466,1.46355227,numbers,major,transition_bucket_shape,taam_events
P10-12_A8+_C2,P<=4_A3_C0,13,0.10655738,0.09449466,1.12765502,numbers,major,transition_bucket_shape,taam_events
P<=4_A3_C0,P7-9_A8+_C1,13,0.05652174,0.06080526,0.92955347,numbers,major,transition_bucket_shape,taam_events
P<=4_A3_C0,P<=4_A5_C0,12,0.05217391,0.03861956,1.35097132,numbers,major,transition_bucket_shape,taam_events
P7-9_A6-7_C1,P<=4_A4_C0,12,0.0754717,0.08833196,0.85440983,numbers,major,transition_bucket_shape,taam_events
P<=4_A4_C0,P5-6_A6-7_C1,12,0.05581395,0.08011504,0.69667263,numbers,major,transition_bucket_shape,taam_events
P5-6_A5_C0,P<=4_A3_C0,12,0.08695652,0.09449466,0.92022684,numbers,major,transition_bucket_shape,taam_events
P5-6_A5_C1,P5-6_A6-7_C1,12,0.12244898,0.08011504,1.52841444,numbers,major,transition_bucket_shape,taam_events
P7-9_A6-7_C1,P<=4_A3_C0,12,0.0754717,0.09449466,0.79868745,numbers,major,transition_bucket_shape,taam_events
P<=4_A3_C0,P13-15_A8+_C2,12,0.05217391,0.0221857,2.35169082,numbers,major,transition_bucket_shape,taam_events
P7-9_A6-7_C1,P7-9_A8+_C2,12,0.0754717,0.04847987,1.55676367,numbers,major,transition_bucket_shape,taam_events
P<=4_A4_C0,P7-9_A8+_C2,12,0.05581395,0.04847987,1.15128104,numbers,major,transition_bucket_shape,taam_events
P5-6_A6-7_C0,P5-6_A6-7_C1,11,0.08730159,0.08011504,1.08970289,numbers,major,transition_bucket_shape,taam_events
P7-9_A8+_C2,P7-9_A8+_C1,11,0.09322034,0.06080526,1.53309666,numbers,major,transition_bucket_shape,taam_events
P10-12_A8+_C2,P7-9_A8+_C2,11,0.09016393,0.04847987,1.85982217,numbers,major,transition_bucket_shape,taam_events
P5-6_A6-7_C1,P5-6_A6-7_C0,11,0.05670103,0.05176664,1.09531991,numbers,major,transition_bucket_shape,taam_events
P5-6_A5_C0,P10-12_A8+_C1,10,0.07246377,0.04272802,1.69593088,numbers,major,transition_bucket_shape,taam_events
P10-12_A8+_C2,P5-6_A6-7_C1,10,0.08196721,0.08011504,1.02311896,numbers,major,transition_bucket_shape,taam_events
P<=4_A4_C0,P10-12_A8+_C2,10,0.04651163,0.05012325,0.9279451,numbers,major,transition_bucket_shape,taam_events
P10-12_A8+_C1,P5-6_A6-7_C1,10,0.09615385,0.08011504,1.20019724,numbers,major,transition_bucket_shape,taam_events
P13-15_A8+_C2,P5-6_A6-7_C2,10,0.18518519,0.01109285,16.69410151,numbers,major,transition_bucket_shape,taam_events
P5-6_A6-7_C2,P5-6_A6-7_C0,10,0.37037037,0.05176664,7.15461493,numbers,major,transition_bucket_shape,taam_events
P5-6_A6-7_C1,P7-9_A8+_C1,10,0.05154639,0.06080526,0.84772917,numbers,major,transition_bucket_shape,taam_events
P5-6_A6-7_C1,P10-12_A8+_C2,9,0.04639175,0.05012325,0.92555349,numbers,major,transition_bucket_shape,taam_events
P<=4_A4_C0,P5-6_A5_C0,9,0.04186047,0.0566968,0.73832154,numbers,major,transition_bucket_shape,taam_events
P5-6_A5_C0,P<=4_A4_C0,9,0.06521739,0.08833196,0.73832154,numbers,major,transition_bucket_shape,taam_events
P<=4_A3_C0,P10-12_A8+_C2,9,0.03913043,0.05012325,0.78068425,numbers,major,transition_bucket_shape,taam_events
P5-6_A5_C0,P13-15_A8+_C2,9,0.06521739,0.0221857,2.93961353,numbers,major,transition_bucket_shape,taam_events
P<=4_A4_C0,P<=4_A4_C0,9,0.04186047,0.08833196,0.47389941,numbers,major,transition_bucket_shape,taam_events
P7-9_A8+_C2,P5-6_A6-7_C1,9,0.07627119,0.08011504,0.95202086,numbers,major,transition_bucket_shape,taam_events
P5-6_A6-7_C1,P5-6_A5_C0,9,0.04639175,0.0566968,0.81824294,numbers,major,transition_bucket_shape,taam_events
P<=4_A5_C0,P10-12_A8+_C2,9,0.09574468,0.05012325,1.91018486,numbers,major,transition_bucket_shape,taam_events
P7-9_A8+_C1,P7-9_A8+_C1,9,0.06081081,0.06080526,1.00009131,numbers,major,transition_bucket_shape,taam_events
P<=4_A3_C0,P5-6_A5_C1,9,0.03913043,0.04026294,0.97187223,numbers,major,transition_bucket_shape,taam_events
P5-6_A6-7_C0,P<=4_A3_C0,9,0.07142857,0.09449466,0.75590062,numbers,major,transition_bucket_shape,taam_events
P5-6_A5_C1,P7-9_A6-7_C1,8,0.08163265,0.06532457,1.24964703,numbers,major,transition_bucket_shape,taam_events
P5-6_A5_C1,P5-6_A5_C0,8,0.08163265,0.0566968,1.43981071,numbers,major,transition_bucket_shape,taam_events
P<=4_A5_C0,P7-9_A8+_C1,8,0.08510638,0.06080526,1.39965497,numbers,major,transition_bucket_shape,taam_events
P<=4_A3_C0,P7-9_A6-7_C0,8,0.03478261,0.01930978,1.8012951,numbers,major,transition_bucket_shape,taam_events
P<=4_A2_C0,P5-6_A6-7_C1,8,0.11267606,0.08011504,1.40642831,numbers,major,transition_bucket_shape,taam_events
P<=4_A2_C0,P<=4_A5_C0,8,0.11267606,0.03861956,2.91759065,numbers,major,transition_bucket_shape,taam_events
P7-9_A6-7_C1,P5-6_A5_C0,8,0.05031447,0.0566968,0.8874305,numbers,major,transition_bucket_shape,taam_events
P<=4_A3_C0,P10-12_A8+_C3,8,0.03478261,0.01437962,2.41888199,numbers,major,transition_bucket_shape,taam_events
P<=4_A4_C1,P<=4_A4_C0,8,0.17021277,0.08833196,1.92696685,numbers,major,transition_bucket_shape,taam_events
P<=4_A4_C0,P5-6_A5_C1,8,0.0372093,0.04026294,0.92415757,numbers,major,transition_bucket_shape,taam_events
P10-12_A8+_C1,P7-9_A6-7_C1,8,0.07692308,0.06532457,1.17755201,numbers,major,transition_bucket_shape,taam_events
P7-9_A8+_C2,P<=4_A4_C0,8,0.06779661,0.08833196,0.76752069,numbers,major,transition_bucket_shape,taam_events
P5-6_A5_C1,P<=4_A4_C0,8,0.08163265,0.08833196,0.92415757,numbers,major,transition_bucket_shape,taam_events
P10-12_A8+_C2,P5-6_A5_C0,8,0.06557377,0.0566968,1.15656926,numbers,major,transition_bucket_shape,taam_events
P<=4_A4_C0,P7-9_A8+_C1,8,0.0372093,0.06080526,0.61194217,numbers,major,transition_bucket_shape,taam_events
P7-9_A6-7_C0,P5-6_A6-7_C1,8,0.16666667,0.08011504,2.08034188,numbers,major,transition_bucket_shape,taam_events
P7-9_A6-7_C1,P10-12_A8+_C2,8,0.05031447,0.05012325,1.00381483,numbers,major,transition_bucket_shape,taam_events
P5-6_A6-7_C0,P7-9_A8+_C0,8,0.06349206,0.01232539,5.15132275,numbers,major,transition_bucket_shape,taam_events
P5-6_A5_C1,P5-6_A5_C1,8,0.08163265,0.04026294,2.02748855,numbers,major,transition_bucket_shape,taam_events
P5-6_A5_C1,P<=4_A5_C0,7,0.07142857,0.03861956,1.84954407,numbers,major,transition_bucket_shape,taam_events
P5-6_A6-7_C0,P<=4_A4_C0,7,0.05555556,0.08833196,0.62894057,numbers,major,transition_bucket_shape,taam_events
P5-6_A6-7_C0,P<=4_A2_C0,7,0.05555556,0.02917009,1.90453834,numbers,major,transition_bucket_shape,taam_events
P7-9_A8+_C1,P5-6_A5_C0,7,0.0472973,0.0566968,0.83421465,numbers,major,transition_bucket_shape,taam_events
P5-6_A6-7_C0,P10-12_A8+_C2,7,0.05555556,0.05012325,1.10837887,numbers,major,transition_bucket_shape,taam_events
P<=4_A4_C0,P5-6_A6-7_C0,7,0.03255814,0.05176664,0.62894057,numbers,major,transition_bucket_shape,taam_events
P<=4_A3_C0,P7-9_A6-7_C1,7,0.03043478,0.06532457,0.46590101,numbers,major,transition_bucket_shape,taam_events
P<=4_A5_C0,P5-6_A5_C0,7,0.07446809,0.0566968,1.31344434,numbers,major,transition_bucket_shape,taam_events
P10-12_A8+_C1,P7-9_A8+_C2,7,0.06730769,0.04847987,1.38836375,numbers,major,transition_bucket_shape,taam_events
P5-6_A6-7_C1,P5-6_A5_C1,7,0.03608247,0.04026294,0.89617084,numbers,major,transition_bucket_shape,taam_events
P5-6_A5_C0,P7-9_A6-7_C1,7,0.05072464,0.06532457,0.77650169,numbers,major,transition_bucket_shape,taam_events
P5-6_A5_C1,P7-9_A8+_C1,7,0.07142857,0.06080526,1.17471042,numbers,major,transition_bucket_shape,taam_events
P7-9_A6-7_C1,P10-12_A8+_C1,7,0.04402516,0.04272802,1.03035801,numbers,major,transition_bucket_shape,taam_events
P7-9_A8+_C2,P5-6_A5_C0,7,0.05932203,0.0566968,1.04630312,numbers,major,transition_bucket_shape,taam_events
P7-9_A8+_C2,P5-6_A6-7_C0,7,0.05932203,0.05176664,1.14595104,numbers,major,transition_bucket_shape,taam_events
P7-9_A8+_C2,P7-9_A6-7_C1,7,0.05932203,0.06532457,0.90811214,numbers,major,transition_bucket_shape,taam_events
P10-12_A8+_C1,P<=4_A5_C0,7,0.06730769,0.03861956,1.74283961,numbers,major,transition_bucket_shape,taam_events
P10-12_A8+_C2,P7-9_A6-7_C1,7,0.05737705,0.06532457,0.87833797,numbers,major,transition_bucket_shape,taam_events
P5-6_A6-7_C0,P7-9_A6-7_C1,7,0.05555556,0.06532457,0.85045423,numbers,major,transition_bucket_shape,taam_events
P7-9_A8+_C0,P<=4_A3_C0,7,0.23333333,0.09449466,2.46927536,numbers,major,transition_bucket_shape,taam_events
P<=4_A4_C1,P<=4_A3_C1,7,0.14893617,0.00410846,36.25106383,numbers,major,transition_bucket_shape,taam_events
P5-6_A6-7_C0,P5-6_A5_C1,6,0.04761905,0.04026294,1.18270165,numbers,major,transition_bucket_shape,taam_events
P7-9_A8+_C1,P5-6_A6-7_C1,6,0.04054054,0.08011504,0.50602911,numbers,major,transition_bucket_shape,taam_events
P5-6_A5_C0,P5-6_A6-7_C1,6,0.04347826,0.08011504,0.54269788,numbers,major,transition_bucket_shape,taam_events
P5-6_A5_C0,P7-9_A8+_C2,6,0.04347826,0.04847987,0.89683125,numbers,major,transition_bucket_shape,taam_events
P5-6_A4_C1,P7-9_A8+_C1,6,0.26086957,0.06080526,4.29024677,numbers,major,transition_bucket_shape,taam_events
P13-15_A8+_C2,P<=4_A4_C0,6,0.11111111,0.08833196,1.25788114,numbers,major,transition_bucket_shape,taam_events
P<=4_A5_C0,P7-9_A6-7_C1,6,0.06382979,0.06532457,0.97711762,numbers,major,transition_bucket_shape,taam_events
P5-6_A5_C0,P5-6_A5_C0,6,0.04347826,0.0566968,0.7668557,numbers,major,transition_bucket_shape,taam_events
P<=4_A3_C0,P7-9_A8+_C2,6,0.02608696,0.04847987,0.53809875,numbers,major,transition_bucket_shape,taam_events
P5-6_A5_C0,P10-12_A8+_C2,6,0.04347826,0.05012325,0.86742694,numbers,major,transition_bucket_shape,taam_events
P7-9_A8+_C1,P10-12_A8+_C1,6,0.04054054,0.04272802,0.94880457,numbers,major,transition_bucket_shape,taam_events
P<=4_A5_C0,P13-15_A8+_C2,6,0.06382979,0.0221857,2.87706856,numbers,major,transition_bucket_shape,taam_events
P7-9_A8+_C2,P10-12_A8+_C2,6,0.05084746,0.05012325,1.01444846,numbers,major,transition_bucket_shape,taam_events
P5-6_A6-7_C0,P5-6_A6-7_C0,6,0.04761905,0.05176664,0.91987906,numbers,major,transition_bucket_shape,taam_events
P7-9_A8+_C1,P5-6_A6-7_C0,6,0.04054054,0.05176664,0.78314028,numbers,major,transition_bucket_shape,taam_events
P10-12_A8+_C2,P10-12_A8+_C2,6,0.04918033,0.05012325,0.98118785,numbers,major,transition_bucket_shape,taam_events
P<=4_A3_C0,P5-6_A8+_C1,6,0.02608696,0.010682,2.44214047,numbers,major,transition_bucket_shape,taam_events
P7-9_A8+_C2,P7-9_A8+_C2,6,0.05084746,0.04847987,1.04883654,numbers,major,transition_bucket_shape,taam_events
P<=4_A5_C0,P7-9_A8+_C2,6,0.06382979,0.04847987,1.31662459,numbers,major,transition_bucket_shape,taam_events
P5-6_A6-7_C1,P13-15_A8+_C3,6,0.03092784,0.01109285,2.78808706,numbers,major,transition_bucket_shape,taam_events
P7-9_A8+_C1,P10-12_A8+_C3,5,0.03378378,0.01437962,2.34942085,numbers,major,transition_bucket_shape,taam_events
P10-12_A8+_C3,P<=4_A3_C0,5,0.14285714,0.09449466,1.51180124,numbers,major,transition_bucket_shape,taam_events
P7-9_A8+_C1,P7-9_A8+_C2,5,0.03378378,0.04847987,0.69686212,numbers,major,transition_bucket_shape,taam_events
P<=4_A4_C0,P10-12_A8+_C3,5,0.02325581,0.01437962,1.61727575,numbers,major,transition_bucket_shape,taam_events
P10-12_A8+_C1,P<=4_A3_C0,5,0.04807692,0.09449466,0.50877926,numbers,major,transition_bucket_shape,taam_events
P<=4_A4_C0,P16-18_A8+_C2,5,0.02325581,0.00780608,2.97919217,numbers,major,transition_bucket_shape,taam_events
P7-9_A8+_C1,P<=4_A4_C1,5,0.03378378,0.01930978,1.74956872,numbers,major,transition_bucket_shape,taam_events
P7-9_A6-7_C2,P<=4_A4_C0,5,0.2,0.08833196,2.26418605,numbers,major,transition_bucket_shape,taam_events
P13-15_A8+_C3,P7-9_A6-7_C1,5,0.18518519,0.06532457,2.83484743,numbers,major,transition_bucket_shape,taam_events
P<=4_A4_C1,P<=4_A3_C0,5,0.10638298,0.09449466,1.12580944,numbers,major,transition_bucket_shape,taam_events
P5-6_A5_C0,P7-9_A8+_C1,5,0.03623188,0.06080526,0.59586761,numbers,major,transition_bucket_shape,taam_events
P7-9_A8+_C1,P7-9_A6-7_C2,5,0.03378378,0.01027116,3.28918919,numbers,major,transition_bucket_shape,taam_events
P7-9_A6-7_C0,P<=4_A4_C0,5,0.10416667,0.08833196,1.17926357,numbers,major,transition_bucket_shape,taam_events
P5-6_A6-7_C0,P5-6_A5_C0,5,0.03968254,0.0566968,0.69990798,numbers,major,transition_bucket_shape,taam_events
P10-12_A8+_C1,P13-15_A8+_C1,5,0.04807692,0.00903862,5.31905594,numbers,major,transition_bucket_shape,taam_events
P7-9_A8+_C1,P<=4_A5_C1,5,0.03378378,0.01396878,2.41852146,numbers,major,transition_bucket_shape,taam_events
P10-12_A8+_C1,P10-12_A8+_C2,5,0.04807692,0.05012325,0.95917402,numbers,major,transition_bucket_shape,taam_events
P<=4_A3_C0,P10-12_A8+_C1,5,0.02173913,0.04272802,0.50877926,numbers,major,transition_bucket_shape,taam_events
P7-9_A8+_C1,P5-6_A5_C1,5,0.03378378,0.04026294,0.83907887,numbers,major,transition_bucket_shape,taam_events
P<=4_A4_C0,P13-15_A8+_C2,5,0.02325581,0.0221857,1.04823428,numbers,major,transition_bucket_shape,taam_events
P10-12_A8+_C2,P10-12_A8+_C1,5,0.04098361,0.04272802,0.95917402,numbers,major,transition_bucket_shape,taam_events
P10-12_A8+_C2,P<=4_A5_C0,5,0.04098361,0.03861956,1.06121381,numbers,major,transition_bucket_shape,taam_events
P5-6_A6-7_C1,P10-12_A8+_C1,5,0.0257732,0.04272802,0.60319191,numbers,major,transition_bucket_shape,taam_events
P5-6_A6-7_C1,P13-15_A8+_C2,5,0.0257732,0.0221857,1.16170294,numbers,major,transition_bucket_shape,taam_events
P5-6_A8+_C1,P5-6_A6-7_C1,5,0.19230769,0.08011504,2.40039448,numbers,major,transition_bucket_shape,taam_events
P5-6_A5_C0,P<=4_A5_C0,5,0.03623188,0.03861956,0.93817453,numbers,major,transition_bucket_shape,taam_events
P7-9_A6-7_C0,P7-9_A6-7_C1,5,0.10416667,0.06532457,1.59460168,numbers,major,transition_bucket_shape,taam_events
P7-9_A8+_C3,P<=4_A4_C1,5,0.3125,0.01930978,16.18351064,numbers,major,transition_bucket_shape,taam_events
P<=4_A3_C1,P<=4_A4_C1,5,0.5,0.01930978,25.89361702,numbers,major,transition_bucket_shape,taam_events
P<=4_A5_C1,P<=4_A5_C1,4,0.11764706,0.01396878,8.42214533,numbers,major,transition_bucket_shape,taam_events
P7-9_A8+_C1,P5-6_A4_C0,4,0.02702703,0.01314708,2.05574324,numbers,major,transition_bucket_shape,taam_events
P5-6_A6-7_C0,P7-9_A8+_C1,4,0.03174603,0.06080526,0.52209352,numbers,major,transition_bucket_shape,taam_events
P<=4_A5_C0,P5-6_A6-7_C1,4,0.04255319,0.08011504,0.53115112,numbers,major,transition_bucket_shape,taam_events
P5-6_A4_C0,P7-9_A6-7_C0,4,0.125,0.01930978,6.47340426,numbers,major,transition_bucket_shape,taam_events
P7-9_A8+_C0,P7-9_A6-7_C1,4,0.13333333,0.06532457,2.04109015,numbers,major,transition_bucket_shape,taam_events
P<=4_A4_C1,P5-6_A6-7_C2,4,0.08510638,0.01109285,7.67218282,numbers,major,transition_bucket_shape,taam_events
P<=4_A4_C0,P5-6_A4_C1,4,0.01860465,0.00944947,1.96885743,numbers,major,transition_bucket_shape,taam_events
P7-9_A5_C1,P<=4_A4_C0,4,0.28571429,0.08833196,3.2345515,numbers,major,transition_bucket_shape,taam_events
P5-6_A5_C0,P5-6_A6-7_C0,4,0.02898551,0.05176664,0.55992639,numbers,major,transition_bucket_shape,taam_events
P<=4_A4_C0,P10-12_A8+_C0,4,0.01860465,0.0061627,3.01891473,numbers,major,transition_bucket_shape,taam_events
P13-15_A8+_C2,P5-6_A5_C0,4,0.07407407,0.0566968,1.3064949,numbers,major,transition_bucket_shape,taam_events
P16-18_A8+_C3,P<=4_A3_C0,4,0.21052632,0.09449466,2.22791762,numbers,major,transition_bucket_shape,taam_events
P5-6_A6-7_C0,P13-15_A8+_C3,4,0.03174603,0.01109285,2.86184597,numbers,major,transition_bucket_shape,taam_events
P13-15_A8+_C3,P5-6_A6-7_C1,4,0.14814815,0.08011504,1.84919278,numbers,major,transition_bucket_shape,taam_events
P7-9_A8+_C1,P<=4_A2_C0,4,0.02702703,0.02917009,0.92653217,numbers,major,transition_bucket_shape,taam_events
P7-9_A8+_C2,P5-6_A4_C0,4,0.03389831,0.01314708,2.57838983,numbers,major,transition_bucket_shape,taam_events
P13-15_A8+_C2,P10-12_A8+_C2,4,0.07407407,0.05012325,1.47783849,numbers,major,transition_bucket_shape,taam_events
P13-15_A8+_C1,P5-6_A6-7_C0,4,0.18181818,0.05176664,3.51226551,numbers,major,transition_bucket_shape,taam_events
P7-9_A8+_C0,P<=4_A4_C0,4,0.13333333,0.08833196,1.50945736,numbers,major,transition_bucket_shape,taam_events
P5-6_A6-7_C0,P7-9_A6-7_C0,4,0.03174603,0.01930978,1.64403918,numbers,major,transition_bucket_shape,taam_events
P16-18_A8+_C2,P<=4_A3_C0,4,0.21052632,0.09449466,2.22791762,numbers,major,transition_bucket_shape,taam_events
P5-6_A5_C0,P<=4_A2_C0,4,0.02898551,0.02917009,0.99367218,numbers,major,transition_bucket_shape,taam_events
P<=4_A4_C0,P13-15_A8+_C3,4,0.01860465,0.01109285,1.67717485,numbers,major,transition_bucket_shape,taam_events
P<=4_A5_C0,P5-6_A5_C1,4,0.04255319,0.04026294,1.05688233,numbers,major,transition_bucket_shape,taam_events
P13-15_A8+_C2,P<=4_A3_C0,4,0.07407407,0.09449466,0.78389694,numbers,major,transition_bucket_shape,taam_events
P<=4_A4_C0,P<=4_A5_C0,4,0.01860465,0.03861956,0.48174171,numbers,major,transition_bucket_shape,taam_events
P7-9_A8+_C2,P13-15_A8+_C2,4,0.03389831,0.0221857,1.52793471,numbers,major,transition_bucket_shape,taam_events
P7-9_A8+_C2,P10-12_A8+_C1,4,0.03389831,0.04272802,0.79335072,numbers,major,transition_bucket_shape,taam_events
P7-9_A6-7_C1,P<=4_A5_C0,4,0.02515723,0.03861956,0.65141175,numbers,major,transition_bucket_shape,taam_events
P7-9_A8+_C1,P<=4_A5_C0,4,0.02702703,0.03861956,0.69982749,numbers,major,transition_bucket_shape,taam_events
P<=4_A3_C0,P7-9_A6-7_C2,4,0.0173913,0.01027116,1.69321739,numbers,major,transition_bucket_shape,taam_events
P5-6_A4_C0,P5-6_A5_C0,4,0.125,0.0566968,2.20471014,numbers,major,transition_bucket_shape,taam_events
P13-15_A8+_C2,P5-6_A6-7_C0,4,0.07407407,0.05176664,1.43092299,numbers,major,transition_bucket_shape,taam_events
P7-9_A6-7_C2,P<=4_A5_C0,4,0.16,0.03861956,4.14297872,numbers,major,transition_bucket_shape,taam_events
P7-9_A8+_C2,P<=4_A4_C1,4,0.03389831,0.01930978,1.75549946,numbers,major,transition_bucket_shape,taam_events
P7-9_A6-7_C0,P7-9_A8+_C1,3,0.0625,0.06080526,1.02787162,numbers,major,transition_bucket_shape,taam_events
P10-12_A8+_C2,P5-6_A5_C1,3,0.02459016,0.04026294,0.61073938,numbers,major,transition_bucket_shape,taam_events
P<=4_A4_C1,P<=4_A5_C1,3,0.06382979,0.01396878,4.56946183,numbers,major,transition_bucket_shape,taam_events
P<=4_A4_C1,P<=4_A4_C1,3,0.06382979,0.01930978,3.30556813,numbers,major,transition_bucket_shape,taam_events
P5-6_A4_C0,P<=4_A5_C0,3,0.09375,0.03861956,2.4275266,numbers,major,transition_bucket_shape,taam_events
P7-9_A6-7_C0,P10-12_A8+_C2,3,0.0625,0.05012325,1.24692623,numbers,major,transition_bucket_shape,taam_events
P5-6_A6-7_C0,P13-15_A8+_C1,3,0.02380952,0.00903862,2.63419913,numbers,major,transition_bucket_shape,taam_events
P13-15_A8+_C1,P<=4_A3_C0,3,0.13636364,0.09449466,1.443083,numbers,major,transition_bucket_shape,taam_events
P5-6_A6-7_C1,P13-15_A8+_C1,3,0.01546392,0.00903862,1.7108716,numbers,major,transition_bucket_shape,taam_events
P7-9_A8+_C0,P7-9_A8+_C1,3,0.1,0.06080526,1.64459459,numbers,major,transition_bucket_shape,taam_events
P5-6_A6-7_C1,P<=4_A4_C1,3,0.01546392,0.01930978,0.80083352,numbers,major,transition_bucket_shape,taam_events
P5-6_A5_C0,P<=4_A4_C1,3,0.02173913,0.01930978,1.12580944,numbers,major,transition_bucket_shape,taam_events
P<=4_A3_C0,P<=4_A5_C1,3,0.01304348,0.01396878,0.93375959,numbers,major,transition_bucket_shape,taam_events
P<=4_A5_C1,P5-6_A5_C0,3,0.08823529,0.0566968,1.55626598,numbers,major,transition_bucket_shape,taam_events
P5-6_A6-7_C0,P5-6_A6-7_C2,3,0.02380952,0.01109285,2.14638448,numbers,major,transition_bucket_shape,taam_events
P5-6_A6-7_C2,P<=4_A5_C1,3,0.11111111,0.01396878,7.95424837,numbers,major,transition_bucket_shape,taam_events
P7-9_A5_C1,P5-6_A6-7_C1,3,0.21428571,0.08011504,2.67472527,numbers,major,transition_bucket_shape,taam_events
P<=4_A5_C0,P<=4_A4_C0,3,0.03191489,0.08833196,0.36130628,numbers,major,transition_bucket_shape,taam_events
P5-6_A6-7_C2,P10-12_A8+_C2,3,0.11111111,0.05012325,2.21675774,numbers,major,transition_bucket_shape,taam_events
P<=4_A5_C1,P7-9_A6-7_C1,3,0.08823529,0.06532457,1.35072142,numbers,major,transition_bucket_shape,taam_events
P7-9_A6-7_C1,P<=4_A5_C1,3,0.01886792,0.01396878,1.35072142,numbers,major,transition_bucket_shape,taam_events
P<=4_A5_C0,P7-9_A5_C1,3,0.03191489,0.00575185,5.54863222,numbers,major,transition_bucket_shape,taam_events
P7-9_A6-7_C1,P13-15_A8+_C2,3,0.01886792,0.0221857,0.85045423,numbers,major,transition_bucket_shape,taam_events
P5-6_A5_C0,P10-12_A8+_C0,3,0.02173913,0.0061627,3.52753623,numbers,major,transition_bucket_shape,taam_events
P7-9_A6-7_C1,P7-9_A8+_C0,3,0.01886792,0.01232539,1.53081761,numbers,major,transition_bucket_shape,taam_events
P7-9_A6-7_C1,P7-9_A6-7_C2,3,0.01886792,0.01027116,1.83698113,numbers,major,transition_bucket_shape,taam_events
P<=4_A3_C0,P16-18_A8+_C3,3,0.01304348,0.00780608,1.67093822,numbers,major,transition_bucket_shape,taam_events
P16-18_A8+_C3,P<=4_A5_C0,3,0.15789474,0.03861956,4.08846585,numbers,major,transition_bucket_shape,taam_events
P<=4_A3_C0,P<=4_A2_C0,3,0.01304348,0.02917009,0.44715248,numbers,major,transition_bucket_shape,taam_events
P7-9_A8+_C1,P19-24_A8+_C2,3,0.02027027,0.00410846,4.93378378,numbers,major,transition_bucket_shape,taam_events
P5-6_A4_C1,P<=4_A3_C0,3,0.13043478,0.09449466,1.38034026,numbers,major,transition_bucket_shape,taam_events
P10-12_A8+_C3,P10-12_A8+_C2,3,0.08571429,0.05012325,1.71007026,numbers,major,transition_bucket_shape,taam_events
P10-12_A8+_C2,P7-9_A6-7_C0,3,0.02459016,0.01930978,1.27345657,numbers,major,transition_bucket_shape,taam_events
P7-9_A6-7_C0,P5-6_A5_C0,3,0.0625,0.0566968,1.10235507,numbers,major,transition_bucket_shape,taam_events
P10-12_A8+_C1,P7-9_A8+_C1,3,0.02884615,0.06080526,0.47440229,numbers,major,transition_bucket_shape,taam_events
P<=4_A5_C1,P7-9_A8+_C2,3,0.08823529,0.04847987,1.82003988,numbers,major,transition_bucket_shape,taam_events
P7-9_A8+_C2,P7-9_A6-7_C0,3,0.02542373,0.01930978,1.31662459,numbers,major,transition_bucket_shape,taam_events
P10-12_A8+_C0,P<=4_A4_C0,3,0.2,0.08833196,2.26418605,numbers,major,transition_bucket_shape,taam_events
P16-18_A8+_C1,P7-9_A6-7_C1,3,0.27272727,0.06532457,4.17495712,numbers,major,transition_bucket_shape,taam_events
P5-6_A5_C1,P10-12_A8+_C2,3,0.03061224,0.05012325,0.61073938,numbers,major,transition_bucket_shape,taam_events
P7-9_A8+_C2,P5-6_A5_C1,3,0.02542373,0.04026294,0.63144241,numbers,major,transition_bucket_shape,taam_events
P<=4_A4_C0,P5-6_A4_C0,3,0.01395349,0.01314708,1.06133721,numbers,major,transition_bucket_shape,taam_events
P19-24_A8+_C2,P<=4_A4_C0,3,0.3,0.08833196,3.39627907,numbers,major,transition_bucket_shape,taam_events
P5-6_A5_C0,P7-9_A8+_C3,3,0.02173913,0.00657354,3.30706522,numbers,major,transition_bucket_shape,taam_events
P5-6_A4_C1,P<=4_A4_C0,3,0.13043478,0.08833196,1.47664307,numbers,major,transition_bucket_shape,taam_events
P<=4_A3_C0,P7-9_A8+_C3,3,0.01304348,0.00657354,1.98423913,numbers,major,transition_bucket_shape,taam_events
P<=4_A4_C0,P5-6_A8+_C1,3,0.01395349,0.010682,1.30626118,numbers,major,transition_bucket_shape,taam_events
P<=4_A3_C0,P16-18_A8+_C2,3,0.01304348,0.00780608,1.67093822,numbers,major,transition_bucket_shape,taam_events
P5-6_A5_C0,P13-15_A8+_C1,3,0.02173913,0.00903862,2.40513834,numbers,major,transition_bucket_shape,taam_events
P13-15_A8+_C2,P10-12_A8+_C1,3,0.05555556,0.04272802,1.30021368,numbers,major,transition_bucket_shape,taam_events
P10-12_A8+_C1,P13-15_A8+_C2,3,0.02884615,0.0221857,1.30021368,numbers,major,transition_bucket_shape,taam_events
P<=4_A2_C0,P7-9_A8+_C1,3,0.04225352,0.06080526,0.69489912,numbers,major,transition_bucket_shape,taam_events
P7-9_A8+_C1,P7-9_A6-7_C0,3,0.02027027,0.01930978,1.04974123,numbers,major,transition_bucket_shape,taam_events
P5-6_A4_C1,P5-6_A5_C1,3,0.13043478,0.04026294,3.23957409,numbers,major,transition_bucket_shape,taam_events
P<=4_A3_C0,P<=4_A4_C1,3,0.01304348,0.01930978,0.67548566,numbers,major,transition_bucket_shape,taam_events
P5-6_A4_C0,P5-6_A6-7_C1,3,0.09375,0.08011504,1.17019231,numbers,major,transition_bucket_shape,taam_events
P5-6_A6-7_C0,P7-9_A8+_C3,3,0.02380952,0.00657354,3.62202381,numbers,major,transition_bucket_shape,taam_events
P<=4_A6-7_C1,P7-9_A6-7_C1,3,0.3,0.06532457,4.59245283,numbers,major,transition_bucket_shape,taam_events
P5-6_A6-7_C0,P7-9_A8+_C2,3,0.02380952,0.04847987,0.49112187,numbers,major,transition_bucket_shape,taam_events
P<=4_A6-7_C1,P<=4_A4_C0,3,0.3,0.08833196,3.39627907,numbers,major,transition_bucket_shape,taam_events
P10-12_A8+_C2,P5-6_A4_C0,3,0.02459016,0.01314708,1.87038934,numbers,major,transition_bucket_shape,taam_events
P<=4_A5_C0,P10-12_A8+_C1,3,0.03191489,0.04272802,0.74693126,numbers,major,transition_bucket_shape,taam_events
P7-9_A8+_C1,P13-15_A8+_C2,3,0.02027027,0.0221857,0.91366366,numbers,major,transition_bucket_shape,taam_events
P5-6_A4_C0,P10-12_A8+_C2,3,0.09375,0.05012325,1.87038934,numbers,major,transition_bucket_shape,taam_events
P7-9_A8+_C1,P<=4_A4_C0,3,0.02027027,0.08833196,0.22947832,numbers,major,transition_bucket_shape,taam_events
P16-18_A8+_C3,P<=4_A4_C0,3,0.15789474,0.08833196,1.7875153,numbers,major,transition_bucket_shape,taam_events
P7-9_A6-7_C2,P5-6_A5_C1,3,0.12,0.04026294,2.98040816,numbers,major,transition_bucket_shape,taam_events
P5-6_A4_C0,P7-9_A6-7_C1,3,0.09375,0.06532457,1.43514151,numbers,major,transition_bucket_shape,taam_events
P<=4_A5_C1,P<=4_A4_C0,3,0.08823529,0.08833196,0.99890561,numbers,major,transition_bucket_shape,taam_events
P7-9_A8+_C2,P<=4_A5_C0,3,0.02542373,0.03861956,0.6583123,numbers,major,transition_bucket_shape,taam_events
P10-12_A8+_C1,P10-12_A8+_C1,3,0.02884615,0.04272802,0.67511095,numbers,major,transition_bucket_shape,taam_events
P<=4_A2_C0,P10-12_A8+_C2,3,0.04225352,0.05012325,0.84299238,numbers,major,transition_bucket_shape,taam_events
P7-9_A6-7_C1,P5-6_A5_C1,3,0.01886792,0.04026294,0.46861764,numbers,major,transition_bucket_shape,taam_events
P16-18_A8+_C3,P5-6_A6-7_C1,3,0.15789474,0.08011504,1.9708502,numbers,major,transition_bucket_shape,taam_events
P5-6_A6-7_C0,P16-18_A8+_C3,3,0.02380952,0.00780608,3.05012531,numbers,major,transition_bucket_shape,taam_events
P5-6_A6-7_C2,P<=4_A4_C1,3,0.11111111,0.01930978,5.75413712,numbers,major,transition_bucket_shape,taam_events
P10-12_A8+_C3,P7-9_A8+_C2,3,0.08571429,0.04847987,1.76803874,numbers,major,transition_bucket_shape,taam_events
P13-15_A8+_C2,P7-9_A8+_C2,3,0.05555556,0.04847987,1.14595104,numbers,major,transition_bucket_shape,taam_events
P10-12_A8+_C2,P5-6_A6-7_C0,3,0.02459016,0.05176664,0.47501952,numbers,major,transition_bucket_shape,taam_events
P7-9_A5_C1,P<=4_A5_C0,3,0.21428571,0.03861956,5.54863222,numbers,major,transition_bucket_shape,taam_events
P7-9_A5_C1,P<=4_A3_C0,3,0.21428571,0.09449466,2.26770186,numbers,major,transition_bucket_shape,taam_events
P2_A4_C0,P2_A2_C0,19,0.79166667,0.02423993,32.65960452,numbers,major,transition_exact_shape,taam_events
P2_A2_C0,P2_A4_C0,12,0.20338983,0.00986031,20.62711864,numbers,major,transition_exact_shape,taam_events
P9_A10_C2,P3_A3_C0,10,0.52631579,0.04847987,10.85637823,numbers,major,transition_exact_shape,taam_events
P6_A6_C1,P2_A2_C0,10,0.12820513,0.02423993,5.28900478,numbers,major,transition_exact_shape,taam_events
P4_A4_C0,P3_A3_C0,10,0.10309278,0.04847987,2.12650708,numbers,major,transition_exact_shape,taam_events
P14_A14_C2,P6_A7_C2,10,0.76923077,0.00698439,110.13574661,numbers,major,transition_exact_shape,taam_events
P5_A5_C1,P3_A3_C0,10,0.15625,0.04847987,3.22298729,numbers,major,transition_exact_shape,taam_events
P3_A3_C0,P5_A6_C0,9,0.07627119,0.02259655,3.37534669,numbers,major,transition_exact_shape,taam_events
P6_A6_C1,P9_A10_C2,9,0.11538462,0.00780608,14.78137652,numbers,major,transition_exact_shape,taam_events
P2_A2_C0,P5_A6_C0,9,0.15254237,0.02259655,6.75069337,numbers,major,transition_exact_shape,taam_events
P5_A5_C0,P5_A5_C1,9,0.07563025,0.02629417,2.87631303,numbers,major,transition_exact_shape,taam_events
P5_A5_C0,P6_A5_C1,9,0.07563025,0.01396878,5.41423628,numbers,major,transition_exact_shape,taam_events
P6_A7_C2,P6_A7_C0,9,0.52941176,0.00944947,56.02557545,numbers,major,transition_exact_shape,taam_events
P6_A7_C0,P11_A10_C1,9,0.39130435,0.00698439,56.02557545,numbers,major,transition_exact_shape,taam_events
P11_A10_C1,P4_A4_C0,9,0.52941176,0.0398521,13.2844148,numbers,major,transition_exact_shape,taam_events
P5_A6_C0,P6_A6_C1,8,0.14545455,0.03204601,4.53892774,numbers,major,transition_exact_shape,taam_events
P3_A4_C0,P8_A7_C1,8,0.08510638,0.01725555,4.93211753,numbers,major,transition_exact_shape,taam_events
P3_A5_C0,P3_A3_C0,8,0.36363636,0.04847987,7.50077042,numbers,major,transition_exact_shape,taam_events
P3_A3_C0,P3_A4_C0,7,0.05932203,0.03861956,1.53606203,numbers,major,transition_exact_shape,taam_events
P3_A3_C0,P6_A6_C1,7,0.05932203,0.03204601,1.85115167,numbers,major,transition_exact_shape,taam_events
P3_A3_C0,P14_A14_C2,7,0.05932203,0.005341,11.10691004,numbers,major,transition_exact_shape,taam_events
P5_A5_C1,P5_A5_C1,7,0.109375,0.02629417,4.15966797,numbers,major,transition_exact_shape,taam_events
P3_A3_C0,P5_A6_C1,7,0.05932203,0.02013147,2.94673123,numbers,major,transition_exact_shape,taam_events
P3_A4_C1,P3_A3_C1,7,0.31818182,0.00328677,96.80681818,numbers,major,transition_exact_shape,taam_events
P3_A4_C0,P3_A3_C0,6,0.06382979,0.04847987,1.31662459,numbers,major,transition_exact_shape,taam_events
P3_A4_C0,P5_A5_C0,6,0.06382979,0.04889071,1.30556052,numbers,major,transition_exact_shape,taam_events
P2_A3_C0,P5_A5_C0,6,0.09836066,0.04889071,2.01184736,numbers,major,transition_exact_shape,taam_events
P4_A4_C0,P12_A12_C1,6,0.06185567,0.00410846,15.0556701,numbers,major,transition_exact_shape,taam_events
P12_A12_C1,P5_A5_C0,6,0.6,0.04889071,12.27226891,numbers,major,transition_exact_shape,taam_events
P5_A5_C1,P5_A5_C0,5,0.078125,0.04889071,1.59795168,numbers,major,transition_exact_shape,taam_events
P6_A6_C1,P3_A4_C0,5,0.06410256,0.03861956,1.65984724,numbers,major,transition_exact_shape,taam_events
P5_A6_C0,P2_A2_C0,5,0.09090909,0.02423993,3.75038521,numbers,major,transition_exact_shape,taam_events
P6_A6_C1,P3_A3_C0,5,0.06410256,0.04847987,1.3222512,numbers,major,transition_exact_shape,taam_events
P3_A3_C0,P5_A5_C1,5,0.04237288,0.02629417,1.61149364,numbers,major,transition_exact_shape,taam_events
P4_A4_C0,P12_A11_C1,5,0.05154639,0.00287592,17.92341679,numbers,major,transition_exact_shape,taam_events
P5_A5_C0,P5_A5_C0,5,0.04201681,0.04889071,0.85940258,numbers,major,transition_exact_shape,taam_events
P4_A3_C0,P5_A6_C1,5,0.1,0.02013147,4.96734694,numbers,major,transition_exact_shape,taam_events
P3_A3_C0,P2_A4_C0,5,0.04237288,0.00986031,4.29731638,numbers,major,transition_exact_shape,taam_events
P2_A2_C0,P3_A5_C0,5,0.08474576,0.00903862,9.37596302,numbers,major,transition_exact_shape,taam_events
P2_A3_C0,P4_A3_C0,5,0.08196721,0.02054232,3.99016393,numbers,major,transition_exact_shape,taam_events
P3_A3_C1,P3_A4_C1,5,0.625,0.00903862,69.14772727,numbers,major,transition_exact_shape,taam_events
P3_A3_C0,P4_A4_C0,5,0.04237288,0.0398521,1.06325354,numbers,major,transition_exact_shape,taam_events
P4_A5_C1,P4_A5_C1,4,0.14814815,0.01109285,13.35528121,numbers,major,transition_exact_shape,taam_events
P5_A5_C1,P4_A5_C0,4,0.0625,0.02917009,2.14260563,numbers,major,transition_exact_shape,taam_events
P4_A5_C0,P3_A3_C0,4,0.05633803,0.04847987,1.16209119,numbers,major,transition_exact_shape,taam_events
P3_A3_C0,P4_A5_C0,4,0.03389831,0.02917009,1.16209119,numbers,major,transition_exact_shape,taam_events
P5_A6_C0,P4_A4_C0,4,0.07272727,0.0398521,1.82492971,numbers,major,transition_exact_shape,taam_events
P2_A2_C0,P6_A6_C1,4,0.06779661,0.03204601,2.11560191,numbers,major,transition_exact_shape,taam_events
P5_A5_C0,P6_A6_C1,4,0.03361345,0.03204601,1.04891187,numbers,major,transition_exact_shape,taam_events
P5_A5_C0,P3_A4_C0,4,0.03361345,0.03861956,0.87037368,numbers,major,transition_exact_shape,taam_events
P6_A5_C0,P2_A3_C0,4,0.21052632,0.02506163,8.40034513,numbers,major,transition_exact_shape,taam_events
P2_A3_C0,P3_A3_C0,4,0.06557377,0.04847987,1.35259794,numbers,major,transition_exact_shape,taam_events
P4_A5_C0,P5_A5_C0,4,0.05633803,0.04889071,1.15232572,numbers,major,transition_exact_shape,taam_events
P5_A5_C0,P7_A7_C1,4,0.03361345,0.02423993,1.38669705,numbers,major,transition_exact_shape,taam_events
P4_A4_C1,P2_A3_C0,4,0.16,0.02506163,6.3842623,numbers,major,transition_exact_shape,taam_events
P8_A7_C1,P6_A6_C1,4,0.0952381,0.03204601,2.97191697,numbers,major,transition_exact_shape,taam_events
P3_A3_C0,P3_A5_C0,4,0.03389831,0.00903862,3.75038521,numbers,major,transition_exact_shape,taam_events
P7_A7_C1,P7_A8_C1,4,0.06779661,0.01602301,4.23120382,numbers,major,transition_exact_shape,taam_events
P12_A11_C1,P5_A5_C0,4,0.57142857,0.04889071,11.68787515,numbers,major,transition_exact_shape,taam_events
P7_A8_C1,P5_A5_C1,4,0.1025641,0.02629417,3.90064103,numbers,major,transition_exact_shape,taam_events
P3_A3_C0,P5_A5_C0,4,0.03389831,0.04889071,0.69334853,numbers,major,transition_exact_shape,taam_events
P5_A5_C0,P4_A4_C0,4,0.03361345,0.0398521,0.84345491,numbers,major,transition_exact_shape,taam_events
P5_A6_C1,P4_A3_C0,4,0.08163265,0.02054232,3.97387755,numbers,major,transition_exact_shape,taam_events
P5_A5_C0,P4_A5_C0,4,0.03361345,0.02917009,1.15232572,numbers,major,transition_exact_shape,taam_events
P5_A6_C1,P5_A6_C1,4,0.08163265,0.02013147,4.05497709,numbers,major,transition_exact_shape,taam_events
P7_A8_C1,P3_A3_C0,4,0.1025641,0.04847987,2.11560191,numbers,major,transition_exact_shape,taam_events
P4_A4_C0,P5_A6_C0,4,0.04123711,0.02259655,1.82492971,numbers,major,transition_exact_shape,taam_events
P6_A6_C0,P7_A8_C0,4,0.09090909,0.0061627,14.75151515,numbers,major,transition_exact_shape,taam_events
P7_A8_C0,P3_A3_C0,4,0.26666667,0.04847987,5.50056497,numbers,major,transition_exact_shape,taam_events
P5_A6_C1,P6_A6_C0,4,0.08163265,0.01807724,4.51576994,numbers,major,transition_exact_shape,taam_events
P8_A7_C1,P5_A6_C0,3,0.07142857,0.02259655,3.16103896,numbers,major,transition_exact_shape,taam_events
P5_A6_C0,P5_A5_C1,3,0.05454545,0.02629417,2.07443182,numbers,major,transition_exact_shape,taam_events
P4_A4_C1,P4_A5_C1,3,0.12,0.01109285,10.81777778,numbers,major,transition_exact_shape,taam_events
P3_A3_C0,P6_A7_C1,3,0.02542373,0.01930978,1.31662459,numbers,major,transition_exact_shape,taam_events
P4_A5_C0,P6_A6_C1,3,0.04225352,0.03204601,1.31852654,numbers,major,transition_exact_shape,taam_events
P5_A4_C0,P7_A7_C0,3,0.11538462,0.00903862,12.76573427,numbers,major,transition_exact_shape,taam_events
P8_A7_C1,P3_A4_C0,3,0.07142857,0.03861956,1.84954407,numbers,major,transition_exact_shape,taam_events
P4_A4_C0,P7_A7_C1,3,0.03092784,0.02423993,1.27590425,numbers,major,transition_exact_shape,taam_events
P2_A2_C0,P4_A5_C0,3,0.05084746,0.02917009,1.74313679,numbers,major,transition_exact_shape,taam_events
P6_A7_C1,P2_A2_C0,3,0.06382979,0.02423993,2.63324919,numbers,major,transition_exact_shape,taam_events
P4_A4_C0,P5_A4_C1,3,0.03092784,0.00657354,4.70489691,numbers,major,transition_exact_shape,taam_events
P4_A5_C0,P4_A4_C0,3,0.04225352,0.0398521,1.06025846,numbers,major,transition_exact_shape,taam_events
P7_A8_C1,P4_A3_C0,3,0.07692308,0.02054232,3.74461538,numbers,major,transition_exact_shape,taam_events
P5_A5_C0,P3_A3_C0,3,0.02521008,0.04847987,0.52001139,numbers,major,transition_exact_shape,taam_events
P4_A5_C0,P7_A5_C1,3,0.04225352,0.00451931,9.34955186,numbers,major,transition_exact_shape,taam_events
P6_A6_C1,P5_A5_C0,3,0.03846154,0.04889071,0.7866839,numbers,major,transition_exact_shape,taam_events
P6_A7_C1,P5_A5_C0,3,0.06382979,0.04889071,1.30556052,numbers,major,transition_exact_shape,taam_events
P6_A6_C1,P7_A7_C1,3,0.03846154,0.02423993,1.58670143,numbers,major,transition_exact_shape,taam_events
P4_A4_C1,P3_A4_C0,3,0.12,0.03861956,3.10723404,numbers,major,transition_exact_shape,taam_events
P3_A4_C0,P5_A5_C1,3,0.03191489,0.02629417,1.2137633,numbers,major,transition_exact_shape,taam_events
P6_A5_C1,P5_A5_C0,3,0.08823529,0.04889071,1.80474543,numbers,major,transition_exact_shape,taam_events
P6_A6_C0,P5_A5_C0,3,0.06818182,0.04889071,1.39457601,numbers,major,transition_exact_shape,taam_events
P4_A3_C0,P5_A5_C0,3,0.06,0.04889071,1.22722689,numbers,major,transition_exact_shape,taam_events
P6_A7_C1,P3_A3_C0,3,0.06382979,0.04847987,1.31662459,numbers,major,transition_exact_shape,taam_events
P4_A4_C0,P5_A4_C0,3,0.03092784,0.010682,2.89532117,numbers,major,transition_exact_shape,taam_events
P3_A4_C0,P5_A7_C1,3,0.03191489,0.00862777,3.69908815,numbers,major,transition_exact_shape,taam_events
P4_A4_C0,P6_A8_C1,3,0.03092784,0.00821693,3.76391753,numbers,major,transition_exact_shape,taam_events
P5_A5_C1,P4_A3_C0,3,0.046875,0.02054232,2.281875,numbers,major,transition_exact_shape,taam_events
P7_A7_C1,P3_A3_C0,3,0.05084746,0.04847987,1.04883654,numbers,major,transition_exact_shape,taam_events
P11_A10_C1,P5_A5_C0,3,0.17647059,0.04889071,3.60949086,numbers,major,transition_exact_shape,taam_events
P6_A5_C1,P6_A7_C1,3,0.08823529,0.01930978,4.56946183,numbers,major,transition_exact_shape,taam_events
P4_A4_C0,P9_A8_C1,3,0.03092784,0.00657354,4.70489691,numbers,major,transition_exact_shape,taam_events
P5_A4_C1,P5_A5_C1,3,0.1875,0.02629417,7.13085938,numbers,major,transition_exact_shape,taam_events
P5_A4_C0,P6_A6_C1,3,0.11538462,0.03204601,3.60059172,numbers,major,transition_exact_shape,taam_events
P11_A11_C2,P4_A4_C0,3,0.33333333,0.0398521,8.36426117,numbers,major,transition_exact_shape,taam_events
P4_A4_C0,P3_A4_C0,3,0.03092784,0.03861956,0.80083352,numbers,major,transition_exact_shape,taam_events
P7_A7_C0,P6_A6_C1,3,0.13636364,0.03204601,4.25524476,numbers,major,transition_exact_shape,taam_events
P6_A6_C1,P5_A6_C0,3,0.03846154,0.02259655,1.7020979,numbers,major,transition_exact_shape,taam_events
P6_A6_C1,P4_A4_C0,3,0.03846154,0.0398521,0.96510706,numbers,major,transition_exact_shape,taam_events
P3_A3_C0,P6_A8_C1,3,0.02542373,0.00821693,3.0940678,numbers,major,transition_exact_shape,taam_events
P3_A4_C0,P6_A6_C1,3,0.03191489,0.03204601,0.99590835,numbers,major,transition_exact_shape,taam_events
P4_A4_C0,P4_A5_C0,3,0.03092784,0.02917009,1.06025846,numbers,major,transition_exact_shape,taam_events
P6_A6_C1,P7_A6_C1,3,0.03846154,0.01314708,2.92548077,numbers,major,transition_exact_shape,taam_events
P7_A7_C1,P3_A4_C0,3,0.05084746,0.03861956,1.31662459,numbers,major,transition_exact_shape,taam_events
P6_A7_C1,P6_A5_C1,3,0.06382979,0.01396878,4.56946183,numbers,major,transition_exact_shape,taam_events
P5_A6_C1,P4_A4_C0,3,0.06122449,0.0398521,1.53629287,numbers,major,transition_exact_shape,taam_events
P7_A6_C1,P6_A7_C1,3,0.09375,0.01930978,4.85505319,numbers,major,transition_exact_shape,taam_events
P3_A4_C0,P10_A9_C2,3,0.03191489,0.00410846,7.76808511,numbers,major,transition_exact_shape,taam_events
P6_A5_C1,P4_A4_C0,3,0.08823529,0.0398521,2.21406913,numbers,major,transition_exact_shape,taam_events
P7_A9_C1,P4_A3_C0,3,0.23076923,0.02054232,11.23384615,numbers,major,transition_exact_shape,taam_events
P4_A4_C0,P5_A5_C1,3,0.03092784,0.02629417,1.17622423,numbers,major,transition_exact_shape,taam_events
P9_A11_C3,P3_A4_C1,3,0.6,0.00903862,66.38181818,numbers,major,transition_exact_shape,taam_events
P3_A4_C1,P4_A4_C0,3,0.13636364,0.0398521,3.42174321,numbers,major,transition_exact_shape,taam_events
P3_A3_C0,P2_A3_C0,3,0.02542373,0.02506163,1.01444846,numbers,major,transition_exact_shape,taam_events
P4_A3_C0,P3_A3_C0,3,0.06,0.04847987,1.23762712,numbers,major,transition_exact_shape,taam_events
P7_A5_C1,P4_A5_C0,3,0.27272727,0.02917009,9.34955186,numbers,major,transition_exact_shape,taam_events
P6_A6_C0,P6_A6_C0,3,0.06818182,0.01807724,3.77169421,numbers,major,transition_exact_shape,taam_events
P7-9_A8+_C0,P7-9_A8+_C1,16,0.19047619,0.07560405,2.51939126,numbers,verse,transition_bucket_shape,taam_events
P13-15_A8+_C2,P10-12_A8+_C1,14,0.13333333,0.08963367,1.48753623,numbers,verse,transition_bucket_shape,taam_events
P10-12_A8+_C1,P7-9_A8+_C0,12,0.10434783,0.06547155,1.59378882,numbers,verse,transition_bucket_shape,taam_events
P7-9_A8+_C1,P19-24_A8+_C4+,12,0.12371134,0.05300078,2.3341419,numbers,verse,transition_bucket_shape,taam_events
P7-9_A8+_C0,P13-15_A8+_C3,11,0.13095238,0.03819174,3.42881438,numbers,verse,transition_bucket_shape,taam_events
P13-15_A8+_C2,P13-15_A8+_C2,11,0.1047619,0.08183944,1.2800907,numbers,verse,transition_bucket_shape,taam_events
P10-12_A8+_C2,P13-15_A8+_C2,11,0.14666667,0.08183944,1.79212698,numbers,verse,transition_bucket_shape,taam_events
P<=4_A4_C0,P16-18_A8+_C1,11,0.78571429,0.02416212,32.51843318,numbers,verse,transition_bucket_shape,taam_events
P5-6_A6-7_C0,P10-12_A8+_C1,10,0.23255814,0.08963367,2.59453994,numbers,verse,transition_bucket_shape,taam_events
P10-12_A8+_C1,P10-12_A8+_C2,9,0.07826087,0.05845674,1.33878261,numbers,verse,transition_bucket_shape,taam_events
P7-9_A8+_C1,P7-9_A8+_C1,9,0.09278351,0.07560405,1.22722925,numbers,verse,transition_bucket_shape,taam_events
P10-12_A8+_C1,P16-18_A8+_C2,9,0.07826087,0.04910366,1.59378882,numbers,verse,transition_bucket_shape,taam_events
P7-9_A8+_C1,P13-15_A8+_C2,9,0.09278351,0.08183944,1.13372607,numbers,verse,transition_bucket_shape,taam_events
P19-24_A8+_C4+,P5-6_A6-7_C0,9,0.13235294,0.0335152,3.94904241,numbers,verse,transition_bucket_shape,taam_events
P10-12_A8+_C1,P<=4_A4_C0,9,0.07826087,0.01091193,7.17204969,numbers,verse,transition_bucket_shape,taam_events
P10-12_A8+_C2,P7-9_A8+_C1,9,0.12,0.07560405,1.58721649,numbers,verse,transition_bucket_shape,taam_events
P13-15_A8+_C3,P7-9_A8+_C0,8,0.16326531,0.06547155,2.49368319,numbers,verse,transition_bucket_shape,taam_events
P7-9_A8+_C0,P10-12_A8+_C1,8,0.0952381,0.08963367,1.06252588,numbers,verse,transition_bucket_shape,taam_events
P13-15_A8+_C2,P16-18_A8+_C2,8,0.07619048,0.04910366,1.55162509,numbers,verse,transition_bucket_shape,taam_events
P7-9_A8+_C1,P10-12_A8+_C0,8,0.08247423,0.03429462,2.40487348,numbers,verse,transition_bucket_shape,taam_events
P13-15_A8+_C2,P7-9_A8+_C1,8,0.07619048,0.07560405,1.0077565,numbers,verse,transition_bucket_shape,taam_events
P16-18_A8+_C1,P7-9_A8+_C1,8,0.25,0.07560405,3.30670103,numbers,verse,transition_bucket_shape,taam_events
P16-18_A8+_C2,P10-12_A8+_C1,8,0.12903226,0.08963367,1.43955119,numbers,verse,transition_bucket_shape,taam_events
P10-12_A8+_C1,P10-12_A8+_C1,7,0.06086957,0.08963367,0.67909263,numbers,verse,transition_bucket_shape,taam_events
P16-18_A8+_C2,P10-12_A8+_C2,7,0.11290323,0.05845674,1.93139785,numbers,verse,transition_bucket_shape,taam_events
P13-15_A8+_C3,P13-15_A8+_C2,7,0.14285714,0.08183944,1.74557823,numbers,verse,transition_bucket_shape,taam_events
P10-12_A8+_C1,P13-15_A8+_C1,7,0.06086957,0.04598597,1.32365512,numbers,verse,transition_bucket_shape,taam_events
P19-24_A8+_C4+,P10-12_A8+_C1,7,0.10294118,0.08963367,1.14846547,numbers,verse,transition_bucket_shape,taam_events
P13-15_A8+_C2,P19-24_A8+_C2,7,0.06666667,0.03819174,1.74557823,numbers,verse,transition_bucket_shape,taam_events
P19-24_A8+_C2,P13-15_A8+_C2,7,0.14285714,0.08183944,1.74557823,numbers,verse,transition_bucket_shape,taam_events
P7-9_A8+_C1,P10-12_A8+_C2,7,0.07216495,0.05845674,1.23450172,numbers,verse,transition_bucket_shape,taam_events
P7-9_A8+_C1,P10-12_A8+_C1,7,0.07216495,0.08963367,0.80510982,numbers,verse,transition_bucket_shape,taam_events
P<=4_A6-7_C0,P<=4_A6-7_C0,7,0.53846154,0.0101325,53.14201183,numbers,verse,transition_bucket_shape,taam_events
P13-15_A8+_C2,P7-9_A8+_C0,6,0.05714286,0.06547155,0.87278912,numbers,verse,transition_bucket_shape,taam_events
P7-9_A8+_C1,P13-15_A8+_C1,6,0.06185567,0.04598597,1.34509872,numbers,verse,transition_bucket_shape,taam_events
P16-18_A8+_C2,P19-24_A8+_C2,6,0.09677419,0.03819174,2.53390388,numbers,verse,transition_bucket_shape,taam_events
P10-12_A8+_C2,P5-6_A6-7_C0,6,0.08,0.0335152,2.38697674,numbers,verse,transition_bucket_shape,taam_events
P19-24_A8+_C3,P13-15_A8+_C2,6,0.12,0.08183944,1.46628571,numbers,verse,transition_bucket_shape,taam_events
P13-15_A8+_C1,P19-24_A8+_C3,6,0.10169492,0.03897116,2.60949153,numbers,verse,transition_bucket_shape,taam_events
P19-24_A8+_C2,P19-24_A8+_C3,6,0.12244898,0.03897116,3.14204082,numbers,verse,transition_bucket_shape,taam_events
P10-12_A8+_C1,P19-24_A8+_C4+,6,0.05217391,0.05300078,0.98439898,numbers,verse,transition_bucket_shape,taam_events
P10-12_A8+_C1,P10-12_A8+_C0,6,0.05217391,0.03429462,1.52134387,numbers,verse,transition_bucket_shape,taam_events
P19-24_A8+_C4+,P13-15_A8+_C2,6,0.08823529,0.08183944,1.07815126,numbers,verse,transition_bucket_shape,taam_events
P5-6_A5_C1,P5-6_A5_C1,6,0.5,0.00935308,53.45833333,numbers,verse,transition_bucket_shape,taam_events
P13-15_A8+_C2,P13-15_A8+_C1,6,0.05714286,0.04598597,1.24261501,numbers,verse,transition_bucket_shape,taam_events
P13-15_A8+_C1,P10-12_A8+_C1,5,0.08474576,0.08963367,0.94546794,numbers,verse,transition_bucket_shape,taam_events
P7-9_A8+_C0,P19-24_A8+_C4+,5,0.05952381,0.05300078,1.12307423,numbers,verse,transition_bucket_shape,taam_events
P19-24_A8+_C4+,P7-9_A8+_C0,5,0.07352941,0.06547155,1.12307423,numbers,verse,transition_bucket_shape,taam_events
P7-9_A8+_C1,P7-9_A8+_C0,5,0.05154639,0.06547155,0.78730977,numbers,verse,transition_bucket_shape,taam_events
P10-12_A8+_C2,P10-12_A8+_C1,5,0.06666667,0.08963367,0.74376812,numbers,verse,transition_bucket_shape,taam_events
P5-6_A5_C0,P16-18_A8+_C2,5,0.12195122,0.04910366,2.48354626,numbers,verse,transition_bucket_shape,taam_events
P13-15_A8+_C1,P13-15_A8+_C2,5,0.08474576,0.08183944,1.03551251,numbers,verse,transition_bucket_shape,taam_events
P10-12_A8+_C2,P10-12_A8+_C2,5,0.06666667,0.05845674,1.14044444,numbers,verse,transition_bucket_shape,taam_events
P13-15_A8+_C3,P19-24_A8+_C4+,5,0.10204082,0.05300078,1.92527011,numbers,verse,transition_bucket_shape,taam_events
P16-18_A8+_C2,P7-9_A8+_C1,5,0.08064516,0.07560405,1.06667775,numbers,verse,transition_bucket_shape,taam_events
P5-6_A5_C0,P13-15_A8+_C2,5,0.12195122,0.08183944,1.49012776,numbers,verse,transition_bucket_shape,taam_events
P19-24_A8+_C3,P7-9_A8+_C1,5,0.1,0.07560405,1.32268041,numbers,verse,transition_bucket_shape,taam_events
P13-15_A8+_C1,P19-24_A8+_C2,5,0.08474576,0.03819174,2.21895538,numbers,verse,transition_bucket_shape,taam_events
P13-15_A8+_C2,P19-24_A8+_C4+,5,0.04761905,0.05300078,0.89845938,numbers,verse,transition_bucket_shape,taam_events
P10-12_A8+_C1,P13-15_A8+_C2,5,0.04347826,0.08183944,0.53126294,numbers,verse,transition_bucket_shape,taam_events
P13-15_A8+_C3,P10-12_A8+_C1,5,0.10204082,0.08963367,1.13842059,numbers,verse,transition_bucket_shape,taam_events
P13-15_A8+_C2,P19-24_A8+_C3,5,0.04761905,0.03897116,1.22190476,numbers,verse,transition_bucket_shape,taam_events
P16-18_A8+_C2,P13-15_A8+_C2,5,0.08064516,0.08183944,0.98540707,numbers,verse,transition_bucket_shape,taam_events
P10-12_A8+_C1,P7-9_A8+_C1,5,0.04347826,0.07560405,0.57507844,numbers,verse,transition_bucket_shape,taam_events
P19-24_A8+_C2,P16-18_A8+_C3,5,0.10204082,0.04442712,2.29681346,numbers,verse,transition_bucket_shape,taam_events
P7-9_A8+_C1,P16-18_A8+_C3,5,0.05154639,0.04442712,1.16024598,numbers,verse,transition_bucket_shape,taam_events
P19-24_A8+_C4+,P19-24_A8+_C4+,5,0.07352941,0.05300078,1.38732699,numbers,verse,transition_bucket_shape,taam_events
P13-15_A8+_C1,P10-12_A8+_C2,5,0.08474576,0.05845674,1.44971751,numbers,verse,transition_bucket_shape,taam_events
P16-18_A8+_C3,P16-18_A8+_C3,5,0.0877193,0.04442712,1.97445368,numbers,verse,transition_bucket_shape,taam_events
P5-6_A6-7_C0,P<=4_A6-7_C0,5,0.11627907,0.0101325,11.47584973,numbers,verse,transition_bucket_shape,taam_events
P<=4_A5_C1,P<=4_A5_C1,4,0.4,0.00779423,51.32,numbers,verse,transition_bucket_shape,taam_events
P16-18_A8+_C3,P7-9_A8+_C0,4,0.07017544,0.06547155,1.07184628,numbers,verse,transition_bucket_shape,taam_events
P7-9_A8+_C0,P13-15_A8+_C2,4,0.04761905,0.08183944,0.58185941,numbers,verse,transition_bucket_shape,taam_events
P19-24_A8+_C2,P10-12_A8+_C1,4,0.08163265,0.08963367,0.91073647,numbers,verse,transition_bucket_shape,taam_events
P19-24_A8+_C2,P5-6_A5_C0,4,0.08163265,0.03195635,2.55450473,numbers,verse,transition_bucket_shape,taam_events
P13-15_A8+_C2,P10-12_A8+_C2,4,0.03809524,0.05845674,0.65168254,numbers,verse,transition_bucket_shape,taam_events
P10-12_A8+_C1,P5-6_A5_C0,4,0.03478261,0.03195635,1.08844115,numbers,verse,transition_bucket_shape,taam_events
P13-15_A8+_C1,P7-9_A8+_C0,4,0.06779661,0.06547155,1.03551251,numbers,verse,transition_bucket_shape,taam_events
P16-18_A8+_C3,P13-15_A8+_C3,4,0.07017544,0.03819174,1.83745077,numbers,verse,transition_bucket_shape,taam_events
P19-24_A8+_C3,P10-12_A8+_C1,4,0.08,0.08963367,0.89252174,numbers,verse,transition_bucket_shape,taam_events
P13-15_A8+_C1,P13-15_A8+_C0,4,0.06779661,0.01247077,5.43644068,numbers,verse,transition_bucket_shape,taam_events
P13-15_A8+_C3,P10-12_A8+_C2,4,0.08163265,0.05845674,1.39646259,numbers,verse,transition_bucket_shape,taam_events
P10-12_A8+_C2,P19-24_A8+_C3,4,0.05333333,0.03897116,1.36853333,numbers,verse,transition_bucket_shape,taam_events
P10-12_A8+_C0,P13-15_A8+_C2,4,0.09090909,0.08183944,1.11082251,numbers,verse,transition_bucket_shape,taam_events
P7-9_A8+_C1,P16-18_A8+_C2,4,0.04123711,0.04910366,0.83979709,numbers,verse,transition_bucket_shape,taam_events
P5-6_A6-7_C0,P13-15_A8+_C2,4,0.09302326,0.08183944,1.13665559,numbers,verse,transition_bucket_shape,taam_events
P13-15_A8+_C2,P5-6_A6-7_C0,4,0.03809524,0.0335152,1.13665559,numbers,verse,transition_bucket_shape,taam_events
P13-15_A8+_C2,P13-15_A8+_C0,4,0.03809524,0.01247077,3.0547619,numbers,verse,transition_bucket_shape,taam_events
P7-9_A8+_C1,P19-24_A8+_C2,4,0.04123711,0.03819174,1.07973911,numbers,verse,transition_bucket_shape,taam_events
P16-18_A8+_C2,P13-15_A8+_C1,4,0.06451613,0.04598597,1.40295243,numbers,verse,transition_bucket_shape,taam_events
P7-9_A8+_C0,P19-24_A8+_C3,4,0.04761905,0.03897116,1.22190476,numbers,verse,transition_bucket_shape,taam_events
P16-18_A8+_C3,P19-24_A8+_C2,4,0.07017544,0.03819174,1.83745077,numbers,verse,transition_bucket_shape,taam_events
P10-12_A8+_C2,P7-9_A8+_C0,4,0.05333333,0.06547155,0.81460317,numbers,verse,transition_bucket_shape,taam_events
P16-18_A8+_C1,P10-12_A8+_C1,4,0.125,0.08963367,1.39456522,numbers,verse,transition_bucket_shape,taam_events
P5-6_A5_C0,P13-15_A8+_C3,4,0.09756098,0.03819174,2.55450473,numbers,verse,transition_bucket_shape,taam_events
P5-6_A5_C0,P19-24_A8+_C3,4,0.09756098,0.03897116,2.50341463,numbers,verse,transition_bucket_shape,taam_events
P10-12_A8+_C1,P13-15_A8+_C3,4,0.03478261,0.03819174,0.91073647,numbers,verse,transition_bucket_shape,taam_events
P16-18_A8+_C3,P19-24_A8+_C4+,4,0.07017544,0.05300078,1.32404541,numbers,verse,transition_bucket_shape,taam_events
P19-24_A8+_C3,P10-12_A8+_C2,4,0.08,0.05845674,1.36853333,numbers,verse,transition_bucket_shape,taam_events
P10-12_A8+_C0,P13-15_A8+_C1,4,0.09090909,0.04598597,1.97688752,numbers,verse,transition_bucket_shape,taam_events
P16-18_A8+_C3,P13-15_A8+_C2,4,0.07017544,0.08183944,0.85747703,numbers,verse,transition_bucket_shape,taam_events
P10-12_A8+_C0,P16-18_A8+_C2,4,0.09090909,0.04910366,1.85137085,numbers,verse,transition_bucket_shape,taam_events
P10-12_A8+_C1,P16-18_A8+_C3,4,0.03478261,0.04442712,0.78291381,numbers,verse,transition_bucket_shape,taam_events
P10-12_A8+_C0,P7-9_A8+_C0,4,0.09090909,0.06547155,1.38852814,numbers,verse,transition_bucket_shape,taam_events
P5-6_A6-7_C0,P5-6_A6-7_C0,4,0.09302326,0.0335152,2.77555435,numbers,verse,transition_bucket_shape,taam_events
P7-9_A6-7_C0,P7-9_A6-7_C0,4,0.2,0.01558846,12.83,numbers,verse,transition_bucket_shape,taam_events
P19-24_A8+_C3,P7-9_A8+_C0,3,0.06,0.06547155,0.91642857,numbers,verse,transition_bucket_shape,taam_events
P7-9_A8+_C1,P13-15_A8+_C3,3,0.03092784,0.03819174,0.80980433,numbers,verse,transition_bucket_shape,taam_events
P7-9_A8+_C0,P16-18_A8+_C3,3,0.03571429,0.04442712,0.80388471,numbers,verse,transition_bucket_shape,taam_events
P10-12_A8+_C1,P5-6_A6-7_C0,3,0.02608696,0.0335152,0.77836198,numbers,verse,transition_bucket_shape,taam_events
P5-6_A5_C0,P13-15_A8+_C1,3,0.07317073,0.04598597,1.59115337,numbers,verse,transition_bucket_shape,taam_events
P10-12_A8+_C0,P16-18_A8+_C3,3,0.06818182,0.04442712,1.534689,numbers,verse,transition_bucket_shape,taam_events
P16-18_A8+_C3,P10-12_A8+_C0,3,0.05263158,0.03429462,1.534689,numbers,verse,transition_bucket_shape,taam_events
P7-9_A8+_C0,P13-15_A8+_C1,3,0.03571429,0.04598597,0.77663438,numbers,verse,transition_bucket_shape,taam_events
P5-6_A6-7_C0,P7-9_A8+_C1,3,0.06976744,0.07560405,0.92280029,numbers,verse,transition_bucket_shape,taam_events
P7-9_A8+_C1,P5-6_A6-7_C0,3,0.03092784,0.0335152,0.92280029,numbers,verse,transition_bucket_shape,taam_events
P10-12_A8+_C2,P19-24_A8+_C2,3,0.04,0.03819174,1.04734694,numbers,verse,transition_bucket_shape,taam_events
P7-9_A8+_C2,P10-12_A8+_C2,3,0.33333333,0.05845674,5.70222222,numbers,verse,transition_bucket_shape,taam_events
P5-6_A5_C0,P10-12_A8+_C2,3,0.07317073,0.05845674,1.25170732,numbers,verse,transition_bucket_shape,taam_events
P7-9_A8+_C0,P13-15_A8+_C4+,3,0.03571429,0.00701481,5.09126984,numbers,verse,transition_bucket_shape,taam_events
P7-9_A8+_C2,P10-12_A8+_C1,3,0.33333333,0.08963367,3.71884058,numbers,verse,transition_bucket_shape,taam_events
P13-15_A8+_C2,P5-6_A8+_C0,3,0.02857143,0.00779423,3.66571429,numbers,verse,transition_bucket_shape,taam_events
P16-18_A8+_C3,P19-24_A8+_C3,3,0.05263158,0.03897116,1.35052632,numbers,verse,transition_bucket_shape,taam_events
P10-12_A8+_C1,P16-18_A8+_C1,3,0.02608696,0.02416212,1.07966339,numbers,verse,transition_bucket_shape,taam_events
P16-18_A8+_C3,P10-12_A8+_C2,3,0.05263158,0.05845674,0.90035088,numbers,verse,transition_bucket_shape,taam_events
P16-18_A8+_C4+,P13-15_A8+_C3,3,0.16666667,0.03819174,4.36394558,numbers,verse,transition_bucket_shape,taam_events
P16-18_A8+_C2,P16-18_A8+_C3,3,0.0483871,0.04442712,1.08913413,numbers,verse,transition_bucket_shape,taam_events
P16-18_A8+_C3,P5-6_A5_C0,3,0.05263158,0.03195635,1.64698331,numbers,verse,transition_bucket_shape,taam_events
P13-15_A8+_C2,P10-12_A8+_C0,3,0.02857143,0.03429462,0.83311688,numbers,verse,transition_bucket_shape,taam_events
P10-12_A8+_C0,P10-12_A8+_C1,3,0.06818182,0.08963367,0.76067194,numbers,verse,transition_bucket_shape,taam_events
P7-9_A8+_C1,P5-6_A5_C0,3,0.03092784,0.03195635,0.96781494,numbers,verse,transition_bucket_shape,taam_events
P19-24_A8+_C2,P13-15_A8+_C1,3,0.06122449,0.04598597,1.33137323,numbers,verse,transition_bucket_shape,taam_events
P19-24_A8+_C2,P7-9_A8+_C0,3,0.06122449,0.06547155,0.9351312,numbers,verse,transition_bucket_shape,taam_events
P13-15_A8+_C3,P16-18_A8+_C3,3,0.06122449,0.04442712,1.37808808,numbers,verse,transition_bucket_shape,taam_events
P19-24_A8+_C3,P5-6_A5_C0,3,0.06,0.03195635,1.87756098,numbers,verse,transition_bucket_shape,taam_events
P10-12_A8+_C1,P10-12_A8+_C3,3,0.02608696,0.00935308,2.78913043,numbers,verse,transition_bucket_shape,taam_events
P19-24_A8+_C4+,P16-18_A8+_C1,3,0.04411765,0.02416212,1.82590133,numbers,verse,transition_bucket_shape,taam_events
P25+_A8+_C4+,P10-12_A8+_C1,3,0.16666667,0.08963367,1.85942029,numbers,verse,transition_bucket_shape,taam_events
P19-24_A8+_C4+,P16-18_A8+_C3,3,0.04411765,0.04442712,0.99303406,numbers,verse,transition_bucket_shape,taam_events
P10-12_A8+_C2,P10-12_A8+_C0,3,0.04,0.03429462,1.16636364,numbers,verse,transition_bucket_shape,taam_events
P13-15_A8+_C0,P5-6_A5_C0,3,0.1875,0.03195635,5.86737805,numbers,verse,transition_bucket_shape,taam_events
P13-15_A8+_C0,P13-15_A8+_C1,3,0.1875,0.04598597,4.07733051,numbers,verse,transition_bucket_shape,taam_events
P19-24_A8+_C4+,P19-24_A8+_C3,3,0.04411765,0.03897116,1.13205882,numbers,verse,transition_bucket_shape,taam_events
P19-24_A8+_C3,P16-18_A8+_C2,3,0.06,0.04910366,1.22190476,numbers,verse,transition_bucket_shape,taam_events
P19-24_A8+_C2,P16-18_A8+_C2,3,0.06122449,0.04910366,1.24684159,numbers,verse,transition_bucket_shape,taam_events
P16-18_A8+_C2,P5-6_A5_C0,3,0.0483871,0.03195635,1.51416208,numbers,verse,transition_bucket_shape,taam_events
P7-9_A6-7_C0,P7-9_A8+_C1,3,0.15,0.07560405,1.98402062,numbers,verse,transition_bucket_shape,taam_events
P7-9_A6-7_C1,P7-9_A8+_C1,3,0.16666667,0.07560405,2.20446735,numbers,verse,transition_bucket_shape,taam_events
P13-15_A8+_C2,P16-18_A8+_C3,3,0.02857143,0.04442712,0.64310777,numbers,verse,transition_bucket_shape,taam_events
P16-18_A8+_C3,P10-12_A8+_C1,3,0.05263158,0.08963367,0.58718535,numbers,verse,transition_bucket_shape,taam_events
P13-15_A8+_C4+,P16-18_A8+_C3,3,0.33333333,0.04442712,7.50292398,numbers,verse,transition_bucket_shape,taam_events
P19-24_A8+_C3,P19-24_A8+_C4+,3,0.06,0.05300078,1.13205882,numbers,verse,transition_bucket_shape,taam_events
P19-24_A8+_C2,P13-15_A8+_C3,3,0.06122449,0.03819174,1.60308205,numbers,verse,transition_bucket_shape,taam_events
P19-24_A8+_C4+,P16-18_A8+_C4+,3,0.04411765,0.01402962,3.14460784,numbers,verse,transition_bucket_shape,taam_events
P16-18_A8+_C2,P7-9_A8+_C0,3,0.0483871,0.06547155,0.7390553,numbers,verse,transition_bucket_shape,taam_events
P7-9_A8+_C0,P5-6_A5_C0,3,0.03571429,0.03195635,1.11759582,numbers,verse,transition_bucket_shape,taam_events
P19-24_A8+_C3,P13-15_A8+_C1,3,0.06,0.04598597,1.30474576,numbers,verse,transition_bucket_shape,taam_events
P10-12_A8+_C1,P19-24_A8+_C3,3,0.02608696,0.03897116,0.6693913,numbers,verse,transition_bucket_shape,taam_events
P16-18_A8+_C3,P7-9_A8+_C1,3,0.05263158,0.07560405,0.69614759,numbers,verse,transition_bucket_shape,taam_events
P10-12_A8+_C2,P16-18_A8+_C2,3,0.04,0.04910366,0.81460317,numbers,verse,transition_bucket_shape,taam_events
P13-15_A8+_C2,P16-18_A8+_C4+,3,0.02857143,0.01402962,2.03650794,numbers,verse,transition_bucket_shape,taam_events
P10-12_A8+_C1,P19-24_A8+_C2,3,0.02608696,0.03819174,0.68305235,numbers,verse,transition_bucket_shape,taam_events
P10-12_A8+_C2,P25+_A8+_C4+,3,0.04,0.01402962,2.85111111,numbers,verse,transition_bucket_shape,taam_events
P19-24_A8+_C4+,P16-18_A8+_C2,3,0.04411765,0.04910366,0.89845938,numbers,verse,transition_bucket_shape,taam_events
P16-18_A8+_C2,P10-12_A8+_C0,3,0.0483871,0.03429462,1.41092375,numbers,verse,transition_bucket_shape,taam_events
P10-12_A8+_C0,P19-24_A8+_C4+,3,0.06818182,0.05300078,1.28643048,numbers,verse,transition_bucket_shape,taam_events
P5-6_A5_C0,P19-24_A8+_C2,3,0.07317073,0.03819174,1.91587855,numbers,verse,transition_bucket_shape,taam_events
P25+_A8+_C4+,P13-15_A8+_C2,3,0.16666667,0.08183944,2.03650794,numbers,verse,transition_bucket_shape,taam_events
P19-24_A8+_C3,P16-18_A8+_C3,3,0.06,0.04442712,1.35052632,numbers,verse,transition_bucket_shape,taam_events
P13-15_A8+_C1,P7-9_A8+_C1,3,0.05084746,0.07560405,0.67254936,numbers,verse,transition_bucket_shape,taam_events
P10-12_A8+_C2,P19-24_A8+_C4+,3,0.04,0.05300078,0.75470588,numbers,verse,transition_bucket_shape,taam_events
P10-12_A8+_C4+,P5-6_A6-7_C2,3,0.5,0.00389712,128.3,numbers,verse,transition_bucket_shape,taam_events
P7-9_A8+_C0,P10-12_A8+_C4+,3,0.03571429,0.00467654,7.63690476,numbers,verse,transition_bucket_shape,taam_events
P10-12_A8+_C0,P7-9_A8+_C1,3,0.06818182,0.07560405,0.90182755,numbers,verse,transition_bucket_shape,taam_events
P7-9_A8+_C0,P16-18_A8+_C2,3,0.03571429,0.04910366,0.72732426,numbers,verse,transition_bucket_shape,taam_events
P16-18_A8+_C1,P10-12_A8+_C2,3,0.09375,0.05845674,1.60375,numbers,verse,transition_bucket_shape,taam_events
P5-6_A6-7_C0,P5-6_A8+_C0,3,0.06976744,0.00779423,8.95116279,numbers,verse,transition_bucket_shape,taam_events
P<=4_A6-7_C0,P5-6_A6-7_C0,3,0.23076923,0.0335152,6.88550984,numbers,verse,transition_bucket_shape,taam_events
P6_A7_C0,P11_A10_C1,9,0.45,0.01636789,27.49285714,numbers,verse,transition_exact_shape,taam_events
P11_A10_C1,P4_A4_C0,9,0.42857143,0.00935308,45.82142857,numbers,verse,transition_exact_shape,taam_events
P20_A21_C4,P6_A7_C0,8,0.61538462,0.01558846,39.47692308,numbers,verse,transition_exact_shape,taam_events
P15_A16_C3,P8_A9_C0,7,0.46666667,0.01325019,35.21960784,numbers,verse,transition_exact_shape,taam_events
P8_A9_C0,P15_A16_C3,6,0.35294118,0.01169135,30.18823529,numbers,verse,transition_exact_shape,taam_events
P4_A4_C0,P17_A17_C1,6,0.5,0.00467654,106.91666667,numbers,verse,transition_exact_shape,taam_events
P5_A5_C1,P5_A5_C1,6,0.5,0.00935308,53.45833333,numbers,verse,transition_exact_shape,taam_events
P4_A6_C0,P4_A6_C0,6,0.5,0.00935308,53.45833333,numbers,verse,transition_exact_shape,taam_events
P8_A8_C1,P20_A21_C4,5,0.23809524,0.0101325,23.4981685,numbers,verse,transition_exact_shape,taam_events
P4_A5_C1,P4_A5_C1,4,0.4,0.00779423,51.32,numbers,verse,transition_exact_shape,taam_events
P4_A4_C0,P17_A16_C1,4,0.33333333,0.00545596,61.0952381,numbers,verse,transition_exact_shape,taam_events
P7_A8_C0,P8_A9_C1,4,0.16666667,0.00857366,19.43939394,numbers,verse,transition_exact_shape,taam_events
P5_A7_C0,P4_A6_C0,4,0.4,0.00935308,42.76666667,numbers,verse,transition_exact_shape,taam_events
P5_A5_C0,P13_A12_C1,3,0.07692308,0.00701481,10.96581197,numbers,verse,transition_exact_shape,taam_events
P7_A8_C0,P8_A8_C1,3,0.125,0.01636789,7.63690476,numbers,verse,transition_exact_shape,taam_events
P8_A8_C1,P7_A8_C0,3,0.14285714,0.01870616,7.63690476,numbers,verse,transition_exact_shape,taam_events
P17_A16_C1,P8_A8_C1,3,0.42857143,0.01636789,26.18367347,numbers,verse,transition_exact_shape,taam_events
P12_A15_C4,P6_A7_C2,3,0.75,0.00389712,192.45,numbers,verse,transition_exact_shape,taam_events
