ngram_n,rank,pattern,count,share,book,model,relation
2,1,2-2,2890,0.15943068,genesis,continuous,continuous
2,2,3-2,2404,0.13261985,genesis,continuous,continuous
2,3,2-3,2369,0.13068903,genesis,continuous,continuous
2,4,3-3,1746,0.09632041,genesis,continuous,continuous
2,5,2-1,910,0.05020136,genesis,continuous,continuous
2,6,4-2,876,0.0483257,genesis,continuous,continuous
2,7,2-4,872,0.04810504,genesis,continuous,continuous
2,8,1-2,860,0.04744304,genesis,continuous,continuous
2,9,3-1,818,0.04512606,genesis,continuous,continuous
2,10,1-3,770,0.04247807,genesis,continuous,continuous
2,11,4-3,627,0.03458929,genesis,continuous,continuous
2,12,3-4,574,0.03166547,genesis,continuous,continuous
2,13,1-4,359,0.01980471,genesis,continuous,continuous
2,14,4-1,325,0.01792906,genesis,continuous,continuous
2,15,1-1,286,0.01577757,genesis,continuous,continuous
2,16,4-4,204,0.01125393,genesis,continuous,continuous
2,17,5-2,198,0.01092293,genesis,continuous,continuous
2,18,2-5,197,0.01086777,genesis,continuous,continuous
2,19,5-3,142,0.00783362,genesis,continuous,continuous
2,20,3-5,124,0.00684062,genesis,continuous,continuous
2,21,1-5,115,0.00634413,genesis,continuous,continuous
2,22,5-1,81,0.00446847,genesis,continuous,continuous
2,23,5-4,64,0.00353064,genesis,continuous,continuous
2,24,6-2,48,0.00264798,genesis,continuous,continuous
2,25,4-5,47,0.00259282,genesis,continuous,continuous
2,26,1-6,39,0.00215149,genesis,continuous,continuous
2,27,2-6,36,0.00198599,genesis,continuous,continuous
2,28,6-3,24,0.00132399,genesis,continuous,continuous
2,29,3-6,16,0.00088266,genesis,continuous,continuous
2,30,6-1,16,0.00088266,genesis,continuous,continuous
2,31,6-4,11,0.00060683,genesis,continuous,continuous
2,32,1-7,10,0.00055166,genesis,continuous,continuous
2,33,7-3,9,0.0004965,genesis,continuous,continuous
2,34,5-5,9,0.0004965,genesis,continuous,continuous
2,35,4-6,8,0.00044133,genesis,continuous,continuous
2,36,2-7,8,0.00044133,genesis,continuous,continuous
2,37,7-1,5,0.00027583,genesis,continuous,continuous
2,38,3-7,4,0.00022067,genesis,continuous,continuous
2,39,7-4,4,0.00022067,genesis,continuous,continuous
2,40,7-2,4,0.00022067,genesis,continuous,continuous
2,41,5-6,3,0.0001655,genesis,continuous,continuous
2,42,6-5,3,0.0001655,genesis,continuous,continuous
2,43,8-2,2,0.00011033,genesis,continuous,continuous
2,44,4-7,2,0.00011033,genesis,continuous,continuous
2,45,7-5,2,0.00011033,genesis,continuous,continuous
2,46,1-8,2,0.00011033,genesis,continuous,continuous
2,47,8-4,2,0.00011033,genesis,continuous,continuous
2,48,2-8,1,5.517e-05,genesis,continuous,continuous
2,49,4-8,1,5.517e-05,genesis,continuous,continuous
3,1,2-2-2,1155,0.06372062,genesis,continuous,continuous
3,2,2-3-2,1003,0.05533488,genesis,continuous,continuous
3,3,2-2-3,930,0.05130751,genesis,continuous,continuous
3,4,3-2-2,925,0.05103167,genesis,continuous,continuous
3,5,3-2-3,833,0.04595609,genesis,continuous,continuous
3,6,2-3-3,735,0.04054949,genesis,continuous,continuous
3,7,3-3-2,727,0.04010813,genesis,continuous,continuous
3,8,3-3-3,577,0.03183273,genesis,continuous,continuous
3,9,2-2-4,365,0.02013682,genesis,continuous,continuous
3,10,2-4-2,365,0.02013682,genesis,continuous,continuous
3,11,1-2-2,356,0.0196403,genesis,continuous,continuous
3,12,2-2-1,350,0.01930928,genesis,continuous,continuous
3,13,2-3-1,347,0.01914377,genesis,continuous,continuous
3,14,4-2-2,345,0.01903343,genesis,continuous,continuous
3,15,1-3-2,333,0.0183714,genesis,continuous,continuous
3,16,2-1-2,320,0.0176542,genesis,continuous,continuous
3,17,3-2-1,316,0.01743352,genesis,continuous,continuous
3,18,2-1-3,290,0.01599912,genesis,continuous,continuous
3,19,3-1-2,279,0.01539225,genesis,continuous,continuous
3,20,4-2-3,278,0.01533708,genesis,continuous,continuous
3,21,4-3-2,272,0.01500607,genesis,continuous,continuous
3,22,2-4-3,262,0.01445437,genesis,continuous,continuous
3,23,3-1-3,259,0.01428887,genesis,continuous,continuous
3,24,3-2-4,257,0.01417853,genesis,continuous,continuous
3,25,1-2-3,252,0.01390268,genesis,continuous,continuous
3,26,3-3-1,247,0.01362683,genesis,continuous,continuous
3,27,3-4-2,243,0.01340616,genesis,continuous,continuous
3,28,2-3-4,225,0.01241311,genesis,continuous,continuous
3,29,1-3-3,210,0.01158557,genesis,continuous,continuous
3,30,4-3-3,179,0.00987532,genesis,continuous,continuous
3,31,3-4-3,172,0.00948913,genesis,continuous,continuous
3,32,3-3-4,165,0.00910295,genesis,continuous,continuous
3,33,1-4-2,156,0.00860642,genesis,continuous,continuous
3,34,2-4-1,145,0.00799956,genesis,continuous,continuous
3,35,2-1-4,132,0.00728236,genesis,continuous,continuous
3,36,3-1-4,128,0.00706168,genesis,continuous,continuous
3,37,1-2-1,120,0.00662032,genesis,continuous,continuous
3,38,4-1-2,119,0.00656516,genesis,continuous,continuous
3,39,4-2-4,119,0.00656516,genesis,continuous,continuous
3,40,2-1-1,112,0.00617897,genesis,continuous,continuous
3,41,1-1-2,111,0.0061238,genesis,continuous,continuous
3,42,1-3-1,109,0.00601346,genesis,continuous,continuous
3,43,4-2-1,106,0.00584795,genesis,continuous,continuous
3,44,1-4-3,103,0.00568245,genesis,continuous,continuous
3,45,1-2-4,98,0.0054066,genesis,continuous,continuous
3,46,4-1-3,97,0.00535143,genesis,continuous,continuous
3,47,3-1-1,90,0.00496524,genesis,continuous,continuous
3,48,5-2-2,89,0.00491007,genesis,continuous,continuous
3,49,1-1-3,88,0.0048549,genesis,continuous,continuous
3,50,1-3-4,87,0.00479974,genesis,continuous,continuous
4,1,2-2-2-2,482,0.0265931,genesis,continuous,continuous
4,2,2-2-3-2,397,0.02190345,genesis,continuous,continuous
4,3,2-3-2-2,386,0.02129655,genesis,continuous,continuous
4,4,2-2-2-3,346,0.01908966,genesis,continuous,continuous
4,5,2-3-2-3,346,0.01908966,genesis,continuous,continuous
4,6,3-2-2-2,344,0.01897931,genesis,continuous,continuous
4,7,3-2-3-2,338,0.01864828,genesis,continuous,continuous
4,8,3-2-2-3,320,0.01765517,genesis,continuous,continuous
4,9,2-3-3-2,304,0.01677241,genesis,continuous,continuous
4,10,2-2-3-3,290,0.016,genesis,continuous,continuous
4,11,3-3-2-2,280,0.01544828,genesis,continuous,continuous
4,12,3-2-3-3,274,0.01511724,genesis,continuous,continuous
4,13,3-3-2-3,257,0.01417931,genesis,continuous,continuous
4,14,3-3-3-2,244,0.01346207,genesis,continuous,continuous
4,15,2-3-3-3,230,0.01268966,genesis,continuous,continuous
4,16,3-3-3-3,202,0.01114483,genesis,continuous,continuous
4,17,2-2-4-2,153,0.00844138,genesis,continuous,continuous
4,18,2-2-2-4,148,0.00816552,genesis,continuous,continuous
4,19,1-2-2-2,148,0.00816552,genesis,continuous,continuous
4,20,2-2-2-1,146,0.00805517,genesis,continuous,continuous
4,21,2-4-2-2,145,0.008,genesis,continuous,continuous
4,22,4-2-2-2,135,0.00744828,genesis,continuous,continuous
4,23,1-3-2-2,134,0.0073931,genesis,continuous,continuous
4,24,2-2-3-1,130,0.00717241,genesis,continuous,continuous
4,25,2-1-2-2,127,0.0070069,genesis,continuous,continuous
4,26,4-2-3-2,126,0.00695172,genesis,continuous,continuous
4,27,3-2-3-1,126,0.00695172,genesis,continuous,continuous
4,28,2-3-1-2,125,0.00689655,genesis,continuous,continuous
4,29,2-4-2-3,125,0.00689655,genesis,continuous,continuous
4,30,2-1-3-2,124,0.00684138,genesis,continuous,continuous
4,31,2-3-3-1,123,0.00678621,genesis,continuous,continuous
4,32,2-3-2-1,123,0.00678621,genesis,continuous,continuous
4,33,3-2-1-2,122,0.00673103,genesis,continuous,continuous
4,34,2-2-1-3,120,0.00662069,genesis,continuous,continuous
4,35,1-2-2-3,120,0.00662069,genesis,continuous,continuous
4,36,3-2-2-1,117,0.00645517,genesis,continuous,continuous
4,37,2-3-2-4,116,0.0064,genesis,continuous,continuous
4,38,3-2-4-2,115,0.00634483,genesis,continuous,continuous
4,39,3-1-3-2,114,0.00628966,genesis,continuous,continuous
4,40,3-1-2-2,114,0.00628966,genesis,continuous,continuous
4,41,2-2-1-2,112,0.00617931,genesis,continuous,continuous
4,42,4-2-2-3,111,0.00612414,genesis,continuous,continuous
4,43,2-4-3-2,111,0.00612414,genesis,continuous,continuous
4,44,2-3-1-3,110,0.00606897,genesis,continuous,continuous
4,45,3-2-2-4,110,0.00606897,genesis,continuous,continuous
4,46,1-2-3-2,108,0.00595862,genesis,continuous,continuous
4,47,4-3-2-2,106,0.00584828,genesis,continuous,continuous
4,48,1-3-2-3,105,0.0057931,genesis,continuous,continuous
4,49,2-2-4-3,104,0.00573793,genesis,continuous,continuous
4,50,2-1-2-3,104,0.00573793,genesis,continuous,continuous
5,1,2-2-2-2-2,220,0.0121386,genesis,continuous,continuous
5,2,2-2-3-2-2,156,0.00860737,genesis,continuous,continuous
5,3,2-2-2-3-2,154,0.00849702,genesis,continuous,continuous
5,4,2-3-2-2-2,152,0.00838667,genesis,continuous,continuous
5,5,2-3-2-3-2,148,0.00816597,genesis,continuous,continuous
5,6,2-2-3-2-3,139,0.00766939,genesis,continuous,continuous
5,7,2-2-2-2-3,134,0.00739351,genesis,continuous,continuous
5,8,3-2-2-3-2,134,0.00739351,genesis,continuous,continuous
5,9,3-2-3-2-2,133,0.00733834,genesis,continuous,continuous
5,10,2-3-2-2-3,130,0.00717281,genesis,continuous,continuous
5,11,2-3-3-2-2,124,0.00684176,genesis,continuous,continuous
5,12,3-2-2-2-2,122,0.00673141,genesis,continuous,continuous
5,13,2-2-3-3-2,119,0.00656588,genesis,continuous,continuous
5,14,3-2-3-3-2,118,0.0065107,genesis,continuous,continuous
5,15,2-3-3-2-3,111,0.00612448,genesis,continuous,continuous
5,16,3-2-2-3-3,109,0.00601412,genesis,continuous,continuous
5,17,3-2-2-2-3,108,0.00595895,genesis,continuous,continuous
5,18,3-2-3-2-3,108,0.00595895,genesis,continuous,continuous
5,19,2-3-3-3-2,104,0.00573825,genesis,continuous,continuous
5,20,3-3-2-2-2,104,0.00573825,genesis,continuous,continuous
5,21,2-3-2-3-3,103,0.00568307,genesis,continuous,continuous
5,22,3-3-2-3-2,99,0.00546237,genesis,continuous,continuous
5,23,3-3-2-2-3,90,0.00496579,genesis,continuous,continuous
5,24,3-2-3-3-3,89,0.00491062,genesis,continuous,continuous
5,25,3-3-2-3-3,88,0.00485544,genesis,continuous,continuous
5,26,2-2-2-3-3,87,0.00480026,genesis,continuous,continuous
5,27,2-2-3-3-3,86,0.00474509,genesis,continuous,continuous
5,28,2-3-3-3-3,84,0.00463474,genesis,continuous,continuous
5,29,3-3-3-3-2,84,0.00463474,genesis,continuous,continuous
5,30,3-3-3-2-3,82,0.00452439,genesis,continuous,continuous
5,31,3-3-3-2-2,82,0.00452439,genesis,continuous,continuous
5,32,3-3-3-3-3,76,0.00419333,genesis,continuous,continuous
5,33,2-4-2-2-2,70,0.00386228,genesis,continuous,continuous
5,34,1-2-2-2-2,69,0.00380711,genesis,continuous,continuous
5,35,2-2-4-2-2,64,0.00353123,genesis,continuous,continuous
5,36,2-2-2-3-1,61,0.0033657,genesis,continuous,continuous
5,37,2-2-2-2-1,61,0.0033657,genesis,continuous,continuous
5,38,2-2-3-3-1,59,0.00325535,genesis,continuous,continuous
5,39,2-3-2-3-1,58,0.00320018,genesis,continuous,continuous
5,40,2-2-2-4-2,57,0.003145,genesis,continuous,continuous
5,41,2-2-1-3-2,56,0.00308983,genesis,continuous,continuous
5,42,2-3-1-2-2,55,0.00303465,genesis,continuous,continuous
5,43,3-2-1-2-2,55,0.00303465,genesis,continuous,continuous
5,44,4-2-2-2-2,54,0.00297947,genesis,continuous,continuous
5,45,2-3-2-4-2,54,0.00297947,genesis,continuous,continuous
5,46,2-2-2-2-4,54,0.00297947,genesis,continuous,continuous
5,47,3-2-2-2-1,54,0.00297947,genesis,continuous,continuous
5,48,3-2-2-2-4,53,0.0029243,genesis,continuous,continuous
5,49,2-1-2-2-2,53,0.0029243,genesis,continuous,continuous
5,50,2-3-2-2-1,53,0.0029243,genesis,continuous,continuous
6,1,2-2-2-2-2-2,104,0.00573856,genesis,continuous,continuous
6,2,2-2-2-2-3-2,70,0.0038625,genesis,continuous,continuous
6,3,2-2-3-2-2-2,65,0.0035866,genesis,continuous,continuous
6,4,2-2-3-2-3-2,60,0.00331071,genesis,continuous,continuous
6,5,2-2-2-3-2-2,60,0.00331071,genesis,continuous,continuous
6,6,2-2-2-2-2-3,60,0.00331071,genesis,continuous,continuous
6,7,3-2-2-2-2-2,58,0.00320035,genesis,continuous,continuous
6,8,2-2-2-3-2-3,56,0.00309,genesis,continuous,continuous
6,9,2-3-2-2-2-2,56,0.00309,genesis,continuous,continuous
6,10,2-3-2-2-3-2,54,0.00297964,genesis,continuous,continuous
6,11,2-2-3-2-2-3,54,0.00297964,genesis,continuous,continuous
6,12,2-3-2-3-2-2,52,0.00286928,genesis,continuous,continuous
6,13,2-3-2-3-2-3,52,0.00286928,genesis,continuous,continuous
6,14,3-2-3-2-2-2,51,0.0028141,genesis,continuous,continuous
6,15,3-2-2-3-2-2,51,0.0028141,genesis,continuous,continuous
6,16,3-2-3-3-2-2,49,0.00270375,genesis,continuous,continuous
6,17,3-2-2-2-3-2,46,0.00253821,genesis,continuous,continuous
6,18,2-2-3-3-2-2,46,0.00253821,genesis,continuous,continuous
6,19,2-3-2-2-3-3,45,0.00248303,genesis,continuous,continuous
6,20,3-2-2-3-2-3,45,0.00248303,genesis,continuous,continuous
6,21,3-3-2-2-2-2,45,0.00248303,genesis,continuous,continuous
6,22,3-2-3-2-2-3,44,0.00242785,genesis,continuous,continuous
6,23,2-2-3-3-3-2,44,0.00242785,genesis,continuous,continuous
6,24,3-2-3-3-2-3,44,0.00242785,genesis,continuous,continuous
6,25,3-2-3-2-3-2,43,0.00237268,genesis,continuous,continuous
6,26,2-2-3-3-2-3,43,0.00237268,genesis,continuous,continuous
6,27,2-3-3-2-2-2,42,0.0023175,genesis,continuous,continuous
6,28,3-3-2-3-3-2,41,0.00226232,genesis,continuous,continuous
6,29,2-3-2-3-3-2,41,0.00226232,genesis,continuous,continuous
6,30,2-3-3-2-3-2,41,0.00226232,genesis,continuous,continuous
6,31,3-3-2-3-2-2,40,0.00220714,genesis,continuous,continuous
6,32,2-3-3-2-2-3,40,0.00220714,genesis,continuous,continuous
6,33,3-3-2-2-3-2,40,0.00220714,genesis,continuous,continuous
6,34,2-3-3-2-3-3,40,0.00220714,genesis,continuous,continuous
6,35,3-2-3-2-3-3,39,0.00215196,genesis,continuous,continuous
6,36,3-2-2-3-3-2,39,0.00215196,genesis,continuous,continuous
6,37,2-2-2-3-3-2,39,0.00215196,genesis,continuous,continuous
6,38,2-2-3-2-3-3,38,0.00209678,genesis,continuous,continuous
6,39,2-3-3-3-3-2,37,0.0020416,genesis,continuous,continuous
6,40,3-2-2-3-3-3,37,0.0020416,genesis,continuous,continuous
6,41,3-3-2-2-2-3,37,0.0020416,genesis,continuous,continuous
6,42,2-3-3-3-2-3,36,0.00198643,genesis,continuous,continuous
6,43,3-2-3-3-3-2,36,0.00198643,genesis,continuous,continuous
6,44,2-4-2-2-2-2,35,0.00193125,genesis,continuous,continuous
6,45,2-3-2-3-3-3,34,0.00187607,genesis,continuous,continuous
6,46,2-3-2-2-2-3,34,0.00187607,genesis,continuous,continuous
6,47,3-3-3-2-3-2,33,0.00182089,genesis,continuous,continuous
6,48,3-3-3-3-2-2,33,0.00182089,genesis,continuous,continuous
6,49,3-3-3-2-2-2,33,0.00182089,genesis,continuous,continuous
6,50,3-3-2-3-2-3,33,0.00182089,genesis,continuous,continuous
2,1,2-2,2782,0.16761056,genesis,sof_only,within
2,2,3-2,2124,0.12796722,genesis,sof_only,within
2,3,2-3,2110,0.12712375,genesis,sof_only,within
2,4,3-3,1559,0.09392698,genesis,sof_only,within
2,5,2-1,904,0.05446439,genesis,sof_only,within
2,6,1-2,870,0.05241595,genesis,sof_only,within
2,7,4-2,776,0.04675262,genesis,sof_only,within
2,8,2-4,759,0.0457284,genesis,sof_only,within
2,9,3-1,729,0.04392095,genesis,sof_only,within
2,10,1-3,716,0.04313773,genesis,sof_only,within
2,11,4-3,546,0.03289553,genesis,sof_only,within
2,12,3-4,536,0.03229305,genesis,sof_only,within
2,13,1-4,301,0.01813472,genesis,sof_only,within
2,14,4-1,285,0.01717074,genesis,sof_only,within
2,15,1-1,278,0.01674901,genesis,sof_only,within
2,16,4-4,214,0.01289312,genesis,sof_only,within
2,17,2-5,174,0.01048319,genesis,sof_only,within
2,18,5-2,173,0.01042294,genesis,sof_only,within
2,19,5-3,127,0.00765152,genesis,sof_only,within
2,20,3-5,116,0.00698879,genesis,sof_only,within
2,21,1-5,93,0.00560308,genesis,sof_only,within
2,22,5-1,74,0.00445837,genesis,sof_only,within
2,23,5-4,58,0.0034944,genesis,sof_only,within
2,24,4-5,47,0.00283167,genesis,sof_only,within
2,25,6-2,42,0.00253043,genesis,sof_only,within
2,26,2-6,36,0.00216894,genesis,sof_only,within
2,27,6-3,23,0.00138571,genesis,sof_only,within
2,28,1-6,23,0.00138571,genesis,sof_only,within
2,29,3-6,19,0.00114472,genesis,sof_only,within
2,30,6-1,15,0.00090372,genesis,sof_only,within
2,31,4-6,12,0.00072298,genesis,sof_only,within
2,32,6-4,9,0.00054223,genesis,sof_only,within
2,33,2-7,8,0.00048199,genesis,sof_only,within
2,34,5-5,8,0.00048199,genesis,sof_only,within
2,35,1-7,8,0.00048199,genesis,sof_only,within
2,36,7-3,7,0.00042174,genesis,sof_only,within
2,37,7-1,6,0.00036149,genesis,sof_only,within
2,38,3-7,5,0.00030124,genesis,sof_only,within
2,39,7-2,5,0.00030124,genesis,sof_only,within
2,40,7-4,4,0.00024099,genesis,sof_only,within
2,41,6-5,3,0.00018074,genesis,sof_only,within
2,42,5-6,2,0.0001205,genesis,sof_only,within
2,43,4-7,2,0.0001205,genesis,sof_only,within
2,44,1-8,2,0.0001205,genesis,sof_only,within
2,45,8-4,2,0.0001205,genesis,sof_only,within
2,46,6-6,1,6.025e-05,genesis,sof_only,within
2,47,2-8,1,6.025e-05,genesis,sof_only,within
2,48,8-2,1,6.025e-05,genesis,sof_only,within
2,49,7-5,1,6.025e-05,genesis,sof_only,within
2,50,4-8,1,6.025e-05,genesis,sof_only,within
3,1,2-2-2,1139,0.06862686,genesis,sof_only,within
3,2,2-3-2,873,0.05259987,genesis,sof_only,within
3,3,3-2-2,863,0.05199735,genesis,sof_only,within
3,4,2-2-3,853,0.05139483,genesis,sof_only,within
3,5,3-2-3,699,0.04211605,genesis,sof_only,within
3,6,2-3-3,646,0.0389227,genesis,sof_only,within
3,7,3-3-2,638,0.03844068,genesis,sof_only,within
3,8,3-3-3,506,0.03048744,genesis,sof_only,within
3,9,1-2-2,373,0.02247394,genesis,sof_only,within
3,10,2-2-1,371,0.02235344,genesis,sof_only,within
3,11,2-2-4,337,0.02030487,genesis,sof_only,within
3,12,2-1-2,335,0.02018437,genesis,sof_only,within
3,13,2-3-1,322,0.0194011,genesis,sof_only,within
3,14,2-4-2,320,0.01928059,genesis,sof_only,within
3,15,4-2-2,312,0.01879858,genesis,sof_only,within
3,16,1-3-2,309,0.01861782,genesis,sof_only,within
3,17,3-2-1,293,0.01765379,genesis,sof_only,within
3,18,2-1-3,293,0.01765379,genesis,sof_only,within
3,19,3-1-2,275,0.01656926,genesis,sof_only,within
3,20,4-2-3,246,0.01482196,genesis,sof_only,within
3,21,1-2-3,242,0.01458095,genesis,sof_only,within
3,22,4-3-2,239,0.01440019,genesis,sof_only,within
3,23,3-1-3,227,0.01367717,genesis,sof_only,within
3,24,2-4-3,225,0.01355667,genesis,sof_only,within
3,25,3-3-1,219,0.01319516,genesis,sof_only,within
3,26,3-4-2,209,0.01259264,genesis,sof_only,within
3,27,1-3-3,205,0.01235163,genesis,sof_only,within
3,28,2-3-4,204,0.01229138,genesis,sof_only,within
3,29,3-2-4,202,0.01217087,genesis,sof_only,within
3,30,3-3-4,166,0.01000181,genesis,sof_only,within
3,31,4-3-3,157,0.00945954,genesis,sof_only,within
3,32,3-4-3,153,0.00921853,genesis,sof_only,within
3,33,1-4-2,132,0.00795324,genesis,sof_only,within
3,34,1-2-1,129,0.00777249,genesis,sof_only,within
3,35,2-1-4,121,0.00729047,genesis,sof_only,within
3,36,2-4-1,119,0.00716997,genesis,sof_only,within
3,37,1-1-2,116,0.00698921,genesis,sof_only,within
3,38,4-1-2,109,0.00656745,genesis,sof_only,within
3,39,2-1-1,108,0.0065072,genesis,sof_only,within
3,40,1-3-1,100,0.00602519,genesis,sof_only,within
3,41,3-1-4,99,0.00596493,genesis,sof_only,within
3,42,4-2-4,97,0.00584443,genesis,sof_only,within
3,43,4-2-1,96,0.00578418,genesis,sof_only,within
3,44,1-2-4,95,0.00572393,genesis,sof_only,within
3,45,1-4-3,87,0.00524191,genesis,sof_only,within
3,46,3-1-1,85,0.00512141,genesis,sof_only,within
3,47,4-4-2,85,0.00512141,genesis,sof_only,within
3,48,4-1-3,84,0.00506116,genesis,sof_only,within
3,49,1-1-3,80,0.00482015,genesis,sof_only,within
3,50,5-2-2,77,0.00463939,genesis,sof_only,within
4,1,2-2-2-2,481,0.02898289,genesis,sof_only,within
4,2,2-3-2-2,371,0.02235478,genesis,sof_only,within
4,3,2-2-3-2,356,0.02145095,genesis,sof_only,within
4,4,2-2-2-3,338,0.02036635,genesis,sof_only,within
4,5,3-2-2-2,330,0.01988431,genesis,sof_only,within
4,6,2-3-2-3,287,0.01729332,genesis,sof_only,within
4,7,3-2-3-2,281,0.01693179,genesis,sof_only,within
4,8,3-2-2-3,277,0.01669077,genesis,sof_only,within
4,9,2-3-3-2,263,0.01584719,genesis,sof_only,within
4,10,3-3-2-2,261,0.01572668,genesis,sof_only,within
4,11,2-2-3-3,257,0.01548566,genesis,sof_only,within
4,12,3-2-3-3,223,0.01343697,genesis,sof_only,within
4,13,3-3-3-2,213,0.01283442,genesis,sof_only,within
4,14,3-3-2-3,208,0.01253314,genesis,sof_only,within
4,15,2-3-3-3,197,0.01187033,genesis,sof_only,within
4,16,3-3-3-3,167,0.01006267,genesis,sof_only,within
4,17,2-2-2-1,162,0.00976139,genesis,sof_only,within
4,18,1-2-2-2,152,0.00915883,genesis,sof_only,within
4,19,2-2-4-2,148,0.00891781,genesis,sof_only,within
4,20,2-1-2-2,137,0.008255,genesis,sof_only,within
4,21,2-2-1-3,134,0.00807423,genesis,sof_only,within
4,22,2-2-3-1,133,0.00801398,genesis,sof_only,within
4,23,2-4-2-2,133,0.00801398,genesis,sof_only,within
4,24,2-1-3-2,132,0.00795372,genesis,sof_only,within
4,25,2-2-2-4,132,0.00795372,genesis,sof_only,within
4,26,4-2-2-2,131,0.00789347,genesis,sof_only,within
4,27,2-3-1-2,127,0.00765245,genesis,sof_only,within
4,28,2-2-1-2,126,0.00759219,genesis,sof_only,within
4,29,1-3-2-2,120,0.00723066,genesis,sof_only,within
4,30,3-2-1-2,120,0.00723066,genesis,sof_only,within
4,31,3-1-2-2,118,0.00711015,genesis,sof_only,within
4,32,1-2-2-3,117,0.00704989,genesis,sof_only,within
4,33,3-2-2-4,112,0.00674861,genesis,sof_only,within
4,34,2-3-2-1,112,0.00674861,genesis,sof_only,within
4,35,3-2-3-1,111,0.00668836,genesis,sof_only,within
4,36,3-2-2-1,111,0.00668836,genesis,sof_only,within
4,37,4-2-3-2,109,0.00656785,genesis,sof_only,within
4,38,2-3-1-3,103,0.00620631,genesis,sof_only,within
4,39,2-3-3-1,102,0.00614606,genesis,sof_only,within
4,40,2-4-2-3,102,0.00614606,genesis,sof_only,within
4,41,2-1-2-3,99,0.00596529,genesis,sof_only,within
4,42,3-1-3-2,98,0.00590504,genesis,sof_only,within
4,43,2-4-3-2,98,0.00590504,genesis,sof_only,within
4,44,1-3-2-3,98,0.00590504,genesis,sof_only,within
4,45,4-2-2-3,97,0.00584478,genesis,sof_only,within
4,46,1-2-3-2,97,0.00584478,genesis,sof_only,within
4,47,2-2-4-3,93,0.00560376,genesis,sof_only,within
4,48,4-3-2-2,91,0.00548325,genesis,sof_only,within
4,49,3-2-1-3,85,0.00512172,genesis,sof_only,within
4,50,3-2-4-2,83,0.00500121,genesis,sof_only,within
5,1,2-2-2-2-2,218,0.01313649,genesis,sof_only,within
5,2,2-2-2-3-2,155,0.00934016,genesis,sof_only,within
5,3,2-2-3-2-2,149,0.00897861,genesis,sof_only,within
5,4,2-3-2-2-2,143,0.00861705,genesis,sof_only,within
5,5,2-2-2-2-3,122,0.00735161,genesis,sof_only,within
5,6,2-2-3-2-3,120,0.00723109,genesis,sof_only,within
5,7,3-2-3-2-2,119,0.00717083,genesis,sof_only,within
5,8,3-2-2-2-2,119,0.00717083,genesis,sof_only,within
5,9,2-3-2-3-2,116,0.00699006,genesis,sof_only,within
5,10,2-3-2-2-3,114,0.00686954,genesis,sof_only,within
5,11,3-2-2-2-3,112,0.00674902,genesis,sof_only,within
5,12,2-3-3-2-2,111,0.00668876,genesis,sof_only,within
5,13,3-2-2-3-2,110,0.0066285,genesis,sof_only,within
5,14,3-3-2-2-2,105,0.00632721,genesis,sof_only,within
5,15,2-2-3-3-2,101,0.00608617,genesis,sof_only,within
5,16,3-2-3-3-2,96,0.00578487,genesis,sof_only,within
5,17,3-2-2-3-3,90,0.00542332,genesis,sof_only,within
5,18,3-2-3-2-3,90,0.00542332,genesis,sof_only,within
5,19,2-3-3-2-3,90,0.00542332,genesis,sof_only,within
5,20,2-3-2-3-3,89,0.00536306,genesis,sof_only,within
5,21,3-3-3-2-2,84,0.00506177,genesis,sof_only,within
5,22,2-3-3-3-2,83,0.00500151,genesis,sof_only,within
5,23,3-3-2-3-2,81,0.00488099,genesis,sof_only,within
5,24,3-3-2-2-3,77,0.00463995,genesis,sof_only,within
5,25,2-2-2-3-3,77,0.00463995,genesis,sof_only,within
5,26,2-2-3-3-3,75,0.00451943,genesis,sof_only,within
5,27,3-2-3-3-3,74,0.00445917,genesis,sof_only,within
5,28,2-2-2-2-1,74,0.00445917,genesis,sof_only,within
5,29,3-3-3-3-2,71,0.0042784,genesis,sof_only,within
5,30,1-2-2-2-2,70,0.00421814,genesis,sof_only,within
5,31,3-3-2-3-3,69,0.00415788,genesis,sof_only,within
5,32,2-4-2-2-2,67,0.00403736,genesis,sof_only,within
5,33,2-2-2-3-1,66,0.0039771,genesis,sof_only,within
5,34,2-3-3-3-3,64,0.00385658,genesis,sof_only,within
5,35,2-1-2-2-2,63,0.00379632,genesis,sof_only,within
5,36,2-2-2-1-3,62,0.00373607,genesis,sof_only,within
5,37,2-2-4-2-2,61,0.00367581,genesis,sof_only,within
5,38,3-3-3-3-3,61,0.00367581,genesis,sof_only,within
5,39,2-2-2-1-2,60,0.00361555,genesis,sof_only,within
5,40,2-2-1-3-2,60,0.00361555,genesis,sof_only,within
5,41,3-3-3-2-3,59,0.00355529,genesis,sof_only,within
5,42,2-2-2-2-4,58,0.00349503,genesis,sof_only,within
5,43,4-2-2-2-2,56,0.00337451,genesis,sof_only,within
5,44,2-2-3-1-2,55,0.00331425,genesis,sof_only,within
5,45,2-3-1-2-2,55,0.00331425,genesis,sof_only,within
5,46,2-2-2-4-2,53,0.00319373,genesis,sof_only,within
5,47,3-2-1-2-2,53,0.00319373,genesis,sof_only,within
5,48,3-2-2-2-1,53,0.00319373,genesis,sof_only,within
5,49,2-3-2-2-4,52,0.00313347,genesis,sof_only,within
5,50,2-2-1-2-2,52,0.00313347,genesis,sof_only,within
6,1,2-2-2-2-2-2,106,0.00638785,genesis,sof_only,within
6,2,2-2-2-3-2-2,67,0.0040376,genesis,sof_only,within
6,3,2-2-2-2-3-2,64,0.00385682,genesis,sof_only,within
6,4,2-2-3-2-2-2,60,0.00361576,genesis,sof_only,within
6,5,2-2-2-3-2-3,57,0.00343498,genesis,sof_only,within
6,6,3-2-2-2-2-2,57,0.00343498,genesis,sof_only,within
6,7,2-2-2-2-2-3,57,0.00343498,genesis,sof_only,within
6,8,3-2-2-2-3-2,55,0.00331445,genesis,sof_only,within
6,9,2-2-3-2-3-2,51,0.0030734,genesis,sof_only,within
6,10,2-3-2-2-3-2,51,0.0030734,genesis,sof_only,within
6,11,2-2-3-2-2-3,48,0.00289261,genesis,sof_only,within
6,12,3-2-3-2-2-2,47,0.00283235,genesis,sof_only,within
6,13,2-3-2-3-2-2,46,0.00277209,genesis,sof_only,within
6,14,2-3-2-2-2-2,46,0.00277209,genesis,sof_only,within
6,15,3-3-2-2-2-2,46,0.00277209,genesis,sof_only,within
6,16,2-3-2-2-2-3,46,0.00277209,genesis,sof_only,within
6,17,2-3-3-2-2-2,45,0.00271182,genesis,sof_only,within
6,18,3-2-2-3-2-2,43,0.0025913,genesis,sof_only,within
6,19,2-2-3-3-2-2,42,0.00253104,genesis,sof_only,within
6,20,3-2-3-3-2-2,40,0.00241051,genesis,sof_only,within
6,21,3-3-2-2-3-3,39,0.00235025,genesis,sof_only,within
6,22,2-3-2-3-2-3,38,0.00228998,genesis,sof_only,within
6,23,2-3-3-2-3-2,38,0.00228998,genesis,sof_only,within
6,24,3-2-2-3-2-3,38,0.00228998,genesis,sof_only,within
6,25,3-3-2-3-2-2,37,0.00222972,genesis,sof_only,within
6,26,2-3-2-3-3-2,37,0.00222972,genesis,sof_only,within
6,27,2-2-3-2-3-3,36,0.00216946,genesis,sof_only,within
6,28,2-2-2-3-3-2,36,0.00216946,genesis,sof_only,within
6,29,2-2-3-3-2-3,35,0.0021092,genesis,sof_only,within
6,30,2-2-4-2-2-2,34,0.00204893,genesis,sof_only,within
6,31,2-4-2-2-2-2,34,0.00204893,genesis,sof_only,within
6,32,2-3-3-2-2-3,34,0.00204893,genesis,sof_only,within
6,33,3-2-3-2-3-3,34,0.00204893,genesis,sof_only,within
6,34,3-2-2-3-3-2,34,0.00204893,genesis,sof_only,within
6,35,3-3-2-2-2-3,34,0.00204893,genesis,sof_only,within
6,36,2-2-3-3-3-2,33,0.00198867,genesis,sof_only,within
6,37,3-3-2-3-3-2,32,0.00192841,genesis,sof_only,within
6,38,2-2-2-2-2-1,32,0.00192841,genesis,sof_only,within
6,39,2-2-2-3-1-2,31,0.00186815,genesis,sof_only,within
6,40,3-2-3-3-2-3,31,0.00186815,genesis,sof_only,within
6,41,2-3-2-2-2-1,31,0.00186815,genesis,sof_only,within
6,42,3-3-3-2-2-2,31,0.00186815,genesis,sof_only,within
6,43,3-2-3-2-3-2,30,0.00180788,genesis,sof_only,within
6,44,3-3-3-3-2-2,30,0.00180788,genesis,sof_only,within
6,45,2-3-3-3-3-2,29,0.00174762,genesis,sof_only,within
6,46,2-3-2-3-3-3,29,0.00174762,genesis,sof_only,within
6,47,2-3-3-3-2-2,29,0.00174762,genesis,sof_only,within
6,48,1-2-2-2-2-2,29,0.00174762,genesis,sof_only,within
6,49,2-2-2-2-1-3,29,0.00174762,genesis,sof_only,within
6,50,3-2-3-2-2-3,28,0.00168736,genesis,sof_only,within
2,1,3-3,246,0.16099476,genesis,sof_only,cross_reset
2,2,2-3,194,0.12696335,genesis,sof_only,cross_reset
2,3,2-2,192,0.12565445,genesis,sof_only,cross_reset
2,4,3-2,190,0.12434555,genesis,sof_only,cross_reset
2,5,4-3,91,0.05955497,genesis,sof_only,cross_reset
2,6,3-4,87,0.05693717,genesis,sof_only,cross_reset
2,7,4-2,52,0.03403141,genesis,sof_only,cross_reset
2,8,1-2,52,0.03403141,genesis,sof_only,cross_reset
2,9,2-1,51,0.03337696,genesis,sof_only,cross_reset
2,10,2-4,50,0.03272251,genesis,sof_only,cross_reset
2,11,3-1,49,0.03206806,genesis,sof_only,cross_reset
2,12,1-3,45,0.02945026,genesis,sof_only,cross_reset
2,13,4-4,39,0.02552356,genesis,sof_only,cross_reset
2,14,1-1,27,0.01767016,genesis,sof_only,cross_reset
2,15,3-5,24,0.01570681,genesis,sof_only,cross_reset
2,16,1-4,20,0.01308901,genesis,sof_only,cross_reset
2,17,5-2,19,0.01243455,genesis,sof_only,cross_reset
2,18,4-1,18,0.0117801,genesis,sof_only,cross_reset
2,19,5-3,18,0.0117801,genesis,sof_only,cross_reset
2,20,2-5,17,0.01112565,genesis,sof_only,cross_reset
2,21,5-4,10,0.0065445,genesis,sof_only,cross_reset
2,22,4-5,5,0.00327225,genesis,sof_only,cross_reset
2,23,1-5,4,0.0026178,genesis,sof_only,cross_reset
2,24,6-2,4,0.0026178,genesis,sof_only,cross_reset
2,25,5-5,4,0.0026178,genesis,sof_only,cross_reset
2,26,5-1,4,0.0026178,genesis,sof_only,cross_reset
2,27,2-6,4,0.0026178,genesis,sof_only,cross_reset
2,28,6-3,3,0.00196335,genesis,sof_only,cross_reset
2,29,1-6,2,0.0013089,genesis,sof_only,cross_reset
2,30,3-6,2,0.0013089,genesis,sof_only,cross_reset
2,31,4-6,1,0.00065445,genesis,sof_only,cross_reset
2,32,6-4,1,0.00065445,genesis,sof_only,cross_reset
2,33,4-7,1,0.00065445,genesis,sof_only,cross_reset
2,34,7-5,1,0.00065445,genesis,sof_only,cross_reset
2,35,6-1,1,0.00065445,genesis,sof_only,cross_reset
3,1,3-3-3,96,0.06286837,genesis,sof_only,cross_reset
3,2,3-2-3,87,0.05697446,genesis,sof_only,cross_reset
3,3,2-2-2,81,0.05304519,genesis,sof_only,cross_reset
3,4,3-3-2,77,0.05042567,genesis,sof_only,cross_reset
3,5,2-3-3,75,0.04911591,genesis,sof_only,cross_reset
3,6,2-3-2,73,0.04780616,genesis,sof_only,cross_reset
3,7,3-2-2,73,0.04780616,genesis,sof_only,cross_reset
3,8,2-2-3,65,0.04256713,genesis,sof_only,cross_reset
3,9,4-3-3,42,0.02750491,genesis,sof_only,cross_reset
3,10,3-3-4,37,0.02423052,genesis,sof_only,cross_reset
3,11,3-4-3,32,0.02095612,genesis,sof_only,cross_reset
3,12,2-3-4,27,0.01768173,genesis,sof_only,cross_reset
3,13,2-2-1,25,0.01637197,genesis,sof_only,cross_reset
3,14,2-4-3,25,0.01637197,genesis,sof_only,cross_reset
3,15,3-3-1,24,0.01571709,genesis,sof_only,cross_reset
3,16,3-4-2,24,0.01571709,genesis,sof_only,cross_reset
3,17,4-3-2,24,0.01571709,genesis,sof_only,cross_reset
3,18,3-4-4,23,0.01506221,genesis,sof_only,cross_reset
3,19,1-3-3,22,0.01440733,genesis,sof_only,cross_reset
3,20,4-2-3,21,0.01375246,genesis,sof_only,cross_reset
3,21,2-1-2,21,0.01375246,genesis,sof_only,cross_reset
3,22,4-4-3,21,0.01375246,genesis,sof_only,cross_reset
3,23,4-2-2,17,0.01113294,genesis,sof_only,cross_reset
3,24,3-2-4,16,0.01047806,genesis,sof_only,cross_reset
3,25,3-1-2,15,0.00982318,genesis,sof_only,cross_reset
3,26,2-2-4,15,0.00982318,genesis,sof_only,cross_reset
3,27,2-1-3,15,0.00982318,genesis,sof_only,cross_reset
3,28,4-3-4,15,0.00982318,genesis,sof_only,cross_reset
3,29,2-3-1,14,0.0091683,genesis,sof_only,cross_reset
3,30,1-2-3,14,0.0091683,genesis,sof_only,cross_reset
3,31,3-1-3,14,0.0091683,genesis,sof_only,cross_reset
3,32,2-4-2,13,0.00851343,genesis,sof_only,cross_reset
3,33,1-2-4,13,0.00851343,genesis,sof_only,cross_reset
3,34,3-5-3,13,0.00851343,genesis,sof_only,cross_reset
3,35,1-2-1,12,0.00785855,genesis,sof_only,cross_reset
3,36,1-2-2,11,0.00720367,genesis,sof_only,cross_reset
3,37,1-1-2,11,0.00720367,genesis,sof_only,cross_reset
3,38,3-3-5,10,0.00654879,genesis,sof_only,cross_reset
3,39,3-1-1,10,0.00654879,genesis,sof_only,cross_reset
3,40,1-3-2,10,0.00654879,genesis,sof_only,cross_reset
3,41,4-4-2,10,0.00654879,genesis,sof_only,cross_reset
3,42,5-3-3,9,0.00589391,genesis,sof_only,cross_reset
3,43,2-5-2,9,0.00589391,genesis,sof_only,cross_reset
3,44,1-1-1,9,0.00589391,genesis,sof_only,cross_reset
3,45,1-4-3,9,0.00589391,genesis,sof_only,cross_reset
3,46,5-2-2,8,0.00523903,genesis,sof_only,cross_reset
3,47,3-1-4,8,0.00523903,genesis,sof_only,cross_reset
3,48,5-2-3,7,0.00458415,genesis,sof_only,cross_reset
3,49,3-2-1,7,0.00458415,genesis,sof_only,cross_reset
3,50,4-1-3,7,0.00458415,genesis,sof_only,cross_reset
4,1,3-3-3-3,41,0.02686763,genesis,sof_only,cross_reset
4,2,2-2-2-2,40,0.02621232,genesis,sof_only,cross_reset
4,3,3-2-3-2,36,0.02359109,genesis,sof_only,cross_reset
4,4,3-3-2-3,34,0.02228047,genesis,sof_only,cross_reset
4,5,3-2-3-3,34,0.02228047,genesis,sof_only,cross_reset
4,6,2-3-2-3,30,0.01965924,genesis,sof_only,cross_reset
4,7,2-3-3-3,30,0.01965924,genesis,sof_only,cross_reset
4,8,3-3-3-2,30,0.01965924,genesis,sof_only,cross_reset
4,9,3-3-2-2,30,0.01965924,genesis,sof_only,cross_reset
4,10,2-3-2-2,29,0.01900393,genesis,sof_only,cross_reset
4,11,3-2-2-2,29,0.01900393,genesis,sof_only,cross_reset
4,12,3-2-2-3,28,0.01834862,genesis,sof_only,cross_reset
4,13,2-2-3-3,25,0.0163827,genesis,sof_only,cross_reset
4,14,2-2-2-3,23,0.01507208,genesis,sof_only,cross_reset
4,15,2-2-3-2,23,0.01507208,genesis,sof_only,cross_reset
4,16,2-3-3-2,22,0.01441678,genesis,sof_only,cross_reset
4,17,3-4-3-3,21,0.01376147,genesis,sof_only,cross_reset
4,18,4-3-3-3,19,0.01245085,genesis,sof_only,cross_reset
4,19,3-3-3-4,16,0.01048493,genesis,sof_only,cross_reset
4,20,3-3-4-3,15,0.00982962,genesis,sof_only,cross_reset
4,21,4-3-2-3,14,0.00917431,genesis,sof_only,cross_reset
4,22,2-2-1-2,12,0.0078637,genesis,sof_only,cross_reset
4,23,2-2-3-4,12,0.0078637,genesis,sof_only,cross_reset
4,24,1-3-3-2,11,0.00720839,genesis,sof_only,cross_reset
4,25,2-3-3-4,11,0.00720839,genesis,sof_only,cross_reset
4,26,3-3-4-2,11,0.00720839,genesis,sof_only,cross_reset
4,27,3-4-4-3,11,0.00720839,genesis,sof_only,cross_reset
4,28,3-2-2-1,10,0.00655308,genesis,sof_only,cross_reset
4,29,3-4-2-3,10,0.00655308,genesis,sof_only,cross_reset
4,30,2-4-3-2,10,0.00655308,genesis,sof_only,cross_reset
4,31,4-3-3-2,10,0.00655308,genesis,sof_only,cross_reset
4,32,4-2-3-3,9,0.00589777,genesis,sof_only,cross_reset
4,33,3-2-3-4,9,0.00589777,genesis,sof_only,cross_reset
4,34,2-1-3-3,9,0.00589777,genesis,sof_only,cross_reset
4,35,3-3-4-4,9,0.00589777,genesis,sof_only,cross_reset
4,36,2-3-3-1,9,0.00589777,genesis,sof_only,cross_reset
4,37,3-3-1-3,9,0.00589777,genesis,sof_only,cross_reset
4,38,2-2-2-1,9,0.00589777,genesis,sof_only,cross_reset
4,39,4-2-2-3,9,0.00589777,genesis,sof_only,cross_reset
4,40,2-2-4-3,9,0.00589777,genesis,sof_only,cross_reset
4,41,2-2-1-3,8,0.00524246,genesis,sof_only,cross_reset
4,42,3-5-3-3,8,0.00524246,genesis,sof_only,cross_reset
4,43,4-3-2-2,8,0.00524246,genesis,sof_only,cross_reset
4,44,3-4-2-2,8,0.00524246,genesis,sof_only,cross_reset
4,45,4-4-3-3,8,0.00524246,genesis,sof_only,cross_reset
4,46,3-2-4-3,8,0.00524246,genesis,sof_only,cross_reset
4,47,2-2-2-4,7,0.00458716,genesis,sof_only,cross_reset
4,48,3-4-4-2,7,0.00458716,genesis,sof_only,cross_reset
4,49,2-3-4-3,7,0.00458716,genesis,sof_only,cross_reset
4,50,3-3-1-2,7,0.00458716,genesis,sof_only,cross_reset
5,1,2-2-2-2-2,18,0.01180328,genesis,sof_only,cross_reset
5,2,3-3-3-3-2,18,0.01180328,genesis,sof_only,cross_reset
5,3,3-2-2-2-2,17,0.01114754,genesis,sof_only,cross_reset
5,4,3-3-3-3-3,16,0.0104918,genesis,sof_only,cross_reset
5,5,2-3-3-3-3,16,0.0104918,genesis,sof_only,cross_reset
5,6,3-3-2-3-2,15,0.00983607,genesis,sof_only,cross_reset
5,7,3-2-3-2-2,15,0.00983607,genesis,sof_only,cross_reset
5,8,3-2-3-2-3,14,0.00918033,genesis,sof_only,cross_reset
5,9,2-3-2-3-3,14,0.00918033,genesis,sof_only,cross_reset
5,10,3-3-3-2-3,14,0.00918033,genesis,sof_only,cross_reset
5,11,2-2-2-2-3,14,0.00918033,genesis,sof_only,cross_reset
5,12,2-3-2-2-2,13,0.00852459,genesis,sof_only,cross_reset
5,13,3-3-2-3-3,13,0.00852459,genesis,sof_only,cross_reset
5,14,2-2-2-3-3,12,0.00786885,genesis,sof_only,cross_reset
5,15,2-2-3-3-3,12,0.00786885,genesis,sof_only,cross_reset
5,16,2-2-3-2-3,12,0.00786885,genesis,sof_only,cross_reset
5,17,3-3-2-2-3,12,0.00786885,genesis,sof_only,cross_reset
5,18,2-3-2-3-2,12,0.00786885,genesis,sof_only,cross_reset
5,19,3-3-2-2-2,12,0.00786885,genesis,sof_only,cross_reset
5,20,3-2-3-3-2,12,0.00786885,genesis,sof_only,cross_reset
5,21,3-2-2-3-2,11,0.00721311,genesis,sof_only,cross_reset
5,22,3-2-2-3-3,11,0.00721311,genesis,sof_only,cross_reset
5,23,3-3-3-2-2,11,0.00721311,genesis,sof_only,cross_reset
5,24,3-2-3-3-3,11,0.00721311,genesis,sof_only,cross_reset
5,25,2-3-3-2-3,10,0.00655738,genesis,sof_only,cross_reset
5,26,2-3-2-2-3,10,0.00655738,genesis,sof_only,cross_reset
5,27,3-3-4-3-3,10,0.00655738,genesis,sof_only,cross_reset
5,28,2-2-3-2-2,9,0.00590164,genesis,sof_only,cross_reset
5,29,4-3-3-3-3,8,0.0052459,genesis,sof_only,cross_reset
5,30,2-4-3-2-3,8,0.0052459,genesis,sof_only,cross_reset
5,31,3-4-3-3-3,8,0.0052459,genesis,sof_only,cross_reset
5,32,2-3-3-2-2,8,0.0052459,genesis,sof_only,cross_reset
5,33,3-2-2-2-3,7,0.00459016,genesis,sof_only,cross_reset
5,34,3-3-3-3-4,7,0.00459016,genesis,sof_only,cross_reset
5,35,4-3-2-3-3,7,0.00459016,genesis,sof_only,cross_reset
5,36,3-3-3-4-3,7,0.00459016,genesis,sof_only,cross_reset
5,37,3-2-2-1-2,6,0.00393443,genesis,sof_only,cross_reset
5,38,3-2-3-3-4,6,0.00393443,genesis,sof_only,cross_reset
5,39,2-1-3-3-2,6,0.00393443,genesis,sof_only,cross_reset
5,40,3-4-4-3-3,6,0.00393443,genesis,sof_only,cross_reset
5,41,3-4-2-2-3,6,0.00393443,genesis,sof_only,cross_reset
5,42,3-4-3-3-2,6,0.00393443,genesis,sof_only,cross_reset
5,43,2-2-3-3-2,6,0.00393443,genesis,sof_only,cross_reset
5,44,2-3-2-2-1,5,0.00327869,genesis,sof_only,cross_reset
5,45,2-2-1-3-3,5,0.00327869,genesis,sof_only,cross_reset
5,46,3-3-3-4-4,5,0.00327869,genesis,sof_only,cross_reset
5,47,2-3-3-4-2,5,0.00327869,genesis,sof_only,cross_reset
5,48,2-3-3-1-2,5,0.00327869,genesis,sof_only,cross_reset
5,49,2-2-2-2-1,5,0.00327869,genesis,sof_only,cross_reset
5,50,2-3-3-3-2,5,0.00327869,genesis,sof_only,cross_reset
6,1,2-3-3-3-3-2,10,0.00656168,genesis,sof_only,cross_reset
6,2,3-3-2-2-2-2,10,0.00656168,genesis,sof_only,cross_reset
6,3,2-2-2-2-2-2,9,0.00590551,genesis,sof_only,cross_reset
6,4,3-3-3-3-2-2,9,0.00590551,genesis,sof_only,cross_reset
6,5,3-2-3-2-2-2,8,0.00524934,genesis,sof_only,cross_reset
6,6,3-3-2-3-2-2,8,0.00524934,genesis,sof_only,cross_reset
6,7,3-2-2-2-2-3,8,0.00524934,genesis,sof_only,cross_reset
6,8,3-2-3-2-3-3,7,0.00459318,genesis,sof_only,cross_reset
6,9,3-3-3-3-3-2,7,0.00459318,genesis,sof_only,cross_reset
6,10,3-2-2-2-2-2,7,0.00459318,genesis,sof_only,cross_reset
6,11,2-2-2-2-3-3,7,0.00459318,genesis,sof_only,cross_reset
6,12,3-2-3-3-3-3,7,0.00459318,genesis,sof_only,cross_reset
6,13,2-3-2-2-2-3,6,0.00393701,genesis,sof_only,cross_reset
6,14,2-2-3-2-3-3,6,0.00393701,genesis,sof_only,cross_reset
6,15,4-3-3-3-3-3,6,0.00393701,genesis,sof_only,cross_reset
6,16,3-3-3-3-3-3,6,0.00393701,genesis,sof_only,cross_reset
6,17,3-3-3-3-2-3,6,0.00393701,genesis,sof_only,cross_reset
6,18,3-3-3-2-3-3,6,0.00393701,genesis,sof_only,cross_reset
6,19,3-2-3-2-3-2,6,0.00393701,genesis,sof_only,cross_reset
6,20,3-2-3-3-2-3,6,0.00393701,genesis,sof_only,cross_reset
6,21,2-3-2-3-3-2,6,0.00393701,genesis,sof_only,cross_reset
6,22,2-3-3-2-3-2,5,0.00328084,genesis,sof_only,cross_reset
6,23,3-3-2-3-2-3,5,0.00328084,genesis,sof_only,cross_reset
6,24,2-2-2-3-3-3,5,0.00328084,genesis,sof_only,cross_reset
6,25,3-2-2-3-2-3,5,0.00328084,genesis,sof_only,cross_reset
6,26,3-3-3-2-3-2,5,0.00328084,genesis,sof_only,cross_reset
6,27,3-3-2-2-3-2,5,0.00328084,genesis,sof_only,cross_reset
6,28,3-2-2-3-2-2,5,0.00328084,genesis,sof_only,cross_reset
6,29,2-3-2-3-3-3,5,0.00328084,genesis,sof_only,cross_reset
6,30,3-3-2-3-3-3,5,0.00328084,genesis,sof_only,cross_reset
6,31,3-4-3-3-2-2,5,0.00328084,genesis,sof_only,cross_reset
6,32,2-4-3-2-3-3,5,0.00328084,genesis,sof_only,cross_reset
6,33,2-2-3-3-3-3,5,0.00328084,genesis,sof_only,cross_reset
6,34,3-2-2-3-3-3,5,0.00328084,genesis,sof_only,cross_reset
6,35,2-2-2-2-2-3,5,0.00328084,genesis,sof_only,cross_reset
6,36,3-2-3-3-2-2,5,0.00328084,genesis,sof_only,cross_reset
6,37,2-3-3-2-2-2,5,0.00328084,genesis,sof_only,cross_reset
6,38,3-3-2-2-3-3,5,0.00328084,genesis,sof_only,cross_reset
6,39,3-2-2-2-3-3,4,0.00262467,genesis,sof_only,cross_reset
6,40,1-3-3-2-3-2,4,0.00262467,genesis,sof_only,cross_reset
6,41,3-2-3-3-4-2,4,0.00262467,genesis,sof_only,cross_reset
6,42,3-3-4-4-3-3,4,0.00262467,genesis,sof_only,cross_reset
6,43,3-4-4-3-3-3,4,0.00262467,genesis,sof_only,cross_reset
6,44,2-3-2-2-2-2,4,0.00262467,genesis,sof_only,cross_reset
6,45,2-2-3-2-2-3,4,0.00262467,genesis,sof_only,cross_reset
6,46,2-2-3-2-3-2,4,0.00262467,genesis,sof_only,cross_reset
6,47,3-3-3-2-2-2,4,0.00262467,genesis,sof_only,cross_reset
6,48,2-3-3-4-3-3,4,0.00262467,genesis,sof_only,cross_reset
6,49,2-2-3-2-2-2,4,0.00262467,genesis,sof_only,cross_reset
6,50,3-3-3-2-2-3,4,0.00262467,genesis,sof_only,cross_reset
2,1,2-2,2890,0.15943068,genesis,sof_only,all
2,2,3-2,2404,0.13261985,genesis,sof_only,all
2,3,2-3,2369,0.13068903,genesis,sof_only,all
2,4,3-3,1746,0.09632041,genesis,sof_only,all
2,5,2-1,910,0.05020136,genesis,sof_only,all
2,6,4-2,876,0.0483257,genesis,sof_only,all
2,7,2-4,872,0.04810504,genesis,sof_only,all
2,8,1-2,860,0.04744304,genesis,sof_only,all
2,9,3-1,818,0.04512606,genesis,sof_only,all
2,10,1-3,770,0.04247807,genesis,sof_only,all
2,11,4-3,627,0.03458929,genesis,sof_only,all
2,12,3-4,574,0.03166547,genesis,sof_only,all
2,13,1-4,359,0.01980471,genesis,sof_only,all
2,14,4-1,325,0.01792906,genesis,sof_only,all
2,15,1-1,286,0.01577757,genesis,sof_only,all
2,16,4-4,204,0.01125393,genesis,sof_only,all
2,17,5-2,198,0.01092293,genesis,sof_only,all
2,18,2-5,197,0.01086777,genesis,sof_only,all
2,19,5-3,142,0.00783362,genesis,sof_only,all
2,20,3-5,124,0.00684062,genesis,sof_only,all
2,21,1-5,115,0.00634413,genesis,sof_only,all
2,22,5-1,81,0.00446847,genesis,sof_only,all
2,23,5-4,64,0.00353064,genesis,sof_only,all
2,24,6-2,48,0.00264798,genesis,sof_only,all
2,25,4-5,47,0.00259282,genesis,sof_only,all
2,26,1-6,39,0.00215149,genesis,sof_only,all
2,27,2-6,36,0.00198599,genesis,sof_only,all
2,28,6-3,24,0.00132399,genesis,sof_only,all
2,29,3-6,16,0.00088266,genesis,sof_only,all
2,30,6-1,16,0.00088266,genesis,sof_only,all
2,31,6-4,11,0.00060683,genesis,sof_only,all
2,32,1-7,10,0.00055166,genesis,sof_only,all
2,33,7-3,9,0.0004965,genesis,sof_only,all
2,34,5-5,9,0.0004965,genesis,sof_only,all
2,35,4-6,8,0.00044133,genesis,sof_only,all
2,36,2-7,8,0.00044133,genesis,sof_only,all
2,37,7-1,5,0.00027583,genesis,sof_only,all
2,38,3-7,4,0.00022067,genesis,sof_only,all
2,39,7-4,4,0.00022067,genesis,sof_only,all
2,40,7-2,4,0.00022067,genesis,sof_only,all
2,41,5-6,3,0.0001655,genesis,sof_only,all
2,42,6-5,3,0.0001655,genesis,sof_only,all
2,43,8-2,2,0.00011033,genesis,sof_only,all
2,44,4-7,2,0.00011033,genesis,sof_only,all
2,45,7-5,2,0.00011033,genesis,sof_only,all
2,46,1-8,2,0.00011033,genesis,sof_only,all
2,47,8-4,2,0.00011033,genesis,sof_only,all
2,48,2-8,1,5.517e-05,genesis,sof_only,all
2,49,4-8,1,5.517e-05,genesis,sof_only,all
3,1,2-2-2,1155,0.06372062,genesis,sof_only,all
3,2,2-3-2,1003,0.05533488,genesis,sof_only,all
3,3,2-2-3,930,0.05130751,genesis,sof_only,all
3,4,3-2-2,925,0.05103167,genesis,sof_only,all
3,5,3-2-3,833,0.04595609,genesis,sof_only,all
3,6,2-3-3,735,0.04054949,genesis,sof_only,all
3,7,3-3-2,727,0.04010813,genesis,sof_only,all
3,8,3-3-3,577,0.03183273,genesis,sof_only,all
3,9,2-2-4,365,0.02013682,genesis,sof_only,all
3,10,2-4-2,365,0.02013682,genesis,sof_only,all
3,11,1-2-2,356,0.0196403,genesis,sof_only,all
3,12,2-2-1,350,0.01930928,genesis,sof_only,all
3,13,2-3-1,347,0.01914377,genesis,sof_only,all
3,14,4-2-2,345,0.01903343,genesis,sof_only,all
3,15,1-3-2,333,0.0183714,genesis,sof_only,all
3,16,2-1-2,320,0.0176542,genesis,sof_only,all
3,17,3-2-1,316,0.01743352,genesis,sof_only,all
3,18,2-1-3,290,0.01599912,genesis,sof_only,all
3,19,3-1-2,279,0.01539225,genesis,sof_only,all
3,20,4-2-3,278,0.01533708,genesis,sof_only,all
3,21,4-3-2,272,0.01500607,genesis,sof_only,all
3,22,2-4-3,262,0.01445437,genesis,sof_only,all
3,23,3-1-3,259,0.01428887,genesis,sof_only,all
3,24,3-2-4,257,0.01417853,genesis,sof_only,all
3,25,1-2-3,252,0.01390268,genesis,sof_only,all
3,26,3-3-1,247,0.01362683,genesis,sof_only,all
3,27,3-4-2,243,0.01340616,genesis,sof_only,all
3,28,2-3-4,225,0.01241311,genesis,sof_only,all
3,29,1-3-3,210,0.01158557,genesis,sof_only,all
3,30,4-3-3,179,0.00987532,genesis,sof_only,all
3,31,3-4-3,172,0.00948913,genesis,sof_only,all
3,32,3-3-4,165,0.00910295,genesis,sof_only,all
3,33,1-4-2,156,0.00860642,genesis,sof_only,all
3,34,2-4-1,145,0.00799956,genesis,sof_only,all
3,35,2-1-4,132,0.00728236,genesis,sof_only,all
3,36,3-1-4,128,0.00706168,genesis,sof_only,all
3,37,1-2-1,120,0.00662032,genesis,sof_only,all
3,38,4-1-2,119,0.00656516,genesis,sof_only,all
3,39,4-2-4,119,0.00656516,genesis,sof_only,all
3,40,2-1-1,112,0.00617897,genesis,sof_only,all
3,41,1-1-2,111,0.0061238,genesis,sof_only,all
3,42,1-3-1,109,0.00601346,genesis,sof_only,all
3,43,4-2-1,106,0.00584795,genesis,sof_only,all
3,44,1-4-3,103,0.00568245,genesis,sof_only,all
3,45,1-2-4,98,0.0054066,genesis,sof_only,all
3,46,4-1-3,97,0.00535143,genesis,sof_only,all
3,47,3-1-1,90,0.00496524,genesis,sof_only,all
3,48,5-2-2,89,0.00491007,genesis,sof_only,all
3,49,1-1-3,88,0.0048549,genesis,sof_only,all
3,50,1-3-4,87,0.00479974,genesis,sof_only,all
4,1,2-2-2-2,482,0.0265931,genesis,sof_only,all
4,2,2-2-3-2,397,0.02190345,genesis,sof_only,all
4,3,2-3-2-2,386,0.02129655,genesis,sof_only,all
4,4,2-2-2-3,346,0.01908966,genesis,sof_only,all
4,5,2-3-2-3,346,0.01908966,genesis,sof_only,all
4,6,3-2-2-2,344,0.01897931,genesis,sof_only,all
4,7,3-2-3-2,338,0.01864828,genesis,sof_only,all
4,8,3-2-2-3,320,0.01765517,genesis,sof_only,all
4,9,2-3-3-2,304,0.01677241,genesis,sof_only,all
4,10,2-2-3-3,290,0.016,genesis,sof_only,all
4,11,3-3-2-2,280,0.01544828,genesis,sof_only,all
4,12,3-2-3-3,274,0.01511724,genesis,sof_only,all
4,13,3-3-2-3,257,0.01417931,genesis,sof_only,all
4,14,3-3-3-2,244,0.01346207,genesis,sof_only,all
4,15,2-3-3-3,230,0.01268966,genesis,sof_only,all
4,16,3-3-3-3,202,0.01114483,genesis,sof_only,all
4,17,2-2-4-2,153,0.00844138,genesis,sof_only,all
4,18,2-2-2-4,148,0.00816552,genesis,sof_only,all
4,19,1-2-2-2,148,0.00816552,genesis,sof_only,all
4,20,2-2-2-1,146,0.00805517,genesis,sof_only,all
4,21,2-4-2-2,145,0.008,genesis,sof_only,all
4,22,4-2-2-2,135,0.00744828,genesis,sof_only,all
4,23,1-3-2-2,134,0.0073931,genesis,sof_only,all
4,24,2-2-3-1,130,0.00717241,genesis,sof_only,all
4,25,2-1-2-2,127,0.0070069,genesis,sof_only,all
4,26,4-2-3-2,126,0.00695172,genesis,sof_only,all
4,27,3-2-3-1,126,0.00695172,genesis,sof_only,all
4,28,2-3-1-2,125,0.00689655,genesis,sof_only,all
4,29,2-4-2-3,125,0.00689655,genesis,sof_only,all
4,30,2-1-3-2,124,0.00684138,genesis,sof_only,all
4,31,2-3-3-1,123,0.00678621,genesis,sof_only,all
4,32,2-3-2-1,123,0.00678621,genesis,sof_only,all
4,33,3-2-1-2,122,0.00673103,genesis,sof_only,all
4,34,2-2-1-3,120,0.00662069,genesis,sof_only,all
4,35,1-2-2-3,120,0.00662069,genesis,sof_only,all
4,36,3-2-2-1,117,0.00645517,genesis,sof_only,all
4,37,2-3-2-4,116,0.0064,genesis,sof_only,all
4,38,3-2-4-2,115,0.00634483,genesis,sof_only,all
4,39,3-1-3-2,114,0.00628966,genesis,sof_only,all
4,40,3-1-2-2,114,0.00628966,genesis,sof_only,all
4,41,2-2-1-2,112,0.00617931,genesis,sof_only,all
4,42,4-2-2-3,111,0.00612414,genesis,sof_only,all
4,43,2-4-3-2,111,0.00612414,genesis,sof_only,all
4,44,2-3-1-3,110,0.00606897,genesis,sof_only,all
4,45,3-2-2-4,110,0.00606897,genesis,sof_only,all
4,46,1-2-3-2,108,0.00595862,genesis,sof_only,all
4,47,4-3-2-2,106,0.00584828,genesis,sof_only,all
4,48,1-3-2-3,105,0.0057931,genesis,sof_only,all
4,49,2-2-4-3,104,0.00573793,genesis,sof_only,all
4,50,2-1-2-3,104,0.00573793,genesis,sof_only,all
5,1,2-2-2-2-2,220,0.0121386,genesis,sof_only,all
5,2,2-2-3-2-2,156,0.00860737,genesis,sof_only,all
5,3,2-2-2-3-2,154,0.00849702,genesis,sof_only,all
5,4,2-3-2-2-2,152,0.00838667,genesis,sof_only,all
5,5,2-3-2-3-2,148,0.00816597,genesis,sof_only,all
5,6,2-2-3-2-3,139,0.00766939,genesis,sof_only,all
5,7,2-2-2-2-3,134,0.00739351,genesis,sof_only,all
5,8,3-2-2-3-2,134,0.00739351,genesis,sof_only,all
5,9,3-2-3-2-2,133,0.00733834,genesis,sof_only,all
5,10,2-3-2-2-3,130,0.00717281,genesis,sof_only,all
5,11,2-3-3-2-2,124,0.00684176,genesis,sof_only,all
5,12,3-2-2-2-2,122,0.00673141,genesis,sof_only,all
5,13,2-2-3-3-2,119,0.00656588,genesis,sof_only,all
5,14,3-2-3-3-2,118,0.0065107,genesis,sof_only,all
5,15,2-3-3-2-3,111,0.00612448,genesis,sof_only,all
5,16,3-2-2-3-3,109,0.00601412,genesis,sof_only,all
5,17,3-2-2-2-3,108,0.00595895,genesis,sof_only,all
5,18,3-2-3-2-3,108,0.00595895,genesis,sof_only,all
5,19,2-3-3-3-2,104,0.00573825,genesis,sof_only,all
5,20,3-3-2-2-2,104,0.00573825,genesis,sof_only,all
5,21,2-3-2-3-3,103,0.00568307,genesis,sof_only,all
5,22,3-3-2-3-2,99,0.00546237,genesis,sof_only,all
5,23,3-3-2-2-3,90,0.00496579,genesis,sof_only,all
5,24,3-2-3-3-3,89,0.00491062,genesis,sof_only,all
5,25,3-3-2-3-3,88,0.00485544,genesis,sof_only,all
5,26,2-2-2-3-3,87,0.00480026,genesis,sof_only,all
5,27,2-2-3-3-3,86,0.00474509,genesis,sof_only,all
5,28,2-3-3-3-3,84,0.00463474,genesis,sof_only,all
5,29,3-3-3-3-2,84,0.00463474,genesis,sof_only,all
5,30,3-3-3-2-3,82,0.00452439,genesis,sof_only,all
5,31,3-3-3-2-2,82,0.00452439,genesis,sof_only,all
5,32,3-3-3-3-3,76,0.00419333,genesis,sof_only,all
5,33,2-4-2-2-2,70,0.00386228,genesis,sof_only,all
5,34,1-2-2-2-2,69,0.00380711,genesis,sof_only,all
5,35,2-2-4-2-2,64,0.00353123,genesis,sof_only,all
5,36,2-2-2-3-1,61,0.0033657,genesis,sof_only,all
5,37,2-2-2-2-1,61,0.0033657,genesis,sof_only,all
5,38,2-2-3-3-1,59,0.00325535,genesis,sof_only,all
5,39,2-3-2-3-1,58,0.00320018,genesis,sof_only,all
5,40,2-2-2-4-2,57,0.003145,genesis,sof_only,all
5,41,2-2-1-3-2,56,0.00308983,genesis,sof_only,all
5,42,2-3-1-2-2,55,0.00303465,genesis,sof_only,all
5,43,3-2-1-2-2,55,0.00303465,genesis,sof_only,all
5,44,4-2-2-2-2,54,0.00297947,genesis,sof_only,all
5,45,2-3-2-4-2,54,0.00297947,genesis,sof_only,all
5,46,2-2-2-2-4,54,0.00297947,genesis,sof_only,all
5,47,3-2-2-2-1,54,0.00297947,genesis,sof_only,all
5,48,3-2-2-2-4,53,0.0029243,genesis,sof_only,all
5,49,2-1-2-2-2,53,0.0029243,genesis,sof_only,all
5,50,2-3-2-2-1,53,0.0029243,genesis,sof_only,all
6,1,2-2-2-2-2-2,104,0.00573856,genesis,sof_only,all
6,2,2-2-2-2-3-2,70,0.0038625,genesis,sof_only,all
6,3,2-2-3-2-2-2,65,0.0035866,genesis,sof_only,all
6,4,2-2-3-2-3-2,60,0.00331071,genesis,sof_only,all
6,5,2-2-2-3-2-2,60,0.00331071,genesis,sof_only,all
6,6,2-2-2-2-2-3,60,0.00331071,genesis,sof_only,all
6,7,3-2-2-2-2-2,58,0.00320035,genesis,sof_only,all
6,8,2-2-2-3-2-3,56,0.00309,genesis,sof_only,all
6,9,2-3-2-2-2-2,56,0.00309,genesis,sof_only,all
6,10,2-3-2-2-3-2,54,0.00297964,genesis,sof_only,all
6,11,2-2-3-2-2-3,54,0.00297964,genesis,sof_only,all
6,12,2-3-2-3-2-2,52,0.00286928,genesis,sof_only,all
6,13,2-3-2-3-2-3,52,0.00286928,genesis,sof_only,all
6,14,3-2-3-2-2-2,51,0.0028141,genesis,sof_only,all
6,15,3-2-2-3-2-2,51,0.0028141,genesis,sof_only,all
6,16,3-2-3-3-2-2,49,0.00270375,genesis,sof_only,all
6,17,3-2-2-2-3-2,46,0.00253821,genesis,sof_only,all
6,18,2-2-3-3-2-2,46,0.00253821,genesis,sof_only,all
6,19,2-3-2-2-3-3,45,0.00248303,genesis,sof_only,all
6,20,3-2-2-3-2-3,45,0.00248303,genesis,sof_only,all
6,21,3-3-2-2-2-2,45,0.00248303,genesis,sof_only,all
6,22,3-2-3-2-2-3,44,0.00242785,genesis,sof_only,all
6,23,2-2-3-3-3-2,44,0.00242785,genesis,sof_only,all
6,24,3-2-3-3-2-3,44,0.00242785,genesis,sof_only,all
6,25,3-2-3-2-3-2,43,0.00237268,genesis,sof_only,all
6,26,2-2-3-3-2-3,43,0.00237268,genesis,sof_only,all
6,27,2-3-3-2-2-2,42,0.0023175,genesis,sof_only,all
6,28,3-3-2-3-3-2,41,0.00226232,genesis,sof_only,all
6,29,2-3-2-3-3-2,41,0.00226232,genesis,sof_only,all
6,30,2-3-3-2-3-2,41,0.00226232,genesis,sof_only,all
6,31,3-3-2-3-2-2,40,0.00220714,genesis,sof_only,all
6,32,2-3-3-2-2-3,40,0.00220714,genesis,sof_only,all
6,33,3-3-2-2-3-2,40,0.00220714,genesis,sof_only,all
6,34,2-3-3-2-3-3,40,0.00220714,genesis,sof_only,all
6,35,3-2-3-2-3-3,39,0.00215196,genesis,sof_only,all
6,36,3-2-2-3-3-2,39,0.00215196,genesis,sof_only,all
6,37,2-2-2-3-3-2,39,0.00215196,genesis,sof_only,all
6,38,2-2-3-2-3-3,38,0.00209678,genesis,sof_only,all
6,39,2-3-3-3-3-2,37,0.0020416,genesis,sof_only,all
6,40,3-2-2-3-3-3,37,0.0020416,genesis,sof_only,all
6,41,3-3-2-2-2-3,37,0.0020416,genesis,sof_only,all
6,42,2-3-3-3-2-3,36,0.00198643,genesis,sof_only,all
6,43,3-2-3-3-3-2,36,0.00198643,genesis,sof_only,all
6,44,2-4-2-2-2-2,35,0.00193125,genesis,sof_only,all
6,45,2-3-2-3-3-3,34,0.00187607,genesis,sof_only,all
6,46,2-3-2-2-2-3,34,0.00187607,genesis,sof_only,all
6,47,3-3-3-2-3-2,33,0.00182089,genesis,sof_only,all
6,48,3-3-3-3-2-2,33,0.00182089,genesis,sof_only,all
6,49,3-3-3-2-2-2,33,0.00182089,genesis,sof_only,all
6,50,3-3-2-3-2-3,33,0.00182089,genesis,sof_only,all
2,1,2-2,2592,0.17129262,genesis,major,within
2,2,3-2,1941,0.12827121,genesis,major,within
2,3,2-3,1923,0.12708168,genesis,major,within
2,4,3-3,1415,0.09351044,genesis,major,within
2,5,2-1,864,0.05709754,genesis,major,within
2,6,1-2,824,0.05445414,genesis,major,within
2,7,4-2,694,0.04586307,genesis,major,within
2,8,2-4,676,0.04467354,genesis,major,within
2,9,1-3,659,0.04355009,genesis,major,within
2,10,3-1,649,0.04288924,genesis,major,within
2,11,3-4,494,0.03264605,genesis,major,within
2,12,4-3,493,0.03257996,genesis,major,within
2,13,1-4,259,0.01711605,genesis,major,within
2,14,4-1,250,0.01652128,genesis,major,within
2,15,1-1,227,0.01500132,genesis,major,within
2,16,4-4,204,0.01348136,genesis,major,within
2,17,5-2,152,0.01004494,genesis,major,within
2,18,2-5,152,0.01004494,genesis,major,within
2,19,5-3,109,0.00720328,genesis,major,within
2,20,3-5,104,0.00687285,genesis,major,within
2,21,1-5,76,0.00502247,genesis,major,within
2,22,5-1,65,0.00429553,genesis,major,within
2,23,5-4,51,0.00337034,genesis,major,within
2,24,4-5,45,0.00297383,genesis,major,within
2,25,6-2,34,0.00224689,genesis,major,within
2,26,2-6,28,0.00185038,genesis,major,within
2,27,6-3,21,0.00138779,genesis,major,within
2,28,3-6,19,0.00125562,genesis,major,within
2,29,1-6,15,0.00099128,genesis,major,within
2,30,4-6,10,0.00066085,genesis,major,within
2,31,6-4,9,0.00059477,genesis,major,within
2,32,6-1,9,0.00059477,genesis,major,within
2,33,2-7,8,0.00052868,genesis,major,within
2,34,5-5,8,0.00052868,genesis,major,within
2,35,7-3,7,0.0004626,genesis,major,within
2,36,1-7,7,0.0004626,genesis,major,within
2,37,3-7,5,0.00033043,genesis,major,within
2,38,7-1,5,0.00033043,genesis,major,within
2,39,7-2,5,0.00033043,genesis,major,within
2,40,5-6,4,0.00026434,genesis,major,within
2,41,7-4,4,0.00026434,genesis,major,within
2,42,6-5,3,0.00019826,genesis,major,within
2,43,6-6,2,0.00013217,genesis,major,within
2,44,4-7,2,0.00013217,genesis,major,within
2,45,1-8,2,0.00013217,genesis,major,within
2,46,8-4,2,0.00013217,genesis,major,within
2,47,2-8,1,6.609e-05,genesis,major,within
2,48,8-2,1,6.609e-05,genesis,major,within
2,49,7-5,1,6.609e-05,genesis,major,within
2,50,4-8,1,6.609e-05,genesis,major,within
3,1,2-2-2,1092,0.07216972,genesis,major,within
3,2,3-2-2,788,0.05207851,genesis,major,within
3,3,2-3-2,782,0.05168198,genesis,major,within
3,4,2-2-3,753,0.04976538,genesis,major,within
3,5,3-2-3,645,0.04262772,genesis,major,within
3,6,3-3-2,589,0.03892671,genesis,major,within
3,7,2-3-3,588,0.03886062,genesis,major,within
3,8,3-3-3,453,0.02993854,genesis,major,within
3,9,2-2-1,367,0.02425484,genesis,major,within
3,10,1-2-2,347,0.02293305,genesis,major,within
3,11,2-1-2,344,0.02273478,genesis,major,within
3,12,2-2-4,309,0.02042165,genesis,major,within
3,13,2-3-1,300,0.01982685,genesis,major,within
3,14,1-3-2,291,0.01923204,genesis,major,within
3,15,2-1-3,283,0.01870332,genesis,major,within
3,16,2-4-2,282,0.01863723,genesis,major,within
3,17,4-2-2,278,0.01837288,genesis,major,within
3,18,3-2-1,265,0.01751371,genesis,major,within
3,19,3-1-2,258,0.01705109,genesis,major,within
3,20,1-2-3,243,0.01605974,genesis,major,within
3,21,4-2-3,220,0.01453969,genesis,major,within
3,22,4-3-2,219,0.0144736,genesis,major,within
3,23,3-1-3,208,0.01374661,genesis,major,within
3,24,2-4-3,200,0.0132179,genesis,major,within
3,25,2-3-4,197,0.01301963,genesis,major,within
3,26,3-4-2,196,0.01295354,genesis,major,within
3,27,1-3-3,192,0.01268918,genesis,major,within
3,28,3-3-1,185,0.01222655,genesis,major,within
3,29,3-2-4,180,0.01189611,genesis,major,within
3,30,3-3-4,156,0.01030996,genesis,major,within
3,31,4-3-3,143,0.0094508,genesis,major,within
3,32,3-4-3,140,0.00925253,genesis,major,within
3,33,1-2-1,125,0.00826119,genesis,major,within
3,34,2-1-4,110,0.00726984,genesis,major,within
3,35,1-4-2,107,0.00707157,genesis,major,within
3,36,2-4-1,100,0.00660895,genesis,major,within
3,37,4-1-2,100,0.00660895,genesis,major,within
3,38,2-1-1,93,0.00614632,genesis,major,within
3,39,1-3-1,91,0.00601414,genesis,major,within
3,40,4-2-1,91,0.00601414,genesis,major,within
3,41,1-1-2,89,0.00588196,genesis,major,within
3,42,4-2-4,84,0.00555152,genesis,major,within
3,43,1-2-4,84,0.00555152,genesis,major,within
3,44,4-4-2,82,0.00541934,genesis,major,within
3,45,3-1-4,80,0.00528716,genesis,major,within
3,46,3-4-1,73,0.00482453,genesis,major,within
3,47,4-1-3,73,0.00482453,genesis,major,within
3,48,1-4-3,72,0.00475844,genesis,major,within
3,49,1-1-3,71,0.00469235,genesis,major,within
3,50,2-4-4,70,0.00462626,genesis,major,within
4,1,2-2-2-2,486,0.03212161,genesis,major,within
4,2,2-3-2-2,322,0.02128222,genesis,major,within
4,3,3-2-2-2,314,0.02075347,genesis,major,within
4,4,2-2-3-2,311,0.02055519,genesis,major,within
4,5,2-2-2-3,304,0.02009253,genesis,major,within
4,6,2-3-2-3,272,0.01797753,genesis,major,within
4,7,3-2-3-2,261,0.0172505,genesis,major,within
4,8,3-3-2-2,254,0.01678784,genesis,major,within
4,9,2-3-3-2,245,0.01619299,genesis,major,within
4,10,3-2-2-3,242,0.01599471,genesis,major,within
4,11,2-2-3-3,211,0.0139458,genesis,major,within
4,12,3-2-3-3,206,0.01361533,genesis,major,within
4,13,3-3-3-2,200,0.01321877,genesis,major,within
4,14,3-3-2-3,180,0.01189689,genesis,major,within
4,15,2-3-3-3,176,0.01163252,genesis,major,within
4,16,2-2-2-1,152,0.01004627,genesis,major,within
4,17,3-3-3-3,148,0.00978189,genesis,major,within
4,18,2-2-1-2,141,0.00931923,genesis,major,within
4,19,2-1-2-2,140,0.00925314,genesis,major,within
4,20,2-2-4-2,134,0.00885658,genesis,major,within
4,21,1-2-2-2,133,0.00879048,genesis,major,within
4,22,2-3-1-2,131,0.00865829,genesis,major,within
4,23,2-2-1-3,129,0.00852611,genesis,major,within
4,24,2-1-3-2,128,0.00846001,genesis,major,within
4,25,4-2-2-2,125,0.00826173,genesis,major,within
4,26,2-2-2-4,124,0.00819564,genesis,major,within
4,27,2-2-3-1,122,0.00806345,genesis,major,within
4,28,3-2-1-2,116,0.00766689,genesis,major,within
4,29,2-4-2-2,115,0.00760079,genesis,major,within
4,30,3-2-2-1,112,0.00740251,genesis,major,within
4,31,1-3-2-2,109,0.00720423,genesis,major,within
4,32,3-1-2-2,106,0.00700595,genesis,major,within
4,33,3-2-3-1,102,0.00674157,genesis,major,within
4,34,2-1-2-3,102,0.00674157,genesis,major,within
4,35,3-2-2-4,98,0.0064772,genesis,major,within
4,36,1-2-2-3,96,0.00634501,genesis,major,within
4,37,2-3-1-3,96,0.00634501,genesis,major,within
4,38,1-3-2-3,94,0.00621282,genesis,major,within
4,39,1-2-3-2,92,0.00608063,genesis,major,within
4,40,2-4-2-3,92,0.00608063,genesis,major,within
4,41,4-2-3-2,92,0.00608063,genesis,major,within
4,42,2-4-3-2,91,0.00601454,genesis,major,within
4,43,2-3-2-1,91,0.00601454,genesis,major,within
4,44,3-1-3-2,91,0.00601454,genesis,major,within
4,45,2-3-3-1,86,0.00568407,genesis,major,within
4,46,2-2-4-3,85,0.00561798,genesis,major,within
4,47,2-2-3-4,85,0.00561798,genesis,major,within
4,48,4-2-2-3,83,0.00548579,genesis,major,within
4,49,4-3-2-2,82,0.0054197,genesis,major,within
4,50,2-1-3-3,81,0.0053536,genesis,major,within
5,1,2-2-2-2-2,228,0.01507039,genesis,major,within
5,2,2-2-2-3-2,139,0.00918765,genesis,major,within
5,3,3-2-2-2-2,135,0.00892326,genesis,major,within
5,4,2-2-3-2-2,132,0.00872497,genesis,major,within
5,5,2-3-2-2-2,124,0.00819618,genesis,major,within
5,6,2-2-2-2-3,119,0.00786569,genesis,major,within
5,7,3-3-2-2-2,112,0.007403,genesis,major,within
5,8,2-2-3-2-3,107,0.00707251,genesis,major,within
5,9,2-3-3-2-2,107,0.00707251,genesis,major,within
5,10,2-3-2-3-2,105,0.00694031,genesis,major,within
5,11,3-2-3-2-2,105,0.00694031,genesis,major,within
5,12,2-2-3-3-2,100,0.00660982,genesis,major,within
5,13,2-3-2-2-3,95,0.00627933,genesis,major,within
5,14,3-2-2-2-3,93,0.00614713,genesis,major,within
5,15,3-2-3-2-3,89,0.00588274,genesis,major,within
5,16,3-2-2-3-2,87,0.00575055,genesis,major,within
5,17,3-3-3-2-2,86,0.00568445,genesis,major,within
5,18,2-3-2-3-3,85,0.00561835,genesis,major,within
5,19,2-3-3-2-3,80,0.00528786,genesis,major,within
5,20,2-3-3-3-2,79,0.00522176,genesis,major,within
5,21,3-2-3-3-2,79,0.00522176,genesis,major,within
5,22,2-2-2-2-1,78,0.00515566,genesis,major,within
5,23,3-2-2-3-3,77,0.00508956,genesis,major,within
5,24,3-2-3-3-3,75,0.00495737,genesis,major,within
5,25,3-3-2-3-2,73,0.00482517,genesis,major,within
5,26,3-3-2-2-3,72,0.00475907,genesis,major,within
5,27,3-3-3-3-2,70,0.00462688,genesis,major,within
5,28,2-2-2-3-3,69,0.00456078,genesis,major,within
5,29,1-2-2-2-2,63,0.00416419,genesis,major,within
5,30,2-3-3-3-3,61,0.00403199,genesis,major,within
5,31,3-3-2-3-3,60,0.00396589,genesis,major,within
5,32,2-2-1-2-2,60,0.00396589,genesis,major,within
5,33,2-1-2-2-2,59,0.0038998,genesis,major,within
5,34,2-2-3-3-3,58,0.0038337,genesis,major,within
5,35,2-2-2-1-3,58,0.0038337,genesis,major,within
5,36,2-3-1-2-2,56,0.0037015,genesis,major,within
5,37,2-2-2-1-2,56,0.0037015,genesis,major,within
5,38,2-4-2-2-2,55,0.0036354,genesis,major,within
5,39,2-2-2-3-1,54,0.0035693,genesis,major,within
5,40,2-2-3-1-2,54,0.0035693,genesis,major,within
5,41,2-2-4-2-2,53,0.00350321,genesis,major,within
5,42,3-3-3-2-3,53,0.00350321,genesis,major,within
5,43,2-2-2-2-4,53,0.00350321,genesis,major,within
5,44,2-2-1-3-2,52,0.00343711,genesis,major,within
5,45,2-2-2-4-2,51,0.00337101,genesis,major,within
5,46,2-3-2-2-1,51,0.00337101,genesis,major,within
5,47,4-2-2-2-2,50,0.00330491,genesis,major,within
5,48,3-3-3-3-3,49,0.00323881,genesis,major,within
5,49,3-2-1-2-2,49,0.00323881,genesis,major,within
5,50,2-2-4-2-3,47,0.00310662,genesis,major,within
6,1,2-2-2-2-2-2,111,0.00733739,genesis,major,within
6,2,3-2-2-2-2-2,69,0.00456108,genesis,major,within
6,3,2-2-2-3-2-2,63,0.00416446,genesis,major,within
6,4,2-2-2-2-3-2,61,0.00403226,genesis,major,within
6,5,2-2-2-2-2-3,56,0.00370175,genesis,major,within
6,6,2-2-3-2-2-2,53,0.00350344,genesis,major,within
6,7,2-3-2-2-2-2,53,0.00350344,genesis,major,within
6,8,3-3-2-2-2-2,51,0.00337123,genesis,major,within
6,9,2-2-3-3-2-2,50,0.00330513,genesis,major,within
6,10,2-3-3-2-2-2,50,0.00330513,genesis,major,within
6,11,3-2-2-2-3-2,49,0.00323903,genesis,major,within
6,12,2-2-2-3-2-3,48,0.00317292,genesis,major,within
6,13,2-3-2-2-3-2,42,0.00277631,genesis,major,within
6,14,3-2-2-3-3-2,41,0.00271021,genesis,major,within
6,15,3-2-3-2-2-2,40,0.0026441,genesis,major,within
6,16,2-3-2-3-2-3,39,0.002578,genesis,major,within
6,17,2-2-3-2-3-2,38,0.0025119,genesis,major,within
6,18,2-3-2-3-2-2,38,0.0025119,genesis,major,within
6,19,2-3-2-2-2-3,38,0.0025119,genesis,major,within
6,20,2-2-3-2-3-3,37,0.0024458,genesis,major,within
6,21,3-2-3-2-3-2,35,0.00231359,genesis,major,within
6,22,2-2-2-2-2-1,34,0.00224749,genesis,major,within
6,23,3-2-2-3-2-2,34,0.00224749,genesis,major,within
6,24,2-3-3-2-3-2,34,0.00224749,genesis,major,within
6,25,3-2-2-3-2-3,33,0.00218139,genesis,major,within
6,26,2-2-4-2-2-2,33,0.00218139,genesis,major,within
6,27,2-3-2-3-3-2,33,0.00218139,genesis,major,within
6,28,2-3-3-3-3-2,33,0.00218139,genesis,major,within
6,29,2-2-2-2-1-3,33,0.00218139,genesis,major,within
6,30,2-2-3-2-2-3,32,0.00211528,genesis,major,within
6,31,3-2-3-2-2-3,31,0.00204918,genesis,major,within
6,32,3-3-2-3-2-2,31,0.00204918,genesis,major,within
6,33,3-3-3-2-2-2,31,0.00204918,genesis,major,within
6,34,3-2-3-3-3-2,30,0.00198308,genesis,major,within
6,35,2-3-3-2-2-3,30,0.00198308,genesis,major,within
6,36,3-2-3-2-3-3,30,0.00198308,genesis,major,within
6,37,2-3-2-3-3-3,30,0.00198308,genesis,major,within
6,38,2-3-3-3-2-2,30,0.00198308,genesis,major,within
6,39,3-2-3-3-2-2,30,0.00198308,genesis,major,within
6,40,3-3-2-2-2-3,30,0.00198308,genesis,major,within
6,41,2-2-3-3-2-3,29,0.00191698,genesis,major,within
6,42,2-2-2-3-1-2,28,0.00185087,genesis,major,within
6,43,2-2-2-2-1-2,28,0.00185087,genesis,major,within
6,44,2-2-2-3-3-2,28,0.00185087,genesis,major,within
6,45,3-3-3-3-2-2,28,0.00185087,genesis,major,within
6,46,3-3-3-2-2-3,28,0.00185087,genesis,major,within
6,47,3-2-3-3-3-3,27,0.00178477,genesis,major,within
6,48,3-3-2-2-3-3,27,0.00178477,genesis,major,within
6,49,3-2-2-2-2-3,27,0.00178477,genesis,major,within
6,50,2-2-1-2-2-2,27,0.00178477,genesis,major,within
2,1,3-3,384,0.12825651,genesis,major,cross_reset
2,2,2-2,370,0.12358049,genesis,major,cross_reset
2,3,3-2,366,0.12224449,genesis,major,cross_reset
2,4,2-3,355,0.11857047,genesis,major,cross_reset
2,5,4-3,148,0.0494322,genesis,major,cross_reset
2,6,3-4,145,0.04843019,genesis,major,cross_reset
2,7,2-1,143,0.04776219,genesis,major,cross_reset
2,8,1-2,139,0.04642619,genesis,major,cross_reset
2,9,1-3,133,0.04442218,genesis,major,cross_reset
2,10,3-1,128,0.04275217,genesis,major,cross_reset
2,11,2-4,128,0.04275217,genesis,major,cross_reset
2,12,4-2,108,0.03607214,genesis,major,cross_reset
2,13,4-4,65,0.02171009,genesis,major,cross_reset
2,14,1-1,46,0.01536406,genesis,major,cross_reset
2,15,5-2,44,0.01469606,genesis,major,cross_reset
2,16,4-1,40,0.01336005,genesis,major,cross_reset
2,17,1-4,36,0.01202405,genesis,major,cross_reset
2,18,2-5,35,0.01169005,genesis,major,cross_reset
2,19,5-3,34,0.01135605,genesis,major,cross_reset
2,20,3-5,30,0.01002004,genesis,major,cross_reset
2,21,4-5,23,0.00768203,genesis,major,cross_reset
2,22,1-5,14,0.00467602,genesis,major,cross_reset
2,23,5-4,14,0.00467602,genesis,major,cross_reset
2,24,6-2,12,0.00400802,genesis,major,cross_reset
2,25,5-1,11,0.00367401,genesis,major,cross_reset
2,26,2-6,8,0.00267201,genesis,major,cross_reset
2,27,3-6,6,0.00200401,genesis,major,cross_reset
2,28,6-3,5,0.00167001,genesis,major,cross_reset
2,29,5-5,4,0.00133601,genesis,major,cross_reset
2,30,1-6,4,0.00133601,genesis,major,cross_reset
2,31,4-6,4,0.00133601,genesis,major,cross_reset
2,32,6-1,3,0.001002,genesis,major,cross_reset
2,33,6-4,2,0.000668,genesis,major,cross_reset
2,34,4-7,2,0.000668,genesis,major,cross_reset
2,35,5-6,1,0.000334,genesis,major,cross_reset
2,36,6-6,1,0.000334,genesis,major,cross_reset
2,37,7-5,1,0.000334,genesis,major,cross_reset
2,38,7-4,1,0.000334,genesis,major,cross_reset
2,39,6-5,1,0.000334,genesis,major,cross_reset
3,1,2-2-2,148,0.04944871,genesis,major,cross_reset
3,2,3-3-3,141,0.04710992,genesis,major,cross_reset
3,3,3-2-3,139,0.0464417,genesis,major,cross_reset
3,4,2-3-2,129,0.04310057,genesis,major,cross_reset
3,5,3-3-2,127,0.04243234,genesis,major,cross_reset
3,6,2-2-3,124,0.04143,genesis,major,cross_reset
3,7,2-3-3,120,0.04009355,genesis,major,cross_reset
3,8,3-2-2,119,0.03975944,genesis,major,cross_reset
3,9,4-3-3,68,0.02271968,genesis,major,cross_reset
3,10,3-3-4,61,0.02038089,genesis,major,cross_reset
3,11,2-4-3,59,0.01971266,genesis,major,cross_reset
3,12,2-1-2,57,0.01904444,genesis,major,cross_reset
3,13,2-2-1,53,0.01770799,genesis,major,cross_reset
3,14,3-1-2,51,0.01703976,genesis,major,cross_reset
3,15,3-4-3,51,0.01703976,genesis,major,cross_reset
3,16,2-3-1,50,0.01670565,genesis,major,cross_reset
3,17,2-1-3,50,0.01670565,genesis,major,cross_reset
3,18,1-3-2,48,0.01603742,genesis,major,cross_reset
3,19,3-1-3,47,0.01570331,genesis,major,cross_reset
3,20,1-3-3,47,0.01570331,genesis,major,cross_reset
3,21,1-2-2,46,0.01536919,genesis,major,cross_reset
3,22,3-2-4,46,0.01536919,genesis,major,cross_reset
3,23,3-3-1,45,0.01503508,genesis,major,cross_reset
3,24,3-2-1,45,0.01503508,genesis,major,cross_reset
3,25,2-3-4,44,0.01470097,genesis,major,cross_reset
3,26,4-3-2,44,0.01470097,genesis,major,cross_reset
3,27,4-2-3,41,0.01369863,genesis,major,cross_reset
3,28,3-4-2,40,0.01336452,genesis,major,cross_reset
3,29,4-2-2,35,0.01169395,genesis,major,cross_reset
3,30,1-2-3,33,0.01102573,genesis,major,cross_reset
3,31,1-2-1,33,0.01102573,genesis,major,cross_reset
3,32,2-4-2,32,0.01069161,genesis,major,cross_reset
3,33,2-2-4,29,0.00968927,genesis,major,cross_reset
3,34,3-4-4,27,0.00902105,genesis,major,cross_reset
3,35,1-2-4,23,0.0076846,genesis,major,cross_reset
3,36,4-4-2,23,0.0076846,genesis,major,cross_reset
3,37,4-4-3,21,0.00701637,genesis,major,cross_reset
3,38,4-2-4,20,0.00668226,genesis,major,cross_reset
3,39,1-3-4,19,0.00634815,genesis,major,cross_reset
3,40,3-5-2,19,0.00634815,genesis,major,cross_reset
3,41,2-4-4,18,0.00601403,genesis,major,cross_reset
3,42,1-1-2,17,0.00567992,genesis,major,cross_reset
3,43,5-2-2,17,0.00567992,genesis,major,cross_reset
3,44,4-1-3,16,0.00534581,genesis,major,cross_reset
3,45,4-3-1,15,0.00501169,genesis,major,cross_reset
3,46,3-4-1,15,0.00501169,genesis,major,cross_reset
3,47,3-2-5,15,0.00501169,genesis,major,cross_reset
3,48,4-3-4,15,0.00501169,genesis,major,cross_reset
3,49,2-1-4,14,0.00467758,genesis,major,cross_reset
3,50,3-1-1,14,0.00467758,genesis,major,cross_reset
4,1,3-2-3-2,58,0.01938503,genesis,major,cross_reset
4,2,3-3-2-3,55,0.01838235,genesis,major,cross_reset
4,3,2-3-2-3,55,0.01838235,genesis,major,cross_reset
4,4,2-2-2-2,53,0.0177139,genesis,major,cross_reset
4,5,3-3-3-2,53,0.0177139,genesis,major,cross_reset
4,6,2-2-2-3,52,0.01737968,genesis,major,cross_reset
4,7,2-2-3-3,51,0.01704545,genesis,major,cross_reset
4,8,3-3-3-3,51,0.01704545,genesis,major,cross_reset
4,9,3-2-2-2,46,0.01537433,genesis,major,cross_reset
4,10,2-3-3-3,46,0.01537433,genesis,major,cross_reset
4,11,3-2-3-3,46,0.01537433,genesis,major,cross_reset
4,12,3-2-2-3,41,0.01370321,genesis,major,cross_reset
4,13,3-3-2-2,40,0.01336898,genesis,major,cross_reset
4,14,2-3-2-2,33,0.01102941,genesis,major,cross_reset
4,15,2-3-3-2,32,0.01069519,genesis,major,cross_reset
4,16,2-2-2-1,30,0.01002674,genesis,major,cross_reset
4,17,2-2-3-2,29,0.00969251,genesis,major,cross_reset
4,18,3-4-3-3,26,0.00868984,genesis,major,cross_reset
4,19,2-3-1-2,25,0.00835561,genesis,major,cross_reset
4,20,2-4-3-3,25,0.00835561,genesis,major,cross_reset
4,21,2-4-3-2,24,0.00802139,genesis,major,cross_reset
4,22,4-3-3-3,24,0.00802139,genesis,major,cross_reset
4,23,3-3-1-3,23,0.00768717,genesis,major,cross_reset
4,24,2-1-3-2,23,0.00768717,genesis,major,cross_reset
4,25,1-2-2-2,23,0.00768717,genesis,major,cross_reset
4,26,2-2-1-2,23,0.00768717,genesis,major,cross_reset
4,27,1-3-2-2,22,0.00735294,genesis,major,cross_reset
4,28,4-3-3-2,22,0.00735294,genesis,major,cross_reset
4,29,2-2-3-1,22,0.00735294,genesis,major,cross_reset
4,30,2-2-1-3,21,0.00701872,genesis,major,cross_reset
4,31,2-1-2-2,21,0.00701872,genesis,major,cross_reset
4,32,3-3-3-4,20,0.00668449,genesis,major,cross_reset
4,33,3-2-4-3,20,0.00668449,genesis,major,cross_reset
4,34,3-4-2-3,20,0.00668449,genesis,major,cross_reset
4,35,3-2-3-1,19,0.00635027,genesis,major,cross_reset
4,36,1-3-3-3,19,0.00635027,genesis,major,cross_reset
4,37,2-2-3-4,19,0.00635027,genesis,major,cross_reset
4,38,2-3-3-4,19,0.00635027,genesis,major,cross_reset
4,39,2-3-4-3,19,0.00635027,genesis,major,cross_reset
4,40,4-2-3-2,19,0.00635027,genesis,major,cross_reset
4,41,3-3-4-3,18,0.00601604,genesis,major,cross_reset
4,42,2-3-2-4,17,0.00568182,genesis,major,cross_reset
4,43,2-3-2-1,17,0.00568182,genesis,major,cross_reset
4,44,3-1-3-3,17,0.00568182,genesis,major,cross_reset
4,45,3-3-4-2,17,0.00568182,genesis,major,cross_reset
4,46,3-2-1-2,17,0.00568182,genesis,major,cross_reset
4,47,2-3-3-1,16,0.00534759,genesis,major,cross_reset
4,48,4-3-2-2,16,0.00534759,genesis,major,cross_reset
4,49,1-2-3-2,15,0.00501337,genesis,major,cross_reset
4,50,3-3-3-1,15,0.00501337,genesis,major,cross_reset
5,1,3-3-2-3-2,27,0.00902708,genesis,major,cross_reset
5,2,3-3-3-2-3,26,0.00869274,genesis,major,cross_reset
5,3,2-3-2-3-2,23,0.00768974,genesis,major,cross_reset
5,4,2-2-3-3-3,22,0.0073554,genesis,major,cross_reset
5,5,2-2-2-2-2,22,0.0073554,genesis,major,cross_reset
5,6,3-3-3-3-3,22,0.0073554,genesis,major,cross_reset
5,7,3-2-3-2-3,22,0.0073554,genesis,major,cross_reset
5,8,2-2-2-3-3,21,0.00702106,genesis,major,cross_reset
5,9,3-2-2-2-3,19,0.00635239,genesis,major,cross_reset
5,10,2-3-3-3-2,19,0.00635239,genesis,major,cross_reset
5,11,2-3-2-3-3,19,0.00635239,genesis,major,cross_reset
5,12,3-3-3-2-2,18,0.00601805,genesis,major,cross_reset
5,13,2-2-2-2-3,18,0.00601805,genesis,major,cross_reset
5,14,3-2-2-3-3,17,0.00568372,genesis,major,cross_reset
5,15,2-3-3-3-3,16,0.00534938,genesis,major,cross_reset
5,16,3-3-2-2-3,16,0.00534938,genesis,major,cross_reset
5,17,3-3-2-3-3,16,0.00534938,genesis,major,cross_reset
5,18,3-3-3-3-2,16,0.00534938,genesis,major,cross_reset
5,19,3-3-2-2-2,15,0.00501505,genesis,major,cross_reset
5,20,2-2-2-1-2,14,0.00468071,genesis,major,cross_reset
5,21,2-2-3-1-2,14,0.00468071,genesis,major,cross_reset
5,22,3-2-3-3-2,14,0.00468071,genesis,major,cross_reset
5,23,3-2-2-3-2,14,0.00468071,genesis,major,cross_reset
5,24,2-2-3-2-3,14,0.00468071,genesis,major,cross_reset
5,25,3-2-3-3-3,13,0.00434637,genesis,major,cross_reset
5,26,2-3-2-2-2,13,0.00434637,genesis,major,cross_reset
5,27,3-2-2-2-2,13,0.00434637,genesis,major,cross_reset
5,28,2-3-3-2-3,12,0.00401204,genesis,major,cross_reset
5,29,3-2-3-2-4,12,0.00401204,genesis,major,cross_reset
5,30,2-2-3-3-2,12,0.00401204,genesis,major,cross_reset
5,31,2-2-2-2-1,11,0.0036777,genesis,major,cross_reset
5,32,3-3-3-3-4,11,0.0036777,genesis,major,cross_reset
5,33,2-2-2-3-2,11,0.0036777,genesis,major,cross_reset
5,34,2-1-2-2-2,11,0.0036777,genesis,major,cross_reset
5,35,3-2-3-2-2,11,0.0036777,genesis,major,cross_reset
5,36,3-3-1-3-2,10,0.00334336,genesis,major,cross_reset
5,37,3-2-2-1-3,10,0.00334336,genesis,major,cross_reset
5,38,3-2-3-2-1,10,0.00334336,genesis,major,cross_reset
5,39,2-2-2-1-3,10,0.00334336,genesis,major,cross_reset
5,40,2-2-3-2-2,10,0.00334336,genesis,major,cross_reset
5,41,3-2-4-3-2,10,0.00334336,genesis,major,cross_reset
5,42,2-2-3-4-3,10,0.00334336,genesis,major,cross_reset
5,43,2-3-4-3-3,10,0.00334336,genesis,major,cross_reset
5,44,4-2-3-2-3,10,0.00334336,genesis,major,cross_reset
5,45,3-2-3-1-2,9,0.00300903,genesis,major,cross_reset
5,46,2-3-1-2-3,9,0.00300903,genesis,major,cross_reset
5,47,2-1-3-2-2,9,0.00300903,genesis,major,cross_reset
5,48,1-2-2-2-2,9,0.00300903,genesis,major,cross_reset
5,49,3-3-4-3-3,9,0.00300903,genesis,major,cross_reset
5,50,4-3-3-2-2,9,0.00300903,genesis,major,cross_reset
6,1,3-3-3-2-3-2,12,0.00401338,genesis,major,cross_reset
6,2,3-2-2-2-3-3,11,0.00367893,genesis,major,cross_reset
6,3,3-3-2-3-2-3,11,0.00367893,genesis,major,cross_reset
6,4,2-2-2-2-2-2,10,0.00334448,genesis,major,cross_reset
6,5,3-3-3-2-2-3,10,0.00334448,genesis,major,cross_reset
6,6,2-2-2-2-3-2,9,0.00301003,genesis,major,cross_reset
6,7,2-2-3-3-3-2,9,0.00301003,genesis,major,cross_reset
6,8,2-3-3-3-2-3,9,0.00301003,genesis,major,cross_reset
6,9,3-2-2-3-2-3,9,0.00301003,genesis,major,cross_reset
6,10,3-3-3-3-3-3,9,0.00301003,genesis,major,cross_reset
6,11,3-2-3-2-3-3,9,0.00301003,genesis,major,cross_reset
6,12,3-2-2-3-3-3,8,0.00267559,genesis,major,cross_reset
6,13,2-3-2-3-2-3,8,0.00267559,genesis,major,cross_reset
6,14,3-2-3-2-3-2,8,0.00267559,genesis,major,cross_reset
6,15,3-3-3-3-2-3,8,0.00267559,genesis,major,cross_reset
6,16,2-3-3-3-3-3,7,0.00234114,genesis,major,cross_reset
6,17,3-3-2-3-2-4,7,0.00234114,genesis,major,cross_reset
6,18,2-2-1-2-2-2,7,0.00234114,genesis,major,cross_reset
6,19,2-2-3-2-3-2,7,0.00234114,genesis,major,cross_reset
6,20,2-3-3-3-2-2,7,0.00234114,genesis,major,cross_reset
6,21,2-3-2-3-2-2,7,0.00234114,genesis,major,cross_reset
6,22,3-3-3-3-3-2,7,0.00234114,genesis,major,cross_reset
6,23,2-3-2-3-3-2,7,0.00234114,genesis,major,cross_reset
6,24,2-1-3-2-2-2,6,0.00200669,genesis,major,cross_reset
6,25,2-2-2-2-1-2,6,0.00200669,genesis,major,cross_reset
6,26,3-2-3-3-3-3,6,0.00200669,genesis,major,cross_reset
6,27,2-2-2-1-2-2,6,0.00200669,genesis,major,cross_reset
6,28,2-1-2-2-3-1,6,0.00200669,genesis,major,cross_reset
6,29,1-2-2-3-1-2,6,0.00200669,genesis,major,cross_reset
6,30,3-3-3-3-3-4,6,0.00200669,genesis,major,cross_reset
6,31,2-2-2-2-2-3,6,0.00200669,genesis,major,cross_reset
6,32,3-2-2-2-2-2,6,0.00200669,genesis,major,cross_reset
6,33,3-3-2-2-3-2,6,0.00200669,genesis,major,cross_reset
6,34,2-2-3-2-3-3,6,0.00200669,genesis,major,cross_reset
6,35,3-2-2-3-3-2,6,0.00200669,genesis,major,cross_reset
6,36,2-3-2-2-3-3,6,0.00200669,genesis,major,cross_reset
6,37,2-3-3-2-2-2,6,0.00200669,genesis,major,cross_reset
6,38,3-3-3-3-2-2,6,0.00200669,genesis,major,cross_reset
6,39,3-2-3-3-2-3,6,0.00200669,genesis,major,cross_reset
6,40,2-2-2-3-3-3,6,0.00200669,genesis,major,cross_reset
6,41,3-3-1-3-2-2,5,0.00167224,genesis,major,cross_reset
6,42,2-2-2-3-3-1,5,0.00167224,genesis,major,cross_reset
6,43,2-2-3-3-3-4,5,0.00167224,genesis,major,cross_reset
6,44,4-2-2-3-3-3,5,0.00167224,genesis,major,cross_reset
6,45,4-3-2-2-2-3,5,0.00167224,genesis,major,cross_reset
6,46,2-3-1-2-2-2,5,0.00167224,genesis,major,cross_reset
6,47,2-2-2-3-2-2,5,0.00167224,genesis,major,cross_reset
6,48,3-2-2-1-3-3,5,0.00167224,genesis,major,cross_reset
6,49,2-3-2-2-2-3,5,0.00167224,genesis,major,cross_reset
6,50,2-2-2-3-1-2,5,0.00167224,genesis,major,cross_reset
2,1,2-2,2890,0.15943068,genesis,major,all
2,2,3-2,2404,0.13261985,genesis,major,all
2,3,2-3,2369,0.13068903,genesis,major,all
2,4,3-3,1746,0.09632041,genesis,major,all
2,5,2-1,910,0.05020136,genesis,major,all
2,6,4-2,876,0.0483257,genesis,major,all
2,7,2-4,872,0.04810504,genesis,major,all
2,8,1-2,860,0.04744304,genesis,major,all
2,9,3-1,818,0.04512606,genesis,major,all
2,10,1-3,770,0.04247807,genesis,major,all
2,11,4-3,627,0.03458929,genesis,major,all
2,12,3-4,574,0.03166547,genesis,major,all
2,13,1-4,359,0.01980471,genesis,major,all
2,14,4-1,325,0.01792906,genesis,major,all
2,15,1-1,286,0.01577757,genesis,major,all
2,16,4-4,204,0.01125393,genesis,major,all
2,17,5-2,198,0.01092293,genesis,major,all
2,18,2-5,197,0.01086777,genesis,major,all
2,19,5-3,142,0.00783362,genesis,major,all
2,20,3-5,124,0.00684062,genesis,major,all
2,21,1-5,115,0.00634413,genesis,major,all
2,22,5-1,81,0.00446847,genesis,major,all
2,23,5-4,64,0.00353064,genesis,major,all
2,24,6-2,48,0.00264798,genesis,major,all
2,25,4-5,47,0.00259282,genesis,major,all
2,26,1-6,39,0.00215149,genesis,major,all
2,27,2-6,36,0.00198599,genesis,major,all
2,28,6-3,24,0.00132399,genesis,major,all
2,29,3-6,16,0.00088266,genesis,major,all
2,30,6-1,16,0.00088266,genesis,major,all
2,31,6-4,11,0.00060683,genesis,major,all
2,32,1-7,10,0.00055166,genesis,major,all
2,33,7-3,9,0.0004965,genesis,major,all
2,34,5-5,9,0.0004965,genesis,major,all
2,35,4-6,8,0.00044133,genesis,major,all
2,36,2-7,8,0.00044133,genesis,major,all
2,37,7-1,5,0.00027583,genesis,major,all
2,38,3-7,4,0.00022067,genesis,major,all
2,39,7-4,4,0.00022067,genesis,major,all
2,40,7-2,4,0.00022067,genesis,major,all
2,41,5-6,3,0.0001655,genesis,major,all
2,42,6-5,3,0.0001655,genesis,major,all
2,43,8-2,2,0.00011033,genesis,major,all
2,44,4-7,2,0.00011033,genesis,major,all
2,45,7-5,2,0.00011033,genesis,major,all
2,46,1-8,2,0.00011033,genesis,major,all
2,47,8-4,2,0.00011033,genesis,major,all
2,48,2-8,1,5.517e-05,genesis,major,all
2,49,4-8,1,5.517e-05,genesis,major,all
3,1,2-2-2,1155,0.06372062,genesis,major,all
3,2,2-3-2,1003,0.05533488,genesis,major,all
3,3,2-2-3,930,0.05130751,genesis,major,all
3,4,3-2-2,925,0.05103167,genesis,major,all
3,5,3-2-3,833,0.04595609,genesis,major,all
3,6,2-3-3,735,0.04054949,genesis,major,all
3,7,3-3-2,727,0.04010813,genesis,major,all
3,8,3-3-3,577,0.03183273,genesis,major,all
3,9,2-2-4,365,0.02013682,genesis,major,all
3,10,2-4-2,365,0.02013682,genesis,major,all
3,11,1-2-2,356,0.0196403,genesis,major,all
3,12,2-2-1,350,0.01930928,genesis,major,all
3,13,2-3-1,347,0.01914377,genesis,major,all
3,14,4-2-2,345,0.01903343,genesis,major,all
3,15,1-3-2,333,0.0183714,genesis,major,all
3,16,2-1-2,320,0.0176542,genesis,major,all
3,17,3-2-1,316,0.01743352,genesis,major,all
3,18,2-1-3,290,0.01599912,genesis,major,all
3,19,3-1-2,279,0.01539225,genesis,major,all
3,20,4-2-3,278,0.01533708,genesis,major,all
3,21,4-3-2,272,0.01500607,genesis,major,all
3,22,2-4-3,262,0.01445437,genesis,major,all
3,23,3-1-3,259,0.01428887,genesis,major,all
3,24,3-2-4,257,0.01417853,genesis,major,all
3,25,1-2-3,252,0.01390268,genesis,major,all
3,26,3-3-1,247,0.01362683,genesis,major,all
3,27,3-4-2,243,0.01340616,genesis,major,all
3,28,2-3-4,225,0.01241311,genesis,major,all
3,29,1-3-3,210,0.01158557,genesis,major,all
3,30,4-3-3,179,0.00987532,genesis,major,all
3,31,3-4-3,172,0.00948913,genesis,major,all
3,32,3-3-4,165,0.00910295,genesis,major,all
3,33,1-4-2,156,0.00860642,genesis,major,all
3,34,2-4-1,145,0.00799956,genesis,major,all
3,35,2-1-4,132,0.00728236,genesis,major,all
3,36,3-1-4,128,0.00706168,genesis,major,all
3,37,1-2-1,120,0.00662032,genesis,major,all
3,38,4-1-2,119,0.00656516,genesis,major,all
3,39,4-2-4,119,0.00656516,genesis,major,all
3,40,2-1-1,112,0.00617897,genesis,major,all
3,41,1-1-2,111,0.0061238,genesis,major,all
3,42,1-3-1,109,0.00601346,genesis,major,all
3,43,4-2-1,106,0.00584795,genesis,major,all
3,44,1-4-3,103,0.00568245,genesis,major,all
3,45,1-2-4,98,0.0054066,genesis,major,all
3,46,4-1-3,97,0.00535143,genesis,major,all
3,47,3-1-1,90,0.00496524,genesis,major,all
3,48,5-2-2,89,0.00491007,genesis,major,all
3,49,1-1-3,88,0.0048549,genesis,major,all
3,50,1-3-4,87,0.00479974,genesis,major,all
4,1,2-2-2-2,482,0.0265931,genesis,major,all
4,2,2-2-3-2,397,0.02190345,genesis,major,all
4,3,2-3-2-2,386,0.02129655,genesis,major,all
4,4,2-2-2-3,346,0.01908966,genesis,major,all
4,5,2-3-2-3,346,0.01908966,genesis,major,all
4,6,3-2-2-2,344,0.01897931,genesis,major,all
4,7,3-2-3-2,338,0.01864828,genesis,major,all
4,8,3-2-2-3,320,0.01765517,genesis,major,all
4,9,2-3-3-2,304,0.01677241,genesis,major,all
4,10,2-2-3-3,290,0.016,genesis,major,all
4,11,3-3-2-2,280,0.01544828,genesis,major,all
4,12,3-2-3-3,274,0.01511724,genesis,major,all
4,13,3-3-2-3,257,0.01417931,genesis,major,all
4,14,3-3-3-2,244,0.01346207,genesis,major,all
4,15,2-3-3-3,230,0.01268966,genesis,major,all
4,16,3-3-3-3,202,0.01114483,genesis,major,all
4,17,2-2-4-2,153,0.00844138,genesis,major,all
4,18,2-2-2-4,148,0.00816552,genesis,major,all
4,19,1-2-2-2,148,0.00816552,genesis,major,all
4,20,2-2-2-1,146,0.00805517,genesis,major,all
4,21,2-4-2-2,145,0.008,genesis,major,all
4,22,4-2-2-2,135,0.00744828,genesis,major,all
4,23,1-3-2-2,134,0.0073931,genesis,major,all
4,24,2-2-3-1,130,0.00717241,genesis,major,all
4,25,2-1-2-2,127,0.0070069,genesis,major,all
4,26,4-2-3-2,126,0.00695172,genesis,major,all
4,27,3-2-3-1,126,0.00695172,genesis,major,all
4,28,2-3-1-2,125,0.00689655,genesis,major,all
4,29,2-4-2-3,125,0.00689655,genesis,major,all
4,30,2-1-3-2,124,0.00684138,genesis,major,all
4,31,2-3-3-1,123,0.00678621,genesis,major,all
4,32,2-3-2-1,123,0.00678621,genesis,major,all
4,33,3-2-1-2,122,0.00673103,genesis,major,all
4,34,2-2-1-3,120,0.00662069,genesis,major,all
4,35,1-2-2-3,120,0.00662069,genesis,major,all
4,36,3-2-2-1,117,0.00645517,genesis,major,all
4,37,2-3-2-4,116,0.0064,genesis,major,all
4,38,3-2-4-2,115,0.00634483,genesis,major,all
4,39,3-1-3-2,114,0.00628966,genesis,major,all
4,40,3-1-2-2,114,0.00628966,genesis,major,all
4,41,2-2-1-2,112,0.00617931,genesis,major,all
4,42,4-2-2-3,111,0.00612414,genesis,major,all
4,43,2-4-3-2,111,0.00612414,genesis,major,all
4,44,2-3-1-3,110,0.00606897,genesis,major,all
4,45,3-2-2-4,110,0.00606897,genesis,major,all
4,46,1-2-3-2,108,0.00595862,genesis,major,all
4,47,4-3-2-2,106,0.00584828,genesis,major,all
4,48,1-3-2-3,105,0.0057931,genesis,major,all
4,49,2-2-4-3,104,0.00573793,genesis,major,all
4,50,2-1-2-3,104,0.00573793,genesis,major,all
5,1,2-2-2-2-2,220,0.0121386,genesis,major,all
5,2,2-2-3-2-2,156,0.00860737,genesis,major,all
5,3,2-2-2-3-2,154,0.00849702,genesis,major,all
5,4,2-3-2-2-2,152,0.00838667,genesis,major,all
5,5,2-3-2-3-2,148,0.00816597,genesis,major,all
5,6,2-2-3-2-3,139,0.00766939,genesis,major,all
5,7,2-2-2-2-3,134,0.00739351,genesis,major,all
5,8,3-2-2-3-2,134,0.00739351,genesis,major,all
5,9,3-2-3-2-2,133,0.00733834,genesis,major,all
5,10,2-3-2-2-3,130,0.00717281,genesis,major,all
5,11,2-3-3-2-2,124,0.00684176,genesis,major,all
5,12,3-2-2-2-2,122,0.00673141,genesis,major,all
5,13,2-2-3-3-2,119,0.00656588,genesis,major,all
5,14,3-2-3-3-2,118,0.0065107,genesis,major,all
5,15,2-3-3-2-3,111,0.00612448,genesis,major,all
5,16,3-2-2-3-3,109,0.00601412,genesis,major,all
5,17,3-2-2-2-3,108,0.00595895,genesis,major,all
5,18,3-2-3-2-3,108,0.00595895,genesis,major,all
5,19,2-3-3-3-2,104,0.00573825,genesis,major,all
5,20,3-3-2-2-2,104,0.00573825,genesis,major,all
5,21,2-3-2-3-3,103,0.00568307,genesis,major,all
5,22,3-3-2-3-2,99,0.00546237,genesis,major,all
5,23,3-3-2-2-3,90,0.00496579,genesis,major,all
5,24,3-2-3-3-3,89,0.00491062,genesis,major,all
5,25,3-3-2-3-3,88,0.00485544,genesis,major,all
5,26,2-2-2-3-3,87,0.00480026,genesis,major,all
5,27,2-2-3-3-3,86,0.00474509,genesis,major,all
5,28,2-3-3-3-3,84,0.00463474,genesis,major,all
5,29,3-3-3-3-2,84,0.00463474,genesis,major,all
5,30,3-3-3-2-3,82,0.00452439,genesis,major,all
5,31,3-3-3-2-2,82,0.00452439,genesis,major,all
5,32,3-3-3-3-3,76,0.00419333,genesis,major,all
5,33,2-4-2-2-2,70,0.00386228,genesis,major,all
5,34,1-2-2-2-2,69,0.00380711,genesis,major,all
5,35,2-2-4-2-2,64,0.00353123,genesis,major,all
5,36,2-2-2-3-1,61,0.0033657,genesis,major,all
5,37,2-2-2-2-1,61,0.0033657,genesis,major,all
5,38,2-2-3-3-1,59,0.00325535,genesis,major,all
5,39,2-3-2-3-1,58,0.00320018,genesis,major,all
5,40,2-2-2-4-2,57,0.003145,genesis,major,all
5,41,2-2-1-3-2,56,0.00308983,genesis,major,all
5,42,2-3-1-2-2,55,0.00303465,genesis,major,all
5,43,3-2-1-2-2,55,0.00303465,genesis,major,all
5,44,4-2-2-2-2,54,0.00297947,genesis,major,all
5,45,2-3-2-4-2,54,0.00297947,genesis,major,all
5,46,2-2-2-2-4,54,0.00297947,genesis,major,all
5,47,3-2-2-2-1,54,0.00297947,genesis,major,all
5,48,3-2-2-2-4,53,0.0029243,genesis,major,all
5,49,2-1-2-2-2,53,0.0029243,genesis,major,all
5,50,2-3-2-2-1,53,0.0029243,genesis,major,all
6,1,2-2-2-2-2-2,104,0.00573856,genesis,major,all
6,2,2-2-2-2-3-2,70,0.0038625,genesis,major,all
6,3,2-2-3-2-2-2,65,0.0035866,genesis,major,all
6,4,2-2-3-2-3-2,60,0.00331071,genesis,major,all
6,5,2-2-2-3-2-2,60,0.00331071,genesis,major,all
6,6,2-2-2-2-2-3,60,0.00331071,genesis,major,all
6,7,3-2-2-2-2-2,58,0.00320035,genesis,major,all
6,8,2-2-2-3-2-3,56,0.00309,genesis,major,all
6,9,2-3-2-2-2-2,56,0.00309,genesis,major,all
6,10,2-3-2-2-3-2,54,0.00297964,genesis,major,all
6,11,2-2-3-2-2-3,54,0.00297964,genesis,major,all
6,12,2-3-2-3-2-2,52,0.00286928,genesis,major,all
6,13,2-3-2-3-2-3,52,0.00286928,genesis,major,all
6,14,3-2-3-2-2-2,51,0.0028141,genesis,major,all
6,15,3-2-2-3-2-2,51,0.0028141,genesis,major,all
6,16,3-2-3-3-2-2,49,0.00270375,genesis,major,all
6,17,3-2-2-2-3-2,46,0.00253821,genesis,major,all
6,18,2-2-3-3-2-2,46,0.00253821,genesis,major,all
6,19,2-3-2-2-3-3,45,0.00248303,genesis,major,all
6,20,3-2-2-3-2-3,45,0.00248303,genesis,major,all
6,21,3-3-2-2-2-2,45,0.00248303,genesis,major,all
6,22,3-2-3-2-2-3,44,0.00242785,genesis,major,all
6,23,2-2-3-3-3-2,44,0.00242785,genesis,major,all
6,24,3-2-3-3-2-3,44,0.00242785,genesis,major,all
6,25,3-2-3-2-3-2,43,0.00237268,genesis,major,all
6,26,2-2-3-3-2-3,43,0.00237268,genesis,major,all
6,27,2-3-3-2-2-2,42,0.0023175,genesis,major,all
6,28,3-3-2-3-3-2,41,0.00226232,genesis,major,all
6,29,2-3-2-3-3-2,41,0.00226232,genesis,major,all
6,30,2-3-3-2-3-2,41,0.00226232,genesis,major,all
6,31,3-3-2-3-2-2,40,0.00220714,genesis,major,all
6,32,2-3-3-2-2-3,40,0.00220714,genesis,major,all
6,33,3-3-2-2-3-2,40,0.00220714,genesis,major,all
6,34,2-3-3-2-3-3,40,0.00220714,genesis,major,all
6,35,3-2-3-2-3-3,39,0.00215196,genesis,major,all
6,36,3-2-2-3-3-2,39,0.00215196,genesis,major,all
6,37,2-2-2-3-3-2,39,0.00215196,genesis,major,all
6,38,2-2-3-2-3-3,38,0.00209678,genesis,major,all
6,39,2-3-3-3-3-2,37,0.0020416,genesis,major,all
6,40,3-2-2-3-3-3,37,0.0020416,genesis,major,all
6,41,3-3-2-2-2-3,37,0.0020416,genesis,major,all
6,42,2-3-3-3-2-3,36,0.00198643,genesis,major,all
6,43,3-2-3-3-3-2,36,0.00198643,genesis,major,all
6,44,2-4-2-2-2-2,35,0.00193125,genesis,major,all
6,45,2-3-2-3-3-3,34,0.00187607,genesis,major,all
6,46,2-3-2-2-2-3,34,0.00187607,genesis,major,all
6,47,3-3-3-2-3-2,33,0.00182089,genesis,major,all
6,48,3-3-3-3-2-2,33,0.00182089,genesis,major,all
6,49,3-3-3-2-2-2,33,0.00182089,genesis,major,all
6,50,3-3-2-3-2-3,33,0.00182089,genesis,major,all
2,1,2-2,2258,0.18237622,genesis,major_minor,within
2,2,2-3,1644,0.1327841,genesis,major_minor,within
2,3,3-2,1629,0.13157257,genesis,major_minor,within
2,4,3-3,1200,0.0969227,genesis,major_minor,within
2,5,2-1,685,0.05532671,genesis,major_minor,within
2,6,1-2,654,0.05282287,genesis,major_minor,within
2,7,4-2,569,0.04595752,genesis,major_minor,within
2,8,2-4,538,0.04345368,genesis,major_minor,within
2,9,1-3,525,0.04240368,genesis,major_minor,within
2,10,3-1,511,0.04127292,genesis,major_minor,within
2,11,3-4,391,0.03158065,genesis,major_minor,within
2,12,4-3,365,0.02948066,genesis,major_minor,within
2,13,1-4,184,0.01486148,genesis,major_minor,within
2,14,4-4,182,0.01469994,genesis,major_minor,within
2,15,4-1,181,0.01461917,genesis,major_minor,within
2,16,1-1,178,0.01437687,genesis,major_minor,within
2,17,5-2,111,0.00896535,genesis,major_minor,within
2,18,2-5,106,0.00856151,genesis,major_minor,within
2,19,5-3,82,0.00662305,genesis,major_minor,within
2,20,3-5,79,0.00638074,genesis,major_minor,within
2,21,1-5,52,0.00419998,genesis,major_minor,within
2,22,5-4,38,0.00306922,genesis,major_minor,within
2,23,5-1,38,0.00306922,genesis,major_minor,within
2,24,4-5,36,0.00290768,genesis,major_minor,within
2,25,6-2,27,0.00218076,genesis,major_minor,within
2,26,3-6,17,0.00137307,genesis,major_minor,within
2,27,2-6,15,0.00121153,genesis,major_minor,within
2,28,5-5,13,0.00105,genesis,major_minor,within
2,29,4-6,8,0.00064615,genesis,major_minor,within
2,30,6-3,8,0.00064615,genesis,major_minor,within
2,31,6-4,8,0.00064615,genesis,major_minor,within
2,32,2-7,6,0.00048461,genesis,major_minor,within
2,33,7-3,5,0.00040384,genesis,major_minor,within
2,34,6-1,5,0.00040384,genesis,major_minor,within
2,35,1-7,5,0.00040384,genesis,major_minor,within
2,36,1-6,5,0.00040384,genesis,major_minor,within
2,37,7-1,4,0.00032308,genesis,major_minor,within
2,38,7-2,4,0.00032308,genesis,major_minor,within
2,39,5-6,3,0.00024231,genesis,major_minor,within
2,40,6-6,2,0.00016154,genesis,major_minor,within
2,41,2-8,2,0.00016154,genesis,major_minor,within
2,42,3-7,2,0.00016154,genesis,major_minor,within
2,43,8-2,1,8.077e-05,genesis,major_minor,within
2,44,8-4,1,8.077e-05,genesis,major_minor,within
2,45,4-8,1,8.077e-05,genesis,major_minor,within
2,46,8-3,1,8.077e-05,genesis,major_minor,within
2,47,5-8,1,8.077e-05,genesis,major_minor,within
2,48,8-1,1,8.077e-05,genesis,major_minor,within
3,1,2-2-2,999,0.08069467,genesis,major_minor,within
3,2,3-2-2,696,0.05621971,genesis,major_minor,within
3,3,2-3-2,696,0.05621971,genesis,major_minor,within
3,4,2-2-3,677,0.05468498,genesis,major_minor,within
3,5,3-2-3,526,0.04248788,genesis,major_minor,within
3,6,3-3-2,511,0.04127625,genesis,major_minor,within
3,7,2-3-3,510,0.04119548,genesis,major_minor,within
3,8,3-3-3,382,0.03085622,genesis,major_minor,within
3,9,2-2-1,292,0.02358643,genesis,major_minor,within
3,10,1-2-2,271,0.02189015,genesis,major_minor,within
3,11,2-1-2,271,0.02189015,genesis,major_minor,within
3,12,2-2-4,241,0.01946688,genesis,major_minor,within
3,13,2-3-1,240,0.01938611,genesis,major_minor,within
3,14,4-2-2,230,0.01857835,genesis,major_minor,within
3,15,2-1-3,229,0.01849758,genesis,major_minor,within
3,16,2-4-2,228,0.0184168,genesis,major_minor,within
3,17,1-3-2,223,0.01801292,genesis,major_minor,within
3,18,3-2-1,216,0.0174475,genesis,major_minor,within
3,19,1-2-3,213,0.01720517,genesis,major_minor,within
3,20,3-1-2,212,0.01712439,genesis,major_minor,within
3,21,4-2-3,179,0.0144588,genesis,major_minor,within
3,22,1-3-3,165,0.01332795,genesis,major_minor,within
3,23,3-4-2,164,0.01324717,genesis,major_minor,within
3,24,2-3-4,162,0.01308562,genesis,major_minor,within
3,25,2-4-3,157,0.01268174,genesis,major_minor,within
3,26,3-1-3,156,0.01260097,genesis,major_minor,within
3,27,4-3-2,154,0.01243942,genesis,major_minor,within
3,28,3-2-4,150,0.01211632,genesis,major_minor,within
3,29,3-3-1,148,0.01195477,genesis,major_minor,within
3,30,3-3-4,127,0.01025848,genesis,major_minor,within
3,31,4-3-3,115,0.00928918,genesis,major_minor,within
3,32,3-4-3,103,0.00831987,genesis,major_minor,within
3,33,2-1-1,87,0.00702746,genesis,major_minor,within
3,34,1-2-1,83,0.00670436,genesis,major_minor,within
3,35,4-4-2,82,0.00662359,genesis,major_minor,within
3,36,1-4-2,81,0.00654281,genesis,major_minor,within
3,37,4-2-1,79,0.00638126,genesis,major_minor,within
3,38,2-4-1,76,0.00613893,genesis,major_minor,within
3,39,3-1-4,75,0.00605816,genesis,major_minor,within
3,40,4-1-2,75,0.00605816,genesis,major_minor,within
3,41,1-1-2,75,0.00605816,genesis,major_minor,within
3,42,2-1-4,74,0.00597738,genesis,major_minor,within
3,43,1-3-1,71,0.00573506,genesis,major_minor,within
3,44,4-2-4,70,0.00565428,genesis,major_minor,within
3,45,3-4-4,66,0.00533118,genesis,major_minor,within
3,46,1-2-4,64,0.00516963,genesis,major_minor,within
3,47,1-1-3,63,0.00508885,genesis,major_minor,within
3,48,4-1-3,60,0.00484653,genesis,major_minor,within
3,49,2-4-4,57,0.0046042,genesis,major_minor,within
3,50,5-2-2,55,0.00444265,genesis,major_minor,within
4,1,2-2-2-2,481,0.03885613,genesis,major_minor,within
4,2,2-3-2-2,302,0.02439615,genesis,major_minor,within
4,3,3-2-2-2,292,0.02358834,genesis,major_minor,within
4,4,2-2-3-2,291,0.02350755,genesis,major_minor,within
4,5,2-2-2-3,283,0.0228613,genesis,major_minor,within
4,6,2-3-2-3,240,0.01938767,genesis,major_minor,within
4,7,3-3-2-2,231,0.01866063,genesis,major_minor,within
4,8,2-3-3-2,229,0.01849907,genesis,major_minor,within
4,9,3-2-2-3,221,0.01785282,genesis,major_minor,within
4,10,3-2-3-2,219,0.01769125,genesis,major_minor,within
4,11,2-2-3-3,198,0.01599483,genesis,major_minor,within
4,12,3-2-3-3,176,0.01421763,genesis,major_minor,within
4,13,3-3-3-2,158,0.01276355,genesis,major_minor,within
4,14,2-3-3-3,156,0.01260199,genesis,major_minor,within
4,15,3-3-2-3,134,0.01082478,genesis,major_minor,within
4,16,2-2-2-1,128,0.01034009,genesis,major_minor,within
4,17,3-3-3-3,127,0.01025931,genesis,major_minor,within
4,18,2-2-1-2,120,0.00969384,genesis,major_minor,within
4,19,2-4-2-2,109,0.00880523,genesis,major_minor,within
4,20,1-2-2-2,109,0.00880523,genesis,major_minor,within
4,21,2-1-2-2,106,0.00856289,genesis,major_minor,within
4,22,2-2-4-2,105,0.00848211,genesis,major_minor,within
4,23,2-3-1-2,102,0.00823976,genesis,major_minor,within
4,24,2-1-3-2,98,0.00791663,genesis,major_minor,within
4,25,2-2-2-4,98,0.00791663,genesis,major_minor,within
4,26,2-2-1-3,96,0.00775507,genesis,major_minor,within
4,27,3-2-1-2,96,0.00775507,genesis,major_minor,within
4,28,4-2-2-2,95,0.00767429,genesis,major_minor,within
4,29,2-1-2-3,92,0.00743194,genesis,major_minor,within
4,30,2-2-3-1,91,0.00735116,genesis,major_minor,within
4,31,3-2-2-1,90,0.00727038,genesis,major_minor,within
4,32,1-2-3-2,87,0.00702803,genesis,major_minor,within
4,33,3-1-2-2,86,0.00694725,genesis,major_minor,within
4,34,1-2-2-3,84,0.00678569,genesis,major_minor,within
4,35,1-3-2-2,82,0.00662412,genesis,major_minor,within
4,36,2-3-2-1,81,0.00654334,genesis,major_minor,within
4,37,3-2-3-1,80,0.00646256,genesis,major_minor,within
4,38,1-3-2-3,80,0.00646256,genesis,major_minor,within
4,39,2-2-3-4,80,0.00646256,genesis,major_minor,within
4,40,4-2-3-2,78,0.00630099,genesis,major_minor,within
4,41,3-1-2-3,76,0.00613943,genesis,major_minor,within
4,42,2-1-3-3,75,0.00605865,genesis,major_minor,within
4,43,3-2-2-4,74,0.00597787,genesis,major_minor,within
4,44,4-2-2-3,74,0.00597787,genesis,major_minor,within
4,45,2-3-4-2,73,0.00589708,genesis,major_minor,within
4,46,2-3-1-3,72,0.0058163,genesis,major_minor,within
4,47,3-3-2-1,71,0.00573552,genesis,major_minor,within
4,48,1-3-3-2,69,0.00557396,genesis,major_minor,within
4,49,2-3-3-1,68,0.00549317,genesis,major_minor,within
4,50,3-1-3-2,67,0.00541239,genesis,major_minor,within
5,1,2-2-2-2-2,236,0.01906608,genesis,major_minor,within
5,2,3-2-2-2-2,143,0.01155275,genesis,major_minor,within
5,3,2-2-2-2-3,139,0.0112296,genesis,major_minor,within
5,4,2-3-2-2-2,135,0.01090645,genesis,major_minor,within
5,5,2-2-3-2-2,126,0.01017935,genesis,major_minor,within
5,6,2-2-2-3-2,122,0.0098562,genesis,major_minor,within
5,7,3-2-3-2-2,104,0.008402,genesis,major_minor,within
5,8,2-3-3-2-2,100,0.00807885,genesis,major_minor,within
5,9,2-3-2-3-2,99,0.00799806,genesis,major_minor,within
5,10,3-3-2-2-2,97,0.00783648,genesis,major_minor,within
5,11,2-2-3-2-3,96,0.0077557,genesis,major_minor,within
5,12,3-2-2-3-2,96,0.0077557,genesis,major_minor,within
5,13,2-3-2-2-3,88,0.00710939,genesis,major_minor,within
5,14,2-2-3-3-2,88,0.00710939,genesis,major_minor,within
5,15,3-2-2-2-3,84,0.00678623,genesis,major_minor,within
5,16,3-3-2-2-3,77,0.00622071,genesis,major_minor,within
5,17,2-2-2-3-3,77,0.00622071,genesis,major_minor,within
5,18,2-3-2-3-3,75,0.00605914,genesis,major_minor,within
5,19,3-2-3-2-3,74,0.00597835,genesis,major_minor,within
5,20,3-2-3-3-2,74,0.00597835,genesis,major_minor,within
5,21,3-2-2-3-3,71,0.00573598,genesis,major_minor,within
5,22,3-3-3-2-2,68,0.00549362,genesis,major_minor,within
5,23,2-3-3-3-2,65,0.00525125,genesis,major_minor,within
5,24,2-2-3-3-3,63,0.00508968,genesis,major_minor,within
5,25,3-3-2-3-2,61,0.0049281,genesis,major_minor,within
5,26,2-2-4-2-2,59,0.00476652,genesis,major_minor,within
5,27,3-2-3-3-3,59,0.00476652,genesis,major_minor,within
5,28,2-3-3-2-3,59,0.00476652,genesis,major_minor,within
5,29,3-3-3-3-2,56,0.00452416,genesis,major_minor,within
5,30,2-2-2-2-1,55,0.00444337,genesis,major_minor,within
5,31,2-2-2-1-2,51,0.00412021,genesis,major_minor,within
5,32,2-3-3-3-3,50,0.00403942,genesis,major_minor,within
5,33,2-2-2-2-4,48,0.00387785,genesis,major_minor,within
5,34,4-2-2-2-2,47,0.00379706,genesis,major_minor,within
5,35,2-4-2-2-2,46,0.00371627,genesis,major_minor,within
5,36,3-3-3-2-3,46,0.00371627,genesis,major_minor,within
5,37,2-2-2-1-3,45,0.00363548,genesis,major_minor,within
5,38,2-2-1-2-2,45,0.00363548,genesis,major_minor,within
5,39,1-2-2-2-2,45,0.00363548,genesis,major_minor,within
5,40,2-3-2-1-2,44,0.00355469,genesis,major_minor,within
5,41,3-3-3-3-3,43,0.00347391,genesis,major_minor,within
5,42,2-2-3-1-2,42,0.00339312,genesis,major_minor,within
5,43,3-3-2-3-3,42,0.00339312,genesis,major_minor,within
5,44,2-2-2-4-2,42,0.00339312,genesis,major_minor,within
5,45,2-3-1-2-2,41,0.00331233,genesis,major_minor,within
5,46,2-2-1-2-3,41,0.00331233,genesis,major_minor,within
5,47,2-1-2-2-2,40,0.00323154,genesis,major_minor,within
5,48,2-1-3-2-2,40,0.00323154,genesis,major_minor,within
5,49,2-3-3-2-1,39,0.00315075,genesis,major_minor,within
5,50,2-2-2-3-4,39,0.00315075,genesis,major_minor,within
6,1,2-2-2-2-2-2,121,0.0097762,genesis,major_minor,within
6,2,3-2-2-2-2-2,72,0.00581724,genesis,major_minor,within
6,3,2-3-2-2-2-2,70,0.00565565,genesis,major_minor,within
6,4,2-2-2-2-2-3,67,0.00541327,genesis,major_minor,within
6,5,2-2-2-2-3-2,67,0.00541327,genesis,major_minor,within
6,6,2-2-3-2-2-2,61,0.0049285,genesis,major_minor,within
6,7,2-2-2-3-2-2,56,0.00452452,genesis,major_minor,within
6,8,2-3-2-3-2-2,47,0.00379737,genesis,major_minor,within
6,9,2-2-2-3-2-3,45,0.00363578,genesis,major_minor,within
6,10,2-3-3-2-2-2,44,0.00355498,genesis,major_minor,within
6,11,2-3-2-2-3-2,44,0.00355498,genesis,major_minor,within
6,12,3-2-3-2-2-2,42,0.00339339,genesis,major_minor,within
6,13,3-3-2-2-2-2,41,0.0033126,genesis,major_minor,within
6,14,2-2-3-3-2-2,40,0.0032318,genesis,major_minor,within
6,15,2-3-2-2-2-3,39,0.00315101,genesis,major_minor,within
6,16,3-2-2-2-2-3,38,0.00307021,genesis,major_minor,within
6,17,3-2-2-3-3-2,37,0.00298942,genesis,major_minor,within
6,18,3-2-3-2-3-2,36,0.00290862,genesis,major_minor,within
6,19,3-2-2-2-3-2,36,0.00290862,genesis,major_minor,within
6,20,3-2-3-2-2-3,35,0.00282783,genesis,major_minor,within
6,21,3-2-2-3-2-3,35,0.00282783,genesis,major_minor,within
6,22,2-2-3-2-3-3,35,0.00282783,genesis,major_minor,within
6,23,3-2-2-3-2-2,35,0.00282783,genesis,major_minor,within
6,24,2-2-2-2-3-3,34,0.00274703,genesis,major_minor,within
6,25,2-3-2-3-2-3,32,0.00258544,genesis,major_minor,within
6,26,2-2-2-3-3-3,32,0.00258544,genesis,major_minor,within
6,27,2-2-3-3-3-2,32,0.00258544,genesis,major_minor,within
6,28,2-3-2-3-3-3,32,0.00258544,genesis,major_minor,within
6,29,3-2-3-3-2-2,32,0.00258544,genesis,major_minor,within
6,30,3-3-2-2-2-3,32,0.00258544,genesis,major_minor,within
6,31,2-3-2-3-3-2,31,0.00250465,genesis,major_minor,within
6,32,2-3-3-2-2-3,31,0.00250465,genesis,major_minor,within
6,33,3-3-2-2-3-2,31,0.00250465,genesis,major_minor,within
6,34,2-2-3-2-3-2,30,0.00242385,genesis,major_minor,within
6,35,3-3-2-3-2-2,29,0.00234306,genesis,major_minor,within
6,36,3-3-3-2-2-2,29,0.00234306,genesis,major_minor,within
6,37,2-2-2-2-2-1,29,0.00234306,genesis,major_minor,within
6,38,2-2-3-2-2-3,28,0.00226226,genesis,major_minor,within
6,39,3-3-2-2-3-3,28,0.00226226,genesis,major_minor,within
6,40,2-2-2-3-3-2,28,0.00226226,genesis,major_minor,within
6,41,2-3-3-2-3-2,27,0.00218147,genesis,major_minor,within
6,42,2-3-3-3-2-2,26,0.00210067,genesis,major_minor,within
6,43,2-3-2-2-3-3,26,0.00210067,genesis,major_minor,within
6,44,2-3-3-3-3-2,26,0.00210067,genesis,major_minor,within
6,45,2-2-2-1-2-2,26,0.00210067,genesis,major_minor,within
6,46,2-2-4-2-2-2,25,0.00201988,genesis,major_minor,within
6,47,3-3-3-2-2-3,25,0.00201988,genesis,major_minor,within
6,48,3-2-3-3-3-3,24,0.00193908,genesis,major_minor,within
6,49,3-2-2-2-3-3,24,0.00193908,genesis,major_minor,within
6,50,2-2-3-3-2-3,24,0.00193908,genesis,major_minor,within
2,1,2-2,742,0.12915579,genesis,major_minor,cross_reset
2,2,2-3,651,0.11331593,genesis,major_minor,cross_reset
2,3,3-2,621,0.10809399,genesis,major_minor,cross_reset
2,4,3-3,616,0.10722367,genesis,major_minor,cross_reset
2,5,1-2,318,0.05535248,genesis,major_minor,cross_reset
2,6,3-1,301,0.05239339,genesis,major_minor,cross_reset
2,7,2-1,283,0.04926023,genesis,major_minor,cross_reset
2,8,2-4,257,0.04473455,genesis,major_minor,cross_reset
2,9,1-3,256,0.04456049,genesis,major_minor,cross_reset
2,10,4-2,254,0.04421236,genesis,major_minor,cross_reset
2,11,4-3,250,0.0435161,genesis,major_minor,cross_reset
2,12,3-4,241,0.04194952,genesis,major_minor,cross_reset
2,13,1-1,120,0.02088773,genesis,major_minor,cross_reset
2,14,4-4,105,0.01827676,genesis,major_minor,cross_reset
2,15,4-1,101,0.0175805,genesis,major_minor,cross_reset
2,16,1-4,94,0.01636205,genesis,major_minor,cross_reset
2,17,5-2,80,0.01392515,genesis,major_minor,cross_reset
2,18,2-5,70,0.01218451,genesis,major_minor,cross_reset
2,19,3-5,63,0.01096606,genesis,major_minor,cross_reset
2,20,5-3,62,0.01079199,genesis,major_minor,cross_reset
2,21,1-5,37,0.00644038,genesis,major_minor,cross_reset
2,22,5-4,36,0.00626632,genesis,major_minor,cross_reset
2,23,4-5,32,0.00557006,genesis,major_minor,cross_reset
2,24,5-1,25,0.00435161,genesis,major_minor,cross_reset
2,25,2-6,19,0.00330722,genesis,major_minor,cross_reset
2,26,6-3,18,0.00313316,genesis,major_minor,cross_reset
2,27,3-6,13,0.00226284,genesis,major_minor,cross_reset
2,28,6-4,12,0.00208877,genesis,major_minor,cross_reset
2,29,1-6,12,0.00208877,genesis,major_minor,cross_reset
2,30,6-2,12,0.00208877,genesis,major_minor,cross_reset
2,31,5-5,7,0.00121845,genesis,major_minor,cross_reset
2,32,6-1,6,0.00104439,genesis,major_minor,cross_reset
2,33,2-7,6,0.00104439,genesis,major_minor,cross_reset
2,34,4-6,4,0.00069626,genesis,major_minor,cross_reset
2,35,7-3,4,0.00069626,genesis,major_minor,cross_reset
2,36,6-6,3,0.00052219,genesis,major_minor,cross_reset
2,37,7-4,3,0.00052219,genesis,major_minor,cross_reset
2,38,3-7,2,0.00034813,genesis,major_minor,cross_reset
2,39,7-2,2,0.00034813,genesis,major_minor,cross_reset
2,40,4-7,2,0.00034813,genesis,major_minor,cross_reset
2,41,5-6,1,0.00017406,genesis,major_minor,cross_reset
2,42,1-7,1,0.00017406,genesis,major_minor,cross_reset
2,43,7-1,1,0.00017406,genesis,major_minor,cross_reset
2,44,7-5,1,0.00017406,genesis,major_minor,cross_reset
2,45,6-5,1,0.00017406,genesis,major_minor,cross_reset
3,1,2-2-2,268,0.04665738,genesis,major_minor,cross_reset
3,2,2-2-3,235,0.04091226,genesis,major_minor,cross_reset
3,3,3-2-2,222,0.03864903,genesis,major_minor,cross_reset
3,4,2-3-3,221,0.03847493,genesis,major_minor,cross_reset
3,5,3-3-2,215,0.03743036,genesis,major_minor,cross_reset
3,6,3-3-3,207,0.0360376,genesis,major_minor,cross_reset
3,7,3-2-3,205,0.03568942,genesis,major_minor,cross_reset
3,8,2-3-2,201,0.03499304,genesis,major_minor,cross_reset
3,9,3-1-2,115,0.02002089,genesis,major_minor,cross_reset
3,10,1-2-2,112,0.01949861,genesis,major_minor,cross_reset
3,11,2-3-1,109,0.01897632,genesis,major_minor,cross_reset
3,12,2-2-1,108,0.01880223,genesis,major_minor,cross_reset
3,13,2-1-2,106,0.01845404,genesis,major_minor,cross_reset
3,14,3-1-3,104,0.01810585,genesis,major_minor,cross_reset
3,15,1-2-3,103,0.01793175,genesis,major_minor,cross_reset
3,16,1-3-2,102,0.01775766,genesis,major_minor,cross_reset
3,17,2-2-4,98,0.01706128,genesis,major_minor,cross_reset
3,18,4-2-2,97,0.01688719,genesis,major_minor,cross_reset
3,19,2-4-2,91,0.01584262,genesis,major_minor,cross_reset
3,20,3-2-1,90,0.01566852,genesis,major_minor,cross_reset
3,21,4-3-3,90,0.01566852,genesis,major_minor,cross_reset
3,22,2-3-4,89,0.01549443,genesis,major_minor,cross_reset
3,23,3-3-1,87,0.01514624,genesis,major_minor,cross_reset
3,24,3-4-3,85,0.01479805,genesis,major_minor,cross_reset
3,25,3-3-4,83,0.01444986,genesis,major_minor,cross_reset
3,26,2-4-3,81,0.01410167,genesis,major_minor,cross_reset
3,27,3-4-2,80,0.01392758,genesis,major_minor,cross_reset
3,28,2-1-3,79,0.01375348,genesis,major_minor,cross_reset
3,29,4-2-3,78,0.01357939,genesis,major_minor,cross_reset
3,30,1-3-3,77,0.01340529,genesis,major_minor,cross_reset
3,31,3-2-4,71,0.01236072,genesis,major_minor,cross_reset
3,32,4-3-2,70,0.01218663,genesis,major_minor,cross_reset
3,33,2-1-1,51,0.00887883,genesis,major_minor,cross_reset
3,34,4-3-1,48,0.00835655,genesis,major_minor,cross_reset
3,35,1-1-2,46,0.00800836,genesis,major_minor,cross_reset
3,36,1-2-1,46,0.00800836,genesis,major_minor,cross_reset
3,37,1-3-1,44,0.00766017,genesis,major_minor,cross_reset
3,38,1-2-4,43,0.00748607,genesis,major_minor,cross_reset
3,39,3-1-1,41,0.00713788,genesis,major_minor,cross_reset
3,40,2-4-1,40,0.00696379,genesis,major_minor,cross_reset
3,41,4-1-2,40,0.00696379,genesis,major_minor,cross_reset
3,42,2-1-4,38,0.0066156,genesis,major_minor,cross_reset
3,43,4-4-3,38,0.0066156,genesis,major_minor,cross_reset
3,44,2-4-4,37,0.0064415,genesis,major_minor,cross_reset
3,45,5-2-2,36,0.00626741,genesis,major_minor,cross_reset
3,46,4-4-2,36,0.00626741,genesis,major_minor,cross_reset
3,47,3-4-4,35,0.00609331,genesis,major_minor,cross_reset
3,48,4-2-4,34,0.00591922,genesis,major_minor,cross_reset
3,49,1-4-2,34,0.00591922,genesis,major_minor,cross_reset
3,50,4-2-1,32,0.00557103,genesis,major_minor,cross_reset
4,1,2-2-2-2,100,0.0174125,genesis,major_minor,cross_reset
4,2,2-2-2-3,81,0.01410413,genesis,major_minor,cross_reset
4,3,3-3-2-2,81,0.01410413,genesis,major_minor,cross_reset
4,4,2-2-3-3,76,0.0132335,genesis,major_minor,cross_reset
4,5,2-3-3-2,76,0.0132335,genesis,major_minor,cross_reset
4,6,3-2-2-3,75,0.01305938,genesis,major_minor,cross_reset
4,7,3-2-3-3,74,0.01288525,genesis,major_minor,cross_reset
4,8,3-2-2-2,74,0.01288525,genesis,major_minor,cross_reset
4,9,3-3-3-2,73,0.01271113,genesis,major_minor,cross_reset
4,10,2-3-2-2,73,0.01271113,genesis,major_minor,cross_reset
4,11,2-3-3-3,72,0.012537,genesis,major_minor,cross_reset
4,12,3-3-2-3,71,0.01236288,genesis,major_minor,cross_reset
4,13,2-2-3-2,71,0.01236288,genesis,major_minor,cross_reset
4,14,3-3-3-3,69,0.01201463,genesis,major_minor,cross_reset
4,15,2-3-2-3,65,0.01131813,genesis,major_minor,cross_reset
4,16,3-2-3-2,57,0.00992513,genesis,major_minor,cross_reset
4,17,2-2-3-1,48,0.008358,genesis,major_minor,cross_reset
4,18,2-2-2-1,44,0.0076615,genesis,major_minor,cross_reset
4,19,2-2-1-2,43,0.00748738,genesis,major_minor,cross_reset
4,20,4-2-2-2,41,0.00713913,genesis,major_minor,cross_reset
4,21,3-1-2-3,40,0.006965,genesis,major_minor,cross_reset
4,22,2-3-1-3,40,0.006965,genesis,major_minor,cross_reset
4,23,2-3-1-2,40,0.006965,genesis,major_minor,cross_reset
4,24,3-1-2-2,40,0.006965,genesis,major_minor,cross_reset
4,25,3-1-3-2,39,0.00679088,genesis,major_minor,cross_reset
4,26,2-3-3-1,37,0.00644263,genesis,major_minor,cross_reset
4,27,1-2-3-2,37,0.00644263,genesis,major_minor,cross_reset
4,28,2-1-2-2,35,0.00609438,genesis,major_minor,cross_reset
4,29,1-2-2-2,35,0.00609438,genesis,major_minor,cross_reset
4,30,4-3-3-2,35,0.00609438,genesis,major_minor,cross_reset
4,31,2-4-2-2,35,0.00609438,genesis,major_minor,cross_reset
4,32,3-2-2-1,35,0.00609438,genesis,major_minor,cross_reset
4,33,3-2-3-4,34,0.00592025,genesis,major_minor,cross_reset
4,34,3-1-3-3,34,0.00592025,genesis,major_minor,cross_reset
4,35,2-1-2-3,34,0.00592025,genesis,major_minor,cross_reset
4,36,1-2-3-3,34,0.00592025,genesis,major_minor,cross_reset
4,37,2-1-3-2,34,0.00592025,genesis,major_minor,cross_reset
4,38,1-2-2-3,34,0.00592025,genesis,major_minor,cross_reset
4,39,3-4-3-3,33,0.00574613,genesis,major_minor,cross_reset
4,40,2-2-2-4,33,0.00574613,genesis,major_minor,cross_reset
4,41,3-3-1-2,32,0.005572,genesis,major_minor,cross_reset
4,42,3-3-1-3,32,0.005572,genesis,major_minor,cross_reset
4,43,3-3-4-3,32,0.005572,genesis,major_minor,cross_reset
4,44,2-2-1-3,32,0.005572,genesis,major_minor,cross_reset
4,45,3-2-1-2,32,0.005572,genesis,major_minor,cross_reset
4,46,3-4-2-2,32,0.005572,genesis,major_minor,cross_reset
4,47,2-3-2-1,31,0.00539788,genesis,major_minor,cross_reset
4,48,1-3-2-3,31,0.00539788,genesis,major_minor,cross_reset
4,49,2-2-4-3,31,0.00539788,genesis,major_minor,cross_reset
4,50,2-2-4-2,31,0.00539788,genesis,major_minor,cross_reset
5,1,2-2-2-2-2,35,0.00609544,genesis,major_minor,cross_reset
5,2,2-2-2-2-3,34,0.00592128,genesis,major_minor,cross_reset
5,3,3-3-2-2-3,33,0.00574713,genesis,major_minor,cross_reset
5,4,2-2-3-3-3,32,0.00557297,genesis,major_minor,cross_reset
5,5,3-3-3-2-2,32,0.00557297,genesis,major_minor,cross_reset
5,6,3-2-3-3-2,29,0.00505051,genesis,major_minor,cross_reset
5,7,2-3-2-2-2,28,0.00487635,genesis,major_minor,cross_reset
5,8,3-2-2-2-2,27,0.00470219,genesis,major_minor,cross_reset
5,9,3-3-2-3-2,27,0.00470219,genesis,major_minor,cross_reset
5,10,2-3-3-2-3,27,0.00470219,genesis,major_minor,cross_reset
5,11,3-2-3-3-3,27,0.00470219,genesis,major_minor,cross_reset
5,12,2-3-3-3-3,27,0.00470219,genesis,major_minor,cross_reset
5,13,3-2-2-3-3,25,0.00435388,genesis,major_minor,cross_reset
5,14,2-2-2-3-2,25,0.00435388,genesis,major_minor,cross_reset
5,15,2-2-2-3-3,25,0.00435388,genesis,major_minor,cross_reset
5,16,2-3-3-2-2,25,0.00435388,genesis,major_minor,cross_reset
5,17,3-3-2-3-3,24,0.00417973,genesis,major_minor,cross_reset
5,18,2-2-3-2-3,24,0.00417973,genesis,major_minor,cross_reset
5,19,2-3-2-2-3,24,0.00417973,genesis,major_minor,cross_reset
5,20,3-3-3-2-3,23,0.00400557,genesis,major_minor,cross_reset
5,21,3-2-2-3-2,23,0.00400557,genesis,major_minor,cross_reset
5,22,3-2-3-2-3,23,0.00400557,genesis,major_minor,cross_reset
5,23,2-3-3-3-2,22,0.00383142,genesis,major_minor,cross_reset
5,24,2-3-2-3-3,22,0.00383142,genesis,major_minor,cross_reset
5,25,3-3-3-3-2,22,0.00383142,genesis,major_minor,cross_reset
5,26,3-2-2-2-3,21,0.00365726,genesis,major_minor,cross_reset
5,27,2-2-3-3-2,21,0.00365726,genesis,major_minor,cross_reset
5,28,3-3-3-3-3,21,0.00365726,genesis,major_minor,cross_reset
5,29,2-2-3-2-2,20,0.00348311,genesis,major_minor,cross_reset
5,30,2-2-3-1-2,20,0.00348311,genesis,major_minor,cross_reset
5,31,2-2-1-2-2,19,0.00330895,genesis,major_minor,cross_reset
5,32,2-2-2-1-2,19,0.00330895,genesis,major_minor,cross_reset
5,33,2-2-3-1-3,18,0.0031348,genesis,major_minor,cross_reset
5,34,2-3-1-2-2,18,0.0031348,genesis,major_minor,cross_reset
5,35,2-2-2-2-1,18,0.0031348,genesis,major_minor,cross_reset
5,36,3-2-3-2-2,18,0.0031348,genesis,major_minor,cross_reset
5,37,2-4-2-2-2,17,0.00296064,genesis,major_minor,cross_reset
5,38,3-3-2-2-2,17,0.00296064,genesis,major_minor,cross_reset
5,39,1-3-3-3-2,16,0.00278649,genesis,major_minor,cross_reset
5,40,2-3-3-1-3,16,0.00278649,genesis,major_minor,cross_reset
5,41,1-2-2-2-2,16,0.00278649,genesis,major_minor,cross_reset
5,42,3-2-1-3-2,16,0.00278649,genesis,major_minor,cross_reset
5,43,1-2-3-2-2,16,0.00278649,genesis,major_minor,cross_reset
5,44,4-3-2-2-2,16,0.00278649,genesis,major_minor,cross_reset
5,45,2-3-3-1-2,15,0.00261233,genesis,major_minor,cross_reset
5,46,2-2-2-3-1,15,0.00261233,genesis,major_minor,cross_reset
5,47,2-3-1-3-2,15,0.00261233,genesis,major_minor,cross_reset
5,48,4-2-2-2-2,15,0.00261233,genesis,major_minor,cross_reset
5,49,2-3-4-3-3,15,0.00261233,genesis,major_minor,cross_reset
5,50,3-1-3-3-3,15,0.00261233,genesis,major_minor,cross_reset
6,1,2-3-3-2-2-3,15,0.00261279,genesis,major_minor,cross_reset
6,2,2-3-2-2-2-2,14,0.0024386,genesis,major_minor,cross_reset
6,3,3-2-3-3-3-3,14,0.0024386,genesis,major_minor,cross_reset
6,4,3-3-2-2-3-3,13,0.00226441,genesis,major_minor,cross_reset
6,5,3-2-2-2-2-2,13,0.00226441,genesis,major_minor,cross_reset
6,6,2-3-3-2-3-2,13,0.00226441,genesis,major_minor,cross_reset
6,7,3-3-3-3-2-2,13,0.00226441,genesis,major_minor,cross_reset
6,8,2-2-2-3-3-3,13,0.00226441,genesis,major_minor,cross_reset
6,9,2-2-2-2-3-2,12,0.00209023,genesis,major_minor,cross_reset
6,10,3-3-3-2-2-3,12,0.00209023,genesis,major_minor,cross_reset
6,11,3-3-2-3-2-3,12,0.00209023,genesis,major_minor,cross_reset
6,12,3-3-2-3-3-3,12,0.00209023,genesis,major_minor,cross_reset
6,13,2-2-3-3-2-2,11,0.00191604,genesis,major_minor,cross_reset
6,14,2-2-1-2-2-2,10,0.00174186,genesis,major_minor,cross_reset
6,15,2-2-3-3-3-2,10,0.00174186,genesis,major_minor,cross_reset
6,16,3-3-2-2-3-2,10,0.00174186,genesis,major_minor,cross_reset
6,17,2-2-2-2-2-3,10,0.00174186,genesis,major_minor,cross_reset
6,18,2-2-2-2-2-2,10,0.00174186,genesis,major_minor,cross_reset
6,19,2-2-3-3-3-3,10,0.00174186,genesis,major_minor,cross_reset
6,20,2-3-3-3-3-3,10,0.00174186,genesis,major_minor,cross_reset
6,21,2-2-2-3-2-3,9,0.00156767,genesis,major_minor,cross_reset
6,22,3-2-2-2-2-3,9,0.00156767,genesis,major_minor,cross_reset
6,23,2-2-2-2-2-1,9,0.00156767,genesis,major_minor,cross_reset
6,24,2-2-2-2-1-2,9,0.00156767,genesis,major_minor,cross_reset
6,25,2-2-2-1-2-2,9,0.00156767,genesis,major_minor,cross_reset
6,26,3-1-3-3-3-2,9,0.00156767,genesis,major_minor,cross_reset
6,27,2-3-2-1-3-2,9,0.00156767,genesis,major_minor,cross_reset
6,28,3-2-3-3-2-3,9,0.00156767,genesis,major_minor,cross_reset
6,29,3-3-3-2-2-4,9,0.00156767,genesis,major_minor,cross_reset
6,30,2-3-3-2-3-3,9,0.00156767,genesis,major_minor,cross_reset
6,31,3-3-3-3-3-2,9,0.00156767,genesis,major_minor,cross_reset
6,32,2-1-2-2-2-2,8,0.00139349,genesis,major_minor,cross_reset
6,33,3-2-2-3-3-3,8,0.00139349,genesis,major_minor,cross_reset
6,34,2-2-3-1-2-2,8,0.00139349,genesis,major_minor,cross_reset
6,35,3-2-2-3-1-2,8,0.00139349,genesis,major_minor,cross_reset
6,36,2-2-2-2-3-3,8,0.00139349,genesis,major_minor,cross_reset
6,37,3-2-3-2-3-3,8,0.00139349,genesis,major_minor,cross_reset
6,38,3-3-3-2-3-2,8,0.00139349,genesis,major_minor,cross_reset
6,39,3-3-2-3-2-2,8,0.00139349,genesis,major_minor,cross_reset
6,40,2-3-3-3-2-2,8,0.00139349,genesis,major_minor,cross_reset
6,41,3-3-2-3-3-2,8,0.00139349,genesis,major_minor,cross_reset
6,42,3-3-3-3-2-3,8,0.00139349,genesis,major_minor,cross_reset
6,43,2-3-2-3-3-3,8,0.00139349,genesis,major_minor,cross_reset
6,44,3-2-2-2-3-3,8,0.00139349,genesis,major_minor,cross_reset
6,45,3-3-3-2-3-3,7,0.0012193,genesis,major_minor,cross_reset
6,46,2-3-1-3-2-2,7,0.0012193,genesis,major_minor,cross_reset
6,47,3-2-2-3-3-1,7,0.0012193,genesis,major_minor,cross_reset
6,48,1-2-2-2-2-3,7,0.0012193,genesis,major_minor,cross_reset
6,49,2-2-3-2-2-2,7,0.0012193,genesis,major_minor,cross_reset
6,50,4-2-2-2-2-2,7,0.0012193,genesis,major_minor,cross_reset
2,1,2-2,2890,0.15943068,genesis,major_minor,all
2,2,3-2,2404,0.13261985,genesis,major_minor,all
2,3,2-3,2369,0.13068903,genesis,major_minor,all
2,4,3-3,1746,0.09632041,genesis,major_minor,all
2,5,2-1,910,0.05020136,genesis,major_minor,all
2,6,4-2,876,0.0483257,genesis,major_minor,all
2,7,2-4,872,0.04810504,genesis,major_minor,all
2,8,1-2,860,0.04744304,genesis,major_minor,all
2,9,3-1,818,0.04512606,genesis,major_minor,all
2,10,1-3,770,0.04247807,genesis,major_minor,all
2,11,4-3,627,0.03458929,genesis,major_minor,all
2,12,3-4,574,0.03166547,genesis,major_minor,all
2,13,1-4,359,0.01980471,genesis,major_minor,all
2,14,4-1,325,0.01792906,genesis,major_minor,all
2,15,1-1,286,0.01577757,genesis,major_minor,all
2,16,4-4,204,0.01125393,genesis,major_minor,all
2,17,5-2,198,0.01092293,genesis,major_minor,all
2,18,2-5,197,0.01086777,genesis,major_minor,all
2,19,5-3,142,0.00783362,genesis,major_minor,all
2,20,3-5,124,0.00684062,genesis,major_minor,all
2,21,1-5,115,0.00634413,genesis,major_minor,all
2,22,5-1,81,0.00446847,genesis,major_minor,all
2,23,5-4,64,0.00353064,genesis,major_minor,all
2,24,6-2,48,0.00264798,genesis,major_minor,all
2,25,4-5,47,0.00259282,genesis,major_minor,all
2,26,1-6,39,0.00215149,genesis,major_minor,all
2,27,2-6,36,0.00198599,genesis,major_minor,all
2,28,6-3,24,0.00132399,genesis,major_minor,all
2,29,3-6,16,0.00088266,genesis,major_minor,all
2,30,6-1,16,0.00088266,genesis,major_minor,all
2,31,6-4,11,0.00060683,genesis,major_minor,all
2,32,1-7,10,0.00055166,genesis,major_minor,all
2,33,7-3,9,0.0004965,genesis,major_minor,all
2,34,5-5,9,0.0004965,genesis,major_minor,all
2,35,4-6,8,0.00044133,genesis,major_minor,all
2,36,2-7,8,0.00044133,genesis,major_minor,all
2,37,7-1,5,0.00027583,genesis,major_minor,all
2,38,3-7,4,0.00022067,genesis,major_minor,all
2,39,7-4,4,0.00022067,genesis,major_minor,all
2,40,7-2,4,0.00022067,genesis,major_minor,all
2,41,5-6,3,0.0001655,genesis,major_minor,all
2,42,6-5,3,0.0001655,genesis,major_minor,all
2,43,8-2,2,0.00011033,genesis,major_minor,all
2,44,4-7,2,0.00011033,genesis,major_minor,all
2,45,7-5,2,0.00011033,genesis,major_minor,all
2,46,1-8,2,0.00011033,genesis,major_minor,all
2,47,8-4,2,0.00011033,genesis,major_minor,all
2,48,2-8,1,5.517e-05,genesis,major_minor,all
2,49,4-8,1,5.517e-05,genesis,major_minor,all
3,1,2-2-2,1155,0.06372062,genesis,major_minor,all
3,2,2-3-2,1003,0.05533488,genesis,major_minor,all
3,3,2-2-3,930,0.05130751,genesis,major_minor,all
3,4,3-2-2,925,0.05103167,genesis,major_minor,all
3,5,3-2-3,833,0.04595609,genesis,major_minor,all
3,6,2-3-3,735,0.04054949,genesis,major_minor,all
3,7,3-3-2,727,0.04010813,genesis,major_minor,all
3,8,3-3-3,577,0.03183273,genesis,major_minor,all
3,9,2-2-4,365,0.02013682,genesis,major_minor,all
3,10,2-4-2,365,0.02013682,genesis,major_minor,all
3,11,1-2-2,356,0.0196403,genesis,major_minor,all
3,12,2-2-1,350,0.01930928,genesis,major_minor,all
3,13,2-3-1,347,0.01914377,genesis,major_minor,all
3,14,4-2-2,345,0.01903343,genesis,major_minor,all
3,15,1-3-2,333,0.0183714,genesis,major_minor,all
3,16,2-1-2,320,0.0176542,genesis,major_minor,all
3,17,3-2-1,316,0.01743352,genesis,major_minor,all
3,18,2-1-3,290,0.01599912,genesis,major_minor,all
3,19,3-1-2,279,0.01539225,genesis,major_minor,all
3,20,4-2-3,278,0.01533708,genesis,major_minor,all
3,21,4-3-2,272,0.01500607,genesis,major_minor,all
3,22,2-4-3,262,0.01445437,genesis,major_minor,all
3,23,3-1-3,259,0.01428887,genesis,major_minor,all
3,24,3-2-4,257,0.01417853,genesis,major_minor,all
3,25,1-2-3,252,0.01390268,genesis,major_minor,all
3,26,3-3-1,247,0.01362683,genesis,major_minor,all
3,27,3-4-2,243,0.01340616,genesis,major_minor,all
3,28,2-3-4,225,0.01241311,genesis,major_minor,all
3,29,1-3-3,210,0.01158557,genesis,major_minor,all
3,30,4-3-3,179,0.00987532,genesis,major_minor,all
3,31,3-4-3,172,0.00948913,genesis,major_minor,all
3,32,3-3-4,165,0.00910295,genesis,major_minor,all
3,33,1-4-2,156,0.00860642,genesis,major_minor,all
3,34,2-4-1,145,0.00799956,genesis,major_minor,all
3,35,2-1-4,132,0.00728236,genesis,major_minor,all
3,36,3-1-4,128,0.00706168,genesis,major_minor,all
3,37,1-2-1,120,0.00662032,genesis,major_minor,all
3,38,4-1-2,119,0.00656516,genesis,major_minor,all
3,39,4-2-4,119,0.00656516,genesis,major_minor,all
3,40,2-1-1,112,0.00617897,genesis,major_minor,all
3,41,1-1-2,111,0.0061238,genesis,major_minor,all
3,42,1-3-1,109,0.00601346,genesis,major_minor,all
3,43,4-2-1,106,0.00584795,genesis,major_minor,all
3,44,1-4-3,103,0.00568245,genesis,major_minor,all
3,45,1-2-4,98,0.0054066,genesis,major_minor,all
3,46,4-1-3,97,0.00535143,genesis,major_minor,all
3,47,3-1-1,90,0.00496524,genesis,major_minor,all
3,48,5-2-2,89,0.00491007,genesis,major_minor,all
3,49,1-1-3,88,0.0048549,genesis,major_minor,all
3,50,1-3-4,87,0.00479974,genesis,major_minor,all
4,1,2-2-2-2,482,0.0265931,genesis,major_minor,all
4,2,2-2-3-2,397,0.02190345,genesis,major_minor,all
4,3,2-3-2-2,386,0.02129655,genesis,major_minor,all
4,4,2-2-2-3,346,0.01908966,genesis,major_minor,all
4,5,2-3-2-3,346,0.01908966,genesis,major_minor,all
4,6,3-2-2-2,344,0.01897931,genesis,major_minor,all
4,7,3-2-3-2,338,0.01864828,genesis,major_minor,all
4,8,3-2-2-3,320,0.01765517,genesis,major_minor,all
4,9,2-3-3-2,304,0.01677241,genesis,major_minor,all
4,10,2-2-3-3,290,0.016,genesis,major_minor,all
4,11,3-3-2-2,280,0.01544828,genesis,major_minor,all
4,12,3-2-3-3,274,0.01511724,genesis,major_minor,all
4,13,3-3-2-3,257,0.01417931,genesis,major_minor,all
4,14,3-3-3-2,244,0.01346207,genesis,major_minor,all
4,15,2-3-3-3,230,0.01268966,genesis,major_minor,all
4,16,3-3-3-3,202,0.01114483,genesis,major_minor,all
4,17,2-2-4-2,153,0.00844138,genesis,major_minor,all
4,18,2-2-2-4,148,0.00816552,genesis,major_minor,all
4,19,1-2-2-2,148,0.00816552,genesis,major_minor,all
4,20,2-2-2-1,146,0.00805517,genesis,major_minor,all
4,21,2-4-2-2,145,0.008,genesis,major_minor,all
4,22,4-2-2-2,135,0.00744828,genesis,major_minor,all
4,23,1-3-2-2,134,0.0073931,genesis,major_minor,all
4,24,2-2-3-1,130,0.00717241,genesis,major_minor,all
4,25,2-1-2-2,127,0.0070069,genesis,major_minor,all
4,26,4-2-3-2,126,0.00695172,genesis,major_minor,all
4,27,3-2-3-1,126,0.00695172,genesis,major_minor,all
4,28,2-3-1-2,125,0.00689655,genesis,major_minor,all
4,29,2-4-2-3,125,0.00689655,genesis,major_minor,all
4,30,2-1-3-2,124,0.00684138,genesis,major_minor,all
4,31,2-3-3-1,123,0.00678621,genesis,major_minor,all
4,32,2-3-2-1,123,0.00678621,genesis,major_minor,all
4,33,3-2-1-2,122,0.00673103,genesis,major_minor,all
4,34,2-2-1-3,120,0.00662069,genesis,major_minor,all
4,35,1-2-2-3,120,0.00662069,genesis,major_minor,all
4,36,3-2-2-1,117,0.00645517,genesis,major_minor,all
4,37,2-3-2-4,116,0.0064,genesis,major_minor,all
4,38,3-2-4-2,115,0.00634483,genesis,major_minor,all
4,39,3-1-3-2,114,0.00628966,genesis,major_minor,all
4,40,3-1-2-2,114,0.00628966,genesis,major_minor,all
4,41,2-2-1-2,112,0.00617931,genesis,major_minor,all
4,42,4-2-2-3,111,0.00612414,genesis,major_minor,all
4,43,2-4-3-2,111,0.00612414,genesis,major_minor,all
4,44,2-3-1-3,110,0.00606897,genesis,major_minor,all
4,45,3-2-2-4,110,0.00606897,genesis,major_minor,all
4,46,1-2-3-2,108,0.00595862,genesis,major_minor,all
4,47,4-3-2-2,106,0.00584828,genesis,major_minor,all
4,48,1-3-2-3,105,0.0057931,genesis,major_minor,all
4,49,2-2-4-3,104,0.00573793,genesis,major_minor,all
4,50,2-1-2-3,104,0.00573793,genesis,major_minor,all
5,1,2-2-2-2-2,220,0.0121386,genesis,major_minor,all
5,2,2-2-3-2-2,156,0.00860737,genesis,major_minor,all
5,3,2-2-2-3-2,154,0.00849702,genesis,major_minor,all
5,4,2-3-2-2-2,152,0.00838667,genesis,major_minor,all
5,5,2-3-2-3-2,148,0.00816597,genesis,major_minor,all
5,6,2-2-3-2-3,139,0.00766939,genesis,major_minor,all
5,7,2-2-2-2-3,134,0.00739351,genesis,major_minor,all
5,8,3-2-2-3-2,134,0.00739351,genesis,major_minor,all
5,9,3-2-3-2-2,133,0.00733834,genesis,major_minor,all
5,10,2-3-2-2-3,130,0.00717281,genesis,major_minor,all
5,11,2-3-3-2-2,124,0.00684176,genesis,major_minor,all
5,12,3-2-2-2-2,122,0.00673141,genesis,major_minor,all
5,13,2-2-3-3-2,119,0.00656588,genesis,major_minor,all
5,14,3-2-3-3-2,118,0.0065107,genesis,major_minor,all
5,15,2-3-3-2-3,111,0.00612448,genesis,major_minor,all
5,16,3-2-2-3-3,109,0.00601412,genesis,major_minor,all
5,17,3-2-2-2-3,108,0.00595895,genesis,major_minor,all
5,18,3-2-3-2-3,108,0.00595895,genesis,major_minor,all
5,19,2-3-3-3-2,104,0.00573825,genesis,major_minor,all
5,20,3-3-2-2-2,104,0.00573825,genesis,major_minor,all
5,21,2-3-2-3-3,103,0.00568307,genesis,major_minor,all
5,22,3-3-2-3-2,99,0.00546237,genesis,major_minor,all
5,23,3-3-2-2-3,90,0.00496579,genesis,major_minor,all
5,24,3-2-3-3-3,89,0.00491062,genesis,major_minor,all
5,25,3-3-2-3-3,88,0.00485544,genesis,major_minor,all
5,26,2-2-2-3-3,87,0.00480026,genesis,major_minor,all
5,27,2-2-3-3-3,86,0.00474509,genesis,major_minor,all
5,28,2-3-3-3-3,84,0.00463474,genesis,major_minor,all
5,29,3-3-3-3-2,84,0.00463474,genesis,major_minor,all
5,30,3-3-3-2-3,82,0.00452439,genesis,major_minor,all
5,31,3-3-3-2-2,82,0.00452439,genesis,major_minor,all
5,32,3-3-3-3-3,76,0.00419333,genesis,major_minor,all
5,33,2-4-2-2-2,70,0.00386228,genesis,major_minor,all
5,34,1-2-2-2-2,69,0.00380711,genesis,major_minor,all
5,35,2-2-4-2-2,64,0.00353123,genesis,major_minor,all
5,36,2-2-2-3-1,61,0.0033657,genesis,major_minor,all
5,37,2-2-2-2-1,61,0.0033657,genesis,major_minor,all
5,38,2-2-3-3-1,59,0.00325535,genesis,major_minor,all
5,39,2-3-2-3-1,58,0.00320018,genesis,major_minor,all
5,40,2-2-2-4-2,57,0.003145,genesis,major_minor,all
5,41,2-2-1-3-2,56,0.00308983,genesis,major_minor,all
5,42,2-3-1-2-2,55,0.00303465,genesis,major_minor,all
5,43,3-2-1-2-2,55,0.00303465,genesis,major_minor,all
5,44,4-2-2-2-2,54,0.00297947,genesis,major_minor,all
5,45,2-3-2-4-2,54,0.00297947,genesis,major_minor,all
5,46,2-2-2-2-4,54,0.00297947,genesis,major_minor,all
5,47,3-2-2-2-1,54,0.00297947,genesis,major_minor,all
5,48,3-2-2-2-4,53,0.0029243,genesis,major_minor,all
5,49,2-1-2-2-2,53,0.0029243,genesis,major_minor,all
5,50,2-3-2-2-1,53,0.0029243,genesis,major_minor,all
6,1,2-2-2-2-2-2,104,0.00573856,genesis,major_minor,all
6,2,2-2-2-2-3-2,70,0.0038625,genesis,major_minor,all
6,3,2-2-3-2-2-2,65,0.0035866,genesis,major_minor,all
6,4,2-2-3-2-3-2,60,0.00331071,genesis,major_minor,all
6,5,2-2-2-3-2-2,60,0.00331071,genesis,major_minor,all
6,6,2-2-2-2-2-3,60,0.00331071,genesis,major_minor,all
6,7,3-2-2-2-2-2,58,0.00320035,genesis,major_minor,all
6,8,2-2-2-3-2-3,56,0.00309,genesis,major_minor,all
6,9,2-3-2-2-2-2,56,0.00309,genesis,major_minor,all
6,10,2-3-2-2-3-2,54,0.00297964,genesis,major_minor,all
6,11,2-2-3-2-2-3,54,0.00297964,genesis,major_minor,all
6,12,2-3-2-3-2-2,52,0.00286928,genesis,major_minor,all
6,13,2-3-2-3-2-3,52,0.00286928,genesis,major_minor,all
6,14,3-2-3-2-2-2,51,0.0028141,genesis,major_minor,all
6,15,3-2-2-3-2-2,51,0.0028141,genesis,major_minor,all
6,16,3-2-3-3-2-2,49,0.00270375,genesis,major_minor,all
6,17,3-2-2-2-3-2,46,0.00253821,genesis,major_minor,all
6,18,2-2-3-3-2-2,46,0.00253821,genesis,major_minor,all
6,19,2-3-2-2-3-3,45,0.00248303,genesis,major_minor,all
6,20,3-2-2-3-2-3,45,0.00248303,genesis,major_minor,all
6,21,3-3-2-2-2-2,45,0.00248303,genesis,major_minor,all
6,22,3-2-3-2-2-3,44,0.00242785,genesis,major_minor,all
6,23,2-2-3-3-3-2,44,0.00242785,genesis,major_minor,all
6,24,3-2-3-3-2-3,44,0.00242785,genesis,major_minor,all
6,25,3-2-3-2-3-2,43,0.00237268,genesis,major_minor,all
6,26,2-2-3-3-2-3,43,0.00237268,genesis,major_minor,all
6,27,2-3-3-2-2-2,42,0.0023175,genesis,major_minor,all
6,28,3-3-2-3-3-2,41,0.00226232,genesis,major_minor,all
6,29,2-3-2-3-3-2,41,0.00226232,genesis,major_minor,all
6,30,2-3-3-2-3-2,41,0.00226232,genesis,major_minor,all
6,31,3-3-2-3-2-2,40,0.00220714,genesis,major_minor,all
6,32,2-3-3-2-2-3,40,0.00220714,genesis,major_minor,all
6,33,3-3-2-2-3-2,40,0.00220714,genesis,major_minor,all
6,34,2-3-3-2-3-3,40,0.00220714,genesis,major_minor,all
6,35,3-2-3-2-3-3,39,0.00215196,genesis,major_minor,all
6,36,3-2-2-3-3-2,39,0.00215196,genesis,major_minor,all
6,37,2-2-2-3-3-2,39,0.00215196,genesis,major_minor,all
6,38,2-2-3-2-3-3,38,0.00209678,genesis,major_minor,all
6,39,2-3-3-3-3-2,37,0.0020416,genesis,major_minor,all
6,40,3-2-2-3-3-3,37,0.0020416,genesis,major_minor,all
6,41,3-3-2-2-2-3,37,0.0020416,genesis,major_minor,all
6,42,2-3-3-3-2-3,36,0.00198643,genesis,major_minor,all
6,43,3-2-3-3-3-2,36,0.00198643,genesis,major_minor,all
6,44,2-4-2-2-2-2,35,0.00193125,genesis,major_minor,all
6,45,2-3-2-3-3-3,34,0.00187607,genesis,major_minor,all
6,46,2-3-2-2-2-3,34,0.00187607,genesis,major_minor,all
6,47,3-3-3-2-3-2,33,0.00182089,genesis,major_minor,all
6,48,3-3-3-3-2-2,33,0.00182089,genesis,major_minor,all
6,49,3-3-3-2-2-2,33,0.00182089,genesis,major_minor,all
6,50,3-3-2-3-2-3,33,0.00182089,genesis,major_minor,all
2,1,2-2,2513,0.17184081,exodus,continuous,continuous
2,2,3-2,1838,0.12568381,exodus,continuous,continuous
2,3,2-3,1804,0.12335886,exodus,continuous,continuous
2,4,3-3,1398,0.09559628,exodus,continuous,continuous
2,5,4-2,700,0.04786652,exodus,continuous,continuous
2,6,2-4,697,0.04766138,exodus,continuous,continuous
2,7,2-1,687,0.04697757,exodus,continuous,continuous
2,8,1-2,646,0.04417396,exodus,continuous,continuous
2,9,3-1,610,0.04171225,exodus,continuous,continuous
2,10,4-3,579,0.03959245,exodus,continuous,continuous
2,11,1-3,565,0.03863512,exodus,continuous,continuous
2,12,3-4,532,0.03637856,exodus,continuous,continuous
2,13,4-4,232,0.01586433,exodus,continuous,continuous
2,14,1-4,231,0.01579595,exodus,continuous,continuous
2,15,4-1,221,0.01511214,exodus,continuous,continuous
2,16,1-1,194,0.01326586,exodus,continuous,continuous
2,17,5-2,178,0.01217177,exodus,continuous,continuous
2,18,2-5,174,0.01189825,exodus,continuous,continuous
2,19,5-3,158,0.01080416,exodus,continuous,continuous
2,20,3-5,136,0.00929978,exodus,continuous,continuous
2,21,1-5,107,0.00731674,exodus,continuous,continuous
2,22,5-4,70,0.00478665,exodus,continuous,continuous
2,23,5-1,56,0.00382932,exodus,continuous,continuous
2,24,4-5,45,0.00307713,exodus,continuous,continuous
2,25,2-6,35,0.00239333,exodus,continuous,continuous
2,26,6-2,34,0.00232495,exodus,continuous,continuous
2,27,1-6,32,0.00218818,exodus,continuous,continuous
2,28,6-3,24,0.00164114,exodus,continuous,continuous
2,29,6-4,24,0.00164114,exodus,continuous,continuous
2,30,3-6,18,0.00123085,exodus,continuous,continuous
2,31,5-5,17,0.00116247,exodus,continuous,continuous
2,32,6-1,14,0.00095733,exodus,continuous,continuous
2,33,4-6,12,0.00082057,exodus,continuous,continuous
2,34,1-7,11,0.00075219,exodus,continuous,continuous
2,35,7-1,6,0.00041028,exodus,continuous,continuous
2,36,7-3,4,0.00027352,exodus,continuous,continuous
2,37,5-6,3,0.00020514,exodus,continuous,continuous
2,38,7-2,3,0.00020514,exodus,continuous,continuous
2,39,7-4,3,0.00020514,exodus,continuous,continuous
2,40,6-5,3,0.00020514,exodus,continuous,continuous
2,41,2-7,2,0.00013676,exodus,continuous,continuous
2,42,1-8,2,0.00013676,exodus,continuous,continuous
2,43,3-7,2,0.00013676,exodus,continuous,continuous
2,44,6-7,1,6.838e-05,exodus,continuous,continuous
2,45,8-3,1,6.838e-05,exodus,continuous,continuous
2,46,8-5,1,6.838e-05,exodus,continuous,continuous
2,47,6-6,1,6.838e-05,exodus,continuous,continuous
3,1,2-2-2,1112,0.07604459,exodus,continuous,continuous
3,2,3-2-2,751,0.05135745,exodus,continuous,continuous
3,3,2-2-3,742,0.05074198,exodus,continuous,continuous
3,4,2-3-2,725,0.04957943,exodus,continuous,continuous
3,5,3-2-3,593,0.04055255,exodus,continuous,continuous
3,6,3-3-2,564,0.03856938,exodus,continuous,continuous
3,7,2-3-3,555,0.03795391,exodus,continuous,continuous
3,8,3-3-3,442,0.03022636,exodus,continuous,continuous
3,9,2-2-4,313,0.02140464,exodus,continuous,continuous
3,10,4-2-2,287,0.01962662,exodus,continuous,continuous
3,11,1-2-2,267,0.01825891,exodus,continuous,continuous
3,12,2-4-2,266,0.01819052,exodus,continuous,continuous
3,13,2-1-2,264,0.01805375,exodus,continuous,continuous
3,14,2-2-1,263,0.01798537,exodus,continuous,continuous
3,15,2-3-1,249,0.01702797,exodus,continuous,continuous
3,16,2-4-3,241,0.01648089,exodus,continuous,continuous
3,17,4-3-2,240,0.0164125,exodus,continuous,continuous
3,18,1-3-2,223,0.01524995,exodus,continuous,continuous
3,19,3-2-1,220,0.01504479,exodus,continuous,continuous
3,20,2-3-4,213,0.01456609,exodus,continuous,continuous
3,21,1-2-3,212,0.01449771,exodus,continuous,continuous
3,22,3-4-2,210,0.01436094,exodus,continuous,continuous
3,23,3-1-2,209,0.01429255,exodus,continuous,continuous
3,24,3-1-3,208,0.01422417,exodus,continuous,continuous
3,25,2-1-3,204,0.01395063,exodus,continuous,continuous
3,26,3-2-4,204,0.01395063,exodus,continuous,continuous
3,27,4-2-3,197,0.01347193,exodus,continuous,continuous
3,28,3-3-1,194,0.01326677,exodus,continuous,continuous
3,29,1-3-3,181,0.01237776,exodus,continuous,continuous
3,30,3-4-3,178,0.0121726,exodus,continuous,continuous
3,31,4-3-3,172,0.01176229,exodus,continuous,continuous
3,32,3-3-4,151,0.0103262,exodus,continuous,continuous
3,33,1-4-2,96,0.006565,exodus,continuous,continuous
3,34,4-2-1,95,0.00649661,exodus,continuous,continuous
3,35,4-2-4,95,0.00649661,exodus,continuous,continuous
3,36,3-1-4,92,0.00629146,exodus,continuous,continuous
3,37,4-4-2,92,0.00629146,exodus,continuous,continuous
3,38,2-4-1,91,0.00622307,exodus,continuous,continuous
3,39,1-2-1,88,0.00601792,exodus,continuous,continuous
3,40,4-1-2,85,0.00581276,exodus,continuous,continuous
3,41,1-3-1,82,0.0056076,exodus,continuous,continuous
3,42,2-1-1,82,0.0056076,exodus,continuous,continuous
3,43,2-4-4,79,0.00540245,exodus,continuous,continuous
3,44,4-3-4,76,0.00519729,exodus,continuous,continuous
3,45,5-2-2,76,0.00519729,exodus,continuous,continuous
3,46,2-5-2,75,0.00512891,exodus,continuous,continuous
3,47,2-1-4,74,0.00506052,exodus,continuous,continuous
3,48,5-3-2,74,0.00506052,exodus,continuous,continuous
3,49,4-1-3,71,0.00485536,exodus,continuous,continuous
3,50,1-1-2,70,0.00478698,exodus,continuous,continuous
4,1,2-2-2-2,512,0.03501573,exodus,continuous,continuous
4,2,3-2-2-2,329,0.02250034,exodus,continuous,continuous
4,3,2-3-2-2,321,0.02195322,exodus,continuous,continuous
4,4,2-2-3-2,308,0.02106415,exodus,continuous,continuous
4,5,2-2-2-3,303,0.0207222,exodus,continuous,continuous
4,6,3-2-3-2,238,0.01627684,exodus,continuous,continuous
4,7,3-2-2-3,229,0.01566133,exodus,continuous,continuous
4,8,2-3-3-2,228,0.01559294,exodus,continuous,continuous
4,9,2-3-2-3,227,0.01552455,exodus,continuous,continuous
4,10,2-2-3-3,225,0.01538777,exodus,continuous,continuous
4,11,3-3-2-2,208,0.01422514,exodus,continuous,continuous
4,12,3-3-2-3,198,0.01354124,exodus,continuous,continuous
4,13,3-2-3-3,182,0.012447,exodus,continuous,continuous
4,14,3-3-3-2,177,0.01210505,exodus,continuous,continuous
4,15,2-3-3-3,176,0.01203666,exodus,continuous,continuous
4,16,2-2-2-4,143,0.00977978,exodus,continuous,continuous
4,17,3-3-3-3,137,0.00936944,exodus,continuous,continuous
4,18,2-2-2-1,122,0.00834359,exodus,continuous,continuous
4,19,4-2-2-2,121,0.0082752,exodus,continuous,continuous
4,20,2-2-4-2,118,0.00807003,exodus,continuous,continuous
4,21,2-1-2-2,117,0.00800164,exodus,continuous,continuous
4,22,1-2-2-2,112,0.00765969,exodus,continuous,continuous
4,23,4-3-2-2,112,0.00765969,exodus,continuous,continuous
4,24,2-2-4-3,111,0.0075913,exodus,continuous,continuous
4,25,2-4-2-2,111,0.0075913,exodus,continuous,continuous
4,26,2-4-3-2,105,0.00718096,exodus,continuous,continuous
4,27,2-2-1-2,94,0.00642867,exodus,continuous,continuous
4,28,2-2-3-4,94,0.00642867,exodus,continuous,continuous
4,29,2-3-4-2,93,0.00636028,exodus,continuous,continuous
4,30,2-2-3-1,92,0.00629189,exodus,continuous,continuous
4,31,4-2-2-3,91,0.0062235,exodus,continuous,continuous
4,32,3-1-3-2,88,0.00601833,exodus,continuous,continuous
4,33,3-2-2-4,87,0.00594994,exodus,continuous,continuous
4,34,2-1-2-3,87,0.00594994,exodus,continuous,continuous
4,35,3-2-4-2,85,0.00581316,exodus,continuous,continuous
4,36,2-3-1-3,85,0.00581316,exodus,continuous,continuous
4,37,2-3-1-2,84,0.00574477,exodus,continuous,continuous
4,38,3-2-3-1,83,0.00567638,exodus,continuous,continuous
4,39,2-3-2-1,83,0.00567638,exodus,continuous,continuous
4,40,1-2-2-3,82,0.00560799,exodus,continuous,continuous
4,41,1-2-3-2,81,0.0055396,exodus,continuous,continuous
4,42,1-3-3-2,81,0.0055396,exodus,continuous,continuous
4,43,2-1-3-2,81,0.0055396,exodus,continuous,continuous
4,44,3-2-2-1,80,0.00547121,exodus,continuous,continuous
4,45,3-1-2-2,79,0.00540282,exodus,continuous,continuous
4,46,2-2-1-3,77,0.00526604,exodus,continuous,continuous
4,47,1-3-2-3,77,0.00526604,exodus,continuous,continuous
4,48,3-4-3-2,77,0.00526604,exodus,continuous,continuous
4,49,3-1-2-3,76,0.00519765,exodus,continuous,continuous
4,50,3-2-1-3,76,0.00519765,exodus,continuous,continuous
5,1,2-2-2-2-2,231,0.01579919,exodus,continuous,continuous
5,2,3-2-2-2-2,168,0.01149032,exodus,continuous,continuous
5,3,2-2-3-2-2,138,0.00943848,exodus,continuous,continuous
5,4,2-2-2-2-3,138,0.00943848,exodus,continuous,continuous
5,5,2-3-2-2-2,136,0.00930169,exodus,continuous,continuous
5,6,2-2-2-3-2,128,0.00875453,exodus,continuous,continuous
5,7,3-2-3-2-2,100,0.00683948,exodus,continuous,continuous
5,8,2-3-2-2-3,97,0.00663429,exodus,continuous,continuous
5,9,2-3-2-3-2,96,0.0065659,exodus,continuous,continuous
5,10,2-2-3-2-3,94,0.00642911,exodus,continuous,continuous
5,11,2-2-3-3-2,89,0.00608713,exodus,continuous,continuous
5,12,3-2-2-2-3,87,0.00595035,exodus,continuous,continuous
5,13,3-2-2-3-2,86,0.00588195,exodus,continuous,continuous
5,14,3-3-2-2-2,84,0.00574516,exodus,continuous,continuous
5,15,3-3-2-3-2,82,0.00560837,exodus,continuous,continuous
5,16,2-2-2-3-3,81,0.00553998,exodus,continuous,continuous
5,17,2-3-3-2-2,80,0.00547158,exodus,continuous,continuous
5,18,3-2-3-2-3,77,0.0052664,exodus,continuous,continuous
5,19,2-3-3-2-3,77,0.0052664,exodus,continuous,continuous
5,20,3-2-2-3-3,76,0.005198,exodus,continuous,continuous
5,21,3-3-2-2-3,71,0.00485603,exodus,continuous,continuous
5,22,3-3-3-2-2,70,0.00478763,exodus,continuous,continuous
5,23,2-3-3-3-2,70,0.00478763,exodus,continuous,continuous
5,24,2-2-3-3-3,67,0.00458245,exodus,continuous,continuous
5,25,2-2-2-2-4,67,0.00458245,exodus,continuous,continuous
5,26,3-2-3-3-2,67,0.00458245,exodus,continuous,continuous
5,27,3-3-3-2-3,64,0.00437727,exodus,continuous,continuous
5,28,3-3-2-3-3,64,0.00437727,exodus,continuous,continuous
5,29,3-2-3-3-3,63,0.00430887,exodus,continuous,continuous
5,30,2-3-2-3-3,63,0.00430887,exodus,continuous,continuous
5,31,2-2-2-2-1,61,0.00417208,exodus,continuous,continuous
5,32,2-3-3-3-3,58,0.0039669,exodus,continuous,continuous
5,33,3-3-3-3-2,58,0.0039669,exodus,continuous,continuous
5,34,4-3-2-2-2,57,0.0038985,exodus,continuous,continuous
5,35,2-2-4-3-2,55,0.00376171,exodus,continuous,continuous
5,36,4-2-2-2-2,55,0.00376171,exodus,continuous,continuous
5,37,2-2-2-4-2,54,0.00369332,exodus,continuous,continuous
5,38,2-2-2-4-3,52,0.00355653,exodus,continuous,continuous
5,39,2-4-3-2-2,51,0.00348813,exodus,continuous,continuous
5,40,2-2-4-2-2,51,0.00348813,exodus,continuous,continuous
5,41,2-3-2-2-4,49,0.00335134,exodus,continuous,continuous
5,42,2-4-2-2-2,48,0.00328295,exodus,continuous,continuous
5,43,2-1-2-2-2,47,0.00321455,exodus,continuous,continuous
5,44,2-2-3-4-2,46,0.00314616,exodus,continuous,continuous
5,45,1-2-2-2-3,42,0.00287258,exodus,continuous,continuous
5,46,2-2-1-2-2,42,0.00287258,exodus,continuous,continuous
5,47,1-2-2-2-2,42,0.00287258,exodus,continuous,continuous
5,48,2-2-2-3-4,41,0.00280419,exodus,continuous,continuous
5,49,3-3-3-3-3,41,0.00280419,exodus,continuous,continuous
5,50,2-2-2-3-1,41,0.00280419,exodus,continuous,continuous
6,1,2-2-2-2-2-2,97,0.00663475,exodus,continuous,continuous
6,2,3-2-2-2-2-2,78,0.00533516,exodus,continuous,continuous
6,3,2-3-2-2-2-2,65,0.00444596,exodus,continuous,continuous
6,4,2-2-2-2-3-2,61,0.00417237,exodus,continuous,continuous
6,5,2-2-3-2-2-2,60,0.00410397,exodus,continuous,continuous
6,6,2-2-2-2-2-3,60,0.00410397,exodus,continuous,continuous
6,7,2-2-2-3-2-2,54,0.00369357,exodus,continuous,continuous
6,8,3-2-2-2-2-3,52,0.00355677,exodus,continuous,continuous
6,9,2-2-3-2-2-3,44,0.00300958,exodus,continuous,continuous
6,10,3-2-2-3-2-2,44,0.00300958,exodus,continuous,continuous
6,11,2-2-2-3-2-3,42,0.00287278,exodus,continuous,continuous
6,12,2-3-2-3-2-2,41,0.00280438,exodus,continuous,continuous
6,13,3-3-2-2-2-2,40,0.00273598,exodus,continuous,continuous
6,14,2-3-2-2-2-3,39,0.00266758,exodus,continuous,continuous
6,15,3-2-3-2-2-2,39,0.00266758,exodus,continuous,continuous
6,16,2-3-2-2-3-2,39,0.00266758,exodus,continuous,continuous
6,17,2-2-2-2-3-3,38,0.00259918,exodus,continuous,continuous
6,18,2-2-2-2-2-4,37,0.00253078,exodus,continuous,continuous
6,19,2-3-3-2-3-2,37,0.00253078,exodus,continuous,continuous
6,20,2-3-3-2-2-2,37,0.00253078,exodus,continuous,continuous
6,21,2-2-3-2-3-2,36,0.00246238,exodus,continuous,continuous
6,22,3-2-2-3-3-2,36,0.00246238,exodus,continuous,continuous
6,23,4-3-2-2-2-2,36,0.00246238,exodus,continuous,continuous
6,24,3-2-3-2-3-2,34,0.00232558,exodus,continuous,continuous
6,25,3-3-2-3-2-2,33,0.00225718,exodus,continuous,continuous
6,26,2-3-2-2-3-3,32,0.00218878,exodus,continuous,continuous
6,27,2-2-2-2-2-1,31,0.00212038,exodus,continuous,continuous
6,28,2-2-3-3-2-2,31,0.00212038,exodus,continuous,continuous
6,29,3-2-3-2-2-3,31,0.00212038,exodus,continuous,continuous
6,30,2-2-2-3-3-3,30,0.00205198,exodus,continuous,continuous
6,31,2-2-2-2-4-3,30,0.00205198,exodus,continuous,continuous
6,32,2-3-2-3-2-3,30,0.00205198,exodus,continuous,continuous
6,33,2-2-4-3-2-2,30,0.00205198,exodus,continuous,continuous
6,34,3-2-3-3-3-2,30,0.00205198,exodus,continuous,continuous
6,35,4-2-2-2-2-2,30,0.00205198,exodus,continuous,continuous
6,36,3-2-2-2-3-2,29,0.00198358,exodus,continuous,continuous
6,37,2-2-3-3-3-2,28,0.00191518,exodus,continuous,continuous
6,38,2-2-3-3-2-3,28,0.00191518,exodus,continuous,continuous
6,39,2-4-3-2-2-2,27,0.00184679,exodus,continuous,continuous
6,40,2-2-2-3-3-2,27,0.00184679,exodus,continuous,continuous
6,41,3-3-3-2-3-3,27,0.00184679,exodus,continuous,continuous
6,42,2-3-3-3-3-2,27,0.00184679,exodus,continuous,continuous
6,43,2-2-2-4-3-2,27,0.00184679,exodus,continuous,continuous
6,44,3-3-2-3-2-3,27,0.00184679,exodus,continuous,continuous
6,45,3-2-3-3-2-3,26,0.00177839,exodus,continuous,continuous
6,46,2-2-3-2-3-3,26,0.00177839,exodus,continuous,continuous
6,47,3-3-2-2-2-3,26,0.00177839,exodus,continuous,continuous
6,48,3-3-2-2-3-2,26,0.00177839,exodus,continuous,continuous
6,49,2-2-2-2-4-2,25,0.00170999,exodus,continuous,continuous
6,50,3-3-3-2-2-2,25,0.00170999,exodus,continuous,continuous
2,1,2-2,2399,0.17876304,exodus,sof_only,within
2,2,3-2,1669,0.12436662,exodus,sof_only,within
2,3,2-3,1658,0.12354694,exodus,sof_only,within
2,4,3-3,1251,0.09321908,exodus,sof_only,within
2,5,2-1,673,0.05014903,exodus,sof_only,within
2,6,1-2,622,0.04634873,exodus,sof_only,within
2,7,4-2,612,0.04560358,exodus,sof_only,within
2,8,2-4,588,0.0438152,exodus,sof_only,within
2,9,3-1,556,0.0414307,exodus,sof_only,within
2,10,4-3,528,0.03934426,exodus,sof_only,within
2,11,1-3,527,0.03926975,exodus,sof_only,within
2,12,3-4,490,0.03651267,exodus,sof_only,within
2,13,1-4,216,0.01609538,exodus,sof_only,within
2,14,4-4,203,0.01512668,exodus,sof_only,within
2,15,4-1,188,0.01400894,exodus,sof_only,within
2,16,1-1,182,0.01356185,exodus,sof_only,within
2,17,5-2,166,0.0123696,exodus,sof_only,within
2,18,2-5,147,0.0109538,exodus,sof_only,within
2,19,3-5,134,0.0099851,exodus,sof_only,within
2,20,5-3,129,0.00961252,exodus,sof_only,within
2,21,1-5,93,0.00692996,exodus,sof_only,within
2,22,5-4,60,0.00447094,exodus,sof_only,within
2,23,5-1,57,0.00424739,exodus,sof_only,within
2,24,4-5,39,0.00290611,exodus,sof_only,within
2,25,2-6,33,0.00245902,exodus,sof_only,within
2,26,6-2,29,0.00216095,exodus,sof_only,within
2,27,1-6,27,0.00201192,exodus,sof_only,within
2,28,6-4,23,0.00171386,exodus,sof_only,within
2,29,6-3,21,0.00156483,exodus,sof_only,within
2,30,3-6,17,0.00126677,exodus,sof_only,within
2,31,6-1,15,0.00111773,exodus,sof_only,within
2,32,5-5,13,0.0009687,exodus,sof_only,within
2,33,4-6,12,0.00089419,exodus,sof_only,within
2,34,1-7,9,0.00067064,exodus,sof_only,within
2,35,7-1,7,0.00052161,exodus,sof_only,within
2,36,7-3,4,0.00029806,exodus,sof_only,within
2,37,3-7,4,0.00029806,exodus,sof_only,within
2,38,5-6,3,0.00022355,exodus,sof_only,within
2,39,7-2,3,0.00022355,exodus,sof_only,within
2,40,6-5,3,0.00022355,exodus,sof_only,within
2,41,2-7,2,0.00014903,exodus,sof_only,within
2,42,1-8,2,0.00014903,exodus,sof_only,within
2,43,8-3,2,0.00014903,exodus,sof_only,within
2,44,7-4,2,0.00014903,exodus,sof_only,within
2,45,6-7,1,7.452e-05,exodus,sof_only,within
2,46,6-6,1,7.452e-05,exodus,sof_only,within
3,1,2-2-2,1073,0.07996125,exodus,sof_only,within
3,2,3-2-2,705,0.05253745,exodus,sof_only,within
3,3,2-2-3,702,0.05231388,exodus,sof_only,within
3,4,2-3-2,664,0.04948208,exodus,sof_only,within
3,5,3-2-3,534,0.03979432,exodus,sof_only,within
3,6,2-3-3,511,0.03808033,exodus,sof_only,within
3,7,3-3-2,505,0.03763321,exodus,sof_only,within
3,8,3-3-3,375,0.02794545,exodus,sof_only,within
3,9,2-2-4,278,0.02071689,exodus,sof_only,within
3,10,1-2-2,272,0.02026977,exodus,sof_only,within
3,11,2-2-1,268,0.01997168,exodus,sof_only,within
3,12,2-1-2,265,0.01974812,exodus,sof_only,within
3,13,4-2-2,264,0.0196736,exodus,sof_only,within
3,14,2-4-2,233,0.01736344,exodus,sof_only,within
3,15,2-3-1,230,0.01713988,exodus,sof_only,within
3,16,4-3-2,227,0.01691631,exodus,sof_only,within
3,17,3-2-1,214,0.01594754,exodus,sof_only,within
3,18,1-3-2,204,0.01520233,exodus,sof_only,within
3,19,2-4-3,203,0.0151278,exodus,sof_only,within
3,20,2-1-3,199,0.01482972,exodus,sof_only,within
3,21,2-3-4,199,0.01482972,exodus,sof_only,within
3,22,3-1-2,192,0.01430807,exodus,sof_only,within
3,23,1-2-3,189,0.01408451,exodus,sof_only,within
3,24,3-1-3,188,0.01400999,exodus,sof_only,within
3,25,3-4-2,183,0.01363738,exodus,sof_only,within
3,26,3-4-3,177,0.01319025,exodus,sof_only,within
3,27,4-2-3,175,0.01304121,exodus,sof_only,within
3,28,3-3-1,174,0.01296669,exodus,sof_only,within
3,29,1-3-3,167,0.01244504,exodus,sof_only,within
3,30,3-2-4,160,0.01192339,exodus,sof_only,within
3,31,4-3-3,153,0.01140174,exodus,sof_only,within
3,32,3-3-4,138,0.01028393,exodus,sof_only,within
3,33,3-1-4,92,0.00685595,exodus,sof_only,within
3,34,1-4-2,88,0.00655787,exodus,sof_only,within
3,35,1-2-1,88,0.00655787,exodus,sof_only,within
3,36,4-2-1,84,0.00625978,exodus,sof_only,within
3,37,4-1-2,78,0.00581265,exodus,sof_only,within
3,38,2-1-1,78,0.00581265,exodus,sof_only,within
3,39,1-3-1,75,0.00558909,exodus,sof_only,within
3,40,2-1-4,74,0.00551457,exodus,sof_only,within
3,41,4-4-2,73,0.00544005,exodus,sof_only,within
3,42,2-4-1,72,0.00536553,exodus,sof_only,within
3,43,4-2-4,72,0.00536553,exodus,sof_only,within
3,44,5-2-2,71,0.00529101,exodus,sof_only,within
3,45,3-4-4,68,0.00506744,exodus,sof_only,within
3,46,1-3-4,66,0.0049184,exodus,sof_only,within
3,47,4-4-3,66,0.0049184,exodus,sof_only,within
3,48,4-3-4,66,0.0049184,exodus,sof_only,within
3,49,4-3-1,63,0.00469484,exodus,sof_only,within
3,50,2-2-5,63,0.00469484,exodus,sof_only,within
4,1,2-2-2-2,480,0.03577284,exodus,sof_only,within
4,2,3-2-2-2,324,0.02414667,exodus,sof_only,within
4,3,2-2-2-3,299,0.0222835,exodus,sof_only,within
4,4,2-2-3-2,298,0.02220897,exodus,sof_only,within
4,5,2-3-2-2,290,0.02161276,exodus,sof_only,within
4,6,3-2-2-3,220,0.01639589,exodus,sof_only,within
4,7,2-2-3-3,208,0.01550157,exodus,sof_only,within
4,8,3-2-3-2,201,0.01497988,exodus,sof_only,within
4,9,2-3-2-3,200,0.01490535,exodus,sof_only,within
4,10,3-3-2-2,198,0.0147563,exodus,sof_only,within
4,11,2-3-3-2,197,0.01468177,exodus,sof_only,within
4,12,3-3-2-3,179,0.01334029,exodus,sof_only,within
4,13,3-2-3-3,164,0.01222239,exodus,sof_only,within
4,14,2-3-3-3,157,0.0117007,exodus,sof_only,within
4,15,3-3-3-2,156,0.01162617,exodus,sof_only,within
4,16,2-2-2-1,131,0.009763,exodus,sof_only,within
4,17,2-2-2-4,129,0.00961395,exodus,sof_only,within
4,18,2-1-2-2,125,0.00931584,exodus,sof_only,within
4,19,1-2-2-2,124,0.00924132,exodus,sof_only,within
4,20,4-2-2-2,113,0.00842152,exodus,sof_only,within
4,21,3-3-3-3,111,0.00827247,exodus,sof_only,within
4,22,4-3-2-2,110,0.00819794,exodus,sof_only,within
4,23,2-2-1-2,108,0.00804889,exodus,sof_only,within
4,24,2-2-4-2,106,0.00789984,exodus,sof_only,within
4,25,2-2-4-3,102,0.00760173,exodus,sof_only,within
4,26,2-4-2-2,99,0.00737815,exodus,sof_only,within
4,27,2-3-2-1,90,0.00670741,exodus,sof_only,within
4,28,2-2-3-1,89,0.00663288,exodus,sof_only,within
4,29,2-4-3-2,87,0.00648383,exodus,sof_only,within
4,30,2-2-3-4,86,0.0064093,exodus,sof_only,within
4,31,3-2-3-1,82,0.00611119,exodus,sof_only,within
4,32,3-1-2-2,80,0.00596214,exodus,sof_only,within
4,33,3-4-3-2,79,0.00588761,exodus,sof_only,within
4,34,2-1-2-3,79,0.00588761,exodus,sof_only,within
4,35,1-2-2-3,77,0.00573856,exodus,sof_only,within
4,36,1-2-3-2,77,0.00573856,exodus,sof_only,within
4,37,3-2-1-3,76,0.00566403,exodus,sof_only,within
4,38,2-3-4-3,76,0.00566403,exodus,sof_only,within
4,39,2-1-3-2,76,0.00566403,exodus,sof_only,within
4,40,2-2-1-3,75,0.00558951,exodus,sof_only,within
4,41,3-4-2-2,75,0.00558951,exodus,sof_only,within
4,42,2-3-4-2,75,0.00558951,exodus,sof_only,within
4,43,2-3-3-1,75,0.00558951,exodus,sof_only,within
4,44,4-2-2-3,74,0.00551498,exodus,sof_only,within
4,45,2-3-1-3,73,0.00544045,exodus,sof_only,within
4,46,1-3-2-2,73,0.00544045,exodus,sof_only,within
4,47,3-2-1-2,72,0.00536593,exodus,sof_only,within
4,48,2-3-1-2,72,0.00536593,exodus,sof_only,within
4,49,1-3-3-2,72,0.00536593,exodus,sof_only,within
4,50,3-2-4-2,71,0.0052914,exodus,sof_only,within
5,1,2-2-2-2-2,205,0.01527912,exodus,sof_only,within
5,2,3-2-2-2-2,150,0.01117985,exodus,sof_only,within
5,3,2-2-2-2-3,138,0.01028546,exodus,sof_only,within
5,4,2-2-3-2-2,135,0.01006186,exodus,sof_only,within
5,5,2-3-2-2-2,133,0.0099128,exodus,sof_only,within
5,6,2-2-2-3-2,128,0.00954014,exodus,sof_only,within
5,7,2-3-2-2-3,91,0.00678244,exodus,sof_only,within
5,8,3-2-2-3-2,89,0.00663338,exodus,sof_only,within
5,9,3-2-2-2-3,87,0.00648431,exodus,sof_only,within
5,10,2-2-3-2-3,84,0.00626071,exodus,sof_only,within
5,11,3-3-2-2-2,84,0.00626071,exodus,sof_only,within
5,12,3-2-3-2-2,83,0.00618618,exodus,sof_only,within
5,13,2-3-2-3-2,83,0.00618618,exodus,sof_only,within
5,14,2-2-2-3-3,81,0.00603712,exodus,sof_only,within
5,15,3-3-3-2-2,70,0.00521726,exodus,sof_only,within
5,16,3-3-2-3-2,70,0.00521726,exodus,sof_only,within
5,17,2-3-3-2-2,69,0.00514273,exodus,sof_only,within
5,18,2-2-3-3-2,68,0.0050682,exodus,sof_only,within
5,19,3-2-3-3-2,67,0.00499366,exodus,sof_only,within
5,20,2-3-3-2-3,67,0.00499366,exodus,sof_only,within
5,21,3-2-3-2-3,67,0.00499366,exodus,sof_only,within
5,22,3-2-2-3-3,67,0.00499366,exodus,sof_only,within
5,23,2-3-3-3-2,67,0.00499366,exodus,sof_only,within
5,24,3-3-2-2-3,65,0.0048446,exodus,sof_only,within
5,25,2-2-2-2-1,64,0.00477007,exodus,sof_only,within
5,26,2-2-3-3-3,63,0.00469554,exodus,sof_only,within
5,27,4-2-2-2-2,62,0.004621,exodus,sof_only,within
5,28,2-2-2-2-4,61,0.00454647,exodus,sof_only,within
5,29,3-3-2-3-3,58,0.00432287,exodus,sof_only,within
5,30,3-3-3-2-3,57,0.00424834,exodus,sof_only,within
5,31,2-2-2-4-2,54,0.00402474,exodus,sof_only,within
5,32,2-2-1-2-2,53,0.00395021,exodus,sof_only,within
5,33,4-3-2-2-2,53,0.00395021,exodus,sof_only,within
5,34,2-1-2-2-2,52,0.00387568,exodus,sof_only,within
5,35,3-2-3-3-3,51,0.00380115,exodus,sof_only,within
5,36,2-2-2-4-3,50,0.00372662,exodus,sof_only,within
5,37,2-3-3-3-3,47,0.00350302,exodus,sof_only,within
5,38,3-3-3-3-2,47,0.00350302,exodus,sof_only,within
5,39,2-3-2-3-3,47,0.00350302,exodus,sof_only,within
5,40,1-2-2-2-2,47,0.00350302,exodus,sof_only,within
5,41,2-2-4-2-2,47,0.00350302,exodus,sof_only,within
5,42,2-2-4-3-2,45,0.00335395,exodus,sof_only,within
5,43,2-4-2-2-2,45,0.00335395,exodus,sof_only,within
5,44,2-2-2-1-2,45,0.00335395,exodus,sof_only,within
5,45,2-4-3-2-2,42,0.00313036,exodus,sof_only,within
5,46,2-2-2-3-1,42,0.00313036,exodus,sof_only,within
5,47,3-1-2-2-2,42,0.00313036,exodus,sof_only,within
5,48,2-2-3-4-2,41,0.00305582,exodus,sof_only,within
5,49,1-2-2-2-3,41,0.00305582,exodus,sof_only,within
5,50,2-3-4-3-2,41,0.00305582,exodus,sof_only,within
6,1,3-2-2-2-2-2,74,0.0055158,exodus,sof_only,within
6,2,2-2-2-2-2-2,72,0.00536673,exodus,sof_only,within
6,3,2-3-2-2-2-2,65,0.00484496,exodus,sof_only,within
6,4,2-2-3-2-2-2,65,0.00484496,exodus,sof_only,within
6,5,2-2-2-2-3-2,64,0.00477042,exodus,sof_only,within
6,6,2-2-2-2-2-3,62,0.00462135,exodus,sof_only,within
6,7,2-2-2-3-2-2,53,0.00395051,exodus,sof_only,within
6,8,3-2-2-3-2-2,47,0.00350328,exodus,sof_only,within
6,9,3-2-2-2-2-3,43,0.00320513,exodus,sof_only,within
6,10,2-3-2-2-3-2,41,0.00305605,exodus,sof_only,within
6,11,2-2-2-3-2-3,40,0.00298151,exodus,sof_only,within
6,12,2-2-2-2-3-3,40,0.00298151,exodus,sof_only,within
6,13,3-2-3-2-2-2,38,0.00283244,exodus,sof_only,within
6,14,2-2-3-2-2-3,38,0.00283244,exodus,sof_only,within
6,15,2-3-2-3-2-2,37,0.0027579,exodus,sof_only,within
6,16,2-2-3-2-3-2,35,0.00260883,exodus,sof_only,within
6,17,2-3-2-2-2-3,34,0.00253429,exodus,sof_only,within
6,18,3-2-2-2-3-2,33,0.00245975,exodus,sof_only,within
6,19,3-3-2-2-2-2,33,0.00245975,exodus,sof_only,within
6,20,2-3-3-3-2-2,33,0.00245975,exodus,sof_only,within
6,21,2-2-2-2-2-4,33,0.00245975,exodus,sof_only,within
6,22,2-3-3-2-2-2,32,0.00238521,exodus,sof_only,within
6,23,2-2-2-2-2-1,31,0.00231067,exodus,sof_only,within
6,24,2-2-3-3-3-2,31,0.00231067,exodus,sof_only,within
6,25,2-2-2-3-3-3,30,0.00223614,exodus,sof_only,within
6,26,2-3-3-2-3-2,29,0.0021616,exodus,sof_only,within
6,27,3-2-3-2-2-3,29,0.0021616,exodus,sof_only,within
6,28,2-3-2-3-2-3,29,0.0021616,exodus,sof_only,within
6,29,4-2-2-2-2-2,28,0.00208706,exodus,sof_only,within
6,30,3-3-3-2-2-2,28,0.00208706,exodus,sof_only,within
6,31,4-3-2-2-2-2,28,0.00208706,exodus,sof_only,within
6,32,2-2-4-3-2-2,27,0.00201252,exodus,sof_only,within
6,33,3-2-3-3-2-3,27,0.00201252,exodus,sof_only,within
6,34,3-3-2-3-2-2,27,0.00201252,exodus,sof_only,within
6,35,2-2-2-2-4-3,27,0.00201252,exodus,sof_only,within
6,36,1-2-2-2-2-2,27,0.00201252,exodus,sof_only,within
6,37,2-3-2-2-3-3,27,0.00201252,exodus,sof_only,within
6,38,3-2-3-2-3-2,26,0.00193798,exodus,sof_only,within
6,39,2-4-2-2-2-2,25,0.00186345,exodus,sof_only,within
6,40,2-2-2-3-3-2,24,0.00178891,exodus,sof_only,within
6,41,2-2-2-2-4-2,24,0.00178891,exodus,sof_only,within
6,42,2-2-3-3-2-3,24,0.00178891,exodus,sof_only,within
6,43,3-3-2-2-2-3,24,0.00178891,exodus,sof_only,within
6,44,2-2-2-4-2-2,24,0.00178891,exodus,sof_only,within
6,45,2-2-1-2-2-2,23,0.00171437,exodus,sof_only,within
6,46,2-3-3-2-2-3,23,0.00171437,exodus,sof_only,within
6,47,2-3-3-2-3-3,23,0.00171437,exodus,sof_only,within
6,48,3-2-3-3-3-2,23,0.00171437,exodus,sof_only,within
6,49,2-2-4-2-2-2,23,0.00171437,exodus,sof_only,within
6,50,3-4-3-2-2-2,22,0.00163983,exodus,sof_only,within
2,1,3-3,152,0.12635079,exodus,sof_only,cross_reset
2,2,2-3,150,0.12468828,exodus,sof_only,cross_reset
2,3,2-2,148,0.12302577,exodus,sof_only,cross_reset
2,4,3-2,138,0.11471322,exodus,sof_only,cross_reset
2,5,4-2,69,0.05735661,exodus,sof_only,cross_reset
2,6,3-4,68,0.05652535,exodus,sof_only,cross_reset
2,7,4-3,66,0.05486284,exodus,sof_only,cross_reset
2,8,2-4,60,0.04987531,exodus,sof_only,cross_reset
2,9,4-4,44,0.03657523,exodus,sof_only,cross_reset
2,10,2-1,36,0.02992519,exodus,sof_only,cross_reset
2,11,1-3,33,0.02743142,exodus,sof_only,cross_reset
2,12,3-1,32,0.02660017,exodus,sof_only,cross_reset
2,13,1-2,32,0.02660017,exodus,sof_only,cross_reset
2,14,1-1,23,0.01911887,exodus,sof_only,cross_reset
2,15,5-2,21,0.01745636,exodus,sof_only,cross_reset
2,16,3-5,20,0.0166251,exodus,sof_only,cross_reset
2,17,1-4,18,0.01496259,exodus,sof_only,cross_reset
2,18,2-5,16,0.01330008,exodus,sof_only,cross_reset
2,19,4-1,15,0.01246883,exodus,sof_only,cross_reset
2,20,5-4,13,0.01080632,exodus,sof_only,cross_reset
2,21,4-5,12,0.00997506,exodus,sof_only,cross_reset
2,22,5-3,12,0.00997506,exodus,sof_only,cross_reset
2,23,6-4,4,0.00332502,exodus,sof_only,cross_reset
2,24,5-1,4,0.00332502,exodus,sof_only,cross_reset
2,25,6-2,3,0.00249377,exodus,sof_only,cross_reset
2,26,5-5,3,0.00249377,exodus,sof_only,cross_reset
2,27,3-6,3,0.00249377,exodus,sof_only,cross_reset
2,28,2-6,2,0.00166251,exodus,sof_only,cross_reset
2,29,1-5,2,0.00166251,exodus,sof_only,cross_reset
2,30,4-6,1,0.00083126,exodus,sof_only,cross_reset
2,31,6-5,1,0.00083126,exodus,sof_only,cross_reset
2,32,1-6,1,0.00083126,exodus,sof_only,cross_reset
2,33,5-6,1,0.00083126,exodus,sof_only,cross_reset
3,1,3-3-3,65,0.05407654,exodus,sof_only,cross_reset
3,2,2-3-2,55,0.04575707,exodus,sof_only,cross_reset
3,3,2-2-3,54,0.04492512,exodus,sof_only,cross_reset
3,4,3-2-3,54,0.04492512,exodus,sof_only,cross_reset
3,5,3-2-2,52,0.04326123,exodus,sof_only,cross_reset
3,6,2-2-2,52,0.04326123,exodus,sof_only,cross_reset
3,7,2-3-3,47,0.0391015,exodus,sof_only,cross_reset
3,8,3-3-2,43,0.03577371,exodus,sof_only,cross_reset
3,9,3-3-4,29,0.02412646,exodus,sof_only,cross_reset
3,10,4-3-3,26,0.02163062,exodus,sof_only,cross_reset
3,11,4-2-3,25,0.02079867,exodus,sof_only,cross_reset
3,12,2-2-4,24,0.01996672,exodus,sof_only,cross_reset
3,13,2-4-2,23,0.01913478,exodus,sof_only,cross_reset
3,14,3-4-2,23,0.01913478,exodus,sof_only,cross_reset
3,15,3-4-3,22,0.01830283,exodus,sof_only,cross_reset
3,16,2-3-4,22,0.01830283,exodus,sof_only,cross_reset
3,17,4-2-2,21,0.01747088,exodus,sof_only,cross_reset
3,18,2-4-3,19,0.01580699,exodus,sof_only,cross_reset
3,19,4-3-2,19,0.01580699,exodus,sof_only,cross_reset
3,20,3-4-4,18,0.01497504,exodus,sof_only,cross_reset
3,21,1-3-2,18,0.01497504,exodus,sof_only,cross_reset
3,22,3-2-4,17,0.01414309,exodus,sof_only,cross_reset
3,23,2-3-1,14,0.01164725,exodus,sof_only,cross_reset
3,24,1-2-2,14,0.01164725,exodus,sof_only,cross_reset
3,25,4-4-2,13,0.01081531,exodus,sof_only,cross_reset
3,26,4-4-3,13,0.01081531,exodus,sof_only,cross_reset
3,27,2-2-1,13,0.01081531,exodus,sof_only,cross_reset
3,28,2-1-3,12,0.00998336,exodus,sof_only,cross_reset
3,29,3-1-3,11,0.00915141,exodus,sof_only,cross_reset
3,30,3-1-2,11,0.00915141,exodus,sof_only,cross_reset
3,31,2-1-2,11,0.00915141,exodus,sof_only,cross_reset
3,32,2-4-4,10,0.00831947,exodus,sof_only,cross_reset
3,33,4-2-4,10,0.00831947,exodus,sof_only,cross_reset
3,34,2-3-5,10,0.00831947,exodus,sof_only,cross_reset
3,35,4-3-4,10,0.00831947,exodus,sof_only,cross_reset
3,36,4-2-1,9,0.00748752,exodus,sof_only,cross_reset
3,37,4-4-4,9,0.00748752,exodus,sof_only,cross_reset
3,38,1-1-1,9,0.00748752,exodus,sof_only,cross_reset
3,39,1-3-3,8,0.00665557,exodus,sof_only,cross_reset
3,40,3-3-1,8,0.00665557,exodus,sof_only,cross_reset
3,41,1-4-3,8,0.00665557,exodus,sof_only,cross_reset
3,42,3-2-1,8,0.00665557,exodus,sof_only,cross_reset
3,43,5-2-2,8,0.00665557,exodus,sof_only,cross_reset
3,44,3-1-1,7,0.00582363,exodus,sof_only,cross_reset
3,45,1-1-3,7,0.00582363,exodus,sof_only,cross_reset
3,46,1-4-2,7,0.00582363,exodus,sof_only,cross_reset
3,47,2-1-4,7,0.00582363,exodus,sof_only,cross_reset
3,48,1-2-3,7,0.00582363,exodus,sof_only,cross_reset
3,49,2-5-2,7,0.00582363,exodus,sof_only,cross_reset
3,50,5-2-3,7,0.00582363,exodus,sof_only,cross_reset
4,1,3-3-3-3,30,0.02497918,exodus,sof_only,cross_reset
4,2,2-3-2-3,21,0.01748543,exodus,sof_only,cross_reset
4,3,2-2-2-2,21,0.01748543,exodus,sof_only,cross_reset
4,4,3-2-2-2,20,0.01665279,exodus,sof_only,cross_reset
4,5,3-2-3-3,20,0.01665279,exodus,sof_only,cross_reset
4,6,2-3-2-2,20,0.01665279,exodus,sof_only,cross_reset
4,7,2-2-3-3,19,0.01582015,exodus,sof_only,cross_reset
4,8,3-3-2-3,19,0.01582015,exodus,sof_only,cross_reset
4,9,3-2-3-2,19,0.01582015,exodus,sof_only,cross_reset
4,10,3-2-2-3,19,0.01582015,exodus,sof_only,cross_reset
4,11,2-3-3-3,19,0.01582015,exodus,sof_only,cross_reset
4,12,3-3-2-2,18,0.01498751,exodus,sof_only,cross_reset
4,13,3-3-3-2,17,0.01415487,exodus,sof_only,cross_reset
4,14,2-3-3-2,17,0.01415487,exodus,sof_only,cross_reset
4,15,2-2-3-2,17,0.01415487,exodus,sof_only,cross_reset
4,16,2-2-2-3,16,0.01332223,exodus,sof_only,cross_reset
4,17,4-2-3-2,14,0.01165695,exodus,sof_only,cross_reset
4,18,4-3-3-4,12,0.00999167,exodus,sof_only,cross_reset
4,19,3-3-4-4,11,0.00915903,exodus,sof_only,cross_reset
4,20,2-2-2-4,10,0.00832639,exodus,sof_only,cross_reset
4,21,4-3-3-3,10,0.00832639,exodus,sof_only,cross_reset
4,22,4-2-2-3,10,0.00832639,exodus,sof_only,cross_reset
4,23,3-3-3-4,10,0.00832639,exodus,sof_only,cross_reset
4,24,3-4-2-3,10,0.00832639,exodus,sof_only,cross_reset
4,25,3-3-4-2,10,0.00832639,exodus,sof_only,cross_reset
4,26,3-2-3-4,9,0.00749376,exodus,sof_only,cross_reset
4,27,3-4-3-3,9,0.00749376,exodus,sof_only,cross_reset
4,28,3-2-4-2,9,0.00749376,exodus,sof_only,cross_reset
4,29,2-4-2-2,9,0.00749376,exodus,sof_only,cross_reset
4,30,2-2-4-2,8,0.00666112,exodus,sof_only,cross_reset
4,31,2-3-2-4,8,0.00666112,exodus,sof_only,cross_reset
4,32,2-2-3-4,8,0.00666112,exodus,sof_only,cross_reset
4,33,2-2-4-3,7,0.00582848,exodus,sof_only,cross_reset
4,34,2-4-3-3,7,0.00582848,exodus,sof_only,cross_reset
4,35,3-3-4-3,7,0.00582848,exodus,sof_only,cross_reset
4,36,2-2-4-4,7,0.00582848,exodus,sof_only,cross_reset
4,37,2-3-3-4,7,0.00582848,exodus,sof_only,cross_reset
4,38,2-3-4-3,7,0.00582848,exodus,sof_only,cross_reset
4,39,4-4-3-3,7,0.00582848,exodus,sof_only,cross_reset
4,40,2-4-2-3,7,0.00582848,exodus,sof_only,cross_reset
4,41,4-3-2-3,7,0.00582848,exodus,sof_only,cross_reset
4,42,2-3-4-2,7,0.00582848,exodus,sof_only,cross_reset
4,43,2-1-3-2,7,0.00582848,exodus,sof_only,cross_reset
4,44,1-3-2-2,7,0.00582848,exodus,sof_only,cross_reset
4,45,3-1-2-2,7,0.00582848,exodus,sof_only,cross_reset
4,46,3-4-3-2,6,0.00499584,exodus,sof_only,cross_reset
4,47,3-4-4-2,6,0.00499584,exodus,sof_only,cross_reset
4,48,2-4-3-2,6,0.00499584,exodus,sof_only,cross_reset
4,49,4-3-2-2,6,0.00499584,exodus,sof_only,cross_reset
4,50,2-3-1-2,6,0.00499584,exodus,sof_only,cross_reset
5,1,3-3-3-3-3,15,0.0125,exodus,sof_only,cross_reset
5,2,3-2-3-3-2,11,0.00916667,exodus,sof_only,cross_reset
5,3,2-2-3-3-3,11,0.00916667,exodus,sof_only,cross_reset
5,4,2-3-2-3-3,10,0.00833333,exodus,sof_only,cross_reset
5,5,3-3-2-2-2,9,0.0075,exodus,sof_only,cross_reset
5,6,3-3-2-3-2,9,0.0075,exodus,sof_only,cross_reset
5,7,3-2-3-2-3,9,0.0075,exodus,sof_only,cross_reset
5,8,2-3-3-2-3,9,0.0075,exodus,sof_only,cross_reset
5,9,2-2-3-2-2,9,0.0075,exodus,sof_only,cross_reset
5,10,3-3-3-3-2,8,0.00666667,exodus,sof_only,cross_reset
5,11,3-3-3-2-2,8,0.00666667,exodus,sof_only,cross_reset
5,12,2-3-2-2-2,8,0.00666667,exodus,sof_only,cross_reset
5,13,3-2-2-2-2,8,0.00666667,exodus,sof_only,cross_reset
5,14,2-2-2-2-2,8,0.00666667,exodus,sof_only,cross_reset
5,15,2-2-2-2-3,8,0.00666667,exodus,sof_only,cross_reset
5,16,2-3-3-3-3,8,0.00666667,exodus,sof_only,cross_reset
5,17,2-2-2-3-3,7,0.00583333,exodus,sof_only,cross_reset
5,18,3-3-2-2-3,7,0.00583333,exodus,sof_only,cross_reset
5,19,4-3-3-3-3,6,0.005,exodus,sof_only,cross_reset
5,20,3-3-3-2-3,6,0.005,exodus,sof_only,cross_reset
5,21,3-2-2-2-3,6,0.005,exodus,sof_only,cross_reset
5,22,2-3-3-2-2,6,0.005,exodus,sof_only,cross_reset
5,23,2-3-2-3-2,6,0.005,exodus,sof_only,cross_reset
5,24,3-2-2-3-2,6,0.005,exodus,sof_only,cross_reset
5,25,2-2-3-2-3,6,0.005,exodus,sof_only,cross_reset
5,26,3-4-2-3-2,6,0.005,exodus,sof_only,cross_reset
5,27,4-3-3-4-3,5,0.00416667,exodus,sof_only,cross_reset
5,28,4-2-3-2-3,5,0.00416667,exodus,sof_only,cross_reset
5,29,3-2-3-2-2,5,0.00416667,exodus,sof_only,cross_reset
5,30,2-2-2-3-2,5,0.00416667,exodus,sof_only,cross_reset
5,31,2-2-4-2-3,5,0.00416667,exodus,sof_only,cross_reset
5,32,4-3-2-2-3,5,0.00416667,exodus,sof_only,cross_reset
5,33,3-3-3-4-2,5,0.00416667,exodus,sof_only,cross_reset
5,34,2-3-2-4-2,5,0.00416667,exodus,sof_only,cross_reset
5,35,3-4-2-2-3,5,0.00416667,exodus,sof_only,cross_reset
5,36,2-3-3-3-2,5,0.00416667,exodus,sof_only,cross_reset
5,37,3-4-3-3-4,5,0.00416667,exodus,sof_only,cross_reset
5,38,3-3-4-4-4,5,0.00416667,exodus,sof_only,cross_reset
5,39,3-3-2-3-3,5,0.00416667,exodus,sof_only,cross_reset
5,40,3-1-2-2-3,5,0.00416667,exodus,sof_only,cross_reset
5,41,3-2-2-2-4,4,0.00333333,exodus,sof_only,cross_reset
5,42,2-4-3-3-4,4,0.00333333,exodus,sof_only,cross_reset
5,43,4-2-2-3-3,4,0.00333333,exodus,sof_only,cross_reset
5,44,2-3-3-4-4,4,0.00333333,exodus,sof_only,cross_reset
5,45,4-4-2-3-2,4,0.00333333,exodus,sof_only,cross_reset
5,46,3-2-3-4-3,4,0.00333333,exodus,sof_only,cross_reset
5,47,2-3-4-3-3,4,0.00333333,exodus,sof_only,cross_reset
5,48,2-2-3-3-2,4,0.00333333,exodus,sof_only,cross_reset
5,49,3-3-3-4-4,4,0.00333333,exodus,sof_only,cross_reset
5,50,3-2-2-3-3,4,0.00333333,exodus,sof_only,cross_reset
6,1,2-3-2-3-3-2,7,0.0058382,exodus,sof_only,cross_reset
6,2,3-3-3-3-3-3,7,0.0058382,exodus,sof_only,cross_reset
6,3,3-3-3-3-2-2,6,0.00500417,exodus,sof_only,cross_reset
6,4,3-2-3-2-3-3,6,0.00500417,exodus,sof_only,cross_reset
6,5,3-2-3-3-2-3,5,0.00417014,exodus,sof_only,cross_reset
6,6,2-3-3-2-3-2,5,0.00417014,exodus,sof_only,cross_reset
6,7,2-3-3-3-3-3,5,0.00417014,exodus,sof_only,cross_reset
6,8,2-2-3-3-3-2,5,0.00417014,exodus,sof_only,cross_reset
6,9,3-2-3-3-2-2,5,0.00417014,exodus,sof_only,cross_reset
6,10,3-3-3-2-2-2,4,0.00333611,exodus,sof_only,cross_reset
6,11,3-3-3-2-3-2,4,0.00333611,exodus,sof_only,cross_reset
6,12,3-3-2-3-2-3,4,0.00333611,exodus,sof_only,cross_reset
6,13,2-3-2-2-2-3,4,0.00333611,exodus,sof_only,cross_reset
6,14,2-2-2-3-2-2,4,0.00333611,exodus,sof_only,cross_reset
6,15,2-2-3-2-2-2,4,0.00333611,exodus,sof_only,cross_reset
6,16,2-3-2-2-2-2,4,0.00333611,exodus,sof_only,cross_reset
6,17,2-2-2-2-2-3,4,0.00333611,exodus,sof_only,cross_reset
6,18,2-2-2-2-3-3,4,0.00333611,exodus,sof_only,cross_reset
6,19,2-3-3-2-2-3,4,0.00333611,exodus,sof_only,cross_reset
6,20,2-2-2-3-3-3,4,0.00333611,exodus,sof_only,cross_reset
6,21,2-2-3-3-3-3,4,0.00333611,exodus,sof_only,cross_reset
6,22,2-3-2-3-2-3,4,0.00333611,exodus,sof_only,cross_reset
6,23,3-3-2-3-3-2,4,0.00333611,exodus,sof_only,cross_reset
6,24,3-3-2-2-2-4,3,0.00250209,exodus,sof_only,cross_reset
6,25,2-2-4-3-3-4,3,0.00250209,exodus,sof_only,cross_reset
6,26,2-4-3-3-3-3,3,0.00250209,exodus,sof_only,cross_reset
6,27,4-3-3-3-3-2,3,0.00250209,exodus,sof_only,cross_reset
6,28,2-2-3-3-4-4,3,0.00250209,exodus,sof_only,cross_reset
6,29,3-2-3-4-3-3,3,0.00250209,exodus,sof_only,cross_reset
6,30,3-3-2-3-2-2,3,0.00250209,exodus,sof_only,cross_reset
6,31,3-2-2-2-2-2,3,0.00250209,exodus,sof_only,cross_reset
6,32,3-3-2-2-2-2,3,0.00250209,exodus,sof_only,cross_reset
6,33,3-2-2-2-2-3,3,0.00250209,exodus,sof_only,cross_reset
6,34,3-3-3-3-3-2,3,0.00250209,exodus,sof_only,cross_reset
6,35,3-2-2-3-3-3,3,0.00250209,exodus,sof_only,cross_reset
6,36,2-3-2-2-1-4,3,0.00250209,exodus,sof_only,cross_reset
6,37,3-4-3-2-3-2,3,0.00250209,exodus,sof_only,cross_reset
6,38,5-4-4-3-3-4,3,0.00250209,exodus,sof_only,cross_reset
6,39,3-2-3-2-4-2,3,0.00250209,exodus,sof_only,cross_reset
6,40,3-2-3-2-3-2,3,0.00250209,exodus,sof_only,cross_reset
6,41,4-3-3-4-3-3,3,0.00250209,exodus,sof_only,cross_reset
6,42,3-3-4-3-3-4,3,0.00250209,exodus,sof_only,cross_reset
6,43,3-4-3-3-4-3,3,0.00250209,exodus,sof_only,cross_reset
6,44,3-3-3-2-2-3,3,0.00250209,exodus,sof_only,cross_reset
6,45,3-2-2-3-2-2,3,0.00250209,exodus,sof_only,cross_reset
6,46,3-2-2-2-3-3,3,0.00250209,exodus,sof_only,cross_reset
6,47,2-3-2-2-4-3,3,0.00250209,exodus,sof_only,cross_reset
6,48,2-2-2-2-2-2,3,0.00250209,exodus,sof_only,cross_reset
6,49,3-2-2-3-2-3,3,0.00250209,exodus,sof_only,cross_reset
6,50,3-1-1-3-3-2,2,0.00166806,exodus,sof_only,cross_reset
2,1,2-2,2513,0.17184081,exodus,sof_only,all
2,2,3-2,1838,0.12568381,exodus,sof_only,all
2,3,2-3,1804,0.12335886,exodus,sof_only,all
2,4,3-3,1398,0.09559628,exodus,sof_only,all
2,5,4-2,700,0.04786652,exodus,sof_only,all
2,6,2-4,697,0.04766138,exodus,sof_only,all
2,7,2-1,687,0.04697757,exodus,sof_only,all
2,8,1-2,646,0.04417396,exodus,sof_only,all
2,9,3-1,610,0.04171225,exodus,sof_only,all
2,10,4-3,579,0.03959245,exodus,sof_only,all
2,11,1-3,565,0.03863512,exodus,sof_only,all
2,12,3-4,532,0.03637856,exodus,sof_only,all
2,13,4-4,232,0.01586433,exodus,sof_only,all
2,14,1-4,231,0.01579595,exodus,sof_only,all
2,15,4-1,221,0.01511214,exodus,sof_only,all
2,16,1-1,194,0.01326586,exodus,sof_only,all
2,17,5-2,178,0.01217177,exodus,sof_only,all
2,18,2-5,174,0.01189825,exodus,sof_only,all
2,19,5-3,158,0.01080416,exodus,sof_only,all
2,20,3-5,136,0.00929978,exodus,sof_only,all
2,21,1-5,107,0.00731674,exodus,sof_only,all
2,22,5-4,70,0.00478665,exodus,sof_only,all
2,23,5-1,56,0.00382932,exodus,sof_only,all
2,24,4-5,45,0.00307713,exodus,sof_only,all
2,25,2-6,35,0.00239333,exodus,sof_only,all
2,26,6-2,34,0.00232495,exodus,sof_only,all
2,27,1-6,32,0.00218818,exodus,sof_only,all
2,28,6-3,24,0.00164114,exodus,sof_only,all
2,29,6-4,24,0.00164114,exodus,sof_only,all
2,30,3-6,18,0.00123085,exodus,sof_only,all
2,31,5-5,17,0.00116247,exodus,sof_only,all
2,32,6-1,14,0.00095733,exodus,sof_only,all
2,33,4-6,12,0.00082057,exodus,sof_only,all
2,34,1-7,11,0.00075219,exodus,sof_only,all
2,35,7-1,6,0.00041028,exodus,sof_only,all
2,36,7-3,4,0.00027352,exodus,sof_only,all
2,37,5-6,3,0.00020514,exodus,sof_only,all
2,38,7-2,3,0.00020514,exodus,sof_only,all
2,39,7-4,3,0.00020514,exodus,sof_only,all
2,40,6-5,3,0.00020514,exodus,sof_only,all
2,41,2-7,2,0.00013676,exodus,sof_only,all
2,42,1-8,2,0.00013676,exodus,sof_only,all
2,43,3-7,2,0.00013676,exodus,sof_only,all
2,44,6-7,1,6.838e-05,exodus,sof_only,all
2,45,8-3,1,6.838e-05,exodus,sof_only,all
2,46,8-5,1,6.838e-05,exodus,sof_only,all
2,47,6-6,1,6.838e-05,exodus,sof_only,all
3,1,2-2-2,1112,0.07604459,exodus,sof_only,all
3,2,3-2-2,751,0.05135745,exodus,sof_only,all
3,3,2-2-3,742,0.05074198,exodus,sof_only,all
3,4,2-3-2,725,0.04957943,exodus,sof_only,all
3,5,3-2-3,593,0.04055255,exodus,sof_only,all
3,6,3-3-2,564,0.03856938,exodus,sof_only,all
3,7,2-3-3,555,0.03795391,exodus,sof_only,all
3,8,3-3-3,442,0.03022636,exodus,sof_only,all
3,9,2-2-4,313,0.02140464,exodus,sof_only,all
3,10,4-2-2,287,0.01962662,exodus,sof_only,all
3,11,1-2-2,267,0.01825891,exodus,sof_only,all
3,12,2-4-2,266,0.01819052,exodus,sof_only,all
3,13,2-1-2,264,0.01805375,exodus,sof_only,all
3,14,2-2-1,263,0.01798537,exodus,sof_only,all
3,15,2-3-1,249,0.01702797,exodus,sof_only,all
3,16,2-4-3,241,0.01648089,exodus,sof_only,all
3,17,4-3-2,240,0.0164125,exodus,sof_only,all
3,18,1-3-2,223,0.01524995,exodus,sof_only,all
3,19,3-2-1,220,0.01504479,exodus,sof_only,all
3,20,2-3-4,213,0.01456609,exodus,sof_only,all
3,21,1-2-3,212,0.01449771,exodus,sof_only,all
3,22,3-4-2,210,0.01436094,exodus,sof_only,all
3,23,3-1-2,209,0.01429255,exodus,sof_only,all
3,24,3-1-3,208,0.01422417,exodus,sof_only,all
3,25,2-1-3,204,0.01395063,exodus,sof_only,all
3,26,3-2-4,204,0.01395063,exodus,sof_only,all
3,27,4-2-3,197,0.01347193,exodus,sof_only,all
3,28,3-3-1,194,0.01326677,exodus,sof_only,all
3,29,1-3-3,181,0.01237776,exodus,sof_only,all
3,30,3-4-3,178,0.0121726,exodus,sof_only,all
3,31,4-3-3,172,0.01176229,exodus,sof_only,all
3,32,3-3-4,151,0.0103262,exodus,sof_only,all
3,33,1-4-2,96,0.006565,exodus,sof_only,all
3,34,4-2-1,95,0.00649661,exodus,sof_only,all
3,35,4-2-4,95,0.00649661,exodus,sof_only,all
3,36,3-1-4,92,0.00629146,exodus,sof_only,all
3,37,4-4-2,92,0.00629146,exodus,sof_only,all
3,38,2-4-1,91,0.00622307,exodus,sof_only,all
3,39,1-2-1,88,0.00601792,exodus,sof_only,all
3,40,4-1-2,85,0.00581276,exodus,sof_only,all
3,41,1-3-1,82,0.0056076,exodus,sof_only,all
3,42,2-1-1,82,0.0056076,exodus,sof_only,all
3,43,2-4-4,79,0.00540245,exodus,sof_only,all
3,44,4-3-4,76,0.00519729,exodus,sof_only,all
3,45,5-2-2,76,0.00519729,exodus,sof_only,all
3,46,2-5-2,75,0.00512891,exodus,sof_only,all
3,47,2-1-4,74,0.00506052,exodus,sof_only,all
3,48,5-3-2,74,0.00506052,exodus,sof_only,all
3,49,4-1-3,71,0.00485536,exodus,sof_only,all
3,50,1-1-2,70,0.00478698,exodus,sof_only,all
4,1,2-2-2-2,512,0.03501573,exodus,sof_only,all
4,2,3-2-2-2,329,0.02250034,exodus,sof_only,all
4,3,2-3-2-2,321,0.02195322,exodus,sof_only,all
4,4,2-2-3-2,308,0.02106415,exodus,sof_only,all
4,5,2-2-2-3,303,0.0207222,exodus,sof_only,all
4,6,3-2-3-2,238,0.01627684,exodus,sof_only,all
4,7,3-2-2-3,229,0.01566133,exodus,sof_only,all
4,8,2-3-3-2,228,0.01559294,exodus,sof_only,all
4,9,2-3-2-3,227,0.01552455,exodus,sof_only,all
4,10,2-2-3-3,225,0.01538777,exodus,sof_only,all
4,11,3-3-2-2,208,0.01422514,exodus,sof_only,all
4,12,3-3-2-3,198,0.01354124,exodus,sof_only,all
4,13,3-2-3-3,182,0.012447,exodus,sof_only,all
4,14,3-3-3-2,177,0.01210505,exodus,sof_only,all
4,15,2-3-3-3,176,0.01203666,exodus,sof_only,all
4,16,2-2-2-4,143,0.00977978,exodus,sof_only,all
4,17,3-3-3-3,137,0.00936944,exodus,sof_only,all
4,18,2-2-2-1,122,0.00834359,exodus,sof_only,all
4,19,4-2-2-2,121,0.0082752,exodus,sof_only,all
4,20,2-2-4-2,118,0.00807003,exodus,sof_only,all
4,21,2-1-2-2,117,0.00800164,exodus,sof_only,all
4,22,1-2-2-2,112,0.00765969,exodus,sof_only,all
4,23,4-3-2-2,112,0.00765969,exodus,sof_only,all
4,24,2-2-4-3,111,0.0075913,exodus,sof_only,all
4,25,2-4-2-2,111,0.0075913,exodus,sof_only,all
4,26,2-4-3-2,105,0.00718096,exodus,sof_only,all
4,27,2-2-1-2,94,0.00642867,exodus,sof_only,all
4,28,2-2-3-4,94,0.00642867,exodus,sof_only,all
4,29,2-3-4-2,93,0.00636028,exodus,sof_only,all
4,30,2-2-3-1,92,0.00629189,exodus,sof_only,all
4,31,4-2-2-3,91,0.0062235,exodus,sof_only,all
4,32,3-1-3-2,88,0.00601833,exodus,sof_only,all
4,33,3-2-2-4,87,0.00594994,exodus,sof_only,all
4,34,2-1-2-3,87,0.00594994,exodus,sof_only,all
4,35,3-2-4-2,85,0.00581316,exodus,sof_only,all
4,36,2-3-1-3,85,0.00581316,exodus,sof_only,all
4,37,2-3-1-2,84,0.00574477,exodus,sof_only,all
4,38,3-2-3-1,83,0.00567638,exodus,sof_only,all
4,39,2-3-2-1,83,0.00567638,exodus,sof_only,all
4,40,1-2-2-3,82,0.00560799,exodus,sof_only,all
4,41,1-2-3-2,81,0.0055396,exodus,sof_only,all
4,42,1-3-3-2,81,0.0055396,exodus,sof_only,all
4,43,2-1-3-2,81,0.0055396,exodus,sof_only,all
4,44,3-2-2-1,80,0.00547121,exodus,sof_only,all
4,45,3-1-2-2,79,0.00540282,exodus,sof_only,all
4,46,2-2-1-3,77,0.00526604,exodus,sof_only,all
4,47,1-3-2-3,77,0.00526604,exodus,sof_only,all
4,48,3-4-3-2,77,0.00526604,exodus,sof_only,all
4,49,3-1-2-3,76,0.00519765,exodus,sof_only,all
4,50,3-2-1-3,76,0.00519765,exodus,sof_only,all
5,1,2-2-2-2-2,231,0.01579919,exodus,sof_only,all
5,2,3-2-2-2-2,168,0.01149032,exodus,sof_only,all
5,3,2-2-3-2-2,138,0.00943848,exodus,sof_only,all
5,4,2-2-2-2-3,138,0.00943848,exodus,sof_only,all
5,5,2-3-2-2-2,136,0.00930169,exodus,sof_only,all
5,6,2-2-2-3-2,128,0.00875453,exodus,sof_only,all
5,7,3-2-3-2-2,100,0.00683948,exodus,sof_only,all
5,8,2-3-2-2-3,97,0.00663429,exodus,sof_only,all
5,9,2-3-2-3-2,96,0.0065659,exodus,sof_only,all
5,10,2-2-3-2-3,94,0.00642911,exodus,sof_only,all
5,11,2-2-3-3-2,89,0.00608713,exodus,sof_only,all
5,12,3-2-2-2-3,87,0.00595035,exodus,sof_only,all
5,13,3-2-2-3-2,86,0.00588195,exodus,sof_only,all
5,14,3-3-2-2-2,84,0.00574516,exodus,sof_only,all
5,15,3-3-2-3-2,82,0.00560837,exodus,sof_only,all
5,16,2-2-2-3-3,81,0.00553998,exodus,sof_only,all
5,17,2-3-3-2-2,80,0.00547158,exodus,sof_only,all
5,18,3-2-3-2-3,77,0.0052664,exodus,sof_only,all
5,19,2-3-3-2-3,77,0.0052664,exodus,sof_only,all
5,20,3-2-2-3-3,76,0.005198,exodus,sof_only,all
5,21,3-3-2-2-3,71,0.00485603,exodus,sof_only,all
5,22,3-3-3-2-2,70,0.00478763,exodus,sof_only,all
5,23,2-3-3-3-2,70,0.00478763,exodus,sof_only,all
5,24,2-2-3-3-3,67,0.00458245,exodus,sof_only,all
5,25,2-2-2-2-4,67,0.00458245,exodus,sof_only,all
5,26,3-2-3-3-2,67,0.00458245,exodus,sof_only,all
5,27,3-3-3-2-3,64,0.00437727,exodus,sof_only,all
5,28,3-3-2-3-3,64,0.00437727,exodus,sof_only,all
5,29,3-2-3-3-3,63,0.00430887,exodus,sof_only,all
5,30,2-3-2-3-3,63,0.00430887,exodus,sof_only,all
5,31,2-2-2-2-1,61,0.00417208,exodus,sof_only,all
5,32,2-3-3-3-3,58,0.0039669,exodus,sof_only,all
5,33,3-3-3-3-2,58,0.0039669,exodus,sof_only,all
5,34,4-3-2-2-2,57,0.0038985,exodus,sof_only,all
5,35,2-2-4-3-2,55,0.00376171,exodus,sof_only,all
5,36,4-2-2-2-2,55,0.00376171,exodus,sof_only,all
5,37,2-2-2-4-2,54,0.00369332,exodus,sof_only,all
5,38,2-2-2-4-3,52,0.00355653,exodus,sof_only,all
5,39,2-4-3-2-2,51,0.00348813,exodus,sof_only,all
5,40,2-2-4-2-2,51,0.00348813,exodus,sof_only,all
5,41,2-3-2-2-4,49,0.00335134,exodus,sof_only,all
5,42,2-4-2-2-2,48,0.00328295,exodus,sof_only,all
5,43,2-1-2-2-2,47,0.00321455,exodus,sof_only,all
5,44,2-2-3-4-2,46,0.00314616,exodus,sof_only,all
5,45,1-2-2-2-3,42,0.00287258,exodus,sof_only,all
5,46,2-2-1-2-2,42,0.00287258,exodus,sof_only,all
5,47,1-2-2-2-2,42,0.00287258,exodus,sof_only,all
5,48,2-2-2-3-4,41,0.00280419,exodus,sof_only,all
5,49,3-3-3-3-3,41,0.00280419,exodus,sof_only,all
5,50,2-2-2-3-1,41,0.00280419,exodus,sof_only,all
6,1,2-2-2-2-2-2,97,0.00663475,exodus,sof_only,all
6,2,3-2-2-2-2-2,78,0.00533516,exodus,sof_only,all
6,3,2-3-2-2-2-2,65,0.00444596,exodus,sof_only,all
6,4,2-2-2-2-3-2,61,0.00417237,exodus,sof_only,all
6,5,2-2-3-2-2-2,60,0.00410397,exodus,sof_only,all
6,6,2-2-2-2-2-3,60,0.00410397,exodus,sof_only,all
6,7,2-2-2-3-2-2,54,0.00369357,exodus,sof_only,all
6,8,3-2-2-2-2-3,52,0.00355677,exodus,sof_only,all
6,9,2-2-3-2-2-3,44,0.00300958,exodus,sof_only,all
6,10,3-2-2-3-2-2,44,0.00300958,exodus,sof_only,all
6,11,2-2-2-3-2-3,42,0.00287278,exodus,sof_only,all
6,12,2-3-2-3-2-2,41,0.00280438,exodus,sof_only,all
6,13,3-3-2-2-2-2,40,0.00273598,exodus,sof_only,all
6,14,2-3-2-2-2-3,39,0.00266758,exodus,sof_only,all
6,15,3-2-3-2-2-2,39,0.00266758,exodus,sof_only,all
6,16,2-3-2-2-3-2,39,0.00266758,exodus,sof_only,all
6,17,2-2-2-2-3-3,38,0.00259918,exodus,sof_only,all
6,18,2-2-2-2-2-4,37,0.00253078,exodus,sof_only,all
6,19,2-3-3-2-3-2,37,0.00253078,exodus,sof_only,all
6,20,2-3-3-2-2-2,37,0.00253078,exodus,sof_only,all
6,21,2-2-3-2-3-2,36,0.00246238,exodus,sof_only,all
6,22,3-2-2-3-3-2,36,0.00246238,exodus,sof_only,all
6,23,4-3-2-2-2-2,36,0.00246238,exodus,sof_only,all
6,24,3-2-3-2-3-2,34,0.00232558,exodus,sof_only,all
6,25,3-3-2-3-2-2,33,0.00225718,exodus,sof_only,all
6,26,2-3-2-2-3-3,32,0.00218878,exodus,sof_only,all
6,27,2-2-2-2-2-1,31,0.00212038,exodus,sof_only,all
6,28,2-2-3-3-2-2,31,0.00212038,exodus,sof_only,all
6,29,3-2-3-2-2-3,31,0.00212038,exodus,sof_only,all
6,30,2-2-2-3-3-3,30,0.00205198,exodus,sof_only,all
6,31,2-2-2-2-4-3,30,0.00205198,exodus,sof_only,all
6,32,2-3-2-3-2-3,30,0.00205198,exodus,sof_only,all
6,33,2-2-4-3-2-2,30,0.00205198,exodus,sof_only,all
6,34,3-2-3-3-3-2,30,0.00205198,exodus,sof_only,all
6,35,4-2-2-2-2-2,30,0.00205198,exodus,sof_only,all
6,36,3-2-2-2-3-2,29,0.00198358,exodus,sof_only,all
6,37,2-2-3-3-3-2,28,0.00191518,exodus,sof_only,all
6,38,2-2-3-3-2-3,28,0.00191518,exodus,sof_only,all
6,39,2-4-3-2-2-2,27,0.00184679,exodus,sof_only,all
6,40,2-2-2-3-3-2,27,0.00184679,exodus,sof_only,all
6,41,3-3-3-2-3-3,27,0.00184679,exodus,sof_only,all
6,42,2-3-3-3-3-2,27,0.00184679,exodus,sof_only,all
6,43,2-2-2-4-3-2,27,0.00184679,exodus,sof_only,all
6,44,3-3-2-3-2-3,27,0.00184679,exodus,sof_only,all
6,45,3-2-3-3-2-3,26,0.00177839,exodus,sof_only,all
6,46,2-2-3-2-3-3,26,0.00177839,exodus,sof_only,all
6,47,3-3-2-2-2-3,26,0.00177839,exodus,sof_only,all
6,48,3-3-2-2-3-2,26,0.00177839,exodus,sof_only,all
6,49,2-2-2-2-4-2,25,0.00170999,exodus,sof_only,all
6,50,3-3-3-2-2-2,25,0.00170999,exodus,sof_only,all
2,1,2-2,2228,0.18150713,exodus,major,within
2,2,3-2,1575,0.12830957,exodus,major,within
2,3,2-3,1550,0.12627291,exodus,major,within
2,4,3-3,1144,0.09319756,exodus,major,within
2,5,2-1,612,0.04985743,exodus,major,within
2,6,1-2,561,0.04570265,exodus,major,within
2,7,4-2,557,0.04537678,exodus,major,within
2,8,2-4,526,0.04285132,exodus,major,within
2,9,3-1,496,0.04040733,exodus,major,within
2,10,1-3,495,0.04032587,exodus,major,within
2,11,4-3,459,0.03739308,exodus,major,within
2,12,3-4,436,0.03551935,exodus,major,within
2,13,1-4,187,0.01523422,exodus,major,within
2,14,4-4,175,0.01425662,exodus,major,within
2,15,1-1,167,0.01360489,exodus,major,within
2,16,4-1,164,0.01336049,exodus,major,within
2,17,5-2,151,0.01230143,exodus,major,within
2,18,2-5,147,0.01197556,exodus,major,within
2,19,5-3,111,0.00904277,exodus,major,within
2,20,3-5,111,0.00904277,exodus,major,within
2,21,1-5,76,0.00619145,exodus,major,within
2,22,5-1,53,0.00431772,exodus,major,within
2,23,5-4,50,0.00407332,exodus,major,within
2,24,2-6,34,0.00276986,exodus,major,within
2,25,4-5,32,0.00260692,exodus,major,within
2,26,6-2,24,0.00195519,exodus,major,within
2,27,6-4,22,0.00179226,exodus,major,within
2,28,1-6,20,0.00162933,exodus,major,within
2,29,6-3,20,0.00162933,exodus,major,within
2,30,3-6,18,0.0014664,exodus,major,within
2,31,6-1,16,0.00130346,exodus,major,within
2,32,4-6,11,0.00089613,exodus,major,within
2,33,5-5,11,0.00089613,exodus,major,within
2,34,1-7,7,0.00057026,exodus,major,within
2,35,7-1,6,0.0004888,exodus,major,within
2,36,3-7,4,0.00032587,exodus,major,within
2,37,7-3,3,0.0002444,exodus,major,within
2,38,5-6,3,0.0002444,exodus,major,within
2,39,6-5,3,0.0002444,exodus,major,within
2,40,1-8,2,0.00016293,exodus,major,within
2,41,7-4,2,0.00016293,exodus,major,within
2,42,7-2,2,0.00016293,exodus,major,within
2,43,2-7,1,8.147e-05,exodus,major,within
2,44,6-7,1,8.147e-05,exodus,major,within
2,45,8-1,1,8.147e-05,exodus,major,within
2,46,8-3,1,8.147e-05,exodus,major,within
3,1,2-2-2,1010,0.08228776,exodus,major,within
3,2,3-2-2,669,0.05450546,exodus,major,within
3,3,2-3-2,655,0.05336484,exodus,major,within
3,4,2-2-3,648,0.05279453,exodus,major,within
3,5,3-2-3,516,0.04204008,exodus,major,within
3,6,2-3-3,472,0.03845527,exodus,major,within
3,7,3-3-2,470,0.03829233,exodus,major,within
3,8,3-3-3,339,0.02761936,exodus,major,within
3,9,2-2-1,258,0.02102004,exodus,major,within
3,10,2-1-2,247,0.02012384,exodus,major,within
3,11,4-2-2,241,0.019635,exodus,major,within
3,12,1-2-2,237,0.01930911,exodus,major,within
3,13,2-2-4,237,0.01930911,exodus,major,within
3,14,2-4-2,211,0.01719081,exodus,major,within
3,15,2-3-1,204,0.0166205,exodus,major,within
3,16,4-3-2,204,0.0166205,exodus,major,within
3,17,1-3-2,190,0.01547988,exodus,major,within
3,18,2-4-3,185,0.01507251,exodus,major,within
3,19,3-2-1,183,0.01490956,exodus,major,within
3,20,2-1-3,181,0.01474662,exodus,major,within
3,21,3-1-3,175,0.01425778,exodus,major,within
3,22,2-3-4,173,0.01409483,exodus,major,within
3,23,3-4-2,172,0.01401336,exodus,major,within
3,24,1-2-3,171,0.01393189,exodus,major,within
3,25,3-1-2,166,0.01352452,exodus,major,within
3,26,1-3-3,162,0.01319863,exodus,major,within
3,27,4-2-3,160,0.01303569,exodus,major,within
3,28,3-3-1,156,0.01270979,exodus,major,within
3,29,3-4-3,150,0.01222095,exodus,major,within
3,30,3-2-4,146,0.01189506,exodus,major,within
3,31,3-3-4,130,0.01059149,exodus,major,within
3,32,4-3-3,130,0.01059149,exodus,major,within
3,33,1-2-1,81,0.00659932,exodus,major,within
3,34,1-4-2,77,0.00627342,exodus,major,within
3,35,3-1-4,76,0.00619195,exodus,major,within
3,36,4-2-1,73,0.00594753,exodus,major,within
3,37,2-1-1,70,0.00570311,exodus,major,within
3,38,1-3-1,68,0.00554017,exodus,major,within
3,39,2-1-4,68,0.00554017,exodus,major,within
3,40,4-1-2,67,0.00545869,exodus,major,within
3,41,4-4-2,67,0.00545869,exodus,major,within
3,42,4-2-4,65,0.00529575,exodus,major,within
3,43,2-4-1,64,0.00521427,exodus,major,within
3,44,1-3-4,62,0.00505133,exodus,major,within
3,45,5-2-2,62,0.00505133,exodus,major,within
3,46,3-4-4,61,0.00496985,exodus,major,within
3,47,2-2-5,60,0.00488838,exodus,major,within
3,48,4-3-1,58,0.00472544,exodus,major,within
3,49,1-1-3,56,0.00456249,exodus,major,within
3,50,1-1-2,56,0.00456249,exodus,major,within
4,1,2-2-2-2,451,0.03674733,exodus,major,within
4,2,3-2-2-2,310,0.0252587,exodus,major,within
4,3,2-2-3-2,300,0.0244439,exodus,major,within
4,4,2-3-2-2,286,0.02330319,exodus,major,within
4,5,2-2-2-3,283,0.02305875,exodus,major,within
4,6,2-3-2-3,208,0.01694777,exodus,major,within
4,7,3-2-3-2,203,0.01654037,exodus,major,within
4,8,3-2-2-3,197,0.0160515,exodus,major,within
4,9,3-3-2-2,184,0.01499226,exodus,major,within
4,10,2-2-3-3,179,0.01458486,exodus,major,within
4,11,2-3-3-2,178,0.01450338,exodus,major,within
4,12,3-3-2-3,169,0.01377006,exodus,major,within
4,13,3-2-3-3,160,0.01303675,exodus,major,within
4,14,3-3-3-2,144,0.01173307,exodus,major,within
4,15,2-3-3-3,139,0.01132567,exodus,major,within
4,16,2-2-2-1,122,0.00994052,exodus,major,within
4,17,2-2-2-4,119,0.00969608,exodus,major,within
4,18,1-2-2-2,108,0.0087998,exodus,major,within
4,19,3-3-3-3,107,0.00871832,exodus,major,within
4,20,4-2-2-2,106,0.00863685,exodus,major,within
4,21,2-2-1-2,106,0.00863685,exodus,major,within
4,22,2-1-2-2,103,0.00839241,exodus,major,within
4,23,4-3-2-2,98,0.00798501,exodus,major,within
4,24,2-4-2-2,98,0.00798501,exodus,major,within
4,25,2-2-4-2,90,0.00733317,exodus,major,within
4,26,3-2-2-1,88,0.00717021,exodus,major,within
4,27,2-2-4-3,87,0.00708873,exodus,major,within
4,28,2-4-3-2,85,0.00692577,exodus,major,within
4,29,2-3-2-1,81,0.00659985,exodus,major,within
4,30,2-2-3-1,79,0.00643689,exodus,major,within
4,31,4-2-2-3,78,0.00635541,exodus,major,within
4,32,2-1-2-3,77,0.00627393,exodus,major,within
4,33,2-3-1-3,77,0.00627393,exodus,major,within
4,34,1-3-3-2,77,0.00627393,exodus,major,within
4,35,3-4-2-2,74,0.0060295,exodus,major,within
4,36,3-2-3-1,73,0.00594802,exodus,major,within
4,37,2-3-3-1,72,0.00586654,exodus,major,within
4,38,3-1-2-2,71,0.00578506,exodus,major,within
4,39,1-3-2-2,70,0.00570358,exodus,major,within
4,40,3-4-3-2,70,0.00570358,exodus,major,within
4,41,2-2-3-4,69,0.0056221,exodus,major,within
4,42,3-1-3-3,69,0.0056221,exodus,major,within
4,43,2-2-1-3,68,0.00554062,exodus,major,within
4,44,1-2-3-2,68,0.00554062,exodus,major,within
4,45,1-2-2-3,67,0.00545914,exodus,major,within
4,46,3-2-1-2,67,0.00545914,exodus,major,within
4,47,2-1-3-2,67,0.00545914,exodus,major,within
4,48,3-2-1-3,67,0.00545914,exodus,major,within
4,49,2-3-4-2,66,0.00537766,exodus,major,within
4,50,3-2-3-4,66,0.00537766,exodus,major,within
5,1,2-2-2-2-2,183,0.01491199,exodus,major,within
5,2,3-2-2-2-2,151,0.01230443,exodus,major,within
5,3,2-2-2-2-3,139,0.0113266,exodus,major,within
5,4,2-2-3-2-2,134,0.01091917,exodus,major,within
5,5,2-3-2-2-2,130,0.01059322,exodus,major,within
5,6,2-2-2-3-2,126,0.01026728,exodus,major,within
5,7,2-2-3-2-3,92,0.00749674,exodus,major,within
5,8,2-3-2-3-2,91,0.00741525,exodus,major,within
5,9,3-2-3-2-2,87,0.00708931,exodus,major,within
5,10,2-3-2-2-3,86,0.00700782,exodus,major,within
5,11,3-2-2-3-2,86,0.00700782,exodus,major,within
5,12,2-2-2-3-3,81,0.00660039,exodus,major,within
5,13,3-2-2-2-3,79,0.00643742,exodus,major,within
5,14,3-3-2-2-2,76,0.00619296,exodus,major,within
5,15,3-2-3-3-2,69,0.00562256,exodus,major,within
5,16,3-2-3-2-3,67,0.00545958,exodus,major,within
5,17,3-3-2-3-2,67,0.00545958,exodus,major,within
5,18,2-3-3-2-3,65,0.00529661,exodus,major,within
5,19,2-3-3-2-2,65,0.00529661,exodus,major,within
5,20,2-2-3-3-2,60,0.00488918,exodus,major,within
5,21,3-3-2-2-3,59,0.00480769,exodus,major,within
5,22,2-2-2-2-4,59,0.00480769,exodus,major,within
5,23,2-2-2-2-1,58,0.00472621,exodus,major,within
5,24,3-3-3-2-2,58,0.00472621,exodus,major,within
5,25,3-3-2-3-3,58,0.00472621,exodus,major,within
5,26,2-3-3-3-2,56,0.00456323,exodus,major,within
5,27,3-2-2-3-3,56,0.00456323,exodus,major,within
5,28,2-2-3-3-3,55,0.00448175,exodus,major,within
5,29,4-2-2-2-2,54,0.00440026,exodus,major,within
5,30,3-3-3-3-2,54,0.00440026,exodus,major,within
5,31,3-3-3-2-3,53,0.00431877,exodus,major,within
5,32,2-3-2-3-3,53,0.00431877,exodus,major,within
5,33,4-3-2-2-2,53,0.00431877,exodus,major,within
5,34,2-2-2-1-2,49,0.00399283,exodus,major,within
5,35,2-2-2-4-2,48,0.00391134,exodus,major,within
5,36,2-4-2-2-2,47,0.00382986,exodus,major,within
5,37,1-2-2-2-2,47,0.00382986,exodus,major,within
5,38,2-3-3-3-3,46,0.00374837,exodus,major,within
5,39,2-2-1-2-2,45,0.00366688,exodus,major,within
5,40,2-1-2-2-2,45,0.00366688,exodus,major,within
5,41,2-2-2-4-3,45,0.00366688,exodus,major,within
5,42,2-2-4-2-2,43,0.00350391,exodus,major,within
5,43,4-2-2-3-2,43,0.00350391,exodus,major,within
5,44,2-4-3-2-2,41,0.00334094,exodus,major,within
5,45,2-2-2-3-1,40,0.00325945,exodus,major,within
5,46,3-2-3-3-3,40,0.00325945,exodus,major,within
5,47,2-2-4-3-2,39,0.00317797,exodus,major,within
5,48,3-1-2-2-2,38,0.00309648,exodus,major,within
5,49,2-3-2-3-1,36,0.00293351,exodus,major,within
5,50,3-3-2-2-1,35,0.00285202,exodus,major,within
6,1,2-2-2-2-2-2,70,0.00570451,exodus,major,within
6,2,2-2-2-2-3-2,65,0.00529704,exodus,major,within
6,3,2-2-3-2-2-2,63,0.00513406,exodus,major,within
6,4,3-2-2-2-2-2,61,0.00497107,exodus,major,within
6,5,2-3-2-2-2-2,60,0.00488958,exodus,major,within
6,6,2-2-2-2-2-3,60,0.00488958,exodus,major,within
6,7,2-2-2-3-2-2,51,0.00415614,exodus,major,within
6,8,3-2-2-2-2-3,49,0.00399315,exodus,major,within
6,9,2-3-2-2-3-2,44,0.00358569,exodus,major,within
6,10,2-2-2-2-3-3,44,0.00358569,exodus,major,within
6,11,2-2-2-3-2-3,43,0.0035042,exodus,major,within
6,12,2-3-2-3-2-2,42,0.0034227,exodus,major,within
6,13,3-2-2-3-2-2,38,0.00309673,exodus,major,within
6,14,3-2-3-2-2-2,36,0.00293375,exodus,major,within
6,15,2-2-3-2-3-2,36,0.00293375,exodus,major,within
6,16,2-3-2-2-2-3,35,0.00285225,exodus,major,within
6,17,2-2-3-2-2-3,35,0.00285225,exodus,major,within
6,18,3-3-2-2-2-2,35,0.00285225,exodus,major,within
6,19,3-2-2-2-3-2,32,0.00260777,exodus,major,within
6,20,2-3-2-3-2-3,31,0.00252628,exodus,major,within
6,21,3-2-3-2-3-2,31,0.00252628,exodus,major,within
6,22,3-2-3-2-2-3,31,0.00252628,exodus,major,within
6,23,4-3-2-2-2-2,30,0.00244479,exodus,major,within
6,24,2-2-2-2-2-1,29,0.0023633,exodus,major,within
6,25,2-3-3-2-3-2,28,0.0022818,exodus,major,within
6,26,2-2-2-3-3-2,28,0.0022818,exodus,major,within
6,27,3-2-2-3-2-3,28,0.0022818,exodus,major,within
6,28,2-2-2-3-3-3,28,0.0022818,exodus,major,within
6,29,3-2-3-3-2-2,27,0.00220031,exodus,major,within
6,30,2-2-3-2-3-3,27,0.00220031,exodus,major,within
6,31,3-3-2-3-2-2,26,0.00211882,exodus,major,within
6,32,4-2-2-2-2-2,25,0.00203732,exodus,major,within
6,33,2-2-2-4-2-2,25,0.00203732,exodus,major,within
6,34,2-3-2-3-3-2,25,0.00203732,exodus,major,within
6,35,3-3-3-2-2-2,25,0.00203732,exodus,major,within
6,36,2-2-2-2-4-3,25,0.00203732,exodus,major,within
6,37,3-2-2-2-3-3,24,0.00195583,exodus,major,within
6,38,3-2-3-3-2-3,24,0.00195583,exodus,major,within
6,39,2-3-3-2-2-3,24,0.00195583,exodus,major,within
6,40,3-3-2-2-3-3,24,0.00195583,exodus,major,within
6,41,2-2-3-3-3-2,24,0.00195583,exodus,major,within
6,42,2-3-3-3-3-2,23,0.00187434,exodus,major,within
6,43,2-3-3-2-3-3,23,0.00187434,exodus,major,within
6,44,2-2-3-3-2-2,23,0.00187434,exodus,major,within
6,45,2-3-3-2-2-2,23,0.00187434,exodus,major,within
6,46,3-3-2-3-3-2,23,0.00187434,exodus,major,within
6,47,2-2-2-2-4-2,23,0.00187434,exodus,major,within
6,48,2-4-2-2-2-2,23,0.00187434,exodus,major,within
6,49,2-2-4-2-2-2,23,0.00187434,exodus,major,within
6,50,3-3-3-3-2-2,22,0.00179284,exodus,major,within
2,1,2-2,293,0.12478705,exodus,major,cross_reset
2,2,2-3,253,0.10775128,exodus,major,cross_reset
2,3,3-3,252,0.10732538,exodus,major,cross_reset
2,4,3-2,251,0.10689949,exodus,major,cross_reset
2,5,4-2,135,0.05749574,exodus,major,cross_reset
2,6,2-4,128,0.05451448,exodus,major,cross_reset
2,7,3-4,122,0.05195911,exodus,major,cross_reset
2,8,4-3,117,0.04982964,exodus,major,cross_reset
2,9,2-1,97,0.04131175,exodus,major,cross_reset
2,10,1-3,94,0.04003407,exodus,major,cross_reset
2,11,3-1,93,0.03960818,exodus,major,cross_reset
2,12,1-2,90,0.03833049,exodus,major,cross_reset
2,13,4-4,75,0.03194208,exodus,major,cross_reset
2,14,1-4,41,0.01746167,exodus,major,cross_reset
2,15,5-2,39,0.01660988,exodus,major,cross_reset
2,16,2-5,38,0.01618399,exodus,major,cross_reset
2,17,4-1,37,0.01575809,exodus,major,cross_reset
2,18,1-1,34,0.01448041,exodus,major,cross_reset
2,19,5-3,28,0.01192504,exodus,major,cross_reset
2,20,3-5,26,0.01107325,exodus,major,cross_reset
2,21,4-5,22,0.00936968,exodus,major,cross_reset
2,22,5-4,20,0.00851789,exodus,major,cross_reset
2,23,5-1,12,0.00511073,exodus,major,cross_reset
2,24,1-5,12,0.00511073,exodus,major,cross_reset
2,25,3-6,6,0.00255537,exodus,major,cross_reset
2,26,6-3,5,0.00212947,exodus,major,cross_reset
2,27,4-6,4,0.00170358,exodus,major,cross_reset
2,28,6-2,4,0.00170358,exodus,major,cross_reset
2,29,6-4,4,0.00170358,exodus,major,cross_reset
2,30,2-6,3,0.00127768,exodus,major,cross_reset
2,31,5-5,3,0.00127768,exodus,major,cross_reset
2,32,6-5,2,0.00085179,exodus,major,cross_reset
2,33,1-6,2,0.00085179,exodus,major,cross_reset
2,34,5-7,1,0.00042589,exodus,major,cross_reset
2,35,7-3,1,0.00042589,exodus,major,cross_reset
2,36,4-7,1,0.00042589,exodus,major,cross_reset
2,37,7-4,1,0.00042589,exodus,major,cross_reset
2,38,2-7,1,0.00042589,exodus,major,cross_reset
2,39,7-2,1,0.00042589,exodus,major,cross_reset
3,1,2-2-2,101,0.04303366,exodus,major,cross_reset
3,2,2-3-3,101,0.04303366,exodus,major,cross_reset
3,3,2-2-3,99,0.04218151,exodus,major,cross_reset
3,4,3-3-2,97,0.04132936,exodus,major,cross_reset
3,5,3-2-2,88,0.03749467,exodus,major,cross_reset
3,6,3-2-3,80,0.03408607,exodus,major,cross_reset
3,7,3-3-3,79,0.03365999,exodus,major,cross_reset
3,8,2-3-2,78,0.03323392,exodus,major,cross_reset
3,9,2-4-2,48,0.02045164,exodus,major,cross_reset
3,10,3-4-2,46,0.01959949,exodus,major,cross_reset
3,11,4-2-3,45,0.01917341,exodus,major,cross_reset
3,12,2-2-4,44,0.01874734,exodus,major,cross_reset
3,13,4-2-2,44,0.01874734,exodus,major,cross_reset
3,14,2-4-3,42,0.01789519,exodus,major,cross_reset
3,15,3-1-3,42,0.01789519,exodus,major,cross_reset
3,16,2-3-4,40,0.01704303,exodus,major,cross_reset
3,17,3-2-4,39,0.01661696,exodus,major,cross_reset
3,18,1-2-2,39,0.01661696,exodus,major,cross_reset
3,19,2-1-2,38,0.01619088,exodus,major,cross_reset
3,20,4-3-2,36,0.01533873,exodus,major,cross_reset
3,21,3-3-4,35,0.01491265,exodus,major,cross_reset
3,22,3-4-3,35,0.01491265,exodus,major,cross_reset
3,23,1-3-3,34,0.01448658,exodus,major,cross_reset
3,24,4-3-3,32,0.01363443,exodus,major,cross_reset
3,25,3-2-1,31,0.01320835,exodus,major,cross_reset
3,26,2-2-1,31,0.01320835,exodus,major,cross_reset
3,27,2-1-3,29,0.0123562,exodus,major,cross_reset
3,28,3-3-1,29,0.0123562,exodus,major,cross_reset
3,29,2-3-1,28,0.01193012,exodus,major,cross_reset
3,30,1-3-2,28,0.01193012,exodus,major,cross_reset
3,31,4-3-4,27,0.01150405,exodus,major,cross_reset
3,32,4-4-2,26,0.01107797,exodus,major,cross_reset
3,33,3-1-2,24,0.01022582,exodus,major,cross_reset
3,34,1-2-3,22,0.00937367,exodus,major,cross_reset
3,35,4-4-3,22,0.00937367,exodus,major,cross_reset
3,36,4-2-4,22,0.00937367,exodus,major,cross_reset
3,37,3-4-4,21,0.00894759,exodus,major,cross_reset
3,38,4-2-1,20,0.00852152,exodus,major,cross_reset
3,39,5-2-2,19,0.00809544,exodus,major,cross_reset
3,40,2-4-4,18,0.00766937,exodus,major,cross_reset
3,41,4-4-4,18,0.00766937,exodus,major,cross_reset
3,42,2-2-5,17,0.00724329,exodus,major,cross_reset
3,43,1-3-1,16,0.00681721,exodus,major,cross_reset
3,44,4-3-1,14,0.00596506,exodus,major,cross_reset
3,45,2-1-4,14,0.00596506,exodus,major,cross_reset
3,46,2-4-1,14,0.00596506,exodus,major,cross_reset
3,47,1-3-4,13,0.00553899,exodus,major,cross_reset
3,48,2-5-2,13,0.00553899,exodus,major,cross_reset
3,49,4-1-2,13,0.00553899,exodus,major,cross_reset
3,50,3-1-4,13,0.00553899,exodus,major,cross_reset
4,1,3-3-3-2,39,0.01662404,exodus,major,cross_reset
4,2,2-3-3-3,38,0.01619778,exodus,major,cross_reset
4,3,2-2-3-3,38,0.01619778,exodus,major,cross_reset
4,4,3-3-2-3,36,0.01534527,exodus,major,cross_reset
4,5,2-3-3-2,36,0.01534527,exodus,major,cross_reset
4,6,2-2-2-2,35,0.01491901,exodus,major,cross_reset
4,7,3-2-2-2,33,0.0140665,exodus,major,cross_reset
4,8,2-2-2-3,33,0.0140665,exodus,major,cross_reset
4,9,3-2-2-3,33,0.0140665,exodus,major,cross_reset
4,10,3-3-2-2,31,0.01321398,exodus,major,cross_reset
4,11,3-2-3-3,30,0.01278772,exodus,major,cross_reset
4,12,2-2-3-2,29,0.01236147,exodus,major,cross_reset
4,13,3-2-3-2,29,0.01236147,exodus,major,cross_reset
4,14,2-3-2-3,27,0.01150895,exodus,major,cross_reset
4,15,2-3-2-2,26,0.01108269,exodus,major,cross_reset
4,16,4-2-3-3,23,0.00980392,exodus,major,cross_reset
4,17,2-2-4-2,21,0.00895141,exodus,major,cross_reset
4,18,2-2-3-4,20,0.00852515,exodus,major,cross_reset
4,19,2-1-2-2,20,0.00852515,exodus,major,cross_reset
4,20,2-2-2-4,18,0.00767263,exodus,major,cross_reset
4,21,2-2-4-3,17,0.00724638,exodus,major,cross_reset
4,22,3-3-3-3,17,0.00724638,exodus,major,cross_reset
4,23,2-4-2-2,17,0.00724638,exodus,major,cross_reset
4,24,3-4-2-3,16,0.00682012,exodus,major,cross_reset
4,25,3-4-2-2,16,0.00682012,exodus,major,cross_reset
4,26,4-2-2-2,16,0.00682012,exodus,major,cross_reset
4,27,3-3-4-2,15,0.00639386,exodus,major,cross_reset
4,28,4-3-2-2,15,0.00639386,exodus,major,cross_reset
4,29,3-2-1-3,15,0.00639386,exodus,major,cross_reset
4,30,2-3-4-2,14,0.0059676,exodus,major,cross_reset
4,31,1-3-3-3,14,0.0059676,exodus,major,cross_reset
4,32,3-3-1-3,14,0.0059676,exodus,major,cross_reset
4,33,1-2-2-3,14,0.0059676,exodus,major,cross_reset
4,34,2-4-2-3,14,0.0059676,exodus,major,cross_reset
4,35,2-3-2-4,14,0.0059676,exodus,major,cross_reset
4,36,3-3-2-4,14,0.0059676,exodus,major,cross_reset
4,37,3-4-3-3,13,0.00554135,exodus,major,cross_reset
4,38,2-1-3-3,13,0.00554135,exodus,major,cross_reset
4,39,3-3-2-1,13,0.00554135,exodus,major,cross_reset
4,40,2-3-4-3,13,0.00554135,exodus,major,cross_reset
4,41,3-1-3-3,13,0.00554135,exodus,major,cross_reset
4,42,3-2-4-2,13,0.00554135,exodus,major,cross_reset
4,43,2-3-1-3,13,0.00554135,exodus,major,cross_reset
4,44,3-3-3-4,12,0.00511509,exodus,major,cross_reset
4,45,4-2-2-3,12,0.00511509,exodus,major,cross_reset
4,46,3-1-3-1,12,0.00511509,exodus,major,cross_reset
4,47,1-3-2-2,12,0.00511509,exodus,major,cross_reset
4,48,1-2-2-2,12,0.00511509,exodus,major,cross_reset
4,49,2-3-3-4,12,0.00511509,exodus,major,cross_reset
4,50,2-4-3-2,12,0.00511509,exodus,major,cross_reset
5,1,3-3-3-2-3,22,0.00938166,exodus,major,cross_reset
5,2,2-3-3-3-2,21,0.00895522,exodus,major,cross_reset
5,3,2-3-3-2-2,16,0.00682303,exodus,major,cross_reset
5,4,3-2-2-2-3,15,0.00639659,exodus,major,cross_reset
5,5,3-3-2-3-2,15,0.00639659,exodus,major,cross_reset
5,6,2-2-3-3-2,15,0.00639659,exodus,major,cross_reset
5,7,3-2-2-3-3,14,0.00597015,exodus,major,cross_reset
5,8,2-2-2-3-3,14,0.00597015,exodus,major,cross_reset
5,9,2-2-3-2-3,13,0.00554371,exodus,major,cross_reset
5,10,2-3-2-3-3,13,0.00554371,exodus,major,cross_reset
5,11,2-2-3-3-3,13,0.00554371,exodus,major,cross_reset
5,12,3-3-2-3-3,13,0.00554371,exodus,major,cross_reset
5,13,4-2-3-3-3,12,0.00511727,exodus,major,cross_reset
5,14,2-2-2-2-2,12,0.00511727,exodus,major,cross_reset
5,15,3-2-3-3-2,12,0.00511727,exodus,major,cross_reset
5,16,3-2-3-3-3,11,0.00469083,exodus,major,cross_reset
5,17,3-2-2-2-2,11,0.00469083,exodus,major,cross_reset
5,18,3-3-2-2-2,11,0.00469083,exodus,major,cross_reset
5,19,2-2-2-3-4,10,0.00426439,exodus,major,cross_reset
5,20,3-2-2-3-2,10,0.00426439,exodus,major,cross_reset
5,21,3-2-3-2-2,10,0.00426439,exodus,major,cross_reset
5,22,3-3-2-2-3,10,0.00426439,exodus,major,cross_reset
5,23,2-3-3-2-3,10,0.00426439,exodus,major,cross_reset
5,24,2-3-2-3-2,9,0.00383795,exodus,major,cross_reset
5,25,3-4-2-2-2,9,0.00383795,exodus,major,cross_reset
5,26,2-2-2-3-2,9,0.00383795,exodus,major,cross_reset
5,27,2-3-2-2-3,9,0.00383795,exodus,major,cross_reset
5,28,3-3-2-1-3,9,0.00383795,exodus,major,cross_reset
5,29,2-2-2-2-3,9,0.00383795,exodus,major,cross_reset
5,30,2-2-2-2-4,9,0.00383795,exodus,major,cross_reset
5,31,2-2-2-4-3,9,0.00383795,exodus,major,cross_reset
5,32,2-3-2-2-2,8,0.00341151,exodus,major,cross_reset
5,33,3-4-2-3-3,8,0.00341151,exodus,major,cross_reset
5,34,2-3-3-3-3,8,0.00341151,exodus,major,cross_reset
5,35,2-2-3-2-2,8,0.00341151,exodus,major,cross_reset
5,36,3-2-1-3-3,8,0.00341151,exodus,major,cross_reset
5,37,3-3-3-2-2,8,0.00341151,exodus,major,cross_reset
5,38,2-1-2-2-3,8,0.00341151,exodus,major,cross_reset
5,39,3-2-1-2-2,8,0.00341151,exodus,major,cross_reset
5,40,2-2-3-4-3,8,0.00341151,exodus,major,cross_reset
5,41,2-2-4-2-3,8,0.00341151,exodus,major,cross_reset
5,42,2-2-4-2-2,8,0.00341151,exodus,major,cross_reset
5,43,3-3-4-2-3,7,0.00298507,exodus,major,cross_reset
5,44,4-3-2-2-3,7,0.00298507,exodus,major,cross_reset
5,45,3-2-3-2-3,7,0.00298507,exodus,major,cross_reset
5,46,3-3-3-3-2,7,0.00298507,exodus,major,cross_reset
5,47,4-3-2-2-2,7,0.00298507,exodus,major,cross_reset
5,48,3-2-3-2-4,7,0.00298507,exodus,major,cross_reset
5,49,3-3-1-3-3,7,0.00298507,exodus,major,cross_reset
5,50,2-2-2-4-2,7,0.00298507,exodus,major,cross_reset
6,1,2-3-3-3-2-3,13,0.00554608,exodus,major,cross_reset
6,2,3-3-3-2-3-3,10,0.00426621,exodus,major,cross_reset
6,3,2-2-3-3-3-2,9,0.00383959,exodus,major,cross_reset
6,4,3-2-3-3-3-2,8,0.00341297,exodus,major,cross_reset
6,5,2-2-3-2-3-3,7,0.00298635,exodus,major,cross_reset
6,6,2-2-2-2-3-3,7,0.00298635,exodus,major,cross_reset
6,7,3-3-3-2-3-2,7,0.00298635,exodus,major,cross_reset
6,8,2-2-3-3-2-2,7,0.00298635,exodus,major,cross_reset
6,9,2-3-3-2-2-2,7,0.00298635,exodus,major,cross_reset
6,10,2-2-2-2-2-2,7,0.00298635,exodus,major,cross_reset
6,11,3-2-2-2-3-4,6,0.00255973,exodus,major,cross_reset
6,12,4-3-4-2-2-2,6,0.00255973,exodus,major,cross_reset
6,13,3-3-2-1-3-3,6,0.00255973,exodus,major,cross_reset
6,14,2-3-2-3-3-2,6,0.00255973,exodus,major,cross_reset
6,15,3-3-2-3-2-2,6,0.00255973,exodus,major,cross_reset
6,16,4-3-2-2-3-3,6,0.00255973,exodus,major,cross_reset
6,17,3-3-2-3-3-2,6,0.00255973,exodus,major,cross_reset
6,18,2-2-2-3-3-2,6,0.00255973,exodus,major,cross_reset
6,19,2-3-2-2-2-3,5,0.00213311,exodus,major,cross_reset
6,20,2-2-2-3-2-3,5,0.00213311,exodus,major,cross_reset
6,21,3-2-2-3-3-3,5,0.00213311,exodus,major,cross_reset
6,22,3-3-3-2-2-3,5,0.00213311,exodus,major,cross_reset
6,23,2-2-2-3-3-3,5,0.00213311,exodus,major,cross_reset
6,24,3-2-3-2-2-3,5,0.00213311,exodus,major,cross_reset
6,25,3-2-3-2-4-3,5,0.00213311,exodus,major,cross_reset
6,26,2-2-2-3-4-3,5,0.00213311,exodus,major,cross_reset
6,27,3-3-1-3-3-3,5,0.00213311,exodus,major,cross_reset
6,28,2-4-2-3-3-3,5,0.00213311,exodus,major,cross_reset
6,29,3-2-3-3-2-2,5,0.00213311,exodus,major,cross_reset
6,30,3-2-2-2-3-3,5,0.00213311,exodus,major,cross_reset
6,31,3-2-2-3-3-2,5,0.00213311,exodus,major,cross_reset
6,32,3-4-3-2-2-3,4,0.00170648,exodus,major,cross_reset
6,33,2-2-3-2-3-2,4,0.00170648,exodus,major,cross_reset
6,34,4-2-2-2-3-2,4,0.00170648,exodus,major,cross_reset
6,35,2-3-2-3-3-3,4,0.00170648,exodus,major,cross_reset
6,36,2-2-3-2-2-3,4,0.00170648,exodus,major,cross_reset
6,37,3-3-2-3-2-3,4,0.00170648,exodus,major,cross_reset
6,38,3-2-1-3-3-3,4,0.00170648,exodus,major,cross_reset
6,39,3-2-3-3-2-3,4,0.00170648,exodus,major,cross_reset
6,40,3-2-2-2-3-2,4,0.00170648,exodus,major,cross_reset
6,41,2-3-3-2-3-2,4,0.00170648,exodus,major,cross_reset
6,42,2-3-2-2-3-2,4,0.00170648,exodus,major,cross_reset
6,43,3-2-2-3-2-2,4,0.00170648,exodus,major,cross_reset
6,44,3-2-2-2-2-4,4,0.00170648,exodus,major,cross_reset
6,45,2-2-2-2-4-3,4,0.00170648,exodus,major,cross_reset
6,46,3-3-2-3-2-4,4,0.00170648,exodus,major,cross_reset
6,47,4-2-3-3-3-3,4,0.00170648,exodus,major,cross_reset
6,48,4-3-2-2-2-3,4,0.00170648,exodus,major,cross_reset
6,49,4-3-3-2-1-3,4,0.00170648,exodus,major,cross_reset
6,50,2-2-2-4-3-2,4,0.00170648,exodus,major,cross_reset
2,1,2-2,2513,0.17184081,exodus,major,all
2,2,3-2,1838,0.12568381,exodus,major,all
2,3,2-3,1804,0.12335886,exodus,major,all
2,4,3-3,1398,0.09559628,exodus,major,all
2,5,4-2,700,0.04786652,exodus,major,all
2,6,2-4,697,0.04766138,exodus,major,all
2,7,2-1,687,0.04697757,exodus,major,all
2,8,1-2,646,0.04417396,exodus,major,all
2,9,3-1,610,0.04171225,exodus,major,all
2,10,4-3,579,0.03959245,exodus,major,all
2,11,1-3,565,0.03863512,exodus,major,all
2,12,3-4,532,0.03637856,exodus,major,all
2,13,4-4,232,0.01586433,exodus,major,all
2,14,1-4,231,0.01579595,exodus,major,all
2,15,4-1,221,0.01511214,exodus,major,all
2,16,1-1,194,0.01326586,exodus,major,all
2,17,5-2,178,0.01217177,exodus,major,all
2,18,2-5,174,0.01189825,exodus,major,all
2,19,5-3,158,0.01080416,exodus,major,all
2,20,3-5,136,0.00929978,exodus,major,all
2,21,1-5,107,0.00731674,exodus,major,all
2,22,5-4,70,0.00478665,exodus,major,all
2,23,5-1,56,0.00382932,exodus,major,all
2,24,4-5,45,0.00307713,exodus,major,all
2,25,2-6,35,0.00239333,exodus,major,all
2,26,6-2,34,0.00232495,exodus,major,all
2,27,1-6,32,0.00218818,exodus,major,all
2,28,6-3,24,0.00164114,exodus,major,all
2,29,6-4,24,0.00164114,exodus,major,all
2,30,3-6,18,0.00123085,exodus,major,all
2,31,5-5,17,0.00116247,exodus,major,all
2,32,6-1,14,0.00095733,exodus,major,all
2,33,4-6,12,0.00082057,exodus,major,all
2,34,1-7,11,0.00075219,exodus,major,all
2,35,7-1,6,0.00041028,exodus,major,all
2,36,7-3,4,0.00027352,exodus,major,all
2,37,5-6,3,0.00020514,exodus,major,all
2,38,7-2,3,0.00020514,exodus,major,all
2,39,7-4,3,0.00020514,exodus,major,all
2,40,6-5,3,0.00020514,exodus,major,all
2,41,2-7,2,0.00013676,exodus,major,all
2,42,1-8,2,0.00013676,exodus,major,all
2,43,3-7,2,0.00013676,exodus,major,all
2,44,6-7,1,6.838e-05,exodus,major,all
2,45,8-3,1,6.838e-05,exodus,major,all
2,46,8-5,1,6.838e-05,exodus,major,all
2,47,6-6,1,6.838e-05,exodus,major,all
3,1,2-2-2,1112,0.07604459,exodus,major,all
3,2,3-2-2,751,0.05135745,exodus,major,all
3,3,2-2-3,742,0.05074198,exodus,major,all
3,4,2-3-2,725,0.04957943,exodus,major,all
3,5,3-2-3,593,0.04055255,exodus,major,all
3,6,3-3-2,564,0.03856938,exodus,major,all
3,7,2-3-3,555,0.03795391,exodus,major,all
3,8,3-3-3,442,0.03022636,exodus,major,all
3,9,2-2-4,313,0.02140464,exodus,major,all
3,10,4-2-2,287,0.01962662,exodus,major,all
3,11,1-2-2,267,0.01825891,exodus,major,all
3,12,2-4-2,266,0.01819052,exodus,major,all
3,13,2-1-2,264,0.01805375,exodus,major,all
3,14,2-2-1,263,0.01798537,exodus,major,all
3,15,2-3-1,249,0.01702797,exodus,major,all
3,16,2-4-3,241,0.01648089,exodus,major,all
3,17,4-3-2,240,0.0164125,exodus,major,all
3,18,1-3-2,223,0.01524995,exodus,major,all
3,19,3-2-1,220,0.01504479,exodus,major,all
3,20,2-3-4,213,0.01456609,exodus,major,all
3,21,1-2-3,212,0.01449771,exodus,major,all
3,22,3-4-2,210,0.01436094,exodus,major,all
3,23,3-1-2,209,0.01429255,exodus,major,all
3,24,3-1-3,208,0.01422417,exodus,major,all
3,25,2-1-3,204,0.01395063,exodus,major,all
3,26,3-2-4,204,0.01395063,exodus,major,all
3,27,4-2-3,197,0.01347193,exodus,major,all
3,28,3-3-1,194,0.01326677,exodus,major,all
3,29,1-3-3,181,0.01237776,exodus,major,all
3,30,3-4-3,178,0.0121726,exodus,major,all
3,31,4-3-3,172,0.01176229,exodus,major,all
3,32,3-3-4,151,0.0103262,exodus,major,all
3,33,1-4-2,96,0.006565,exodus,major,all
3,34,4-2-1,95,0.00649661,exodus,major,all
3,35,4-2-4,95,0.00649661,exodus,major,all
3,36,3-1-4,92,0.00629146,exodus,major,all
3,37,4-4-2,92,0.00629146,exodus,major,all
3,38,2-4-1,91,0.00622307,exodus,major,all
3,39,1-2-1,88,0.00601792,exodus,major,all
3,40,4-1-2,85,0.00581276,exodus,major,all
3,41,1-3-1,82,0.0056076,exodus,major,all
3,42,2-1-1,82,0.0056076,exodus,major,all
3,43,2-4-4,79,0.00540245,exodus,major,all
3,44,4-3-4,76,0.00519729,exodus,major,all
3,45,5-2-2,76,0.00519729,exodus,major,all
3,46,2-5-2,75,0.00512891,exodus,major,all
3,47,2-1-4,74,0.00506052,exodus,major,all
3,48,5-3-2,74,0.00506052,exodus,major,all
3,49,4-1-3,71,0.00485536,exodus,major,all
3,50,1-1-2,70,0.00478698,exodus,major,all
4,1,2-2-2-2,512,0.03501573,exodus,major,all
4,2,3-2-2-2,329,0.02250034,exodus,major,all
4,3,2-3-2-2,321,0.02195322,exodus,major,all
4,4,2-2-3-2,308,0.02106415,exodus,major,all
4,5,2-2-2-3,303,0.0207222,exodus,major,all
4,6,3-2-3-2,238,0.01627684,exodus,major,all
4,7,3-2-2-3,229,0.01566133,exodus,major,all
4,8,2-3-3-2,228,0.01559294,exodus,major,all
4,9,2-3-2-3,227,0.01552455,exodus,major,all
4,10,2-2-3-3,225,0.01538777,exodus,major,all
4,11,3-3-2-2,208,0.01422514,exodus,major,all
4,12,3-3-2-3,198,0.01354124,exodus,major,all
4,13,3-2-3-3,182,0.012447,exodus,major,all
4,14,3-3-3-2,177,0.01210505,exodus,major,all
4,15,2-3-3-3,176,0.01203666,exodus,major,all
4,16,2-2-2-4,143,0.00977978,exodus,major,all
4,17,3-3-3-3,137,0.00936944,exodus,major,all
4,18,2-2-2-1,122,0.00834359,exodus,major,all
4,19,4-2-2-2,121,0.0082752,exodus,major,all
4,20,2-2-4-2,118,0.00807003,exodus,major,all
4,21,2-1-2-2,117,0.00800164,exodus,major,all
4,22,1-2-2-2,112,0.00765969,exodus,major,all
4,23,4-3-2-2,112,0.00765969,exodus,major,all
4,24,2-2-4-3,111,0.0075913,exodus,major,all
4,25,2-4-2-2,111,0.0075913,exodus,major,all
4,26,2-4-3-2,105,0.00718096,exodus,major,all
4,27,2-2-1-2,94,0.00642867,exodus,major,all
4,28,2-2-3-4,94,0.00642867,exodus,major,all
4,29,2-3-4-2,93,0.00636028,exodus,major,all
4,30,2-2-3-1,92,0.00629189,exodus,major,all
4,31,4-2-2-3,91,0.0062235,exodus,major,all
4,32,3-1-3-2,88,0.00601833,exodus,major,all
4,33,3-2-2-4,87,0.00594994,exodus,major,all
4,34,2-1-2-3,87,0.00594994,exodus,major,all
4,35,3-2-4-2,85,0.00581316,exodus,major,all
4,36,2-3-1-3,85,0.00581316,exodus,major,all
4,37,2-3-1-2,84,0.00574477,exodus,major,all
4,38,3-2-3-1,83,0.00567638,exodus,major,all
4,39,2-3-2-1,83,0.00567638,exodus,major,all
4,40,1-2-2-3,82,0.00560799,exodus,major,all
4,41,1-2-3-2,81,0.0055396,exodus,major,all
4,42,1-3-3-2,81,0.0055396,exodus,major,all
4,43,2-1-3-2,81,0.0055396,exodus,major,all
4,44,3-2-2-1,80,0.00547121,exodus,major,all
4,45,3-1-2-2,79,0.00540282,exodus,major,all
4,46,2-2-1-3,77,0.00526604,exodus,major,all
4,47,1-3-2-3,77,0.00526604,exodus,major,all
4,48,3-4-3-2,77,0.00526604,exodus,major,all
4,49,3-1-2-3,76,0.00519765,exodus,major,all
4,50,3-2-1-3,76,0.00519765,exodus,major,all
5,1,2-2-2-2-2,231,0.01579919,exodus,major,all
5,2,3-2-2-2-2,168,0.01149032,exodus,major,all
5,3,2-2-3-2-2,138,0.00943848,exodus,major,all
5,4,2-2-2-2-3,138,0.00943848,exodus,major,all
5,5,2-3-2-2-2,136,0.00930169,exodus,major,all
5,6,2-2-2-3-2,128,0.00875453,exodus,major,all
5,7,3-2-3-2-2,100,0.00683948,exodus,major,all
5,8,2-3-2-2-3,97,0.00663429,exodus,major,all
5,9,2-3-2-3-2,96,0.0065659,exodus,major,all
5,10,2-2-3-2-3,94,0.00642911,exodus,major,all
5,11,2-2-3-3-2,89,0.00608713,exodus,major,all
5,12,3-2-2-2-3,87,0.00595035,exodus,major,all
5,13,3-2-2-3-2,86,0.00588195,exodus,major,all
5,14,3-3-2-2-2,84,0.00574516,exodus,major,all
5,15,3-3-2-3-2,82,0.00560837,exodus,major,all
5,16,2-2-2-3-3,81,0.00553998,exodus,major,all
5,17,2-3-3-2-2,80,0.00547158,exodus,major,all
5,18,3-2-3-2-3,77,0.0052664,exodus,major,all
5,19,2-3-3-2-3,77,0.0052664,exodus,major,all
5,20,3-2-2-3-3,76,0.005198,exodus,major,all
5,21,3-3-2-2-3,71,0.00485603,exodus,major,all
5,22,3-3-3-2-2,70,0.00478763,exodus,major,all
5,23,2-3-3-3-2,70,0.00478763,exodus,major,all
5,24,2-2-3-3-3,67,0.00458245,exodus,major,all
5,25,2-2-2-2-4,67,0.00458245,exodus,major,all
5,26,3-2-3-3-2,67,0.00458245,exodus,major,all
5,27,3-3-3-2-3,64,0.00437727,exodus,major,all
5,28,3-3-2-3-3,64,0.00437727,exodus,major,all
5,29,3-2-3-3-3,63,0.00430887,exodus,major,all
5,30,2-3-2-3-3,63,0.00430887,exodus,major,all
5,31,2-2-2-2-1,61,0.00417208,exodus,major,all
5,32,2-3-3-3-3,58,0.0039669,exodus,major,all
5,33,3-3-3-3-2,58,0.0039669,exodus,major,all
5,34,4-3-2-2-2,57,0.0038985,exodus,major,all
5,35,2-2-4-3-2,55,0.00376171,exodus,major,all
5,36,4-2-2-2-2,55,0.00376171,exodus,major,all
5,37,2-2-2-4-2,54,0.00369332,exodus,major,all
5,38,2-2-2-4-3,52,0.00355653,exodus,major,all
5,39,2-4-3-2-2,51,0.00348813,exodus,major,all
5,40,2-2-4-2-2,51,0.00348813,exodus,major,all
5,41,2-3-2-2-4,49,0.00335134,exodus,major,all
5,42,2-4-2-2-2,48,0.00328295,exodus,major,all
5,43,2-1-2-2-2,47,0.00321455,exodus,major,all
5,44,2-2-3-4-2,46,0.00314616,exodus,major,all
5,45,1-2-2-2-3,42,0.00287258,exodus,major,all
5,46,2-2-1-2-2,42,0.00287258,exodus,major,all
5,47,1-2-2-2-2,42,0.00287258,exodus,major,all
5,48,2-2-2-3-4,41,0.00280419,exodus,major,all
5,49,3-3-3-3-3,41,0.00280419,exodus,major,all
5,50,2-2-2-3-1,41,0.00280419,exodus,major,all
6,1,2-2-2-2-2-2,97,0.00663475,exodus,major,all
6,2,3-2-2-2-2-2,78,0.00533516,exodus,major,all
6,3,2-3-2-2-2-2,65,0.00444596,exodus,major,all
6,4,2-2-2-2-3-2,61,0.00417237,exodus,major,all
6,5,2-2-3-2-2-2,60,0.00410397,exodus,major,all
6,6,2-2-2-2-2-3,60,0.00410397,exodus,major,all
6,7,2-2-2-3-2-2,54,0.00369357,exodus,major,all
6,8,3-2-2-2-2-3,52,0.00355677,exodus,major,all
6,9,2-2-3-2-2-3,44,0.00300958,exodus,major,all
6,10,3-2-2-3-2-2,44,0.00300958,exodus,major,all
6,11,2-2-2-3-2-3,42,0.00287278,exodus,major,all
6,12,2-3-2-3-2-2,41,0.00280438,exodus,major,all
6,13,3-3-2-2-2-2,40,0.00273598,exodus,major,all
6,14,2-3-2-2-2-3,39,0.00266758,exodus,major,all
6,15,3-2-3-2-2-2,39,0.00266758,exodus,major,all
6,16,2-3-2-2-3-2,39,0.00266758,exodus,major,all
6,17,2-2-2-2-3-3,38,0.00259918,exodus,major,all
6,18,2-2-2-2-2-4,37,0.00253078,exodus,major,all
6,19,2-3-3-2-3-2,37,0.00253078,exodus,major,all
6,20,2-3-3-2-2-2,37,0.00253078,exodus,major,all
6,21,2-2-3-2-3-2,36,0.00246238,exodus,major,all
6,22,3-2-2-3-3-2,36,0.00246238,exodus,major,all
6,23,4-3-2-2-2-2,36,0.00246238,exodus,major,all
6,24,3-2-3-2-3-2,34,0.00232558,exodus,major,all
6,25,3-3-2-3-2-2,33,0.00225718,exodus,major,all
6,26,2-3-2-2-3-3,32,0.00218878,exodus,major,all
6,27,2-2-2-2-2-1,31,0.00212038,exodus,major,all
6,28,2-2-3-3-2-2,31,0.00212038,exodus,major,all
6,29,3-2-3-2-2-3,31,0.00212038,exodus,major,all
6,30,2-2-2-3-3-3,30,0.00205198,exodus,major,all
6,31,2-2-2-2-4-3,30,0.00205198,exodus,major,all
6,32,2-3-2-3-2-3,30,0.00205198,exodus,major,all
6,33,2-2-4-3-2-2,30,0.00205198,exodus,major,all
6,34,3-2-3-3-3-2,30,0.00205198,exodus,major,all
6,35,4-2-2-2-2-2,30,0.00205198,exodus,major,all
6,36,3-2-2-2-3-2,29,0.00198358,exodus,major,all
6,37,2-2-3-3-3-2,28,0.00191518,exodus,major,all
6,38,2-2-3-3-2-3,28,0.00191518,exodus,major,all
6,39,2-4-3-2-2-2,27,0.00184679,exodus,major,all
6,40,2-2-2-3-3-2,27,0.00184679,exodus,major,all
6,41,3-3-3-2-3-3,27,0.00184679,exodus,major,all
6,42,2-3-3-3-3-2,27,0.00184679,exodus,major,all
6,43,2-2-2-4-3-2,27,0.00184679,exodus,major,all
6,44,3-3-2-3-2-3,27,0.00184679,exodus,major,all
6,45,3-2-3-3-2-3,26,0.00177839,exodus,major,all
6,46,2-2-3-2-3-3,26,0.00177839,exodus,major,all
6,47,3-3-2-2-2-3,26,0.00177839,exodus,major,all
6,48,3-3-2-2-3-2,26,0.00177839,exodus,major,all
6,49,2-2-2-2-4-2,25,0.00170999,exodus,major,all
6,50,3-3-3-2-2-2,25,0.00170999,exodus,major,all
2,1,2-2,1970,0.194741,exodus,major_minor,within
2,2,3-2,1349,0.1333531,exodus,major_minor,within
2,3,2-3,1332,0.1316726,exodus,major_minor,within
2,4,3-3,998,0.0986556,exodus,major_minor,within
2,5,4-2,482,0.04764729,exodus,major_minor,within
2,6,2-1,471,0.04655991,exodus,major_minor,within
2,7,2-4,468,0.04626335,exodus,major_minor,within
2,8,1-2,440,0.04349545,exodus,major_minor,within
2,9,1-3,388,0.03835508,exodus,major_minor,within
2,10,3-1,363,0.03588375,exodus,major_minor,within
2,11,4-3,350,0.03459866,exodus,major_minor,within
2,12,3-4,342,0.03380783,exodus,major_minor,within
2,13,1-1,131,0.01294978,exodus,major_minor,within
2,14,1-4,127,0.01255437,exodus,major_minor,within
2,15,4-1,122,0.0120601,exodus,major_minor,within
2,16,4-4,118,0.01166469,exodus,major_minor,within
2,17,5-2,116,0.01146698,exodus,major_minor,within
2,18,2-5,108,0.01067616,exodus,major_minor,within
2,19,3-5,87,0.00860024,exodus,major_minor,within
2,20,5-3,76,0.00751285,exodus,major_minor,within
2,21,1-5,43,0.00425069,exodus,major_minor,within
2,22,5-1,35,0.00345987,exodus,major_minor,within
2,23,5-4,35,0.00345987,exodus,major_minor,within
2,24,4-5,25,0.00247133,exodus,major_minor,within
2,25,2-6,22,0.00217477,exodus,major_minor,within
2,26,3-6,17,0.00168051,exodus,major_minor,within
2,27,6-3,14,0.00138395,exodus,major_minor,within
2,28,6-4,14,0.00138395,exodus,major_minor,within
2,29,6-1,13,0.00128509,exodus,major_minor,within
2,30,6-2,11,0.00108739,exodus,major_minor,within
2,31,5-5,8,0.00079083,exodus,major_minor,within
2,32,1-6,7,0.00069197,exodus,major_minor,within
2,33,4-6,6,0.00059312,exodus,major_minor,within
2,34,7-1,6,0.00059312,exodus,major_minor,within
2,35,1-7,5,0.00049427,exodus,major_minor,within
2,36,3-7,4,0.00039541,exodus,major_minor,within
2,37,7-3,2,0.00019771,exodus,major_minor,within
2,38,4-7,2,0.00019771,exodus,major_minor,within
2,39,7-2,2,0.00019771,exodus,major_minor,within
2,40,1-8,1,9.885e-05,exodus,major_minor,within
2,41,8-1,1,9.885e-05,exodus,major_minor,within
2,42,3-8,1,9.885e-05,exodus,major_minor,within
2,43,8-3,1,9.885e-05,exodus,major_minor,within
2,44,5-6,1,9.885e-05,exodus,major_minor,within
2,45,6-5,1,9.885e-05,exodus,major_minor,within
2,46,7-4,1,9.885e-05,exodus,major_minor,within
3,1,2-2-2,912,0.09016312,exodus,major_minor,within
3,2,3-2-2,595,0.05882353,exodus,major_minor,within
3,3,2-3-2,573,0.05664854,exodus,major_minor,within
3,4,2-2-3,566,0.0559565,exodus,major_minor,within
3,5,3-2-3,459,0.04537815,exodus,major_minor,within
3,6,2-3-3,439,0.04340089,exodus,major_minor,within
3,7,3-3-2,416,0.04112704,exodus,major_minor,within
3,8,3-3-3,294,0.02906574,exodus,major_minor,within
3,9,2-2-4,228,0.02254078,exodus,major_minor,within
3,10,4-2-2,225,0.02224419,exodus,major_minor,within
3,11,2-4-2,216,0.02135442,exodus,major_minor,within
3,12,2-2-1,205,0.02026693,exodus,major_minor,within
3,13,2-1-2,201,0.01987148,exodus,major_minor,within
3,14,1-2-2,184,0.01819081,exodus,major_minor,within
3,15,4-3-2,165,0.01631241,exodus,major_minor,within
3,16,1-3-2,157,0.0155215,exodus,major_minor,within
3,17,2-4-3,153,0.01512605,exodus,major_minor,within
3,18,3-1-3,147,0.01453287,exodus,major_minor,within
3,19,2-3-1,145,0.01433515,exodus,major_minor,within
3,20,3-2-1,144,0.01423628,exodus,major_minor,within
3,21,4-2-3,139,0.01374197,exodus,major_minor,within
3,22,2-3-4,138,0.0136431,exodus,major_minor,within
3,23,3-4-2,137,0.01354424,exodus,major_minor,within
3,24,1-3-3,135,0.01334652,exodus,major_minor,within
3,25,2-1-3,134,0.01324765,exodus,major_minor,within
3,26,1-2-3,131,0.01295106,exodus,major_minor,within
3,27,3-3-4,124,0.01225902,exodus,major_minor,within
3,28,3-3-1,120,0.01186357,exodus,major_minor,within
3,29,3-1-2,119,0.01176471,exodus,major_minor,within
3,30,3-4-3,115,0.01136925,exodus,major_minor,within
3,31,3-2-4,108,0.01067721,exodus,major_minor,within
3,32,4-3-3,104,0.01028176,exodus,major_minor,within
3,33,1-2-1,64,0.00632724,exodus,major_minor,within
3,34,1-4-2,62,0.00612951,exodus,major_minor,within
3,35,2-1-1,59,0.00583292,exodus,major_minor,within
3,36,4-2-4,58,0.00573406,exodus,major_minor,within
3,37,2-1-4,52,0.00514088,exodus,major_minor,within
3,38,4-1-2,51,0.00504202,exodus,major_minor,within
3,39,2-4-4,50,0.00494315,exodus,major_minor,within
3,40,1-2-4,50,0.00494315,exodus,major_minor,within
3,41,4-2-1,49,0.00484429,exodus,major_minor,within
3,42,2-2-5,49,0.00484429,exodus,major_minor,within
3,43,1-1-2,49,0.00484429,exodus,major_minor,within
3,44,5-2-2,48,0.00474543,exodus,major_minor,within
3,45,2-5-2,45,0.00444884,exodus,major_minor,within
3,46,1-3-1,45,0.00444884,exodus,major_minor,within
3,47,1-1-3,43,0.00425111,exodus,major_minor,within
3,48,4-3-1,43,0.00425111,exodus,major_minor,within
3,49,3-1-4,42,0.00415225,exodus,major_minor,within
3,50,4-4-2,42,0.00415225,exodus,major_minor,within
4,1,2-2-2-2,423,0.04182322,exodus,major_minor,within
4,2,3-2-2-2,286,0.02827763,exodus,major_minor,within
4,3,2-2-3-2,259,0.02560807,exodus,major_minor,within
4,4,2-3-2-2,247,0.02442159,exodus,major_minor,within
4,5,2-2-2-3,244,0.02412498,exodus,major_minor,within
4,6,2-3-2-3,204,0.02017006,exodus,major_minor,within
4,7,3-2-3-2,188,0.0185881,exodus,major_minor,within
4,8,3-3-2-2,180,0.01779711,exodus,major_minor,within
4,9,3-2-2-3,178,0.01759937,exodus,major_minor,within
4,10,2-3-3-2,178,0.01759937,exodus,major_minor,within
4,11,2-2-3-3,175,0.01730275,exodus,major_minor,within
4,12,3-2-3-3,152,0.01502867,exodus,major_minor,within
4,13,3-3-2-3,144,0.01423769,exodus,major_minor,within
4,14,3-3-3-2,127,0.01255685,exodus,major_minor,within
4,15,2-3-3-3,126,0.01245798,exodus,major_minor,within
4,16,2-2-2-4,117,0.01156812,exodus,major_minor,within
4,17,2-4-2-2,102,0.01008503,exodus,major_minor,within
4,18,2-2-2-1,100,0.00988728,exodus,major_minor,within
4,19,2-2-4-2,100,0.00988728,exodus,major_minor,within
4,20,3-3-3-3,94,0.00929405,exodus,major_minor,within
4,21,4-2-2-2,93,0.00919518,exodus,major_minor,within
4,22,2-2-1-2,89,0.00879968,exodus,major_minor,within
4,23,2-1-2-2,86,0.00850307,exodus,major_minor,within
4,24,4-3-2-2,84,0.00830532,exodus,major_minor,within
4,25,2-2-4-3,83,0.00820645,exodus,major_minor,within
4,26,2-4-3-2,83,0.00820645,exodus,major_minor,within
4,27,1-2-2-2,82,0.00810757,exodus,major_minor,within
4,28,4-2-2-3,76,0.00751434,exodus,major_minor,within
4,29,1-3-2-2,64,0.00632786,exodus,major_minor,within
4,30,2-4-2-3,64,0.00632786,exodus,major_minor,within
4,31,2-3-1-3,63,0.00622899,exodus,major_minor,within
4,32,2-3-2-1,63,0.00622899,exodus,major_minor,within
4,33,2-2-3-1,62,0.00613012,exodus,major_minor,within
4,34,3-4-2-2,62,0.00613012,exodus,major_minor,within
4,35,2-3-3-4,61,0.00603124,exodus,major_minor,within
4,36,3-1-3-2,61,0.00603124,exodus,major_minor,within
4,37,1-2-3-2,61,0.00603124,exodus,major_minor,within
4,38,3-2-2-1,59,0.0058335,exodus,major_minor,within
4,39,3-1-3-3,59,0.0058335,exodus,major_minor,within
4,40,2-1-2-3,57,0.00563575,exodus,major_minor,within
4,41,3-2-2-4,57,0.00563575,exodus,major_minor,within
4,42,3-2-3-4,56,0.00553688,exodus,major_minor,within
4,43,2-3-3-1,55,0.00543801,exodus,major_minor,within
4,44,3-2-4-2,55,0.00543801,exodus,major_minor,within
4,45,2-2-3-4,54,0.00533913,exodus,major_minor,within
4,46,3-2-1-2,53,0.00524026,exodus,major_minor,within
4,47,2-3-4-2,53,0.00524026,exodus,major_minor,within
4,48,2-2-1-3,53,0.00524026,exodus,major_minor,within
4,49,4-2-3-2,52,0.00514139,exodus,major_minor,within
4,50,3-2-3-1,51,0.00504252,exodus,major_minor,within
5,1,2-2-2-2-2,195,0.01928211,exodus,major_minor,within
5,2,3-2-2-2-2,140,0.01384357,exodus,major_minor,within
5,3,2-2-3-2-2,118,0.01166815,exodus,major_minor,within
5,4,2-2-2-2-3,116,0.01147038,exodus,major_minor,within
5,5,2-3-2-2-2,116,0.01147038,exodus,major_minor,within
5,6,2-2-2-3-2,106,0.01048156,exodus,major_minor,within
5,7,2-3-2-3-2,92,0.0090972,exodus,major_minor,within
5,8,2-2-3-2-3,90,0.00889944,exodus,major_minor,within
5,9,3-2-2-3-2,80,0.00791061,exodus,major_minor,within
5,10,3-3-2-2-2,80,0.00791061,exodus,major_minor,within
5,11,2-2-2-3-3,80,0.00791061,exodus,major_minor,within
5,12,2-3-2-2-3,78,0.00771284,exodus,major_minor,within
5,13,3-2-2-2-3,78,0.00771284,exodus,major_minor,within
5,14,3-2-3-2-3,77,0.00761396,exodus,major_minor,within
5,15,2-2-3-3-2,76,0.00751508,exodus,major_minor,within
5,16,2-3-3-2-2,73,0.00721843,exodus,major_minor,within
5,17,3-2-3-2-2,67,0.00662514,exodus,major_minor,within
5,18,3-3-2-3-3,62,0.00613072,exodus,major_minor,within
5,19,2-3-3-2-3,58,0.00573519,exodus,major_minor,within
5,20,2-3-3-3-2,57,0.00563631,exodus,major_minor,within
5,21,3-2-2-3-3,56,0.00553743,exodus,major_minor,within
5,22,3-3-3-2-2,55,0.00543854,exodus,major_minor,within
5,23,3-2-3-3-2,55,0.00543854,exodus,major_minor,within
5,24,2-3-2-3-3,55,0.00543854,exodus,major_minor,within
5,25,3-3-2-3-2,54,0.00533966,exodus,major_minor,within
5,26,3-3-2-2-3,53,0.00524078,exodus,major_minor,within
5,27,2-2-3-3-3,52,0.0051419,exodus,major_minor,within
5,28,2-2-2-4-2,52,0.0051419,exodus,major_minor,within
5,29,2-2-2-2-1,51,0.00504301,exodus,major_minor,within
5,30,2-2-4-3-2,49,0.00484525,exodus,major_minor,within
5,31,2-2-2-2-4,45,0.00444972,exodus,major_minor,within
5,32,4-3-2-2-2,45,0.00444972,exodus,major_minor,within
5,33,3-3-3-2-3,45,0.00444972,exodus,major_minor,within
5,34,2-1-2-2-2,44,0.00435084,exodus,major_minor,within
5,35,2-4-2-2-2,44,0.00435084,exodus,major_minor,within
5,36,2-2-4-2-2,43,0.00425195,exodus,major_minor,within
5,37,2-4-3-2-2,43,0.00425195,exodus,major_minor,within
5,38,2-2-2-1-2,42,0.00415307,exodus,major_minor,within
5,39,2-2-2-4-3,42,0.00415307,exodus,major_minor,within
5,40,4-2-2-2-2,40,0.00395531,exodus,major_minor,within
5,41,3-3-3-3-2,40,0.00395531,exodus,major_minor,within
5,42,3-2-3-3-3,39,0.00385642,exodus,major_minor,within
5,43,2-3-3-3-3,39,0.00385642,exodus,major_minor,within
5,44,4-2-2-3-2,39,0.00385642,exodus,major_minor,within
5,45,3-2-2-2-4,38,0.00375754,exodus,major_minor,within
5,46,2-4-2-2-3,34,0.00336201,exodus,major_minor,within
5,47,1-2-2-2-2,34,0.00336201,exodus,major_minor,within
5,48,1-3-2-2-2,34,0.00336201,exodus,major_minor,within
5,49,3-1-3-2-2,33,0.00326313,exodus,major_minor,within
5,50,1-2-3-2-2,32,0.00316424,exodus,major_minor,within
6,1,2-2-2-2-2-2,92,0.0090981,exodus,major_minor,within
6,2,3-2-2-2-2-2,69,0.00682358,exodus,major_minor,within
6,3,2-2-3-2-2-2,55,0.00543908,exodus,major_minor,within
6,4,2-2-2-2-2-3,53,0.0052413,exodus,major_minor,within
6,5,2-3-2-2-2-2,49,0.00484573,exodus,major_minor,within
6,6,2-2-2-2-3-2,45,0.00445016,exodus,major_minor,within
6,7,2-2-2-3-2-2,44,0.00435127,exodus,major_minor,within
6,8,3-2-2-3-2-2,42,0.00415348,exodus,major_minor,within
6,9,3-3-2-2-2-2,41,0.00405459,exodus,major_minor,within
6,10,3-2-2-2-3-2,40,0.0039557,exodus,major_minor,within
6,11,2-2-3-2-3-2,38,0.00375791,exodus,major_minor,within
6,12,3-2-2-2-2-3,37,0.00365902,exodus,major_minor,within
6,13,2-2-2-3-2-3,37,0.00365902,exodus,major_minor,within
6,14,2-2-3-2-2-3,36,0.00356013,exodus,major_minor,within
6,15,2-3-2-2-3-2,36,0.00356013,exodus,major_minor,within
6,16,2-3-2-2-2-3,35,0.00346123,exodus,major_minor,within
6,17,3-2-3-2-3-2,35,0.00346123,exodus,major_minor,within
6,18,2-2-2-3-3-2,35,0.00346123,exodus,major_minor,within
6,19,2-2-2-2-3-3,35,0.00346123,exodus,major_minor,within
6,20,2-3-2-3-2-2,34,0.00336234,exodus,major_minor,within
6,21,3-2-3-2-2-2,32,0.00316456,exodus,major_minor,within
6,22,2-3-2-3-2-3,32,0.00316456,exodus,major_minor,within
6,23,3-2-2-3-2-3,31,0.00306566,exodus,major_minor,within
6,24,2-2-3-3-2-2,30,0.00296677,exodus,major_minor,within
6,25,3-2-2-2-3-3,29,0.00286788,exodus,major_minor,within
6,26,2-3-3-2-2-2,29,0.00286788,exodus,major_minor,within
6,27,4-3-2-2-2-2,29,0.00286788,exodus,major_minor,within
6,28,2-3-3-3-2-2,28,0.00276899,exodus,major_minor,within
6,29,2-3-3-2-3-2,28,0.00276899,exodus,major_minor,within
6,30,2-2-3-2-3-3,26,0.0025712,exodus,major_minor,within
6,31,3-3-2-3-2-3,26,0.0025712,exodus,major_minor,within
6,32,2-2-3-3-2-3,26,0.0025712,exodus,major_minor,within
6,33,2-2-4-3-2-2,25,0.00247231,exodus,major_minor,within
6,34,2-3-3-2-2-3,25,0.00247231,exodus,major_minor,within
6,35,3-2-2-3-3-3,25,0.00247231,exodus,major_minor,within
6,36,2-2-2-4-2-2,25,0.00247231,exodus,major_minor,within
6,37,3-2-3-2-2-3,24,0.00237342,exodus,major_minor,within
6,38,3-3-3-2-2-2,24,0.00237342,exodus,major_minor,within
6,39,3-3-2-2-2-3,24,0.00237342,exodus,major_minor,within
6,40,3-3-3-2-3-3,24,0.00237342,exodus,major_minor,within
6,41,3-3-2-3-3-2,24,0.00237342,exodus,major_minor,within
6,42,2-4-3-2-2-2,24,0.00237342,exodus,major_minor,within
6,43,2-2-2-4-3-2,23,0.00227453,exodus,major_minor,within
6,44,3-3-2-2-3-2,23,0.00227453,exodus,major_minor,within
6,45,2-2-2-2-2-1,23,0.00227453,exodus,major_minor,within
6,46,2-2-2-2-1-2,23,0.00227453,exodus,major_minor,within
6,47,3-2-3-3-2-2,23,0.00227453,exodus,major_minor,within
6,48,2-3-2-2-3-3,23,0.00227453,exodus,major_minor,within
6,49,3-2-2-2-4-2,23,0.00227453,exodus,major_minor,within
6,50,3-2-2-3-3-2,22,0.00217563,exodus,major_minor,within
2,1,2-2,532,0.11803861,exodus,major_minor,cross_reset
2,2,3-2,474,0.10516974,exodus,major_minor,cross_reset
2,3,2-3,444,0.09851342,exodus,major_minor,cross_reset
2,4,3-3,429,0.09518527,exodus,major_minor,cross_reset
2,5,2-4,245,0.05435988,exodus,major_minor,cross_reset
2,6,2-1,234,0.05191924,exodus,major_minor,cross_reset
2,7,1-2,223,0.04947859,exodus,major_minor,cross_reset
2,8,4-2,223,0.04947859,exodus,major_minor,cross_reset
2,9,4-3,215,0.04770357,exodus,major_minor,cross_reset
2,10,3-1,210,0.04659419,exodus,major_minor,cross_reset
2,11,1-3,203,0.04504105,exodus,major_minor,cross_reset
2,12,3-4,188,0.04171289,exodus,major_minor,cross_reset
2,13,4-4,108,0.02396272,exodus,major_minor,cross_reset
2,14,1-4,94,0.02085645,exodus,major_minor,cross_reset
2,15,1-1,89,0.01974706,exodus,major_minor,cross_reset
2,16,4-1,89,0.01974706,exodus,major_minor,cross_reset
2,17,2-5,70,0.0155314,exodus,major_minor,cross_reset
2,18,5-2,70,0.0155314,exodus,major_minor,cross_reset
2,19,5-3,68,0.01508764,exodus,major_minor,cross_reset
2,20,3-5,55,0.01220324,exodus,major_minor,cross_reset
2,21,4-5,41,0.00909696,exodus,major_minor,cross_reset
2,22,5-4,37,0.00820945,exodus,major_minor,cross_reset
2,23,1-5,27,0.00599068,exodus,major_minor,cross_reset
2,24,5-1,20,0.00443754,exodus,major_minor,cross_reset
2,25,6-2,17,0.00377191,exodus,major_minor,cross_reset
2,26,2-6,14,0.00310628,exodus,major_minor,cross_reset
2,27,3-6,14,0.00310628,exodus,major_minor,cross_reset
2,28,5-5,13,0.0028844,exodus,major_minor,cross_reset
2,29,6-3,12,0.00266252,exodus,major_minor,cross_reset
2,30,1-6,10,0.00221877,exodus,major_minor,cross_reset
2,31,6-4,10,0.00221877,exodus,major_minor,cross_reset
2,32,4-6,7,0.00155314,exodus,major_minor,cross_reset
2,33,6-5,5,0.00110939,exodus,major_minor,cross_reset
2,34,6-1,4,0.00088751,exodus,major_minor,cross_reset
2,35,3-7,3,0.00066563,exodus,major_minor,cross_reset
2,36,5-6,3,0.00066563,exodus,major_minor,cross_reset
2,37,7-4,2,0.00044375,exodus,major_minor,cross_reset
2,38,7-2,2,0.00044375,exodus,major_minor,cross_reset
2,39,7-3,1,0.00022188,exodus,major_minor,cross_reset
2,40,4-7,1,0.00022188,exodus,major_minor,cross_reset
2,41,2-7,1,0.00022188,exodus,major_minor,cross_reset
3,1,2-2-2,194,0.04305371,exodus,major_minor,cross_reset
3,2,2-3-2,160,0.03550821,exodus,major_minor,cross_reset
3,3,3-2-2,155,0.03439858,exodus,major_minor,cross_reset
3,4,2-2-3,155,0.03439858,exodus,major_minor,cross_reset
3,5,3-3-2,142,0.03151354,exodus,major_minor,cross_reset
3,6,2-3-3,138,0.03062583,exodus,major_minor,cross_reset
3,7,3-2-3,133,0.0295162,exodus,major_minor,cross_reset
3,8,3-3-3,133,0.0295162,exodus,major_minor,cross_reset
3,9,2-4-2,88,0.01952952,exodus,major_minor,cross_reset
3,10,3-2-1,86,0.01908566,exodus,major_minor,cross_reset
3,11,2-1-2,83,0.01841988,exodus,major_minor,cross_reset
3,12,4-2-2,81,0.01797603,exodus,major_minor,cross_reset
3,13,2-4-3,79,0.01753218,exodus,major_minor,cross_reset
3,14,3-2-4,76,0.0168664,exodus,major_minor,cross_reset
3,15,1-3-3,76,0.0168664,exodus,major_minor,cross_reset
3,16,2-2-4,76,0.0168664,exodus,major_minor,cross_reset
3,17,4-3-2,75,0.01664447,exodus,major_minor,cross_reset
3,18,1-2-3,74,0.01642255,exodus,major_minor,cross_reset
3,19,1-2-2,73,0.01620062,exodus,major_minor,cross_reset
3,20,3-1-3,73,0.01620062,exodus,major_minor,cross_reset
3,21,2-1-3,73,0.01620062,exodus,major_minor,cross_reset
3,22,2-2-1,71,0.01575677,exodus,major_minor,cross_reset
3,23,3-3-1,68,0.01509099,exodus,major_minor,cross_reset
3,24,3-1-2,68,0.01509099,exodus,major_minor,cross_reset
3,25,1-3-2,64,0.01420328,exodus,major_minor,cross_reset
3,26,3-3-4,63,0.01398136,exodus,major_minor,cross_reset
3,27,2-3-1,61,0.01353751,exodus,major_minor,cross_reset
3,28,3-4-2,59,0.01309365,exodus,major_minor,cross_reset
3,29,4-3-3,59,0.01309365,exodus,major_minor,cross_reset
3,30,2-3-4,58,0.01287173,exodus,major_minor,cross_reset
3,31,4-2-3,57,0.0126498,exodus,major_minor,cross_reset
3,32,3-4-3,55,0.01220595,exodus,major_minor,cross_reset
3,33,4-2-4,43,0.00954283,exodus,major_minor,cross_reset
3,34,4-4-3,42,0.00932091,exodus,major_minor,cross_reset
3,35,1-3-1,38,0.0084332,exodus,major_minor,cross_reset
3,36,4-3-4,37,0.00821127,exodus,major_minor,cross_reset
3,37,2-4-4,36,0.00798935,exodus,major_minor,cross_reset
3,38,2-1-1,35,0.00776742,exodus,major_minor,cross_reset
3,39,1-1-2,34,0.00754549,exodus,major_minor,cross_reset
3,40,1-2-1,33,0.00732357,exodus,major_minor,cross_reset
3,41,3-1-4,33,0.00732357,exodus,major_minor,cross_reset
3,42,4-1-2,33,0.00732357,exodus,major_minor,cross_reset
3,43,1-2-4,33,0.00732357,exodus,major_minor,cross_reset
3,44,4-4-2,32,0.00710164,exodus,major_minor,cross_reset
3,45,4-3-1,32,0.00710164,exodus,major_minor,cross_reset
3,46,2-2-5,31,0.00687972,exodus,major_minor,cross_reset
3,47,3-4-4,31,0.00687972,exodus,major_minor,cross_reset
3,48,1-4-2,31,0.00687972,exodus,major_minor,cross_reset
3,49,4-2-1,31,0.00687972,exodus,major_minor,cross_reset
3,50,2-1-4,29,0.00643586,exodus,major_minor,cross_reset
4,1,2-2-2-2,74,0.01642619,exodus,major_minor,cross_reset
4,2,3-2-2-2,55,0.01220866,exodus,major_minor,cross_reset
4,3,2-2-3-2,54,0.01198668,exodus,major_minor,cross_reset
4,4,2-2-2-3,52,0.01154273,exodus,major_minor,cross_reset
4,5,3-3-3-2,50,0.01109878,exodus,major_minor,cross_reset
4,6,3-2-2-3,48,0.01065483,exodus,major_minor,cross_reset
4,7,3-2-3-3,47,0.01043285,exodus,major_minor,cross_reset
4,8,3-3-2-2,47,0.01043285,exodus,major_minor,cross_reset
4,9,3-2-3-2,46,0.01021088,exodus,major_minor,cross_reset
4,10,2-3-2-3,45,0.0099889,exodus,major_minor,cross_reset
4,11,2-3-3-2,45,0.0099889,exodus,major_minor,cross_reset
4,12,2-3-3-3,43,0.00954495,exodus,major_minor,cross_reset
4,13,2-3-2-2,42,0.00932297,exodus,major_minor,cross_reset
4,14,2-2-3-3,42,0.00932297,exodus,major_minor,cross_reset
4,15,3-3-2-3,40,0.00887902,exodus,major_minor,cross_reset
4,16,2-3-2-1,37,0.0082131,exodus,major_minor,cross_reset
4,17,2-4-2-2,35,0.00776915,exodus,major_minor,cross_reset
4,18,3-3-3-3,35,0.00776915,exodus,major_minor,cross_reset
4,19,3-2-1-2,31,0.00688124,exodus,major_minor,cross_reset
4,20,2-2-4-3,30,0.00665927,exodus,major_minor,cross_reset
4,21,1-3-2-2,29,0.00643729,exodus,major_minor,cross_reset
4,22,2-1-3-3,29,0.00643729,exodus,major_minor,cross_reset
4,23,4-2-2-2,29,0.00643729,exodus,major_minor,cross_reset
4,24,2-2-3-1,28,0.00621532,exodus,major_minor,cross_reset
4,25,3-2-2-4,28,0.00621532,exodus,major_minor,cross_reset
4,26,2-2-4-2,28,0.00621532,exodus,major_minor,cross_reset
4,27,3-2-1-3,28,0.00621532,exodus,major_minor,cross_reset
4,28,2-3-2-4,27,0.00599334,exodus,major_minor,cross_reset
4,29,1-2-3-3,27,0.00599334,exodus,major_minor,cross_reset
4,30,3-1-3-3,27,0.00599334,exodus,major_minor,cross_reset
4,31,2-1-2-3,27,0.00599334,exodus,major_minor,cross_reset
4,32,1-2-3-2,27,0.00599334,exodus,major_minor,cross_reset
4,33,3-3-1-2,27,0.00599334,exodus,major_minor,cross_reset
4,34,2-2-1-2,26,0.00577137,exodus,major_minor,cross_reset
4,35,1-3-3-3,26,0.00577137,exodus,major_minor,cross_reset
4,36,3-1-2-2,26,0.00577137,exodus,major_minor,cross_reset
4,37,2-4-3-3,26,0.00577137,exodus,major_minor,cross_reset
4,38,2-2-2-1,26,0.00577137,exodus,major_minor,cross_reset
4,39,2-2-2-4,26,0.00577137,exodus,major_minor,cross_reset
4,40,3-2-4-2,25,0.00554939,exodus,major_minor,cross_reset
4,41,2-4-2-3,25,0.00554939,exodus,major_minor,cross_reset
4,42,4-2-2-3,25,0.00554939,exodus,major_minor,cross_reset
4,43,2-1-3-2,25,0.00554939,exodus,major_minor,cross_reset
4,44,2-3-1-3,25,0.00554939,exodus,major_minor,cross_reset
4,45,2-1-2-2,24,0.00532741,exodus,major_minor,cross_reset
4,46,4-3-2-2,24,0.00532741,exodus,major_minor,cross_reset
4,47,3-3-2-4,24,0.00532741,exodus,major_minor,cross_reset
4,48,3-3-2-1,24,0.00532741,exodus,major_minor,cross_reset
4,49,3-1-2-3,24,0.00532741,exodus,major_minor,cross_reset
4,50,1-2-2-3,23,0.00510544,exodus,major_minor,cross_reset
5,1,2-2-2-2-2,28,0.0062167,exodus,major_minor,cross_reset
5,2,3-2-2-2-3,19,0.00421847,exodus,major_minor,cross_reset
5,3,2-2-2-3-3,18,0.00399645,exodus,major_minor,cross_reset
5,4,3-2-2-2-2,17,0.00377442,exodus,major_minor,cross_reset
5,5,2-3-3-2-2,17,0.00377442,exodus,major_minor,cross_reset
5,6,3-3-2-2-3,17,0.00377442,exodus,major_minor,cross_reset
5,7,3-2-2-3-2,17,0.00377442,exodus,major_minor,cross_reset
5,8,2-2-3-2-1,17,0.00377442,exodus,major_minor,cross_reset
5,9,2-3-3-3-2,16,0.0035524,exodus,major_minor,cross_reset
5,10,3-3-2-3-3,16,0.0035524,exodus,major_minor,cross_reset
5,11,3-3-3-2-2,16,0.0035524,exodus,major_minor,cross_reset
5,12,2-2-2-3-2,16,0.0035524,exodus,major_minor,cross_reset
5,13,2-3-2-3-2,16,0.0035524,exodus,major_minor,cross_reset
5,14,2-3-2-3-3,15,0.00333037,exodus,major_minor,cross_reset
5,15,3-2-3-3-3,15,0.00333037,exodus,major_minor,cross_reset
5,16,3-2-3-3-2,15,0.00333037,exodus,major_minor,cross_reset
5,17,2-2-3-3-2,15,0.00333037,exodus,major_minor,cross_reset
5,18,2-3-2-1-2,15,0.00333037,exodus,major_minor,cross_reset
5,19,2-2-2-2-3,14,0.00310835,exodus,major_minor,cross_reset
5,20,2-4-2-2-2,14,0.00310835,exodus,major_minor,cross_reset
5,21,1-3-2-2-2,14,0.00310835,exodus,major_minor,cross_reset
5,22,2-3-2-2-2,14,0.00310835,exodus,major_minor,cross_reset
5,23,3-2-3-2-3,14,0.00310835,exodus,major_minor,cross_reset
5,24,2-2-2-2-1,13,0.00288632,exodus,major_minor,cross_reset
5,25,3-2-2-3-3,13,0.00288632,exodus,major_minor,cross_reset
5,26,3-3-2-2-4,13,0.00288632,exodus,major_minor,cross_reset
5,27,2-2-4-2-2,13,0.00288632,exodus,major_minor,cross_reset
5,28,1-3-3-3-2,13,0.00288632,exodus,major_minor,cross_reset
5,29,2-2-2-2-4,13,0.00288632,exodus,major_minor,cross_reset
5,30,3-2-1-2-2,13,0.00288632,exodus,major_minor,cross_reset
5,31,2-2-3-2-2,13,0.00288632,exodus,major_minor,cross_reset
5,32,2-3-2-4-2,12,0.0026643,exodus,major_minor,cross_reset
5,33,3-2-2-4-3,12,0.0026643,exodus,major_minor,cross_reset
5,34,3-3-2-2-2,12,0.0026643,exodus,major_minor,cross_reset
5,35,3-3-2-3-2,12,0.0026643,exodus,major_minor,cross_reset
5,36,3-3-3-2-3,12,0.0026643,exodus,major_minor,cross_reset
5,37,2-2-3-2-3,12,0.0026643,exodus,major_minor,cross_reset
5,38,3-2-3-2-2,12,0.0026643,exodus,major_minor,cross_reset
5,39,2-2-2-1-2,12,0.0026643,exodus,major_minor,cross_reset
5,40,2-3-2-2-3,12,0.0026643,exodus,major_minor,cross_reset
5,41,4-3-2-3-2,11,0.00244227,exodus,major_minor,cross_reset
5,42,3-2-4-2-3,11,0.00244227,exodus,major_minor,cross_reset
5,43,2-4-2-3-2,11,0.00244227,exodus,major_minor,cross_reset
5,44,4-3-2-2-3,11,0.00244227,exodus,major_minor,cross_reset
5,45,3-1-3-2-2,11,0.00244227,exodus,major_minor,cross_reset
5,46,1-3-3-2-3,11,0.00244227,exodus,major_minor,cross_reset
5,47,3-3-2-1-3,11,0.00244227,exodus,major_minor,cross_reset
5,48,2-1-3-3-3,11,0.00244227,exodus,major_minor,cross_reset
5,49,3-2-1-3-2,11,0.00244227,exodus,major_minor,cross_reset
5,50,2-1-3-2-3,11,0.00244227,exodus,major_minor,cross_reset
6,1,2-2-2-2-2-2,11,0.00244282,exodus,major_minor,cross_reset
6,2,2-2-3-3-2-2,9,0.00199867,exodus,major_minor,cross_reset
6,3,2-3-2-3-3-3,8,0.00177659,exodus,major_minor,cross_reset
6,4,1-3-2-2-2-3,8,0.00177659,exodus,major_minor,cross_reset
6,5,3-2-2-2-3-3,8,0.00177659,exodus,major_minor,cross_reset
6,6,3-2-4-2-3-2,7,0.00155452,exodus,major_minor,cross_reset
6,7,3-3-2-2-2-2,7,0.00155452,exodus,major_minor,cross_reset
6,8,3-2-2-2-2-2,7,0.00155452,exodus,major_minor,cross_reset
6,9,3-2-3-3-3-2,7,0.00155452,exodus,major_minor,cross_reset
6,10,3-3-2-3-3-2,7,0.00155452,exodus,major_minor,cross_reset
6,11,2-3-3-2-2-3,7,0.00155452,exodus,major_minor,cross_reset
6,12,2-2-2-3-3-3,7,0.00155452,exodus,major_minor,cross_reset
6,13,3-3-2-2-3-3,7,0.00155452,exodus,major_minor,cross_reset
6,14,2-2-2-2-2-4,7,0.00155452,exodus,major_minor,cross_reset
6,15,2-2-2-3-2-1,7,0.00155452,exodus,major_minor,cross_reset
6,16,2-1-2-2-2-2,7,0.00155452,exodus,major_minor,cross_reset
6,17,2-2-3-2-1-2,7,0.00155452,exodus,major_minor,cross_reset
6,18,2-3-2-2-2-2,7,0.00155452,exodus,major_minor,cross_reset
6,19,2-3-2-4-2-3,6,0.00133245,exodus,major_minor,cross_reset
6,20,2-1-3-3-2-3,6,0.00133245,exodus,major_minor,cross_reset
6,21,3-2-3-3-2-3,6,0.00133245,exodus,major_minor,cross_reset
6,22,2-3-3-2-2-4,6,0.00133245,exodus,major_minor,cross_reset
6,23,2-3-2-3-3-2,6,0.00133245,exodus,major_minor,cross_reset
6,24,3-3-2-2-3-2,6,0.00133245,exodus,major_minor,cross_reset
6,25,2-1-3-3-3-2,6,0.00133245,exodus,major_minor,cross_reset
6,26,3-3-3-2-2-3,6,0.00133245,exodus,major_minor,cross_reset
6,27,1-3-3-2-3-3,6,0.00133245,exodus,major_minor,cross_reset
6,28,3-2-3-3-2-4,6,0.00133245,exodus,major_minor,cross_reset
6,29,3-3-3-3-2-2,6,0.00133245,exodus,major_minor,cross_reset
6,30,2-2-2-2-3-2,6,0.00133245,exodus,major_minor,cross_reset
6,31,2-2-3-2-1-3,6,0.00133245,exodus,major_minor,cross_reset
6,32,3-3-2-4-3-2,6,0.00133245,exodus,major_minor,cross_reset
6,33,3-3-2-2-4-3,6,0.00133245,exodus,major_minor,cross_reset
6,34,3-3-1-2-3-2,6,0.00133245,exodus,major_minor,cross_reset
6,35,3-3-1-3-2-2,6,0.00133245,exodus,major_minor,cross_reset
6,36,3-2-1-2-2-2,6,0.00133245,exodus,major_minor,cross_reset
6,37,3-2-3-2-3-3,6,0.00133245,exodus,major_minor,cross_reset
6,38,2-2-2-2-1-2,6,0.00133245,exodus,major_minor,cross_reset
6,39,2-3-2-3-2-3,6,0.00133245,exodus,major_minor,cross_reset
6,40,2-1-3-2-2-2,6,0.00133245,exodus,major_minor,cross_reset
6,41,2-3-2-1-2-2,6,0.00133245,exodus,major_minor,cross_reset
6,42,2-1-2-4-3-2,6,0.00133245,exodus,major_minor,cross_reset
6,43,2-4-2-2-2-3,6,0.00133245,exodus,major_minor,cross_reset
6,44,2-3-3-3-2-1,6,0.00133245,exodus,major_minor,cross_reset
6,45,3-3-3-3-3-3,6,0.00133245,exodus,major_minor,cross_reset
6,46,2-2-2-4-2-2,6,0.00133245,exodus,major_minor,cross_reset
6,47,3-2-2-3-4-3,5,0.00111037,exodus,major_minor,cross_reset
6,48,2-4-3-3-2-2,5,0.00111037,exodus,major_minor,cross_reset
6,49,2-2-2-2-2-1,5,0.00111037,exodus,major_minor,cross_reset
6,50,2-2-2-2-1-3,5,0.00111037,exodus,major_minor,cross_reset
2,1,2-2,2513,0.17184081,exodus,major_minor,all
2,2,3-2,1838,0.12568381,exodus,major_minor,all
2,3,2-3,1804,0.12335886,exodus,major_minor,all
2,4,3-3,1398,0.09559628,exodus,major_minor,all
2,5,4-2,700,0.04786652,exodus,major_minor,all
2,6,2-4,697,0.04766138,exodus,major_minor,all
2,7,2-1,687,0.04697757,exodus,major_minor,all
2,8,1-2,646,0.04417396,exodus,major_minor,all
2,9,3-1,610,0.04171225,exodus,major_minor,all
2,10,4-3,579,0.03959245,exodus,major_minor,all
2,11,1-3,565,0.03863512,exodus,major_minor,all
2,12,3-4,532,0.03637856,exodus,major_minor,all
2,13,4-4,232,0.01586433,exodus,major_minor,all
2,14,1-4,231,0.01579595,exodus,major_minor,all
2,15,4-1,221,0.01511214,exodus,major_minor,all
2,16,1-1,194,0.01326586,exodus,major_minor,all
2,17,5-2,178,0.01217177,exodus,major_minor,all
2,18,2-5,174,0.01189825,exodus,major_minor,all
2,19,5-3,158,0.01080416,exodus,major_minor,all
2,20,3-5,136,0.00929978,exodus,major_minor,all
2,21,1-5,107,0.00731674,exodus,major_minor,all
2,22,5-4,70,0.00478665,exodus,major_minor,all
2,23,5-1,56,0.00382932,exodus,major_minor,all
2,24,4-5,45,0.00307713,exodus,major_minor,all
2,25,2-6,35,0.00239333,exodus,major_minor,all
2,26,6-2,34,0.00232495,exodus,major_minor,all
2,27,1-6,32,0.00218818,exodus,major_minor,all
2,28,6-3,24,0.00164114,exodus,major_minor,all
2,29,6-4,24,0.00164114,exodus,major_minor,all
2,30,3-6,18,0.00123085,exodus,major_minor,all
2,31,5-5,17,0.00116247,exodus,major_minor,all
2,32,6-1,14,0.00095733,exodus,major_minor,all
2,33,4-6,12,0.00082057,exodus,major_minor,all
2,34,1-7,11,0.00075219,exodus,major_minor,all
2,35,7-1,6,0.00041028,exodus,major_minor,all
2,36,7-3,4,0.00027352,exodus,major_minor,all
2,37,5-6,3,0.00020514,exodus,major_minor,all
2,38,7-2,3,0.00020514,exodus,major_minor,all
2,39,7-4,3,0.00020514,exodus,major_minor,all
2,40,6-5,3,0.00020514,exodus,major_minor,all
2,41,2-7,2,0.00013676,exodus,major_minor,all
2,42,1-8,2,0.00013676,exodus,major_minor,all
2,43,3-7,2,0.00013676,exodus,major_minor,all
2,44,6-7,1,6.838e-05,exodus,major_minor,all
2,45,8-3,1,6.838e-05,exodus,major_minor,all
2,46,8-5,1,6.838e-05,exodus,major_minor,all
2,47,6-6,1,6.838e-05,exodus,major_minor,all
3,1,2-2-2,1112,0.07604459,exodus,major_minor,all
3,2,3-2-2,751,0.05135745,exodus,major_minor,all
3,3,2-2-3,742,0.05074198,exodus,major_minor,all
3,4,2-3-2,725,0.04957943,exodus,major_minor,all
3,5,3-2-3,593,0.04055255,exodus,major_minor,all
3,6,3-3-2,564,0.03856938,exodus,major_minor,all
3,7,2-3-3,555,0.03795391,exodus,major_minor,all
3,8,3-3-3,442,0.03022636,exodus,major_minor,all
3,9,2-2-4,313,0.02140464,exodus,major_minor,all
3,10,4-2-2,287,0.01962662,exodus,major_minor,all
3,11,1-2-2,267,0.01825891,exodus,major_minor,all
3,12,2-4-2,266,0.01819052,exodus,major_minor,all
3,13,2-1-2,264,0.01805375,exodus,major_minor,all
3,14,2-2-1,263,0.01798537,exodus,major_minor,all
3,15,2-3-1,249,0.01702797,exodus,major_minor,all
3,16,2-4-3,241,0.01648089,exodus,major_minor,all
3,17,4-3-2,240,0.0164125,exodus,major_minor,all
3,18,1-3-2,223,0.01524995,exodus,major_minor,all
3,19,3-2-1,220,0.01504479,exodus,major_minor,all
3,20,2-3-4,213,0.01456609,exodus,major_minor,all
3,21,1-2-3,212,0.01449771,exodus,major_minor,all
3,22,3-4-2,210,0.01436094,exodus,major_minor,all
3,23,3-1-2,209,0.01429255,exodus,major_minor,all
3,24,3-1-3,208,0.01422417,exodus,major_minor,all
3,25,2-1-3,204,0.01395063,exodus,major_minor,all
3,26,3-2-4,204,0.01395063,exodus,major_minor,all
3,27,4-2-3,197,0.01347193,exodus,major_minor,all
3,28,3-3-1,194,0.01326677,exodus,major_minor,all
3,29,1-3-3,181,0.01237776,exodus,major_minor,all
3,30,3-4-3,178,0.0121726,exodus,major_minor,all
3,31,4-3-3,172,0.01176229,exodus,major_minor,all
3,32,3-3-4,151,0.0103262,exodus,major_minor,all
3,33,1-4-2,96,0.006565,exodus,major_minor,all
3,34,4-2-1,95,0.00649661,exodus,major_minor,all
3,35,4-2-4,95,0.00649661,exodus,major_minor,all
3,36,3-1-4,92,0.00629146,exodus,major_minor,all
3,37,4-4-2,92,0.00629146,exodus,major_minor,all
3,38,2-4-1,91,0.00622307,exodus,major_minor,all
3,39,1-2-1,88,0.00601792,exodus,major_minor,all
3,40,4-1-2,85,0.00581276,exodus,major_minor,all
3,41,1-3-1,82,0.0056076,exodus,major_minor,all
3,42,2-1-1,82,0.0056076,exodus,major_minor,all
3,43,2-4-4,79,0.00540245,exodus,major_minor,all
3,44,4-3-4,76,0.00519729,exodus,major_minor,all
3,45,5-2-2,76,0.00519729,exodus,major_minor,all
3,46,2-5-2,75,0.00512891,exodus,major_minor,all
3,47,2-1-4,74,0.00506052,exodus,major_minor,all
3,48,5-3-2,74,0.00506052,exodus,major_minor,all
3,49,4-1-3,71,0.00485536,exodus,major_minor,all
3,50,1-1-2,70,0.00478698,exodus,major_minor,all
4,1,2-2-2-2,512,0.03501573,exodus,major_minor,all
4,2,3-2-2-2,329,0.02250034,exodus,major_minor,all
4,3,2-3-2-2,321,0.02195322,exodus,major_minor,all
4,4,2-2-3-2,308,0.02106415,exodus,major_minor,all
4,5,2-2-2-3,303,0.0207222,exodus,major_minor,all
4,6,3-2-3-2,238,0.01627684,exodus,major_minor,all
4,7,3-2-2-3,229,0.01566133,exodus,major_minor,all
4,8,2-3-3-2,228,0.01559294,exodus,major_minor,all
4,9,2-3-2-3,227,0.01552455,exodus,major_minor,all
4,10,2-2-3-3,225,0.01538777,exodus,major_minor,all
4,11,3-3-2-2,208,0.01422514,exodus,major_minor,all
4,12,3-3-2-3,198,0.01354124,exodus,major_minor,all
4,13,3-2-3-3,182,0.012447,exodus,major_minor,all
4,14,3-3-3-2,177,0.01210505,exodus,major_minor,all
4,15,2-3-3-3,176,0.01203666,exodus,major_minor,all
4,16,2-2-2-4,143,0.00977978,exodus,major_minor,all
4,17,3-3-3-3,137,0.00936944,exodus,major_minor,all
4,18,2-2-2-1,122,0.00834359,exodus,major_minor,all
4,19,4-2-2-2,121,0.0082752,exodus,major_minor,all
4,20,2-2-4-2,118,0.00807003,exodus,major_minor,all
4,21,2-1-2-2,117,0.00800164,exodus,major_minor,all
4,22,1-2-2-2,112,0.00765969,exodus,major_minor,all
4,23,4-3-2-2,112,0.00765969,exodus,major_minor,all
4,24,2-2-4-3,111,0.0075913,exodus,major_minor,all
4,25,2-4-2-2,111,0.0075913,exodus,major_minor,all
4,26,2-4-3-2,105,0.00718096,exodus,major_minor,all
4,27,2-2-1-2,94,0.00642867,exodus,major_minor,all
4,28,2-2-3-4,94,0.00642867,exodus,major_minor,all
4,29,2-3-4-2,93,0.00636028,exodus,major_minor,all
4,30,2-2-3-1,92,0.00629189,exodus,major_minor,all
4,31,4-2-2-3,91,0.0062235,exodus,major_minor,all
4,32,3-1-3-2,88,0.00601833,exodus,major_minor,all
4,33,3-2-2-4,87,0.00594994,exodus,major_minor,all
4,34,2-1-2-3,87,0.00594994,exodus,major_minor,all
4,35,3-2-4-2,85,0.00581316,exodus,major_minor,all
4,36,2-3-1-3,85,0.00581316,exodus,major_minor,all
4,37,2-3-1-2,84,0.00574477,exodus,major_minor,all
4,38,3-2-3-1,83,0.00567638,exodus,major_minor,all
4,39,2-3-2-1,83,0.00567638,exodus,major_minor,all
4,40,1-2-2-3,82,0.00560799,exodus,major_minor,all
4,41,1-2-3-2,81,0.0055396,exodus,major_minor,all
4,42,1-3-3-2,81,0.0055396,exodus,major_minor,all
4,43,2-1-3-2,81,0.0055396,exodus,major_minor,all
4,44,3-2-2-1,80,0.00547121,exodus,major_minor,all
4,45,3-1-2-2,79,0.00540282,exodus,major_minor,all
4,46,2-2-1-3,77,0.00526604,exodus,major_minor,all
4,47,1-3-2-3,77,0.00526604,exodus,major_minor,all
4,48,3-4-3-2,77,0.00526604,exodus,major_minor,all
4,49,3-1-2-3,76,0.00519765,exodus,major_minor,all
4,50,3-2-1-3,76,0.00519765,exodus,major_minor,all
5,1,2-2-2-2-2,231,0.01579919,exodus,major_minor,all
5,2,3-2-2-2-2,168,0.01149032,exodus,major_minor,all
5,3,2-2-3-2-2,138,0.00943848,exodus,major_minor,all
5,4,2-2-2-2-3,138,0.00943848,exodus,major_minor,all
5,5,2-3-2-2-2,136,0.00930169,exodus,major_minor,all
5,6,2-2-2-3-2,128,0.00875453,exodus,major_minor,all
5,7,3-2-3-2-2,100,0.00683948,exodus,major_minor,all
5,8,2-3-2-2-3,97,0.00663429,exodus,major_minor,all
5,9,2-3-2-3-2,96,0.0065659,exodus,major_minor,all
5,10,2-2-3-2-3,94,0.00642911,exodus,major_minor,all
5,11,2-2-3-3-2,89,0.00608713,exodus,major_minor,all
5,12,3-2-2-2-3,87,0.00595035,exodus,major_minor,all
5,13,3-2-2-3-2,86,0.00588195,exodus,major_minor,all
5,14,3-3-2-2-2,84,0.00574516,exodus,major_minor,all
5,15,3-3-2-3-2,82,0.00560837,exodus,major_minor,all
5,16,2-2-2-3-3,81,0.00553998,exodus,major_minor,all
5,17,2-3-3-2-2,80,0.00547158,exodus,major_minor,all
5,18,3-2-3-2-3,77,0.0052664,exodus,major_minor,all
5,19,2-3-3-2-3,77,0.0052664,exodus,major_minor,all
5,20,3-2-2-3-3,76,0.005198,exodus,major_minor,all
5,21,3-3-2-2-3,71,0.00485603,exodus,major_minor,all
5,22,3-3-3-2-2,70,0.00478763,exodus,major_minor,all
5,23,2-3-3-3-2,70,0.00478763,exodus,major_minor,all
5,24,2-2-3-3-3,67,0.00458245,exodus,major_minor,all
5,25,2-2-2-2-4,67,0.00458245,exodus,major_minor,all
5,26,3-2-3-3-2,67,0.00458245,exodus,major_minor,all
5,27,3-3-3-2-3,64,0.00437727,exodus,major_minor,all
5,28,3-3-2-3-3,64,0.00437727,exodus,major_minor,all
5,29,3-2-3-3-3,63,0.00430887,exodus,major_minor,all
5,30,2-3-2-3-3,63,0.00430887,exodus,major_minor,all
5,31,2-2-2-2-1,61,0.00417208,exodus,major_minor,all
5,32,2-3-3-3-3,58,0.0039669,exodus,major_minor,all
5,33,3-3-3-3-2,58,0.0039669,exodus,major_minor,all
5,34,4-3-2-2-2,57,0.0038985,exodus,major_minor,all
5,35,2-2-4-3-2,55,0.00376171,exodus,major_minor,all
5,36,4-2-2-2-2,55,0.00376171,exodus,major_minor,all
5,37,2-2-2-4-2,54,0.00369332,exodus,major_minor,all
5,38,2-2-2-4-3,52,0.00355653,exodus,major_minor,all
5,39,2-4-3-2-2,51,0.00348813,exodus,major_minor,all
5,40,2-2-4-2-2,51,0.00348813,exodus,major_minor,all
5,41,2-3-2-2-4,49,0.00335134,exodus,major_minor,all
5,42,2-4-2-2-2,48,0.00328295,exodus,major_minor,all
5,43,2-1-2-2-2,47,0.00321455,exodus,major_minor,all
5,44,2-2-3-4-2,46,0.00314616,exodus,major_minor,all
5,45,1-2-2-2-3,42,0.00287258,exodus,major_minor,all
5,46,2-2-1-2-2,42,0.00287258,exodus,major_minor,all
5,47,1-2-2-2-2,42,0.00287258,exodus,major_minor,all
5,48,2-2-2-3-4,41,0.00280419,exodus,major_minor,all
5,49,3-3-3-3-3,41,0.00280419,exodus,major_minor,all
5,50,2-2-2-3-1,41,0.00280419,exodus,major_minor,all
6,1,2-2-2-2-2-2,97,0.00663475,exodus,major_minor,all
6,2,3-2-2-2-2-2,78,0.00533516,exodus,major_minor,all
6,3,2-3-2-2-2-2,65,0.00444596,exodus,major_minor,all
6,4,2-2-2-2-3-2,61,0.00417237,exodus,major_minor,all
6,5,2-2-3-2-2-2,60,0.00410397,exodus,major_minor,all
6,6,2-2-2-2-2-3,60,0.00410397,exodus,major_minor,all
6,7,2-2-2-3-2-2,54,0.00369357,exodus,major_minor,all
6,8,3-2-2-2-2-3,52,0.00355677,exodus,major_minor,all
6,9,2-2-3-2-2-3,44,0.00300958,exodus,major_minor,all
6,10,3-2-2-3-2-2,44,0.00300958,exodus,major_minor,all
6,11,2-2-2-3-2-3,42,0.00287278,exodus,major_minor,all
6,12,2-3-2-3-2-2,41,0.00280438,exodus,major_minor,all
6,13,3-3-2-2-2-2,40,0.00273598,exodus,major_minor,all
6,14,2-3-2-2-2-3,39,0.00266758,exodus,major_minor,all
6,15,3-2-3-2-2-2,39,0.00266758,exodus,major_minor,all
6,16,2-3-2-2-3-2,39,0.00266758,exodus,major_minor,all
6,17,2-2-2-2-3-3,38,0.00259918,exodus,major_minor,all
6,18,2-2-2-2-2-4,37,0.00253078,exodus,major_minor,all
6,19,2-3-3-2-3-2,37,0.00253078,exodus,major_minor,all
6,20,2-3-3-2-2-2,37,0.00253078,exodus,major_minor,all
6,21,2-2-3-2-3-2,36,0.00246238,exodus,major_minor,all
6,22,3-2-2-3-3-2,36,0.00246238,exodus,major_minor,all
6,23,4-3-2-2-2-2,36,0.00246238,exodus,major_minor,all
6,24,3-2-3-2-3-2,34,0.00232558,exodus,major_minor,all
6,25,3-3-2-3-2-2,33,0.00225718,exodus,major_minor,all
6,26,2-3-2-2-3-3,32,0.00218878,exodus,major_minor,all
6,27,2-2-2-2-2-1,31,0.00212038,exodus,major_minor,all
6,28,2-2-3-3-2-2,31,0.00212038,exodus,major_minor,all
6,29,3-2-3-2-2-3,31,0.00212038,exodus,major_minor,all
6,30,2-2-2-3-3-3,30,0.00205198,exodus,major_minor,all
6,31,2-2-2-2-4-3,30,0.00205198,exodus,major_minor,all
6,32,2-3-2-3-2-3,30,0.00205198,exodus,major_minor,all
6,33,2-2-4-3-2-2,30,0.00205198,exodus,major_minor,all
6,34,3-2-3-3-3-2,30,0.00205198,exodus,major_minor,all
6,35,4-2-2-2-2-2,30,0.00205198,exodus,major_minor,all
6,36,3-2-2-2-3-2,29,0.00198358,exodus,major_minor,all
6,37,2-2-3-3-3-2,28,0.00191518,exodus,major_minor,all
6,38,2-2-3-3-2-3,28,0.00191518,exodus,major_minor,all
6,39,2-4-3-2-2-2,27,0.00184679,exodus,major_minor,all
6,40,2-2-2-3-3-2,27,0.00184679,exodus,major_minor,all
6,41,3-3-3-2-3-3,27,0.00184679,exodus,major_minor,all
6,42,2-3-3-3-3-2,27,0.00184679,exodus,major_minor,all
6,43,2-2-2-4-3-2,27,0.00184679,exodus,major_minor,all
6,44,3-3-2-3-2-3,27,0.00184679,exodus,major_minor,all
6,45,3-2-3-3-2-3,26,0.00177839,exodus,major_minor,all
6,46,2-2-3-2-3-3,26,0.00177839,exodus,major_minor,all
6,47,3-3-2-2-2-3,26,0.00177839,exodus,major_minor,all
6,48,3-3-2-2-3-2,26,0.00177839,exodus,major_minor,all
6,49,2-2-2-2-4-2,25,0.00170999,exodus,major_minor,all
6,50,3-3-3-2-2-2,25,0.00170999,exodus,major_minor,all
2,1,2-2,1475,0.14271892,leviticus,continuous,continuous
2,2,3-2,1244,0.12036768,leviticus,continuous,continuous
2,3,2-3,1220,0.11804548,leviticus,continuous,continuous
2,4,3-3,1182,0.11436865,leviticus,continuous,continuous
2,5,2-1,576,0.05573295,leviticus,continuous,continuous
2,6,1-2,551,0.05331398,leviticus,continuous,continuous
2,7,4-2,471,0.04557329,leviticus,continuous,continuous
2,8,3-1,464,0.04489598,leviticus,continuous,continuous
2,9,2-4,444,0.04296081,leviticus,continuous,continuous
2,10,1-3,430,0.04160619,leviticus,continuous,continuous
2,11,3-4,366,0.03541364,leviticus,continuous,continuous
2,12,4-3,365,0.03531688,leviticus,continuous,continuous
2,13,1-1,197,0.01906144,leviticus,continuous,continuous
2,14,1-4,195,0.01886792,leviticus,continuous,continuous
2,15,4-1,194,0.01877117,leviticus,continuous,continuous
2,16,4-4,142,0.01373972,leviticus,continuous,continuous
2,17,2-5,135,0.01306241,leviticus,continuous,continuous
2,18,5-2,110,0.01064344,leviticus,continuous,continuous
2,19,5-3,104,0.01006289,leviticus,continuous,continuous
2,20,1-5,77,0.00745041,leviticus,continuous,continuous
2,21,3-5,64,0.00619255,leviticus,continuous,continuous
2,22,5-4,48,0.00464441,leviticus,continuous,continuous
2,23,5-1,46,0.0044509,leviticus,continuous,continuous
2,24,1-6,32,0.00309627,leviticus,continuous,continuous
2,25,4-5,32,0.00309627,leviticus,continuous,continuous
2,26,6-3,31,0.00299952,leviticus,continuous,continuous
2,27,6-2,26,0.00251572,leviticus,continuous,continuous
2,28,2-6,25,0.00241896,leviticus,continuous,continuous
2,29,3-6,15,0.00145138,leviticus,continuous,continuous
2,30,6-4,14,0.00135462,leviticus,continuous,continuous
2,31,5-5,13,0.00125786,leviticus,continuous,continuous
2,32,2-7,8,0.00077407,leviticus,continuous,continuous
2,33,6-1,7,0.00067731,leviticus,continuous,continuous
2,34,7-2,7,0.00067731,leviticus,continuous,continuous
2,35,4-6,6,0.00058055,leviticus,continuous,continuous
2,36,7-3,5,0.00048379,leviticus,continuous,continuous
2,37,1-7,4,0.00038703,leviticus,continuous,continuous
2,38,3-7,3,0.00029028,leviticus,continuous,continuous
2,39,6-5,2,0.00019352,leviticus,continuous,continuous
2,40,5-6,2,0.00019352,leviticus,continuous,continuous
2,41,7-1,2,0.00019352,leviticus,continuous,continuous
2,42,7-4,1,9.676e-05,leviticus,continuous,continuous
3,1,2-2-2,544,0.05264177,leviticus,continuous,continuous
3,2,2-2-3,476,0.04606154,leviticus,continuous,continuous
3,3,3-2-2,466,0.04509386,leviticus,continuous,continuous
3,4,3-3-3,451,0.04364235,leviticus,continuous,continuous
3,5,2-3-2,450,0.04354558,leviticus,continuous,continuous
3,6,3-3-2,447,0.04325527,leviticus,continuous,continuous
3,7,2-3-3,426,0.04122315,leviticus,continuous,continuous
3,8,3-2-3,404,0.03909425,leviticus,continuous,continuous
3,9,2-2-1,227,0.02196632,leviticus,continuous,continuous
3,10,1-2-2,214,0.02070834,leviticus,continuous,continuous
3,11,2-1-2,209,0.0202245,leviticus,continuous,continuous
3,12,4-2-2,197,0.01906329,leviticus,continuous,continuous
3,13,3-2-1,184,0.0178053,leviticus,continuous,continuous
3,14,2-4-2,176,0.01703116,leviticus,continuous,continuous
3,15,1-3-2,170,0.01645055,leviticus,continuous,continuous
3,16,2-3-1,167,0.01616025,leviticus,continuous,continuous
3,17,3-1-2,165,0.01596671,leviticus,continuous,continuous
3,18,2-2-4,162,0.01567641,leviticus,continuous,continuous
3,19,2-1-3,157,0.01519257,leviticus,continuous,continuous
3,20,1-2-3,155,0.01499903,leviticus,continuous,continuous
3,21,3-3-1,155,0.01499903,leviticus,continuous,continuous
3,22,2-3-4,151,0.01461196,leviticus,continuous,continuous
3,23,3-1-3,149,0.01441842,leviticus,continuous,continuous
3,24,3-2-4,142,0.01374105,leviticus,continuous,continuous
3,25,1-3-3,139,0.01345075,leviticus,continuous,continuous
3,26,4-2-3,136,0.01316044,leviticus,continuous,continuous
3,27,3-4-2,135,0.01306367,leviticus,continuous,continuous
3,28,2-4-3,133,0.01287014,leviticus,continuous,continuous
3,29,4-3-2,129,0.01248307,leviticus,continuous,continuous
3,30,4-3-3,119,0.01151539,leviticus,continuous,continuous
3,31,3-4-3,108,0.01045094,leviticus,continuous,continuous
3,32,3-3-4,104,0.01006387,leviticus,continuous,continuous
3,33,1-2-1,96,0.00928972,leviticus,continuous,continuous
3,34,2-1-4,85,0.00822528,leviticus,continuous,continuous
3,35,2-1-1,84,0.00812851,leviticus,continuous,continuous
3,36,1-4-2,83,0.00803174,leviticus,continuous,continuous
3,37,4-1-2,78,0.0075479,leviticus,continuous,continuous
3,38,1-1-2,76,0.00735436,leviticus,continuous,continuous
3,39,1-3-1,72,0.00696729,leviticus,continuous,continuous
3,40,2-4-1,71,0.00687052,leviticus,continuous,continuous
3,41,1-2-4,69,0.00667699,leviticus,continuous,continuous
3,42,3-4-1,68,0.00658022,leviticus,continuous,continuous
3,43,1-4-3,65,0.00628992,leviticus,continuous,continuous
3,44,1-1-3,60,0.00580608,leviticus,continuous,continuous
3,45,3-1-1,59,0.00570931,leviticus,continuous,continuous
3,46,3-1-4,57,0.00551577,leviticus,continuous,continuous
3,47,4-2-1,57,0.00551577,leviticus,continuous,continuous
3,48,4-3-1,53,0.0051287,leviticus,continuous,continuous
3,49,4-2-4,53,0.0051287,leviticus,continuous,continuous
3,50,2-5-2,52,0.00503193,leviticus,continuous,continuous
4,1,2-2-2-2,220,0.02129101,leviticus,continuous,continuous
4,2,2-2-3-2,193,0.01867802,leviticus,continuous,continuous
4,3,2-3-3-3,188,0.01819414,leviticus,continuous,continuous
4,4,3-3-3-2,184,0.01780703,leviticus,continuous,continuous
4,5,2-3-2-2,183,0.01771025,leviticus,continuous,continuous
4,6,3-3-2-2,167,0.01616181,leviticus,continuous,continuous
4,7,3-2-2-3,167,0.01616181,leviticus,continuous,continuous
4,8,3-3-3-3,162,0.01567793,leviticus,continuous,continuous
4,9,2-2-2-3,159,0.01538759,leviticus,continuous,continuous
4,10,3-2-3-3,154,0.01490371,leviticus,continuous,continuous
4,11,3-2-2-2,152,0.01471015,leviticus,continuous,continuous
4,12,2-2-3-3,149,0.01441982,leviticus,continuous,continuous
4,13,3-3-2-3,144,0.01393593,leviticus,continuous,continuous
4,14,2-3-3-2,139,0.01345205,leviticus,continuous,continuous
4,15,3-2-3-2,137,0.01325849,leviticus,continuous,continuous
4,16,2-3-2-3,131,0.01267783,leviticus,continuous,continuous
4,17,2-2-2-1,85,0.00822607,leviticus,continuous,continuous
4,18,2-1-2-2,84,0.00812929,leviticus,continuous,continuous
4,19,1-2-2-2,84,0.00812929,leviticus,continuous,continuous
4,20,2-2-1-2,83,0.00803252,leviticus,continuous,continuous
4,21,3-2-2-1,73,0.00706474,leviticus,continuous,continuous
4,22,4-2-2-2,72,0.00696797,leviticus,continuous,continuous
4,23,1-3-2-3,71,0.00687119,leviticus,continuous,continuous
4,24,3-1-2-2,70,0.00677441,leviticus,continuous,continuous
4,25,2-2-1-3,69,0.00667763,leviticus,continuous,continuous
4,26,3-2-1-2,67,0.00648408,leviticus,continuous,continuous
4,27,2-2-3-1,66,0.0063873,leviticus,continuous,continuous
4,28,3-1-3-2,65,0.00629053,leviticus,continuous,continuous
4,29,1-2-2-3,65,0.00629053,leviticus,continuous,continuous
4,30,2-2-4-2,65,0.00629053,leviticus,continuous,continuous
4,31,2-4-2-2,65,0.00629053,leviticus,continuous,continuous
4,32,4-2-2-3,64,0.00619375,leviticus,continuous,continuous
4,33,3-3-2-1,63,0.00609697,leviticus,continuous,continuous
4,34,3-4-2-2,63,0.00609697,leviticus,continuous,continuous
4,35,2-3-1-2,63,0.00609697,leviticus,continuous,continuous
4,36,2-1-2-3,63,0.00609697,leviticus,continuous,continuous
4,37,2-3-2-1,62,0.00600019,leviticus,continuous,continuous
4,38,3-2-4-2,60,0.00580664,leviticus,continuous,continuous
4,39,3-3-3-1,59,0.00570986,leviticus,continuous,continuous
4,40,1-3-2-2,59,0.00570986,leviticus,continuous,continuous
4,41,3-2-3-4,59,0.00570986,leviticus,continuous,continuous
4,42,2-1-3-2,59,0.00570986,leviticus,continuous,continuous
4,43,2-4-2-3,59,0.00570986,leviticus,continuous,continuous
4,44,2-3-1-3,58,0.00561308,leviticus,continuous,continuous
4,45,2-2-3-4,58,0.00561308,leviticus,continuous,continuous
4,46,2-2-2-4,56,0.00541953,leviticus,continuous,continuous
4,47,3-3-2-4,56,0.00541953,leviticus,continuous,continuous
4,48,1-3-3-2,55,0.00532275,leviticus,continuous,continuous
4,49,2-1-3-3,53,0.0051292,leviticus,continuous,continuous
4,50,2-3-4-2,52,0.00503242,leviticus,continuous,continuous
5,1,2-2-2-2-2,97,0.00938831,leviticus,continuous,continuous
5,2,2-2-3-2-2,84,0.00813008,leviticus,continuous,continuous
5,3,3-2-2-3-2,76,0.00735579,leviticus,continuous,continuous
5,4,3-3-3-2-2,75,0.007259,leviticus,continuous,continuous
5,5,2-3-3-3-2,74,0.00716221,leviticus,continuous,continuous
5,6,2-2-2-2-3,72,0.00696864,leviticus,continuous,continuous
5,7,2-2-3-3-3,71,0.00687185,leviticus,continuous,continuous
5,8,2-3-2-2-3,67,0.00648471,leviticus,continuous,continuous
5,9,3-3-3-3-3,67,0.00648471,leviticus,continuous,continuous
5,10,3-3-3-3-2,66,0.00638792,leviticus,continuous,continuous
5,11,2-3-3-3-3,64,0.00619435,leviticus,continuous,continuous
5,12,3-2-3-3-3,63,0.00609756,leviticus,continuous,continuous
5,13,2-3-2-2-2,61,0.00590399,leviticus,continuous,continuous
5,14,3-3-2-2-3,61,0.00590399,leviticus,continuous,continuous
5,15,2-2-2-3-2,59,0.00571041,leviticus,continuous,continuous
5,16,3-2-2-2-2,59,0.00571041,leviticus,continuous,continuous
5,17,2-3-3-2-3,59,0.00571041,leviticus,continuous,continuous
5,18,3-3-2-2-2,58,0.00561363,leviticus,continuous,continuous
5,19,2-3-2-3-3,57,0.00551684,leviticus,continuous,continuous
5,20,3-2-3-3-2,54,0.00522648,leviticus,continuous,continuous
5,21,2-2-3-2-3,53,0.00512969,leviticus,continuous,continuous
5,22,2-2-3-3-2,53,0.00512969,leviticus,continuous,continuous
5,23,3-3-2-3-2,52,0.00503291,leviticus,continuous,continuous
5,24,3-2-3-2-2,51,0.00493612,leviticus,continuous,continuous
5,25,3-2-2-3-3,50,0.00483933,leviticus,continuous,continuous
5,26,3-3-3-2-3,50,0.00483933,leviticus,continuous,continuous
5,27,3-3-2-3-3,49,0.00474255,leviticus,continuous,continuous
5,28,2-2-2-3-3,48,0.00464576,leviticus,continuous,continuous
5,29,2-3-3-2-2,45,0.0043554,leviticus,continuous,continuous
5,30,3-2-3-2-3,44,0.00425861,leviticus,continuous,continuous
5,31,3-2-2-2-3,42,0.00406504,leviticus,continuous,continuous
5,32,2-1-2-2-2,40,0.00387147,leviticus,continuous,continuous
5,33,2-3-2-3-2,40,0.00387147,leviticus,continuous,continuous
5,34,2-2-2-3-1,32,0.00309717,leviticus,continuous,continuous
5,35,4-2-2-2-2,31,0.00300039,leviticus,continuous,continuous
5,36,3-2-1-2-2,30,0.0029036,leviticus,continuous,continuous
5,37,3-1-3-2-3,30,0.0029036,leviticus,continuous,continuous
5,38,2-2-1-2-2,30,0.0029036,leviticus,continuous,continuous
5,39,2-3-3-3-1,30,0.0029036,leviticus,continuous,continuous
5,40,2-2-2-1-3,29,0.00280681,leviticus,continuous,continuous
5,41,1-2-2-2-2,29,0.00280681,leviticus,continuous,continuous
5,42,1-3-2-3-2,28,0.00271003,leviticus,continuous,continuous
5,43,2-2-3-2-1,28,0.00271003,leviticus,continuous,continuous
5,44,3-3-3-2-4,27,0.00261324,leviticus,continuous,continuous
5,45,2-2-2-1-2,27,0.00261324,leviticus,continuous,continuous
5,46,1-2-3-3-3,27,0.00261324,leviticus,continuous,continuous
5,47,2-3-2-2-1,27,0.00261324,leviticus,continuous,continuous
5,48,2-2-1-3-3,27,0.00261324,leviticus,continuous,continuous
5,49,4-2-2-3-2,27,0.00261324,leviticus,continuous,continuous
5,50,3-3-1-2-2,27,0.00261324,leviticus,continuous,continuous
6,1,2-2-2-2-2-2,41,0.00396864,leviticus,continuous,continuous
6,2,3-3-3-3-2-2,34,0.00329107,leviticus,continuous,continuous
6,3,2-2-3-2-2-2,34,0.00329107,leviticus,continuous,continuous
6,4,3-3-2-2-3-2,33,0.00319427,leviticus,continuous,continuous
6,5,3-2-2-3-2-2,31,0.00300068,leviticus,continuous,continuous
6,6,2-2-2-2-2-3,30,0.00290388,leviticus,continuous,continuous
6,7,2-2-3-3-3-2,29,0.00280709,leviticus,continuous,continuous
6,8,3-3-3-3-3-2,29,0.00280709,leviticus,continuous,continuous
6,9,3-2-3-3-2-3,29,0.00280709,leviticus,continuous,continuous
6,10,2-3-2-2-3-2,28,0.00271029,leviticus,continuous,continuous
6,11,2-3-3-3-3-2,28,0.00271029,leviticus,continuous,continuous
6,12,3-3-3-2-2-2,28,0.00271029,leviticus,continuous,continuous
6,13,2-2-2-2-3-2,27,0.00261349,leviticus,continuous,continuous
6,14,3-2-3-3-3-3,27,0.00261349,leviticus,continuous,continuous
6,15,2-3-3-3-3-3,27,0.00261349,leviticus,continuous,continuous
6,16,2-2-3-2-2-3,27,0.00261349,leviticus,continuous,continuous
6,17,2-2-2-3-2-2,26,0.0025167,leviticus,continuous,continuous
6,18,2-3-3-3-2-3,25,0.0024199,leviticus,continuous,continuous
6,19,3-2-2-2-2-2,25,0.0024199,leviticus,continuous,continuous
6,20,2-3-3-3-2-2,25,0.0024199,leviticus,continuous,continuous
6,21,3-3-3-2-2-3,25,0.0024199,leviticus,continuous,continuous
6,22,2-2-3-2-3-3,24,0.00232311,leviticus,continuous,continuous
6,23,3-2-2-3-3-3,24,0.00232311,leviticus,continuous,continuous
6,24,3-3-2-3-3-3,24,0.00232311,leviticus,continuous,continuous
6,25,3-3-3-3-3-3,24,0.00232311,leviticus,continuous,continuous
6,26,2-3-2-2-2-2,23,0.00222631,leviticus,continuous,continuous
6,27,2-2-2-3-3-3,23,0.00222631,leviticus,continuous,continuous
6,28,3-3-2-2-2-2,22,0.00212951,leviticus,continuous,continuous
6,29,2-2-3-3-3-3,22,0.00212951,leviticus,continuous,continuous
6,30,2-2-2-2-3-3,22,0.00212951,leviticus,continuous,continuous
6,31,3-2-2-3-2-3,22,0.00212951,leviticus,continuous,continuous
6,32,2-2-3-3-2-2,21,0.00203272,leviticus,continuous,continuous
6,33,2-3-2-3-3-3,21,0.00203272,leviticus,continuous,continuous
6,34,3-2-3-2-2-3,21,0.00203272,leviticus,continuous,continuous
6,35,2-3-2-3-3-2,20,0.00193592,leviticus,continuous,continuous
6,36,2-3-3-2-3-3,20,0.00193592,leviticus,continuous,continuous
6,37,3-2-3-2-3-3,20,0.00193592,leviticus,continuous,continuous
6,38,2-2-2-3-2-3,19,0.00183912,leviticus,continuous,continuous
6,39,2-3-3-2-2-2,19,0.00183912,leviticus,continuous,continuous
6,40,3-2-2-2-2-3,19,0.00183912,leviticus,continuous,continuous
6,41,2-3-2-2-3-3,19,0.00183912,leviticus,continuous,continuous
6,42,3-3-3-2-3-3,19,0.00183912,leviticus,continuous,continuous
6,43,3-3-2-3-2-2,19,0.00183912,leviticus,continuous,continuous
6,44,2-3-3-2-3-2,19,0.00183912,leviticus,continuous,continuous
6,45,3-2-3-3-3-2,18,0.00174233,leviticus,continuous,continuous
6,46,3-2-2-3-3-2,18,0.00174233,leviticus,continuous,continuous
6,47,3-3-2-3-2-3,17,0.00164553,leviticus,continuous,continuous
6,48,2-3-2-2-2-3,17,0.00164553,leviticus,continuous,continuous
6,49,2-2-3-3-2-3,17,0.00164553,leviticus,continuous,continuous
6,50,3-2-1-2-2-2,16,0.00154874,leviticus,continuous,continuous
2,1,2-2,1401,0.1478004,leviticus,sof_only,within
2,2,3-2,1188,0.12532968,leviticus,sof_only,within
2,3,2-3,1162,0.12258677,leviticus,sof_only,within
2,4,3-3,1050,0.11077118,leviticus,sof_only,within
2,5,2-1,551,0.05812849,leviticus,sof_only,within
2,6,1-2,512,0.05401414,leviticus,sof_only,within
2,7,3-1,445,0.04694588,leviticus,sof_only,within
2,8,4-2,441,0.04652389,leviticus,sof_only,within
2,9,1-3,416,0.04388649,leviticus,sof_only,within
2,10,2-4,407,0.04293702,leviticus,sof_only,within
2,11,4-3,320,0.03375884,leviticus,sof_only,within
2,12,3-4,311,0.03280937,leviticus,sof_only,within
2,13,1-4,176,0.01856736,leviticus,sof_only,within
2,14,4-1,152,0.01603545,leviticus,sof_only,within
2,15,1-1,151,0.01592995,leviticus,sof_only,within
2,16,4-4,116,0.01223758,leviticus,sof_only,within
2,17,2-5,113,0.01192109,leviticus,sof_only,within
2,18,5-2,93,0.00981116,leviticus,sof_only,within
2,19,5-3,86,0.00907269,leviticus,sof_only,within
2,20,1-5,62,0.00654077,leviticus,sof_only,within
2,21,3-5,53,0.00559131,leviticus,sof_only,within
2,22,5-4,42,0.00443085,leviticus,sof_only,within
2,23,5-1,36,0.00379787,leviticus,sof_only,within
2,24,4-5,30,0.00316489,leviticus,sof_only,within
2,25,1-6,25,0.00263741,leviticus,sof_only,within
2,26,6-2,24,0.00253191,leviticus,sof_only,within
2,27,6-3,22,0.00232092,leviticus,sof_only,within
2,28,2-6,21,0.00221542,leviticus,sof_only,within
2,29,3-6,13,0.00137145,leviticus,sof_only,within
2,30,5-5,11,0.00116046,leviticus,sof_only,within
2,31,6-4,10,0.00105496,leviticus,sof_only,within
2,32,2-7,8,0.00084397,leviticus,sof_only,within
2,33,6-1,7,0.00073847,leviticus,sof_only,within
2,34,7-2,5,0.00052748,leviticus,sof_only,within
2,35,7-3,4,0.00042199,leviticus,sof_only,within
2,36,4-6,4,0.00042199,leviticus,sof_only,within
2,37,6-5,2,0.00021099,leviticus,sof_only,within
2,38,7-1,2,0.00021099,leviticus,sof_only,within
2,39,5-6,2,0.00021099,leviticus,sof_only,within
2,40,1-7,2,0.00021099,leviticus,sof_only,within
2,41,3-7,1,0.0001055,leviticus,sof_only,within
2,42,5-7,1,0.0001055,leviticus,sof_only,within
2,43,7-4,1,0.0001055,leviticus,sof_only,within
3,1,2-2-2,537,0.05665752,leviticus,sof_only,within
3,2,2-3-2,440,0.0464233,leviticus,sof_only,within
3,3,3-2-2,440,0.0464233,leviticus,sof_only,within
3,4,2-2-3,438,0.04621228,leviticus,sof_only,within
3,5,3-3-2,424,0.04473518,leviticus,sof_only,within
3,6,2-3-3,405,0.04273053,leviticus,sof_only,within
3,7,3-2-3,400,0.042203,leviticus,sof_only,within
3,8,3-3-3,369,0.03893226,leviticus,sof_only,within
3,9,2-1-2,216,0.02278962,leviticus,sof_only,within
3,10,2-2-1,216,0.02278962,leviticus,sof_only,within
3,11,1-2-2,193,0.02036295,leviticus,sof_only,within
3,12,4-2-2,185,0.01951889,leviticus,sof_only,within
3,13,2-4-2,175,0.01846381,leviticus,sof_only,within
3,14,3-2-1,170,0.01793627,leviticus,sof_only,within
3,15,1-3-2,168,0.01772526,leviticus,sof_only,within
3,16,3-1-2,162,0.01709221,leviticus,sof_only,within
3,17,2-3-1,158,0.01667018,leviticus,sof_only,within
3,18,2-2-4,157,0.01656468,leviticus,sof_only,within
3,19,2-1-3,157,0.01656468,leviticus,sof_only,within
3,20,3-3-1,154,0.01624815,leviticus,sof_only,within
3,21,3-1-3,152,0.01603714,leviticus,sof_only,within
3,22,1-2-3,148,0.01561511,leviticus,sof_only,within
3,23,2-3-4,136,0.01434902,leviticus,sof_only,within
3,24,4-2-3,132,0.01392699,leviticus,sof_only,within
3,25,1-3-3,132,0.01392699,leviticus,sof_only,within
3,26,3-2-4,126,0.01329394,leviticus,sof_only,within
3,27,3-4-2,125,0.01318844,leviticus,sof_only,within
3,28,2-4-3,117,0.01234438,leviticus,sof_only,within
3,29,4-3-2,116,0.01223887,leviticus,sof_only,within
3,30,4-3-3,113,0.01192235,leviticus,sof_only,within
3,31,3-4-3,95,0.01002321,leviticus,sof_only,within
3,32,1-2-1,95,0.01002321,leviticus,sof_only,within
3,33,3-3-4,86,0.00907364,leviticus,sof_only,within
3,34,2-1-4,78,0.00822958,leviticus,sof_only,within
3,35,1-4-2,76,0.00801857,leviticus,sof_only,within
3,36,1-3-1,69,0.00728002,leviticus,sof_only,within
3,37,2-1-1,67,0.007069,leviticus,sof_only,within
3,38,4-1-2,64,0.00675248,leviticus,sof_only,within
3,39,1-2-4,62,0.00654146,leviticus,sof_only,within
3,40,4-2-1,58,0.00611943,leviticus,sof_only,within
3,41,2-4-1,57,0.00601393,leviticus,sof_only,within
3,42,1-4-3,56,0.00590842,leviticus,sof_only,within
3,43,3-1-4,54,0.0056974,leviticus,sof_only,within
3,44,1-1-2,53,0.0055919,leviticus,sof_only,within
3,45,1-1-3,53,0.0055919,leviticus,sof_only,within
3,46,3-1-1,51,0.00538088,leviticus,sof_only,within
3,47,4-3-1,47,0.00495885,leviticus,sof_only,within
3,48,3-4-1,47,0.00495885,leviticus,sof_only,within
3,49,2-4-4,47,0.00495885,leviticus,sof_only,within
3,50,4-2-4,46,0.00485334,leviticus,sof_only,within
4,1,2-2-2-2,207,0.02184236,leviticus,sof_only,within
4,2,2-3-2-2,178,0.01878232,leviticus,sof_only,within
4,3,2-2-3-2,177,0.0186768,leviticus,sof_only,within
4,4,2-2-2-3,168,0.01772713,leviticus,sof_only,within
4,5,3-2-2-2,162,0.01709402,leviticus,sof_only,within
4,6,2-3-3-2,157,0.01656642,leviticus,sof_only,within
4,7,3-3-3-2,154,0.01624987,leviticus,sof_only,within
4,8,3-2-3-3,154,0.01624987,leviticus,sof_only,within
4,9,3-3-2-2,154,0.01624987,leviticus,sof_only,within
4,10,2-3-3-3,153,0.01614435,leviticus,sof_only,within
4,11,3-2-3-2,148,0.01561676,leviticus,sof_only,within
4,12,3-2-2-3,143,0.01508916,leviticus,sof_only,within
4,13,3-3-2-3,143,0.01508916,leviticus,sof_only,within
4,14,2-3-2-3,140,0.01477261,leviticus,sof_only,within
4,15,2-2-3-3,131,0.01382294,leviticus,sof_only,within
4,16,3-3-3-3,128,0.01350638,leviticus,sof_only,within
4,17,2-2-1-2,92,0.00970771,leviticus,sof_only,within
4,18,2-2-2-1,86,0.0090746,leviticus,sof_only,within
4,19,2-1-2-2,81,0.00854701,leviticus,sof_only,within
4,20,1-2-2-2,79,0.00833597,leviticus,sof_only,within
4,21,4-2-2-2,74,0.00780838,leviticus,sof_only,within
4,22,2-2-3-1,74,0.00780838,leviticus,sof_only,within
4,23,3-1-3-2,69,0.00728079,leviticus,sof_only,within
4,24,1-3-2-3,67,0.00706975,leviticus,sof_only,within
4,25,2-2-4-2,66,0.00696423,leviticus,sof_only,within
4,26,2-4-2-2,66,0.00696423,leviticus,sof_only,within
4,27,3-2-2-1,65,0.00685871,leviticus,sof_only,within
4,28,3-2-1-2,64,0.00675319,leviticus,sof_only,within
4,29,3-1-2-2,64,0.00675319,leviticus,sof_only,within
4,30,2-3-1-2,60,0.00633112,leviticus,sof_only,within
4,31,2-4-2-3,60,0.00633112,leviticus,sof_only,within
4,32,2-3-3-1,60,0.00633112,leviticus,sof_only,within
4,33,2-1-2-3,60,0.00633112,leviticus,sof_only,within
4,34,3-3-2-1,59,0.0062256,leviticus,sof_only,within
4,35,3-4-2-2,58,0.00612008,leviticus,sof_only,within
4,36,4-2-2-3,58,0.00612008,leviticus,sof_only,within
4,37,2-3-2-1,58,0.00612008,leviticus,sof_only,within
4,38,3-2-4-2,58,0.00612008,leviticus,sof_only,within
4,39,2-2-1-3,57,0.00601456,leviticus,sof_only,within
4,40,2-2-2-4,56,0.00590904,leviticus,sof_only,within
4,41,2-1-3-2,56,0.00590904,leviticus,sof_only,within
4,42,1-3-3-2,56,0.00590904,leviticus,sof_only,within
4,43,1-2-2-3,55,0.00580352,leviticus,sof_only,within
4,44,2-3-1-3,55,0.00580352,leviticus,sof_only,within
4,45,2-1-3-3,55,0.00580352,leviticus,sof_only,within
4,46,1-3-2-2,54,0.00569801,leviticus,sof_only,within
4,47,3-3-2-4,53,0.00559249,leviticus,sof_only,within
4,48,1-2-3-2,53,0.00559249,leviticus,sof_only,within
4,49,3-3-1-3,53,0.00559249,leviticus,sof_only,within
4,50,3-3-1-2,51,0.00538145,leviticus,sof_only,within
5,1,2-2-2-2-2,91,0.00960321,leviticus,sof_only,within
5,2,2-2-3-2-2,71,0.00749261,leviticus,sof_only,within
5,3,2-2-2-3-2,70,0.00738708,leviticus,sof_only,within
5,4,2-3-3-3-2,69,0.00728155,leviticus,sof_only,within
5,5,3-2-2-2-2,65,0.00685943,leviticus,sof_only,within
5,6,2-3-2-2-2,65,0.00685943,leviticus,sof_only,within
5,7,2-3-2-3-3,64,0.0067539,leviticus,sof_only,within
5,8,2-2-2-2-3,62,0.00654285,leviticus,sof_only,within
5,9,2-3-2-2-3,62,0.00654285,leviticus,sof_only,within
5,10,2-3-3-2-3,61,0.00643732,leviticus,sof_only,within
5,11,3-3-2-3-2,61,0.00643732,leviticus,sof_only,within
5,12,3-3-3-2-2,61,0.00643732,leviticus,sof_only,within
5,13,3-2-3-3-2,60,0.00633179,leviticus,sof_only,within
5,14,3-3-2-2-2,60,0.00633179,leviticus,sof_only,within
5,15,3-2-2-3-2,60,0.00633179,leviticus,sof_only,within
5,16,2-2-3-3-2,55,0.00580414,leviticus,sof_only,within
5,17,3-2-3-3-3,55,0.00580414,leviticus,sof_only,within
5,18,2-2-3-2-3,54,0.00569861,leviticus,sof_only,within
5,19,2-3-3-2-2,54,0.00569861,leviticus,sof_only,within
5,20,3-2-3-2-2,54,0.00569861,leviticus,sof_only,within
5,21,3-2-3-2-3,51,0.00538202,leviticus,sof_only,within
5,22,3-3-3-3-2,50,0.00527649,leviticus,sof_only,within
5,23,3-3-2-3-3,49,0.00517096,leviticus,sof_only,within
5,24,2-3-3-3-3,49,0.00517096,leviticus,sof_only,within
5,25,3-3-3-3-3,49,0.00517096,leviticus,sof_only,within
5,26,3-3-2-2-3,48,0.00506543,leviticus,sof_only,within
5,27,2-2-2-3-3,47,0.0049599,leviticus,sof_only,within
5,28,3-2-2-3-3,45,0.00474884,leviticus,sof_only,within
5,29,3-3-3-2-3,45,0.00474884,leviticus,sof_only,within
5,30,2-2-3-3-3,45,0.00474884,leviticus,sof_only,within
5,31,3-2-2-2-3,44,0.00464331,leviticus,sof_only,within
5,32,2-3-2-3-2,43,0.00453778,leviticus,sof_only,within
5,33,2-1-2-2-2,35,0.00369354,leviticus,sof_only,within
5,34,2-2-2-3-1,33,0.00348248,leviticus,sof_only,within
5,35,3-1-3-2-3,32,0.00337695,leviticus,sof_only,within
5,36,3-2-1-2-2,31,0.00327142,leviticus,sof_only,within
5,37,3-2-2-1-2,31,0.00327142,leviticus,sof_only,within
5,38,2-2-1-2-2,31,0.00327142,leviticus,sof_only,within
5,39,2-2-2-1-2,30,0.00316589,leviticus,sof_only,within
5,40,4-2-2-2-3,30,0.00316589,leviticus,sof_only,within
5,41,2-4-2-3-2,29,0.00306036,leviticus,sof_only,within
5,42,2-2-2-2-1,29,0.00306036,leviticus,sof_only,within
5,43,2-2-3-1-2,28,0.00295483,leviticus,sof_only,within
5,44,3-3-1-2-2,28,0.00295483,leviticus,sof_only,within
5,45,1-2-2-2-3,28,0.00295483,leviticus,sof_only,within
5,46,1-3-2-3-2,27,0.0028493,leviticus,sof_only,within
5,47,2-2-1-2-3,27,0.0028493,leviticus,sof_only,within
5,48,3-2-3-3-1,27,0.0028493,leviticus,sof_only,within
5,49,2-2-3-1-3,27,0.0028493,leviticus,sof_only,within
5,50,2-3-1-3-2,26,0.00274377,leviticus,sof_only,within
6,1,2-2-2-2-2-2,45,0.00474934,leviticus,sof_only,within
6,2,2-2-2-3-2-2,30,0.00316623,leviticus,sof_only,within
6,3,2-2-3-2-2-2,30,0.00316623,leviticus,sof_only,within
6,4,2-2-2-2-3-2,29,0.00306069,leviticus,sof_only,within
6,5,3-3-3-2-2-2,28,0.00295515,leviticus,sof_only,within
6,6,2-3-2-2-2-2,28,0.00295515,leviticus,sof_only,within
6,7,2-3-2-3-3-2,27,0.0028496,leviticus,sof_only,within
6,8,2-2-2-2-2-3,27,0.0028496,leviticus,sof_only,within
6,9,3-2-3-2-3-3,27,0.0028496,leviticus,sof_only,within
6,10,3-3-2-3-2-2,26,0.00274406,leviticus,sof_only,within
6,11,3-2-3-3-2-3,26,0.00274406,leviticus,sof_only,within
6,12,2-2-3-2-3-3,25,0.00263852,leviticus,sof_only,within
6,13,3-3-2-3-3-3,25,0.00263852,leviticus,sof_only,within
6,14,2-3-3-3-2-3,25,0.00263852,leviticus,sof_only,within
6,15,2-3-2-2-3-2,25,0.00263852,leviticus,sof_only,within
6,16,3-2-2-3-2-2,25,0.00263852,leviticus,sof_only,within
6,17,2-3-3-3-2-2,25,0.00263852,leviticus,sof_only,within
6,18,3-2-2-2-2-3,24,0.00253298,leviticus,sof_only,within
6,19,2-2-3-2-2-3,24,0.00253298,leviticus,sof_only,within
6,20,3-3-2-2-3-2,24,0.00253298,leviticus,sof_only,within
6,21,2-2-3-3-2-2,23,0.00242744,leviticus,sof_only,within
6,22,2-2-3-3-3-2,23,0.00242744,leviticus,sof_only,within
6,23,3-3-2-3-2-3,23,0.00242744,leviticus,sof_only,within
6,24,2-3-3-2-3-2,23,0.00242744,leviticus,sof_only,within
6,25,3-2-3-3-3-2,23,0.00242744,leviticus,sof_only,within
6,26,2-2-2-3-2-3,22,0.0023219,leviticus,sof_only,within
6,27,2-3-3-2-3-3,22,0.0023219,leviticus,sof_only,within
6,28,3-2-3-3-3-3,22,0.0023219,leviticus,sof_only,within
6,29,2-3-3-3-3-2,22,0.0023219,leviticus,sof_only,within
6,30,3-3-3-3-2-2,22,0.0023219,leviticus,sof_only,within
6,31,3-3-2-2-2-2,21,0.00221636,leviticus,sof_only,within
6,32,3-2-2-2-3-2,21,0.00221636,leviticus,sof_only,within
6,33,2-3-3-2-2-2,20,0.00211082,leviticus,sof_only,within
6,34,2-2-2-3-3-2,20,0.00211082,leviticus,sof_only,within
6,35,3-2-2-2-2-2,20,0.00211082,leviticus,sof_only,within
6,36,2-3-2-2-3-3,19,0.00200528,leviticus,sof_only,within
6,37,2-2-3-3-2-3,19,0.00200528,leviticus,sof_only,within
6,38,3-2-3-2-2-2,19,0.00200528,leviticus,sof_only,within
6,39,3-2-2-3-2-3,18,0.00189974,leviticus,sof_only,within
6,40,3-2-2-3-3-2,18,0.00189974,leviticus,sof_only,within
6,41,3-3-3-2-3-2,18,0.00189974,leviticus,sof_only,within
6,42,3-3-3-2-2-3,18,0.00189974,leviticus,sof_only,within
6,43,3-3-3-3-3-2,18,0.00189974,leviticus,sof_only,within
6,44,2-3-3-2-2-3,18,0.00189974,leviticus,sof_only,within
6,45,2-3-2-2-2-3,18,0.00189974,leviticus,sof_only,within
6,46,2-2-3-2-3-2,17,0.0017942,leviticus,sof_only,within
6,47,3-2-3-2-2-3,17,0.0017942,leviticus,sof_only,within
6,48,3-3-3-2-3-3,17,0.0017942,leviticus,sof_only,within
6,49,2-3-3-3-3-3,17,0.0017942,leviticus,sof_only,within
6,50,3-3-3-3-3-3,17,0.0017942,leviticus,sof_only,within
2,1,3-3,94,0.10994152,leviticus,sof_only,cross_reset
2,2,3-2,71,0.08304094,leviticus,sof_only,cross_reset
2,3,2-3,70,0.08187135,leviticus,sof_only,cross_reset
2,4,2-2,58,0.06783626,leviticus,sof_only,cross_reset
2,5,4-3,52,0.06081871,leviticus,sof_only,cross_reset
2,6,3-4,51,0.05964912,leviticus,sof_only,cross_reset
2,7,3-1,42,0.04912281,leviticus,sof_only,cross_reset
2,8,2-1,42,0.04912281,leviticus,sof_only,cross_reset
2,9,1-3,37,0.04327485,leviticus,sof_only,cross_reset
2,10,2-4,36,0.04210526,leviticus,sof_only,cross_reset
2,11,1-2,35,0.04093567,leviticus,sof_only,cross_reset
2,12,4-2,33,0.03859649,leviticus,sof_only,cross_reset
2,13,1-1,30,0.03508772,leviticus,sof_only,cross_reset
2,14,1-4,26,0.03040936,leviticus,sof_only,cross_reset
2,15,4-4,24,0.02807018,leviticus,sof_only,cross_reset
2,16,4-1,22,0.02573099,leviticus,sof_only,cross_reset
2,17,5-3,17,0.01988304,leviticus,sof_only,cross_reset
2,18,5-2,16,0.01871345,leviticus,sof_only,cross_reset
2,19,3-5,15,0.01754386,leviticus,sof_only,cross_reset
2,20,2-5,11,0.0128655,leviticus,sof_only,cross_reset
2,21,1-5,11,0.0128655,leviticus,sof_only,cross_reset
2,22,4-5,9,0.01052632,leviticus,sof_only,cross_reset
2,23,5-4,8,0.00935673,leviticus,sof_only,cross_reset
2,24,5-1,5,0.00584795,leviticus,sof_only,cross_reset
2,25,6-2,5,0.00584795,leviticus,sof_only,cross_reset
2,26,6-3,5,0.00584795,leviticus,sof_only,cross_reset
2,27,4-6,5,0.00584795,leviticus,sof_only,cross_reset
2,28,3-6,4,0.00467836,leviticus,sof_only,cross_reset
2,29,5-5,4,0.00467836,leviticus,sof_only,cross_reset
2,30,5-6,2,0.00233918,leviticus,sof_only,cross_reset
2,31,4-7,2,0.00233918,leviticus,sof_only,cross_reset
2,32,7-3,2,0.00233918,leviticus,sof_only,cross_reset
2,33,2-6,2,0.00233918,leviticus,sof_only,cross_reset
2,34,6-5,2,0.00233918,leviticus,sof_only,cross_reset
2,35,1-6,2,0.00233918,leviticus,sof_only,cross_reset
2,36,6-4,2,0.00233918,leviticus,sof_only,cross_reset
2,37,6-1,1,0.00116959,leviticus,sof_only,cross_reset
2,38,2-7,1,0.00116959,leviticus,sof_only,cross_reset
2,39,7-2,1,0.00116959,leviticus,sof_only,cross_reset
3,1,3-3-3,34,0.03981265,leviticus,sof_only,cross_reset
3,2,3-2-3,24,0.02810304,leviticus,sof_only,cross_reset
3,3,2-2-3,23,0.02693208,leviticus,sof_only,cross_reset
3,4,3-3-2,22,0.02576112,leviticus,sof_only,cross_reset
3,5,2-3-2,21,0.02459016,leviticus,sof_only,cross_reset
3,6,4-3-3,20,0.0234192,leviticus,sof_only,cross_reset
3,7,3-3-4,20,0.0234192,leviticus,sof_only,cross_reset
3,8,2-3-3,19,0.02224824,leviticus,sof_only,cross_reset
3,9,2-2-2,19,0.02224824,leviticus,sof_only,cross_reset
3,10,3-4-2,18,0.02107728,leviticus,sof_only,cross_reset
3,11,3-2-2,18,0.02107728,leviticus,sof_only,cross_reset
3,12,2-3-1,15,0.0175644,leviticus,sof_only,cross_reset
3,13,2-4-3,15,0.0175644,leviticus,sof_only,cross_reset
3,14,3-4-3,14,0.01639344,leviticus,sof_only,cross_reset
3,15,3-1-3,14,0.01639344,leviticus,sof_only,cross_reset
3,16,3-2-1,14,0.01639344,leviticus,sof_only,cross_reset
3,17,4-3-4,13,0.01522248,leviticus,sof_only,cross_reset
3,18,1-3-3,13,0.01522248,leviticus,sof_only,cross_reset
3,19,2-1-2,13,0.01522248,leviticus,sof_only,cross_reset
3,20,3-3-1,12,0.01405152,leviticus,sof_only,cross_reset
3,21,1-3-2,12,0.01405152,leviticus,sof_only,cross_reset
3,22,1-4-3,11,0.01288056,leviticus,sof_only,cross_reset
3,23,4-3-2,11,0.01288056,leviticus,sof_only,cross_reset
3,24,3-1-1,11,0.01288056,leviticus,sof_only,cross_reset
3,25,1-2-1,11,0.01288056,leviticus,sof_only,cross_reset
3,26,3-4-4,10,0.0117096,leviticus,sof_only,cross_reset
3,27,4-2-3,10,0.0117096,leviticus,sof_only,cross_reset
3,28,1-1-2,10,0.0117096,leviticus,sof_only,cross_reset
3,29,1-2-2,10,0.0117096,leviticus,sof_only,cross_reset
3,30,2-1-4,9,0.01053864,leviticus,sof_only,cross_reset
3,31,4-4-3,9,0.01053864,leviticus,sof_only,cross_reset
3,32,3-2-4,9,0.01053864,leviticus,sof_only,cross_reset
3,33,4-2-2,9,0.01053864,leviticus,sof_only,cross_reset
3,34,2-1-1,9,0.01053864,leviticus,sof_only,cross_reset
3,35,2-3-4,9,0.01053864,leviticus,sof_only,cross_reset
3,36,1-3-1,9,0.01053864,leviticus,sof_only,cross_reset
3,37,2-2-4,8,0.00936768,leviticus,sof_only,cross_reset
3,38,2-5-2,7,0.00819672,leviticus,sof_only,cross_reset
3,39,5-3-3,7,0.00819672,leviticus,sof_only,cross_reset
3,40,2-4-2,7,0.00819672,leviticus,sof_only,cross_reset
3,41,1-1-1,7,0.00819672,leviticus,sof_only,cross_reset
3,42,3-1-2,7,0.00819672,leviticus,sof_only,cross_reset
3,43,1-2-4,7,0.00819672,leviticus,sof_only,cross_reset
3,44,2-2-1,7,0.00819672,leviticus,sof_only,cross_reset
3,45,1-1-3,7,0.00819672,leviticus,sof_only,cross_reset
3,46,2-4-1,7,0.00819672,leviticus,sof_only,cross_reset
3,47,2-3-5,6,0.00702576,leviticus,sof_only,cross_reset
3,48,4-2-1,6,0.00702576,leviticus,sof_only,cross_reset
3,49,4-5-3,6,0.00702576,leviticus,sof_only,cross_reset
3,50,2-1-3,6,0.00702576,leviticus,sof_only,cross_reset
4,1,3-3-3-3,14,0.01641266,leviticus,sof_only,cross_reset
4,2,3-3-3-4,9,0.010551,leviticus,sof_only,cross_reset
4,3,3-3-4-2,9,0.010551,leviticus,sof_only,cross_reset
4,4,3-2-3-3,8,0.00937866,leviticus,sof_only,cross_reset
4,5,3-2-3-2,8,0.00937866,leviticus,sof_only,cross_reset
4,6,3-4-2-3,8,0.00937866,leviticus,sof_only,cross_reset
4,7,4-3-2-3,7,0.00820633,leviticus,sof_only,cross_reset
4,8,2-3-2-3,7,0.00820633,leviticus,sof_only,cross_reset
4,9,3-1-3-2,7,0.00820633,leviticus,sof_only,cross_reset
4,10,3-3-2-1,7,0.00820633,leviticus,sof_only,cross_reset
4,11,2-2-2-3,7,0.00820633,leviticus,sof_only,cross_reset
4,12,1-4-3-3,7,0.00820633,leviticus,sof_only,cross_reset
4,13,4-3-3-3,7,0.00820633,leviticus,sof_only,cross_reset
4,14,2-2-3-2,7,0.00820633,leviticus,sof_only,cross_reset
4,15,3-2-2-3,7,0.00820633,leviticus,sof_only,cross_reset
4,16,3-2-2-2,7,0.00820633,leviticus,sof_only,cross_reset
4,17,2-2-2-2,7,0.00820633,leviticus,sof_only,cross_reset
4,18,2-3-3-3,6,0.007034,leviticus,sof_only,cross_reset
4,19,3-3-3-2,6,0.007034,leviticus,sof_only,cross_reset
4,20,4-3-4-2,6,0.007034,leviticus,sof_only,cross_reset
4,21,1-3-3-2,6,0.007034,leviticus,sof_only,cross_reset
4,22,2-4-2-2,6,0.007034,leviticus,sof_only,cross_reset
4,23,3-3-4-3,6,0.007034,leviticus,sof_only,cross_reset
4,24,2-3-1-3,6,0.007034,leviticus,sof_only,cross_reset
4,25,3-1-1-2,6,0.007034,leviticus,sof_only,cross_reset
4,26,2-2-3-1,6,0.007034,leviticus,sof_only,cross_reset
4,27,2-3-2-2,6,0.007034,leviticus,sof_only,cross_reset
4,28,3-4-2-1,5,0.00586166,leviticus,sof_only,cross_reset
4,29,2-3-3-2,5,0.00586166,leviticus,sof_only,cross_reset
4,30,3-2-3-1,5,0.00586166,leviticus,sof_only,cross_reset
4,31,4-3-3-4,5,0.00586166,leviticus,sof_only,cross_reset
4,32,1-1-2-1,5,0.00586166,leviticus,sof_only,cross_reset
4,33,2-2-3-4,5,0.00586166,leviticus,sof_only,cross_reset
4,34,2-3-2-1,5,0.00586166,leviticus,sof_only,cross_reset
4,35,3-4-3-3,5,0.00586166,leviticus,sof_only,cross_reset
4,36,3-3-2-4,4,0.00468933,leviticus,sof_only,cross_reset
4,37,5-3-3-3,4,0.00468933,leviticus,sof_only,cross_reset
4,38,4-2-2-3,4,0.00468933,leviticus,sof_only,cross_reset
4,39,2-2-3-3,4,0.00468933,leviticus,sof_only,cross_reset
4,40,3-4-3-2,4,0.00468933,leviticus,sof_only,cross_reset
4,41,1-3-2-3,4,0.00468933,leviticus,sof_only,cross_reset
4,42,3-4-2-4,4,0.00468933,leviticus,sof_only,cross_reset
4,43,4-2-4-3,4,0.00468933,leviticus,sof_only,cross_reset
4,44,4-2-3-3,4,0.00468933,leviticus,sof_only,cross_reset
4,45,1-2-2-2,4,0.00468933,leviticus,sof_only,cross_reset
4,46,2-3-1-1,4,0.00468933,leviticus,sof_only,cross_reset
4,47,3-3-1-3,4,0.00468933,leviticus,sof_only,cross_reset
4,48,3-1-3-3,4,0.00468933,leviticus,sof_only,cross_reset
4,49,3-2-1-2,4,0.00468933,leviticus,sof_only,cross_reset
4,50,2-1-2-3,4,0.00468933,leviticus,sof_only,cross_reset
5,1,3-3-3-3-3,7,0.00821596,leviticus,sof_only,cross_reset
5,2,3-3-4-2-3,6,0.00704225,leviticus,sof_only,cross_reset
5,3,3-3-3-4-3,4,0.00469484,leviticus,sof_only,cross_reset
5,4,2-3-2-3-2,4,0.00469484,leviticus,sof_only,cross_reset
5,5,3-3-3-3-4,4,0.00469484,leviticus,sof_only,cross_reset
5,6,4-3-4-2-1,3,0.00352113,leviticus,sof_only,cross_reset
5,7,3-2-3-3-2,3,0.00352113,leviticus,sof_only,cross_reset
5,8,2-4-2-2-3,3,0.00352113,leviticus,sof_only,cross_reset
5,9,3-4-3-2-3,3,0.00352113,leviticus,sof_only,cross_reset
5,10,3-2-3-2-3,3,0.00352113,leviticus,sof_only,cross_reset
5,11,2-3-1-3-2,3,0.00352113,leviticus,sof_only,cross_reset
5,12,3-1-3-2-3,3,0.00352113,leviticus,sof_only,cross_reset
5,13,1-3-3-4-2,3,0.00352113,leviticus,sof_only,cross_reset
5,14,3-4-2-3-3,3,0.00352113,leviticus,sof_only,cross_reset
5,15,2-2-2-3-1,3,0.00352113,leviticus,sof_only,cross_reset
5,16,4-1-4-3-3,3,0.00352113,leviticus,sof_only,cross_reset
5,17,2-1-4-3-3,3,0.00352113,leviticus,sof_only,cross_reset
5,18,1-4-3-3-3,3,0.00352113,leviticus,sof_only,cross_reset
5,19,4-3-3-4-2,3,0.00352113,leviticus,sof_only,cross_reset
5,20,3-4-2-3-2,3,0.00352113,leviticus,sof_only,cross_reset
5,21,2-2-3-1-3,3,0.00352113,leviticus,sof_only,cross_reset
5,22,3-1-1-2-1,3,0.00352113,leviticus,sof_only,cross_reset
5,23,1-2-2-3-4,3,0.00352113,leviticus,sof_only,cross_reset
5,24,2-2-3-4-2,3,0.00352113,leviticus,sof_only,cross_reset
5,25,4-2-2-3-2,3,0.00352113,leviticus,sof_only,cross_reset
5,26,2-2-3-2-3,3,0.00352113,leviticus,sof_only,cross_reset
5,27,3-2-3-2-2,3,0.00352113,leviticus,sof_only,cross_reset
5,28,2-3-2-2-3,3,0.00352113,leviticus,sof_only,cross_reset
5,29,2-2-4-2-2,3,0.00352113,leviticus,sof_only,cross_reset
5,30,3-2-2-3-3,3,0.00352113,leviticus,sof_only,cross_reset
5,31,2-3-3-1-2,3,0.00352113,leviticus,sof_only,cross_reset
5,32,2-2-2-2-2,3,0.00352113,leviticus,sof_only,cross_reset
5,33,2-2-2-3-2,3,0.00352113,leviticus,sof_only,cross_reset
5,34,3-3-4-3-3,3,0.00352113,leviticus,sof_only,cross_reset
5,35,4-3-3-3-3,3,0.00352113,leviticus,sof_only,cross_reset
5,36,2-2-3-2-2,3,0.00352113,leviticus,sof_only,cross_reset
5,37,4-3-2-2-2,3,0.00352113,leviticus,sof_only,cross_reset
5,38,3-2-2-2-3,3,0.00352113,leviticus,sof_only,cross_reset
5,39,4-3-2-3-3,3,0.00352113,leviticus,sof_only,cross_reset
5,40,2-3-3-3-3,2,0.00234742,leviticus,sof_only,cross_reset
5,41,3-3-3-3-2,2,0.00234742,leviticus,sof_only,cross_reset
5,42,3-3-3-2-3,2,0.00234742,leviticus,sof_only,cross_reset
5,43,3-2-3-5-4,2,0.00234742,leviticus,sof_only,cross_reset
5,44,1-4-3-4-2,2,0.00234742,leviticus,sof_only,cross_reset
5,45,4-5-3-2-3,2,0.00234742,leviticus,sof_only,cross_reset
5,46,5-3-2-3-3,2,0.00234742,leviticus,sof_only,cross_reset
5,47,2-4-5-3-3,2,0.00234742,leviticus,sof_only,cross_reset
5,48,4-5-3-3-3,2,0.00234742,leviticus,sof_only,cross_reset
5,49,3-3-3-2-5,2,0.00234742,leviticus,sof_only,cross_reset
5,50,5-1-3-3-2,2,0.00234742,leviticus,sof_only,cross_reset
6,1,3-3-4-2-3-2,3,0.00352526,leviticus,sof_only,cross_reset
6,2,3-3-3-3-3-3,3,0.00352526,leviticus,sof_only,cross_reset
6,3,4-3-2-2-2-3,3,0.00352526,leviticus,sof_only,cross_reset
6,4,2-3-3-3-3-3,2,0.00235018,leviticus,sof_only,cross_reset
6,5,3-3-3-3-3-2,2,0.00235018,leviticus,sof_only,cross_reset
6,6,5-3-2-3-3-2,2,0.00235018,leviticus,sof_only,cross_reset
6,7,4-3-2-3-2-3,2,0.00235018,leviticus,sof_only,cross_reset
6,8,2-1-3-3-4-2,2,0.00235018,leviticus,sof_only,cross_reset
6,9,4-2-4-3-4-2,2,0.00235018,leviticus,sof_only,cross_reset
6,10,2-4-3-4-2-1,2,0.00235018,leviticus,sof_only,cross_reset
6,11,3-3-4-2-3-3,2,0.00235018,leviticus,sof_only,cross_reset
6,12,2-2-2-3-1-1,2,0.00235018,leviticus,sof_only,cross_reset
6,13,2-2-3-1-1-4,2,0.00235018,leviticus,sof_only,cross_reset
6,14,3-3-1-3-3-2,2,0.00235018,leviticus,sof_only,cross_reset
6,15,2-1-4-3-3-3,2,0.00235018,leviticus,sof_only,cross_reset
6,16,4-3-3-4-2-3,2,0.00235018,leviticus,sof_only,cross_reset
6,17,3-2-5-2-5-2,2,0.00235018,leviticus,sof_only,cross_reset
6,18,1-3-1-1-2-1,2,0.00235018,leviticus,sof_only,cross_reset
6,19,3-1-1-2-1-2,2,0.00235018,leviticus,sof_only,cross_reset
6,20,1-1-2-2-3-4,2,0.00235018,leviticus,sof_only,cross_reset
6,21,1-2-2-3-4-2,2,0.00235018,leviticus,sof_only,cross_reset
6,22,3-2-3-2-3-2,2,0.00235018,leviticus,sof_only,cross_reset
6,23,2-3-2-3-2-2,2,0.00235018,leviticus,sof_only,cross_reset
6,24,3-2-3-2-2-3,2,0.00235018,leviticus,sof_only,cross_reset
6,25,3-2-2-3-1-3,2,0.00235018,leviticus,sof_only,cross_reset
6,26,2-3-2-2-3-4,2,0.00235018,leviticus,sof_only,cross_reset
6,27,2-2-4-3-2-3,2,0.00235018,leviticus,sof_only,cross_reset
6,28,2-3-2-2-2-2,2,0.00235018,leviticus,sof_only,cross_reset
6,29,2-2-4-2-2-3,2,0.00235018,leviticus,sof_only,cross_reset
6,30,2-4-2-2-3-2,2,0.00235018,leviticus,sof_only,cross_reset
6,31,2-3-2-3-2-1,2,0.00235018,leviticus,sof_only,cross_reset
6,32,3-3-2-2-3-3,2,0.00235018,leviticus,sof_only,cross_reset
6,33,3-2-2-3-3-1,2,0.00235018,leviticus,sof_only,cross_reset
6,34,2-2-3-3-1-2,2,0.00235018,leviticus,sof_only,cross_reset
6,35,4-1-2-2-2-2,2,0.00235018,leviticus,sof_only,cross_reset
6,36,2-2-2-2-3-2,2,0.00235018,leviticus,sof_only,cross_reset
6,37,1-3-1-3-3-3,2,0.00235018,leviticus,sof_only,cross_reset
6,38,3-3-3-4-3-3,2,0.00235018,leviticus,sof_only,cross_reset
6,39,3-3-3-3-3-4,2,0.00235018,leviticus,sof_only,cross_reset
6,40,3-3-3-3-4-2,2,0.00235018,leviticus,sof_only,cross_reset
6,41,3-3-3-4-2-3,2,0.00235018,leviticus,sof_only,cross_reset
6,42,4-3-3-2-4-3,2,0.00235018,leviticus,sof_only,cross_reset
6,43,2-2-2-3-2-2,2,0.00235018,leviticus,sof_only,cross_reset
6,44,3-2-2-2-3-1,2,0.00235018,leviticus,sof_only,cross_reset
6,45,1-1-1-3-1-1,2,0.00235018,leviticus,sof_only,cross_reset
6,46,4-3-2-3-3-1,2,0.00235018,leviticus,sof_only,cross_reset
6,47,3-3-3-3-2-3,1,0.00117509,leviticus,sof_only,cross_reset
6,48,3-3-3-2-3-5,1,0.00117509,leviticus,sof_only,cross_reset
6,49,3-3-2-3-5-4,1,0.00117509,leviticus,sof_only,cross_reset
6,50,3-2-3-5-4-3,1,0.00117509,leviticus,sof_only,cross_reset
2,1,2-2,1475,0.14271892,leviticus,sof_only,all
2,2,3-2,1244,0.12036768,leviticus,sof_only,all
2,3,2-3,1220,0.11804548,leviticus,sof_only,all
2,4,3-3,1182,0.11436865,leviticus,sof_only,all
2,5,2-1,576,0.05573295,leviticus,sof_only,all
2,6,1-2,551,0.05331398,leviticus,sof_only,all
2,7,4-2,471,0.04557329,leviticus,sof_only,all
2,8,3-1,464,0.04489598,leviticus,sof_only,all
2,9,2-4,444,0.04296081,leviticus,sof_only,all
2,10,1-3,430,0.04160619,leviticus,sof_only,all
2,11,3-4,366,0.03541364,leviticus,sof_only,all
2,12,4-3,365,0.03531688,leviticus,sof_only,all
2,13,1-1,197,0.01906144,leviticus,sof_only,all
2,14,1-4,195,0.01886792,leviticus,sof_only,all
2,15,4-1,194,0.01877117,leviticus,sof_only,all
2,16,4-4,142,0.01373972,leviticus,sof_only,all
2,17,2-5,135,0.01306241,leviticus,sof_only,all
2,18,5-2,110,0.01064344,leviticus,sof_only,all
2,19,5-3,104,0.01006289,leviticus,sof_only,all
2,20,1-5,77,0.00745041,leviticus,sof_only,all
2,21,3-5,64,0.00619255,leviticus,sof_only,all
2,22,5-4,48,0.00464441,leviticus,sof_only,all
2,23,5-1,46,0.0044509,leviticus,sof_only,all
2,24,1-6,32,0.00309627,leviticus,sof_only,all
2,25,4-5,32,0.00309627,leviticus,sof_only,all
2,26,6-3,31,0.00299952,leviticus,sof_only,all
2,27,6-2,26,0.00251572,leviticus,sof_only,all
2,28,2-6,25,0.00241896,leviticus,sof_only,all
2,29,3-6,15,0.00145138,leviticus,sof_only,all
2,30,6-4,14,0.00135462,leviticus,sof_only,all
2,31,5-5,13,0.00125786,leviticus,sof_only,all
2,32,2-7,8,0.00077407,leviticus,sof_only,all
2,33,6-1,7,0.00067731,leviticus,sof_only,all
2,34,7-2,7,0.00067731,leviticus,sof_only,all
2,35,4-6,6,0.00058055,leviticus,sof_only,all
2,36,7-3,5,0.00048379,leviticus,sof_only,all
2,37,1-7,4,0.00038703,leviticus,sof_only,all
2,38,3-7,3,0.00029028,leviticus,sof_only,all
2,39,6-5,2,0.00019352,leviticus,sof_only,all
2,40,5-6,2,0.00019352,leviticus,sof_only,all
2,41,7-1,2,0.00019352,leviticus,sof_only,all
2,42,7-4,1,9.676e-05,leviticus,sof_only,all
3,1,2-2-2,544,0.05264177,leviticus,sof_only,all
3,2,2-2-3,476,0.04606154,leviticus,sof_only,all
3,3,3-2-2,466,0.04509386,leviticus,sof_only,all
3,4,3-3-3,451,0.04364235,leviticus,sof_only,all
3,5,2-3-2,450,0.04354558,leviticus,sof_only,all
3,6,3-3-2,447,0.04325527,leviticus,sof_only,all
3,7,2-3-3,426,0.04122315,leviticus,sof_only,all
3,8,3-2-3,404,0.03909425,leviticus,sof_only,all
3,9,2-2-1,227,0.02196632,leviticus,sof_only,all
3,10,1-2-2,214,0.02070834,leviticus,sof_only,all
3,11,2-1-2,209,0.0202245,leviticus,sof_only,all
3,12,4-2-2,197,0.01906329,leviticus,sof_only,all
3,13,3-2-1,184,0.0178053,leviticus,sof_only,all
3,14,2-4-2,176,0.01703116,leviticus,sof_only,all
3,15,1-3-2,170,0.01645055,leviticus,sof_only,all
3,16,2-3-1,167,0.01616025,leviticus,sof_only,all
3,17,3-1-2,165,0.01596671,leviticus,sof_only,all
3,18,2-2-4,162,0.01567641,leviticus,sof_only,all
3,19,2-1-3,157,0.01519257,leviticus,sof_only,all
3,20,1-2-3,155,0.01499903,leviticus,sof_only,all
3,21,3-3-1,155,0.01499903,leviticus,sof_only,all
3,22,2-3-4,151,0.01461196,leviticus,sof_only,all
3,23,3-1-3,149,0.01441842,leviticus,sof_only,all
3,24,3-2-4,142,0.01374105,leviticus,sof_only,all
3,25,1-3-3,139,0.01345075,leviticus,sof_only,all
3,26,4-2-3,136,0.01316044,leviticus,sof_only,all
3,27,3-4-2,135,0.01306367,leviticus,sof_only,all
3,28,2-4-3,133,0.01287014,leviticus,sof_only,all
3,29,4-3-2,129,0.01248307,leviticus,sof_only,all
3,30,4-3-3,119,0.01151539,leviticus,sof_only,all
3,31,3-4-3,108,0.01045094,leviticus,sof_only,all
3,32,3-3-4,104,0.01006387,leviticus,sof_only,all
3,33,1-2-1,96,0.00928972,leviticus,sof_only,all
3,34,2-1-4,85,0.00822528,leviticus,sof_only,all
3,35,2-1-1,84,0.00812851,leviticus,sof_only,all
3,36,1-4-2,83,0.00803174,leviticus,sof_only,all
3,37,4-1-2,78,0.0075479,leviticus,sof_only,all
3,38,1-1-2,76,0.00735436,leviticus,sof_only,all
3,39,1-3-1,72,0.00696729,leviticus,sof_only,all
3,40,2-4-1,71,0.00687052,leviticus,sof_only,all
3,41,1-2-4,69,0.00667699,leviticus,sof_only,all
3,42,3-4-1,68,0.00658022,leviticus,sof_only,all
3,43,1-4-3,65,0.00628992,leviticus,sof_only,all
3,44,1-1-3,60,0.00580608,leviticus,sof_only,all
3,45,3-1-1,59,0.00570931,leviticus,sof_only,all
3,46,3-1-4,57,0.00551577,leviticus,sof_only,all
3,47,4-2-1,57,0.00551577,leviticus,sof_only,all
3,48,4-3-1,53,0.0051287,leviticus,sof_only,all
3,49,4-2-4,53,0.0051287,leviticus,sof_only,all
3,50,2-5-2,52,0.00503193,leviticus,sof_only,all
4,1,2-2-2-2,220,0.02129101,leviticus,sof_only,all
4,2,2-2-3-2,193,0.01867802,leviticus,sof_only,all
4,3,2-3-3-3,188,0.01819414,leviticus,sof_only,all
4,4,3-3-3-2,184,0.01780703,leviticus,sof_only,all
4,5,2-3-2-2,183,0.01771025,leviticus,sof_only,all
4,6,3-3-2-2,167,0.01616181,leviticus,sof_only,all
4,7,3-2-2-3,167,0.01616181,leviticus,sof_only,all
4,8,3-3-3-3,162,0.01567793,leviticus,sof_only,all
4,9,2-2-2-3,159,0.01538759,leviticus,sof_only,all
4,10,3-2-3-3,154,0.01490371,leviticus,sof_only,all
4,11,3-2-2-2,152,0.01471015,leviticus,sof_only,all
4,12,2-2-3-3,149,0.01441982,leviticus,sof_only,all
4,13,3-3-2-3,144,0.01393593,leviticus,sof_only,all
4,14,2-3-3-2,139,0.01345205,leviticus,sof_only,all
4,15,3-2-3-2,137,0.01325849,leviticus,sof_only,all
4,16,2-3-2-3,131,0.01267783,leviticus,sof_only,all
4,17,2-2-2-1,85,0.00822607,leviticus,sof_only,all
4,18,2-1-2-2,84,0.00812929,leviticus,sof_only,all
4,19,1-2-2-2,84,0.00812929,leviticus,sof_only,all
4,20,2-2-1-2,83,0.00803252,leviticus,sof_only,all
4,21,3-2-2-1,73,0.00706474,leviticus,sof_only,all
4,22,4-2-2-2,72,0.00696797,leviticus,sof_only,all
4,23,1-3-2-3,71,0.00687119,leviticus,sof_only,all
4,24,3-1-2-2,70,0.00677441,leviticus,sof_only,all
4,25,2-2-1-3,69,0.00667763,leviticus,sof_only,all
4,26,3-2-1-2,67,0.00648408,leviticus,sof_only,all
4,27,2-2-3-1,66,0.0063873,leviticus,sof_only,all
4,28,3-1-3-2,65,0.00629053,leviticus,sof_only,all
4,29,1-2-2-3,65,0.00629053,leviticus,sof_only,all
4,30,2-2-4-2,65,0.00629053,leviticus,sof_only,all
4,31,2-4-2-2,65,0.00629053,leviticus,sof_only,all
4,32,4-2-2-3,64,0.00619375,leviticus,sof_only,all
4,33,3-3-2-1,63,0.00609697,leviticus,sof_only,all
4,34,3-4-2-2,63,0.00609697,leviticus,sof_only,all
4,35,2-3-1-2,63,0.00609697,leviticus,sof_only,all
4,36,2-1-2-3,63,0.00609697,leviticus,sof_only,all
4,37,2-3-2-1,62,0.00600019,leviticus,sof_only,all
4,38,3-2-4-2,60,0.00580664,leviticus,sof_only,all
4,39,3-3-3-1,59,0.00570986,leviticus,sof_only,all
4,40,1-3-2-2,59,0.00570986,leviticus,sof_only,all
4,41,3-2-3-4,59,0.00570986,leviticus,sof_only,all
4,42,2-1-3-2,59,0.00570986,leviticus,sof_only,all
4,43,2-4-2-3,59,0.00570986,leviticus,sof_only,all
4,44,2-3-1-3,58,0.00561308,leviticus,sof_only,all
4,45,2-2-3-4,58,0.00561308,leviticus,sof_only,all
4,46,2-2-2-4,56,0.00541953,leviticus,sof_only,all
4,47,3-3-2-4,56,0.00541953,leviticus,sof_only,all
4,48,1-3-3-2,55,0.00532275,leviticus,sof_only,all
4,49,2-1-3-3,53,0.0051292,leviticus,sof_only,all
4,50,2-3-4-2,52,0.00503242,leviticus,sof_only,all
5,1,2-2-2-2-2,97,0.00938831,leviticus,sof_only,all
5,2,2-2-3-2-2,84,0.00813008,leviticus,sof_only,all
5,3,3-2-2-3-2,76,0.00735579,leviticus,sof_only,all
5,4,3-3-3-2-2,75,0.007259,leviticus,sof_only,all
5,5,2-3-3-3-2,74,0.00716221,leviticus,sof_only,all
5,6,2-2-2-2-3,72,0.00696864,leviticus,sof_only,all
5,7,2-2-3-3-3,71,0.00687185,leviticus,sof_only,all
5,8,2-3-2-2-3,67,0.00648471,leviticus,sof_only,all
5,9,3-3-3-3-3,67,0.00648471,leviticus,sof_only,all
5,10,3-3-3-3-2,66,0.00638792,leviticus,sof_only,all
5,11,2-3-3-3-3,64,0.00619435,leviticus,sof_only,all
5,12,3-2-3-3-3,63,0.00609756,leviticus,sof_only,all
5,13,2-3-2-2-2,61,0.00590399,leviticus,sof_only,all
5,14,3-3-2-2-3,61,0.00590399,leviticus,sof_only,all
5,15,2-2-2-3-2,59,0.00571041,leviticus,sof_only,all
5,16,3-2-2-2-2,59,0.00571041,leviticus,sof_only,all
5,17,2-3-3-2-3,59,0.00571041,leviticus,sof_only,all
5,18,3-3-2-2-2,58,0.00561363,leviticus,sof_only,all
5,19,2-3-2-3-3,57,0.00551684,leviticus,sof_only,all
5,20,3-2-3-3-2,54,0.00522648,leviticus,sof_only,all
5,21,2-2-3-2-3,53,0.00512969,leviticus,sof_only,all
5,22,2-2-3-3-2,53,0.00512969,leviticus,sof_only,all
5,23,3-3-2-3-2,52,0.00503291,leviticus,sof_only,all
5,24,3-2-3-2-2,51,0.00493612,leviticus,sof_only,all
5,25,3-2-2-3-3,50,0.00483933,leviticus,sof_only,all
5,26,3-3-3-2-3,50,0.00483933,leviticus,sof_only,all
5,27,3-3-2-3-3,49,0.00474255,leviticus,sof_only,all
5,28,2-2-2-3-3,48,0.00464576,leviticus,sof_only,all
5,29,2-3-3-2-2,45,0.0043554,leviticus,sof_only,all
5,30,3-2-3-2-3,44,0.00425861,leviticus,sof_only,all
5,31,3-2-2-2-3,42,0.00406504,leviticus,sof_only,all
5,32,2-1-2-2-2,40,0.00387147,leviticus,sof_only,all
5,33,2-3-2-3-2,40,0.00387147,leviticus,sof_only,all
5,34,2-2-2-3-1,32,0.00309717,leviticus,sof_only,all
5,35,4-2-2-2-2,31,0.00300039,leviticus,sof_only,all
5,36,3-2-1-2-2,30,0.0029036,leviticus,sof_only,all
5,37,3-1-3-2-3,30,0.0029036,leviticus,sof_only,all
5,38,2-2-1-2-2,30,0.0029036,leviticus,sof_only,all
5,39,2-3-3-3-1,30,0.0029036,leviticus,sof_only,all
5,40,2-2-2-1-3,29,0.00280681,leviticus,sof_only,all
5,41,1-2-2-2-2,29,0.00280681,leviticus,sof_only,all
5,42,1-3-2-3-2,28,0.00271003,leviticus,sof_only,all
5,43,2-2-3-2-1,28,0.00271003,leviticus,sof_only,all
5,44,3-3-3-2-4,27,0.00261324,leviticus,sof_only,all
5,45,2-2-2-1-2,27,0.00261324,leviticus,sof_only,all
5,46,1-2-3-3-3,27,0.00261324,leviticus,sof_only,all
5,47,2-3-2-2-1,27,0.00261324,leviticus,sof_only,all
5,48,2-2-1-3-3,27,0.00261324,leviticus,sof_only,all
5,49,4-2-2-3-2,27,0.00261324,leviticus,sof_only,all
5,50,3-3-1-2-2,27,0.00261324,leviticus,sof_only,all
6,1,2-2-2-2-2-2,41,0.00396864,leviticus,sof_only,all
6,2,3-3-3-3-2-2,34,0.00329107,leviticus,sof_only,all
6,3,2-2-3-2-2-2,34,0.00329107,leviticus,sof_only,all
6,4,3-3-2-2-3-2,33,0.00319427,leviticus,sof_only,all
6,5,3-2-2-3-2-2,31,0.00300068,leviticus,sof_only,all
6,6,2-2-2-2-2-3,30,0.00290388,leviticus,sof_only,all
6,7,2-2-3-3-3-2,29,0.00280709,leviticus,sof_only,all
6,8,3-3-3-3-3-2,29,0.00280709,leviticus,sof_only,all
6,9,3-2-3-3-2-3,29,0.00280709,leviticus,sof_only,all
6,10,2-3-2-2-3-2,28,0.00271029,leviticus,sof_only,all
6,11,2-3-3-3-3-2,28,0.00271029,leviticus,sof_only,all
6,12,3-3-3-2-2-2,28,0.00271029,leviticus,sof_only,all
6,13,2-2-2-2-3-2,27,0.00261349,leviticus,sof_only,all
6,14,3-2-3-3-3-3,27,0.00261349,leviticus,sof_only,all
6,15,2-3-3-3-3-3,27,0.00261349,leviticus,sof_only,all
6,16,2-2-3-2-2-3,27,0.00261349,leviticus,sof_only,all
6,17,2-2-2-3-2-2,26,0.0025167,leviticus,sof_only,all
6,18,2-3-3-3-2-3,25,0.0024199,leviticus,sof_only,all
6,19,3-2-2-2-2-2,25,0.0024199,leviticus,sof_only,all
6,20,2-3-3-3-2-2,25,0.0024199,leviticus,sof_only,all
6,21,3-3-3-2-2-3,25,0.0024199,leviticus,sof_only,all
6,22,2-2-3-2-3-3,24,0.00232311,leviticus,sof_only,all
6,23,3-2-2-3-3-3,24,0.00232311,leviticus,sof_only,all
6,24,3-3-2-3-3-3,24,0.00232311,leviticus,sof_only,all
6,25,3-3-3-3-3-3,24,0.00232311,leviticus,sof_only,all
6,26,2-3-2-2-2-2,23,0.00222631,leviticus,sof_only,all
6,27,2-2-2-3-3-3,23,0.00222631,leviticus,sof_only,all
6,28,3-3-2-2-2-2,22,0.00212951,leviticus,sof_only,all
6,29,2-2-3-3-3-3,22,0.00212951,leviticus,sof_only,all
6,30,2-2-2-2-3-3,22,0.00212951,leviticus,sof_only,all
6,31,3-2-2-3-2-3,22,0.00212951,leviticus,sof_only,all
6,32,2-2-3-3-2-2,21,0.00203272,leviticus,sof_only,all
6,33,2-3-2-3-3-3,21,0.00203272,leviticus,sof_only,all
6,34,3-2-3-2-2-3,21,0.00203272,leviticus,sof_only,all
6,35,2-3-2-3-3-2,20,0.00193592,leviticus,sof_only,all
6,36,2-3-3-2-3-3,20,0.00193592,leviticus,sof_only,all
6,37,3-2-3-2-3-3,20,0.00193592,leviticus,sof_only,all
6,38,2-2-2-3-2-3,19,0.00183912,leviticus,sof_only,all
6,39,2-3-3-2-2-2,19,0.00183912,leviticus,sof_only,all
6,40,3-2-2-2-2-3,19,0.00183912,leviticus,sof_only,all
6,41,2-3-2-2-3-3,19,0.00183912,leviticus,sof_only,all
6,42,3-3-3-2-3-3,19,0.00183912,leviticus,sof_only,all
6,43,3-3-2-3-2-2,19,0.00183912,leviticus,sof_only,all
6,44,2-3-3-2-3-2,19,0.00183912,leviticus,sof_only,all
6,45,3-2-3-3-3-2,18,0.00174233,leviticus,sof_only,all
6,46,3-2-2-3-3-2,18,0.00174233,leviticus,sof_only,all
6,47,3-3-2-3-2-3,17,0.00164553,leviticus,sof_only,all
6,48,2-3-2-2-2-3,17,0.00164553,leviticus,sof_only,all
6,49,2-2-3-3-2-3,17,0.00164553,leviticus,sof_only,all
6,50,3-2-1-2-2-2,16,0.00154874,leviticus,sof_only,all
2,1,2-2,1317,0.15197323,leviticus,major,within
2,2,3-2,1114,0.12854835,leviticus,major,within
2,3,2-3,1095,0.12635587,leviticus,major,within
2,4,3-3,970,0.11193169,leviticus,major,within
2,5,2-1,507,0.0585045,leviticus,major,within
2,6,1-2,476,0.0549273,leviticus,major,within
2,7,4-2,401,0.04627279,leviticus,major,within
2,8,1-3,390,0.04500346,leviticus,major,within
2,9,3-1,390,0.04500346,leviticus,major,within
2,10,2-4,371,0.04281099,leviticus,major,within
2,11,3-4,275,0.03173321,leviticus,major,within
2,12,4-3,262,0.03023309,leviticus,major,within
2,13,1-4,148,0.01707824,leviticus,major,within
2,14,4-1,146,0.01684745,leviticus,major,within
2,15,1-1,129,0.01488576,leviticus,major,within
2,16,4-4,91,0.01050081,leviticus,major,within
2,17,2-5,91,0.01050081,leviticus,major,within
2,18,5-2,79,0.00911609,leviticus,major,within
2,19,5-3,71,0.00819294,leviticus,major,within
2,20,3-5,50,0.00576967,leviticus,major,within
2,21,1-5,49,0.00565428,leviticus,major,within
2,22,5-4,33,0.00380799,leviticus,major,within
2,23,5-1,33,0.00380799,leviticus,major,within
2,24,4-5,26,0.00300023,leviticus,major,within
2,25,2-6,23,0.00265405,leviticus,major,within
2,26,6-2,21,0.00242326,leviticus,major,within
2,27,1-6,20,0.00230787,leviticus,major,within
2,28,6-3,20,0.00230787,leviticus,major,within
2,29,5-5,14,0.00161551,leviticus,major,within
2,30,3-6,13,0.00150012,leviticus,major,within
2,31,6-4,9,0.00103854,leviticus,major,within
2,32,6-1,7,0.00080775,leviticus,major,within
2,33,2-7,6,0.00069236,leviticus,major,within
2,34,7-3,4,0.00046157,leviticus,major,within
2,35,7-2,3,0.00034618,leviticus,major,within
2,36,4-6,2,0.00023079,leviticus,major,within
2,37,6-5,2,0.00023079,leviticus,major,within
2,38,7-1,2,0.00023079,leviticus,major,within
2,39,1-7,2,0.00023079,leviticus,major,within
2,40,3-7,1,0.00011539,leviticus,major,within
2,41,5-6,1,0.00011539,leviticus,major,within
2,42,5-7,1,0.00011539,leviticus,major,within
2,43,7-4,1,0.00011539,leviticus,major,within
3,1,2-2-2,503,0.05804962,leviticus,major,within
3,2,2-3-2,434,0.05008656,leviticus,major,within
3,3,3-2-2,425,0.04904789,leviticus,major,within
3,4,2-2-3,422,0.04870167,leviticus,major,within
3,5,3-3-2,398,0.04593191,leviticus,major,within
3,6,2-3-3,385,0.04443162,leviticus,major,within
3,7,3-2-3,379,0.04373918,leviticus,major,within
3,8,3-3-3,345,0.03981535,leviticus,major,within
3,9,2-1-2,206,0.0237738,leviticus,major,within
3,10,2-2-1,194,0.02238892,leviticus,major,within
3,11,4-2-2,176,0.0203116,leviticus,major,within
3,12,1-2-2,175,0.02019619,leviticus,major,within
3,13,2-4-2,166,0.01915753,leviticus,major,within
3,14,1-3-2,162,0.0186959,leviticus,major,within
3,15,3-2-1,157,0.01811887,leviticus,major,within
3,16,2-1-3,153,0.01765724,leviticus,major,within
3,17,2-2-4,150,0.01731102,leviticus,major,within
3,18,1-2-3,144,0.01661858,leviticus,major,within
3,19,3-1-2,143,0.01650317,leviticus,major,within
3,20,2-3-1,142,0.01638777,leviticus,major,within
3,21,3-1-3,135,0.01557992,leviticus,major,within
3,22,3-3-1,133,0.01534911,leviticus,major,within
3,23,1-3-3,119,0.01373341,leviticus,major,within
3,24,4-2-3,117,0.0135026,leviticus,major,within
3,25,3-4-2,116,0.01338719,leviticus,major,within
3,26,2-3-4,111,0.01281016,leviticus,major,within
3,27,3-2-4,110,0.01269475,leviticus,major,within
3,28,2-4-3,101,0.01165609,leviticus,major,within
3,29,4-3-3,95,0.01096365,leviticus,major,within
3,30,1-2-1,90,0.01038661,leviticus,major,within
3,31,4-3-2,88,0.0101558,leviticus,major,within
3,32,3-3-4,79,0.00911714,leviticus,major,within
3,33,3-4-3,75,0.00865551,leviticus,major,within
3,34,2-1-4,68,0.00784766,leviticus,major,within
3,35,1-3-1,65,0.00750144,leviticus,major,within
3,36,4-1-2,65,0.00750144,leviticus,major,within
3,37,1-4-2,63,0.00727063,leviticus,major,within
3,38,2-1-1,55,0.00634737,leviticus,major,within
3,39,1-2-4,55,0.00634737,leviticus,major,within
3,40,2-4-1,54,0.00623197,leviticus,major,within
3,41,4-2-1,50,0.00577034,leviticus,major,within
3,42,3-4-1,49,0.00565493,leviticus,major,within
3,43,1-1-3,49,0.00565493,leviticus,major,within
3,44,3-1-1,47,0.00542412,leviticus,major,within
3,45,1-1-2,45,0.00519331,leviticus,major,within
3,46,1-4-3,45,0.00519331,leviticus,major,within
3,47,4-2-4,43,0.00496249,leviticus,major,within
3,48,3-1-4,42,0.00484709,leviticus,major,within
3,49,4-1-3,39,0.00450087,leviticus,major,within
3,50,2-2-5,39,0.00450087,leviticus,major,within
4,1,2-2-2-2,197,0.02273777,leviticus,major,within
4,2,2-2-3-2,188,0.02169898,leviticus,major,within
4,3,2-3-2-2,186,0.02146814,leviticus,major,within
4,4,2-2-2-3,166,0.01915974,leviticus,major,within
4,5,3-2-2-2,161,0.01858264,leviticus,major,within
4,6,2-3-3-2,154,0.0177747,leviticus,major,within
4,7,3-2-3-3,153,0.01765928,leviticus,major,within
4,8,3-3-3-2,147,0.01696676,leviticus,major,within
4,9,3-3-2-2,147,0.01696676,leviticus,major,within
4,10,2-3-3-3,142,0.01638966,leviticus,major,within
4,11,2-3-2-3,141,0.01627424,leviticus,major,within
4,12,3-2-2-3,137,0.01581256,leviticus,major,within
4,13,3-2-3-2,134,0.0154663,leviticus,major,within
4,14,3-3-2-3,130,0.01500462,leviticus,major,within
4,15,3-3-3-3,127,0.01465836,leviticus,major,within
4,16,2-2-3-3,126,0.01454294,leviticus,major,within
4,17,2-2-1-2,78,0.00900277,leviticus,major,within
4,18,2-1-2-2,76,0.00877193,leviticus,major,within
4,19,2-4-2-2,72,0.00831025,leviticus,major,within
4,20,1-2-2-2,71,0.00819483,leviticus,major,within
4,21,2-2-4-2,71,0.00819483,leviticus,major,within
4,22,2-2-2-1,70,0.00807941,leviticus,major,within
4,23,4-2-2-2,65,0.00750231,leviticus,major,within
4,24,2-2-3-1,65,0.00750231,leviticus,major,within
4,25,3-3-2-1,63,0.00727147,leviticus,major,within
4,26,3-2-2-1,63,0.00727147,leviticus,major,within
4,27,3-1-3-2,61,0.00704063,leviticus,major,within
4,28,1-3-2-3,61,0.00704063,leviticus,major,within
4,29,3-4-2-2,60,0.00692521,leviticus,major,within
4,30,2-1-3-2,60,0.00692521,leviticus,major,within
4,31,2-1-2-3,60,0.00692521,leviticus,major,within
4,32,3-2-1-2,58,0.00669437,leviticus,major,within
4,33,4-2-2-3,58,0.00669437,leviticus,major,within
4,34,2-2-1-3,57,0.00657895,leviticus,major,within
4,35,2-3-3-1,57,0.00657895,leviticus,major,within
4,36,1-2-3-2,54,0.00623269,leviticus,major,within
4,37,3-1-2-2,54,0.00623269,leviticus,major,within
4,38,2-2-2-4,53,0.00611727,leviticus,major,within
4,39,3-2-4-2,53,0.00611727,leviticus,major,within
4,40,3-2-1-3,52,0.00600185,leviticus,major,within
4,41,2-3-1-2,52,0.00600185,leviticus,major,within
4,42,2-3-1-3,52,0.00600185,leviticus,major,within
4,43,2-3-2-1,51,0.00588643,leviticus,major,within
4,44,1-3-2-2,51,0.00588643,leviticus,major,within
4,45,1-3-3-2,51,0.00588643,leviticus,major,within
4,46,2-4-2-3,51,0.00588643,leviticus,major,within
4,47,3-3-1-2,50,0.00577101,leviticus,major,within
4,48,1-2-2-3,48,0.00554017,leviticus,major,within
4,49,2-1-3-3,48,0.00554017,leviticus,major,within
4,50,3-3-2-4,48,0.00554017,leviticus,major,within
5,1,2-2-3-2-2,88,0.01015814,leviticus,major,within
5,2,2-2-2-2-2,86,0.00992728,leviticus,major,within
5,3,2-3-2-2-2,72,0.00831121,leviticus,major,within
5,4,2-2-2-3-2,67,0.00773404,leviticus,major,within
5,5,3-2-2-3-2,67,0.00773404,leviticus,major,within
5,6,3-2-2-2-2,63,0.00727231,leviticus,major,within
5,7,3-3-3-2-2,61,0.00704144,leviticus,major,within
5,8,2-3-2-3-3,60,0.00692601,leviticus,major,within
5,9,2-2-2-2-3,60,0.00692601,leviticus,major,within
5,10,2-3-3-3-2,59,0.00681057,leviticus,major,within
5,11,3-3-3-3-2,58,0.00669514,leviticus,major,within
5,12,3-3-2-2-2,58,0.00669514,leviticus,major,within
5,13,2-3-2-2-3,57,0.00657971,leviticus,major,within
5,14,3-2-3-3-3,57,0.00657971,leviticus,major,within
5,15,2-3-3-2-3,57,0.00657971,leviticus,major,within
5,16,3-3-2-3-2,56,0.00646427,leviticus,major,within
5,17,3-2-3-3-2,55,0.00634884,leviticus,major,within
5,18,2-2-3-2-3,54,0.00623341,leviticus,major,within
5,19,2-3-3-3-3,51,0.00588711,leviticus,major,within
5,20,2-2-3-3-2,51,0.00588711,leviticus,major,within
5,21,2-2-2-3-3,51,0.00588711,leviticus,major,within
5,22,3-2-2-2-3,50,0.00577167,leviticus,major,within
5,23,2-3-3-2-2,50,0.00577167,leviticus,major,within
5,24,3-2-3-2-2,50,0.00577167,leviticus,major,within
5,25,3-2-3-2-3,49,0.00565624,leviticus,major,within
5,26,3-3-2-2-3,48,0.00554081,leviticus,major,within
5,27,3-3-2-3-3,46,0.00530994,leviticus,major,within
5,28,3-3-3-3-3,46,0.00530994,leviticus,major,within
5,29,3-3-3-2-3,46,0.00530994,leviticus,major,within
5,30,2-3-2-3-2,45,0.00519451,leviticus,major,within
5,31,2-2-3-3-3,44,0.00507907,leviticus,major,within
5,32,3-2-2-3-3,38,0.00438647,leviticus,major,within
5,33,2-1-2-2-2,36,0.0041556,leviticus,major,within
5,34,2-2-4-2-2,32,0.00369387,leviticus,major,within
5,35,2-2-2-3-1,31,0.00357844,leviticus,major,within
5,36,3-3-2-1-3,30,0.003463,leviticus,major,within
5,37,3-2-2-1-2,29,0.00334757,leviticus,major,within
5,38,3-2-1-2-2,28,0.00323214,leviticus,major,within
5,39,3-2-3-3-1,28,0.00323214,leviticus,major,within
5,40,4-2-2-2-3,27,0.0031167,leviticus,major,within
5,41,3-3-1-2-2,27,0.0031167,leviticus,major,within
5,42,2-3-2-2-1,27,0.0031167,leviticus,major,within
5,43,1-3-2-3-3,27,0.0031167,leviticus,major,within
5,44,1-2-2-2-2,27,0.0031167,leviticus,major,within
5,45,2-2-2-2-1,27,0.0031167,leviticus,major,within
5,46,2-4-2-2-2,26,0.00300127,leviticus,major,within
5,47,2-2-1-2-3,26,0.00300127,leviticus,major,within
5,48,2-2-2-1-2,26,0.00300127,leviticus,major,within
5,49,2-2-3-1-3,26,0.00300127,leviticus,major,within
5,50,1-2-2-3-2,25,0.00288584,leviticus,major,within
6,1,2-2-2-2-2-2,46,0.00531055,leviticus,major,within
6,2,2-2-3-2-2-2,37,0.00427153,leviticus,major,within
6,3,3-2-2-3-2-2,37,0.00427153,leviticus,major,within
6,4,2-3-2-2-3-2,33,0.00380974,leviticus,major,within
6,5,2-3-2-2-2-2,30,0.0034634,leviticus,major,within
6,6,2-2-2-3-2-2,30,0.0034634,leviticus,major,within
6,7,2-2-3-2-2-3,29,0.00334796,leviticus,major,within
6,8,2-2-2-3-3-2,28,0.00323251,leviticus,major,within
6,9,2-2-2-2-3-2,27,0.00311706,leviticus,major,within
6,10,3-2-3-3-3-3,27,0.00311706,leviticus,major,within
6,11,2-3-3-2-3-2,27,0.00311706,leviticus,major,within
6,12,3-3-2-3-2-2,27,0.00311706,leviticus,major,within
6,13,2-2-3-2-3-3,25,0.00288617,leviticus,major,within
6,14,2-3-3-3-3-2,25,0.00288617,leviticus,major,within
6,15,3-3-3-3-2-2,25,0.00288617,leviticus,major,within
6,16,3-3-3-2-2-2,25,0.00288617,leviticus,major,within
6,17,2-2-3-3-3-2,25,0.00288617,leviticus,major,within
6,18,2-2-2-2-2-3,25,0.00288617,leviticus,major,within
6,19,3-2-2-2-3-2,25,0.00288617,leviticus,major,within
6,20,2-3-2-3-3-2,24,0.00277072,leviticus,major,within
6,21,3-3-2-3-3-3,24,0.00277072,leviticus,major,within
6,22,3-2-3-2-3-3,24,0.00277072,leviticus,major,within
6,23,3-2-3-3-2-3,23,0.00265528,leviticus,major,within
6,24,3-2-3-2-2-2,23,0.00265528,leviticus,major,within
6,25,2-3-3-2-2-3,22,0.00253983,leviticus,major,within
6,26,2-2-2-3-2-3,21,0.00242438,leviticus,major,within
6,27,3-3-2-2-3-2,21,0.00242438,leviticus,major,within
6,28,2-3-3-3-2-2,21,0.00242438,leviticus,major,within
6,29,2-3-3-3-2-3,21,0.00242438,leviticus,major,within
6,30,3-3-3-2-3-3,21,0.00242438,leviticus,major,within
6,31,3-2-3-3-3-2,21,0.00242438,leviticus,major,within
6,32,3-2-2-2-2-2,21,0.00242438,leviticus,major,within
6,33,2-3-2-2-2-3,21,0.00242438,leviticus,major,within
6,34,3-2-2-2-2-3,20,0.00230894,leviticus,major,within
6,35,3-3-3-3-3-2,20,0.00230894,leviticus,major,within
6,36,2-3-3-2-2-2,20,0.00230894,leviticus,major,within
6,37,3-3-2-2-2-3,20,0.00230894,leviticus,major,within
6,38,2-2-3-3-2-2,19,0.00219349,leviticus,major,within
6,39,3-3-2-2-2-2,19,0.00219349,leviticus,major,within
6,40,3-3-3-3-3-3,19,0.00219349,leviticus,major,within
6,41,3-3-3-2-2-3,18,0.00207804,leviticus,major,within
6,42,2-3-3-3-3-3,18,0.00207804,leviticus,major,within
6,43,2-2-3-3-2-3,18,0.00207804,leviticus,major,within
6,44,3-3-3-3-2-3,18,0.00207804,leviticus,major,within
6,45,3-2-2-3-2-3,17,0.0019626,leviticus,major,within
6,46,2-3-3-2-3-3,17,0.0019626,leviticus,major,within
6,47,3-3-2-3-2-3,17,0.0019626,leviticus,major,within
6,48,3-2-3-2-3-2,17,0.0019626,leviticus,major,within
6,49,2-2-2-2-3-3,17,0.0019626,leviticus,major,within
6,50,2-3-2-3-3-3,16,0.00184715,leviticus,major,within
2,1,3-3,163,0.09772182,leviticus,major,cross_reset
2,2,2-3,154,0.09232614,leviticus,major,cross_reset
2,3,3-2,149,0.08932854,leviticus,major,cross_reset
2,4,2-2,125,0.07494005,leviticus,major,cross_reset
2,5,3-4,100,0.05995204,leviticus,major,cross_reset
2,6,4-2,89,0.05335731,leviticus,major,cross_reset
2,7,1-3,85,0.05095923,leviticus,major,cross_reset
2,8,3-1,83,0.04976019,leviticus,major,cross_reset
2,9,1-2,80,0.04796163,leviticus,major,cross_reset
2,10,2-1,80,0.04796163,leviticus,major,cross_reset
2,11,2-4,79,0.04736211,leviticus,major,cross_reset
2,12,4-3,77,0.04616307,leviticus,major,cross_reset
2,13,4-4,47,0.02817746,leviticus,major,cross_reset
2,14,1-1,46,0.02757794,leviticus,major,cross_reset
2,15,4-1,45,0.02697842,leviticus,major,cross_reset
2,16,1-4,42,0.02517986,leviticus,major,cross_reset
2,17,5-3,33,0.01978417,leviticus,major,cross_reset
2,18,5-2,25,0.01498801,leviticus,major,cross_reset
2,19,2-5,25,0.01498801,leviticus,major,cross_reset
2,20,3-5,22,0.01318945,leviticus,major,cross_reset
2,21,4-5,20,0.01199041,leviticus,major,cross_reset
2,22,1-5,16,0.00959233,leviticus,major,cross_reset
2,23,5-1,14,0.00839329,leviticus,major,cross_reset
2,24,6-3,10,0.0059952,leviticus,major,cross_reset
2,25,5-4,10,0.0059952,leviticus,major,cross_reset
2,26,2-6,7,0.00419664,leviticus,major,cross_reset
2,27,5-5,7,0.00419664,leviticus,major,cross_reset
2,28,3-6,6,0.00359712,leviticus,major,cross_reset
2,29,6-4,4,0.00239808,leviticus,major,cross_reset
2,30,4-6,4,0.00239808,leviticus,major,cross_reset
2,31,6-2,4,0.00239808,leviticus,major,cross_reset
2,32,5-6,2,0.00119904,leviticus,major,cross_reset
2,33,2-7,2,0.00119904,leviticus,major,cross_reset
2,34,7-1,2,0.00119904,leviticus,major,cross_reset
2,35,3-7,2,0.00119904,leviticus,major,cross_reset
2,36,1-6,2,0.00119904,leviticus,major,cross_reset
2,37,6-1,2,0.00119904,leviticus,major,cross_reset
2,38,7-3,2,0.00119904,leviticus,major,cross_reset
2,39,6-5,1,0.00059952,leviticus,major,cross_reset
2,40,1-7,1,0.00059952,leviticus,major,cross_reset
2,41,7-2,1,0.00059952,leviticus,major,cross_reset
3,1,3-3-3,56,0.03359328,leviticus,major,cross_reset
3,2,3-2-3,52,0.03119376,leviticus,major,cross_reset
3,3,3-3-2,48,0.02879424,leviticus,major,cross_reset
3,4,2-3-2,48,0.02879424,leviticus,major,cross_reset
3,5,3-2-2,42,0.02519496,leviticus,major,cross_reset
3,6,2-3-3,41,0.02459508,leviticus,major,cross_reset
3,7,2-2-3,40,0.0239952,leviticus,major,cross_reset
3,8,3-1-3,35,0.0209958,leviticus,major,cross_reset
3,9,3-4-2,34,0.02039592,leviticus,major,cross_reset
3,10,2-2-2,34,0.02039592,leviticus,major,cross_reset
3,11,2-3-4,32,0.01919616,leviticus,major,cross_reset
3,12,4-2-3,32,0.01919616,leviticus,major,cross_reset
3,13,3-3-4,31,0.01859628,leviticus,major,cross_reset
3,14,3-4-3,29,0.01739652,leviticus,major,cross_reset
3,15,2-1-2,29,0.01739652,leviticus,major,cross_reset
3,16,4-3-3,27,0.01619676,leviticus,major,cross_reset
3,17,2-3-1,26,0.01559688,leviticus,major,cross_reset
3,18,3-2-4,26,0.01559688,leviticus,major,cross_reset
3,19,2-2-1,25,0.014997,leviticus,major,cross_reset
3,20,2-1-3,24,0.01439712,leviticus,major,cross_reset
3,21,1-2-2,24,0.01439712,leviticus,major,cross_reset
3,22,2-4-2,23,0.01379724,leviticus,major,cross_reset
3,23,1-3-1,22,0.01319736,leviticus,major,cross_reset
3,24,2-2-4,21,0.01259748,leviticus,major,cross_reset
3,25,1-3-2,21,0.01259748,leviticus,major,cross_reset
3,26,3-3-1,20,0.0119976,leviticus,major,cross_reset
3,27,3-1-2,20,0.0119976,leviticus,major,cross_reset
3,28,4-2-2,19,0.01139772,leviticus,major,cross_reset
3,29,1-3-3,19,0.01139772,leviticus,major,cross_reset
3,30,3-2-1,19,0.01139772,leviticus,major,cross_reset
3,31,2-4-3,18,0.01079784,leviticus,major,cross_reset
3,32,3-4-1,18,0.01079784,leviticus,major,cross_reset
3,33,1-3-4,18,0.01079784,leviticus,major,cross_reset
3,34,4-3-2,18,0.01079784,leviticus,major,cross_reset
3,35,1-2-3,18,0.01079784,leviticus,major,cross_reset
3,36,4-4-3,17,0.01019796,leviticus,major,cross_reset
3,37,1-2-1,16,0.00959808,leviticus,major,cross_reset
3,38,2-1-1,16,0.00959808,leviticus,major,cross_reset
3,39,2-4-1,16,0.00959808,leviticus,major,cross_reset
3,40,3-1-4,16,0.00959808,leviticus,major,cross_reset
3,41,4-1-3,15,0.0089982,leviticus,major,cross_reset
3,42,1-4-2,15,0.0089982,leviticus,major,cross_reset
3,43,1-2-4,15,0.0089982,leviticus,major,cross_reset
3,44,4-2-1,15,0.0089982,leviticus,major,cross_reset
3,45,4-3-4,14,0.00839832,leviticus,major,cross_reset
3,46,2-4-4,14,0.00839832,leviticus,major,cross_reset
3,47,4-2-4,14,0.00839832,leviticus,major,cross_reset
3,48,1-1-2,13,0.00779844,leviticus,major,cross_reset
3,49,3-4-4,12,0.00719856,leviticus,major,cross_reset
3,50,5-2-3,12,0.00719856,leviticus,major,cross_reset
4,1,3-3-3-3,19,0.01140456,leviticus,major,cross_reset
4,2,3-3-2-3,19,0.01140456,leviticus,major,cross_reset
4,3,2-3-2-3,18,0.01080432,leviticus,major,cross_reset
4,4,3-2-3-3,17,0.01020408,leviticus,major,cross_reset
4,5,3-3-3-2,16,0.00960384,leviticus,major,cross_reset
4,6,3-2-3-2,16,0.00960384,leviticus,major,cross_reset
4,7,3-2-2-3,16,0.00960384,leviticus,major,cross_reset
4,8,2-2-3-2,16,0.00960384,leviticus,major,cross_reset
4,9,2-3-3-3,15,0.0090036,leviticus,major,cross_reset
4,10,2-3-2-2,15,0.0090036,leviticus,major,cross_reset
4,11,2-3-4-3,13,0.00780312,leviticus,major,cross_reset
4,12,3-4-3-3,13,0.00780312,leviticus,major,cross_reset
4,13,3-3-4-2,12,0.00720288,leviticus,major,cross_reset
4,14,2-2-1-3,12,0.00720288,leviticus,major,cross_reset
4,15,3-4-2-3,12,0.00720288,leviticus,major,cross_reset
4,16,2-3-3-2,12,0.00720288,leviticus,major,cross_reset
4,17,3-3-1-3,12,0.00720288,leviticus,major,cross_reset
4,18,3-1-3-2,12,0.00720288,leviticus,major,cross_reset
4,19,3-3-2-2,11,0.00660264,leviticus,major,cross_reset
4,20,3-3-2-4,11,0.00660264,leviticus,major,cross_reset
4,21,3-1-3-1,11,0.00660264,leviticus,major,cross_reset
4,22,2-2-2-1,11,0.00660264,leviticus,major,cross_reset
4,23,3-2-2-2,11,0.00660264,leviticus,major,cross_reset
4,24,3-2-3-4,10,0.0060024,leviticus,major,cross_reset
4,25,2-3-1-3,10,0.0060024,leviticus,major,cross_reset
4,26,2-3-4-2,10,0.0060024,leviticus,major,cross_reset
4,27,4-2-3-2,10,0.0060024,leviticus,major,cross_reset
4,28,3-3-3-4,10,0.0060024,leviticus,major,cross_reset
4,29,3-4-3-2,10,0.0060024,leviticus,major,cross_reset
4,30,3-3-3-1,10,0.0060024,leviticus,major,cross_reset
4,31,2-3-1-2,10,0.0060024,leviticus,major,cross_reset
4,32,3-2-4-2,10,0.0060024,leviticus,major,cross_reset
4,33,2-2-2-2,10,0.0060024,leviticus,major,cross_reset
4,34,4-3-3-3,9,0.00540216,leviticus,major,cross_reset
4,35,3-2-4-3,9,0.00540216,leviticus,major,cross_reset
4,36,1-2-2-3,9,0.00540216,leviticus,major,cross_reset
4,37,2-2-3-3,9,0.00540216,leviticus,major,cross_reset
4,38,4-2-3-4,9,0.00540216,leviticus,major,cross_reset
4,39,2-1-3-4,9,0.00540216,leviticus,major,cross_reset
4,40,2-1-2-2,9,0.00540216,leviticus,major,cross_reset
4,41,1-2-2-2,9,0.00540216,leviticus,major,cross_reset
4,42,1-3-2-2,9,0.00540216,leviticus,major,cross_reset
4,43,4-3-3-2,8,0.00480192,leviticus,major,cross_reset
4,44,4-3-2-3,8,0.00480192,leviticus,major,cross_reset
4,45,2-3-3-4,8,0.00480192,leviticus,major,cross_reset
4,46,3-3-4-3,8,0.00480192,leviticus,major,cross_reset
4,47,1-3-1-3,8,0.00480192,leviticus,major,cross_reset
4,48,2-1-2-3,8,0.00480192,leviticus,major,cross_reset
4,49,2-2-2-3,8,0.00480192,leviticus,major,cross_reset
4,50,2-4-2-2,8,0.00480192,leviticus,major,cross_reset
5,1,2-3-2-3-3,9,0.00540541,leviticus,major,cross_reset
5,2,3-2-3-2-3,9,0.00540541,leviticus,major,cross_reset
5,3,3-2-3-3-3,8,0.0048048,leviticus,major,cross_reset
5,4,2-3-2-2-3,8,0.0048048,leviticus,major,cross_reset
5,5,3-3-3-3-2,7,0.0042042,leviticus,major,cross_reset
5,6,3-1-3-2-2,7,0.0042042,leviticus,major,cross_reset
5,7,3-2-2-3-2,7,0.0042042,leviticus,major,cross_reset
5,8,2-3-3-3-3,6,0.0036036,leviticus,major,cross_reset
5,9,4-2-3-3-2,6,0.0036036,leviticus,major,cross_reset
5,10,2-3-3-2-3,6,0.0036036,leviticus,major,cross_reset
5,11,2-3-2-3-2,6,0.0036036,leviticus,major,cross_reset
5,12,4-2-3-4-3,6,0.0036036,leviticus,major,cross_reset
5,13,2-2-3-2-2,6,0.0036036,leviticus,major,cross_reset
5,14,2-1-2-2-2,6,0.0036036,leviticus,major,cross_reset
5,15,2-3-4-3-3,6,0.0036036,leviticus,major,cross_reset
5,16,3-3-3-3-3,5,0.003003,leviticus,major,cross_reset
5,17,3-3-3-2-3,5,0.003003,leviticus,major,cross_reset
5,18,3-3-2-3-3,5,0.003003,leviticus,major,cross_reset
5,19,4-3-3-2-3,5,0.003003,leviticus,major,cross_reset
5,20,3-3-2-3-4,5,0.003003,leviticus,major,cross_reset
5,21,3-2-2-1-3,5,0.003003,leviticus,major,cross_reset
5,22,3-3-3-2-4,5,0.003003,leviticus,major,cross_reset
5,23,3-3-3-3-4,5,0.003003,leviticus,major,cross_reset
5,24,3-4-2-3-3,5,0.003003,leviticus,major,cross_reset
5,25,1-3-4-2-3,5,0.003003,leviticus,major,cross_reset
5,26,3-2-3-3-4,5,0.003003,leviticus,major,cross_reset
5,27,1-3-1-3-1,5,0.003003,leviticus,major,cross_reset
5,28,2-3-3-3-1,5,0.003003,leviticus,major,cross_reset
5,29,3-3-3-1-3,5,0.003003,leviticus,major,cross_reset
5,30,2-2-1-3-4,5,0.003003,leviticus,major,cross_reset
5,31,3-3-1-3-2,5,0.003003,leviticus,major,cross_reset
5,32,2-2-2-1-2,5,0.003003,leviticus,major,cross_reset
5,33,3-2-4-2-2,5,0.003003,leviticus,major,cross_reset
5,34,2-4-2-2-3,5,0.003003,leviticus,major,cross_reset
5,35,3-2-2-3-4,5,0.003003,leviticus,major,cross_reset
5,36,3-3-2-2-3,5,0.003003,leviticus,major,cross_reset
5,37,3-4-3-3-2,5,0.003003,leviticus,major,cross_reset
5,38,1-3-2-2-2,5,0.003003,leviticus,major,cross_reset
5,39,3-3-2-4-2,5,0.003003,leviticus,major,cross_reset
5,40,3-3-2-3-2,5,0.003003,leviticus,major,cross_reset
5,41,2-3-3-3-2,4,0.0024024,leviticus,major,cross_reset
5,42,3-3-3-2-2,4,0.0024024,leviticus,major,cross_reset
5,43,2-2-1-3-3,4,0.0024024,leviticus,major,cross_reset
5,44,4-2-3-2-3,4,0.0024024,leviticus,major,cross_reset
5,45,3-3-4-3-2,4,0.0024024,leviticus,major,cross_reset
5,46,3-4-3-2-3,4,0.0024024,leviticus,major,cross_reset
5,47,3-3-2-4-3,4,0.0024024,leviticus,major,cross_reset
5,48,3-1-3-1-4,4,0.0024024,leviticus,major,cross_reset
5,49,2-3-1-2-2,4,0.0024024,leviticus,major,cross_reset
5,50,1-2-2-3-3,4,0.0024024,leviticus,major,cross_reset
6,1,2-3-2-2-3-2,5,0.00300481,leviticus,major,cross_reset
6,2,3-3-3-3-2-3,4,0.00240385,leviticus,major,cross_reset
6,3,2-3-2-3-3-3,4,0.00240385,leviticus,major,cross_reset
6,4,3-2-3-3-3-3,4,0.00240385,leviticus,major,cross_reset
6,5,3-4-2-3-3-2,4,0.00240385,leviticus,major,cross_reset
6,6,1-3-4-2-3-3,4,0.00240385,leviticus,major,cross_reset
6,7,2-3-3-3-1-3,4,0.00240385,leviticus,major,cross_reset
6,8,3-2-4-2-2-3,4,0.00240385,leviticus,major,cross_reset
6,9,3-2-3-2-3-2,4,0.00240385,leviticus,major,cross_reset
6,10,2-3-2-3-2-3,4,0.00240385,leviticus,major,cross_reset
6,11,2-3-1-3-2-2,4,0.00240385,leviticus,major,cross_reset
6,12,3-3-2-3-3-3,3,0.00180288,leviticus,major,cross_reset
6,13,3-2-3-3-3-2,3,0.00180288,leviticus,major,cross_reset
6,14,2-4-3-3-2-3,3,0.00180288,leviticus,major,cross_reset
6,15,3-3-3-3-2-4,3,0.00180288,leviticus,major,cross_reset
6,16,4-2-3-2-3-3,3,0.00180288,leviticus,major,cross_reset
6,17,4-2-3-3-2-3,3,0.00180288,leviticus,major,cross_reset
6,18,2-3-3-2-3-3,3,0.00180288,leviticus,major,cross_reset
6,19,3-2-3-3-4-3,3,0.00180288,leviticus,major,cross_reset
6,20,4-3-2-2-1-3,3,0.00180288,leviticus,major,cross_reset
6,21,3-1-3-1-4-2,3,0.00180288,leviticus,major,cross_reset
6,22,3-2-3-1-2-2,3,0.00180288,leviticus,major,cross_reset
6,23,4-4-3-5-3-2,3,0.00180288,leviticus,major,cross_reset
6,24,3-3-3-1-3-2,3,0.00180288,leviticus,major,cross_reset
6,25,3-4-2-3-4-3,3,0.00180288,leviticus,major,cross_reset
6,26,4-2-3-4-3-4,3,0.00180288,leviticus,major,cross_reset
6,27,2-3-2-3-3-4,3,0.00180288,leviticus,major,cross_reset
6,28,2-1-2-2-2-1,3,0.00180288,leviticus,major,cross_reset
6,29,3-3-2-2-3-4,3,0.00180288,leviticus,major,cross_reset
6,30,2-3-4-3-3-2,3,0.00180288,leviticus,major,cross_reset
6,31,2-2-3-4-2-3,3,0.00180288,leviticus,major,cross_reset
6,32,3-2-2-3-2-2,3,0.00180288,leviticus,major,cross_reset
6,33,2-2-3-2-2-2,3,0.00180288,leviticus,major,cross_reset
6,34,3-1-3-2-2-2,3,0.00180288,leviticus,major,cross_reset
6,35,4-2-3-2-2-3,3,0.00180288,leviticus,major,cross_reset
6,36,3-3-2-4-2-2,3,0.00180288,leviticus,major,cross_reset
6,37,3-2-2-2-1-3,3,0.00180288,leviticus,major,cross_reset
6,38,3-2-3-2-3-3,3,0.00180288,leviticus,major,cross_reset
6,39,2-3-2-1-2-3,3,0.00180288,leviticus,major,cross_reset
6,40,3-2-3-4-3-3,3,0.00180288,leviticus,major,cross_reset
6,41,3-4-3-2-5-3,3,0.00180288,leviticus,major,cross_reset
6,42,3-4-2-1-2-4,3,0.00180288,leviticus,major,cross_reset
6,43,1-1-1-1-1-1,3,0.00180288,leviticus,major,cross_reset
6,44,3-3-3-3-3-2,2,0.00120192,leviticus,major,cross_reset
6,45,3-3-3-2-2-4,2,0.00120192,leviticus,major,cross_reset
6,46,4-3-3-2-3-4,2,0.00120192,leviticus,major,cross_reset
6,47,4-4-3-3-4-2,2,0.00120192,leviticus,major,cross_reset
6,48,4-3-3-4-2-2,2,0.00120192,leviticus,major,cross_reset
6,49,2-3-1-3-4-1,2,0.00120192,leviticus,major,cross_reset
6,50,3-3-2-2-1-3,2,0.00120192,leviticus,major,cross_reset
2,1,2-2,1475,0.14271892,leviticus,major,all
2,2,3-2,1244,0.12036768,leviticus,major,all
2,3,2-3,1220,0.11804548,leviticus,major,all
2,4,3-3,1182,0.11436865,leviticus,major,all
2,5,2-1,576,0.05573295,leviticus,major,all
2,6,1-2,551,0.05331398,leviticus,major,all
2,7,4-2,471,0.04557329,leviticus,major,all
2,8,3-1,464,0.04489598,leviticus,major,all
2,9,2-4,444,0.04296081,leviticus,major,all
2,10,1-3,430,0.04160619,leviticus,major,all
2,11,3-4,366,0.03541364,leviticus,major,all
2,12,4-3,365,0.03531688,leviticus,major,all
2,13,1-1,197,0.01906144,leviticus,major,all
2,14,1-4,195,0.01886792,leviticus,major,all
2,15,4-1,194,0.01877117,leviticus,major,all
2,16,4-4,142,0.01373972,leviticus,major,all
2,17,2-5,135,0.01306241,leviticus,major,all
2,18,5-2,110,0.01064344,leviticus,major,all
2,19,5-3,104,0.01006289,leviticus,major,all
2,20,1-5,77,0.00745041,leviticus,major,all
2,21,3-5,64,0.00619255,leviticus,major,all
2,22,5-4,48,0.00464441,leviticus,major,all
2,23,5-1,46,0.0044509,leviticus,major,all
2,24,1-6,32,0.00309627,leviticus,major,all
2,25,4-5,32,0.00309627,leviticus,major,all
2,26,6-3,31,0.00299952,leviticus,major,all
2,27,6-2,26,0.00251572,leviticus,major,all
2,28,2-6,25,0.00241896,leviticus,major,all
2,29,3-6,15,0.00145138,leviticus,major,all
2,30,6-4,14,0.00135462,leviticus,major,all
2,31,5-5,13,0.00125786,leviticus,major,all
2,32,2-7,8,0.00077407,leviticus,major,all
2,33,6-1,7,0.00067731,leviticus,major,all
2,34,7-2,7,0.00067731,leviticus,major,all
2,35,4-6,6,0.00058055,leviticus,major,all
2,36,7-3,5,0.00048379,leviticus,major,all
2,37,1-7,4,0.00038703,leviticus,major,all
2,38,3-7,3,0.00029028,leviticus,major,all
2,39,6-5,2,0.00019352,leviticus,major,all
2,40,5-6,2,0.00019352,leviticus,major,all
2,41,7-1,2,0.00019352,leviticus,major,all
2,42,7-4,1,9.676e-05,leviticus,major,all
3,1,2-2-2,544,0.05264177,leviticus,major,all
3,2,2-2-3,476,0.04606154,leviticus,major,all
3,3,3-2-2,466,0.04509386,leviticus,major,all
3,4,3-3-3,451,0.04364235,leviticus,major,all
3,5,2-3-2,450,0.04354558,leviticus,major,all
3,6,3-3-2,447,0.04325527,leviticus,major,all
3,7,2-3-3,426,0.04122315,leviticus,major,all
3,8,3-2-3,404,0.03909425,leviticus,major,all
3,9,2-2-1,227,0.02196632,leviticus,major,all
3,10,1-2-2,214,0.02070834,leviticus,major,all
3,11,2-1-2,209,0.0202245,leviticus,major,all
3,12,4-2-2,197,0.01906329,leviticus,major,all
3,13,3-2-1,184,0.0178053,leviticus,major,all
3,14,2-4-2,176,0.01703116,leviticus,major,all
3,15,1-3-2,170,0.01645055,leviticus,major,all
3,16,2-3-1,167,0.01616025,leviticus,major,all
3,17,3-1-2,165,0.01596671,leviticus,major,all
3,18,2-2-4,162,0.01567641,leviticus,major,all
3,19,2-1-3,157,0.01519257,leviticus,major,all
3,20,1-2-3,155,0.01499903,leviticus,major,all
3,21,3-3-1,155,0.01499903,leviticus,major,all
3,22,2-3-4,151,0.01461196,leviticus,major,all
3,23,3-1-3,149,0.01441842,leviticus,major,all
3,24,3-2-4,142,0.01374105,leviticus,major,all
3,25,1-3-3,139,0.01345075,leviticus,major,all
3,26,4-2-3,136,0.01316044,leviticus,major,all
3,27,3-4-2,135,0.01306367,leviticus,major,all
3,28,2-4-3,133,0.01287014,leviticus,major,all
3,29,4-3-2,129,0.01248307,leviticus,major,all
3,30,4-3-3,119,0.01151539,leviticus,major,all
3,31,3-4-3,108,0.01045094,leviticus,major,all
3,32,3-3-4,104,0.01006387,leviticus,major,all
3,33,1-2-1,96,0.00928972,leviticus,major,all
3,34,2-1-4,85,0.00822528,leviticus,major,all
3,35,2-1-1,84,0.00812851,leviticus,major,all
3,36,1-4-2,83,0.00803174,leviticus,major,all
3,37,4-1-2,78,0.0075479,leviticus,major,all
3,38,1-1-2,76,0.00735436,leviticus,major,all
3,39,1-3-1,72,0.00696729,leviticus,major,all
3,40,2-4-1,71,0.00687052,leviticus,major,all
3,41,1-2-4,69,0.00667699,leviticus,major,all
3,42,3-4-1,68,0.00658022,leviticus,major,all
3,43,1-4-3,65,0.00628992,leviticus,major,all
3,44,1-1-3,60,0.00580608,leviticus,major,all
3,45,3-1-1,59,0.00570931,leviticus,major,all
3,46,3-1-4,57,0.00551577,leviticus,major,all
3,47,4-2-1,57,0.00551577,leviticus,major,all
3,48,4-3-1,53,0.0051287,leviticus,major,all
3,49,4-2-4,53,0.0051287,leviticus,major,all
3,50,2-5-2,52,0.00503193,leviticus,major,all
4,1,2-2-2-2,220,0.02129101,leviticus,major,all
4,2,2-2-3-2,193,0.01867802,leviticus,major,all
4,3,2-3-3-3,188,0.01819414,leviticus,major,all
4,4,3-3-3-2,184,0.01780703,leviticus,major,all
4,5,2-3-2-2,183,0.01771025,leviticus,major,all
4,6,3-3-2-2,167,0.01616181,leviticus,major,all
4,7,3-2-2-3,167,0.01616181,leviticus,major,all
4,8,3-3-3-3,162,0.01567793,leviticus,major,all
4,9,2-2-2-3,159,0.01538759,leviticus,major,all
4,10,3-2-3-3,154,0.01490371,leviticus,major,all
4,11,3-2-2-2,152,0.01471015,leviticus,major,all
4,12,2-2-3-3,149,0.01441982,leviticus,major,all
4,13,3-3-2-3,144,0.01393593,leviticus,major,all
4,14,2-3-3-2,139,0.01345205,leviticus,major,all
4,15,3-2-3-2,137,0.01325849,leviticus,major,all
4,16,2-3-2-3,131,0.01267783,leviticus,major,all
4,17,2-2-2-1,85,0.00822607,leviticus,major,all
4,18,2-1-2-2,84,0.00812929,leviticus,major,all
4,19,1-2-2-2,84,0.00812929,leviticus,major,all
4,20,2-2-1-2,83,0.00803252,leviticus,major,all
4,21,3-2-2-1,73,0.00706474,leviticus,major,all
4,22,4-2-2-2,72,0.00696797,leviticus,major,all
4,23,1-3-2-3,71,0.00687119,leviticus,major,all
4,24,3-1-2-2,70,0.00677441,leviticus,major,all
4,25,2-2-1-3,69,0.00667763,leviticus,major,all
4,26,3-2-1-2,67,0.00648408,leviticus,major,all
4,27,2-2-3-1,66,0.0063873,leviticus,major,all
4,28,3-1-3-2,65,0.00629053,leviticus,major,all
4,29,1-2-2-3,65,0.00629053,leviticus,major,all
4,30,2-2-4-2,65,0.00629053,leviticus,major,all
4,31,2-4-2-2,65,0.00629053,leviticus,major,all
4,32,4-2-2-3,64,0.00619375,leviticus,major,all
4,33,3-3-2-1,63,0.00609697,leviticus,major,all
4,34,3-4-2-2,63,0.00609697,leviticus,major,all
4,35,2-3-1-2,63,0.00609697,leviticus,major,all
4,36,2-1-2-3,63,0.00609697,leviticus,major,all
4,37,2-3-2-1,62,0.00600019,leviticus,major,all
4,38,3-2-4-2,60,0.00580664,leviticus,major,all
4,39,3-3-3-1,59,0.00570986,leviticus,major,all
4,40,1-3-2-2,59,0.00570986,leviticus,major,all
4,41,3-2-3-4,59,0.00570986,leviticus,major,all
4,42,2-1-3-2,59,0.00570986,leviticus,major,all
4,43,2-4-2-3,59,0.00570986,leviticus,major,all
4,44,2-3-1-3,58,0.00561308,leviticus,major,all
4,45,2-2-3-4,58,0.00561308,leviticus,major,all
4,46,2-2-2-4,56,0.00541953,leviticus,major,all
4,47,3-3-2-4,56,0.00541953,leviticus,major,all
4,48,1-3-3-2,55,0.00532275,leviticus,major,all
4,49,2-1-3-3,53,0.0051292,leviticus,major,all
4,50,2-3-4-2,52,0.00503242,leviticus,major,all
5,1,2-2-2-2-2,97,0.00938831,leviticus,major,all
5,2,2-2-3-2-2,84,0.00813008,leviticus,major,all
5,3,3-2-2-3-2,76,0.00735579,leviticus,major,all
5,4,3-3-3-2-2,75,0.007259,leviticus,major,all
5,5,2-3-3-3-2,74,0.00716221,leviticus,major,all
5,6,2-2-2-2-3,72,0.00696864,leviticus,major,all
5,7,2-2-3-3-3,71,0.00687185,leviticus,major,all
5,8,2-3-2-2-3,67,0.00648471,leviticus,major,all
5,9,3-3-3-3-3,67,0.00648471,leviticus,major,all
5,10,3-3-3-3-2,66,0.00638792,leviticus,major,all
5,11,2-3-3-3-3,64,0.00619435,leviticus,major,all
5,12,3-2-3-3-3,63,0.00609756,leviticus,major,all
5,13,2-3-2-2-2,61,0.00590399,leviticus,major,all
5,14,3-3-2-2-3,61,0.00590399,leviticus,major,all
5,15,2-2-2-3-2,59,0.00571041,leviticus,major,all
5,16,3-2-2-2-2,59,0.00571041,leviticus,major,all
5,17,2-3-3-2-3,59,0.00571041,leviticus,major,all
5,18,3-3-2-2-2,58,0.00561363,leviticus,major,all
5,19,2-3-2-3-3,57,0.00551684,leviticus,major,all
5,20,3-2-3-3-2,54,0.00522648,leviticus,major,all
5,21,2-2-3-2-3,53,0.00512969,leviticus,major,all
5,22,2-2-3-3-2,53,0.00512969,leviticus,major,all
5,23,3-3-2-3-2,52,0.00503291,leviticus,major,all
5,24,3-2-3-2-2,51,0.00493612,leviticus,major,all
5,25,3-2-2-3-3,50,0.00483933,leviticus,major,all
5,26,3-3-3-2-3,50,0.00483933,leviticus,major,all
5,27,3-3-2-3-3,49,0.00474255,leviticus,major,all
5,28,2-2-2-3-3,48,0.00464576,leviticus,major,all
5,29,2-3-3-2-2,45,0.0043554,leviticus,major,all
5,30,3-2-3-2-3,44,0.00425861,leviticus,major,all
5,31,3-2-2-2-3,42,0.00406504,leviticus,major,all
5,32,2-1-2-2-2,40,0.00387147,leviticus,major,all
5,33,2-3-2-3-2,40,0.00387147,leviticus,major,all
5,34,2-2-2-3-1,32,0.00309717,leviticus,major,all
5,35,4-2-2-2-2,31,0.00300039,leviticus,major,all
5,36,3-2-1-2-2,30,0.0029036,leviticus,major,all
5,37,3-1-3-2-3,30,0.0029036,leviticus,major,all
5,38,2-2-1-2-2,30,0.0029036,leviticus,major,all
5,39,2-3-3-3-1,30,0.0029036,leviticus,major,all
5,40,2-2-2-1-3,29,0.00280681,leviticus,major,all
5,41,1-2-2-2-2,29,0.00280681,leviticus,major,all
5,42,1-3-2-3-2,28,0.00271003,leviticus,major,all
5,43,2-2-3-2-1,28,0.00271003,leviticus,major,all
5,44,3-3-3-2-4,27,0.00261324,leviticus,major,all
5,45,2-2-2-1-2,27,0.00261324,leviticus,major,all
5,46,1-2-3-3-3,27,0.00261324,leviticus,major,all
5,47,2-3-2-2-1,27,0.00261324,leviticus,major,all
5,48,2-2-1-3-3,27,0.00261324,leviticus,major,all
5,49,4-2-2-3-2,27,0.00261324,leviticus,major,all
5,50,3-3-1-2-2,27,0.00261324,leviticus,major,all
6,1,2-2-2-2-2-2,41,0.00396864,leviticus,major,all
6,2,3-3-3-3-2-2,34,0.00329107,leviticus,major,all
6,3,2-2-3-2-2-2,34,0.00329107,leviticus,major,all
6,4,3-3-2-2-3-2,33,0.00319427,leviticus,major,all
6,5,3-2-2-3-2-2,31,0.00300068,leviticus,major,all
6,6,2-2-2-2-2-3,30,0.00290388,leviticus,major,all
6,7,2-2-3-3-3-2,29,0.00280709,leviticus,major,all
6,8,3-3-3-3-3-2,29,0.00280709,leviticus,major,all
6,9,3-2-3-3-2-3,29,0.00280709,leviticus,major,all
6,10,2-3-2-2-3-2,28,0.00271029,leviticus,major,all
6,11,2-3-3-3-3-2,28,0.00271029,leviticus,major,all
6,12,3-3-3-2-2-2,28,0.00271029,leviticus,major,all
6,13,2-2-2-2-3-2,27,0.00261349,leviticus,major,all
6,14,3-2-3-3-3-3,27,0.00261349,leviticus,major,all
6,15,2-3-3-3-3-3,27,0.00261349,leviticus,major,all
6,16,2-2-3-2-2-3,27,0.00261349,leviticus,major,all
6,17,2-2-2-3-2-2,26,0.0025167,leviticus,major,all
6,18,2-3-3-3-2-3,25,0.0024199,leviticus,major,all
6,19,3-2-2-2-2-2,25,0.0024199,leviticus,major,all
6,20,2-3-3-3-2-2,25,0.0024199,leviticus,major,all
6,21,3-3-3-2-2-3,25,0.0024199,leviticus,major,all
6,22,2-2-3-2-3-3,24,0.00232311,leviticus,major,all
6,23,3-2-2-3-3-3,24,0.00232311,leviticus,major,all
6,24,3-3-2-3-3-3,24,0.00232311,leviticus,major,all
6,25,3-3-3-3-3-3,24,0.00232311,leviticus,major,all
6,26,2-3-2-2-2-2,23,0.00222631,leviticus,major,all
6,27,2-2-2-3-3-3,23,0.00222631,leviticus,major,all
6,28,3-3-2-2-2-2,22,0.00212951,leviticus,major,all
6,29,2-2-3-3-3-3,22,0.00212951,leviticus,major,all
6,30,2-2-2-2-3-3,22,0.00212951,leviticus,major,all
6,31,3-2-2-3-2-3,22,0.00212951,leviticus,major,all
6,32,2-2-3-3-2-2,21,0.00203272,leviticus,major,all
6,33,2-3-2-3-3-3,21,0.00203272,leviticus,major,all
6,34,3-2-3-2-2-3,21,0.00203272,leviticus,major,all
6,35,2-3-2-3-3-2,20,0.00193592,leviticus,major,all
6,36,2-3-3-2-3-3,20,0.00193592,leviticus,major,all
6,37,3-2-3-2-3-3,20,0.00193592,leviticus,major,all
6,38,2-2-2-3-2-3,19,0.00183912,leviticus,major,all
6,39,2-3-3-2-2-2,19,0.00183912,leviticus,major,all
6,40,3-2-2-2-2-3,19,0.00183912,leviticus,major,all
6,41,2-3-2-2-3-3,19,0.00183912,leviticus,major,all
6,42,3-3-3-2-3-3,19,0.00183912,leviticus,major,all
6,43,3-3-2-3-2-2,19,0.00183912,leviticus,major,all
6,44,2-3-3-2-3-2,19,0.00183912,leviticus,major,all
6,45,3-2-3-3-3-2,18,0.00174233,leviticus,major,all
6,46,3-2-2-3-3-2,18,0.00174233,leviticus,major,all
6,47,3-3-2-3-2-3,17,0.00164553,leviticus,major,all
6,48,2-3-2-2-2-3,17,0.00164553,leviticus,major,all
6,49,2-2-3-3-2-3,17,0.00164553,leviticus,major,all
6,50,3-2-1-2-2-2,16,0.00154874,leviticus,major,all
2,1,2-2,1200,0.1653348,leviticus,major_minor,within
2,2,3-2,971,0.13378341,leviticus,major_minor,within
2,3,2-3,966,0.13309452,leviticus,major_minor,within
2,4,3-3,827,0.11394324,leviticus,major_minor,within
2,5,2-1,405,0.0558005,leviticus,major_minor,within
2,6,1-2,390,0.05373381,leviticus,major_minor,within
2,7,4-2,327,0.04505373,leviticus,major_minor,within
2,8,3-1,315,0.04340039,leviticus,major_minor,within
2,9,1-3,308,0.04243593,leviticus,major_minor,within
2,10,2-4,306,0.04216037,leviticus,major_minor,within
2,11,3-4,229,0.03155139,leviticus,major_minor,within
2,12,4-3,212,0.02920915,leviticus,major_minor,within
2,13,1-4,106,0.01460457,leviticus,major_minor,within
2,14,4-1,106,0.01460457,leviticus,major_minor,within
2,15,1-1,106,0.01460457,leviticus,major_minor,within
2,16,4-4,65,0.00895564,leviticus,major_minor,within
2,17,2-5,65,0.00895564,leviticus,major_minor,within
2,18,5-3,61,0.00840452,leviticus,major_minor,within
2,19,5-2,61,0.00840452,leviticus,major_minor,within
2,20,3-5,39,0.00537338,leviticus,major_minor,within
2,21,1-5,33,0.00454671,leviticus,major_minor,within
2,22,4-5,25,0.00344448,leviticus,major_minor,within
2,23,5-1,21,0.00289336,leviticus,major_minor,within
2,24,2-6,19,0.0026178,leviticus,major_minor,within
2,25,5-4,18,0.00248002,leviticus,major_minor,within
2,26,6-2,16,0.00220446,leviticus,major_minor,within
2,27,6-4,11,0.00151557,leviticus,major_minor,within
2,28,1-6,10,0.00137779,leviticus,major_minor,within
2,29,5-5,10,0.00137779,leviticus,major_minor,within
2,30,6-3,8,0.00110223,leviticus,major_minor,within
2,31,3-6,6,0.00082667,leviticus,major_minor,within
2,32,2-7,4,0.00055112,leviticus,major_minor,within
2,33,7-3,4,0.00055112,leviticus,major_minor,within
2,34,4-6,1,0.00013778,leviticus,major_minor,within
2,35,1-7,1,0.00013778,leviticus,major_minor,within
2,36,7-2,1,0.00013778,leviticus,major_minor,within
2,37,5-6,1,0.00013778,leviticus,major_minor,within
2,38,5-7,1,0.00013778,leviticus,major_minor,within
2,39,6-1,1,0.00013778,leviticus,major_minor,within
2,40,6-5,1,0.00013778,leviticus,major_minor,within
2,41,7-4,1,0.00013778,leviticus,major_minor,within
3,1,2-2-2,498,0.0686234,leviticus,major_minor,within
3,2,2-3-2,391,0.05387901,leviticus,major_minor,within
3,3,2-2-3,389,0.05360342,leviticus,major_minor,within
3,4,3-2-2,382,0.05263883,leviticus,major_minor,within
3,5,3-3-2,357,0.04919388,leviticus,major_minor,within
3,6,2-3-3,332,0.04574893,leviticus,major_minor,within
3,7,3-2-3,325,0.04478435,leviticus,major_minor,within
3,8,3-3-3,283,0.03899683,leviticus,major_minor,within
3,9,2-1-2,168,0.02315006,leviticus,major_minor,within
3,10,1-2-2,157,0.02163428,leviticus,major_minor,within
3,11,2-2-1,156,0.02149649,leviticus,major_minor,within
3,12,2-4-2,143,0.01970511,leviticus,major_minor,within
3,13,2-3-1,141,0.01942952,leviticus,major_minor,within
3,14,4-2-2,138,0.01901612,leviticus,major_minor,within
3,15,3-2-1,134,0.01846493,leviticus,major_minor,within
3,16,1-3-2,124,0.01708695,leviticus,major_minor,within
3,17,2-2-4,122,0.01681135,leviticus,major_minor,within
3,18,1-2-3,121,0.01667356,leviticus,major_minor,within
3,19,2-1-3,120,0.01653576,leviticus,major_minor,within
3,20,3-1-2,119,0.01639796,leviticus,major_minor,within
3,21,3-1-3,109,0.01501998,leviticus,major_minor,within
3,22,4-2-3,106,0.01460659,leviticus,major_minor,within
3,23,1-3-3,105,0.01446879,leviticus,major_minor,within
3,24,3-3-1,99,0.013642,leviticus,major_minor,within
3,25,3-2-4,99,0.013642,leviticus,major_minor,within
3,26,3-4-2,98,0.0135042,leviticus,major_minor,within
3,27,2-4-3,93,0.01281521,leviticus,major_minor,within
3,28,2-3-4,88,0.01212622,leviticus,major_minor,within
3,29,4-3-2,75,0.01033485,leviticus,major_minor,within
3,30,4-3-3,74,0.01019705,leviticus,major_minor,within
3,31,3-3-4,74,0.01019705,leviticus,major_minor,within
3,32,1-2-1,61,0.00840568,leviticus,major_minor,within
3,33,3-4-3,60,0.00826788,leviticus,major_minor,within
3,34,2-1-4,52,0.0071655,leviticus,major_minor,within
3,35,2-1-1,52,0.0071655,leviticus,major_minor,within
3,36,4-1-2,51,0.0070277,leviticus,major_minor,within
3,37,1-4-2,45,0.00620091,leviticus,major_minor,within
3,38,1-3-1,42,0.00578752,leviticus,major_minor,within
3,39,1-1-3,42,0.00578752,leviticus,major_minor,within
3,40,4-2-1,41,0.00564972,leviticus,major_minor,within
3,41,2-4-1,41,0.00564972,leviticus,major_minor,within
3,42,1-2-4,40,0.00551192,leviticus,major_minor,within
3,43,1-1-2,39,0.00537412,leviticus,major_minor,within
3,44,3-4-1,36,0.00496073,leviticus,major_minor,within
3,45,3-1-4,34,0.00468513,leviticus,major_minor,within
3,46,3-1-1,34,0.00468513,leviticus,major_minor,within
3,47,1-4-3,33,0.00454733,leviticus,major_minor,within
3,48,4-2-4,32,0.00440954,leviticus,major_minor,within
3,49,1-3-4,31,0.00427174,leviticus,major_minor,within
3,50,4-1-3,29,0.00399614,leviticus,major_minor,within
4,1,2-2-2-2,202,0.02783903,leviticus,major_minor,within
4,2,3-2-2-2,172,0.02370452,leviticus,major_minor,within
4,3,2-2-2-3,165,0.0227398,leviticus,major_minor,within
4,4,2-2-3-2,163,0.02246417,leviticus,major_minor,within
4,5,2-3-2-2,157,0.02163727,leviticus,major_minor,within
4,6,2-3-3-2,150,0.02067255,leviticus,major_minor,within
4,7,3-3-2-2,144,0.01984564,leviticus,major_minor,within
4,8,2-3-2-3,137,0.01888093,leviticus,major_minor,within
4,9,3-2-3-2,125,0.01722712,leviticus,major_minor,within
4,10,2-2-3-3,122,0.01681367,leviticus,major_minor,within
4,11,3-3-3-2,120,0.01653804,leviticus,major_minor,within
4,12,3-2-3-3,119,0.01640022,leviticus,major_minor,within
4,13,3-2-2-3,118,0.0162624,leviticus,major_minor,within
4,14,3-3-2-3,108,0.01488423,leviticus,major_minor,within
4,15,2-3-3-3,107,0.01474642,leviticus,major_minor,within
4,16,3-3-3-3,103,0.01419515,leviticus,major_minor,within
4,17,2-1-2-2,74,0.01019846,leviticus,major_minor,within
4,18,2-2-3-1,66,0.00909592,leviticus,major_minor,within
4,19,1-2-2-2,65,0.0089581,leviticus,major_minor,within
4,20,2-2-2-1,64,0.00882029,leviticus,major_minor,within
4,21,2-2-1-2,60,0.00826902,leviticus,major_minor,within
4,22,3-3-2-1,58,0.00799338,leviticus,major_minor,within
4,23,2-4-2-2,58,0.00799338,leviticus,major_minor,within
4,24,2-3-1-2,57,0.00785557,leviticus,major_minor,within
4,25,2-2-4-2,57,0.00785557,leviticus,major_minor,within
4,26,3-2-1-2,54,0.00744212,leviticus,major_minor,within
4,27,4-2-2-2,54,0.00744212,leviticus,major_minor,within
4,28,2-2-2-4,54,0.00744212,leviticus,major_minor,within
4,29,1-2-2-3,53,0.0073043,leviticus,major_minor,within
4,30,3-2-4-2,52,0.00716648,leviticus,major_minor,within
4,31,3-2-2-1,50,0.00689085,leviticus,major_minor,within
4,32,1-2-3-2,49,0.00675303,leviticus,major_minor,within
4,33,4-2-3-2,48,0.00661521,leviticus,major_minor,within
4,34,3-2-1-3,48,0.00661521,leviticus,major_minor,within
4,35,2-3-1-3,48,0.00661521,leviticus,major_minor,within
4,36,2-1-2-3,48,0.00661521,leviticus,major_minor,within
4,37,2-1-3-2,47,0.0064774,leviticus,major_minor,within
4,38,3-2-3-1,47,0.0064774,leviticus,major_minor,within
4,39,2-4-2-3,46,0.00633958,leviticus,major_minor,within
4,40,4-2-2-3,45,0.00620176,leviticus,major_minor,within
4,41,2-3-2-1,44,0.00606395,leviticus,major_minor,within
4,42,1-3-2-2,44,0.00606395,leviticus,major_minor,within
4,43,2-3-3-1,44,0.00606395,leviticus,major_minor,within
4,44,3-1-3-2,43,0.00592613,leviticus,major_minor,within
4,45,2-2-1-3,43,0.00592613,leviticus,major_minor,within
4,46,3-1-2-2,43,0.00592613,leviticus,major_minor,within
4,47,3-4-2-2,42,0.00578831,leviticus,major_minor,within
4,48,3-1-3-3,42,0.00578831,leviticus,major_minor,within
4,49,1-2-3-3,42,0.00578831,leviticus,major_minor,within
4,50,2-3-4-2,41,0.0056505,leviticus,major_minor,within
5,1,2-2-2-2-2,98,0.01350793,leviticus,major_minor,within
5,2,2-3-2-2-2,78,0.01075121,leviticus,major_minor,within
5,3,2-2-2-3-2,70,0.00964852,leviticus,major_minor,within
5,4,2-2-3-2-2,70,0.00964852,leviticus,major_minor,within
5,5,2-2-3-3-2,63,0.00868367,leviticus,major_minor,within
5,6,3-3-2-2-2,62,0.00854583,leviticus,major_minor,within
5,7,3-2-2-2-2,61,0.00840799,leviticus,major_minor,within
5,8,3-2-2-2-3,60,0.00827016,leviticus,major_minor,within
5,9,2-3-3-2-2,60,0.00827016,leviticus,major_minor,within
5,10,2-2-2-2-3,60,0.00827016,leviticus,major_minor,within
5,11,2-3-2-3-3,59,0.00813232,leviticus,major_minor,within
5,12,3-2-3-3-2,52,0.00716747,leviticus,major_minor,within
5,13,3-3-3-2-2,52,0.00716747,leviticus,major_minor,within
5,14,2-2-3-2-3,51,0.00702963,leviticus,major_minor,within
5,15,3-2-2-3-2,50,0.0068918,leviticus,major_minor,within
5,16,3-3-2-3-2,50,0.0068918,leviticus,major_minor,within
5,17,2-2-2-3-3,50,0.0068918,leviticus,major_minor,within
5,18,3-2-3-2-3,48,0.00661613,leviticus,major_minor,within
5,19,3-2-3-2-2,46,0.00634045,leviticus,major_minor,within
5,20,2-3-2-2-3,45,0.00620262,leviticus,major_minor,within
5,21,2-3-2-3-2,44,0.00606478,leviticus,major_minor,within
5,22,3-3-2-2-3,44,0.00606478,leviticus,major_minor,within
5,23,2-3-3-2-3,43,0.00592695,leviticus,major_minor,within
5,24,3-3-3-3-2,43,0.00592695,leviticus,major_minor,within
5,25,3-2-3-3-3,42,0.00578911,leviticus,major_minor,within
5,26,2-3-3-3-2,42,0.00578911,leviticus,major_minor,within
5,27,3-2-2-3-3,41,0.00565127,leviticus,major_minor,within
5,28,2-3-3-3-3,39,0.0053756,leviticus,major_minor,within
5,29,3-3-3-3-3,37,0.00509993,leviticus,major_minor,within
5,30,3-3-3-2-3,35,0.00482426,leviticus,major_minor,within
5,31,2-2-3-3-3,33,0.00454859,leviticus,major_minor,within
5,32,2-1-2-2-2,33,0.00454859,leviticus,major_minor,within
5,33,3-3-2-3-3,31,0.00427292,leviticus,major_minor,within
5,34,2-2-1-2-2,30,0.00413508,leviticus,major_minor,within
5,35,2-2-2-3-1,29,0.00399724,leviticus,major_minor,within
5,36,2-2-2-4-2,26,0.00358374,leviticus,major_minor,within
5,37,1-2-2-2-2,26,0.00358374,leviticus,major_minor,within
5,38,3-3-2-4-2,26,0.00358374,leviticus,major_minor,within
5,39,3-3-2-1-3,25,0.0034459,leviticus,major_minor,within
5,40,2-2-3-1-3,24,0.00330806,leviticus,major_minor,within
5,41,2-2-4-2-2,24,0.00330806,leviticus,major_minor,within
5,42,2-3-3-2-1,24,0.00330806,leviticus,major_minor,within
5,43,2-1-2-2-3,24,0.00330806,leviticus,major_minor,within
5,44,2-2-3-1-2,23,0.00317023,leviticus,major_minor,within
5,45,3-2-2-2-4,23,0.00317023,leviticus,major_minor,within
5,46,3-2-2-2-1,22,0.00303239,leviticus,major_minor,within
5,47,4-2-3-2-2,22,0.00303239,leviticus,major_minor,within
5,48,4-2-2-2-3,22,0.00303239,leviticus,major_minor,within
5,49,1-3-3-3-2,22,0.00303239,leviticus,major_minor,within
5,50,2-3-1-2-2,22,0.00303239,leviticus,major_minor,within
6,1,2-2-2-2-2-2,47,0.00647918,leviticus,major_minor,within
6,2,2-2-3-2-2-2,36,0.00496278,leviticus,major_minor,within
6,3,2-2-2-3-2-2,32,0.00441136,leviticus,major_minor,within
6,4,2-3-2-3-3-2,30,0.00413565,leviticus,major_minor,within
6,5,2-3-3-2-2-2,30,0.00413565,leviticus,major_minor,within
6,6,2-2-2-3-3-2,29,0.00399779,leviticus,major_minor,within
6,7,3-2-2-2-2-2,28,0.00385994,leviticus,major_minor,within
6,8,2-3-2-2-2-3,28,0.00385994,leviticus,major_minor,within
6,9,3-3-2-2-2-2,28,0.00385994,leviticus,major_minor,within
6,10,2-2-2-2-2-3,27,0.00372208,leviticus,major_minor,within
6,11,2-2-2-2-3-2,26,0.00358423,leviticus,major_minor,within
6,12,2-3-2-2-2-2,25,0.00344637,leviticus,major_minor,within
6,13,3-2-2-3-2-2,25,0.00344637,leviticus,major_minor,within
6,14,2-2-3-3-2-2,25,0.00344637,leviticus,major_minor,within
6,15,3-2-2-2-3-2,24,0.00330852,leviticus,major_minor,within
6,16,3-2-3-3-2-2,23,0.00317066,leviticus,major_minor,within
6,17,2-3-3-3-2-2,23,0.00317066,leviticus,major_minor,within
6,18,3-2-3-2-3-3,23,0.00317066,leviticus,major_minor,within
6,19,2-2-3-2-3-3,22,0.00303281,leviticus,major_minor,within
6,20,3-2-3-3-3-2,22,0.00303281,leviticus,major_minor,within
6,21,3-2-3-2-2-2,22,0.00303281,leviticus,major_minor,within
6,22,2-3-3-2-3-2,22,0.00303281,leviticus,major_minor,within
6,23,3-3-2-3-2-2,22,0.00303281,leviticus,major_minor,within
6,24,2-3-2-2-3-2,21,0.00289495,leviticus,major_minor,within
6,25,2-2-2-3-2-3,20,0.0027571,leviticus,major_minor,within
6,26,2-2-3-2-2-3,20,0.0027571,leviticus,major_minor,within
6,27,3-3-3-2-2-2,20,0.0027571,leviticus,major_minor,within
6,28,3-3-2-2-3-2,20,0.0027571,leviticus,major_minor,within
6,29,2-2-3-3-2-3,20,0.0027571,leviticus,major_minor,within
6,30,3-2-2-2-3-3,20,0.0027571,leviticus,major_minor,within
6,31,3-3-2-2-2-3,19,0.00261924,leviticus,major_minor,within
6,32,3-3-3-2-2-3,19,0.00261924,leviticus,major_minor,within
6,33,2-3-3-2-2-3,19,0.00261924,leviticus,major_minor,within
6,34,2-3-3-3-3-2,19,0.00261924,leviticus,major_minor,within
6,35,3-3-3-3-3-3,19,0.00261924,leviticus,major_minor,within
6,36,3-3-3-3-2-3,18,0.00248139,leviticus,major_minor,within
6,37,3-2-2-3-3-2,18,0.00248139,leviticus,major_minor,within
6,38,2-3-2-3-3-3,17,0.00234353,leviticus,major_minor,within
6,39,3-3-2-3-3-3,17,0.00234353,leviticus,major_minor,within
6,40,2-3-2-3-2-3,17,0.00234353,leviticus,major_minor,within
6,41,2-3-2-2-3-3,17,0.00234353,leviticus,major_minor,within
6,42,3-2-2-2-2-3,16,0.00220568,leviticus,major_minor,within
6,43,1-2-2-2-2-2,16,0.00220568,leviticus,major_minor,within
6,44,3-3-2-3-2-3,16,0.00220568,leviticus,major_minor,within
6,45,3-3-3-2-3-2,15,0.00206782,leviticus,major_minor,within
6,46,2-2-2-2-3-3,15,0.00206782,leviticus,major_minor,within
6,47,3-2-3-2-3-2,15,0.00206782,leviticus,major_minor,within
6,48,3-3-3-3-2-2,15,0.00206782,leviticus,major_minor,within
6,49,3-3-2-2-3-3,15,0.00206782,leviticus,major_minor,within
6,50,3-2-2-3-2-3,14,0.00192997,leviticus,major_minor,within
2,1,3-3,314,0.10208062,leviticus,major_minor,cross_reset
2,2,3-2,284,0.0923277,leviticus,major_minor,cross_reset
2,3,2-2,270,0.08777633,leviticus,major_minor,cross_reset
2,4,2-3,265,0.08615085,leviticus,major_minor,cross_reset
2,5,2-1,174,0.05656697,leviticus,major_minor,cross_reset
2,6,1-2,169,0.05494148,leviticus,major_minor,cross_reset
2,7,1-3,164,0.05331599,leviticus,major_minor,cross_reset
2,8,2-4,147,0.04778934,leviticus,major_minor,cross_reset
2,9,3-4,146,0.04746424,leviticus,major_minor,cross_reset
2,10,3-1,145,0.04713914,leviticus,major_minor,cross_reset
2,11,4-3,144,0.04681404,leviticus,major_minor,cross_reset
2,12,4-2,132,0.04291287,leviticus,major_minor,cross_reset
2,13,1-1,100,0.03250975,leviticus,major_minor,cross_reset
2,14,4-1,86,0.02795839,leviticus,major_minor,cross_reset
2,15,4-4,77,0.02503251,leviticus,major_minor,cross_reset
2,16,1-4,74,0.02405722,leviticus,major_minor,cross_reset
2,17,5-3,51,0.01657997,leviticus,major_minor,cross_reset
2,18,2-5,47,0.01527958,leviticus,major_minor,cross_reset
2,19,3-5,43,0.01397919,leviticus,major_minor,cross_reset
2,20,5-2,43,0.01397919,leviticus,major_minor,cross_reset
2,21,4-5,26,0.00845254,leviticus,major_minor,cross_reset
2,22,5-1,21,0.00682705,leviticus,major_minor,cross_reset
2,23,5-4,20,0.00650195,leviticus,major_minor,cross_reset
2,24,1-5,19,0.00617685,leviticus,major_minor,cross_reset
2,25,6-2,17,0.00552666,leviticus,major_minor,cross_reset
2,26,3-6,16,0.00520156,leviticus,major_minor,cross_reset
2,27,5-5,11,0.00357607,leviticus,major_minor,cross_reset
2,28,6-3,11,0.00357607,leviticus,major_minor,cross_reset
2,29,2-6,10,0.00325098,leviticus,major_minor,cross_reset
2,30,4-6,9,0.00292588,leviticus,major_minor,cross_reset
2,31,6-4,8,0.00260078,leviticus,major_minor,cross_reset
2,32,1-6,5,0.00162549,leviticus,major_minor,cross_reset
2,33,2-7,4,0.00130039,leviticus,major_minor,cross_reset
2,34,6-5,4,0.00130039,leviticus,major_minor,cross_reset
2,35,7-1,3,0.00097529,leviticus,major_minor,cross_reset
2,36,5-6,3,0.00097529,leviticus,major_minor,cross_reset
2,37,3-7,3,0.00097529,leviticus,major_minor,cross_reset
2,38,7-2,3,0.00097529,leviticus,major_minor,cross_reset
2,39,6-1,3,0.00097529,leviticus,major_minor,cross_reset
2,40,7-4,2,0.0006502,leviticus,major_minor,cross_reset
2,41,1-7,1,0.0003251,leviticus,major_minor,cross_reset
2,42,5-7,1,0.0003251,leviticus,major_minor,cross_reset
2,43,7-3,1,0.0003251,leviticus,major_minor,cross_reset
3,1,3-3-3,115,0.03739837,leviticus,major_minor,cross_reset
3,2,2-2-3,99,0.03219512,leviticus,major_minor,cross_reset
3,3,3-2-2,95,0.03089431,leviticus,major_minor,cross_reset
3,4,3-3-2,85,0.02764228,leviticus,major_minor,cross_reset
3,5,2-3-3,81,0.02634146,leviticus,major_minor,cross_reset
3,6,3-2-3,80,0.02601626,leviticus,major_minor,cross_reset
3,7,2-3-2,79,0.02569106,leviticus,major_minor,cross_reset
3,8,2-2-2,64,0.02081301,leviticus,major_minor,cross_reset
3,9,2-1-3,58,0.01886179,leviticus,major_minor,cross_reset
3,10,2-1-2,57,0.01853659,leviticus,major_minor,cross_reset
3,11,1-3-2,56,0.01821138,leviticus,major_minor,cross_reset
3,12,1-2-2,55,0.01788618,leviticus,major_minor,cross_reset
3,13,2-4-2,54,0.01756098,leviticus,major_minor,cross_reset
3,14,3-4-3,52,0.01691057,leviticus,major_minor,cross_reset
3,15,3-3-1,50,0.01626016,leviticus,major_minor,cross_reset
3,16,3-2-1,50,0.01626016,leviticus,major_minor,cross_reset
3,17,3-1-3,49,0.01593496,leviticus,major_minor,cross_reset
3,18,2-2-1,48,0.01560976,leviticus,major_minor,cross_reset
3,19,1-3-3,48,0.01560976,leviticus,major_minor,cross_reset
3,20,2-3-4,47,0.01528455,leviticus,major_minor,cross_reset
3,21,3-2-4,47,0.01528455,leviticus,major_minor,cross_reset
3,22,4-3-3,46,0.01495935,leviticus,major_minor,cross_reset
3,23,4-3-2,46,0.01495935,leviticus,major_minor,cross_reset
3,24,3-3-4,44,0.01430894,leviticus,major_minor,cross_reset
3,25,2-2-4,40,0.01300813,leviticus,major_minor,cross_reset
3,26,2-3-1,40,0.01300813,leviticus,major_minor,cross_reset
3,27,4-2-2,39,0.01268293,leviticus,major_minor,cross_reset
3,28,1-2-3,39,0.01268293,leviticus,major_minor,cross_reset
3,29,3-1-2,38,0.01235772,leviticus,major_minor,cross_reset
3,30,1-2-1,38,0.01235772,leviticus,major_minor,cross_reset
3,31,1-1-2,37,0.01203252,leviticus,major_minor,cross_reset
3,32,2-1-1,33,0.01073171,leviticus,major_minor,cross_reset
3,33,4-2-3,32,0.0104065,leviticus,major_minor,cross_reset
3,34,3-4-2,32,0.0104065,leviticus,major_minor,cross_reset
3,35,2-4-3,32,0.0104065,leviticus,major_minor,cross_reset
3,36,3-1-1,29,0.00943089,leviticus,major_minor,cross_reset
3,37,3-4-1,28,0.00910569,leviticus,major_minor,cross_reset
3,38,1-1-3,28,0.00910569,leviticus,major_minor,cross_reset
3,39,4-1-2,28,0.00910569,leviticus,major_minor,cross_reset
3,40,4-2-1,27,0.00878049,leviticus,major_minor,cross_reset
3,41,2-4-1,27,0.00878049,leviticus,major_minor,cross_reset
3,42,1-4-3,25,0.00813008,leviticus,major_minor,cross_reset
3,43,1-3-4,25,0.00813008,leviticus,major_minor,cross_reset
3,44,3-1-4,25,0.00813008,leviticus,major_minor,cross_reset
3,45,1-2-4,25,0.00813008,leviticus,major_minor,cross_reset
3,46,3-4-4,24,0.00780488,leviticus,major_minor,cross_reset
3,47,4-3-1,23,0.00747967,leviticus,major_minor,cross_reset
3,48,4-2-4,23,0.00747967,leviticus,major_minor,cross_reset
3,49,1-3-1,23,0.00747967,leviticus,major_minor,cross_reset
3,50,4-1-3,22,0.00715447,leviticus,major_minor,cross_reset
4,1,3-3-3-3,43,0.01398829,leviticus,major_minor,cross_reset
4,2,3-2-2-3,40,0.01301236,leviticus,major_minor,cross_reset
4,3,2-3-3-3,33,0.0107352,leviticus,major_minor,cross_reset
4,4,3-3-2-2,33,0.0107352,leviticus,major_minor,cross_reset
4,5,3-3-2-3,30,0.00975927,leviticus,major_minor,cross_reset
4,6,2-2-3-3,30,0.00975927,leviticus,major_minor,cross_reset
4,7,2-2-3-2,30,0.00975927,leviticus,major_minor,cross_reset
4,8,2-3-2-2,29,0.00943396,leviticus,major_minor,cross_reset
4,9,3-3-3-2,28,0.00910865,leviticus,major_minor,cross_reset
4,10,2-2-2-3,24,0.00780742,leviticus,major_minor,cross_reset
4,11,3-2-3-2,24,0.00780742,leviticus,major_minor,cross_reset
4,12,2-1-2-2,23,0.00748211,leviticus,major_minor,cross_reset
4,13,3-2-3-3,22,0.0071568,leviticus,major_minor,cross_reset
4,14,3-3-3-1,22,0.0071568,leviticus,major_minor,cross_reset
4,15,2-3-3-2,21,0.00683149,leviticus,major_minor,cross_reset
4,16,2-3-4-3,19,0.00618087,leviticus,major_minor,cross_reset
4,17,4-3-3-3,19,0.00618087,leviticus,major_minor,cross_reset
4,18,2-2-4-2,19,0.00618087,leviticus,major_minor,cross_reset
4,19,3-2-1-3,19,0.00618087,leviticus,major_minor,cross_reset
4,20,3-2-1-2,19,0.00618087,leviticus,major_minor,cross_reset
4,21,3-2-2-2,18,0.00585556,leviticus,major_minor,cross_reset
4,22,2-2-1-3,18,0.00585556,leviticus,major_minor,cross_reset
4,23,2-1-3-2,18,0.00585556,leviticus,major_minor,cross_reset
4,24,2-3-2-4,18,0.00585556,leviticus,major_minor,cross_reset
4,25,2-1-1-2,18,0.00585556,leviticus,major_minor,cross_reset
4,26,3-2-2-4,18,0.00585556,leviticus,major_minor,cross_reset
4,27,3-3-1-3,17,0.00553025,leviticus,major_minor,cross_reset
4,28,3-1-3-3,17,0.00553025,leviticus,major_minor,cross_reset
4,29,2-2-2-2,17,0.00553025,leviticus,major_minor,cross_reset
4,30,1-3-2-3,17,0.00553025,leviticus,major_minor,cross_reset
4,31,3-2-3-4,17,0.00553025,leviticus,major_minor,cross_reset
4,32,2-4-2-3,17,0.00553025,leviticus,major_minor,cross_reset
4,33,2-1-3-3,17,0.00553025,leviticus,major_minor,cross_reset
4,34,3-1-3-2,17,0.00553025,leviticus,major_minor,cross_reset
4,35,2-3-2-3,16,0.00520494,leviticus,major_minor,cross_reset
4,36,2-2-3-4,16,0.00520494,leviticus,major_minor,cross_reset
4,37,4-3-3-2,16,0.00520494,leviticus,major_minor,cross_reset
4,38,3-2-4-2,16,0.00520494,leviticus,major_minor,cross_reset
4,39,1-2-2-3,16,0.00520494,leviticus,major_minor,cross_reset
4,40,3-4-3-3,16,0.00520494,leviticus,major_minor,cross_reset
4,41,3-3-4-3,15,0.00487964,leviticus,major_minor,cross_reset
4,42,1-3-2-1,15,0.00487964,leviticus,major_minor,cross_reset
4,43,2-3-3-1,15,0.00487964,leviticus,major_minor,cross_reset
4,44,1-2-2-2,15,0.00487964,leviticus,major_minor,cross_reset
4,45,3-1-2-2,14,0.00455433,leviticus,major_minor,cross_reset
4,46,3-4-3-2,14,0.00455433,leviticus,major_minor,cross_reset
4,47,2-4-2-2,14,0.00455433,leviticus,major_minor,cross_reset
4,48,3-3-1-2,14,0.00455433,leviticus,major_minor,cross_reset
4,49,3-3-3-4,14,0.00455433,leviticus,major_minor,cross_reset
4,50,4-3-2-2,14,0.00455433,leviticus,major_minor,cross_reset
5,1,3-3-3-3-3,16,0.00520664,leviticus,major_minor,cross_reset
5,2,3-3-2-2-3,15,0.00488122,leviticus,major_minor,cross_reset
5,3,2-3-3-3-3,13,0.00423039,leviticus,major_minor,cross_reset
5,4,3-3-3-3-2,13,0.00423039,leviticus,major_minor,cross_reset
5,5,2-2-3-3-3,13,0.00423039,leviticus,major_minor,cross_reset
5,6,2-2-3-2-2,13,0.00423039,leviticus,major_minor,cross_reset
5,7,3-2-2-3-3,13,0.00423039,leviticus,major_minor,cross_reset
5,8,3-3-3-2-2,12,0.00390498,leviticus,major_minor,cross_reset
5,9,3-2-2-3-2,12,0.00390498,leviticus,major_minor,cross_reset
5,10,3-3-3-2-3,11,0.00357956,leviticus,major_minor,cross_reset
5,11,3-2-3-2-2,10,0.00325415,leviticus,major_minor,cross_reset
5,12,2-1-1-2-2,10,0.00325415,leviticus,major_minor,cross_reset
5,13,2-3-2-2-3,9,0.00292873,leviticus,major_minor,cross_reset
5,14,2-2-3-3-2,9,0.00292873,leviticus,major_minor,cross_reset
5,15,2-3-2-2-2,9,0.00292873,leviticus,major_minor,cross_reset
5,16,3-4-3-3-3,9,0.00292873,leviticus,major_minor,cross_reset
5,17,2-3-2-3-3,8,0.00260332,leviticus,major_minor,cross_reset
5,18,3-3-3-1-3,8,0.00260332,leviticus,major_minor,cross_reset
5,19,3-2-2-2-3,8,0.00260332,leviticus,major_minor,cross_reset
5,20,3-1-3-3-4,8,0.00260332,leviticus,major_minor,cross_reset
5,21,3-3-3-1-2,8,0.00260332,leviticus,major_minor,cross_reset
5,22,3-3-2-3-2,8,0.00260332,leviticus,major_minor,cross_reset
5,23,4-3-3-2-2,8,0.00260332,leviticus,major_minor,cross_reset
5,24,2-2-2-3-2,8,0.00260332,leviticus,major_minor,cross_reset
5,25,4-3-2-2-3,8,0.00260332,leviticus,major_minor,cross_reset
5,26,2-2-1-3-3,8,0.00260332,leviticus,major_minor,cross_reset
5,27,3-3-2-3-4,8,0.00260332,leviticus,major_minor,cross_reset
5,28,3-2-1-2-2,8,0.00260332,leviticus,major_minor,cross_reset
5,29,3-3-2-3-1,8,0.00260332,leviticus,major_minor,cross_reset
5,30,2-2-4-2-3,8,0.00260332,leviticus,major_minor,cross_reset
5,31,2-3-2-2-4,8,0.00260332,leviticus,major_minor,cross_reset
5,32,1-3-2-3-2,8,0.00260332,leviticus,major_minor,cross_reset
5,33,3-2-2-4-2,8,0.00260332,leviticus,major_minor,cross_reset
5,34,3-3-1-3-2,8,0.00260332,leviticus,major_minor,cross_reset
5,35,3-2-3-3-3,7,0.0022779,leviticus,major_minor,cross_reset
5,36,2-3-3-3-1,7,0.0022779,leviticus,major_minor,cross_reset
5,37,2-2-3-4-3,7,0.0022779,leviticus,major_minor,cross_reset
5,38,2-2-2-2-3,7,0.0022779,leviticus,major_minor,cross_reset
5,39,2-3-2-4-4,7,0.0022779,leviticus,major_minor,cross_reset
5,40,2-2-3-2-4,7,0.0022779,leviticus,major_minor,cross_reset
5,41,3-2-4-2-3,7,0.0022779,leviticus,major_minor,cross_reset
5,42,2-4-2-3-2,7,0.0022779,leviticus,major_minor,cross_reset
5,43,2-3-3-2-3,7,0.0022779,leviticus,major_minor,cross_reset
5,44,2-1-2-2-3,7,0.0022779,leviticus,major_minor,cross_reset
5,45,1-2-3-3-3,7,0.0022779,leviticus,major_minor,cross_reset
5,46,2-3-3-3-2,7,0.0022779,leviticus,major_minor,cross_reset
5,47,3-3-3-4-3,7,0.0022779,leviticus,major_minor,cross_reset
5,48,3-2-2-1-3,7,0.0022779,leviticus,major_minor,cross_reset
5,49,3-2-4-3-2,7,0.0022779,leviticus,major_minor,cross_reset
5,50,2-3-3-2-2,7,0.0022779,leviticus,major_minor,cross_reset
6,1,2-3-3-3-3-3,7,0.00227865,leviticus,major_minor,cross_reset
6,2,2-2-3-3-3-3,7,0.00227865,leviticus,major_minor,cross_reset
6,3,3-2-2-3-3-2,7,0.00227865,leviticus,major_minor,cross_reset
6,4,3-3-2-2-3-3,6,0.00195312,leviticus,major_minor,cross_reset
6,5,3-2-2-3-3-3,6,0.00195312,leviticus,major_minor,cross_reset
6,6,3-3-3-3-2-3,6,0.00195312,leviticus,major_minor,cross_reset
6,7,3-2-2-3-2-2,6,0.00195312,leviticus,major_minor,cross_reset
6,8,3-3-3-1-3-3,5,0.0016276,leviticus,major_minor,cross_reset
6,9,3-2-3-3-3-3,5,0.0016276,leviticus,major_minor,cross_reset
6,10,3-3-3-3-3-2,5,0.0016276,leviticus,major_minor,cross_reset
6,11,3-2-3-2-4-4,5,0.0016276,leviticus,major_minor,cross_reset
6,12,3-2-2-3-2-4,5,0.0016276,leviticus,major_minor,cross_reset
6,13,3-2-4-2-3-2,5,0.0016276,leviticus,major_minor,cross_reset
6,14,3-3-3-3-3-3,5,0.0016276,leviticus,major_minor,cross_reset
6,15,3-2-2-1-3-3,5,0.0016276,leviticus,major_minor,cross_reset
6,16,2-2-3-2-2-2,5,0.0016276,leviticus,major_minor,cross_reset
6,17,2-3-2-2-2-3,5,0.0016276,leviticus,major_minor,cross_reset
6,18,3-3-3-2-3-4,5,0.0016276,leviticus,major_minor,cross_reset
6,19,1-3-2-3-2-2,5,0.0016276,leviticus,major_minor,cross_reset
6,20,2-3-2-2-4-2,5,0.0016276,leviticus,major_minor,cross_reset
6,21,2-1-1-2-2-2,5,0.0016276,leviticus,major_minor,cross_reset
6,22,2-3-3-3-1-3,4,0.00130208,leviticus,major_minor,cross_reset
6,23,3-3-3-3-2-2,4,0.00130208,leviticus,major_minor,cross_reset
6,24,3-3-3-2-2-2,4,0.00130208,leviticus,major_minor,cross_reset
6,25,3-3-3-1-2-2,4,0.00130208,leviticus,major_minor,cross_reset
6,26,3-3-2-3-2-3,4,0.00130208,leviticus,major_minor,cross_reset
6,27,2-3-2-3-2-4,4,0.00130208,leviticus,major_minor,cross_reset
6,28,3-3-3-2-2-3,4,0.00130208,leviticus,major_minor,cross_reset
6,29,3-3-2-2-3-2,4,0.00130208,leviticus,major_minor,cross_reset
6,30,2-2-3-2-4-2,4,0.00130208,leviticus,major_minor,cross_reset
6,31,2-3-2-4-2-3,4,0.00130208,leviticus,major_minor,cross_reset
6,32,4-3-3-2-2-3,4,0.00130208,leviticus,major_minor,cross_reset
6,33,2-2-3-2-2-3,4,0.00130208,leviticus,major_minor,cross_reset
6,34,3-3-3-3-4-3,4,0.00130208,leviticus,major_minor,cross_reset
6,35,3-4-3-3-2-2,4,0.00130208,leviticus,major_minor,cross_reset
6,36,3-3-2-2-1-3,4,0.00130208,leviticus,major_minor,cross_reset
6,37,3-2-3-2-2-3,4,0.00130208,leviticus,major_minor,cross_reset
6,38,1-2-1-1-2-2,4,0.00130208,leviticus,major_minor,cross_reset
6,39,3-3-2-3-4-3,4,0.00130208,leviticus,major_minor,cross_reset
6,40,3-2-2-3-4-3,4,0.00130208,leviticus,major_minor,cross_reset
6,41,2-2-3-4-3-3,4,0.00130208,leviticus,major_minor,cross_reset
6,42,3-1-3-2-1-3,4,0.00130208,leviticus,major_minor,cross_reset
6,43,1-3-2-1-3-2,4,0.00130208,leviticus,major_minor,cross_reset
6,44,3-2-1-2-2-3,4,0.00130208,leviticus,major_minor,cross_reset
6,45,2-3-2-2-3-2,4,0.00130208,leviticus,major_minor,cross_reset
6,46,3-3-2-3-2-2,4,0.00130208,leviticus,major_minor,cross_reset
6,47,3-2-3-2-2-4,4,0.00130208,leviticus,major_minor,cross_reset
6,48,4-3-3-2-3-2,4,0.00130208,leviticus,major_minor,cross_reset
6,49,3-3-3-2-3-1,4,0.00130208,leviticus,major_minor,cross_reset
6,50,3-2-4-3-2-2,4,0.00130208,leviticus,major_minor,cross_reset
2,1,2-2,1475,0.14271892,leviticus,major_minor,all
2,2,3-2,1244,0.12036768,leviticus,major_minor,all
2,3,2-3,1220,0.11804548,leviticus,major_minor,all
2,4,3-3,1182,0.11436865,leviticus,major_minor,all
2,5,2-1,576,0.05573295,leviticus,major_minor,all
2,6,1-2,551,0.05331398,leviticus,major_minor,all
2,7,4-2,471,0.04557329,leviticus,major_minor,all
2,8,3-1,464,0.04489598,leviticus,major_minor,all
2,9,2-4,444,0.04296081,leviticus,major_minor,all
2,10,1-3,430,0.04160619,leviticus,major_minor,all
2,11,3-4,366,0.03541364,leviticus,major_minor,all
2,12,4-3,365,0.03531688,leviticus,major_minor,all
2,13,1-1,197,0.01906144,leviticus,major_minor,all
2,14,1-4,195,0.01886792,leviticus,major_minor,all
2,15,4-1,194,0.01877117,leviticus,major_minor,all
2,16,4-4,142,0.01373972,leviticus,major_minor,all
2,17,2-5,135,0.01306241,leviticus,major_minor,all
2,18,5-2,110,0.01064344,leviticus,major_minor,all
2,19,5-3,104,0.01006289,leviticus,major_minor,all
2,20,1-5,77,0.00745041,leviticus,major_minor,all
2,21,3-5,64,0.00619255,leviticus,major_minor,all
2,22,5-4,48,0.00464441,leviticus,major_minor,all
2,23,5-1,46,0.0044509,leviticus,major_minor,all
2,24,1-6,32,0.00309627,leviticus,major_minor,all
2,25,4-5,32,0.00309627,leviticus,major_minor,all
2,26,6-3,31,0.00299952,leviticus,major_minor,all
2,27,6-2,26,0.00251572,leviticus,major_minor,all
2,28,2-6,25,0.00241896,leviticus,major_minor,all
2,29,3-6,15,0.00145138,leviticus,major_minor,all
2,30,6-4,14,0.00135462,leviticus,major_minor,all
2,31,5-5,13,0.00125786,leviticus,major_minor,all
2,32,2-7,8,0.00077407,leviticus,major_minor,all
2,33,6-1,7,0.00067731,leviticus,major_minor,all
2,34,7-2,7,0.00067731,leviticus,major_minor,all
2,35,4-6,6,0.00058055,leviticus,major_minor,all
2,36,7-3,5,0.00048379,leviticus,major_minor,all
2,37,1-7,4,0.00038703,leviticus,major_minor,all
2,38,3-7,3,0.00029028,leviticus,major_minor,all
2,39,6-5,2,0.00019352,leviticus,major_minor,all
2,40,5-6,2,0.00019352,leviticus,major_minor,all
2,41,7-1,2,0.00019352,leviticus,major_minor,all
2,42,7-4,1,9.676e-05,leviticus,major_minor,all
3,1,2-2-2,544,0.05264177,leviticus,major_minor,all
3,2,2-2-3,476,0.04606154,leviticus,major_minor,all
3,3,3-2-2,466,0.04509386,leviticus,major_minor,all
3,4,3-3-3,451,0.04364235,leviticus,major_minor,all
3,5,2-3-2,450,0.04354558,leviticus,major_minor,all
3,6,3-3-2,447,0.04325527,leviticus,major_minor,all
3,7,2-3-3,426,0.04122315,leviticus,major_minor,all
3,8,3-2-3,404,0.03909425,leviticus,major_minor,all
3,9,2-2-1,227,0.02196632,leviticus,major_minor,all
3,10,1-2-2,214,0.02070834,leviticus,major_minor,all
3,11,2-1-2,209,0.0202245,leviticus,major_minor,all
3,12,4-2-2,197,0.01906329,leviticus,major_minor,all
3,13,3-2-1,184,0.0178053,leviticus,major_minor,all
3,14,2-4-2,176,0.01703116,leviticus,major_minor,all
3,15,1-3-2,170,0.01645055,leviticus,major_minor,all
3,16,2-3-1,167,0.01616025,leviticus,major_minor,all
3,17,3-1-2,165,0.01596671,leviticus,major_minor,all
3,18,2-2-4,162,0.01567641,leviticus,major_minor,all
3,19,2-1-3,157,0.01519257,leviticus,major_minor,all
3,20,1-2-3,155,0.01499903,leviticus,major_minor,all
3,21,3-3-1,155,0.01499903,leviticus,major_minor,all
3,22,2-3-4,151,0.01461196,leviticus,major_minor,all
3,23,3-1-3,149,0.01441842,leviticus,major_minor,all
3,24,3-2-4,142,0.01374105,leviticus,major_minor,all
3,25,1-3-3,139,0.01345075,leviticus,major_minor,all
3,26,4-2-3,136,0.01316044,leviticus,major_minor,all
3,27,3-4-2,135,0.01306367,leviticus,major_minor,all
3,28,2-4-3,133,0.01287014,leviticus,major_minor,all
3,29,4-3-2,129,0.01248307,leviticus,major_minor,all
3,30,4-3-3,119,0.01151539,leviticus,major_minor,all
3,31,3-4-3,108,0.01045094,leviticus,major_minor,all
3,32,3-3-4,104,0.01006387,leviticus,major_minor,all
3,33,1-2-1,96,0.00928972,leviticus,major_minor,all
3,34,2-1-4,85,0.00822528,leviticus,major_minor,all
3,35,2-1-1,84,0.00812851,leviticus,major_minor,all
3,36,1-4-2,83,0.00803174,leviticus,major_minor,all
3,37,4-1-2,78,0.0075479,leviticus,major_minor,all
3,38,1-1-2,76,0.00735436,leviticus,major_minor,all
3,39,1-3-1,72,0.00696729,leviticus,major_minor,all
3,40,2-4-1,71,0.00687052,leviticus,major_minor,all
3,41,1-2-4,69,0.00667699,leviticus,major_minor,all
3,42,3-4-1,68,0.00658022,leviticus,major_minor,all
3,43,1-4-3,65,0.00628992,leviticus,major_minor,all
3,44,1-1-3,60,0.00580608,leviticus,major_minor,all
3,45,3-1-1,59,0.00570931,leviticus,major_minor,all
3,46,3-1-4,57,0.00551577,leviticus,major_minor,all
3,47,4-2-1,57,0.00551577,leviticus,major_minor,all
3,48,4-3-1,53,0.0051287,leviticus,major_minor,all
3,49,4-2-4,53,0.0051287,leviticus,major_minor,all
3,50,2-5-2,52,0.00503193,leviticus,major_minor,all
4,1,2-2-2-2,220,0.02129101,leviticus,major_minor,all
4,2,2-2-3-2,193,0.01867802,leviticus,major_minor,all
4,3,2-3-3-3,188,0.01819414,leviticus,major_minor,all
4,4,3-3-3-2,184,0.01780703,leviticus,major_minor,all
4,5,2-3-2-2,183,0.01771025,leviticus,major_minor,all
4,6,3-3-2-2,167,0.01616181,leviticus,major_minor,all
4,7,3-2-2-3,167,0.01616181,leviticus,major_minor,all
4,8,3-3-3-3,162,0.01567793,leviticus,major_minor,all
4,9,2-2-2-3,159,0.01538759,leviticus,major_minor,all
4,10,3-2-3-3,154,0.01490371,leviticus,major_minor,all
4,11,3-2-2-2,152,0.01471015,leviticus,major_minor,all
4,12,2-2-3-3,149,0.01441982,leviticus,major_minor,all
4,13,3-3-2-3,144,0.01393593,leviticus,major_minor,all
4,14,2-3-3-2,139,0.01345205,leviticus,major_minor,all
4,15,3-2-3-2,137,0.01325849,leviticus,major_minor,all
4,16,2-3-2-3,131,0.01267783,leviticus,major_minor,all
4,17,2-2-2-1,85,0.00822607,leviticus,major_minor,all
4,18,2-1-2-2,84,0.00812929,leviticus,major_minor,all
4,19,1-2-2-2,84,0.00812929,leviticus,major_minor,all
4,20,2-2-1-2,83,0.00803252,leviticus,major_minor,all
4,21,3-2-2-1,73,0.00706474,leviticus,major_minor,all
4,22,4-2-2-2,72,0.00696797,leviticus,major_minor,all
4,23,1-3-2-3,71,0.00687119,leviticus,major_minor,all
4,24,3-1-2-2,70,0.00677441,leviticus,major_minor,all
4,25,2-2-1-3,69,0.00667763,leviticus,major_minor,all
4,26,3-2-1-2,67,0.00648408,leviticus,major_minor,all
4,27,2-2-3-1,66,0.0063873,leviticus,major_minor,all
4,28,3-1-3-2,65,0.00629053,leviticus,major_minor,all
4,29,1-2-2-3,65,0.00629053,leviticus,major_minor,all
4,30,2-2-4-2,65,0.00629053,leviticus,major_minor,all
4,31,2-4-2-2,65,0.00629053,leviticus,major_minor,all
4,32,4-2-2-3,64,0.00619375,leviticus,major_minor,all
4,33,3-3-2-1,63,0.00609697,leviticus,major_minor,all
4,34,3-4-2-2,63,0.00609697,leviticus,major_minor,all
4,35,2-3-1-2,63,0.00609697,leviticus,major_minor,all
4,36,2-1-2-3,63,0.00609697,leviticus,major_minor,all
4,37,2-3-2-1,62,0.00600019,leviticus,major_minor,all
4,38,3-2-4-2,60,0.00580664,leviticus,major_minor,all
4,39,3-3-3-1,59,0.00570986,leviticus,major_minor,all
4,40,1-3-2-2,59,0.00570986,leviticus,major_minor,all
4,41,3-2-3-4,59,0.00570986,leviticus,major_minor,all
4,42,2-1-3-2,59,0.00570986,leviticus,major_minor,all
4,43,2-4-2-3,59,0.00570986,leviticus,major_minor,all
4,44,2-3-1-3,58,0.00561308,leviticus,major_minor,all
4,45,2-2-3-4,58,0.00561308,leviticus,major_minor,all
4,46,2-2-2-4,56,0.00541953,leviticus,major_minor,all
4,47,3-3-2-4,56,0.00541953,leviticus,major_minor,all
4,48,1-3-3-2,55,0.00532275,leviticus,major_minor,all
4,49,2-1-3-3,53,0.0051292,leviticus,major_minor,all
4,50,2-3-4-2,52,0.00503242,leviticus,major_minor,all
5,1,2-2-2-2-2,97,0.00938831,leviticus,major_minor,all
5,2,2-2-3-2-2,84,0.00813008,leviticus,major_minor,all
5,3,3-2-2-3-2,76,0.00735579,leviticus,major_minor,all
5,4,3-3-3-2-2,75,0.007259,leviticus,major_minor,all
5,5,2-3-3-3-2,74,0.00716221,leviticus,major_minor,all
5,6,2-2-2-2-3,72,0.00696864,leviticus,major_minor,all
5,7,2-2-3-3-3,71,0.00687185,leviticus,major_minor,all
5,8,2-3-2-2-3,67,0.00648471,leviticus,major_minor,all
5,9,3-3-3-3-3,67,0.00648471,leviticus,major_minor,all
5,10,3-3-3-3-2,66,0.00638792,leviticus,major_minor,all
5,11,2-3-3-3-3,64,0.00619435,leviticus,major_minor,all
5,12,3-2-3-3-3,63,0.00609756,leviticus,major_minor,all
5,13,2-3-2-2-2,61,0.00590399,leviticus,major_minor,all
5,14,3-3-2-2-3,61,0.00590399,leviticus,major_minor,all
5,15,2-2-2-3-2,59,0.00571041,leviticus,major_minor,all
5,16,3-2-2-2-2,59,0.00571041,leviticus,major_minor,all
5,17,2-3-3-2-3,59,0.00571041,leviticus,major_minor,all
5,18,3-3-2-2-2,58,0.00561363,leviticus,major_minor,all
5,19,2-3-2-3-3,57,0.00551684,leviticus,major_minor,all
5,20,3-2-3-3-2,54,0.00522648,leviticus,major_minor,all
5,21,2-2-3-2-3,53,0.00512969,leviticus,major_minor,all
5,22,2-2-3-3-2,53,0.00512969,leviticus,major_minor,all
5,23,3-3-2-3-2,52,0.00503291,leviticus,major_minor,all
5,24,3-2-3-2-2,51,0.00493612,leviticus,major_minor,all
5,25,3-2-2-3-3,50,0.00483933,leviticus,major_minor,all
5,26,3-3-3-2-3,50,0.00483933,leviticus,major_minor,all
5,27,3-3-2-3-3,49,0.00474255,leviticus,major_minor,all
5,28,2-2-2-3-3,48,0.00464576,leviticus,major_minor,all
5,29,2-3-3-2-2,45,0.0043554,leviticus,major_minor,all
5,30,3-2-3-2-3,44,0.00425861,leviticus,major_minor,all
5,31,3-2-2-2-3,42,0.00406504,leviticus,major_minor,all
5,32,2-1-2-2-2,40,0.00387147,leviticus,major_minor,all
5,33,2-3-2-3-2,40,0.00387147,leviticus,major_minor,all
5,34,2-2-2-3-1,32,0.00309717,leviticus,major_minor,all
5,35,4-2-2-2-2,31,0.00300039,leviticus,major_minor,all
5,36,3-2-1-2-2,30,0.0029036,leviticus,major_minor,all
5,37,3-1-3-2-3,30,0.0029036,leviticus,major_minor,all
5,38,2-2-1-2-2,30,0.0029036,leviticus,major_minor,all
5,39,2-3-3-3-1,30,0.0029036,leviticus,major_minor,all
5,40,2-2-2-1-3,29,0.00280681,leviticus,major_minor,all
5,41,1-2-2-2-2,29,0.00280681,leviticus,major_minor,all
5,42,1-3-2-3-2,28,0.00271003,leviticus,major_minor,all
5,43,2-2-3-2-1,28,0.00271003,leviticus,major_minor,all
5,44,3-3-3-2-4,27,0.00261324,leviticus,major_minor,all
5,45,2-2-2-1-2,27,0.00261324,leviticus,major_minor,all
5,46,1-2-3-3-3,27,0.00261324,leviticus,major_minor,all
5,47,2-3-2-2-1,27,0.00261324,leviticus,major_minor,all
5,48,2-2-1-3-3,27,0.00261324,leviticus,major_minor,all
5,49,4-2-2-3-2,27,0.00261324,leviticus,major_minor,all
5,50,3-3-1-2-2,27,0.00261324,leviticus,major_minor,all
6,1,2-2-2-2-2-2,41,0.00396864,leviticus,major_minor,all
6,2,3-3-3-3-2-2,34,0.00329107,leviticus,major_minor,all
6,3,2-2-3-2-2-2,34,0.00329107,leviticus,major_minor,all
6,4,3-3-2-2-3-2,33,0.00319427,leviticus,major_minor,all
6,5,3-2-2-3-2-2,31,0.00300068,leviticus,major_minor,all
6,6,2-2-2-2-2-3,30,0.00290388,leviticus,major_minor,all
6,7,2-2-3-3-3-2,29,0.00280709,leviticus,major_minor,all
6,8,3-3-3-3-3-2,29,0.00280709,leviticus,major_minor,all
6,9,3-2-3-3-2-3,29,0.00280709,leviticus,major_minor,all
6,10,2-3-2-2-3-2,28,0.00271029,leviticus,major_minor,all
6,11,2-3-3-3-3-2,28,0.00271029,leviticus,major_minor,all
6,12,3-3-3-2-2-2,28,0.00271029,leviticus,major_minor,all
6,13,2-2-2-2-3-2,27,0.00261349,leviticus,major_minor,all
6,14,3-2-3-3-3-3,27,0.00261349,leviticus,major_minor,all
6,15,2-3-3-3-3-3,27,0.00261349,leviticus,major_minor,all
6,16,2-2-3-2-2-3,27,0.00261349,leviticus,major_minor,all
6,17,2-2-2-3-2-2,26,0.0025167,leviticus,major_minor,all
6,18,2-3-3-3-2-3,25,0.0024199,leviticus,major_minor,all
6,19,3-2-2-2-2-2,25,0.0024199,leviticus,major_minor,all
6,20,2-3-3-3-2-2,25,0.0024199,leviticus,major_minor,all
6,21,3-3-3-2-2-3,25,0.0024199,leviticus,major_minor,all
6,22,2-2-3-2-3-3,24,0.00232311,leviticus,major_minor,all
6,23,3-2-2-3-3-3,24,0.00232311,leviticus,major_minor,all
6,24,3-3-2-3-3-3,24,0.00232311,leviticus,major_minor,all
6,25,3-3-3-3-3-3,24,0.00232311,leviticus,major_minor,all
6,26,2-3-2-2-2-2,23,0.00222631,leviticus,major_minor,all
6,27,2-2-2-3-3-3,23,0.00222631,leviticus,major_minor,all
6,28,3-3-2-2-2-2,22,0.00212951,leviticus,major_minor,all
6,29,2-2-3-3-3-3,22,0.00212951,leviticus,major_minor,all
6,30,2-2-2-2-3-3,22,0.00212951,leviticus,major_minor,all
6,31,3-2-2-3-2-3,22,0.00212951,leviticus,major_minor,all
6,32,2-2-3-3-2-2,21,0.00203272,leviticus,major_minor,all
6,33,2-3-2-3-3-3,21,0.00203272,leviticus,major_minor,all
6,34,3-2-3-2-2-3,21,0.00203272,leviticus,major_minor,all
6,35,2-3-2-3-3-2,20,0.00193592,leviticus,major_minor,all
6,36,2-3-3-2-3-3,20,0.00193592,leviticus,major_minor,all
6,37,3-2-3-2-3-3,20,0.00193592,leviticus,major_minor,all
6,38,2-2-2-3-2-3,19,0.00183912,leviticus,major_minor,all
6,39,2-3-3-2-2-2,19,0.00183912,leviticus,major_minor,all
6,40,3-2-2-2-2-3,19,0.00183912,leviticus,major_minor,all
6,41,2-3-2-2-3-3,19,0.00183912,leviticus,major_minor,all
6,42,3-3-3-2-3-3,19,0.00183912,leviticus,major_minor,all
6,43,3-3-2-3-2-2,19,0.00183912,leviticus,major_minor,all
6,44,2-3-3-2-3-2,19,0.00183912,leviticus,major_minor,all
6,45,3-2-3-3-3-2,18,0.00174233,leviticus,major_minor,all
6,46,3-2-2-3-3-2,18,0.00174233,leviticus,major_minor,all
6,47,3-3-2-3-2-3,17,0.00164553,leviticus,major_minor,all
6,48,2-3-2-2-2-3,17,0.00164553,leviticus,major_minor,all
6,49,2-2-3-3-2-3,17,0.00164553,leviticus,major_minor,all
6,50,3-2-1-2-2-2,16,0.00154874,leviticus,major_minor,all
2,1,2-2,2220,0.15350574,numbers,continuous,continuous
2,2,3-2,1811,0.12522473,numbers,continuous,continuous
2,3,2-3,1793,0.12398009,numbers,continuous,continuous
2,4,3-3,1437,0.09936385,numbers,continuous,continuous
2,5,2-1,703,0.04861015,numbers,continuous,continuous
2,6,4-2,663,0.04584428,numbers,continuous,continuous
2,7,3-1,654,0.04522196,numbers,continuous,continuous
2,8,1-2,624,0.04314756,numbers,continuous,continuous
2,9,2-4,611,0.04224865,numbers,continuous,continuous
2,10,1-3,600,0.04148804,numbers,continuous,continuous
2,11,4-3,546,0.03775411,numbers,continuous,continuous
2,12,3-4,522,0.03609459,numbers,continuous,continuous
2,13,1-4,342,0.02364818,numbers,continuous,continuous
2,14,4-1,280,0.01936108,numbers,continuous,continuous
2,15,1-1,195,0.01348361,numbers,continuous,continuous
2,16,5-2,191,0.01320703,numbers,continuous,continuous
2,17,4-4,185,0.01279214,numbers,continuous,continuous
2,18,2-5,183,0.01265385,numbers,continuous,continuous
2,19,5-3,155,0.01071774,numbers,continuous,continuous
2,20,3-5,135,0.00933481,numbers,continuous,continuous
2,21,1-5,107,0.0073987,numbers,continuous,continuous
2,22,5-1,82,0.00567003,numbers,continuous,continuous
2,23,6-2,52,0.00359563,numbers,continuous,continuous
2,24,4-5,51,0.00352648,numbers,continuous,continuous
2,25,5-4,51,0.00352648,numbers,continuous,continuous
2,26,2-6,50,0.00345734,numbers,continuous,continuous
2,27,1-6,49,0.00338819,numbers,continuous,continuous
2,28,6-3,34,0.00235099,numbers,continuous,continuous
2,29,6-1,16,0.00110635,numbers,continuous,continuous
2,30,3-6,15,0.0010372,numbers,continuous,continuous
2,31,6-4,15,0.0010372,numbers,continuous,continuous
2,32,5-5,13,0.00089891,numbers,continuous,continuous
2,33,1-7,11,0.00076061,numbers,continuous,continuous
2,34,2-7,11,0.00076061,numbers,continuous,continuous
2,35,7-3,11,0.00076061,numbers,continuous,continuous
2,36,7-2,8,0.00055317,numbers,continuous,continuous
2,37,6-5,5,0.00034573,numbers,continuous,continuous
2,38,5-6,4,0.00027659,numbers,continuous,continuous
2,39,4-6,4,0.00027659,numbers,continuous,continuous
2,40,7-4,4,0.00027659,numbers,continuous,continuous
2,41,7-5,3,0.00020744,numbers,continuous,continuous
2,42,3-7,3,0.00020744,numbers,continuous,continuous
2,43,1-8,3,0.00020744,numbers,continuous,continuous
2,44,8-3,2,0.00013829,numbers,continuous,continuous
2,45,8-2,2,0.00013829,numbers,continuous,continuous
2,46,5-7,1,6.915e-05,numbers,continuous,continuous
2,47,3-8,1,6.915e-05,numbers,continuous,continuous
2,48,6-6,1,6.915e-05,numbers,continuous,continuous
2,49,7-7,1,6.915e-05,numbers,continuous,continuous
2,50,4-7,1,6.915e-05,numbers,continuous,continuous
3,1,2-2-2,921,0.06368854,numbers,continuous,continuous
3,2,3-2-2,722,0.04992739,numbers,continuous,continuous
3,3,2-3-2,696,0.04812945,numbers,continuous,continuous
3,4,2-2-3,677,0.04681557,numbers,continuous,continuous
3,5,3-2-3,604,0.04176751,numbers,continuous,continuous
3,6,3-3-2,588,0.04066109,numbers,continuous,continuous
3,7,2-3-3,575,0.03976212,numbers,continuous,continuous
3,8,3-3-3,450,0.03111818,numbers,continuous,continuous
3,9,2-2-1,272,0.01880921,numbers,continuous,continuous
3,10,4-2-2,263,0.01818685,numbers,continuous,continuous
3,11,2-2-4,262,0.0181177,numbers,continuous,continuous
3,12,2-3-1,254,0.01756448,numbers,continuous,continuous
3,13,2-4-2,235,0.01625061,numbers,continuous,continuous
3,14,4-3-2,230,0.01590485,numbers,continuous,continuous
3,15,1-2-2,229,0.0158357,numbers,continuous,continuous
3,16,3-2-1,228,0.01576654,numbers,continuous,continuous
3,17,3-1-2,224,0.01548994,numbers,continuous,continuous
3,18,2-1-3,222,0.01535164,numbers,continuous,continuous
3,19,3-1-3,221,0.01528248,numbers,continuous,continuous
3,20,1-2-3,220,0.01521333,numbers,continuous,continuous
3,21,3-4-2,218,0.01507503,numbers,continuous,continuous
3,22,1-3-2,217,0.01500588,numbers,continuous,continuous
3,23,2-4-3,213,0.01472927,numbers,continuous,continuous
3,24,2-1-2,200,0.0138303,numbers,continuous,continuous
3,25,3-3-1,200,0.0138303,numbers,continuous,continuous
3,26,4-2-3,194,0.01341539,numbers,continuous,continuous
3,27,2-3-4,191,0.01320794,numbers,continuous,continuous
3,28,1-3-3,178,0.01230897,numbers,continuous,continuous
3,29,3-2-4,177,0.01223982,numbers,continuous,continuous
3,30,3-3-4,168,0.01161745,numbers,continuous,continuous
3,31,4-3-3,167,0.0115483,numbers,continuous,continuous
3,32,3-4-3,155,0.01071848,numbers,continuous,continuous
3,33,2-1-4,132,0.009128,numbers,continuous,continuous
3,34,1-4-2,117,0.00809073,numbers,continuous,continuous
3,35,1-3-1,104,0.00719176,numbers,continuous,continuous
3,36,4-1-2,101,0.0069843,numbers,continuous,continuous
3,37,1-4-3,93,0.00643109,numbers,continuous,continuous
3,38,2-1-1,90,0.00622364,numbers,continuous,continuous
3,39,1-2-1,89,0.00615448,numbers,continuous,continuous
3,40,3-1-4,88,0.00608533,numbers,continuous,continuous
3,41,2-4-1,88,0.00608533,numbers,continuous,continuous
3,42,4-2-1,87,0.00601618,numbers,continuous,continuous
3,43,3-4-1,80,0.00553212,numbers,continuous,continuous
3,44,1-3-4,79,0.00546297,numbers,continuous,continuous
3,45,5-2-3,76,0.00525551,numbers,continuous,continuous
3,46,1-4-1,76,0.00525551,numbers,continuous,continuous
3,47,4-1-3,75,0.00518636,numbers,continuous,continuous
3,48,4-3-1,75,0.00518636,numbers,continuous,continuous
3,49,4-2-4,74,0.00511721,numbers,continuous,continuous
3,50,4-4-2,73,0.00504806,numbers,continuous,continuous
4,1,2-2-2-2,396,0.02738589,numbers,continuous,continuous
4,2,2-3-2-2,300,0.02074689,numbers,continuous,continuous
4,3,3-2-2-2,290,0.02005533,numbers,continuous,continuous
4,4,2-2-3-2,288,0.01991701,numbers,continuous,continuous
4,5,2-2-2-3,279,0.01929461,numbers,continuous,continuous
4,6,2-3-3-2,249,0.01721992,numbers,continuous,continuous
4,7,3-2-2-3,237,0.01639004,numbers,continuous,continuous
4,8,2-3-2-3,233,0.01611342,numbers,continuous,continuous
4,9,3-2-3-3,222,0.0153527,numbers,continuous,continuous
4,10,3-2-3-2,217,0.01500692,numbers,continuous,continuous
4,11,3-3-2-2,213,0.01473029,numbers,continuous,continuous
4,12,3-3-2-3,208,0.01438451,numbers,continuous,continuous
4,13,2-2-3-3,207,0.01431535,numbers,continuous,continuous
4,14,3-3-3-2,194,0.01341632,numbers,continuous,continuous
4,15,2-3-3-3,172,0.01189488,numbers,continuous,continuous
4,16,3-3-3-3,139,0.00961272,numbers,continuous,continuous
4,17,2-2-2-4,108,0.00746888,numbers,continuous,continuous
4,18,4-2-2-2,103,0.0071231,numbers,continuous,continuous
4,19,1-2-2-2,102,0.00705394,numbers,continuous,continuous
4,20,2-2-4-2,100,0.00691563,numbers,continuous,continuous
4,21,2-2-2-1,100,0.00691563,numbers,continuous,continuous
4,22,2-4-2-2,100,0.00691563,numbers,continuous,continuous
4,23,2-2-4-3,97,0.00670816,numbers,continuous,continuous
4,24,2-2-1-3,97,0.00670816,numbers,continuous,continuous
4,25,3-2-2-1,96,0.006639,numbers,continuous,continuous
4,26,4-3-2-2,95,0.00656985,numbers,continuous,continuous
4,27,2-2-3-1,93,0.00643154,numbers,continuous,continuous
4,28,2-4-3-2,92,0.00636238,numbers,continuous,continuous
4,29,2-3-1-3,91,0.00629322,numbers,continuous,continuous
4,30,1-3-2-2,90,0.00622407,numbers,continuous,continuous
4,31,3-1-2-3,88,0.00608575,numbers,continuous,continuous
4,32,2-1-3-2,86,0.00594744,numbers,continuous,continuous
4,33,3-1-2-2,86,0.00594744,numbers,continuous,continuous
4,34,2-3-1-2,85,0.00587828,numbers,continuous,continuous
4,35,4-2-3-2,84,0.00580913,numbers,continuous,continuous
4,36,3-4-2-2,83,0.00573997,numbers,continuous,continuous
4,37,2-3-3-1,82,0.00567082,numbers,continuous,continuous
4,38,3-1-3-3,80,0.0055325,numbers,continuous,continuous
4,39,3-3-4-2,80,0.0055325,numbers,continuous,continuous
4,40,3-3-2-1,79,0.00546335,numbers,continuous,continuous
4,41,1-2-3-2,79,0.00546335,numbers,continuous,continuous
4,42,3-2-2-4,77,0.00532503,numbers,continuous,continuous
4,43,3-4-2-3,77,0.00532503,numbers,continuous,continuous
4,44,3-2-3-1,73,0.00504841,numbers,continuous,continuous
4,45,4-3-2-3,73,0.00504841,numbers,continuous,continuous
4,46,2-2-1-2,73,0.00504841,numbers,continuous,continuous
4,47,2-4-3-3,72,0.00497925,numbers,continuous,continuous
4,48,3-2-1-3,72,0.00497925,numbers,continuous,continuous
4,49,2-3-2-1,72,0.00497925,numbers,continuous,continuous
4,50,3-2-1-2,71,0.0049101,numbers,continuous,continuous
5,1,2-2-2-2-2,179,0.01237983,numbers,continuous,continuous
5,2,2-3-2-2-2,132,0.00912926,numbers,continuous,continuous
5,3,2-2-3-2-2,126,0.0087143,numbers,continuous,continuous
5,4,2-2-2-3-2,122,0.00843765,numbers,continuous,continuous
5,5,3-2-2-2-2,120,0.00829933,numbers,continuous,continuous
5,6,2-2-2-2-3,117,0.00809185,numbers,continuous,continuous
5,7,3-2-2-3-2,104,0.00719275,numbers,continuous,continuous
5,8,2-3-3-2-3,99,0.00684695,numbers,continuous,continuous
5,9,2-2-3-2-3,99,0.00684695,numbers,continuous,continuous
5,10,2-3-2-3-3,96,0.00663946,numbers,continuous,continuous
5,11,3-2-2-2-3,93,0.00643198,numbers,continuous,continuous
5,12,3-2-3-2-2,92,0.00636282,numbers,continuous,continuous
5,13,3-2-3-3-2,90,0.0062245,numbers,continuous,continuous
5,14,2-3-3-2-2,87,0.00601701,numbers,continuous,continuous
5,15,3-3-3-2-2,86,0.00594785,numbers,continuous,continuous
5,16,3-3-2-2-2,85,0.00587869,numbers,continuous,continuous
5,17,2-2-2-3-3,85,0.00587869,numbers,continuous,continuous
5,18,3-3-2-3-2,85,0.00587869,numbers,continuous,continuous
5,19,2-3-3-3-2,84,0.00580953,numbers,continuous,continuous
5,20,3-3-2-2-3,83,0.00574037,numbers,continuous,continuous
5,21,2-2-3-3-2,81,0.00560205,numbers,continuous,continuous
5,22,2-3-2-2-3,74,0.00511792,numbers,continuous,continuous
5,23,3-2-2-3-3,71,0.00491044,numbers,continuous,continuous
5,24,2-2-3-3-3,71,0.00491044,numbers,continuous,continuous
5,25,2-3-2-3-2,70,0.00484128,numbers,continuous,continuous
5,26,3-3-2-3-3,70,0.00484128,numbers,continuous,continuous
5,27,3-2-3-2-3,65,0.00449547,numbers,continuous,continuous
5,28,3-2-3-3-3,63,0.00435715,numbers,continuous,continuous
5,29,3-3-3-3-2,57,0.00394218,numbers,continuous,continuous
5,30,2-2-2-2-4,51,0.00352721,numbers,continuous,continuous
5,31,2-3-2-2-1,51,0.00352721,numbers,continuous,continuous
5,32,2-3-3-3-3,51,0.00352721,numbers,continuous,continuous
5,33,2-4-3-2-2,49,0.00338889,numbers,continuous,continuous
5,34,2-2-2-4-2,48,0.00331973,numbers,continuous,continuous
5,35,3-3-3-2-3,48,0.00331973,numbers,continuous,continuous
5,36,1-2-3-2-2,47,0.00325057,numbers,continuous,continuous
5,37,4-2-2-2-2,47,0.00325057,numbers,continuous,continuous
5,38,3-4-2-3-2,44,0.00304309,numbers,continuous,continuous
5,39,2-2-4-2-2,42,0.00290477,numbers,continuous,continuous
5,40,2-2-4-3-3,41,0.0028356,numbers,continuous,continuous
5,41,4-2-3-2-3,41,0.0028356,numbers,continuous,continuous
5,42,2-2-4-3-2,40,0.00276644,numbers,continuous,continuous
5,43,3-2-2-1-3,40,0.00276644,numbers,continuous,continuous
5,44,1-2-2-2-2,39,0.00269728,numbers,continuous,continuous
5,45,3-3-3-3-3,38,0.00262812,numbers,continuous,continuous
5,46,3-4-2-2-2,38,0.00262812,numbers,continuous,continuous
5,47,3-1-2-2-2,37,0.00255896,numbers,continuous,continuous
5,48,4-3-2-2-3,37,0.00255896,numbers,continuous,continuous
5,49,2-2-2-4-3,36,0.0024898,numbers,continuous,continuous
5,50,1-3-2-2-3,36,0.0024898,numbers,continuous,continuous
6,1,2-2-2-2-2-2,79,0.0054641,numbers,continuous,continuous
6,2,3-2-2-2-2-2,66,0.00456495,numbers,continuous,continuous
6,3,2-2-3-2-2-2,58,0.00401162,numbers,continuous,continuous
6,4,2-2-2-2-2-3,57,0.00394245,numbers,continuous,continuous
6,5,2-3-2-2-2-2,55,0.00380412,numbers,continuous,continuous
6,6,2-2-2-3-2-2,49,0.00338913,numbers,continuous,continuous
6,7,3-2-3-3-2-3,48,0.00331996,numbers,continuous,continuous
6,8,3-2-2-2-3-2,47,0.0032508,numbers,continuous,continuous
6,9,2-3-3-2-3-2,46,0.00318163,numbers,continuous,continuous
6,10,2-3-3-3-2-2,46,0.00318163,numbers,continuous,continuous
6,11,3-2-2-3-2-2,44,0.0030433,numbers,continuous,continuous
6,12,2-2-2-2-3-2,44,0.0030433,numbers,continuous,continuous
6,13,2-3-3-2-2-2,41,0.0028358,numbers,continuous,continuous
6,14,2-3-2-2-2-3,41,0.0028358,numbers,continuous,continuous
6,15,2-2-2-3-2-3,41,0.0028358,numbers,continuous,continuous
6,16,3-2-2-3-2-3,40,0.00276663,numbers,continuous,continuous
6,17,3-3-2-3-2-2,39,0.00269747,numbers,continuous,continuous
6,18,3-3-2-2-3-2,39,0.00269747,numbers,continuous,continuous
6,19,3-2-3-2-2-2,37,0.00255914,numbers,continuous,continuous
6,20,3-3-2-2-2-2,37,0.00255914,numbers,continuous,continuous
6,21,2-2-3-3-2-2,37,0.00255914,numbers,continuous,continuous
6,22,3-3-3-2-2-3,37,0.00255914,numbers,continuous,continuous
6,23,2-2-3-3-3-2,35,0.00242081,numbers,continuous,continuous
6,24,2-3-2-3-3-2,34,0.00235164,numbers,continuous,continuous
6,25,2-2-3-2-3-3,34,0.00235164,numbers,continuous,continuous
6,26,2-2-3-2-3-2,34,0.00235164,numbers,continuous,continuous
6,27,2-3-2-3-2-2,33,0.00228247,numbers,continuous,continuous
6,28,3-3-2-3-3-2,33,0.00228247,numbers,continuous,continuous
6,29,2-3-2-2-3-2,33,0.00228247,numbers,continuous,continuous
6,30,2-3-3-2-3-3,32,0.00221331,numbers,continuous,continuous
6,31,2-2-3-2-2-3,32,0.00221331,numbers,continuous,continuous
6,32,3-2-3-3-3-2,32,0.00221331,numbers,continuous,continuous
6,33,2-3-2-3-3-3,31,0.00214414,numbers,continuous,continuous
6,34,2-2-2-3-3-2,30,0.00207498,numbers,continuous,continuous
6,35,2-2-2-2-3-3,30,0.00207498,numbers,continuous,continuous
6,36,4-2-3-2-3-3,30,0.00207498,numbers,continuous,continuous
6,37,3-3-3-2-2-2,30,0.00207498,numbers,continuous,continuous
6,38,3-2-2-3-3-2,29,0.00200581,numbers,continuous,continuous
6,39,3-2-2-2-3-3,29,0.00200581,numbers,continuous,continuous
6,40,3-4-2-3-2-3,29,0.00200581,numbers,continuous,continuous
6,41,2-2-2-3-3-3,29,0.00200581,numbers,continuous,continuous
6,42,3-3-2-2-2-3,28,0.00193664,numbers,continuous,continuous
6,43,2-3-3-2-2-3,28,0.00193664,numbers,continuous,continuous
6,44,3-2-3-3-3-3,27,0.00186748,numbers,continuous,continuous
6,45,1-2-3-2-2-2,27,0.00186748,numbers,continuous,continuous
6,46,2-2-2-2-2-4,26,0.00179831,numbers,continuous,continuous
6,47,3-3-2-2-3-3,26,0.00179831,numbers,continuous,continuous
6,48,3-2-2-3-3-3,26,0.00179831,numbers,continuous,continuous
6,49,3-2-3-2-3-3,25,0.00172915,numbers,continuous,continuous
6,50,2-2-3-3-2-3,25,0.00172915,numbers,continuous,continuous
2,1,2-2,2119,0.1607861,numbers,sof_only,within
2,2,3-2,1658,0.12580621,numbers,sof_only,within
2,3,2-3,1652,0.12535094,numbers,sof_only,within
2,4,3-3,1246,0.09454435,numbers,sof_only,within
2,5,2-1,671,0.05091433,numbers,sof_only,within
2,6,4-2,598,0.04537522,numbers,sof_only,within
2,7,1-2,580,0.04400941,numbers,sof_only,within
2,8,3-1,579,0.04393353,numbers,sof_only,within
2,9,1-3,556,0.04218833,numbers,sof_only,within
2,10,2-4,527,0.03998786,numbers,sof_only,within
2,11,3-4,473,0.03589043,numbers,sof_only,within
2,12,4-3,459,0.03482814,numbers,sof_only,within
2,13,1-4,301,0.02283937,numbers,sof_only,within
2,14,4-1,254,0.01927309,numbers,sof_only,within
2,15,5-2,182,0.01380985,numbers,sof_only,within
2,16,4-4,180,0.01365809,numbers,sof_only,within
2,17,1-1,178,0.01350634,numbers,sof_only,within
2,18,2-5,167,0.01267167,numbers,sof_only,within
2,19,5-3,138,0.0104712,numbers,sof_only,within
2,20,3-5,111,0.00842249,numbers,sof_only,within
2,21,1-5,91,0.00690492,numbers,sof_only,within
2,22,5-1,58,0.00440094,numbers,sof_only,within
2,23,4-5,52,0.00394567,numbers,sof_only,within
2,24,2-6,47,0.00356628,numbers,sof_only,within
2,25,5-4,46,0.0034904,numbers,sof_only,within
2,26,6-2,46,0.0034904,numbers,sof_only,within
2,27,1-6,42,0.00318689,numbers,sof_only,within
2,28,6-3,30,0.00227635,numbers,sof_only,within
2,29,6-1,20,0.00151757,numbers,sof_only,within
2,30,3-6,15,0.00113817,numbers,sof_only,within
2,31,5-5,13,0.00098642,numbers,sof_only,within
2,32,6-4,13,0.00098642,numbers,sof_only,within
2,33,1-7,11,0.00083466,numbers,sof_only,within
2,34,2-7,9,0.0006829,numbers,sof_only,within
2,35,7-4,9,0.0006829,numbers,sof_only,within
2,36,7-2,7,0.00053115,numbers,sof_only,within
2,37,5-6,5,0.00037939,numbers,sof_only,within
2,38,7-3,5,0.00037939,numbers,sof_only,within
2,39,4-6,5,0.00037939,numbers,sof_only,within
2,40,6-5,5,0.00037939,numbers,sof_only,within
2,41,3-7,4,0.00030351,numbers,sof_only,within
2,42,7-5,3,0.00022763,numbers,sof_only,within
2,43,1-8,3,0.00022763,numbers,sof_only,within
2,44,8-2,2,0.00015176,numbers,sof_only,within
2,45,7-1,2,0.00015176,numbers,sof_only,within
2,46,5-7,1,7.588e-05,numbers,sof_only,within
2,47,8-3,1,7.588e-05,numbers,sof_only,within
2,48,3-8,1,7.588e-05,numbers,sof_only,within
2,49,6-6,1,7.588e-05,numbers,sof_only,within
2,50,7-7,1,7.588e-05,numbers,sof_only,within
3,1,2-2-2,910,0.06905448,numbers,sof_only,within
3,2,3-2-2,660,0.05008347,numbers,sof_only,within
3,3,2-3-2,652,0.0494764,numbers,sof_only,within
3,4,2-2-3,650,0.04932463,numbers,sof_only,within
3,5,3-2-3,561,0.04257095,numbers,sof_only,within
3,6,3-3-2,539,0.0409015,numbers,sof_only,within
3,7,2-3-3,512,0.03885263,numbers,sof_only,within
3,8,3-3-3,378,0.02868417,numbers,sof_only,within
3,9,2-2-1,272,0.02064046,numbers,sof_only,within
3,10,4-2-2,250,0.01897101,numbers,sof_only,within
3,11,2-3-1,237,0.01798452,numbers,sof_only,within
3,12,1-2-2,219,0.01661861,numbers,sof_only,within
3,13,2-4-2,217,0.01646684,numbers,sof_only,within
3,14,2-1-3,215,0.01631507,numbers,sof_only,within
3,15,2-2-4,211,0.01601153,numbers,sof_only,within
3,16,4-3-2,208,0.01578388,numbers,sof_only,within
3,17,3-1-2,206,0.01563211,numbers,sof_only,within
3,18,3-2-1,200,0.01517681,numbers,sof_only,within
3,19,3-4-2,196,0.01487327,numbers,sof_only,within
3,20,3-1-3,195,0.01479739,numbers,sof_only,within
3,21,2-3-4,192,0.01456974,numbers,sof_only,within
3,22,2-1-2,191,0.01449385,numbers,sof_only,within
3,23,1-2-3,191,0.01449385,numbers,sof_only,within
3,24,1-3-2,184,0.01396267,numbers,sof_only,within
3,25,1-3-3,175,0.01327971,numbers,sof_only,within
3,26,3-3-1,164,0.01244498,numbers,sof_only,within
3,27,4-2-3,162,0.01229322,numbers,sof_only,within
3,28,3-2-4,161,0.01221733,numbers,sof_only,within
3,29,2-4-3,156,0.01183791,numbers,sof_only,within
3,30,3-4-3,135,0.01024435,numbers,sof_only,within
3,31,3-3-4,134,0.01016846,numbers,sof_only,within
3,32,4-3-3,131,0.00994081,numbers,sof_only,within
3,33,2-1-4,120,0.00910609,numbers,sof_only,within
3,34,1-3-1,100,0.0075884,numbers,sof_only,within
3,35,1-4-2,94,0.0071331,numbers,sof_only,within
3,36,4-1-2,93,0.00705722,numbers,sof_only,within
3,37,2-1-1,90,0.00682956,numbers,sof_only,within
3,38,1-2-1,88,0.0066778,numbers,sof_only,within
3,39,1-4-3,87,0.00660191,numbers,sof_only,within
3,40,3-1-4,81,0.00614661,numbers,sof_only,within
3,41,4-2-1,81,0.00614661,numbers,sof_only,within
3,42,2-4-1,79,0.00599484,numbers,sof_only,within
3,43,3-4-1,77,0.00584307,numbers,sof_only,within
3,44,1-3-4,74,0.00561542,numbers,sof_only,within
3,45,4-4-2,72,0.00546365,numbers,sof_only,within
3,46,5-2-3,70,0.00531188,numbers,sof_only,within
3,47,4-1-3,70,0.00531188,numbers,sof_only,within
3,48,2-5-2,69,0.005236,numbers,sof_only,within
3,49,1-4-1,66,0.00500835,numbers,sof_only,within
3,50,4-2-4,66,0.00500835,numbers,sof_only,within
4,1,2-2-2-2,395,0.02997647,numbers,sof_only,within
4,2,3-2-2-2,291,0.02208393,numbers,sof_only,within
4,3,2-2-2-3,284,0.02155271,numbers,sof_only,within
4,4,2-3-2-2,268,0.02033847,numbers,sof_only,within
4,5,2-2-3-2,262,0.01988313,numbers,sof_only,within
4,6,2-3-3-2,235,0.0178341,numbers,sof_only,within
4,7,3-2-3-2,232,0.01760644,numbers,sof_only,within
4,8,2-3-2-3,222,0.01684754,numbers,sof_only,within
4,9,3-2-2-3,205,0.01555741,numbers,sof_only,within
4,10,3-3-2-2,204,0.01548152,numbers,sof_only,within
4,11,3-3-2-3,194,0.01472262,numbers,sof_only,within
4,12,2-2-3-3,194,0.01472262,numbers,sof_only,within
4,13,3-2-3-3,171,0.01297716,numbers,sof_only,within
4,14,3-3-3-2,162,0.01229415,numbers,sof_only,within
4,15,2-3-3-3,146,0.01107991,numbers,sof_only,within
4,16,3-3-3-3,118,0.008955,numbers,sof_only,within
4,17,2-2-2-1,112,0.00849966,numbers,sof_only,within
4,18,2-2-1-3,103,0.00781665,numbers,sof_only,within
4,19,4-2-2-2,98,0.0074372,numbers,sof_only,within
4,20,1-2-2-2,95,0.00720953,numbers,sof_only,within
4,21,2-2-4-2,94,0.00713364,numbers,sof_only,within
4,22,2-2-3-1,94,0.00713364,numbers,sof_only,within
4,23,2-4-2-2,94,0.00713364,numbers,sof_only,within
4,24,3-4-2-2,88,0.0066783,numbers,sof_only,within
4,25,2-2-2-4,86,0.00652652,numbers,sof_only,within
4,26,4-3-2-2,84,0.00637474,numbers,sof_only,within
4,27,2-3-1-3,83,0.00629885,numbers,sof_only,within
4,28,3-1-2-2,83,0.00629885,numbers,sof_only,within
4,29,1-3-2-2,83,0.00629885,numbers,sof_only,within
4,30,2-3-1-2,81,0.00614707,numbers,sof_only,within
4,31,2-2-3-4,81,0.00614707,numbers,sof_only,within
4,32,3-2-2-1,81,0.00614707,numbers,sof_only,within
4,33,2-1-3-2,78,0.00591941,numbers,sof_only,within
4,34,3-1-2-3,76,0.00576763,numbers,sof_only,within
4,35,4-2-2-3,75,0.00569174,numbers,sof_only,within
4,36,1-3-3-2,73,0.00553996,numbers,sof_only,within
4,37,2-3-2-1,73,0.00553996,numbers,sof_only,within
4,38,3-2-3-1,73,0.00553996,numbers,sof_only,within
4,39,3-3-1-2,73,0.00553996,numbers,sof_only,within
4,40,2-3-3-1,72,0.00546407,numbers,sof_only,within
4,41,2-1-2-2,70,0.00531229,numbers,sof_only,within
4,42,2-3-4-2,70,0.00531229,numbers,sof_only,within
4,43,3-1-3-3,69,0.0052364,numbers,sof_only,within
4,44,4-3-2-3,69,0.0052364,numbers,sof_only,within
4,45,3-2-1-2,68,0.00516051,numbers,sof_only,within
4,46,2-4-2-3,68,0.00516051,numbers,sof_only,within
4,47,3-2-3-4,68,0.00516051,numbers,sof_only,within
4,48,2-1-3-3,68,0.00516051,numbers,sof_only,within
4,49,2-2-4-3,67,0.00508462,numbers,sof_only,within
4,50,2-2-1-2,67,0.00508462,numbers,sof_only,within
5,1,2-2-2-2-2,171,0.01297814,numbers,sof_only,within
5,2,2-2-2-2-3,137,0.01039769,numbers,sof_only,within
5,3,3-2-2-2-2,130,0.00986642,numbers,sof_only,within
5,4,2-3-2-2-2,121,0.00918336,numbers,sof_only,within
5,5,2-2-2-3-2,117,0.00887978,numbers,sof_only,within
5,6,2-2-3-2-2,110,0.00834851,numbers,sof_only,within
5,7,3-3-2-3-2,97,0.00736187,numbers,sof_only,within
5,8,2-3-3-2-2,90,0.0068306,numbers,sof_only,within
5,9,3-3-2-2-2,90,0.0068306,numbers,sof_only,within
5,10,3-2-3-2-2,89,0.00675471,numbers,sof_only,within
5,11,2-3-3-2-3,87,0.00660291,numbers,sof_only,within
5,12,3-2-2-3-2,85,0.00645112,numbers,sof_only,within
5,13,2-2-2-3-3,84,0.00637523,numbers,sof_only,within
5,14,2-2-3-2-3,84,0.00637523,numbers,sof_only,within
5,15,3-2-3-2-3,84,0.00637523,numbers,sof_only,within
5,16,2-3-2-3-3,82,0.00622344,numbers,sof_only,within
5,17,2-2-3-3-2,81,0.00614754,numbers,sof_only,within
5,18,3-2-2-2-3,81,0.00614754,numbers,sof_only,within
5,19,2-3-2-3-2,77,0.00584396,numbers,sof_only,within
5,20,3-2-3-3-2,74,0.00561627,numbers,sof_only,within
5,21,3-3-2-2-3,72,0.00546448,numbers,sof_only,within
5,22,3-3-3-2-2,70,0.00531269,numbers,sof_only,within
5,23,3-2-2-3-3,67,0.005085,numbers,sof_only,within
5,24,2-3-2-2-3,65,0.00493321,numbers,sof_only,within
5,25,2-3-3-3-2,64,0.00485732,numbers,sof_only,within
5,26,3-2-3-3-3,57,0.00432605,numbers,sof_only,within
5,27,2-2-3-3-3,54,0.00409836,numbers,sof_only,within
5,28,3-3-3-3-2,50,0.00379478,numbers,sof_only,within
5,29,2-3-3-3-3,49,0.00371888,numbers,sof_only,within
5,30,3-3-3-2-3,46,0.0034912,numbers,sof_only,within
5,31,2-2-2-4-2,44,0.0033394,numbers,sof_only,within
5,32,2-2-2-1-3,44,0.0033394,numbers,sof_only,within
5,33,3-3-2-3-3,44,0.0033394,numbers,sof_only,within
5,34,4-2-2-2-2,43,0.00326351,numbers,sof_only,within
5,35,2-2-2-3-1,42,0.00318761,numbers,sof_only,within
5,36,3-2-2-2-1,41,0.00311172,numbers,sof_only,within
5,37,2-3-2-2-1,41,0.00311172,numbers,sof_only,within
5,38,2-2-4-2-2,41,0.00311172,numbers,sof_only,within
5,39,4-3-2-2-2,41,0.00311172,numbers,sof_only,within
5,40,2-2-2-2-4,39,0.00295993,numbers,sof_only,within
5,41,1-2-2-2-2,39,0.00295993,numbers,sof_only,within
5,42,2-2-3-1-2,38,0.00288403,numbers,sof_only,within
5,43,2-2-3-1-3,37,0.00280814,numbers,sof_only,within
5,44,2-3-3-1-2,37,0.00280814,numbers,sof_only,within
5,45,2-2-1-3-2,37,0.00280814,numbers,sof_only,within
5,46,3-3-3-3-3,37,0.00280814,numbers,sof_only,within
5,47,2-4-2-2-2,36,0.00273224,numbers,sof_only,within
5,48,1-2-3-2-2,36,0.00273224,numbers,sof_only,within
5,49,1-2-3-3-2,35,0.00265634,numbers,sof_only,within
5,50,2-2-2-2-1,35,0.00265634,numbers,sof_only,within
6,1,2-2-2-2-2-2,82,0.00622391,numbers,sof_only,within
6,2,3-2-2-2-2-2,62,0.00470588,numbers,sof_only,within
6,3,2-2-3-2-2-2,60,0.00455408,numbers,sof_only,within
6,4,2-2-2-2-2-3,52,0.00394687,numbers,sof_only,within
6,5,2-2-2-2-3-2,52,0.00394687,numbers,sof_only,within
6,6,2-3-2-2-2-2,52,0.00394687,numbers,sof_only,within
6,7,2-3-3-2-3-2,47,0.00356736,numbers,sof_only,within
6,8,3-2-2-2-2-3,45,0.00341556,numbers,sof_only,within
6,9,2-2-2-3-2-2,44,0.00333966,numbers,sof_only,within
6,10,2-3-3-2-2-2,43,0.00326376,numbers,sof_only,within
6,11,3-3-2-2-2-2,39,0.00296015,numbers,sof_only,within
6,12,2-2-2-3-2-3,38,0.00288425,numbers,sof_only,within
6,13,3-3-2-3-2-3,38,0.00288425,numbers,sof_only,within
6,14,3-2-2-3-2-2,37,0.00280835,numbers,sof_only,within
6,15,2-2-2-2-3-3,37,0.00280835,numbers,sof_only,within
6,16,2-2-2-3-3-2,37,0.00280835,numbers,sof_only,within
6,17,2-2-3-3-2-2,37,0.00280835,numbers,sof_only,within
6,18,3-2-3-2-3-3,37,0.00280835,numbers,sof_only,within
6,19,2-3-2-2-2-3,36,0.00273245,numbers,sof_only,within
6,20,3-2-2-2-3-2,36,0.00273245,numbers,sof_only,within
6,21,3-3-2-3-2-2,35,0.00265655,numbers,sof_only,within
6,22,2-2-3-2-3-2,34,0.00258065,numbers,sof_only,within
6,23,2-3-2-3-2-2,34,0.00258065,numbers,sof_only,within
6,24,2-3-2-3-3-2,33,0.00250474,numbers,sof_only,within
6,25,3-3-3-2-2-2,33,0.00250474,numbers,sof_only,within
6,26,3-2-3-3-2-3,31,0.00235294,numbers,sof_only,within
6,27,2-3-2-3-3-3,31,0.00235294,numbers,sof_only,within
6,28,3-3-2-2-3-2,29,0.00220114,numbers,sof_only,within
6,29,2-3-2-2-3-2,29,0.00220114,numbers,sof_only,within
6,30,3-2-2-3-2-3,28,0.00212524,numbers,sof_only,within
6,31,2-3-3-3-2-2,28,0.00212524,numbers,sof_only,within
6,32,3-2-3-3-3-3,27,0.00204934,numbers,sof_only,within
6,33,3-2-3-2-2-2,27,0.00204934,numbers,sof_only,within
6,34,3-2-3-2-2-3,27,0.00204934,numbers,sof_only,within
6,35,2-3-3-2-2-3,27,0.00204934,numbers,sof_only,within
6,36,3-2-3-2-3-2,27,0.00204934,numbers,sof_only,within
6,37,2-2-3-2-3-3,26,0.00197343,numbers,sof_only,within
6,38,3-2-3-3-3-2,26,0.00197343,numbers,sof_only,within
6,39,3-2-2-3-3-2,25,0.00189753,numbers,sof_only,within
6,40,3-3-2-2-3-3,25,0.00189753,numbers,sof_only,within
6,41,2-3-2-3-2-3,25,0.00189753,numbers,sof_only,within
6,42,2-2-3-3-3-2,25,0.00189753,numbers,sof_only,within
6,43,2-2-3-3-2-3,24,0.00182163,numbers,sof_only,within
6,44,3-3-3-2-3-2,24,0.00182163,numbers,sof_only,within
6,45,2-3-2-2-3-3,24,0.00182163,numbers,sof_only,within
6,46,3-3-3-2-2-3,24,0.00182163,numbers,sof_only,within
6,47,3-2-2-2-3-3,24,0.00182163,numbers,sof_only,within
6,48,3-3-2-2-2-3,23,0.00174573,numbers,sof_only,within
6,49,3-3-3-3-2-2,23,0.00174573,numbers,sof_only,within
6,50,3-2-3-2-2-1,23,0.00174573,numbers,sof_only,within
2,1,3-3,200,0.15600624,numbers,sof_only,cross_reset
2,2,2-3,141,0.1099844,numbers,sof_only,cross_reset
2,3,3-2,131,0.10218409,numbers,sof_only,cross_reset
2,4,2-2,116,0.09048362,numbers,sof_only,cross_reset
2,5,3-1,72,0.05616225,numbers,sof_only,cross_reset
2,6,1-3,71,0.05538222,numbers,sof_only,cross_reset
2,7,2-4,65,0.05070203,numbers,sof_only,cross_reset
2,8,3-4,63,0.04914197,numbers,sof_only,cross_reset
2,9,4-2,62,0.04836193,numbers,sof_only,cross_reset
2,10,4-3,58,0.04524181,numbers,sof_only,cross_reset
2,11,1-2,53,0.04134165,numbers,sof_only,cross_reset
2,12,2-1,44,0.03432137,numbers,sof_only,cross_reset
2,13,4-4,28,0.02184087,numbers,sof_only,cross_reset
2,14,1-1,25,0.01950078,numbers,sof_only,cross_reset
2,15,3-5,21,0.01638066,numbers,sof_only,cross_reset
2,16,4-1,19,0.01482059,numbers,sof_only,cross_reset
2,17,5-3,18,0.01404056,numbers,sof_only,cross_reset
2,18,1-4,15,0.01170047,numbers,sof_only,cross_reset
2,19,5-2,14,0.01092044,numbers,sof_only,cross_reset
2,20,4-5,13,0.01014041,numbers,sof_only,cross_reset
2,21,5-4,9,0.00702028,numbers,sof_only,cross_reset
2,22,2-5,9,0.00702028,numbers,sof_only,cross_reset
2,23,5-1,7,0.00546022,numbers,sof_only,cross_reset
2,24,5-5,6,0.00468019,numbers,sof_only,cross_reset
2,25,1-5,4,0.00312012,numbers,sof_only,cross_reset
2,26,3-6,4,0.00312012,numbers,sof_only,cross_reset
2,27,2-6,4,0.00312012,numbers,sof_only,cross_reset
2,28,6-3,3,0.00234009,numbers,sof_only,cross_reset
2,29,6-2,3,0.00234009,numbers,sof_only,cross_reset
2,30,6-4,1,0.00078003,numbers,sof_only,cross_reset
2,31,6-5,1,0.00078003,numbers,sof_only,cross_reset
2,32,4-7,1,0.00078003,numbers,sof_only,cross_reset
2,33,7-1,1,0.00078003,numbers,sof_only,cross_reset
3,1,3-3-3,90,0.07025761,numbers,sof_only,cross_reset
3,2,3-2-3,53,0.04137393,numbers,sof_only,cross_reset
3,3,2-3-3,53,0.04137393,numbers,sof_only,cross_reset
3,4,3-3-2,50,0.03903201,numbers,sof_only,cross_reset
3,5,2-2-2,47,0.03669009,numbers,sof_only,cross_reset
3,6,2-3-2,41,0.03200625,numbers,sof_only,cross_reset
3,7,3-2-2,33,0.02576112,numbers,sof_only,cross_reset
3,8,2-4-2,33,0.02576112,numbers,sof_only,cross_reset
3,9,2-2-3,32,0.02498048,numbers,sof_only,cross_reset
3,10,1-2-3,30,0.0234192,numbers,sof_only,cross_reset
3,11,3-1-3,29,0.02263856,numbers,sof_only,cross_reset
3,12,3-4-3,29,0.02263856,numbers,sof_only,cross_reset
3,13,1-3-3,27,0.02107728,numbers,sof_only,cross_reset
3,14,2-3-1,27,0.02107728,numbers,sof_only,cross_reset
3,15,3-3-4,25,0.019516,numbers,sof_only,cross_reset
3,16,3-3-1,24,0.01873536,numbers,sof_only,cross_reset
3,17,4-3-3,23,0.01795472,numbers,sof_only,cross_reset
3,18,2-1-3,22,0.01717408,numbers,sof_only,cross_reset
3,19,3-1-2,22,0.01717408,numbers,sof_only,cross_reset
3,20,3-2-4,21,0.01639344,numbers,sof_only,cross_reset
3,21,1-3-2,20,0.0156128,numbers,sof_only,cross_reset
3,22,4-2-3,20,0.0156128,numbers,sof_only,cross_reset
3,23,2-2-4,19,0.01483216,numbers,sof_only,cross_reset
3,24,4-2-2,18,0.01405152,numbers,sof_only,cross_reset
3,25,2-2-1,17,0.01327088,numbers,sof_only,cross_reset
3,26,4-2-4,16,0.01249024,numbers,sof_only,cross_reset
3,27,3-2-1,16,0.01249024,numbers,sof_only,cross_reset
3,28,2-3-4,15,0.0117096,numbers,sof_only,cross_reset
3,29,4-3-2,15,0.0117096,numbers,sof_only,cross_reset
3,30,2-1-2,15,0.0117096,numbers,sof_only,cross_reset
3,31,1-2-2,14,0.01092896,numbers,sof_only,cross_reset
3,32,2-4-3,14,0.01092896,numbers,sof_only,cross_reset
3,33,3-1-1,13,0.01014832,numbers,sof_only,cross_reset
3,34,1-3-1,12,0.00936768,numbers,sof_only,cross_reset
3,35,3-4-2,12,0.00936768,numbers,sof_only,cross_reset
3,36,4-3-4,11,0.00858704,numbers,sof_only,cross_reset
3,37,3-3-5,11,0.00858704,numbers,sof_only,cross_reset
3,38,1-3-4,9,0.00702576,numbers,sof_only,cross_reset
3,39,4-4-4,9,0.00702576,numbers,sof_only,cross_reset
3,40,4-1-3,9,0.00702576,numbers,sof_only,cross_reset
3,41,3-5-2,9,0.00702576,numbers,sof_only,cross_reset
3,42,2-4-1,8,0.00624512,numbers,sof_only,cross_reset
3,43,3-1-4,8,0.00624512,numbers,sof_only,cross_reset
3,44,3-4-4,8,0.00624512,numbers,sof_only,cross_reset
3,45,2-4-4,8,0.00624512,numbers,sof_only,cross_reset
3,46,4-4-2,8,0.00624512,numbers,sof_only,cross_reset
3,47,1-4-2,8,0.00624512,numbers,sof_only,cross_reset
3,48,4-1-2,7,0.00546448,numbers,sof_only,cross_reset
3,49,1-1-3,7,0.00546448,numbers,sof_only,cross_reset
3,50,3-4-1,7,0.00546448,numbers,sof_only,cross_reset
4,1,3-3-3-3,47,0.03671875,numbers,sof_only,cross_reset
4,2,3-3-2-3,22,0.0171875,numbers,sof_only,cross_reset
4,3,2-3-3-3,21,0.01640625,numbers,sof_only,cross_reset
4,4,2-2-2-2,21,0.01640625,numbers,sof_only,cross_reset
4,5,3-3-3-2,18,0.0140625,numbers,sof_only,cross_reset
4,6,3-2-3-3,17,0.01328125,numbers,sof_only,cross_reset
4,7,3-2-2-2,16,0.0125,numbers,sof_only,cross_reset
4,8,2-3-3-2,16,0.0125,numbers,sof_only,cross_reset
4,9,3-2-3-1,15,0.01171875,numbers,sof_only,cross_reset
4,10,2-2-2-3,15,0.01171875,numbers,sof_only,cross_reset
4,11,3-1-2-3,14,0.0109375,numbers,sof_only,cross_reset
4,12,2-2-3-3,14,0.0109375,numbers,sof_only,cross_reset
4,13,1-2-3-3,14,0.0109375,numbers,sof_only,cross_reset
4,14,2-3-2-3,14,0.0109375,numbers,sof_only,cross_reset
4,15,3-1-3-3,14,0.0109375,numbers,sof_only,cross_reset
4,16,3-2-3-2,13,0.01015625,numbers,sof_only,cross_reset
4,17,3-3-1-3,13,0.01015625,numbers,sof_only,cross_reset
4,18,2-3-2-2,12,0.009375,numbers,sof_only,cross_reset
4,19,4-2-4-2,12,0.009375,numbers,sof_only,cross_reset
4,20,2-4-2-4,12,0.009375,numbers,sof_only,cross_reset
4,21,3-4-3-3,12,0.009375,numbers,sof_only,cross_reset
4,22,3-3-4-3,12,0.009375,numbers,sof_only,cross_reset
4,23,2-3-1-2,12,0.009375,numbers,sof_only,cross_reset
4,24,3-3-3-1,11,0.00859375,numbers,sof_only,cross_reset
4,25,3-3-3-4,11,0.00859375,numbers,sof_only,cross_reset
4,26,3-3-2-2,11,0.00859375,numbers,sof_only,cross_reset
4,27,1-3-3-2,10,0.0078125,numbers,sof_only,cross_reset
4,28,2-2-4-2,10,0.0078125,numbers,sof_only,cross_reset
4,29,4-3-3-3,10,0.0078125,numbers,sof_only,cross_reset
4,30,3-2-1-3,10,0.0078125,numbers,sof_only,cross_reset
4,31,2-1-2-3,10,0.0078125,numbers,sof_only,cross_reset
4,32,2-2-3-2,10,0.0078125,numbers,sof_only,cross_reset
4,33,3-4-3-2,9,0.00703125,numbers,sof_only,cross_reset
4,34,2-3-1-3,9,0.00703125,numbers,sof_only,cross_reset
4,35,1-3-3-3,9,0.00703125,numbers,sof_only,cross_reset
4,36,4-2-3-2,9,0.00703125,numbers,sof_only,cross_reset
4,37,3-2-4-2,9,0.00703125,numbers,sof_only,cross_reset
4,38,2-4-2-3,9,0.00703125,numbers,sof_only,cross_reset
4,39,2-2-2-4,8,0.00625,numbers,sof_only,cross_reset
4,40,2-4-2-2,8,0.00625,numbers,sof_only,cross_reset
4,41,1-3-2-3,8,0.00625,numbers,sof_only,cross_reset
4,42,1-2-3-2,8,0.00625,numbers,sof_only,cross_reset
4,43,3-3-2-4,8,0.00625,numbers,sof_only,cross_reset
4,44,2-2-1-3,7,0.00546875,numbers,sof_only,cross_reset
4,45,2-1-3-3,7,0.00546875,numbers,sof_only,cross_reset
4,46,4-2-2-1,7,0.00546875,numbers,sof_only,cross_reset
4,47,4-3-4-3,7,0.00546875,numbers,sof_only,cross_reset
4,48,3-2-3-4,7,0.00546875,numbers,sof_only,cross_reset
4,49,2-3-2-1,7,0.00546875,numbers,sof_only,cross_reset
4,50,3-2-4-3,7,0.00546875,numbers,sof_only,cross_reset
5,1,3-3-3-3-3,28,0.0218921,numbers,sof_only,cross_reset
5,2,2-4-2-4-2,10,0.00781861,numbers,sof_only,cross_reset
5,3,2-3-3-3-3,10,0.00781861,numbers,sof_only,cross_reset
5,4,4-2-4-2-4,9,0.00703675,numbers,sof_only,cross_reset
5,5,3-1-2-3-3,9,0.00703675,numbers,sof_only,cross_reset
5,6,3-3-2-3-1,9,0.00703675,numbers,sof_only,cross_reset
5,7,3-3-3-3-2,9,0.00703675,numbers,sof_only,cross_reset
5,8,2-3-3-2-3,9,0.00703675,numbers,sof_only,cross_reset
5,9,2-2-2-2-2,9,0.00703675,numbers,sof_only,cross_reset
5,10,2-3-2-2-2,8,0.00625489,numbers,sof_only,cross_reset
5,11,2-3-2-3-3,8,0.00625489,numbers,sof_only,cross_reset
5,12,3-2-3-3-3,8,0.00625489,numbers,sof_only,cross_reset
5,13,2-3-1-2-3,8,0.00625489,numbers,sof_only,cross_reset
5,14,3-3-3-2-3,8,0.00625489,numbers,sof_only,cross_reset
5,15,3-3-1-3-3,7,0.00547303,numbers,sof_only,cross_reset
5,16,1-2-3-3-2,7,0.00547303,numbers,sof_only,cross_reset
5,17,3-2-3-1-2,7,0.00547303,numbers,sof_only,cross_reset
5,18,3-2-2-2-2,7,0.00547303,numbers,sof_only,cross_reset
5,19,2-2-3-3-3,7,0.00547303,numbers,sof_only,cross_reset
5,20,2-2-2-2-3,7,0.00547303,numbers,sof_only,cross_reset
5,21,3-3-2-3-2,6,0.00469116,numbers,sof_only,cross_reset
5,22,3-1-3-3-3,6,0.00469116,numbers,sof_only,cross_reset
5,23,3-3-3-4-3,6,0.00469116,numbers,sof_only,cross_reset
5,24,3-3-4-3-3,6,0.00469116,numbers,sof_only,cross_reset
5,25,3-2-3-2-3,6,0.00469116,numbers,sof_only,cross_reset
5,26,3-3-2-2-2,6,0.00469116,numbers,sof_only,cross_reset
5,27,2-2-2-3-3,6,0.00469116,numbers,sof_only,cross_reset
5,28,2-2-2-4-2,5,0.0039093,numbers,sof_only,cross_reset
5,29,3-3-3-1-3,5,0.0039093,numbers,sof_only,cross_reset
5,30,2-2-1-2-3,5,0.0039093,numbers,sof_only,cross_reset
5,31,2-3-1-3-3,5,0.0039093,numbers,sof_only,cross_reset
5,32,3-3-3-3-4,5,0.0039093,numbers,sof_only,cross_reset
5,33,2-1-2-3-2,5,0.0039093,numbers,sof_only,cross_reset
5,34,3-1-3-3-2,5,0.0039093,numbers,sof_only,cross_reset
5,35,2-3-3-3-2,5,0.0039093,numbers,sof_only,cross_reset
5,36,3-2-3-3-2,5,0.0039093,numbers,sof_only,cross_reset
5,37,3-2-2-2-3,5,0.0039093,numbers,sof_only,cross_reset
5,38,2-2-2-3-2,5,0.0039093,numbers,sof_only,cross_reset
5,39,3-3-3-2-2,5,0.0039093,numbers,sof_only,cross_reset
5,40,4-3-3-3-3,5,0.0039093,numbers,sof_only,cross_reset
5,41,2-2-3-2-2,5,0.0039093,numbers,sof_only,cross_reset
5,42,2-2-1-3-3,4,0.00312744,numbers,sof_only,cross_reset
5,43,1-3-3-2-3,4,0.00312744,numbers,sof_only,cross_reset
5,44,3-2-2-2-4,4,0.00312744,numbers,sof_only,cross_reset
5,45,2-2-4-2-2,4,0.00312744,numbers,sof_only,cross_reset
5,46,1-2-3-3-3,4,0.00312744,numbers,sof_only,cross_reset
5,47,2-3-3-3-1,4,0.00312744,numbers,sof_only,cross_reset
5,48,4-3-4-3-2,4,0.00312744,numbers,sof_only,cross_reset
5,49,3-4-3-2-3,4,0.00312744,numbers,sof_only,cross_reset
5,50,3-2-3-4-3,4,0.00312744,numbers,sof_only,cross_reset
6,1,3-3-3-3-3-3,18,0.01408451,numbers,sof_only,cross_reset
6,2,4-2-4-2-4-2,7,0.00547731,numbers,sof_only,cross_reset
6,3,2-4-2-4-2-4,7,0.00547731,numbers,sof_only,cross_reset
6,4,2-3-3-3-3-3,6,0.00469484,numbers,sof_only,cross_reset
6,5,2-3-1-2-3-3,6,0.00469484,numbers,sof_only,cross_reset
6,6,1-2-3-3-2-3,6,0.00469484,numbers,sof_only,cross_reset
6,7,2-3-3-2-3-1,6,0.00469484,numbers,sof_only,cross_reset
6,8,3-2-3-1-2-3,6,0.00469484,numbers,sof_only,cross_reset
6,9,3-2-3-3-3-3,5,0.00391236,numbers,sof_only,cross_reset
6,10,3-2-3-2-3-3,5,0.00391236,numbers,sof_only,cross_reset
6,11,3-3-2-3-1-2,5,0.00391236,numbers,sof_only,cross_reset
6,12,3-1-2-3-3-2,5,0.00391236,numbers,sof_only,cross_reset
6,13,2-3-2-2-2-2,5,0.00391236,numbers,sof_only,cross_reset
6,14,2-2-3-3-3-3,5,0.00391236,numbers,sof_only,cross_reset
6,15,3-3-3-3-4-3,4,0.00312989,numbers,sof_only,cross_reset
6,16,3-3-2-3-1-3,4,0.00312989,numbers,sof_only,cross_reset
6,17,2-3-1-3-3-2,4,0.00312989,numbers,sof_only,cross_reset
6,18,2-3-2-3-3-2,4,0.00312989,numbers,sof_only,cross_reset
6,19,3-3-3-3-2-3,4,0.00312989,numbers,sof_only,cross_reset
6,20,3-2-2-2-2-2,4,0.00312989,numbers,sof_only,cross_reset
6,21,3-3-3-3-3-2,4,0.00312989,numbers,sof_only,cross_reset
6,22,4-3-3-3-3-3,4,0.00312989,numbers,sof_only,cross_reset
6,23,2-2-3-2-2-2,4,0.00312989,numbers,sof_only,cross_reset
6,24,3-2-2-2-4-2,3,0.00234742,numbers,sof_only,cross_reset
6,25,2-2-2-4-2-2,3,0.00234742,numbers,sof_only,cross_reset
6,26,3-2-2-1-2-3,3,0.00234742,numbers,sof_only,cross_reset
6,27,3-3-1-3-3-3,3,0.00234742,numbers,sof_only,cross_reset
6,28,3-3-3-4-3-3,3,0.00234742,numbers,sof_only,cross_reset
6,29,3-3-4-3-3-2,3,0.00234742,numbers,sof_only,cross_reset
6,30,2-1-2-3-2-3,3,0.00234742,numbers,sof_only,cross_reset
6,31,3-3-3-3-3-4,3,0.00234742,numbers,sof_only,cross_reset
6,32,3-3-3-4-2-2,3,0.00234742,numbers,sof_only,cross_reset
6,33,3-2-3-1-3-3,3,0.00234742,numbers,sof_only,cross_reset
6,34,2-3-2-3-3-3,3,0.00234742,numbers,sof_only,cross_reset
6,35,3-3-3-2-3-2,3,0.00234742,numbers,sof_only,cross_reset
6,36,3-3-2-3-2-3,3,0.00234742,numbers,sof_only,cross_reset
6,37,2-3-3-1-3-3,3,0.00234742,numbers,sof_only,cross_reset
6,38,3-3-2-2-2-3,3,0.00234742,numbers,sof_only,cross_reset
6,39,2-3-3-2-4-2,3,0.00234742,numbers,sof_only,cross_reset
6,40,1-3-2-2-4-2,3,0.00234742,numbers,sof_only,cross_reset
6,41,3-2-3-3-1-3,3,0.00234742,numbers,sof_only,cross_reset
6,42,3-2-2-3-3-3,3,0.00234742,numbers,sof_only,cross_reset
6,43,3-3-3-2-2-2,3,0.00234742,numbers,sof_only,cross_reset
6,44,2-2-2-2-2-3,3,0.00234742,numbers,sof_only,cross_reset
6,45,3-2-2-2-3-3,3,0.00234742,numbers,sof_only,cross_reset
6,46,2-2-2-3-2-2,3,0.00234742,numbers,sof_only,cross_reset
6,47,2-2-2-2-3-3,3,0.00234742,numbers,sof_only,cross_reset
6,48,2-2-2-2-2-2,3,0.00234742,numbers,sof_only,cross_reset
6,49,2-2-2-2-3-2,3,0.00234742,numbers,sof_only,cross_reset
6,50,2-2-1-3-3-2,2,0.00156495,numbers,sof_only,cross_reset
2,1,2-2,2220,0.15350574,numbers,sof_only,all
2,2,3-2,1811,0.12522473,numbers,sof_only,all
2,3,2-3,1793,0.12398009,numbers,sof_only,all
2,4,3-3,1437,0.09936385,numbers,sof_only,all
2,5,2-1,703,0.04861015,numbers,sof_only,all
2,6,4-2,663,0.04584428,numbers,sof_only,all
2,7,3-1,654,0.04522196,numbers,sof_only,all
2,8,1-2,624,0.04314756,numbers,sof_only,all
2,9,2-4,611,0.04224865,numbers,sof_only,all
2,10,1-3,600,0.04148804,numbers,sof_only,all
2,11,4-3,546,0.03775411,numbers,sof_only,all
2,12,3-4,522,0.03609459,numbers,sof_only,all
2,13,1-4,342,0.02364818,numbers,sof_only,all
2,14,4-1,280,0.01936108,numbers,sof_only,all
2,15,1-1,195,0.01348361,numbers,sof_only,all
2,16,5-2,191,0.01320703,numbers,sof_only,all
2,17,4-4,185,0.01279214,numbers,sof_only,all
2,18,2-5,183,0.01265385,numbers,sof_only,all
2,19,5-3,155,0.01071774,numbers,sof_only,all
2,20,3-5,135,0.00933481,numbers,sof_only,all
2,21,1-5,107,0.0073987,numbers,sof_only,all
2,22,5-1,82,0.00567003,numbers,sof_only,all
2,23,6-2,52,0.00359563,numbers,sof_only,all
2,24,4-5,51,0.00352648,numbers,sof_only,all
2,25,5-4,51,0.00352648,numbers,sof_only,all
2,26,2-6,50,0.00345734,numbers,sof_only,all
2,27,1-6,49,0.00338819,numbers,sof_only,all
2,28,6-3,34,0.00235099,numbers,sof_only,all
2,29,6-1,16,0.00110635,numbers,sof_only,all
2,30,3-6,15,0.0010372,numbers,sof_only,all
2,31,6-4,15,0.0010372,numbers,sof_only,all
2,32,5-5,13,0.00089891,numbers,sof_only,all
2,33,1-7,11,0.00076061,numbers,sof_only,all
2,34,2-7,11,0.00076061,numbers,sof_only,all
2,35,7-3,11,0.00076061,numbers,sof_only,all
2,36,7-2,8,0.00055317,numbers,sof_only,all
2,37,6-5,5,0.00034573,numbers,sof_only,all
2,38,5-6,4,0.00027659,numbers,sof_only,all
2,39,4-6,4,0.00027659,numbers,sof_only,all
2,40,7-4,4,0.00027659,numbers,sof_only,all
2,41,7-5,3,0.00020744,numbers,sof_only,all
2,42,3-7,3,0.00020744,numbers,sof_only,all
2,43,1-8,3,0.00020744,numbers,sof_only,all
2,44,8-3,2,0.00013829,numbers,sof_only,all
2,45,8-2,2,0.00013829,numbers,sof_only,all
2,46,5-7,1,6.915e-05,numbers,sof_only,all
2,47,3-8,1,6.915e-05,numbers,sof_only,all
2,48,6-6,1,6.915e-05,numbers,sof_only,all
2,49,7-7,1,6.915e-05,numbers,sof_only,all
2,50,4-7,1,6.915e-05,numbers,sof_only,all
3,1,2-2-2,921,0.06368854,numbers,sof_only,all
3,2,3-2-2,722,0.04992739,numbers,sof_only,all
3,3,2-3-2,696,0.04812945,numbers,sof_only,all
3,4,2-2-3,677,0.04681557,numbers,sof_only,all
3,5,3-2-3,604,0.04176751,numbers,sof_only,all
3,6,3-3-2,588,0.04066109,numbers,sof_only,all
3,7,2-3-3,575,0.03976212,numbers,sof_only,all
3,8,3-3-3,450,0.03111818,numbers,sof_only,all
3,9,2-2-1,272,0.01880921,numbers,sof_only,all
3,10,4-2-2,263,0.01818685,numbers,sof_only,all
3,11,2-2-4,262,0.0181177,numbers,sof_only,all
3,12,2-3-1,254,0.01756448,numbers,sof_only,all
3,13,2-4-2,235,0.01625061,numbers,sof_only,all
3,14,4-3-2,230,0.01590485,numbers,sof_only,all
3,15,1-2-2,229,0.0158357,numbers,sof_only,all
3,16,3-2-1,228,0.01576654,numbers,sof_only,all
3,17,3-1-2,224,0.01548994,numbers,sof_only,all
3,18,2-1-3,222,0.01535164,numbers,sof_only,all
3,19,3-1-3,221,0.01528248,numbers,sof_only,all
3,20,1-2-3,220,0.01521333,numbers,sof_only,all
3,21,3-4-2,218,0.01507503,numbers,sof_only,all
3,22,1-3-2,217,0.01500588,numbers,sof_only,all
3,23,2-4-3,213,0.01472927,numbers,sof_only,all
3,24,2-1-2,200,0.0138303,numbers,sof_only,all
3,25,3-3-1,200,0.0138303,numbers,sof_only,all
3,26,4-2-3,194,0.01341539,numbers,sof_only,all
3,27,2-3-4,191,0.01320794,numbers,sof_only,all
3,28,1-3-3,178,0.01230897,numbers,sof_only,all
3,29,3-2-4,177,0.01223982,numbers,sof_only,all
3,30,3-3-4,168,0.01161745,numbers,sof_only,all
3,31,4-3-3,167,0.0115483,numbers,sof_only,all
3,32,3-4-3,155,0.01071848,numbers,sof_only,all
3,33,2-1-4,132,0.009128,numbers,sof_only,all
3,34,1-4-2,117,0.00809073,numbers,sof_only,all
3,35,1-3-1,104,0.00719176,numbers,sof_only,all
3,36,4-1-2,101,0.0069843,numbers,sof_only,all
3,37,1-4-3,93,0.00643109,numbers,sof_only,all
3,38,2-1-1,90,0.00622364,numbers,sof_only,all
3,39,1-2-1,89,0.00615448,numbers,sof_only,all
3,40,3-1-4,88,0.00608533,numbers,sof_only,all
3,41,2-4-1,88,0.00608533,numbers,sof_only,all
3,42,4-2-1,87,0.00601618,numbers,sof_only,all
3,43,3-4-1,80,0.00553212,numbers,sof_only,all
3,44,1-3-4,79,0.00546297,numbers,sof_only,all
3,45,5-2-3,76,0.00525551,numbers,sof_only,all
3,46,1-4-1,76,0.00525551,numbers,sof_only,all
3,47,4-1-3,75,0.00518636,numbers,sof_only,all
3,48,4-3-1,75,0.00518636,numbers,sof_only,all
3,49,4-2-4,74,0.00511721,numbers,sof_only,all
3,50,4-4-2,73,0.00504806,numbers,sof_only,all
4,1,2-2-2-2,396,0.02738589,numbers,sof_only,all
4,2,2-3-2-2,300,0.02074689,numbers,sof_only,all
4,3,3-2-2-2,290,0.02005533,numbers,sof_only,all
4,4,2-2-3-2,288,0.01991701,numbers,sof_only,all
4,5,2-2-2-3,279,0.01929461,numbers,sof_only,all
4,6,2-3-3-2,249,0.01721992,numbers,sof_only,all
4,7,3-2-2-3,237,0.01639004,numbers,sof_only,all
4,8,2-3-2-3,233,0.01611342,numbers,sof_only,all
4,9,3-2-3-3,222,0.0153527,numbers,sof_only,all
4,10,3-2-3-2,217,0.01500692,numbers,sof_only,all
4,11,3-3-2-2,213,0.01473029,numbers,sof_only,all
4,12,3-3-2-3,208,0.01438451,numbers,sof_only,all
4,13,2-2-3-3,207,0.01431535,numbers,sof_only,all
4,14,3-3-3-2,194,0.01341632,numbers,sof_only,all
4,15,2-3-3-3,172,0.01189488,numbers,sof_only,all
4,16,3-3-3-3,139,0.00961272,numbers,sof_only,all
4,17,2-2-2-4,108,0.00746888,numbers,sof_only,all
4,18,4-2-2-2,103,0.0071231,numbers,sof_only,all
4,19,1-2-2-2,102,0.00705394,numbers,sof_only,all
4,20,2-2-4-2,100,0.00691563,numbers,sof_only,all
4,21,2-2-2-1,100,0.00691563,numbers,sof_only,all
4,22,2-4-2-2,100,0.00691563,numbers,sof_only,all
4,23,2-2-4-3,97,0.00670816,numbers,sof_only,all
4,24,2-2-1-3,97,0.00670816,numbers,sof_only,all
4,25,3-2-2-1,96,0.006639,numbers,sof_only,all
4,26,4-3-2-2,95,0.00656985,numbers,sof_only,all
4,27,2-2-3-1,93,0.00643154,numbers,sof_only,all
4,28,2-4-3-2,92,0.00636238,numbers,sof_only,all
4,29,2-3-1-3,91,0.00629322,numbers,sof_only,all
4,30,1-3-2-2,90,0.00622407,numbers,sof_only,all
4,31,3-1-2-3,88,0.00608575,numbers,sof_only,all
4,32,2-1-3-2,86,0.00594744,numbers,sof_only,all
4,33,3-1-2-2,86,0.00594744,numbers,sof_only,all
4,34,2-3-1-2,85,0.00587828,numbers,sof_only,all
4,35,4-2-3-2,84,0.00580913,numbers,sof_only,all
4,36,3-4-2-2,83,0.00573997,numbers,sof_only,all
4,37,2-3-3-1,82,0.00567082,numbers,sof_only,all
4,38,3-1-3-3,80,0.0055325,numbers,sof_only,all
4,39,3-3-4-2,80,0.0055325,numbers,sof_only,all
4,40,3-3-2-1,79,0.00546335,numbers,sof_only,all
4,41,1-2-3-2,79,0.00546335,numbers,sof_only,all
4,42,3-2-2-4,77,0.00532503,numbers,sof_only,all
4,43,3-4-2-3,77,0.00532503,numbers,sof_only,all
4,44,3-2-3-1,73,0.00504841,numbers,sof_only,all
4,45,4-3-2-3,73,0.00504841,numbers,sof_only,all
4,46,2-2-1-2,73,0.00504841,numbers,sof_only,all
4,47,2-4-3-3,72,0.00497925,numbers,sof_only,all
4,48,3-2-1-3,72,0.00497925,numbers,sof_only,all
4,49,2-3-2-1,72,0.00497925,numbers,sof_only,all
4,50,3-2-1-2,71,0.0049101,numbers,sof_only,all
5,1,2-2-2-2-2,179,0.01237983,numbers,sof_only,all
5,2,2-3-2-2-2,132,0.00912926,numbers,sof_only,all
5,3,2-2-3-2-2,126,0.0087143,numbers,sof_only,all
5,4,2-2-2-3-2,122,0.00843765,numbers,sof_only,all
5,5,3-2-2-2-2,120,0.00829933,numbers,sof_only,all
5,6,2-2-2-2-3,117,0.00809185,numbers,sof_only,all
5,7,3-2-2-3-2,104,0.00719275,numbers,sof_only,all
5,8,2-3-3-2-3,99,0.00684695,numbers,sof_only,all
5,9,2-2-3-2-3,99,0.00684695,numbers,sof_only,all
5,10,2-3-2-3-3,96,0.00663946,numbers,sof_only,all
5,11,3-2-2-2-3,93,0.00643198,numbers,sof_only,all
5,12,3-2-3-2-2,92,0.00636282,numbers,sof_only,all
5,13,3-2-3-3-2,90,0.0062245,numbers,sof_only,all
5,14,2-3-3-2-2,87,0.00601701,numbers,sof_only,all
5,15,3-3-3-2-2,86,0.00594785,numbers,sof_only,all
5,16,3-3-2-2-2,85,0.00587869,numbers,sof_only,all
5,17,2-2-2-3-3,85,0.00587869,numbers,sof_only,all
5,18,3-3-2-3-2,85,0.00587869,numbers,sof_only,all
5,19,2-3-3-3-2,84,0.00580953,numbers,sof_only,all
5,20,3-3-2-2-3,83,0.00574037,numbers,sof_only,all
5,21,2-2-3-3-2,81,0.00560205,numbers,sof_only,all
5,22,2-3-2-2-3,74,0.00511792,numbers,sof_only,all
5,23,3-2-2-3-3,71,0.00491044,numbers,sof_only,all
5,24,2-2-3-3-3,71,0.00491044,numbers,sof_only,all
5,25,2-3-2-3-2,70,0.00484128,numbers,sof_only,all
5,26,3-3-2-3-3,70,0.00484128,numbers,sof_only,all
5,27,3-2-3-2-3,65,0.00449547,numbers,sof_only,all
5,28,3-2-3-3-3,63,0.00435715,numbers,sof_only,all
5,29,3-3-3-3-2,57,0.00394218,numbers,sof_only,all
5,30,2-2-2-2-4,51,0.00352721,numbers,sof_only,all
5,31,2-3-2-2-1,51,0.00352721,numbers,sof_only,all
5,32,2-3-3-3-3,51,0.00352721,numbers,sof_only,all
5,33,2-4-3-2-2,49,0.00338889,numbers,sof_only,all
5,34,2-2-2-4-2,48,0.00331973,numbers,sof_only,all
5,35,3-3-3-2-3,48,0.00331973,numbers,sof_only,all
5,36,1-2-3-2-2,47,0.00325057,numbers,sof_only,all
5,37,4-2-2-2-2,47,0.00325057,numbers,sof_only,all
5,38,3-4-2-3-2,44,0.00304309,numbers,sof_only,all
5,39,2-2-4-2-2,42,0.00290477,numbers,sof_only,all
5,40,2-2-4-3-3,41,0.0028356,numbers,sof_only,all
5,41,4-2-3-2-3,41,0.0028356,numbers,sof_only,all
5,42,2-2-4-3-2,40,0.00276644,numbers,sof_only,all
5,43,3-2-2-1-3,40,0.00276644,numbers,sof_only,all
5,44,1-2-2-2-2,39,0.00269728,numbers,sof_only,all
5,45,3-3-3-3-3,38,0.00262812,numbers,sof_only,all
5,46,3-4-2-2-2,38,0.00262812,numbers,sof_only,all
5,47,3-1-2-2-2,37,0.00255896,numbers,sof_only,all
5,48,4-3-2-2-3,37,0.00255896,numbers,sof_only,all
5,49,2-2-2-4-3,36,0.0024898,numbers,sof_only,all
5,50,1-3-2-2-3,36,0.0024898,numbers,sof_only,all
6,1,2-2-2-2-2-2,79,0.0054641,numbers,sof_only,all
6,2,3-2-2-2-2-2,66,0.00456495,numbers,sof_only,all
6,3,2-2-3-2-2-2,58,0.00401162,numbers,sof_only,all
6,4,2-2-2-2-2-3,57,0.00394245,numbers,sof_only,all
6,5,2-3-2-2-2-2,55,0.00380412,numbers,sof_only,all
6,6,2-2-2-3-2-2,49,0.00338913,numbers,sof_only,all
6,7,3-2-3-3-2-3,48,0.00331996,numbers,sof_only,all
6,8,3-2-2-2-3-2,47,0.0032508,numbers,sof_only,all
6,9,2-3-3-2-3-2,46,0.00318163,numbers,sof_only,all
6,10,2-3-3-3-2-2,46,0.00318163,numbers,sof_only,all
6,11,3-2-2-3-2-2,44,0.0030433,numbers,sof_only,all
6,12,2-2-2-2-3-2,44,0.0030433,numbers,sof_only,all
6,13,2-3-3-2-2-2,41,0.0028358,numbers,sof_only,all
6,14,2-3-2-2-2-3,41,0.0028358,numbers,sof_only,all
6,15,2-2-2-3-2-3,41,0.0028358,numbers,sof_only,all
6,16,3-2-2-3-2-3,40,0.00276663,numbers,sof_only,all
6,17,3-3-2-3-2-2,39,0.00269747,numbers,sof_only,all
6,18,3-3-2-2-3-2,39,0.00269747,numbers,sof_only,all
6,19,3-2-3-2-2-2,37,0.00255914,numbers,sof_only,all
6,20,3-3-2-2-2-2,37,0.00255914,numbers,sof_only,all
6,21,2-2-3-3-2-2,37,0.00255914,numbers,sof_only,all
6,22,3-3-3-2-2-3,37,0.00255914,numbers,sof_only,all
6,23,2-2-3-3-3-2,35,0.00242081,numbers,sof_only,all
6,24,2-3-2-3-3-2,34,0.00235164,numbers,sof_only,all
6,25,2-2-3-2-3-3,34,0.00235164,numbers,sof_only,all
6,26,2-2-3-2-3-2,34,0.00235164,numbers,sof_only,all
6,27,2-3-2-3-2-2,33,0.00228247,numbers,sof_only,all
6,28,3-3-2-3-3-2,33,0.00228247,numbers,sof_only,all
6,29,2-3-2-2-3-2,33,0.00228247,numbers,sof_only,all
6,30,2-3-3-2-3-3,32,0.00221331,numbers,sof_only,all
6,31,2-2-3-2-2-3,32,0.00221331,numbers,sof_only,all
6,32,3-2-3-3-3-2,32,0.00221331,numbers,sof_only,all
6,33,2-3-2-3-3-3,31,0.00214414,numbers,sof_only,all
6,34,2-2-2-3-3-2,30,0.00207498,numbers,sof_only,all
6,35,2-2-2-2-3-3,30,0.00207498,numbers,sof_only,all
6,36,4-2-3-2-3-3,30,0.00207498,numbers,sof_only,all
6,37,3-3-3-2-2-2,30,0.00207498,numbers,sof_only,all
6,38,3-2-2-3-3-2,29,0.00200581,numbers,sof_only,all
6,39,3-2-2-2-3-3,29,0.00200581,numbers,sof_only,all
6,40,3-4-2-3-2-3,29,0.00200581,numbers,sof_only,all
6,41,2-2-2-3-3-3,29,0.00200581,numbers,sof_only,all
6,42,3-3-2-2-2-3,28,0.00193664,numbers,sof_only,all
6,43,2-3-3-2-2-3,28,0.00193664,numbers,sof_only,all
6,44,3-2-3-3-3-3,27,0.00186748,numbers,sof_only,all
6,45,1-2-3-2-2-2,27,0.00186748,numbers,sof_only,all
6,46,2-2-2-2-2-4,26,0.00179831,numbers,sof_only,all
6,47,3-3-2-2-3-3,26,0.00179831,numbers,sof_only,all
6,48,3-2-2-3-3-3,26,0.00179831,numbers,sof_only,all
6,49,3-2-3-2-3-3,25,0.00172915,numbers,sof_only,all
6,50,2-2-3-3-2-3,25,0.00172915,numbers,sof_only,all
2,1,2-2,1982,0.16478217,numbers,major,within
2,2,3-2,1554,0.12919854,numbers,major,within
2,3,2-3,1528,0.12703691,numbers,major,within
2,4,3-3,1123,0.09336548,numbers,major,within
2,5,2-1,604,0.05021616,numbers,major,within
2,6,4-2,529,0.04398071,numbers,major,within
2,7,1-2,519,0.04314932,numbers,major,within
2,8,3-1,515,0.04281676,numbers,major,within
2,9,1-3,513,0.04265048,numbers,major,within
2,10,2-4,483,0.0401563,numbers,major,within
2,11,4-3,422,0.0350848,numbers,major,within
2,12,3-4,414,0.03441969,numbers,major,within
2,13,1-4,270,0.02244762,numbers,major,within
2,14,4-1,216,0.0179581,numbers,major,within
2,15,5-2,172,0.01429997,numbers,major,within
2,16,2-5,158,0.01313602,numbers,major,within
2,17,4-4,158,0.01313602,numbers,major,within
2,18,1-1,144,0.01197207,numbers,major,within
2,19,5-3,116,0.00964416,numbers,major,within
2,20,3-5,101,0.00839707,numbers,major,within
2,21,1-5,71,0.00590289,numbers,major,within
2,22,5-1,53,0.00440639,numbers,major,within
2,23,4-5,53,0.00440639,numbers,major,within
2,24,5-4,45,0.00374127,numbers,major,within
2,25,6-2,44,0.00365813,numbers,major,within
2,26,2-6,44,0.00365813,numbers,major,within
2,27,6-3,29,0.00241104,numbers,major,within
2,28,1-6,27,0.00224476,numbers,major,within
2,29,3-6,22,0.00182907,numbers,major,within
2,30,6-1,19,0.00157965,numbers,major,within
2,31,5-5,13,0.00108081,numbers,major,within
2,32,4-6,11,0.00091453,numbers,major,within
2,33,6-4,11,0.00091453,numbers,major,within
2,34,2-7,9,0.00074825,numbers,major,within
2,35,7-4,9,0.00074825,numbers,major,within
2,36,1-7,7,0.00058198,numbers,major,within
2,37,7-2,6,0.00049884,numbers,major,within
2,38,3-7,6,0.00049884,numbers,major,within
2,39,6-5,5,0.0004157,numbers,major,within
2,40,5-6,4,0.00033256,numbers,major,within
2,41,7-3,4,0.00033256,numbers,major,within
2,42,7-5,2,0.00016628,numbers,major,within
2,43,1-8,2,0.00016628,numbers,major,within
2,44,8-2,2,0.00016628,numbers,major,within
2,45,7-1,2,0.00016628,numbers,major,within
2,46,5-7,1,8.314e-05,numbers,major,within
2,47,8-3,1,8.314e-05,numbers,major,within
2,48,3-8,1,8.314e-05,numbers,major,within
2,49,6-6,1,8.314e-05,numbers,major,within
2,50,7-7,1,8.314e-05,numbers,major,within
3,1,2-2-2,869,0.07225409,numbers,major,within
3,2,2-3-2,639,0.05313046,numbers,major,within
3,3,3-2-2,631,0.05246529,numbers,major,within
3,4,2-2-3,605,0.05030348,numbers,major,within
3,5,3-2-3,525,0.04365178,numbers,major,within
3,6,3-3-2,491,0.04082481,numbers,major,within
3,7,2-3-3,459,0.03816413,numbers,major,within
3,8,3-3-3,342,0.02843602,numbers,major,within
3,9,2-2-1,251,0.02086971,numbers,major,within
3,10,4-2-2,218,0.01812588,numbers,major,within
3,11,2-4-2,206,0.01712813,numbers,major,within
3,12,2-1-3,204,0.01696184,numbers,major,within
3,13,2-3-1,198,0.01646296,numbers,major,within
3,14,4-3-2,191,0.01588093,numbers,major,within
3,15,1-2-2,188,0.0156315,numbers,major,within
3,16,2-2-4,186,0.0154652,numbers,major,within
3,17,3-2-1,183,0.01521576,numbers,major,within
3,18,2-1-2,183,0.01521576,numbers,major,within
3,19,3-1-2,181,0.01504947,numbers,major,within
3,20,3-1-3,177,0.01471689,numbers,major,within
3,21,2-3-4,176,0.01463374,numbers,major,within
3,22,1-3-2,168,0.01396857,numbers,major,within
3,23,1-2-3,166,0.01380228,numbers,major,within
3,24,3-4-2,161,0.01338655,numbers,major,within
3,25,1-3-3,157,0.01305396,numbers,major,within
3,26,4-2-3,154,0.01280452,numbers,major,within
3,27,3-2-4,152,0.01263823,numbers,major,within
3,28,3-3-1,150,0.01247194,numbers,major,within
3,29,2-4-3,143,0.01188991,numbers,major,within
3,30,3-4-3,127,0.01055957,numbers,major,within
3,31,4-3-3,123,0.01022699,numbers,major,within
3,32,3-3-4,106,0.0088135,numbers,major,within
3,33,2-1-4,105,0.00873036,numbers,major,within
3,34,1-3-1,99,0.00823148,numbers,major,within
3,35,1-4-2,90,0.00748316,numbers,major,within
3,36,4-1-2,80,0.0066517,numbers,major,within
3,37,3-1-4,78,0.00648541,numbers,major,within
3,38,1-4-3,78,0.00648541,numbers,major,within
3,39,2-1-1,77,0.00640226,numbers,major,within
3,40,1-2-1,77,0.00640226,numbers,major,within
3,41,1-3-4,74,0.00615282,numbers,major,within
3,42,2-5-2,72,0.00598653,numbers,major,within
3,43,1-2-4,68,0.00565395,numbers,major,within
3,44,2-4-1,65,0.00540451,numbers,major,within
3,45,4-2-1,65,0.00540451,numbers,major,within
3,46,5-2-3,63,0.00523821,numbers,major,within
3,47,1-4-1,62,0.00515507,numbers,major,within
3,48,4-1-3,62,0.00515507,numbers,major,within
3,49,3-4-1,62,0.00515507,numbers,major,within
3,50,4-2-4,56,0.00465619,numbers,major,within
4,1,2-2-2-2,390,0.03242974,numbers,major,within
4,2,3-2-2-2,274,0.02278397,numbers,major,within
4,3,2-2-2-3,272,0.02261766,numbers,major,within
4,4,2-3-2-2,266,0.02211874,numbers,major,within
4,5,2-2-3-2,242,0.02012307,numbers,major,within
4,6,3-2-3-2,225,0.01870946,numbers,major,within
4,7,2-3-2-3,222,0.01846,numbers,major,within
4,8,2-3-3-2,205,0.0170464,numbers,major,within
4,9,3-3-2-2,189,0.01571595,numbers,major,within
4,10,3-2-2-3,188,0.0156328,numbers,major,within
4,11,2-2-3-3,187,0.01554964,numbers,major,within
4,12,3-3-2-3,161,0.01338766,numbers,major,within
4,13,3-2-3-3,158,0.0131382,numbers,major,within
4,14,3-3-3-2,144,0.01197406,numbers,major,within
4,15,2-3-3-3,128,0.01064361,numbers,major,within
4,16,3-3-3-3,110,0.00914685,numbers,major,within
4,17,2-2-2-1,100,0.00831532,numbers,major,within
4,18,2-2-1-3,95,0.00789955,numbers,major,within
4,19,4-2-2-2,90,0.00748379,numbers,major,within
4,20,3-2-2-1,88,0.00731748,numbers,major,within
4,21,2-2-4-2,87,0.00723433,numbers,major,within
4,22,2-2-3-1,85,0.00706802,numbers,major,within
4,23,1-2-2-2,85,0.00706802,numbers,major,within
4,24,2-4-2-2,85,0.00706802,numbers,major,within
4,25,4-3-2-2,81,0.00673541,numbers,major,within
4,26,2-2-2-4,77,0.00640279,numbers,major,within
4,27,2-3-1-2,75,0.00623649,numbers,major,within
4,28,1-3-3-2,74,0.00615333,numbers,major,within
4,29,3-1-2-2,73,0.00607018,numbers,major,within
4,30,2-1-3-2,72,0.00598703,numbers,major,within
4,31,2-2-3-4,72,0.00598703,numbers,major,within
4,32,1-3-2-2,72,0.00598703,numbers,major,within
4,33,3-2-3-4,70,0.00582072,numbers,major,within
4,34,3-4-2-2,70,0.00582072,numbers,major,within
4,35,4-2-3-2,69,0.00573757,numbers,major,within
4,36,2-2-1-2,68,0.00565442,numbers,major,within
4,37,4-2-2-3,68,0.00565442,numbers,major,within
4,38,2-4-2-3,67,0.00557126,numbers,major,within
4,39,2-3-3-1,67,0.00557126,numbers,major,within
4,40,3-3-2-1,66,0.00548811,numbers,major,within
4,41,2-3-2-1,66,0.00548811,numbers,major,within
4,42,4-3-2-3,66,0.00548811,numbers,major,within
4,43,2-3-1-3,66,0.00548811,numbers,major,within
4,44,1-2-3-2,66,0.00548811,numbers,major,within
4,45,2-3-4-2,64,0.0053218,numbers,major,within
4,46,3-3-1-2,63,0.00523865,numbers,major,within
4,47,3-1-2-3,62,0.0051555,numbers,major,within
4,48,3-4-3-2,61,0.00507234,numbers,major,within
4,49,2-1-3-3,61,0.00507234,numbers,major,within
4,50,2-3-2-4,60,0.00498919,numbers,major,within
5,1,2-2-2-2-2,181,0.01505198,numbers,major,within
5,2,3-2-2-2-2,131,0.01089397,numbers,major,within
5,3,2-3-2-2-2,123,0.01022869,numbers,major,within
5,4,2-2-2-2-3,122,0.01014553,numbers,major,within
5,5,2-2-2-3-2,111,0.00923077,numbers,major,within
5,6,2-2-3-2-2,107,0.00889813,numbers,major,within
5,7,3-2-3-2-3,92,0.00765073,numbers,major,within
5,8,2-3-3-2-2,86,0.00715177,numbers,major,within
5,9,3-2-3-2-2,85,0.00706861,numbers,major,within
5,10,3-3-2-3-2,84,0.00698545,numbers,major,within
5,11,2-3-2-3-2,82,0.00681913,numbers,major,within
5,12,3-2-2-3-2,80,0.00665281,numbers,major,within
5,13,2-2-2-3-3,80,0.00665281,numbers,major,within
5,14,2-2-3-3-2,80,0.00665281,numbers,major,within
5,15,2-3-2-3-3,77,0.00640333,numbers,major,within
5,16,3-2-2-2-3,77,0.00640333,numbers,major,within
5,17,3-3-2-2-2,76,0.00632017,numbers,major,within
5,18,2-2-3-2-3,76,0.00632017,numbers,major,within
5,19,2-3-2-2-3,73,0.00607069,numbers,major,within
5,20,3-2-3-3-2,69,0.00573805,numbers,major,within
5,21,2-3-3-2-3,67,0.00557173,numbers,major,within
5,22,3-3-2-2-3,66,0.00548857,numbers,major,within
5,23,3-2-2-3-3,60,0.0049896,numbers,major,within
5,24,3-3-3-2-2,60,0.0049896,numbers,major,within
5,25,3-2-3-3-3,57,0.00474012,numbers,major,within
5,26,2-3-3-3-3,51,0.00424116,numbers,major,within
5,27,3-3-3-3-2,51,0.00424116,numbers,major,within
5,28,2-2-3-3-3,51,0.00424116,numbers,major,within
5,29,2-3-3-3-2,50,0.004158,numbers,major,within
5,30,2-2-2-3-1,44,0.00365904,numbers,major,within
5,31,3-3-3-2-3,44,0.00365904,numbers,major,within
5,32,2-2-2-4-2,43,0.00357588,numbers,major,within
5,33,4-3-2-2-2,42,0.00349272,numbers,major,within
5,34,2-3-2-2-1,38,0.00316008,numbers,major,within
5,35,2-2-2-1-3,38,0.00316008,numbers,major,within
5,36,2-2-1-3-2,37,0.00307692,numbers,major,within
5,37,3-2-2-1-3,37,0.00307692,numbers,major,within
5,38,3-3-2-3-3,37,0.00307692,numbers,major,within
5,39,2-2-2-2-1,37,0.00307692,numbers,major,within
5,40,4-2-2-2-2,36,0.00299376,numbers,major,within
5,41,2-2-2-2-4,35,0.0029106,numbers,major,within
5,42,2-3-3-1-2,35,0.0029106,numbers,major,within
5,43,2-2-3-1-2,34,0.00282744,numbers,major,within
5,44,4-2-2-2-3,34,0.00282744,numbers,major,within
5,45,3-2-2-2-1,34,0.00282744,numbers,major,within
5,46,2-2-4-2-2,34,0.00282744,numbers,major,within
5,47,3-1-2-2-2,33,0.00274428,numbers,major,within
5,48,3-3-3-3-3,32,0.00266112,numbers,major,within
5,49,2-3-2-3-4,32,0.00266112,numbers,major,within
5,50,1-2-3-3-2,32,0.00266112,numbers,major,within
6,1,2-2-2-2-2-2,87,0.00723553,numbers,major,within
6,2,2-3-2-2-2-2,71,0.00590486,numbers,major,within
6,3,3-2-2-2-2-2,69,0.00573852,numbers,major,within
6,4,2-2-2-2-2-3,56,0.00465735,numbers,major,within
6,5,2-2-3-2-2-2,48,0.00399202,numbers,major,within
6,6,2-2-2-3-2-2,45,0.00374251,numbers,major,within
6,7,2-2-3-3-2-2,43,0.00357618,numbers,major,within
6,8,3-2-2-3-2-2,42,0.00349301,numbers,major,within
6,9,2-2-2-2-3-2,42,0.00349301,numbers,major,within
6,10,3-2-2-2-2-3,41,0.00340985,numbers,major,within
6,11,2-2-2-2-3-3,40,0.00332668,numbers,major,within
6,12,3-2-3-2-3-2,39,0.00324351,numbers,major,within
6,13,2-3-3-2-2-2,38,0.00316035,numbers,major,within
6,14,2-3-3-2-3-2,38,0.00316035,numbers,major,within
6,15,3-2-2-2-3-2,37,0.00307718,numbers,major,within
6,16,3-3-2-3-2-2,35,0.00291084,numbers,major,within
6,17,2-3-2-3-2-3,35,0.00291084,numbers,major,within
6,18,2-3-2-3-3-3,34,0.00282768,numbers,major,within
6,19,2-2-2-3-3-2,33,0.00274451,numbers,major,within
6,20,2-2-2-3-2-3,33,0.00274451,numbers,major,within
6,21,3-2-3-2-2-2,32,0.00266134,numbers,major,within
6,22,2-2-3-2-2-3,32,0.00266134,numbers,major,within
6,23,2-3-2-3-3-2,31,0.00257818,numbers,major,within
6,24,3-2-3-2-3-3,31,0.00257818,numbers,major,within
6,25,3-2-3-3-3-3,30,0.00249501,numbers,major,within
6,26,2-3-2-3-2-2,30,0.00249501,numbers,major,within
6,27,2-3-2-2-3-2,30,0.00249501,numbers,major,within
6,28,3-3-2-2-2-2,30,0.00249501,numbers,major,within
6,29,3-3-2-3-2-3,29,0.00241184,numbers,major,within
6,30,2-3-2-2-3-3,28,0.00232868,numbers,major,within
6,31,3-2-2-3-3-2,28,0.00232868,numbers,major,within
6,32,2-2-3-3-3-2,28,0.00232868,numbers,major,within
6,33,2-2-3-2-3-2,27,0.00224551,numbers,major,within
6,34,2-3-2-2-2-3,27,0.00224551,numbers,major,within
6,35,3-3-2-2-3-2,26,0.00216234,numbers,major,within
6,36,2-3-3-2-2-3,26,0.00216234,numbers,major,within
6,37,3-2-3-3-2-2,26,0.00216234,numbers,major,within
6,38,3-2-2-3-2-3,26,0.00216234,numbers,major,within
6,39,2-3-3-3-3-2,25,0.00207917,numbers,major,within
6,40,2-2-2-2-3-1,25,0.00207917,numbers,major,within
6,41,3-3-3-3-2-2,25,0.00207917,numbers,major,within
6,42,3-3-3-2-3-2,24,0.00199601,numbers,major,within
6,43,3-2-3-2-2-3,24,0.00199601,numbers,major,within
6,44,3-2-3-3-2-3,24,0.00199601,numbers,major,within
6,45,3-3-3-2-2-2,24,0.00199601,numbers,major,within
6,46,2-3-2-2-1-3,23,0.00191284,numbers,major,within
6,47,2-2-2-3-1-3,23,0.00191284,numbers,major,within
6,48,5-2-3-2-2-2,22,0.00182967,numbers,major,within
6,49,2-2-2-4-2-3,21,0.00174651,numbers,major,within
6,50,2-2-2-2-2-4,21,0.00174651,numbers,major,within
2,1,3-3,302,0.12412659,numbers,major,cross_reset
2,2,2-3,263,0.108097,numbers,major,cross_reset
2,3,2-2,251,0.10316482,numbers,major,cross_reset
2,4,3-2,226,0.09288944,numbers,major,cross_reset
2,5,3-1,156,0.06411837,numbers,major,cross_reset
2,6,1-2,132,0.05425401,numbers,major,cross_reset
2,7,1-3,126,0.05178792,numbers,major,cross_reset
2,8,3-4,121,0.04973284,numbers,major,cross_reset
2,9,4-3,117,0.04808878,numbers,major,cross_reset
2,10,2-1,116,0.04767776,numbers,major,cross_reset
2,11,4-2,112,0.0460337,numbers,major,cross_reset
2,12,2-4,97,0.03986848,numbers,major,cross_reset
2,13,1-4,57,0.02342787,numbers,major,cross_reset
2,14,1-1,49,0.02013975,numbers,major,cross_reset
2,15,4-1,46,0.0189067,numbers,major,cross_reset
2,16,4-4,44,0.01808467,numbers,major,cross_reset
2,17,5-2,35,0.01438553,numbers,major,cross_reset
2,18,2-5,31,0.01274147,numbers,major,cross_reset
2,19,3-5,28,0.01150843,numbers,major,cross_reset
2,20,5-3,28,0.01150843,numbers,major,cross_reset
2,21,5-4,19,0.00780929,numbers,major,cross_reset
2,22,4-5,18,0.00739827,numbers,major,cross_reset
2,23,1-5,12,0.00493218,numbers,major,cross_reset
2,24,5-1,8,0.00328812,numbers,major,cross_reset
2,25,3-6,8,0.00328812,numbers,major,cross_reset
2,26,6-3,4,0.00164406,numbers,major,cross_reset
2,27,6-2,4,0.00164406,numbers,major,cross_reset
2,28,2-6,3,0.00123305,numbers,major,cross_reset
2,29,6-1,3,0.00123305,numbers,major,cross_reset
2,30,5-5,3,0.00123305,numbers,major,cross_reset
2,31,4-6,2,0.00082203,numbers,major,cross_reset
2,32,7-2,2,0.00082203,numbers,major,cross_reset
2,33,6-4,2,0.00082203,numbers,major,cross_reset
2,34,2-7,2,0.00082203,numbers,major,cross_reset
2,35,7-3,2,0.00082203,numbers,major,cross_reset
2,36,3-7,1,0.00041102,numbers,major,cross_reset
2,37,4-7,1,0.00041102,numbers,major,cross_reset
2,38,6-5,1,0.00041102,numbers,major,cross_reset
2,39,1-6,1,0.00041102,numbers,major,cross_reset
3,1,3-3-3,118,0.04851974,numbers,major,cross_reset
3,2,2-3-3,92,0.03782895,numbers,major,cross_reset
3,3,2-2-3,88,0.03618421,numbers,major,cross_reset
3,4,2-2-2,84,0.03453947,numbers,major,cross_reset
3,5,3-2-3,77,0.03166118,numbers,major,cross_reset
3,6,3-3-2,74,0.03042763,numbers,major,cross_reset
3,7,2-3-2,69,0.02837171,numbers,major,cross_reset
3,8,3-2-2,69,0.02837171,numbers,major,cross_reset
3,9,3-1-3,63,0.02590461,numbers,major,cross_reset
3,10,3-3-1,58,0.02384868,numbers,major,cross_reset
3,11,1-2-3,54,0.02220395,numbers,major,cross_reset
3,12,3-1-2,50,0.02055921,numbers,major,cross_reset
3,13,2-3-4,49,0.02014803,numbers,major,cross_reset
3,14,4-2-2,44,0.01809211,numbers,major,cross_reset
3,15,2-1-2,43,0.01768092,numbers,major,cross_reset
3,16,4-3-3,42,0.01726974,numbers,major,cross_reset
3,17,3-2-1,40,0.01644737,numbers,major,cross_reset
3,18,2-2-1,40,0.01644737,numbers,major,cross_reset
3,19,2-3-1,39,0.01603618,numbers,major,cross_reset
3,20,3-3-4,39,0.01603618,numbers,major,cross_reset
3,21,1-2-2,39,0.01603618,numbers,major,cross_reset
3,22,1-3-3,38,0.015625,numbers,major,cross_reset
3,23,1-3-2,37,0.01521382,numbers,major,cross_reset
3,24,2-4-2,36,0.01480263,numbers,major,cross_reset
3,25,3-4-2,36,0.01480263,numbers,major,cross_reset
3,26,3-4-3,35,0.01439145,numbers,major,cross_reset
3,27,1-3-1,35,0.01439145,numbers,major,cross_reset
3,28,4-3-2,34,0.01398026,numbers,major,cross_reset
3,29,2-4-3,34,0.01398026,numbers,major,cross_reset
3,30,2-1-3,32,0.01315789,numbers,major,cross_reset
3,31,4-2-3,31,0.01274671,numbers,major,cross_reset
3,32,2-2-4,29,0.01192434,numbers,major,cross_reset
3,33,3-2-4,27,0.01110197,numbers,major,cross_reset
3,34,1-4-3,26,0.01069079,numbers,major,cross_reset
3,35,3-4-1,25,0.01027961,numbers,major,cross_reset
3,36,3-1-4,23,0.00945724,numbers,major,cross_reset
3,37,4-1-2,22,0.00904605,numbers,major,cross_reset
3,38,2-1-1,21,0.00863487,numbers,major,cross_reset
3,39,1-4-2,20,0.00822368,numbers,major,cross_reset
3,40,1-2-1,20,0.00822368,numbers,major,cross_reset
3,41,4-3-1,19,0.0078125,numbers,major,cross_reset
3,42,4-2-4,19,0.0078125,numbers,major,cross_reset
3,43,4-3-4,18,0.00740132,numbers,major,cross_reset
3,44,3-1-1,17,0.00699013,numbers,major,cross_reset
3,45,1-2-4,17,0.00699013,numbers,major,cross_reset
3,46,2-1-4,16,0.00657895,numbers,major,cross_reset
3,47,3-4-4,15,0.00616776,numbers,major,cross_reset
3,48,1-1-2,15,0.00616776,numbers,major,cross_reset
3,49,4-1-3,14,0.00575658,numbers,major,cross_reset
3,50,4-4-2,14,0.00575658,numbers,major,cross_reset
4,1,3-3-3-3,50,0.02056767,numbers,major,cross_reset
4,2,2-3-3-3,31,0.01275195,numbers,major,cross_reset
4,3,2-2-2-2,27,0.01110654,numbers,major,cross_reset
4,4,2-2-2-3,26,0.01069519,numbers,major,cross_reset
4,5,3-2-2-3,26,0.01069519,numbers,major,cross_reset
4,6,2-2-3-2,26,0.01069519,numbers,major,cross_reset
4,7,3-3-3-2,25,0.01028383,numbers,major,cross_reset
4,8,2-3-2-2,25,0.01028383,numbers,major,cross_reset
4,9,2-2-3-4,25,0.01028383,numbers,major,cross_reset
4,10,3-2-2-2,25,0.01028383,numbers,major,cross_reset
4,11,2-2-3-3,25,0.01028383,numbers,major,cross_reset
4,12,3-3-3-1,25,0.01028383,numbers,major,cross_reset
4,13,2-3-3-2,25,0.01028383,numbers,major,cross_reset
4,14,3-3-2-3,24,0.00987248,numbers,major,cross_reset
4,15,3-1-3-1,24,0.00987248,numbers,major,cross_reset
4,16,3-3-1-2,24,0.00987248,numbers,major,cross_reset
4,17,1-2-3-3,24,0.00987248,numbers,major,cross_reset
4,18,3-2-3-3,23,0.00946113,numbers,major,cross_reset
4,19,3-3-2-2,22,0.00904977,numbers,major,cross_reset
4,20,3-2-3-2,21,0.00863842,numbers,major,cross_reset
4,21,2-2-2-1,21,0.00863842,numbers,major,cross_reset
4,22,2-3-2-3,20,0.00822707,numbers,major,cross_reset
4,23,3-1-3-3,20,0.00822707,numbers,major,cross_reset
4,24,1-3-1-3,20,0.00822707,numbers,major,cross_reset
4,25,3-1-2-3,18,0.00740436,numbers,major,cross_reset
4,26,2-2-1-2,17,0.00699301,numbers,major,cross_reset
4,27,4-2-2-3,17,0.00699301,numbers,major,cross_reset
4,28,2-3-4-2,17,0.00699301,numbers,major,cross_reset
4,29,2-3-3-1,17,0.00699301,numbers,major,cross_reset
4,30,3-3-1-3,17,0.00699301,numbers,major,cross_reset
4,31,3-1-2-2,17,0.00699301,numbers,major,cross_reset
4,32,4-3-3-3,17,0.00699301,numbers,major,cross_reset
4,33,1-3-2-3,16,0.00658165,numbers,major,cross_reset
4,34,1-3-3-3,16,0.00658165,numbers,major,cross_reset
4,35,3-2-1-3,16,0.00658165,numbers,major,cross_reset
4,36,2-4-3-3,16,0.00658165,numbers,major,cross_reset
4,37,3-3-2-1,16,0.00658165,numbers,major,cross_reset
4,38,2-1-2-2,16,0.00658165,numbers,major,cross_reset
4,39,2-4-2-2,15,0.0061703,numbers,major,cross_reset
4,40,3-4-2-2,15,0.0061703,numbers,major,cross_reset
4,41,3-2-3-4,15,0.0061703,numbers,major,cross_reset
4,42,2-3-3-4,15,0.0061703,numbers,major,cross_reset
4,43,4-2-2-2,15,0.0061703,numbers,major,cross_reset
4,44,4-1-2-3,15,0.0061703,numbers,major,cross_reset
4,45,2-2-4-2,14,0.00575895,numbers,major,cross_reset
4,46,2-3-1-2,14,0.00575895,numbers,major,cross_reset
4,47,3-3-3-4,14,0.00575895,numbers,major,cross_reset
4,48,1-2-2-3,14,0.00575895,numbers,major,cross_reset
4,49,2-1-2-3,13,0.00534759,numbers,major,cross_reset
4,50,4-3-2-3,13,0.00534759,numbers,major,cross_reset
5,1,3-3-3-3-3,20,0.00823045,numbers,major,cross_reset
5,2,2-3-3-3-3,18,0.00740741,numbers,major,cross_reset
5,3,3-1-3-1-3,14,0.00576132,numbers,major,cross_reset
5,4,3-2-3-3-3,11,0.00452675,numbers,major,cross_reset
5,5,2-2-3-3-3,11,0.00452675,numbers,major,cross_reset
5,6,1-3-1-3-1,11,0.00452675,numbers,major,cross_reset
5,7,3-3-3-2-3,10,0.00411523,numbers,major,cross_reset
5,8,2-2-2-3-3,10,0.00411523,numbers,major,cross_reset
5,9,3-3-2-3-3,10,0.00411523,numbers,major,cross_reset
5,10,3-3-3-3-2,10,0.00411523,numbers,major,cross_reset
5,11,3-4-1-2-3,10,0.00411523,numbers,major,cross_reset
5,12,4-1-2-3-3,10,0.00411523,numbers,major,cross_reset
5,13,2-2-2-3-2,10,0.00411523,numbers,major,cross_reset
5,14,3-3-1-2-2,10,0.00411523,numbers,major,cross_reset
5,15,3-2-3-2-2,9,0.0037037,numbers,major,cross_reset
5,16,2-2-3-4-2,9,0.0037037,numbers,major,cross_reset
5,17,2-4-3-3-2,9,0.0037037,numbers,major,cross_reset
5,18,3-2-2-3-3,9,0.0037037,numbers,major,cross_reset
5,19,2-3-3-2-1,9,0.0037037,numbers,major,cross_reset
5,20,3-3-2-1-3,9,0.0037037,numbers,major,cross_reset
5,21,3-3-3-3-1,9,0.0037037,numbers,major,cross_reset
5,22,3-3-3-1-4,9,0.0037037,numbers,major,cross_reset
5,23,3-3-2-2-2,9,0.0037037,numbers,major,cross_reset
5,24,2-3-2-2-3,9,0.0037037,numbers,major,cross_reset
5,25,3-1-2-3-3,9,0.0037037,numbers,major,cross_reset
5,26,2-3-2-2-2,9,0.0037037,numbers,major,cross_reset
5,27,3-3-3-1-2,9,0.0037037,numbers,major,cross_reset
5,28,2-2-2-2-3,9,0.0037037,numbers,major,cross_reset
5,29,3-2-2-2-2,9,0.0037037,numbers,major,cross_reset
5,30,2-2-2-2-2,9,0.0037037,numbers,major,cross_reset
5,31,2-2-4-2-2,8,0.00329218,numbers,major,cross_reset
5,32,3-4-2-2-3,8,0.00329218,numbers,major,cross_reset
5,33,4-2-2-3-4,8,0.00329218,numbers,major,cross_reset
5,34,3-4-3-1-3,8,0.00329218,numbers,major,cross_reset
5,35,3-2-4-3-3,8,0.00329218,numbers,major,cross_reset
5,36,2-2-3-3-2,8,0.00329218,numbers,major,cross_reset
5,37,3-3-3-3-4,8,0.00329218,numbers,major,cross_reset
5,38,3-2-3-3-2,8,0.00329218,numbers,major,cross_reset
5,39,3-2-2-2-1,8,0.00329218,numbers,major,cross_reset
5,40,4-3-3-3-3,8,0.00329218,numbers,major,cross_reset
5,41,3-1-3-3-3,8,0.00329218,numbers,major,cross_reset
5,42,2-2-3-2-2,8,0.00329218,numbers,major,cross_reset
5,43,3-2-2-3-2,8,0.00329218,numbers,major,cross_reset
5,44,1-2-3-3-1,8,0.00329218,numbers,major,cross_reset
5,45,2-3-3-1-2,8,0.00329218,numbers,major,cross_reset
5,46,2-2-1-2-2,8,0.00329218,numbers,major,cross_reset
5,47,2-1-3-2-3,7,0.00288066,numbers,major,cross_reset
5,48,2-3-4-2-2,7,0.00288066,numbers,major,cross_reset
5,49,3-2-2-2-3,7,0.00288066,numbers,major,cross_reset
5,50,3-3-1-2-3,7,0.00288066,numbers,major,cross_reset
6,1,3-1-3-1-3-1,11,0.00452861,numbers,major,cross_reset
6,2,3-3-3-3-3-3,9,0.00370523,numbers,major,cross_reset
6,3,4-1-2-3-3-1,8,0.00329354,numbers,major,cross_reset
6,4,1-3-1-3-1-3,8,0.00329354,numbers,major,cross_reset
6,5,3-4-2-2-3-4,7,0.00288184,numbers,major,cross_reset
6,6,3-4-1-2-3-3,7,0.00288184,numbers,major,cross_reset
6,7,1-2-3-3-1-2,7,0.00288184,numbers,major,cross_reset
6,8,2-3-4-2-2-3,6,0.00247015,numbers,major,cross_reset
6,9,3-2-4-3-3-2,6,0.00247015,numbers,major,cross_reset
6,10,3-2-3-3-3-3,6,0.00247015,numbers,major,cross_reset
6,11,3-3-3-1-4-3,6,0.00247015,numbers,major,cross_reset
6,12,2-2-3-3-3-3,6,0.00247015,numbers,major,cross_reset
6,13,2-3-3-3-3-3,6,0.00247015,numbers,major,cross_reset
6,14,3-3-3-2-3-3,6,0.00247015,numbers,major,cross_reset
6,15,2-3-2-2-2-2,6,0.00247015,numbers,major,cross_reset
6,16,2-2-2-2-2-2,6,0.00247015,numbers,major,cross_reset
6,17,4-2-2-3-4-2,5,0.00205846,numbers,major,cross_reset
6,18,3-2-2-3-3-2,5,0.00205846,numbers,major,cross_reset
6,19,2-3-3-2-1-3,5,0.00205846,numbers,major,cross_reset
6,20,2-4-3-3-2-3,5,0.00205846,numbers,major,cross_reset
6,21,3-3-2-3-3-3,5,0.00205846,numbers,major,cross_reset
6,22,2-3-3-3-3-1,5,0.00205846,numbers,major,cross_reset
6,23,3-3-2-2-2-1,5,0.00205846,numbers,major,cross_reset
6,24,3-4-3-3-3-3,5,0.00205846,numbers,major,cross_reset
6,25,3-3-3-3-1-4,5,0.00205846,numbers,major,cross_reset
6,26,4-3-3-3-3-3,5,0.00205846,numbers,major,cross_reset
6,27,3-4-3-1-3-3,5,0.00205846,numbers,major,cross_reset
6,28,3-3-1-2-2-3,5,0.00205846,numbers,major,cross_reset
6,29,3-1-2-2-3-4,5,0.00205846,numbers,major,cross_reset
6,30,3-3-1-2-3-3,5,0.00205846,numbers,major,cross_reset
6,31,3-1-2-3-3-4,5,0.00205846,numbers,major,cross_reset
6,32,3-3-4-1-2-3,5,0.00205846,numbers,major,cross_reset
6,33,3-2-2-2-2-3,5,0.00205846,numbers,major,cross_reset
6,34,3-1-3-1-4-2,5,0.00205846,numbers,major,cross_reset
6,35,1-3-3-3-2-3,4,0.00164677,numbers,major,cross_reset
6,36,2-2-3-4-2-2,4,0.00164677,numbers,major,cross_reset
6,37,3-4-3-2-3-4,4,0.00164677,numbers,major,cross_reset
6,38,3-2-2-2-3-3,4,0.00164677,numbers,major,cross_reset
6,39,2-2-2-3-3-1,4,0.00164677,numbers,major,cross_reset
6,40,3-3-2-4-3-3,4,0.00164677,numbers,major,cross_reset
6,41,1-3-1-4-2-3,4,0.00164677,numbers,major,cross_reset
6,42,2-3-3-2-2-2,4,0.00164677,numbers,major,cross_reset
6,43,1-2-2-3-4-1,4,0.00164677,numbers,major,cross_reset
6,44,3-3-3-3-3-2,4,0.00164677,numbers,major,cross_reset
6,45,2-2-3-4-1-2,4,0.00164677,numbers,major,cross_reset
6,46,2-3-4-1-2-3,4,0.00164677,numbers,major,cross_reset
6,47,3-1-3-3-3-1,4,0.00164677,numbers,major,cross_reset
6,48,3-3-1-3-2-3,4,0.00164677,numbers,major,cross_reset
6,49,3-3-3-3-4-3,4,0.00164677,numbers,major,cross_reset
6,50,2-2-2-3-3-3,4,0.00164677,numbers,major,cross_reset
2,1,2-2,2220,0.15350574,numbers,major,all
2,2,3-2,1811,0.12522473,numbers,major,all
2,3,2-3,1793,0.12398009,numbers,major,all
2,4,3-3,1437,0.09936385,numbers,major,all
2,5,2-1,703,0.04861015,numbers,major,all
2,6,4-2,663,0.04584428,numbers,major,all
2,7,3-1,654,0.04522196,numbers,major,all
2,8,1-2,624,0.04314756,numbers,major,all
2,9,2-4,611,0.04224865,numbers,major,all
2,10,1-3,600,0.04148804,numbers,major,all
2,11,4-3,546,0.03775411,numbers,major,all
2,12,3-4,522,0.03609459,numbers,major,all
2,13,1-4,342,0.02364818,numbers,major,all
2,14,4-1,280,0.01936108,numbers,major,all
2,15,1-1,195,0.01348361,numbers,major,all
2,16,5-2,191,0.01320703,numbers,major,all
2,17,4-4,185,0.01279214,numbers,major,all
2,18,2-5,183,0.01265385,numbers,major,all
2,19,5-3,155,0.01071774,numbers,major,all
2,20,3-5,135,0.00933481,numbers,major,all
2,21,1-5,107,0.0073987,numbers,major,all
2,22,5-1,82,0.00567003,numbers,major,all
2,23,6-2,52,0.00359563,numbers,major,all
2,24,4-5,51,0.00352648,numbers,major,all
2,25,5-4,51,0.00352648,numbers,major,all
2,26,2-6,50,0.00345734,numbers,major,all
2,27,1-6,49,0.00338819,numbers,major,all
2,28,6-3,34,0.00235099,numbers,major,all
2,29,6-1,16,0.00110635,numbers,major,all
2,30,3-6,15,0.0010372,numbers,major,all
2,31,6-4,15,0.0010372,numbers,major,all
2,32,5-5,13,0.00089891,numbers,major,all
2,33,1-7,11,0.00076061,numbers,major,all
2,34,2-7,11,0.00076061,numbers,major,all
2,35,7-3,11,0.00076061,numbers,major,all
2,36,7-2,8,0.00055317,numbers,major,all
2,37,6-5,5,0.00034573,numbers,major,all
2,38,5-6,4,0.00027659,numbers,major,all
2,39,4-6,4,0.00027659,numbers,major,all
2,40,7-4,4,0.00027659,numbers,major,all
2,41,7-5,3,0.00020744,numbers,major,all
2,42,3-7,3,0.00020744,numbers,major,all
2,43,1-8,3,0.00020744,numbers,major,all
2,44,8-3,2,0.00013829,numbers,major,all
2,45,8-2,2,0.00013829,numbers,major,all
2,46,5-7,1,6.915e-05,numbers,major,all
2,47,3-8,1,6.915e-05,numbers,major,all
2,48,6-6,1,6.915e-05,numbers,major,all
2,49,7-7,1,6.915e-05,numbers,major,all
2,50,4-7,1,6.915e-05,numbers,major,all
3,1,2-2-2,921,0.06368854,numbers,major,all
3,2,3-2-2,722,0.04992739,numbers,major,all
3,3,2-3-2,696,0.04812945,numbers,major,all
3,4,2-2-3,677,0.04681557,numbers,major,all
3,5,3-2-3,604,0.04176751,numbers,major,all
3,6,3-3-2,588,0.04066109,numbers,major,all
3,7,2-3-3,575,0.03976212,numbers,major,all
3,8,3-3-3,450,0.03111818,numbers,major,all
3,9,2-2-1,272,0.01880921,numbers,major,all
3,10,4-2-2,263,0.01818685,numbers,major,all
3,11,2-2-4,262,0.0181177,numbers,major,all
3,12,2-3-1,254,0.01756448,numbers,major,all
3,13,2-4-2,235,0.01625061,numbers,major,all
3,14,4-3-2,230,0.01590485,numbers,major,all
3,15,1-2-2,229,0.0158357,numbers,major,all
3,16,3-2-1,228,0.01576654,numbers,major,all
3,17,3-1-2,224,0.01548994,numbers,major,all
3,18,2-1-3,222,0.01535164,numbers,major,all
3,19,3-1-3,221,0.01528248,numbers,major,all
3,20,1-2-3,220,0.01521333,numbers,major,all
3,21,3-4-2,218,0.01507503,numbers,major,all
3,22,1-3-2,217,0.01500588,numbers,major,all
3,23,2-4-3,213,0.01472927,numbers,major,all
3,24,2-1-2,200,0.0138303,numbers,major,all
3,25,3-3-1,200,0.0138303,numbers,major,all
3,26,4-2-3,194,0.01341539,numbers,major,all
3,27,2-3-4,191,0.01320794,numbers,major,all
3,28,1-3-3,178,0.01230897,numbers,major,all
3,29,3-2-4,177,0.01223982,numbers,major,all
3,30,3-3-4,168,0.01161745,numbers,major,all
3,31,4-3-3,167,0.0115483,numbers,major,all
3,32,3-4-3,155,0.01071848,numbers,major,all
3,33,2-1-4,132,0.009128,numbers,major,all
3,34,1-4-2,117,0.00809073,numbers,major,all
3,35,1-3-1,104,0.00719176,numbers,major,all
3,36,4-1-2,101,0.0069843,numbers,major,all
3,37,1-4-3,93,0.00643109,numbers,major,all
3,38,2-1-1,90,0.00622364,numbers,major,all
3,39,1-2-1,89,0.00615448,numbers,major,all
3,40,3-1-4,88,0.00608533,numbers,major,all
3,41,2-4-1,88,0.00608533,numbers,major,all
3,42,4-2-1,87,0.00601618,numbers,major,all
3,43,3-4-1,80,0.00553212,numbers,major,all
3,44,1-3-4,79,0.00546297,numbers,major,all
3,45,5-2-3,76,0.00525551,numbers,major,all
3,46,1-4-1,76,0.00525551,numbers,major,all
3,47,4-1-3,75,0.00518636,numbers,major,all
3,48,4-3-1,75,0.00518636,numbers,major,all
3,49,4-2-4,74,0.00511721,numbers,major,all
3,50,4-4-2,73,0.00504806,numbers,major,all
4,1,2-2-2-2,396,0.02738589,numbers,major,all
4,2,2-3-2-2,300,0.02074689,numbers,major,all
4,3,3-2-2-2,290,0.02005533,numbers,major,all
4,4,2-2-3-2,288,0.01991701,numbers,major,all
4,5,2-2-2-3,279,0.01929461,numbers,major,all
4,6,2-3-3-2,249,0.01721992,numbers,major,all
4,7,3-2-2-3,237,0.01639004,numbers,major,all
4,8,2-3-2-3,233,0.01611342,numbers,major,all
4,9,3-2-3-3,222,0.0153527,numbers,major,all
4,10,3-2-3-2,217,0.01500692,numbers,major,all
4,11,3-3-2-2,213,0.01473029,numbers,major,all
4,12,3-3-2-3,208,0.01438451,numbers,major,all
4,13,2-2-3-3,207,0.01431535,numbers,major,all
4,14,3-3-3-2,194,0.01341632,numbers,major,all
4,15,2-3-3-3,172,0.01189488,numbers,major,all
4,16,3-3-3-3,139,0.00961272,numbers,major,all
4,17,2-2-2-4,108,0.00746888,numbers,major,all
4,18,4-2-2-2,103,0.0071231,numbers,major,all
4,19,1-2-2-2,102,0.00705394,numbers,major,all
4,20,2-2-4-2,100,0.00691563,numbers,major,all
4,21,2-2-2-1,100,0.00691563,numbers,major,all
4,22,2-4-2-2,100,0.00691563,numbers,major,all
4,23,2-2-4-3,97,0.00670816,numbers,major,all
4,24,2-2-1-3,97,0.00670816,numbers,major,all
4,25,3-2-2-1,96,0.006639,numbers,major,all
4,26,4-3-2-2,95,0.00656985,numbers,major,all
4,27,2-2-3-1,93,0.00643154,numbers,major,all
4,28,2-4-3-2,92,0.00636238,numbers,major,all
4,29,2-3-1-3,91,0.00629322,numbers,major,all
4,30,1-3-2-2,90,0.00622407,numbers,major,all
4,31,3-1-2-3,88,0.00608575,numbers,major,all
4,32,2-1-3-2,86,0.00594744,numbers,major,all
4,33,3-1-2-2,86,0.00594744,numbers,major,all
4,34,2-3-1-2,85,0.00587828,numbers,major,all
4,35,4-2-3-2,84,0.00580913,numbers,major,all
4,36,3-4-2-2,83,0.00573997,numbers,major,all
4,37,2-3-3-1,82,0.00567082,numbers,major,all
4,38,3-1-3-3,80,0.0055325,numbers,major,all
4,39,3-3-4-2,80,0.0055325,numbers,major,all
4,40,3-3-2-1,79,0.00546335,numbers,major,all
4,41,1-2-3-2,79,0.00546335,numbers,major,all
4,42,3-2-2-4,77,0.00532503,numbers,major,all
4,43,3-4-2-3,77,0.00532503,numbers,major,all
4,44,3-2-3-1,73,0.00504841,numbers,major,all
4,45,4-3-2-3,73,0.00504841,numbers,major,all
4,46,2-2-1-2,73,0.00504841,numbers,major,all
4,47,2-4-3-3,72,0.00497925,numbers,major,all
4,48,3-2-1-3,72,0.00497925,numbers,major,all
4,49,2-3-2-1,72,0.00497925,numbers,major,all
4,50,3-2-1-2,71,0.0049101,numbers,major,all
5,1,2-2-2-2-2,179,0.01237983,numbers,major,all
5,2,2-3-2-2-2,132,0.00912926,numbers,major,all
5,3,2-2-3-2-2,126,0.0087143,numbers,major,all
5,4,2-2-2-3-2,122,0.00843765,numbers,major,all
5,5,3-2-2-2-2,120,0.00829933,numbers,major,all
5,6,2-2-2-2-3,117,0.00809185,numbers,major,all
5,7,3-2-2-3-2,104,0.00719275,numbers,major,all
5,8,2-3-3-2-3,99,0.00684695,numbers,major,all
5,9,2-2-3-2-3,99,0.00684695,numbers,major,all
5,10,2-3-2-3-3,96,0.00663946,numbers,major,all
5,11,3-2-2-2-3,93,0.00643198,numbers,major,all
5,12,3-2-3-2-2,92,0.00636282,numbers,major,all
5,13,3-2-3-3-2,90,0.0062245,numbers,major,all
5,14,2-3-3-2-2,87,0.00601701,numbers,major,all
5,15,3-3-3-2-2,86,0.00594785,numbers,major,all
5,16,3-3-2-2-2,85,0.00587869,numbers,major,all
5,17,2-2-2-3-3,85,0.00587869,numbers,major,all
5,18,3-3-2-3-2,85,0.00587869,numbers,major,all
5,19,2-3-3-3-2,84,0.00580953,numbers,major,all
5,20,3-3-2-2-3,83,0.00574037,numbers,major,all
5,21,2-2-3-3-2,81,0.00560205,numbers,major,all
5,22,2-3-2-2-3,74,0.00511792,numbers,major,all
5,23,3-2-2-3-3,71,0.00491044,numbers,major,all
5,24,2-2-3-3-3,71,0.00491044,numbers,major,all
5,25,2-3-2-3-2,70,0.00484128,numbers,major,all
5,26,3-3-2-3-3,70,0.00484128,numbers,major,all
5,27,3-2-3-2-3,65,0.00449547,numbers,major,all
5,28,3-2-3-3-3,63,0.00435715,numbers,major,all
5,29,3-3-3-3-2,57,0.00394218,numbers,major,all
5,30,2-2-2-2-4,51,0.00352721,numbers,major,all
5,31,2-3-2-2-1,51,0.00352721,numbers,major,all
5,32,2-3-3-3-3,51,0.00352721,numbers,major,all
5,33,2-4-3-2-2,49,0.00338889,numbers,major,all
5,34,2-2-2-4-2,48,0.00331973,numbers,major,all
5,35,3-3-3-2-3,48,0.00331973,numbers,major,all
5,36,1-2-3-2-2,47,0.00325057,numbers,major,all
5,37,4-2-2-2-2,47,0.00325057,numbers,major,all
5,38,3-4-2-3-2,44,0.00304309,numbers,major,all
5,39,2-2-4-2-2,42,0.00290477,numbers,major,all
5,40,2-2-4-3-3,41,0.0028356,numbers,major,all
5,41,4-2-3-2-3,41,0.0028356,numbers,major,all
5,42,2-2-4-3-2,40,0.00276644,numbers,major,all
5,43,3-2-2-1-3,40,0.00276644,numbers,major,all
5,44,1-2-2-2-2,39,0.00269728,numbers,major,all
5,45,3-3-3-3-3,38,0.00262812,numbers,major,all
5,46,3-4-2-2-2,38,0.00262812,numbers,major,all
5,47,3-1-2-2-2,37,0.00255896,numbers,major,all
5,48,4-3-2-2-3,37,0.00255896,numbers,major,all
5,49,2-2-2-4-3,36,0.0024898,numbers,major,all
5,50,1-3-2-2-3,36,0.0024898,numbers,major,all
6,1,2-2-2-2-2-2,79,0.0054641,numbers,major,all
6,2,3-2-2-2-2-2,66,0.00456495,numbers,major,all
6,3,2-2-3-2-2-2,58,0.00401162,numbers,major,all
6,4,2-2-2-2-2-3,57,0.00394245,numbers,major,all
6,5,2-3-2-2-2-2,55,0.00380412,numbers,major,all
6,6,2-2-2-3-2-2,49,0.00338913,numbers,major,all
6,7,3-2-3-3-2-3,48,0.00331996,numbers,major,all
6,8,3-2-2-2-3-2,47,0.0032508,numbers,major,all
6,9,2-3-3-2-3-2,46,0.00318163,numbers,major,all
6,10,2-3-3-3-2-2,46,0.00318163,numbers,major,all
6,11,3-2-2-3-2-2,44,0.0030433,numbers,major,all
6,12,2-2-2-2-3-2,44,0.0030433,numbers,major,all
6,13,2-3-3-2-2-2,41,0.0028358,numbers,major,all
6,14,2-3-2-2-2-3,41,0.0028358,numbers,major,all
6,15,2-2-2-3-2-3,41,0.0028358,numbers,major,all
6,16,3-2-2-3-2-3,40,0.00276663,numbers,major,all
6,17,3-3-2-3-2-2,39,0.00269747,numbers,major,all
6,18,3-3-2-2-3-2,39,0.00269747,numbers,major,all
6,19,3-2-3-2-2-2,37,0.00255914,numbers,major,all
6,20,3-3-2-2-2-2,37,0.00255914,numbers,major,all
6,21,2-2-3-3-2-2,37,0.00255914,numbers,major,all
6,22,3-3-3-2-2-3,37,0.00255914,numbers,major,all
6,23,2-2-3-3-3-2,35,0.00242081,numbers,major,all
6,24,2-3-2-3-3-2,34,0.00235164,numbers,major,all
6,25,2-2-3-2-3-3,34,0.00235164,numbers,major,all
6,26,2-2-3-2-3-2,34,0.00235164,numbers,major,all
6,27,2-3-2-3-2-2,33,0.00228247,numbers,major,all
6,28,3-3-2-3-3-2,33,0.00228247,numbers,major,all
6,29,2-3-2-2-3-2,33,0.00228247,numbers,major,all
6,30,2-3-3-2-3-3,32,0.00221331,numbers,major,all
6,31,2-2-3-2-2-3,32,0.00221331,numbers,major,all
6,32,3-2-3-3-3-2,32,0.00221331,numbers,major,all
6,33,2-3-2-3-3-3,31,0.00214414,numbers,major,all
6,34,2-2-2-3-3-2,30,0.00207498,numbers,major,all
6,35,2-2-2-2-3-3,30,0.00207498,numbers,major,all
6,36,4-2-3-2-3-3,30,0.00207498,numbers,major,all
6,37,3-3-3-2-2-2,30,0.00207498,numbers,major,all
6,38,3-2-2-3-3-2,29,0.00200581,numbers,major,all
6,39,3-2-2-2-3-3,29,0.00200581,numbers,major,all
6,40,3-4-2-3-2-3,29,0.00200581,numbers,major,all
6,41,2-2-2-3-3-3,29,0.00200581,numbers,major,all
6,42,3-3-2-2-2-3,28,0.00193664,numbers,major,all
6,43,2-3-3-2-2-3,28,0.00193664,numbers,major,all
6,44,3-2-3-3-3-3,27,0.00186748,numbers,major,all
6,45,1-2-3-2-2-2,27,0.00186748,numbers,major,all
6,46,2-2-2-2-2-4,26,0.00179831,numbers,major,all
6,47,3-3-2-2-3-3,26,0.00179831,numbers,major,all
6,48,3-2-2-3-3-3,26,0.00179831,numbers,major,all
6,49,3-2-3-2-3-3,25,0.00172915,numbers,major,all
6,50,2-2-3-3-2-3,25,0.00172915,numbers,major,all
2,1,2-2,1733,0.17385634,numbers,major_minor,within
2,2,2-3,1318,0.13222311,numbers,major_minor,within
2,3,3-2,1302,0.13061798,numbers,major_minor,within
2,4,3-3,960,0.09630819,numbers,major_minor,within
2,5,2-1,473,0.04745185,numbers,major_minor,within
2,6,4-2,447,0.0448435,numbers,major_minor,within
2,7,1-2,439,0.04404093,numbers,major_minor,within
2,8,1-3,401,0.04022873,numbers,major_minor,within
2,9,2-4,400,0.04012841,numbers,major_minor,within
2,10,3-1,379,0.03802167,numbers,major_minor,within
2,11,3-4,350,0.03511236,numbers,major_minor,within
2,12,4-3,302,0.03029695,numbers,major_minor,within
2,13,4-1,181,0.01815811,numbers,major_minor,within
2,14,1-4,180,0.01805778,numbers,major_minor,within
2,15,4-4,146,0.01464687,numbers,major_minor,within
2,16,1-1,138,0.0138443,numbers,major_minor,within
2,17,5-2,135,0.01354334,numbers,major_minor,within
2,18,2-5,131,0.01314205,numbers,major_minor,within
2,19,5-3,98,0.00983146,numbers,major_minor,within
2,20,3-5,93,0.00932986,numbers,major_minor,within
2,21,1-5,45,0.00451445,numbers,major_minor,within
2,22,5-4,40,0.00401284,numbers,major_minor,within
2,23,4-5,38,0.0038122,numbers,major_minor,within
2,24,5-1,35,0.00351124,numbers,major_minor,within
2,25,6-2,32,0.00321027,numbers,major_minor,within
2,26,2-6,30,0.00300963,numbers,major_minor,within
2,27,6-3,25,0.00250803,numbers,major_minor,within
2,28,3-6,18,0.00180578,numbers,major_minor,within
2,29,5-5,17,0.00170546,numbers,major_minor,within
2,30,4-6,11,0.00110353,numbers,major_minor,within
2,31,1-6,11,0.00110353,numbers,major_minor,within
2,32,6-1,11,0.00110353,numbers,major_minor,within
2,33,7-4,8,0.00080257,numbers,major_minor,within
2,34,3-7,6,0.00060193,numbers,major_minor,within
2,35,1-7,5,0.00050161,numbers,major_minor,within
2,36,5-6,4,0.00040128,numbers,major_minor,within
2,37,6-5,4,0.00040128,numbers,major_minor,within
2,38,2-7,4,0.00040128,numbers,major_minor,within
2,39,7-1,3,0.00030096,numbers,major_minor,within
2,40,7-3,3,0.00030096,numbers,major_minor,within
2,41,6-4,3,0.00030096,numbers,major_minor,within
2,42,1-8,1,0.00010032,numbers,major_minor,within
2,43,8-3,1,0.00010032,numbers,major_minor,within
2,44,7-6,1,0.00010032,numbers,major_minor,within
2,45,5-7,1,0.00010032,numbers,major_minor,within
2,46,7-5,1,0.00010032,numbers,major_minor,within
2,47,4-7,1,0.00010032,numbers,major_minor,within
2,48,4-8,1,0.00010032,numbers,major_minor,within
2,49,8-5,1,0.00010032,numbers,major_minor,within
2,50,7-2,1,0.00010032,numbers,major_minor,within
3,1,2-2-2,749,0.07514799,numbers,major_minor,within
3,2,2-3-2,581,0.05829236,numbers,major_minor,within
3,3,3-2-2,571,0.05728905,numbers,major_minor,within
3,4,2-2-3,551,0.05528243,numbers,major_minor,within
3,5,3-2-3,424,0.04254038,numbers,major_minor,within
3,6,2-3-3,409,0.04103542,numbers,major_minor,within
3,7,3-3-2,406,0.04073442,numbers,major_minor,within
3,8,3-3-3,304,0.03050065,numbers,major_minor,within
3,9,2-2-1,216,0.02167152,numbers,major_minor,within
3,10,4-2-2,193,0.0193639,numbers,major_minor,within
3,11,2-4-2,172,0.01725695,numbers,major_minor,within
3,12,1-2-2,168,0.01685562,numbers,major_minor,within
3,13,2-1-2,165,0.01655463,numbers,major_minor,within
3,14,3-4-2,159,0.01595264,numbers,major_minor,within
3,15,2-1-3,158,0.01585231,numbers,major_minor,within
3,16,2-2-4,157,0.01575198,numbers,major_minor,within
3,17,3-1-2,150,0.01504966,numbers,major_minor,within
3,18,1-2-3,146,0.01464834,numbers,major_minor,within
3,19,2-3-1,146,0.01464834,numbers,major_minor,within
3,20,2-3-4,144,0.01444768,numbers,major_minor,within
3,21,1-3-2,140,0.01404635,numbers,major_minor,within
3,22,3-2-1,129,0.01294271,numbers,major_minor,within
3,23,4-2-3,129,0.01294271,numbers,major_minor,within
3,24,3-2-4,127,0.01274205,numbers,major_minor,within
3,25,4-3-2,126,0.01264172,numbers,major_minor,within
3,26,3-1-3,122,0.01224039,numbers,major_minor,within
3,27,1-3-3,116,0.01163841,numbers,major_minor,within
3,28,3-3-1,114,0.01143774,numbers,major_minor,within
3,29,2-4-3,112,0.01123708,numbers,major_minor,within
3,30,3-3-4,105,0.01053476,numbers,major_minor,within
3,31,4-3-3,92,0.00923046,numbers,major_minor,within
3,32,3-4-3,88,0.00882914,numbers,major_minor,within
3,33,2-1-1,75,0.00752483,numbers,major_minor,within
3,34,1-3-1,68,0.00682251,numbers,major_minor,within
3,35,4-1-2,65,0.00652152,numbers,major_minor,within
3,36,2-5-2,60,0.00601987,numbers,major_minor,within
3,37,5-2-3,57,0.00571887,numbers,major_minor,within
3,38,2-1-4,57,0.00571887,numbers,major_minor,within
3,39,1-3-4,56,0.00561854,numbers,major_minor,within
3,40,1-2-1,56,0.00561854,numbers,major_minor,within
3,41,2-4-1,55,0.00551821,numbers,major_minor,within
3,42,4-1-3,55,0.00551821,numbers,major_minor,within
3,43,1-4-2,55,0.00551821,numbers,major_minor,within
3,44,3-1-4,52,0.00521722,numbers,major_minor,within
3,45,1-2-4,52,0.00521722,numbers,major_minor,within
3,46,3-4-1,51,0.00511689,numbers,major_minor,within
3,47,1-1-3,50,0.00501655,numbers,major_minor,within
3,48,4-4-2,50,0.00501655,numbers,major_minor,within
3,49,4-2-1,50,0.00501655,numbers,major_minor,within
3,50,1-4-1,49,0.00491622,numbers,major_minor,within
4,1,2-2-2-2,331,0.03321292,numbers,major_minor,within
4,2,2-2-2-3,249,0.02498495,numbers,major_minor,within
4,3,3-2-2-2,248,0.02488461,numbers,major_minor,within
4,4,2-3-2-2,241,0.02418222,numbers,major_minor,within
4,5,2-2-3-2,226,0.0226771,numbers,major_minor,within
4,6,2-3-2-3,204,0.0204696,numbers,major_minor,within
4,7,2-2-3-3,187,0.0187638,numbers,major_minor,within
4,8,3-2-3-2,186,0.01866346,numbers,major_minor,within
4,9,3-3-2-2,181,0.01816175,numbers,major_minor,within
4,10,2-3-3-2,176,0.01766004,numbers,major_minor,within
4,11,3-2-2-3,174,0.01745936,numbers,major_minor,within
4,12,3-3-3-2,137,0.01374674,numbers,major_minor,within
4,13,3-2-3-3,129,0.01294401,numbers,major_minor,within
4,14,2-3-3-3,127,0.01274333,numbers,major_minor,within
4,15,3-3-2-3,124,0.0124423,numbers,major_minor,within
4,16,3-3-3-3,97,0.00973309,numbers,major_minor,within
4,17,2-2-2-1,87,0.00872968,numbers,major_minor,within
4,18,4-2-2-2,78,0.00782661,numbers,major_minor,within
4,19,2-4-2-2,76,0.00762593,numbers,major_minor,within
4,20,2-2-1-2,73,0.0073249,numbers,major_minor,within
4,21,2-2-4-2,73,0.0073249,numbers,major_minor,within
4,22,3-2-2-1,71,0.00712422,numbers,major_minor,within
4,23,1-2-3-2,71,0.00712422,numbers,major_minor,within
4,24,4-3-2-2,70,0.00702388,numbers,major_minor,within
4,25,4-2-2-3,69,0.00692354,numbers,major_minor,within
4,26,2-2-1-3,67,0.00672286,numbers,major_minor,within
4,27,3-4-2-2,67,0.00672286,numbers,major_minor,within
4,28,1-2-2-2,66,0.00662252,numbers,major_minor,within
4,29,2-3-2-4,65,0.00652218,numbers,major_minor,within
4,30,2-2-3-1,65,0.00652218,numbers,major_minor,within
4,31,2-1-2-2,63,0.00632149,numbers,major_minor,within
4,32,2-3-4-2,63,0.00632149,numbers,major_minor,within
4,33,1-3-2-2,63,0.00632149,numbers,major_minor,within
4,34,2-3-1-2,62,0.00622115,numbers,major_minor,within
4,35,4-2-3-2,61,0.00612081,numbers,major_minor,within
4,36,2-1-2-3,61,0.00612081,numbers,major_minor,within
4,37,3-1-2-2,60,0.00602047,numbers,major_minor,within
4,38,2-1-3-2,60,0.00602047,numbers,major_minor,within
4,39,2-2-2-4,60,0.00602047,numbers,major_minor,within
4,40,2-2-3-4,59,0.00592013,numbers,major_minor,within
4,41,3-2-2-4,59,0.00592013,numbers,major_minor,within
4,42,2-4-2-3,56,0.0056191,numbers,major_minor,within
4,43,3-2-1-3,52,0.00521774,numbers,major_minor,within
4,44,3-2-3-4,52,0.00521774,numbers,major_minor,within
4,45,2-3-1-3,52,0.00521774,numbers,major_minor,within
4,46,3-2-4-2,51,0.0051174,numbers,major_minor,within
4,47,2-3-3-1,51,0.0051174,numbers,major_minor,within
4,48,1-2-2-3,50,0.00501706,numbers,major_minor,within
4,49,3-3-2-1,49,0.00491672,numbers,major_minor,within
4,50,3-4-3-2,49,0.00491672,numbers,major_minor,within
5,1,2-2-2-2-2,137,0.01374812,numbers,major_minor,within
5,2,3-2-2-2-2,121,0.0121425,numbers,major_minor,within
5,3,2-2-2-2-3,116,0.01164074,numbers,major_minor,within
5,4,2-3-2-2-2,111,0.01113899,numbers,major_minor,within
5,5,2-2-2-3-2,102,0.01023583,numbers,major_minor,within
5,6,2-2-3-2-2,100,0.01003512,numbers,major_minor,within
5,7,2-2-2-3-3,89,0.00893126,numbers,major_minor,within
5,8,2-3-2-3-2,88,0.00883091,numbers,major_minor,within
5,9,2-2-3-3-2,85,0.00852985,numbers,major_minor,within
5,10,3-2-2-3-2,84,0.0084295,numbers,major_minor,within
5,11,2-3-3-2-2,82,0.0082288,numbers,major_minor,within
5,12,3-2-2-2-3,79,0.00792775,numbers,major_minor,within
5,13,3-2-3-2-2,77,0.00772704,numbers,major_minor,within
5,14,3-2-3-2-3,74,0.00742599,numbers,major_minor,within
5,15,2-2-3-2-3,70,0.00702459,numbers,major_minor,within
5,16,3-3-3-2-2,68,0.00682388,numbers,major_minor,within
5,17,2-3-2-2-3,67,0.00672353,numbers,major_minor,within
5,18,3-3-2-2-2,66,0.00662318,numbers,major_minor,within
5,19,2-3-2-3-3,65,0.00652283,numbers,major_minor,within
5,20,3-3-2-2-3,64,0.00642248,numbers,major_minor,within
5,21,3-3-2-3-2,58,0.00582037,numbers,major_minor,within
5,22,3-2-2-3-3,57,0.00572002,numbers,major_minor,within
5,23,2-3-3-3-2,56,0.00561967,numbers,major_minor,within
5,24,3-2-3-3-3,53,0.00531862,numbers,major_minor,within
5,25,2-3-3-2-3,50,0.00501756,numbers,major_minor,within
5,26,2-2-3-3-3,50,0.00501756,numbers,major_minor,within
5,27,3-3-3-3-2,48,0.00481686,numbers,major_minor,within
5,28,3-2-3-3-2,45,0.00451581,numbers,major_minor,within
5,29,3-3-3-2-3,39,0.0039137,numbers,major_minor,within
5,30,2-3-3-3-3,37,0.003713,numbers,major_minor,within
5,31,2-3-2-2-1,35,0.00351229,numbers,major_minor,within
5,32,3-3-2-3-3,35,0.00351229,numbers,major_minor,within
5,33,4-3-2-2-2,35,0.00351229,numbers,major_minor,within
5,34,2-2-2-4-2,35,0.00351229,numbers,major_minor,within
5,35,2-2-2-2-1,34,0.00341194,numbers,major_minor,within
5,36,4-2-2-2-2,33,0.00331159,numbers,major_minor,within
5,37,3-3-3-3-3,31,0.00311089,numbers,major_minor,within
5,38,4-2-3-2-3,31,0.00311089,numbers,major_minor,within
5,39,2-2-3-4-2,31,0.00311089,numbers,major_minor,within
5,40,2-2-2-2-4,31,0.00311089,numbers,major_minor,within
5,41,2-2-2-1-3,30,0.00301054,numbers,major_minor,within
5,42,3-4-2-2-3,30,0.00301054,numbers,major_minor,within
5,43,2-2-2-1-2,30,0.00301054,numbers,major_minor,within
5,44,2-2-1-2-3,29,0.00291019,numbers,major_minor,within
5,45,2-2-3-2-4,28,0.00280983,numbers,major_minor,within
5,46,2-3-2-4-2,28,0.00280983,numbers,major_minor,within
5,47,4-2-2-2-3,28,0.00280983,numbers,major_minor,within
5,48,2-2-1-3-2,28,0.00280983,numbers,major_minor,within
5,49,2-2-1-2-2,28,0.00280983,numbers,major_minor,within
5,50,2-4-2-2-2,28,0.00280983,numbers,major_minor,within
6,1,2-3-2-2-2-2,61,0.00612204,numbers,major_minor,within
6,2,2-2-2-2-2-3,57,0.00572059,numbers,major_minor,within
6,3,2-2-2-2-2-2,55,0.00551987,numbers,major_minor,within
6,4,3-2-2-2-2-2,53,0.00531915,numbers,major_minor,within
6,5,2-2-3-2-2-2,49,0.0049177,numbers,major_minor,within
6,6,2-2-2-2-3-2,47,0.00471698,numbers,major_minor,within
6,7,2-2-2-2-3-3,44,0.0044159,numbers,major_minor,within
6,8,2-2-3-3-2-2,44,0.0044159,numbers,major_minor,within
6,9,2-2-2-3-2-2,42,0.00421517,numbers,major_minor,within
6,10,3-2-2-3-2-2,40,0.00401445,numbers,major_minor,within
6,11,2-2-2-3-3-2,39,0.00391409,numbers,major_minor,within
6,12,3-2-2-2-2-3,39,0.00391409,numbers,major_minor,within
6,13,2-3-2-3-2-2,39,0.00391409,numbers,major_minor,within
6,14,3-3-2-2-3-2,36,0.00361301,numbers,major_minor,within
6,15,2-3-2-3-2-3,34,0.00341228,numbers,major_minor,within
6,16,3-2-2-2-3-2,33,0.00331192,numbers,major_minor,within
6,17,2-3-3-3-2-2,33,0.00331192,numbers,major_minor,within
6,18,2-3-2-2-2-3,33,0.00331192,numbers,major_minor,within
6,19,2-2-3-2-3-2,32,0.00321156,numbers,major_minor,within
6,20,3-2-2-3-2-3,32,0.00321156,numbers,major_minor,within
6,21,2-3-2-3-3-3,32,0.00321156,numbers,major_minor,within
6,22,2-3-2-2-3-2,31,0.0031112,numbers,major_minor,within
6,23,3-2-3-2-3-2,30,0.00301084,numbers,major_minor,within
6,24,2-3-3-2-2-2,30,0.00301084,numbers,major_minor,within
6,25,2-2-3-2-2-3,30,0.00301084,numbers,major_minor,within
6,26,3-3-3-2-2-3,28,0.00281012,numbers,major_minor,within
6,27,3-2-2-3-3-2,28,0.00281012,numbers,major_minor,within
6,28,3-3-2-2-2-2,28,0.00281012,numbers,major_minor,within
6,29,3-2-2-2-3-3,27,0.00270976,numbers,major_minor,within
6,30,2-3-2-2-3-3,27,0.00270976,numbers,major_minor,within
6,31,2-2-2-3-2-3,26,0.00260939,numbers,major_minor,within
6,32,2-3-3-2-2-3,26,0.00260939,numbers,major_minor,within
6,33,3-2-3-2-2-2,25,0.00250903,numbers,major_minor,within
6,34,3-2-3-3-3-2,24,0.00240867,numbers,major_minor,within
6,35,2-2-3-3-2-3,24,0.00240867,numbers,major_minor,within
6,36,2-3-3-2-3-2,23,0.00230831,numbers,major_minor,within
6,37,5-2-3-2-2-2,23,0.00230831,numbers,major_minor,within
6,38,3-3-2-3-2-3,23,0.00230831,numbers,major_minor,within
6,39,2-2-3-3-3-2,23,0.00230831,numbers,major_minor,within
6,40,3-3-3-3-2-2,22,0.00220795,numbers,major_minor,within
6,41,3-2-3-2-3-3,22,0.00220795,numbers,major_minor,within
6,42,3-3-3-2-2-2,21,0.00210759,numbers,major_minor,within
6,43,2-3-2-3-3-2,21,0.00210759,numbers,major_minor,within
6,44,3-3-2-3-2-2,20,0.00200723,numbers,major_minor,within
6,45,3-3-3-2-3-2,20,0.00200723,numbers,major_minor,within
6,46,3-2-3-3-2-2,20,0.00200723,numbers,major_minor,within
6,47,4-2-3-2-3-3,20,0.00200723,numbers,major_minor,within
6,48,2-2-2-3-2-4,18,0.0018065,numbers,major_minor,within
6,49,3-2-3-2-2-1,18,0.0018065,numbers,major_minor,within
6,50,2-2-2-3-3-3,18,0.0018065,numbers,major_minor,within
2,1,2-2,514,0.11440018,numbers,major_minor,cross_reset
2,2,3-3,511,0.11373247,numbers,major_minor,cross_reset
2,3,3-2,455,0.10126864,numbers,major_minor,cross_reset
2,4,2-3,443,0.09859782,numbers,major_minor,cross_reset
2,5,3-1,255,0.05675495,numbers,major_minor,cross_reset
2,6,1-3,242,0.05386156,numbers,major_minor,cross_reset
2,7,2-1,225,0.0500779,numbers,major_minor,cross_reset
2,8,1-2,222,0.04941019,numbers,major_minor,cross_reset
2,9,2-4,212,0.04718451,numbers,major_minor,cross_reset
2,10,4-2,206,0.0458491,numbers,major_minor,cross_reset
2,11,4-3,200,0.04451369,numbers,major_minor,cross_reset
2,12,3-4,183,0.04073002,numbers,major_minor,cross_reset
2,13,1-1,108,0.02403739,numbers,major_minor,cross_reset
2,14,1-4,101,0.02247941,numbers,major_minor,cross_reset
2,15,4-1,91,0.02025373,numbers,major_minor,cross_reset
2,16,4-4,80,0.01780548,numbers,major_minor,cross_reset
2,17,2-5,66,0.01468952,numbers,major_minor,cross_reset
2,18,5-3,57,0.0126864,numbers,major_minor,cross_reset
2,19,5-2,57,0.0126864,numbers,major_minor,cross_reset
2,20,3-5,43,0.00957044,numbers,major_minor,cross_reset
2,21,5-1,26,0.00578678,numbers,major_minor,cross_reset
2,22,1-5,26,0.00578678,numbers,major_minor,cross_reset
2,23,4-5,23,0.00511907,numbers,major_minor,cross_reset
2,24,6-2,21,0.00467394,numbers,major_minor,cross_reset
2,25,5-4,20,0.00445137,numbers,major_minor,cross_reset
2,26,2-6,20,0.00445137,numbers,major_minor,cross_reset
2,27,3-6,18,0.00400623,numbers,major_minor,cross_reset
2,28,6-3,11,0.00244825,numbers,major_minor,cross_reset
2,29,1-6,7,0.00155798,numbers,major_minor,cross_reset
2,30,7-2,6,0.00133541,numbers,major_minor,cross_reset
2,31,6-1,6,0.00133541,numbers,major_minor,cross_reset
2,32,6-4,6,0.00133541,numbers,major_minor,cross_reset
2,33,7-3,5,0.00111284,numbers,major_minor,cross_reset
2,34,5-5,5,0.00111284,numbers,major_minor,cross_reset
2,35,6-5,4,0.00089027,numbers,major_minor,cross_reset
2,36,3-7,4,0.00089027,numbers,major_minor,cross_reset
2,37,1-7,3,0.00066771,numbers,major_minor,cross_reset
2,38,4-7,2,0.00044514,numbers,major_minor,cross_reset
2,39,2-7,2,0.00044514,numbers,major_minor,cross_reset
2,40,5-6,2,0.00044514,numbers,major_minor,cross_reset
2,41,4-6,1,0.00022257,numbers,major_minor,cross_reset
2,42,3-8,1,0.00022257,numbers,major_minor,cross_reset
2,43,8-3,1,0.00022257,numbers,major_minor,cross_reset
2,44,1-8,1,0.00022257,numbers,major_minor,cross_reset
2,45,8-4,1,0.00022257,numbers,major_minor,cross_reset
3,1,2-2-2,175,0.03895815,numbers,major_minor,cross_reset
3,2,3-3-3,170,0.03784506,numbers,major_minor,cross_reset
3,3,2-3-3,159,0.03539626,numbers,major_minor,cross_reset
3,4,3-2-2,156,0.03472841,numbers,major_minor,cross_reset
3,5,2-2-3,146,0.03250223,numbers,major_minor,cross_reset
3,6,3-3-2,145,0.03227961,numbers,major_minor,cross_reset
3,7,2-3-2,145,0.03227961,numbers,major_minor,cross_reset
3,8,3-2-3,135,0.03005343,numbers,major_minor,cross_reset
3,9,3-1-3,102,0.02270703,numbers,major_minor,cross_reset
3,10,3-3-1,101,0.02248442,numbers,major_minor,cross_reset
3,11,2-2-4,87,0.01936776,numbers,major_minor,cross_reset
3,12,2-4-3,84,0.01869991,numbers,major_minor,cross_reset
3,13,1-2-2,84,0.01869991,numbers,major_minor,cross_reset
3,14,1-3-2,82,0.01825467,numbers,major_minor,cross_reset
3,15,4-3-3,80,0.01780944,numbers,major_minor,cross_reset
3,16,3-1-2,78,0.0173642,numbers,major_minor,cross_reset
3,17,1-3-3,78,0.0173642,numbers,major_minor,cross_reset
3,18,2-1-3,74,0.01647373,numbers,major_minor,cross_reset
3,19,2-3-1,73,0.01625111,numbers,major_minor,cross_reset
3,20,4-2-3,73,0.01625111,numbers,major_minor,cross_reset
3,21,2-2-1,72,0.0160285,numbers,major_minor,cross_reset
3,22,3-2-1,71,0.01580588,numbers,major_minor,cross_reset
3,23,2-1-2,71,0.01580588,numbers,major_minor,cross_reset
3,24,2-4-2,70,0.01558326,numbers,major_minor,cross_reset
3,25,3-2-4,67,0.01491541,numbers,major_minor,cross_reset
3,26,3-3-4,67,0.01491541,numbers,major_minor,cross_reset
3,27,4-2-2,66,0.01469279,numbers,major_minor,cross_reset
3,28,3-4-2,62,0.01380232,numbers,major_minor,cross_reset
3,29,1-2-3,58,0.01291184,numbers,major_minor,cross_reset
3,30,3-4-3,57,0.01268923,numbers,major_minor,cross_reset
3,31,4-3-2,56,0.01246661,numbers,major_minor,cross_reset
3,32,2-3-4,52,0.01157614,numbers,major_minor,cross_reset
3,33,1-3-1,45,0.01001781,numbers,major_minor,cross_reset
3,34,2-1-1,42,0.00934996,numbers,major_minor,cross_reset
3,35,1-4-2,40,0.00890472,numbers,major_minor,cross_reset
3,36,1-2-1,40,0.00890472,numbers,major_minor,cross_reset
3,37,1-1-2,38,0.00845948,numbers,major_minor,cross_reset
3,38,3-1-4,34,0.00756901,numbers,major_minor,cross_reset
3,39,4-2-1,32,0.00712378,numbers,major_minor,cross_reset
3,40,1-1-3,31,0.00690116,numbers,major_minor,cross_reset
3,41,3-1-1,30,0.00667854,numbers,major_minor,cross_reset
3,42,4-3-1,29,0.00645592,numbers,major_minor,cross_reset
3,43,3-4-1,29,0.00645592,numbers,major_minor,cross_reset
3,44,1-3-4,27,0.00601069,numbers,major_minor,cross_reset
3,45,1-2-4,27,0.00601069,numbers,major_minor,cross_reset
3,46,2-4-4,27,0.00601069,numbers,major_minor,cross_reset
3,47,4-1-2,27,0.00601069,numbers,major_minor,cross_reset
3,48,4-4-3,27,0.00601069,numbers,major_minor,cross_reset
3,49,2-5-3,26,0.00578807,numbers,major_minor,cross_reset
3,50,2-2-5,26,0.00578807,numbers,major_minor,cross_reset
4,1,2-2-2-2,70,0.01558673,numbers,major_minor,cross_reset
4,2,3-3-3-3,60,0.01336005,numbers,major_minor,cross_reset
4,3,2-2-3-2,53,0.01180138,numbers,major_minor,cross_reset
4,4,2-2-3-3,51,0.01135605,numbers,major_minor,cross_reset
4,5,3-2-2-2,50,0.01113338,numbers,major_minor,cross_reset
4,6,3-3-2-2,50,0.01113338,numbers,major_minor,cross_reset
4,7,2-3-2-2,49,0.01091071,numbers,major_minor,cross_reset
4,8,2-3-2-3,48,0.01068804,numbers,major_minor,cross_reset
4,9,2-2-2-3,48,0.01068804,numbers,major_minor,cross_reset
4,10,2-3-3-2,48,0.01068804,numbers,major_minor,cross_reset
4,11,2-3-3-3,46,0.01024271,numbers,major_minor,cross_reset
4,12,3-2-3-3,45,0.01002004,numbers,major_minor,cross_reset
4,13,3-2-3-2,44,0.00979737,numbers,major_minor,cross_reset
4,14,3-3-2-3,44,0.00979737,numbers,major_minor,cross_reset
4,15,3-3-3-2,41,0.00912937,numbers,major_minor,cross_reset
4,16,3-2-2-4,38,0.00846137,numbers,major_minor,cross_reset
4,17,3-3-1-3,37,0.0082387,numbers,major_minor,cross_reset
4,18,2-2-4-3,36,0.00801603,numbers,major_minor,cross_reset
4,19,3-3-1-2,36,0.00801603,numbers,major_minor,cross_reset
4,20,3-3-3-1,36,0.00801603,numbers,major_minor,cross_reset
4,21,3-2-2-3,35,0.00779336,numbers,major_minor,cross_reset
4,22,2-4-3-3,34,0.0075707,numbers,major_minor,cross_reset
4,23,2-3-3-1,33,0.00734803,numbers,major_minor,cross_reset
4,24,2-4-3-2,32,0.00712536,numbers,major_minor,cross_reset
4,25,3-1-3-2,32,0.00712536,numbers,major_minor,cross_reset
4,26,1-2-2-2,32,0.00712536,numbers,major_minor,cross_reset
4,27,3-3-4-2,31,0.00690269,numbers,major_minor,cross_reset
4,28,2-2-4-2,31,0.00690269,numbers,major_minor,cross_reset
4,29,3-1-2-2,30,0.00668003,numbers,major_minor,cross_reset
4,30,4-3-3-3,29,0.00645736,numbers,major_minor,cross_reset
4,31,1-2-2-3,29,0.00645736,numbers,major_minor,cross_reset
4,32,3-2-3-1,29,0.00645736,numbers,major_minor,cross_reset
4,33,2-1-3-3,29,0.00645736,numbers,major_minor,cross_reset
4,34,2-3-1-3,28,0.00623469,numbers,major_minor,cross_reset
4,35,3-2-4-3,27,0.00601202,numbers,major_minor,cross_reset
4,36,3-1-3-1,27,0.00601202,numbers,major_minor,cross_reset
4,37,2-4-2-3,27,0.00601202,numbers,major_minor,cross_reset
4,38,1-3-2-3,27,0.00601202,numbers,major_minor,cross_reset
4,39,2-1-3-2,27,0.00601202,numbers,major_minor,cross_reset
4,40,3-3-3-4,26,0.00578936,numbers,major_minor,cross_reset
4,41,2-4-2-2,26,0.00578936,numbers,major_minor,cross_reset
4,42,1-3-3-3,26,0.00578936,numbers,major_minor,cross_reset
4,43,4-3-3-2,26,0.00578936,numbers,major_minor,cross_reset
4,44,4-2-3-3,26,0.00578936,numbers,major_minor,cross_reset
4,45,3-1-3-3,25,0.00556669,numbers,major_minor,cross_reset
4,46,4-3-2-2,25,0.00556669,numbers,major_minor,cross_reset
4,47,1-2-3-3,25,0.00556669,numbers,major_minor,cross_reset
4,48,2-2-2-1,25,0.00556669,numbers,major_minor,cross_reset
4,49,3-2-1-2,25,0.00556669,numbers,major_minor,cross_reset
4,50,2-1-2-2,25,0.00556669,numbers,major_minor,cross_reset
5,1,2-2-2-2-2,27,0.00601336,numbers,major_minor,cross_reset
5,2,2-3-2-3-2,26,0.00579065,numbers,major_minor,cross_reset
5,3,3-2-2-4-2,20,0.00445434,numbers,major_minor,cross_reset
5,4,3-2-2-3-2,20,0.00445434,numbers,major_minor,cross_reset
5,5,2-2-3-3-3,20,0.00445434,numbers,major_minor,cross_reset
5,6,2-3-3-2-2,20,0.00445434,numbers,major_minor,cross_reset
5,7,3-2-3-2-3,19,0.00423163,numbers,major_minor,cross_reset
5,8,3-2-2-2-2,19,0.00423163,numbers,major_minor,cross_reset
5,9,3-3-3-3-3,18,0.00400891,numbers,major_minor,cross_reset
5,10,2-2-4-3-2,18,0.00400891,numbers,major_minor,cross_reset
5,11,2-2-3-2-3,18,0.00400891,numbers,major_minor,cross_reset
5,12,2-3-3-3-3,18,0.00400891,numbers,major_minor,cross_reset
5,13,2-2-2-2-3,18,0.00400891,numbers,major_minor,cross_reset
5,14,2-2-2-3-3,17,0.00378619,numbers,major_minor,cross_reset
5,15,2-2-4-2-2,16,0.00356347,numbers,major_minor,cross_reset
5,16,3-3-2-3-3,16,0.00356347,numbers,major_minor,cross_reset
5,17,3-2-3-3-3,16,0.00356347,numbers,major_minor,cross_reset
5,18,3-3-3-1-2,16,0.00356347,numbers,major_minor,cross_reset
5,19,2-3-2-2-2,16,0.00356347,numbers,major_minor,cross_reset
5,20,2-2-3-2-2,16,0.00356347,numbers,major_minor,cross_reset
5,21,2-3-3-2-3,16,0.00356347,numbers,major_minor,cross_reset
5,22,3-3-1-2-2,16,0.00356347,numbers,major_minor,cross_reset
5,23,3-1-3-1-3,15,0.00334076,numbers,major_minor,cross_reset
5,24,3-3-3-3-1,15,0.00334076,numbers,major_minor,cross_reset
5,25,4-3-3-3-3,14,0.00311804,numbers,major_minor,cross_reset
5,26,3-3-3-4-2,14,0.00311804,numbers,major_minor,cross_reset
5,27,2-4-3-2-2,14,0.00311804,numbers,major_minor,cross_reset
5,28,2-3-3-1-3,14,0.00311804,numbers,major_minor,cross_reset
5,29,2-2-2-3-2,14,0.00311804,numbers,major_minor,cross_reset
5,30,2-3-3-3-2,14,0.00311804,numbers,major_minor,cross_reset
5,31,3-3-4-2-1,14,0.00311804,numbers,major_minor,cross_reset
5,32,2-1-3-3-3,14,0.00311804,numbers,major_minor,cross_reset
5,33,3-1-2-2-2,14,0.00311804,numbers,major_minor,cross_reset
5,34,3-3-3-3-4,13,0.00289532,numbers,major_minor,cross_reset
5,35,3-3-3-2-2,13,0.00289532,numbers,major_minor,cross_reset
5,36,2-4-3-3-3,13,0.00289532,numbers,major_minor,cross_reset
5,37,3-2-4-3-3,13,0.00289532,numbers,major_minor,cross_reset
5,38,3-3-2-2-3,13,0.00289532,numbers,major_minor,cross_reset
5,39,3-2-2-2-3,13,0.00289532,numbers,major_minor,cross_reset
5,40,3-3-3-3-2,13,0.00289532,numbers,major_minor,cross_reset
5,41,2-2-3-3-2,13,0.00289532,numbers,major_minor,cross_reset
5,42,3-3-2-2-2,13,0.00289532,numbers,major_minor,cross_reset
5,43,4-2-3-3-2,13,0.00289532,numbers,major_minor,cross_reset
5,44,1-3-2-3-3,13,0.00289532,numbers,major_minor,cross_reset
5,45,3-1-2-2-3,13,0.00289532,numbers,major_minor,cross_reset
5,46,2-2-4-3-3,12,0.00267261,numbers,major_minor,cross_reset
5,47,4-3-2-2-4,12,0.00267261,numbers,major_minor,cross_reset
5,48,3-2-2-4-3,12,0.00267261,numbers,major_minor,cross_reset
5,49,3-3-3-2-3,12,0.00267261,numbers,major_minor,cross_reset
5,50,2-2-2-2-1,12,0.00267261,numbers,major_minor,cross_reset
6,1,2-2-2-2-2-3,12,0.0026732,numbers,major_minor,cross_reset
6,2,3-2-3-2-3-2,12,0.0026732,numbers,major_minor,cross_reset
6,3,2-3-2-3-2-3,12,0.0026732,numbers,major_minor,cross_reset
6,4,3-3-4-2-1-1,11,0.00245043,numbers,major_minor,cross_reset
6,5,1-3-3-3-1-2,11,0.00245043,numbers,major_minor,cross_reset
6,6,3-3-3-1-2-2,11,0.00245043,numbers,major_minor,cross_reset
6,7,3-2-2-4-2-2,10,0.00222767,numbers,major_minor,cross_reset
6,8,3-2-2-3-2-3,10,0.00222767,numbers,major_minor,cross_reset
6,9,1-1-2-1-3-3,10,0.00222767,numbers,major_minor,cross_reset
6,10,2-2-3-2-3-2,9,0.0020049,numbers,major_minor,cross_reset
6,11,3-3-3-2-3-3,9,0.0020049,numbers,major_minor,cross_reset
6,12,2-2-3-3-3-3,9,0.0020049,numbers,major_minor,cross_reset
6,13,2-3-3-2-2-2,9,0.0020049,numbers,major_minor,cross_reset
6,14,3-4-2-1-1-2,9,0.0020049,numbers,major_minor,cross_reset
6,15,4-2-1-1-2-1,9,0.0020049,numbers,major_minor,cross_reset
6,16,2-1-1-2-1-3,9,0.0020049,numbers,major_minor,cross_reset
6,17,1-2-1-3-3-3,9,0.0020049,numbers,major_minor,cross_reset
6,18,2-1-3-3-3-1,9,0.0020049,numbers,major_minor,cross_reset
6,19,3-3-3-4-2-1,9,0.0020049,numbers,major_minor,cross_reset
6,20,3-3-3-3-4-2,8,0.00178213,numbers,major_minor,cross_reset
6,21,2-4-2-2-4-3,8,0.00178213,numbers,major_minor,cross_reset
6,22,2-2-4-3-2-2,8,0.00178213,numbers,major_minor,cross_reset
6,23,2-4-3-2-2-4,8,0.00178213,numbers,major_minor,cross_reset
6,24,2-3-4-3-2-2,8,0.00178213,numbers,major_minor,cross_reset
6,25,3-3-2-2-3-2,8,0.00178213,numbers,major_minor,cross_reset
6,26,2-3-2-2-2-2,8,0.00178213,numbers,major_minor,cross_reset
6,27,3-3-1-2-2-2,8,0.00178213,numbers,major_minor,cross_reset
6,28,3-1-2-2-2-3,8,0.00178213,numbers,major_minor,cross_reset
6,29,1-2-2-2-3-3,8,0.00178213,numbers,major_minor,cross_reset
6,30,3-3-1-2-2-3,8,0.00178213,numbers,major_minor,cross_reset
6,31,3-1-2-2-3-3,8,0.00178213,numbers,major_minor,cross_reset
6,32,3-2-2-2-2-2,8,0.00178213,numbers,major_minor,cross_reset
6,33,3-3-3-3-1-3,8,0.00178213,numbers,major_minor,cross_reset
6,34,3-1-3-1-3-1,8,0.00178213,numbers,major_minor,cross_reset
6,35,3-3-2-2-4-2,7,0.00155937,numbers,major_minor,cross_reset
6,36,2-2-4-2-2-4,7,0.00155937,numbers,major_minor,cross_reset
6,37,4-3-2-2-4-2,7,0.00155937,numbers,major_minor,cross_reset
6,38,3-2-2-4-2-3,7,0.00155937,numbers,major_minor,cross_reset
6,39,3-2-4-3-3-3,7,0.00155937,numbers,major_minor,cross_reset
6,40,2-2-2-3-3-3,7,0.00155937,numbers,major_minor,cross_reset
6,41,1-2-2-3-3-3,7,0.00155937,numbers,major_minor,cross_reset
6,42,2-3-2-3-2-2,7,0.00155937,numbers,major_minor,cross_reset
6,43,2-3-2-2-3-2,7,0.00155937,numbers,major_minor,cross_reset
6,44,1-3-1-3-1-3,7,0.00155937,numbers,major_minor,cross_reset
6,45,4-2-2-4-3-2,6,0.0013366,numbers,major_minor,cross_reset
6,46,3-2-2-4-3-2,6,0.0013366,numbers,major_minor,cross_reset
6,47,2-3-3-1-3-2,6,0.0013366,numbers,major_minor,cross_reset
6,48,3-2-3-3-3-3,6,0.0013366,numbers,major_minor,cross_reset
6,49,2-4-3-3-3-3,6,0.0013366,numbers,major_minor,cross_reset
6,50,4-2-3-2-2-2,6,0.0013366,numbers,major_minor,cross_reset
2,1,2-2,2220,0.15350574,numbers,major_minor,all
2,2,3-2,1811,0.12522473,numbers,major_minor,all
2,3,2-3,1793,0.12398009,numbers,major_minor,all
2,4,3-3,1437,0.09936385,numbers,major_minor,all
2,5,2-1,703,0.04861015,numbers,major_minor,all
2,6,4-2,663,0.04584428,numbers,major_minor,all
2,7,3-1,654,0.04522196,numbers,major_minor,all
2,8,1-2,624,0.04314756,numbers,major_minor,all
2,9,2-4,611,0.04224865,numbers,major_minor,all
2,10,1-3,600,0.04148804,numbers,major_minor,all
2,11,4-3,546,0.03775411,numbers,major_minor,all
2,12,3-4,522,0.03609459,numbers,major_minor,all
2,13,1-4,342,0.02364818,numbers,major_minor,all
2,14,4-1,280,0.01936108,numbers,major_minor,all
2,15,1-1,195,0.01348361,numbers,major_minor,all
2,16,5-2,191,0.01320703,numbers,major_minor,all
2,17,4-4,185,0.01279214,numbers,major_minor,all
2,18,2-5,183,0.01265385,numbers,major_minor,all
2,19,5-3,155,0.01071774,numbers,major_minor,all
2,20,3-5,135,0.00933481,numbers,major_minor,all
2,21,1-5,107,0.0073987,numbers,major_minor,all
2,22,5-1,82,0.00567003,numbers,major_minor,all
2,23,6-2,52,0.00359563,numbers,major_minor,all
2,24,4-5,51,0.00352648,numbers,major_minor,all
2,25,5-4,51,0.00352648,numbers,major_minor,all
2,26,2-6,50,0.00345734,numbers,major_minor,all
2,27,1-6,49,0.00338819,numbers,major_minor,all
2,28,6-3,34,0.00235099,numbers,major_minor,all
2,29,6-1,16,0.00110635,numbers,major_minor,all
2,30,3-6,15,0.0010372,numbers,major_minor,all
2,31,6-4,15,0.0010372,numbers,major_minor,all
2,32,5-5,13,0.00089891,numbers,major_minor,all
2,33,1-7,11,0.00076061,numbers,major_minor,all
2,34,2-7,11,0.00076061,numbers,major_minor,all
2,35,7-3,11,0.00076061,numbers,major_minor,all
2,36,7-2,8,0.00055317,numbers,major_minor,all
2,37,6-5,5,0.00034573,numbers,major_minor,all
2,38,5-6,4,0.00027659,numbers,major_minor,all
2,39,4-6,4,0.00027659,numbers,major_minor,all
2,40,7-4,4,0.00027659,numbers,major_minor,all
2,41,7-5,3,0.00020744,numbers,major_minor,all
2,42,3-7,3,0.00020744,numbers,major_minor,all
2,43,1-8,3,0.00020744,numbers,major_minor,all
2,44,8-3,2,0.00013829,numbers,major_minor,all
2,45,8-2,2,0.00013829,numbers,major_minor,all
2,46,5-7,1,6.915e-05,numbers,major_minor,all
2,47,3-8,1,6.915e-05,numbers,major_minor,all
2,48,6-6,1,6.915e-05,numbers,major_minor,all
2,49,7-7,1,6.915e-05,numbers,major_minor,all
2,50,4-7,1,6.915e-05,numbers,major_minor,all
3,1,2-2-2,921,0.06368854,numbers,major_minor,all
3,2,3-2-2,722,0.04992739,numbers,major_minor,all
3,3,2-3-2,696,0.04812945,numbers,major_minor,all
3,4,2-2-3,677,0.04681557,numbers,major_minor,all
3,5,3-2-3,604,0.04176751,numbers,major_minor,all
3,6,3-3-2,588,0.04066109,numbers,major_minor,all
3,7,2-3-3,575,0.03976212,numbers,major_minor,all
3,8,3-3-3,450,0.03111818,numbers,major_minor,all
3,9,2-2-1,272,0.01880921,numbers,major_minor,all
3,10,4-2-2,263,0.01818685,numbers,major_minor,all
3,11,2-2-4,262,0.0181177,numbers,major_minor,all
3,12,2-3-1,254,0.01756448,numbers,major_minor,all
3,13,2-4-2,235,0.01625061,numbers,major_minor,all
3,14,4-3-2,230,0.01590485,numbers,major_minor,all
3,15,1-2-2,229,0.0158357,numbers,major_minor,all
3,16,3-2-1,228,0.01576654,numbers,major_minor,all
3,17,3-1-2,224,0.01548994,numbers,major_minor,all
3,18,2-1-3,222,0.01535164,numbers,major_minor,all
3,19,3-1-3,221,0.01528248,numbers,major_minor,all
3,20,1-2-3,220,0.01521333,numbers,major_minor,all
3,21,3-4-2,218,0.01507503,numbers,major_minor,all
3,22,1-3-2,217,0.01500588,numbers,major_minor,all
3,23,2-4-3,213,0.01472927,numbers,major_minor,all
3,24,2-1-2,200,0.0138303,numbers,major_minor,all
3,25,3-3-1,200,0.0138303,numbers,major_minor,all
3,26,4-2-3,194,0.01341539,numbers,major_minor,all
3,27,2-3-4,191,0.01320794,numbers,major_minor,all
3,28,1-3-3,178,0.01230897,numbers,major_minor,all
3,29,3-2-4,177,0.01223982,numbers,major_minor,all
3,30,3-3-4,168,0.01161745,numbers,major_minor,all
3,31,4-3-3,167,0.0115483,numbers,major_minor,all
3,32,3-4-3,155,0.01071848,numbers,major_minor,all
3,33,2-1-4,132,0.009128,numbers,major_minor,all
3,34,1-4-2,117,0.00809073,numbers,major_minor,all
3,35,1-3-1,104,0.00719176,numbers,major_minor,all
3,36,4-1-2,101,0.0069843,numbers,major_minor,all
3,37,1-4-3,93,0.00643109,numbers,major_minor,all
3,38,2-1-1,90,0.00622364,numbers,major_minor,all
3,39,1-2-1,89,0.00615448,numbers,major_minor,all
3,40,3-1-4,88,0.00608533,numbers,major_minor,all
3,41,2-4-1,88,0.00608533,numbers,major_minor,all
3,42,4-2-1,87,0.00601618,numbers,major_minor,all
3,43,3-4-1,80,0.00553212,numbers,major_minor,all
3,44,1-3-4,79,0.00546297,numbers,major_minor,all
3,45,5-2-3,76,0.00525551,numbers,major_minor,all
3,46,1-4-1,76,0.00525551,numbers,major_minor,all
3,47,4-1-3,75,0.00518636,numbers,major_minor,all
3,48,4-3-1,75,0.00518636,numbers,major_minor,all
3,49,4-2-4,74,0.00511721,numbers,major_minor,all
3,50,4-4-2,73,0.00504806,numbers,major_minor,all
4,1,2-2-2-2,396,0.02738589,numbers,major_minor,all
4,2,2-3-2-2,300,0.02074689,numbers,major_minor,all
4,3,3-2-2-2,290,0.02005533,numbers,major_minor,all
4,4,2-2-3-2,288,0.01991701,numbers,major_minor,all
4,5,2-2-2-3,279,0.01929461,numbers,major_minor,all
4,6,2-3-3-2,249,0.01721992,numbers,major_minor,all
4,7,3-2-2-3,237,0.01639004,numbers,major_minor,all
4,8,2-3-2-3,233,0.01611342,numbers,major_minor,all
4,9,3-2-3-3,222,0.0153527,numbers,major_minor,all
4,10,3-2-3-2,217,0.01500692,numbers,major_minor,all
4,11,3-3-2-2,213,0.01473029,numbers,major_minor,all
4,12,3-3-2-3,208,0.01438451,numbers,major_minor,all
4,13,2-2-3-3,207,0.01431535,numbers,major_minor,all
4,14,3-3-3-2,194,0.01341632,numbers,major_minor,all
4,15,2-3-3-3,172,0.01189488,numbers,major_minor,all
4,16,3-3-3-3,139,0.00961272,numbers,major_minor,all
4,17,2-2-2-4,108,0.00746888,numbers,major_minor,all
4,18,4-2-2-2,103,0.0071231,numbers,major_minor,all
4,19,1-2-2-2,102,0.00705394,numbers,major_minor,all
4,20,2-2-4-2,100,0.00691563,numbers,major_minor,all
4,21,2-2-2-1,100,0.00691563,numbers,major_minor,all
4,22,2-4-2-2,100,0.00691563,numbers,major_minor,all
4,23,2-2-4-3,97,0.00670816,numbers,major_minor,all
4,24,2-2-1-3,97,0.00670816,numbers,major_minor,all
4,25,3-2-2-1,96,0.006639,numbers,major_minor,all
4,26,4-3-2-2,95,0.00656985,numbers,major_minor,all
4,27,2-2-3-1,93,0.00643154,numbers,major_minor,all
4,28,2-4-3-2,92,0.00636238,numbers,major_minor,all
4,29,2-3-1-3,91,0.00629322,numbers,major_minor,all
4,30,1-3-2-2,90,0.00622407,numbers,major_minor,all
4,31,3-1-2-3,88,0.00608575,numbers,major_minor,all
4,32,2-1-3-2,86,0.00594744,numbers,major_minor,all
4,33,3-1-2-2,86,0.00594744,numbers,major_minor,all
4,34,2-3-1-2,85,0.00587828,numbers,major_minor,all
4,35,4-2-3-2,84,0.00580913,numbers,major_minor,all
4,36,3-4-2-2,83,0.00573997,numbers,major_minor,all
4,37,2-3-3-1,82,0.00567082,numbers,major_minor,all
4,38,3-1-3-3,80,0.0055325,numbers,major_minor,all
4,39,3-3-4-2,80,0.0055325,numbers,major_minor,all
4,40,3-3-2-1,79,0.00546335,numbers,major_minor,all
4,41,1-2-3-2,79,0.00546335,numbers,major_minor,all
4,42,3-2-2-4,77,0.00532503,numbers,major_minor,all
4,43,3-4-2-3,77,0.00532503,numbers,major_minor,all
4,44,3-2-3-1,73,0.00504841,numbers,major_minor,all
4,45,4-3-2-3,73,0.00504841,numbers,major_minor,all
4,46,2-2-1-2,73,0.00504841,numbers,major_minor,all
4,47,2-4-3-3,72,0.00497925,numbers,major_minor,all
4,48,3-2-1-3,72,0.00497925,numbers,major_minor,all
4,49,2-3-2-1,72,0.00497925,numbers,major_minor,all
4,50,3-2-1-2,71,0.0049101,numbers,major_minor,all
5,1,2-2-2-2-2,179,0.01237983,numbers,major_minor,all
5,2,2-3-2-2-2,132,0.00912926,numbers,major_minor,all
5,3,2-2-3-2-2,126,0.0087143,numbers,major_minor,all
5,4,2-2-2-3-2,122,0.00843765,numbers,major_minor,all
5,5,3-2-2-2-2,120,0.00829933,numbers,major_minor,all
5,6,2-2-2-2-3,117,0.00809185,numbers,major_minor,all
5,7,3-2-2-3-2,104,0.00719275,numbers,major_minor,all
5,8,2-3-3-2-3,99,0.00684695,numbers,major_minor,all
5,9,2-2-3-2-3,99,0.00684695,numbers,major_minor,all
5,10,2-3-2-3-3,96,0.00663946,numbers,major_minor,all
5,11,3-2-2-2-3,93,0.00643198,numbers,major_minor,all
5,12,3-2-3-2-2,92,0.00636282,numbers,major_minor,all
5,13,3-2-3-3-2,90,0.0062245,numbers,major_minor,all
5,14,2-3-3-2-2,87,0.00601701,numbers,major_minor,all
5,15,3-3-3-2-2,86,0.00594785,numbers,major_minor,all
5,16,3-3-2-2-2,85,0.00587869,numbers,major_minor,all
5,17,2-2-2-3-3,85,0.00587869,numbers,major_minor,all
5,18,3-3-2-3-2,85,0.00587869,numbers,major_minor,all
5,19,2-3-3-3-2,84,0.00580953,numbers,major_minor,all
5,20,3-3-2-2-3,83,0.00574037,numbers,major_minor,all
5,21,2-2-3-3-2,81,0.00560205,numbers,major_minor,all
5,22,2-3-2-2-3,74,0.00511792,numbers,major_minor,all
5,23,3-2-2-3-3,71,0.00491044,numbers,major_minor,all
5,24,2-2-3-3-3,71,0.00491044,numbers,major_minor,all
5,25,2-3-2-3-2,70,0.00484128,numbers,major_minor,all
5,26,3-3-2-3-3,70,0.00484128,numbers,major_minor,all
5,27,3-2-3-2-3,65,0.00449547,numbers,major_minor,all
5,28,3-2-3-3-3,63,0.00435715,numbers,major_minor,all
5,29,3-3-3-3-2,57,0.00394218,numbers,major_minor,all
5,30,2-2-2-2-4,51,0.00352721,numbers,major_minor,all
5,31,2-3-2-2-1,51,0.00352721,numbers,major_minor,all
5,32,2-3-3-3-3,51,0.00352721,numbers,major_minor,all
5,33,2-4-3-2-2,49,0.00338889,numbers,major_minor,all
5,34,2-2-2-4-2,48,0.00331973,numbers,major_minor,all
5,35,3-3-3-2-3,48,0.00331973,numbers,major_minor,all
5,36,1-2-3-2-2,47,0.00325057,numbers,major_minor,all
5,37,4-2-2-2-2,47,0.00325057,numbers,major_minor,all
5,38,3-4-2-3-2,44,0.00304309,numbers,major_minor,all
5,39,2-2-4-2-2,42,0.00290477,numbers,major_minor,all
5,40,2-2-4-3-3,41,0.0028356,numbers,major_minor,all
5,41,4-2-3-2-3,41,0.0028356,numbers,major_minor,all
5,42,2-2-4-3-2,40,0.00276644,numbers,major_minor,all
5,43,3-2-2-1-3,40,0.00276644,numbers,major_minor,all
5,44,1-2-2-2-2,39,0.00269728,numbers,major_minor,all
5,45,3-3-3-3-3,38,0.00262812,numbers,major_minor,all
5,46,3-4-2-2-2,38,0.00262812,numbers,major_minor,all
5,47,3-1-2-2-2,37,0.00255896,numbers,major_minor,all
5,48,4-3-2-2-3,37,0.00255896,numbers,major_minor,all
5,49,2-2-2-4-3,36,0.0024898,numbers,major_minor,all
5,50,1-3-2-2-3,36,0.0024898,numbers,major_minor,all
6,1,2-2-2-2-2-2,79,0.0054641,numbers,major_minor,all
6,2,3-2-2-2-2-2,66,0.00456495,numbers,major_minor,all
6,3,2-2-3-2-2-2,58,0.00401162,numbers,major_minor,all
6,4,2-2-2-2-2-3,57,0.00394245,numbers,major_minor,all
6,5,2-3-2-2-2-2,55,0.00380412,numbers,major_minor,all
6,6,2-2-2-3-2-2,49,0.00338913,numbers,major_minor,all
6,7,3-2-3-3-2-3,48,0.00331996,numbers,major_minor,all
6,8,3-2-2-2-3-2,47,0.0032508,numbers,major_minor,all
6,9,2-3-3-2-3-2,46,0.00318163,numbers,major_minor,all
6,10,2-3-3-3-2-2,46,0.00318163,numbers,major_minor,all
6,11,3-2-2-3-2-2,44,0.0030433,numbers,major_minor,all
6,12,2-2-2-2-3-2,44,0.0030433,numbers,major_minor,all
6,13,2-3-3-2-2-2,41,0.0028358,numbers,major_minor,all
6,14,2-3-2-2-2-3,41,0.0028358,numbers,major_minor,all
6,15,2-2-2-3-2-3,41,0.0028358,numbers,major_minor,all
6,16,3-2-2-3-2-3,40,0.00276663,numbers,major_minor,all
6,17,3-3-2-3-2-2,39,0.00269747,numbers,major_minor,all
6,18,3-3-2-2-3-2,39,0.00269747,numbers,major_minor,all
6,19,3-2-3-2-2-2,37,0.00255914,numbers,major_minor,all
6,20,3-3-2-2-2-2,37,0.00255914,numbers,major_minor,all
6,21,2-2-3-3-2-2,37,0.00255914,numbers,major_minor,all
6,22,3-3-3-2-2-3,37,0.00255914,numbers,major_minor,all
6,23,2-2-3-3-3-2,35,0.00242081,numbers,major_minor,all
6,24,2-3-2-3-3-2,34,0.00235164,numbers,major_minor,all
6,25,2-2-3-2-3-3,34,0.00235164,numbers,major_minor,all
6,26,2-2-3-2-3-2,34,0.00235164,numbers,major_minor,all
6,27,2-3-2-3-2-2,33,0.00228247,numbers,major_minor,all
6,28,3-3-2-3-3-2,33,0.00228247,numbers,major_minor,all
6,29,2-3-2-2-3-2,33,0.00228247,numbers,major_minor,all
6,30,2-3-3-2-3-3,32,0.00221331,numbers,major_minor,all
6,31,2-2-3-2-2-3,32,0.00221331,numbers,major_minor,all
6,32,3-2-3-3-3-2,32,0.00221331,numbers,major_minor,all
6,33,2-3-2-3-3-3,31,0.00214414,numbers,major_minor,all
6,34,2-2-2-3-3-2,30,0.00207498,numbers,major_minor,all
6,35,2-2-2-2-3-3,30,0.00207498,numbers,major_minor,all
6,36,4-2-3-2-3-3,30,0.00207498,numbers,major_minor,all
6,37,3-3-3-2-2-2,30,0.00207498,numbers,major_minor,all
6,38,3-2-2-3-3-2,29,0.00200581,numbers,major_minor,all
6,39,3-2-2-2-3-3,29,0.00200581,numbers,major_minor,all
6,40,3-4-2-3-2-3,29,0.00200581,numbers,major_minor,all
6,41,2-2-2-3-3-3,29,0.00200581,numbers,major_minor,all
6,42,3-3-2-2-2-3,28,0.00193664,numbers,major_minor,all
6,43,2-3-3-2-2-3,28,0.00193664,numbers,major_minor,all
6,44,3-2-3-3-3-3,27,0.00186748,numbers,major_minor,all
6,45,1-2-3-2-2-2,27,0.00186748,numbers,major_minor,all
6,46,2-2-2-2-2-4,26,0.00179831,numbers,major_minor,all
6,47,3-3-2-2-3-3,26,0.00179831,numbers,major_minor,all
6,48,3-2-2-3-3-3,26,0.00179831,numbers,major_minor,all
6,49,3-2-3-2-3-3,25,0.00172915,numbers,major_minor,all
6,50,2-2-3-3-2-3,25,0.00172915,numbers,major_minor,all
2,1,2-2,1901,0.14979119,deuteronomy,continuous,continuous
2,2,3-2,1504,0.11850918,deuteronomy,continuous,continuous
2,3,2-3,1490,0.11740604,deuteronomy,continuous,continuous
2,4,3-3,1413,0.11133874,deuteronomy,continuous,continuous
2,5,2-1,667,0.05255693,deuteronomy,continuous,continuous
2,6,1-2,603,0.04751399,deuteronomy,continuous,continuous
2,7,4-2,578,0.04554409,deuteronomy,continuous,continuous
2,8,2-4,546,0.04302261,deuteronomy,continuous,continuous
2,9,4-3,498,0.03924041,deuteronomy,continuous,continuous
2,10,3-4,498,0.03924041,deuteronomy,continuous,continuous
2,11,3-1,481,0.03790087,deuteronomy,continuous,continuous
2,12,1-3,463,0.03648255,deuteronomy,continuous,continuous
2,13,1-4,228,0.01796549,deuteronomy,continuous,continuous
2,14,1-1,215,0.01694114,deuteronomy,continuous,continuous
2,15,4-4,201,0.015838,deuteronomy,continuous,continuous
2,16,4-1,200,0.0157592,deuteronomy,continuous,continuous
2,17,5-2,165,0.01300134,deuteronomy,continuous,continuous
2,18,5-3,160,0.01260736,deuteronomy,continuous,continuous
2,19,2-5,147,0.01158301,deuteronomy,continuous,continuous
2,20,3-5,136,0.01071626,deuteronomy,continuous,continuous
2,21,1-5,88,0.00693405,deuteronomy,continuous,continuous
2,22,5-1,65,0.00512174,deuteronomy,continuous,continuous
2,23,4-5,51,0.0040186,deuteronomy,continuous,continuous
2,24,5-4,45,0.00354582,deuteronomy,continuous,continuous
2,25,6-3,45,0.00354582,deuteronomy,continuous,continuous
2,26,3-6,43,0.00338823,deuteronomy,continuous,continuous
2,27,6-2,43,0.00338823,deuteronomy,continuous,continuous
2,28,2-6,40,0.00315184,deuteronomy,continuous,continuous
2,29,1-6,28,0.00220629,deuteronomy,continuous,continuous
2,30,5-5,24,0.0018911,deuteronomy,continuous,continuous
2,31,1-7,15,0.00118194,deuteronomy,continuous,continuous
2,32,6-4,14,0.00110314,deuteronomy,continuous,continuous
2,33,7-2,14,0.00110314,deuteronomy,continuous,continuous
2,34,7-3,11,0.00086676,deuteronomy,continuous,continuous
2,35,6-5,11,0.00086676,deuteronomy,continuous,continuous
2,36,2-7,11,0.00086676,deuteronomy,continuous,continuous
2,37,6-1,9,0.00070916,deuteronomy,continuous,continuous
2,38,4-6,7,0.00055157,deuteronomy,continuous,continuous
2,39,2-8,6,0.00047278,deuteronomy,continuous,continuous
2,40,8-5,5,0.00039398,deuteronomy,continuous,continuous
2,41,5-6,3,0.00023639,deuteronomy,continuous,continuous
2,42,3-7,3,0.00023639,deuteronomy,continuous,continuous
2,43,6-6,3,0.00023639,deuteronomy,continuous,continuous
2,44,3-8,3,0.00023639,deuteronomy,continuous,continuous
2,45,7-1,3,0.00023639,deuteronomy,continuous,continuous
2,46,7-4,2,0.00015759,deuteronomy,continuous,continuous
2,47,8-3,2,0.00015759,deuteronomy,continuous,continuous
2,48,8-6,1,7.88e-05,deuteronomy,continuous,continuous
2,49,4-7,1,7.88e-05,deuteronomy,continuous,continuous
2,50,8-4,1,7.88e-05,deuteronomy,continuous,continuous
3,1,2-2-2,773,0.06091411,deuteronomy,continuous,continuous
3,2,3-2-2,592,0.04665091,deuteronomy,continuous,continuous
3,3,2-2-3,585,0.04609929,deuteronomy,continuous,continuous
3,4,2-3-2,569,0.04483846,deuteronomy,continuous,continuous
3,5,2-3-3,525,0.04137116,deuteronomy,continuous,continuous
3,6,3-3-2,497,0.0391647,deuteronomy,continuous,continuous
3,7,3-3-3,476,0.03750985,deuteronomy,continuous,continuous
3,8,3-2-3,461,0.03632782,deuteronomy,continuous,continuous
3,9,2-2-1,263,0.02072498,deuteronomy,continuous,continuous
3,10,2-1-2,261,0.02056738,deuteronomy,continuous,continuous
3,11,1-2-2,235,0.01851852,deuteronomy,continuous,continuous
3,12,4-2-2,215,0.01694247,deuteronomy,continuous,continuous
3,13,2-2-4,212,0.01670607,deuteronomy,continuous,continuous
3,14,2-4-2,211,0.01662727,deuteronomy,continuous,continuous
3,15,3-2-1,201,0.01583924,deuteronomy,continuous,continuous
3,16,2-3-1,199,0.01568164,deuteronomy,continuous,continuous
3,17,3-3-4,199,0.01568164,deuteronomy,continuous,continuous
3,18,1-3-2,197,0.01552403,deuteronomy,continuous,continuous
3,19,2-1-3,188,0.01481481,deuteronomy,continuous,continuous
3,20,4-3-3,188,0.01481481,deuteronomy,continuous,continuous
3,21,4-2-3,187,0.01473601,deuteronomy,continuous,continuous
3,22,2-4-3,185,0.01457841,deuteronomy,continuous,continuous
3,23,3-4-2,185,0.01457841,deuteronomy,continuous,continuous
3,24,1-2-3,184,0.01449961,deuteronomy,continuous,continuous
3,25,3-2-4,179,0.01410559,deuteronomy,continuous,continuous
3,26,3-1-2,170,0.01339638,deuteronomy,continuous,continuous
3,27,3-4-3,160,0.01260835,deuteronomy,continuous,continuous
3,28,2-3-4,158,0.01245075,deuteronomy,continuous,continuous
3,29,3-3-1,157,0.01237195,deuteronomy,continuous,continuous
3,30,4-3-2,155,0.01221434,deuteronomy,continuous,continuous
3,31,1-3-3,147,0.01158392,deuteronomy,continuous,continuous
3,32,3-1-3,137,0.0107959,deuteronomy,continuous,continuous
3,33,1-2-1,93,0.00732861,deuteronomy,continuous,continuous
3,34,4-2-1,93,0.00732861,deuteronomy,continuous,continuous
3,35,1-4-2,86,0.00677699,deuteronomy,continuous,continuous
3,36,2-1-4,85,0.00669819,deuteronomy,continuous,continuous
3,37,2-1-1,85,0.00669819,deuteronomy,continuous,continuous
3,38,1-4-3,79,0.00622537,deuteronomy,continuous,continuous
3,39,3-1-4,77,0.00606777,deuteronomy,continuous,continuous
3,40,4-1-2,76,0.00598897,deuteronomy,continuous,continuous
3,41,2-4-1,74,0.00583136,deuteronomy,continuous,continuous
3,42,5-3-2,73,0.00575256,deuteronomy,continuous,continuous
3,43,1-1-2,72,0.00567376,deuteronomy,continuous,continuous
3,44,4-4-2,71,0.00559496,deuteronomy,continuous,continuous
3,45,3-4-4,71,0.00559496,deuteronomy,continuous,continuous
3,46,4-3-4,70,0.00551615,deuteronomy,continuous,continuous
3,47,3-1-1,69,0.00543735,deuteronomy,continuous,continuous
3,48,1-2-4,69,0.00543735,deuteronomy,continuous,continuous
3,49,1-1-3,66,0.00520095,deuteronomy,continuous,continuous
3,50,3-3-5,65,0.00512214,deuteronomy,continuous,continuous
4,1,2-2-2-2,341,0.02687367,deuteronomy,continuous,continuous
4,2,2-2-3-2,245,0.01930806,deuteronomy,continuous,continuous
4,3,3-2-2-2,238,0.0187564,deuteronomy,continuous,continuous
4,4,2-3-2-2,233,0.01836236,deuteronomy,continuous,continuous
4,5,2-2-2-3,210,0.01654977,deuteronomy,continuous,continuous
4,6,2-2-3-3,203,0.01599811,deuteronomy,continuous,continuous
4,7,2-3-3-2,199,0.01568287,deuteronomy,continuous,continuous
4,8,3-3-2-2,188,0.01481598,deuteronomy,continuous,continuous
4,9,3-2-2-3,186,0.01465837,deuteronomy,continuous,continuous
4,10,3-2-3-2,184,0.01450075,deuteronomy,continuous,continuous
4,11,2-3-2-3,179,0.01410671,deuteronomy,continuous,continuous
4,12,2-3-3-3,175,0.01379147,deuteronomy,continuous,continuous
4,13,3-2-3-3,160,0.01260935,deuteronomy,continuous,continuous
4,14,3-3-3-3,160,0.01260935,deuteronomy,continuous,continuous
4,15,3-3-3-2,156,0.01229411,deuteronomy,continuous,continuous
4,16,3-3-2-3,154,0.0121365,deuteronomy,continuous,continuous
4,17,2-2-2-1,106,0.00835369,deuteronomy,continuous,continuous
4,18,2-1-2-2,101,0.00795965,deuteronomy,continuous,continuous
4,19,2-2-1-2,97,0.00764442,deuteronomy,continuous,continuous
4,20,2-2-2-4,93,0.00732918,deuteronomy,continuous,continuous
4,21,1-2-2-2,93,0.00732918,deuteronomy,continuous,continuous
4,22,2-1-3-2,92,0.00725037,deuteronomy,continuous,continuous
4,23,1-3-2-2,91,0.00717157,deuteronomy,continuous,continuous
4,24,4-2-2-3,87,0.00685633,deuteronomy,continuous,continuous
4,25,3-2-2-1,84,0.00661991,deuteronomy,continuous,continuous
4,26,2-3-1-2,83,0.0065411,deuteronomy,continuous,continuous
4,27,2-2-4-2,81,0.00638348,deuteronomy,continuous,continuous
4,28,2-3-3-4,79,0.00622586,deuteronomy,continuous,continuous
4,29,3-2-1-2,79,0.00622586,deuteronomy,continuous,continuous
4,30,2-1-2-3,77,0.00606825,deuteronomy,continuous,continuous
4,31,3-3-4-2,77,0.00606825,deuteronomy,continuous,continuous
4,32,4-2-3-3,75,0.00591063,deuteronomy,continuous,continuous
4,33,3-2-4-2,74,0.00583182,deuteronomy,continuous,continuous
4,34,3-3-2-1,74,0.00583182,deuteronomy,continuous,continuous
4,35,2-4-2-3,72,0.00567421,deuteronomy,continuous,continuous
4,36,2-4-2-2,71,0.0055954,deuteronomy,continuous,continuous
4,37,3-4-2-2,71,0.0055954,deuteronomy,continuous,continuous
4,38,2-2-4-3,71,0.0055954,deuteronomy,continuous,continuous
4,39,1-2-2-3,70,0.00551659,deuteronomy,continuous,continuous
4,40,4-2-2-2,69,0.00543778,deuteronomy,continuous,continuous
4,41,3-3-4-3,69,0.00543778,deuteronomy,continuous,continuous
4,42,2-2-3-1,69,0.00543778,deuteronomy,continuous,continuous
4,43,2-2-1-3,68,0.00535897,deuteronomy,continuous,continuous
4,44,2-3-2-4,68,0.00535897,deuteronomy,continuous,continuous
4,45,3-3-3-4,68,0.00535897,deuteronomy,continuous,continuous
4,46,3-1-2-2,66,0.00520136,deuteronomy,continuous,continuous
4,47,2-3-2-1,66,0.00520136,deuteronomy,continuous,continuous
4,48,2-4-3-2,65,0.00512255,deuteronomy,continuous,continuous
4,49,4-3-3-3,64,0.00504374,deuteronomy,continuous,continuous
4,50,3-4-3-3,64,0.00504374,deuteronomy,continuous,continuous
5,1,2-2-2-2-2,154,0.01213745,deuteronomy,continuous,continuous
5,2,3-2-2-2-2,109,0.00859079,deuteronomy,continuous,continuous
5,3,2-2-3-2-2,97,0.00764502,deuteronomy,continuous,continuous
5,4,2-3-2-2-2,96,0.0075662,deuteronomy,continuous,continuous
5,5,2-2-2-3-2,93,0.00732976,deuteronomy,continuous,continuous
5,6,2-2-2-2-3,87,0.00685687,deuteronomy,continuous,continuous
5,7,2-2-3-2-3,83,0.00654161,deuteronomy,continuous,continuous
5,8,3-2-2-3-2,80,0.00630517,deuteronomy,continuous,continuous
5,9,2-3-3-2-2,78,0.00614754,deuteronomy,continuous,continuous
5,10,2-3-2-2-3,76,0.00598991,deuteronomy,continuous,continuous
5,11,3-2-3-2-2,74,0.00583228,deuteronomy,continuous,continuous
5,12,2-3-2-3-2,72,0.00567465,deuteronomy,continuous,continuous
5,13,2-2-3-3-2,72,0.00567465,deuteronomy,continuous,continuous
5,14,2-2-3-3-3,69,0.00543821,deuteronomy,continuous,continuous
5,15,3-3-2-2-3,68,0.00535939,deuteronomy,continuous,continuous
5,16,3-2-2-3-3,68,0.00535939,deuteronomy,continuous,continuous
5,17,2-3-3-3-2,67,0.00528058,deuteronomy,continuous,continuous
5,18,2-2-2-3-3,67,0.00528058,deuteronomy,continuous,continuous
5,19,2-3-2-3-3,65,0.00512295,deuteronomy,continuous,continuous
5,20,3-2-2-2-3,65,0.00512295,deuteronomy,continuous,continuous
5,21,3-3-2-2-2,64,0.00504414,deuteronomy,continuous,continuous
5,22,2-3-3-2-3,63,0.00496532,deuteronomy,continuous,continuous
5,23,2-3-3-3-3,60,0.00472888,deuteronomy,continuous,continuous
5,24,3-2-3-3-3,58,0.00457125,deuteronomy,continuous,continuous
5,25,3-2-3-2-3,57,0.00449243,deuteronomy,continuous,continuous
5,26,3-2-3-3-2,57,0.00449243,deuteronomy,continuous,continuous
5,27,3-3-3-2-2,56,0.00441362,deuteronomy,continuous,continuous
5,28,3-3-2-3-2,55,0.0043348,deuteronomy,continuous,continuous
5,29,3-3-2-3-3,54,0.00425599,deuteronomy,continuous,continuous
5,30,3-3-3-3-3,54,0.00425599,deuteronomy,continuous,continuous
5,31,2-2-2-2-1,53,0.00417718,deuteronomy,continuous,continuous
5,32,3-3-3-3-2,44,0.00346784,deuteronomy,continuous,continuous
5,33,3-3-3-2-3,43,0.00338903,deuteronomy,continuous,continuous
5,34,1-2-2-2-2,43,0.00338903,deuteronomy,continuous,continuous
5,35,1-3-2-2-2,42,0.00331021,deuteronomy,continuous,continuous
5,36,2-2-2-1-2,41,0.0032314,deuteronomy,continuous,continuous
5,37,2-1-3-2-2,41,0.0032314,deuteronomy,continuous,continuous
5,38,2-2-2-2-4,39,0.00307377,deuteronomy,continuous,continuous
5,39,2-1-2-2-2,38,0.00299496,deuteronomy,continuous,continuous
5,40,2-2-1-3-2,36,0.00283733,deuteronomy,continuous,continuous
5,41,2-3-3-4-2,35,0.00275851,deuteronomy,continuous,continuous
5,42,2-2-1-2-2,34,0.0026797,deuteronomy,continuous,continuous
5,43,2-3-3-2-1,34,0.0026797,deuteronomy,continuous,continuous
5,44,4-2-2-3-3,33,0.00260088,deuteronomy,continuous,continuous
5,45,4-2-2-3-2,33,0.00260088,deuteronomy,continuous,continuous
5,46,2-3-1-2-2,33,0.00260088,deuteronomy,continuous,continuous
5,47,2-2-2-4-2,33,0.00260088,deuteronomy,continuous,continuous
5,48,3-2-2-2-4,33,0.00260088,deuteronomy,continuous,continuous
5,49,3-2-1-3-2,33,0.00260088,deuteronomy,continuous,continuous
5,50,2-2-3-1-2,32,0.00252207,deuteronomy,continuous,continuous
6,1,2-2-2-2-2-2,78,0.00614803,deuteronomy,continuous,continuous
6,2,2-2-3-2-2-2,48,0.0037834,deuteronomy,continuous,continuous
6,3,3-2-2-2-2-2,45,0.00354694,deuteronomy,continuous,continuous
6,4,2-3-2-2-2-2,43,0.0033893,deuteronomy,continuous,continuous
6,5,2-2-3-2-3-2,39,0.00307401,deuteronomy,continuous,continuous
6,6,2-2-2-2-3-2,38,0.00299519,deuteronomy,continuous,continuous
6,7,2-2-2-2-2-3,38,0.00299519,deuteronomy,continuous,continuous
6,8,2-2-2-3-2-2,35,0.00275873,deuteronomy,continuous,continuous
6,9,3-2-2-2-3-2,35,0.00275873,deuteronomy,continuous,continuous
6,10,3-3-2-2-2-2,34,0.00267991,deuteronomy,continuous,continuous
6,11,3-2-2-3-2-2,34,0.00267991,deuteronomy,continuous,continuous
6,12,3-2-2-2-2-3,33,0.00260109,deuteronomy,continuous,continuous
6,13,2-2-3-3-2-2,33,0.00260109,deuteronomy,continuous,continuous
6,14,2-3-2-2-3-2,33,0.00260109,deuteronomy,continuous,continuous
6,15,3-2-2-3-2-3,31,0.00244345,deuteronomy,continuous,continuous
6,16,2-2-3-2-3-3,30,0.00236463,deuteronomy,continuous,continuous
6,17,2-3-3-2-2-2,30,0.00236463,deuteronomy,continuous,continuous
6,18,3-3-2-2-3-2,30,0.00236463,deuteronomy,continuous,continuous
6,19,2-2-3-3-3-2,29,0.0022858,deuteronomy,continuous,continuous
6,20,3-2-3-2-2-3,29,0.0022858,deuteronomy,continuous,continuous
6,21,2-3-2-3-2-2,28,0.00220698,deuteronomy,continuous,continuous
6,22,2-3-2-3-3-3,28,0.00220698,deuteronomy,continuous,continuous
6,23,2-2-2-3-2-3,27,0.00212816,deuteronomy,continuous,continuous
6,24,3-3-2-2-3-3,27,0.00212816,deuteronomy,continuous,continuous
6,25,3-2-3-2-2-2,26,0.00204934,deuteronomy,continuous,continuous
6,26,2-3-3-3-2-2,26,0.00204934,deuteronomy,continuous,continuous
6,27,2-3-3-2-2-3,26,0.00204934,deuteronomy,continuous,continuous
6,28,2-3-2-2-3-3,26,0.00204934,deuteronomy,continuous,continuous
6,29,2-3-2-2-2-3,26,0.00204934,deuteronomy,continuous,continuous
6,30,2-3-3-2-3-2,25,0.00197052,deuteronomy,continuous,continuous
6,31,2-2-2-3-3-3,25,0.00197052,deuteronomy,continuous,continuous
6,32,2-2-2-2-3-3,25,0.00197052,deuteronomy,continuous,continuous
6,33,3-3-2-3-2-2,24,0.0018917,deuteronomy,continuous,continuous
6,34,2-2-2-3-3-2,24,0.0018917,deuteronomy,continuous,continuous
6,35,3-2-2-3-3-2,24,0.0018917,deuteronomy,continuous,continuous
6,36,2-3-2-3-2-3,23,0.00181288,deuteronomy,continuous,continuous
6,37,2-3-2-3-3-2,23,0.00181288,deuteronomy,continuous,continuous
6,38,3-2-3-3-3-3,22,0.00173406,deuteronomy,continuous,continuous
6,39,2-2-3-2-2-3,22,0.00173406,deuteronomy,continuous,continuous
6,40,2-3-3-2-3-3,22,0.00173406,deuteronomy,continuous,continuous
6,41,3-3-3-2-2-3,22,0.00173406,deuteronomy,continuous,continuous
6,42,2-2-2-2-2-1,21,0.00165524,deuteronomy,continuous,continuous
6,43,2-2-3-3-3-3,21,0.00165524,deuteronomy,continuous,continuous
6,44,3-2-2-2-2-1,20,0.00157642,deuteronomy,continuous,continuous
6,45,3-2-3-2-3-3,20,0.00157642,deuteronomy,continuous,continuous
6,46,3-3-3-3-3-3,20,0.00157642,deuteronomy,continuous,continuous
6,47,2-1-3-2-2-2,20,0.00157642,deuteronomy,continuous,continuous
6,48,3-2-2-3-3-3,20,0.00157642,deuteronomy,continuous,continuous
6,49,2-2-2-2-1-2,20,0.00157642,deuteronomy,continuous,continuous
6,50,1-3-2-2-2-2,19,0.0014976,deuteronomy,continuous,continuous
2,1,2-2,1786,0.15215539,deuteronomy,sof_only,within
2,2,3-2,1418,0.12080423,deuteronomy,sof_only,within
2,3,2-3,1404,0.11961152,deuteronomy,sof_only,within
2,4,3-3,1321,0.11254047,deuteronomy,sof_only,within
2,5,2-1,606,0.05162719,deuteronomy,sof_only,within
2,6,4-2,542,0.04617482,deuteronomy,sof_only,within
2,7,1-2,533,0.04540808,deuteronomy,sof_only,within
2,8,2-4,500,0.04259669,deuteronomy,sof_only,within
2,9,3-4,458,0.03901857,deuteronomy,sof_only,within
2,10,4-3,455,0.03876299,deuteronomy,sof_only,within
2,11,3-1,437,0.03722951,deuteronomy,sof_only,within
2,12,1-3,425,0.03620719,deuteronomy,sof_only,within
2,13,1-4,208,0.01772022,deuteronomy,sof_only,within
2,14,1-1,182,0.0155052,deuteronomy,sof_only,within
2,15,4-4,173,0.01473846,deuteronomy,sof_only,within
2,16,4-1,168,0.01431249,deuteronomy,sof_only,within
2,17,5-2,158,0.01346056,deuteronomy,sof_only,within
2,18,5-3,148,0.01260862,deuteronomy,sof_only,within
2,19,2-5,142,0.01209746,deuteronomy,sof_only,within
2,20,3-5,128,0.01090475,deuteronomy,sof_only,within
2,21,1-5,76,0.0064747,deuteronomy,sof_only,within
2,22,5-1,56,0.00477083,deuteronomy,sof_only,within
2,23,4-5,47,0.00400409,deuteronomy,sof_only,within
2,24,6-3,45,0.0038337,deuteronomy,sof_only,within
2,25,3-6,43,0.00366332,deuteronomy,sof_only,within
2,26,5-4,38,0.00323735,deuteronomy,sof_only,within
2,27,6-2,38,0.00323735,deuteronomy,sof_only,within
2,28,2-6,34,0.00289658,deuteronomy,sof_only,within
2,29,1-6,25,0.00212983,deuteronomy,sof_only,within
2,30,5-5,23,0.00195945,deuteronomy,sof_only,within
2,31,6-4,14,0.00119271,deuteronomy,sof_only,within
2,32,7-2,14,0.00119271,deuteronomy,sof_only,within
2,33,7-3,13,0.00110751,deuteronomy,sof_only,within
2,34,1-7,11,0.00093713,deuteronomy,sof_only,within
2,35,2-7,11,0.00093713,deuteronomy,sof_only,within
2,36,6-5,9,0.00076674,deuteronomy,sof_only,within
2,37,6-1,8,0.00068155,deuteronomy,sof_only,within
2,38,4-6,8,0.00068155,deuteronomy,sof_only,within
2,39,2-8,6,0.00051116,deuteronomy,sof_only,within
2,40,3-7,4,0.00034077,deuteronomy,sof_only,within
2,41,5-6,3,0.00025558,deuteronomy,sof_only,within
2,42,6-6,3,0.00025558,deuteronomy,sof_only,within
2,43,3-8,3,0.00025558,deuteronomy,sof_only,within
2,44,8-1,2,0.00017039,deuteronomy,sof_only,within
2,45,4-7,2,0.00017039,deuteronomy,sof_only,within
2,46,8-4,2,0.00017039,deuteronomy,sof_only,within
2,47,8-3,2,0.00017039,deuteronomy,sof_only,within
2,48,8-5,2,0.00017039,deuteronomy,sof_only,within
2,49,7-4,1,8.519e-05,deuteronomy,sof_only,within
2,50,8-6,1,8.519e-05,deuteronomy,sof_only,within
3,1,2-2-2,706,0.06015166,deuteronomy,sof_only,within
3,2,3-2-2,578,0.04924597,deuteronomy,sof_only,within
3,3,2-2-3,565,0.04813837,deuteronomy,sof_only,within
3,4,2-3-2,543,0.04626395,deuteronomy,sof_only,within
3,5,2-3-3,489,0.04166312,deuteronomy,sof_only,within
3,6,3-3-2,469,0.0399591,deuteronomy,sof_only,within
3,7,3-3-3,451,0.03842549,deuteronomy,sof_only,within
3,8,3-2-3,427,0.03638068,deuteronomy,sof_only,within
3,9,2-2-1,249,0.02121496,deuteronomy,sof_only,within
3,10,2-1-2,236,0.02010735,deuteronomy,sof_only,within
3,11,4-2-2,213,0.01814774,deuteronomy,sof_only,within
3,12,1-2-2,211,0.01797734,deuteronomy,sof_only,within
3,13,2-4-2,201,0.01712533,deuteronomy,sof_only,within
3,14,2-2-4,197,0.01678453,deuteronomy,sof_only,within
3,15,3-3-4,186,0.01584732,deuteronomy,sof_only,within
3,16,3-2-1,185,0.01576212,deuteronomy,sof_only,within
3,17,1-3-2,184,0.01567692,deuteronomy,sof_only,within
3,18,2-3-1,178,0.01516572,deuteronomy,sof_only,within
3,19,2-1-3,176,0.01499531,deuteronomy,sof_only,within
3,20,4-2-3,176,0.01499531,deuteronomy,sof_only,within
3,21,3-4-2,176,0.01499531,deuteronomy,sof_only,within
3,22,2-4-3,170,0.01448411,deuteronomy,sof_only,within
3,23,4-3-3,167,0.01422851,deuteronomy,sof_only,within
3,24,1-2-3,161,0.0137173,deuteronomy,sof_only,within
3,25,3-1-2,158,0.0134617,deuteronomy,sof_only,within
3,26,3-2-4,158,0.0134617,deuteronomy,sof_only,within
3,27,4-3-2,153,0.0130357,deuteronomy,sof_only,within
3,28,2-3-4,151,0.0128653,deuteronomy,sof_only,within
3,29,3-4-3,150,0.0127801,deuteronomy,sof_only,within
3,30,3-3-1,135,0.01150209,deuteronomy,sof_only,within
3,31,1-3-3,134,0.01141689,deuteronomy,sof_only,within
3,32,3-1-3,127,0.01082048,deuteronomy,sof_only,within
3,33,2-1-4,85,0.00724206,deuteronomy,sof_only,within
3,34,1-2-1,83,0.00707165,deuteronomy,sof_only,within
3,35,1-4-2,76,0.00647525,deuteronomy,sof_only,within
3,36,4-2-1,75,0.00639005,deuteronomy,sof_only,within
3,37,1-4-3,73,0.00621965,deuteronomy,sof_only,within
3,38,2-1-1,72,0.00613445,deuteronomy,sof_only,within
3,39,3-1-4,68,0.00579364,deuteronomy,sof_only,within
3,40,3-4-4,67,0.00570844,deuteronomy,sof_only,within
3,41,4-4-2,66,0.00562324,deuteronomy,sof_only,within
3,42,1-2-4,63,0.00536764,deuteronomy,sof_only,within
3,43,2-4-1,62,0.00528244,deuteronomy,sof_only,within
3,44,3-3-5,62,0.00528244,deuteronomy,sof_only,within
3,45,4-1-2,60,0.00511204,deuteronomy,sof_only,within
3,46,1-1-3,59,0.00502684,deuteronomy,sof_only,within
3,47,4-3-4,59,0.00502684,deuteronomy,sof_only,within
3,48,1-1-2,57,0.00485644,deuteronomy,sof_only,within
3,49,5-3-2,57,0.00485644,deuteronomy,sof_only,within
3,50,5-2-2,56,0.00477124,deuteronomy,sof_only,within
4,1,2-2-2-2,301,0.02564758,deuteronomy,sof_only,within
4,2,2-2-3-2,233,0.01985344,deuteronomy,sof_only,within
4,3,2-3-2-2,229,0.01951261,deuteronomy,sof_only,within
4,4,3-2-2-2,224,0.01908657,deuteronomy,sof_only,within
4,5,2-2-3-3,203,0.01729721,deuteronomy,sof_only,within
4,6,2-2-2-3,200,0.01704158,deuteronomy,sof_only,within
4,7,3-2-2-3,193,0.01644513,deuteronomy,sof_only,within
4,8,3-3-2-2,190,0.0161895,deuteronomy,sof_only,within
4,9,2-3-3-2,177,0.0150818,deuteronomy,sof_only,within
4,10,2-3-3-3,173,0.01474097,deuteronomy,sof_only,within
4,11,3-2-3-2,165,0.0140593,deuteronomy,sof_only,within
4,12,2-3-2-3,165,0.0140593,deuteronomy,sof_only,within
4,13,3-3-3-2,161,0.01371847,deuteronomy,sof_only,within
4,14,3-3-3-3,150,0.01278119,deuteronomy,sof_only,within
4,15,3-2-3-3,148,0.01261077,deuteronomy,sof_only,within
4,16,3-3-2-3,145,0.01235515,deuteronomy,sof_only,within
4,17,2-2-2-1,99,0.00843558,deuteronomy,sof_only,within
4,18,2-1-2-2,99,0.00843558,deuteronomy,sof_only,within
4,19,2-2-1-2,95,0.00809475,deuteronomy,sof_only,within
4,20,1-3-2-2,85,0.00724267,deuteronomy,sof_only,within
4,21,2-1-3-2,84,0.00715746,deuteronomy,sof_only,within
4,22,2-2-2-4,83,0.00707226,deuteronomy,sof_only,within
4,23,1-2-2-2,79,0.00673142,deuteronomy,sof_only,within
4,24,4-2-2-3,79,0.00673142,deuteronomy,sof_only,within
4,25,2-4-2-2,78,0.00664622,deuteronomy,sof_only,within
4,26,3-2-1-2,78,0.00664622,deuteronomy,sof_only,within
4,27,3-2-2-1,77,0.00656101,deuteronomy,sof_only,within
4,28,2-3-3-4,76,0.0064758,deuteronomy,sof_only,within
4,29,2-2-4-2,74,0.00630539,deuteronomy,sof_only,within
4,30,4-2-2-2,72,0.00613497,deuteronomy,sof_only,within
4,31,2-2-1-3,71,0.00604976,deuteronomy,sof_only,within
4,32,3-2-4-2,70,0.00596455,deuteronomy,sof_only,within
4,33,2-3-1-2,70,0.00596455,deuteronomy,sof_only,within
4,34,2-2-4-3,69,0.00587935,deuteronomy,sof_only,within
4,35,2-4-3-2,68,0.00579414,deuteronomy,sof_only,within
4,36,3-3-4-2,68,0.00579414,deuteronomy,sof_only,within
4,37,2-4-2-3,67,0.00570893,deuteronomy,sof_only,within
4,38,1-2-2-3,66,0.00562372,deuteronomy,sof_only,within
4,39,3-3-4-3,66,0.00562372,deuteronomy,sof_only,within
4,40,3-4-2-2,66,0.00562372,deuteronomy,sof_only,within
4,41,2-3-2-1,66,0.00562372,deuteronomy,sof_only,within
4,42,3-4-3-3,63,0.0053681,deuteronomy,sof_only,within
4,43,1-2-3-2,63,0.0053681,deuteronomy,sof_only,within
4,44,4-2-3-3,61,0.00519768,deuteronomy,sof_only,within
4,45,3-3-3-4,61,0.00519768,deuteronomy,sof_only,within
4,46,2-3-2-4,60,0.00511247,deuteronomy,sof_only,within
4,47,2-3-4-2,60,0.00511247,deuteronomy,sof_only,within
4,48,3-2-2-4,60,0.00511247,deuteronomy,sof_only,within
4,49,3-1-2-2,59,0.00502727,deuteronomy,sof_only,within
4,50,1-3-3-2,59,0.00502727,deuteronomy,sof_only,within
5,1,2-2-2-2-2,128,0.01090754,deuteronomy,sof_only,within
5,2,3-2-2-2-2,110,0.00937367,deuteronomy,sof_only,within
5,3,2-2-3-2-2,95,0.00809544,deuteronomy,sof_only,within
5,4,2-3-2-2-2,91,0.00775458,deuteronomy,sof_only,within
5,5,2-2-2-3-2,84,0.00715807,deuteronomy,sof_only,within
5,6,2-2-2-2-3,83,0.00707286,deuteronomy,sof_only,within
5,7,3-2-2-3-2,82,0.00698764,deuteronomy,sof_only,within
5,8,2-2-3-3-2,80,0.00681721,deuteronomy,sof_only,within
5,9,2-2-3-2-3,74,0.00630592,deuteronomy,sof_only,within
5,10,2-3-2-2-3,73,0.00622071,deuteronomy,sof_only,within
5,11,2-3-3-2-2,73,0.00622071,deuteronomy,sof_only,within
5,12,3-2-2-3-3,72,0.00613549,deuteronomy,sof_only,within
5,13,3-3-2-2-3,71,0.00605028,deuteronomy,sof_only,within
5,14,3-2-3-2-2,69,0.00587985,deuteronomy,sof_only,within
5,15,3-3-2-2-2,68,0.00579463,deuteronomy,sof_only,within
5,16,2-2-3-3-3,67,0.00570942,deuteronomy,sof_only,within
5,17,2-2-2-3-3,66,0.0056242,deuteronomy,sof_only,within
5,18,2-3-3-3-2,65,0.00553899,deuteronomy,sof_only,within
5,19,2-3-2-3-2,64,0.00545377,deuteronomy,sof_only,within
5,20,2-3-2-3-3,62,0.00528334,deuteronomy,sof_only,within
5,21,2-3-3-3-3,61,0.00519813,deuteronomy,sof_only,within
5,22,3-2-2-2-3,59,0.00502769,deuteronomy,sof_only,within
5,23,3-3-3-2-2,59,0.00502769,deuteronomy,sof_only,within
5,24,2-3-3-2-3,56,0.00477205,deuteronomy,sof_only,within
5,25,3-2-3-3-3,53,0.0045164,deuteronomy,sof_only,within
5,26,3-2-3-2-3,51,0.00434597,deuteronomy,sof_only,within
5,27,3-3-3-3-2,51,0.00434597,deuteronomy,sof_only,within
5,28,3-3-3-3-3,50,0.00426076,deuteronomy,sof_only,within
5,29,3-3-2-3-3,49,0.00417554,deuteronomy,sof_only,within
5,30,3-3-3-2-3,48,0.00409033,deuteronomy,sof_only,within
5,31,3-2-3-3-2,48,0.00409033,deuteronomy,sof_only,within
5,32,3-3-2-3-2,48,0.00409033,deuteronomy,sof_only,within
5,33,2-2-2-2-1,41,0.00349382,deuteronomy,sof_only,within
5,34,2-2-2-2-4,41,0.00349382,deuteronomy,sof_only,within
5,35,1-3-2-2-2,40,0.00340861,deuteronomy,sof_only,within
5,36,2-1-3-2-2,38,0.00323818,deuteronomy,sof_only,within
5,37,2-2-2-1-2,36,0.00306775,deuteronomy,sof_only,within
5,38,2-2-1-2-2,36,0.00306775,deuteronomy,sof_only,within
5,39,1-2-2-2-2,35,0.00298253,deuteronomy,sof_only,within
5,40,2-1-2-2-2,35,0.00298253,deuteronomy,sof_only,within
5,41,2-2-1-3-2,33,0.0028121,deuteronomy,sof_only,within
5,42,4-2-2-3-3,33,0.0028121,deuteronomy,sof_only,within
5,43,3-2-1-2-2,33,0.0028121,deuteronomy,sof_only,within
5,44,2-2-4-3-2,32,0.00272689,deuteronomy,sof_only,within
5,45,3-3-4-3-3,31,0.00264167,deuteronomy,sof_only,within
5,46,2-4-2-2-2,31,0.00264167,deuteronomy,sof_only,within
5,47,2-3-3-4-2,31,0.00264167,deuteronomy,sof_only,within
5,48,2-3-4-2-2,31,0.00264167,deuteronomy,sof_only,within
5,49,3-2-2-1-2,31,0.00264167,deuteronomy,sof_only,within
5,50,1-2-2-3-2,30,0.00255646,deuteronomy,sof_only,within
6,1,2-2-2-2-2-2,60,0.00511335,deuteronomy,sof_only,within
6,2,2-3-2-2-2-2,47,0.00400545,deuteronomy,sof_only,within
6,3,3-2-2-2-2-2,46,0.00392023,deuteronomy,sof_only,within
6,4,2-2-3-2-2-2,45,0.00383501,deuteronomy,sof_only,within
6,5,3-3-2-2-2-2,37,0.00315323,deuteronomy,sof_only,within
6,6,2-2-2-2-2-3,35,0.00298279,deuteronomy,sof_only,within
6,7,3-2-2-3-3-2,35,0.00298279,deuteronomy,sof_only,within
6,8,2-2-3-3-2-2,34,0.00289756,deuteronomy,sof_only,within
6,9,3-2-2-2-2-3,33,0.00281234,deuteronomy,sof_only,within
6,10,2-2-2-2-3-2,33,0.00281234,deuteronomy,sof_only,within
6,11,2-3-2-2-3-2,33,0.00281234,deuteronomy,sof_only,within
6,12,2-2-2-3-2-2,33,0.00281234,deuteronomy,sof_only,within
6,13,3-3-2-2-3-2,32,0.00272712,deuteronomy,sof_only,within
6,14,3-2-2-3-2-2,32,0.00272712,deuteronomy,sof_only,within
6,15,2-3-2-2-3-3,31,0.0026419,deuteronomy,sof_only,within
6,16,2-2-2-3-2-3,30,0.00255667,deuteronomy,sof_only,within
6,17,2-2-3-2-3-3,30,0.00255667,deuteronomy,sof_only,within
6,18,2-2-3-2-3-2,30,0.00255667,deuteronomy,sof_only,within
6,19,3-2-3-2-2-3,30,0.00255667,deuteronomy,sof_only,within
6,20,3-2-2-3-2-3,29,0.00247145,deuteronomy,sof_only,within
6,21,2-2-2-3-3-3,28,0.00238623,deuteronomy,sof_only,within
6,22,2-3-3-3-2-2,28,0.00238623,deuteronomy,sof_only,within
6,23,2-3-2-2-2-3,28,0.00238623,deuteronomy,sof_only,within
6,24,2-3-2-3-2-2,27,0.00230101,deuteronomy,sof_only,within
6,25,2-2-3-3-3-2,27,0.00230101,deuteronomy,sof_only,within
6,26,2-3-3-2-2-2,27,0.00230101,deuteronomy,sof_only,within
6,27,3-2-2-2-3-2,27,0.00230101,deuteronomy,sof_only,within
6,28,2-3-3-2-2-3,27,0.00230101,deuteronomy,sof_only,within
6,29,3-2-3-3-3-3,25,0.00213056,deuteronomy,sof_only,within
6,30,3-2-3-2-2-2,24,0.00204534,deuteronomy,sof_only,within
6,31,2-3-3-3-3-2,24,0.00204534,deuteronomy,sof_only,within
6,32,2-2-3-3-2-3,24,0.00204534,deuteronomy,sof_only,within
6,33,2-2-2-2-3-3,24,0.00204534,deuteronomy,sof_only,within
6,34,3-3-3-2-2-3,24,0.00204534,deuteronomy,sof_only,within
6,35,2-2-2-3-3-2,23,0.00196012,deuteronomy,sof_only,within
6,36,2-3-2-3-3-3,23,0.00196012,deuteronomy,sof_only,within
6,37,3-2-3-2-3-3,22,0.00187489,deuteronomy,sof_only,within
6,38,2-3-2-3-3-2,22,0.00187489,deuteronomy,sof_only,within
6,39,3-3-2-2-3-3,22,0.00187489,deuteronomy,sof_only,within
6,40,3-3-2-3-2-2,22,0.00187489,deuteronomy,sof_only,within
6,41,2-3-2-3-2-3,21,0.00178967,deuteronomy,sof_only,within
6,42,2-2-3-2-2-3,21,0.00178967,deuteronomy,sof_only,within
6,43,2-3-3-3-3-3,21,0.00178967,deuteronomy,sof_only,within
6,44,2-2-3-3-3-3,20,0.00170445,deuteronomy,sof_only,within
6,45,2-3-3-2-3-3,20,0.00170445,deuteronomy,sof_only,within
6,46,3-2-2-3-3-3,20,0.00170445,deuteronomy,sof_only,within
6,47,3-3-3-2-3-3,19,0.00161923,deuteronomy,sof_only,within
6,48,2-3-3-2-3-2,19,0.00161923,deuteronomy,sof_only,within
6,49,3-2-3-3-2-2,19,0.00161923,deuteronomy,sof_only,within
6,50,2-3-3-3-2-3,18,0.001534,deuteronomy,sof_only,within
2,1,2-2,114,0.1197479,deuteronomy,sof_only,cross_reset
2,2,2-3,95,0.09978992,deuteronomy,sof_only,cross_reset
2,3,3-2,82,0.08613445,deuteronomy,sof_only,cross_reset
2,4,3-3,80,0.08403361,deuteronomy,sof_only,cross_reset
2,5,1-2,63,0.06617647,deuteronomy,sof_only,cross_reset
2,6,2-1,57,0.05987395,deuteronomy,sof_only,cross_reset
2,7,3-4,47,0.04936975,deuteronomy,sof_only,cross_reset
2,8,1-1,47,0.04936975,deuteronomy,sof_only,cross_reset
2,9,1-3,45,0.04726891,deuteronomy,sof_only,cross_reset
2,10,3-1,44,0.04621849,deuteronomy,sof_only,cross_reset
2,11,4-2,43,0.04516807,deuteronomy,sof_only,cross_reset
2,12,4-3,40,0.04201681,deuteronomy,sof_only,cross_reset
2,13,2-4,39,0.04096639,deuteronomy,sof_only,cross_reset
2,14,4-1,27,0.02836134,deuteronomy,sof_only,cross_reset
2,15,4-4,24,0.02521008,deuteronomy,sof_only,cross_reset
2,16,1-4,21,0.02205882,deuteronomy,sof_only,cross_reset
2,17,5-2,13,0.01365546,deuteronomy,sof_only,cross_reset
2,18,3-5,12,0.01260504,deuteronomy,sof_only,cross_reset
2,19,2-5,10,0.0105042,deuteronomy,sof_only,cross_reset
2,20,5-4,8,0.00840336,deuteronomy,sof_only,cross_reset
2,21,5-3,7,0.00735294,deuteronomy,sof_only,cross_reset
2,22,4-5,6,0.00630252,deuteronomy,sof_only,cross_reset
2,23,5-1,4,0.00420168,deuteronomy,sof_only,cross_reset
2,24,2-6,3,0.00315126,deuteronomy,sof_only,cross_reset
2,25,5-5,3,0.00315126,deuteronomy,sof_only,cross_reset
2,26,1-5,3,0.00315126,deuteronomy,sof_only,cross_reset
2,27,3-6,3,0.00315126,deuteronomy,sof_only,cross_reset
2,28,6-2,3,0.00315126,deuteronomy,sof_only,cross_reset
2,29,6-4,2,0.00210084,deuteronomy,sof_only,cross_reset
2,30,4-6,1,0.00105042,deuteronomy,sof_only,cross_reset
2,31,6-1,1,0.00105042,deuteronomy,sof_only,cross_reset
2,32,2-7,1,0.00105042,deuteronomy,sof_only,cross_reset
2,33,7-3,1,0.00105042,deuteronomy,sof_only,cross_reset
2,34,6-3,1,0.00105042,deuteronomy,sof_only,cross_reset
2,35,1-6,1,0.00105042,deuteronomy,sof_only,cross_reset
2,36,6-5,1,0.00105042,deuteronomy,sof_only,cross_reset
3,1,2-2-2,49,0.05152471,deuteronomy,sof_only,cross_reset
3,2,2-2-3,31,0.03259727,deuteronomy,sof_only,cross_reset
3,3,2-3-3,29,0.03049422,deuteronomy,sof_only,cross_reset
3,4,2-3-2,29,0.03049422,deuteronomy,sof_only,cross_reset
3,5,3-2-2,26,0.02733964,deuteronomy,sof_only,cross_reset
3,6,3-3-2,25,0.02628812,deuteronomy,sof_only,cross_reset
3,7,2-1-2,23,0.02418507,deuteronomy,sof_only,cross_reset
3,8,3-2-3,23,0.02418507,deuteronomy,sof_only,cross_reset
3,9,1-2-3,22,0.02313354,deuteronomy,sof_only,cross_reset
3,10,3-3-3,20,0.02103049,deuteronomy,sof_only,cross_reset
3,11,2-2-1,20,0.02103049,deuteronomy,sof_only,cross_reset
3,12,1-2-2,19,0.01997897,deuteronomy,sof_only,cross_reset
3,13,1-3-2,18,0.01892744,deuteronomy,sof_only,cross_reset
3,14,4-3-3,18,0.01892744,deuteronomy,sof_only,cross_reset
3,15,3-4-3,17,0.01787592,deuteronomy,sof_only,cross_reset
3,16,2-3-1,16,0.0168244,deuteronomy,sof_only,cross_reset
3,17,3-3-4,16,0.0168244,deuteronomy,sof_only,cross_reset
3,18,2-3-4,16,0.0168244,deuteronomy,sof_only,cross_reset
3,19,1-1-2,16,0.0168244,deuteronomy,sof_only,cross_reset
3,20,3-2-4,16,0.0168244,deuteronomy,sof_only,cross_reset
3,21,2-1-3,15,0.01577287,deuteronomy,sof_only,cross_reset
3,22,4-2-3,14,0.01472135,deuteronomy,sof_only,cross_reset
3,23,3-1-3,13,0.01366982,deuteronomy,sof_only,cross_reset
3,24,3-2-1,13,0.01366982,deuteronomy,sof_only,cross_reset
3,25,3-1-1,13,0.01366982,deuteronomy,sof_only,cross_reset
3,26,4-2-2,13,0.01366982,deuteronomy,sof_only,cross_reset
3,27,1-2-1,13,0.01366982,deuteronomy,sof_only,cross_reset
3,28,3-1-2,12,0.0126183,deuteronomy,sof_only,cross_reset
3,29,2-1-1,12,0.0126183,deuteronomy,sof_only,cross_reset
3,30,3-4-2,12,0.0126183,deuteronomy,sof_only,cross_reset
3,31,2-4-2,12,0.0126183,deuteronomy,sof_only,cross_reset
3,32,1-3-3,11,0.01156677,deuteronomy,sof_only,cross_reset
3,33,1-1-1,11,0.01156677,deuteronomy,sof_only,cross_reset
3,34,2-4-1,11,0.01156677,deuteronomy,sof_only,cross_reset
3,35,4-1-2,11,0.01156677,deuteronomy,sof_only,cross_reset
3,36,3-3-1,10,0.01051525,deuteronomy,sof_only,cross_reset
3,37,2-2-4,10,0.01051525,deuteronomy,sof_only,cross_reset
3,38,3-4-4,10,0.01051525,deuteronomy,sof_only,cross_reset
3,39,1-1-3,10,0.01051525,deuteronomy,sof_only,cross_reset
3,40,2-4-3,9,0.00946372,deuteronomy,sof_only,cross_reset
3,41,4-3-1,9,0.00946372,deuteronomy,sof_only,cross_reset
3,42,1-4-2,9,0.00946372,deuteronomy,sof_only,cross_reset
3,43,4-1-1,8,0.0084122,deuteronomy,sof_only,cross_reset
3,44,1-3-1,8,0.0084122,deuteronomy,sof_only,cross_reset
3,45,1-3-4,8,0.0084122,deuteronomy,sof_only,cross_reset
3,46,4-4-3,7,0.00736067,deuteronomy,sof_only,cross_reset
3,47,1-2-4,7,0.00736067,deuteronomy,sof_only,cross_reset
3,48,3-3-5,7,0.00736067,deuteronomy,sof_only,cross_reset
3,49,4-4-1,7,0.00736067,deuteronomy,sof_only,cross_reset
3,50,4-1-3,7,0.00736067,deuteronomy,sof_only,cross_reset
4,1,2-2-2-2,28,0.02947368,deuteronomy,sof_only,cross_reset
4,2,2-2-2-3,13,0.01368421,deuteronomy,sof_only,cross_reset
4,3,2-2-3-2,13,0.01368421,deuteronomy,sof_only,cross_reset
4,4,2-3-3-2,12,0.01263158,deuteronomy,sof_only,cross_reset
4,5,3-3-2-2,10,0.01052632,deuteronomy,sof_only,cross_reset
4,6,1-2-2-2,10,0.01052632,deuteronomy,sof_only,cross_reset
4,7,2-3-2-3,10,0.01052632,deuteronomy,sof_only,cross_reset
4,8,1-2-3-3,9,0.00947368,deuteronomy,sof_only,cross_reset
4,9,2-3-4-2,9,0.00947368,deuteronomy,sof_only,cross_reset
4,10,2-3-2-2,9,0.00947368,deuteronomy,sof_only,cross_reset
4,11,3-4-3-3,8,0.00842105,deuteronomy,sof_only,cross_reset
4,12,4-3-3-2,8,0.00842105,deuteronomy,sof_only,cross_reset
4,13,2-3-3-3,8,0.00842105,deuteronomy,sof_only,cross_reset
4,14,3-2-2-1,8,0.00842105,deuteronomy,sof_only,cross_reset
4,15,2-1-2-1,8,0.00842105,deuteronomy,sof_only,cross_reset
4,16,3-2-4-2,8,0.00842105,deuteronomy,sof_only,cross_reset
4,17,3-1-2-3,7,0.00736842,deuteronomy,sof_only,cross_reset
4,18,3-2-2-3,7,0.00736842,deuteronomy,sof_only,cross_reset
4,19,2-2-3-3,7,0.00736842,deuteronomy,sof_only,cross_reset
4,20,1-1-2-2,7,0.00736842,deuteronomy,sof_only,cross_reset
4,21,2-2-1-2,7,0.00736842,deuteronomy,sof_only,cross_reset
4,22,3-2-3-3,7,0.00736842,deuteronomy,sof_only,cross_reset
4,23,2-2-3-4,7,0.00736842,deuteronomy,sof_only,cross_reset
4,24,2-3-1-1,7,0.00736842,deuteronomy,sof_only,cross_reset
4,25,2-1-2-3,6,0.00631579,deuteronomy,sof_only,cross_reset
4,26,3-3-2-3,6,0.00631579,deuteronomy,sof_only,cross_reset
4,27,3-3-4-3,6,0.00631579,deuteronomy,sof_only,cross_reset
4,28,3-3-3-1,6,0.00631579,deuteronomy,sof_only,cross_reset
4,29,3-3-1-2,6,0.00631579,deuteronomy,sof_only,cross_reset
4,30,1-1-1-2,6,0.00631579,deuteronomy,sof_only,cross_reset
4,31,3-3-2-4,6,0.00631579,deuteronomy,sof_only,cross_reset
4,32,1-2-3-2,6,0.00631579,deuteronomy,sof_only,cross_reset
4,33,1-2-1-2,6,0.00631579,deuteronomy,sof_only,cross_reset
4,34,2-1-2-2,6,0.00631579,deuteronomy,sof_only,cross_reset
4,35,4-2-2-3,6,0.00631579,deuteronomy,sof_only,cross_reset
4,36,3-3-3-4,6,0.00631579,deuteronomy,sof_only,cross_reset
4,37,2-1-3-2,6,0.00631579,deuteronomy,sof_only,cross_reset
4,38,2-4-2-3,6,0.00631579,deuteronomy,sof_only,cross_reset
4,39,3-1-3-2,5,0.00526316,deuteronomy,sof_only,cross_reset
4,40,1-3-2-1,5,0.00526316,deuteronomy,sof_only,cross_reset
4,41,3-2-3-1,5,0.00526316,deuteronomy,sof_only,cross_reset
4,42,2-3-1-3,5,0.00526316,deuteronomy,sof_only,cross_reset
4,43,3-2-2-4,5,0.00526316,deuteronomy,sof_only,cross_reset
4,44,4-3-4-3,5,0.00526316,deuteronomy,sof_only,cross_reset
4,45,3-2-3-4,5,0.00526316,deuteronomy,sof_only,cross_reset
4,46,2-2-2-1,5,0.00526316,deuteronomy,sof_only,cross_reset
4,47,2-2-1-1,5,0.00526316,deuteronomy,sof_only,cross_reset
4,48,1-3-2-3,5,0.00526316,deuteronomy,sof_only,cross_reset
4,49,3-4-2-2,5,0.00526316,deuteronomy,sof_only,cross_reset
4,50,2-4-1-3,5,0.00526316,deuteronomy,sof_only,cross_reset
5,1,2-2-2-2-2,19,0.02002107,deuteronomy,sof_only,cross_reset
5,2,1-2-2-2-2,7,0.00737619,deuteronomy,sof_only,cross_reset
5,3,2-2-2-3-2,6,0.00632244,deuteronomy,sof_only,cross_reset
5,4,3-3-2-2-4,5,0.0052687,deuteronomy,sof_only,cross_reset
5,5,3-2-2-1-3,5,0.0052687,deuteronomy,sof_only,cross_reset
5,6,2-3-3-2-3,4,0.00421496,deuteronomy,sof_only,cross_reset
5,7,3-3-3-1-2,4,0.00421496,deuteronomy,sof_only,cross_reset
5,8,3-1-2-3-3,4,0.00421496,deuteronomy,sof_only,cross_reset
5,9,3-4-3-3-2,4,0.00421496,deuteronomy,sof_only,cross_reset
5,10,2-2-1-2-3,4,0.00421496,deuteronomy,sof_only,cross_reset
5,11,1-2-3-2-3,4,0.00421496,deuteronomy,sof_only,cross_reset
5,12,3-2-3-3-2,4,0.00421496,deuteronomy,sof_only,cross_reset
5,13,2-1-2-2-2,4,0.00421496,deuteronomy,sof_only,cross_reset
5,14,2-2-2-2-3,4,0.00421496,deuteronomy,sof_only,cross_reset
5,15,2-2-3-4-2,4,0.00421496,deuteronomy,sof_only,cross_reset
5,16,2-3-3-2-2,4,0.00421496,deuteronomy,sof_only,cross_reset
5,17,3-2-2-2-3,4,0.00421496,deuteronomy,sof_only,cross_reset
5,18,2-2-2-3-3,4,0.00421496,deuteronomy,sof_only,cross_reset
5,19,2-3-1-1-1,4,0.00421496,deuteronomy,sof_only,cross_reset
5,20,4-2-2-3-2,4,0.00421496,deuteronomy,sof_only,cross_reset
5,21,2-2-3-2-4,4,0.00421496,deuteronomy,sof_only,cross_reset
5,22,2-2-1-3-2,4,0.00421496,deuteronomy,sof_only,cross_reset
5,23,1-3-2-1-2,3,0.00316122,deuteronomy,sof_only,cross_reset
5,24,2-1-2-3-3,3,0.00316122,deuteronomy,sof_only,cross_reset
5,25,1-2-3-3-2,3,0.00316122,deuteronomy,sof_only,cross_reset
5,26,3-2-3-1-2,3,0.00316122,deuteronomy,sof_only,cross_reset
5,27,1-2-3-1-3,3,0.00316122,deuteronomy,sof_only,cross_reset
5,28,4-3-4-3-3,3,0.00316122,deuteronomy,sof_only,cross_reset
5,29,3-3-1-2-3,3,0.00316122,deuteronomy,sof_only,cross_reset
5,30,4-3-3-2-2,3,0.00316122,deuteronomy,sof_only,cross_reset
5,31,1-1-2-2-2,3,0.00316122,deuteronomy,sof_only,cross_reset
5,32,2-3-3-2-4,3,0.00316122,deuteronomy,sof_only,cross_reset
5,33,1-1-2-2-1,3,0.00316122,deuteronomy,sof_only,cross_reset
5,34,1-2-2-1-2,3,0.00316122,deuteronomy,sof_only,cross_reset
5,35,2-3-2-3-1,3,0.00316122,deuteronomy,sof_only,cross_reset
5,36,2-3-2-3-3,3,0.00316122,deuteronomy,sof_only,cross_reset
5,37,2-2-2-2-1,3,0.00316122,deuteronomy,sof_only,cross_reset
5,38,4-3-3-2-4,3,0.00316122,deuteronomy,sof_only,cross_reset
5,39,2-4-1-2-3,3,0.00316122,deuteronomy,sof_only,cross_reset
5,40,3-2-3-4-2,3,0.00316122,deuteronomy,sof_only,cross_reset
5,41,1-2-3-3-3,3,0.00316122,deuteronomy,sof_only,cross_reset
5,42,2-3-4-2-2,3,0.00316122,deuteronomy,sof_only,cross_reset
5,43,3-4-2-2-3,3,0.00316122,deuteronomy,sof_only,cross_reset
5,44,2-3-4-2-3,3,0.00316122,deuteronomy,sof_only,cross_reset
5,45,2-2-1-2-1,3,0.00316122,deuteronomy,sof_only,cross_reset
5,46,2-1-2-1-2,3,0.00316122,deuteronomy,sof_only,cross_reset
5,47,2-1-2-1-3,3,0.00316122,deuteronomy,sof_only,cross_reset
5,48,1-2-1-2-2,3,0.00316122,deuteronomy,sof_only,cross_reset
5,49,4-2-2-2-3,3,0.00316122,deuteronomy,sof_only,cross_reset
5,50,3-1-1-1-2,3,0.00316122,deuteronomy,sof_only,cross_reset
6,1,2-2-2-2-2-2,13,0.01371308,deuteronomy,sof_only,cross_reset
6,2,1-2-2-2-2-2,5,0.00527426,deuteronomy,sof_only,cross_reset
6,3,2-1-2-2-2-2,4,0.00421941,deuteronomy,sof_only,cross_reset
6,4,2-2-2-2-2-3,4,0.00421941,deuteronomy,sof_only,cross_reset
6,5,3-2-2-1-3-2,4,0.00421941,deuteronomy,sof_only,cross_reset
6,6,3-4-3-3-2-2,3,0.00316456,deuteronomy,sof_only,cross_reset
6,7,2-3-2-3-3-2,3,0.00316456,deuteronomy,sof_only,cross_reset
6,8,2-3-1-1-1-2,3,0.00316456,deuteronomy,sof_only,cross_reset
6,9,2-2-2-3-2-4,3,0.00316456,deuteronomy,sof_only,cross_reset
6,10,2-2-3-2-4-2,3,0.00316456,deuteronomy,sof_only,cross_reset
6,11,2-3-2-2-1-3,3,0.00316456,deuteronomy,sof_only,cross_reset
6,12,1-3-2-1-2-3,2,0.0021097,deuteronomy,sof_only,cross_reset
6,13,2-3-3-2-3-1,2,0.0021097,deuteronomy,sof_only,cross_reset
6,14,3-2-3-1-2-3,2,0.0021097,deuteronomy,sof_only,cross_reset
6,15,1-3-3-2-2-4,2,0.0021097,deuteronomy,sof_only,cross_reset
6,16,3-3-2-2-4-3,2,0.0021097,deuteronomy,sof_only,cross_reset
6,17,2-2-4-3-4-3,2,0.0021097,deuteronomy,sof_only,cross_reset
6,18,4-3-3-3-1-2,2,0.0021097,deuteronomy,sof_only,cross_reset
6,19,3-3-3-1-2-3,2,0.0021097,deuteronomy,sof_only,cross_reset
6,20,3-3-1-2-3-3,2,0.0021097,deuteronomy,sof_only,cross_reset
6,21,3-1-2-3-3-2,2,0.0021097,deuteronomy,sof_only,cross_reset
6,22,3-3-4-3-3-2,2,0.0021097,deuteronomy,sof_only,cross_reset
6,23,3-3-4-1-1-1,2,0.0021097,deuteronomy,sof_only,cross_reset
6,24,3-4-1-1-1-2,2,0.0021097,deuteronomy,sof_only,cross_reset
6,25,4-1-1-1-2-2,2,0.0021097,deuteronomy,sof_only,cross_reset
6,26,1-1-2-2-1-2,2,0.0021097,deuteronomy,sof_only,cross_reset
6,27,1-2-2-1-2-3,2,0.0021097,deuteronomy,sof_only,cross_reset
6,28,2-2-1-2-3-3,2,0.0021097,deuteronomy,sof_only,cross_reset
6,29,3-1-2-3-2-3,2,0.0021097,deuteronomy,sof_only,cross_reset
6,30,1-2-3-2-3-2,2,0.0021097,deuteronomy,sof_only,cross_reset
6,31,2-3-2-3-2-3,2,0.0021097,deuteronomy,sof_only,cross_reset
6,32,3-2-3-2-3-1,2,0.0021097,deuteronomy,sof_only,cross_reset
6,33,2-3-2-3-1-2,2,0.0021097,deuteronomy,sof_only,cross_reset
6,34,3-1-1-2-2-1,2,0.0021097,deuteronomy,sof_only,cross_reset
6,35,2-3-2-1-4-2,2,0.0021097,deuteronomy,sof_only,cross_reset
6,36,3-5-4-2-2-2,2,0.0021097,deuteronomy,sof_only,cross_reset
6,37,3-2-4-1-2-3,2,0.0021097,deuteronomy,sof_only,cross_reset
6,38,3-3-5-4-3-1,2,0.0021097,deuteronomy,sof_only,cross_reset
6,39,2-3-4-2-4-4,2,0.0021097,deuteronomy,sof_only,cross_reset
6,40,2-2-2-3-4-2,2,0.0021097,deuteronomy,sof_only,cross_reset
6,41,2-3-4-2-2-3,2,0.0021097,deuteronomy,sof_only,cross_reset
6,42,3-4-2-1-2-4,2,0.0021097,deuteronomy,sof_only,cross_reset
6,43,4-4-3-3-2-4,2,0.0021097,deuteronomy,sof_only,cross_reset
6,44,1-1-4-2-2-3,2,0.0021097,deuteronomy,sof_only,cross_reset
6,45,2-3-3-2-2-4,2,0.0021097,deuteronomy,sof_only,cross_reset
6,46,2-2-1-2-1-2,2,0.0021097,deuteronomy,sof_only,cross_reset
6,47,2-1-2-1-3-1,2,0.0021097,deuteronomy,sof_only,cross_reset
6,48,3-2-2-2-3-3,2,0.0021097,deuteronomy,sof_only,cross_reset
6,49,1-1-2-2-2-2,2,0.0021097,deuteronomy,sof_only,cross_reset
6,50,2-1-2-1-2-2,2,0.0021097,deuteronomy,sof_only,cross_reset
2,1,2-2,1901,0.14979119,deuteronomy,sof_only,all
2,2,3-2,1504,0.11850918,deuteronomy,sof_only,all
2,3,2-3,1490,0.11740604,deuteronomy,sof_only,all
2,4,3-3,1413,0.11133874,deuteronomy,sof_only,all
2,5,2-1,667,0.05255693,deuteronomy,sof_only,all
2,6,1-2,603,0.04751399,deuteronomy,sof_only,all
2,7,4-2,578,0.04554409,deuteronomy,sof_only,all
2,8,2-4,546,0.04302261,deuteronomy,sof_only,all
2,9,4-3,498,0.03924041,deuteronomy,sof_only,all
2,10,3-4,498,0.03924041,deuteronomy,sof_only,all
2,11,3-1,481,0.03790087,deuteronomy,sof_only,all
2,12,1-3,463,0.03648255,deuteronomy,sof_only,all
2,13,1-4,228,0.01796549,deuteronomy,sof_only,all
2,14,1-1,215,0.01694114,deuteronomy,sof_only,all
2,15,4-4,201,0.015838,deuteronomy,sof_only,all
2,16,4-1,200,0.0157592,deuteronomy,sof_only,all
2,17,5-2,165,0.01300134,deuteronomy,sof_only,all
2,18,5-3,160,0.01260736,deuteronomy,sof_only,all
2,19,2-5,147,0.01158301,deuteronomy,sof_only,all
2,20,3-5,136,0.01071626,deuteronomy,sof_only,all
2,21,1-5,88,0.00693405,deuteronomy,sof_only,all
2,22,5-1,65,0.00512174,deuteronomy,sof_only,all
2,23,4-5,51,0.0040186,deuteronomy,sof_only,all
2,24,5-4,45,0.00354582,deuteronomy,sof_only,all
2,25,6-3,45,0.00354582,deuteronomy,sof_only,all
2,26,3-6,43,0.00338823,deuteronomy,sof_only,all
2,27,6-2,43,0.00338823,deuteronomy,sof_only,all
2,28,2-6,40,0.00315184,deuteronomy,sof_only,all
2,29,1-6,28,0.00220629,deuteronomy,sof_only,all
2,30,5-5,24,0.0018911,deuteronomy,sof_only,all
2,31,1-7,15,0.00118194,deuteronomy,sof_only,all
2,32,6-4,14,0.00110314,deuteronomy,sof_only,all
2,33,7-2,14,0.00110314,deuteronomy,sof_only,all
2,34,7-3,11,0.00086676,deuteronomy,sof_only,all
2,35,6-5,11,0.00086676,deuteronomy,sof_only,all
2,36,2-7,11,0.00086676,deuteronomy,sof_only,all
2,37,6-1,9,0.00070916,deuteronomy,sof_only,all
2,38,4-6,7,0.00055157,deuteronomy,sof_only,all
2,39,2-8,6,0.00047278,deuteronomy,sof_only,all
2,40,8-5,5,0.00039398,deuteronomy,sof_only,all
2,41,5-6,3,0.00023639,deuteronomy,sof_only,all
2,42,3-7,3,0.00023639,deuteronomy,sof_only,all
2,43,6-6,3,0.00023639,deuteronomy,sof_only,all
2,44,3-8,3,0.00023639,deuteronomy,sof_only,all
2,45,7-1,3,0.00023639,deuteronomy,sof_only,all
2,46,7-4,2,0.00015759,deuteronomy,sof_only,all
2,47,8-3,2,0.00015759,deuteronomy,sof_only,all
2,48,8-6,1,7.88e-05,deuteronomy,sof_only,all
2,49,4-7,1,7.88e-05,deuteronomy,sof_only,all
2,50,8-4,1,7.88e-05,deuteronomy,sof_only,all
3,1,2-2-2,773,0.06091411,deuteronomy,sof_only,all
3,2,3-2-2,592,0.04665091,deuteronomy,sof_only,all
3,3,2-2-3,585,0.04609929,deuteronomy,sof_only,all
3,4,2-3-2,569,0.04483846,deuteronomy,sof_only,all
3,5,2-3-3,525,0.04137116,deuteronomy,sof_only,all
3,6,3-3-2,497,0.0391647,deuteronomy,sof_only,all
3,7,3-3-3,476,0.03750985,deuteronomy,sof_only,all
3,8,3-2-3,461,0.03632782,deuteronomy,sof_only,all
3,9,2-2-1,263,0.02072498,deuteronomy,sof_only,all
3,10,2-1-2,261,0.02056738,deuteronomy,sof_only,all
3,11,1-2-2,235,0.01851852,deuteronomy,sof_only,all
3,12,4-2-2,215,0.01694247,deuteronomy,sof_only,all
3,13,2-2-4,212,0.01670607,deuteronomy,sof_only,all
3,14,2-4-2,211,0.01662727,deuteronomy,sof_only,all
3,15,3-2-1,201,0.01583924,deuteronomy,sof_only,all
3,16,2-3-1,199,0.01568164,deuteronomy,sof_only,all
3,17,3-3-4,199,0.01568164,deuteronomy,sof_only,all
3,18,1-3-2,197,0.01552403,deuteronomy,sof_only,all
3,19,2-1-3,188,0.01481481,deuteronomy,sof_only,all
3,20,4-3-3,188,0.01481481,deuteronomy,sof_only,all
3,21,4-2-3,187,0.01473601,deuteronomy,sof_only,all
3,22,2-4-3,185,0.01457841,deuteronomy,sof_only,all
3,23,3-4-2,185,0.01457841,deuteronomy,sof_only,all
3,24,1-2-3,184,0.01449961,deuteronomy,sof_only,all
3,25,3-2-4,179,0.01410559,deuteronomy,sof_only,all
3,26,3-1-2,170,0.01339638,deuteronomy,sof_only,all
3,27,3-4-3,160,0.01260835,deuteronomy,sof_only,all
3,28,2-3-4,158,0.01245075,deuteronomy,sof_only,all
3,29,3-3-1,157,0.01237195,deuteronomy,sof_only,all
3,30,4-3-2,155,0.01221434,deuteronomy,sof_only,all
3,31,1-3-3,147,0.01158392,deuteronomy,sof_only,all
3,32,3-1-3,137,0.0107959,deuteronomy,sof_only,all
3,33,1-2-1,93,0.00732861,deuteronomy,sof_only,all
3,34,4-2-1,93,0.00732861,deuteronomy,sof_only,all
3,35,1-4-2,86,0.00677699,deuteronomy,sof_only,all
3,36,2-1-4,85,0.00669819,deuteronomy,sof_only,all
3,37,2-1-1,85,0.00669819,deuteronomy,sof_only,all
3,38,1-4-3,79,0.00622537,deuteronomy,sof_only,all
3,39,3-1-4,77,0.00606777,deuteronomy,sof_only,all
3,40,4-1-2,76,0.00598897,deuteronomy,sof_only,all
3,41,2-4-1,74,0.00583136,deuteronomy,sof_only,all
3,42,5-3-2,73,0.00575256,deuteronomy,sof_only,all
3,43,1-1-2,72,0.00567376,deuteronomy,sof_only,all
3,44,4-4-2,71,0.00559496,deuteronomy,sof_only,all
3,45,3-4-4,71,0.00559496,deuteronomy,sof_only,all
3,46,4-3-4,70,0.00551615,deuteronomy,sof_only,all
3,47,3-1-1,69,0.00543735,deuteronomy,sof_only,all
3,48,1-2-4,69,0.00543735,deuteronomy,sof_only,all
3,49,1-1-3,66,0.00520095,deuteronomy,sof_only,all
3,50,3-3-5,65,0.00512214,deuteronomy,sof_only,all
4,1,2-2-2-2,341,0.02687367,deuteronomy,sof_only,all
4,2,2-2-3-2,245,0.01930806,deuteronomy,sof_only,all
4,3,3-2-2-2,238,0.0187564,deuteronomy,sof_only,all
4,4,2-3-2-2,233,0.01836236,deuteronomy,sof_only,all
4,5,2-2-2-3,210,0.01654977,deuteronomy,sof_only,all
4,6,2-2-3-3,203,0.01599811,deuteronomy,sof_only,all
4,7,2-3-3-2,199,0.01568287,deuteronomy,sof_only,all
4,8,3-3-2-2,188,0.01481598,deuteronomy,sof_only,all
4,9,3-2-2-3,186,0.01465837,deuteronomy,sof_only,all
4,10,3-2-3-2,184,0.01450075,deuteronomy,sof_only,all
4,11,2-3-2-3,179,0.01410671,deuteronomy,sof_only,all
4,12,2-3-3-3,175,0.01379147,deuteronomy,sof_only,all
4,13,3-2-3-3,160,0.01260935,deuteronomy,sof_only,all
4,14,3-3-3-3,160,0.01260935,deuteronomy,sof_only,all
4,15,3-3-3-2,156,0.01229411,deuteronomy,sof_only,all
4,16,3-3-2-3,154,0.0121365,deuteronomy,sof_only,all
4,17,2-2-2-1,106,0.00835369,deuteronomy,sof_only,all
4,18,2-1-2-2,101,0.00795965,deuteronomy,sof_only,all
4,19,2-2-1-2,97,0.00764442,deuteronomy,sof_only,all
4,20,2-2-2-4,93,0.00732918,deuteronomy,sof_only,all
4,21,1-2-2-2,93,0.00732918,deuteronomy,sof_only,all
4,22,2-1-3-2,92,0.00725037,deuteronomy,sof_only,all
4,23,1-3-2-2,91,0.00717157,deuteronomy,sof_only,all
4,24,4-2-2-3,87,0.00685633,deuteronomy,sof_only,all
4,25,3-2-2-1,84,0.00661991,deuteronomy,sof_only,all
4,26,2-3-1-2,83,0.0065411,deuteronomy,sof_only,all
4,27,2-2-4-2,81,0.00638348,deuteronomy,sof_only,all
4,28,2-3-3-4,79,0.00622586,deuteronomy,sof_only,all
4,29,3-2-1-2,79,0.00622586,deuteronomy,sof_only,all
4,30,2-1-2-3,77,0.00606825,deuteronomy,sof_only,all
4,31,3-3-4-2,77,0.00606825,deuteronomy,sof_only,all
4,32,4-2-3-3,75,0.00591063,deuteronomy,sof_only,all
4,33,3-2-4-2,74,0.00583182,deuteronomy,sof_only,all
4,34,3-3-2-1,74,0.00583182,deuteronomy,sof_only,all
4,35,2-4-2-3,72,0.00567421,deuteronomy,sof_only,all
4,36,2-4-2-2,71,0.0055954,deuteronomy,sof_only,all
4,37,3-4-2-2,71,0.0055954,deuteronomy,sof_only,all
4,38,2-2-4-3,71,0.0055954,deuteronomy,sof_only,all
4,39,1-2-2-3,70,0.00551659,deuteronomy,sof_only,all
4,40,4-2-2-2,69,0.00543778,deuteronomy,sof_only,all
4,41,3-3-4-3,69,0.00543778,deuteronomy,sof_only,all
4,42,2-2-3-1,69,0.00543778,deuteronomy,sof_only,all
4,43,2-2-1-3,68,0.00535897,deuteronomy,sof_only,all
4,44,2-3-2-4,68,0.00535897,deuteronomy,sof_only,all
4,45,3-3-3-4,68,0.00535897,deuteronomy,sof_only,all
4,46,3-1-2-2,66,0.00520136,deuteronomy,sof_only,all
4,47,2-3-2-1,66,0.00520136,deuteronomy,sof_only,all
4,48,2-4-3-2,65,0.00512255,deuteronomy,sof_only,all
4,49,4-3-3-3,64,0.00504374,deuteronomy,sof_only,all
4,50,3-4-3-3,64,0.00504374,deuteronomy,sof_only,all
5,1,2-2-2-2-2,154,0.01213745,deuteronomy,sof_only,all
5,2,3-2-2-2-2,109,0.00859079,deuteronomy,sof_only,all
5,3,2-2-3-2-2,97,0.00764502,deuteronomy,sof_only,all
5,4,2-3-2-2-2,96,0.0075662,deuteronomy,sof_only,all
5,5,2-2-2-3-2,93,0.00732976,deuteronomy,sof_only,all
5,6,2-2-2-2-3,87,0.00685687,deuteronomy,sof_only,all
5,7,2-2-3-2-3,83,0.00654161,deuteronomy,sof_only,all
5,8,3-2-2-3-2,80,0.00630517,deuteronomy,sof_only,all
5,9,2-3-3-2-2,78,0.00614754,deuteronomy,sof_only,all
5,10,2-3-2-2-3,76,0.00598991,deuteronomy,sof_only,all
5,11,3-2-3-2-2,74,0.00583228,deuteronomy,sof_only,all
5,12,2-3-2-3-2,72,0.00567465,deuteronomy,sof_only,all
5,13,2-2-3-3-2,72,0.00567465,deuteronomy,sof_only,all
5,14,2-2-3-3-3,69,0.00543821,deuteronomy,sof_only,all
5,15,3-3-2-2-3,68,0.00535939,deuteronomy,sof_only,all
5,16,3-2-2-3-3,68,0.00535939,deuteronomy,sof_only,all
5,17,2-3-3-3-2,67,0.00528058,deuteronomy,sof_only,all
5,18,2-2-2-3-3,67,0.00528058,deuteronomy,sof_only,all
5,19,2-3-2-3-3,65,0.00512295,deuteronomy,sof_only,all
5,20,3-2-2-2-3,65,0.00512295,deuteronomy,sof_only,all
5,21,3-3-2-2-2,64,0.00504414,deuteronomy,sof_only,all
5,22,2-3-3-2-3,63,0.00496532,deuteronomy,sof_only,all
5,23,2-3-3-3-3,60,0.00472888,deuteronomy,sof_only,all
5,24,3-2-3-3-3,58,0.00457125,deuteronomy,sof_only,all
5,25,3-2-3-2-3,57,0.00449243,deuteronomy,sof_only,all
5,26,3-2-3-3-2,57,0.00449243,deuteronomy,sof_only,all
5,27,3-3-3-2-2,56,0.00441362,deuteronomy,sof_only,all
5,28,3-3-2-3-2,55,0.0043348,deuteronomy,sof_only,all
5,29,3-3-2-3-3,54,0.00425599,deuteronomy,sof_only,all
5,30,3-3-3-3-3,54,0.00425599,deuteronomy,sof_only,all
5,31,2-2-2-2-1,53,0.00417718,deuteronomy,sof_only,all
5,32,3-3-3-3-2,44,0.00346784,deuteronomy,sof_only,all
5,33,3-3-3-2-3,43,0.00338903,deuteronomy,sof_only,all
5,34,1-2-2-2-2,43,0.00338903,deuteronomy,sof_only,all
5,35,1-3-2-2-2,42,0.00331021,deuteronomy,sof_only,all
5,36,2-2-2-1-2,41,0.0032314,deuteronomy,sof_only,all
5,37,2-1-3-2-2,41,0.0032314,deuteronomy,sof_only,all
5,38,2-2-2-2-4,39,0.00307377,deuteronomy,sof_only,all
5,39,2-1-2-2-2,38,0.00299496,deuteronomy,sof_only,all
5,40,2-2-1-3-2,36,0.00283733,deuteronomy,sof_only,all
5,41,2-3-3-4-2,35,0.00275851,deuteronomy,sof_only,all
5,42,2-2-1-2-2,34,0.0026797,deuteronomy,sof_only,all
5,43,2-3-3-2-1,34,0.0026797,deuteronomy,sof_only,all
5,44,4-2-2-3-3,33,0.00260088,deuteronomy,sof_only,all
5,45,4-2-2-3-2,33,0.00260088,deuteronomy,sof_only,all
5,46,2-3-1-2-2,33,0.00260088,deuteronomy,sof_only,all
5,47,2-2-2-4-2,33,0.00260088,deuteronomy,sof_only,all
5,48,3-2-2-2-4,33,0.00260088,deuteronomy,sof_only,all
5,49,3-2-1-3-2,33,0.00260088,deuteronomy,sof_only,all
5,50,2-2-3-1-2,32,0.00252207,deuteronomy,sof_only,all
6,1,2-2-2-2-2-2,78,0.00614803,deuteronomy,sof_only,all
6,2,2-2-3-2-2-2,48,0.0037834,deuteronomy,sof_only,all
6,3,3-2-2-2-2-2,45,0.00354694,deuteronomy,sof_only,all
6,4,2-3-2-2-2-2,43,0.0033893,deuteronomy,sof_only,all
6,5,2-2-3-2-3-2,39,0.00307401,deuteronomy,sof_only,all
6,6,2-2-2-2-3-2,38,0.00299519,deuteronomy,sof_only,all
6,7,2-2-2-2-2-3,38,0.00299519,deuteronomy,sof_only,all
6,8,2-2-2-3-2-2,35,0.00275873,deuteronomy,sof_only,all
6,9,3-2-2-2-3-2,35,0.00275873,deuteronomy,sof_only,all
6,10,3-3-2-2-2-2,34,0.00267991,deuteronomy,sof_only,all
6,11,3-2-2-3-2-2,34,0.00267991,deuteronomy,sof_only,all
6,12,3-2-2-2-2-3,33,0.00260109,deuteronomy,sof_only,all
6,13,2-2-3-3-2-2,33,0.00260109,deuteronomy,sof_only,all
6,14,2-3-2-2-3-2,33,0.00260109,deuteronomy,sof_only,all
6,15,3-2-2-3-2-3,31,0.00244345,deuteronomy,sof_only,all
6,16,2-2-3-2-3-3,30,0.00236463,deuteronomy,sof_only,all
6,17,2-3-3-2-2-2,30,0.00236463,deuteronomy,sof_only,all
6,18,3-3-2-2-3-2,30,0.00236463,deuteronomy,sof_only,all
6,19,2-2-3-3-3-2,29,0.0022858,deuteronomy,sof_only,all
6,20,3-2-3-2-2-3,29,0.0022858,deuteronomy,sof_only,all
6,21,2-3-2-3-2-2,28,0.00220698,deuteronomy,sof_only,all
6,22,2-3-2-3-3-3,28,0.00220698,deuteronomy,sof_only,all
6,23,2-2-2-3-2-3,27,0.00212816,deuteronomy,sof_only,all
6,24,3-3-2-2-3-3,27,0.00212816,deuteronomy,sof_only,all
6,25,3-2-3-2-2-2,26,0.00204934,deuteronomy,sof_only,all
6,26,2-3-3-3-2-2,26,0.00204934,deuteronomy,sof_only,all
6,27,2-3-3-2-2-3,26,0.00204934,deuteronomy,sof_only,all
6,28,2-3-2-2-3-3,26,0.00204934,deuteronomy,sof_only,all
6,29,2-3-2-2-2-3,26,0.00204934,deuteronomy,sof_only,all
6,30,2-3-3-2-3-2,25,0.00197052,deuteronomy,sof_only,all
6,31,2-2-2-3-3-3,25,0.00197052,deuteronomy,sof_only,all
6,32,2-2-2-2-3-3,25,0.00197052,deuteronomy,sof_only,all
6,33,3-3-2-3-2-2,24,0.0018917,deuteronomy,sof_only,all
6,34,2-2-2-3-3-2,24,0.0018917,deuteronomy,sof_only,all
6,35,3-2-2-3-3-2,24,0.0018917,deuteronomy,sof_only,all
6,36,2-3-2-3-2-3,23,0.00181288,deuteronomy,sof_only,all
6,37,2-3-2-3-3-2,23,0.00181288,deuteronomy,sof_only,all
6,38,3-2-3-3-3-3,22,0.00173406,deuteronomy,sof_only,all
6,39,2-2-3-2-2-3,22,0.00173406,deuteronomy,sof_only,all
6,40,2-3-3-2-3-3,22,0.00173406,deuteronomy,sof_only,all
6,41,3-3-3-2-2-3,22,0.00173406,deuteronomy,sof_only,all
6,42,2-2-2-2-2-1,21,0.00165524,deuteronomy,sof_only,all
6,43,2-2-3-3-3-3,21,0.00165524,deuteronomy,sof_only,all
6,44,3-2-2-2-2-1,20,0.00157642,deuteronomy,sof_only,all
6,45,3-2-3-2-3-3,20,0.00157642,deuteronomy,sof_only,all
6,46,3-3-3-3-3-3,20,0.00157642,deuteronomy,sof_only,all
6,47,2-1-3-2-2-2,20,0.00157642,deuteronomy,sof_only,all
6,48,3-2-2-3-3-3,20,0.00157642,deuteronomy,sof_only,all
6,49,2-2-2-2-1-2,20,0.00157642,deuteronomy,sof_only,all
6,50,1-3-2-2-2-2,19,0.0014976,deuteronomy,sof_only,all
2,1,2-2,1663,0.15355494,deuteronomy,major,within
2,2,3-2,1353,0.12493075,deuteronomy,major,within
2,3,2-3,1312,0.12114497,deuteronomy,major,within
2,4,3-3,1229,0.11348107,deuteronomy,major,within
2,5,2-1,564,0.05207756,deuteronomy,major,within
2,6,4-2,487,0.04496768,deuteronomy,major,within
2,7,1-2,484,0.04469067,deuteronomy,major,within
2,8,2-4,463,0.04275162,deuteronomy,major,within
2,9,4-3,415,0.03831948,deuteronomy,major,within
2,10,3-4,413,0.03813481,deuteronomy,major,within
2,11,1-3,391,0.03610342,deuteronomy,major,within
2,12,3-1,381,0.03518006,deuteronomy,major,within
2,13,1-4,190,0.01754386,deuteronomy,major,within
2,14,4-1,156,0.01440443,deuteronomy,major,within
2,15,4-4,153,0.01412742,deuteronomy,major,within
2,16,5-2,152,0.01403509,deuteronomy,major,within
2,17,1-1,149,0.01375808,deuteronomy,major,within
2,18,2-5,136,0.01255771,deuteronomy,major,within
2,19,5-3,134,0.01237304,deuteronomy,major,within
2,20,3-5,112,0.01034164,deuteronomy,major,within
2,21,1-5,66,0.00609418,deuteronomy,major,within
2,22,5-1,46,0.00424746,deuteronomy,major,within
2,23,3-6,43,0.00397045,deuteronomy,major,within
2,24,6-3,43,0.00397045,deuteronomy,major,within
2,25,4-5,43,0.00397045,deuteronomy,major,within
2,26,6-2,36,0.0033241,deuteronomy,major,within
2,27,2-6,32,0.00295476,deuteronomy,major,within
2,28,5-4,32,0.00295476,deuteronomy,major,within
2,29,1-6,19,0.00175439,deuteronomy,major,within
2,30,5-5,19,0.00175439,deuteronomy,major,within
2,31,7-3,13,0.00120037,deuteronomy,major,within
2,32,7-2,12,0.00110803,deuteronomy,major,within
2,33,2-7,11,0.0010157,deuteronomy,major,within
2,34,6-4,10,0.00092336,deuteronomy,major,within
2,35,1-7,9,0.00083102,deuteronomy,major,within
2,36,6-1,9,0.00083102,deuteronomy,major,within
2,37,4-6,9,0.00083102,deuteronomy,major,within
2,38,6-5,9,0.00083102,deuteronomy,major,within
2,39,2-8,6,0.00055402,deuteronomy,major,within
2,40,3-7,4,0.00036934,deuteronomy,major,within
2,41,5-6,3,0.00027701,deuteronomy,major,within
2,42,3-8,3,0.00027701,deuteronomy,major,within
2,43,8-1,2,0.00018467,deuteronomy,major,within
2,44,8-4,2,0.00018467,deuteronomy,major,within
2,45,8-3,2,0.00018467,deuteronomy,major,within
2,46,8-5,2,0.00018467,deuteronomy,major,within
2,47,6-6,2,0.00018467,deuteronomy,major,within
2,48,4-7,2,0.00018467,deuteronomy,major,within
2,49,7-4,1,9.234e-05,deuteronomy,major,within
2,50,8-6,1,9.234e-05,deuteronomy,major,within
3,1,2-2-2,672,0.06205559,deuteronomy,major,within
3,2,3-2-2,537,0.04958907,deuteronomy,major,within
3,3,2-3-2,515,0.04755748,deuteronomy,major,within
3,4,2-2-3,513,0.0473728,deuteronomy,major,within
3,5,2-3-3,458,0.04229384,deuteronomy,major,within
3,6,3-3-2,451,0.04164743,deuteronomy,major,within
3,7,3-3-3,427,0.03943116,deuteronomy,major,within
3,8,3-2-3,421,0.03887709,deuteronomy,major,within
3,9,2-1-2,221,0.02040816,deuteronomy,major,within
3,10,2-2-1,219,0.02022347,deuteronomy,major,within
3,11,2-4-2,194,0.01791486,deuteronomy,major,within
3,12,1-2-2,192,0.01773017,deuteronomy,major,within
3,13,2-2-4,191,0.01763782,deuteronomy,major,within
3,14,4-2-2,187,0.01726845,deuteronomy,major,within
3,15,3-2-1,186,0.0171761,deuteronomy,major,within
3,16,1-3-2,180,0.01662203,deuteronomy,major,within
3,17,2-1-3,167,0.01542155,deuteronomy,major,within
3,18,3-3-4,162,0.01495983,deuteronomy,major,within
3,19,4-2-3,161,0.01486749,deuteronomy,major,within
3,20,4-3-3,154,0.01422107,deuteronomy,major,within
3,21,2-4-3,153,0.01412873,deuteronomy,major,within
3,22,2-3-1,150,0.01385169,deuteronomy,major,within
3,23,3-4-2,150,0.01385169,deuteronomy,major,within
3,24,1-2-3,147,0.01357466,deuteronomy,major,within
3,25,3-1-2,145,0.01338997,deuteronomy,major,within
3,26,2-3-4,143,0.01320528,deuteronomy,major,within
3,27,4-3-2,142,0.01311294,deuteronomy,major,within
3,28,3-2-4,139,0.0128359,deuteronomy,major,within
3,29,3-4-3,139,0.0128359,deuteronomy,major,within
3,30,3-3-1,123,0.01135839,deuteronomy,major,within
3,31,1-3-3,117,0.01080432,deuteronomy,major,within
3,32,3-1-3,115,0.01061963,deuteronomy,major,within
3,33,2-1-4,83,0.0076646,deuteronomy,major,within
3,34,1-2-1,73,0.00674116,deuteronomy,major,within
3,35,4-2-1,72,0.00664881,deuteronomy,major,within
3,36,1-4-2,66,0.00609475,deuteronomy,major,within
3,37,2-1-1,63,0.00581771,deuteronomy,major,within
3,38,1-4-3,62,0.00572537,deuteronomy,major,within
3,39,3-4-4,61,0.00563302,deuteronomy,major,within
3,40,4-4-2,58,0.00535599,deuteronomy,major,within
3,41,1-2-4,58,0.00535599,deuteronomy,major,within
3,42,3-2-5,57,0.00526364,deuteronomy,major,within
3,43,5-2-2,56,0.0051713,deuteronomy,major,within
3,44,4-1-2,55,0.00507895,deuteronomy,major,within
3,45,4-3-4,55,0.00507895,deuteronomy,major,within
3,46,3-1-4,55,0.00507895,deuteronomy,major,within
3,47,5-3-2,54,0.00498661,deuteronomy,major,within
3,48,2-4-1,53,0.00489427,deuteronomy,major,within
3,49,5-2-3,53,0.00489427,deuteronomy,major,within
3,50,3-3-5,53,0.00489427,deuteronomy,major,within
4,1,2-2-2-2,291,0.02687477,deuteronomy,major,within
4,2,3-2-2-2,216,0.01994828,deuteronomy,major,within
4,3,2-3-2-2,208,0.01920946,deuteronomy,major,within
4,4,2-2-3-2,203,0.01874769,deuteronomy,major,within
4,5,2-2-2-3,192,0.01773181,deuteronomy,major,within
4,6,2-2-3-3,183,0.01690063,deuteronomy,major,within
4,7,3-3-2-2,176,0.01625416,deuteronomy,major,within
4,8,3-2-2-3,174,0.01606945,deuteronomy,major,within
4,9,2-3-3-2,173,0.0159771,deuteronomy,major,within
4,10,3-2-3-2,169,0.01560768,deuteronomy,major,within
4,11,2-3-3-3,165,0.01523827,deuteronomy,major,within
4,12,2-3-2-3,163,0.01505356,deuteronomy,major,within
4,13,3-3-3-2,163,0.01505356,deuteronomy,major,within
4,14,3-3-2-3,145,0.01339121,deuteronomy,major,within
4,15,3-2-3-3,143,0.0132065,deuteronomy,major,within
4,16,3-3-3-3,137,0.01265238,deuteronomy,major,within
4,17,2-1-2-2,92,0.00849649,deuteronomy,major,within
4,18,2-1-3-2,91,0.00840414,deuteronomy,major,within
4,19,2-2-2-1,86,0.00794237,deuteronomy,major,within
4,20,2-2-1-2,85,0.00785002,deuteronomy,major,within
4,21,1-3-2-2,83,0.00766531,deuteronomy,major,within
4,22,2-2-2-4,78,0.00720355,deuteronomy,major,within
4,23,3-2-1-2,78,0.00720355,deuteronomy,major,within
4,24,1-2-2-2,78,0.00720355,deuteronomy,major,within
4,25,2-4-2-2,76,0.00701884,deuteronomy,major,within
4,26,2-2-4-2,71,0.00655707,deuteronomy,major,within
4,27,2-2-4-3,69,0.00637237,deuteronomy,major,within
4,28,2-3-2-1,68,0.00628001,deuteronomy,major,within
4,29,4-2-2-3,67,0.00618766,deuteronomy,major,within
4,30,2-2-1-3,66,0.00609531,deuteronomy,major,within
4,31,3-2-2-4,65,0.00600296,deuteronomy,major,within
4,32,2-4-2-3,64,0.0059106,deuteronomy,major,within
4,33,2-4-3-2,63,0.00581825,deuteronomy,major,within
4,34,2-3-3-4,62,0.0057259,deuteronomy,major,within
4,35,1-2-3-2,61,0.00563354,deuteronomy,major,within
4,36,3-2-4-2,60,0.00554119,deuteronomy,major,within
4,37,3-2-2-1,60,0.00554119,deuteronomy,major,within
4,38,2-1-2-3,60,0.00554119,deuteronomy,major,within
4,39,4-2-2-2,59,0.00544884,deuteronomy,major,within
4,40,2-3-1-2,59,0.00544884,deuteronomy,major,within
4,41,3-3-2-1,59,0.00544884,deuteronomy,major,within
4,42,3-3-4-3,58,0.00535648,deuteronomy,major,within
4,43,3-3-3-4,58,0.00535648,deuteronomy,major,within
4,44,3-3-4-2,58,0.00535648,deuteronomy,major,within
4,45,4-2-3-2,57,0.00526413,deuteronomy,major,within
4,46,2-2-3-1,57,0.00526413,deuteronomy,major,within
4,47,3-1-2-2,55,0.00507942,deuteronomy,major,within
4,48,4-2-3-3,55,0.00507942,deuteronomy,major,within
4,49,1-2-2-3,54,0.00498707,deuteronomy,major,within
4,50,4-3-3-3,54,0.00498707,deuteronomy,major,within
5,1,2-2-2-2-2,132,0.01219174,deuteronomy,major,within
5,2,3-2-2-2-2,97,0.00895908,deuteronomy,major,within
5,3,2-2-3-2-2,78,0.00720421,deuteronomy,major,within
5,4,2-3-2-2-2,78,0.00720421,deuteronomy,major,within
5,5,2-2-2-3-2,77,0.00711185,deuteronomy,major,within
5,6,2-2-2-2-3,75,0.00692713,deuteronomy,major,within
5,7,2-2-3-3-2,72,0.00665004,deuteronomy,major,within
5,8,3-2-2-3-2,71,0.00655768,deuteronomy,major,within
5,9,2-3-3-2-2,71,0.00655768,deuteronomy,major,within
5,10,2-3-3-3-2,70,0.00646532,deuteronomy,major,within
5,11,3-2-2-2-3,68,0.00628059,deuteronomy,major,within
5,12,2-3-2-3-2,66,0.00609587,deuteronomy,major,within
5,13,2-2-2-3-3,65,0.00600351,deuteronomy,major,within
5,14,3-2-3-2-2,65,0.00600351,deuteronomy,major,within
5,15,2-3-2-2-3,65,0.00600351,deuteronomy,major,within
5,16,3-3-2-2-2,64,0.00591115,deuteronomy,major,within
5,17,2-3-2-3-3,64,0.00591115,deuteronomy,major,within
5,18,3-3-2-2-3,64,0.00591115,deuteronomy,major,within
5,19,2-2-3-3-3,63,0.00581879,deuteronomy,major,within
5,20,2-2-3-2-3,61,0.00563406,deuteronomy,major,within
5,21,3-2-2-3-3,59,0.00544934,deuteronomy,major,within
5,22,3-2-3-2-3,57,0.00526462,deuteronomy,major,within
5,23,2-3-3-2-3,57,0.00526462,deuteronomy,major,within
5,24,3-2-3-3-3,55,0.00507989,deuteronomy,major,within
5,25,3-3-3-2-3,54,0.00498753,deuteronomy,major,within
5,26,3-3-3-2-2,54,0.00498753,deuteronomy,major,within
5,27,3-3-2-3-2,53,0.00489517,deuteronomy,major,within
5,28,2-3-3-3-3,52,0.00480281,deuteronomy,major,within
5,29,3-3-3-3-3,49,0.00452572,deuteronomy,major,within
5,30,3-3-3-3-2,47,0.004341,deuteronomy,major,within
5,31,3-2-3-3-2,47,0.004341,deuteronomy,major,within
5,32,3-3-2-3-3,46,0.00424864,deuteronomy,major,within
5,33,2-2-2-2-1,42,0.00387919,deuteronomy,major,within
5,34,2-1-3-2-2,42,0.00387919,deuteronomy,major,within
5,35,1-3-2-2-2,42,0.00387919,deuteronomy,major,within
5,36,2-2-1-2-2,39,0.00360211,deuteronomy,major,within
5,37,2-1-2-2-2,38,0.00350974,deuteronomy,major,within
5,38,1-2-2-2-2,36,0.00332502,deuteronomy,major,within
5,39,2-2-2-1-2,35,0.00323266,deuteronomy,major,within
5,40,2-2-2-2-4,35,0.00323266,deuteronomy,major,within
5,41,2-2-1-3-2,34,0.0031403,deuteronomy,major,within
5,42,3-2-1-3-2,34,0.0031403,deuteronomy,major,within
5,43,2-1-3-2-3,31,0.00286321,deuteronomy,major,within
5,44,4-2-2-3-3,30,0.00277085,deuteronomy,major,within
5,45,2-2-2-4-3,30,0.00277085,deuteronomy,major,within
5,46,2-1-2-3-2,29,0.00267849,deuteronomy,major,within
5,47,2-4-2-2-2,28,0.00258613,deuteronomy,major,within
5,48,3-1-3-2-2,28,0.00258613,deuteronomy,major,within
5,49,2-2-3-2-1,28,0.00258613,deuteronomy,major,within
5,50,2-3-2-1-2,28,0.00258613,deuteronomy,major,within
6,1,2-2-2-2-2-2,68,0.00628117,deuteronomy,major,within
6,2,3-2-2-2-2-2,42,0.00387955,deuteronomy,major,within
6,3,2-3-2-2-2-2,39,0.00360244,deuteronomy,major,within
6,4,3-3-2-2-2-2,36,0.00332533,deuteronomy,major,within
6,5,2-2-3-2-2-2,34,0.00314059,deuteronomy,major,within
6,6,3-2-2-2-2-3,32,0.00295585,deuteronomy,major,within
6,7,2-2-3-3-2-2,32,0.00295585,deuteronomy,major,within
6,8,2-3-2-2-3-2,31,0.00286348,deuteronomy,major,within
6,9,2-2-3-2-3-3,29,0.00267874,deuteronomy,major,within
6,10,2-2-2-2-2-3,29,0.00267874,deuteronomy,major,within
6,11,2-2-3-3-3-2,29,0.00267874,deuteronomy,major,within
6,12,2-3-2-2-2-3,29,0.00267874,deuteronomy,major,within
6,13,2-2-2-3-2-2,29,0.00267874,deuteronomy,major,within
6,14,2-2-2-2-3-2,28,0.00258637,deuteronomy,major,within
6,15,3-2-2-2-3-2,28,0.00258637,deuteronomy,major,within
6,16,3-2-2-3-2-2,27,0.002494,deuteronomy,major,within
6,17,2-2-2-3-3-2,27,0.002494,deuteronomy,major,within
6,18,2-3-2-3-3-3,27,0.002494,deuteronomy,major,within
6,19,2-2-2-3-2-3,26,0.00240163,deuteronomy,major,within
6,20,2-3-3-2-2-2,26,0.00240163,deuteronomy,major,within
6,21,2-3-3-3-2-2,26,0.00240163,deuteronomy,major,within
6,22,3-3-3-2-2-3,26,0.00240163,deuteronomy,major,within
6,23,3-2-2-3-3-2,26,0.00240163,deuteronomy,major,within
6,24,2-2-2-3-3-3,25,0.00230926,deuteronomy,major,within
6,25,3-2-3-2-2-3,25,0.00230926,deuteronomy,major,within
6,26,2-3-2-3-2-3,24,0.00221689,deuteronomy,major,within
6,27,3-3-2-2-3-2,24,0.00221689,deuteronomy,major,within
6,28,2-2-2-2-3-3,24,0.00221689,deuteronomy,major,within
6,29,2-3-2-2-3-3,23,0.00212452,deuteronomy,major,within
6,30,2-1-3-2-2-2,22,0.00203214,deuteronomy,major,within
6,31,3-2-3-2-3-2,22,0.00203214,deuteronomy,major,within
6,32,2-3-2-3-2-2,22,0.00203214,deuteronomy,major,within
6,33,3-2-3-2-2-2,22,0.00203214,deuteronomy,major,within
6,34,2-2-3-3-2-3,22,0.00203214,deuteronomy,major,within
6,35,2-2-3-2-3-2,22,0.00203214,deuteronomy,major,within
6,36,2-3-3-2-3-2,22,0.00203214,deuteronomy,major,within
6,37,2-3-3-3-2-3,21,0.00193977,deuteronomy,major,within
6,38,3-2-3-2-3-3,21,0.00193977,deuteronomy,major,within
6,39,3-3-3-3-2-3,21,0.00193977,deuteronomy,major,within
6,40,2-3-3-2-2-3,21,0.00193977,deuteronomy,major,within
6,41,2-2-3-2-2-3,21,0.00193977,deuteronomy,major,within
6,42,3-2-3-3-3-3,21,0.00193977,deuteronomy,major,within
6,43,3-3-2-3-3-2,20,0.0018474,deuteronomy,major,within
6,44,3-2-2-3-2-3,20,0.0018474,deuteronomy,major,within
6,45,3-2-2-2-3-3,20,0.0018474,deuteronomy,major,within
6,46,3-3-2-2-3-3,20,0.0018474,deuteronomy,major,within
6,47,2-1-2-2-2-2,20,0.0018474,deuteronomy,major,within
6,48,3-2-1-3-2-2,19,0.00175503,deuteronomy,major,within
6,49,3-2-3-3-3-2,19,0.00175503,deuteronomy,major,within
6,50,3-3-2-3-2-3,19,0.00175503,deuteronomy,major,within
2,1,2-2,214,0.11505376,deuteronomy,major,cross_reset
2,2,3-2,187,0.10053763,deuteronomy,major,cross_reset
2,3,2-3,186,0.1,deuteronomy,major,cross_reset
2,4,3-3,158,0.08494624,deuteronomy,major,cross_reset
2,5,2-1,113,0.06075269,deuteronomy,major,cross_reset
2,6,1-2,104,0.05591398,deuteronomy,major,cross_reset
2,7,3-1,95,0.05107527,deuteronomy,major,cross_reset
2,8,1-3,89,0.04784946,deuteronomy,major,cross_reset
2,9,4-3,88,0.04731183,deuteronomy,major,cross_reset
2,10,4-2,84,0.04516129,deuteronomy,major,cross_reset
2,11,2-4,81,0.04354839,deuteronomy,major,cross_reset
2,12,3-4,79,0.04247312,deuteronomy,major,cross_reset
2,13,1-1,77,0.04139785,deuteronomy,major,cross_reset
2,14,1-4,44,0.02365591,deuteronomy,major,cross_reset
2,15,4-4,42,0.02258065,deuteronomy,major,cross_reset
2,16,4-1,34,0.01827957,deuteronomy,major,cross_reset
2,17,5-2,26,0.01397849,deuteronomy,major,cross_reset
2,18,4-5,20,0.01075269,deuteronomy,major,cross_reset
2,19,3-5,19,0.01021505,deuteronomy,major,cross_reset
2,20,2-5,19,0.01021505,deuteronomy,major,cross_reset
2,21,5-4,19,0.01021505,deuteronomy,major,cross_reset
2,22,5-3,18,0.00967742,deuteronomy,major,cross_reset
2,23,1-5,15,0.00806452,deuteronomy,major,cross_reset
2,24,5-1,9,0.00483871,deuteronomy,major,cross_reset
2,25,6-4,6,0.00322581,deuteronomy,major,cross_reset
2,26,2-6,6,0.00322581,deuteronomy,major,cross_reset
2,27,6-2,5,0.00268817,deuteronomy,major,cross_reset
2,28,3-6,4,0.00215054,deuteronomy,major,cross_reset
2,29,6-3,3,0.0016129,deuteronomy,major,cross_reset
2,30,4-6,3,0.0016129,deuteronomy,major,cross_reset
2,31,1-6,2,0.00107527,deuteronomy,major,cross_reset
2,32,6-1,2,0.00107527,deuteronomy,major,cross_reset
2,33,7-1,2,0.00107527,deuteronomy,major,cross_reset
2,34,5-5,2,0.00107527,deuteronomy,major,cross_reset
2,35,1-7,1,0.00053763,deuteronomy,major,cross_reset
2,36,2-7,1,0.00053763,deuteronomy,major,cross_reset
2,37,7-2,1,0.00053763,deuteronomy,major,cross_reset
2,38,3-7,1,0.00053763,deuteronomy,major,cross_reset
2,39,5-6,1,0.00053763,deuteronomy,major,cross_reset
3,1,2-2-2,77,0.04142012,deuteronomy,major,cross_reset
3,2,2-2-3,73,0.03926842,deuteronomy,major,cross_reset
3,3,2-3-2,70,0.03765465,deuteronomy,major,cross_reset
3,4,2-3-3,57,0.03066165,deuteronomy,major,cross_reset
3,5,3-2-3,55,0.0295858,deuteronomy,major,cross_reset
3,6,3-2-2,55,0.0295858,deuteronomy,major,cross_reset
3,7,3-3-3,49,0.02635826,deuteronomy,major,cross_reset
3,8,3-3-2,46,0.02474449,deuteronomy,major,cross_reset
3,9,1-2-2,40,0.02151694,deuteronomy,major,cross_reset
3,10,3-2-1,39,0.02097902,deuteronomy,major,cross_reset
3,11,2-1-2,36,0.01936525,deuteronomy,major,cross_reset
3,12,2-3-1,33,0.01775148,deuteronomy,major,cross_reset
3,13,2-1-3,32,0.01721356,deuteronomy,major,cross_reset
3,14,2-2-1,32,0.01721356,deuteronomy,major,cross_reset
3,15,1-3-2,32,0.01721356,deuteronomy,major,cross_reset
3,16,3-3-4,31,0.01667563,deuteronomy,major,cross_reset
3,17,2-4-3,30,0.01613771,deuteronomy,major,cross_reset
3,18,2-4-2,30,0.01613771,deuteronomy,major,cross_reset
3,19,3-2-4,29,0.01559978,deuteronomy,major,cross_reset
3,20,4-3-3,29,0.01559978,deuteronomy,major,cross_reset
3,21,4-3-2,29,0.01559978,deuteronomy,major,cross_reset
3,22,1-1-2,28,0.01506186,deuteronomy,major,cross_reset
3,23,3-1-2,28,0.01506186,deuteronomy,major,cross_reset
3,24,4-2-2,28,0.01506186,deuteronomy,major,cross_reset
3,25,1-2-3,26,0.01398601,deuteronomy,major,cross_reset
3,26,4-2-3,26,0.01398601,deuteronomy,major,cross_reset
3,27,3-1-1,25,0.01344809,deuteronomy,major,cross_reset
3,28,3-3-1,24,0.01291017,deuteronomy,major,cross_reset
3,29,3-4-2,24,0.01291017,deuteronomy,major,cross_reset
3,30,2-2-4,24,0.01291017,deuteronomy,major,cross_reset
3,31,2-1-1,23,0.01237224,deuteronomy,major,cross_reset
3,32,3-1-3,23,0.01237224,deuteronomy,major,cross_reset
3,33,3-4-3,23,0.01237224,deuteronomy,major,cross_reset
3,34,1-2-1,23,0.01237224,deuteronomy,major,cross_reset
3,35,1-1-1,21,0.0112964,deuteronomy,major,cross_reset
3,36,1-3-1,21,0.0112964,deuteronomy,major,cross_reset
3,37,1-4-3,19,0.01022055,deuteronomy,major,cross_reset
3,38,2-3-4,19,0.01022055,deuteronomy,major,cross_reset
3,39,1-3-3,18,0.00968263,deuteronomy,major,cross_reset
3,40,1-1-3,17,0.0091447,deuteronomy,major,cross_reset
3,41,2-1-4,16,0.00860678,deuteronomy,major,cross_reset
3,42,3-4-4,16,0.00860678,deuteronomy,major,cross_reset
3,43,4-3-1,15,0.00806885,deuteronomy,major,cross_reset
3,44,1-3-4,13,0.00699301,deuteronomy,major,cross_reset
3,45,4-2-1,13,0.00699301,deuteronomy,major,cross_reset
3,46,4-2-4,13,0.00699301,deuteronomy,major,cross_reset
3,47,1-2-4,13,0.00699301,deuteronomy,major,cross_reset
3,48,3-1-4,13,0.00699301,deuteronomy,major,cross_reset
3,49,4-1-3,12,0.00645508,deuteronomy,major,cross_reset
3,50,4-3-4,12,0.00645508,deuteronomy,major,cross_reset
4,1,2-2-2-3,29,0.01560818,deuteronomy,major,cross_reset
4,2,2-2-3-2,26,0.01399354,deuteronomy,major,cross_reset
4,3,2-2-2-2,26,0.01399354,deuteronomy,major,cross_reset
4,4,2-3-2-3,23,0.0123789,deuteronomy,major,cross_reset
4,5,2-2-3-3,22,0.01184069,deuteronomy,major,cross_reset
4,6,3-3-3-3,22,0.01184069,deuteronomy,major,cross_reset
4,7,2-3-3-2,21,0.01130248,deuteronomy,major,cross_reset
4,8,3-2-2-2,21,0.01130248,deuteronomy,major,cross_reset
4,9,2-3-2-2,21,0.01130248,deuteronomy,major,cross_reset
4,10,3-2-3-3,19,0.01022605,deuteronomy,major,cross_reset
4,11,3-2-3-2,19,0.01022605,deuteronomy,major,cross_reset
4,12,3-2-2-3,17,0.00914962,deuteronomy,major,cross_reset
4,13,1-2-2-2,16,0.00861141,deuteronomy,major,cross_reset
4,14,2-3-2-1,16,0.00861141,deuteronomy,major,cross_reset
4,15,3-2-1-2,16,0.00861141,deuteronomy,major,cross_reset
4,16,2-1-1-2,15,0.0080732,deuteronomy,major,cross_reset
4,17,2-3-3-3,15,0.0080732,deuteronomy,major,cross_reset
4,18,3-3-2-2,15,0.0080732,deuteronomy,major,cross_reset
4,19,3-3-2-1,14,0.00753498,deuteronomy,major,cross_reset
4,20,1-2-2-3,14,0.00753498,deuteronomy,major,cross_reset
4,21,2-2-3-1,14,0.00753498,deuteronomy,major,cross_reset
4,22,3-2-3-1,14,0.00753498,deuteronomy,major,cross_reset
4,23,1-1-2-2,13,0.00699677,deuteronomy,major,cross_reset
4,24,3-1-2-2,13,0.00699677,deuteronomy,major,cross_reset
4,25,2-2-2-1,13,0.00699677,deuteronomy,major,cross_reset
4,26,3-1-1-1,12,0.00645856,deuteronomy,major,cross_reset
4,27,2-4-3-3,12,0.00645856,deuteronomy,major,cross_reset
4,28,3-4-2-2,12,0.00645856,deuteronomy,major,cross_reset
4,29,2-1-2-3,12,0.00645856,deuteronomy,major,cross_reset
4,30,3-2-4-3,11,0.00592034,deuteronomy,major,cross_reset
4,31,1-2-3-2,11,0.00592034,deuteronomy,major,cross_reset
4,32,1-3-2-3,11,0.00592034,deuteronomy,major,cross_reset
4,33,2-1-3-1,11,0.00592034,deuteronomy,major,cross_reset
4,34,1-2-1-2,11,0.00592034,deuteronomy,major,cross_reset
4,35,2-2-4-3,11,0.00592034,deuteronomy,major,cross_reset
4,36,2-4-2-3,11,0.00592034,deuteronomy,major,cross_reset
4,37,4-2-3-2,11,0.00592034,deuteronomy,major,cross_reset
4,38,3-2-1-3,10,0.00538213,deuteronomy,major,cross_reset
4,39,4-2-2-2,10,0.00538213,deuteronomy,major,cross_reset
4,40,3-3-3-4,10,0.00538213,deuteronomy,major,cross_reset
4,41,3-3-4-2,10,0.00538213,deuteronomy,major,cross_reset
4,42,2-3-3-4,10,0.00538213,deuteronomy,major,cross_reset
4,43,2-1-2-1,10,0.00538213,deuteronomy,major,cross_reset
4,44,2-2-1-3,10,0.00538213,deuteronomy,major,cross_reset
4,45,2-1-2-2,10,0.00538213,deuteronomy,major,cross_reset
4,46,4-3-3-3,10,0.00538213,deuteronomy,major,cross_reset
4,47,3-3-3-2,9,0.00484392,deuteronomy,major,cross_reset
4,48,4-3-2-4,9,0.00484392,deuteronomy,major,cross_reset
4,49,3-4-3-3,9,0.00484392,deuteronomy,major,cross_reset
4,50,1-2-3-3,9,0.00484392,deuteronomy,major,cross_reset
5,1,2-3-2-3-2,13,0.00700054,deuteronomy,major,cross_reset
5,2,2-2-3-2-3,12,0.00646204,deuteronomy,major,cross_reset
5,3,2-2-2-3-3,11,0.00592353,deuteronomy,major,cross_reset
5,4,2-2-2-2-2,10,0.00538503,deuteronomy,major,cross_reset
5,5,2-1-1-2-2,9,0.00484653,deuteronomy,major,cross_reset
5,6,2-3-3-3-3,9,0.00484653,deuteronomy,major,cross_reset
5,7,2-2-2-3-2,9,0.00484653,deuteronomy,major,cross_reset
5,8,3-2-3-3-2,9,0.00484653,deuteronomy,major,cross_reset
5,9,2-2-2-2-3,9,0.00484653,deuteronomy,major,cross_reset
5,10,2-2-3-3-3,8,0.00430802,deuteronomy,major,cross_reset
5,11,3-3-3-3-3,8,0.00430802,deuteronomy,major,cross_reset
5,12,1-2-2-3-2,8,0.00430802,deuteronomy,major,cross_reset
5,13,3-2-2-3-3,8,0.00430802,deuteronomy,major,cross_reset
5,14,2-3-2-2-2,8,0.00430802,deuteronomy,major,cross_reset
5,15,2-3-3-2-1,8,0.00430802,deuteronomy,major,cross_reset
5,16,3-2-3-2-1,8,0.00430802,deuteronomy,major,cross_reset
5,17,2-1-2-3-2,7,0.00376952,deuteronomy,major,cross_reset
5,18,3-3-2-2-2,7,0.00376952,deuteronomy,major,cross_reset
5,19,3-2-2-2-3,7,0.00376952,deuteronomy,major,cross_reset
5,20,3-2-1-2-1,7,0.00376952,deuteronomy,major,cross_reset
5,21,3-2-2-2-2,7,0.00376952,deuteronomy,major,cross_reset
5,22,3-2-4-3-3,6,0.00323102,deuteronomy,major,cross_reset
5,23,1-2-2-2-3,6,0.00323102,deuteronomy,major,cross_reset
5,24,3-3-3-3-4,6,0.00323102,deuteronomy,major,cross_reset
5,25,2-3-3-2-2,6,0.00323102,deuteronomy,major,cross_reset
5,26,3-1-2-2-3,6,0.00323102,deuteronomy,major,cross_reset
5,27,2-3-2-1-2,6,0.00323102,deuteronomy,major,cross_reset
5,28,2-1-2-2-2,6,0.00323102,deuteronomy,major,cross_reset
5,29,4-3-2-4-3,6,0.00323102,deuteronomy,major,cross_reset
5,30,2-3-2-2-3,6,0.00323102,deuteronomy,major,cross_reset
5,31,2-2-3-3-2,6,0.00323102,deuteronomy,major,cross_reset
5,32,3-2-1-1-2,5,0.00269251,deuteronomy,major,cross_reset
5,33,3-3-3-3-2,5,0.00269251,deuteronomy,major,cross_reset
5,34,3-1-2-2-2,5,0.00269251,deuteronomy,major,cross_reset
5,35,2-2-3-2-1,5,0.00269251,deuteronomy,major,cross_reset
5,36,4-2-2-2-3,5,0.00269251,deuteronomy,major,cross_reset
5,37,3-3-4-2-2,5,0.00269251,deuteronomy,major,cross_reset
5,38,2-3-2-3-3,5,0.00269251,deuteronomy,major,cross_reset
5,39,1-3-2-3-3,5,0.00269251,deuteronomy,major,cross_reset
5,40,1-3-1-1-1,5,0.00269251,deuteronomy,major,cross_reset
5,41,1-3-2-1-2,5,0.00269251,deuteronomy,major,cross_reset
5,42,2-1-2-1-2,5,0.00269251,deuteronomy,major,cross_reset
5,43,1-2-1-2-3,5,0.00269251,deuteronomy,major,cross_reset
5,44,1-2-3-3-2,5,0.00269251,deuteronomy,major,cross_reset
5,45,2-2-4-3-3,5,0.00269251,deuteronomy,major,cross_reset
5,46,2-2-2-3-1,5,0.00269251,deuteronomy,major,cross_reset
5,47,2-3-3-2-3,5,0.00269251,deuteronomy,major,cross_reset
5,48,2-2-2-1-3,5,0.00269251,deuteronomy,major,cross_reset
5,49,2-3-1-4-3,5,0.00269251,deuteronomy,major,cross_reset
5,50,2-2-3-1-2,5,0.00269251,deuteronomy,major,cross_reset
6,1,2-2-3-3-3-3,6,0.00323276,deuteronomy,major,cross_reset
6,2,2-2-3-2-3-2,6,0.00323276,deuteronomy,major,cross_reset
6,3,2-2-2-3-2-3,5,0.00269397,deuteronomy,major,cross_reset
6,4,3-1-2-2-3-2,5,0.00269397,deuteronomy,major,cross_reset
6,5,1-2-2-3-2-3,5,0.00269397,deuteronomy,major,cross_reset
6,6,2-2-2-2-3-3,5,0.00269397,deuteronomy,major,cross_reset
6,7,2-2-2-2-2-2,5,0.00269397,deuteronomy,major,cross_reset
6,8,1-3-2-3-3-2,4,0.00215517,deuteronomy,major,cross_reset
6,9,2-3-3-2-2-2,4,0.00215517,deuteronomy,major,cross_reset
6,10,3-2-2-2-3-2,4,0.00215517,deuteronomy,major,cross_reset
6,11,3-2-3-3-2-3,4,0.00215517,deuteronomy,major,cross_reset
6,12,2-2-3-2-3-3,4,0.00215517,deuteronomy,major,cross_reset
6,13,3-2-2-3-3-3,4,0.00215517,deuteronomy,major,cross_reset
6,14,2-3-2-3-2-2,4,0.00215517,deuteronomy,major,cross_reset
6,15,3-2-3-1-4-3,4,0.00215517,deuteronomy,major,cross_reset
6,16,4-3-2-4-3-3,4,0.00215517,deuteronomy,major,cross_reset
6,17,2-3-2-3-2-1,4,0.00215517,deuteronomy,major,cross_reset
6,18,3-2-3-2-1-2,4,0.00215517,deuteronomy,major,cross_reset
6,19,2-3-2-2-3-3,4,0.00215517,deuteronomy,major,cross_reset
6,20,3-2-3-2-3-2,4,0.00215517,deuteronomy,major,cross_reset
6,21,2-3-2-3-2-3,4,0.00215517,deuteronomy,major,cross_reset
6,22,2-3-3-2-1-2,4,0.00215517,deuteronomy,major,cross_reset
6,23,2-2-2-3-3-2,4,0.00215517,deuteronomy,major,cross_reset
6,24,2-1-1-2-2-3,3,0.00161638,deuteronomy,major,cross_reset
6,25,3-3-1-2-2-2,3,0.00161638,deuteronomy,major,cross_reset
6,26,3-1-2-2-2-3,3,0.00161638,deuteronomy,major,cross_reset
6,27,1-2-2-2-3-2,3,0.00161638,deuteronomy,major,cross_reset
6,28,3-4-2-2-2-3,3,0.00161638,deuteronomy,major,cross_reset
6,29,4-2-2-2-3-4,3,0.00161638,deuteronomy,major,cross_reset
6,30,1-1-1-2-3-3,3,0.00161638,deuteronomy,major,cross_reset
6,31,2-3-3-3-3-4,3,0.00161638,deuteronomy,major,cross_reset
6,32,3-3-3-3-4-2,3,0.00161638,deuteronomy,major,cross_reset
6,33,2-2-1-2-3-2,3,0.00161638,deuteronomy,major,cross_reset
6,34,2-1-2-3-2-3,3,0.00161638,deuteronomy,major,cross_reset
6,35,2-1-3-1-1-1,3,0.00161638,deuteronomy,major,cross_reset
6,36,3-2-1-2-1-2,3,0.00161638,deuteronomy,major,cross_reset
6,37,1-2-3-3-2-2,3,0.00161638,deuteronomy,major,cross_reset
6,38,2-3-2-1-2-1,3,0.00161638,deuteronomy,major,cross_reset
6,39,1-2-1-1-2-2,3,0.00161638,deuteronomy,major,cross_reset
6,40,3-2-2-2-1-3,3,0.00161638,deuteronomy,major,cross_reset
6,41,2-2-3-2-1-3,3,0.00161638,deuteronomy,major,cross_reset
6,42,2-1-3-4-4-2,3,0.00161638,deuteronomy,major,cross_reset
6,43,2-4-2-2-2-1,3,0.00161638,deuteronomy,major,cross_reset
6,44,2-2-1-1-2-2,3,0.00161638,deuteronomy,major,cross_reset
6,45,2-1-1-2-2-4,3,0.00161638,deuteronomy,major,cross_reset
6,46,4-3-2-3-1-4,3,0.00161638,deuteronomy,major,cross_reset
6,47,2-2-2-3-3-4,3,0.00161638,deuteronomy,major,cross_reset
6,48,3-2-3-2-1-1,3,0.00161638,deuteronomy,major,cross_reset
6,49,2-3-2-1-1-2,3,0.00161638,deuteronomy,major,cross_reset
6,50,1-2-2-2-2-2,3,0.00161638,deuteronomy,major,cross_reset
2,1,2-2,1901,0.14979119,deuteronomy,major,all
2,2,3-2,1504,0.11850918,deuteronomy,major,all
2,3,2-3,1490,0.11740604,deuteronomy,major,all
2,4,3-3,1413,0.11133874,deuteronomy,major,all
2,5,2-1,667,0.05255693,deuteronomy,major,all
2,6,1-2,603,0.04751399,deuteronomy,major,all
2,7,4-2,578,0.04554409,deuteronomy,major,all
2,8,2-4,546,0.04302261,deuteronomy,major,all
2,9,4-3,498,0.03924041,deuteronomy,major,all
2,10,3-4,498,0.03924041,deuteronomy,major,all
2,11,3-1,481,0.03790087,deuteronomy,major,all
2,12,1-3,463,0.03648255,deuteronomy,major,all
2,13,1-4,228,0.01796549,deuteronomy,major,all
2,14,1-1,215,0.01694114,deuteronomy,major,all
2,15,4-4,201,0.015838,deuteronomy,major,all
2,16,4-1,200,0.0157592,deuteronomy,major,all
2,17,5-2,165,0.01300134,deuteronomy,major,all
2,18,5-3,160,0.01260736,deuteronomy,major,all
2,19,2-5,147,0.01158301,deuteronomy,major,all
2,20,3-5,136,0.01071626,deuteronomy,major,all
2,21,1-5,88,0.00693405,deuteronomy,major,all
2,22,5-1,65,0.00512174,deuteronomy,major,all
2,23,4-5,51,0.0040186,deuteronomy,major,all
2,24,5-4,45,0.00354582,deuteronomy,major,all
2,25,6-3,45,0.00354582,deuteronomy,major,all
2,26,3-6,43,0.00338823,deuteronomy,major,all
2,27,6-2,43,0.00338823,deuteronomy,major,all
2,28,2-6,40,0.00315184,deuteronomy,major,all
2,29,1-6,28,0.00220629,deuteronomy,major,all
2,30,5-5,24,0.0018911,deuteronomy,major,all
2,31,1-7,15,0.00118194,deuteronomy,major,all
2,32,6-4,14,0.00110314,deuteronomy,major,all
2,33,7-2,14,0.00110314,deuteronomy,major,all
2,34,7-3,11,0.00086676,deuteronomy,major,all
2,35,6-5,11,0.00086676,deuteronomy,major,all
2,36,2-7,11,0.00086676,deuteronomy,major,all
2,37,6-1,9,0.00070916,deuteronomy,major,all
2,38,4-6,7,0.00055157,deuteronomy,major,all
2,39,2-8,6,0.00047278,deuteronomy,major,all
2,40,8-5,5,0.00039398,deuteronomy,major,all
2,41,5-6,3,0.00023639,deuteronomy,major,all
2,42,3-7,3,0.00023639,deuteronomy,major,all
2,43,6-6,3,0.00023639,deuteronomy,major,all
2,44,3-8,3,0.00023639,deuteronomy,major,all
2,45,7-1,3,0.00023639,deuteronomy,major,all
2,46,7-4,2,0.00015759,deuteronomy,major,all
2,47,8-3,2,0.00015759,deuteronomy,major,all
2,48,8-6,1,7.88e-05,deuteronomy,major,all
2,49,4-7,1,7.88e-05,deuteronomy,major,all
2,50,8-4,1,7.88e-05,deuteronomy,major,all
3,1,2-2-2,773,0.06091411,deuteronomy,major,all
3,2,3-2-2,592,0.04665091,deuteronomy,major,all
3,3,2-2-3,585,0.04609929,deuteronomy,major,all
3,4,2-3-2,569,0.04483846,deuteronomy,major,all
3,5,2-3-3,525,0.04137116,deuteronomy,major,all
3,6,3-3-2,497,0.0391647,deuteronomy,major,all
3,7,3-3-3,476,0.03750985,deuteronomy,major,all
3,8,3-2-3,461,0.03632782,deuteronomy,major,all
3,9,2-2-1,263,0.02072498,deuteronomy,major,all
3,10,2-1-2,261,0.02056738,deuteronomy,major,all
3,11,1-2-2,235,0.01851852,deuteronomy,major,all
3,12,4-2-2,215,0.01694247,deuteronomy,major,all
3,13,2-2-4,212,0.01670607,deuteronomy,major,all
3,14,2-4-2,211,0.01662727,deuteronomy,major,all
3,15,3-2-1,201,0.01583924,deuteronomy,major,all
3,16,2-3-1,199,0.01568164,deuteronomy,major,all
3,17,3-3-4,199,0.01568164,deuteronomy,major,all
3,18,1-3-2,197,0.01552403,deuteronomy,major,all
3,19,2-1-3,188,0.01481481,deuteronomy,major,all
3,20,4-3-3,188,0.01481481,deuteronomy,major,all
3,21,4-2-3,187,0.01473601,deuteronomy,major,all
3,22,2-4-3,185,0.01457841,deuteronomy,major,all
3,23,3-4-2,185,0.01457841,deuteronomy,major,all
3,24,1-2-3,184,0.01449961,deuteronomy,major,all
3,25,3-2-4,179,0.01410559,deuteronomy,major,all
3,26,3-1-2,170,0.01339638,deuteronomy,major,all
3,27,3-4-3,160,0.01260835,deuteronomy,major,all
3,28,2-3-4,158,0.01245075,deuteronomy,major,all
3,29,3-3-1,157,0.01237195,deuteronomy,major,all
3,30,4-3-2,155,0.01221434,deuteronomy,major,all
3,31,1-3-3,147,0.01158392,deuteronomy,major,all
3,32,3-1-3,137,0.0107959,deuteronomy,major,all
3,33,1-2-1,93,0.00732861,deuteronomy,major,all
3,34,4-2-1,93,0.00732861,deuteronomy,major,all
3,35,1-4-2,86,0.00677699,deuteronomy,major,all
3,36,2-1-4,85,0.00669819,deuteronomy,major,all
3,37,2-1-1,85,0.00669819,deuteronomy,major,all
3,38,1-4-3,79,0.00622537,deuteronomy,major,all
3,39,3-1-4,77,0.00606777,deuteronomy,major,all
3,40,4-1-2,76,0.00598897,deuteronomy,major,all
3,41,2-4-1,74,0.00583136,deuteronomy,major,all
3,42,5-3-2,73,0.00575256,deuteronomy,major,all
3,43,1-1-2,72,0.00567376,deuteronomy,major,all
3,44,4-4-2,71,0.00559496,deuteronomy,major,all
3,45,3-4-4,71,0.00559496,deuteronomy,major,all
3,46,4-3-4,70,0.00551615,deuteronomy,major,all
3,47,3-1-1,69,0.00543735,deuteronomy,major,all
3,48,1-2-4,69,0.00543735,deuteronomy,major,all
3,49,1-1-3,66,0.00520095,deuteronomy,major,all
3,50,3-3-5,65,0.00512214,deuteronomy,major,all
4,1,2-2-2-2,341,0.02687367,deuteronomy,major,all
4,2,2-2-3-2,245,0.01930806,deuteronomy,major,all
4,3,3-2-2-2,238,0.0187564,deuteronomy,major,all
4,4,2-3-2-2,233,0.01836236,deuteronomy,major,all
4,5,2-2-2-3,210,0.01654977,deuteronomy,major,all
4,6,2-2-3-3,203,0.01599811,deuteronomy,major,all
4,7,2-3-3-2,199,0.01568287,deuteronomy,major,all
4,8,3-3-2-2,188,0.01481598,deuteronomy,major,all
4,9,3-2-2-3,186,0.01465837,deuteronomy,major,all
4,10,3-2-3-2,184,0.01450075,deuteronomy,major,all
4,11,2-3-2-3,179,0.01410671,deuteronomy,major,all
4,12,2-3-3-3,175,0.01379147,deuteronomy,major,all
4,13,3-2-3-3,160,0.01260935,deuteronomy,major,all
4,14,3-3-3-3,160,0.01260935,deuteronomy,major,all
4,15,3-3-3-2,156,0.01229411,deuteronomy,major,all
4,16,3-3-2-3,154,0.0121365,deuteronomy,major,all
4,17,2-2-2-1,106,0.00835369,deuteronomy,major,all
4,18,2-1-2-2,101,0.00795965,deuteronomy,major,all
4,19,2-2-1-2,97,0.00764442,deuteronomy,major,all
4,20,2-2-2-4,93,0.00732918,deuteronomy,major,all
4,21,1-2-2-2,93,0.00732918,deuteronomy,major,all
4,22,2-1-3-2,92,0.00725037,deuteronomy,major,all
4,23,1-3-2-2,91,0.00717157,deuteronomy,major,all
4,24,4-2-2-3,87,0.00685633,deuteronomy,major,all
4,25,3-2-2-1,84,0.00661991,deuteronomy,major,all
4,26,2-3-1-2,83,0.0065411,deuteronomy,major,all
4,27,2-2-4-2,81,0.00638348,deuteronomy,major,all
4,28,2-3-3-4,79,0.00622586,deuteronomy,major,all
4,29,3-2-1-2,79,0.00622586,deuteronomy,major,all
4,30,2-1-2-3,77,0.00606825,deuteronomy,major,all
4,31,3-3-4-2,77,0.00606825,deuteronomy,major,all
4,32,4-2-3-3,75,0.00591063,deuteronomy,major,all
4,33,3-2-4-2,74,0.00583182,deuteronomy,major,all
4,34,3-3-2-1,74,0.00583182,deuteronomy,major,all
4,35,2-4-2-3,72,0.00567421,deuteronomy,major,all
4,36,2-4-2-2,71,0.0055954,deuteronomy,major,all
4,37,3-4-2-2,71,0.0055954,deuteronomy,major,all
4,38,2-2-4-3,71,0.0055954,deuteronomy,major,all
4,39,1-2-2-3,70,0.00551659,deuteronomy,major,all
4,40,4-2-2-2,69,0.00543778,deuteronomy,major,all
4,41,3-3-4-3,69,0.00543778,deuteronomy,major,all
4,42,2-2-3-1,69,0.00543778,deuteronomy,major,all
4,43,2-2-1-3,68,0.00535897,deuteronomy,major,all
4,44,2-3-2-4,68,0.00535897,deuteronomy,major,all
4,45,3-3-3-4,68,0.00535897,deuteronomy,major,all
4,46,3-1-2-2,66,0.00520136,deuteronomy,major,all
4,47,2-3-2-1,66,0.00520136,deuteronomy,major,all
4,48,2-4-3-2,65,0.00512255,deuteronomy,major,all
4,49,4-3-3-3,64,0.00504374,deuteronomy,major,all
4,50,3-4-3-3,64,0.00504374,deuteronomy,major,all
5,1,2-2-2-2-2,154,0.01213745,deuteronomy,major,all
5,2,3-2-2-2-2,109,0.00859079,deuteronomy,major,all
5,3,2-2-3-2-2,97,0.00764502,deuteronomy,major,all
5,4,2-3-2-2-2,96,0.0075662,deuteronomy,major,all
5,5,2-2-2-3-2,93,0.00732976,deuteronomy,major,all
5,6,2-2-2-2-3,87,0.00685687,deuteronomy,major,all
5,7,2-2-3-2-3,83,0.00654161,deuteronomy,major,all
5,8,3-2-2-3-2,80,0.00630517,deuteronomy,major,all
5,9,2-3-3-2-2,78,0.00614754,deuteronomy,major,all
5,10,2-3-2-2-3,76,0.00598991,deuteronomy,major,all
5,11,3-2-3-2-2,74,0.00583228,deuteronomy,major,all
5,12,2-3-2-3-2,72,0.00567465,deuteronomy,major,all
5,13,2-2-3-3-2,72,0.00567465,deuteronomy,major,all
5,14,2-2-3-3-3,69,0.00543821,deuteronomy,major,all
5,15,3-3-2-2-3,68,0.00535939,deuteronomy,major,all
5,16,3-2-2-3-3,68,0.00535939,deuteronomy,major,all
5,17,2-3-3-3-2,67,0.00528058,deuteronomy,major,all
5,18,2-2-2-3-3,67,0.00528058,deuteronomy,major,all
5,19,2-3-2-3-3,65,0.00512295,deuteronomy,major,all
5,20,3-2-2-2-3,65,0.00512295,deuteronomy,major,all
5,21,3-3-2-2-2,64,0.00504414,deuteronomy,major,all
5,22,2-3-3-2-3,63,0.00496532,deuteronomy,major,all
5,23,2-3-3-3-3,60,0.00472888,deuteronomy,major,all
5,24,3-2-3-3-3,58,0.00457125,deuteronomy,major,all
5,25,3-2-3-2-3,57,0.00449243,deuteronomy,major,all
5,26,3-2-3-3-2,57,0.00449243,deuteronomy,major,all
5,27,3-3-3-2-2,56,0.00441362,deuteronomy,major,all
5,28,3-3-2-3-2,55,0.0043348,deuteronomy,major,all
5,29,3-3-2-3-3,54,0.00425599,deuteronomy,major,all
5,30,3-3-3-3-3,54,0.00425599,deuteronomy,major,all
5,31,2-2-2-2-1,53,0.00417718,deuteronomy,major,all
5,32,3-3-3-3-2,44,0.00346784,deuteronomy,major,all
5,33,3-3-3-2-3,43,0.00338903,deuteronomy,major,all
5,34,1-2-2-2-2,43,0.00338903,deuteronomy,major,all
5,35,1-3-2-2-2,42,0.00331021,deuteronomy,major,all
5,36,2-2-2-1-2,41,0.0032314,deuteronomy,major,all
5,37,2-1-3-2-2,41,0.0032314,deuteronomy,major,all
5,38,2-2-2-2-4,39,0.00307377,deuteronomy,major,all
5,39,2-1-2-2-2,38,0.00299496,deuteronomy,major,all
5,40,2-2-1-3-2,36,0.00283733,deuteronomy,major,all
5,41,2-3-3-4-2,35,0.00275851,deuteronomy,major,all
5,42,2-2-1-2-2,34,0.0026797,deuteronomy,major,all
5,43,2-3-3-2-1,34,0.0026797,deuteronomy,major,all
5,44,4-2-2-3-3,33,0.00260088,deuteronomy,major,all
5,45,4-2-2-3-2,33,0.00260088,deuteronomy,major,all
5,46,2-3-1-2-2,33,0.00260088,deuteronomy,major,all
5,47,2-2-2-4-2,33,0.00260088,deuteronomy,major,all
5,48,3-2-2-2-4,33,0.00260088,deuteronomy,major,all
5,49,3-2-1-3-2,33,0.00260088,deuteronomy,major,all
5,50,2-2-3-1-2,32,0.00252207,deuteronomy,major,all
6,1,2-2-2-2-2-2,78,0.00614803,deuteronomy,major,all
6,2,2-2-3-2-2-2,48,0.0037834,deuteronomy,major,all
6,3,3-2-2-2-2-2,45,0.00354694,deuteronomy,major,all
6,4,2-3-2-2-2-2,43,0.0033893,deuteronomy,major,all
6,5,2-2-3-2-3-2,39,0.00307401,deuteronomy,major,all
6,6,2-2-2-2-3-2,38,0.00299519,deuteronomy,major,all
6,7,2-2-2-2-2-3,38,0.00299519,deuteronomy,major,all
6,8,2-2-2-3-2-2,35,0.00275873,deuteronomy,major,all
6,9,3-2-2-2-3-2,35,0.00275873,deuteronomy,major,all
6,10,3-3-2-2-2-2,34,0.00267991,deuteronomy,major,all
6,11,3-2-2-3-2-2,34,0.00267991,deuteronomy,major,all
6,12,3-2-2-2-2-3,33,0.00260109,deuteronomy,major,all
6,13,2-2-3-3-2-2,33,0.00260109,deuteronomy,major,all
6,14,2-3-2-2-3-2,33,0.00260109,deuteronomy,major,all
6,15,3-2-2-3-2-3,31,0.00244345,deuteronomy,major,all
6,16,2-2-3-2-3-3,30,0.00236463,deuteronomy,major,all
6,17,2-3-3-2-2-2,30,0.00236463,deuteronomy,major,all
6,18,3-3-2-2-3-2,30,0.00236463,deuteronomy,major,all
6,19,2-2-3-3-3-2,29,0.0022858,deuteronomy,major,all
6,20,3-2-3-2-2-3,29,0.0022858,deuteronomy,major,all
6,21,2-3-2-3-2-2,28,0.00220698,deuteronomy,major,all
6,22,2-3-2-3-3-3,28,0.00220698,deuteronomy,major,all
6,23,2-2-2-3-2-3,27,0.00212816,deuteronomy,major,all
6,24,3-3-2-2-3-3,27,0.00212816,deuteronomy,major,all
6,25,3-2-3-2-2-2,26,0.00204934,deuteronomy,major,all
6,26,2-3-3-3-2-2,26,0.00204934,deuteronomy,major,all
6,27,2-3-3-2-2-3,26,0.00204934,deuteronomy,major,all
6,28,2-3-2-2-3-3,26,0.00204934,deuteronomy,major,all
6,29,2-3-2-2-2-3,26,0.00204934,deuteronomy,major,all
6,30,2-3-3-2-3-2,25,0.00197052,deuteronomy,major,all
6,31,2-2-2-3-3-3,25,0.00197052,deuteronomy,major,all
6,32,2-2-2-2-3-3,25,0.00197052,deuteronomy,major,all
6,33,3-3-2-3-2-2,24,0.0018917,deuteronomy,major,all
6,34,2-2-2-3-3-2,24,0.0018917,deuteronomy,major,all
6,35,3-2-2-3-3-2,24,0.0018917,deuteronomy,major,all
6,36,2-3-2-3-2-3,23,0.00181288,deuteronomy,major,all
6,37,2-3-2-3-3-2,23,0.00181288,deuteronomy,major,all
6,38,3-2-3-3-3-3,22,0.00173406,deuteronomy,major,all
6,39,2-2-3-2-2-3,22,0.00173406,deuteronomy,major,all
6,40,2-3-3-2-3-3,22,0.00173406,deuteronomy,major,all
6,41,3-3-3-2-2-3,22,0.00173406,deuteronomy,major,all
6,42,2-2-2-2-2-1,21,0.00165524,deuteronomy,major,all
6,43,2-2-3-3-3-3,21,0.00165524,deuteronomy,major,all
6,44,3-2-2-2-2-1,20,0.00157642,deuteronomy,major,all
6,45,3-2-3-2-3-3,20,0.00157642,deuteronomy,major,all
6,46,3-3-3-3-3-3,20,0.00157642,deuteronomy,major,all
6,47,2-1-3-2-2-2,20,0.00157642,deuteronomy,major,all
6,48,3-2-2-3-3-3,20,0.00157642,deuteronomy,major,all
6,49,2-2-2-2-1-2,20,0.00157642,deuteronomy,major,all
6,50,1-3-2-2-2-2,19,0.0014976,deuteronomy,major,all
2,1,2-2,1404,0.15810811,deuteronomy,major_minor,within
2,2,3-2,1161,0.13074324,deuteronomy,major_minor,within
2,3,2-3,1156,0.13018018,deuteronomy,major_minor,within
2,4,3-3,1062,0.11959459,deuteronomy,major_minor,within
2,5,2-1,439,0.04943694,deuteronomy,major_minor,within
2,6,1-2,403,0.04538288,deuteronomy,major_minor,within
2,7,4-2,371,0.04177928,deuteronomy,major_minor,within
2,8,2-4,356,0.04009009,deuteronomy,major_minor,within
2,9,3-4,353,0.03975225,deuteronomy,major_minor,within
2,10,4-3,345,0.03885135,deuteronomy,major_minor,within
2,11,1-3,317,0.0356982,deuteronomy,major_minor,within
2,12,3-1,313,0.03524775,deuteronomy,major_minor,within
2,13,1-4,124,0.01396396,deuteronomy,major_minor,within
2,14,4-1,122,0.01373874,deuteronomy,major_minor,within
2,15,5-2,118,0.01328829,deuteronomy,major_minor,within
2,16,1-1,116,0.01306306,deuteronomy,major_minor,within
2,17,4-4,114,0.01283784,deuteronomy,major_minor,within
2,18,2-5,101,0.01137387,deuteronomy,major_minor,within
2,19,5-3,88,0.00990991,deuteronomy,major_minor,within
2,20,3-5,85,0.00957207,deuteronomy,major_minor,within
2,21,1-5,55,0.00619369,deuteronomy,major_minor,within
2,22,5-4,31,0.00349099,deuteronomy,major_minor,within
2,23,5-1,31,0.00349099,deuteronomy,major_minor,within
2,24,6-3,28,0.00315315,deuteronomy,major_minor,within
2,25,3-6,27,0.00304054,deuteronomy,major_minor,within
2,26,4-5,26,0.00292793,deuteronomy,major_minor,within
2,27,6-2,20,0.00225225,deuteronomy,major_minor,within
2,28,2-6,15,0.00168919,deuteronomy,major_minor,within
2,29,7-3,10,0.00112613,deuteronomy,major_minor,within
2,30,2-7,10,0.00112613,deuteronomy,major_minor,within
2,31,1-6,9,0.00101351,deuteronomy,major_minor,within
2,32,7-2,8,0.0009009,deuteronomy,major_minor,within
2,33,5-5,8,0.0009009,deuteronomy,major_minor,within
2,34,4-6,7,0.00078829,deuteronomy,major_minor,within
2,35,1-7,5,0.00056306,deuteronomy,major_minor,within
2,36,6-4,5,0.00056306,deuteronomy,major_minor,within
2,37,6-5,5,0.00056306,deuteronomy,major_minor,within
2,38,6-1,4,0.00045045,deuteronomy,major_minor,within
2,39,5-6,4,0.00045045,deuteronomy,major_minor,within
2,40,2-8,4,0.00045045,deuteronomy,major_minor,within
2,41,3-8,4,0.00045045,deuteronomy,major_minor,within
2,42,3-7,3,0.00033784,deuteronomy,major_minor,within
2,43,8-1,3,0.00033784,deuteronomy,major_minor,within
2,44,8-3,3,0.00033784,deuteronomy,major_minor,within
2,45,8-4,2,0.00022523,deuteronomy,major_minor,within
2,46,4-7,2,0.00022523,deuteronomy,major_minor,within
2,47,7-1,1,0.00011261,deuteronomy,major_minor,within
2,48,7-4,1,0.00011261,deuteronomy,major_minor,within
2,49,6-6,1,0.00011261,deuteronomy,major_minor,within
3,1,2-2-2,578,0.06509742,deuteronomy,major_minor,within
3,2,3-2-2,481,0.05417277,deuteronomy,major_minor,within
3,3,2-2-3,451,0.05079401,deuteronomy,major_minor,within
3,4,2-3-2,447,0.05034351,deuteronomy,major_minor,within
3,5,3-3-2,408,0.04595112,deuteronomy,major_minor,within
3,6,2-3-3,402,0.04527537,deuteronomy,major_minor,within
3,7,3-2-3,390,0.04392387,deuteronomy,major_minor,within
3,8,3-3-3,379,0.04268499,deuteronomy,major_minor,within
3,9,2-1-2,190,0.02139881,deuteronomy,major_minor,within
3,10,2-2-1,174,0.0195968,deuteronomy,major_minor,within
3,11,1-2-2,171,0.01925893,deuteronomy,major_minor,within
3,12,2-2-4,153,0.01723167,deuteronomy,major_minor,within
3,13,1-3-2,142,0.01599279,deuteronomy,major_minor,within
3,14,2-3-4,142,0.01599279,deuteronomy,major_minor,within
3,15,3-2-1,141,0.01588017,deuteronomy,major_minor,within
3,16,2-4-2,139,0.01565492,deuteronomy,major_minor,within
3,17,4-2-3,136,0.01531704,deuteronomy,major_minor,within
3,18,3-4-3,132,0.01486654,deuteronomy,major_minor,within
3,19,3-3-4,132,0.01486654,deuteronomy,major_minor,within
3,20,2-3-1,131,0.01475391,deuteronomy,major_minor,within
3,21,4-2-2,129,0.01452866,deuteronomy,major_minor,within
3,22,4-3-3,128,0.01441604,deuteronomy,major_minor,within
3,23,2-1-3,125,0.01407816,deuteronomy,major_minor,within
3,24,2-4-3,124,0.01396554,deuteronomy,major_minor,within
3,25,3-4-2,123,0.01385291,deuteronomy,major_minor,within
3,26,4-3-2,122,0.01374029,deuteronomy,major_minor,within
3,27,3-1-2,122,0.01374029,deuteronomy,major_minor,within
3,28,1-2-3,116,0.01306453,deuteronomy,major_minor,within
3,29,3-2-4,106,0.01193828,deuteronomy,major_minor,within
3,30,3-1-3,103,0.01160041,deuteronomy,major_minor,within
3,31,1-3-3,99,0.0111499,deuteronomy,major_minor,within
3,32,3-3-1,96,0.01081203,deuteronomy,major_minor,within
3,33,1-2-1,59,0.00664489,deuteronomy,major_minor,within
3,34,2-1-1,54,0.00608177,deuteronomy,major_minor,within
3,35,4-2-1,52,0.00585652,deuteronomy,major_minor,within
3,36,2-1-4,51,0.00574389,deuteronomy,major_minor,within
3,37,5-2-3,51,0.00574389,deuteronomy,major_minor,within
3,38,1-4-2,47,0.00529339,deuteronomy,major_minor,within
3,39,1-2-4,45,0.00506814,deuteronomy,major_minor,within
3,40,1-4-3,44,0.00495551,deuteronomy,major_minor,within
3,41,3-4-1,44,0.00495551,deuteronomy,major_minor,within
3,42,2-4-4,43,0.00484289,deuteronomy,major_minor,within
3,43,4-4-2,43,0.00484289,deuteronomy,major_minor,within
3,44,1-1-2,42,0.00473026,deuteronomy,major_minor,within
3,45,3-4-4,42,0.00473026,deuteronomy,major_minor,within
3,46,4-3-1,41,0.00461764,deuteronomy,major_minor,within
3,47,4-1-3,40,0.00450501,deuteronomy,major_minor,within
3,48,5-2-2,38,0.00427976,deuteronomy,major_minor,within
3,49,4-1-2,37,0.00416714,deuteronomy,major_minor,within
3,50,4-2-4,37,0.00416714,deuteronomy,major_minor,within
4,1,2-2-2-2,238,0.02680784,deuteronomy,major_minor,within
4,2,3-2-2-2,206,0.02320342,deuteronomy,major_minor,within
4,3,2-3-2-2,195,0.02196441,deuteronomy,major_minor,within
4,4,2-2-2-3,183,0.02061275,deuteronomy,major_minor,within
4,5,2-2-3-2,174,0.01959901,deuteronomy,major_minor,within
4,6,2-3-3-2,164,0.01847263,deuteronomy,major_minor,within
4,7,3-3-2-2,156,0.01757153,deuteronomy,major_minor,within
4,8,3-2-2-3,154,0.01734625,deuteronomy,major_minor,within
4,9,2-2-3-3,151,0.01700834,deuteronomy,major_minor,within
4,10,3-3-2-3,148,0.01667042,deuteronomy,major_minor,within
4,11,3-2-3-2,148,0.01667042,deuteronomy,major_minor,within
4,12,3-3-3-2,145,0.01633251,deuteronomy,major_minor,within
4,13,2-3-2-3,142,0.01599459,deuteronomy,major_minor,within
4,14,3-2-3-3,141,0.01588196,deuteronomy,major_minor,within
4,15,2-3-3-3,140,0.01576932,deuteronomy,major_minor,within
4,16,3-3-3-3,131,0.01475558,deuteronomy,major_minor,within
4,17,2-1-2-2,82,0.00923631,deuteronomy,major_minor,within
4,18,2-2-1-2,76,0.00856049,deuteronomy,major_minor,within
4,19,1-2-2-2,71,0.0079973,deuteronomy,major_minor,within
4,20,2-2-2-4,69,0.00777202,deuteronomy,major_minor,within
4,21,2-2-2-1,68,0.00765938,deuteronomy,major_minor,within
4,22,1-3-2-2,67,0.00754674,deuteronomy,major_minor,within
4,23,3-2-1-2,63,0.00709619,deuteronomy,major_minor,within
4,24,2-1-2-3,59,0.00664564,deuteronomy,major_minor,within
4,25,4-2-3-2,58,0.006533,deuteronomy,major_minor,within
4,26,2-3-2-1,58,0.006533,deuteronomy,major_minor,within
4,27,2-2-3-1,56,0.00630773,deuteronomy,major_minor,within
4,28,2-1-3-2,55,0.00619509,deuteronomy,major_minor,within
4,29,3-2-3-4,55,0.00619509,deuteronomy,major_minor,within
4,30,2-2-3-4,55,0.00619509,deuteronomy,major_minor,within
4,31,1-2-2-3,54,0.00608245,deuteronomy,major_minor,within
4,32,2-4-2-2,54,0.00608245,deuteronomy,major_minor,within
4,33,3-2-2-1,54,0.00608245,deuteronomy,major_minor,within
4,34,2-2-4-3,54,0.00608245,deuteronomy,major_minor,within
4,35,3-3-4-3,54,0.00608245,deuteronomy,major_minor,within
4,36,2-3-4-3,54,0.00608245,deuteronomy,major_minor,within
4,37,2-3-4-2,54,0.00608245,deuteronomy,major_minor,within
4,38,4-3-3-2,54,0.00608245,deuteronomy,major_minor,within
4,39,2-2-4-2,53,0.00596981,deuteronomy,major_minor,within
4,40,3-4-3-3,53,0.00596981,deuteronomy,major_minor,within
4,41,3-3-2-1,52,0.00585718,deuteronomy,major_minor,within
4,42,3-1-2-2,51,0.00574454,deuteronomy,major_minor,within
4,43,2-4-3-2,50,0.0056319,deuteronomy,major_minor,within
4,44,2-3-1-2,50,0.0056319,deuteronomy,major_minor,within
4,45,3-2-4-2,49,0.00551926,deuteronomy,major_minor,within
4,46,3-3-3-4,49,0.00551926,deuteronomy,major_minor,within
4,47,3-4-2-3,49,0.00551926,deuteronomy,major_minor,within
4,48,4-2-2-2,48,0.00540662,deuteronomy,major_minor,within
4,49,4-2-2-3,48,0.00540662,deuteronomy,major_minor,within
4,50,3-2-2-4,48,0.00540662,deuteronomy,major_minor,within
5,1,2-2-2-2-2,98,0.01103977,deuteronomy,major_minor,within
5,2,3-2-2-2-2,86,0.00968796,deuteronomy,major_minor,within
5,3,2-3-2-2-2,82,0.00923735,deuteronomy,major_minor,within
5,4,2-2-2-2-3,78,0.00878675,deuteronomy,major_minor,within
5,5,2-2-3-2-2,74,0.00833615,deuteronomy,major_minor,within
5,6,2-2-2-3-2,69,0.0077729,deuteronomy,major_minor,within
5,7,3-2-2-2-3,68,0.00766025,deuteronomy,major_minor,within
5,8,3-3-2-2-2,66,0.00743494,deuteronomy,major_minor,within
5,9,2-3-2-2-3,65,0.00732229,deuteronomy,major_minor,within
5,10,2-2-2-3-3,65,0.00732229,deuteronomy,major_minor,within
5,11,3-2-3-2-2,65,0.00732229,deuteronomy,major_minor,within
5,12,2-3-3-2-2,65,0.00732229,deuteronomy,major_minor,within
5,13,3-2-2-3-2,64,0.00720964,deuteronomy,major_minor,within
5,14,2-2-3-3-3,61,0.00687169,deuteronomy,major_minor,within
5,15,2-3-3-2-3,61,0.00687169,deuteronomy,major_minor,within
5,16,2-2-3-3-2,60,0.00675904,deuteronomy,major_minor,within
5,17,2-3-3-3-2,60,0.00675904,deuteronomy,major_minor,within
5,18,3-3-2-3-3,59,0.00664639,deuteronomy,major_minor,within
5,19,3-2-3-3-2,58,0.00653374,deuteronomy,major_minor,within
5,20,3-3-2-2-3,56,0.00630844,deuteronomy,major_minor,within
5,21,2-3-2-3-3,54,0.00608314,deuteronomy,major_minor,within
5,22,3-3-3-2-2,52,0.00585783,deuteronomy,major_minor,within
5,23,3-3-3-2-3,51,0.00574518,deuteronomy,major_minor,within
5,24,3-3-2-3-2,51,0.00574518,deuteronomy,major_minor,within
5,25,2-2-3-2-3,50,0.00563253,deuteronomy,major_minor,within
5,26,2-3-2-3-2,50,0.00563253,deuteronomy,major_minor,within
5,27,3-2-3-2-3,49,0.00551988,deuteronomy,major_minor,within
5,28,3-3-3-3-3,49,0.00551988,deuteronomy,major_minor,within
5,29,3-3-3-3-2,49,0.00551988,deuteronomy,major_minor,within
5,30,3-2-3-3-3,45,0.00506928,deuteronomy,major_minor,within
5,31,3-2-2-3-3,45,0.00506928,deuteronomy,major_minor,within
5,32,2-3-3-3-3,41,0.00461868,deuteronomy,major_minor,within
5,33,2-2-1-2-2,37,0.00416807,deuteronomy,major_minor,within
5,34,2-1-2-2-2,36,0.00405542,deuteronomy,major_minor,within
5,35,2-1-3-2-2,31,0.00349217,deuteronomy,major_minor,within
5,36,1-2-2-2-2,31,0.00349217,deuteronomy,major_minor,within
5,37,1-3-2-2-2,30,0.00337952,deuteronomy,major_minor,within
5,38,4-2-3-2-2,30,0.00337952,deuteronomy,major_minor,within
5,39,2-2-2-1-2,30,0.00337952,deuteronomy,major_minor,within
5,40,2-2-2-4-2,28,0.00315422,deuteronomy,major_minor,within
5,41,2-2-2-2-1,27,0.00304157,deuteronomy,major_minor,within
5,42,2-2-2-2-4,27,0.00304157,deuteronomy,major_minor,within
5,43,3-2-1-2-3,26,0.00292892,deuteronomy,major_minor,within
5,44,3-3-2-1-2,25,0.00281627,deuteronomy,major_minor,within
5,45,3-3-3-2-1,25,0.00281627,deuteronomy,major_minor,within
5,46,3-2-2-2-1,25,0.00281627,deuteronomy,major_minor,within
5,47,2-1-2-3-2,25,0.00281627,deuteronomy,major_minor,within
5,48,3-2-2-1-2,25,0.00281627,deuteronomy,major_minor,within
5,49,2-2-2-3-4,24,0.00270362,deuteronomy,major_minor,within
5,50,2-2-2-4-3,24,0.00270362,deuteronomy,major_minor,within
6,1,2-2-2-2-2-2,45,0.00506985,deuteronomy,major_minor,within
6,2,2-3-2-2-2-2,37,0.00416854,deuteronomy,major_minor,within
6,3,2-2-2-3-2-2,36,0.00405588,deuteronomy,major_minor,within
6,4,3-2-2-2-2-2,35,0.00394322,deuteronomy,major_minor,within
6,5,3-2-2-2-2-3,33,0.00371789,deuteronomy,major_minor,within
6,6,2-2-3-2-2-2,32,0.00360523,deuteronomy,major_minor,within
6,7,2-2-3-3-3-2,31,0.00349256,deuteronomy,major_minor,within
6,8,3-3-2-2-3-2,31,0.00349256,deuteronomy,major_minor,within
6,9,3-2-3-2-2-2,30,0.0033799,deuteronomy,major_minor,within
6,10,2-2-2-3-3-2,30,0.0033799,deuteronomy,major_minor,within
6,11,3-2-2-2-3-2,29,0.00326724,deuteronomy,major_minor,within
6,12,3-3-2-2-2-2,29,0.00326724,deuteronomy,major_minor,within
6,13,2-2-3-2-3-3,26,0.00292925,deuteronomy,major_minor,within
6,14,2-2-2-3-3-3,26,0.00292925,deuteronomy,major_minor,within
6,15,2-2-2-2-3-2,26,0.00292925,deuteronomy,major_minor,within
6,16,2-3-3-2-2-3,26,0.00292925,deuteronomy,major_minor,within
6,17,2-3-3-2-2-2,26,0.00292925,deuteronomy,major_minor,within
6,18,2-2-2-2-3-3,26,0.00292925,deuteronomy,major_minor,within
6,19,2-3-2-2-2-3,25,0.00281658,deuteronomy,major_minor,within
6,20,3-2-2-2-3-3,25,0.00281658,deuteronomy,major_minor,within
6,21,2-3-3-2-3-3,25,0.00281658,deuteronomy,major_minor,within
6,22,2-2-2-2-2-3,25,0.00281658,deuteronomy,major_minor,within
6,23,2-3-3-3-2-2,24,0.00270392,deuteronomy,major_minor,within
6,24,2-2-3-2-2-3,24,0.00270392,deuteronomy,major_minor,within
6,25,2-2-3-3-2-2,24,0.00270392,deuteronomy,major_minor,within
6,26,3-3-2-2-2-3,24,0.00270392,deuteronomy,major_minor,within
6,27,2-2-3-3-2-3,23,0.00259126,deuteronomy,major_minor,within
6,28,3-3-2-3-3-2,23,0.00259126,deuteronomy,major_minor,within
6,29,3-2-3-3-2-2,23,0.00259126,deuteronomy,major_minor,within
6,30,3-2-2-3-2-2,22,0.00247859,deuteronomy,major_minor,within
6,31,2-3-3-3-2-3,22,0.00247859,deuteronomy,major_minor,within
6,32,3-3-3-2-2-3,22,0.00247859,deuteronomy,major_minor,within
6,33,2-3-2-3-2-2,22,0.00247859,deuteronomy,major_minor,within
6,34,3-3-3-2-2-2,22,0.00247859,deuteronomy,major_minor,within
6,35,3-2-3-3-2-3,22,0.00247859,deuteronomy,major_minor,within
6,36,2-3-2-3-3-2,21,0.00236593,deuteronomy,major_minor,within
6,37,2-3-2-2-3-2,21,0.00236593,deuteronomy,major_minor,within
6,38,3-3-3-2-3-2,21,0.00236593,deuteronomy,major_minor,within
6,39,3-2-2-3-2-3,21,0.00236593,deuteronomy,major_minor,within
6,40,2-3-2-2-3-3,21,0.00236593,deuteronomy,major_minor,within
6,41,2-3-2-3-3-3,20,0.00225327,deuteronomy,major_minor,within
6,42,3-3-2-3-2-3,20,0.00225327,deuteronomy,major_minor,within
6,43,3-2-3-2-2-3,20,0.00225327,deuteronomy,major_minor,within
6,44,2-3-3-2-3-2,20,0.00225327,deuteronomy,major_minor,within
6,45,3-3-2-3-2-2,20,0.00225327,deuteronomy,major_minor,within
6,46,2-3-3-3-3-3,20,0.00225327,deuteronomy,major_minor,within
6,47,2-1-2-2-2-2,19,0.0021406,deuteronomy,major_minor,within
6,48,3-3-3-3-3-3,18,0.00202794,deuteronomy,major_minor,within
6,49,3-3-3-3-2-3,18,0.00202794,deuteronomy,major_minor,within
6,50,3-2-3-2-3-2,18,0.00202794,deuteronomy,major_minor,within
2,1,2-2,471,0.12362205,deuteronomy,major_minor,cross_reset
2,2,2-3,397,0.10419948,deuteronomy,major_minor,cross_reset
2,3,3-2,367,0.09632546,deuteronomy,major_minor,cross_reset
2,4,3-3,291,0.07637795,deuteronomy,major_minor,cross_reset
2,5,1-2,212,0.05564304,deuteronomy,major_minor,cross_reset
2,6,2-1,199,0.05223097,deuteronomy,major_minor,cross_reset
2,7,3-1,180,0.04724409,deuteronomy,major_minor,cross_reset
2,8,4-2,177,0.04645669,deuteronomy,major_minor,cross_reset
2,9,2-4,172,0.04514436,deuteronomy,major_minor,cross_reset
2,10,1-3,165,0.04330709,deuteronomy,major_minor,cross_reset
2,11,4-3,160,0.04199475,deuteronomy,major_minor,cross_reset
2,12,3-4,150,0.03937008,deuteronomy,major_minor,cross_reset
2,13,1-1,105,0.02755906,deuteronomy,major_minor,cross_reset
2,14,1-4,95,0.02493438,deuteronomy,major_minor,cross_reset
2,15,4-4,93,0.02440945,deuteronomy,major_minor,cross_reset
2,16,4-1,84,0.02204724,deuteronomy,major_minor,cross_reset
2,17,5-2,69,0.01811024,deuteronomy,major_minor,cross_reset
2,18,3-5,66,0.01732283,deuteronomy,major_minor,cross_reset
2,19,2-5,55,0.0144357,deuteronomy,major_minor,cross_reset
2,20,5-3,43,0.01128609,deuteronomy,major_minor,cross_reset
2,21,5-4,29,0.00761155,deuteronomy,major_minor,cross_reset
2,22,5-1,27,0.00708661,deuteronomy,major_minor,cross_reset
2,23,1-5,24,0.00629921,deuteronomy,major_minor,cross_reset
2,24,4-5,23,0.00603675,deuteronomy,major_minor,cross_reset
2,25,2-6,22,0.00577428,deuteronomy,major_minor,cross_reset
2,26,6-2,22,0.00577428,deuteronomy,major_minor,cross_reset
2,27,3-6,18,0.00472441,deuteronomy,major_minor,cross_reset
2,28,6-3,16,0.00419948,deuteronomy,major_minor,cross_reset
2,29,5-5,11,0.00288714,deuteronomy,major_minor,cross_reset
2,30,6-1,11,0.00288714,deuteronomy,major_minor,cross_reset
2,31,6-4,10,0.00262467,deuteronomy,major_minor,cross_reset
2,32,4-6,10,0.00262467,deuteronomy,major_minor,cross_reset
2,33,1-6,9,0.0023622,deuteronomy,major_minor,cross_reset
2,34,2-7,6,0.0015748,deuteronomy,major_minor,cross_reset
2,35,7-1,5,0.00131234,deuteronomy,major_minor,cross_reset
2,36,7-2,4,0.00104987,deuteronomy,major_minor,cross_reset
2,37,5-6,2,0.00052493,deuteronomy,major_minor,cross_reset
2,38,4-7,2,0.00052493,deuteronomy,major_minor,cross_reset
2,39,6-5,2,0.00052493,deuteronomy,major_minor,cross_reset
2,40,1-7,1,0.00026247,deuteronomy,major_minor,cross_reset
2,41,5-8,1,0.00026247,deuteronomy,major_minor,cross_reset
2,42,8-3,1,0.00026247,deuteronomy,major_minor,cross_reset
2,43,7-5,1,0.00026247,deuteronomy,major_minor,cross_reset
2,44,6-6,1,0.00026247,deuteronomy,major_minor,cross_reset
2,45,3-7,1,0.00026247,deuteronomy,major_minor,cross_reset
3,1,2-2-2,164,0.04305592,deuteronomy,major_minor,cross_reset
3,2,2-2-3,154,0.04043056,deuteronomy,major_minor,cross_reset
3,3,2-3-2,141,0.03701759,deuteronomy,major_minor,cross_reset
3,4,3-2-2,131,0.03439223,deuteronomy,major_minor,cross_reset
3,5,2-3-3,105,0.02756629,deuteronomy,major_minor,cross_reset
3,6,3-2-3,100,0.02625361,deuteronomy,major_minor,cross_reset
3,7,3-3-2,100,0.02625361,deuteronomy,major_minor,cross_reset
3,8,3-3-3,81,0.02126542,deuteronomy,major_minor,cross_reset
3,9,1-2-2,79,0.02074035,deuteronomy,major_minor,cross_reset
3,10,2-2-1,76,0.01995274,deuteronomy,major_minor,cross_reset
3,11,2-3-1,75,0.01969021,deuteronomy,major_minor,cross_reset
3,12,1-2-3,71,0.01864006,deuteronomy,major_minor,cross_reset
3,13,3-1-2,66,0.01732738,deuteronomy,major_minor,cross_reset
3,14,4-2-2,64,0.01680231,deuteronomy,major_minor,cross_reset
3,15,2-1-3,63,0.01653977,deuteronomy,major_minor,cross_reset
3,16,2-4-2,59,0.01548963,deuteronomy,major_minor,cross_reset
3,17,3-2-1,58,0.01522709,deuteronomy,major_minor,cross_reset
3,18,2-1-2,58,0.01522709,deuteronomy,major_minor,cross_reset
3,19,1-3-2,55,0.01443949,deuteronomy,major_minor,cross_reset
3,20,2-2-4,55,0.01443949,deuteronomy,major_minor,cross_reset
3,21,4-3-2,52,0.01365188,deuteronomy,major_minor,cross_reset
3,22,3-3-1,51,0.01338934,deuteronomy,major_minor,cross_reset
3,23,2-3-4,50,0.0131268,deuteronomy,major_minor,cross_reset
3,24,2-4-3,50,0.0131268,deuteronomy,major_minor,cross_reset
3,25,3-2-4,48,0.01260173,deuteronomy,major_minor,cross_reset
3,26,3-1-3,45,0.01181412,deuteronomy,major_minor,cross_reset
3,27,3-4-2,45,0.01181412,deuteronomy,major_minor,cross_reset
3,28,4-3-3,45,0.01181412,deuteronomy,major_minor,cross_reset
3,29,4-2-3,43,0.01128905,deuteronomy,major_minor,cross_reset
3,30,1-3-3,40,0.01050144,deuteronomy,major_minor,cross_reset
3,31,3-3-4,40,0.01050144,deuteronomy,major_minor,cross_reset
3,32,3-4-3,40,0.01050144,deuteronomy,major_minor,cross_reset
3,33,1-1-2,38,0.00997637,deuteronomy,major_minor,cross_reset
3,34,4-4-2,35,0.00918876,deuteronomy,major_minor,cross_reset
3,35,2-1-1,35,0.00918876,deuteronomy,major_minor,cross_reset
3,36,4-1-2,34,0.00892623,deuteronomy,major_minor,cross_reset
3,37,2-1-4,33,0.00866369,deuteronomy,major_minor,cross_reset
3,38,3-1-1,31,0.00813862,deuteronomy,major_minor,cross_reset
3,39,4-2-4,31,0.00813862,deuteronomy,major_minor,cross_reset
3,40,1-2-1,31,0.00813862,deuteronomy,major_minor,cross_reset
3,41,1-1-3,29,0.00761355,deuteronomy,major_minor,cross_reset
3,42,4-3-4,29,0.00761355,deuteronomy,major_minor,cross_reset
3,43,3-4-4,29,0.00761355,deuteronomy,major_minor,cross_reset
3,44,1-3-1,28,0.00735101,deuteronomy,major_minor,cross_reset
3,45,1-4-2,28,0.00735101,deuteronomy,major_minor,cross_reset
3,46,1-4-3,27,0.00708847,deuteronomy,major_minor,cross_reset
3,47,3-4-1,27,0.00708847,deuteronomy,major_minor,cross_reset
3,48,4-4-3,27,0.00708847,deuteronomy,major_minor,cross_reset
3,49,3-1-4,25,0.0065634,deuteronomy,major_minor,cross_reset
3,50,2-4-1,25,0.0065634,deuteronomy,major_minor,cross_reset
4,1,2-2-3-2,68,0.01785714,deuteronomy,major_minor,cross_reset
4,2,2-2-2-3,57,0.01496849,deuteronomy,major_minor,cross_reset
4,3,2-3-2-2,56,0.01470588,deuteronomy,major_minor,cross_reset
4,4,2-2-2-2,53,0.01391807,deuteronomy,major_minor,cross_reset
4,5,3-2-2-2,45,0.01181723,deuteronomy,major_minor,cross_reset
4,6,3-2-2-3,40,0.0105042,deuteronomy,major_minor,cross_reset
4,7,2-2-3-3,38,0.00997899,deuteronomy,major_minor,cross_reset
4,8,3-2-3-2,35,0.00919118,deuteronomy,major_minor,cross_reset
4,9,3-3-2-2,35,0.00919118,deuteronomy,major_minor,cross_reset
4,10,2-3-3-3,34,0.00892857,deuteronomy,major_minor,cross_reset
4,11,2-3-2-3,32,0.00840336,deuteronomy,major_minor,cross_reset
4,12,2-3-3-2,32,0.00840336,deuteronomy,major_minor,cross_reset
4,13,3-3-2-3,32,0.00840336,deuteronomy,major_minor,cross_reset
4,14,1-2-2-2,32,0.00840336,deuteronomy,major_minor,cross_reset
4,15,2-2-2-1,29,0.00761555,deuteronomy,major_minor,cross_reset
4,16,2-2-1-2,29,0.00761555,deuteronomy,major_minor,cross_reset
4,17,3-3-3-2,28,0.00735294,deuteronomy,major_minor,cross_reset
4,18,3-1-2-2,28,0.00735294,deuteronomy,major_minor,cross_reset
4,19,3-3-3-3,26,0.00682773,deuteronomy,major_minor,cross_reset
4,20,1-2-2-3,26,0.00682773,deuteronomy,major_minor,cross_reset
4,21,2-3-1-2,25,0.00656513,deuteronomy,major_minor,cross_reset
4,22,2-4-2-2,25,0.00656513,deuteronomy,major_minor,cross_reset
4,23,3-2-3-3,24,0.00630252,deuteronomy,major_minor,cross_reset
4,24,2-2-3-1,23,0.00603992,deuteronomy,major_minor,cross_reset
4,25,4-2-2-3,23,0.00603992,deuteronomy,major_minor,cross_reset
4,26,2-3-2-1,23,0.00603992,deuteronomy,major_minor,cross_reset
4,27,3-2-3-1,22,0.00577731,deuteronomy,major_minor,cross_reset
4,28,3-3-1-2,22,0.00577731,deuteronomy,major_minor,cross_reset
4,29,1-2-3-2,22,0.00577731,deuteronomy,major_minor,cross_reset
4,30,2-3-1-3,21,0.00551471,deuteronomy,major_minor,cross_reset
4,31,3-1-2-3,21,0.00551471,deuteronomy,major_minor,cross_reset
4,32,2-3-4-3,21,0.00551471,deuteronomy,major_minor,cross_reset
4,33,2-2-1-3,21,0.00551471,deuteronomy,major_minor,cross_reset
4,34,3-2-2-1,21,0.00551471,deuteronomy,major_minor,cross_reset
4,35,1-1-2-2,21,0.00551471,deuteronomy,major_minor,cross_reset
4,36,3-2-4-3,20,0.0052521,deuteronomy,major_minor,cross_reset
4,37,2-1-2-3,20,0.0052521,deuteronomy,major_minor,cross_reset
4,38,2-2-4-2,20,0.0052521,deuteronomy,major_minor,cross_reset
4,39,2-1-2-2,20,0.0052521,deuteronomy,major_minor,cross_reset
4,40,1-2-3-3,19,0.0049895,deuteronomy,major_minor,cross_reset
4,41,2-3-3-1,19,0.0049895,deuteronomy,major_minor,cross_reset
4,42,3-2-1-3,19,0.0049895,deuteronomy,major_minor,cross_reset
4,43,2-3-2-4,19,0.0049895,deuteronomy,major_minor,cross_reset
4,44,4-2-2-2,19,0.0049895,deuteronomy,major_minor,cross_reset
4,45,2-1-3-2,18,0.00472689,deuteronomy,major_minor,cross_reset
4,46,3-2-2-4,18,0.00472689,deuteronomy,major_minor,cross_reset
4,47,2-3-1-1,18,0.00472689,deuteronomy,major_minor,cross_reset
4,48,2-4-3-2,18,0.00472689,deuteronomy,major_minor,cross_reset
4,49,4-1-2-3,17,0.00446429,deuteronomy,major_minor,cross_reset
4,50,4-3-2-2,17,0.00446429,deuteronomy,major_minor,cross_reset
5,1,2-2-3-2-2,29,0.00761755,deuteronomy,major_minor,cross_reset
5,2,2-2-2-3-2,25,0.00656685,deuteronomy,major_minor,cross_reset
5,3,2-2-2-2-3,20,0.00525348,deuteronomy,major_minor,cross_reset
5,4,2-3-2-2-3,20,0.00525348,deuteronomy,major_minor,cross_reset
5,5,2-2-2-2-2,18,0.00472813,deuteronomy,major_minor,cross_reset
5,6,3-3-2-2-2,16,0.00420278,deuteronomy,major_minor,cross_reset
5,7,2-3-2-2-2,16,0.00420278,deuteronomy,major_minor,cross_reset
5,8,3-2-2-3-2,15,0.00394011,deuteronomy,major_minor,cross_reset
5,9,2-2-2-3-3,15,0.00394011,deuteronomy,major_minor,cross_reset
5,10,2-2-3-3-3,14,0.00367744,deuteronomy,major_minor,cross_reset
5,11,3-2-2-2-3,14,0.00367744,deuteronomy,major_minor,cross_reset
5,12,3-1-2-2-3,13,0.00341476,deuteronomy,major_minor,cross_reset
5,13,2-3-3-3-3,13,0.00341476,deuteronomy,major_minor,cross_reset
5,14,4-2-2-3-2,13,0.00341476,deuteronomy,major_minor,cross_reset
5,15,2-2-1-2-2,13,0.00341476,deuteronomy,major_minor,cross_reset
5,16,2-2-3-2-1,13,0.00341476,deuteronomy,major_minor,cross_reset
5,17,1-2-2-2-2,13,0.00341476,deuteronomy,major_minor,cross_reset
5,18,3-2-2-2-2,12,0.00315209,deuteronomy,major_minor,cross_reset
5,19,3-2-3-2-2,12,0.00315209,deuteronomy,major_minor,cross_reset
5,20,3-3-1-2-3,11,0.00288941,deuteronomy,major_minor,cross_reset
5,21,2-3-2-3-3,11,0.00288941,deuteronomy,major_minor,cross_reset
5,22,3-3-3-2-3,11,0.00288941,deuteronomy,major_minor,cross_reset
5,23,2-3-3-3-2,11,0.00288941,deuteronomy,major_minor,cross_reset
5,24,2-3-1-2-2,11,0.00288941,deuteronomy,major_minor,cross_reset
5,25,3-1-2-2-2,11,0.00288941,deuteronomy,major_minor,cross_reset
5,26,2-2-4-2-2,11,0.00288941,deuteronomy,major_minor,cross_reset
5,27,1-2-2-3-2,11,0.00288941,deuteronomy,major_minor,cross_reset
5,28,4-2-2-2-3,11,0.00288941,deuteronomy,major_minor,cross_reset
5,29,3-2-2-3-3,11,0.00288941,deuteronomy,major_minor,cross_reset
5,30,3-2-3-1-3,10,0.00262674,deuteronomy,major_minor,cross_reset
5,31,3-2-2-2-1,10,0.00262674,deuteronomy,major_minor,cross_reset
5,32,3-3-2-3-2,10,0.00262674,deuteronomy,major_minor,cross_reset
5,33,2-2-3-2-3,10,0.00262674,deuteronomy,major_minor,cross_reset
5,34,2-4-2-2-3,10,0.00262674,deuteronomy,major_minor,cross_reset
5,35,2-3-3-2-2,10,0.00262674,deuteronomy,major_minor,cross_reset
5,36,2-2-3-3-2,10,0.00262674,deuteronomy,major_minor,cross_reset
5,37,1-2-3-2-3,9,0.00236407,deuteronomy,major_minor,cross_reset
5,38,2-3-3-2-3,9,0.00236407,deuteronomy,major_minor,cross_reset
5,39,2-2-2-1-3,9,0.00236407,deuteronomy,major_minor,cross_reset
5,40,2-2-1-2-3,9,0.00236407,deuteronomy,major_minor,cross_reset
5,41,2-3-2-2-4,9,0.00236407,deuteronomy,major_minor,cross_reset
5,42,3-3-2-3-3,9,0.00236407,deuteronomy,major_minor,cross_reset
5,43,2-1-2-2-2,9,0.00236407,deuteronomy,major_minor,cross_reset
5,44,3-2-2-1-2,9,0.00236407,deuteronomy,major_minor,cross_reset
5,45,2-3-2-2-1,9,0.00236407,deuteronomy,major_minor,cross_reset
5,46,3-3-3-2-2,9,0.00236407,deuteronomy,major_minor,cross_reset
5,47,2-3-2-4-3,9,0.00236407,deuteronomy,major_minor,cross_reset
5,48,1-3-3-1-2,9,0.00236407,deuteronomy,major_minor,cross_reset
5,49,2-3-3-4-2,9,0.00236407,deuteronomy,major_minor,cross_reset
5,50,3-3-1-2-2,9,0.00236407,deuteronomy,major_minor,cross_reset
6,1,2-2-2-3-2-2,11,0.00289017,deuteronomy,major_minor,cross_reset
6,2,2-2-3-2-2-2,9,0.00236469,deuteronomy,major_minor,cross_reset
6,3,2-2-2-2-3-2,9,0.00236469,deuteronomy,major_minor,cross_reset
6,4,3-2-2-2-3-2,7,0.0018392,deuteronomy,major_minor,cross_reset
6,5,2-2-1-2-2-2,7,0.0018392,deuteronomy,major_minor,cross_reset
6,6,3-3-2-2-2-3,7,0.0018392,deuteronomy,major_minor,cross_reset
6,7,2-2-3-2-2-1,7,0.0018392,deuteronomy,major_minor,cross_reset
6,8,2-2-3-2-2-3,7,0.0018392,deuteronomy,major_minor,cross_reset
6,9,2-2-3-3-3-2,6,0.00157646,deuteronomy,major_minor,cross_reset
6,10,2-3-3-3-2-3,6,0.00157646,deuteronomy,major_minor,cross_reset
6,11,3-2-3-2-2-3,6,0.00157646,deuteronomy,major_minor,cross_reset
6,12,2-2-2-2-2-3,6,0.00157646,deuteronomy,major_minor,cross_reset
6,13,2-3-1-2-2-3,6,0.00157646,deuteronomy,major_minor,cross_reset
6,14,1-2-2-3-2-2,6,0.00157646,deuteronomy,major_minor,cross_reset
6,15,2-3-2-2-3-3,6,0.00157646,deuteronomy,major_minor,cross_reset
6,16,2-1-3-3-1-2,6,0.00157646,deuteronomy,major_minor,cross_reset
6,17,2-3-2-2-3-2,6,0.00157646,deuteronomy,major_minor,cross_reset
6,18,3-2-2-3-2-2,6,0.00157646,deuteronomy,major_minor,cross_reset
6,19,3-2-3-1-3-2,5,0.00131372,deuteronomy,major_minor,cross_reset
6,20,2-3-3-3-3-4,5,0.00131372,deuteronomy,major_minor,cross_reset
6,21,3-2-2-2-2-3,5,0.00131372,deuteronomy,major_minor,cross_reset
6,22,1-2-3-1-1-2,5,0.00131372,deuteronomy,major_minor,cross_reset
6,23,2-3-3-3-3-2,5,0.00131372,deuteronomy,major_minor,cross_reset
6,24,2-3-2-3-2-2,5,0.00131372,deuteronomy,major_minor,cross_reset
6,25,2-3-2-2-4-3,5,0.00131372,deuteronomy,major_minor,cross_reset
6,26,2-1-2-3-2-3,5,0.00131372,deuteronomy,major_minor,cross_reset
6,27,2-3-2-2-2-2,5,0.00131372,deuteronomy,major_minor,cross_reset
6,28,2-1-2-2-2-2,5,0.00131372,deuteronomy,major_minor,cross_reset
6,29,3-3-2-2-1-2,5,0.00131372,deuteronomy,major_minor,cross_reset
6,30,3-2-2-1-2-2,5,0.00131372,deuteronomy,major_minor,cross_reset
6,31,1-2-2-2-2-2,5,0.00131372,deuteronomy,major_minor,cross_reset
6,32,2-2-2-3-3-3,5,0.00131372,deuteronomy,major_minor,cross_reset
6,33,2-2-2-3-3-2,5,0.00131372,deuteronomy,major_minor,cross_reset
6,34,1-2-2-2-2-3,5,0.00131372,deuteronomy,major_minor,cross_reset
6,35,2-2-2-2-3-3,5,0.00131372,deuteronomy,major_minor,cross_reset
6,36,2-3-3-2-3-2,5,0.00131372,deuteronomy,major_minor,cross_reset
6,37,2-2-3-2-4-3,5,0.00131372,deuteronomy,major_minor,cross_reset
6,38,3-1-2-2-3-2,5,0.00131372,deuteronomy,major_minor,cross_reset
6,39,2-3-2-5-2-2,5,0.00131372,deuteronomy,major_minor,cross_reset
6,40,2-2-2-2-2-1,5,0.00131372,deuteronomy,major_minor,cross_reset
6,41,2-3-2-2-2-3,5,0.00131372,deuteronomy,major_minor,cross_reset
6,42,3-2-2-2-1-3,5,0.00131372,deuteronomy,major_minor,cross_reset
6,43,3-3-3-3-4-2,5,0.00131372,deuteronomy,major_minor,cross_reset
6,44,2-2-2-2-2-2,5,0.00131372,deuteronomy,major_minor,cross_reset
6,45,2-3-1-3-2-3,4,0.00105097,deuteronomy,major_minor,cross_reset
6,46,3-2-2-4-3-3,4,0.00105097,deuteronomy,major_minor,cross_reset
6,47,3-3-1-2-3-2,4,0.00105097,deuteronomy,major_minor,cross_reset
6,48,3-3-2-3-1-3,4,0.00105097,deuteronomy,major_minor,cross_reset
6,49,3-1-2-2-3-3,4,0.00105097,deuteronomy,major_minor,cross_reset
6,50,1-2-2-3-3-3,4,0.00105097,deuteronomy,major_minor,cross_reset
2,1,2-2,1901,0.14979119,deuteronomy,major_minor,all
2,2,3-2,1504,0.11850918,deuteronomy,major_minor,all
2,3,2-3,1490,0.11740604,deuteronomy,major_minor,all
2,4,3-3,1413,0.11133874,deuteronomy,major_minor,all
2,5,2-1,667,0.05255693,deuteronomy,major_minor,all
2,6,1-2,603,0.04751399,deuteronomy,major_minor,all
2,7,4-2,578,0.04554409,deuteronomy,major_minor,all
2,8,2-4,546,0.04302261,deuteronomy,major_minor,all
2,9,4-3,498,0.03924041,deuteronomy,major_minor,all
2,10,3-4,498,0.03924041,deuteronomy,major_minor,all
2,11,3-1,481,0.03790087,deuteronomy,major_minor,all
2,12,1-3,463,0.03648255,deuteronomy,major_minor,all
2,13,1-4,228,0.01796549,deuteronomy,major_minor,all
2,14,1-1,215,0.01694114,deuteronomy,major_minor,all
2,15,4-4,201,0.015838,deuteronomy,major_minor,all
2,16,4-1,200,0.0157592,deuteronomy,major_minor,all
2,17,5-2,165,0.01300134,deuteronomy,major_minor,all
2,18,5-3,160,0.01260736,deuteronomy,major_minor,all
2,19,2-5,147,0.01158301,deuteronomy,major_minor,all
2,20,3-5,136,0.01071626,deuteronomy,major_minor,all
2,21,1-5,88,0.00693405,deuteronomy,major_minor,all
2,22,5-1,65,0.00512174,deuteronomy,major_minor,all
2,23,4-5,51,0.0040186,deuteronomy,major_minor,all
2,24,5-4,45,0.00354582,deuteronomy,major_minor,all
2,25,6-3,45,0.00354582,deuteronomy,major_minor,all
2,26,3-6,43,0.00338823,deuteronomy,major_minor,all
2,27,6-2,43,0.00338823,deuteronomy,major_minor,all
2,28,2-6,40,0.00315184,deuteronomy,major_minor,all
2,29,1-6,28,0.00220629,deuteronomy,major_minor,all
2,30,5-5,24,0.0018911,deuteronomy,major_minor,all
2,31,1-7,15,0.00118194,deuteronomy,major_minor,all
2,32,6-4,14,0.00110314,deuteronomy,major_minor,all
2,33,7-2,14,0.00110314,deuteronomy,major_minor,all
2,34,7-3,11,0.00086676,deuteronomy,major_minor,all
2,35,6-5,11,0.00086676,deuteronomy,major_minor,all
2,36,2-7,11,0.00086676,deuteronomy,major_minor,all
2,37,6-1,9,0.00070916,deuteronomy,major_minor,all
2,38,4-6,7,0.00055157,deuteronomy,major_minor,all
2,39,2-8,6,0.00047278,deuteronomy,major_minor,all
2,40,8-5,5,0.00039398,deuteronomy,major_minor,all
2,41,5-6,3,0.00023639,deuteronomy,major_minor,all
2,42,3-7,3,0.00023639,deuteronomy,major_minor,all
2,43,6-6,3,0.00023639,deuteronomy,major_minor,all
2,44,3-8,3,0.00023639,deuteronomy,major_minor,all
2,45,7-1,3,0.00023639,deuteronomy,major_minor,all
2,46,7-4,2,0.00015759,deuteronomy,major_minor,all
2,47,8-3,2,0.00015759,deuteronomy,major_minor,all
2,48,8-6,1,7.88e-05,deuteronomy,major_minor,all
2,49,4-7,1,7.88e-05,deuteronomy,major_minor,all
2,50,8-4,1,7.88e-05,deuteronomy,major_minor,all
3,1,2-2-2,773,0.06091411,deuteronomy,major_minor,all
3,2,3-2-2,592,0.04665091,deuteronomy,major_minor,all
3,3,2-2-3,585,0.04609929,deuteronomy,major_minor,all
3,4,2-3-2,569,0.04483846,deuteronomy,major_minor,all
3,5,2-3-3,525,0.04137116,deuteronomy,major_minor,all
3,6,3-3-2,497,0.0391647,deuteronomy,major_minor,all
3,7,3-3-3,476,0.03750985,deuteronomy,major_minor,all
3,8,3-2-3,461,0.03632782,deuteronomy,major_minor,all
3,9,2-2-1,263,0.02072498,deuteronomy,major_minor,all
3,10,2-1-2,261,0.02056738,deuteronomy,major_minor,all
3,11,1-2-2,235,0.01851852,deuteronomy,major_minor,all
3,12,4-2-2,215,0.01694247,deuteronomy,major_minor,all
3,13,2-2-4,212,0.01670607,deuteronomy,major_minor,all
3,14,2-4-2,211,0.01662727,deuteronomy,major_minor,all
3,15,3-2-1,201,0.01583924,deuteronomy,major_minor,all
3,16,2-3-1,199,0.01568164,deuteronomy,major_minor,all
3,17,3-3-4,199,0.01568164,deuteronomy,major_minor,all
3,18,1-3-2,197,0.01552403,deuteronomy,major_minor,all
3,19,2-1-3,188,0.01481481,deuteronomy,major_minor,all
3,20,4-3-3,188,0.01481481,deuteronomy,major_minor,all
3,21,4-2-3,187,0.01473601,deuteronomy,major_minor,all
3,22,2-4-3,185,0.01457841,deuteronomy,major_minor,all
3,23,3-4-2,185,0.01457841,deuteronomy,major_minor,all
3,24,1-2-3,184,0.01449961,deuteronomy,major_minor,all
3,25,3-2-4,179,0.01410559,deuteronomy,major_minor,all
3,26,3-1-2,170,0.01339638,deuteronomy,major_minor,all
3,27,3-4-3,160,0.01260835,deuteronomy,major_minor,all
3,28,2-3-4,158,0.01245075,deuteronomy,major_minor,all
3,29,3-3-1,157,0.01237195,deuteronomy,major_minor,all
3,30,4-3-2,155,0.01221434,deuteronomy,major_minor,all
3,31,1-3-3,147,0.01158392,deuteronomy,major_minor,all
3,32,3-1-3,137,0.0107959,deuteronomy,major_minor,all
3,33,1-2-1,93,0.00732861,deuteronomy,major_minor,all
3,34,4-2-1,93,0.00732861,deuteronomy,major_minor,all
3,35,1-4-2,86,0.00677699,deuteronomy,major_minor,all
3,36,2-1-4,85,0.00669819,deuteronomy,major_minor,all
3,37,2-1-1,85,0.00669819,deuteronomy,major_minor,all
3,38,1-4-3,79,0.00622537,deuteronomy,major_minor,all
3,39,3-1-4,77,0.00606777,deuteronomy,major_minor,all
3,40,4-1-2,76,0.00598897,deuteronomy,major_minor,all
3,41,2-4-1,74,0.00583136,deuteronomy,major_minor,all
3,42,5-3-2,73,0.00575256,deuteronomy,major_minor,all
3,43,1-1-2,72,0.00567376,deuteronomy,major_minor,all
3,44,4-4-2,71,0.00559496,deuteronomy,major_minor,all
3,45,3-4-4,71,0.00559496,deuteronomy,major_minor,all
3,46,4-3-4,70,0.00551615,deuteronomy,major_minor,all
3,47,3-1-1,69,0.00543735,deuteronomy,major_minor,all
3,48,1-2-4,69,0.00543735,deuteronomy,major_minor,all
3,49,1-1-3,66,0.00520095,deuteronomy,major_minor,all
3,50,3-3-5,65,0.00512214,deuteronomy,major_minor,all
4,1,2-2-2-2,341,0.02687367,deuteronomy,major_minor,all
4,2,2-2-3-2,245,0.01930806,deuteronomy,major_minor,all
4,3,3-2-2-2,238,0.0187564,deuteronomy,major_minor,all
4,4,2-3-2-2,233,0.01836236,deuteronomy,major_minor,all
4,5,2-2-2-3,210,0.01654977,deuteronomy,major_minor,all
4,6,2-2-3-3,203,0.01599811,deuteronomy,major_minor,all
4,7,2-3-3-2,199,0.01568287,deuteronomy,major_minor,all
4,8,3-3-2-2,188,0.01481598,deuteronomy,major_minor,all
4,9,3-2-2-3,186,0.01465837,deuteronomy,major_minor,all
4,10,3-2-3-2,184,0.01450075,deuteronomy,major_minor,all
4,11,2-3-2-3,179,0.01410671,deuteronomy,major_minor,all
4,12,2-3-3-3,175,0.01379147,deuteronomy,major_minor,all
4,13,3-2-3-3,160,0.01260935,deuteronomy,major_minor,all
4,14,3-3-3-3,160,0.01260935,deuteronomy,major_minor,all
4,15,3-3-3-2,156,0.01229411,deuteronomy,major_minor,all
4,16,3-3-2-3,154,0.0121365,deuteronomy,major_minor,all
4,17,2-2-2-1,106,0.00835369,deuteronomy,major_minor,all
4,18,2-1-2-2,101,0.00795965,deuteronomy,major_minor,all
4,19,2-2-1-2,97,0.00764442,deuteronomy,major_minor,all
4,20,2-2-2-4,93,0.00732918,deuteronomy,major_minor,all
4,21,1-2-2-2,93,0.00732918,deuteronomy,major_minor,all
4,22,2-1-3-2,92,0.00725037,deuteronomy,major_minor,all
4,23,1-3-2-2,91,0.00717157,deuteronomy,major_minor,all
4,24,4-2-2-3,87,0.00685633,deuteronomy,major_minor,all
4,25,3-2-2-1,84,0.00661991,deuteronomy,major_minor,all
4,26,2-3-1-2,83,0.0065411,deuteronomy,major_minor,all
4,27,2-2-4-2,81,0.00638348,deuteronomy,major_minor,all
4,28,2-3-3-4,79,0.00622586,deuteronomy,major_minor,all
4,29,3-2-1-2,79,0.00622586,deuteronomy,major_minor,all
4,30,2-1-2-3,77,0.00606825,deuteronomy,major_minor,all
4,31,3-3-4-2,77,0.00606825,deuteronomy,major_minor,all
4,32,4-2-3-3,75,0.00591063,deuteronomy,major_minor,all
4,33,3-2-4-2,74,0.00583182,deuteronomy,major_minor,all
4,34,3-3-2-1,74,0.00583182,deuteronomy,major_minor,all
4,35,2-4-2-3,72,0.00567421,deuteronomy,major_minor,all
4,36,2-4-2-2,71,0.0055954,deuteronomy,major_minor,all
4,37,3-4-2-2,71,0.0055954,deuteronomy,major_minor,all
4,38,2-2-4-3,71,0.0055954,deuteronomy,major_minor,all
4,39,1-2-2-3,70,0.00551659,deuteronomy,major_minor,all
4,40,4-2-2-2,69,0.00543778,deuteronomy,major_minor,all
4,41,3-3-4-3,69,0.00543778,deuteronomy,major_minor,all
4,42,2-2-3-1,69,0.00543778,deuteronomy,major_minor,all
4,43,2-2-1-3,68,0.00535897,deuteronomy,major_minor,all
4,44,2-3-2-4,68,0.00535897,deuteronomy,major_minor,all
4,45,3-3-3-4,68,0.00535897,deuteronomy,major_minor,all
4,46,3-1-2-2,66,0.00520136,deuteronomy,major_minor,all
4,47,2-3-2-1,66,0.00520136,deuteronomy,major_minor,all
4,48,2-4-3-2,65,0.00512255,deuteronomy,major_minor,all
4,49,4-3-3-3,64,0.00504374,deuteronomy,major_minor,all
4,50,3-4-3-3,64,0.00504374,deuteronomy,major_minor,all
5,1,2-2-2-2-2,154,0.01213745,deuteronomy,major_minor,all
5,2,3-2-2-2-2,109,0.00859079,deuteronomy,major_minor,all
5,3,2-2-3-2-2,97,0.00764502,deuteronomy,major_minor,all
5,4,2-3-2-2-2,96,0.0075662,deuteronomy,major_minor,all
5,5,2-2-2-3-2,93,0.00732976,deuteronomy,major_minor,all
5,6,2-2-2-2-3,87,0.00685687,deuteronomy,major_minor,all
5,7,2-2-3-2-3,83,0.00654161,deuteronomy,major_minor,all
5,8,3-2-2-3-2,80,0.00630517,deuteronomy,major_minor,all
5,9,2-3-3-2-2,78,0.00614754,deuteronomy,major_minor,all
5,10,2-3-2-2-3,76,0.00598991,deuteronomy,major_minor,all
5,11,3-2-3-2-2,74,0.00583228,deuteronomy,major_minor,all
5,12,2-3-2-3-2,72,0.00567465,deuteronomy,major_minor,all
5,13,2-2-3-3-2,72,0.00567465,deuteronomy,major_minor,all
5,14,2-2-3-3-3,69,0.00543821,deuteronomy,major_minor,all
5,15,3-3-2-2-3,68,0.00535939,deuteronomy,major_minor,all
5,16,3-2-2-3-3,68,0.00535939,deuteronomy,major_minor,all
5,17,2-3-3-3-2,67,0.00528058,deuteronomy,major_minor,all
5,18,2-2-2-3-3,67,0.00528058,deuteronomy,major_minor,all
5,19,2-3-2-3-3,65,0.00512295,deuteronomy,major_minor,all
5,20,3-2-2-2-3,65,0.00512295,deuteronomy,major_minor,all
5,21,3-3-2-2-2,64,0.00504414,deuteronomy,major_minor,all
5,22,2-3-3-2-3,63,0.00496532,deuteronomy,major_minor,all
5,23,2-3-3-3-3,60,0.00472888,deuteronomy,major_minor,all
5,24,3-2-3-3-3,58,0.00457125,deuteronomy,major_minor,all
5,25,3-2-3-2-3,57,0.00449243,deuteronomy,major_minor,all
5,26,3-2-3-3-2,57,0.00449243,deuteronomy,major_minor,all
5,27,3-3-3-2-2,56,0.00441362,deuteronomy,major_minor,all
5,28,3-3-2-3-2,55,0.0043348,deuteronomy,major_minor,all
5,29,3-3-2-3-3,54,0.00425599,deuteronomy,major_minor,all
5,30,3-3-3-3-3,54,0.00425599,deuteronomy,major_minor,all
5,31,2-2-2-2-1,53,0.00417718,deuteronomy,major_minor,all
5,32,3-3-3-3-2,44,0.00346784,deuteronomy,major_minor,all
5,33,3-3-3-2-3,43,0.00338903,deuteronomy,major_minor,all
5,34,1-2-2-2-2,43,0.00338903,deuteronomy,major_minor,all
5,35,1-3-2-2-2,42,0.00331021,deuteronomy,major_minor,all
5,36,2-2-2-1-2,41,0.0032314,deuteronomy,major_minor,all
5,37,2-1-3-2-2,41,0.0032314,deuteronomy,major_minor,all
5,38,2-2-2-2-4,39,0.00307377,deuteronomy,major_minor,all
5,39,2-1-2-2-2,38,0.00299496,deuteronomy,major_minor,all
5,40,2-2-1-3-2,36,0.00283733,deuteronomy,major_minor,all
5,41,2-3-3-4-2,35,0.00275851,deuteronomy,major_minor,all
5,42,2-2-1-2-2,34,0.0026797,deuteronomy,major_minor,all
5,43,2-3-3-2-1,34,0.0026797,deuteronomy,major_minor,all
5,44,4-2-2-3-3,33,0.00260088,deuteronomy,major_minor,all
5,45,4-2-2-3-2,33,0.00260088,deuteronomy,major_minor,all
5,46,2-3-1-2-2,33,0.00260088,deuteronomy,major_minor,all
5,47,2-2-2-4-2,33,0.00260088,deuteronomy,major_minor,all
5,48,3-2-2-2-4,33,0.00260088,deuteronomy,major_minor,all
5,49,3-2-1-3-2,33,0.00260088,deuteronomy,major_minor,all
5,50,2-2-3-1-2,32,0.00252207,deuteronomy,major_minor,all
6,1,2-2-2-2-2-2,78,0.00614803,deuteronomy,major_minor,all
6,2,2-2-3-2-2-2,48,0.0037834,deuteronomy,major_minor,all
6,3,3-2-2-2-2-2,45,0.00354694,deuteronomy,major_minor,all
6,4,2-3-2-2-2-2,43,0.0033893,deuteronomy,major_minor,all
6,5,2-2-3-2-3-2,39,0.00307401,deuteronomy,major_minor,all
6,6,2-2-2-2-3-2,38,0.00299519,deuteronomy,major_minor,all
6,7,2-2-2-2-2-3,38,0.00299519,deuteronomy,major_minor,all
6,8,2-2-2-3-2-2,35,0.00275873,deuteronomy,major_minor,all
6,9,3-2-2-2-3-2,35,0.00275873,deuteronomy,major_minor,all
6,10,3-3-2-2-2-2,34,0.00267991,deuteronomy,major_minor,all
6,11,3-2-2-3-2-2,34,0.00267991,deuteronomy,major_minor,all
6,12,3-2-2-2-2-3,33,0.00260109,deuteronomy,major_minor,all
6,13,2-2-3-3-2-2,33,0.00260109,deuteronomy,major_minor,all
6,14,2-3-2-2-3-2,33,0.00260109,deuteronomy,major_minor,all
6,15,3-2-2-3-2-3,31,0.00244345,deuteronomy,major_minor,all
6,16,2-2-3-2-3-3,30,0.00236463,deuteronomy,major_minor,all
6,17,2-3-3-2-2-2,30,0.00236463,deuteronomy,major_minor,all
6,18,3-3-2-2-3-2,30,0.00236463,deuteronomy,major_minor,all
6,19,2-2-3-3-3-2,29,0.0022858,deuteronomy,major_minor,all
6,20,3-2-3-2-2-3,29,0.0022858,deuteronomy,major_minor,all
6,21,2-3-2-3-2-2,28,0.00220698,deuteronomy,major_minor,all
6,22,2-3-2-3-3-3,28,0.00220698,deuteronomy,major_minor,all
6,23,2-2-2-3-2-3,27,0.00212816,deuteronomy,major_minor,all
6,24,3-3-2-2-3-3,27,0.00212816,deuteronomy,major_minor,all
6,25,3-2-3-2-2-2,26,0.00204934,deuteronomy,major_minor,all
6,26,2-3-3-3-2-2,26,0.00204934,deuteronomy,major_minor,all
6,27,2-3-3-2-2-3,26,0.00204934,deuteronomy,major_minor,all
6,28,2-3-2-2-3-3,26,0.00204934,deuteronomy,major_minor,all
6,29,2-3-2-2-2-3,26,0.00204934,deuteronomy,major_minor,all
6,30,2-3-3-2-3-2,25,0.00197052,deuteronomy,major_minor,all
6,31,2-2-2-3-3-3,25,0.00197052,deuteronomy,major_minor,all
6,32,2-2-2-2-3-3,25,0.00197052,deuteronomy,major_minor,all
6,33,3-3-2-3-2-2,24,0.0018917,deuteronomy,major_minor,all
6,34,2-2-2-3-3-2,24,0.0018917,deuteronomy,major_minor,all
6,35,3-2-2-3-3-2,24,0.0018917,deuteronomy,major_minor,all
6,36,2-3-2-3-2-3,23,0.00181288,deuteronomy,major_minor,all
6,37,2-3-2-3-3-2,23,0.00181288,deuteronomy,major_minor,all
6,38,3-2-3-3-3-3,22,0.00173406,deuteronomy,major_minor,all
6,39,2-2-3-2-2-3,22,0.00173406,deuteronomy,major_minor,all
6,40,2-3-3-2-3-3,22,0.00173406,deuteronomy,major_minor,all
6,41,3-3-3-2-2-3,22,0.00173406,deuteronomy,major_minor,all
6,42,2-2-2-2-2-1,21,0.00165524,deuteronomy,major_minor,all
6,43,2-2-3-3-3-3,21,0.00165524,deuteronomy,major_minor,all
6,44,3-2-2-2-2-1,20,0.00157642,deuteronomy,major_minor,all
6,45,3-2-3-2-3-3,20,0.00157642,deuteronomy,major_minor,all
6,46,3-3-3-3-3-3,20,0.00157642,deuteronomy,major_minor,all
6,47,2-1-3-2-2-2,20,0.00157642,deuteronomy,major_minor,all
6,48,3-2-2-3-3-3,20,0.00157642,deuteronomy,major_minor,all
6,49,2-2-2-2-1-2,20,0.00157642,deuteronomy,major_minor,all
6,50,1-3-2-2-2-2,19,0.0014976,deuteronomy,major_minor,all
