measure,ngram_n,rank,pattern,count,share,level,book,run_label
word_count,2,1,13-11,16,0.01046436,verse,genesis,main
word_count,2,2,12-11,16,0.01046436,verse,genesis,main
word_count,2,3,14-11,15,0.00981033,verse,genesis,main
word_count,2,4,10-11,14,0.00915631,verse,genesis,main
word_count,2,5,14-10,14,0.00915631,verse,genesis,main
word_count,2,6,13-13,13,0.00850229,verse,genesis,main
word_count,2,7,11-8,13,0.00850229,verse,genesis,main
word_count,2,8,17-12,13,0.00850229,verse,genesis,main
word_count,2,9,7-14,12,0.00784827,verse,genesis,main
word_count,2,10,12-13,12,0.00784827,verse,genesis,main
word_count,2,11,14-13,12,0.00784827,verse,genesis,main
word_count,2,12,13-10,12,0.00784827,verse,genesis,main
word_count,2,13,11-15,12,0.00784827,verse,genesis,main
word_count,2,14,11-12,11,0.00719424,verse,genesis,main
word_count,2,15,15-12,11,0.00719424,verse,genesis,main
word_count,2,16,9-14,11,0.00719424,verse,genesis,main
word_count,2,17,15-10,11,0.00719424,verse,genesis,main
word_count,2,18,15-15,11,0.00719424,verse,genesis,main
word_count,2,19,11-14,11,0.00719424,verse,genesis,main
word_count,2,20,11-11,11,0.00719424,verse,genesis,main
word_count,2,21,11-17,10,0.00654022,verse,genesis,main
word_count,2,22,10-13,10,0.00654022,verse,genesis,main
word_count,2,23,13-12,10,0.00654022,verse,genesis,main
word_count,2,24,10-12,10,0.00654022,verse,genesis,main
word_count,2,25,15-13,10,0.00654022,verse,genesis,main
word_count,2,26,10-15,10,0.00654022,verse,genesis,main
word_count,2,27,8-14,10,0.00654022,verse,genesis,main
word_count,2,28,14-15,10,0.00654022,verse,genesis,main
word_count,2,29,13-14,10,0.00654022,verse,genesis,main
word_count,2,30,12-15,10,0.00654022,verse,genesis,main
word_count,2,31,8-16,10,0.00654022,verse,genesis,main
word_count,2,32,9-18,9,0.0058862,verse,genesis,main
word_count,2,33,11-10,9,0.0058862,verse,genesis,main
word_count,2,34,9-17,9,0.0058862,verse,genesis,main
word_count,2,35,11-9,9,0.0058862,verse,genesis,main
word_count,2,36,14-17,9,0.0058862,verse,genesis,main
word_count,2,37,13-9,9,0.0058862,verse,genesis,main
word_count,2,38,17-10,8,0.00523218,verse,genesis,main
word_count,2,39,16-9,8,0.00523218,verse,genesis,main
word_count,2,40,18-8,8,0.00523218,verse,genesis,main
word_count,2,41,6-14,8,0.00523218,verse,genesis,main
word_count,2,42,16-12,8,0.00523218,verse,genesis,main
word_count,2,43,11-13,8,0.00523218,verse,genesis,main
word_count,2,44,12-12,8,0.00523218,verse,genesis,main
word_count,2,45,14-9,8,0.00523218,verse,genesis,main
word_count,2,46,17-16,8,0.00523218,verse,genesis,main
word_count,2,47,12-9,8,0.00523218,verse,genesis,main
word_count,2,48,14-8,8,0.00523218,verse,genesis,main
word_count,2,49,20-9,8,0.00523218,verse,genesis,main
word_count,2,50,16-14,8,0.00523218,verse,genesis,main
word_count,3,1,10-13-12,3,0.00196335,verse,genesis,main
word_count,3,2,15-7-14,3,0.00196335,verse,genesis,main
word_count,3,3,15-12-12,3,0.00196335,verse,genesis,main
word_count,3,4,9-17-16,3,0.00196335,verse,genesis,main
word_count,3,5,12-11-12,3,0.00196335,verse,genesis,main
word_count,3,6,12-9-14,3,0.00196335,verse,genesis,main
word_count,3,7,9-14-11,3,0.00196335,verse,genesis,main
word_count,3,8,14-10-9,3,0.00196335,verse,genesis,main
word_count,3,9,14-15-15,3,0.00196335,verse,genesis,main
word_count,3,10,11-11-10,3,0.00196335,verse,genesis,main
word_count,3,11,14-15-18,3,0.00196335,verse,genesis,main
word_count,3,12,10-11-14,3,0.00196335,verse,genesis,main
word_count,3,13,11-13-10,3,0.00196335,verse,genesis,main
word_count,3,14,13-10-18,3,0.00196335,verse,genesis,main
word_count,3,15,14-13-11,3,0.00196335,verse,genesis,main
word_count,3,16,16-9-19,3,0.00196335,verse,genesis,main
word_count,3,17,19-13-13,3,0.00196335,verse,genesis,main
word_count,3,18,9-13-14,3,0.00196335,verse,genesis,main
word_count,3,19,13-11-7,3,0.00196335,verse,genesis,main
word_count,3,20,13-13-11,3,0.00196335,verse,genesis,main
word_count,3,21,13-11-17,2,0.0013089,verse,genesis,main
word_count,3,22,11-17-10,2,0.0013089,verse,genesis,main
word_count,3,23,16-9-18,2,0.0013089,verse,genesis,main
word_count,3,24,9-18-8,2,0.0013089,verse,genesis,main
word_count,3,25,12-6-15,2,0.0013089,verse,genesis,main
word_count,3,26,23-13-6,2,0.0013089,verse,genesis,main
word_count,3,27,19-13-22,2,0.0013089,verse,genesis,main
word_count,3,28,21-15-5,2,0.0013089,verse,genesis,main
word_count,3,29,11-12-8,2,0.0013089,verse,genesis,main
word_count,3,30,8-10-12,2,0.0013089,verse,genesis,main
word_count,3,31,10-12-10,2,0.0013089,verse,genesis,main
word_count,3,32,15-13-13,2,0.0013089,verse,genesis,main
word_count,3,33,13-15-13,2,0.0013089,verse,genesis,main
word_count,3,34,13-18-8,2,0.0013089,verse,genesis,main
word_count,3,35,8-10-15,2,0.0013089,verse,genesis,main
word_count,3,36,14-9-13,2,0.0013089,verse,genesis,main
word_count,3,37,9-13-11,2,0.0013089,verse,genesis,main
word_count,3,38,15-14-13,2,0.0013089,verse,genesis,main
word_count,3,39,14-13-10,2,0.0013089,verse,genesis,main
word_count,3,40,13-10-14,2,0.0013089,verse,genesis,main
word_count,3,41,10-14-13,2,0.0013089,verse,genesis,main
word_count,3,42,14-12-11,2,0.0013089,verse,genesis,main
word_count,3,43,11-12-13,2,0.0013089,verse,genesis,main
word_count,3,44,13-12-9,2,0.0013089,verse,genesis,main
word_count,3,45,10-7-14,2,0.0013089,verse,genesis,main
word_count,3,46,11-10-12,2,0.0013089,verse,genesis,main
word_count,3,47,12-11-8,2,0.0013089,verse,genesis,main
word_count,3,48,11-8-14,2,0.0013089,verse,genesis,main
word_count,3,49,8-14-10,2,0.0013089,verse,genesis,main
word_count,3,50,10-9-10,2,0.0013089,verse,genesis,main
word_count,4,1,15-14-13-10,2,0.00130976,verse,genesis,main
word_count,4,2,13-10-14-13,2,0.00130976,verse,genesis,main
word_count,4,3,16-14-13-11,2,0.00130976,verse,genesis,main
word_count,4,4,20-15-12-11,2,0.00130976,verse,genesis,main
word_count,4,5,14-11-8-12,2,0.00130976,verse,genesis,main
word_count,4,6,6-15-15-15,2,0.00130976,verse,genesis,main
word_count,4,7,9-13-14-15,2,0.00130976,verse,genesis,main
word_count,4,8,13-14-15-18,2,0.00130976,verse,genesis,main
word_count,4,9,15-10-15-10,2,0.00130976,verse,genesis,main
word_count,4,10,7-14-6-12,1,0.00065488,verse,genesis,main
word_count,4,11,14-6-12-13,1,0.00065488,verse,genesis,main
word_count,4,12,6-12-13-11,1,0.00065488,verse,genesis,main
word_count,4,13,12-13-11-17,1,0.00065488,verse,genesis,main
word_count,4,14,13-11-17-10,1,0.00065488,verse,genesis,main
word_count,4,15,11-17-10-13,1,0.00065488,verse,genesis,main
word_count,4,16,17-10-13-12,1,0.00065488,verse,genesis,main
word_count,4,17,10-13-12-20,1,0.00065488,verse,genesis,main
word_count,4,18,13-12-20-18,1,0.00065488,verse,genesis,main
word_count,4,19,12-20-18-6,1,0.00065488,verse,genesis,main
word_count,4,20,20-18-6-16,1,0.00065488,verse,genesis,main
word_count,4,21,18-6-16-9,1,0.00065488,verse,genesis,main
word_count,4,22,6-16-9-18,1,0.00065488,verse,genesis,main
word_count,4,23,16-9-18-8,1,0.00065488,verse,genesis,main
word_count,4,24,9-18-8-12,1,0.00065488,verse,genesis,main
word_count,4,25,18-8-12-6,1,0.00065488,verse,genesis,main
word_count,4,26,8-12-6-15,1,0.00065488,verse,genesis,main
word_count,4,27,12-6-15-23,1,0.00065488,verse,genesis,main
word_count,4,28,6-15-23-13,1,0.00065488,verse,genesis,main
word_count,4,29,15-23-13-6,1,0.00065488,verse,genesis,main
word_count,4,30,23-13-6-14,1,0.00065488,verse,genesis,main
word_count,4,31,13-6-14-18,1,0.00065488,verse,genesis,main
word_count,4,32,6-14-18-19,1,0.00065488,verse,genesis,main
word_count,4,33,14-18-19-13,1,0.00065488,verse,genesis,main
word_count,4,34,18-19-13-22,1,0.00065488,verse,genesis,main
word_count,4,35,19-13-22-27,1,0.00065488,verse,genesis,main
word_count,4,36,13-22-27-21,1,0.00065488,verse,genesis,main
word_count,4,37,22-27-21-15,1,0.00065488,verse,genesis,main
word_count,4,38,27-21-15-5,1,0.00065488,verse,genesis,main
word_count,4,39,21-15-5-14,1,0.00065488,verse,genesis,main
word_count,4,40,15-5-14-16,1,0.00065488,verse,genesis,main
word_count,4,41,5-14-16-11,1,0.00065488,verse,genesis,main
word_count,4,42,14-16-11-23,1,0.00065488,verse,genesis,main
word_count,4,43,16-11-23-9,1,0.00065488,verse,genesis,main
word_count,4,44,11-23-9-16,1,0.00065488,verse,genesis,main
word_count,4,45,23-9-16-12,1,0.00065488,verse,genesis,main
word_count,4,46,9-16-12-19,1,0.00065488,verse,genesis,main
word_count,4,47,16-12-19-11,1,0.00065488,verse,genesis,main
word_count,4,48,12-19-11-12,1,0.00065488,verse,genesis,main
word_count,4,49,19-11-12-8,1,0.00065488,verse,genesis,main
word_count,4,50,11-12-8-10,1,0.00065488,verse,genesis,main
word_count,5,1,9-13-14-15-18,2,0.00131062,verse,genesis,main
word_count,5,2,7-14-6-12-13,1,0.00065531,verse,genesis,main
word_count,5,3,14-6-12-13-11,1,0.00065531,verse,genesis,main
word_count,5,4,6-12-13-11-17,1,0.00065531,verse,genesis,main
word_count,5,5,12-13-11-17-10,1,0.00065531,verse,genesis,main
word_count,5,6,13-11-17-10-13,1,0.00065531,verse,genesis,main
word_count,5,7,11-17-10-13-12,1,0.00065531,verse,genesis,main
word_count,5,8,17-10-13-12-20,1,0.00065531,verse,genesis,main
word_count,5,9,10-13-12-20-18,1,0.00065531,verse,genesis,main
word_count,5,10,13-12-20-18-6,1,0.00065531,verse,genesis,main
word_count,5,11,12-20-18-6-16,1,0.00065531,verse,genesis,main
word_count,5,12,20-18-6-16-9,1,0.00065531,verse,genesis,main
word_count,5,13,18-6-16-9-18,1,0.00065531,verse,genesis,main
word_count,5,14,6-16-9-18-8,1,0.00065531,verse,genesis,main
word_count,5,15,16-9-18-8-12,1,0.00065531,verse,genesis,main
word_count,5,16,9-18-8-12-6,1,0.00065531,verse,genesis,main
word_count,5,17,18-8-12-6-15,1,0.00065531,verse,genesis,main
word_count,5,18,8-12-6-15-23,1,0.00065531,verse,genesis,main
word_count,5,19,12-6-15-23-13,1,0.00065531,verse,genesis,main
word_count,5,20,6-15-23-13-6,1,0.00065531,verse,genesis,main
word_count,5,21,15-23-13-6-14,1,0.00065531,verse,genesis,main
word_count,5,22,23-13-6-14-18,1,0.00065531,verse,genesis,main
word_count,5,23,13-6-14-18-19,1,0.00065531,verse,genesis,main
word_count,5,24,6-14-18-19-13,1,0.00065531,verse,genesis,main
word_count,5,25,14-18-19-13-22,1,0.00065531,verse,genesis,main
word_count,5,26,18-19-13-22-27,1,0.00065531,verse,genesis,main
word_count,5,27,19-13-22-27-21,1,0.00065531,verse,genesis,main
word_count,5,28,13-22-27-21-15,1,0.00065531,verse,genesis,main
word_count,5,29,22-27-21-15-5,1,0.00065531,verse,genesis,main
word_count,5,30,27-21-15-5-14,1,0.00065531,verse,genesis,main
word_count,5,31,21-15-5-14-16,1,0.00065531,verse,genesis,main
word_count,5,32,15-5-14-16-11,1,0.00065531,verse,genesis,main
word_count,5,33,5-14-16-11-23,1,0.00065531,verse,genesis,main
word_count,5,34,14-16-11-23-9,1,0.00065531,verse,genesis,main
word_count,5,35,16-11-23-9-16,1,0.00065531,verse,genesis,main
word_count,5,36,11-23-9-16-12,1,0.00065531,verse,genesis,main
word_count,5,37,23-9-16-12-19,1,0.00065531,verse,genesis,main
word_count,5,38,9-16-12-19-11,1,0.00065531,verse,genesis,main
word_count,5,39,16-12-19-11-12,1,0.00065531,verse,genesis,main
word_count,5,40,12-19-11-12-8,1,0.00065531,verse,genesis,main
word_count,5,41,19-11-12-8-10,1,0.00065531,verse,genesis,main
word_count,5,42,11-12-8-10-12,1,0.00065531,verse,genesis,main
word_count,5,43,12-8-10-12-10,1,0.00065531,verse,genesis,main
word_count,5,44,8-10-12-10-11,1,0.00065531,verse,genesis,main
word_count,5,45,10-12-10-11-13,1,0.00065531,verse,genesis,main
word_count,5,46,12-10-11-13-12,1,0.00065531,verse,genesis,main
word_count,5,47,10-11-13-12-28,1,0.00065531,verse,genesis,main
word_count,5,48,11-13-12-28-15,1,0.00065531,verse,genesis,main
word_count,5,49,13-12-28-15-13,1,0.00065531,verse,genesis,main
word_count,5,50,12-28-15-13-13,1,0.00065531,verse,genesis,main
word_count,6,1,7-14-6-12-13-11,1,0.00065574,verse,genesis,main
word_count,6,2,14-6-12-13-11-17,1,0.00065574,verse,genesis,main
word_count,6,3,6-12-13-11-17-10,1,0.00065574,verse,genesis,main
word_count,6,4,12-13-11-17-10-13,1,0.00065574,verse,genesis,main
word_count,6,5,13-11-17-10-13-12,1,0.00065574,verse,genesis,main
word_count,6,6,11-17-10-13-12-20,1,0.00065574,verse,genesis,main
word_count,6,7,17-10-13-12-20-18,1,0.00065574,verse,genesis,main
word_count,6,8,10-13-12-20-18-6,1,0.00065574,verse,genesis,main
word_count,6,9,13-12-20-18-6-16,1,0.00065574,verse,genesis,main
word_count,6,10,12-20-18-6-16-9,1,0.00065574,verse,genesis,main
word_count,6,11,20-18-6-16-9-18,1,0.00065574,verse,genesis,main
word_count,6,12,18-6-16-9-18-8,1,0.00065574,verse,genesis,main
word_count,6,13,6-16-9-18-8-12,1,0.00065574,verse,genesis,main
word_count,6,14,16-9-18-8-12-6,1,0.00065574,verse,genesis,main
word_count,6,15,9-18-8-12-6-15,1,0.00065574,verse,genesis,main
word_count,6,16,18-8-12-6-15-23,1,0.00065574,verse,genesis,main
word_count,6,17,8-12-6-15-23-13,1,0.00065574,verse,genesis,main
word_count,6,18,12-6-15-23-13-6,1,0.00065574,verse,genesis,main
word_count,6,19,6-15-23-13-6-14,1,0.00065574,verse,genesis,main
word_count,6,20,15-23-13-6-14-18,1,0.00065574,verse,genesis,main
word_count,6,21,23-13-6-14-18-19,1,0.00065574,verse,genesis,main
word_count,6,22,13-6-14-18-19-13,1,0.00065574,verse,genesis,main
word_count,6,23,6-14-18-19-13-22,1,0.00065574,verse,genesis,main
word_count,6,24,14-18-19-13-22-27,1,0.00065574,verse,genesis,main
word_count,6,25,18-19-13-22-27-21,1,0.00065574,verse,genesis,main
word_count,6,26,19-13-22-27-21-15,1,0.00065574,verse,genesis,main
word_count,6,27,13-22-27-21-15-5,1,0.00065574,verse,genesis,main
word_count,6,28,22-27-21-15-5-14,1,0.00065574,verse,genesis,main
word_count,6,29,27-21-15-5-14-16,1,0.00065574,verse,genesis,main
word_count,6,30,21-15-5-14-16-11,1,0.00065574,verse,genesis,main
word_count,6,31,15-5-14-16-11-23,1,0.00065574,verse,genesis,main
word_count,6,32,5-14-16-11-23-9,1,0.00065574,verse,genesis,main
word_count,6,33,14-16-11-23-9-16,1,0.00065574,verse,genesis,main
word_count,6,34,16-11-23-9-16-12,1,0.00065574,verse,genesis,main
word_count,6,35,11-23-9-16-12-19,1,0.00065574,verse,genesis,main
word_count,6,36,23-9-16-12-19-11,1,0.00065574,verse,genesis,main
word_count,6,37,9-16-12-19-11-12,1,0.00065574,verse,genesis,main
word_count,6,38,16-12-19-11-12-8,1,0.00065574,verse,genesis,main
word_count,6,39,12-19-11-12-8-10,1,0.00065574,verse,genesis,main
word_count,6,40,19-11-12-8-10-12,1,0.00065574,verse,genesis,main
word_count,6,41,11-12-8-10-12-10,1,0.00065574,verse,genesis,main
word_count,6,42,12-8-10-12-10-11,1,0.00065574,verse,genesis,main
word_count,6,43,8-10-12-10-11-13,1,0.00065574,verse,genesis,main
word_count,6,44,10-12-10-11-13-12,1,0.00065574,verse,genesis,main
word_count,6,45,12-10-11-13-12-28,1,0.00065574,verse,genesis,main
word_count,6,46,10-11-13-12-28-15,1,0.00065574,verse,genesis,main
word_count,6,47,11-13-12-28-15-13,1,0.00065574,verse,genesis,main
word_count,6,48,13-12-28-15-13-13,1,0.00065574,verse,genesis,main
word_count,6,49,12-28-15-13-13-15,1,0.00065574,verse,genesis,main
word_count,6,50,28-15-13-13-15-13,1,0.00065574,verse,genesis,main
pulse_count,2,1,23-33,6,0.00392413,verse,genesis,main
pulse_count,2,2,32-31,6,0.00392413,verse,genesis,main
pulse_count,2,3,16-33,5,0.00327011,verse,genesis,main
pulse_count,2,4,35-27,5,0.00327011,verse,genesis,main
pulse_count,2,5,23-28,5,0.00327011,verse,genesis,main
pulse_count,2,6,34-37,5,0.00327011,verse,genesis,main
pulse_count,2,7,28-25,5,0.00327011,verse,genesis,main
pulse_count,2,8,26-30,5,0.00327011,verse,genesis,main
pulse_count,2,9,30-20,5,0.00327011,verse,genesis,main
pulse_count,2,10,20-38,5,0.00327011,verse,genesis,main
pulse_count,2,11,33-22,5,0.00327011,verse,genesis,main
pulse_count,2,12,31-19,5,0.00327011,verse,genesis,main
pulse_count,2,13,23-22,5,0.00327011,verse,genesis,main
pulse_count,2,14,22-28,5,0.00327011,verse,genesis,main
pulse_count,2,15,22-29,4,0.00261609,verse,genesis,main
pulse_count,2,16,43-21,4,0.00261609,verse,genesis,main
pulse_count,2,17,31-14,4,0.00261609,verse,genesis,main
pulse_count,2,18,27-32,4,0.00261609,verse,genesis,main
pulse_count,2,19,33-34,4,0.00261609,verse,genesis,main
pulse_count,2,20,27-41,4,0.00261609,verse,genesis,main
pulse_count,2,21,22-31,4,0.00261609,verse,genesis,main
pulse_count,2,22,31-22,4,0.00261609,verse,genesis,main
pulse_count,2,23,29-34,4,0.00261609,verse,genesis,main
pulse_count,2,24,21-34,4,0.00261609,verse,genesis,main
pulse_count,2,25,26-26,4,0.00261609,verse,genesis,main
pulse_count,2,26,35-21,4,0.00261609,verse,genesis,main
pulse_count,2,27,22-46,4,0.00261609,verse,genesis,main
pulse_count,2,28,41-35,4,0.00261609,verse,genesis,main
pulse_count,2,29,34-40,4,0.00261609,verse,genesis,main
pulse_count,2,30,35-28,4,0.00261609,verse,genesis,main
pulse_count,2,31,31-26,4,0.00261609,verse,genesis,main
pulse_count,2,32,38-20,4,0.00261609,verse,genesis,main
pulse_count,2,33,29-26,4,0.00261609,verse,genesis,main
pulse_count,2,34,37-24,4,0.00261609,verse,genesis,main
pulse_count,2,35,26-24,4,0.00261609,verse,genesis,main
pulse_count,2,36,16-28,4,0.00261609,verse,genesis,main
pulse_count,2,37,21-23,4,0.00261609,verse,genesis,main
pulse_count,2,38,17-22,4,0.00261609,verse,genesis,main
pulse_count,2,39,29-29,4,0.00261609,verse,genesis,main
pulse_count,2,40,28-23,4,0.00261609,verse,genesis,main
pulse_count,2,41,44-23,4,0.00261609,verse,genesis,main
pulse_count,2,42,23-31,4,0.00261609,verse,genesis,main
pulse_count,2,43,27-42,4,0.00261609,verse,genesis,main
pulse_count,2,44,23-21,4,0.00261609,verse,genesis,main
pulse_count,2,45,33-28,4,0.00261609,verse,genesis,main
pulse_count,2,46,23-20,4,0.00261609,verse,genesis,main
pulse_count,2,47,36-25,4,0.00261609,verse,genesis,main
pulse_count,2,48,31-23,4,0.00261609,verse,genesis,main
pulse_count,2,49,21-38,4,0.00261609,verse,genesis,main
pulse_count,2,50,24-27,4,0.00261609,verse,genesis,main
pulse_count,3,1,23-22-28,3,0.00196335,verse,genesis,main
pulse_count,3,2,27-22-25,2,0.0013089,verse,genesis,main
pulse_count,3,3,31-14-33,2,0.0013089,verse,genesis,main
pulse_count,3,4,21-34-37,2,0.0013089,verse,genesis,main
pulse_count,3,5,34-37-22,2,0.0013089,verse,genesis,main
pulse_count,3,6,32-22-15,2,0.0013089,verse,genesis,main
pulse_count,3,7,35-21-22,2,0.0013089,verse,genesis,main
pulse_count,3,8,25-39-26,2,0.0013089,verse,genesis,main
pulse_count,3,9,41-35-34,2,0.0013089,verse,genesis,main
pulse_count,3,10,35-34-40,2,0.0013089,verse,genesis,main
pulse_count,3,11,21-26-24,2,0.0013089,verse,genesis,main
pulse_count,3,12,28-21-23,2,0.0013089,verse,genesis,main
pulse_count,3,13,32-15-31,2,0.0013089,verse,genesis,main
pulse_count,3,14,15-31-19,2,0.0013089,verse,genesis,main
pulse_count,3,15,21-27-20,2,0.0013089,verse,genesis,main
pulse_count,3,16,21-24-28,2,0.0013089,verse,genesis,main
pulse_count,3,17,30-45-47,2,0.0013089,verse,genesis,main
pulse_count,3,18,26-25-32,2,0.0013089,verse,genesis,main
pulse_count,3,19,21-28-25,2,0.0013089,verse,genesis,main
pulse_count,3,20,41-27-25,2,0.0013089,verse,genesis,main
pulse_count,3,21,38-32-31,2,0.0013089,verse,genesis,main
pulse_count,3,22,30-23-20,2,0.0013089,verse,genesis,main
pulse_count,3,23,23-20-34,2,0.0013089,verse,genesis,main
pulse_count,3,24,23-31-23,2,0.0013089,verse,genesis,main
pulse_count,3,25,21-28-28,2,0.0013089,verse,genesis,main
pulse_count,3,26,16-33-13,1,0.00065445,verse,genesis,main
pulse_count,3,27,33-13-22,1,0.00065445,verse,genesis,main
pulse_count,3,28,13-22-29,1,0.00065445,verse,genesis,main
pulse_count,3,29,22-29-25,1,0.00065445,verse,genesis,main
pulse_count,3,30,29-25-39,1,0.00065445,verse,genesis,main
pulse_count,3,31,25-39-25,1,0.00065445,verse,genesis,main
pulse_count,3,32,39-25-35,1,0.00065445,verse,genesis,main
pulse_count,3,33,25-35-30,1,0.00065445,verse,genesis,main
pulse_count,3,34,35-30-40,1,0.00065445,verse,genesis,main
pulse_count,3,35,30-40-38,1,0.00065445,verse,genesis,main
pulse_count,3,36,40-38-14,1,0.00065445,verse,genesis,main
pulse_count,3,37,38-14-43,1,0.00065445,verse,genesis,main
pulse_count,3,38,14-43-21,1,0.00065445,verse,genesis,main
pulse_count,3,39,43-21-44,1,0.00065445,verse,genesis,main
pulse_count,3,40,21-44-19,1,0.00065445,verse,genesis,main
pulse_count,3,41,44-19-27,1,0.00065445,verse,genesis,main
pulse_count,3,42,19-27-13,1,0.00065445,verse,genesis,main
pulse_count,3,43,27-13-33,1,0.00065445,verse,genesis,main
pulse_count,3,44,13-33-52,1,0.00065445,verse,genesis,main
pulse_count,3,45,33-52-31,1,0.00065445,verse,genesis,main
pulse_count,3,46,52-31-14,1,0.00065445,verse,genesis,main
pulse_count,3,47,31-14-35,1,0.00065445,verse,genesis,main
pulse_count,3,48,14-35-39,1,0.00065445,verse,genesis,main
pulse_count,3,49,35-39-53,1,0.00065445,verse,genesis,main
pulse_count,3,50,39-53-32,1,0.00065445,verse,genesis,main
pulse_count,4,1,41-35-34-40,2,0.00130976,verse,genesis,main
pulse_count,4,2,32-15-31-19,2,0.00130976,verse,genesis,main
pulse_count,4,3,16-33-13-22,1,0.00065488,verse,genesis,main
pulse_count,4,4,33-13-22-29,1,0.00065488,verse,genesis,main
pulse_count,4,5,13-22-29-25,1,0.00065488,verse,genesis,main
pulse_count,4,6,22-29-25-39,1,0.00065488,verse,genesis,main
pulse_count,4,7,29-25-39-25,1,0.00065488,verse,genesis,main
pulse_count,4,8,25-39-25-35,1,0.00065488,verse,genesis,main
pulse_count,4,9,39-25-35-30,1,0.00065488,verse,genesis,main
pulse_count,4,10,25-35-30-40,1,0.00065488,verse,genesis,main
pulse_count,4,11,35-30-40-38,1,0.00065488,verse,genesis,main
pulse_count,4,12,30-40-38-14,1,0.00065488,verse,genesis,main
pulse_count,4,13,40-38-14-43,1,0.00065488,verse,genesis,main
pulse_count,4,14,38-14-43-21,1,0.00065488,verse,genesis,main
pulse_count,4,15,14-43-21-44,1,0.00065488,verse,genesis,main
pulse_count,4,16,43-21-44-19,1,0.00065488,verse,genesis,main
pulse_count,4,17,21-44-19-27,1,0.00065488,verse,genesis,main
pulse_count,4,18,44-19-27-13,1,0.00065488,verse,genesis,main
pulse_count,4,19,19-27-13-33,1,0.00065488,verse,genesis,main
pulse_count,4,20,27-13-33-52,1,0.00065488,verse,genesis,main
pulse_count,4,21,13-33-52-31,1,0.00065488,verse,genesis,main
pulse_count,4,22,33-52-31-14,1,0.00065488,verse,genesis,main
pulse_count,4,23,52-31-14-35,1,0.00065488,verse,genesis,main
pulse_count,4,24,31-14-35-39,1,0.00065488,verse,genesis,main
pulse_count,4,25,14-35-39-53,1,0.00065488,verse,genesis,main
pulse_count,4,26,35-39-53-32,1,0.00065488,verse,genesis,main
pulse_count,4,27,39-53-32-55,1,0.00065488,verse,genesis,main
pulse_count,4,28,53-32-55-48,1,0.00065488,verse,genesis,main
pulse_count,4,29,32-55-48-42,1,0.00065488,verse,genesis,main
pulse_count,4,30,55-48-42-30,1,0.00065488,verse,genesis,main
pulse_count,4,31,48-42-30-14,1,0.00065488,verse,genesis,main
pulse_count,4,32,42-30-14-32,1,0.00065488,verse,genesis,main
pulse_count,4,33,30-14-32-33,1,0.00065488,verse,genesis,main
pulse_count,4,34,14-32-33-32,1,0.00065488,verse,genesis,main
pulse_count,4,35,32-33-32-46,1,0.00065488,verse,genesis,main
pulse_count,4,36,33-32-46-16,1,0.00065488,verse,genesis,main
pulse_count,4,37,32-46-16-37,1,0.00065488,verse,genesis,main
pulse_count,4,38,46-16-37-26,1,0.00065488,verse,genesis,main
pulse_count,4,39,16-37-26-39,1,0.00065488,verse,genesis,main
pulse_count,4,40,37-26-39-26,1,0.00065488,verse,genesis,main
pulse_count,4,41,26-39-26-23,1,0.00065488,verse,genesis,main
pulse_count,4,42,39-26-23-17,1,0.00065488,verse,genesis,main
pulse_count,4,43,26-23-17-19,1,0.00065488,verse,genesis,main
pulse_count,4,44,23-17-19-28,1,0.00065488,verse,genesis,main
pulse_count,4,45,17-19-28-27,1,0.00065488,verse,genesis,main
pulse_count,4,46,19-28-27-22,1,0.00065488,verse,genesis,main
pulse_count,4,47,28-27-22-25,1,0.00065488,verse,genesis,main
pulse_count,4,48,27-22-25-26,1,0.00065488,verse,genesis,main
pulse_count,4,49,22-25-26-54,1,0.00065488,verse,genesis,main
pulse_count,4,50,25-26-54-38,1,0.00065488,verse,genesis,main
pulse_count,5,1,16-33-13-22-29,1,0.00065531,verse,genesis,main
pulse_count,5,2,33-13-22-29-25,1,0.00065531,verse,genesis,main
pulse_count,5,3,13-22-29-25-39,1,0.00065531,verse,genesis,main
pulse_count,5,4,22-29-25-39-25,1,0.00065531,verse,genesis,main
pulse_count,5,5,29-25-39-25-35,1,0.00065531,verse,genesis,main
pulse_count,5,6,25-39-25-35-30,1,0.00065531,verse,genesis,main
pulse_count,5,7,39-25-35-30-40,1,0.00065531,verse,genesis,main
pulse_count,5,8,25-35-30-40-38,1,0.00065531,verse,genesis,main
pulse_count,5,9,35-30-40-38-14,1,0.00065531,verse,genesis,main
pulse_count,5,10,30-40-38-14-43,1,0.00065531,verse,genesis,main
pulse_count,5,11,40-38-14-43-21,1,0.00065531,verse,genesis,main
pulse_count,5,12,38-14-43-21-44,1,0.00065531,verse,genesis,main
pulse_count,5,13,14-43-21-44-19,1,0.00065531,verse,genesis,main
pulse_count,5,14,43-21-44-19-27,1,0.00065531,verse,genesis,main
pulse_count,5,15,21-44-19-27-13,1,0.00065531,verse,genesis,main
pulse_count,5,16,44-19-27-13-33,1,0.00065531,verse,genesis,main
pulse_count,5,17,19-27-13-33-52,1,0.00065531,verse,genesis,main
pulse_count,5,18,27-13-33-52-31,1,0.00065531,verse,genesis,main
pulse_count,5,19,13-33-52-31-14,1,0.00065531,verse,genesis,main
pulse_count,5,20,33-52-31-14-35,1,0.00065531,verse,genesis,main
pulse_count,5,21,52-31-14-35-39,1,0.00065531,verse,genesis,main
pulse_count,5,22,31-14-35-39-53,1,0.00065531,verse,genesis,main
pulse_count,5,23,14-35-39-53-32,1,0.00065531,verse,genesis,main
pulse_count,5,24,35-39-53-32-55,1,0.00065531,verse,genesis,main
pulse_count,5,25,39-53-32-55-48,1,0.00065531,verse,genesis,main
pulse_count,5,26,53-32-55-48-42,1,0.00065531,verse,genesis,main
pulse_count,5,27,32-55-48-42-30,1,0.00065531,verse,genesis,main
pulse_count,5,28,55-48-42-30-14,1,0.00065531,verse,genesis,main
pulse_count,5,29,48-42-30-14-32,1,0.00065531,verse,genesis,main
pulse_count,5,30,42-30-14-32-33,1,0.00065531,verse,genesis,main
pulse_count,5,31,30-14-32-33-32,1,0.00065531,verse,genesis,main
pulse_count,5,32,14-32-33-32-46,1,0.00065531,verse,genesis,main
pulse_count,5,33,32-33-32-46-16,1,0.00065531,verse,genesis,main
pulse_count,5,34,33-32-46-16-37,1,0.00065531,verse,genesis,main
pulse_count,5,35,32-46-16-37-26,1,0.00065531,verse,genesis,main
pulse_count,5,36,46-16-37-26-39,1,0.00065531,verse,genesis,main
pulse_count,5,37,16-37-26-39-26,1,0.00065531,verse,genesis,main
pulse_count,5,38,37-26-39-26-23,1,0.00065531,verse,genesis,main
pulse_count,5,39,26-39-26-23-17,1,0.00065531,verse,genesis,main
pulse_count,5,40,39-26-23-17-19,1,0.00065531,verse,genesis,main
pulse_count,5,41,26-23-17-19-28,1,0.00065531,verse,genesis,main
pulse_count,5,42,23-17-19-28-27,1,0.00065531,verse,genesis,main
pulse_count,5,43,17-19-28-27-22,1,0.00065531,verse,genesis,main
pulse_count,5,44,19-28-27-22-25,1,0.00065531,verse,genesis,main
pulse_count,5,45,28-27-22-25-26,1,0.00065531,verse,genesis,main
pulse_count,5,46,27-22-25-26-54,1,0.00065531,verse,genesis,main
pulse_count,5,47,22-25-26-54-38,1,0.00065531,verse,genesis,main
pulse_count,5,48,25-26-54-38-35,1,0.00065531,verse,genesis,main
pulse_count,5,49,26-54-38-35-27,1,0.00065531,verse,genesis,main
pulse_count,5,50,54-38-35-27-32,1,0.00065531,verse,genesis,main
pulse_count,6,1,16-33-13-22-29-25,1,0.00065574,verse,genesis,main
pulse_count,6,2,33-13-22-29-25-39,1,0.00065574,verse,genesis,main
pulse_count,6,3,13-22-29-25-39-25,1,0.00065574,verse,genesis,main
pulse_count,6,4,22-29-25-39-25-35,1,0.00065574,verse,genesis,main
pulse_count,6,5,29-25-39-25-35-30,1,0.00065574,verse,genesis,main
pulse_count,6,6,25-39-25-35-30-40,1,0.00065574,verse,genesis,main
pulse_count,6,7,39-25-35-30-40-38,1,0.00065574,verse,genesis,main
pulse_count,6,8,25-35-30-40-38-14,1,0.00065574,verse,genesis,main
pulse_count,6,9,35-30-40-38-14-43,1,0.00065574,verse,genesis,main
pulse_count,6,10,30-40-38-14-43-21,1,0.00065574,verse,genesis,main
pulse_count,6,11,40-38-14-43-21-44,1,0.00065574,verse,genesis,main
pulse_count,6,12,38-14-43-21-44-19,1,0.00065574,verse,genesis,main
pulse_count,6,13,14-43-21-44-19-27,1,0.00065574,verse,genesis,main
pulse_count,6,14,43-21-44-19-27-13,1,0.00065574,verse,genesis,main
pulse_count,6,15,21-44-19-27-13-33,1,0.00065574,verse,genesis,main
pulse_count,6,16,44-19-27-13-33-52,1,0.00065574,verse,genesis,main
pulse_count,6,17,19-27-13-33-52-31,1,0.00065574,verse,genesis,main
pulse_count,6,18,27-13-33-52-31-14,1,0.00065574,verse,genesis,main
pulse_count,6,19,13-33-52-31-14-35,1,0.00065574,verse,genesis,main
pulse_count,6,20,33-52-31-14-35-39,1,0.00065574,verse,genesis,main
pulse_count,6,21,52-31-14-35-39-53,1,0.00065574,verse,genesis,main
pulse_count,6,22,31-14-35-39-53-32,1,0.00065574,verse,genesis,main
pulse_count,6,23,14-35-39-53-32-55,1,0.00065574,verse,genesis,main
pulse_count,6,24,35-39-53-32-55-48,1,0.00065574,verse,genesis,main
pulse_count,6,25,39-53-32-55-48-42,1,0.00065574,verse,genesis,main
pulse_count,6,26,53-32-55-48-42-30,1,0.00065574,verse,genesis,main
pulse_count,6,27,32-55-48-42-30-14,1,0.00065574,verse,genesis,main
pulse_count,6,28,55-48-42-30-14-32,1,0.00065574,verse,genesis,main
pulse_count,6,29,48-42-30-14-32-33,1,0.00065574,verse,genesis,main
pulse_count,6,30,42-30-14-32-33-32,1,0.00065574,verse,genesis,main
pulse_count,6,31,30-14-32-33-32-46,1,0.00065574,verse,genesis,main
pulse_count,6,32,14-32-33-32-46-16,1,0.00065574,verse,genesis,main
pulse_count,6,33,32-33-32-46-16-37,1,0.00065574,verse,genesis,main
pulse_count,6,34,33-32-46-16-37-26,1,0.00065574,verse,genesis,main
pulse_count,6,35,32-46-16-37-26-39,1,0.00065574,verse,genesis,main
pulse_count,6,36,46-16-37-26-39-26,1,0.00065574,verse,genesis,main
pulse_count,6,37,16-37-26-39-26-23,1,0.00065574,verse,genesis,main
pulse_count,6,38,37-26-39-26-23-17,1,0.00065574,verse,genesis,main
pulse_count,6,39,26-39-26-23-17-19,1,0.00065574,verse,genesis,main
pulse_count,6,40,39-26-23-17-19-28,1,0.00065574,verse,genesis,main
pulse_count,6,41,26-23-17-19-28-27,1,0.00065574,verse,genesis,main
pulse_count,6,42,23-17-19-28-27-22,1,0.00065574,verse,genesis,main
pulse_count,6,43,17-19-28-27-22-25,1,0.00065574,verse,genesis,main
pulse_count,6,44,19-28-27-22-25-26,1,0.00065574,verse,genesis,main
pulse_count,6,45,28-27-22-25-26-54,1,0.00065574,verse,genesis,main
pulse_count,6,46,27-22-25-26-54-38,1,0.00065574,verse,genesis,main
pulse_count,6,47,22-25-26-54-38-35,1,0.00065574,verse,genesis,main
pulse_count,6,48,25-26-54-38-35-27,1,0.00065574,verse,genesis,main
pulse_count,6,49,26-54-38-35-27-32,1,0.00065574,verse,genesis,main
pulse_count,6,50,54-38-35-27-32-24,1,0.00065574,verse,genesis,main
accent_count,2,1,13-11,20,0.01308044,verse,genesis,main
accent_count,2,2,11-11,19,0.01242642,verse,genesis,main
accent_count,2,3,11-12,18,0.0117724,verse,genesis,main
accent_count,2,4,9-11,17,0.01111838,verse,genesis,main
accent_count,2,5,11-16,16,0.01046436,verse,genesis,main
accent_count,2,6,12-10,16,0.01046436,verse,genesis,main
accent_count,2,7,7-9,16,0.01046436,verse,genesis,main
accent_count,2,8,12-9,16,0.01046436,verse,genesis,main
accent_count,2,9,11-10,16,0.01046436,verse,genesis,main
accent_count,2,10,10-10,15,0.00981033,verse,genesis,main
accent_count,2,11,9-12,15,0.00981033,verse,genesis,main
accent_count,2,12,12-13,15,0.00981033,verse,genesis,main
accent_count,2,13,10-12,14,0.00915631,verse,genesis,main
accent_count,2,14,12-11,14,0.00915631,verse,genesis,main
accent_count,2,15,9-10,14,0.00915631,verse,genesis,main
accent_count,2,16,10-9,14,0.00915631,verse,genesis,main
accent_count,2,17,8-15,13,0.00850229,verse,genesis,main
accent_count,2,18,10-8,13,0.00850229,verse,genesis,main
accent_count,2,19,11-9,13,0.00850229,verse,genesis,main
accent_count,2,20,10-11,13,0.00850229,verse,genesis,main
accent_count,2,21,8-13,13,0.00850229,verse,genesis,main
accent_count,2,22,9-8,13,0.00850229,verse,genesis,main
accent_count,2,23,13-10,13,0.00850229,verse,genesis,main
accent_count,2,24,13-6,12,0.00784827,verse,genesis,main
accent_count,2,25,9-13,12,0.00784827,verse,genesis,main
accent_count,2,26,14-11,12,0.00784827,verse,genesis,main
accent_count,2,27,13-9,12,0.00784827,verse,genesis,main
accent_count,2,28,13-8,12,0.00784827,verse,genesis,main
accent_count,2,29,12-14,12,0.00784827,verse,genesis,main
accent_count,2,30,6-14,11,0.00719424,verse,genesis,main
accent_count,2,31,8-9,11,0.00719424,verse,genesis,main
accent_count,2,32,10-15,11,0.00719424,verse,genesis,main
accent_count,2,33,10-7,11,0.00719424,verse,genesis,main
accent_count,2,34,12-12,11,0.00719424,verse,genesis,main
accent_count,2,35,16-15,11,0.00719424,verse,genesis,main
accent_count,2,36,15-9,11,0.00719424,verse,genesis,main
accent_count,2,37,10-13,10,0.00654022,verse,genesis,main
accent_count,2,38,16-10,10,0.00654022,verse,genesis,main
accent_count,2,39,13-13,10,0.00654022,verse,genesis,main
accent_count,2,40,14-10,10,0.00654022,verse,genesis,main
accent_count,2,41,15-12,10,0.00654022,verse,genesis,main
accent_count,2,42,11-8,10,0.00654022,verse,genesis,main
accent_count,2,43,11-6,9,0.0058862,verse,genesis,main
accent_count,2,44,6-13,9,0.0058862,verse,genesis,main
accent_count,2,45,15-10,9,0.0058862,verse,genesis,main
accent_count,2,46,7-15,9,0.0058862,verse,genesis,main
accent_count,2,47,9-6,9,0.0058862,verse,genesis,main
accent_count,2,48,9-7,9,0.0058862,verse,genesis,main
accent_count,2,49,8-11,9,0.0058862,verse,genesis,main
accent_count,2,50,8-12,9,0.0058862,verse,genesis,main
accent_count,3,1,7-13-6,5,0.00327225,verse,genesis,main
accent_count,3,2,10-13-11,4,0.0026178,verse,genesis,main
accent_count,3,3,12-10-15,4,0.0026178,verse,genesis,main
accent_count,3,4,13-6-14,4,0.0026178,verse,genesis,main
accent_count,3,5,13-11-9,4,0.0026178,verse,genesis,main
accent_count,3,6,10-9-8,4,0.0026178,verse,genesis,main
accent_count,3,7,10-11-10,4,0.0026178,verse,genesis,main
accent_count,3,8,9-10-12,4,0.0026178,verse,genesis,main
accent_count,3,9,12-6-10,3,0.00196335,verse,genesis,main
accent_count,3,10,13-11-16,3,0.00196335,verse,genesis,main
accent_count,3,11,10-12-11,3,0.00196335,verse,genesis,main
accent_count,3,12,8-15-7,3,0.00196335,verse,genesis,main
accent_count,3,13,6-14-14,3,0.00196335,verse,genesis,main
accent_count,3,14,14-12-10,3,0.00196335,verse,genesis,main
accent_count,3,15,7-9-13,3,0.00196335,verse,genesis,main
accent_count,3,16,13-11-11,3,0.00196335,verse,genesis,main
accent_count,3,17,7-15-10,3,0.00196335,verse,genesis,main
accent_count,3,18,9-14-11,3,0.00196335,verse,genesis,main
accent_count,3,19,14-11-12,3,0.00196335,verse,genesis,main
accent_count,3,20,10-9-9,3,0.00196335,verse,genesis,main
accent_count,3,21,13-12-12,3,0.00196335,verse,genesis,main
accent_count,3,22,11-12-10,3,0.00196335,verse,genesis,main
accent_count,3,23,10-11-11,3,0.00196335,verse,genesis,main
accent_count,3,24,11-11-10,3,0.00196335,verse,genesis,main
accent_count,3,25,11-10-8,3,0.00196335,verse,genesis,main
accent_count,3,26,8-13-9,3,0.00196335,verse,genesis,main
accent_count,3,27,9-8-13,3,0.00196335,verse,genesis,main
accent_count,3,28,10-10-13,3,0.00196335,verse,genesis,main
accent_count,3,29,13-8-17,3,0.00196335,verse,genesis,main
accent_count,3,30,10-15-12,3,0.00196335,verse,genesis,main
accent_count,3,31,11-11-7,3,0.00196335,verse,genesis,main
accent_count,3,32,10-8-12,3,0.00196335,verse,genesis,main
accent_count,3,33,15-13-11,3,0.00196335,verse,genesis,main
accent_count,3,34,8-11-9,3,0.00196335,verse,genesis,main
accent_count,3,35,9-11-8,3,0.00196335,verse,genesis,main
accent_count,3,36,11-11-16,3,0.00196335,verse,genesis,main
accent_count,3,37,15-12-14,3,0.00196335,verse,genesis,main
accent_count,3,38,10-12-9,3,0.00196335,verse,genesis,main
accent_count,3,39,7-9-11,3,0.00196335,verse,genesis,main
accent_count,3,40,10-7-15,3,0.00196335,verse,genesis,main
accent_count,3,41,12-11-12,3,0.00196335,verse,genesis,main
accent_count,3,42,9-12-10,3,0.00196335,verse,genesis,main
accent_count,3,43,9-11-10,3,0.00196335,verse,genesis,main
accent_count,3,44,10-12-13,3,0.00196335,verse,genesis,main
accent_count,3,45,5-12-17,3,0.00196335,verse,genesis,main
accent_count,3,46,12-17-8,3,0.00196335,verse,genesis,main
accent_count,3,47,12-11-11,3,0.00196335,verse,genesis,main
accent_count,3,48,13-11-12,3,0.00196335,verse,genesis,main
accent_count,3,49,10-15-9,3,0.00196335,verse,genesis,main
accent_count,3,50,17-11-10,3,0.00196335,verse,genesis,main
accent_count,4,1,7-12-6-10,2,0.00130976,verse,genesis,main
accent_count,4,2,10-13-11-16,2,0.00130976,verse,genesis,main
accent_count,4,3,12-10-11-11,2,0.00130976,verse,genesis,main
accent_count,4,4,11-10-8-13,2,0.00130976,verse,genesis,main
accent_count,4,5,22-13-8-17,2,0.00130976,verse,genesis,main
accent_count,4,6,16-15-13-11,2,0.00130976,verse,genesis,main
accent_count,4,7,11-8-13-9,2,0.00130976,verse,genesis,main
accent_count,4,8,9-11-8-9,2,0.00130976,verse,genesis,main
accent_count,4,9,15-9-10-15,2,0.00130976,verse,genesis,main
accent_count,4,10,10-15-12-14,2,0.00130976,verse,genesis,main
accent_count,4,11,9-12-10-10,2,0.00130976,verse,genesis,main
accent_count,4,12,10-10-12-13,2,0.00130976,verse,genesis,main
accent_count,4,13,12-17-8-16,2,0.00130976,verse,genesis,main
accent_count,4,14,10-15-9-8,2,0.00130976,verse,genesis,main
accent_count,4,15,13-10-19-8,2,0.00130976,verse,genesis,main
accent_count,4,16,10-19-8-13,2,0.00130976,verse,genesis,main
accent_count,4,17,8-18-12-9,2,0.00130976,verse,genesis,main
accent_count,4,18,11-10-7-12,2,0.00130976,verse,genesis,main
accent_count,4,19,15-12-14-13,2,0.00130976,verse,genesis,main
accent_count,4,20,12-14-13-10,2,0.00130976,verse,genesis,main
accent_count,4,21,8-13-13-12,2,0.00130976,verse,genesis,main
accent_count,4,22,12-7-10-11,2,0.00130976,verse,genesis,main
accent_count,4,23,15-16-15-6,2,0.00130976,verse,genesis,main
accent_count,4,24,12-6-10-13,1,0.00065488,verse,genesis,main
accent_count,4,25,6-10-13-11,1,0.00065488,verse,genesis,main
accent_count,4,26,13-11-16-10,1,0.00065488,verse,genesis,main
accent_count,4,27,11-16-10-12,1,0.00065488,verse,genesis,main
accent_count,4,28,16-10-12-11,1,0.00065488,verse,genesis,main
accent_count,4,29,10-12-11-18,1,0.00065488,verse,genesis,main
accent_count,4,30,12-11-18-16,1,0.00065488,verse,genesis,main
accent_count,4,31,11-18-16-6,1,0.00065488,verse,genesis,main
accent_count,4,32,18-16-6-16,1,0.00065488,verse,genesis,main
accent_count,4,33,16-6-16-8,1,0.00065488,verse,genesis,main
accent_count,4,34,6-16-8-15,1,0.00065488,verse,genesis,main
accent_count,4,35,16-8-15-7,1,0.00065488,verse,genesis,main
accent_count,4,36,8-15-7-11,1,0.00065488,verse,genesis,main
accent_count,4,37,15-7-11-6,1,0.00065488,verse,genesis,main
accent_count,4,38,7-11-6-13,1,0.00065488,verse,genesis,main
accent_count,4,39,11-6-13-19,1,0.00065488,verse,genesis,main
accent_count,4,40,6-13-19-12,1,0.00065488,verse,genesis,main
accent_count,4,41,13-19-12-6,1,0.00065488,verse,genesis,main
accent_count,4,42,19-12-6-14,1,0.00065488,verse,genesis,main
accent_count,4,43,12-6-14-14,1,0.00065488,verse,genesis,main
accent_count,4,44,6-14-14-16,1,0.00065488,verse,genesis,main
accent_count,4,45,14-14-16-12,1,0.00065488,verse,genesis,main
accent_count,4,46,14-16-12-19,1,0.00065488,verse,genesis,main
accent_count,4,47,16-12-19-19,1,0.00065488,verse,genesis,main
accent_count,4,48,12-19-19-16,1,0.00065488,verse,genesis,main
accent_count,4,49,19-19-16-12,1,0.00065488,verse,genesis,main
accent_count,4,50,19-16-12-4,1,0.00065488,verse,genesis,main
accent_count,5,1,13-10-19-8-13,2,0.00131062,verse,genesis,main
accent_count,5,2,15-12-14-13-10,2,0.00131062,verse,genesis,main
accent_count,5,3,7-12-6-10-13,1,0.00065531,verse,genesis,main
accent_count,5,4,12-6-10-13-11,1,0.00065531,verse,genesis,main
accent_count,5,5,6-10-13-11-16,1,0.00065531,verse,genesis,main
accent_count,5,6,10-13-11-16-10,1,0.00065531,verse,genesis,main
accent_count,5,7,13-11-16-10-12,1,0.00065531,verse,genesis,main
accent_count,5,8,11-16-10-12-11,1,0.00065531,verse,genesis,main
accent_count,5,9,16-10-12-11-18,1,0.00065531,verse,genesis,main
accent_count,5,10,10-12-11-18-16,1,0.00065531,verse,genesis,main
accent_count,5,11,12-11-18-16-6,1,0.00065531,verse,genesis,main
accent_count,5,12,11-18-16-6-16,1,0.00065531,verse,genesis,main
accent_count,5,13,18-16-6-16-8,1,0.00065531,verse,genesis,main
accent_count,5,14,16-6-16-8-15,1,0.00065531,verse,genesis,main
accent_count,5,15,6-16-8-15-7,1,0.00065531,verse,genesis,main
accent_count,5,16,16-8-15-7-11,1,0.00065531,verse,genesis,main
accent_count,5,17,8-15-7-11-6,1,0.00065531,verse,genesis,main
accent_count,5,18,15-7-11-6-13,1,0.00065531,verse,genesis,main
accent_count,5,19,7-11-6-13-19,1,0.00065531,verse,genesis,main
accent_count,5,20,11-6-13-19-12,1,0.00065531,verse,genesis,main
accent_count,5,21,6-13-19-12-6,1,0.00065531,verse,genesis,main
accent_count,5,22,13-19-12-6-14,1,0.00065531,verse,genesis,main
accent_count,5,23,19-12-6-14-14,1,0.00065531,verse,genesis,main
accent_count,5,24,12-6-14-14-16,1,0.00065531,verse,genesis,main
accent_count,5,25,6-14-14-16-12,1,0.00065531,verse,genesis,main
accent_count,5,26,14-14-16-12-19,1,0.00065531,verse,genesis,main
accent_count,5,27,14-16-12-19-19,1,0.00065531,verse,genesis,main
accent_count,5,28,16-12-19-19-16,1,0.00065531,verse,genesis,main
accent_count,5,29,12-19-19-16-12,1,0.00065531,verse,genesis,main
accent_count,5,30,19-19-16-12-4,1,0.00065531,verse,genesis,main
accent_count,5,31,19-16-12-4-13,1,0.00065531,verse,genesis,main
accent_count,5,32,16-12-4-13-13,1,0.00065531,verse,genesis,main
accent_count,5,33,12-4-13-13-11,1,0.00065531,verse,genesis,main
accent_count,5,34,4-13-13-11-20,1,0.00065531,verse,genesis,main
accent_count,5,35,13-13-11-20-7,1,0.00065531,verse,genesis,main
accent_count,5,36,13-11-20-7-14,1,0.00065531,verse,genesis,main
accent_count,5,37,11-20-7-14-10,1,0.00065531,verse,genesis,main
accent_count,5,38,20-7-14-10-17,1,0.00065531,verse,genesis,main
accent_count,5,39,7-14-10-17-10,1,0.00065531,verse,genesis,main
accent_count,5,40,14-10-17-10-10,1,0.00065531,verse,genesis,main
accent_count,5,41,10-17-10-10-8,1,0.00065531,verse,genesis,main
accent_count,5,42,17-10-10-8-9,1,0.00065531,verse,genesis,main
accent_count,5,43,10-10-8-9-12,1,0.00065531,verse,genesis,main
accent_count,5,44,10-8-9-12-8,1,0.00065531,verse,genesis,main
accent_count,5,45,8-9-12-8-10,1,0.00065531,verse,genesis,main
accent_count,5,46,9-12-8-10-13,1,0.00065531,verse,genesis,main
accent_count,5,47,12-8-10-13-11,1,0.00065531,verse,genesis,main
accent_count,5,48,8-10-13-11-21,1,0.00065531,verse,genesis,main
accent_count,5,49,10-13-11-21-14,1,0.00065531,verse,genesis,main
accent_count,5,50,13-11-21-14-12,1,0.00065531,verse,genesis,main
accent_count,6,1,7-12-6-10-13-11,1,0.00065574,verse,genesis,main
accent_count,6,2,12-6-10-13-11-16,1,0.00065574,verse,genesis,main
accent_count,6,3,6-10-13-11-16-10,1,0.00065574,verse,genesis,main
accent_count,6,4,10-13-11-16-10-12,1,0.00065574,verse,genesis,main
accent_count,6,5,13-11-16-10-12-11,1,0.00065574,verse,genesis,main
accent_count,6,6,11-16-10-12-11-18,1,0.00065574,verse,genesis,main
accent_count,6,7,16-10-12-11-18-16,1,0.00065574,verse,genesis,main
accent_count,6,8,10-12-11-18-16-6,1,0.00065574,verse,genesis,main
accent_count,6,9,12-11-18-16-6-16,1,0.00065574,verse,genesis,main
accent_count,6,10,11-18-16-6-16-8,1,0.00065574,verse,genesis,main
accent_count,6,11,18-16-6-16-8-15,1,0.00065574,verse,genesis,main
accent_count,6,12,16-6-16-8-15-7,1,0.00065574,verse,genesis,main
accent_count,6,13,6-16-8-15-7-11,1,0.00065574,verse,genesis,main
accent_count,6,14,16-8-15-7-11-6,1,0.00065574,verse,genesis,main
accent_count,6,15,8-15-7-11-6-13,1,0.00065574,verse,genesis,main
accent_count,6,16,15-7-11-6-13-19,1,0.00065574,verse,genesis,main
accent_count,6,17,7-11-6-13-19-12,1,0.00065574,verse,genesis,main
accent_count,6,18,11-6-13-19-12-6,1,0.00065574,verse,genesis,main
accent_count,6,19,6-13-19-12-6-14,1,0.00065574,verse,genesis,main
accent_count,6,20,13-19-12-6-14-14,1,0.00065574,verse,genesis,main
accent_count,6,21,19-12-6-14-14-16,1,0.00065574,verse,genesis,main
accent_count,6,22,12-6-14-14-16-12,1,0.00065574,verse,genesis,main
accent_count,6,23,6-14-14-16-12-19,1,0.00065574,verse,genesis,main
accent_count,6,24,14-14-16-12-19-19,1,0.00065574,verse,genesis,main
accent_count,6,25,14-16-12-19-19-16,1,0.00065574,verse,genesis,main
accent_count,6,26,16-12-19-19-16-12,1,0.00065574,verse,genesis,main
accent_count,6,27,12-19-19-16-12-4,1,0.00065574,verse,genesis,main
accent_count,6,28,19-19-16-12-4-13,1,0.00065574,verse,genesis,main
accent_count,6,29,19-16-12-4-13-13,1,0.00065574,verse,genesis,main
accent_count,6,30,16-12-4-13-13-11,1,0.00065574,verse,genesis,main
accent_count,6,31,12-4-13-13-11-20,1,0.00065574,verse,genesis,main
accent_count,6,32,4-13-13-11-20-7,1,0.00065574,verse,genesis,main
accent_count,6,33,13-13-11-20-7-14,1,0.00065574,verse,genesis,main
accent_count,6,34,13-11-20-7-14-10,1,0.00065574,verse,genesis,main
accent_count,6,35,11-20-7-14-10-17,1,0.00065574,verse,genesis,main
accent_count,6,36,20-7-14-10-17-10,1,0.00065574,verse,genesis,main
accent_count,6,37,7-14-10-17-10-10,1,0.00065574,verse,genesis,main
accent_count,6,38,14-10-17-10-10-8,1,0.00065574,verse,genesis,main
accent_count,6,39,10-17-10-10-8-9,1,0.00065574,verse,genesis,main
accent_count,6,40,17-10-10-8-9-12,1,0.00065574,verse,genesis,main
accent_count,6,41,10-10-8-9-12-8,1,0.00065574,verse,genesis,main
accent_count,6,42,10-8-9-12-8-10,1,0.00065574,verse,genesis,main
accent_count,6,43,8-9-12-8-10-13,1,0.00065574,verse,genesis,main
accent_count,6,44,9-12-8-10-13-11,1,0.00065574,verse,genesis,main
accent_count,6,45,12-8-10-13-11-21,1,0.00065574,verse,genesis,main
accent_count,6,46,8-10-13-11-21-14,1,0.00065574,verse,genesis,main
accent_count,6,47,10-13-11-21-14-12,1,0.00065574,verse,genesis,main
accent_count,6,48,13-11-21-14-12-10,1,0.00065574,verse,genesis,main
accent_count,6,49,11-21-14-12-10-15,1,0.00065574,verse,genesis,main
accent_count,6,50,21-14-12-10-15-10,1,0.00065574,verse,genesis,main
word_count,2,1,4-4,59,0.0196995,major,genesis,main
word_count,2,2,6-5,54,0.01803005,major,genesis,main
word_count,2,3,5-5,53,0.01769616,major,genesis,main
word_count,2,4,7-6,50,0.01669449,major,genesis,main
word_count,2,5,4-5,48,0.01602671,major,genesis,main
word_count,2,6,4-6,47,0.01569282,major,genesis,main
word_count,2,7,6-4,46,0.01535893,major,genesis,main
word_count,2,8,6-6,46,0.01535893,major,genesis,main
word_count,2,9,5-6,45,0.01502504,major,genesis,main
word_count,2,10,4-3,45,0.01502504,major,genesis,main
word_count,2,11,6-3,43,0.01435726,major,genesis,main
word_count,2,12,4-7,42,0.01402337,major,genesis,main
word_count,2,13,6-8,40,0.01335559,major,genesis,main
word_count,2,14,7-5,40,0.01335559,major,genesis,main
word_count,2,15,9-4,39,0.0130217,major,genesis,main
word_count,2,16,7-4,39,0.0130217,major,genesis,main
word_count,2,17,4-8,38,0.01268781,major,genesis,main
word_count,2,18,5-3,38,0.01268781,major,genesis,main
word_count,2,19,5-4,38,0.01268781,major,genesis,main
word_count,2,20,8-6,37,0.01235392,major,genesis,main
word_count,2,21,8-4,37,0.01235392,major,genesis,main
word_count,2,22,3-5,35,0.01168614,major,genesis,main
word_count,2,23,3-6,35,0.01168614,major,genesis,main
word_count,2,24,3-8,34,0.01135225,major,genesis,main
word_count,2,25,8-7,34,0.01135225,major,genesis,main
word_count,2,26,8-5,33,0.01101836,major,genesis,main
word_count,2,27,3-4,32,0.01068447,major,genesis,main
word_count,2,28,6-7,30,0.01001669,major,genesis,main
word_count,2,29,5-7,30,0.01001669,major,genesis,main
word_count,2,30,9-6,30,0.01001669,major,genesis,main
word_count,2,31,7-7,30,0.01001669,major,genesis,main
word_count,2,32,7-3,30,0.01001669,major,genesis,main
word_count,2,33,5-8,29,0.0096828,major,genesis,main
word_count,2,34,5-9,28,0.00934891,major,genesis,main
word_count,2,35,4-10,28,0.00934891,major,genesis,main
word_count,2,36,6-10,27,0.00901503,major,genesis,main
word_count,2,37,3-3,27,0.00901503,major,genesis,main
word_count,2,38,3-9,26,0.00868114,major,genesis,main
word_count,2,39,3-7,26,0.00868114,major,genesis,main
word_count,2,40,10-7,25,0.00834725,major,genesis,main
word_count,2,41,4-9,24,0.00801336,major,genesis,main
word_count,2,42,9-5,24,0.00801336,major,genesis,main
word_count,2,43,8-3,24,0.00801336,major,genesis,main
word_count,2,44,8-8,24,0.00801336,major,genesis,main
word_count,2,45,8-9,23,0.00767947,major,genesis,main
word_count,2,46,11-6,22,0.00734558,major,genesis,main
word_count,2,47,6-11,21,0.00701169,major,genesis,main
word_count,2,48,6-12,21,0.00701169,major,genesis,main
word_count,2,49,6-9,21,0.00701169,major,genesis,main
word_count,2,50,3-11,21,0.00701169,major,genesis,main
word_count,3,1,4-4-4,15,0.00501002,major,genesis,main
word_count,3,2,4-7-4,14,0.00467602,major,genesis,main
word_count,3,3,6-8-6,10,0.00334001,major,genesis,main
word_count,3,4,5-5-5,10,0.00334001,major,genesis,main
word_count,3,5,7-6-6,9,0.00300601,major,genesis,main
word_count,3,6,4-6-6,9,0.00300601,major,genesis,main
word_count,3,7,9-4-4,9,0.00300601,major,genesis,main
word_count,3,8,5-6-5,9,0.00300601,major,genesis,main
word_count,3,9,5-7-6,9,0.00300601,major,genesis,main
word_count,3,10,3-5-5,9,0.00300601,major,genesis,main
word_count,3,11,6-4-3,9,0.00300601,major,genesis,main
word_count,3,12,3-11-3,9,0.00300601,major,genesis,main
word_count,3,13,8-6-5,8,0.00267201,major,genesis,main
word_count,3,14,4-4-6,8,0.00267201,major,genesis,main
word_count,3,15,8-5-5,8,0.00267201,major,genesis,main
word_count,3,16,6-5-6,8,0.00267201,major,genesis,main
word_count,3,17,4-8-7,8,0.00267201,major,genesis,main
word_count,3,18,5-5-4,8,0.00267201,major,genesis,main
word_count,3,19,4-9-4,8,0.00267201,major,genesis,main
word_count,3,20,7-6-5,8,0.00267201,major,genesis,main
word_count,3,21,6-3-5,8,0.00267201,major,genesis,main
word_count,3,22,6-6-7,7,0.00233801,major,genesis,main
word_count,3,23,6-7-6,7,0.00233801,major,genesis,main
word_count,3,24,6-6-5,7,0.00233801,major,genesis,main
word_count,3,25,4-3-9,7,0.00233801,major,genesis,main
word_count,3,26,5-6-8,7,0.00233801,major,genesis,main
word_count,3,27,6-5-4,7,0.00233801,major,genesis,main
word_count,3,28,5-4-6,7,0.00233801,major,genesis,main
word_count,3,29,5-5-9,7,0.00233801,major,genesis,main
word_count,3,30,5-4-8,7,0.00233801,major,genesis,main
word_count,3,31,6-4-5,7,0.00233801,major,genesis,main
word_count,3,32,5-3-6,7,0.00233801,major,genesis,main
word_count,3,33,8-6-3,7,0.00233801,major,genesis,main
word_count,3,34,4-5-4,7,0.00233801,major,genesis,main
word_count,3,35,7-11-4,7,0.00233801,major,genesis,main
word_count,3,36,7-4-8,7,0.00233801,major,genesis,main
word_count,3,37,5-10-5,7,0.00233801,major,genesis,main
word_count,3,38,4-8-6,6,0.00200401,major,genesis,main
word_count,3,39,4-2-6,6,0.00200401,major,genesis,main
word_count,3,40,3-8-4,6,0.00200401,major,genesis,main
word_count,3,41,7-8-5,6,0.00200401,major,genesis,main
word_count,3,42,6-5-7,6,0.00200401,major,genesis,main
word_count,3,43,6-5-3,6,0.00200401,major,genesis,main
word_count,3,44,3-9-4,6,0.00200401,major,genesis,main
word_count,3,45,7-6-8,6,0.00200401,major,genesis,main
word_count,3,46,10-7-5,6,0.00200401,major,genesis,main
word_count,3,47,8-9-6,6,0.00200401,major,genesis,main
word_count,3,48,9-7-6,6,0.00200401,major,genesis,main
word_count,3,49,6-3-7,6,0.00200401,major,genesis,main
word_count,3,50,3-7-3,6,0.00200401,major,genesis,main
word_count,4,1,4-4-4-4,5,0.00167056,major,genesis,main
word_count,4,2,5-3-11-3,4,0.00133645,major,genesis,main
word_count,4,3,3-11-3-4,4,0.00133645,major,genesis,main
word_count,4,4,6-8-6-5,4,0.00133645,major,genesis,main
word_count,4,5,5-6-8-7,4,0.00133645,major,genesis,main
word_count,4,6,6-6-7-6,3,0.00100234,major,genesis,main
word_count,4,7,5-7-6-8,3,0.00100234,major,genesis,main
word_count,4,8,7-8-5-5,3,0.00100234,major,genesis,main
word_count,4,9,6-3-7-3,3,0.00100234,major,genesis,main
word_count,4,10,8-3-8-8,3,0.00100234,major,genesis,main
word_count,4,11,4-3-6-8,3,0.00100234,major,genesis,main
word_count,4,12,8-6-5-6,3,0.00100234,major,genesis,main
word_count,4,13,4-6-6-8,3,0.00100234,major,genesis,main
word_count,4,14,6-5-3-12,3,0.00100234,major,genesis,main
word_count,4,15,4-4-5-6,3,0.00100234,major,genesis,main
word_count,4,16,6-6-6-4,3,0.00100234,major,genesis,main
word_count,4,17,7-5-2-4,3,0.00100234,major,genesis,main
word_count,4,18,3-5-3-11,3,0.00100234,major,genesis,main
word_count,4,19,4-7-11-4,3,0.00100234,major,genesis,main
word_count,4,20,5-12-8-4,3,0.00100234,major,genesis,main
word_count,4,21,4-4-7-4,3,0.00100234,major,genesis,main
word_count,4,22,6-3-6-4,3,0.00100234,major,genesis,main
word_count,4,23,5-8-3-4,3,0.00100234,major,genesis,main
word_count,4,24,3-8-10-7,3,0.00100234,major,genesis,main
word_count,4,25,6-4-7-10,3,0.00100234,major,genesis,main
word_count,4,26,4-9-4-6,3,0.00100234,major,genesis,main
word_count,4,27,10-7-7-5,3,0.00100234,major,genesis,main
word_count,4,28,4-6-6-7,3,0.00100234,major,genesis,main
word_count,4,29,5-7-6-6,3,0.00100234,major,genesis,main
word_count,4,30,6-3-5-5,3,0.00100234,major,genesis,main
word_count,4,31,6-5-6-6,3,0.00100234,major,genesis,main
word_count,4,32,4-8-4-3,3,0.00100234,major,genesis,main
word_count,4,33,5-5-6-9,3,0.00100234,major,genesis,main
word_count,4,34,5-5-8-5,3,0.00100234,major,genesis,main
word_count,4,35,6-4-5-10,3,0.00100234,major,genesis,main
word_count,4,36,3-4-8-6,2,0.00066823,major,genesis,main
word_count,4,37,4-2-6-6,2,0.00066823,major,genesis,main
word_count,4,38,6-7-6-6,2,0.00066823,major,genesis,main
word_count,4,39,7-6-6-5,2,0.00066823,major,genesis,main
word_count,4,40,2-14-4-6,2,0.00066823,major,genesis,main
word_count,4,41,4-6-11-5,2,0.00066823,major,genesis,main
word_count,4,42,6-11-5-7,2,0.00066823,major,genesis,main
word_count,4,43,5-3-8-4,2,0.00066823,major,genesis,main
word_count,4,44,3-8-4-6,2,0.00066823,major,genesis,main
word_count,4,45,4-6-7-8,2,0.00066823,major,genesis,main
word_count,4,46,4-9-6-12,2,0.00066823,major,genesis,main
word_count,4,47,9-6-5-7,2,0.00066823,major,genesis,main
word_count,4,48,5-12-4-6,2,0.00066823,major,genesis,main
word_count,4,49,5-3-9-4,2,0.00066823,major,genesis,main
word_count,4,50,3-9-4-4,2,0.00066823,major,genesis,main
word_count,5,1,5-3-11-3-4,4,0.0013369,major,genesis,main
word_count,5,2,3-5-3-11-3,3,0.00100267,major,genesis,main
word_count,5,3,6-7-6-6-5,2,0.00066845,major,genesis,main
word_count,5,4,4-6-11-5-7,2,0.00066845,major,genesis,main
word_count,5,5,4-4-4-6-8,2,0.00066845,major,genesis,main
word_count,5,6,10-5-7-6-10,2,0.00066845,major,genesis,main
word_count,5,7,6-5-4-6-10,2,0.00066845,major,genesis,main
word_count,5,8,5-9-7-6-3,2,0.00066845,major,genesis,main
word_count,5,9,1-6-3-11-3,2,0.00066845,major,genesis,main
word_count,5,10,6-3-11-3-10,2,0.00066845,major,genesis,main
word_count,5,11,3-11-3-10-1,2,0.00066845,major,genesis,main
word_count,5,12,3-6-8-6-5,2,0.00066845,major,genesis,main
word_count,5,13,6-8-6-5-6,2,0.00066845,major,genesis,main
word_count,5,14,5-4-6-6-8,2,0.00066845,major,genesis,main
word_count,5,15,7-6-6-6-4,2,0.00066845,major,genesis,main
word_count,5,16,8-7-5-2-4,2,0.00066845,major,genesis,main
word_count,5,17,7-5-2-4-7,2,0.00066845,major,genesis,main
word_count,5,18,3-11-3-4-3,2,0.00066845,major,genesis,main
word_count,5,19,3-4-7-11-4,2,0.00066845,major,genesis,main
word_count,5,20,12-5-3-9-5,2,0.00066845,major,genesis,main
word_count,5,21,5-12-8-4-4,2,0.00066845,major,genesis,main
word_count,5,22,9-6-3-6-4,2,0.00066845,major,genesis,main
word_count,5,23,8-3-8-8-9,2,0.00066845,major,genesis,main
word_count,5,24,4-4-4-4-4,2,0.00066845,major,genesis,main
word_count,5,25,7-7-4-7-4,2,0.00066845,major,genesis,main
word_count,5,26,3-8-10-7-10,2,0.00066845,major,genesis,main
word_count,5,27,5-6-4-7-4,2,0.00066845,major,genesis,main
word_count,5,28,4-7-8-5-5,2,0.00066845,major,genesis,main
word_count,5,29,7-6-6-3-5,2,0.00066845,major,genesis,main
word_count,5,30,4-4-6-3-5,2,0.00066845,major,genesis,main
word_count,5,31,3-5-16-8-4,2,0.00066845,major,genesis,main
word_count,5,32,6-7-6-4-13,2,0.00066845,major,genesis,main
word_count,5,33,5-5-5-6-9,2,0.00066845,major,genesis,main
word_count,5,34,12-4-3-3-4,2,0.00066845,major,genesis,main
word_count,5,35,3-3-4-3-3,2,0.00066845,major,genesis,main
word_count,5,36,5-5-6-9-6,2,0.00066845,major,genesis,main
word_count,5,37,5-6-9-6-3,2,0.00066845,major,genesis,main
word_count,5,38,6-4-5-10-4,2,0.00066845,major,genesis,main
word_count,5,39,4-6-10-2-12,2,0.00066845,major,genesis,main
word_count,5,40,7-4-8-5-8,2,0.00066845,major,genesis,main
word_count,5,41,8-7-6-4-10,2,0.00066845,major,genesis,main
word_count,5,42,6-3-3-8-6,2,0.00066845,major,genesis,main
word_count,5,43,3-3-8-6-3,2,0.00066845,major,genesis,main
word_count,5,44,3-8-6-3-3,2,0.00066845,major,genesis,main
word_count,5,45,3-4-8-6-4,1,0.00033422,major,genesis,main
word_count,5,46,4-8-6-4-2,1,0.00033422,major,genesis,main
word_count,5,47,8-6-4-2-6,1,0.00033422,major,genesis,main
word_count,5,48,6-4-2-6-6,1,0.00033422,major,genesis,main
word_count,5,49,4-2-6-6-7,1,0.00033422,major,genesis,main
word_count,5,50,2-6-6-7-6,1,0.00033422,major,genesis,main
word_count,6,1,3-5-3-11-3-4,3,0.00100301,major,genesis,main
word_count,6,2,1-6-3-11-3-10,2,0.00066867,major,genesis,main
word_count,6,3,6-3-11-3-10-1,2,0.00066867,major,genesis,main
word_count,6,4,3-6-8-6-5-6,2,0.00066867,major,genesis,main
word_count,6,5,5-3-11-3-4-3,2,0.00066867,major,genesis,main
word_count,6,6,5-5-6-9-6-3,2,0.00066867,major,genesis,main
word_count,6,7,6-3-3-8-6-3,2,0.00066867,major,genesis,main
word_count,6,8,3-3-8-6-3-3,2,0.00066867,major,genesis,main
word_count,6,9,3-4-8-6-4-2,1,0.00033434,major,genesis,main
word_count,6,10,4-8-6-4-2-6,1,0.00033434,major,genesis,main
word_count,6,11,8-6-4-2-6-6,1,0.00033434,major,genesis,main
word_count,6,12,6-4-2-6-6-7,1,0.00033434,major,genesis,main
word_count,6,13,4-2-6-6-7-6,1,0.00033434,major,genesis,main
word_count,6,14,2-6-6-7-6-6,1,0.00033434,major,genesis,main
word_count,6,15,6-6-7-6-6-5,1,0.00033434,major,genesis,main
word_count,6,16,6-7-6-6-5-15,1,0.00033434,major,genesis,main
word_count,6,17,7-6-6-5-15-2,1,0.00033434,major,genesis,main
word_count,6,18,6-6-5-15-2-4,1,0.00033434,major,genesis,main
word_count,6,19,6-5-15-2-4-6,1,0.00033434,major,genesis,main
word_count,6,20,5-15-2-4-6-11,1,0.00033434,major,genesis,main
word_count,6,21,15-2-4-6-11-2,1,0.00033434,major,genesis,main
word_count,6,22,2-4-6-11-2-8,1,0.00033434,major,genesis,main
word_count,6,23,4-6-11-2-8-4,1,0.00033434,major,genesis,main
word_count,6,24,6-11-2-8-4-18,1,0.00033434,major,genesis,main
word_count,6,25,11-2-8-4-18-2,1,0.00033434,major,genesis,main
word_count,6,26,2-8-4-18-2-14,1,0.00033434,major,genesis,main
word_count,6,27,8-4-18-2-14-4,1,0.00033434,major,genesis,main
word_count,6,28,4-18-2-14-4-6,1,0.00033434,major,genesis,main
word_count,6,29,18-2-14-4-6-11,1,0.00033434,major,genesis,main
word_count,6,30,2-14-4-6-11-5,1,0.00033434,major,genesis,main
word_count,6,31,14-4-6-11-5-7,1,0.00033434,major,genesis,main
word_count,6,32,4-6-11-5-7-2,1,0.00033434,major,genesis,main
word_count,6,33,6-11-5-7-2-6,1,0.00033434,major,genesis,main
word_count,6,34,11-5-7-2-6-12,1,0.00033434,major,genesis,main
word_count,6,35,5-7-2-6-12-5,1,0.00033434,major,genesis,main
word_count,6,36,7-2-6-12-5-3,1,0.00033434,major,genesis,main
word_count,6,37,2-6-12-5-3-8,1,0.00033434,major,genesis,main
word_count,6,38,6-12-5-3-8-4,1,0.00033434,major,genesis,main
word_count,6,39,12-5-3-8-4-6,1,0.00033434,major,genesis,main
word_count,6,40,5-3-8-4-6-7,1,0.00033434,major,genesis,main
word_count,6,41,3-8-4-6-7-8,1,0.00033434,major,genesis,main
word_count,6,42,8-4-6-7-8-5,1,0.00033434,major,genesis,main
word_count,6,43,4-6-7-8-5-18,1,0.00033434,major,genesis,main
word_count,6,44,6-7-8-5-18-4,1,0.00033434,major,genesis,main
word_count,6,45,7-8-5-18-4-9,1,0.00033434,major,genesis,main
word_count,6,46,8-5-18-4-9-6,1,0.00033434,major,genesis,main
word_count,6,47,5-18-4-9-6-12,1,0.00033434,major,genesis,main
word_count,6,48,18-4-9-6-12-2,1,0.00033434,major,genesis,main
word_count,6,49,4-9-6-12-2-14,1,0.00033434,major,genesis,main
word_count,6,50,9-6-12-2-14-4,1,0.00033434,major,genesis,main
pulse_count,2,1,8-12,20,0.0066778,major,genesis,main
pulse_count,2,2,13-10,20,0.0066778,major,genesis,main
pulse_count,2,3,9-12,19,0.00634391,major,genesis,main
pulse_count,2,4,7-9,19,0.00634391,major,genesis,main
pulse_count,2,5,14-13,18,0.00601002,major,genesis,main
pulse_count,2,6,15-13,18,0.00601002,major,genesis,main
pulse_count,2,7,10-7,17,0.00567613,major,genesis,main
pulse_count,2,8,12-10,17,0.00567613,major,genesis,main
pulse_count,2,9,12-8,17,0.00567613,major,genesis,main
pulse_count,2,10,18-8,16,0.00534224,major,genesis,main
pulse_count,2,11,12-12,16,0.00534224,major,genesis,main
pulse_count,2,12,8-8,15,0.00500835,major,genesis,main
pulse_count,2,13,8-18,15,0.00500835,major,genesis,main
pulse_count,2,14,8-9,15,0.00500835,major,genesis,main
pulse_count,2,15,15-12,15,0.00500835,major,genesis,main
pulse_count,2,16,10-9,14,0.00467446,major,genesis,main
pulse_count,2,17,8-13,14,0.00467446,major,genesis,main
pulse_count,2,18,9-13,13,0.00434057,major,genesis,main
pulse_count,2,19,13-15,13,0.00434057,major,genesis,main
pulse_count,2,20,13-13,13,0.00434057,major,genesis,main
pulse_count,2,21,10-12,13,0.00434057,major,genesis,main
pulse_count,2,22,14-7,13,0.00434057,major,genesis,main
pulse_count,2,23,8-10,13,0.00434057,major,genesis,main
pulse_count,2,24,13-12,12,0.00400668,major,genesis,main
pulse_count,2,25,9-7,12,0.00400668,major,genesis,main
pulse_count,2,26,9-8,12,0.00400668,major,genesis,main
pulse_count,2,27,16-7,12,0.00400668,major,genesis,main
pulse_count,2,28,11-9,12,0.00400668,major,genesis,main
pulse_count,2,29,7-14,11,0.00367279,major,genesis,main
pulse_count,2,30,9-19,11,0.00367279,major,genesis,main
pulse_count,2,31,11-13,11,0.00367279,major,genesis,main
pulse_count,2,32,19-14,11,0.00367279,major,genesis,main
pulse_count,2,33,17-14,11,0.00367279,major,genesis,main
pulse_count,2,34,10-11,11,0.00367279,major,genesis,main
pulse_count,2,35,9-9,11,0.00367279,major,genesis,main
pulse_count,2,36,12-19,11,0.00367279,major,genesis,main
pulse_count,2,37,17-16,11,0.00367279,major,genesis,main
pulse_count,2,38,7-8,11,0.00367279,major,genesis,main
pulse_count,2,39,12-15,10,0.0033389,major,genesis,main
pulse_count,2,40,13-9,10,0.0033389,major,genesis,main
pulse_count,2,41,23-8,10,0.0033389,major,genesis,main
pulse_count,2,42,12-9,10,0.0033389,major,genesis,main
pulse_count,2,43,11-11,10,0.0033389,major,genesis,main
pulse_count,2,44,16-8,10,0.0033389,major,genesis,main
pulse_count,2,45,8-15,10,0.0033389,major,genesis,main
pulse_count,2,46,16-12,10,0.0033389,major,genesis,main
pulse_count,2,47,20-10,10,0.0033389,major,genesis,main
pulse_count,2,48,12-21,10,0.0033389,major,genesis,main
pulse_count,2,49,22-10,9,0.00300501,major,genesis,main
pulse_count,2,50,14-14,9,0.00300501,major,genesis,main
pulse_count,3,1,12-15-13,4,0.00133601,major,genesis,main
pulse_count,3,2,14-7-9,4,0.00133601,major,genesis,main
pulse_count,3,3,6-24-8,4,0.00133601,major,genesis,main
pulse_count,3,4,18-6-5,4,0.00133601,major,genesis,main
pulse_count,3,5,10-7-9,4,0.00133601,major,genesis,main
pulse_count,3,6,14-13-10,4,0.00133601,major,genesis,main
pulse_count,3,7,13-15-10,3,0.001002,major,genesis,main
pulse_count,3,8,14-13-13,3,0.001002,major,genesis,main
pulse_count,3,9,9-12-15,3,0.001002,major,genesis,main
pulse_count,3,10,13-11-13,3,0.001002,major,genesis,main
pulse_count,3,11,11-18-16,3,0.001002,major,genesis,main
pulse_count,3,12,14-10-12,3,0.001002,major,genesis,main
pulse_count,3,13,12-8-12,3,0.001002,major,genesis,main
pulse_count,3,14,10-8-18,3,0.001002,major,genesis,main
pulse_count,3,15,8-27-8,3,0.001002,major,genesis,main
pulse_count,3,16,16-8-18,3,0.001002,major,genesis,main
pulse_count,3,17,18-15-8,3,0.001002,major,genesis,main
pulse_count,3,18,15-12-8,3,0.001002,major,genesis,main
pulse_count,3,19,8-12-9,3,0.001002,major,genesis,main
pulse_count,3,20,7-14-7,3,0.001002,major,genesis,main
pulse_count,3,21,7-9-12,3,0.001002,major,genesis,main
pulse_count,3,22,7-17-16,3,0.001002,major,genesis,main
pulse_count,3,23,7-9-13,3,0.001002,major,genesis,main
pulse_count,3,24,6-23-8,3,0.001002,major,genesis,main
pulse_count,3,25,5-14-13,3,0.001002,major,genesis,main
pulse_count,3,26,9-12-12,3,0.001002,major,genesis,main
pulse_count,3,27,13-10-9,3,0.001002,major,genesis,main
pulse_count,3,28,24-11-9,3,0.001002,major,genesis,main
pulse_count,3,29,9-12-10,3,0.001002,major,genesis,main
pulse_count,3,30,14-13-12,3,0.001002,major,genesis,main
pulse_count,3,31,10-22-10,3,0.001002,major,genesis,main
pulse_count,3,32,17-14-8,3,0.001002,major,genesis,main
pulse_count,3,33,21-18-14,3,0.001002,major,genesis,main
pulse_count,3,34,9-12-21,3,0.001002,major,genesis,main
pulse_count,3,35,12-10-13,3,0.001002,major,genesis,main
pulse_count,3,36,9-13-9,3,0.001002,major,genesis,main
pulse_count,3,37,9-13-16,2,0.000668,major,genesis,main
pulse_count,3,38,16-13-15,2,0.000668,major,genesis,main
pulse_count,3,39,7-14-27,2,0.000668,major,genesis,main
pulse_count,3,40,16-17-4,2,0.000668,major,genesis,main
pulse_count,3,41,14-30-14,2,0.000668,major,genesis,main
pulse_count,3,42,22-10-30,2,0.000668,major,genesis,main
pulse_count,3,43,16-14-14,2,0.000668,major,genesis,main
pulse_count,3,44,13-13-5,2,0.000668,major,genesis,main
pulse_count,3,45,18-8-9,2,0.000668,major,genesis,main
pulse_count,3,46,10-9-19,2,0.000668,major,genesis,main
pulse_count,3,47,9-19-9,2,0.000668,major,genesis,main
pulse_count,3,48,19-9-12,2,0.000668,major,genesis,main
pulse_count,3,49,13-12-18,2,0.000668,major,genesis,main
pulse_count,3,50,19-13-11,2,0.000668,major,genesis,main
pulse_count,4,1,9-12-15-13,2,0.00066823,major,genesis,main
pulse_count,4,2,8-22-3-12,2,0.00066823,major,genesis,main
pulse_count,4,3,12-6-24-8,2,0.00066823,major,genesis,main
pulse_count,4,4,27-8-18-3,2,0.00066823,major,genesis,main
pulse_count,4,5,15-12-8-25,2,0.00066823,major,genesis,main
pulse_count,4,6,8-10-10-10,2,0.00066823,major,genesis,main
pulse_count,4,7,10-7-9-13,2,0.00066823,major,genesis,main
pulse_count,4,8,6-24-8-9,2,0.00066823,major,genesis,main
pulse_count,4,9,23-8-13-6,2,0.00066823,major,genesis,main
pulse_count,4,10,6-23-8-10,2,0.00066823,major,genesis,main
pulse_count,4,11,13-10-9-8,2,0.00066823,major,genesis,main
pulse_count,4,12,9-8-16-12,2,0.00066823,major,genesis,main
pulse_count,4,13,12-10-13-17,2,0.00066823,major,genesis,main
pulse_count,4,14,8-10-7-8,2,0.00066823,major,genesis,main
pulse_count,4,15,13-11-15-12,2,0.00066823,major,genesis,main
pulse_count,4,16,13-10-12-10,2,0.00066823,major,genesis,main
pulse_count,4,17,9-13-9-19,2,0.00066823,major,genesis,main
pulse_count,4,18,7-20-8-13,2,0.00066823,major,genesis,main
pulse_count,4,19,8-8-18-15,1,0.00033411,major,genesis,main
pulse_count,4,20,8-18-15-9,1,0.00033411,major,genesis,main
pulse_count,4,21,18-15-9-4,1,0.00033411,major,genesis,main
pulse_count,4,22,15-9-4-9,1,0.00033411,major,genesis,main
pulse_count,4,23,9-4-9-13,1,0.00033411,major,genesis,main
pulse_count,4,24,4-9-13-16,1,0.00033411,major,genesis,main
pulse_count,4,25,9-13-16-13,1,0.00033411,major,genesis,main
pulse_count,4,26,13-16-13-15,1,0.00033411,major,genesis,main
pulse_count,4,27,16-13-15-10,1,0.00033411,major,genesis,main
pulse_count,4,28,13-15-10-35,1,0.00033411,major,genesis,main
pulse_count,4,29,15-10-35-4,1,0.00033411,major,genesis,main
pulse_count,4,30,10-35-4-12,1,0.00033411,major,genesis,main
pulse_count,4,31,35-4-12-13,1,0.00033411,major,genesis,main
pulse_count,4,32,4-12-13-31,1,0.00033411,major,genesis,main
pulse_count,4,33,12-13-31-4,1,0.00033411,major,genesis,main
pulse_count,4,34,13-31-4-23,1,0.00033411,major,genesis,main
pulse_count,4,35,31-4-23-7,1,0.00033411,major,genesis,main
pulse_count,4,36,4-23-7-36,1,0.00033411,major,genesis,main
pulse_count,4,37,23-7-36-4,1,0.00033411,major,genesis,main
pulse_count,4,38,7-36-4-31,1,0.00033411,major,genesis,main
pulse_count,4,39,36-4-31-7,1,0.00033411,major,genesis,main
pulse_count,4,40,4-31-7-14,1,0.00033411,major,genesis,main
pulse_count,4,41,31-7-14-27,1,0.00033411,major,genesis,main
pulse_count,4,42,7-14-27-16,1,0.00033411,major,genesis,main
pulse_count,4,43,14-27-16-17,1,0.00033411,major,genesis,main
pulse_count,4,44,27-16-17-4,1,0.00033411,major,genesis,main
pulse_count,4,45,16-17-4-14,1,0.00033411,major,genesis,main
pulse_count,4,46,17-4-14-30,1,0.00033411,major,genesis,main
pulse_count,4,47,4-14-30-14,1,0.00033411,major,genesis,main
pulse_count,4,48,14-30-14-5,1,0.00033411,major,genesis,main
pulse_count,4,49,30-14-5-20,1,0.00033411,major,genesis,main
pulse_count,4,50,14-5-20-7,1,0.00033411,major,genesis,main
pulse_count,5,1,8-8-18-15-9,1,0.00033422,major,genesis,main
pulse_count,5,2,8-18-15-9-4,1,0.00033422,major,genesis,main
pulse_count,5,3,18-15-9-4-9,1,0.00033422,major,genesis,main
pulse_count,5,4,15-9-4-9-13,1,0.00033422,major,genesis,main
pulse_count,5,5,9-4-9-13-16,1,0.00033422,major,genesis,main
pulse_count,5,6,4-9-13-16-13,1,0.00033422,major,genesis,main
pulse_count,5,7,9-13-16-13-15,1,0.00033422,major,genesis,main
pulse_count,5,8,13-16-13-15-10,1,0.00033422,major,genesis,main
pulse_count,5,9,16-13-15-10-35,1,0.00033422,major,genesis,main
pulse_count,5,10,13-15-10-35-4,1,0.00033422,major,genesis,main
pulse_count,5,11,15-10-35-4-12,1,0.00033422,major,genesis,main
pulse_count,5,12,10-35-4-12-13,1,0.00033422,major,genesis,main
pulse_count,5,13,35-4-12-13-31,1,0.00033422,major,genesis,main
pulse_count,5,14,4-12-13-31-4,1,0.00033422,major,genesis,main
pulse_count,5,15,12-13-31-4-23,1,0.00033422,major,genesis,main
pulse_count,5,16,13-31-4-23-7,1,0.00033422,major,genesis,main
pulse_count,5,17,31-4-23-7-36,1,0.00033422,major,genesis,main
pulse_count,5,18,4-23-7-36-4,1,0.00033422,major,genesis,main
pulse_count,5,19,23-7-36-4-31,1,0.00033422,major,genesis,main
pulse_count,5,20,7-36-4-31-7,1,0.00033422,major,genesis,main
pulse_count,5,21,36-4-31-7-14,1,0.00033422,major,genesis,main
pulse_count,5,22,4-31-7-14-27,1,0.00033422,major,genesis,main
pulse_count,5,23,31-7-14-27-16,1,0.00033422,major,genesis,main
pulse_count,5,24,7-14-27-16-17,1,0.00033422,major,genesis,main
pulse_count,5,25,14-27-16-17-4,1,0.00033422,major,genesis,main
pulse_count,5,26,27-16-17-4-14,1,0.00033422,major,genesis,main
pulse_count,5,27,16-17-4-14-30,1,0.00033422,major,genesis,main
pulse_count,5,28,17-4-14-30-14,1,0.00033422,major,genesis,main
pulse_count,5,29,4-14-30-14-5,1,0.00033422,major,genesis,main
pulse_count,5,30,14-30-14-5-20,1,0.00033422,major,genesis,main
pulse_count,5,31,30-14-5-20-7,1,0.00033422,major,genesis,main
pulse_count,5,32,14-5-20-7-13,1,0.00033422,major,genesis,main
pulse_count,5,33,5-20-7-13-18,1,0.00033422,major,genesis,main
pulse_count,5,34,20-7-13-18-15,1,0.00033422,major,genesis,main
pulse_count,5,35,7-13-18-15-14,1,0.00033422,major,genesis,main
pulse_count,5,36,13-18-15-14-38,1,0.00033422,major,genesis,main
pulse_count,5,37,18-15-14-38-10,1,0.00033422,major,genesis,main
pulse_count,5,38,15-14-38-10-21,1,0.00033422,major,genesis,main
pulse_count,5,39,14-38-10-21-14,1,0.00033422,major,genesis,main
pulse_count,5,40,38-10-21-14-31,1,0.00033422,major,genesis,main
pulse_count,5,41,10-21-14-31-4,1,0.00033422,major,genesis,main
pulse_count,5,42,21-14-31-4-32,1,0.00033422,major,genesis,main
pulse_count,5,43,14-31-4-32-7,1,0.00033422,major,genesis,main
pulse_count,5,44,31-4-32-7-18,1,0.00033422,major,genesis,main
pulse_count,5,45,4-32-7-18-35,1,0.00033422,major,genesis,main
pulse_count,5,46,32-7-18-35-22,1,0.00033422,major,genesis,main
pulse_count,5,47,7-18-35-22-10,1,0.00033422,major,genesis,main
pulse_count,5,48,18-35-22-10-30,1,0.00033422,major,genesis,main
pulse_count,5,49,35-22-10-30-25,1,0.00033422,major,genesis,main
pulse_count,5,50,22-10-30-25-42,1,0.00033422,major,genesis,main
pulse_count,6,1,8-8-18-15-9-4,1,0.00033434,major,genesis,main
pulse_count,6,2,8-18-15-9-4-9,1,0.00033434,major,genesis,main
pulse_count,6,3,18-15-9-4-9-13,1,0.00033434,major,genesis,main
pulse_count,6,4,15-9-4-9-13-16,1,0.00033434,major,genesis,main
pulse_count,6,5,9-4-9-13-16-13,1,0.00033434,major,genesis,main
pulse_count,6,6,4-9-13-16-13-15,1,0.00033434,major,genesis,main
pulse_count,6,7,9-13-16-13-15-10,1,0.00033434,major,genesis,main
pulse_count,6,8,13-16-13-15-10-35,1,0.00033434,major,genesis,main
pulse_count,6,9,16-13-15-10-35-4,1,0.00033434,major,genesis,main
pulse_count,6,10,13-15-10-35-4-12,1,0.00033434,major,genesis,main
pulse_count,6,11,15-10-35-4-12-13,1,0.00033434,major,genesis,main
pulse_count,6,12,10-35-4-12-13-31,1,0.00033434,major,genesis,main
pulse_count,6,13,35-4-12-13-31-4,1,0.00033434,major,genesis,main
pulse_count,6,14,4-12-13-31-4-23,1,0.00033434,major,genesis,main
pulse_count,6,15,12-13-31-4-23-7,1,0.00033434,major,genesis,main
pulse_count,6,16,13-31-4-23-7-36,1,0.00033434,major,genesis,main
pulse_count,6,17,31-4-23-7-36-4,1,0.00033434,major,genesis,main
pulse_count,6,18,4-23-7-36-4-31,1,0.00033434,major,genesis,main
pulse_count,6,19,23-7-36-4-31-7,1,0.00033434,major,genesis,main
pulse_count,6,20,7-36-4-31-7-14,1,0.00033434,major,genesis,main
pulse_count,6,21,36-4-31-7-14-27,1,0.00033434,major,genesis,main
pulse_count,6,22,4-31-7-14-27-16,1,0.00033434,major,genesis,main
pulse_count,6,23,31-7-14-27-16-17,1,0.00033434,major,genesis,main
pulse_count,6,24,7-14-27-16-17-4,1,0.00033434,major,genesis,main
pulse_count,6,25,14-27-16-17-4-14,1,0.00033434,major,genesis,main
pulse_count,6,26,27-16-17-4-14-30,1,0.00033434,major,genesis,main
pulse_count,6,27,16-17-4-14-30-14,1,0.00033434,major,genesis,main
pulse_count,6,28,17-4-14-30-14-5,1,0.00033434,major,genesis,main
pulse_count,6,29,4-14-30-14-5-20,1,0.00033434,major,genesis,main
pulse_count,6,30,14-30-14-5-20-7,1,0.00033434,major,genesis,main
pulse_count,6,31,30-14-5-20-7-13,1,0.00033434,major,genesis,main
pulse_count,6,32,14-5-20-7-13-18,1,0.00033434,major,genesis,main
pulse_count,6,33,5-20-7-13-18-15,1,0.00033434,major,genesis,main
pulse_count,6,34,20-7-13-18-15-14,1,0.00033434,major,genesis,main
pulse_count,6,35,7-13-18-15-14-38,1,0.00033434,major,genesis,main
pulse_count,6,36,13-18-15-14-38-10,1,0.00033434,major,genesis,main
pulse_count,6,37,18-15-14-38-10-21,1,0.00033434,major,genesis,main
pulse_count,6,38,15-14-38-10-21-14,1,0.00033434,major,genesis,main
pulse_count,6,39,14-38-10-21-14-31,1,0.00033434,major,genesis,main
pulse_count,6,40,38-10-21-14-31-4,1,0.00033434,major,genesis,main
pulse_count,6,41,10-21-14-31-4-32,1,0.00033434,major,genesis,main
pulse_count,6,42,21-14-31-4-32-7,1,0.00033434,major,genesis,main
pulse_count,6,43,14-31-4-32-7-18,1,0.00033434,major,genesis,main
pulse_count,6,44,31-4-32-7-18-35,1,0.00033434,major,genesis,main
pulse_count,6,45,4-32-7-18-35-22,1,0.00033434,major,genesis,main
pulse_count,6,46,32-7-18-35-22-10,1,0.00033434,major,genesis,main
pulse_count,6,47,7-18-35-22-10-30,1,0.00033434,major,genesis,main
pulse_count,6,48,18-35-22-10-30-25,1,0.00033434,major,genesis,main
pulse_count,6,49,35-22-10-30-25-42,1,0.00033434,major,genesis,main
pulse_count,6,50,22-10-30-25-42-6,1,0.00033434,major,genesis,main
accent_count,2,1,4-3,68,0.02270451,major,genesis,main
accent_count,2,2,5-5,66,0.02203673,major,genesis,main
accent_count,2,3,6-3,66,0.02203673,major,genesis,main
accent_count,2,4,3-5,66,0.02203673,major,genesis,main
accent_count,2,5,3-6,64,0.02136895,major,genesis,main
accent_count,2,6,4-4,63,0.02103506,major,genesis,main
accent_count,2,7,6-4,59,0.0196995,major,genesis,main
accent_count,2,8,3-3,59,0.0196995,major,genesis,main
accent_count,2,9,6-6,58,0.01936561,major,genesis,main
accent_count,2,10,3-4,56,0.01869783,major,genesis,main
accent_count,2,11,4-5,56,0.01869783,major,genesis,main
accent_count,2,12,6-5,55,0.01836394,major,genesis,main
accent_count,2,13,5-6,51,0.01702838,major,genesis,main
accent_count,2,14,5-3,51,0.01702838,major,genesis,main
accent_count,2,15,7-6,49,0.0163606,major,genesis,main
accent_count,2,16,7-4,47,0.01569282,major,genesis,main
accent_count,2,17,5-4,46,0.01535893,major,genesis,main
accent_count,2,18,7-5,44,0.01469115,major,genesis,main
accent_count,2,19,4-6,44,0.01469115,major,genesis,main
accent_count,2,20,3-7,44,0.01469115,major,genesis,main
accent_count,2,21,5-8,44,0.01469115,major,genesis,main
accent_count,2,22,5-7,44,0.01469115,major,genesis,main
accent_count,2,23,8-5,43,0.01435726,major,genesis,main
accent_count,2,24,4-7,40,0.01335559,major,genesis,main
accent_count,2,25,3-8,40,0.01335559,major,genesis,main
accent_count,2,26,8-4,37,0.01235392,major,genesis,main
accent_count,2,27,8-3,36,0.01202003,major,genesis,main
accent_count,2,28,4-2,33,0.01101836,major,genesis,main
accent_count,2,29,4-8,32,0.01068447,major,genesis,main
accent_count,2,30,6-7,31,0.01035058,major,genesis,main
accent_count,2,31,5-2,31,0.01035058,major,genesis,main
accent_count,2,32,2-4,29,0.0096828,major,genesis,main
accent_count,2,33,6-8,29,0.0096828,major,genesis,main
accent_count,2,34,9-6,29,0.0096828,major,genesis,main
accent_count,2,35,3-9,28,0.00934891,major,genesis,main
accent_count,2,36,9-3,28,0.00934891,major,genesis,main
accent_count,2,37,8-8,27,0.00901503,major,genesis,main
accent_count,2,38,8-6,26,0.00868114,major,genesis,main
accent_count,2,39,10-3,26,0.00868114,major,genesis,main
accent_count,2,40,5-9,26,0.00868114,major,genesis,main
accent_count,2,41,8-7,26,0.00868114,major,genesis,main
accent_count,2,42,7-3,26,0.00868114,major,genesis,main
accent_count,2,43,2-3,25,0.00834725,major,genesis,main
accent_count,2,44,2-5,24,0.00801336,major,genesis,main
accent_count,2,45,5-10,24,0.00801336,major,genesis,main
accent_count,2,46,10-5,24,0.00801336,major,genesis,main
accent_count,2,47,7-7,23,0.00767947,major,genesis,main
accent_count,2,48,9-5,22,0.00734558,major,genesis,main
accent_count,2,49,4-9,22,0.00734558,major,genesis,main
accent_count,2,50,6-2,21,0.00701169,major,genesis,main
accent_count,3,1,3-6-3,16,0.00534402,major,genesis,main
accent_count,3,2,6-3-5,15,0.00501002,major,genesis,main
accent_count,3,3,4-4-4,13,0.00434202,major,genesis,main
accent_count,3,4,5-6-6,13,0.00434202,major,genesis,main
accent_count,3,5,6-6-5,12,0.00400802,major,genesis,main
accent_count,3,6,4-3-4,12,0.00400802,major,genesis,main
accent_count,3,7,5-5-3,11,0.00367401,major,genesis,main
accent_count,3,8,3-4-5,11,0.00367401,major,genesis,main
accent_count,3,9,6-4-4,11,0.00367401,major,genesis,main
accent_count,3,10,6-6-3,11,0.00367401,major,genesis,main
accent_count,3,11,5-6-3,11,0.00367401,major,genesis,main
accent_count,3,12,4-3-5,11,0.00367401,major,genesis,main
accent_count,3,13,3-3-3,11,0.00367401,major,genesis,main
accent_count,3,14,6-6-4,10,0.00334001,major,genesis,main
accent_count,3,15,4-7-6,10,0.00334001,major,genesis,main
accent_count,3,16,4-5-5,10,0.00334001,major,genesis,main
accent_count,3,17,8-5-5,10,0.00334001,major,genesis,main
accent_count,3,18,3-7-4,10,0.00334001,major,genesis,main
accent_count,3,19,5-7-6,10,0.00334001,major,genesis,main
accent_count,3,20,7-5-5,10,0.00334001,major,genesis,main
accent_count,3,21,8-4-3,10,0.00334001,major,genesis,main
accent_count,3,22,7-4-3,10,0.00334001,major,genesis,main
accent_count,3,23,5-4-3,10,0.00334001,major,genesis,main
accent_count,3,24,5-8-8,10,0.00334001,major,genesis,main
accent_count,3,25,4-3-6,10,0.00334001,major,genesis,main
accent_count,3,26,7-6-6,9,0.00300601,major,genesis,main
accent_count,3,27,7-6-4,9,0.00300601,major,genesis,main
accent_count,3,28,6-6-7,9,0.00300601,major,genesis,main
accent_count,3,29,5-8-4,9,0.00300601,major,genesis,main
accent_count,3,30,5-5-7,9,0.00300601,major,genesis,main
accent_count,3,31,5-5-5,9,0.00300601,major,genesis,main
accent_count,3,32,6-3-6,9,0.00300601,major,genesis,main
accent_count,3,33,4-3-3,9,0.00300601,major,genesis,main
accent_count,3,34,6-3-3,9,0.00300601,major,genesis,main
accent_count,3,35,8-5-7,9,0.00300601,major,genesis,main
accent_count,3,36,5-7-4,9,0.00300601,major,genesis,main
accent_count,3,37,3-4-4,9,0.00300601,major,genesis,main
accent_count,3,38,5-7-5,9,0.00300601,major,genesis,main
accent_count,3,39,3-6-4,9,0.00300601,major,genesis,main
accent_count,3,40,4-2-3,9,0.00300601,major,genesis,main
accent_count,3,41,3-5-8,9,0.00300601,major,genesis,main
accent_count,3,42,3-5-3,9,0.00300601,major,genesis,main
accent_count,3,43,4-6-5,9,0.00300601,major,genesis,main
accent_count,3,44,6-3-7,9,0.00300601,major,genesis,main
accent_count,3,45,7-6-5,9,0.00300601,major,genesis,main
accent_count,3,46,8-3-6,8,0.00267201,major,genesis,main
accent_count,3,47,4-7-4,8,0.00267201,major,genesis,main
accent_count,3,48,3-6-6,8,0.00267201,major,genesis,main
accent_count,3,49,3-6-9,8,0.00267201,major,genesis,main
accent_count,3,50,6-5-6,8,0.00267201,major,genesis,main
accent_count,4,1,6-3-6-3,5,0.00167056,major,genesis,main
accent_count,4,2,3-6-3-5,5,0.00167056,major,genesis,main
accent_count,4,3,4-4-4-4,5,0.00167056,major,genesis,main
accent_count,4,4,8-5-5-3,4,0.00133645,major,genesis,main
accent_count,4,5,4-3-4-5,4,0.00133645,major,genesis,main
accent_count,4,6,6-6-4-4,4,0.00133645,major,genesis,main
accent_count,4,7,5-3-6-9,4,0.00133645,major,genesis,main
accent_count,4,8,7-4-3-3,4,0.00133645,major,genesis,main
accent_count,4,9,3-3-6-3,4,0.00133645,major,genesis,main
accent_count,4,10,8-5-7-4,4,0.00133645,major,genesis,main
accent_count,4,11,4-5-5-6,4,0.00133645,major,genesis,main
accent_count,4,12,3-3-3-3,4,0.00133645,major,genesis,main
accent_count,4,13,5-5-3-3,4,0.00133645,major,genesis,main
accent_count,4,14,6-4-4-3,4,0.00133645,major,genesis,main
accent_count,4,15,4-3-6-3,4,0.00133645,major,genesis,main
accent_count,4,16,5-6-6-4,4,0.00133645,major,genesis,main
accent_count,4,17,6-7-6-6,3,0.00100234,major,genesis,main
accent_count,4,18,6-6-5-14,3,0.00100234,major,genesis,main
accent_count,4,19,4-7-6-6,3,0.00100234,major,genesis,main
accent_count,4,20,3-4-10-4,3,0.00100234,major,genesis,main
accent_count,4,21,7-5-5-5,3,0.00100234,major,genesis,main
accent_count,4,22,3-10-5-5,3,0.00100234,major,genesis,main
accent_count,4,23,3-6-3-8,3,0.00100234,major,genesis,main
accent_count,4,24,8-3-8-3,3,0.00100234,major,genesis,main
accent_count,4,25,7-2-8-3,3,0.00100234,major,genesis,main
accent_count,4,26,9-3-8-5,3,0.00100234,major,genesis,main
accent_count,4,27,3-4-4-8,3,0.00100234,major,genesis,main
accent_count,4,28,5-4-5-5,3,0.00100234,major,genesis,main
accent_count,4,29,3-6-6-7,3,0.00100234,major,genesis,main
accent_count,4,30,4-3-3-4,3,0.00100234,major,genesis,main
accent_count,4,31,3-4-2-3,3,0.00100234,major,genesis,main
accent_count,4,32,8-5-4-3,3,0.00100234,major,genesis,main
accent_count,4,33,3-3-3-4,3,0.00100234,major,genesis,main
accent_count,4,34,5-6-6-3,3,0.00100234,major,genesis,main
accent_count,4,35,6-6-3-9,3,0.00100234,major,genesis,main
accent_count,4,36,3-5-2-10,3,0.00100234,major,genesis,main
accent_count,4,37,5-2-10-3,3,0.00100234,major,genesis,main
accent_count,4,38,2-10-3-4,3,0.00100234,major,genesis,main
accent_count,4,39,4-8-3-5,3,0.00100234,major,genesis,main
accent_count,4,40,4-3-7-4,3,0.00100234,major,genesis,main
accent_count,4,41,5-4-4-9,3,0.00100234,major,genesis,main
accent_count,4,42,3-3-5-8,3,0.00100234,major,genesis,main
accent_count,4,43,6-6-3-5,3,0.00100234,major,genesis,main
accent_count,4,44,8-8-5-7,3,0.00100234,major,genesis,main
accent_count,4,45,4-4-3-4,3,0.00100234,major,genesis,main
accent_count,4,46,6-3-7-3,3,0.00100234,major,genesis,main
accent_count,4,47,6-11-4-4,3,0.00100234,major,genesis,main
accent_count,4,48,3-5-5-3,3,0.00100234,major,genesis,main
accent_count,4,49,5-7-6-3,3,0.00100234,major,genesis,main
accent_count,4,50,6-3-5-8,3,0.00100234,major,genesis,main
accent_count,5,1,3-3-6-3-5,3,0.00100267,major,genesis,main
accent_count,5,2,5-4-5-5-6,3,0.00100267,major,genesis,main
accent_count,5,3,3-5-2-10-3,3,0.00100267,major,genesis,main
accent_count,5,4,5-2-10-3-4,3,0.00100267,major,genesis,main
accent_count,5,5,6-6-4-4-3,3,0.00100267,major,genesis,main
accent_count,5,6,4-6-7-6-6,2,0.00066845,major,genesis,main
accent_count,5,7,8-5-5-3-7,2,0.00066845,major,genesis,main
accent_count,5,8,4-4-5-5-7,2,0.00066845,major,genesis,main
accent_count,5,9,4-5-3-6-9,2,0.00066845,major,genesis,main
accent_count,5,10,6-3-6-3-8,2,0.00066845,major,genesis,main
accent_count,5,11,4-4-6-9-6,2,0.00066845,major,genesis,main
accent_count,5,12,1-6-2-10-3,2,0.00066845,major,genesis,main
accent_count,5,13,2-10-3-8-1,2,0.00066845,major,genesis,main
accent_count,5,14,3-8-1-4-2,2,0.00066845,major,genesis,main
accent_count,5,15,4-2-11-3-8,2,0.00066845,major,genesis,main
accent_count,5,16,3-9-1-7-2,2,0.00066845,major,genesis,main
accent_count,5,17,3-4-4-8-3,2,0.00066845,major,genesis,main
accent_count,5,18,5-3-6-9-3,2,0.00066845,major,genesis,main
accent_count,5,19,3-6-6-7-3,2,0.00066845,major,genesis,main
accent_count,5,20,5-5-7-8-6,2,0.00066845,major,genesis,main
accent_count,5,21,6-3-4-5-4,2,0.00066845,major,genesis,main
accent_count,5,22,3-3-4-10-4,2,0.00066845,major,genesis,main
accent_count,5,23,3-3-3-3-4,2,0.00066845,major,genesis,main
accent_count,5,24,8-5-6-6-3,2,0.00066845,major,genesis,main
accent_count,5,25,5-6-6-3-9,2,0.00066845,major,genesis,main
accent_count,5,26,2-10-3-4-2,2,0.00066845,major,genesis,main
accent_count,5,27,11-6-3-8-3,2,0.00066845,major,genesis,main
accent_count,5,28,9-5-9-8-4,2,0.00066845,major,genesis,main
accent_count,5,29,5-9-8-4-3,2,0.00066845,major,genesis,main
accent_count,5,30,9-8-4-3-7,2,0.00066845,major,genesis,main
accent_count,5,31,4-7-7-4-3,2,0.00066845,major,genesis,main
accent_count,5,32,5-4-4-9-3,2,0.00066845,major,genesis,main
accent_count,5,33,5-4-8-6-5,2,0.00066845,major,genesis,main
accent_count,5,34,8-8-5-7-4,2,0.00066845,major,genesis,main
accent_count,5,35,3-9-6-6-3,2,0.00066845,major,genesis,main
accent_count,5,36,4-4-7-6-3,2,0.00066845,major,genesis,main
accent_count,5,37,4-5-2-7-2,2,0.00066845,major,genesis,main
accent_count,5,38,6-6-5-14-7,2,0.00066845,major,genesis,main
accent_count,5,39,3-5-5-3-3,2,0.00066845,major,genesis,main
accent_count,5,40,5-5-3-3-3,2,0.00066845,major,genesis,main
accent_count,5,41,6-3-5-8-8,2,0.00066845,major,genesis,main
accent_count,5,42,9-6-3-6-3,2,0.00066845,major,genesis,main
accent_count,5,43,4-7-4-6-6,2,0.00066845,major,genesis,main
accent_count,5,44,7-4-6-6-7,2,0.00066845,major,genesis,main
accent_count,5,45,5-3-3-7-5,2,0.00066845,major,genesis,main
accent_count,5,46,7-6-5-6-6,2,0.00066845,major,genesis,main
accent_count,5,47,5-8-4-6-4,2,0.00066845,major,genesis,main
accent_count,5,48,4-6-3-7-3,2,0.00066845,major,genesis,main
accent_count,5,49,8-4-3-6-3,2,0.00066845,major,genesis,main
accent_count,5,50,6-4-3-6-9,2,0.00066845,major,genesis,main
accent_count,6,1,3-5-2-10-3-4,3,0.00100301,major,genesis,main
accent_count,6,2,8-5-6-6-3-9,2,0.00066867,major,genesis,main
accent_count,6,3,5-2-10-3-4-2,2,0.00066867,major,genesis,main
accent_count,6,4,9-5-9-8-4-3,2,0.00066867,major,genesis,main
accent_count,6,5,5-9-8-4-3-7,2,0.00066867,major,genesis,main
accent_count,6,6,3-5-5-3-3-3,2,0.00066867,major,genesis,main
accent_count,6,7,4-7-4-6-6-7,2,0.00066867,major,genesis,main
accent_count,6,8,6-4-3-6-9-7,2,0.00066867,major,genesis,main
accent_count,6,9,11-5-4-5-5-6,2,0.00066867,major,genesis,main
accent_count,6,10,5-4-5-5-6-6,2,0.00066867,major,genesis,main
accent_count,6,11,4-5-5-6-6-4,2,0.00066867,major,genesis,main
accent_count,6,12,5-6-6-4-4-3,2,0.00066867,major,genesis,main
accent_count,6,13,3-4-7-5-4-2,1,0.00033434,major,genesis,main
accent_count,6,14,4-7-5-4-2-4,1,0.00033434,major,genesis,main
accent_count,6,15,7-5-4-2-4-6,1,0.00033434,major,genesis,main
accent_count,6,16,5-4-2-4-6-7,1,0.00033434,major,genesis,main
accent_count,6,17,4-2-4-6-7-6,1,0.00033434,major,genesis,main
accent_count,6,18,2-4-6-7-6-6,1,0.00033434,major,genesis,main
accent_count,6,19,4-6-7-6-6-5,1,0.00033434,major,genesis,main
accent_count,6,20,6-7-6-6-5-14,1,0.00033434,major,genesis,main
accent_count,6,21,7-6-6-5-14-2,1,0.00033434,major,genesis,main
accent_count,6,22,6-6-5-14-2-4,1,0.00033434,major,genesis,main
accent_count,6,23,6-5-14-2-4-6,1,0.00033434,major,genesis,main
accent_count,6,24,5-14-2-4-6-10,1,0.00033434,major,genesis,main
accent_count,6,25,14-2-4-6-10-2,1,0.00033434,major,genesis,main
accent_count,6,26,2-4-6-10-2-8,1,0.00033434,major,genesis,main
accent_count,6,27,4-6-10-2-8-3,1,0.00033434,major,genesis,main
accent_count,6,28,6-10-2-8-3-16,1,0.00033434,major,genesis,main
accent_count,6,29,10-2-8-3-16-2,1,0.00033434,major,genesis,main
accent_count,6,30,2-8-3-16-2-13,1,0.00033434,major,genesis,main
accent_count,6,31,8-3-16-2-13-3,1,0.00033434,major,genesis,main
accent_count,6,32,3-16-2-13-3-6,1,0.00033434,major,genesis,main
accent_count,6,33,16-2-13-3-6-11,1,0.00033434,major,genesis,main
accent_count,6,34,2-13-3-6-11-5,1,0.00033434,major,genesis,main
accent_count,6,35,13-3-6-11-5-6,1,0.00033434,major,genesis,main
accent_count,6,36,3-6-11-5-6-2,1,0.00033434,major,genesis,main
accent_count,6,37,6-11-5-6-2-5,1,0.00033434,major,genesis,main
accent_count,6,38,11-5-6-2-5-10,1,0.00033434,major,genesis,main
accent_count,6,39,5-6-2-5-10-5,1,0.00033434,major,genesis,main
accent_count,6,40,6-2-5-10-5-2,1,0.00033434,major,genesis,main
accent_count,6,41,2-5-10-5-2-8,1,0.00033434,major,genesis,main
accent_count,6,42,5-10-5-2-8-3,1,0.00033434,major,genesis,main
accent_count,6,43,10-5-2-8-3-6,1,0.00033434,major,genesis,main
accent_count,6,44,5-2-8-3-6-7,1,0.00033434,major,genesis,main
accent_count,6,45,2-8-3-6-7-6,1,0.00033434,major,genesis,main
accent_count,6,46,8-3-6-7-6-4,1,0.00033434,major,genesis,main
accent_count,6,47,3-6-7-6-4-15,1,0.00033434,major,genesis,main
accent_count,6,48,6-7-6-4-15-4,1,0.00033434,major,genesis,main
accent_count,6,49,7-6-4-15-4-8,1,0.00033434,major,genesis,main
accent_count,6,50,6-4-15-4-8-6,1,0.00033434,major,genesis,main
word_count,2,1,3-3,502,0.08736512,minor,genesis,main
word_count,2,2,4-3,372,0.06474069,minor,genesis,main
word_count,2,3,3-4,357,0.06213018,minor,genesis,main
word_count,2,4,2-3,322,0.05603898,minor,genesis,main
word_count,2,5,3-2,317,0.05516881,minor,genesis,main
word_count,2,6,4-4,311,0.05412461,minor,genesis,main
word_count,2,7,2-4,251,0.04368256,minor,genesis,main
word_count,2,8,4-2,244,0.04246432,minor,genesis,main
word_count,2,9,3-5,187,0.03254438,minor,genesis,main
word_count,2,10,5-3,170,0.0295858,minor,genesis,main
word_count,2,11,5-4,153,0.02662722,minor,genesis,main
word_count,2,12,2-2,145,0.02523495,minor,genesis,main
word_count,2,13,4-5,144,0.02506091,minor,genesis,main
word_count,2,14,1-3,141,0.02453881,minor,genesis,main
word_count,2,15,5-2,134,0.02332057,minor,genesis,main
word_count,2,16,3-1,129,0.0224504,minor,genesis,main
word_count,2,17,2-5,121,0.02105813,minor,genesis,main
word_count,2,18,3-6,111,0.01931779,minor,genesis,main
word_count,2,19,1-4,111,0.01931779,minor,genesis,main
word_count,2,20,4-1,100,0.01740341,minor,genesis,main
word_count,2,21,4-6,85,0.0147929,minor,genesis,main
word_count,2,22,5-5,83,0.01444483,minor,genesis,main
word_count,2,23,6-2,82,0.0142708,minor,genesis,main
word_count,2,24,6-3,82,0.0142708,minor,genesis,main
word_count,2,25,6-4,75,0.01305256,minor,genesis,main
word_count,2,26,2-6,66,0.01148625,minor,genesis,main
word_count,2,27,2-1,60,0.01044205,minor,genesis,main
word_count,2,28,5-1,58,0.01009398,minor,genesis,main
word_count,2,29,1-5,57,0.00991994,minor,genesis,main
word_count,2,30,1-2,53,0.00922381,minor,genesis,main
word_count,2,31,6-5,49,0.00852767,minor,genesis,main
word_count,2,32,7-3,46,0.00800557,minor,genesis,main
word_count,2,33,5-6,40,0.00696136,minor,genesis,main
word_count,2,34,3-7,38,0.0066133,minor,genesis,main
word_count,2,35,7-4,32,0.00556909,minor,genesis,main
word_count,2,36,4-7,32,0.00556909,minor,genesis,main
word_count,2,37,6-6,29,0.00504699,minor,genesis,main
word_count,2,38,6-1,28,0.00487296,minor,genesis,main
word_count,2,39,5-7,22,0.00382875,minor,genesis,main
word_count,2,40,8-3,22,0.00382875,minor,genesis,main
word_count,2,41,2-7,20,0.00348068,minor,genesis,main
word_count,2,42,7-2,20,0.00348068,minor,genesis,main
word_count,2,43,4-8,19,0.00330665,minor,genesis,main
word_count,2,44,3-8,18,0.00313261,minor,genesis,main
word_count,2,45,1-6,18,0.00313261,minor,genesis,main
word_count,2,46,1-1,16,0.00278455,minor,genesis,main
word_count,2,47,7-5,15,0.00261051,minor,genesis,main
word_count,2,48,7-1,14,0.00243648,minor,genesis,main
word_count,2,49,2-8,13,0.00226244,minor,genesis,main
word_count,2,50,9-3,12,0.00208841,minor,genesis,main
word_count,3,1,3-3-3,144,0.02506527,minor,genesis,main
word_count,3,2,4-3-3,115,0.02001741,minor,genesis,main
word_count,3,3,3-3-4,112,0.01949521,minor,genesis,main
word_count,3,4,2-3-3,111,0.01932115,minor,genesis,main
word_count,3,5,3-4-3,99,0.01723238,minor,genesis,main
word_count,3,6,3-2-3,96,0.01671018,minor,genesis,main
word_count,3,7,3-3-2,90,0.0156658,minor,genesis,main
word_count,3,8,3-4-4,86,0.01496954,minor,genesis,main
word_count,3,9,3-2-4,84,0.01462141,minor,genesis,main
word_count,3,10,4-4-3,84,0.01462141,minor,genesis,main
word_count,3,11,4-4-4,83,0.01444735,minor,genesis,main
word_count,3,12,4-2-3,80,0.01392515,minor,genesis,main
word_count,3,13,4-3-4,78,0.01357702,minor,genesis,main
word_count,3,14,4-3-2,71,0.01235857,minor,genesis,main
word_count,3,15,2-4-3,70,0.01218451,minor,genesis,main
word_count,3,16,2-3-4,63,0.01096606,minor,genesis,main
word_count,3,17,4-2-4,62,0.01079199,minor,genesis,main
word_count,3,18,4-4-2,62,0.01079199,minor,genesis,main
word_count,3,19,3-4-2,60,0.01044386,minor,genesis,main
word_count,3,20,2-3-2,58,0.01009574,minor,genesis,main
word_count,3,21,2-4-4,55,0.00957354,minor,genesis,main
word_count,3,22,3-3-5,54,0.00939948,minor,genesis,main
word_count,3,23,2-4-2,53,0.00922541,minor,genesis,main
word_count,3,24,5-2-3,53,0.00922541,minor,genesis,main
word_count,3,25,3-5-2,48,0.00835509,minor,genesis,main
word_count,3,26,2-2-3,46,0.00800696,minor,genesis,main
word_count,3,27,3-3-1,46,0.00800696,minor,genesis,main
word_count,3,28,3-2-2,43,0.00748477,minor,genesis,main
word_count,3,29,1-3-3,43,0.00748477,minor,genesis,main
word_count,3,30,3-5-4,42,0.0073107,minor,genesis,main
word_count,3,31,3-4-5,41,0.00713664,minor,genesis,main
word_count,3,32,3-1-3,40,0.00696258,minor,genesis,main
word_count,3,33,5-3-3,39,0.00678851,minor,genesis,main
word_count,3,34,5-4-4,39,0.00678851,minor,genesis,main
word_count,3,35,4-5-3,39,0.00678851,minor,genesis,main
word_count,3,36,5-3-4,39,0.00678851,minor,genesis,main
word_count,3,37,3-2-5,38,0.00661445,minor,genesis,main
word_count,3,38,4-2-2,37,0.00644038,minor,genesis,main
word_count,3,39,5-4-3,36,0.00626632,minor,genesis,main
word_count,3,40,3-5-3,36,0.00626632,minor,genesis,main
word_count,3,41,4-3-5,36,0.00626632,minor,genesis,main
word_count,3,42,4-1-3,35,0.00609225,minor,genesis,main
word_count,3,43,4-1-4,34,0.00591819,minor,genesis,main
word_count,3,44,1-4-3,33,0.00574413,minor,genesis,main
word_count,3,45,2-5-3,33,0.00574413,minor,genesis,main
word_count,3,46,5-3-2,32,0.00557006,minor,genesis,main
word_count,3,47,6-4-3,32,0.00557006,minor,genesis,main
word_count,3,48,5-2-4,32,0.00557006,minor,genesis,main
word_count,3,49,1-3-4,31,0.005396,minor,genesis,main
word_count,3,50,2-3-5,31,0.005396,minor,genesis,main
word_count,4,1,3-3-3-3,49,0.00853064,minor,genesis,main
word_count,4,2,3-2-3-3,38,0.0066156,minor,genesis,main
word_count,4,3,3-4-3-3,37,0.0064415,minor,genesis,main
word_count,4,4,3-3-4-3,36,0.00626741,minor,genesis,main
word_count,4,5,4-3-3-3,33,0.00574513,minor,genesis,main
word_count,4,6,2-3-3-3,33,0.00574513,minor,genesis,main
word_count,4,7,3-3-2-3,31,0.00539694,minor,genesis,main
word_count,4,8,3-3-4-4,31,0.00539694,minor,genesis,main
word_count,4,9,4-3-2-4,29,0.00504875,minor,genesis,main
word_count,4,10,4-3-3-4,29,0.00504875,minor,genesis,main
word_count,4,11,4-4-3-4,29,0.00504875,minor,genesis,main
word_count,4,12,3-2-4-3,28,0.00487465,minor,genesis,main
word_count,4,13,3-3-3-4,27,0.00470056,minor,genesis,main
word_count,4,14,3-5-2-3,26,0.00452646,minor,genesis,main
word_count,4,15,3-4-4-4,26,0.00452646,minor,genesis,main
word_count,4,16,4-2-3-3,25,0.00435237,minor,genesis,main
word_count,4,17,2-4-3-3,25,0.00435237,minor,genesis,main
word_count,4,18,2-3-3-4,24,0.00417827,minor,genesis,main
word_count,4,19,4-4-4-3,23,0.00400418,minor,genesis,main
word_count,4,20,3-3-2-4,22,0.00383008,minor,genesis,main
word_count,4,21,4-4-4-4,22,0.00383008,minor,genesis,main
word_count,4,22,3-4-4-3,22,0.00383008,minor,genesis,main
word_count,4,23,4-4-2-3,21,0.00365599,minor,genesis,main
word_count,4,24,3-3-3-5,21,0.00365599,minor,genesis,main
word_count,4,25,4-4-3-3,21,0.00365599,minor,genesis,main
word_count,4,26,4-3-4-3,21,0.00365599,minor,genesis,main
word_count,4,27,5-2-3-3,21,0.00365599,minor,genesis,main
word_count,4,28,3-3-3-2,20,0.00348189,minor,genesis,main
word_count,4,29,4-4-4-2,20,0.00348189,minor,genesis,main
word_count,4,30,3-4-3-4,20,0.00348189,minor,genesis,main
word_count,4,31,3-4-4-2,19,0.0033078,minor,genesis,main
word_count,4,32,2-3-3-2,19,0.0033078,minor,genesis,main
word_count,4,33,3-2-4-4,19,0.0033078,minor,genesis,main
word_count,4,34,3-3-4-2,19,0.0033078,minor,genesis,main
word_count,4,35,2-3-4-3,19,0.0033078,minor,genesis,main
word_count,4,36,2-4-2-3,18,0.0031337,minor,genesis,main
word_count,4,37,4-2-4-3,18,0.0031337,minor,genesis,main
word_count,4,38,3-4-2-3,18,0.0031337,minor,genesis,main
word_count,4,39,3-4-3-2,18,0.0031337,minor,genesis,main
word_count,4,40,2-4-3-2,17,0.00295961,minor,genesis,main
word_count,4,41,4-3-4-2,17,0.00295961,minor,genesis,main
word_count,4,42,4-3-3-2,17,0.00295961,minor,genesis,main
word_count,4,43,3-4-2-4,16,0.00278552,minor,genesis,main
word_count,4,44,4-2-4-4,16,0.00278552,minor,genesis,main
word_count,4,45,2-3-4-4,16,0.00278552,minor,genesis,main
word_count,4,46,4-3-4-4,16,0.00278552,minor,genesis,main
word_count,4,47,2-2-3-3,16,0.00278552,minor,genesis,main
word_count,4,48,1-3-3-2,16,0.00278552,minor,genesis,main
word_count,4,49,2-4-4-3,16,0.00278552,minor,genesis,main
word_count,4,50,3-2-4-2,16,0.00278552,minor,genesis,main
word_count,5,1,3-3-3-3-3,20,0.0034825,minor,genesis,main
word_count,5,2,3-3-4-3-3,19,0.00330838,minor,genesis,main
word_count,5,3,3-2-4-3-3,15,0.00261188,minor,genesis,main
word_count,5,4,3-2-3-3-2,14,0.00243775,minor,genesis,main
word_count,5,5,3-3-2-3-3,11,0.00191538,minor,genesis,main
word_count,5,6,3-4-3-3-3,11,0.00191538,minor,genesis,main
word_count,5,7,3-3-3-3-4,11,0.00191538,minor,genesis,main
word_count,5,8,2-4-2-3-3,11,0.00191538,minor,genesis,main
word_count,5,9,3-2-3-3-3,11,0.00191538,minor,genesis,main
word_count,5,10,2-3-3-3-3,11,0.00191538,minor,genesis,main
word_count,5,11,4-3-3-3-4,10,0.00174125,minor,genesis,main
word_count,5,12,3-4-3-2-4,10,0.00174125,minor,genesis,main
word_count,5,13,3-3-4-4-3,10,0.00174125,minor,genesis,main
word_count,5,14,3-3-4-4-4,10,0.00174125,minor,genesis,main
word_count,5,15,4-3-3-4-4,10,0.00174125,minor,genesis,main
word_count,5,16,4-4-4-3-4,10,0.00174125,minor,genesis,main
word_count,5,17,3-3-2-4-4,10,0.00174125,minor,genesis,main
word_count,5,18,4-4-4-2-4,9,0.00156713,minor,genesis,main
word_count,5,19,2-3-3-4-3,9,0.00156713,minor,genesis,main
word_count,5,20,3-3-3-4-3,9,0.00156713,minor,genesis,main
word_count,5,21,4-3-3-4-3,9,0.00156713,minor,genesis,main
word_count,5,22,4-3-3-3-3,9,0.00156713,minor,genesis,main
word_count,5,23,4-4-3-4-3,9,0.00156713,minor,genesis,main
word_count,5,24,4-2-3-3-4,9,0.00156713,minor,genesis,main
word_count,5,25,3-4-4-4-3,9,0.00156713,minor,genesis,main
word_count,5,26,4-3-2-4-3,8,0.001393,minor,genesis,main
word_count,5,27,3-3-3-2-3,8,0.001393,minor,genesis,main
word_count,5,28,2-3-3-2-4,8,0.001393,minor,genesis,main
word_count,5,29,3-3-3-5-3,8,0.001393,minor,genesis,main
word_count,5,30,4-4-4-4-3,8,0.001393,minor,genesis,main
word_count,5,31,2-4-3-3-4,8,0.001393,minor,genesis,main
word_count,5,32,4-3-3-2-3,8,0.001393,minor,genesis,main
word_count,5,33,4-3-4-3-2,8,0.001393,minor,genesis,main
word_count,5,34,2-4-4-3-4,8,0.001393,minor,genesis,main
word_count,5,35,4-3-2-4-2,8,0.001393,minor,genesis,main
word_count,5,36,3-2-4-2-3,8,0.001393,minor,genesis,main
word_count,5,37,2-3-4-3-3,8,0.001393,minor,genesis,main
word_count,5,38,1-3-2-3-3,8,0.001393,minor,genesis,main
word_count,5,39,4-2-3-3-3,8,0.001393,minor,genesis,main
word_count,5,40,4-4-2-3-3,7,0.00121888,minor,genesis,main
word_count,5,41,2-3-4-4-2,7,0.00121888,minor,genesis,main
word_count,5,42,4-4-4-2-3,7,0.00121888,minor,genesis,main
word_count,5,43,3-4-4-4-4,7,0.00121888,minor,genesis,main
word_count,5,44,4-3-2-4-4,7,0.00121888,minor,genesis,main
word_count,5,45,4-4-3-4-2,7,0.00121888,minor,genesis,main
word_count,5,46,2-4-3-2-4,7,0.00121888,minor,genesis,main
word_count,5,47,2-4-3-3-3,7,0.00121888,minor,genesis,main
word_count,5,48,2-3-3-4-4,7,0.00121888,minor,genesis,main
word_count,5,49,3-4-4-3-3,7,0.00121888,minor,genesis,main
word_count,5,50,3-4-3-3-4,7,0.00121888,minor,genesis,main
word_count,6,1,3-2-3-3-2-4,8,0.00139324,minor,genesis,main
word_count,6,2,3-3-3-3-3-4,8,0.00139324,minor,genesis,main
word_count,6,3,3-2-4-2-3-3,8,0.00139324,minor,genesis,main
word_count,6,4,3-3-3-3-3-3,8,0.00139324,minor,genesis,main
word_count,6,5,3-3-4-3-3-3,6,0.00104493,minor,genesis,main
word_count,6,6,4-3-3-4-3-3,6,0.00104493,minor,genesis,main
word_count,6,7,4-2-3-3-4-3,6,0.00104493,minor,genesis,main
word_count,6,8,3-2-4-3-3-3,6,0.00104493,minor,genesis,main
word_count,6,9,3-3-4-3-2-4,6,0.00104493,minor,genesis,main
word_count,6,10,3-4-4-4-3-4,6,0.00104493,minor,genesis,main
word_count,6,11,3-3-2-3-3-2,5,0.00087078,minor,genesis,main
word_count,6,12,4-3-3-3-4-3,5,0.00087078,minor,genesis,main
word_count,6,13,3-3-3-4-3-3,5,0.00087078,minor,genesis,main
word_count,6,14,4-4-3-4-3-2,5,0.00087078,minor,genesis,main
word_count,6,15,3-4-3-2-4-4,5,0.00087078,minor,genesis,main
word_count,6,16,4-3-2-4-2-3,5,0.00087078,minor,genesis,main
word_count,6,17,2-4-2-3-3-4,5,0.00087078,minor,genesis,main
word_count,6,18,3-3-4-3-3-1,5,0.00087078,minor,genesis,main
word_count,6,19,3-3-3-3-4-4,5,0.00087078,minor,genesis,main
word_count,6,20,3-3-3-3-5-3,5,0.00087078,minor,genesis,main
word_count,6,21,3-3-3-2-3-3,4,0.00069662,minor,genesis,main
word_count,6,22,4-3-4-2-3-4,4,0.00069662,minor,genesis,main
word_count,6,23,3-3-2-4-3-3,4,0.00069662,minor,genesis,main
word_count,6,24,3-4-3-3-3-4,4,0.00069662,minor,genesis,main
word_count,6,25,3-2-4-3-3-4,4,0.00069662,minor,genesis,main
word_count,6,26,3-3-3-3-4-3,4,0.00069662,minor,genesis,main
word_count,6,27,3-2-4-4-3-4,4,0.00069662,minor,genesis,main
word_count,6,28,3-4-3-2-4-2,4,0.00069662,minor,genesis,main
word_count,6,29,2-3-3-4-3-3,4,0.00069662,minor,genesis,main
word_count,6,30,2-4-3-3-3-4,4,0.00069662,minor,genesis,main
word_count,6,31,3-4-3-3-1-2,4,0.00069662,minor,genesis,main
word_count,6,32,4-4-3-3-4-4,4,0.00069662,minor,genesis,main
word_count,6,33,1-3-2-3-3-3,4,0.00069662,minor,genesis,main
word_count,6,34,3-3-3-2-4-4,4,0.00069662,minor,genesis,main
word_count,6,35,3-3-4-4-4-3,4,0.00069662,minor,genesis,main
word_count,6,36,4-3-4-4-3-3,4,0.00069662,minor,genesis,main
word_count,6,37,3-3-3-5-3-3,4,0.00069662,minor,genesis,main
word_count,6,38,2-3-3-4-4-2,4,0.00069662,minor,genesis,main
word_count,6,39,3-3-3-4-4-3,4,0.00069662,minor,genesis,main
word_count,6,40,3-2-3-3-3-3,4,0.00069662,minor,genesis,main
word_count,6,41,4-3-3-4-4-4,4,0.00069662,minor,genesis,main
word_count,6,42,2-2-3-4-4-2,3,0.00052247,minor,genesis,main
word_count,6,43,4-3-4-4-4-2,3,0.00052247,minor,genesis,main
word_count,6,44,3-4-4-4-2-4,3,0.00052247,minor,genesis,main
word_count,6,45,4-4-4-2-4-4,3,0.00052247,minor,genesis,main
word_count,6,46,2-3-3-4-3-4,3,0.00052247,minor,genesis,main
word_count,6,47,4-4-7-3-3-2,3,0.00052247,minor,genesis,main
word_count,6,48,3-4-4-4-4-3,3,0.00052247,minor,genesis,main
word_count,6,49,2-4-4-1-3-3,3,0.00052247,minor,genesis,main
word_count,6,50,2-4-3-3-4-3,3,0.00052247,minor,genesis,main
pulse_count,2,1,6-7,118,0.02053603,minor,genesis,main
pulse_count,2,2,7-6,113,0.01966585,minor,genesis,main
pulse_count,2,3,6-6,113,0.01966585,minor,genesis,main
pulse_count,2,4,7-7,109,0.01896972,minor,genesis,main
pulse_count,2,5,7-8,105,0.01827358,minor,genesis,main
pulse_count,2,6,8-5,100,0.01740341,minor,genesis,main
pulse_count,2,7,6-8,99,0.01722938,minor,genesis,main
pulse_count,2,8,8-8,97,0.01688131,minor,genesis,main
pulse_count,2,9,5-7,97,0.01688131,minor,genesis,main
pulse_count,2,10,9-6,93,0.01618517,minor,genesis,main
pulse_count,2,11,7-9,90,0.01566307,minor,genesis,main
pulse_count,2,12,8-6,90,0.01566307,minor,genesis,main
pulse_count,2,13,5-8,86,0.01496693,minor,genesis,main
pulse_count,2,14,7-5,85,0.0147929,minor,genesis,main
pulse_count,2,15,8-9,84,0.01461887,minor,genesis,main
pulse_count,2,16,5-6,81,0.01409676,minor,genesis,main
pulse_count,2,17,6-5,80,0.01392273,minor,genesis,main
pulse_count,2,18,6-9,73,0.01270449,minor,genesis,main
pulse_count,2,19,8-7,70,0.01218239,minor,genesis,main
pulse_count,2,20,9-9,70,0.01218239,minor,genesis,main
pulse_count,2,21,9-8,68,0.01183432,minor,genesis,main
pulse_count,2,22,9-7,65,0.01131222,minor,genesis,main
pulse_count,2,23,10-7,64,0.01113818,minor,genesis,main
pulse_count,2,24,5-9,63,0.01096415,minor,genesis,main
pulse_count,2,25,8-10,63,0.01096415,minor,genesis,main
pulse_count,2,26,9-5,61,0.01061608,minor,genesis,main
pulse_count,2,27,5-5,61,0.01061608,minor,genesis,main
pulse_count,2,28,10-8,59,0.01026801,minor,genesis,main
pulse_count,2,29,6-10,58,0.01009398,minor,genesis,main
pulse_count,2,30,5-10,56,0.00974591,minor,genesis,main
pulse_count,2,31,4-7,53,0.00922381,minor,genesis,main
pulse_count,2,32,7-10,50,0.00870171,minor,genesis,main
pulse_count,2,33,10-6,50,0.00870171,minor,genesis,main
pulse_count,2,34,3-7,49,0.00852767,minor,genesis,main
pulse_count,2,35,4-6,49,0.00852767,minor,genesis,main
pulse_count,2,36,8-3,48,0.00835364,minor,genesis,main
pulse_count,2,37,6-3,48,0.00835364,minor,genesis,main
pulse_count,2,38,3-8,46,0.00800557,minor,genesis,main
pulse_count,2,39,10-9,42,0.00730943,minor,genesis,main
pulse_count,2,40,9-4,42,0.00730943,minor,genesis,main
pulse_count,2,41,9-10,42,0.00730943,minor,genesis,main
pulse_count,2,42,11-8,42,0.00730943,minor,genesis,main
pulse_count,2,43,8-11,41,0.0071354,minor,genesis,main
pulse_count,2,44,8-4,40,0.00696136,minor,genesis,main
pulse_count,2,45,7-3,40,0.00696136,minor,genesis,main
pulse_count,2,46,10-5,39,0.00678733,minor,genesis,main
pulse_count,2,47,6-4,38,0.0066133,minor,genesis,main
pulse_count,2,48,12-6,38,0.0066133,minor,genesis,main
pulse_count,2,49,10-10,38,0.0066133,minor,genesis,main
pulse_count,2,50,4-8,38,0.0066133,minor,genesis,main
pulse_count,3,1,6-6-7,22,0.00382942,minor,genesis,main
pulse_count,3,2,6-7-7,21,0.00365535,minor,genesis,main
pulse_count,3,3,8-6-6,20,0.00348129,minor,genesis,main
pulse_count,3,4,5-7-8,19,0.00330722,minor,genesis,main
pulse_count,3,5,9-6-7,18,0.00313316,minor,genesis,main
pulse_count,3,6,6-7-6,18,0.00313316,minor,genesis,main
pulse_count,3,7,6-7-8,18,0.00313316,minor,genesis,main
pulse_count,3,8,9-6-5,18,0.00313316,minor,genesis,main
pulse_count,3,9,7-7-8,18,0.00313316,minor,genesis,main
pulse_count,3,10,5-8-5,17,0.00295909,minor,genesis,main
pulse_count,3,11,7-6-8,17,0.00295909,minor,genesis,main
pulse_count,3,12,7-7-7,17,0.00295909,minor,genesis,main
pulse_count,3,13,7-7-6,17,0.00295909,minor,genesis,main
pulse_count,3,14,7-6-6,16,0.00278503,minor,genesis,main
pulse_count,3,15,8-5-7,16,0.00278503,minor,genesis,main
pulse_count,3,16,6-6-6,15,0.00261097,minor,genesis,main
pulse_count,3,17,4-7-7,15,0.00261097,minor,genesis,main
pulse_count,3,18,6-9-6,15,0.00261097,minor,genesis,main
pulse_count,3,19,7-9-8,15,0.00261097,minor,genesis,main
pulse_count,3,20,8-5-10,14,0.0024369,minor,genesis,main
pulse_count,3,21,9-6-8,14,0.0024369,minor,genesis,main
pulse_count,3,22,6-8-9,14,0.0024369,minor,genesis,main
pulse_count,3,23,8-9-9,14,0.0024369,minor,genesis,main
pulse_count,3,24,8-5-6,14,0.0024369,minor,genesis,main
pulse_count,3,25,7-5-7,14,0.0024369,minor,genesis,main
pulse_count,3,26,5-5-7,14,0.0024369,minor,genesis,main
pulse_count,3,27,6-7-9,14,0.0024369,minor,genesis,main
pulse_count,3,28,8-8-8,14,0.0024369,minor,genesis,main
pulse_count,3,29,6-6-8,14,0.0024369,minor,genesis,main
pulse_count,3,30,6-5-7,14,0.0024369,minor,genesis,main
pulse_count,3,31,7-6-7,14,0.0024369,minor,genesis,main
pulse_count,3,32,7-4-6,13,0.00226284,minor,genesis,main
pulse_count,3,33,6-6-10,13,0.00226284,minor,genesis,main
pulse_count,3,34,5-7-6,13,0.00226284,minor,genesis,main
pulse_count,3,35,5-6-5,13,0.00226284,minor,genesis,main
pulse_count,3,36,9-8-5,13,0.00226284,minor,genesis,main
pulse_count,3,37,5-8-6,13,0.00226284,minor,genesis,main
pulse_count,3,38,6-8-6,13,0.00226284,minor,genesis,main
pulse_count,3,39,8-5-8,13,0.00226284,minor,genesis,main
pulse_count,3,40,6-5-9,13,0.00226284,minor,genesis,main
pulse_count,3,41,5-7-7,13,0.00226284,minor,genesis,main
pulse_count,3,42,9-6-6,13,0.00226284,minor,genesis,main
pulse_count,3,43,5-10-9,12,0.00208877,minor,genesis,main
pulse_count,3,44,6-6-9,12,0.00208877,minor,genesis,main
pulse_count,3,45,6-7-5,12,0.00208877,minor,genesis,main
pulse_count,3,46,6-8-5,12,0.00208877,minor,genesis,main
pulse_count,3,47,7-8-3,12,0.00208877,minor,genesis,main
pulse_count,3,48,6-8-8,12,0.00208877,minor,genesis,main
pulse_count,3,49,5-7-9,12,0.00208877,minor,genesis,main
pulse_count,3,50,7-9-6,12,0.00208877,minor,genesis,main
pulse_count,4,1,6-6-7-5,6,0.00104457,minor,genesis,main
pulse_count,4,2,8-6-6-7,6,0.00104457,minor,genesis,main
pulse_count,4,3,5-8-5-5,6,0.00104457,minor,genesis,main
pulse_count,4,4,6-6-7-7,6,0.00104457,minor,genesis,main
pulse_count,4,5,7-7-7-7,6,0.00104457,minor,genesis,main
pulse_count,4,6,9-6-5-7,6,0.00104457,minor,genesis,main
pulse_count,4,7,7-8-7-6,5,0.00087047,minor,genesis,main
pulse_count,4,8,7-6-8-6,5,0.00087047,minor,genesis,main
pulse_count,4,9,7-9-8-10,5,0.00087047,minor,genesis,main
pulse_count,4,10,9-6-6-7,5,0.00087047,minor,genesis,main
pulse_count,4,11,6-7-7-6,5,0.00087047,minor,genesis,main
pulse_count,4,12,9-6-7-6,4,0.00069638,minor,genesis,main
pulse_count,4,13,7-4-6-6,4,0.00069638,minor,genesis,main
pulse_count,4,14,6-6-10-8,4,0.00069638,minor,genesis,main
pulse_count,4,15,6-6-9-6,4,0.00069638,minor,genesis,main
pulse_count,4,16,9-6-8-5,4,0.00069638,minor,genesis,main
pulse_count,4,17,7-6-8-9,4,0.00069638,minor,genesis,main
pulse_count,4,18,6-4-7-7,4,0.00069638,minor,genesis,main
pulse_count,4,19,9-6-7-8,4,0.00069638,minor,genesis,main
pulse_count,4,20,7-9-7-8,4,0.00069638,minor,genesis,main
pulse_count,4,21,5-7-8-3,4,0.00069638,minor,genesis,main
pulse_count,4,22,8-5-5-7,4,0.00069638,minor,genesis,main
pulse_count,4,23,11-5-6-3,4,0.00069638,minor,genesis,main
pulse_count,4,24,9-6-5-9,4,0.00069638,minor,genesis,main
pulse_count,4,25,7-9-6-7,4,0.00069638,minor,genesis,main
pulse_count,4,26,7-8-8-8,4,0.00069638,minor,genesis,main
pulse_count,4,27,7-6-9-6,4,0.00069638,minor,genesis,main
pulse_count,4,28,6-6-6-8,4,0.00069638,minor,genesis,main
pulse_count,4,29,7-5-7-8,4,0.00069638,minor,genesis,main
pulse_count,4,30,9-7-7-7,4,0.00069638,minor,genesis,main
pulse_count,4,31,6-5-7-8,4,0.00069638,minor,genesis,main
pulse_count,4,32,8-5-8-6,4,0.00069638,minor,genesis,main
pulse_count,4,33,5-8-10-5,4,0.00069638,minor,genesis,main
pulse_count,4,34,5-8-6-6,4,0.00069638,minor,genesis,main
pulse_count,4,35,8-5-6-9,4,0.00069638,minor,genesis,main
pulse_count,4,36,9-8-5-7,4,0.00069638,minor,genesis,main
pulse_count,4,37,7-8-5-7,4,0.00069638,minor,genesis,main
pulse_count,4,38,5-7-6-8,4,0.00069638,minor,genesis,main
pulse_count,4,39,7-6-7-9,4,0.00069638,minor,genesis,main
pulse_count,4,40,6-7-9-8,4,0.00069638,minor,genesis,main
pulse_count,4,41,8-3-6-7,4,0.00069638,minor,genesis,main
pulse_count,4,42,6-6-10-7,4,0.00069638,minor,genesis,main
pulse_count,4,43,8-10-5-6,4,0.00069638,minor,genesis,main
pulse_count,4,44,5-5-7-6,4,0.00069638,minor,genesis,main
pulse_count,4,45,8-9-9-6,4,0.00069638,minor,genesis,main
pulse_count,4,46,8-8-3-7,3,0.00052228,minor,genesis,main
pulse_count,4,47,5-10-9-4,3,0.00052228,minor,genesis,main
pulse_count,4,48,6-6-11-7,3,0.00052228,minor,genesis,main
pulse_count,4,49,7-6-6-6,3,0.00052228,minor,genesis,main
pulse_count,4,50,5-9-4-7,3,0.00052228,minor,genesis,main
pulse_count,5,1,9-6-5-7-8,4,0.0006965,minor,genesis,main
pulse_count,5,2,9-6-8-5-9,3,0.00052238,minor,genesis,main
pulse_count,5,3,6-6-8-5-7,3,0.00052238,minor,genesis,main
pulse_count,5,4,7-7-7-7-7,3,0.00052238,minor,genesis,main
pulse_count,5,5,9-6-6-7-7,3,0.00052238,minor,genesis,main
pulse_count,5,6,6-6-7-7-6,3,0.00052238,minor,genesis,main
pulse_count,5,7,8-6-6-7-5,3,0.00052238,minor,genesis,main
pulse_count,5,8,8-3-7-8-5,2,0.00034825,minor,genesis,main
pulse_count,5,9,10-9-4-9-6,2,0.00034825,minor,genesis,main
pulse_count,5,10,6-6-6-9-6,2,0.00034825,minor,genesis,main
pulse_count,5,11,7-6-6-7-5,2,0.00034825,minor,genesis,main
pulse_count,5,12,6-6-7-5-4,2,0.00034825,minor,genesis,main
pulse_count,5,13,8-6-8-9-10,2,0.00034825,minor,genesis,main
pulse_count,5,14,6-1-11-9-9,2,0.00034825,minor,genesis,main
pulse_count,5,15,5-8-9-4-6,2,0.00034825,minor,genesis,main
pulse_count,5,16,8-9-4-6-8,2,0.00034825,minor,genesis,main
pulse_count,5,17,3-8-6-6-7,2,0.00034825,minor,genesis,main
pulse_count,5,18,6-6-7-3-7,2,0.00034825,minor,genesis,main
pulse_count,5,19,7-7-5-10-9,2,0.00034825,minor,genesis,main
pulse_count,5,20,7-6-8-6-10,2,0.00034825,minor,genesis,main
pulse_count,5,21,5-8-5-5-7,2,0.00034825,minor,genesis,main
pulse_count,5,22,7-8-7-6-6,2,0.00034825,minor,genesis,main
pulse_count,5,23,7-8-8-4-6,2,0.00034825,minor,genesis,main
pulse_count,5,24,8-8-4-6-3,2,0.00034825,minor,genesis,main
pulse_count,5,25,7-9-6-7-9,2,0.00034825,minor,genesis,main
pulse_count,5,26,8-7-12-6-7,2,0.00034825,minor,genesis,main
pulse_count,5,27,4-7-8-8-8,2,0.00034825,minor,genesis,main
pulse_count,5,28,7-6-9-6-5,2,0.00034825,minor,genesis,main
pulse_count,5,29,8-11-7-10-7,2,0.00034825,minor,genesis,main
pulse_count,5,30,5-4-10-6-7,2,0.00034825,minor,genesis,main
pulse_count,5,31,7-7-8-10-8,2,0.00034825,minor,genesis,main
pulse_count,5,32,7-9-4-10-5,2,0.00034825,minor,genesis,main
pulse_count,5,33,6-6-6-8-5,2,0.00034825,minor,genesis,main
pulse_count,5,34,6-8-5-7-7,2,0.00034825,minor,genesis,main
pulse_count,5,35,6-2-5-8-8,2,0.00034825,minor,genesis,main
pulse_count,5,36,8-8-5-9-8,2,0.00034825,minor,genesis,main
pulse_count,5,37,4-5-9-6-5,2,0.00034825,minor,genesis,main
pulse_count,5,38,5-9-6-5-10,2,0.00034825,minor,genesis,main
pulse_count,5,39,4-9-6-8-3,2,0.00034825,minor,genesis,main
pulse_count,5,40,5-9-7-7-7,2,0.00034825,minor,genesis,main
pulse_count,5,41,9-7-7-7-7,2,0.00034825,minor,genesis,main
pulse_count,5,42,7-5-8-8-8,2,0.00034825,minor,genesis,main
pulse_count,5,43,8-9-5-9-6,2,0.00034825,minor,genesis,main
pulse_count,5,44,8-6-12-7-8,2,0.00034825,minor,genesis,main
pulse_count,5,45,9-6-5-9-4,2,0.00034825,minor,genesis,main
pulse_count,5,46,5-9-5-5-8,2,0.00034825,minor,genesis,main
pulse_count,5,47,9-5-5-8-10,2,0.00034825,minor,genesis,main
pulse_count,5,48,6-6-5-9-10,2,0.00034825,minor,genesis,main
pulse_count,5,49,6-5-9-10-8,2,0.00034825,minor,genesis,main
pulse_count,5,50,10-7-8-8-3,2,0.00034825,minor,genesis,main
pulse_count,6,1,7-8-8-4-6-3,2,0.00034831,minor,genesis,main
pulse_count,6,2,6-6-6-8-5-7,2,0.00034831,minor,genesis,main
pulse_count,6,3,6-6-8-5-7-7,2,0.00034831,minor,genesis,main
pulse_count,6,4,4-5-9-6-5-10,2,0.00034831,minor,genesis,main
pulse_count,6,5,9-7-7-7-7-7,2,0.00034831,minor,genesis,main
pulse_count,6,6,6-6-5-9-10-8,2,0.00034831,minor,genesis,main
pulse_count,6,7,9-6-6-7-7-6,2,0.00034831,minor,genesis,main
pulse_count,6,8,7-6-11-8-10-5,2,0.00034831,minor,genesis,main
pulse_count,6,9,7-6-7-9-8-10,2,0.00034831,minor,genesis,main
pulse_count,6,10,7-9-8-10-6-7,2,0.00034831,minor,genesis,main
pulse_count,6,11,9-8-10-6-7-6,2,0.00034831,minor,genesis,main
pulse_count,6,12,6-6-9-6-7-6,2,0.00034831,minor,genesis,main
pulse_count,6,13,8-9-9-6-5-7,2,0.00034831,minor,genesis,main
pulse_count,6,14,5-5-7-6-8-9,2,0.00034831,minor,genesis,main
pulse_count,6,15,7-9-6-8-5-9,2,0.00034831,minor,genesis,main
pulse_count,6,16,8-8-3-7-8-5,1,0.00017416,minor,genesis,main
pulse_count,6,17,8-3-7-8-5-10,1,0.00017416,minor,genesis,main
pulse_count,6,18,3-7-8-5-10-9,1,0.00017416,minor,genesis,main
pulse_count,6,19,7-8-5-10-9-4,1,0.00017416,minor,genesis,main
pulse_count,6,20,8-5-10-9-4-9,1,0.00017416,minor,genesis,main
pulse_count,6,21,5-10-9-4-9-6,1,0.00017416,minor,genesis,main
pulse_count,6,22,10-9-4-9-6-7,1,0.00017416,minor,genesis,main
pulse_count,6,23,9-4-9-6-7-6,1,0.00017416,minor,genesis,main
pulse_count,6,24,4-9-6-7-6-2,1,0.00017416,minor,genesis,main
pulse_count,6,25,9-6-7-6-2-8,1,0.00017416,minor,genesis,main
pulse_count,6,26,6-7-6-2-8-13,1,0.00017416,minor,genesis,main
pulse_count,6,27,7-6-2-8-13-6,1,0.00017416,minor,genesis,main
pulse_count,6,28,6-2-8-13-6-9,1,0.00017416,minor,genesis,main
pulse_count,6,29,2-8-13-6-9-4,1,0.00017416,minor,genesis,main
pulse_count,6,30,8-13-6-9-4-6,1,0.00017416,minor,genesis,main
pulse_count,6,31,13-6-9-4-6-12,1,0.00017416,minor,genesis,main
pulse_count,6,32,6-9-4-6-12-12,1,0.00017416,minor,genesis,main
pulse_count,6,33,9-4-6-12-12-5,1,0.00017416,minor,genesis,main
pulse_count,6,34,4-6-12-12-5-6,1,0.00017416,minor,genesis,main
pulse_count,6,35,6-12-12-5-6-4,1,0.00017416,minor,genesis,main
pulse_count,6,36,12-12-5-6-4-12,1,0.00017416,minor,genesis,main
pulse_count,6,37,12-5-6-4-12-13,1,0.00017416,minor,genesis,main
pulse_count,6,38,5-6-4-12-13-6,1,0.00017416,minor,genesis,main
pulse_count,6,39,6-4-12-13-6-18,1,0.00017416,minor,genesis,main
pulse_count,6,40,4-12-13-6-18-7,1,0.00017416,minor,genesis,main
pulse_count,6,41,12-13-6-18-7-4,1,0.00017416,minor,genesis,main
pulse_count,6,42,13-6-18-7-4-6,1,0.00017416,minor,genesis,main
pulse_count,6,43,6-18-7-4-6-6,1,0.00017416,minor,genesis,main
pulse_count,6,44,18-7-4-6-6-11,1,0.00017416,minor,genesis,main
pulse_count,6,45,7-4-6-6-11-7,1,0.00017416,minor,genesis,main
pulse_count,6,46,4-6-6-11-7-6,1,0.00017416,minor,genesis,main
pulse_count,6,47,6-6-11-7-6-6,1,0.00017416,minor,genesis,main
pulse_count,6,48,6-11-7-6-6-6,1,0.00017416,minor,genesis,main
pulse_count,6,49,11-7-6-6-6-10,1,0.00017416,minor,genesis,main
pulse_count,6,50,7-6-6-6-10-8,1,0.00017416,minor,genesis,main
accent_count,2,1,3-3,758,0.13191786,minor,genesis,main
accent_count,2,2,2-3,564,0.09815524,minor,genesis,main
accent_count,2,3,3-2,520,0.09049774,minor,genesis,main
accent_count,2,4,3-4,347,0.06038984,minor,genesis,main
accent_count,2,5,4-3,341,0.05934563,minor,genesis,main
accent_count,2,6,2-2,321,0.05586495,minor,genesis,main
accent_count,2,7,4-2,246,0.04281239,minor,genesis,main
accent_count,2,8,2-4,229,0.03985381,minor,genesis,main
accent_count,2,9,1-3,195,0.03393665,minor,genesis,main
accent_count,2,10,3-1,188,0.03271841,minor,genesis,main
accent_count,2,11,4-4,178,0.03097807,minor,genesis,main
accent_count,2,12,3-5,164,0.02854159,minor,genesis,main
accent_count,2,13,5-3,139,0.02419074,minor,genesis,main
accent_count,2,14,5-2,128,0.02227637,minor,genesis,main
accent_count,2,15,2-5,103,0.01792551,minor,genesis,main
accent_count,2,16,4-5,97,0.01688131,minor,genesis,main
accent_count,2,17,1-4,92,0.01601114,minor,genesis,main
accent_count,2,18,2-1,89,0.01548904,minor,genesis,main
accent_count,2,19,1-2,88,0.015315,minor,genesis,main
accent_count,2,20,5-4,86,0.01496693,minor,genesis,main
accent_count,2,21,4-1,79,0.01374869,minor,genesis,main
accent_count,2,22,3-6,69,0.01200835,minor,genesis,main
accent_count,2,23,6-2,59,0.01026801,minor,genesis,main
accent_count,2,24,5-1,58,0.01009398,minor,genesis,main
accent_count,2,25,2-6,57,0.00991994,minor,genesis,main
accent_count,2,26,6-3,56,0.00974591,minor,genesis,main
accent_count,2,27,1-5,44,0.0076575,minor,genesis,main
accent_count,2,28,5-5,43,0.00748347,minor,genesis,main
accent_count,2,29,6-4,42,0.00730943,minor,genesis,main
accent_count,2,30,4-6,36,0.00626523,minor,genesis,main
accent_count,2,31,7-3,24,0.00417682,minor,genesis,main
accent_count,2,32,3-7,24,0.00417682,minor,genesis,main
accent_count,2,33,6-5,18,0.00313261,minor,genesis,main
accent_count,2,34,3-8,18,0.00313261,minor,genesis,main
accent_count,2,35,1-1,18,0.00313261,minor,genesis,main
accent_count,2,36,5-6,16,0.00278455,minor,genesis,main
accent_count,2,37,6-6,15,0.00261051,minor,genesis,main
accent_count,2,38,7-4,15,0.00261051,minor,genesis,main
accent_count,2,39,6-1,15,0.00261051,minor,genesis,main
accent_count,2,40,4-7,13,0.00226244,minor,genesis,main
accent_count,2,41,8-3,12,0.00208841,minor,genesis,main
accent_count,2,42,2-7,10,0.00174034,minor,genesis,main
accent_count,2,43,1-6,10,0.00174034,minor,genesis,main
accent_count,2,44,7-2,9,0.00156631,minor,genesis,main
accent_count,2,45,8-2,7,0.00121824,minor,genesis,main
accent_count,2,46,2-8,6,0.0010442,minor,genesis,main
accent_count,2,47,9-4,6,0.0010442,minor,genesis,main
accent_count,2,48,3-10,5,0.00087017,minor,genesis,main
accent_count,2,49,1-7,5,0.00087017,minor,genesis,main
accent_count,2,50,7-5,5,0.00087017,minor,genesis,main
accent_count,3,1,3-3-3,291,0.05065274,minor,genesis,main
accent_count,3,2,3-2-3,217,0.03777198,minor,genesis,main
accent_count,3,3,2-3-3,193,0.03359443,minor,genesis,main
accent_count,3,4,3-3-2,167,0.02906876,minor,genesis,main
accent_count,3,5,2-3-2,149,0.0259356,minor,genesis,main
accent_count,3,6,2-2-3,147,0.02558747,minor,genesis,main
accent_count,3,7,3-3-4,120,0.02088773,minor,genesis,main
accent_count,3,8,3-2-2,114,0.01984334,minor,genesis,main
accent_count,3,9,3-4-3,108,0.01879896,minor,genesis,main
accent_count,3,10,4-3-3,104,0.0181027,minor,genesis,main
accent_count,3,11,2-3-4,95,0.01653612,minor,genesis,main
accent_count,3,12,4-2-3,95,0.01653612,minor,genesis,main
accent_count,3,13,4-3-2,92,0.01601393,minor,genesis,main
accent_count,3,14,3-2-4,91,0.01583986,minor,genesis,main
accent_count,3,15,1-3-3,82,0.01427328,minor,genesis,main
accent_count,3,16,3-4-2,81,0.01409922,minor,genesis,main
accent_count,3,17,3-3-1,79,0.01375109,minor,genesis,main
accent_count,3,18,2-4-3,78,0.01357702,minor,genesis,main
accent_count,3,19,3-1-3,73,0.0127067,minor,genesis,main
accent_count,3,20,2-2-2,70,0.01218451,minor,genesis,main
accent_count,3,21,2-4-2,68,0.01183638,minor,genesis,main
accent_count,3,22,3-4-4,65,0.01131419,minor,genesis,main
accent_count,3,23,4-4-3,65,0.01131419,minor,genesis,main
accent_count,3,24,4-3-4,64,0.01114012,minor,genesis,main
accent_count,3,25,4-2-2,63,0.01096606,minor,genesis,main
accent_count,3,26,5-2-3,51,0.00887728,minor,genesis,main
accent_count,3,27,1-3-2,51,0.00887728,minor,genesis,main
accent_count,3,28,5-3-3,51,0.00887728,minor,genesis,main
accent_count,3,29,3-5-3,49,0.00852916,minor,genesis,main
accent_count,3,30,2-3-1,49,0.00852916,minor,genesis,main
accent_count,3,31,2-3-5,49,0.00852916,minor,genesis,main
accent_count,3,32,3-3-5,48,0.00835509,minor,genesis,main
accent_count,3,33,3-1-2,46,0.00800696,minor,genesis,main
accent_count,3,34,2-2-4,45,0.0078329,minor,genesis,main
accent_count,3,35,4-2-4,44,0.00765883,minor,genesis,main
accent_count,3,36,4-4-2,43,0.00748477,minor,genesis,main
accent_count,3,37,2-1-3,39,0.00678851,minor,genesis,main
accent_count,3,38,3-4-5,38,0.00661445,minor,genesis,main
accent_count,3,39,3-2-5,37,0.00644038,minor,genesis,main
accent_count,3,40,2-5-2,36,0.00626632,minor,genesis,main
accent_count,3,41,3-1-4,36,0.00626632,minor,genesis,main
accent_count,3,42,2-4-4,36,0.00626632,minor,genesis,main
accent_count,3,43,3-5-2,36,0.00626632,minor,genesis,main
accent_count,3,44,4-1-3,34,0.00591819,minor,genesis,main
accent_count,3,45,5-4-3,34,0.00591819,minor,genesis,main
accent_count,3,46,1-4-3,33,0.00574413,minor,genesis,main
accent_count,3,47,4-3-5,33,0.00574413,minor,genesis,main
accent_count,3,48,2-5-3,33,0.00574413,minor,genesis,main
accent_count,3,49,3-2-1,33,0.00574413,minor,genesis,main
accent_count,3,50,5-3-2,32,0.00557006,minor,genesis,main
accent_count,4,1,3-3-3-3,114,0.0198468,minor,genesis,main
accent_count,4,2,3-3-2-3,84,0.01462396,minor,genesis,main
accent_count,4,3,2-3-3-3,76,0.0132312,minor,genesis,main
accent_count,4,4,3-2-3-3,75,0.0130571,minor,genesis,main
accent_count,4,5,3-2-3-2,59,0.01027159,minor,genesis,main
accent_count,4,6,2-3-2-3,59,0.01027159,minor,genesis,main
accent_count,4,7,3-3-3-2,58,0.01009749,minor,genesis,main
accent_count,4,8,3-2-2-3,56,0.0097493,minor,genesis,main
accent_count,4,9,2-2-3-3,53,0.00922702,minor,genesis,main
accent_count,4,10,3-3-3-4,50,0.00870474,minor,genesis,main
accent_count,4,11,4-3-3-3,47,0.00818245,minor,genesis,main
accent_count,4,12,3-3-4-3,44,0.00766017,minor,genesis,main
accent_count,4,13,2-3-3-2,41,0.00713788,minor,genesis,main
accent_count,4,14,3-4-3-3,38,0.0066156,minor,genesis,main
accent_count,4,15,2-2-3-2,37,0.0064415,minor,genesis,main
accent_count,4,16,2-3-4-3,36,0.00626741,minor,genesis,main
accent_count,4,17,4-2-3-3,34,0.00591922,minor,genesis,main
accent_count,4,18,3-3-2-2,33,0.00574513,minor,genesis,main
accent_count,4,19,3-4-2-3,33,0.00574513,minor,genesis,main
accent_count,4,20,2-3-2-2,33,0.00574513,minor,genesis,main
accent_count,4,21,4-2-2-3,32,0.00557103,minor,genesis,main
accent_count,4,22,3-2-3-4,30,0.00522284,minor,genesis,main
accent_count,4,23,2-4-2-3,30,0.00522284,minor,genesis,main
accent_count,4,24,2-2-3-4,30,0.00522284,minor,genesis,main
accent_count,4,25,3-3-4-2,30,0.00522284,minor,genesis,main
accent_count,4,26,4-3-2-2,30,0.00522284,minor,genesis,main
accent_count,4,27,2-3-2-4,29,0.00504875,minor,genesis,main
accent_count,4,28,4-3-2-3,29,0.00504875,minor,genesis,main
accent_count,4,29,2-2-2-3,29,0.00504875,minor,genesis,main
accent_count,4,30,3-1-3-3,29,0.00504875,minor,genesis,main
accent_count,4,31,3-2-4-3,29,0.00504875,minor,genesis,main
accent_count,4,32,3-4-3-2,28,0.00487465,minor,genesis,main
accent_count,4,33,3-3-1-3,28,0.00487465,minor,genesis,main
accent_count,4,34,3-2-4-2,27,0.00470056,minor,genesis,main
accent_count,4,35,3-3-3-1,27,0.00470056,minor,genesis,main
accent_count,4,36,3-4-3-4,25,0.00435237,minor,genesis,main
accent_count,4,37,3-4-4-3,25,0.00435237,minor,genesis,main
accent_count,4,38,4-4-3-3,24,0.00417827,minor,genesis,main
accent_count,4,39,2-3-3-4,24,0.00417827,minor,genesis,main
accent_count,4,40,3-2-3-1,24,0.00417827,minor,genesis,main
accent_count,4,41,1-3-3-2,23,0.00400418,minor,genesis,main
accent_count,4,42,2-4-3-2,23,0.00400418,minor,genesis,main
accent_count,4,43,4-3-3-2,23,0.00400418,minor,genesis,main
accent_count,4,44,1-3-2-3,22,0.00383008,minor,genesis,main
accent_count,4,45,2-3-3-1,22,0.00383008,minor,genesis,main
accent_count,4,46,3-3-2-4,21,0.00365599,minor,genesis,main
accent_count,4,47,1-3-3-3,21,0.00365599,minor,genesis,main
accent_count,4,48,4-2-3-2,21,0.00365599,minor,genesis,main
accent_count,4,49,4-3-3-4,21,0.00365599,minor,genesis,main
accent_count,4,50,2-3-1-3,21,0.00365599,minor,genesis,main
accent_count,5,1,3-3-3-3-3,51,0.00888038,minor,genesis,main
accent_count,5,2,3-2-3-3-3,34,0.00592025,minor,genesis,main
accent_count,5,3,2-3-3-3-3,32,0.005572,minor,genesis,main
accent_count,5,4,3-3-3-2-3,31,0.00539788,minor,genesis,main
accent_count,5,5,2-3-2-3-3,28,0.0048755,minor,genesis,main
accent_count,5,6,3-2-3-2-3,26,0.00452725,minor,genesis,main
accent_count,5,7,3-3-2-3-2,25,0.00435313,minor,genesis,main
accent_count,5,8,3-3-2-3-3,25,0.00435313,minor,genesis,main
accent_count,5,9,2-3-3-2-3,23,0.00400488,minor,genesis,main
accent_count,5,10,3-3-3-3-2,22,0.00383075,minor,genesis,main
accent_count,5,11,2-2-3-3-3,21,0.00365663,minor,genesis,main
accent_count,5,12,3-2-2-3-3,21,0.00365663,minor,genesis,main
accent_count,5,13,3-3-3-4-3,19,0.00330838,minor,genesis,main
accent_count,5,14,3-4-3-3-3,18,0.00313425,minor,genesis,main
accent_count,5,15,2-3-2-2-3,18,0.00313425,minor,genesis,main
accent_count,5,16,3-3-4-3-3,17,0.00296013,minor,genesis,main
accent_count,5,17,2-3-3-3-2,16,0.002786,minor,genesis,main
accent_count,5,18,3-3-2-2-3,16,0.002786,minor,genesis,main
accent_count,5,19,3-3-2-3-4,15,0.00261188,minor,genesis,main
accent_count,5,20,2-2-3-3-2,15,0.00261188,minor,genesis,main
accent_count,5,21,3-3-3-3-4,15,0.00261188,minor,genesis,main
accent_count,5,22,2-3-4-3-3,15,0.00261188,minor,genesis,main
accent_count,5,23,4-3-3-3-3,14,0.00243775,minor,genesis,main
accent_count,5,24,3-2-2-3-2,14,0.00243775,minor,genesis,main
accent_count,5,25,3-4-2-3-3,13,0.00226363,minor,genesis,main
accent_count,5,26,3-3-3-4-2,13,0.00226363,minor,genesis,main
accent_count,5,27,2-3-4-3-2,13,0.00226363,minor,genesis,main
accent_count,5,28,4-3-2-2-3,13,0.00226363,minor,genesis,main
accent_count,5,29,3-2-3-2-2,13,0.00226363,minor,genesis,main
accent_count,5,30,2-2-3-2-3,13,0.00226363,minor,genesis,main
accent_count,5,31,1-3-3-2-3,12,0.0020895,minor,genesis,main
accent_count,5,32,3-3-3-2-2,12,0.0020895,minor,genesis,main
accent_count,5,33,2-2-3-4-3,12,0.0020895,minor,genesis,main
accent_count,5,34,3-3-1-3-3,12,0.0020895,minor,genesis,main
accent_count,5,35,4-3-3-3-2,12,0.0020895,minor,genesis,main
accent_count,5,36,3-3-4-4-3,12,0.0020895,minor,genesis,main
accent_count,5,37,3-3-3-3-1,12,0.0020895,minor,genesis,main
accent_count,5,38,3-2-3-3-2,12,0.0020895,minor,genesis,main
accent_count,5,39,2-2-3-2-2,12,0.0020895,minor,genesis,main
accent_count,5,40,2-3-2-4-3,12,0.0020895,minor,genesis,main
accent_count,5,41,3-2-4-2-3,11,0.00191538,minor,genesis,main
accent_count,5,42,4-3-3-3-4,11,0.00191538,minor,genesis,main
accent_count,5,43,3-3-4-3-2,11,0.00191538,minor,genesis,main
accent_count,5,44,3-4-3-4-3,11,0.00191538,minor,genesis,main
accent_count,5,45,3-2-3-1-3,11,0.00191538,minor,genesis,main
accent_count,5,46,3-3-4-2-3,11,0.00191538,minor,genesis,main
accent_count,5,47,2-3-3-3-4,11,0.00191538,minor,genesis,main
accent_count,5,48,3-3-2-3-1,11,0.00191538,minor,genesis,main
accent_count,5,49,3-1-3-3-2,11,0.00191538,minor,genesis,main
accent_count,5,50,2-3-2-3-2,11,0.00191538,minor,genesis,main
accent_count,6,1,3-3-3-3-3-3,19,0.00330895,minor,genesis,main
accent_count,6,2,2-3-3-3-3-3,18,0.0031348,minor,genesis,main
accent_count,6,3,2-3-2-3-3-3,18,0.0031348,minor,genesis,main
accent_count,6,4,3-3-3-3-2-3,15,0.00261233,minor,genesis,main
accent_count,6,5,3-2-3-3-3-3,12,0.00208986,minor,genesis,main
accent_count,6,6,3-3-3-3-3-2,11,0.00191571,minor,genesis,main
accent_count,6,7,2-2-3-3-3-3,11,0.00191571,minor,genesis,main
accent_count,6,8,3-3-2-3-2-3,11,0.00191571,minor,genesis,main
accent_count,6,9,2-2-3-3-2-3,10,0.00174155,minor,genesis,main
accent_count,6,10,2-3-3-2-3-2,10,0.00174155,minor,genesis,main
accent_count,6,11,3-3-3-2-3-3,10,0.00174155,minor,genesis,main
accent_count,6,12,3-2-3-2-3-3,10,0.00174155,minor,genesis,main
accent_count,6,13,3-3-3-3-3-4,9,0.0015674,minor,genesis,main
accent_count,6,14,2-3-3-3-2-3,9,0.0015674,minor,genesis,main
accent_count,6,15,3-2-2-3-3-3,9,0.0015674,minor,genesis,main
accent_count,6,16,2-2-3-2-3-3,9,0.0015674,minor,genesis,main
accent_count,6,17,3-3-2-2-3-3,8,0.00139324,minor,genesis,main
accent_count,6,18,3-2-3-3-3-2,8,0.00139324,minor,genesis,main
accent_count,6,19,3-3-4-3-3-3,8,0.00139324,minor,genesis,main
accent_count,6,20,2-2-3-2-2-3,8,0.00139324,minor,genesis,main
accent_count,6,21,3-4-3-3-3-4,7,0.00121909,minor,genesis,main
accent_count,6,22,3-3-3-2-3-2,7,0.00121909,minor,genesis,main
accent_count,6,23,3-2-3-2-2-3,7,0.00121909,minor,genesis,main
accent_count,6,24,3-3-2-3-3-3,7,0.00121909,minor,genesis,main
accent_count,6,25,3-2-3-3-3-4,7,0.00121909,minor,genesis,main
accent_count,6,26,2-3-3-2-3-3,7,0.00121909,minor,genesis,main
accent_count,6,27,2-3-4-3-3-4,7,0.00121909,minor,genesis,main
accent_count,6,28,2-3-4-3-3-3,7,0.00121909,minor,genesis,main
accent_count,6,29,3-2-3-2-3-2,7,0.00121909,minor,genesis,main
accent_count,6,30,3-3-3-4-3-3,7,0.00121909,minor,genesis,main
accent_count,6,31,2-2-3-3-3-2,6,0.00104493,minor,genesis,main
accent_count,6,32,3-3-3-2-2-3,6,0.00104493,minor,genesis,main
accent_count,6,33,4-3-4-2-3-3,6,0.00104493,minor,genesis,main
accent_count,6,34,3-3-3-4-2-4,6,0.00104493,minor,genesis,main
accent_count,6,35,3-3-4-2-4-3,6,0.00104493,minor,genesis,main
accent_count,6,36,3-2-2-3-3-2,6,0.00104493,minor,genesis,main
accent_count,6,37,4-2-2-3-4-3,6,0.00104493,minor,genesis,main
accent_count,6,38,2-2-3-4-3-2,6,0.00104493,minor,genesis,main
accent_count,6,39,3-3-3-1-3-2,6,0.00104493,minor,genesis,main
accent_count,6,40,4-3-3-3-4-3,6,0.00104493,minor,genesis,main
accent_count,6,41,3-3-3-4-3-2,6,0.00104493,minor,genesis,main
accent_count,6,42,4-4-3-3-3-3,6,0.00104493,minor,genesis,main
accent_count,6,43,3-3-3-3-3-1,6,0.00104493,minor,genesis,main
accent_count,6,44,3-3-2-3-3-1,6,0.00104493,minor,genesis,main
accent_count,6,45,3-3-3-2-3-1,6,0.00104493,minor,genesis,main
accent_count,6,46,3-3-3-3-1-4,6,0.00104493,minor,genesis,main
accent_count,6,47,4-2-3-3-3-3,6,0.00104493,minor,genesis,main
accent_count,6,48,3-3-1-3-3-2,6,0.00104493,minor,genesis,main
accent_count,6,49,2-3-2-2-3-2,6,0.00104493,minor,genesis,main
accent_count,6,50,2-3-2-3-1-3,6,0.00104493,minor,genesis,main
word_count,2,1,16-17,12,0.00996678,verse,exodus,main
word_count,2,2,11-16,12,0.00996678,verse,exodus,main
word_count,2,3,12-12,12,0.00996678,verse,exodus,main
word_count,2,4,14-13,11,0.00913621,verse,exodus,main
word_count,2,5,14-14,11,0.00913621,verse,exodus,main
word_count,2,6,10-13,11,0.00913621,verse,exodus,main
word_count,2,7,10-16,11,0.00913621,verse,exodus,main
word_count,2,8,12-13,10,0.00830565,verse,exodus,main
word_count,2,9,13-13,10,0.00830565,verse,exodus,main
word_count,2,10,10-10,9,0.00747508,verse,exodus,main
word_count,2,11,12-9,9,0.00747508,verse,exodus,main
word_count,2,12,13-10,9,0.00747508,verse,exodus,main
word_count,2,13,15-14,9,0.00747508,verse,exodus,main
word_count,2,14,10-14,9,0.00747508,verse,exodus,main
word_count,2,15,17-11,9,0.00747508,verse,exodus,main
word_count,2,16,16-9,9,0.00747508,verse,exodus,main
word_count,2,17,11-12,9,0.00747508,verse,exodus,main
word_count,2,18,15-11,8,0.00664452,verse,exodus,main
word_count,2,19,12-19,8,0.00664452,verse,exodus,main
word_count,2,20,9-10,8,0.00664452,verse,exodus,main
word_count,2,21,13-16,8,0.00664452,verse,exodus,main
word_count,2,22,12-11,8,0.00664452,verse,exodus,main
word_count,2,23,14-12,8,0.00664452,verse,exodus,main
word_count,2,24,9-13,7,0.00581395,verse,exodus,main
word_count,2,25,8-12,7,0.00581395,verse,exodus,main
word_count,2,26,9-9,7,0.00581395,verse,exodus,main
word_count,2,27,10-12,7,0.00581395,verse,exodus,main
word_count,2,28,19-14,7,0.00581395,verse,exodus,main
word_count,2,29,12-15,7,0.00581395,verse,exodus,main
word_count,2,30,17-14,7,0.00581395,verse,exodus,main
word_count,2,31,14-10,7,0.00581395,verse,exodus,main
word_count,2,32,14-15,7,0.00581395,verse,exodus,main
word_count,2,33,13-14,7,0.00581395,verse,exodus,main
word_count,2,34,11-15,7,0.00581395,verse,exodus,main
word_count,2,35,17-10,7,0.00581395,verse,exodus,main
word_count,2,36,9-15,7,0.00581395,verse,exodus,main
word_count,2,37,15-10,7,0.00581395,verse,exodus,main
word_count,2,38,13-12,7,0.00581395,verse,exodus,main
word_count,2,39,14-11,7,0.00581395,verse,exodus,main
word_count,2,40,17-12,6,0.00498339,verse,exodus,main
word_count,2,41,16-14,6,0.00498339,verse,exodus,main
word_count,2,42,13-8,6,0.00498339,verse,exodus,main
word_count,2,43,14-7,6,0.00498339,verse,exodus,main
word_count,2,44,15-17,6,0.00498339,verse,exodus,main
word_count,2,45,17-18,6,0.00498339,verse,exodus,main
word_count,2,46,10-15,6,0.00498339,verse,exodus,main
word_count,2,47,12-10,6,0.00498339,verse,exodus,main
word_count,2,48,10-9,6,0.00498339,verse,exodus,main
word_count,2,49,18-14,6,0.00498339,verse,exodus,main
word_count,2,50,10-17,6,0.00498339,verse,exodus,main
word_count,3,1,16-16-17,4,0.00332502,verse,exodus,main
word_count,3,2,13-20-19,3,0.00249377,verse,exodus,main
word_count,3,3,9-13-13,3,0.00249377,verse,exodus,main
word_count,3,4,10-15-14,3,0.00249377,verse,exodus,main
word_count,3,5,7-14-14,3,0.00249377,verse,exodus,main
word_count,3,6,11-10-13,3,0.00249377,verse,exodus,main
word_count,3,7,10-13-10,3,0.00249377,verse,exodus,main
word_count,3,8,19-20-12,3,0.00249377,verse,exodus,main
word_count,3,9,14-10-13,3,0.00249377,verse,exodus,main
word_count,3,10,13-13-5,3,0.00249377,verse,exodus,main
word_count,3,11,11-16-11,3,0.00249377,verse,exodus,main
word_count,3,12,11-12-11,3,0.00249377,verse,exodus,main
word_count,3,13,8-12-12,3,0.00249377,verse,exodus,main
word_count,3,14,17-10-14,3,0.00249377,verse,exodus,main
word_count,3,15,14-11-15,3,0.00249377,verse,exodus,main
word_count,3,16,10-16-9,3,0.00249377,verse,exodus,main
word_count,3,17,11-6-17,2,0.00166251,verse,exodus,main
word_count,3,18,12-16-14,2,0.00166251,verse,exodus,main
word_count,3,19,14-13-17,2,0.00166251,verse,exodus,main
word_count,3,20,13-8-12,2,0.00166251,verse,exodus,main
word_count,3,21,16-17-12,2,0.00166251,verse,exodus,main
word_count,3,22,17-12-13,2,0.00166251,verse,exodus,main
word_count,3,23,19-12-9,2,0.00166251,verse,exodus,main
word_count,3,24,12-9-9,2,0.00166251,verse,exodus,main
word_count,3,25,13-10-12,2,0.00166251,verse,exodus,main
word_count,3,26,15-11-16,2,0.00166251,verse,exodus,main
word_count,3,27,11-16-20,2,0.00166251,verse,exodus,main
word_count,3,28,26-12-15,2,0.00166251,verse,exodus,main
word_count,3,29,14-16-14,2,0.00166251,verse,exodus,main
word_count,3,30,22-17-14,2,0.00166251,verse,exodus,main
word_count,3,31,9-14-7,2,0.00166251,verse,exodus,main
word_count,3,32,16-14-20,2,0.00166251,verse,exodus,main
word_count,3,33,20-8-18,2,0.00166251,verse,exodus,main
word_count,3,34,15-14-8,2,0.00166251,verse,exodus,main
word_count,3,35,8-18-12,2,0.00166251,verse,exodus,main
word_count,3,36,12-19-15,2,0.00166251,verse,exodus,main
word_count,3,37,15-9-12,2,0.00166251,verse,exodus,main
word_count,3,38,12-10-9,2,0.00166251,verse,exodus,main
word_count,3,39,10-13-8,2,0.00166251,verse,exodus,main
word_count,3,40,16-11-15,2,0.00166251,verse,exodus,main
word_count,3,41,12-11-18,2,0.00166251,verse,exodus,main
word_count,3,42,10-16-16,2,0.00166251,verse,exodus,main
word_count,3,43,17-14-13,2,0.00166251,verse,exodus,main
word_count,3,44,13-13-24,2,0.00166251,verse,exodus,main
word_count,3,45,17-11-24,2,0.00166251,verse,exodus,main
word_count,3,46,12-17-15,2,0.00166251,verse,exodus,main
word_count,3,47,12-23-19,2,0.00166251,verse,exodus,main
word_count,3,48,19-19-11,2,0.00166251,verse,exodus,main
word_count,3,49,12-11-12,2,0.00166251,verse,exodus,main
word_count,3,50,14-10-5,2,0.00166251,verse,exodus,main
word_count,4,1,10-16-16-17,2,0.00166389,verse,exodus,main
word_count,4,2,11-12-11-12,2,0.00166389,verse,exodus,main
word_count,4,3,7-12-9-15,2,0.00166389,verse,exodus,main
word_count,4,4,6-7-7-6,2,0.00166389,verse,exodus,main
word_count,4,5,14-13-12-19,2,0.00166389,verse,exodus,main
word_count,4,6,9-10-14-9,2,0.00166389,verse,exodus,main
word_count,4,7,15-13-16-18,2,0.00166389,verse,exodus,main
word_count,4,8,13-16-18-14,2,0.00166389,verse,exodus,main
word_count,4,9,16-18-14-11,2,0.00166389,verse,exodus,main
word_count,4,10,18-14-11-15,2,0.00166389,verse,exodus,main
word_count,4,11,10-7-10-13,2,0.00166389,verse,exodus,main
word_count,4,12,7-10-13-9,2,0.00166389,verse,exodus,main
word_count,4,13,10-13-9-21,2,0.00166389,verse,exodus,main
word_count,4,14,8-17-11-12,2,0.00166389,verse,exodus,main
word_count,4,15,11-4-3-4,1,0.00083195,verse,exodus,main
word_count,4,16,4-3-4-11,1,0.00083195,verse,exodus,main
word_count,4,17,3-4-11-7,1,0.00083195,verse,exodus,main
word_count,4,18,4-11-7-11,1,0.00083195,verse,exodus,main
word_count,4,19,11-7-11-10,1,0.00083195,verse,exodus,main
word_count,4,20,7-11-10-10,1,0.00083195,verse,exodus,main
word_count,4,21,11-10-10-19,1,0.00083195,verse,exodus,main
word_count,4,22,10-10-19-15,1,0.00083195,verse,exodus,main
word_count,4,23,10-19-15-11,1,0.00083195,verse,exodus,main
word_count,4,24,19-15-11-6,1,0.00083195,verse,exodus,main
word_count,4,25,15-11-6-17,1,0.00083195,verse,exodus,main
word_count,4,26,11-6-17-12,1,0.00083195,verse,exodus,main
word_count,4,27,6-17-12-16,1,0.00083195,verse,exodus,main
word_count,4,28,17-12-16-14,1,0.00083195,verse,exodus,main
word_count,4,29,12-16-14-13,1,0.00083195,verse,exodus,main
word_count,4,30,16-14-13-17,1,0.00083195,verse,exodus,main
word_count,4,31,14-13-17-7,1,0.00083195,verse,exodus,main
word_count,4,32,13-17-7-9,1,0.00083195,verse,exodus,main
word_count,4,33,17-7-9-13,1,0.00083195,verse,exodus,main
word_count,4,34,7-9-13-8,1,0.00083195,verse,exodus,main
word_count,4,35,9-13-8-12,1,0.00083195,verse,exodus,main
word_count,4,36,13-8-12-20,1,0.00083195,verse,exodus,main
word_count,4,37,8-12-20-7,1,0.00083195,verse,exodus,main
word_count,4,38,12-20-7-33,1,0.00083195,verse,exodus,main
word_count,4,39,20-7-33-16,1,0.00083195,verse,exodus,main
word_count,4,40,7-33-16-11,1,0.00083195,verse,exodus,main
word_count,4,41,33-16-11-18,1,0.00083195,verse,exodus,main
word_count,4,42,16-11-18-16,1,0.00083195,verse,exodus,main
word_count,4,43,11-18-16-17,1,0.00083195,verse,exodus,main
word_count,4,44,18-16-17-12,1,0.00083195,verse,exodus,main
word_count,4,45,16-17-12-13,1,0.00083195,verse,exodus,main
word_count,4,46,17-12-13-20,1,0.00083195,verse,exodus,main
word_count,4,47,12-13-20-19,1,0.00083195,verse,exodus,main
word_count,4,48,13-20-19-12,1,0.00083195,verse,exodus,main
word_count,4,49,20-19-12-9,1,0.00083195,verse,exodus,main
word_count,4,50,19-12-9-9,1,0.00083195,verse,exodus,main
word_count,5,1,15-13-16-18-14,2,0.00166528,verse,exodus,main
word_count,5,2,13-16-18-14-11,2,0.00166528,verse,exodus,main
word_count,5,3,16-18-14-11-15,2,0.00166528,verse,exodus,main
word_count,5,4,10-7-10-13-9,2,0.00166528,verse,exodus,main
word_count,5,5,7-10-13-9-21,2,0.00166528,verse,exodus,main
word_count,5,6,11-4-3-4-11,1,0.00083264,verse,exodus,main
word_count,5,7,4-3-4-11-7,1,0.00083264,verse,exodus,main
word_count,5,8,3-4-11-7-11,1,0.00083264,verse,exodus,main
word_count,5,9,4-11-7-11-10,1,0.00083264,verse,exodus,main
word_count,5,10,11-7-11-10-10,1,0.00083264,verse,exodus,main
word_count,5,11,7-11-10-10-19,1,0.00083264,verse,exodus,main
word_count,5,12,11-10-10-19-15,1,0.00083264,verse,exodus,main
word_count,5,13,10-10-19-15-11,1,0.00083264,verse,exodus,main
word_count,5,14,10-19-15-11-6,1,0.00083264,verse,exodus,main
word_count,5,15,19-15-11-6-17,1,0.00083264,verse,exodus,main
word_count,5,16,15-11-6-17-12,1,0.00083264,verse,exodus,main
word_count,5,17,11-6-17-12-16,1,0.00083264,verse,exodus,main
word_count,5,18,6-17-12-16-14,1,0.00083264,verse,exodus,main
word_count,5,19,17-12-16-14-13,1,0.00083264,verse,exodus,main
word_count,5,20,12-16-14-13-17,1,0.00083264,verse,exodus,main
word_count,5,21,16-14-13-17-7,1,0.00083264,verse,exodus,main
word_count,5,22,14-13-17-7-9,1,0.00083264,verse,exodus,main
word_count,5,23,13-17-7-9-13,1,0.00083264,verse,exodus,main
word_count,5,24,17-7-9-13-8,1,0.00083264,verse,exodus,main
word_count,5,25,7-9-13-8-12,1,0.00083264,verse,exodus,main
word_count,5,26,9-13-8-12-20,1,0.00083264,verse,exodus,main
word_count,5,27,13-8-12-20-7,1,0.00083264,verse,exodus,main
word_count,5,28,8-12-20-7-33,1,0.00083264,verse,exodus,main
word_count,5,29,12-20-7-33-16,1,0.00083264,verse,exodus,main
word_count,5,30,20-7-33-16-11,1,0.00083264,verse,exodus,main
word_count,5,31,7-33-16-11-18,1,0.00083264,verse,exodus,main
word_count,5,32,33-16-11-18-16,1,0.00083264,verse,exodus,main
word_count,5,33,16-11-18-16-17,1,0.00083264,verse,exodus,main
word_count,5,34,11-18-16-17-12,1,0.00083264,verse,exodus,main
word_count,5,35,18-16-17-12-13,1,0.00083264,verse,exodus,main
word_count,5,36,16-17-12-13-20,1,0.00083264,verse,exodus,main
word_count,5,37,17-12-13-20-19,1,0.00083264,verse,exodus,main
word_count,5,38,12-13-20-19-12,1,0.00083264,verse,exodus,main
word_count,5,39,13-20-19-12-9,1,0.00083264,verse,exodus,main
word_count,5,40,20-19-12-9-9,1,0.00083264,verse,exodus,main
word_count,5,41,19-12-9-9-13,1,0.00083264,verse,exodus,main
word_count,5,42,12-9-9-13-13,1,0.00083264,verse,exodus,main
word_count,5,43,9-9-13-13-10,1,0.00083264,verse,exodus,main
word_count,5,44,9-13-13-10-12,1,0.00083264,verse,exodus,main
word_count,5,45,13-13-10-12-19,1,0.00083264,verse,exodus,main
word_count,5,46,13-10-12-19-14,1,0.00083264,verse,exodus,main
word_count,5,47,10-12-19-14-7,1,0.00083264,verse,exodus,main
word_count,5,48,12-19-14-7-19,1,0.00083264,verse,exodus,main
word_count,5,49,19-14-7-19-16,1,0.00083264,verse,exodus,main
word_count,5,50,14-7-19-16-13,1,0.00083264,verse,exodus,main
word_count,6,1,15-13-16-18-14-11,2,0.00166667,verse,exodus,main
word_count,6,2,13-16-18-14-11-15,2,0.00166667,verse,exodus,main
word_count,6,3,10-7-10-13-9-21,2,0.00166667,verse,exodus,main
word_count,6,4,11-4-3-4-11-7,1,0.00083333,verse,exodus,main
word_count,6,5,4-3-4-11-7-11,1,0.00083333,verse,exodus,main
word_count,6,6,3-4-11-7-11-10,1,0.00083333,verse,exodus,main
word_count,6,7,4-11-7-11-10-10,1,0.00083333,verse,exodus,main
word_count,6,8,11-7-11-10-10-19,1,0.00083333,verse,exodus,main
word_count,6,9,7-11-10-10-19-15,1,0.00083333,verse,exodus,main
word_count,6,10,11-10-10-19-15-11,1,0.00083333,verse,exodus,main
word_count,6,11,10-10-19-15-11-6,1,0.00083333,verse,exodus,main
word_count,6,12,10-19-15-11-6-17,1,0.00083333,verse,exodus,main
word_count,6,13,19-15-11-6-17-12,1,0.00083333,verse,exodus,main
word_count,6,14,15-11-6-17-12-16,1,0.00083333,verse,exodus,main
word_count,6,15,11-6-17-12-16-14,1,0.00083333,verse,exodus,main
word_count,6,16,6-17-12-16-14-13,1,0.00083333,verse,exodus,main
word_count,6,17,17-12-16-14-13-17,1,0.00083333,verse,exodus,main
word_count,6,18,12-16-14-13-17-7,1,0.00083333,verse,exodus,main
word_count,6,19,16-14-13-17-7-9,1,0.00083333,verse,exodus,main
word_count,6,20,14-13-17-7-9-13,1,0.00083333,verse,exodus,main
word_count,6,21,13-17-7-9-13-8,1,0.00083333,verse,exodus,main
word_count,6,22,17-7-9-13-8-12,1,0.00083333,verse,exodus,main
word_count,6,23,7-9-13-8-12-20,1,0.00083333,verse,exodus,main
word_count,6,24,9-13-8-12-20-7,1,0.00083333,verse,exodus,main
word_count,6,25,13-8-12-20-7-33,1,0.00083333,verse,exodus,main
word_count,6,26,8-12-20-7-33-16,1,0.00083333,verse,exodus,main
word_count,6,27,12-20-7-33-16-11,1,0.00083333,verse,exodus,main
word_count,6,28,20-7-33-16-11-18,1,0.00083333,verse,exodus,main
word_count,6,29,7-33-16-11-18-16,1,0.00083333,verse,exodus,main
word_count,6,30,33-16-11-18-16-17,1,0.00083333,verse,exodus,main
word_count,6,31,16-11-18-16-17-12,1,0.00083333,verse,exodus,main
word_count,6,32,11-18-16-17-12-13,1,0.00083333,verse,exodus,main
word_count,6,33,18-16-17-12-13-20,1,0.00083333,verse,exodus,main
word_count,6,34,16-17-12-13-20-19,1,0.00083333,verse,exodus,main
word_count,6,35,17-12-13-20-19-12,1,0.00083333,verse,exodus,main
word_count,6,36,12-13-20-19-12-9,1,0.00083333,verse,exodus,main
word_count,6,37,13-20-19-12-9-9,1,0.00083333,verse,exodus,main
word_count,6,38,20-19-12-9-9-13,1,0.00083333,verse,exodus,main
word_count,6,39,19-12-9-9-13-13,1,0.00083333,verse,exodus,main
word_count,6,40,12-9-9-13-13-10,1,0.00083333,verse,exodus,main
word_count,6,41,9-9-13-13-10-12,1,0.00083333,verse,exodus,main
word_count,6,42,9-13-13-10-12-19,1,0.00083333,verse,exodus,main
word_count,6,43,13-13-10-12-19-14,1,0.00083333,verse,exodus,main
word_count,6,44,13-10-12-19-14-7,1,0.00083333,verse,exodus,main
word_count,6,45,10-12-19-14-7-19,1,0.00083333,verse,exodus,main
word_count,6,46,12-19-14-7-19-16,1,0.00083333,verse,exodus,main
word_count,6,47,19-14-7-19-16-13,1,0.00083333,verse,exodus,main
word_count,6,48,14-7-19-16-13-15,1,0.00083333,verse,exodus,main
word_count,6,49,7-19-16-13-15-17,1,0.00083333,verse,exodus,main
word_count,6,50,19-16-13-15-17-18,1,0.00083333,verse,exodus,main
pulse_count,2,1,28-19,7,0.00581395,verse,exodus,main
pulse_count,2,2,23-29,6,0.00498339,verse,exodus,main
pulse_count,2,3,36-26,5,0.00415282,verse,exodus,main
pulse_count,2,4,15-28,4,0.00332226,verse,exodus,main
pulse_count,2,5,17-30,4,0.00332226,verse,exodus,main
pulse_count,2,6,33-29,4,0.00332226,verse,exodus,main
pulse_count,2,7,19-28,4,0.00332226,verse,exodus,main
pulse_count,2,8,32-30,4,0.00332226,verse,exodus,main
pulse_count,2,9,27-26,4,0.00332226,verse,exodus,main
pulse_count,2,10,28-23,4,0.00332226,verse,exodus,main
pulse_count,2,11,38-22,4,0.00332226,verse,exodus,main
pulse_count,2,12,17-23,4,0.00332226,verse,exodus,main
pulse_count,2,13,26-30,4,0.00332226,verse,exodus,main
pulse_count,2,14,29-34,4,0.00332226,verse,exodus,main
pulse_count,2,15,23-23,4,0.00332226,verse,exodus,main
pulse_count,2,16,30-34,4,0.00332226,verse,exodus,main
pulse_count,2,17,32-17,4,0.00332226,verse,exodus,main
pulse_count,2,18,27-32,3,0.00249169,verse,exodus,main
pulse_count,2,19,17-19,3,0.00249169,verse,exodus,main
pulse_count,2,20,37-24,3,0.00249169,verse,exodus,main
pulse_count,2,21,34-33,3,0.00249169,verse,exodus,main
pulse_count,2,22,25-32,3,0.00249169,verse,exodus,main
pulse_count,2,23,31-41,3,0.00249169,verse,exodus,main
pulse_count,2,24,32-16,3,0.00249169,verse,exodus,main
pulse_count,2,25,31-39,3,0.00249169,verse,exodus,main
pulse_count,2,26,32-23,3,0.00249169,verse,exodus,main
pulse_count,2,27,24-29,3,0.00249169,verse,exodus,main
pulse_count,2,28,29-22,3,0.00249169,verse,exodus,main
pulse_count,2,29,33-30,3,0.00249169,verse,exodus,main
pulse_count,2,30,28-11,3,0.00249169,verse,exodus,main
pulse_count,2,31,24-43,3,0.00249169,verse,exodus,main
pulse_count,2,32,14-13,3,0.00249169,verse,exodus,main
pulse_count,2,33,25-46,3,0.00249169,verse,exodus,main
pulse_count,2,34,28-32,3,0.00249169,verse,exodus,main
pulse_count,2,35,38-48,3,0.00249169,verse,exodus,main
pulse_count,2,36,38-43,3,0.00249169,verse,exodus,main
pulse_count,2,37,53-27,3,0.00249169,verse,exodus,main
pulse_count,2,38,43-38,3,0.00249169,verse,exodus,main
pulse_count,2,39,22-23,3,0.00249169,verse,exodus,main
pulse_count,2,40,39-43,3,0.00249169,verse,exodus,main
pulse_count,2,41,20-33,3,0.00249169,verse,exodus,main
pulse_count,2,42,22-32,3,0.00249169,verse,exodus,main
pulse_count,2,43,23-37,3,0.00249169,verse,exodus,main
pulse_count,2,44,25-27,3,0.00249169,verse,exodus,main
pulse_count,2,45,25-37,3,0.00249169,verse,exodus,main
pulse_count,2,46,31-29,3,0.00249169,verse,exodus,main
pulse_count,2,47,19-32,3,0.00249169,verse,exodus,main
pulse_count,2,48,29-39,3,0.00249169,verse,exodus,main
pulse_count,2,49,30-32,3,0.00249169,verse,exodus,main
pulse_count,2,50,16-21,3,0.00249169,verse,exodus,main
pulse_count,3,1,15-28-19,2,0.00166251,verse,exodus,main
pulse_count,3,2,31-25-32,2,0.00166251,verse,exodus,main
pulse_count,3,3,19-33-23,2,0.00166251,verse,exodus,main
pulse_count,3,4,38-43-35,2,0.00166251,verse,exodus,main
pulse_count,3,5,34-53-27,2,0.00166251,verse,exodus,main
pulse_count,3,6,45-17-38,2,0.00166251,verse,exodus,main
pulse_count,3,7,28-23-27,2,0.00166251,verse,exodus,main
pulse_count,3,8,29-34-30,2,0.00166251,verse,exodus,main
pulse_count,3,9,37-25-41,2,0.00166251,verse,exodus,main
pulse_count,3,10,17-23-17,2,0.00166251,verse,exodus,main
pulse_count,3,11,39-53-21,2,0.00166251,verse,exodus,main
pulse_count,3,12,32-17-19,2,0.00166251,verse,exodus,main
pulse_count,3,13,37-29-39,2,0.00166251,verse,exodus,main
pulse_count,3,14,21-9-10,1,0.00083126,verse,exodus,main
pulse_count,3,15,9-10-8,1,0.00083126,verse,exodus,main
pulse_count,3,16,10-8-25,1,0.00083126,verse,exodus,main
pulse_count,3,17,8-25-15,1,0.00083126,verse,exodus,main
pulse_count,3,18,25-15-28,1,0.00083126,verse,exodus,main
pulse_count,3,19,28-19-19,1,0.00083126,verse,exodus,main
pulse_count,3,20,19-19-41,1,0.00083126,verse,exodus,main
pulse_count,3,21,19-41-36,1,0.00083126,verse,exodus,main
pulse_count,3,22,41-36-24,1,0.00083126,verse,exodus,main
pulse_count,3,23,36-24-15,1,0.00083126,verse,exodus,main
pulse_count,3,24,24-15-43,1,0.00083126,verse,exodus,main
pulse_count,3,25,15-43-27,1,0.00083126,verse,exodus,main
pulse_count,3,26,43-27-32,1,0.00083126,verse,exodus,main
pulse_count,3,27,27-32-36,1,0.00083126,verse,exodus,main
pulse_count,3,28,32-36-35,1,0.00083126,verse,exodus,main
pulse_count,3,29,36-35-43,1,0.00083126,verse,exodus,main
pulse_count,3,30,35-43-17,1,0.00083126,verse,exodus,main
pulse_count,3,31,43-17-19,1,0.00083126,verse,exodus,main
pulse_count,3,32,17-19-30,1,0.00083126,verse,exodus,main
pulse_count,3,33,19-30-15,1,0.00083126,verse,exodus,main
pulse_count,3,34,30-15-28,1,0.00083126,verse,exodus,main
pulse_count,3,35,15-28-45,1,0.00083126,verse,exodus,main
pulse_count,3,36,28-45-16,1,0.00083126,verse,exodus,main
pulse_count,3,37,45-16-77,1,0.00083126,verse,exodus,main
pulse_count,3,38,16-77-34,1,0.00083126,verse,exodus,main
pulse_count,3,39,77-34-22,1,0.00083126,verse,exodus,main
pulse_count,3,40,34-22-42,1,0.00083126,verse,exodus,main
pulse_count,3,41,22-42-38,1,0.00083126,verse,exodus,main
pulse_count,3,42,42-38-37,1,0.00083126,verse,exodus,main
pulse_count,3,43,38-37-24,1,0.00083126,verse,exodus,main
pulse_count,3,44,37-24-32,1,0.00083126,verse,exodus,main
pulse_count,3,45,24-32-47,1,0.00083126,verse,exodus,main
pulse_count,3,46,32-47-42,1,0.00083126,verse,exodus,main
pulse_count,3,47,47-42-34,1,0.00083126,verse,exodus,main
pulse_count,3,48,42-34-21,1,0.00083126,verse,exodus,main
pulse_count,3,49,34-21-20,1,0.00083126,verse,exodus,main
pulse_count,3,50,21-20-28,1,0.00083126,verse,exodus,main
pulse_count,4,1,21-9-10-8,1,0.00083195,verse,exodus,main
pulse_count,4,2,9-10-8-25,1,0.00083195,verse,exodus,main
pulse_count,4,3,10-8-25-15,1,0.00083195,verse,exodus,main
pulse_count,4,4,8-25-15-28,1,0.00083195,verse,exodus,main
pulse_count,4,5,25-15-28-19,1,0.00083195,verse,exodus,main
pulse_count,4,6,15-28-19-19,1,0.00083195,verse,exodus,main
pulse_count,4,7,28-19-19-41,1,0.00083195,verse,exodus,main
pulse_count,4,8,19-19-41-36,1,0.00083195,verse,exodus,main
pulse_count,4,9,19-41-36-24,1,0.00083195,verse,exodus,main
pulse_count,4,10,41-36-24-15,1,0.00083195,verse,exodus,main
pulse_count,4,11,36-24-15-43,1,0.00083195,verse,exodus,main
pulse_count,4,12,24-15-43-27,1,0.00083195,verse,exodus,main
pulse_count,4,13,15-43-27-32,1,0.00083195,verse,exodus,main
pulse_count,4,14,43-27-32-36,1,0.00083195,verse,exodus,main
pulse_count,4,15,27-32-36-35,1,0.00083195,verse,exodus,main
pulse_count,4,16,32-36-35-43,1,0.00083195,verse,exodus,main
pulse_count,4,17,36-35-43-17,1,0.00083195,verse,exodus,main
pulse_count,4,18,35-43-17-19,1,0.00083195,verse,exodus,main
pulse_count,4,19,43-17-19-30,1,0.00083195,verse,exodus,main
pulse_count,4,20,17-19-30-15,1,0.00083195,verse,exodus,main
pulse_count,4,21,19-30-15-28,1,0.00083195,verse,exodus,main
pulse_count,4,22,30-15-28-45,1,0.00083195,verse,exodus,main
pulse_count,4,23,15-28-45-16,1,0.00083195,verse,exodus,main
pulse_count,4,24,28-45-16-77,1,0.00083195,verse,exodus,main
pulse_count,4,25,45-16-77-34,1,0.00083195,verse,exodus,main
pulse_count,4,26,16-77-34-22,1,0.00083195,verse,exodus,main
pulse_count,4,27,77-34-22-42,1,0.00083195,verse,exodus,main
pulse_count,4,28,34-22-42-38,1,0.00083195,verse,exodus,main
pulse_count,4,29,22-42-38-37,1,0.00083195,verse,exodus,main
pulse_count,4,30,42-38-37-24,1,0.00083195,verse,exodus,main
pulse_count,4,31,38-37-24-32,1,0.00083195,verse,exodus,main
pulse_count,4,32,37-24-32-47,1,0.00083195,verse,exodus,main
pulse_count,4,33,24-32-47-42,1,0.00083195,verse,exodus,main
pulse_count,4,34,32-47-42-34,1,0.00083195,verse,exodus,main
pulse_count,4,35,47-42-34-21,1,0.00083195,verse,exodus,main
pulse_count,4,36,42-34-21-20,1,0.00083195,verse,exodus,main
pulse_count,4,37,34-21-20-28,1,0.00083195,verse,exodus,main
pulse_count,4,38,21-20-28-25,1,0.00083195,verse,exodus,main
pulse_count,4,39,20-28-25-21,1,0.00083195,verse,exodus,main
pulse_count,4,40,28-25-21-24,1,0.00083195,verse,exodus,main
pulse_count,4,41,25-21-24-47,1,0.00083195,verse,exodus,main
pulse_count,4,42,21-24-47-31,1,0.00083195,verse,exodus,main
pulse_count,4,43,24-47-31-16,1,0.00083195,verse,exodus,main
pulse_count,4,44,47-31-16-40,1,0.00083195,verse,exodus,main
pulse_count,4,45,31-16-40-35,1,0.00083195,verse,exodus,main
pulse_count,4,46,16-40-35-27,1,0.00083195,verse,exodus,main
pulse_count,4,47,40-35-27-34,1,0.00083195,verse,exodus,main
pulse_count,4,48,35-27-34-33,1,0.00083195,verse,exodus,main
pulse_count,4,49,27-34-33-46,1,0.00083195,verse,exodus,main
pulse_count,4,50,34-33-46-40,1,0.00083195,verse,exodus,main
pulse_count,5,1,21-9-10-8-25,1,0.00083264,verse,exodus,main
pulse_count,5,2,9-10-8-25-15,1,0.00083264,verse,exodus,main
pulse_count,5,3,10-8-25-15-28,1,0.00083264,verse,exodus,main
pulse_count,5,4,8-25-15-28-19,1,0.00083264,verse,exodus,main
pulse_count,5,5,25-15-28-19-19,1,0.00083264,verse,exodus,main
pulse_count,5,6,15-28-19-19-41,1,0.00083264,verse,exodus,main
pulse_count,5,7,28-19-19-41-36,1,0.00083264,verse,exodus,main
pulse_count,5,8,19-19-41-36-24,1,0.00083264,verse,exodus,main
pulse_count,5,9,19-41-36-24-15,1,0.00083264,verse,exodus,main
pulse_count,5,10,41-36-24-15-43,1,0.00083264,verse,exodus,main
pulse_count,5,11,36-24-15-43-27,1,0.00083264,verse,exodus,main
pulse_count,5,12,24-15-43-27-32,1,0.00083264,verse,exodus,main
pulse_count,5,13,15-43-27-32-36,1,0.00083264,verse,exodus,main
pulse_count,5,14,43-27-32-36-35,1,0.00083264,verse,exodus,main
pulse_count,5,15,27-32-36-35-43,1,0.00083264,verse,exodus,main
pulse_count,5,16,32-36-35-43-17,1,0.00083264,verse,exodus,main
pulse_count,5,17,36-35-43-17-19,1,0.00083264,verse,exodus,main
pulse_count,5,18,35-43-17-19-30,1,0.00083264,verse,exodus,main
pulse_count,5,19,43-17-19-30-15,1,0.00083264,verse,exodus,main
pulse_count,5,20,17-19-30-15-28,1,0.00083264,verse,exodus,main
pulse_count,5,21,19-30-15-28-45,1,0.00083264,verse,exodus,main
pulse_count,5,22,30-15-28-45-16,1,0.00083264,verse,exodus,main
pulse_count,5,23,15-28-45-16-77,1,0.00083264,verse,exodus,main
pulse_count,5,24,28-45-16-77-34,1,0.00083264,verse,exodus,main
pulse_count,5,25,45-16-77-34-22,1,0.00083264,verse,exodus,main
pulse_count,5,26,16-77-34-22-42,1,0.00083264,verse,exodus,main
pulse_count,5,27,77-34-22-42-38,1,0.00083264,verse,exodus,main
pulse_count,5,28,34-22-42-38-37,1,0.00083264,verse,exodus,main
pulse_count,5,29,22-42-38-37-24,1,0.00083264,verse,exodus,main
pulse_count,5,30,42-38-37-24-32,1,0.00083264,verse,exodus,main
pulse_count,5,31,38-37-24-32-47,1,0.00083264,verse,exodus,main
pulse_count,5,32,37-24-32-47-42,1,0.00083264,verse,exodus,main
pulse_count,5,33,24-32-47-42-34,1,0.00083264,verse,exodus,main
pulse_count,5,34,32-47-42-34-21,1,0.00083264,verse,exodus,main
pulse_count,5,35,47-42-34-21-20,1,0.00083264,verse,exodus,main
pulse_count,5,36,42-34-21-20-28,1,0.00083264,verse,exodus,main
pulse_count,5,37,34-21-20-28-25,1,0.00083264,verse,exodus,main
pulse_count,5,38,21-20-28-25-21,1,0.00083264,verse,exodus,main
pulse_count,5,39,20-28-25-21-24,1,0.00083264,verse,exodus,main
pulse_count,5,40,28-25-21-24-47,1,0.00083264,verse,exodus,main
pulse_count,5,41,25-21-24-47-31,1,0.00083264,verse,exodus,main
pulse_count,5,42,21-24-47-31-16,1,0.00083264,verse,exodus,main
pulse_count,5,43,24-47-31-16-40,1,0.00083264,verse,exodus,main
pulse_count,5,44,47-31-16-40-35,1,0.00083264,verse,exodus,main
pulse_count,5,45,31-16-40-35-27,1,0.00083264,verse,exodus,main
pulse_count,5,46,16-40-35-27-34,1,0.00083264,verse,exodus,main
pulse_count,5,47,40-35-27-34-33,1,0.00083264,verse,exodus,main
pulse_count,5,48,35-27-34-33-46,1,0.00083264,verse,exodus,main
pulse_count,5,49,27-34-33-46-40,1,0.00083264,verse,exodus,main
pulse_count,5,50,34-33-46-40-66,1,0.00083264,verse,exodus,main
pulse_count,6,1,21-9-10-8-25-15,1,0.00083333,verse,exodus,main
pulse_count,6,2,9-10-8-25-15-28,1,0.00083333,verse,exodus,main
pulse_count,6,3,10-8-25-15-28-19,1,0.00083333,verse,exodus,main
pulse_count,6,4,8-25-15-28-19-19,1,0.00083333,verse,exodus,main
pulse_count,6,5,25-15-28-19-19-41,1,0.00083333,verse,exodus,main
pulse_count,6,6,15-28-19-19-41-36,1,0.00083333,verse,exodus,main
pulse_count,6,7,28-19-19-41-36-24,1,0.00083333,verse,exodus,main
pulse_count,6,8,19-19-41-36-24-15,1,0.00083333,verse,exodus,main
pulse_count,6,9,19-41-36-24-15-43,1,0.00083333,verse,exodus,main
pulse_count,6,10,41-36-24-15-43-27,1,0.00083333,verse,exodus,main
pulse_count,6,11,36-24-15-43-27-32,1,0.00083333,verse,exodus,main
pulse_count,6,12,24-15-43-27-32-36,1,0.00083333,verse,exodus,main
pulse_count,6,13,15-43-27-32-36-35,1,0.00083333,verse,exodus,main
pulse_count,6,14,43-27-32-36-35-43,1,0.00083333,verse,exodus,main
pulse_count,6,15,27-32-36-35-43-17,1,0.00083333,verse,exodus,main
pulse_count,6,16,32-36-35-43-17-19,1,0.00083333,verse,exodus,main
pulse_count,6,17,36-35-43-17-19-30,1,0.00083333,verse,exodus,main
pulse_count,6,18,35-43-17-19-30-15,1,0.00083333,verse,exodus,main
pulse_count,6,19,43-17-19-30-15-28,1,0.00083333,verse,exodus,main
pulse_count,6,20,17-19-30-15-28-45,1,0.00083333,verse,exodus,main
pulse_count,6,21,19-30-15-28-45-16,1,0.00083333,verse,exodus,main
pulse_count,6,22,30-15-28-45-16-77,1,0.00083333,verse,exodus,main
pulse_count,6,23,15-28-45-16-77-34,1,0.00083333,verse,exodus,main
pulse_count,6,24,28-45-16-77-34-22,1,0.00083333,verse,exodus,main
pulse_count,6,25,45-16-77-34-22-42,1,0.00083333,verse,exodus,main
pulse_count,6,26,16-77-34-22-42-38,1,0.00083333,verse,exodus,main
pulse_count,6,27,77-34-22-42-38-37,1,0.00083333,verse,exodus,main
pulse_count,6,28,34-22-42-38-37-24,1,0.00083333,verse,exodus,main
pulse_count,6,29,22-42-38-37-24-32,1,0.00083333,verse,exodus,main
pulse_count,6,30,42-38-37-24-32-47,1,0.00083333,verse,exodus,main
pulse_count,6,31,38-37-24-32-47-42,1,0.00083333,verse,exodus,main
pulse_count,6,32,37-24-32-47-42-34,1,0.00083333,verse,exodus,main
pulse_count,6,33,24-32-47-42-34-21,1,0.00083333,verse,exodus,main
pulse_count,6,34,32-47-42-34-21-20,1,0.00083333,verse,exodus,main
pulse_count,6,35,47-42-34-21-20-28,1,0.00083333,verse,exodus,main
pulse_count,6,36,42-34-21-20-28-25,1,0.00083333,verse,exodus,main
pulse_count,6,37,34-21-20-28-25-21,1,0.00083333,verse,exodus,main
pulse_count,6,38,21-20-28-25-21-24,1,0.00083333,verse,exodus,main
pulse_count,6,39,20-28-25-21-24-47,1,0.00083333,verse,exodus,main
pulse_count,6,40,28-25-21-24-47-31,1,0.00083333,verse,exodus,main
pulse_count,6,41,25-21-24-47-31-16,1,0.00083333,verse,exodus,main
pulse_count,6,42,21-24-47-31-16-40,1,0.00083333,verse,exodus,main
pulse_count,6,43,24-47-31-16-40-35,1,0.00083333,verse,exodus,main
pulse_count,6,44,47-31-16-40-35-27,1,0.00083333,verse,exodus,main
pulse_count,6,45,31-16-40-35-27-34,1,0.00083333,verse,exodus,main
pulse_count,6,46,16-40-35-27-34-33,1,0.00083333,verse,exodus,main
pulse_count,6,47,40-35-27-34-33-46,1,0.00083333,verse,exodus,main
pulse_count,6,48,35-27-34-33-46-40,1,0.00083333,verse,exodus,main
pulse_count,6,49,27-34-33-46-40-66,1,0.00083333,verse,exodus,main
pulse_count,6,50,34-33-46-40-66-31,1,0.00083333,verse,exodus,main
accent_count,2,1,9-15,14,0.01162791,verse,exodus,main
accent_count,2,2,16-11,13,0.01079734,verse,exodus,main
accent_count,2,3,13-10,13,0.01079734,verse,exodus,main
accent_count,2,4,12-8,12,0.00996678,verse,exodus,main
accent_count,2,5,10-13,12,0.00996678,verse,exodus,main
accent_count,2,6,11-8,11,0.00913621,verse,exodus,main
accent_count,2,7,12-12,11,0.00913621,verse,exodus,main
accent_count,2,8,11-13,11,0.00913621,verse,exodus,main
accent_count,2,9,12-9,11,0.00913621,verse,exodus,main
accent_count,2,10,10-14,11,0.00913621,verse,exodus,main
accent_count,2,11,12-7,11,0.00913621,verse,exodus,main
accent_count,2,12,13-11,10,0.00830565,verse,exodus,main
accent_count,2,13,13-12,10,0.00830565,verse,exodus,main
accent_count,2,14,8-11,10,0.00830565,verse,exodus,main
accent_count,2,15,9-13,10,0.00830565,verse,exodus,main
accent_count,2,16,14-12,10,0.00830565,verse,exodus,main
accent_count,2,17,9-9,10,0.00830565,verse,exodus,main
accent_count,2,18,10-12,10,0.00830565,verse,exodus,main
accent_count,2,19,11-12,10,0.00830565,verse,exodus,main
accent_count,2,20,10-10,10,0.00830565,verse,exodus,main
accent_count,2,21,11-11,9,0.00747508,verse,exodus,main
accent_count,2,22,11-16,9,0.00747508,verse,exodus,main
accent_count,2,23,8-12,9,0.00747508,verse,exodus,main
accent_count,2,24,7-10,9,0.00747508,verse,exodus,main
accent_count,2,25,10-9,9,0.00747508,verse,exodus,main
accent_count,2,26,12-11,9,0.00747508,verse,exodus,main
accent_count,2,27,13-13,9,0.00747508,verse,exodus,main
accent_count,2,28,15-10,9,0.00747508,verse,exodus,main
accent_count,2,29,8-10,8,0.00664452,verse,exodus,main
accent_count,2,30,17-11,8,0.00664452,verse,exodus,main
accent_count,2,31,13-16,8,0.00664452,verse,exodus,main
accent_count,2,32,9-17,8,0.00664452,verse,exodus,main
accent_count,2,33,17-12,8,0.00664452,verse,exodus,main
accent_count,2,34,12-13,8,0.00664452,verse,exodus,main
accent_count,2,35,7-15,8,0.00664452,verse,exodus,main
accent_count,2,36,10-16,8,0.00664452,verse,exodus,main
accent_count,2,37,12-10,8,0.00664452,verse,exodus,main
accent_count,2,38,11-10,8,0.00664452,verse,exodus,main
accent_count,2,39,8-9,7,0.00581395,verse,exodus,main
accent_count,2,40,14-13,7,0.00581395,verse,exodus,main
accent_count,2,41,13-9,7,0.00581395,verse,exodus,main
accent_count,2,42,15-14,7,0.00581395,verse,exodus,main
accent_count,2,43,11-15,7,0.00581395,verse,exodus,main
accent_count,2,44,14-14,7,0.00581395,verse,exodus,main
accent_count,2,45,7-13,7,0.00581395,verse,exodus,main
accent_count,2,46,11-9,7,0.00581395,verse,exodus,main
accent_count,2,47,15-12,7,0.00581395,verse,exodus,main
accent_count,2,48,16-13,7,0.00581395,verse,exodus,main
accent_count,2,49,16-8,7,0.00581395,verse,exodus,main
accent_count,2,50,7-7,7,0.00581395,verse,exodus,main
accent_count,3,1,12-12-12,5,0.00415628,verse,exodus,main
accent_count,3,2,10-12-8,5,0.00415628,verse,exodus,main
accent_count,3,3,12-13-13,4,0.00332502,verse,exodus,main
accent_count,3,4,12-9-15,4,0.00332502,verse,exodus,main
accent_count,3,5,9-13-10,4,0.00332502,verse,exodus,main
accent_count,3,6,14-13-11,3,0.00249377,verse,exodus,main
accent_count,3,7,13-12-12,3,0.00249377,verse,exodus,main
accent_count,3,8,12-12-14,3,0.00249377,verse,exodus,main
accent_count,3,9,14-12-7,3,0.00249377,verse,exodus,main
accent_count,3,10,13-12-7,3,0.00249377,verse,exodus,main
accent_count,3,11,16-14-12,3,0.00249377,verse,exodus,main
accent_count,3,12,7-15-12,3,0.00249377,verse,exodus,main
accent_count,3,13,14-5-16,3,0.00249377,verse,exodus,main
accent_count,3,14,16-11-11,3,0.00249377,verse,exodus,main
accent_count,3,15,7-15-8,3,0.00249377,verse,exodus,main
accent_count,3,16,9-17-11,3,0.00249377,verse,exodus,main
accent_count,3,17,8-11-8,3,0.00249377,verse,exodus,main
accent_count,3,18,18-6-12,3,0.00249377,verse,exodus,main
accent_count,3,19,11-13-15,3,0.00249377,verse,exodus,main
accent_count,3,20,12-8-12,3,0.00249377,verse,exodus,main
accent_count,3,21,13-14-17,3,0.00249377,verse,exodus,main
accent_count,3,22,13-10-16,3,0.00249377,verse,exodus,main
accent_count,3,23,11-10-14,3,0.00249377,verse,exodus,main
accent_count,3,24,10-10-13,3,0.00249377,verse,exodus,main
accent_count,3,25,14-14-19,3,0.00249377,verse,exodus,main
accent_count,3,26,5-5-9,3,0.00249377,verse,exodus,main
accent_count,3,27,13-10-10,3,0.00249377,verse,exodus,main
accent_count,3,28,10-6-11,2,0.00166251,verse,exodus,main
accent_count,3,29,12-12-16,2,0.00166251,verse,exodus,main
accent_count,3,30,16-7-8,2,0.00166251,verse,exodus,main
accent_count,3,31,7-8-10,2,0.00166251,verse,exodus,main
accent_count,3,32,8-10-6,2,0.00166251,verse,exodus,main
accent_count,3,33,9-15-14,2,0.00166251,verse,exodus,main
accent_count,3,34,15-11-13,2,0.00166251,verse,exodus,main
accent_count,3,35,17-11-8,2,0.00166251,verse,exodus,main
accent_count,3,36,8-8-11,2,0.00166251,verse,exodus,main
accent_count,3,37,8-11-11,2,0.00166251,verse,exodus,main
accent_count,3,38,11-8-11,2,0.00166251,verse,exodus,main
accent_count,3,39,8-11-16,2,0.00166251,verse,exodus,main
accent_count,3,40,11-16-10,2,0.00166251,verse,exodus,main
accent_count,3,41,12-9-13,2,0.00166251,verse,exodus,main
accent_count,3,42,12-14-16,2,0.00166251,verse,exodus,main
accent_count,3,43,14-16-6,2,0.00166251,verse,exodus,main
accent_count,3,44,14-16-11,2,0.00166251,verse,exodus,main
accent_count,3,45,21-14-12,2,0.00166251,verse,exodus,main
accent_count,3,46,13-16-16,2,0.00166251,verse,exodus,main
accent_count,3,47,12-9-8,2,0.00166251,verse,exodus,main
accent_count,3,48,12-7-10,2,0.00166251,verse,exodus,main
accent_count,3,49,7-10-18,2,0.00166251,verse,exodus,main
accent_count,3,50,13-10-9,2,0.00166251,verse,exodus,main
accent_count,4,1,12-12-12-16,2,0.00166389,verse,exodus,main
accent_count,4,2,16-7-8-10,2,0.00166389,verse,exodus,main
accent_count,4,3,21-14-12-7,2,0.00166389,verse,exodus,main
accent_count,4,4,10-9-11-9,2,0.00166389,verse,exodus,main
accent_count,4,5,12-7-15-12,2,0.00166389,verse,exodus,main
accent_count,4,6,7-12-6-13,2,0.00166389,verse,exodus,main
accent_count,4,7,8-14-5-16,2,0.00166389,verse,exodus,main
accent_count,4,8,11-8-15-17,2,0.00166389,verse,exodus,main
accent_count,4,9,12-9-15-7,2,0.00166389,verse,exodus,main
accent_count,4,10,13-12-12-14,2,0.00166389,verse,exodus,main
accent_count,4,11,9-13-10-16,2,0.00166389,verse,exodus,main
accent_count,4,12,10-10-13-15,2,0.00166389,verse,exodus,main
accent_count,4,13,11-9-9-13,2,0.00166389,verse,exodus,main
accent_count,4,14,9-9-13-8,2,0.00166389,verse,exodus,main
accent_count,4,15,9-13-8-9,2,0.00166389,verse,exodus,main
accent_count,4,16,14-14-19-6,2,0.00166389,verse,exodus,main
accent_count,4,17,10-6-10-12,2,0.00166389,verse,exodus,main
accent_count,4,18,6-10-12-8,2,0.00166389,verse,exodus,main
accent_count,4,19,10-12-8-20,2,0.00166389,verse,exodus,main
accent_count,4,20,16-11-10-14,2,0.00166389,verse,exodus,main
accent_count,4,21,7-15-8-10,2,0.00166389,verse,exodus,main
accent_count,4,22,10-5-5-9,2,0.00166389,verse,exodus,main
accent_count,4,23,11-4-3-4,1,0.00083195,verse,exodus,main
accent_count,4,24,4-3-4-10,1,0.00083195,verse,exodus,main
accent_count,4,25,3-4-10-6,1,0.00083195,verse,exodus,main
accent_count,4,26,4-10-6-11,1,0.00083195,verse,exodus,main
accent_count,4,27,10-6-11-8,1,0.00083195,verse,exodus,main
accent_count,4,28,6-11-8-9,1,0.00083195,verse,exodus,main
accent_count,4,29,11-8-9-14,1,0.00083195,verse,exodus,main
accent_count,4,30,8-9-14-13,1,0.00083195,verse,exodus,main
accent_count,4,31,9-14-13-11,1,0.00083195,verse,exodus,main
accent_count,4,32,14-13-11-5,1,0.00083195,verse,exodus,main
accent_count,4,33,13-11-5-13,1,0.00083195,verse,exodus,main
accent_count,4,34,11-5-13-12,1,0.00083195,verse,exodus,main
accent_count,4,35,5-13-12-12,1,0.00083195,verse,exodus,main
accent_count,4,36,13-12-12-12,1,0.00083195,verse,exodus,main
accent_count,4,37,12-12-12-12,1,0.00083195,verse,exodus,main
accent_count,4,38,12-12-16-7,1,0.00083195,verse,exodus,main
accent_count,4,39,12-16-7-8,1,0.00083195,verse,exodus,main
accent_count,4,40,7-8-10-6,1,0.00083195,verse,exodus,main
accent_count,4,41,8-10-6-11,1,0.00083195,verse,exodus,main
accent_count,4,42,10-6-11-17,1,0.00083195,verse,exodus,main
accent_count,4,43,6-11-17-6,1,0.00083195,verse,exodus,main
accent_count,4,44,11-17-6-26,1,0.00083195,verse,exodus,main
accent_count,4,45,17-6-26-13,1,0.00083195,verse,exodus,main
accent_count,4,46,6-26-13-9,1,0.00083195,verse,exodus,main
accent_count,4,47,26-13-9-15,1,0.00083195,verse,exodus,main
accent_count,4,48,13-9-15-14,1,0.00083195,verse,exodus,main
accent_count,4,49,9-15-14-15,1,0.00083195,verse,exodus,main
accent_count,4,50,15-14-15-11,1,0.00083195,verse,exodus,main
accent_count,5,1,11-9-9-13-8,2,0.00166528,verse,exodus,main
accent_count,5,2,9-9-13-8-9,2,0.00166528,verse,exodus,main
accent_count,5,3,10-6-10-12-8,2,0.00166528,verse,exodus,main
accent_count,5,4,6-10-12-8-20,2,0.00166528,verse,exodus,main
accent_count,5,5,11-4-3-4-10,1,0.00083264,verse,exodus,main
accent_count,5,6,4-3-4-10-6,1,0.00083264,verse,exodus,main
accent_count,5,7,3-4-10-6-11,1,0.00083264,verse,exodus,main
accent_count,5,8,4-10-6-11-8,1,0.00083264,verse,exodus,main
accent_count,5,9,10-6-11-8-9,1,0.00083264,verse,exodus,main
accent_count,5,10,6-11-8-9-14,1,0.00083264,verse,exodus,main
accent_count,5,11,11-8-9-14-13,1,0.00083264,verse,exodus,main
accent_count,5,12,8-9-14-13-11,1,0.00083264,verse,exodus,main
accent_count,5,13,9-14-13-11-5,1,0.00083264,verse,exodus,main
accent_count,5,14,14-13-11-5-13,1,0.00083264,verse,exodus,main
accent_count,5,15,13-11-5-13-12,1,0.00083264,verse,exodus,main
accent_count,5,16,11-5-13-12-12,1,0.00083264,verse,exodus,main
accent_count,5,17,5-13-12-12-12,1,0.00083264,verse,exodus,main
accent_count,5,18,13-12-12-12-12,1,0.00083264,verse,exodus,main
accent_count,5,19,12-12-12-12-16,1,0.00083264,verse,exodus,main
accent_count,5,20,12-12-12-16-7,1,0.00083264,verse,exodus,main
accent_count,5,21,12-12-16-7-8,1,0.00083264,verse,exodus,main
accent_count,5,22,12-16-7-8-10,1,0.00083264,verse,exodus,main
accent_count,5,23,16-7-8-10-6,1,0.00083264,verse,exodus,main
accent_count,5,24,7-8-10-6-11,1,0.00083264,verse,exodus,main
accent_count,5,25,8-10-6-11-17,1,0.00083264,verse,exodus,main
accent_count,5,26,10-6-11-17-6,1,0.00083264,verse,exodus,main
accent_count,5,27,6-11-17-6-26,1,0.00083264,verse,exodus,main
accent_count,5,28,11-17-6-26-13,1,0.00083264,verse,exodus,main
accent_count,5,29,17-6-26-13-9,1,0.00083264,verse,exodus,main
accent_count,5,30,6-26-13-9-15,1,0.00083264,verse,exodus,main
accent_count,5,31,26-13-9-15-14,1,0.00083264,verse,exodus,main
accent_count,5,32,13-9-15-14-15,1,0.00083264,verse,exodus,main
accent_count,5,33,9-15-14-15-11,1,0.00083264,verse,exodus,main
accent_count,5,34,15-14-15-11-13,1,0.00083264,verse,exodus,main
accent_count,5,35,14-15-11-13-19,1,0.00083264,verse,exodus,main
accent_count,5,36,15-11-13-19-17,1,0.00083264,verse,exodus,main
accent_count,5,37,11-13-19-17-11,1,0.00083264,verse,exodus,main
accent_count,5,38,13-19-17-11-8,1,0.00083264,verse,exodus,main
accent_count,5,39,19-17-11-8-8,1,0.00083264,verse,exodus,main
accent_count,5,40,17-11-8-8-11,1,0.00083264,verse,exodus,main
accent_count,5,41,11-8-8-11-11,1,0.00083264,verse,exodus,main
accent_count,5,42,8-8-11-11-8,1,0.00083264,verse,exodus,main
accent_count,5,43,8-11-11-8-11,1,0.00083264,verse,exodus,main
accent_count,5,44,11-11-8-11-16,1,0.00083264,verse,exodus,main
accent_count,5,45,11-8-11-16-10,1,0.00083264,verse,exodus,main
accent_count,5,46,8-11-16-10-6,1,0.00083264,verse,exodus,main
accent_count,5,47,11-16-10-6-16,1,0.00083264,verse,exodus,main
accent_count,5,48,16-10-6-16-15,1,0.00083264,verse,exodus,main
accent_count,5,49,10-6-16-15-11,1,0.00083264,verse,exodus,main
accent_count,5,50,6-16-15-11-15,1,0.00083264,verse,exodus,main
accent_count,6,1,11-9-9-13-8-9,2,0.00166667,verse,exodus,main
accent_count,6,2,10-6-10-12-8-20,2,0.00166667,verse,exodus,main
accent_count,6,3,11-4-3-4-10-6,1,0.00083333,verse,exodus,main
accent_count,6,4,4-3-4-10-6-11,1,0.00083333,verse,exodus,main
accent_count,6,5,3-4-10-6-11-8,1,0.00083333,verse,exodus,main
accent_count,6,6,4-10-6-11-8-9,1,0.00083333,verse,exodus,main
accent_count,6,7,10-6-11-8-9-14,1,0.00083333,verse,exodus,main
accent_count,6,8,6-11-8-9-14-13,1,0.00083333,verse,exodus,main
accent_count,6,9,11-8-9-14-13-11,1,0.00083333,verse,exodus,main
accent_count,6,10,8-9-14-13-11-5,1,0.00083333,verse,exodus,main
accent_count,6,11,9-14-13-11-5-13,1,0.00083333,verse,exodus,main
accent_count,6,12,14-13-11-5-13-12,1,0.00083333,verse,exodus,main
accent_count,6,13,13-11-5-13-12-12,1,0.00083333,verse,exodus,main
accent_count,6,14,11-5-13-12-12-12,1,0.00083333,verse,exodus,main
accent_count,6,15,5-13-12-12-12-12,1,0.00083333,verse,exodus,main
accent_count,6,16,13-12-12-12-12-16,1,0.00083333,verse,exodus,main
accent_count,6,17,12-12-12-12-16-7,1,0.00083333,verse,exodus,main
accent_count,6,18,12-12-12-16-7-8,1,0.00083333,verse,exodus,main
accent_count,6,19,12-12-16-7-8-10,1,0.00083333,verse,exodus,main
accent_count,6,20,12-16-7-8-10-6,1,0.00083333,verse,exodus,main
accent_count,6,21,16-7-8-10-6-11,1,0.00083333,verse,exodus,main
accent_count,6,22,7-8-10-6-11-17,1,0.00083333,verse,exodus,main
accent_count,6,23,8-10-6-11-17-6,1,0.00083333,verse,exodus,main
accent_count,6,24,10-6-11-17-6-26,1,0.00083333,verse,exodus,main
accent_count,6,25,6-11-17-6-26-13,1,0.00083333,verse,exodus,main
accent_count,6,26,11-17-6-26-13-9,1,0.00083333,verse,exodus,main
accent_count,6,27,17-6-26-13-9-15,1,0.00083333,verse,exodus,main
accent_count,6,28,6-26-13-9-15-14,1,0.00083333,verse,exodus,main
accent_count,6,29,26-13-9-15-14-15,1,0.00083333,verse,exodus,main
accent_count,6,30,13-9-15-14-15-11,1,0.00083333,verse,exodus,main
accent_count,6,31,9-15-14-15-11-13,1,0.00083333,verse,exodus,main
accent_count,6,32,15-14-15-11-13-19,1,0.00083333,verse,exodus,main
accent_count,6,33,14-15-11-13-19-17,1,0.00083333,verse,exodus,main
accent_count,6,34,15-11-13-19-17-11,1,0.00083333,verse,exodus,main
accent_count,6,35,11-13-19-17-11-8,1,0.00083333,verse,exodus,main
accent_count,6,36,13-19-17-11-8-8,1,0.00083333,verse,exodus,main
accent_count,6,37,19-17-11-8-8-11,1,0.00083333,verse,exodus,main
accent_count,6,38,17-11-8-8-11-11,1,0.00083333,verse,exodus,main
accent_count,6,39,11-8-8-11-11-8,1,0.00083333,verse,exodus,main
accent_count,6,40,8-8-11-11-8-11,1,0.00083333,verse,exodus,main
accent_count,6,41,8-11-11-8-11-16,1,0.00083333,verse,exodus,main
accent_count,6,42,11-11-8-11-16-10,1,0.00083333,verse,exodus,main
accent_count,6,43,11-8-11-16-10-6,1,0.00083333,verse,exodus,main
accent_count,6,44,8-11-16-10-6-16,1,0.00083333,verse,exodus,main
accent_count,6,45,11-16-10-6-16-15,1,0.00083333,verse,exodus,main
accent_count,6,46,16-10-6-16-15-11,1,0.00083333,verse,exodus,main
accent_count,6,47,10-6-16-15-11-15,1,0.00083333,verse,exodus,main
accent_count,6,48,6-16-15-11-15-14,1,0.00083333,verse,exodus,main
accent_count,6,49,16-15-11-15-14-17,1,0.00083333,verse,exodus,main
accent_count,6,50,15-11-15-14-17-15,1,0.00083333,verse,exodus,main
word_count,2,1,5-5,53,0.02256279,major,exodus,main
word_count,2,2,4-5,50,0.02128565,major,exodus,main
word_count,2,3,5-6,43,0.01830566,major,exodus,main
word_count,2,4,5-4,39,0.01660281,major,exodus,main
word_count,2,5,7-5,38,0.0161771,major,exodus,main
word_count,2,6,5-7,38,0.0161771,major,exodus,main
word_count,2,7,8-5,38,0.0161771,major,exodus,main
word_count,2,8,4-8,37,0.01575138,major,exodus,main
word_count,2,9,4-6,34,0.01447424,major,exodus,main
word_count,2,10,4-4,34,0.01447424,major,exodus,main
word_count,2,11,5-9,34,0.01447424,major,exodus,main
word_count,2,12,7-4,33,0.01404853,major,exodus,main
word_count,2,13,6-4,31,0.01319711,major,exodus,main
word_count,2,14,4-7,31,0.01319711,major,exodus,main
word_count,2,15,6-7,30,0.01277139,major,exodus,main
word_count,2,16,5-8,29,0.01234568,major,exodus,main
word_count,2,17,7-7,28,0.01191997,major,exodus,main
word_count,2,18,9-5,28,0.01191997,major,exodus,main
word_count,2,19,8-4,27,0.01149425,major,exodus,main
word_count,2,20,10-4,27,0.01149425,major,exodus,main
word_count,2,21,6-5,26,0.01106854,major,exodus,main
word_count,2,22,3-7,26,0.01106854,major,exodus,main
word_count,2,23,5-3,26,0.01106854,major,exodus,main
word_count,2,24,8-6,26,0.01106854,major,exodus,main
word_count,2,25,7-8,25,0.01064283,major,exodus,main
word_count,2,26,7-3,25,0.01064283,major,exodus,main
word_count,2,27,3-6,23,0.0097914,major,exodus,main
word_count,2,28,9-4,23,0.0097914,major,exodus,main
word_count,2,29,3-4,22,0.00936569,major,exodus,main
word_count,2,30,6-3,22,0.00936569,major,exodus,main
word_count,2,31,6-6,22,0.00936569,major,exodus,main
word_count,2,32,5-10,22,0.00936569,major,exodus,main
word_count,2,33,7-6,21,0.00893997,major,exodus,main
word_count,2,34,6-8,21,0.00893997,major,exodus,main
word_count,2,35,9-7,21,0.00893997,major,exodus,main
word_count,2,36,8-3,20,0.00851426,major,exodus,main
word_count,2,37,3-5,20,0.00851426,major,exodus,main
word_count,2,38,6-9,20,0.00851426,major,exodus,main
word_count,2,39,4-9,20,0.00851426,major,exodus,main
word_count,2,40,8-9,20,0.00851426,major,exodus,main
word_count,2,41,4-3,19,0.00808855,major,exodus,main
word_count,2,42,8-7,19,0.00808855,major,exodus,main
word_count,2,43,3-9,19,0.00808855,major,exodus,main
word_count,2,44,3-8,19,0.00808855,major,exodus,main
word_count,2,45,6-10,18,0.00766284,major,exodus,main
word_count,2,46,4-11,18,0.00766284,major,exodus,main
word_count,2,47,9-3,17,0.00723712,major,exodus,main
word_count,2,48,8-8,17,0.00723712,major,exodus,main
word_count,2,49,13-5,17,0.00723712,major,exodus,main
word_count,2,50,11-5,17,0.00723712,major,exodus,main
word_count,3,1,5-5-5,13,0.00553663,major,exodus,main
word_count,3,2,7-4-5,11,0.00468484,major,exodus,main
word_count,3,3,4-8-5,10,0.00425894,major,exodus,main
word_count,3,4,4-5-6,9,0.00383305,major,exodus,main
word_count,3,5,5-10-4,9,0.00383305,major,exodus,main
word_count,3,6,7-5-9,9,0.00383305,major,exodus,main
word_count,3,7,4-5-4,9,0.00383305,major,exodus,main
word_count,3,8,7-5-7,8,0.00340716,major,exodus,main
word_count,3,9,7-7-5,8,0.00340716,major,exodus,main
word_count,3,10,5-6-7,8,0.00340716,major,exodus,main
word_count,3,11,5-7-5,8,0.00340716,major,exodus,main
word_count,3,12,3-7-3,7,0.00298126,major,exodus,main
word_count,3,13,4-4-4,7,0.00298126,major,exodus,main
word_count,3,14,4-5-10,7,0.00298126,major,exodus,main
word_count,3,15,4-7-6,7,0.00298126,major,exodus,main
word_count,3,16,6-8-5,7,0.00298126,major,exodus,main
word_count,3,17,5-5-9,7,0.00298126,major,exodus,main
word_count,3,18,4-8-4,7,0.00298126,major,exodus,main
word_count,3,19,4-7-4,7,0.00298126,major,exodus,main
word_count,3,20,5-4-5,7,0.00298126,major,exodus,main
word_count,3,21,3-4-8,6,0.00255537,major,exodus,main
word_count,3,22,7-4-6,6,0.00255537,major,exodus,main
word_count,3,23,5-7-7,6,0.00255537,major,exodus,main
word_count,3,24,3-4-6,6,0.00255537,major,exodus,main
word_count,3,25,6-7-4,6,0.00255537,major,exodus,main
word_count,3,26,9-5-5,6,0.00255537,major,exodus,main
word_count,3,27,5-6-6,6,0.00255537,major,exodus,main
word_count,3,28,8-5-6,6,0.00255537,major,exodus,main
word_count,3,29,3-8-7,6,0.00255537,major,exodus,main
word_count,3,30,7-5-5,6,0.00255537,major,exodus,main
word_count,3,31,6-5-5,6,0.00255537,major,exodus,main
word_count,3,32,6-4-6,6,0.00255537,major,exodus,main
word_count,3,33,3-7-4,6,0.00255537,major,exodus,main
word_count,3,34,3-5-4,6,0.00255537,major,exodus,main
word_count,3,35,4-4-5,6,0.00255537,major,exodus,main
word_count,3,36,4-5-5,6,0.00255537,major,exodus,main
word_count,3,37,5-4-8,6,0.00255537,major,exodus,main
word_count,3,38,4-3-4,5,0.00212947,major,exodus,main
word_count,3,39,4-8-3,5,0.00212947,major,exodus,main
word_count,3,40,5-5-3,5,0.00212947,major,exodus,main
word_count,3,41,4-6-10,5,0.00212947,major,exodus,main
word_count,3,42,3-10-3,5,0.00212947,major,exodus,main
word_count,3,43,8-4-4,5,0.00212947,major,exodus,main
word_count,3,44,4-4-8,5,0.00212947,major,exodus,main
word_count,3,45,4-8-8,5,0.00212947,major,exodus,main
word_count,3,46,5-8-5,5,0.00212947,major,exodus,main
word_count,3,47,4-9-5,5,0.00212947,major,exodus,main
word_count,3,48,5-5-6,5,0.00212947,major,exodus,main
word_count,3,49,9-4-5,5,0.00212947,major,exodus,main
word_count,3,50,11-4-7,5,0.00212947,major,exodus,main
word_count,4,1,5-5-5-5,5,0.00213038,major,exodus,main
word_count,4,2,7-5-9-10,4,0.0017043,major,exodus,main
word_count,4,3,5-7-7-9,3,0.00127823,major,exodus,main
word_count,4,4,5-6-7-4,3,0.00127823,major,exodus,main
word_count,4,5,7-8-5-6,3,0.00127823,major,exodus,main
word_count,4,6,11-4-7-6,3,0.00127823,major,exodus,main
word_count,4,7,4-7-7-3,3,0.00127823,major,exodus,main
word_count,4,8,9-8-4-4,3,0.00127823,major,exodus,main
word_count,4,9,2-3-2-3,3,0.00127823,major,exodus,main
word_count,4,10,5-11-4-5,3,0.00127823,major,exodus,main
word_count,4,11,6-7-5-9,3,0.00127823,major,exodus,main
word_count,4,12,4-4-4-4,3,0.00127823,major,exodus,main
word_count,4,13,3-6-7-2,3,0.00127823,major,exodus,main
word_count,4,14,7-5-7-5,3,0.00127823,major,exodus,main
word_count,4,15,4-5-6-4,3,0.00127823,major,exodus,main
word_count,4,16,6-7-4-5,3,0.00127823,major,exodus,main
word_count,4,17,5-5-5-9,3,0.00127823,major,exodus,main
word_count,4,18,5-5-9-4,3,0.00127823,major,exodus,main
word_count,4,19,5-4-5-4,3,0.00127823,major,exodus,main
word_count,4,20,4-6-8-5,3,0.00127823,major,exodus,main
word_count,4,21,6-8-5-4,3,0.00127823,major,exodus,main
word_count,4,22,8-5-4-5,3,0.00127823,major,exodus,main
word_count,4,23,5-4-5-7,3,0.00127823,major,exodus,main
word_count,4,24,7-4-5-10,3,0.00127823,major,exodus,main
word_count,4,25,5-4-3-4,2,0.00085215,major,exodus,main
word_count,4,26,4-3-4-8,2,0.00085215,major,exodus,main
word_count,4,27,3-4-8-3,2,0.00085215,major,exodus,main
word_count,4,28,4-8-3-7,2,0.00085215,major,exodus,main
word_count,4,29,7-8-3-5,2,0.00085215,major,exodus,main
word_count,4,30,7-8-7-4,2,0.00085215,major,exodus,main
word_count,4,31,7-5-7-7,2,0.00085215,major,exodus,main
word_count,4,32,4-4-4-8,2,0.00085215,major,exodus,main
word_count,4,33,11-9-3-4,2,0.00085215,major,exodus,main
word_count,4,34,7-5-8-5,2,0.00085215,major,exodus,main
word_count,4,35,3-6-4-5,2,0.00085215,major,exodus,main
word_count,4,36,6-4-5-6,2,0.00085215,major,exodus,main
word_count,4,37,4-5-6-7,2,0.00085215,major,exodus,main
word_count,4,38,5-5-6-6,2,0.00085215,major,exodus,main
word_count,4,39,4-5-10-4,2,0.00085215,major,exodus,main
word_count,4,40,9-3-11-4,2,0.00085215,major,exodus,main
word_count,4,41,3-11-4-7,2,0.00085215,major,exodus,main
word_count,4,42,4-7-6-10,2,0.00085215,major,exodus,main
word_count,4,43,4-2-7-3,2,0.00085215,major,exodus,main
word_count,4,44,8-7-8-6,2,0.00085215,major,exodus,main
word_count,4,45,8-6-11-5,2,0.00085215,major,exodus,main
word_count,4,46,6-11-5-9,2,0.00085215,major,exodus,main
word_count,4,47,11-5-9-5,2,0.00085215,major,exodus,main
word_count,4,48,5-9-5-10,2,0.00085215,major,exodus,main
word_count,4,49,2-7-3-4,2,0.00085215,major,exodus,main
word_count,4,50,5-9-5-5,2,0.00085215,major,exodus,main
word_count,5,1,5-5-5-9-4,3,0.00127877,major,exodus,main
word_count,5,2,6-8-5-4-5,3,0.00127877,major,exodus,main
word_count,5,3,7-5-7-7-9,2,0.00085251,major,exodus,main
word_count,5,4,4-5-6-7-4,2,0.00085251,major,exodus,main
word_count,5,5,8-6-11-5-9,2,0.00085251,major,exodus,main
word_count,5,6,6-11-5-9-5,2,0.00085251,major,exodus,main
word_count,5,7,4-6-12-5-14,2,0.00085251,major,exodus,main
word_count,5,8,6-4-6-9-8,2,0.00085251,major,exodus,main
word_count,5,9,5-5-7-4-5,2,0.00085251,major,exodus,main
word_count,5,10,6-6-7-4-5,2,0.00085251,major,exodus,main
word_count,5,11,4-8-5-8-4,2,0.00085251,major,exodus,main
word_count,5,12,5-3-10-4-7,2,0.00085251,major,exodus,main
word_count,5,13,7-5-9-10-4,2,0.00085251,major,exodus,main
word_count,5,14,3-6-7-2-5,2,0.00085251,major,exodus,main
word_count,5,15,6-7-2-5-4,2,0.00085251,major,exodus,main
word_count,5,16,7-2-5-4-2,2,0.00085251,major,exodus,main
word_count,5,17,7-4-5-5-5,2,0.00085251,major,exodus,main
word_count,5,18,4-5-5-5-5,2,0.00085251,major,exodus,main
word_count,5,19,5-5-5-5-9,2,0.00085251,major,exodus,main
word_count,5,20,5-5-9-4-5,2,0.00085251,major,exodus,main
word_count,5,21,5-9-4-5-8,2,0.00085251,major,exodus,main
word_count,5,22,4-10-14-6-3,2,0.00085251,major,exodus,main
word_count,5,23,10-14-6-3-3,2,0.00085251,major,exodus,main
word_count,5,24,14-6-3-3-15,2,0.00085251,major,exodus,main
word_count,5,25,11-11-4-7-6,2,0.00085251,major,exodus,main
word_count,5,26,11-4-7-6-9,2,0.00085251,major,exodus,main
word_count,5,27,4-7-6-9-7,2,0.00085251,major,exodus,main
word_count,5,28,7-6-9-7-13,2,0.00085251,major,exodus,main
word_count,5,29,6-9-7-13-5,2,0.00085251,major,exodus,main
word_count,5,30,9-7-13-5-4,2,0.00085251,major,exodus,main
word_count,5,31,7-13-5-4-10,2,0.00085251,major,exodus,main
word_count,5,32,13-5-4-10-6,2,0.00085251,major,exodus,main
word_count,5,33,5-4-10-6-5,2,0.00085251,major,exodus,main
word_count,5,34,4-10-6-5-10,2,0.00085251,major,exodus,main
word_count,5,35,10-6-5-10-5,2,0.00085251,major,exodus,main
word_count,5,36,6-4-4-3-4,2,0.00085251,major,exodus,main
word_count,5,37,4-4-3-4-6,2,0.00085251,major,exodus,main
word_count,5,38,4-3-4-6-8,2,0.00085251,major,exodus,main
word_count,5,39,3-4-6-8-5,2,0.00085251,major,exodus,main
word_count,5,40,4-6-8-5-4,2,0.00085251,major,exodus,main
word_count,5,41,8-5-4-5-7,2,0.00085251,major,exodus,main
word_count,5,42,5-4-5-7-14,2,0.00085251,major,exodus,main
word_count,5,43,4-5-7-14-5,2,0.00085251,major,exodus,main
word_count,5,44,3-10-3-3-5,2,0.00085251,major,exodus,main
word_count,5,45,10-3-3-5-1,2,0.00085251,major,exodus,main
word_count,5,46,3-3-5-1-11,2,0.00085251,major,exodus,main
word_count,5,47,6-7-4-5-10,2,0.00085251,major,exodus,main
word_count,5,48,6-2-3-2-3,2,0.00085251,major,exodus,main
word_count,5,49,2-3-2-3-5,2,0.00085251,major,exodus,main
word_count,5,50,3-2-3-5-4,2,0.00085251,major,exodus,main
word_count,6,1,8-6-11-5-9-5,2,0.00085288,major,exodus,main
word_count,6,2,3-6-7-2-5-4,2,0.00085288,major,exodus,main
word_count,6,3,6-7-2-5-4-2,2,0.00085288,major,exodus,main
word_count,6,4,7-4-5-5-5-5,2,0.00085288,major,exodus,main
word_count,6,5,4-5-5-5-5-9,2,0.00085288,major,exodus,main
word_count,6,6,5-5-5-5-9-4,2,0.00085288,major,exodus,main
word_count,6,7,5-5-5-9-4-5,2,0.00085288,major,exodus,main
word_count,6,8,5-5-9-4-5-8,2,0.00085288,major,exodus,main
word_count,6,9,4-10-14-6-3-3,2,0.00085288,major,exodus,main
word_count,6,10,10-14-6-3-3-15,2,0.00085288,major,exodus,main
word_count,6,11,11-11-4-7-6-9,2,0.00085288,major,exodus,main
word_count,6,12,11-4-7-6-9-7,2,0.00085288,major,exodus,main
word_count,6,13,4-7-6-9-7-13,2,0.00085288,major,exodus,main
word_count,6,14,7-6-9-7-13-5,2,0.00085288,major,exodus,main
word_count,6,15,6-9-7-13-5-4,2,0.00085288,major,exodus,main
word_count,6,16,9-7-13-5-4-10,2,0.00085288,major,exodus,main
word_count,6,17,7-13-5-4-10-6,2,0.00085288,major,exodus,main
word_count,6,18,13-5-4-10-6-5,2,0.00085288,major,exodus,main
word_count,6,19,5-4-10-6-5-10,2,0.00085288,major,exodus,main
word_count,6,20,4-10-6-5-10-5,2,0.00085288,major,exodus,main
word_count,6,21,6-4-4-3-4-6,2,0.00085288,major,exodus,main
word_count,6,22,4-4-3-4-6-8,2,0.00085288,major,exodus,main
word_count,6,23,4-3-4-6-8-5,2,0.00085288,major,exodus,main
word_count,6,24,3-4-6-8-5-4,2,0.00085288,major,exodus,main
word_count,6,25,4-6-8-5-4-5,2,0.00085288,major,exodus,main
word_count,6,26,6-8-5-4-5-7,2,0.00085288,major,exodus,main
word_count,6,27,8-5-4-5-7-14,2,0.00085288,major,exodus,main
word_count,6,28,5-4-5-7-14-5,2,0.00085288,major,exodus,main
word_count,6,29,3-10-3-3-5-1,2,0.00085288,major,exodus,main
word_count,6,30,10-3-3-5-1-11,2,0.00085288,major,exodus,main
word_count,6,31,6-2-3-2-3-5,2,0.00085288,major,exodus,main
word_count,6,32,2-3-2-3-5-4,2,0.00085288,major,exodus,main
word_count,6,33,3-2-3-5-4-10,2,0.00085288,major,exodus,main
word_count,6,34,7-4-5-2-4-5,2,0.00085288,major,exodus,main
word_count,6,35,6-5-4-3-4-8,1,0.00042644,major,exodus,main
word_count,6,36,5-4-3-4-8-3,1,0.00042644,major,exodus,main
word_count,6,37,4-3-4-8-3-7,1,0.00042644,major,exodus,main
word_count,6,38,3-4-8-3-7-8,1,0.00042644,major,exodus,main
word_count,6,39,4-8-3-7-8-3,1,0.00042644,major,exodus,main
word_count,6,40,8-3-7-8-3-5,1,0.00042644,major,exodus,main
word_count,6,41,3-7-8-3-5-5,1,0.00042644,major,exodus,main
word_count,6,42,7-8-3-5-5-3,1,0.00042644,major,exodus,main
word_count,6,43,8-3-5-5-3-7,1,0.00042644,major,exodus,main
word_count,6,44,3-5-5-3-7-3,1,0.00042644,major,exodus,main
word_count,6,45,5-5-3-7-3-16,1,0.00042644,major,exodus,main
word_count,6,46,5-3-7-3-16-7,1,0.00042644,major,exodus,main
word_count,6,47,3-7-3-16-7-8,1,0.00042644,major,exodus,main
word_count,6,48,7-3-16-7-8-7,1,0.00042644,major,exodus,main
word_count,6,49,3-16-7-8-7-4,1,0.00042644,major,exodus,main
word_count,6,50,16-7-8-7-4-6,1,0.00042644,major,exodus,main
pulse_count,2,1,11-13,15,0.0063857,major,exodus,main
pulse_count,2,2,10-10,13,0.00553427,major,exodus,main
pulse_count,2,3,18-11,12,0.00510856,major,exodus,main
pulse_count,2,4,10-7,12,0.00510856,major,exodus,main
pulse_count,2,5,12-13,12,0.00510856,major,exodus,main
pulse_count,2,6,9-14,11,0.00468284,major,exodus,main
pulse_count,2,7,7-9,10,0.00425713,major,exodus,main
pulse_count,2,8,11-20,10,0.00425713,major,exodus,main
pulse_count,2,9,10-16,10,0.00425713,major,exodus,main
pulse_count,2,10,16-11,10,0.00425713,major,exodus,main
pulse_count,2,11,17-12,10,0.00425713,major,exodus,main
pulse_count,2,12,9-10,9,0.00383142,major,exodus,main
pulse_count,2,13,8-11,9,0.00383142,major,exodus,main
pulse_count,2,14,8-6,9,0.00383142,major,exodus,main
pulse_count,2,15,9-8,9,0.00383142,major,exodus,main
pulse_count,2,16,9-16,9,0.00383142,major,exodus,main
pulse_count,2,17,13-10,9,0.00383142,major,exodus,main
pulse_count,2,18,13-18,9,0.00383142,major,exodus,main
pulse_count,2,19,11-21,9,0.00383142,major,exodus,main
pulse_count,2,20,10-11,9,0.00383142,major,exodus,main
pulse_count,2,21,17-11,9,0.00383142,major,exodus,main
pulse_count,2,22,11-10,9,0.00383142,major,exodus,main
pulse_count,2,23,12-14,9,0.00383142,major,exodus,main
pulse_count,2,24,12-22,9,0.00383142,major,exodus,main
pulse_count,2,25,14-11,9,0.00383142,major,exodus,main
pulse_count,2,26,17-9,9,0.00383142,major,exodus,main
pulse_count,2,27,20-10,9,0.00383142,major,exodus,main
pulse_count,2,28,13-8,8,0.0034057,major,exodus,main
pulse_count,2,29,8-9,8,0.0034057,major,exodus,main
pulse_count,2,30,10-8,8,0.0034057,major,exodus,main
pulse_count,2,31,16-9,8,0.0034057,major,exodus,main
pulse_count,2,32,11-8,8,0.0034057,major,exodus,main
pulse_count,2,33,21-9,8,0.0034057,major,exodus,main
pulse_count,2,34,13-6,8,0.0034057,major,exodus,main
pulse_count,2,35,9-11,8,0.0034057,major,exodus,main
pulse_count,2,36,11-15,8,0.0034057,major,exodus,main
pulse_count,2,37,12-12,8,0.0034057,major,exodus,main
pulse_count,2,38,11-14,8,0.0034057,major,exodus,main
pulse_count,2,39,19-13,8,0.0034057,major,exodus,main
pulse_count,2,40,12-15,8,0.0034057,major,exodus,main
pulse_count,2,41,22-8,8,0.0034057,major,exodus,main
pulse_count,2,42,20-17,8,0.0034057,major,exodus,main
pulse_count,2,43,19-10,8,0.0034057,major,exodus,main
pulse_count,2,44,8-19,8,0.0034057,major,exodus,main
pulse_count,2,45,9-20,8,0.0034057,major,exodus,main
pulse_count,2,46,14-16,8,0.0034057,major,exodus,main
pulse_count,2,47,18-16,8,0.0034057,major,exodus,main
pulse_count,2,48,13-22,8,0.0034057,major,exodus,main
pulse_count,2,49,7-14,8,0.0034057,major,exodus,main
pulse_count,2,50,11-12,8,0.0034057,major,exodus,main
pulse_count,3,1,8-8-10,4,0.00170358,major,exodus,main
pulse_count,3,2,8-9-10,3,0.00127768,major,exodus,main
pulse_count,3,3,21-9-8,3,0.00127768,major,exodus,main
pulse_count,3,4,14-19-10,3,0.00127768,major,exodus,main
pulse_count,3,5,22-17-14,3,0.00127768,major,exodus,main
pulse_count,3,6,16-17-11,3,0.00127768,major,exodus,main
pulse_count,3,7,17-11-13,3,0.00127768,major,exodus,main
pulse_count,3,8,7-14-5,3,0.00127768,major,exodus,main
pulse_count,3,9,13-12-13,3,0.00127768,major,exodus,main
pulse_count,3,10,12-22-18,3,0.00127768,major,exodus,main
pulse_count,3,11,17-9-20,3,0.00127768,major,exodus,main
pulse_count,3,12,10-7-14,3,0.00127768,major,exodus,main
pulse_count,3,13,10-10-16,3,0.00127768,major,exodus,main
pulse_count,3,14,7-25-10,3,0.00127768,major,exodus,main
pulse_count,3,15,8-6-7,3,0.00127768,major,exodus,main
pulse_count,3,16,13-8-9,2,0.00085179,major,exodus,main
pulse_count,3,17,9-10-8,2,0.00085179,major,exodus,main
pulse_count,3,18,8-16-9,2,0.00085179,major,exodus,main
pulse_count,3,19,11-8-6,2,0.00085179,major,exodus,main
pulse_count,3,20,11-13-20,2,0.00085179,major,exodus,main
pulse_count,3,21,10-24-8,2,0.00085179,major,exodus,main
pulse_count,3,22,9-11-15,2,0.00085179,major,exodus,main
pulse_count,3,23,9-16-9,2,0.00085179,major,exodus,main
pulse_count,3,24,13-10-21,2,0.00085179,major,exodus,main
pulse_count,3,25,10-21-10,2,0.00085179,major,exodus,main
pulse_count,3,26,18-17-20,2,0.00085179,major,exodus,main
pulse_count,3,27,20-7-9,2,0.00085179,major,exodus,main
pulse_count,3,28,13-18-11,2,0.00085179,major,exodus,main
pulse_count,3,29,19-13-21,2,0.00085179,major,exodus,main
pulse_count,3,30,22-8-18,2,0.00085179,major,exodus,main
pulse_count,3,31,18-19-20,2,0.00085179,major,exodus,main
pulse_count,3,32,19-20-17,2,0.00085179,major,exodus,main
pulse_count,3,33,19-14-19,2,0.00085179,major,exodus,main
pulse_count,3,34,14-21-11,2,0.00085179,major,exodus,main
pulse_count,3,35,9-8-11,2,0.00085179,major,exodus,main
pulse_count,3,36,11-21-7,2,0.00085179,major,exodus,main
pulse_count,3,37,25-7-13,2,0.00085179,major,exodus,main
pulse_count,3,38,7-13-10,2,0.00085179,major,exodus,main
pulse_count,3,39,11-7-9,2,0.00085179,major,exodus,main
pulse_count,3,40,7-9-18,2,0.00085179,major,exodus,main
pulse_count,3,41,18-18-11,2,0.00085179,major,exodus,main
pulse_count,3,42,16-11-17,2,0.00085179,major,exodus,main
pulse_count,3,43,11-10-12,2,0.00085179,major,exodus,main
pulse_count,3,44,10-12-24,2,0.00085179,major,exodus,main
pulse_count,3,45,11-13-26,2,0.00085179,major,exodus,main
pulse_count,3,46,17-6-8,2,0.00085179,major,exodus,main
pulse_count,3,47,10-16-20,2,0.00085179,major,exodus,main
pulse_count,3,48,14-29-12,2,0.00085179,major,exodus,main
pulse_count,3,49,8-11-13,2,0.00085179,major,exodus,main
pulse_count,3,50,22-17-12,2,0.00085179,major,exodus,main
pulse_count,4,1,19-14-19-10,2,0.00085215,major,exodus,main
pulse_count,4,2,11-7-9-18,2,0.00085215,major,exodus,main
pulse_count,4,3,16-17-11-13,2,0.00085215,major,exodus,main
pulse_count,4,4,7-17-9-20,2,0.00085215,major,exodus,main
pulse_count,4,5,13-13-10-10,2,0.00085215,major,exodus,main
pulse_count,4,6,6-19-13-22,2,0.00085215,major,exodus,main
pulse_count,4,7,11-28-39-14,2,0.00085215,major,exodus,main
pulse_count,4,8,28-39-14-8,2,0.00085215,major,exodus,main
pulse_count,4,9,39-14-8-13,2,0.00085215,major,exodus,main
pulse_count,4,10,14-8-13-39,2,0.00085215,major,exodus,main
pulse_count,4,11,7-25-10-7,2,0.00085215,major,exodus,main
pulse_count,4,12,25-10-7-14,2,0.00085215,major,exodus,main
pulse_count,4,13,10-7-14-5,2,0.00085215,major,exodus,main
pulse_count,4,14,7-14-5-24,2,0.00085215,major,exodus,main
pulse_count,4,15,12-13-22-16,2,0.00085215,major,exodus,main
pulse_count,4,16,13-6-8-6,2,0.00085215,major,exodus,main
pulse_count,4,17,6-8-6-7,2,0.00085215,major,exodus,main
pulse_count,4,18,13-8-9-10,1,0.00042608,major,exodus,main
pulse_count,4,19,8-9-10-8,1,0.00042608,major,exodus,main
pulse_count,4,20,9-10-8-16,1,0.00042608,major,exodus,main
pulse_count,4,21,10-8-16-9,1,0.00042608,major,exodus,main
pulse_count,4,22,8-16-9-15,1,0.00042608,major,exodus,main
pulse_count,4,23,16-9-15-20,1,0.00042608,major,exodus,main
pulse_count,4,24,9-15-20-8,1,0.00042608,major,exodus,main
pulse_count,4,25,15-20-8-11,1,0.00042608,major,exodus,main
pulse_count,4,26,20-8-11-8,1,0.00042608,major,exodus,main
pulse_count,4,27,8-11-8-6,1,0.00042608,major,exodus,main
pulse_count,4,28,11-8-6-13,1,0.00042608,major,exodus,main
pulse_count,4,29,8-6-13-7,1,0.00042608,major,exodus,main
pulse_count,4,30,6-13-7-34,1,0.00042608,major,exodus,main
pulse_count,4,31,13-7-34-19,1,0.00042608,major,exodus,main
pulse_count,4,32,7-34-19-17,1,0.00042608,major,exodus,main
pulse_count,4,33,34-19-17-14,1,0.00042608,major,exodus,main
pulse_count,4,34,19-17-14-10,1,0.00042608,major,exodus,main
pulse_count,4,35,17-14-10-15,1,0.00042608,major,exodus,main
pulse_count,4,36,14-10-15-28,1,0.00042608,major,exodus,main
pulse_count,4,37,10-15-28-15,1,0.00042608,major,exodus,main
pulse_count,4,38,15-28-15-14,1,0.00042608,major,exodus,main
pulse_count,4,39,28-15-14-13,1,0.00042608,major,exodus,main
pulse_count,4,40,15-14-13-17,1,0.00042608,major,exodus,main
pulse_count,4,41,14-13-17-15,1,0.00042608,major,exodus,main
pulse_count,4,42,13-17-15-27,1,0.00042608,major,exodus,main
pulse_count,4,43,17-15-27-9,1,0.00042608,major,exodus,main
pulse_count,4,44,15-27-9-26,1,0.00042608,major,exodus,main
pulse_count,4,45,27-9-26-9,1,0.00042608,major,exodus,main
pulse_count,4,46,9-26-9-22,1,0.00042608,major,exodus,main
pulse_count,4,47,26-9-22-21,1,0.00042608,major,exodus,main
pulse_count,4,48,9-22-21-9,1,0.00042608,major,exodus,main
pulse_count,4,49,22-21-9-8,1,0.00042608,major,exodus,main
pulse_count,4,50,21-9-8-13,1,0.00042608,major,exodus,main
pulse_count,5,1,11-28-39-14-8,2,0.00085251,major,exodus,main
pulse_count,5,2,28-39-14-8-13,2,0.00085251,major,exodus,main
pulse_count,5,3,39-14-8-13-39,2,0.00085251,major,exodus,main
pulse_count,5,4,7-25-10-7-14,2,0.00085251,major,exodus,main
pulse_count,5,5,25-10-7-14-5,2,0.00085251,major,exodus,main
pulse_count,5,6,10-7-14-5-24,2,0.00085251,major,exodus,main
pulse_count,5,7,13-6-8-6-7,2,0.00085251,major,exodus,main
pulse_count,5,8,13-8-9-10-8,1,0.00042626,major,exodus,main
pulse_count,5,9,8-9-10-8-16,1,0.00042626,major,exodus,main
pulse_count,5,10,9-10-8-16-9,1,0.00042626,major,exodus,main
pulse_count,5,11,10-8-16-9-15,1,0.00042626,major,exodus,main
pulse_count,5,12,8-16-9-15-20,1,0.00042626,major,exodus,main
pulse_count,5,13,16-9-15-20-8,1,0.00042626,major,exodus,main
pulse_count,5,14,9-15-20-8-11,1,0.00042626,major,exodus,main
pulse_count,5,15,15-20-8-11-8,1,0.00042626,major,exodus,main
pulse_count,5,16,20-8-11-8-6,1,0.00042626,major,exodus,main
pulse_count,5,17,8-11-8-6-13,1,0.00042626,major,exodus,main
pulse_count,5,18,11-8-6-13-7,1,0.00042626,major,exodus,main
pulse_count,5,19,8-6-13-7-34,1,0.00042626,major,exodus,main
pulse_count,5,20,6-13-7-34-19,1,0.00042626,major,exodus,main
pulse_count,5,21,13-7-34-19-17,1,0.00042626,major,exodus,main
pulse_count,5,22,7-34-19-17-14,1,0.00042626,major,exodus,main
pulse_count,5,23,34-19-17-14-10,1,0.00042626,major,exodus,main
pulse_count,5,24,19-17-14-10-15,1,0.00042626,major,exodus,main
pulse_count,5,25,17-14-10-15-28,1,0.00042626,major,exodus,main
pulse_count,5,26,14-10-15-28-15,1,0.00042626,major,exodus,main
pulse_count,5,27,10-15-28-15-14,1,0.00042626,major,exodus,main
pulse_count,5,28,15-28-15-14-13,1,0.00042626,major,exodus,main
pulse_count,5,29,28-15-14-13-17,1,0.00042626,major,exodus,main
pulse_count,5,30,15-14-13-17-15,1,0.00042626,major,exodus,main
pulse_count,5,31,14-13-17-15-27,1,0.00042626,major,exodus,main
pulse_count,5,32,13-17-15-27-9,1,0.00042626,major,exodus,main
pulse_count,5,33,17-15-27-9-26,1,0.00042626,major,exodus,main
pulse_count,5,34,15-27-9-26-9,1,0.00042626,major,exodus,main
pulse_count,5,35,27-9-26-9-22,1,0.00042626,major,exodus,main
pulse_count,5,36,9-26-9-22-21,1,0.00042626,major,exodus,main
pulse_count,5,37,26-9-22-21-9,1,0.00042626,major,exodus,main
pulse_count,5,38,9-22-21-9-8,1,0.00042626,major,exodus,main
pulse_count,5,39,22-21-9-8-13,1,0.00042626,major,exodus,main
pulse_count,5,40,21-9-8-13-6,1,0.00042626,major,exodus,main
pulse_count,5,41,9-8-13-6-10,1,0.00042626,major,exodus,main
pulse_count,5,42,8-13-6-10-20,1,0.00042626,major,exodus,main
pulse_count,5,43,13-6-10-20-8,1,0.00042626,major,exodus,main
pulse_count,5,44,6-10-20-8-7,1,0.00042626,major,exodus,main
pulse_count,5,45,10-20-8-7-9,1,0.00042626,major,exodus,main
pulse_count,5,46,20-8-7-9-19,1,0.00042626,major,exodus,main
pulse_count,5,47,8-7-9-19-27,1,0.00042626,major,exodus,main
pulse_count,5,48,7-9-19-27-18,1,0.00042626,major,exodus,main
pulse_count,5,49,9-19-27-18-10,1,0.00042626,major,exodus,main
pulse_count,5,50,19-27-18-10-6,1,0.00042626,major,exodus,main
pulse_count,6,1,11-28-39-14-8-13,2,0.00085288,major,exodus,main
pulse_count,6,2,28-39-14-8-13-39,2,0.00085288,major,exodus,main
pulse_count,6,3,7-25-10-7-14-5,2,0.00085288,major,exodus,main
pulse_count,6,4,25-10-7-14-5-24,2,0.00085288,major,exodus,main
pulse_count,6,5,13-8-9-10-8-16,1,0.00042644,major,exodus,main
pulse_count,6,6,8-9-10-8-16-9,1,0.00042644,major,exodus,main
pulse_count,6,7,9-10-8-16-9-15,1,0.00042644,major,exodus,main
pulse_count,6,8,10-8-16-9-15-20,1,0.00042644,major,exodus,main
pulse_count,6,9,8-16-9-15-20-8,1,0.00042644,major,exodus,main
pulse_count,6,10,16-9-15-20-8-11,1,0.00042644,major,exodus,main
pulse_count,6,11,9-15-20-8-11-8,1,0.00042644,major,exodus,main
pulse_count,6,12,15-20-8-11-8-6,1,0.00042644,major,exodus,main
pulse_count,6,13,20-8-11-8-6-13,1,0.00042644,major,exodus,main
pulse_count,6,14,8-11-8-6-13-7,1,0.00042644,major,exodus,main
pulse_count,6,15,11-8-6-13-7-34,1,0.00042644,major,exodus,main
pulse_count,6,16,8-6-13-7-34-19,1,0.00042644,major,exodus,main
pulse_count,6,17,6-13-7-34-19-17,1,0.00042644,major,exodus,main
pulse_count,6,18,13-7-34-19-17-14,1,0.00042644,major,exodus,main
pulse_count,6,19,7-34-19-17-14-10,1,0.00042644,major,exodus,main
pulse_count,6,20,34-19-17-14-10-15,1,0.00042644,major,exodus,main
pulse_count,6,21,19-17-14-10-15-28,1,0.00042644,major,exodus,main
pulse_count,6,22,17-14-10-15-28-15,1,0.00042644,major,exodus,main
pulse_count,6,23,14-10-15-28-15-14,1,0.00042644,major,exodus,main
pulse_count,6,24,10-15-28-15-14-13,1,0.00042644,major,exodus,main
pulse_count,6,25,15-28-15-14-13-17,1,0.00042644,major,exodus,main
pulse_count,6,26,28-15-14-13-17-15,1,0.00042644,major,exodus,main
pulse_count,6,27,15-14-13-17-15-27,1,0.00042644,major,exodus,main
pulse_count,6,28,14-13-17-15-27-9,1,0.00042644,major,exodus,main
pulse_count,6,29,13-17-15-27-9-26,1,0.00042644,major,exodus,main
pulse_count,6,30,17-15-27-9-26-9,1,0.00042644,major,exodus,main
pulse_count,6,31,15-27-9-26-9-22,1,0.00042644,major,exodus,main
pulse_count,6,32,27-9-26-9-22-21,1,0.00042644,major,exodus,main
pulse_count,6,33,9-26-9-22-21-9,1,0.00042644,major,exodus,main
pulse_count,6,34,26-9-22-21-9-8,1,0.00042644,major,exodus,main
pulse_count,6,35,9-22-21-9-8-13,1,0.00042644,major,exodus,main
pulse_count,6,36,22-21-9-8-13-6,1,0.00042644,major,exodus,main
pulse_count,6,37,21-9-8-13-6-10,1,0.00042644,major,exodus,main
pulse_count,6,38,9-8-13-6-10-20,1,0.00042644,major,exodus,main
pulse_count,6,39,8-13-6-10-20-8,1,0.00042644,major,exodus,main
pulse_count,6,40,13-6-10-20-8-7,1,0.00042644,major,exodus,main
pulse_count,6,41,6-10-20-8-7-9,1,0.00042644,major,exodus,main
pulse_count,6,42,10-20-8-7-9-19,1,0.00042644,major,exodus,main
pulse_count,6,43,20-8-7-9-19-27,1,0.00042644,major,exodus,main
pulse_count,6,44,8-7-9-19-27-18,1,0.00042644,major,exodus,main
pulse_count,6,45,7-9-19-27-18-10,1,0.00042644,major,exodus,main
pulse_count,6,46,9-19-27-18-10-6,1,0.00042644,major,exodus,main
pulse_count,6,47,19-27-18-10-6-24,1,0.00042644,major,exodus,main
pulse_count,6,48,27-18-10-6-24-39,1,0.00042644,major,exodus,main
pulse_count,6,49,18-10-6-24-39-14,1,0.00042644,major,exodus,main
pulse_count,6,50,10-6-24-39-14-26,1,0.00042644,major,exodus,main
accent_count,2,1,4-5,61,0.0259685,major,exodus,main
accent_count,2,2,4-4,59,0.02511707,major,exodus,main
accent_count,2,3,5-4,56,0.02383993,major,exodus,main
accent_count,2,4,7-4,56,0.02383993,major,exodus,main
accent_count,2,5,4-6,54,0.02298851,major,exodus,main
accent_count,2,6,4-3,44,0.01873138,major,exodus,main
accent_count,2,7,4-7,44,0.01873138,major,exodus,main
accent_count,2,8,6-4,44,0.01873138,major,exodus,main
accent_count,2,9,5-7,41,0.01745424,major,exodus,main
accent_count,2,10,3-4,40,0.01702852,major,exodus,main
accent_count,2,11,3-5,39,0.01660281,major,exodus,main
accent_count,2,12,5-6,39,0.01660281,major,exodus,main
accent_count,2,13,6-3,39,0.01660281,major,exodus,main
accent_count,2,14,6-5,38,0.0161771,major,exodus,main
accent_count,2,15,6-7,38,0.0161771,major,exodus,main
accent_count,2,16,4-8,37,0.01575138,major,exodus,main
accent_count,2,17,8-5,36,0.01532567,major,exodus,main
accent_count,2,18,6-6,36,0.01532567,major,exodus,main
accent_count,2,19,5-3,34,0.01447424,major,exodus,main
accent_count,2,20,3-6,32,0.01362282,major,exodus,main
accent_count,2,21,5-5,31,0.01319711,major,exodus,main
accent_count,2,22,7-5,31,0.01319711,major,exodus,main
accent_count,2,23,3-3,31,0.01319711,major,exodus,main
accent_count,2,24,8-4,31,0.01319711,major,exodus,main
accent_count,2,25,5-8,29,0.01234568,major,exodus,main
accent_count,2,26,3-8,28,0.01191997,major,exodus,main
accent_count,2,27,7-6,27,0.01149425,major,exodus,main
accent_count,2,28,7-3,26,0.01106854,major,exodus,main
accent_count,2,29,3-7,26,0.01106854,major,exodus,main
accent_count,2,30,8-6,24,0.01021711,major,exodus,main
accent_count,2,31,9-4,24,0.01021711,major,exodus,main
accent_count,2,32,7-7,23,0.0097914,major,exodus,main
accent_count,2,33,3-2,23,0.0097914,major,exodus,main
accent_count,2,34,4-2,21,0.00893997,major,exodus,main
accent_count,2,35,3-9,21,0.00893997,major,exodus,main
accent_count,2,36,2-5,21,0.00893997,major,exodus,main
accent_count,2,37,8-3,20,0.00851426,major,exodus,main
accent_count,2,38,2-4,20,0.00851426,major,exodus,main
accent_count,2,39,10-4,20,0.00851426,major,exodus,main
accent_count,2,40,5-9,19,0.00808855,major,exodus,main
accent_count,2,41,4-9,19,0.00808855,major,exodus,main
accent_count,2,42,4-10,19,0.00808855,major,exodus,main
accent_count,2,43,2-3,19,0.00808855,major,exodus,main
accent_count,2,44,6-8,18,0.00766284,major,exodus,main
accent_count,2,45,8-8,18,0.00766284,major,exodus,main
accent_count,2,46,9-3,18,0.00766284,major,exodus,main
accent_count,2,47,2-6,18,0.00766284,major,exodus,main
accent_count,2,48,5-10,17,0.00723712,major,exodus,main
accent_count,2,49,9-5,17,0.00723712,major,exodus,main
accent_count,2,50,9-7,17,0.00723712,major,exodus,main
accent_count,3,1,7-4-5,14,0.00596252,major,exodus,main
accent_count,3,2,4-5-7,12,0.00511073,major,exodus,main
accent_count,3,3,5-7-4,11,0.00468484,major,exodus,main
accent_count,3,4,4-7-4,11,0.00468484,major,exodus,main
accent_count,3,5,4-5-4,10,0.00425894,major,exodus,main
accent_count,3,6,5-4-5,10,0.00425894,major,exodus,main
accent_count,3,7,3-4-4,9,0.00383305,major,exodus,main
accent_count,3,8,6-7-4,9,0.00383305,major,exodus,main
accent_count,3,9,4-8-5,9,0.00383305,major,exodus,main
accent_count,3,10,4-4-5,9,0.00383305,major,exodus,main
accent_count,3,11,6-4-5,9,0.00383305,major,exodus,main
accent_count,3,12,8-4-3,9,0.00383305,major,exodus,main
accent_count,3,13,4-6-5,9,0.00383305,major,exodus,main
accent_count,3,14,5-4-4,9,0.00383305,major,exodus,main
accent_count,3,15,3-5-4,9,0.00383305,major,exodus,main
accent_count,3,16,4-6-7,9,0.00383305,major,exodus,main
accent_count,3,17,4-4-4,9,0.00383305,major,exodus,main
accent_count,3,18,5-4-3,8,0.00340716,major,exodus,main
accent_count,3,19,4-3-4,8,0.00340716,major,exodus,main
accent_count,3,20,4-7-3,8,0.00340716,major,exodus,main
accent_count,3,21,4-6-4,8,0.00340716,major,exodus,main
accent_count,3,22,3-9-4,8,0.00340716,major,exodus,main
accent_count,3,23,5-8-4,8,0.00340716,major,exodus,main
accent_count,3,24,5-4-6,8,0.00340716,major,exodus,main
accent_count,3,25,4-6-6,8,0.00340716,major,exodus,main
accent_count,3,26,7-4-6,8,0.00340716,major,exodus,main
accent_count,3,27,4-4-6,8,0.00340716,major,exodus,main
accent_count,3,28,4-4-8,8,0.00340716,major,exodus,main
accent_count,3,29,6-4-7,8,0.00340716,major,exodus,main
accent_count,3,30,6-5-4,7,0.00298126,major,exodus,main
accent_count,3,31,4-5-3,7,0.00298126,major,exodus,main
accent_count,3,32,8-4-4,7,0.00298126,major,exodus,main
accent_count,3,33,4-3-7,7,0.00298126,major,exodus,main
accent_count,3,34,3-7-4,7,0.00298126,major,exodus,main
accent_count,3,35,6-7-5,7,0.00298126,major,exodus,main
accent_count,3,36,6-6-3,7,0.00298126,major,exodus,main
accent_count,3,37,6-5-7,7,0.00298126,major,exodus,main
accent_count,3,38,5-6-7,7,0.00298126,major,exodus,main
accent_count,3,39,9-4-8,7,0.00298126,major,exodus,main
accent_count,3,40,3-6-7,7,0.00298126,major,exodus,main
accent_count,3,41,6-3-9,7,0.00298126,major,exodus,main
accent_count,3,42,2-5-4,7,0.00298126,major,exodus,main
accent_count,3,43,5-6-6,7,0.00298126,major,exodus,main
accent_count,3,44,3-3-4,7,0.00298126,major,exodus,main
accent_count,3,45,5-3-3,7,0.00298126,major,exodus,main
accent_count,3,46,4-5-2,7,0.00298126,major,exodus,main
accent_count,3,47,3-4-7,6,0.00255537,major,exodus,main
accent_count,3,48,2-7-3,6,0.00255537,major,exodus,main
accent_count,3,49,5-8-5,6,0.00255537,major,exodus,main
accent_count,3,50,5-7-5,6,0.00255537,major,exodus,main
accent_count,4,1,5-3-5-6,4,0.0017043,major,exodus,main
accent_count,4,2,4-8-5-4,4,0.0017043,major,exodus,main
accent_count,4,3,8-4-3-6,4,0.0017043,major,exodus,main
accent_count,4,4,4-7-4-5,4,0.0017043,major,exodus,main
accent_count,4,5,4-3-4-7,3,0.00127823,major,exodus,main
accent_count,4,6,6-7-4-5,3,0.00127823,major,exodus,main
accent_count,4,7,4-5-3-4,3,0.00127823,major,exodus,main
accent_count,4,8,7-4-8-5,3,0.00127823,major,exodus,main
accent_count,4,9,4-3-7-4,3,0.00127823,major,exodus,main
accent_count,4,10,6-7-5-3,3,0.00127823,major,exodus,main
accent_count,4,11,5-7-4-5,3,0.00127823,major,exodus,main
accent_count,4,12,2-3-2-3,3,0.00127823,major,exodus,main
accent_count,4,13,8-7-4-5,3,0.00127823,major,exodus,main
accent_count,4,14,4-5-8-4,3,0.00127823,major,exodus,main
accent_count,4,15,3-6-7-2,3,0.00127823,major,exodus,main
accent_count,4,16,4-6-5-4,3,0.00127823,major,exodus,main
accent_count,4,17,6-5-4-6,3,0.00127823,major,exodus,main
accent_count,4,18,5-4-5-4,3,0.00127823,major,exodus,main
accent_count,4,19,7-11-5-6,3,0.00127823,major,exodus,main
accent_count,4,20,5-6-3-9,3,0.00127823,major,exodus,main
accent_count,4,21,5-4-4-6,3,0.00127823,major,exodus,main
accent_count,4,22,3-4-6-7,3,0.00127823,major,exodus,main
accent_count,4,23,6-7-2-5,3,0.00127823,major,exodus,main
accent_count,4,24,8-4-7-4,3,0.00127823,major,exodus,main
accent_count,4,25,6-4-4-8,3,0.00127823,major,exodus,main
accent_count,4,26,5-9-7-13,3,0.00127823,major,exodus,main
accent_count,4,27,4-4-5-7,3,0.00127823,major,exodus,main
accent_count,4,28,4-6-7-7,3,0.00127823,major,exodus,main
accent_count,4,29,5-5-4-5,3,0.00127823,major,exodus,main
accent_count,4,30,5-6-6-6,3,0.00127823,major,exodus,main
accent_count,4,31,4-5-7-5,3,0.00127823,major,exodus,main
accent_count,4,32,8-4-6-5,3,0.00127823,major,exodus,main
accent_count,4,33,4-5-4-3,3,0.00127823,major,exodus,main
accent_count,4,34,4-3-3-4,3,0.00127823,major,exodus,main
accent_count,4,35,5-8-4-4,3,0.00127823,major,exodus,main
accent_count,4,36,5-6-7-11,3,0.00127823,major,exodus,main
accent_count,4,37,3-6-7-4,3,0.00127823,major,exodus,main
accent_count,4,38,4-6-4-6,3,0.00127823,major,exodus,main
accent_count,4,39,14-5-3-3,3,0.00127823,major,exodus,main
accent_count,4,40,4-4-5-3,3,0.00127823,major,exodus,main
accent_count,4,41,3-3-4-6,3,0.00127823,major,exodus,main
accent_count,4,42,4-6-7-5,3,0.00127823,major,exodus,main
accent_count,4,43,3-9-4-8,3,0.00127823,major,exodus,main
accent_count,4,44,4-2-4-5,3,0.00127823,major,exodus,main
accent_count,4,45,5-2-6-4,3,0.00127823,major,exodus,main
accent_count,4,46,5-4-3-4,2,0.00085215,major,exodus,main
accent_count,4,47,3-4-7-3,2,0.00085215,major,exodus,main
accent_count,4,48,4-7-3-6,2,0.00085215,major,exodus,main
accent_count,4,49,7-3-6-8,2,0.00085215,major,exodus,main
accent_count,4,50,4-2-7-3,2,0.00085215,major,exodus,main
accent_count,5,1,4-3-4-7-3,2,0.00085251,major,exodus,main
accent_count,5,2,11-6-10-9-7,2,0.00085251,major,exodus,main
accent_count,5,3,4-8-8-3-8,2,0.00085251,major,exodus,main
accent_count,5,4,5-7-4-5-4,2,0.00085251,major,exodus,main
accent_count,5,5,9-8-4-3-6,2,0.00085251,major,exodus,main
accent_count,5,6,4-6-5-4-6,2,0.00085251,major,exodus,main
accent_count,5,7,6-5-4-6-3,2,0.00085251,major,exodus,main
accent_count,5,8,5-9-5-3-2,2,0.00085251,major,exodus,main
accent_count,5,9,7-11-5-6-3,2,0.00085251,major,exodus,main
accent_count,5,10,6-6-4-4-8,2,0.00085251,major,exodus,main
accent_count,5,11,3-6-6-2-3,2,0.00085251,major,exodus,main
accent_count,5,12,3-8-8-8-6,2,0.00085251,major,exodus,main
accent_count,5,13,7-6-5-6-7,2,0.00085251,major,exodus,main
accent_count,5,14,4-8-4-5-4,2,0.00085251,major,exodus,main
accent_count,5,15,4-3-4-3-3,2,0.00085251,major,exodus,main
accent_count,5,16,8-5-6-7-11,2,0.00085251,major,exodus,main
accent_count,5,17,3-6-7-4-5,2,0.00085251,major,exodus,main
accent_count,5,18,3-6-7-2-5,2,0.00085251,major,exodus,main
accent_count,5,19,4-7-4-5-5,2,0.00085251,major,exodus,main
accent_count,5,20,7-4-5-5-4,2,0.00085251,major,exodus,main
accent_count,5,21,4-5-5-4-5,2,0.00085251,major,exodus,main
accent_count,5,22,5-5-4-5-8,2,0.00085251,major,exodus,main
accent_count,5,23,5-4-5-8-4,2,0.00085251,major,exodus,main
accent_count,5,24,4-5-8-4-4,2,0.00085251,major,exodus,main
accent_count,5,25,5-8-4-4-7,2,0.00085251,major,exodus,main
accent_count,5,26,8-4-4-7-2,2,0.00085251,major,exodus,main
accent_count,5,27,2-8-4-7-4,2,0.00085251,major,exodus,main
accent_count,5,28,4-10-4-10-14,2,0.00085251,major,exodus,main
accent_count,5,29,10-4-10-14-5,2,0.00085251,major,exodus,main
accent_count,5,30,4-10-14-5-3,2,0.00085251,major,exodus,main
accent_count,5,31,10-14-5-3-3,2,0.00085251,major,exodus,main
accent_count,5,32,5-9-7-13-4,2,0.00085251,major,exodus,main
accent_count,5,33,9-7-13-4-4,2,0.00085251,major,exodus,main
accent_count,5,34,7-13-4-4-8,2,0.00085251,major,exodus,main
accent_count,5,35,13-4-4-8-5,2,0.00085251,major,exodus,main
accent_count,5,36,6-4-3-3-4,2,0.00085251,major,exodus,main
accent_count,5,37,4-3-3-4-6,2,0.00085251,major,exodus,main
accent_count,5,38,3-3-4-6-7,2,0.00085251,major,exodus,main
accent_count,5,39,3-4-6-7-5,2,0.00085251,major,exodus,main
accent_count,5,40,4-6-7-5-3,2,0.00085251,major,exodus,main
accent_count,5,41,6-7-5-3-5,2,0.00085251,major,exodus,main
accent_count,5,42,7-5-3-5-6,2,0.00085251,major,exodus,main
accent_count,5,43,5-3-5-6-14,2,0.00085251,major,exodus,main
accent_count,5,44,3-5-6-14-5,2,0.00085251,major,exodus,main
accent_count,5,45,3-10-3-3-5,2,0.00085251,major,exodus,main
accent_count,5,46,10-3-3-5-1,2,0.00085251,major,exodus,main
accent_count,5,47,3-3-5-1-9,2,0.00085251,major,exodus,main
accent_count,5,48,5-10-8-3-9,2,0.00085251,major,exodus,main
accent_count,5,49,6-2-3-2-3,2,0.00085251,major,exodus,main
accent_count,5,50,2-3-2-3-5,2,0.00085251,major,exodus,main
accent_count,6,1,4-6-5-4-6-3,2,0.00085288,major,exodus,main
accent_count,6,2,4-7-4-5-5-4,2,0.00085288,major,exodus,main
accent_count,6,3,7-4-5-5-4-5,2,0.00085288,major,exodus,main
accent_count,6,4,4-5-5-4-5-8,2,0.00085288,major,exodus,main
accent_count,6,5,5-5-4-5-8-4,2,0.00085288,major,exodus,main
accent_count,6,6,5-4-5-8-4-4,2,0.00085288,major,exodus,main
accent_count,6,7,4-5-8-4-4-7,2,0.00085288,major,exodus,main
accent_count,6,8,5-8-4-4-7-2,2,0.00085288,major,exodus,main
accent_count,6,9,4-10-4-10-14-5,2,0.00085288,major,exodus,main
accent_count,6,10,10-4-10-14-5-3,2,0.00085288,major,exodus,main
accent_count,6,11,4-10-14-5-3-3,2,0.00085288,major,exodus,main
accent_count,6,12,5-9-7-13-4-4,2,0.00085288,major,exodus,main
accent_count,6,13,9-7-13-4-4-8,2,0.00085288,major,exodus,main
accent_count,6,14,7-13-4-4-8-5,2,0.00085288,major,exodus,main
accent_count,6,15,6-4-3-3-4-6,2,0.00085288,major,exodus,main
accent_count,6,16,4-3-3-4-6-7,2,0.00085288,major,exodus,main
accent_count,6,17,3-3-4-6-7-5,2,0.00085288,major,exodus,main
accent_count,6,18,3-4-6-7-5-3,2,0.00085288,major,exodus,main
accent_count,6,19,4-6-7-5-3-5,2,0.00085288,major,exodus,main
accent_count,6,20,6-7-5-3-5-6,2,0.00085288,major,exodus,main
accent_count,6,21,7-5-3-5-6-14,2,0.00085288,major,exodus,main
accent_count,6,22,5-3-5-6-14-5,2,0.00085288,major,exodus,main
accent_count,6,23,3-10-3-3-5-1,2,0.00085288,major,exodus,main
accent_count,6,24,10-3-3-5-1-9,2,0.00085288,major,exodus,main
accent_count,6,25,6-2-3-2-3-5,2,0.00085288,major,exodus,main
accent_count,6,26,2-3-2-3-5-4,2,0.00085288,major,exodus,main
accent_count,6,27,5-4-4-2-4-5,2,0.00085288,major,exodus,main
accent_count,6,28,6-5-4-3-4-7,1,0.00042644,major,exodus,main
accent_count,6,29,5-4-3-4-7-3,1,0.00042644,major,exodus,main
accent_count,6,30,4-3-4-7-3-6,1,0.00042644,major,exodus,main
accent_count,6,31,3-4-7-3-6-8,1,0.00042644,major,exodus,main
accent_count,6,32,4-7-3-6-8-3,1,0.00042644,major,exodus,main
accent_count,6,33,7-3-6-8-3-4,1,0.00042644,major,exodus,main
accent_count,6,34,3-6-8-3-4-4,1,0.00042644,major,exodus,main
accent_count,6,35,6-8-3-4-4-2,1,0.00042644,major,exodus,main
accent_count,6,36,8-3-4-4-2-7,1,0.00042644,major,exodus,main
accent_count,6,37,3-4-4-2-7-3,1,0.00042644,major,exodus,main
accent_count,6,38,4-4-2-7-3-11,1,0.00042644,major,exodus,main
accent_count,6,39,4-2-7-3-11-7,1,0.00042644,major,exodus,main
accent_count,6,40,2-7-3-11-7-6,1,0.00042644,major,exodus,main
accent_count,6,41,7-3-11-7-6-7,1,0.00042644,major,exodus,main
accent_count,6,42,3-11-7-6-7-4,1,0.00042644,major,exodus,main
accent_count,6,43,11-7-6-7-4-5,1,0.00042644,major,exodus,main
accent_count,6,44,7-6-7-4-5-8,1,0.00042644,major,exodus,main
accent_count,6,45,6-7-4-5-8-5,1,0.00042644,major,exodus,main
accent_count,6,46,7-4-5-8-5-5,1,0.00042644,major,exodus,main
accent_count,6,47,4-5-8-5-5-7,1,0.00042644,major,exodus,main
accent_count,6,48,5-8-5-5-7-5,1,0.00042644,major,exodus,main
accent_count,6,49,8-5-5-7-5-7,1,0.00042644,major,exodus,main
accent_count,6,50,5-5-7-5-7-10,1,0.00042644,major,exodus,main
word_count,2,1,3-3,330,0.07320319,minor,exodus,main
word_count,2,2,2-3,267,0.05922804,minor,exodus,main
word_count,2,3,3-4,259,0.05745342,minor,exodus,main
word_count,2,4,3-2,243,0.05390417,minor,exodus,main
word_count,2,5,4-3,237,0.0525732,minor,exodus,main
word_count,2,6,4-4,229,0.05079858,minor,exodus,main
word_count,2,7,2-2,172,0.03815439,minor,exodus,main
word_count,2,8,4-2,167,0.03704525,minor,exodus,main
word_count,2,9,5-3,159,0.03527063,minor,exodus,main
word_count,2,10,2-4,154,0.03416149,minor,exodus,main
word_count,2,11,4-5,138,0.03061224,minor,exodus,main
word_count,2,12,3-5,137,0.03039042,minor,exodus,main
word_count,2,13,5-4,125,0.02772848,minor,exodus,main
word_count,2,14,1-3,106,0.02351375,minor,exodus,main
word_count,2,15,2-5,101,0.02240461,minor,exodus,main
word_count,2,16,3-1,98,0.02173913,minor,exodus,main
word_count,2,17,5-2,98,0.02173913,minor,exodus,main
word_count,2,18,5-5,94,0.02085182,minor,exodus,main
word_count,2,19,3-6,80,0.01774623,minor,exodus,main
word_count,2,20,4-1,75,0.01663709,minor,exodus,main
word_count,2,21,1-4,73,0.01619343,minor,exodus,main
word_count,2,22,6-4,72,0.01597161,minor,exodus,main
word_count,2,23,4-6,64,0.01419698,minor,exodus,main
word_count,2,24,6-3,63,0.01397516,minor,exodus,main
word_count,2,25,6-2,46,0.01020408,minor,exodus,main
word_count,2,26,5-6,45,0.00998225,minor,exodus,main
word_count,2,27,1-2,44,0.00976043,minor,exodus,main
word_count,2,28,2-6,42,0.00931677,minor,exodus,main
word_count,2,29,6-5,40,0.00887311,minor,exodus,main
word_count,2,30,3-7,39,0.00865129,minor,exodus,main
word_count,2,31,7-3,38,0.00842946,minor,exodus,main
word_count,2,32,2-1,37,0.00820763,minor,exodus,main
word_count,2,33,4-7,37,0.00820763,minor,exodus,main
word_count,2,34,7-4,37,0.00820763,minor,exodus,main
word_count,2,35,5-1,32,0.00709849,minor,exodus,main
word_count,2,36,6-6,27,0.00598935,minor,exodus,main
word_count,2,37,2-7,27,0.00598935,minor,exodus,main
word_count,2,38,1-5,26,0.00576752,minor,exodus,main
word_count,2,39,7-2,25,0.0055457,minor,exodus,main
word_count,2,40,7-5,23,0.00510204,minor,exodus,main
word_count,2,41,5-7,20,0.00443656,minor,exodus,main
word_count,2,42,3-8,19,0.00421473,minor,exodus,main
word_count,2,43,6-1,19,0.00421473,minor,exodus,main
word_count,2,44,1-6,17,0.00377107,minor,exodus,main
word_count,2,45,7-1,17,0.00377107,minor,exodus,main
word_count,2,46,8-5,16,0.00354925,minor,exodus,main
word_count,2,47,8-3,14,0.00310559,minor,exodus,main
word_count,2,48,4-8,13,0.00288376,minor,exodus,main
word_count,2,49,6-7,13,0.00288376,minor,exodus,main
word_count,2,50,1-7,12,0.00266193,minor,exodus,main
word_count,3,1,3-3-3,103,0.02285334,minor,exodus,main
word_count,3,2,3-2-3,82,0.01819392,minor,exodus,main
word_count,3,3,3-4-3,73,0.01619703,minor,exodus,main
word_count,3,4,2-3-4,68,0.01508764,minor,exodus,main
word_count,3,5,4-3-3,68,0.01508764,minor,exodus,main
word_count,3,6,2-3-3,65,0.01442201,minor,exodus,main
word_count,3,7,3-3-2,64,0.01420013,minor,exodus,main
word_count,3,8,2-2-3,61,0.0135345,minor,exodus,main
word_count,3,9,2-3-2,61,0.0135345,minor,exodus,main
word_count,3,10,3-4-4,61,0.0135345,minor,exodus,main
word_count,3,11,4-3-4,56,0.01242512,minor,exodus,main
word_count,3,12,4-4-3,53,0.01175949,minor,exodus,main
word_count,3,13,4-4-4,53,0.01175949,minor,exodus,main
word_count,3,14,4-2-3,51,0.01131573,minor,exodus,main
word_count,3,15,3-2-2,48,0.0106501,minor,exodus,main
word_count,3,16,3-3-4,47,0.01042822,minor,exodus,main
word_count,3,17,3-1-3,46,0.01020635,minor,exodus,main
word_count,3,18,3-2-4,43,0.00954071,minor,exodus,main
word_count,3,19,3-3-5,42,0.00931884,minor,exodus,main
word_count,3,20,3-5-4,41,0.00909696,minor,exodus,main
word_count,3,21,4-4-2,40,0.00887508,minor,exodus,main
word_count,3,22,3-4-2,39,0.00865321,minor,exodus,main
word_count,3,23,3-5-3,39,0.00865321,minor,exodus,main
word_count,3,24,5-3-3,39,0.00865321,minor,exodus,main
word_count,3,25,4-2-2,38,0.00843133,minor,exodus,main
word_count,3,26,4-3-2,37,0.00820945,minor,exodus,main
word_count,3,27,5-2-3,37,0.00820945,minor,exodus,main
word_count,3,28,4-5-3,37,0.00820945,minor,exodus,main
word_count,3,29,5-4-4,36,0.00798757,minor,exodus,main
word_count,3,30,4-2-4,36,0.00798757,minor,exodus,main
word_count,3,31,3-4-5,35,0.0077657,minor,exodus,main
word_count,3,32,5-3-2,35,0.0077657,minor,exodus,main
word_count,3,33,4-4-5,35,0.0077657,minor,exodus,main
word_count,3,34,2-4-3,34,0.00754382,minor,exodus,main
word_count,3,35,2-4-4,34,0.00754382,minor,exodus,main
word_count,3,36,2-2-2,33,0.00732194,minor,exodus,main
word_count,3,37,2-2-4,32,0.00710007,minor,exodus,main
word_count,3,38,3-3-1,31,0.00687819,minor,exodus,main
word_count,3,39,3-2-5,31,0.00687819,minor,exodus,main
word_count,3,40,2-3-5,28,0.00621256,minor,exodus,main
word_count,3,41,2-4-2,28,0.00621256,minor,exodus,main
word_count,3,42,2-5-3,27,0.00599068,minor,exodus,main
word_count,3,43,5-3-4,27,0.00599068,minor,exodus,main
word_count,3,44,5-4-3,26,0.0057688,minor,exodus,main
word_count,3,45,4-5-4,26,0.0057688,minor,exodus,main
word_count,3,46,2-4-5,25,0.00554693,minor,exodus,main
word_count,3,47,4-3-1,24,0.00532505,minor,exodus,main
word_count,3,48,2-2-5,24,0.00532505,minor,exodus,main
word_count,3,49,4-1-4,24,0.00532505,minor,exodus,main
word_count,3,50,1-3-4,24,0.00532505,minor,exodus,main
word_count,4,1,3-3-3-3,33,0.00732357,minor,exodus,main
word_count,4,2,3-4-3-3,26,0.00577008,minor,exodus,main
word_count,4,3,3-2-3-4,24,0.00532623,minor,exodus,main
word_count,4,4,3-3-3-2,23,0.00510431,minor,exodus,main
word_count,4,5,2-3-3-3,23,0.00510431,minor,exodus,main
word_count,4,6,2-3-2-3,23,0.00510431,minor,exodus,main
word_count,4,7,3-2-3-3,21,0.00466045,minor,exodus,main
word_count,4,8,3-4-4-4,20,0.00443853,minor,exodus,main
word_count,4,9,4-3-3-4,20,0.00443853,minor,exodus,main
word_count,4,10,3-3-4-3,19,0.0042166,minor,exodus,main
word_count,4,11,3-4-3-4,19,0.0042166,minor,exodus,main
word_count,4,12,4-4-3-3,19,0.0042166,minor,exodus,main
word_count,4,13,3-2-2-3,18,0.00399467,minor,exodus,main
word_count,4,14,3-2-3-2,18,0.00399467,minor,exodus,main
word_count,4,15,2-2-3-2,17,0.00377275,minor,exodus,main
word_count,4,16,2-2-3-4,17,0.00377275,minor,exodus,main
word_count,4,17,2-3-4-3,17,0.00377275,minor,exodus,main
word_count,4,18,3-3-2-2,17,0.00377275,minor,exodus,main
word_count,4,19,3-3-2-3,16,0.00355082,minor,exodus,main
word_count,4,20,2-3-4-4,16,0.00355082,minor,exodus,main
word_count,4,21,4-3-3-3,16,0.00355082,minor,exodus,main
word_count,4,22,4-2-3-4,15,0.00332889,minor,exodus,main
word_count,4,23,3-3-5-3,15,0.00332889,minor,exodus,main
word_count,4,24,4-4-4-3,15,0.00332889,minor,exodus,main
word_count,4,25,5-3-3-3,15,0.00332889,minor,exodus,main
word_count,4,26,3-4-4-3,14,0.00310697,minor,exodus,main
word_count,4,27,4-2-3-3,14,0.00310697,minor,exodus,main
word_count,4,28,4-3-4-3,14,0.00310697,minor,exodus,main
word_count,4,29,4-3-2-3,14,0.00310697,minor,exodus,main
word_count,4,30,3-3-2-4,14,0.00310697,minor,exodus,main
word_count,4,31,3-3-3-5,14,0.00310697,minor,exodus,main
word_count,4,32,4-2-4-3,13,0.00288504,minor,exodus,main
word_count,4,33,4-4-2-3,13,0.00288504,minor,exodus,main
word_count,4,34,3-4-2-3,13,0.00288504,minor,exodus,main
word_count,4,35,4-3-3-2,13,0.00288504,minor,exodus,main
word_count,4,36,2-3-2-2,12,0.00266312,minor,exodus,main
word_count,4,37,4-4-3-4,12,0.00266312,minor,exodus,main
word_count,4,38,5-3-2-3,12,0.00266312,minor,exodus,main
word_count,4,39,3-3-3-1,12,0.00266312,minor,exodus,main
word_count,4,40,3-3-1-3,12,0.00266312,minor,exodus,main
word_count,4,41,2-3-1-3,12,0.00266312,minor,exodus,main
word_count,4,42,2-2-2-3,12,0.00266312,minor,exodus,main
word_count,4,43,3-5-4-3,12,0.00266312,minor,exodus,main
word_count,4,44,4-2-2-3,12,0.00266312,minor,exodus,main
word_count,4,45,2-2-3-3,12,0.00266312,minor,exodus,main
word_count,4,46,3-2-4-3,11,0.00244119,minor,exodus,main
word_count,4,47,3-4-2-4,11,0.00244119,minor,exodus,main
word_count,4,48,2-3-3-2,11,0.00244119,minor,exodus,main
word_count,4,49,4-4-4-5,11,0.00244119,minor,exodus,main
word_count,4,50,3-2-4-4,11,0.00244119,minor,exodus,main
word_count,5,1,2-3-3-3-3,13,0.00288568,minor,exodus,main
word_count,5,2,3-2-3-2-3,11,0.00244173,minor,exodus,main
word_count,5,3,3-3-3-3-2,11,0.00244173,minor,exodus,main
word_count,5,4,2-3-4-3-4,9,0.00199778,minor,exodus,main
word_count,5,5,3-4-3-3-4,9,0.00199778,minor,exodus,main
word_count,5,6,4-3-3-4-3,8,0.0017758,minor,exodus,main
word_count,5,7,3-3-3-2-2,8,0.0017758,minor,exodus,main
word_count,5,8,2-3-2-3-4,8,0.0017758,minor,exodus,main
word_count,5,9,3-2-2-3-2,7,0.00155383,minor,exodus,main
word_count,5,10,4-2-3-3-3,7,0.00155383,minor,exodus,main
word_count,5,11,4-3-2-3-4,7,0.00155383,minor,exodus,main
word_count,5,12,3-3-4-3-3,7,0.00155383,minor,exodus,main
word_count,5,13,4-4-3-3-3,7,0.00155383,minor,exodus,main
word_count,5,14,2-2-3-4-4,7,0.00155383,minor,exodus,main
word_count,5,15,3-2-3-4-3,7,0.00155383,minor,exodus,main
word_count,5,16,2-3-2-3-2,7,0.00155383,minor,exodus,main
word_count,5,17,5-4-4-4-3,7,0.00155383,minor,exodus,main
word_count,5,18,4-3-3-3-3,7,0.00155383,minor,exodus,main
word_count,5,19,5-3-2-3-3,6,0.00133185,minor,exodus,main
word_count,5,20,2-3-4-4-4,6,0.00133185,minor,exodus,main
word_count,5,21,3-4-3-4-3,6,0.00133185,minor,exodus,main
word_count,5,22,3-3-3-3-3,6,0.00133185,minor,exodus,main
word_count,5,23,4-4-2-3-4,6,0.00133185,minor,exodus,main
word_count,5,24,4-3-3-4-4,6,0.00133185,minor,exodus,main
word_count,5,25,3-3-3-2-4,6,0.00133185,minor,exodus,main
word_count,5,26,3-2-3-3-3,6,0.00133185,minor,exodus,main
word_count,5,27,3-4-3-3-2,6,0.00133185,minor,exodus,main
word_count,5,28,3-3-3-5-3,6,0.00133185,minor,exodus,main
word_count,5,29,2-2-3-2-2,5,0.00110988,minor,exodus,main
word_count,5,30,2-3-2-2-3,5,0.00110988,minor,exodus,main
word_count,5,31,3-4-2-4-3,5,0.00110988,minor,exodus,main
word_count,5,32,4-2-4-3-4,5,0.00110988,minor,exodus,main
word_count,5,33,3-2-3-3-2,5,0.00110988,minor,exodus,main
word_count,5,34,3-2-3-4-4,5,0.00110988,minor,exodus,main
word_count,5,35,4-4-4-5-3,5,0.00110988,minor,exodus,main
word_count,5,36,3-3-3-1-3,5,0.00110988,minor,exodus,main
word_count,5,37,4-4-2-4-3,5,0.00110988,minor,exodus,main
word_count,5,38,3-4-4-3-3,5,0.00110988,minor,exodus,main
word_count,5,39,3-3-2-2-3,5,0.00110988,minor,exodus,main
word_count,5,40,4-4-3-3-4,5,0.00110988,minor,exodus,main
word_count,5,41,2-3-4-4-2,5,0.00110988,minor,exodus,main
word_count,5,42,3-4-4-2-3,5,0.00110988,minor,exodus,main
word_count,5,43,1-3-4-4-4,5,0.00110988,minor,exodus,main
word_count,5,44,2-3-5-4-3,5,0.00110988,minor,exodus,main
word_count,5,45,2-2-3-3-3,5,0.00110988,minor,exodus,main
word_count,5,46,3-4-2-3-3,5,0.00110988,minor,exodus,main
word_count,5,47,3-3-2-3-2,5,0.00110988,minor,exodus,main
word_count,5,48,2-4-5-3-3,5,0.00110988,minor,exodus,main
word_count,5,49,3-3-1-3-4,5,0.00110988,minor,exodus,main
word_count,5,50,3-2-3-1-3,5,0.00110988,minor,exodus,main
word_count,6,1,3-2-3-2-3-4,6,0.00133215,minor,exodus,main
word_count,6,2,2-3-3-3-3-2,6,0.00133215,minor,exodus,main
word_count,6,3,3-4-3-3-4-3,5,0.00111012,minor,exodus,main
word_count,6,4,3-3-2-3-2-3,5,0.00111012,minor,exodus,main
word_count,6,5,1-3-2-2-3-2,4,0.0008881,minor,exodus,main
word_count,6,6,2-2-3-2-2-3,4,0.0008881,minor,exodus,main
word_count,6,7,2-3-4-3-4-3,4,0.0008881,minor,exodus,main
word_count,6,8,4-3-3-4-3-3,4,0.0008881,minor,exodus,main
word_count,6,9,3-3-4-3-3-4,4,0.0008881,minor,exodus,main
word_count,6,10,3-2-3-4-3-4,4,0.0008881,minor,exodus,main
word_count,6,11,5-4-4-4-3-3,4,0.0008881,minor,exodus,main
word_count,6,12,3-2-2-3-2-3,4,0.0008881,minor,exodus,main
word_count,6,13,3-3-3-2-2-2,4,0.0008881,minor,exodus,main
word_count,6,14,2-3-2-3-4-3,4,0.0008881,minor,exodus,main
word_count,6,15,2-3-2-3-2-3,4,0.0008881,minor,exodus,main
word_count,6,16,3-4-4-2-3-4,4,0.0008881,minor,exodus,main
word_count,6,17,5-3-2-3-3-2,3,0.00066607,minor,exodus,main
word_count,6,18,3-4-4-4-5-3,3,0.00066607,minor,exodus,main
word_count,6,19,4-2-3-3-3-3,3,0.00066607,minor,exodus,main
word_count,6,20,4-3-2-3-4-4,3,0.00066607,minor,exodus,main
word_count,6,21,3-2-3-4-4-5,3,0.00066607,minor,exodus,main
word_count,6,22,4-4-2-3-4-3,3,0.00066607,minor,exodus,main
word_count,6,23,3-4-3-4-2-2,3,0.00066607,minor,exodus,main
word_count,6,24,3-2-4-2-3-3,3,0.00066607,minor,exodus,main
word_count,6,25,4-3-4-1-4-2,3,0.00066607,minor,exodus,main
word_count,6,26,2-3-4-4-2-3,3,0.00066607,minor,exodus,main
word_count,6,27,2-2-2-2-3-2,3,0.00066607,minor,exodus,main
word_count,6,28,2-2-2-3-2-2,3,0.00066607,minor,exodus,main
word_count,6,29,4-2-2-3-3-3,3,0.00066607,minor,exodus,main
word_count,6,30,2-2-3-3-3-3,3,0.00066607,minor,exodus,main
word_count,6,31,3-2-3-2-3-3,3,0.00066607,minor,exodus,main
word_count,6,32,3-2-3-4-2-3,3,0.00066607,minor,exodus,main
word_count,6,33,2-3-4-2-3-3,3,0.00066607,minor,exodus,main
word_count,6,34,3-4-2-3-3-1,3,0.00066607,minor,exodus,main
word_count,6,35,3-3-3-3-2-4,3,0.00066607,minor,exodus,main
word_count,6,36,4-4-2-2-3-4,3,0.00066607,minor,exodus,main
word_count,6,37,5-3-3-2-3-1,3,0.00066607,minor,exodus,main
word_count,6,38,3-3-2-3-1-3,3,0.00066607,minor,exodus,main
word_count,6,39,4-4-4-3-3-3,3,0.00066607,minor,exodus,main
word_count,6,40,3-1-3-2-2-3,3,0.00066607,minor,exodus,main
word_count,6,41,4-3-3-3-3-3,3,0.00066607,minor,exodus,main
word_count,6,42,2-3-1-3-2-3,3,0.00066607,minor,exodus,main
word_count,6,43,2-2-5-4-4-4,3,0.00066607,minor,exodus,main
word_count,6,44,2-5-4-4-4-3,3,0.00066607,minor,exodus,main
word_count,6,45,4-5-5-5-2-3,3,0.00066607,minor,exodus,main
word_count,6,46,3-3-5-3-4-4,3,0.00066607,minor,exodus,main
word_count,6,47,3-4-4-3-4-3,3,0.00066607,minor,exodus,main
word_count,6,48,4-4-3-4-3-3,3,0.00066607,minor,exodus,main
word_count,6,49,5-5-2-3-3-3,3,0.00066607,minor,exodus,main
word_count,6,50,5-2-3-3-3-3,3,0.00066607,minor,exodus,main
pulse_count,2,1,6-7,102,0.02262644,minor,exodus,main
pulse_count,2,2,7-7,95,0.02107365,minor,exodus,main
pulse_count,2,3,6-6,78,0.01730257,minor,exodus,main
pulse_count,2,4,7-6,72,0.01597161,minor,exodus,main
pulse_count,2,5,7-8,69,0.01530612,minor,exodus,main
pulse_count,2,6,7-9,67,0.01486247,minor,exodus,main
pulse_count,2,7,8-8,67,0.01486247,minor,exodus,main
pulse_count,2,8,8-6,64,0.01419698,minor,exodus,main
pulse_count,2,9,6-8,64,0.01419698,minor,exodus,main
pulse_count,2,10,5-6,62,0.01375333,minor,exodus,main
pulse_count,2,11,9-6,61,0.0135315,minor,exodus,main
pulse_count,2,12,7-5,61,0.0135315,minor,exodus,main
pulse_count,2,13,5-7,60,0.01330967,minor,exodus,main
pulse_count,2,14,6-9,57,0.01264419,minor,exodus,main
pulse_count,2,15,8-9,57,0.01264419,minor,exodus,main
pulse_count,2,16,8-7,56,0.01242236,minor,exodus,main
pulse_count,2,17,6-5,54,0.0119787,minor,exodus,main
pulse_count,2,18,8-11,51,0.01131322,minor,exodus,main
pulse_count,2,19,9-7,50,0.01109139,minor,exodus,main
pulse_count,2,20,9-8,49,0.01086957,minor,exodus,main
pulse_count,2,21,9-5,48,0.01064774,minor,exodus,main
pulse_count,2,22,8-5,48,0.01064774,minor,exodus,main
pulse_count,2,23,10-7,48,0.01064774,minor,exodus,main
pulse_count,2,24,7-10,48,0.01064774,minor,exodus,main
pulse_count,2,25,5-8,47,0.01042591,minor,exodus,main
pulse_count,2,26,4-6,44,0.00976043,minor,exodus,main
pulse_count,2,27,10-8,43,0.0095386,minor,exodus,main
pulse_count,2,28,10-6,43,0.0095386,minor,exodus,main
pulse_count,2,29,8-10,43,0.0095386,minor,exodus,main
pulse_count,2,30,7-11,43,0.0095386,minor,exodus,main
pulse_count,2,31,5-9,43,0.0095386,minor,exodus,main
pulse_count,2,32,5-5,40,0.00887311,minor,exodus,main
pulse_count,2,33,11-9,36,0.0079858,minor,exodus,main
pulse_count,2,34,9-9,34,0.00754215,minor,exodus,main
pulse_count,2,35,6-10,34,0.00754215,minor,exodus,main
pulse_count,2,36,5-10,33,0.00732032,minor,exodus,main
pulse_count,2,37,11-6,33,0.00732032,minor,exodus,main
pulse_count,2,38,11-7,33,0.00732032,minor,exodus,main
pulse_count,2,39,10-9,32,0.00709849,minor,exodus,main
pulse_count,2,40,7-4,32,0.00709849,minor,exodus,main
pulse_count,2,41,6-11,32,0.00709849,minor,exodus,main
pulse_count,2,42,9-10,32,0.00709849,minor,exodus,main
pulse_count,2,43,8-4,32,0.00709849,minor,exodus,main
pulse_count,2,44,4-7,31,0.00687666,minor,exodus,main
pulse_count,2,45,11-8,30,0.00665484,minor,exodus,main
pulse_count,2,46,12-7,29,0.00643301,minor,exodus,main
pulse_count,2,47,3-7,29,0.00643301,minor,exodus,main
pulse_count,2,48,6-4,29,0.00643301,minor,exodus,main
pulse_count,2,49,3-6,29,0.00643301,minor,exodus,main
pulse_count,2,50,4-5,28,0.00621118,minor,exodus,main
pulse_count,3,1,6-7-7,19,0.00421566,minor,exodus,main
pulse_count,3,2,8-6-7,16,0.00355003,minor,exodus,main
pulse_count,3,3,6-6-7,15,0.00332816,minor,exodus,main
pulse_count,3,4,7-7-7,15,0.00332816,minor,exodus,main
pulse_count,3,5,6-7-6,13,0.0028844,minor,exodus,main
pulse_count,3,6,8-9-5,13,0.0028844,minor,exodus,main
pulse_count,3,7,7-6-7,13,0.0028844,minor,exodus,main
pulse_count,3,8,7-8-8,13,0.0028844,minor,exodus,main
pulse_count,3,9,6-7-9,13,0.0028844,minor,exodus,main
pulse_count,3,10,6-6-6,13,0.0028844,minor,exodus,main
pulse_count,3,11,5-6-7,12,0.00266252,minor,exodus,main
pulse_count,3,12,6-9-8,12,0.00266252,minor,exodus,main
pulse_count,3,13,7-7-10,12,0.00266252,minor,exodus,main
pulse_count,3,14,7-5-6,12,0.00266252,minor,exodus,main
pulse_count,3,15,7-7-8,11,0.00244065,minor,exodus,main
pulse_count,3,16,7-8-7,11,0.00244065,minor,exodus,main
pulse_count,3,17,5-7-6,11,0.00244065,minor,exodus,main
pulse_count,3,18,6-7-5,11,0.00244065,minor,exodus,main
pulse_count,3,19,7-8-6,11,0.00244065,minor,exodus,main
pulse_count,3,20,9-7-7,11,0.00244065,minor,exodus,main
pulse_count,3,21,9-6-5,10,0.00221877,minor,exodus,main
pulse_count,3,22,7-7-4,10,0.00221877,minor,exodus,main
pulse_count,3,23,7-9-6,10,0.00221877,minor,exodus,main
pulse_count,3,24,7-6-6,10,0.00221877,minor,exodus,main
pulse_count,3,25,9-5-7,10,0.00221877,minor,exodus,main
pulse_count,3,26,7-10-6,10,0.00221877,minor,exodus,main
pulse_count,3,27,5-6-6,10,0.00221877,minor,exodus,main
pulse_count,3,28,8-8-8,10,0.00221877,minor,exodus,main
pulse_count,3,29,7-10-7,10,0.00221877,minor,exodus,main
pulse_count,3,30,11-6-7,9,0.00199689,minor,exodus,main
pulse_count,3,31,6-7-8,9,0.00199689,minor,exodus,main
pulse_count,3,32,9-7-9,9,0.00199689,minor,exodus,main
pulse_count,3,33,10-8-8,9,0.00199689,minor,exodus,main
pulse_count,3,34,6-6-9,9,0.00199689,minor,exodus,main
pulse_count,3,35,8-8-6,9,0.00199689,minor,exodus,main
pulse_count,3,36,7-7-5,9,0.00199689,minor,exodus,main
pulse_count,3,37,7-7-6,9,0.00199689,minor,exodus,main
pulse_count,3,38,10-6-6,9,0.00199689,minor,exodus,main
pulse_count,3,39,8-11-10,9,0.00199689,minor,exodus,main
pulse_count,3,40,9-6-6,9,0.00199689,minor,exodus,main
pulse_count,3,41,12-7-6,9,0.00199689,minor,exodus,main
pulse_count,3,42,5-9-6,9,0.00199689,minor,exodus,main
pulse_count,3,43,9-9-6,8,0.00177502,minor,exodus,main
pulse_count,3,44,9-6-9,8,0.00177502,minor,exodus,main
pulse_count,3,45,9-8-11,8,0.00177502,minor,exodus,main
pulse_count,3,46,6-5-7,8,0.00177502,minor,exodus,main
pulse_count,3,47,8-9-7,8,0.00177502,minor,exodus,main
pulse_count,3,48,9-7-8,8,0.00177502,minor,exodus,main
pulse_count,3,49,8-8-5,8,0.00177502,minor,exodus,main
pulse_count,3,50,5-6-9,8,0.00177502,minor,exodus,main
pulse_count,4,1,11-6-7-7,5,0.00110963,minor,exodus,main
pulse_count,4,2,5-7-6-7,5,0.00110963,minor,exodus,main
pulse_count,4,3,6-7-7-7,5,0.00110963,minor,exodus,main
pulse_count,4,4,8-8-6-7,4,0.00088771,minor,exodus,main
pulse_count,4,5,13-7-8-7,4,0.00088771,minor,exodus,main
pulse_count,4,6,10-5-8-9,4,0.00088771,minor,exodus,main
pulse_count,4,7,7-10-6-8,4,0.00088771,minor,exodus,main
pulse_count,4,8,8-6-7-9,4,0.00088771,minor,exodus,main
pulse_count,4,9,7-5-5-10,4,0.00088771,minor,exodus,main
pulse_count,4,10,5-6-7-7,4,0.00088771,minor,exodus,main
pulse_count,4,11,7-6-7-10,4,0.00088771,minor,exodus,main
pulse_count,4,12,6-6-10-6,4,0.00088771,minor,exodus,main
pulse_count,4,13,6-7-7-4,3,0.00066578,minor,exodus,main
pulse_count,4,14,9-6-9-8,3,0.00066578,minor,exodus,main
pulse_count,4,15,6-9-8-6,3,0.00066578,minor,exodus,main
pulse_count,4,16,7-9-6-11,3,0.00066578,minor,exodus,main
pulse_count,4,17,6-6-7-7,3,0.00066578,minor,exodus,main
pulse_count,4,18,6-7-7-8,3,0.00066578,minor,exodus,main
pulse_count,4,19,7-9-8-11,3,0.00066578,minor,exodus,main
pulse_count,4,20,4-8-9-5,3,0.00066578,minor,exodus,main
pulse_count,4,21,8-9-5-8,3,0.00066578,minor,exodus,main
pulse_count,4,22,6-7-6-7,3,0.00066578,minor,exodus,main
pulse_count,4,23,8-9-7-8,3,0.00066578,minor,exodus,main
pulse_count,4,24,8-8-10-7,3,0.00066578,minor,exodus,main
pulse_count,4,25,6-8-9-4,3,0.00066578,minor,exodus,main
pulse_count,4,26,5-8-10-8,3,0.00066578,minor,exodus,main
pulse_count,4,27,7-7-5-8,3,0.00066578,minor,exodus,main
pulse_count,4,28,7-9-11-7,3,0.00066578,minor,exodus,main
pulse_count,4,29,9-7-7-6,3,0.00066578,minor,exodus,main
pulse_count,4,30,5-7-10-6,3,0.00066578,minor,exodus,main
pulse_count,4,31,6-11-3-8,3,0.00066578,minor,exodus,main
pulse_count,4,32,6-6-6-6,3,0.00066578,minor,exodus,main
pulse_count,4,33,7-7-6-6,3,0.00066578,minor,exodus,main
pulse_count,4,34,6-7-9-6,3,0.00066578,minor,exodus,main
pulse_count,4,35,7-7-4-8,3,0.00066578,minor,exodus,main
pulse_count,4,36,9-5-8-5,3,0.00066578,minor,exodus,main
pulse_count,4,37,8-6-7-5,3,0.00066578,minor,exodus,main
pulse_count,4,38,12-8-5-7,3,0.00066578,minor,exodus,main
pulse_count,4,39,5-7-5-5,3,0.00066578,minor,exodus,main
pulse_count,4,40,6-7-7-5,3,0.00066578,minor,exodus,main
pulse_count,4,41,5-6-3-5,3,0.00066578,minor,exodus,main
pulse_count,4,42,10-8-8-8,3,0.00066578,minor,exodus,main
pulse_count,4,43,4-6-11-6,3,0.00066578,minor,exodus,main
pulse_count,4,44,10-7-8-8,3,0.00066578,minor,exodus,main
pulse_count,4,45,8-9-5-7,3,0.00066578,minor,exodus,main
pulse_count,4,46,7-7-8-8,3,0.00066578,minor,exodus,main
pulse_count,4,47,9-7-7-8,3,0.00066578,minor,exodus,main
pulse_count,4,48,7-8-2-3,3,0.00066578,minor,exodus,main
pulse_count,4,49,7-9-7-7,3,0.00066578,minor,exodus,main
pulse_count,4,50,8-4-6-6,3,0.00066578,minor,exodus,main
pulse_count,5,1,11-6-7-7-4,3,0.00066593,minor,exodus,main
pulse_count,5,2,7-5-7-6-7,3,0.00066593,minor,exodus,main
pulse_count,5,3,5-7-6-7-10,3,0.00066593,minor,exodus,main
pulse_count,5,4,7-9-6-9-8,2,0.00044395,minor,exodus,main
pulse_count,5,5,4-6-6-7-7,2,0.00044395,minor,exodus,main
pulse_count,5,6,10-4-8-9-5,2,0.00044395,minor,exodus,main
pulse_count,5,7,3-6-8-3-8,2,0.00044395,minor,exodus,main
pulse_count,5,8,6-5-8-10-8,2,0.00044395,minor,exodus,main
pulse_count,5,9,11-7-9-11-7,2,0.00044395,minor,exodus,main
pulse_count,5,10,6-11-3-8-10,2,0.00044395,minor,exodus,main
pulse_count,5,11,6-7-9-6-11,2,0.00044395,minor,exodus,main
pulse_count,5,12,8-8-6-7-9,2,0.00044395,minor,exodus,main
pulse_count,5,13,5-7-5-5-10,2,0.00044395,minor,exodus,main
pulse_count,5,14,7-9-2-6-10,2,0.00044395,minor,exodus,main
pulse_count,5,15,10-5-7-6-7,2,0.00044395,minor,exodus,main
pulse_count,5,16,8-10-5-8-9,2,0.00044395,minor,exodus,main
pulse_count,5,17,3-7-5-3-6,2,0.00044395,minor,exodus,main
pulse_count,5,18,7-11-8-12-7,2,0.00044395,minor,exodus,main
pulse_count,5,19,7-14-4-6-4,2,0.00044395,minor,exodus,main
pulse_count,5,20,6-6-9-9-9,2,0.00044395,minor,exodus,main
pulse_count,5,21,12-10-7-8-8,2,0.00044395,minor,exodus,main
pulse_count,5,22,4-7-4-6-6,2,0.00044395,minor,exodus,main
pulse_count,5,23,5-7-6-9-8,2,0.00044395,minor,exodus,main
pulse_count,5,24,6-7-7-8-8,2,0.00044395,minor,exodus,main
pulse_count,5,25,5-8-3-5-6,2,0.00044395,minor,exodus,main
pulse_count,5,26,7-7-8-2-3,2,0.00044395,minor,exodus,main
pulse_count,5,27,8-4-6-6-5,2,0.00044395,minor,exodus,main
pulse_count,5,28,6-7-7-7-6,2,0.00044395,minor,exodus,main
pulse_count,5,29,6-4-8-9-7,2,0.00044395,minor,exodus,main
pulse_count,5,30,2-6-2-8-11,2,0.00044395,minor,exodus,main
pulse_count,5,31,8-6-9-3-6,2,0.00044395,minor,exodus,main
pulse_count,5,32,6-5-5-5-6,2,0.00044395,minor,exodus,main
pulse_count,5,33,5-5-5-6-9,2,0.00044395,minor,exodus,main
pulse_count,5,34,6-6-6-6-7,2,0.00044395,minor,exodus,main
pulse_count,5,35,17-5-6-3-5,2,0.00044395,minor,exodus,main
pulse_count,5,36,5-6-3-5-5,2,0.00044395,minor,exodus,main
pulse_count,5,37,6-3-5-5-9,2,0.00044395,minor,exodus,main
pulse_count,5,38,3-5-5-9-6,2,0.00044395,minor,exodus,main
pulse_count,5,39,5-5-9-6-25,2,0.00044395,minor,exodus,main
pulse_count,5,40,5-9-6-25-14,2,0.00044395,minor,exodus,main
pulse_count,5,41,9-6-25-14-7,2,0.00044395,minor,exodus,main
pulse_count,5,42,6-25-14-7-7,2,0.00044395,minor,exodus,main
pulse_count,5,43,25-14-7-7-8,2,0.00044395,minor,exodus,main
pulse_count,5,44,14-7-7-8-4,2,0.00044395,minor,exodus,main
pulse_count,5,45,7-7-8-4-9,2,0.00044395,minor,exodus,main
pulse_count,5,46,7-8-4-9-13,2,0.00044395,minor,exodus,main
pulse_count,5,47,8-4-9-13-13,2,0.00044395,minor,exodus,main
pulse_count,5,48,4-9-13-13-3,2,0.00044395,minor,exodus,main
pulse_count,5,49,9-13-13-3-10,2,0.00044395,minor,exodus,main
pulse_count,5,50,13-13-3-10-6,2,0.00044395,minor,exodus,main
pulse_count,6,1,7-5-7-6-7-10,3,0.00066607,minor,exodus,main
pulse_count,6,2,17-5-6-3-5-5,2,0.00044405,minor,exodus,main
pulse_count,6,3,5-6-3-5-5-9,2,0.00044405,minor,exodus,main
pulse_count,6,4,6-3-5-5-9-6,2,0.00044405,minor,exodus,main
pulse_count,6,5,3-5-5-9-6-25,2,0.00044405,minor,exodus,main
pulse_count,6,6,5-5-9-6-25-14,2,0.00044405,minor,exodus,main
pulse_count,6,7,5-9-6-25-14-7,2,0.00044405,minor,exodus,main
pulse_count,6,8,9-6-25-14-7-7,2,0.00044405,minor,exodus,main
pulse_count,6,9,6-25-14-7-7-8,2,0.00044405,minor,exodus,main
pulse_count,6,10,25-14-7-7-8-4,2,0.00044405,minor,exodus,main
pulse_count,6,11,14-7-7-8-4-9,2,0.00044405,minor,exodus,main
pulse_count,6,12,7-7-8-4-9-13,2,0.00044405,minor,exodus,main
pulse_count,6,13,7-8-4-9-13-13,2,0.00044405,minor,exodus,main
pulse_count,6,14,8-4-9-13-13-3,2,0.00044405,minor,exodus,main
pulse_count,6,15,4-9-13-13-3-10,2,0.00044405,minor,exodus,main
pulse_count,6,16,9-13-13-3-10-6,2,0.00044405,minor,exodus,main
pulse_count,6,17,4-7-5-12-6-9,2,0.00044405,minor,exodus,main
pulse_count,6,18,7-5-12-6-9-6,2,0.00044405,minor,exodus,main
pulse_count,6,19,7-9-7-7-4-5,2,0.00044405,minor,exodus,main
pulse_count,6,20,9-7-7-4-5-4,2,0.00044405,minor,exodus,main
pulse_count,6,21,7-6-2-7-17-18,2,0.00044405,minor,exodus,main
pulse_count,6,22,6-2-7-17-18-14,2,0.00044405,minor,exodus,main
pulse_count,6,23,5-7-6-7-10-7,2,0.00044405,minor,exodus,main
pulse_count,6,24,7-6-7-10-7-8,2,0.00044405,minor,exodus,main
pulse_count,6,25,6-7-10-7-8-6,2,0.00044405,minor,exodus,main
pulse_count,6,26,7-10-7-8-6-5,2,0.00044405,minor,exodus,main
pulse_count,6,27,10-7-8-6-5-11,2,0.00044405,minor,exodus,main
pulse_count,6,28,7-8-6-5-11-7,2,0.00044405,minor,exodus,main
pulse_count,6,29,8-6-5-11-7-6,2,0.00044405,minor,exodus,main
pulse_count,6,30,6-5-11-7-6-6,2,0.00044405,minor,exodus,main
pulse_count,6,31,6-1-8-4-6-8,2,0.00044405,minor,exodus,main
pulse_count,6,32,1-8-4-6-8-6,2,0.00044405,minor,exodus,main
pulse_count,6,33,8-4-6-8-6-7,2,0.00044405,minor,exodus,main
pulse_count,6,34,4-6-8-6-7-5,2,0.00044405,minor,exodus,main
pulse_count,6,35,7-8-2-3-10-8,2,0.00044405,minor,exodus,main
pulse_count,6,36,2-6-5-3-5-4,1,0.00022202,minor,exodus,main
pulse_count,6,37,6-5-3-5-4-5,1,0.00022202,minor,exodus,main
pulse_count,6,38,5-3-5-4-5-10,1,0.00022202,minor,exodus,main
pulse_count,6,39,3-5-4-5-10-8,1,0.00022202,minor,exodus,main
pulse_count,6,40,5-4-5-10-8-3,1,0.00022202,minor,exodus,main
pulse_count,6,41,4-5-10-8-3-13,1,0.00022202,minor,exodus,main
pulse_count,6,42,5-10-8-3-13-9,1,0.00022202,minor,exodus,main
pulse_count,6,43,10-8-3-13-9-9,1,0.00022202,minor,exodus,main
pulse_count,6,44,8-3-13-9-9-6,1,0.00022202,minor,exodus,main
pulse_count,6,45,3-13-9-9-6-5,1,0.00022202,minor,exodus,main
pulse_count,6,46,13-9-9-6-5-15,1,0.00022202,minor,exodus,main
pulse_count,6,47,9-9-6-5-15-8,1,0.00022202,minor,exodus,main
pulse_count,6,48,9-6-5-15-8-11,1,0.00022202,minor,exodus,main
pulse_count,6,49,6-5-15-8-11-8,1,0.00022202,minor,exodus,main
pulse_count,6,50,5-15-8-11-8-6,1,0.00022202,minor,exodus,main
accent_count,2,1,3-3,488,0.108252,minor,exodus,main
accent_count,2,2,3-2,388,0.08606921,minor,exodus,main
accent_count,2,3,2-3,379,0.08407276,minor,exodus,main
accent_count,2,4,2-2,308,0.06832298,minor,exodus,main
accent_count,2,5,4-3,284,0.06299911,minor,exodus,main
accent_count,2,6,3-4,275,0.06100266,minor,exodus,main
accent_count,2,7,2-4,205,0.04547471,minor,exodus,main
accent_count,2,8,4-2,186,0.04125998,minor,exodus,main
accent_count,2,9,4-4,179,0.03970719,minor,exodus,main
accent_count,2,10,1-3,137,0.03039042,minor,exodus,main
accent_count,2,11,3-1,124,0.02750665,minor,exodus,main
accent_count,2,12,5-3,117,0.02595386,minor,exodus,main
accent_count,2,13,3-5,112,0.02484472,minor,exodus,main
accent_count,2,14,4-5,88,0.01952085,minor,exodus,main
accent_count,2,15,5-2,87,0.01929902,minor,exodus,main
accent_count,2,16,2-5,84,0.01863354,minor,exodus,main
accent_count,2,17,5-4,80,0.01774623,minor,exodus,main
accent_count,2,18,1-2,74,0.01641526,minor,exodus,main
accent_count,2,19,2-1,72,0.01597161,minor,exodus,main
accent_count,2,20,4-1,69,0.01530612,minor,exodus,main
accent_count,2,21,1-4,64,0.01419698,minor,exodus,main
accent_count,2,22,3-6,53,0.01175688,minor,exodus,main
accent_count,2,23,6-4,43,0.0095386,minor,exodus,main
accent_count,2,24,2-6,42,0.00931677,minor,exodus,main
accent_count,2,25,4-6,42,0.00931677,minor,exodus,main
accent_count,2,26,6-3,40,0.00887311,minor,exodus,main
accent_count,2,27,6-2,40,0.00887311,minor,exodus,main
accent_count,2,28,5-5,36,0.0079858,minor,exodus,main
accent_count,2,29,3-7,29,0.00643301,minor,exodus,main
accent_count,2,30,7-3,27,0.00598935,minor,exodus,main
accent_count,2,31,5-1,26,0.00576752,minor,exodus,main
accent_count,2,32,7-2,21,0.00465839,minor,exodus,main
accent_count,2,33,6-5,19,0.00421473,minor,exodus,main
accent_count,2,34,7-4,18,0.0039929,minor,exodus,main
accent_count,2,35,1-5,18,0.0039929,minor,exodus,main
accent_count,2,36,6-1,17,0.00377107,minor,exodus,main
accent_count,2,37,1-6,16,0.00354925,minor,exodus,main
accent_count,2,38,4-7,16,0.00354925,minor,exodus,main
accent_count,2,39,5-6,15,0.00332742,minor,exodus,main
accent_count,2,40,2-7,12,0.00266193,minor,exodus,main
accent_count,2,41,3-9,11,0.00244011,minor,exodus,main
accent_count,2,42,8-3,11,0.00244011,minor,exodus,main
accent_count,2,43,5-7,10,0.00221828,minor,exodus,main
accent_count,2,44,7-5,9,0.00199645,minor,exodus,main
accent_count,2,45,6-6,9,0.00199645,minor,exodus,main
accent_count,2,46,6-7,8,0.00177462,minor,exodus,main
accent_count,2,47,3-8,8,0.00177462,minor,exodus,main
accent_count,2,48,9-3,8,0.00177462,minor,exodus,main
accent_count,2,49,1-7,7,0.0015528,minor,exodus,main
accent_count,2,50,7-1,7,0.0015528,minor,exodus,main
accent_count,3,1,3-3-3,166,0.0368316,minor,exodus,main
accent_count,3,2,3-2-3,131,0.0290659,minor,exodus,main
accent_count,3,3,3-3-2,129,0.02862214,minor,exodus,main
accent_count,3,4,2-3-3,119,0.02640337,minor,exodus,main
accent_count,3,5,3-2-2,114,0.02529399,minor,exodus,main
accent_count,3,6,2-2-3,107,0.02374085,minor,exodus,main
accent_count,3,7,2-3-2,106,0.02351897,minor,exodus,main
accent_count,3,8,4-3-3,88,0.01952518,minor,exodus,main
accent_count,3,9,3-4-3,81,0.01797204,minor,exodus,main
accent_count,3,10,3-3-4,80,0.01775017,minor,exodus,main
accent_count,3,11,2-2-2,79,0.01752829,minor,exodus,main
accent_count,3,12,2-3-4,77,0.01708454,minor,exodus,main
accent_count,3,13,2-4-3,74,0.0164189,minor,exodus,main
accent_count,3,14,4-3-2,72,0.01597515,minor,exodus,main
accent_count,3,15,4-2-3,66,0.01464389,minor,exodus,main
accent_count,3,16,3-4-4,65,0.01442201,minor,exodus,main
accent_count,3,17,3-2-4,63,0.01397826,minor,exodus,main
accent_count,3,18,4-4-3,63,0.01397826,minor,exodus,main
accent_count,3,19,2-2-4,62,0.01375638,minor,exodus,main
accent_count,3,20,4-3-4,56,0.01242512,minor,exodus,main
accent_count,3,21,3-1-3,55,0.01220324,minor,exodus,main
accent_count,3,22,4-2-2,54,0.01198136,minor,exodus,main
accent_count,3,23,3-4-2,49,0.01087198,minor,exodus,main
accent_count,3,24,2-4-2,43,0.00954071,minor,exodus,main
accent_count,3,25,5-3-3,41,0.00909696,minor,exodus,main
accent_count,3,26,3-3-5,40,0.00887508,minor,exodus,main
accent_count,3,27,3-5-3,39,0.00865321,minor,exodus,main
accent_count,3,28,4-4-2,38,0.00843133,minor,exodus,main
accent_count,3,29,5-2-3,38,0.00843133,minor,exodus,main
accent_count,3,30,2-4-4,36,0.00798757,minor,exodus,main
accent_count,3,31,1-3-2,34,0.00754382,minor,exodus,main
accent_count,3,32,4-3-1,34,0.00754382,minor,exodus,main
accent_count,3,33,1-3-3,33,0.00732194,minor,exodus,main
accent_count,3,34,2-3-1,33,0.00732194,minor,exodus,main
accent_count,3,35,4-2-4,32,0.00710007,minor,exodus,main
accent_count,3,36,4-4-4,32,0.00710007,minor,exodus,main
accent_count,3,37,3-3-1,31,0.00687819,minor,exodus,main
accent_count,3,38,3-5-4,31,0.00687819,minor,exodus,main
accent_count,3,39,3-4-1,30,0.00665631,minor,exodus,main
accent_count,3,40,2-1-3,29,0.00643444,minor,exodus,main
accent_count,3,41,3-2-1,29,0.00643444,minor,exodus,main
accent_count,3,42,5-3-2,29,0.00643444,minor,exodus,main
accent_count,3,43,4-1-3,28,0.00621256,minor,exodus,main
accent_count,3,44,3-1-2,28,0.00621256,minor,exodus,main
accent_count,3,45,3-2-5,26,0.0057688,minor,exodus,main
accent_count,3,46,1-3-4,26,0.0057688,minor,exodus,main
accent_count,3,47,5-4-3,26,0.0057688,minor,exodus,main
accent_count,3,48,2-5-3,26,0.0057688,minor,exodus,main
accent_count,3,49,3-1-4,25,0.00554693,minor,exodus,main
accent_count,3,50,3-4-5,25,0.00554693,minor,exodus,main
accent_count,4,1,3-3-3-3,67,0.01486906,minor,exodus,main
accent_count,4,2,3-3-2-3,46,0.01020861,minor,exodus,main
accent_count,4,3,3-3-3-2,45,0.00998668,minor,exodus,main
accent_count,4,4,3-2-3-3,41,0.00909898,minor,exodus,main
accent_count,4,5,3-2-2-3,38,0.0084332,minor,exodus,main
accent_count,4,6,2-3-2-3,38,0.0084332,minor,exodus,main
accent_count,4,7,3-2-3-2,37,0.00821127,minor,exodus,main
accent_count,4,8,3-3-2-2,36,0.00798935,minor,exodus,main
accent_count,4,9,2-2-3-3,35,0.00776742,minor,exodus,main
accent_count,4,10,2-3-3-3,34,0.00754549,minor,exodus,main
accent_count,4,11,2-3-3-2,32,0.00710164,minor,exodus,main
accent_count,4,12,4-3-3-3,32,0.00710164,minor,exodus,main
accent_count,4,13,3-3-3-4,29,0.00643586,minor,exodus,main
accent_count,4,14,2-3-2-2,28,0.00621394,minor,exodus,main
accent_count,4,15,2-2-3-4,28,0.00621394,minor,exodus,main
accent_count,4,16,3-2-2-2,28,0.00621394,minor,exodus,main
accent_count,4,17,3-3-4-3,28,0.00621394,minor,exodus,main
accent_count,4,18,3-4-3-3,28,0.00621394,minor,exodus,main
accent_count,4,19,2-2-3-2,27,0.00599201,minor,exodus,main
accent_count,4,20,3-3-2-4,27,0.00599201,minor,exodus,main
accent_count,4,21,3-2-3-4,27,0.00599201,minor,exodus,main
accent_count,4,22,4-3-2-2,26,0.00577008,minor,exodus,main
accent_count,4,23,3-2-4-3,25,0.00554816,minor,exodus,main
accent_count,4,24,2-2-4-3,25,0.00554816,minor,exodus,main
accent_count,4,25,2-4-3-3,25,0.00554816,minor,exodus,main
accent_count,4,26,3-2-2-4,24,0.00532623,minor,exodus,main
accent_count,4,27,4-3-2-3,23,0.00510431,minor,exodus,main
accent_count,4,28,2-3-4-3,23,0.00510431,minor,exodus,main
accent_count,4,29,2-2-2-3,22,0.00488238,minor,exodus,main
accent_count,4,30,2-2-2-4,22,0.00488238,minor,exodus,main
accent_count,4,31,4-2-3-3,22,0.00488238,minor,exodus,main
accent_count,4,32,3-4-4-3,22,0.00488238,minor,exodus,main
accent_count,4,33,2-2-2-2,21,0.00466045,minor,exodus,main
accent_count,4,34,4-2-2-3,21,0.00466045,minor,exodus,main
accent_count,4,35,4-3-3-4,20,0.00443853,minor,exodus,main
accent_count,4,36,4-2-3-2,19,0.0042166,minor,exodus,main
accent_count,4,37,2-4-3-2,19,0.0042166,minor,exodus,main
accent_count,4,38,4-4-3-3,19,0.0042166,minor,exodus,main
accent_count,4,39,4-2-2-2,18,0.00399467,minor,exodus,main
accent_count,4,40,4-3-3-2,18,0.00399467,minor,exodus,main
accent_count,4,41,3-4-2-2,18,0.00399467,minor,exodus,main
accent_count,4,42,4-3-4-4,18,0.00399467,minor,exodus,main
accent_count,4,43,2-4-2-3,17,0.00377275,minor,exodus,main
accent_count,4,44,2-3-4-2,17,0.00377275,minor,exodus,main
accent_count,4,45,3-3-4-2,17,0.00377275,minor,exodus,main
accent_count,4,46,2-3-4-4,17,0.00377275,minor,exodus,main
accent_count,4,47,3-4-3-2,17,0.00377275,minor,exodus,main
accent_count,4,48,3-1-3-2,17,0.00377275,minor,exodus,main
accent_count,4,49,4-3-1-3,16,0.00355082,minor,exodus,main
accent_count,4,50,4-4-2-3,15,0.00332889,minor,exodus,main
accent_count,5,1,3-3-3-3-3,25,0.00554939,minor,exodus,main
accent_count,5,2,3-3-3-3-2,20,0.00443951,minor,exodus,main
accent_count,5,3,3-3-3-2-3,17,0.00377358,minor,exodus,main
accent_count,5,4,3-2-3-2-3,17,0.00377358,minor,exodus,main
accent_count,5,5,4-3-3-3-3,16,0.00355161,minor,exodus,main
accent_count,5,6,2-3-3-3-3,16,0.00355161,minor,exodus,main
accent_count,5,7,3-2-2-2-2,14,0.00310766,minor,exodus,main
accent_count,5,8,3-3-2-3-2,14,0.00310766,minor,exodus,main
accent_count,5,9,3-2-2-3-2,13,0.00288568,minor,exodus,main
accent_count,5,10,2-2-3-3-2,13,0.00288568,minor,exodus,main
accent_count,5,11,2-3-3-2-3,13,0.00288568,minor,exodus,main
accent_count,5,12,3-2-3-3-3,13,0.00288568,minor,exodus,main
accent_count,5,13,2-4-3-3-3,13,0.00288568,minor,exodus,main
accent_count,5,14,3-2-2-3-4,12,0.00266371,minor,exodus,main
accent_count,5,15,3-3-2-3-4,12,0.00266371,minor,exodus,main
accent_count,5,16,2-3-2-3-3,12,0.00266371,minor,exodus,main
accent_count,5,17,2-3-2-2-3,11,0.00244173,minor,exodus,main
accent_count,5,18,2-2-2-2-4,11,0.00244173,minor,exodus,main
accent_count,5,19,3-3-3-3-4,11,0.00244173,minor,exodus,main
accent_count,5,20,3-2-3-3-2,11,0.00244173,minor,exodus,main
accent_count,5,21,2-3-2-3-2,11,0.00244173,minor,exodus,main
accent_count,5,22,3-3-3-2-2,11,0.00244173,minor,exodus,main
accent_count,5,23,3-3-2-2-3,11,0.00244173,minor,exodus,main
accent_count,5,24,3-3-4-3-3,11,0.00244173,minor,exodus,main
accent_count,5,25,2-2-3-2-2,10,0.00221976,minor,exodus,main
accent_count,5,26,4-2-2-2-3,10,0.00221976,minor,exodus,main
accent_count,5,27,3-4-2-2-3,10,0.00221976,minor,exodus,main
accent_count,5,28,4-2-2-3-3,10,0.00221976,minor,exodus,main
accent_count,5,29,2-3-3-3-2,10,0.00221976,minor,exodus,main
accent_count,5,30,2-3-2-2-2,10,0.00221976,minor,exodus,main
accent_count,5,31,2-2-2-4-3,10,0.00221976,minor,exodus,main
accent_count,5,32,3-3-2-3-3,10,0.00221976,minor,exodus,main
accent_count,5,33,4-3-3-4-3,10,0.00221976,minor,exodus,main
accent_count,5,34,4-3-4-4-3,10,0.00221976,minor,exodus,main
accent_count,5,35,3-3-2-4-3,9,0.00199778,minor,exodus,main
accent_count,5,36,2-3-3-5-3,9,0.00199778,minor,exodus,main
accent_count,5,37,3-3-3-4-3,9,0.00199778,minor,exodus,main
accent_count,5,38,4-3-2-3-3,9,0.00199778,minor,exodus,main
accent_count,5,39,3-3-2-4-2,9,0.00199778,minor,exodus,main
accent_count,5,40,3-4-3-3-2,9,0.00199778,minor,exodus,main
accent_count,5,41,3-2-2-4-3,9,0.00199778,minor,exodus,main
accent_count,5,42,2-4-3-2-3,9,0.00199778,minor,exodus,main
accent_count,5,43,3-2-2-3-3,9,0.00199778,minor,exodus,main
accent_count,5,44,4-3-2-3-2,9,0.00199778,minor,exodus,main
accent_count,5,45,3-3-3-2-4,9,0.00199778,minor,exodus,main
accent_count,5,46,2-3-2-3-4,9,0.00199778,minor,exodus,main
accent_count,5,47,2-3-3-2-2,9,0.00199778,minor,exodus,main
accent_count,5,48,2-2-4-3-3,8,0.0017758,minor,exodus,main
accent_count,5,49,3-3-4-2-2,8,0.0017758,minor,exodus,main
accent_count,5,50,2-2-3-3-3,8,0.0017758,minor,exodus,main
accent_count,6,1,3-3-3-3-3-3,11,0.00244227,minor,exodus,main
accent_count,6,2,4-3-3-4-3-3,9,0.00199822,minor,exodus,main
accent_count,6,3,2-3-3-3-3-2,9,0.00199822,minor,exodus,main
accent_count,6,4,3-3-2-3-2-3,8,0.0017762,minor,exodus,main
accent_count,6,5,3-2-2-2-2-4,8,0.0017762,minor,exodus,main
accent_count,6,6,3-2-3-3-3-3,7,0.00155417,minor,exodus,main
accent_count,6,7,3-3-3-3-2-3,7,0.00155417,minor,exodus,main
accent_count,6,8,3-3-3-2-2-3,7,0.00155417,minor,exodus,main
accent_count,6,9,3-2-3-2-3-4,7,0.00155417,minor,exodus,main
accent_count,6,10,2-2-3-2-2-3,6,0.00133215,minor,exodus,main
accent_count,6,11,3-4-3-3-2-2,6,0.00133215,minor,exodus,main
accent_count,6,12,2-3-3-2-3-2,6,0.00133215,minor,exodus,main
accent_count,6,13,2-3-2-3-2-3,6,0.00133215,minor,exodus,main
accent_count,6,14,4-3-3-3-3-3,6,0.00133215,minor,exodus,main
accent_count,6,15,2-4-3-3-3-3,6,0.00133215,minor,exodus,main
accent_count,6,16,2-3-2-2-3-4,5,0.00111012,minor,exodus,main
accent_count,6,17,3-4-2-2-3-3,5,0.00111012,minor,exodus,main
accent_count,6,18,3-3-4-2-2-3,5,0.00111012,minor,exodus,main
accent_count,6,19,3-3-3-4-3-4,5,0.00111012,minor,exodus,main
accent_count,6,20,4-3-2-3-3-3,5,0.00111012,minor,exodus,main
accent_count,6,21,3-2-3-2-3-2,5,0.00111012,minor,exodus,main
accent_count,6,22,2-3-2-4-3-4,5,0.00111012,minor,exodus,main
accent_count,6,23,3-3-3-2-3-4,5,0.00111012,minor,exodus,main
accent_count,6,24,2-3-3-3-2-3,5,0.00111012,minor,exodus,main
accent_count,6,25,3-2-4-3-3-3,5,0.00111012,minor,exodus,main
accent_count,6,26,2-2-3-3-2-3,5,0.00111012,minor,exodus,main
accent_count,6,27,3-3-2-2-3-3,5,0.00111012,minor,exodus,main
accent_count,6,28,3-2-2-3-3-3,5,0.00111012,minor,exodus,main
accent_count,6,29,3-3-3-3-3-2,5,0.00111012,minor,exodus,main
accent_count,6,30,3-4-3-3-3-3,5,0.00111012,minor,exodus,main
accent_count,6,31,3-3-3-3-2-4,5,0.00111012,minor,exodus,main
accent_count,6,32,3-3-3-2-4-3,5,0.00111012,minor,exodus,main
accent_count,6,33,4-3-4-4-3-3,5,0.00111012,minor,exodus,main
accent_count,6,34,4-2-2-2-3-4,5,0.00111012,minor,exodus,main
accent_count,6,35,3-2-4-2-2-2,5,0.00111012,minor,exodus,main
accent_count,6,36,4-4-3-4-4-3,5,0.00111012,minor,exodus,main
accent_count,6,37,2-2-3-3-2-2,5,0.00111012,minor,exodus,main
accent_count,6,38,2-2-4-3-3-3,5,0.00111012,minor,exodus,main
accent_count,6,39,2-2-2-2-4-3,5,0.00111012,minor,exodus,main
accent_count,6,40,2-4-3-2-3-2,5,0.00111012,minor,exodus,main
accent_count,6,41,1-3-2-2-3-2,4,0.0008881,minor,exodus,main
accent_count,6,42,4-2-2-2-3-3,4,0.0008881,minor,exodus,main
accent_count,6,43,4-3-2-2-2-2,4,0.0008881,minor,exodus,main
accent_count,6,44,3-4-4-2-3-4,4,0.0008881,minor,exodus,main
accent_count,6,45,3-3-3-3-4-3,4,0.0008881,minor,exodus,main
accent_count,6,46,3-3-2-3-4-4,4,0.0008881,minor,exodus,main
accent_count,6,47,3-2-2-2-4-3,4,0.0008881,minor,exodus,main
accent_count,6,48,2-3-3-2-3-3,4,0.0008881,minor,exodus,main
accent_count,6,49,3-3-2-2-4-3,4,0.0008881,minor,exodus,main
accent_count,6,50,4-4-3-3-2-4,4,0.0008881,minor,exodus,main
word_count,2,1,18-16,10,0.01168224,verse,leviticus,main
word_count,2,2,13-12,9,0.01051402,verse,leviticus,main
word_count,2,3,10-16,9,0.01051402,verse,leviticus,main
word_count,2,4,12-11,9,0.01051402,verse,leviticus,main
word_count,2,5,12-10,8,0.00934579,verse,leviticus,main
word_count,2,6,14-12,7,0.00817757,verse,leviticus,main
word_count,2,7,9-18,7,0.00817757,verse,leviticus,main
word_count,2,8,10-11,7,0.00817757,verse,leviticus,main
word_count,2,9,16-11,7,0.00817757,verse,leviticus,main
word_count,2,10,13-11,7,0.00817757,verse,leviticus,main
word_count,2,11,11-7,7,0.00817757,verse,leviticus,main
word_count,2,12,15-12,7,0.00817757,verse,leviticus,main
word_count,2,13,9-12,7,0.00817757,verse,leviticus,main
word_count,2,14,10-8,6,0.00700935,verse,leviticus,main
word_count,2,15,18-11,6,0.00700935,verse,leviticus,main
word_count,2,16,16-17,6,0.00700935,verse,leviticus,main
word_count,2,17,18-17,6,0.00700935,verse,leviticus,main
word_count,2,18,8-13,6,0.00700935,verse,leviticus,main
word_count,2,19,14-14,6,0.00700935,verse,leviticus,main
word_count,2,20,8-14,6,0.00700935,verse,leviticus,main
word_count,2,21,12-15,6,0.00700935,verse,leviticus,main
word_count,2,22,5-16,6,0.00700935,verse,leviticus,main
word_count,2,23,16-18,6,0.00700935,verse,leviticus,main
word_count,2,24,14-22,6,0.00700935,verse,leviticus,main
word_count,2,25,12-16,6,0.00700935,verse,leviticus,main
word_count,2,26,11-13,6,0.00700935,verse,leviticus,main
word_count,2,27,14-13,5,0.00584112,verse,leviticus,main
word_count,2,28,16-15,5,0.00584112,verse,leviticus,main
word_count,2,29,15-14,5,0.00584112,verse,leviticus,main
word_count,2,30,14-8,5,0.00584112,verse,leviticus,main
word_count,2,31,17-17,5,0.00584112,verse,leviticus,main
word_count,2,32,10-12,5,0.00584112,verse,leviticus,main
word_count,2,33,14-16,5,0.00584112,verse,leviticus,main
word_count,2,34,11-16,5,0.00584112,verse,leviticus,main
word_count,2,35,15-5,5,0.00584112,verse,leviticus,main
word_count,2,36,16-13,5,0.00584112,verse,leviticus,main
word_count,2,37,11-9,5,0.00584112,verse,leviticus,main
word_count,2,38,11-8,5,0.00584112,verse,leviticus,main
word_count,2,39,8-9,5,0.00584112,verse,leviticus,main
word_count,2,40,13-14,5,0.00584112,verse,leviticus,main
word_count,2,41,11-10,5,0.00584112,verse,leviticus,main
word_count,2,42,11-14,5,0.00584112,verse,leviticus,main
word_count,2,43,17-9,4,0.0046729,verse,leviticus,main
word_count,2,44,6-11,4,0.0046729,verse,leviticus,main
word_count,2,45,18-14,4,0.0046729,verse,leviticus,main
word_count,2,46,17-18,4,0.0046729,verse,leviticus,main
word_count,2,47,9-15,4,0.0046729,verse,leviticus,main
word_count,2,48,7-13,4,0.0046729,verse,leviticus,main
word_count,2,49,17-14,4,0.0046729,verse,leviticus,main
word_count,2,50,17-12,4,0.0046729,verse,leviticus,main
word_count,3,1,18-16-15,3,0.00350877,verse,leviticus,main
word_count,3,2,12-16-20,3,0.00350877,verse,leviticus,main
word_count,3,3,16-8-5,3,0.00350877,verse,leviticus,main
word_count,3,4,9-12-11,3,0.00350877,verse,leviticus,main
word_count,3,5,17-18-16,2,0.00233918,verse,leviticus,main
word_count,3,6,16-15-14,2,0.00233918,verse,leviticus,main
word_count,3,7,15-14-12,2,0.00233918,verse,leviticus,main
word_count,3,8,20-15-23,2,0.00233918,verse,leviticus,main
word_count,3,9,7-13-12,2,0.00233918,verse,leviticus,main
word_count,3,10,12-9-18,2,0.00233918,verse,leviticus,main
word_count,3,11,11-17-14,2,0.00233918,verse,leviticus,main
word_count,3,12,18-16-17,2,0.00233918,verse,leviticus,main
word_count,3,13,16-17-17,2,0.00233918,verse,leviticus,main
word_count,3,14,10-11-5,2,0.00233918,verse,leviticus,main
word_count,3,15,20-10-16,2,0.00233918,verse,leviticus,main
word_count,3,16,14-16-14,2,0.00233918,verse,leviticus,main
word_count,3,17,14-16-17,2,0.00233918,verse,leviticus,main
word_count,3,18,17-14-15,2,0.00233918,verse,leviticus,main
word_count,3,19,22-20-17,2,0.00233918,verse,leviticus,main
word_count,3,20,5-18-16,2,0.00233918,verse,leviticus,main
word_count,3,21,15-20-7,2,0.00233918,verse,leviticus,main
word_count,3,22,13-12-15,2,0.00233918,verse,leviticus,main
word_count,3,23,19-13-11,2,0.00233918,verse,leviticus,main
word_count,3,24,10-16-13,2,0.00233918,verse,leviticus,main
word_count,3,25,12-15-11,2,0.00233918,verse,leviticus,main
word_count,3,26,15-11-7,2,0.00233918,verse,leviticus,main
word_count,3,27,11-21-14,2,0.00233918,verse,leviticus,main
word_count,3,28,14-17-9,2,0.00233918,verse,leviticus,main
word_count,3,29,14-15-12,2,0.00233918,verse,leviticus,main
word_count,3,30,11-8-13,2,0.00233918,verse,leviticus,main
word_count,3,31,8-13-11,2,0.00233918,verse,leviticus,main
word_count,3,32,13-11-16,2,0.00233918,verse,leviticus,main
word_count,3,33,11-16-18,2,0.00233918,verse,leviticus,main
word_count,3,34,18-22-9,2,0.00233918,verse,leviticus,main
word_count,3,35,15-5-16,2,0.00233918,verse,leviticus,main
word_count,3,36,5-16-9,2,0.00233918,verse,leviticus,main
word_count,3,37,22-21-17,2,0.00233918,verse,leviticus,main
word_count,3,38,8-14-11,2,0.00233918,verse,leviticus,main
word_count,3,39,12-12-16,2,0.00233918,verse,leviticus,main
word_count,3,40,16-19-9,2,0.00233918,verse,leviticus,main
word_count,3,41,9-10-15,2,0.00233918,verse,leviticus,main
word_count,3,42,16-10-8,2,0.00233918,verse,leviticus,main
word_count,3,43,14-10-11,2,0.00233918,verse,leviticus,main
word_count,3,44,15-14-13,2,0.00233918,verse,leviticus,main
word_count,3,45,10-8-14,2,0.00233918,verse,leviticus,main
word_count,3,46,14-12-18,2,0.00233918,verse,leviticus,main
word_count,3,47,6-12-10,2,0.00233918,verse,leviticus,main
word_count,3,48,10-12-7,2,0.00233918,verse,leviticus,main
word_count,3,49,17-19-5,2,0.00233918,verse,leviticus,main
word_count,3,50,23-15-12,2,0.00233918,verse,leviticus,main
word_count,4,1,16-15-14-12,2,0.00234192,verse,leviticus,main
word_count,4,2,8-13-11-16,2,0.00234192,verse,leviticus,main
word_count,4,3,15-5-16-9,2,0.00234192,verse,leviticus,main
word_count,4,4,10-16-11-9,2,0.00234192,verse,leviticus,main
word_count,4,5,9-21-17-9,1,0.00117096,verse,leviticus,main
word_count,4,6,21-17-9-22,1,0.00117096,verse,leviticus,main
word_count,4,7,17-9-22-6,1,0.00117096,verse,leviticus,main
word_count,4,8,9-22-6-11,1,0.00117096,verse,leviticus,main
word_count,4,9,22-6-11-18,1,0.00117096,verse,leviticus,main
word_count,4,10,6-11-18-14,1,0.00117096,verse,leviticus,main
word_count,4,11,11-18-14-13,1,0.00117096,verse,leviticus,main
word_count,4,12,18-14-13-17,1,0.00117096,verse,leviticus,main
word_count,4,13,14-13-17-18,1,0.00117096,verse,leviticus,main
word_count,4,14,13-17-18-16,1,0.00117096,verse,leviticus,main
word_count,4,15,17-18-16-15,1,0.00117096,verse,leviticus,main
word_count,4,16,18-16-15-14,1,0.00117096,verse,leviticus,main
word_count,4,17,15-14-12-20,1,0.00117096,verse,leviticus,main
word_count,4,18,14-12-20-15,1,0.00117096,verse,leviticus,main
word_count,4,19,12-20-15-23,1,0.00117096,verse,leviticus,main
word_count,4,20,20-15-23-9,1,0.00117096,verse,leviticus,main
word_count,4,21,15-23-9-15,1,0.00117096,verse,leviticus,main
word_count,4,22,23-9-15-10,1,0.00117096,verse,leviticus,main
word_count,4,23,9-15-10-8,1,0.00117096,verse,leviticus,main
word_count,4,24,15-10-8-7,1,0.00117096,verse,leviticus,main
word_count,4,25,10-8-7-13,1,0.00117096,verse,leviticus,main
word_count,4,26,8-7-13-12,1,0.00117096,verse,leviticus,main
word_count,4,27,7-13-12-9,1,0.00117096,verse,leviticus,main
word_count,4,28,13-12-9-18,1,0.00117096,verse,leviticus,main
word_count,4,29,12-9-18-11,1,0.00117096,verse,leviticus,main
word_count,4,30,9-18-11-17,1,0.00117096,verse,leviticus,main
word_count,4,31,18-11-17-14,1,0.00117096,verse,leviticus,main
word_count,4,32,11-17-14-8,1,0.00117096,verse,leviticus,main
word_count,4,33,17-14-8-11,1,0.00117096,verse,leviticus,main
word_count,4,34,14-8-11-17,1,0.00117096,verse,leviticus,main
word_count,4,35,8-11-17-18,1,0.00117096,verse,leviticus,main
word_count,4,36,11-17-18-16,1,0.00117096,verse,leviticus,main
word_count,4,37,17-18-16-17,1,0.00117096,verse,leviticus,main
word_count,4,38,18-16-17-17,1,0.00117096,verse,leviticus,main
word_count,4,39,16-17-17-12,1,0.00117096,verse,leviticus,main
word_count,4,40,17-17-12-10,1,0.00117096,verse,leviticus,main
word_count,4,41,17-12-10-19,1,0.00117096,verse,leviticus,main
word_count,4,42,12-10-19-22,1,0.00117096,verse,leviticus,main
word_count,4,43,10-19-22-17,1,0.00117096,verse,leviticus,main
word_count,4,44,19-22-17-6,1,0.00117096,verse,leviticus,main
word_count,4,45,22-17-6-6,1,0.00117096,verse,leviticus,main
word_count,4,46,17-6-6-18,1,0.00117096,verse,leviticus,main
word_count,4,47,6-6-18-16,1,0.00117096,verse,leviticus,main
word_count,4,48,6-18-16-17,1,0.00117096,verse,leviticus,main
word_count,4,49,18-16-17-10,1,0.00117096,verse,leviticus,main
word_count,4,50,16-17-10-11,1,0.00117096,verse,leviticus,main
word_count,5,1,9-21-17-9-22,1,0.00117233,verse,leviticus,main
word_count,5,2,21-17-9-22-6,1,0.00117233,verse,leviticus,main
word_count,5,3,17-9-22-6-11,1,0.00117233,verse,leviticus,main
word_count,5,4,9-22-6-11-18,1,0.00117233,verse,leviticus,main
word_count,5,5,22-6-11-18-14,1,0.00117233,verse,leviticus,main
word_count,5,6,6-11-18-14-13,1,0.00117233,verse,leviticus,main
word_count,5,7,11-18-14-13-17,1,0.00117233,verse,leviticus,main
word_count,5,8,18-14-13-17-18,1,0.00117233,verse,leviticus,main
word_count,5,9,14-13-17-18-16,1,0.00117233,verse,leviticus,main
word_count,5,10,13-17-18-16-15,1,0.00117233,verse,leviticus,main
word_count,5,11,17-18-16-15-14,1,0.00117233,verse,leviticus,main
word_count,5,12,18-16-15-14-12,1,0.00117233,verse,leviticus,main
word_count,5,13,16-15-14-12-20,1,0.00117233,verse,leviticus,main
word_count,5,14,15-14-12-20-15,1,0.00117233,verse,leviticus,main
word_count,5,15,14-12-20-15-23,1,0.00117233,verse,leviticus,main
word_count,5,16,12-20-15-23-9,1,0.00117233,verse,leviticus,main
word_count,5,17,20-15-23-9-15,1,0.00117233,verse,leviticus,main
word_count,5,18,15-23-9-15-10,1,0.00117233,verse,leviticus,main
word_count,5,19,23-9-15-10-8,1,0.00117233,verse,leviticus,main
word_count,5,20,9-15-10-8-7,1,0.00117233,verse,leviticus,main
word_count,5,21,15-10-8-7-13,1,0.00117233,verse,leviticus,main
word_count,5,22,10-8-7-13-12,1,0.00117233,verse,leviticus,main
word_count,5,23,8-7-13-12-9,1,0.00117233,verse,leviticus,main
word_count,5,24,7-13-12-9-18,1,0.00117233,verse,leviticus,main
word_count,5,25,13-12-9-18-11,1,0.00117233,verse,leviticus,main
word_count,5,26,12-9-18-11-17,1,0.00117233,verse,leviticus,main
word_count,5,27,9-18-11-17-14,1,0.00117233,verse,leviticus,main
word_count,5,28,18-11-17-14-8,1,0.00117233,verse,leviticus,main
word_count,5,29,11-17-14-8-11,1,0.00117233,verse,leviticus,main
word_count,5,30,17-14-8-11-17,1,0.00117233,verse,leviticus,main
word_count,5,31,14-8-11-17-18,1,0.00117233,verse,leviticus,main
word_count,5,32,8-11-17-18-16,1,0.00117233,verse,leviticus,main
word_count,5,33,11-17-18-16-17,1,0.00117233,verse,leviticus,main
word_count,5,34,17-18-16-17-17,1,0.00117233,verse,leviticus,main
word_count,5,35,18-16-17-17-12,1,0.00117233,verse,leviticus,main
word_count,5,36,16-17-17-12-10,1,0.00117233,verse,leviticus,main
word_count,5,37,17-17-12-10-19,1,0.00117233,verse,leviticus,main
word_count,5,38,17-12-10-19-22,1,0.00117233,verse,leviticus,main
word_count,5,39,12-10-19-22-17,1,0.00117233,verse,leviticus,main
word_count,5,40,10-19-22-17-6,1,0.00117233,verse,leviticus,main
word_count,5,41,19-22-17-6-6,1,0.00117233,verse,leviticus,main
word_count,5,42,22-17-6-6-18,1,0.00117233,verse,leviticus,main
word_count,5,43,17-6-6-18-16,1,0.00117233,verse,leviticus,main
word_count,5,44,6-6-18-16-17,1,0.00117233,verse,leviticus,main
word_count,5,45,6-18-16-17-10,1,0.00117233,verse,leviticus,main
word_count,5,46,18-16-17-10-11,1,0.00117233,verse,leviticus,main
word_count,5,47,16-17-10-11-5,1,0.00117233,verse,leviticus,main
word_count,5,48,17-10-11-5-18,1,0.00117233,verse,leviticus,main
word_count,5,49,10-11-5-18-17,1,0.00117233,verse,leviticus,main
word_count,5,50,11-5-18-17-20,1,0.00117233,verse,leviticus,main
word_count,6,1,9-21-17-9-22-6,1,0.00117371,verse,leviticus,main
word_count,6,2,21-17-9-22-6-11,1,0.00117371,verse,leviticus,main
word_count,6,3,17-9-22-6-11-18,1,0.00117371,verse,leviticus,main
word_count,6,4,9-22-6-11-18-14,1,0.00117371,verse,leviticus,main
word_count,6,5,22-6-11-18-14-13,1,0.00117371,verse,leviticus,main
word_count,6,6,6-11-18-14-13-17,1,0.00117371,verse,leviticus,main
word_count,6,7,11-18-14-13-17-18,1,0.00117371,verse,leviticus,main
word_count,6,8,18-14-13-17-18-16,1,0.00117371,verse,leviticus,main
word_count,6,9,14-13-17-18-16-15,1,0.00117371,verse,leviticus,main
word_count,6,10,13-17-18-16-15-14,1,0.00117371,verse,leviticus,main
word_count,6,11,17-18-16-15-14-12,1,0.00117371,verse,leviticus,main
word_count,6,12,18-16-15-14-12-20,1,0.00117371,verse,leviticus,main
word_count,6,13,16-15-14-12-20-15,1,0.00117371,verse,leviticus,main
word_count,6,14,15-14-12-20-15-23,1,0.00117371,verse,leviticus,main
word_count,6,15,14-12-20-15-23-9,1,0.00117371,verse,leviticus,main
word_count,6,16,12-20-15-23-9-15,1,0.00117371,verse,leviticus,main
word_count,6,17,20-15-23-9-15-10,1,0.00117371,verse,leviticus,main
word_count,6,18,15-23-9-15-10-8,1,0.00117371,verse,leviticus,main
word_count,6,19,23-9-15-10-8-7,1,0.00117371,verse,leviticus,main
word_count,6,20,9-15-10-8-7-13,1,0.00117371,verse,leviticus,main
word_count,6,21,15-10-8-7-13-12,1,0.00117371,verse,leviticus,main
word_count,6,22,10-8-7-13-12-9,1,0.00117371,verse,leviticus,main
word_count,6,23,8-7-13-12-9-18,1,0.00117371,verse,leviticus,main
word_count,6,24,7-13-12-9-18-11,1,0.00117371,verse,leviticus,main
word_count,6,25,13-12-9-18-11-17,1,0.00117371,verse,leviticus,main
word_count,6,26,12-9-18-11-17-14,1,0.00117371,verse,leviticus,main
word_count,6,27,9-18-11-17-14-8,1,0.00117371,verse,leviticus,main
word_count,6,28,18-11-17-14-8-11,1,0.00117371,verse,leviticus,main
word_count,6,29,11-17-14-8-11-17,1,0.00117371,verse,leviticus,main
word_count,6,30,17-14-8-11-17-18,1,0.00117371,verse,leviticus,main
word_count,6,31,14-8-11-17-18-16,1,0.00117371,verse,leviticus,main
word_count,6,32,8-11-17-18-16-17,1,0.00117371,verse,leviticus,main
word_count,6,33,11-17-18-16-17-17,1,0.00117371,verse,leviticus,main
word_count,6,34,17-18-16-17-17-12,1,0.00117371,verse,leviticus,main
word_count,6,35,18-16-17-17-12-10,1,0.00117371,verse,leviticus,main
word_count,6,36,16-17-17-12-10-19,1,0.00117371,verse,leviticus,main
word_count,6,37,17-17-12-10-19-22,1,0.00117371,verse,leviticus,main
word_count,6,38,17-12-10-19-22-17,1,0.00117371,verse,leviticus,main
word_count,6,39,12-10-19-22-17-6,1,0.00117371,verse,leviticus,main
word_count,6,40,10-19-22-17-6-6,1,0.00117371,verse,leviticus,main
word_count,6,41,19-22-17-6-6-18,1,0.00117371,verse,leviticus,main
word_count,6,42,22-17-6-6-18-16,1,0.00117371,verse,leviticus,main
word_count,6,43,17-6-6-18-16-17,1,0.00117371,verse,leviticus,main
word_count,6,44,6-6-18-16-17-10,1,0.00117371,verse,leviticus,main
word_count,6,45,6-18-16-17-10-11,1,0.00117371,verse,leviticus,main
word_count,6,46,18-16-17-10-11-5,1,0.00117371,verse,leviticus,main
word_count,6,47,16-17-10-11-5-18,1,0.00117371,verse,leviticus,main
word_count,6,48,17-10-11-5-18-17,1,0.00117371,verse,leviticus,main
word_count,6,49,10-11-5-18-17-20,1,0.00117371,verse,leviticus,main
word_count,6,50,11-5-18-17-20-10,1,0.00117371,verse,leviticus,main
pulse_count,2,1,35-38,6,0.00700935,verse,leviticus,main
pulse_count,2,2,11-34,5,0.00584112,verse,leviticus,main
pulse_count,2,3,40-34,4,0.0046729,verse,leviticus,main
pulse_count,2,4,27-20,4,0.0046729,verse,leviticus,main
pulse_count,2,5,27-32,4,0.0046729,verse,leviticus,main
pulse_count,2,6,26-36,4,0.0046729,verse,leviticus,main
pulse_count,2,7,35-35,3,0.00350467,verse,leviticus,main
pulse_count,2,8,41-37,3,0.00350467,verse,leviticus,main
pulse_count,2,9,27-37,3,0.00350467,verse,leviticus,main
pulse_count,2,10,30-44,3,0.00350467,verse,leviticus,main
pulse_count,2,11,35-31,3,0.00350467,verse,leviticus,main
pulse_count,2,12,34-11,3,0.00350467,verse,leviticus,main
pulse_count,2,13,24-29,3,0.00350467,verse,leviticus,main
pulse_count,2,14,35-26,3,0.00350467,verse,leviticus,main
pulse_count,2,15,17-28,3,0.00350467,verse,leviticus,main
pulse_count,2,16,24-36,3,0.00350467,verse,leviticus,main
pulse_count,2,17,27-15,3,0.00350467,verse,leviticus,main
pulse_count,2,18,35-20,3,0.00350467,verse,leviticus,main
pulse_count,2,19,20-27,3,0.00350467,verse,leviticus,main
pulse_count,2,20,25-21,3,0.00350467,verse,leviticus,main
pulse_count,2,21,29-52,3,0.00350467,verse,leviticus,main
pulse_count,2,22,21-22,3,0.00350467,verse,leviticus,main
pulse_count,2,23,24-28,3,0.00350467,verse,leviticus,main
pulse_count,2,24,29-27,3,0.00350467,verse,leviticus,main
pulse_count,2,25,20-26,3,0.00350467,verse,leviticus,main
pulse_count,2,26,19-25,3,0.00350467,verse,leviticus,main
pulse_count,2,27,28-33,3,0.00350467,verse,leviticus,main
pulse_count,2,28,32-22,3,0.00350467,verse,leviticus,main
pulse_count,2,29,16-28,3,0.00350467,verse,leviticus,main
pulse_count,2,30,25-36,3,0.00350467,verse,leviticus,main
pulse_count,2,31,30-30,3,0.00350467,verse,leviticus,main
pulse_count,2,32,32-49,3,0.00350467,verse,leviticus,main
pulse_count,2,33,49-18,3,0.00350467,verse,leviticus,main
pulse_count,2,34,26-27,3,0.00350467,verse,leviticus,main
pulse_count,2,35,31-20,3,0.00350467,verse,leviticus,main
pulse_count,2,36,22-26,3,0.00350467,verse,leviticus,main
pulse_count,2,37,25-22,3,0.00350467,verse,leviticus,main
pulse_count,2,38,27-27,3,0.00350467,verse,leviticus,main
pulse_count,2,39,18-11,3,0.00350467,verse,leviticus,main
pulse_count,2,40,36-18,2,0.00233645,verse,leviticus,main
pulse_count,2,41,22-35,2,0.00233645,verse,leviticus,main
pulse_count,2,42,35-25,2,0.00233645,verse,leviticus,main
pulse_count,2,43,25-40,2,0.00233645,verse,leviticus,main
pulse_count,2,44,34-41,2,0.00233645,verse,leviticus,main
pulse_count,2,45,41-28,2,0.00233645,verse,leviticus,main
pulse_count,2,46,34-29,2,0.00233645,verse,leviticus,main
pulse_count,2,47,25-19,2,0.00233645,verse,leviticus,main
pulse_count,2,48,35-23,2,0.00233645,verse,leviticus,main
pulse_count,2,49,23-40,2,0.00233645,verse,leviticus,main
pulse_count,2,50,40-30,2,0.00233645,verse,leviticus,main
pulse_count,3,1,25-40-34,2,0.00233918,verse,leviticus,main
pulse_count,3,2,40-34-41,2,0.00233918,verse,leviticus,main
pulse_count,3,3,18-29-27,2,0.00233918,verse,leviticus,main
pulse_count,3,4,22-20-26,2,0.00233918,verse,leviticus,main
pulse_count,3,5,32-49-18,2,0.00233918,verse,leviticus,main
pulse_count,3,6,31-20-27,2,0.00233918,verse,leviticus,main
pulse_count,3,7,21-16-27,2,0.00233918,verse,leviticus,main
pulse_count,3,8,19-44-36,1,0.00116959,verse,leviticus,main
pulse_count,3,9,44-36-18,1,0.00116959,verse,leviticus,main
pulse_count,3,10,36-18-48,1,0.00116959,verse,leviticus,main
pulse_count,3,11,18-48-15,1,0.00116959,verse,leviticus,main
pulse_count,3,12,48-15-22,1,0.00116959,verse,leviticus,main
pulse_count,3,13,15-22-35,1,0.00116959,verse,leviticus,main
pulse_count,3,14,22-35-35,1,0.00116959,verse,leviticus,main
pulse_count,3,15,35-35-25,1,0.00116959,verse,leviticus,main
pulse_count,3,16,35-25-40,1,0.00116959,verse,leviticus,main
pulse_count,3,17,34-41-28,1,0.00116959,verse,leviticus,main
pulse_count,3,18,41-28-34,1,0.00116959,verse,leviticus,main
pulse_count,3,19,28-34-29,1,0.00116959,verse,leviticus,main
pulse_count,3,20,34-29-41,1,0.00116959,verse,leviticus,main
pulse_count,3,21,29-41-37,1,0.00116959,verse,leviticus,main
pulse_count,3,22,41-37-59,1,0.00116959,verse,leviticus,main
pulse_count,3,23,37-59-27,1,0.00116959,verse,leviticus,main
pulse_count,3,24,59-27-37,1,0.00116959,verse,leviticus,main
pulse_count,3,25,27-37-25,1,0.00116959,verse,leviticus,main
pulse_count,3,26,37-25-19,1,0.00116959,verse,leviticus,main
pulse_count,3,27,25-19-19,1,0.00116959,verse,leviticus,main
pulse_count,3,28,19-19-33,1,0.00116959,verse,leviticus,main
pulse_count,3,29,19-33-31,1,0.00116959,verse,leviticus,main
pulse_count,3,30,33-31-27,1,0.00116959,verse,leviticus,main
pulse_count,3,31,31-27-35,1,0.00116959,verse,leviticus,main
pulse_count,3,32,27-35-23,1,0.00116959,verse,leviticus,main
pulse_count,3,33,35-23-40,1,0.00116959,verse,leviticus,main
pulse_count,3,34,23-40-30,1,0.00116959,verse,leviticus,main
pulse_count,3,35,40-30-22,1,0.00116959,verse,leviticus,main
pulse_count,3,36,30-22-28,1,0.00116959,verse,leviticus,main
pulse_count,3,37,22-28-35,1,0.00116959,verse,leviticus,main
pulse_count,3,38,28-35-40,1,0.00116959,verse,leviticus,main
pulse_count,3,39,35-40-35,1,0.00116959,verse,leviticus,main
pulse_count,3,40,40-35-38,1,0.00116959,verse,leviticus,main
pulse_count,3,41,35-38-35,1,0.00116959,verse,leviticus,main
pulse_count,3,42,38-35-27,1,0.00116959,verse,leviticus,main
pulse_count,3,43,35-27-20,1,0.00116959,verse,leviticus,main
pulse_count,3,44,27-20-38,1,0.00116959,verse,leviticus,main
pulse_count,3,45,20-38-50,1,0.00116959,verse,leviticus,main
pulse_count,3,46,38-50-38,1,0.00116959,verse,leviticus,main
pulse_count,3,47,50-38-17,1,0.00116959,verse,leviticus,main
pulse_count,3,48,38-17-14,1,0.00116959,verse,leviticus,main
pulse_count,3,49,17-14-36,1,0.00116959,verse,leviticus,main
pulse_count,3,50,14-36-35,1,0.00116959,verse,leviticus,main
pulse_count,4,1,19-44-36-18,1,0.00117096,verse,leviticus,main
pulse_count,4,2,44-36-18-48,1,0.00117096,verse,leviticus,main
pulse_count,4,3,36-18-48-15,1,0.00117096,verse,leviticus,main
pulse_count,4,4,18-48-15-22,1,0.00117096,verse,leviticus,main
pulse_count,4,5,48-15-22-35,1,0.00117096,verse,leviticus,main
pulse_count,4,6,15-22-35-35,1,0.00117096,verse,leviticus,main
pulse_count,4,7,22-35-35-25,1,0.00117096,verse,leviticus,main
pulse_count,4,8,35-35-25-40,1,0.00117096,verse,leviticus,main
pulse_count,4,9,35-25-40-34,1,0.00117096,verse,leviticus,main
pulse_count,4,10,25-40-34-41,1,0.00117096,verse,leviticus,main
pulse_count,4,11,40-34-41-28,1,0.00117096,verse,leviticus,main
pulse_count,4,12,34-41-28-34,1,0.00117096,verse,leviticus,main
pulse_count,4,13,41-28-34-29,1,0.00117096,verse,leviticus,main
pulse_count,4,14,28-34-29-41,1,0.00117096,verse,leviticus,main
pulse_count,4,15,34-29-41-37,1,0.00117096,verse,leviticus,main
pulse_count,4,16,29-41-37-59,1,0.00117096,verse,leviticus,main
pulse_count,4,17,41-37-59-27,1,0.00117096,verse,leviticus,main
pulse_count,4,18,37-59-27-37,1,0.00117096,verse,leviticus,main
pulse_count,4,19,59-27-37-25,1,0.00117096,verse,leviticus,main
pulse_count,4,20,27-37-25-19,1,0.00117096,verse,leviticus,main
pulse_count,4,21,37-25-19-19,1,0.00117096,verse,leviticus,main
pulse_count,4,22,25-19-19-33,1,0.00117096,verse,leviticus,main
pulse_count,4,23,19-19-33-31,1,0.00117096,verse,leviticus,main
pulse_count,4,24,19-33-31-27,1,0.00117096,verse,leviticus,main
pulse_count,4,25,33-31-27-35,1,0.00117096,verse,leviticus,main
pulse_count,4,26,31-27-35-23,1,0.00117096,verse,leviticus,main
pulse_count,4,27,27-35-23-40,1,0.00117096,verse,leviticus,main
pulse_count,4,28,35-23-40-30,1,0.00117096,verse,leviticus,main
pulse_count,4,29,23-40-30-22,1,0.00117096,verse,leviticus,main
pulse_count,4,30,40-30-22-28,1,0.00117096,verse,leviticus,main
pulse_count,4,31,30-22-28-35,1,0.00117096,verse,leviticus,main
pulse_count,4,32,22-28-35-40,1,0.00117096,verse,leviticus,main
pulse_count,4,33,28-35-40-35,1,0.00117096,verse,leviticus,main
pulse_count,4,34,35-40-35-38,1,0.00117096,verse,leviticus,main
pulse_count,4,35,40-35-38-35,1,0.00117096,verse,leviticus,main
pulse_count,4,36,35-38-35-27,1,0.00117096,verse,leviticus,main
pulse_count,4,37,38-35-27-20,1,0.00117096,verse,leviticus,main
pulse_count,4,38,35-27-20-38,1,0.00117096,verse,leviticus,main
pulse_count,4,39,27-20-38-50,1,0.00117096,verse,leviticus,main
pulse_count,4,40,20-38-50-38,1,0.00117096,verse,leviticus,main
pulse_count,4,41,38-50-38-17,1,0.00117096,verse,leviticus,main
pulse_count,4,42,50-38-17-14,1,0.00117096,verse,leviticus,main
pulse_count,4,43,38-17-14-36,1,0.00117096,verse,leviticus,main
pulse_count,4,44,17-14-36-35,1,0.00117096,verse,leviticus,main
pulse_count,4,45,14-36-35-38,1,0.00117096,verse,leviticus,main
pulse_count,4,46,36-35-38-25,1,0.00117096,verse,leviticus,main
pulse_count,4,47,35-38-25-26,1,0.00117096,verse,leviticus,main
pulse_count,4,48,38-25-26-11,1,0.00117096,verse,leviticus,main
pulse_count,4,49,25-26-11-38,1,0.00117096,verse,leviticus,main
pulse_count,4,50,26-11-38-35,1,0.00117096,verse,leviticus,main
pulse_count,5,1,19-44-36-18-48,1,0.00117233,verse,leviticus,main
pulse_count,5,2,44-36-18-48-15,1,0.00117233,verse,leviticus,main
pulse_count,5,3,36-18-48-15-22,1,0.00117233,verse,leviticus,main
pulse_count,5,4,18-48-15-22-35,1,0.00117233,verse,leviticus,main
pulse_count,5,5,48-15-22-35-35,1,0.00117233,verse,leviticus,main
pulse_count,5,6,15-22-35-35-25,1,0.00117233,verse,leviticus,main
pulse_count,5,7,22-35-35-25-40,1,0.00117233,verse,leviticus,main
pulse_count,5,8,35-35-25-40-34,1,0.00117233,verse,leviticus,main
pulse_count,5,9,35-25-40-34-41,1,0.00117233,verse,leviticus,main
pulse_count,5,10,25-40-34-41-28,1,0.00117233,verse,leviticus,main
pulse_count,5,11,40-34-41-28-34,1,0.00117233,verse,leviticus,main
pulse_count,5,12,34-41-28-34-29,1,0.00117233,verse,leviticus,main
pulse_count,5,13,41-28-34-29-41,1,0.00117233,verse,leviticus,main
pulse_count,5,14,28-34-29-41-37,1,0.00117233,verse,leviticus,main
pulse_count,5,15,34-29-41-37-59,1,0.00117233,verse,leviticus,main
pulse_count,5,16,29-41-37-59-27,1,0.00117233,verse,leviticus,main
pulse_count,5,17,41-37-59-27-37,1,0.00117233,verse,leviticus,main
pulse_count,5,18,37-59-27-37-25,1,0.00117233,verse,leviticus,main
pulse_count,5,19,59-27-37-25-19,1,0.00117233,verse,leviticus,main
pulse_count,5,20,27-37-25-19-19,1,0.00117233,verse,leviticus,main
pulse_count,5,21,37-25-19-19-33,1,0.00117233,verse,leviticus,main
pulse_count,5,22,25-19-19-33-31,1,0.00117233,verse,leviticus,main
pulse_count,5,23,19-19-33-31-27,1,0.00117233,verse,leviticus,main
pulse_count,5,24,19-33-31-27-35,1,0.00117233,verse,leviticus,main
pulse_count,5,25,33-31-27-35-23,1,0.00117233,verse,leviticus,main
pulse_count,5,26,31-27-35-23-40,1,0.00117233,verse,leviticus,main
pulse_count,5,27,27-35-23-40-30,1,0.00117233,verse,leviticus,main
pulse_count,5,28,35-23-40-30-22,1,0.00117233,verse,leviticus,main
pulse_count,5,29,23-40-30-22-28,1,0.00117233,verse,leviticus,main
pulse_count,5,30,40-30-22-28-35,1,0.00117233,verse,leviticus,main
pulse_count,5,31,30-22-28-35-40,1,0.00117233,verse,leviticus,main
pulse_count,5,32,22-28-35-40-35,1,0.00117233,verse,leviticus,main
pulse_count,5,33,28-35-40-35-38,1,0.00117233,verse,leviticus,main
pulse_count,5,34,35-40-35-38-35,1,0.00117233,verse,leviticus,main
pulse_count,5,35,40-35-38-35-27,1,0.00117233,verse,leviticus,main
pulse_count,5,36,35-38-35-27-20,1,0.00117233,verse,leviticus,main
pulse_count,5,37,38-35-27-20-38,1,0.00117233,verse,leviticus,main
pulse_count,5,38,35-27-20-38-50,1,0.00117233,verse,leviticus,main
pulse_count,5,39,27-20-38-50-38,1,0.00117233,verse,leviticus,main
pulse_count,5,40,20-38-50-38-17,1,0.00117233,verse,leviticus,main
pulse_count,5,41,38-50-38-17-14,1,0.00117233,verse,leviticus,main
pulse_count,5,42,50-38-17-14-36,1,0.00117233,verse,leviticus,main
pulse_count,5,43,38-17-14-36-35,1,0.00117233,verse,leviticus,main
pulse_count,5,44,17-14-36-35-38,1,0.00117233,verse,leviticus,main
pulse_count,5,45,14-36-35-38-25,1,0.00117233,verse,leviticus,main
pulse_count,5,46,36-35-38-25-26,1,0.00117233,verse,leviticus,main
pulse_count,5,47,35-38-25-26-11,1,0.00117233,verse,leviticus,main
pulse_count,5,48,38-25-26-11-38,1,0.00117233,verse,leviticus,main
pulse_count,5,49,25-26-11-38-35,1,0.00117233,verse,leviticus,main
pulse_count,5,50,26-11-38-35-38,1,0.00117233,verse,leviticus,main
pulse_count,6,1,19-44-36-18-48-15,1,0.00117371,verse,leviticus,main
pulse_count,6,2,44-36-18-48-15-22,1,0.00117371,verse,leviticus,main
pulse_count,6,3,36-18-48-15-22-35,1,0.00117371,verse,leviticus,main
pulse_count,6,4,18-48-15-22-35-35,1,0.00117371,verse,leviticus,main
pulse_count,6,5,48-15-22-35-35-25,1,0.00117371,verse,leviticus,main
pulse_count,6,6,15-22-35-35-25-40,1,0.00117371,verse,leviticus,main
pulse_count,6,7,22-35-35-25-40-34,1,0.00117371,verse,leviticus,main
pulse_count,6,8,35-35-25-40-34-41,1,0.00117371,verse,leviticus,main
pulse_count,6,9,35-25-40-34-41-28,1,0.00117371,verse,leviticus,main
pulse_count,6,10,25-40-34-41-28-34,1,0.00117371,verse,leviticus,main
pulse_count,6,11,40-34-41-28-34-29,1,0.00117371,verse,leviticus,main
pulse_count,6,12,34-41-28-34-29-41,1,0.00117371,verse,leviticus,main
pulse_count,6,13,41-28-34-29-41-37,1,0.00117371,verse,leviticus,main
pulse_count,6,14,28-34-29-41-37-59,1,0.00117371,verse,leviticus,main
pulse_count,6,15,34-29-41-37-59-27,1,0.00117371,verse,leviticus,main
pulse_count,6,16,29-41-37-59-27-37,1,0.00117371,verse,leviticus,main
pulse_count,6,17,41-37-59-27-37-25,1,0.00117371,verse,leviticus,main
pulse_count,6,18,37-59-27-37-25-19,1,0.00117371,verse,leviticus,main
pulse_count,6,19,59-27-37-25-19-19,1,0.00117371,verse,leviticus,main
pulse_count,6,20,27-37-25-19-19-33,1,0.00117371,verse,leviticus,main
pulse_count,6,21,37-25-19-19-33-31,1,0.00117371,verse,leviticus,main
pulse_count,6,22,25-19-19-33-31-27,1,0.00117371,verse,leviticus,main
pulse_count,6,23,19-19-33-31-27-35,1,0.00117371,verse,leviticus,main
pulse_count,6,24,19-33-31-27-35-23,1,0.00117371,verse,leviticus,main
pulse_count,6,25,33-31-27-35-23-40,1,0.00117371,verse,leviticus,main
pulse_count,6,26,31-27-35-23-40-30,1,0.00117371,verse,leviticus,main
pulse_count,6,27,27-35-23-40-30-22,1,0.00117371,verse,leviticus,main
pulse_count,6,28,35-23-40-30-22-28,1,0.00117371,verse,leviticus,main
pulse_count,6,29,23-40-30-22-28-35,1,0.00117371,verse,leviticus,main
pulse_count,6,30,40-30-22-28-35-40,1,0.00117371,verse,leviticus,main
pulse_count,6,31,30-22-28-35-40-35,1,0.00117371,verse,leviticus,main
pulse_count,6,32,22-28-35-40-35-38,1,0.00117371,verse,leviticus,main
pulse_count,6,33,28-35-40-35-38-35,1,0.00117371,verse,leviticus,main
pulse_count,6,34,35-40-35-38-35-27,1,0.00117371,verse,leviticus,main
pulse_count,6,35,40-35-38-35-27-20,1,0.00117371,verse,leviticus,main
pulse_count,6,36,35-38-35-27-20-38,1,0.00117371,verse,leviticus,main
pulse_count,6,37,38-35-27-20-38-50,1,0.00117371,verse,leviticus,main
pulse_count,6,38,35-27-20-38-50-38,1,0.00117371,verse,leviticus,main
pulse_count,6,39,27-20-38-50-38-17,1,0.00117371,verse,leviticus,main
pulse_count,6,40,20-38-50-38-17-14,1,0.00117371,verse,leviticus,main
pulse_count,6,41,38-50-38-17-14-36,1,0.00117371,verse,leviticus,main
pulse_count,6,42,50-38-17-14-36-35,1,0.00117371,verse,leviticus,main
pulse_count,6,43,38-17-14-36-35-38,1,0.00117371,verse,leviticus,main
pulse_count,6,44,17-14-36-35-38-25,1,0.00117371,verse,leviticus,main
pulse_count,6,45,14-36-35-38-25-26,1,0.00117371,verse,leviticus,main
pulse_count,6,46,36-35-38-25-26-11,1,0.00117371,verse,leviticus,main
pulse_count,6,47,35-38-25-26-11-38,1,0.00117371,verse,leviticus,main
pulse_count,6,48,38-25-26-11-38-35,1,0.00117371,verse,leviticus,main
pulse_count,6,49,25-26-11-38-35-38,1,0.00117371,verse,leviticus,main
pulse_count,6,50,26-11-38-35-38-22,1,0.00117371,verse,leviticus,main
accent_count,2,1,9-10,13,0.01518692,verse,leviticus,main
accent_count,2,2,9-13,11,0.01285047,verse,leviticus,main
accent_count,2,3,13-9,11,0.01285047,verse,leviticus,main
accent_count,2,4,12-9,11,0.01285047,verse,leviticus,main
accent_count,2,5,15-12,9,0.01051402,verse,leviticus,main
accent_count,2,6,12-12,9,0.01051402,verse,leviticus,main
accent_count,2,7,9-9,9,0.01051402,verse,leviticus,main
accent_count,2,8,12-11,9,0.01051402,verse,leviticus,main
accent_count,2,9,10-11,9,0.01051402,verse,leviticus,main
accent_count,2,10,11-9,9,0.01051402,verse,leviticus,main
accent_count,2,11,9-14,9,0.01051402,verse,leviticus,main
accent_count,2,12,10-8,8,0.00934579,verse,leviticus,main
accent_count,2,13,10-7,8,0.00934579,verse,leviticus,main
accent_count,2,14,6-11,8,0.00934579,verse,leviticus,main
accent_count,2,15,11-11,8,0.00934579,verse,leviticus,main
accent_count,2,16,8-10,8,0.00934579,verse,leviticus,main
accent_count,2,17,14-9,7,0.00817757,verse,leviticus,main
accent_count,2,18,11-12,7,0.00817757,verse,leviticus,main
accent_count,2,19,8-15,7,0.00817757,verse,leviticus,main
accent_count,2,20,9-12,7,0.00817757,verse,leviticus,main
accent_count,2,21,13-12,7,0.00817757,verse,leviticus,main
accent_count,2,22,16-13,7,0.00817757,verse,leviticus,main
accent_count,2,23,11-13,7,0.00817757,verse,leviticus,main
accent_count,2,24,13-13,6,0.00700935,verse,leviticus,main
accent_count,2,25,13-15,6,0.00700935,verse,leviticus,main
accent_count,2,26,8-9,6,0.00700935,verse,leviticus,main
accent_count,2,27,12-14,6,0.00700935,verse,leviticus,main
accent_count,2,28,12-19,6,0.00700935,verse,leviticus,main
accent_count,2,29,11-16,6,0.00700935,verse,leviticus,main
accent_count,2,30,10-6,6,0.00700935,verse,leviticus,main
accent_count,2,31,10-9,6,0.00700935,verse,leviticus,main
accent_count,2,32,9-11,6,0.00700935,verse,leviticus,main
accent_count,2,33,17-8,6,0.00700935,verse,leviticus,main
accent_count,2,34,9-15,5,0.00584112,verse,leviticus,main
accent_count,2,35,12-10,5,0.00584112,verse,leviticus,main
accent_count,2,36,15-20,5,0.00584112,verse,leviticus,main
accent_count,2,37,15-8,5,0.00584112,verse,leviticus,main
accent_count,2,38,6-10,5,0.00584112,verse,leviticus,main
accent_count,2,39,15-9,5,0.00584112,verse,leviticus,main
accent_count,2,40,14-10,5,0.00584112,verse,leviticus,main
accent_count,2,41,18-12,5,0.00584112,verse,leviticus,main
accent_count,2,42,14-12,5,0.00584112,verse,leviticus,main
accent_count,2,43,19-6,5,0.00584112,verse,leviticus,main
accent_count,2,44,13-14,5,0.00584112,verse,leviticus,main
accent_count,2,45,12-13,5,0.00584112,verse,leviticus,main
accent_count,2,46,13-10,5,0.00584112,verse,leviticus,main
accent_count,2,47,12-8,5,0.00584112,verse,leviticus,main
accent_count,2,48,8-12,5,0.00584112,verse,leviticus,main
accent_count,2,49,11-18,5,0.00584112,verse,leviticus,main
accent_count,2,50,14-13,5,0.00584112,verse,leviticus,main
accent_count,3,1,13-13-9,3,0.00350877,verse,leviticus,main
accent_count,3,2,15-8-8,3,0.00350877,verse,leviticus,main
accent_count,3,3,13-14-12,3,0.00350877,verse,leviticus,main
accent_count,3,4,9-10-11,3,0.00350877,verse,leviticus,main
accent_count,3,5,8-10-11,3,0.00350877,verse,leviticus,main
accent_count,3,6,13-9-10,3,0.00350877,verse,leviticus,main
accent_count,3,7,6-11-9,3,0.00350877,verse,leviticus,main
accent_count,3,8,12-9-10,3,0.00350877,verse,leviticus,main
accent_count,3,9,10-7-9,3,0.00350877,verse,leviticus,main
accent_count,3,10,9-9-14,3,0.00350877,verse,leviticus,main
accent_count,3,11,16-14-9,2,0.00233918,verse,leviticus,main
accent_count,3,12,9-15-13,2,0.00233918,verse,leviticus,main
accent_count,3,13,8-8-6,2,0.00233918,verse,leviticus,main
accent_count,3,14,10-10-8,2,0.00233918,verse,leviticus,main
accent_count,3,15,10-8-15,2,0.00233918,verse,leviticus,main
accent_count,3,16,13-8-9,2,0.00233918,verse,leviticus,main
accent_count,3,17,8-9-13,2,0.00233918,verse,leviticus,main
accent_count,3,18,14-10-8,2,0.00233918,verse,leviticus,main
accent_count,3,19,14-12-12,2,0.00233918,verse,leviticus,main
accent_count,3,20,12-12-9,2,0.00233918,verse,leviticus,main
accent_count,3,21,12-9-9,2,0.00233918,verse,leviticus,main
accent_count,3,22,9-13-22,2,0.00233918,verse,leviticus,main
accent_count,3,23,19-6-13,2,0.00233918,verse,leviticus,main
accent_count,3,24,14-12-13,2,0.00233918,verse,leviticus,main
accent_count,3,25,13-22-16,2,0.00233918,verse,leviticus,main
accent_count,3,26,13-12-11,2,0.00233918,verse,leviticus,main
accent_count,3,27,19-6-11,2,0.00233918,verse,leviticus,main
accent_count,3,28,18-13-10,2,0.00233918,verse,leviticus,main
accent_count,3,29,10-9-12,2,0.00233918,verse,leviticus,main
accent_count,3,30,12-8-9,2,0.00233918,verse,leviticus,main
accent_count,3,31,8-12-11,2,0.00233918,verse,leviticus,main
accent_count,3,32,12-11-13,2,0.00233918,verse,leviticus,main
accent_count,3,33,11-13-21,2,0.00233918,verse,leviticus,main
accent_count,3,34,15-12-10,2,0.00233918,verse,leviticus,main
accent_count,3,35,13-12-14,2,0.00233918,verse,leviticus,main
accent_count,3,36,12-14-13,2,0.00233918,verse,leviticus,main
accent_count,3,37,14-13-11,2,0.00233918,verse,leviticus,main
accent_count,3,38,11-11-15,2,0.00233918,verse,leviticus,main
accent_count,3,39,19-8-10,2,0.00233918,verse,leviticus,main
accent_count,3,40,18-13-9,2,0.00233918,verse,leviticus,main
accent_count,3,41,9-10-5,2,0.00233918,verse,leviticus,main
accent_count,3,42,10-13-13,2,0.00233918,verse,leviticus,main
accent_count,3,43,13-9-9,2,0.00233918,verse,leviticus,main
accent_count,3,44,14-20-6,2,0.00233918,verse,leviticus,main
accent_count,3,45,11-10-7,2,0.00233918,verse,leviticus,main
accent_count,3,46,7-11-16,2,0.00233918,verse,leviticus,main
accent_count,3,47,17-8-10,2,0.00233918,verse,leviticus,main
accent_count,3,48,12-11-11,2,0.00233918,verse,leviticus,main
accent_count,3,49,20-12-16,2,0.00233918,verse,leviticus,main
accent_count,3,50,19-13-9,2,0.00233918,verse,leviticus,main
accent_count,4,1,15-8-8-6,2,0.00234192,verse,leviticus,main
accent_count,4,2,13-14-12-13,2,0.00234192,verse,leviticus,main
accent_count,4,3,13-12-14-13,2,0.00234192,verse,leviticus,main
accent_count,4,4,13-9-10-5,2,0.00234192,verse,leviticus,main
accent_count,4,5,12-9-10-11,2,0.00234192,verse,leviticus,main
accent_count,4,6,11-12-15-12,2,0.00234192,verse,leviticus,main
accent_count,4,7,8-16-14-9,1,0.00117096,verse,leviticus,main
accent_count,4,8,16-14-9-17,1,0.00117096,verse,leviticus,main
accent_count,4,9,14-9-17-5,1,0.00117096,verse,leviticus,main
accent_count,4,10,9-17-5-9,1,0.00117096,verse,leviticus,main
accent_count,4,11,17-5-9-13,1,0.00117096,verse,leviticus,main
accent_count,4,12,5-9-13-13,1,0.00117096,verse,leviticus,main
accent_count,4,13,9-13-13-9,1,0.00117096,verse,leviticus,main
accent_count,4,14,13-13-9-15,1,0.00117096,verse,leviticus,main
accent_count,4,15,13-9-15-13,1,0.00117096,verse,leviticus,main
accent_count,4,16,9-15-13-15,1,0.00117096,verse,leviticus,main
accent_count,4,17,15-13-15-11,1,0.00117096,verse,leviticus,main
accent_count,4,18,13-15-11-12,1,0.00117096,verse,leviticus,main
accent_count,4,19,15-11-12-10,1,0.00117096,verse,leviticus,main
accent_count,4,20,11-12-10-18,1,0.00117096,verse,leviticus,main
accent_count,4,21,12-10-18-15,1,0.00117096,verse,leviticus,main
accent_count,4,22,10-18-15-20,1,0.00117096,verse,leviticus,main
accent_count,4,23,18-15-20-8,1,0.00117096,verse,leviticus,main
accent_count,4,24,15-20-8-15,1,0.00117096,verse,leviticus,main
accent_count,4,25,20-8-15-8,1,0.00117096,verse,leviticus,main
accent_count,4,26,8-15-8-8,1,0.00117096,verse,leviticus,main
accent_count,4,27,8-8-6-10,1,0.00117096,verse,leviticus,main
accent_count,4,28,8-6-10-10,1,0.00117096,verse,leviticus,main
accent_count,4,29,6-10-10-8,1,0.00117096,verse,leviticus,main
accent_count,4,30,10-10-8-15,1,0.00117096,verse,leviticus,main
accent_count,4,31,10-8-15-9,1,0.00117096,verse,leviticus,main
accent_count,4,32,8-15-9-15,1,0.00117096,verse,leviticus,main
accent_count,4,33,15-9-15-13,1,0.00117096,verse,leviticus,main
accent_count,4,34,9-15-13-8,1,0.00117096,verse,leviticus,main
accent_count,4,35,15-13-8-9,1,0.00117096,verse,leviticus,main
accent_count,4,36,13-8-9-13,1,0.00117096,verse,leviticus,main
accent_count,4,37,8-9-13-15,1,0.00117096,verse,leviticus,main
accent_count,4,38,9-13-15-12,1,0.00117096,verse,leviticus,main
accent_count,4,39,13-15-12-12,1,0.00117096,verse,leviticus,main
accent_count,4,40,15-12-12-14,1,0.00117096,verse,leviticus,main
accent_count,4,41,12-12-14-10,1,0.00117096,verse,leviticus,main
accent_count,4,42,12-14-10-8,1,0.00117096,verse,leviticus,main
accent_count,4,43,14-10-8-15,1,0.00117096,verse,leviticus,main
accent_count,4,44,10-8-15-18,1,0.00117096,verse,leviticus,main
accent_count,4,45,8-15-18-12,1,0.00117096,verse,leviticus,main
accent_count,4,46,15-18-12-6,1,0.00117096,verse,leviticus,main
accent_count,4,47,18-12-6-6,1,0.00117096,verse,leviticus,main
accent_count,4,48,12-6-6-14,1,0.00117096,verse,leviticus,main
accent_count,4,49,6-6-14-12,1,0.00117096,verse,leviticus,main
accent_count,4,50,6-14-12-12,1,0.00117096,verse,leviticus,main
accent_count,5,1,8-16-14-9-17,1,0.00117233,verse,leviticus,main
accent_count,5,2,16-14-9-17-5,1,0.00117233,verse,leviticus,main
accent_count,5,3,14-9-17-5-9,1,0.00117233,verse,leviticus,main
accent_count,5,4,9-17-5-9-13,1,0.00117233,verse,leviticus,main
accent_count,5,5,17-5-9-13-13,1,0.00117233,verse,leviticus,main
accent_count,5,6,5-9-13-13-9,1,0.00117233,verse,leviticus,main
accent_count,5,7,9-13-13-9-15,1,0.00117233,verse,leviticus,main
accent_count,5,8,13-13-9-15-13,1,0.00117233,verse,leviticus,main
accent_count,5,9,13-9-15-13-15,1,0.00117233,verse,leviticus,main
accent_count,5,10,9-15-13-15-11,1,0.00117233,verse,leviticus,main
accent_count,5,11,15-13-15-11-12,1,0.00117233,verse,leviticus,main
accent_count,5,12,13-15-11-12-10,1,0.00117233,verse,leviticus,main
accent_count,5,13,15-11-12-10-18,1,0.00117233,verse,leviticus,main
accent_count,5,14,11-12-10-18-15,1,0.00117233,verse,leviticus,main
accent_count,5,15,12-10-18-15-20,1,0.00117233,verse,leviticus,main
accent_count,5,16,10-18-15-20-8,1,0.00117233,verse,leviticus,main
accent_count,5,17,18-15-20-8-15,1,0.00117233,verse,leviticus,main
accent_count,5,18,15-20-8-15-8,1,0.00117233,verse,leviticus,main
accent_count,5,19,20-8-15-8-8,1,0.00117233,verse,leviticus,main
accent_count,5,20,8-15-8-8-6,1,0.00117233,verse,leviticus,main
accent_count,5,21,15-8-8-6-10,1,0.00117233,verse,leviticus,main
accent_count,5,22,8-8-6-10-10,1,0.00117233,verse,leviticus,main
accent_count,5,23,8-6-10-10-8,1,0.00117233,verse,leviticus,main
accent_count,5,24,6-10-10-8-15,1,0.00117233,verse,leviticus,main
accent_count,5,25,10-10-8-15-9,1,0.00117233,verse,leviticus,main
accent_count,5,26,10-8-15-9-15,1,0.00117233,verse,leviticus,main
accent_count,5,27,8-15-9-15-13,1,0.00117233,verse,leviticus,main
accent_count,5,28,15-9-15-13-8,1,0.00117233,verse,leviticus,main
accent_count,5,29,9-15-13-8-9,1,0.00117233,verse,leviticus,main
accent_count,5,30,15-13-8-9-13,1,0.00117233,verse,leviticus,main
accent_count,5,31,13-8-9-13-15,1,0.00117233,verse,leviticus,main
accent_count,5,32,8-9-13-15-12,1,0.00117233,verse,leviticus,main
accent_count,5,33,9-13-15-12-12,1,0.00117233,verse,leviticus,main
accent_count,5,34,13-15-12-12-14,1,0.00117233,verse,leviticus,main
accent_count,5,35,15-12-12-14-10,1,0.00117233,verse,leviticus,main
accent_count,5,36,12-12-14-10-8,1,0.00117233,verse,leviticus,main
accent_count,5,37,12-14-10-8-15,1,0.00117233,verse,leviticus,main
accent_count,5,38,14-10-8-15-18,1,0.00117233,verse,leviticus,main
accent_count,5,39,10-8-15-18-12,1,0.00117233,verse,leviticus,main
accent_count,5,40,8-15-18-12-6,1,0.00117233,verse,leviticus,main
accent_count,5,41,15-18-12-6-6,1,0.00117233,verse,leviticus,main
accent_count,5,42,18-12-6-6-14,1,0.00117233,verse,leviticus,main
accent_count,5,43,12-6-6-14-12,1,0.00117233,verse,leviticus,main
accent_count,5,44,6-6-14-12-12,1,0.00117233,verse,leviticus,main
accent_count,5,45,6-14-12-12-9,1,0.00117233,verse,leviticus,main
accent_count,5,46,14-12-12-9-9,1,0.00117233,verse,leviticus,main
accent_count,5,47,12-12-9-9-4,1,0.00117233,verse,leviticus,main
accent_count,5,48,12-9-9-4-17,1,0.00117233,verse,leviticus,main
accent_count,5,49,9-9-4-17-16,1,0.00117233,verse,leviticus,main
accent_count,5,50,9-4-17-16-15,1,0.00117233,verse,leviticus,main
accent_count,6,1,8-16-14-9-17-5,1,0.00117371,verse,leviticus,main
accent_count,6,2,16-14-9-17-5-9,1,0.00117371,verse,leviticus,main
accent_count,6,3,14-9-17-5-9-13,1,0.00117371,verse,leviticus,main
accent_count,6,4,9-17-5-9-13-13,1,0.00117371,verse,leviticus,main
accent_count,6,5,17-5-9-13-13-9,1,0.00117371,verse,leviticus,main
accent_count,6,6,5-9-13-13-9-15,1,0.00117371,verse,leviticus,main
accent_count,6,7,9-13-13-9-15-13,1,0.00117371,verse,leviticus,main
accent_count,6,8,13-13-9-15-13-15,1,0.00117371,verse,leviticus,main
accent_count,6,9,13-9-15-13-15-11,1,0.00117371,verse,leviticus,main
accent_count,6,10,9-15-13-15-11-12,1,0.00117371,verse,leviticus,main
accent_count,6,11,15-13-15-11-12-10,1,0.00117371,verse,leviticus,main
accent_count,6,12,13-15-11-12-10-18,1,0.00117371,verse,leviticus,main
accent_count,6,13,15-11-12-10-18-15,1,0.00117371,verse,leviticus,main
accent_count,6,14,11-12-10-18-15-20,1,0.00117371,verse,leviticus,main
accent_count,6,15,12-10-18-15-20-8,1,0.00117371,verse,leviticus,main
accent_count,6,16,10-18-15-20-8-15,1,0.00117371,verse,leviticus,main
accent_count,6,17,18-15-20-8-15-8,1,0.00117371,verse,leviticus,main
accent_count,6,18,15-20-8-15-8-8,1,0.00117371,verse,leviticus,main
accent_count,6,19,20-8-15-8-8-6,1,0.00117371,verse,leviticus,main
accent_count,6,20,8-15-8-8-6-10,1,0.00117371,verse,leviticus,main
accent_count,6,21,15-8-8-6-10-10,1,0.00117371,verse,leviticus,main
accent_count,6,22,8-8-6-10-10-8,1,0.00117371,verse,leviticus,main
accent_count,6,23,8-6-10-10-8-15,1,0.00117371,verse,leviticus,main
accent_count,6,24,6-10-10-8-15-9,1,0.00117371,verse,leviticus,main
accent_count,6,25,10-10-8-15-9-15,1,0.00117371,verse,leviticus,main
accent_count,6,26,10-8-15-9-15-13,1,0.00117371,verse,leviticus,main
accent_count,6,27,8-15-9-15-13-8,1,0.00117371,verse,leviticus,main
accent_count,6,28,15-9-15-13-8-9,1,0.00117371,verse,leviticus,main
accent_count,6,29,9-15-13-8-9-13,1,0.00117371,verse,leviticus,main
accent_count,6,30,15-13-8-9-13-15,1,0.00117371,verse,leviticus,main
accent_count,6,31,13-8-9-13-15-12,1,0.00117371,verse,leviticus,main
accent_count,6,32,8-9-13-15-12-12,1,0.00117371,verse,leviticus,main
accent_count,6,33,9-13-15-12-12-14,1,0.00117371,verse,leviticus,main
accent_count,6,34,13-15-12-12-14-10,1,0.00117371,verse,leviticus,main
accent_count,6,35,15-12-12-14-10-8,1,0.00117371,verse,leviticus,main
accent_count,6,36,12-12-14-10-8-15,1,0.00117371,verse,leviticus,main
accent_count,6,37,12-14-10-8-15-18,1,0.00117371,verse,leviticus,main
accent_count,6,38,14-10-8-15-18-12,1,0.00117371,verse,leviticus,main
accent_count,6,39,10-8-15-18-12-6,1,0.00117371,verse,leviticus,main
accent_count,6,40,8-15-18-12-6-6,1,0.00117371,verse,leviticus,main
accent_count,6,41,15-18-12-6-6-14,1,0.00117371,verse,leviticus,main
accent_count,6,42,18-12-6-6-14-12,1,0.00117371,verse,leviticus,main
accent_count,6,43,12-6-6-14-12-12,1,0.00117371,verse,leviticus,main
accent_count,6,44,6-6-14-12-12-9,1,0.00117371,verse,leviticus,main
accent_count,6,45,6-14-12-12-9-9,1,0.00117371,verse,leviticus,main
accent_count,6,46,14-12-12-9-9-4,1,0.00117371,verse,leviticus,main
accent_count,6,47,12-12-9-9-4-17,1,0.00117371,verse,leviticus,main
accent_count,6,48,12-9-9-4-17-16,1,0.00117371,verse,leviticus,main
accent_count,6,49,9-9-4-17-16-15,1,0.00117371,verse,leviticus,main
accent_count,6,50,9-4-17-16-15-9,1,0.00117371,verse,leviticus,main
word_count,2,1,6-5,33,0.01977232,major,leviticus,main
word_count,2,2,5-5,31,0.018574,major,leviticus,main
word_count,2,3,4-5,30,0.01797484,major,leviticus,main
word_count,2,4,5-4,28,0.01677651,major,leviticus,main
word_count,2,5,5-6,28,0.01677651,major,leviticus,main
word_count,2,6,7-5,28,0.01677651,major,leviticus,main
word_count,2,7,4-7,26,0.01557819,major,leviticus,main
word_count,2,8,6-4,26,0.01557819,major,leviticus,main
word_count,2,9,3-5,25,0.01497903,major,leviticus,main
word_count,2,10,7-3,24,0.01437987,major,leviticus,main
word_count,2,11,4-6,23,0.01378071,major,leviticus,main
word_count,2,12,3-7,23,0.01378071,major,leviticus,main
word_count,2,13,5-3,23,0.01378071,major,leviticus,main
word_count,2,14,7-7,23,0.01378071,major,leviticus,main
word_count,2,15,5-7,23,0.01378071,major,leviticus,main
word_count,2,16,7-6,22,0.01318155,major,leviticus,main
word_count,2,17,5-9,22,0.01318155,major,leviticus,main
word_count,2,18,5-11,21,0.01258238,major,leviticus,main
word_count,2,19,9-5,20,0.01198322,major,leviticus,main
word_count,2,20,4-4,20,0.01198322,major,leviticus,main
word_count,2,21,7-4,19,0.01138406,major,leviticus,main
word_count,2,22,6-6,19,0.01138406,major,leviticus,main
word_count,2,23,8-4,18,0.0107849,major,leviticus,main
word_count,2,24,8-5,18,0.0107849,major,leviticus,main
word_count,2,25,6-7,18,0.0107849,major,leviticus,main
word_count,2,26,8-6,17,0.01018574,major,leviticus,main
word_count,2,27,3-6,16,0.00958658,major,leviticus,main
word_count,2,28,10-7,16,0.00958658,major,leviticus,main
word_count,2,29,5-10,16,0.00958658,major,leviticus,main
word_count,2,30,5-8,16,0.00958658,major,leviticus,main
word_count,2,31,4-8,15,0.00898742,major,leviticus,main
word_count,2,32,6-8,15,0.00898742,major,leviticus,main
word_count,2,33,3-3,13,0.0077891,major,leviticus,main
word_count,2,34,9-9,13,0.0077891,major,leviticus,main
word_count,2,35,11-5,13,0.0077891,major,leviticus,main
word_count,2,36,4-9,13,0.0077891,major,leviticus,main
word_count,2,37,13-3,13,0.0077891,major,leviticus,main
word_count,2,38,9-4,13,0.0077891,major,leviticus,main
word_count,2,39,9-3,13,0.0077891,major,leviticus,main
word_count,2,40,3-8,12,0.00718993,major,leviticus,main
word_count,2,41,11-4,12,0.00718993,major,leviticus,main
word_count,2,42,6-9,12,0.00718993,major,leviticus,main
word_count,2,43,4-3,12,0.00718993,major,leviticus,main
word_count,2,44,10-5,12,0.00718993,major,leviticus,main
word_count,2,45,3-10,12,0.00718993,major,leviticus,main
word_count,2,46,7-8,12,0.00718993,major,leviticus,main
word_count,2,47,2-5,12,0.00718993,major,leviticus,main
word_count,2,48,7-10,12,0.00718993,major,leviticus,main
word_count,2,49,6-3,12,0.00718993,major,leviticus,main
word_count,2,50,9-7,11,0.00659077,major,leviticus,main
word_count,3,1,5-6-5,7,0.00419664,major,leviticus,main
word_count,3,2,6-4-5,7,0.00419664,major,leviticus,main
word_count,3,3,3-7-4,6,0.00359712,major,leviticus,main
word_count,3,4,3-10-8,6,0.00359712,major,leviticus,main
word_count,3,5,5-3-5,6,0.00359712,major,leviticus,main
word_count,3,6,5-13-3,6,0.00359712,major,leviticus,main
word_count,3,7,6-5-7,6,0.00359712,major,leviticus,main
word_count,3,8,4-6-5,6,0.00359712,major,leviticus,main
word_count,3,9,6-7-3,6,0.00359712,major,leviticus,main
word_count,3,10,5-4-6,5,0.0029976,major,leviticus,main
word_count,3,11,5-4-8,5,0.0029976,major,leviticus,main
word_count,3,12,4-5-4,5,0.0029976,major,leviticus,main
word_count,3,13,4-7-5,5,0.0029976,major,leviticus,main
word_count,3,14,5-10-5,5,0.0029976,major,leviticus,main
word_count,3,15,5-7-10,5,0.0029976,major,leviticus,main
word_count,3,16,6-4-7,5,0.0029976,major,leviticus,main
word_count,3,17,4-7-7,5,0.0029976,major,leviticus,main
word_count,3,18,4-5-5,5,0.0029976,major,leviticus,main
word_count,3,19,5-4-4,5,0.0029976,major,leviticus,main
word_count,3,20,5-6-6,5,0.0029976,major,leviticus,main
word_count,3,21,4-4-5,5,0.0029976,major,leviticus,main
word_count,3,22,3-5-3,5,0.0029976,major,leviticus,main
word_count,3,23,9-5-4,4,0.00239808,major,leviticus,main
word_count,3,24,9-5-5,4,0.00239808,major,leviticus,main
word_count,3,25,6-2-4,4,0.00239808,major,leviticus,main
word_count,3,26,6-12-5,4,0.00239808,major,leviticus,main
word_count,3,27,11-10-7,4,0.00239808,major,leviticus,main
word_count,3,28,5-6-4,4,0.00239808,major,leviticus,main
word_count,3,29,10-7-3,4,0.00239808,major,leviticus,main
word_count,3,30,7-3-7,4,0.00239808,major,leviticus,main
word_count,3,31,5-5-11,4,0.00239808,major,leviticus,main
word_count,3,32,3-5-8,4,0.00239808,major,leviticus,main
word_count,3,33,10-6-5,4,0.00239808,major,leviticus,main
word_count,3,34,5-5-4,4,0.00239808,major,leviticus,main
word_count,3,35,7-7-5,4,0.00239808,major,leviticus,main
word_count,3,36,7-5-9,4,0.00239808,major,leviticus,main
word_count,3,37,7-7-3,4,0.00239808,major,leviticus,main
word_count,3,38,7-3-9,4,0.00239808,major,leviticus,main
word_count,3,39,6-7-6,4,0.00239808,major,leviticus,main
word_count,3,40,5-7-5,4,0.00239808,major,leviticus,main
word_count,3,41,7-5-3,4,0.00239808,major,leviticus,main
word_count,3,42,7-6-2,4,0.00239808,major,leviticus,main
word_count,3,43,7-5-11,4,0.00239808,major,leviticus,main
word_count,3,44,4-3-4,4,0.00239808,major,leviticus,main
word_count,3,45,5-9-5,4,0.00239808,major,leviticus,main
word_count,3,46,5-11-5,4,0.00239808,major,leviticus,main
word_count,3,47,6-4-6,4,0.00239808,major,leviticus,main
word_count,3,48,6-5-4,4,0.00239808,major,leviticus,main
word_count,3,49,4-7-3,4,0.00239808,major,leviticus,main
word_count,3,50,7-3-6,4,0.00239808,major,leviticus,main
word_count,4,1,6-5-7-10,4,0.00239952,major,leviticus,main
word_count,4,2,3-10-8-5,3,0.00179964,major,leviticus,main
word_count,4,3,2-4-6-5,3,0.00179964,major,leviticus,main
word_count,4,4,6-4-7-7,3,0.00179964,major,leviticus,main
word_count,4,5,12-9-8-9,2,0.00119976,major,leviticus,main
word_count,4,6,9-5-4-6,2,0.00119976,major,leviticus,main
word_count,4,7,3-3-7-4,2,0.00119976,major,leviticus,main
word_count,4,8,9-5-5-6,2,0.00119976,major,leviticus,main
word_count,4,9,5-6-2-4,2,0.00119976,major,leviticus,main
word_count,4,10,6-2-4-3,2,0.00119976,major,leviticus,main
word_count,4,11,7-6-8-4,2,0.00119976,major,leviticus,main
word_count,4,12,4-5-4-8,2,0.00119976,major,leviticus,main
word_count,4,13,9-9-5-11,2,0.00119976,major,leviticus,main
word_count,4,14,9-5-11-10,2,0.00119976,major,leviticus,main
word_count,4,15,5-11-10-7,2,0.00119976,major,leviticus,main
word_count,4,16,11-10-7-3,2,0.00119976,major,leviticus,main
word_count,4,17,7-3-7-5,2,0.00119976,major,leviticus,main
word_count,4,18,3-7-5-6,2,0.00119976,major,leviticus,main
word_count,4,19,7-5-6-5,2,0.00119976,major,leviticus,main
word_count,4,20,5-10-5-16,2,0.00119976,major,leviticus,main
word_count,4,21,2-11-3-5,2,0.00119976,major,leviticus,main
word_count,4,22,7-7-5-9,2,0.00119976,major,leviticus,main
word_count,4,23,6-7-6-5,2,0.00119976,major,leviticus,main
word_count,4,24,6-5-11-6,2,0.00119976,major,leviticus,main
word_count,4,25,7-6-2-4,2,0.00119976,major,leviticus,main
word_count,4,26,6-2-4-6,2,0.00119976,major,leviticus,main
word_count,4,27,5-7-10-5,2,0.00119976,major,leviticus,main
word_count,4,28,4-7-7-7,2,0.00119976,major,leviticus,main
word_count,4,29,7-7-5-11,2,0.00119976,major,leviticus,main
word_count,4,30,10-4-20-4,2,0.00119976,major,leviticus,main
word_count,4,31,4-5-5-7,2,0.00119976,major,leviticus,main
word_count,4,32,5-5-11-5,2,0.00119976,major,leviticus,main
word_count,4,33,5-11-5-12,2,0.00119976,major,leviticus,main
word_count,4,34,3-6-3-7,2,0.00119976,major,leviticus,main
word_count,4,35,6-4-6-6,2,0.00119976,major,leviticus,main
word_count,4,36,6-4-5-14,2,0.00119976,major,leviticus,main
word_count,4,37,3-10-7-3,2,0.00119976,major,leviticus,main
word_count,4,38,3-5-4-4,2,0.00119976,major,leviticus,main
word_count,4,39,5-4-4-9,2,0.00119976,major,leviticus,main
word_count,4,40,10-4-7-5,2,0.00119976,major,leviticus,main
word_count,4,41,5-10-6-11,2,0.00119976,major,leviticus,main
word_count,4,42,5-13-3-5,2,0.00119976,major,leviticus,main
word_count,4,43,4-8-5-9,2,0.00119976,major,leviticus,main
word_count,4,44,9-9-2-9,2,0.00119976,major,leviticus,main
word_count,4,45,4-7-3-6,2,0.00119976,major,leviticus,main
word_count,4,46,7-3-6-6,2,0.00119976,major,leviticus,main
word_count,4,47,5-7-8-5,2,0.00119976,major,leviticus,main
word_count,4,48,5-7-5-10,2,0.00119976,major,leviticus,main
word_count,4,49,5-9-5-5,2,0.00119976,major,leviticus,main
word_count,4,50,5-5-8-5,2,0.00119976,major,leviticus,main
word_count,5,1,5-6-2-4-3,2,0.00120048,major,leviticus,main
word_count,5,2,9-9-5-11-10,2,0.00120048,major,leviticus,main
word_count,5,3,3-7-5-6-5,2,0.00120048,major,leviticus,main
word_count,5,4,7-6-2-4-6,2,0.00120048,major,leviticus,main
word_count,5,5,6-2-4-6-5,2,0.00120048,major,leviticus,main
word_count,5,6,6-4-7-7-7,2,0.00120048,major,leviticus,main
word_count,5,7,3-5-4-4-9,2,0.00120048,major,leviticus,main
word_count,5,8,6-6-7-3-6,2,0.00120048,major,leviticus,main
word_count,5,9,8-6-4-4-5,2,0.00120048,major,leviticus,main
word_count,5,10,6-4-4-5-4,2,0.00120048,major,leviticus,main
word_count,5,11,6-5-7-10-6,2,0.00120048,major,leviticus,main
word_count,5,12,7-3-10-8-5,2,0.00120048,major,leviticus,main
word_count,5,13,3-10-8-5-12,2,0.00120048,major,leviticus,main
word_count,5,14,3-6-12-9-8,1,0.00060024,major,leviticus,main
word_count,5,15,6-12-9-8-9,1,0.00060024,major,leviticus,main
word_count,5,16,12-9-8-9-5,1,0.00060024,major,leviticus,main
word_count,5,17,9-8-9-5-4,1,0.00060024,major,leviticus,main
word_count,5,18,8-9-5-4-6,1,0.00060024,major,leviticus,main
word_count,5,19,9-5-4-6-16,1,0.00060024,major,leviticus,main
word_count,5,20,5-4-6-16-3,1,0.00060024,major,leviticus,main
word_count,5,21,4-6-16-3-3,1,0.00060024,major,leviticus,main
word_count,5,22,6-16-3-3-7,1,0.00060024,major,leviticus,main
word_count,5,23,16-3-3-7-4,1,0.00060024,major,leviticus,main
word_count,5,24,3-3-7-4-10,1,0.00060024,major,leviticus,main
word_count,5,25,3-7-4-10-8,1,0.00060024,major,leviticus,main
word_count,5,26,7-4-10-8-4,1,0.00060024,major,leviticus,main
word_count,5,27,4-10-8-4-10,1,0.00060024,major,leviticus,main
word_count,5,28,10-8-4-10-10,1,0.00060024,major,leviticus,main
word_count,5,29,8-4-10-10-3,1,0.00060024,major,leviticus,main
word_count,5,30,4-10-10-3-8,1,0.00060024,major,leviticus,main
word_count,5,31,10-10-3-8-9,1,0.00060024,major,leviticus,main
word_count,5,32,10-3-8-9-7,1,0.00060024,major,leviticus,main
word_count,5,33,3-8-9-7-11,1,0.00060024,major,leviticus,main
word_count,5,34,8-9-7-11-4,1,0.00060024,major,leviticus,main
word_count,5,35,9-7-11-4-12,1,0.00060024,major,leviticus,main
word_count,5,36,7-11-4-12-6,1,0.00060024,major,leviticus,main
word_count,5,37,11-4-12-6-9,1,0.00060024,major,leviticus,main
word_count,5,38,4-12-6-9-9,1,0.00060024,major,leviticus,main
word_count,5,39,12-6-9-9-5,1,0.00060024,major,leviticus,main
word_count,5,40,6-9-9-5-4,1,0.00060024,major,leviticus,main
word_count,5,41,9-9-5-4-8,1,0.00060024,major,leviticus,main
word_count,5,42,9-5-4-8-14,1,0.00060024,major,leviticus,main
word_count,5,43,5-4-8-14-6,1,0.00060024,major,leviticus,main
word_count,5,44,4-8-14-6-9,1,0.00060024,major,leviticus,main
word_count,5,45,8-14-6-9-6,1,0.00060024,major,leviticus,main
word_count,5,46,14-6-9-6-14,1,0.00060024,major,leviticus,main
word_count,5,47,6-9-6-14-9,1,0.00060024,major,leviticus,main
word_count,5,48,9-6-14-9-5,1,0.00060024,major,leviticus,main
word_count,5,49,6-14-9-5-4,1,0.00060024,major,leviticus,main
word_count,5,50,14-9-5-4-6,1,0.00060024,major,leviticus,main
word_count,6,1,7-6-2-4-6-5,2,0.0012012,major,leviticus,main
word_count,6,2,8-6-4-4-5-4,2,0.0012012,major,leviticus,main
word_count,6,3,7-3-10-8-5-12,2,0.0012012,major,leviticus,main
word_count,6,4,3-6-12-9-8-9,1,0.0006006,major,leviticus,main
word_count,6,5,6-12-9-8-9-5,1,0.0006006,major,leviticus,main
word_count,6,6,12-9-8-9-5-4,1,0.0006006,major,leviticus,main
word_count,6,7,9-8-9-5-4-6,1,0.0006006,major,leviticus,main
word_count,6,8,8-9-5-4-6-16,1,0.0006006,major,leviticus,main
word_count,6,9,9-5-4-6-16-3,1,0.0006006,major,leviticus,main
word_count,6,10,5-4-6-16-3-3,1,0.0006006,major,leviticus,main
word_count,6,11,4-6-16-3-3-7,1,0.0006006,major,leviticus,main
word_count,6,12,6-16-3-3-7-4,1,0.0006006,major,leviticus,main
word_count,6,13,16-3-3-7-4-10,1,0.0006006,major,leviticus,main
word_count,6,14,3-3-7-4-10-8,1,0.0006006,major,leviticus,main
word_count,6,15,3-7-4-10-8-4,1,0.0006006,major,leviticus,main
word_count,6,16,7-4-10-8-4-10,1,0.0006006,major,leviticus,main
word_count,6,17,4-10-8-4-10-10,1,0.0006006,major,leviticus,main
word_count,6,18,10-8-4-10-10-3,1,0.0006006,major,leviticus,main
word_count,6,19,8-4-10-10-3-8,1,0.0006006,major,leviticus,main
word_count,6,20,4-10-10-3-8-9,1,0.0006006,major,leviticus,main
word_count,6,21,10-10-3-8-9-7,1,0.0006006,major,leviticus,main
word_count,6,22,10-3-8-9-7-11,1,0.0006006,major,leviticus,main
word_count,6,23,3-8-9-7-11-4,1,0.0006006,major,leviticus,main
word_count,6,24,8-9-7-11-4-12,1,0.0006006,major,leviticus,main
word_count,6,25,9-7-11-4-12-6,1,0.0006006,major,leviticus,main
word_count,6,26,7-11-4-12-6-9,1,0.0006006,major,leviticus,main
word_count,6,27,11-4-12-6-9-9,1,0.0006006,major,leviticus,main
word_count,6,28,4-12-6-9-9-5,1,0.0006006,major,leviticus,main
word_count,6,29,12-6-9-9-5-4,1,0.0006006,major,leviticus,main
word_count,6,30,6-9-9-5-4-8,1,0.0006006,major,leviticus,main
word_count,6,31,9-9-5-4-8-14,1,0.0006006,major,leviticus,main
word_count,6,32,9-5-4-8-14-6,1,0.0006006,major,leviticus,main
word_count,6,33,5-4-8-14-6-9,1,0.0006006,major,leviticus,main
word_count,6,34,4-8-14-6-9-6,1,0.0006006,major,leviticus,main
word_count,6,35,8-14-6-9-6-14,1,0.0006006,major,leviticus,main
word_count,6,36,14-6-9-6-14-9,1,0.0006006,major,leviticus,main
word_count,6,37,6-9-6-14-9-5,1,0.0006006,major,leviticus,main
word_count,6,38,9-6-14-9-5-4,1,0.0006006,major,leviticus,main
word_count,6,39,6-14-9-5-4-6,1,0.0006006,major,leviticus,main
word_count,6,40,14-9-5-4-6-9,1,0.0006006,major,leviticus,main
word_count,6,41,9-5-4-6-9-5,1,0.0006006,major,leviticus,main
word_count,6,42,5-4-6-9-5-5,1,0.0006006,major,leviticus,main
word_count,6,43,4-6-9-5-5-6,1,0.0006006,major,leviticus,main
word_count,6,44,6-9-5-5-6-2,1,0.0006006,major,leviticus,main
word_count,6,45,9-5-5-6-2-4,1,0.0006006,major,leviticus,main
word_count,6,46,5-5-6-2-4-3,1,0.0006006,major,leviticus,main
word_count,6,47,5-6-2-4-3-7,1,0.0006006,major,leviticus,main
word_count,6,48,6-2-4-3-7-6,1,0.0006006,major,leviticus,main
word_count,6,49,2-4-3-7-6-8,1,0.0006006,major,leviticus,main
word_count,6,50,4-3-7-6-8-4,1,0.0006006,major,leviticus,main
pulse_count,2,1,9-11,14,0.00838826,major,leviticus,main
pulse_count,2,2,13-9,12,0.00718993,major,leviticus,main
pulse_count,2,3,12-11,11,0.00659077,major,leviticus,main
pulse_count,2,4,11-9,11,0.00659077,major,leviticus,main
pulse_count,2,5,10-11,10,0.00599161,major,leviticus,main
pulse_count,2,6,11-12,10,0.00599161,major,leviticus,main
pulse_count,2,7,17-10,9,0.00539245,major,leviticus,main
pulse_count,2,8,18-11,9,0.00539245,major,leviticus,main
pulse_count,2,9,11-19,9,0.00539245,major,leviticus,main
pulse_count,2,10,9-19,9,0.00539245,major,leviticus,main
pulse_count,2,11,15-10,9,0.00539245,major,leviticus,main
pulse_count,2,12,9-9,8,0.00479329,major,leviticus,main
pulse_count,2,13,9-16,8,0.00479329,major,leviticus,main
pulse_count,2,14,11-13,8,0.00479329,major,leviticus,main
pulse_count,2,15,9-7,8,0.00479329,major,leviticus,main
pulse_count,2,16,11-21,8,0.00479329,major,leviticus,main
pulse_count,2,17,12-8,8,0.00479329,major,leviticus,main
pulse_count,2,18,9-14,8,0.00479329,major,leviticus,main
pulse_count,2,19,14-11,8,0.00479329,major,leviticus,main
pulse_count,2,20,13-13,8,0.00479329,major,leviticus,main
pulse_count,2,21,12-9,8,0.00479329,major,leviticus,main
pulse_count,2,22,5-11,8,0.00479329,major,leviticus,main
pulse_count,2,23,18-9,7,0.00419413,major,leviticus,main
pulse_count,2,24,21-13,7,0.00419413,major,leviticus,main
pulse_count,2,25,21-17,7,0.00419413,major,leviticus,main
pulse_count,2,26,13-14,7,0.00419413,major,leviticus,main
pulse_count,2,27,12-19,7,0.00419413,major,leviticus,main
pulse_count,2,28,8-16,7,0.00419413,major,leviticus,main
pulse_count,2,29,13-10,7,0.00419413,major,leviticus,main
pulse_count,2,30,9-12,7,0.00419413,major,leviticus,main
pulse_count,2,31,13-21,7,0.00419413,major,leviticus,main
pulse_count,2,32,11-10,7,0.00419413,major,leviticus,main
pulse_count,2,33,16-11,7,0.00419413,major,leviticus,main
pulse_count,2,34,19-9,7,0.00419413,major,leviticus,main
pulse_count,2,35,9-17,7,0.00419413,major,leviticus,main
pulse_count,2,36,7-17,6,0.00359497,major,leviticus,main
pulse_count,2,37,18-4,6,0.00359497,major,leviticus,main
pulse_count,2,38,13-22,6,0.00359497,major,leviticus,main
pulse_count,2,39,22-21,6,0.00359497,major,leviticus,main
pulse_count,2,40,17-11,6,0.00359497,major,leviticus,main
pulse_count,2,41,11-6,6,0.00359497,major,leviticus,main
pulse_count,2,42,16-10,6,0.00359497,major,leviticus,main
pulse_count,2,43,9-18,6,0.00359497,major,leviticus,main
pulse_count,2,44,6-11,6,0.00359497,major,leviticus,main
pulse_count,2,45,17-12,6,0.00359497,major,leviticus,main
pulse_count,2,46,11-15,6,0.00359497,major,leviticus,main
pulse_count,2,47,16-19,6,0.00359497,major,leviticus,main
pulse_count,2,48,18-12,6,0.00359497,major,leviticus,main
pulse_count,2,49,25-9,6,0.00359497,major,leviticus,main
pulse_count,2,50,16-16,6,0.00359497,major,leviticus,main
pulse_count,3,1,12-11-9,5,0.0029976,major,leviticus,main
pulse_count,3,2,22-21-17,4,0.00239808,major,leviticus,main
pulse_count,3,3,13-22-21,3,0.00179856,major,leviticus,main
pulse_count,3,4,21-17-11,3,0.00179856,major,leviticus,main
pulse_count,3,5,11-9-25,3,0.00179856,major,leviticus,main
pulse_count,3,6,14-12-9,3,0.00179856,major,leviticus,main
pulse_count,3,7,9-18-15,3,0.00179856,major,leviticus,main
pulse_count,3,8,18-15-18,3,0.00179856,major,leviticus,main
pulse_count,3,9,13-24-20,2,0.00119904,major,leviticus,main
pulse_count,3,10,16-6-22,2,0.00119904,major,leviticus,main
pulse_count,3,11,24-10-11,2,0.00119904,major,leviticus,main
pulse_count,3,12,10-11-18,2,0.00119904,major,leviticus,main
pulse_count,3,13,10-17-18,2,0.00119904,major,leviticus,main
pulse_count,3,14,11-19-18,2,0.00119904,major,leviticus,main
pulse_count,3,15,21-13-22,2,0.00119904,major,leviticus,main
pulse_count,3,16,21-17-28,2,0.00119904,major,leviticus,main
pulse_count,3,17,17-11-14,2,0.00119904,major,leviticus,main
pulse_count,3,18,20-9-7,2,0.00119904,major,leviticus,main
pulse_count,3,19,16-14-19,2,0.00119904,major,leviticus,main
pulse_count,3,20,11-9-11,2,0.00119904,major,leviticus,main
pulse_count,3,21,10-10-11,2,0.00119904,major,leviticus,main
pulse_count,3,22,11-12-26,2,0.00119904,major,leviticus,main
pulse_count,3,23,12-26-16,2,0.00119904,major,leviticus,main
pulse_count,3,24,8-16-19,2,0.00119904,major,leviticus,main
pulse_count,3,25,25-9-11,2,0.00119904,major,leviticus,main
pulse_count,3,26,16-16-9,2,0.00119904,major,leviticus,main
pulse_count,3,27,9-14-11,2,0.00119904,major,leviticus,main
pulse_count,3,28,13-13-10,2,0.00119904,major,leviticus,main
pulse_count,3,29,18-11-9,2,0.00119904,major,leviticus,main
pulse_count,3,30,11-12-11,2,0.00119904,major,leviticus,main
pulse_count,3,31,12-11-13,2,0.00119904,major,leviticus,main
pulse_count,3,32,12-9-6,2,0.00119904,major,leviticus,main
pulse_count,3,33,9-22-14,2,0.00119904,major,leviticus,main
pulse_count,3,34,14-9-9,2,0.00119904,major,leviticus,main
pulse_count,3,35,13-14-6,2,0.00119904,major,leviticus,main
pulse_count,3,36,9-12-11,2,0.00119904,major,leviticus,main
pulse_count,3,37,7-17-10,2,0.00119904,major,leviticus,main
pulse_count,3,38,11-21-15,2,0.00119904,major,leviticus,main
pulse_count,3,39,12-8-13,2,0.00119904,major,leviticus,main
pulse_count,3,40,33-15-9,2,0.00119904,major,leviticus,main
pulse_count,3,41,18-4-14,2,0.00119904,major,leviticus,main
pulse_count,3,42,21-13-21,2,0.00119904,major,leviticus,main
pulse_count,3,43,11-27-10,2,0.00119904,major,leviticus,main
pulse_count,3,44,12-10-7,2,0.00119904,major,leviticus,main
pulse_count,3,45,19-15-9,2,0.00119904,major,leviticus,main
pulse_count,3,46,36-15-10,2,0.00119904,major,leviticus,main
pulse_count,3,47,15-10-18,2,0.00119904,major,leviticus,main
pulse_count,3,48,5-17-5,2,0.00119904,major,leviticus,main
pulse_count,3,49,7-15-15,2,0.00119904,major,leviticus,main
pulse_count,3,50,18-22-16,2,0.00119904,major,leviticus,main
pulse_count,4,1,13-22-21-17,3,0.00179964,major,leviticus,main
pulse_count,4,2,22-21-17-11,3,0.00179964,major,leviticus,main
pulse_count,4,3,9-18-15-18,3,0.00179964,major,leviticus,main
pulse_count,4,4,24-10-11-18,2,0.00119976,major,leviticus,main
pulse_count,4,5,21-13-22-21,2,0.00119976,major,leviticus,main
pulse_count,4,6,36-15-10-18,2,0.00119976,major,leviticus,main
pulse_count,4,7,21-19-5-11,2,0.00119976,major,leviticus,main
pulse_count,4,8,6-13-24-20,1,0.00059988,major,leviticus,main
pulse_count,4,9,13-24-20-18,1,0.00059988,major,leviticus,main
pulse_count,4,10,24-20-18-18,1,0.00059988,major,leviticus,main
pulse_count,4,11,20-18-18-9,1,0.00059988,major,leviticus,main
pulse_count,4,12,18-18-9-9,1,0.00059988,major,leviticus,main
pulse_count,4,13,18-9-9-13,1,0.00059988,major,leviticus,main
pulse_count,4,14,9-9-13-35,1,0.00059988,major,leviticus,main
pulse_count,4,15,9-13-35-6,1,0.00059988,major,leviticus,main
pulse_count,4,16,13-35-6-9,1,0.00059988,major,leviticus,main
pulse_count,4,17,35-6-9-16,1,0.00059988,major,leviticus,main
pulse_count,4,18,6-9-16-6,1,0.00059988,major,leviticus,main
pulse_count,4,19,9-16-6-22,1,0.00059988,major,leviticus,main
pulse_count,4,20,16-6-22-13,1,0.00059988,major,leviticus,main
pulse_count,4,21,6-22-13-12,1,0.00059988,major,leviticus,main
pulse_count,4,22,22-13-12-23,1,0.00059988,major,leviticus,main
pulse_count,4,23,13-12-23-17,1,0.00059988,major,leviticus,main
pulse_count,4,24,12-23-17-8,1,0.00059988,major,leviticus,main
pulse_count,4,25,23-17-8-19,1,0.00059988,major,leviticus,main
pulse_count,4,26,17-8-19-21,1,0.00059988,major,leviticus,main
pulse_count,4,27,8-19-21-14,1,0.00059988,major,leviticus,main
pulse_count,4,28,19-21-14-20,1,0.00059988,major,leviticus,main
pulse_count,4,29,21-14-20-14,1,0.00059988,major,leviticus,main
pulse_count,4,30,14-20-14-27,1,0.00059988,major,leviticus,main
pulse_count,4,31,20-14-27-10,1,0.00059988,major,leviticus,main
pulse_count,4,32,14-27-10-18,1,0.00059988,major,leviticus,main
pulse_count,4,33,27-10-18-24,1,0.00059988,major,leviticus,main
pulse_count,4,34,10-18-24-10,1,0.00059988,major,leviticus,main
pulse_count,4,35,18-24-10-11,1,0.00059988,major,leviticus,main
pulse_count,4,36,10-11-18-30,1,0.00059988,major,leviticus,main
pulse_count,4,37,11-18-30-11,1,0.00059988,major,leviticus,main
pulse_count,4,38,18-30-11-20,1,0.00059988,major,leviticus,main
pulse_count,4,39,30-11-20-17,1,0.00059988,major,leviticus,main
pulse_count,4,40,11-20-17-36,1,0.00059988,major,leviticus,main
pulse_count,4,41,20-17-36-23,1,0.00059988,major,leviticus,main
pulse_count,4,42,17-36-23-17,1,0.00059988,major,leviticus,main
pulse_count,4,43,36-23-17-10,1,0.00059988,major,leviticus,main
pulse_count,4,44,23-17-10-13,1,0.00059988,major,leviticus,main
pulse_count,4,45,17-10-13-24,1,0.00059988,major,leviticus,main
pulse_count,4,46,10-13-24-13,1,0.00059988,major,leviticus,main
pulse_count,4,47,13-24-13-12,1,0.00059988,major,leviticus,main
pulse_count,4,48,24-13-12-15,1,0.00059988,major,leviticus,main
pulse_count,4,49,13-12-15-4,1,0.00059988,major,leviticus,main
pulse_count,4,50,12-15-4-12,1,0.00059988,major,leviticus,main
pulse_count,5,1,21-13-22-21-17,2,0.00120048,major,leviticus,main
pulse_count,5,2,13-22-21-17-11,2,0.00120048,major,leviticus,main
pulse_count,5,3,6-13-24-20-18,1,0.00060024,major,leviticus,main
pulse_count,5,4,13-24-20-18-18,1,0.00060024,major,leviticus,main
pulse_count,5,5,24-20-18-18-9,1,0.00060024,major,leviticus,main
pulse_count,5,6,20-18-18-9-9,1,0.00060024,major,leviticus,main
pulse_count,5,7,18-18-9-9-13,1,0.00060024,major,leviticus,main
pulse_count,5,8,18-9-9-13-35,1,0.00060024,major,leviticus,main
pulse_count,5,9,9-9-13-35-6,1,0.00060024,major,leviticus,main
pulse_count,5,10,9-13-35-6-9,1,0.00060024,major,leviticus,main
pulse_count,5,11,13-35-6-9-16,1,0.00060024,major,leviticus,main
pulse_count,5,12,35-6-9-16-6,1,0.00060024,major,leviticus,main
pulse_count,5,13,6-9-16-6-22,1,0.00060024,major,leviticus,main
pulse_count,5,14,9-16-6-22-13,1,0.00060024,major,leviticus,main
pulse_count,5,15,16-6-22-13-12,1,0.00060024,major,leviticus,main
pulse_count,5,16,6-22-13-12-23,1,0.00060024,major,leviticus,main
pulse_count,5,17,22-13-12-23-17,1,0.00060024,major,leviticus,main
pulse_count,5,18,13-12-23-17-8,1,0.00060024,major,leviticus,main
pulse_count,5,19,12-23-17-8-19,1,0.00060024,major,leviticus,main
pulse_count,5,20,23-17-8-19-21,1,0.00060024,major,leviticus,main
pulse_count,5,21,17-8-19-21-14,1,0.00060024,major,leviticus,main
pulse_count,5,22,8-19-21-14-20,1,0.00060024,major,leviticus,main
pulse_count,5,23,19-21-14-20-14,1,0.00060024,major,leviticus,main
pulse_count,5,24,21-14-20-14-27,1,0.00060024,major,leviticus,main
pulse_count,5,25,14-20-14-27-10,1,0.00060024,major,leviticus,main
pulse_count,5,26,20-14-27-10-18,1,0.00060024,major,leviticus,main
pulse_count,5,27,14-27-10-18-24,1,0.00060024,major,leviticus,main
pulse_count,5,28,27-10-18-24-10,1,0.00060024,major,leviticus,main
pulse_count,5,29,10-18-24-10-11,1,0.00060024,major,leviticus,main
pulse_count,5,30,18-24-10-11-18,1,0.00060024,major,leviticus,main
pulse_count,5,31,24-10-11-18-30,1,0.00060024,major,leviticus,main
pulse_count,5,32,10-11-18-30-11,1,0.00060024,major,leviticus,main
pulse_count,5,33,11-18-30-11-20,1,0.00060024,major,leviticus,main
pulse_count,5,34,18-30-11-20-17,1,0.00060024,major,leviticus,main
pulse_count,5,35,30-11-20-17-36,1,0.00060024,major,leviticus,main
pulse_count,5,36,11-20-17-36-23,1,0.00060024,major,leviticus,main
pulse_count,5,37,20-17-36-23-17,1,0.00060024,major,leviticus,main
pulse_count,5,38,17-36-23-17-10,1,0.00060024,major,leviticus,main
pulse_count,5,39,36-23-17-10-13,1,0.00060024,major,leviticus,main
pulse_count,5,40,23-17-10-13-24,1,0.00060024,major,leviticus,main
pulse_count,5,41,17-10-13-24-13,1,0.00060024,major,leviticus,main
pulse_count,5,42,10-13-24-13-12,1,0.00060024,major,leviticus,main
pulse_count,5,43,13-24-13-12-15,1,0.00060024,major,leviticus,main
pulse_count,5,44,24-13-12-15-4,1,0.00060024,major,leviticus,main
pulse_count,5,45,13-12-15-4-12,1,0.00060024,major,leviticus,main
pulse_count,5,46,12-15-4-12-7,1,0.00060024,major,leviticus,main
pulse_count,5,47,15-4-12-7-17,1,0.00060024,major,leviticus,main
pulse_count,5,48,4-12-7-17-16,1,0.00060024,major,leviticus,main
pulse_count,5,49,12-7-17-16-23,1,0.00060024,major,leviticus,main
pulse_count,5,50,7-17-16-23-8,1,0.00060024,major,leviticus,main
pulse_count,6,1,6-13-24-20-18-18,1,0.0006006,major,leviticus,main
pulse_count,6,2,13-24-20-18-18-9,1,0.0006006,major,leviticus,main
pulse_count,6,3,24-20-18-18-9-9,1,0.0006006,major,leviticus,main
pulse_count,6,4,20-18-18-9-9-13,1,0.0006006,major,leviticus,main
pulse_count,6,5,18-18-9-9-13-35,1,0.0006006,major,leviticus,main
pulse_count,6,6,18-9-9-13-35-6,1,0.0006006,major,leviticus,main
pulse_count,6,7,9-9-13-35-6-9,1,0.0006006,major,leviticus,main
pulse_count,6,8,9-13-35-6-9-16,1,0.0006006,major,leviticus,main
pulse_count,6,9,13-35-6-9-16-6,1,0.0006006,major,leviticus,main
pulse_count,6,10,35-6-9-16-6-22,1,0.0006006,major,leviticus,main
pulse_count,6,11,6-9-16-6-22-13,1,0.0006006,major,leviticus,main
pulse_count,6,12,9-16-6-22-13-12,1,0.0006006,major,leviticus,main
pulse_count,6,13,16-6-22-13-12-23,1,0.0006006,major,leviticus,main
pulse_count,6,14,6-22-13-12-23-17,1,0.0006006,major,leviticus,main
pulse_count,6,15,22-13-12-23-17-8,1,0.0006006,major,leviticus,main
pulse_count,6,16,13-12-23-17-8-19,1,0.0006006,major,leviticus,main
pulse_count,6,17,12-23-17-8-19-21,1,0.0006006,major,leviticus,main
pulse_count,6,18,23-17-8-19-21-14,1,0.0006006,major,leviticus,main
pulse_count,6,19,17-8-19-21-14-20,1,0.0006006,major,leviticus,main
pulse_count,6,20,8-19-21-14-20-14,1,0.0006006,major,leviticus,main
pulse_count,6,21,19-21-14-20-14-27,1,0.0006006,major,leviticus,main
pulse_count,6,22,21-14-20-14-27-10,1,0.0006006,major,leviticus,main
pulse_count,6,23,14-20-14-27-10-18,1,0.0006006,major,leviticus,main
pulse_count,6,24,20-14-27-10-18-24,1,0.0006006,major,leviticus,main
pulse_count,6,25,14-27-10-18-24-10,1,0.0006006,major,leviticus,main
pulse_count,6,26,27-10-18-24-10-11,1,0.0006006,major,leviticus,main
pulse_count,6,27,10-18-24-10-11-18,1,0.0006006,major,leviticus,main
pulse_count,6,28,18-24-10-11-18-30,1,0.0006006,major,leviticus,main
pulse_count,6,29,24-10-11-18-30-11,1,0.0006006,major,leviticus,main
pulse_count,6,30,10-11-18-30-11-20,1,0.0006006,major,leviticus,main
pulse_count,6,31,11-18-30-11-20-17,1,0.0006006,major,leviticus,main
pulse_count,6,32,18-30-11-20-17-36,1,0.0006006,major,leviticus,main
pulse_count,6,33,30-11-20-17-36-23,1,0.0006006,major,leviticus,main
pulse_count,6,34,11-20-17-36-23-17,1,0.0006006,major,leviticus,main
pulse_count,6,35,20-17-36-23-17-10,1,0.0006006,major,leviticus,main
pulse_count,6,36,17-36-23-17-10-13,1,0.0006006,major,leviticus,main
pulse_count,6,37,36-23-17-10-13-24,1,0.0006006,major,leviticus,main
pulse_count,6,38,23-17-10-13-24-13,1,0.0006006,major,leviticus,main
pulse_count,6,39,17-10-13-24-13-12,1,0.0006006,major,leviticus,main
pulse_count,6,40,10-13-24-13-12-15,1,0.0006006,major,leviticus,main
pulse_count,6,41,13-24-13-12-15-4,1,0.0006006,major,leviticus,main
pulse_count,6,42,24-13-12-15-4-12,1,0.0006006,major,leviticus,main
pulse_count,6,43,13-12-15-4-12-7,1,0.0006006,major,leviticus,main
pulse_count,6,44,12-15-4-12-7-17,1,0.0006006,major,leviticus,main
pulse_count,6,45,15-4-12-7-17-16,1,0.0006006,major,leviticus,main
pulse_count,6,46,4-12-7-17-16-23,1,0.0006006,major,leviticus,main
pulse_count,6,47,12-7-17-16-23-8,1,0.0006006,major,leviticus,main
pulse_count,6,48,7-17-16-23-8-17,1,0.0006006,major,leviticus,main
pulse_count,6,49,17-16-23-8-17-10,1,0.0006006,major,leviticus,main
pulse_count,6,50,16-23-8-17-10-17,1,0.0006006,major,leviticus,main
accent_count,2,1,5-4,41,0.02456561,major,leviticus,main
accent_count,2,2,4-4,40,0.02396645,major,leviticus,main
accent_count,2,3,4-5,36,0.0215698,major,leviticus,main
accent_count,2,4,5-6,35,0.02097064,major,leviticus,main
accent_count,2,5,6-3,35,0.02097064,major,leviticus,main
accent_count,2,6,3-5,35,0.02097064,major,leviticus,main
accent_count,2,7,6-5,35,0.02097064,major,leviticus,main
accent_count,2,8,4-6,34,0.02037148,major,leviticus,main
accent_count,2,9,3-6,30,0.01797484,major,leviticus,main
accent_count,2,10,6-4,30,0.01797484,major,leviticus,main
accent_count,2,11,5-3,29,0.01737567,major,leviticus,main
accent_count,2,12,7-5,28,0.01677651,major,leviticus,main
accent_count,2,13,8-4,28,0.01677651,major,leviticus,main
accent_count,2,14,3-4,28,0.01677651,major,leviticus,main
accent_count,2,15,3-3,27,0.01617735,major,leviticus,main
accent_count,2,16,5-5,27,0.01617735,major,leviticus,main
accent_count,2,17,4-3,26,0.01557819,major,leviticus,main
accent_count,2,18,4-8,26,0.01557819,major,leviticus,main
accent_count,2,19,3-7,25,0.01497903,major,leviticus,main
accent_count,2,20,2-4,25,0.01497903,major,leviticus,main
accent_count,2,21,7-4,24,0.01437987,major,leviticus,main
accent_count,2,22,4-7,23,0.01378071,major,leviticus,main
accent_count,2,23,6-7,22,0.01318155,major,leviticus,main
accent_count,2,24,5-7,22,0.01318155,major,leviticus,main
accent_count,2,25,6-6,22,0.01318155,major,leviticus,main
accent_count,2,26,3-8,20,0.01198322,major,leviticus,main
accent_count,2,27,5-8,20,0.01198322,major,leviticus,main
accent_count,2,28,8-5,19,0.01138406,major,leviticus,main
accent_count,2,29,7-6,19,0.01138406,major,leviticus,main
accent_count,2,30,4-9,18,0.0107849,major,leviticus,main
accent_count,2,31,9-4,18,0.0107849,major,leviticus,main
accent_count,2,32,7-2,17,0.01018574,major,leviticus,main
accent_count,2,33,3-9,17,0.01018574,major,leviticus,main
accent_count,2,34,7-3,17,0.01018574,major,leviticus,main
accent_count,2,35,2-3,15,0.00898742,major,leviticus,main
accent_count,2,36,7-8,15,0.00898742,major,leviticus,main
accent_count,2,37,8-6,15,0.00898742,major,leviticus,main
accent_count,2,38,7-7,15,0.00898742,major,leviticus,main
accent_count,2,39,5-2,14,0.00838826,major,leviticus,main
accent_count,2,40,4-2,14,0.00838826,major,leviticus,main
accent_count,2,41,2-6,13,0.0077891,major,leviticus,main
accent_count,2,42,8-7,13,0.0077891,major,leviticus,main
accent_count,2,43,9-5,13,0.0077891,major,leviticus,main
accent_count,2,44,8-3,13,0.0077891,major,leviticus,main
accent_count,2,45,11-5,12,0.00718993,major,leviticus,main
accent_count,2,46,4-11,12,0.00718993,major,leviticus,main
accent_count,2,47,9-3,12,0.00718993,major,leviticus,main
accent_count,2,48,5-10,12,0.00718993,major,leviticus,main
accent_count,2,49,11-3,12,0.00718993,major,leviticus,main
accent_count,2,50,8-2,12,0.00718993,major,leviticus,main
accent_count,3,1,3-5-6,9,0.00539568,major,leviticus,main
accent_count,3,2,6-3-6,9,0.00539568,major,leviticus,main
accent_count,3,3,5-6-5,9,0.00539568,major,leviticus,main
accent_count,3,4,3-6-4,8,0.00479616,major,leviticus,main
accent_count,3,5,5-4-5,7,0.00419664,major,leviticus,main
accent_count,3,6,3-6-3,7,0.00419664,major,leviticus,main
accent_count,3,7,4-4-9,7,0.00419664,major,leviticus,main
accent_count,3,8,5-5-4,7,0.00419664,major,leviticus,main
accent_count,3,9,5-4-4,7,0.00419664,major,leviticus,main
accent_count,3,10,5-2-4,7,0.00419664,major,leviticus,main
accent_count,3,11,4-5-4,7,0.00419664,major,leviticus,main
accent_count,3,12,4-4-5,7,0.00419664,major,leviticus,main
accent_count,3,13,5-5-3,7,0.00419664,major,leviticus,main
accent_count,3,14,3-5-4,7,0.00419664,major,leviticus,main
accent_count,3,15,5-8-4,6,0.00359712,major,leviticus,main
accent_count,3,16,6-4-6,6,0.00359712,major,leviticus,main
accent_count,3,17,4-4-4,6,0.00359712,major,leviticus,main
accent_count,3,18,4-5-5,6,0.00359712,major,leviticus,main
accent_count,3,19,5-6-6,6,0.00359712,major,leviticus,main
accent_count,3,20,5-4-3,6,0.00359712,major,leviticus,main
accent_count,3,21,7-6-4,6,0.00359712,major,leviticus,main
accent_count,3,22,6-5-5,6,0.00359712,major,leviticus,main
accent_count,3,23,5-7-4,6,0.00359712,major,leviticus,main
accent_count,3,24,3-3-5,6,0.00359712,major,leviticus,main
accent_count,3,25,5-4-6,6,0.00359712,major,leviticus,main
accent_count,3,26,6-5-6,6,0.00359712,major,leviticus,main
accent_count,3,27,8-5-4,5,0.0029976,major,leviticus,main
accent_count,3,28,5-3-7,5,0.0029976,major,leviticus,main
accent_count,3,29,4-4-6,5,0.0029976,major,leviticus,main
accent_count,3,30,2-3-3,5,0.0029976,major,leviticus,main
accent_count,3,31,4-6-4,5,0.0029976,major,leviticus,main
accent_count,3,32,6-4-4,5,0.0029976,major,leviticus,main
accent_count,3,33,7-8-4,5,0.0029976,major,leviticus,main
accent_count,3,34,3-3-3,5,0.0029976,major,leviticus,main
accent_count,3,35,8-6-5,5,0.0029976,major,leviticus,main
accent_count,3,36,3-6-5,5,0.0029976,major,leviticus,main
accent_count,3,37,6-5-4,5,0.0029976,major,leviticus,main
accent_count,3,38,5-11-3,5,0.0029976,major,leviticus,main
accent_count,3,39,3-9-7,5,0.0029976,major,leviticus,main
accent_count,3,40,6-6-7,5,0.0029976,major,leviticus,main
accent_count,3,41,4-8-4,5,0.0029976,major,leviticus,main
accent_count,3,42,4-3-5,5,0.0029976,major,leviticus,main
accent_count,3,43,6-4-8,5,0.0029976,major,leviticus,main
accent_count,3,44,4-6-6,5,0.0029976,major,leviticus,main
accent_count,3,45,6-6-3,5,0.0029976,major,leviticus,main
accent_count,3,46,3-9-4,5,0.0029976,major,leviticus,main
accent_count,3,47,2-6-5,5,0.0029976,major,leviticus,main
accent_count,3,48,9-7-5,5,0.0029976,major,leviticus,main
accent_count,3,49,5-3-5,5,0.0029976,major,leviticus,main
accent_count,3,50,3-8-4,5,0.0029976,major,leviticus,main
accent_count,4,1,6-3-6-4,4,0.00239952,major,leviticus,main
accent_count,4,2,3-6-4-6,3,0.00179964,major,leviticus,main
accent_count,4,3,4-7-8-5,3,0.00179964,major,leviticus,main
accent_count,4,4,7-8-5-4,3,0.00179964,major,leviticus,main
accent_count,4,5,5-7-8-4,3,0.00179964,major,leviticus,main
accent_count,4,6,4-5-5-4,3,0.00179964,major,leviticus,main
accent_count,4,7,4-14-3-6,3,0.00179964,major,leviticus,main
accent_count,4,8,6-7-6-4,3,0.00179964,major,leviticus,main
accent_count,4,9,7-4-9-4,3,0.00179964,major,leviticus,main
accent_count,4,10,3-5-4-3,3,0.00179964,major,leviticus,main
accent_count,4,11,7-4-7-9,3,0.00179964,major,leviticus,main
accent_count,4,12,4-4-5-10,3,0.00179964,major,leviticus,main
accent_count,4,13,5-6-5-6,3,0.00179964,major,leviticus,main
accent_count,4,14,3-7-5-6,3,0.00179964,major,leviticus,main
accent_count,4,15,6-5-5-3,3,0.00179964,major,leviticus,main
accent_count,4,16,3-8-3-7,3,0.00179964,major,leviticus,main
accent_count,4,17,3-5-6-5,3,0.00179964,major,leviticus,main
accent_count,4,18,8-5-4-5,2,0.00119976,major,leviticus,main
accent_count,4,19,3-8-7-5,2,0.00119976,major,leviticus,main
accent_count,4,20,8-7-5-8,2,0.00119976,major,leviticus,main
accent_count,4,21,7-5-8-4,2,0.00119976,major,leviticus,main
accent_count,4,22,8-4-4-6,2,0.00119976,major,leviticus,main
accent_count,4,23,6-9-3-5,2,0.00119976,major,leviticus,main
accent_count,4,24,9-3-5-6,2,0.00119976,major,leviticus,main
accent_count,4,25,2-3-3-6,2,0.00119976,major,leviticus,main
accent_count,4,26,3-3-6-4,2,0.00119976,major,leviticus,main
accent_count,4,27,6-4-6-4,2,0.00119976,major,leviticus,main
accent_count,4,28,4-4-9-6,2,0.00119976,major,leviticus,main
accent_count,4,29,7-8-4-10,2,0.00119976,major,leviticus,main
accent_count,4,30,5-5-4-4,2,0.00119976,major,leviticus,main
accent_count,4,31,5-4-4-9,2,0.00119976,major,leviticus,main
accent_count,4,32,7-8-4-3,2,0.00119976,major,leviticus,main
accent_count,4,33,3-3-3-8,2,0.00119976,major,leviticus,main
accent_count,4,34,3-8-6-5,2,0.00119976,major,leviticus,main
accent_count,4,35,8-6-5-7,2,0.00119976,major,leviticus,main
accent_count,4,36,3-6-10-7,2,0.00119976,major,leviticus,main
accent_count,4,37,6-10-7-8,2,0.00119976,major,leviticus,main
accent_count,4,38,4-5-2-4,2,0.00119976,major,leviticus,main
accent_count,4,39,4-2-8-5,2,0.00119976,major,leviticus,main
accent_count,4,40,3-3-9-7,2,0.00119976,major,leviticus,main
accent_count,4,41,3-9-7-6,2,0.00119976,major,leviticus,main
accent_count,4,42,5-6-6-6,2,0.00119976,major,leviticus,main
accent_count,4,43,4-8-4-14,2,0.00119976,major,leviticus,main
accent_count,4,44,8-4-14-5,2,0.00119976,major,leviticus,main
accent_count,4,45,5-4-3-5,2,0.00119976,major,leviticus,main
accent_count,4,46,6-3-6-7,2,0.00119976,major,leviticus,main
accent_count,4,47,7-6-4-8,2,0.00119976,major,leviticus,main
accent_count,4,48,6-4-8-11,2,0.00119976,major,leviticus,main
accent_count,4,49,15-3-5-6,2,0.00119976,major,leviticus,main
accent_count,4,50,4-6-7-6,2,0.00119976,major,leviticus,main
accent_count,5,1,8-7-5-8-4,2,0.00120048,major,leviticus,main
accent_count,5,2,2-3-3-6-4,2,0.00120048,major,leviticus,main
accent_count,5,3,4-7-8-5-4,2,0.00120048,major,leviticus,main
accent_count,5,4,3-6-10-7-8,2,0.00120048,major,leviticus,main
accent_count,5,5,4-8-4-14-5,2,0.00120048,major,leviticus,main
accent_count,5,6,6-7-6-4-8,2,0.00120048,major,leviticus,main
accent_count,5,7,4-6-7-6-4,2,0.00120048,major,leviticus,main
accent_count,5,8,5-7-4-9-4,2,0.00120048,major,leviticus,main
accent_count,5,9,5-2-3-3-4,2,0.00120048,major,leviticus,main
accent_count,5,10,3-5-4-3-7,2,0.00120048,major,leviticus,main
accent_count,5,11,2-6-3-6-4,2,0.00120048,major,leviticus,main
accent_count,5,12,6-3-6-4-6,2,0.00120048,major,leviticus,main
accent_count,5,13,3-6-4-6-6,2,0.00120048,major,leviticus,main
accent_count,5,14,3-7-5-6-5,2,0.00120048,major,leviticus,main
accent_count,5,15,3-8-4-6-3,2,0.00120048,major,leviticus,main
accent_count,5,16,6-6-6-3-6,2,0.00120048,major,leviticus,main
accent_count,5,17,8-2-7-5-3,2,0.00120048,major,leviticus,main
accent_count,5,18,7-5-4-4-4,2,0.00120048,major,leviticus,main
accent_count,5,19,7-2-4-11-3,2,0.00120048,major,leviticus,main
accent_count,5,20,2-6-11-5-6,1,0.00060024,major,leviticus,main
accent_count,5,21,6-11-5-6-8,1,0.00060024,major,leviticus,main
accent_count,5,22,11-5-6-8-5,1,0.00060024,major,leviticus,main
accent_count,5,23,5-6-8-5-4,1,0.00060024,major,leviticus,main
accent_count,5,24,6-8-5-4-5,1,0.00060024,major,leviticus,main
accent_count,5,25,8-5-4-5-12,1,0.00060024,major,leviticus,main
accent_count,5,26,5-4-5-12-2,1,0.00060024,major,leviticus,main
accent_count,5,27,4-5-12-2-3,1,0.00060024,major,leviticus,main
accent_count,5,28,5-12-2-3-6,1,0.00060024,major,leviticus,main
accent_count,5,29,12-2-3-6-3,1,0.00060024,major,leviticus,main
accent_count,5,30,2-3-6-3-8,1,0.00060024,major,leviticus,main
accent_count,5,31,3-6-3-8-5,1,0.00060024,major,leviticus,main
accent_count,5,32,6-3-8-5-4,1,0.00060024,major,leviticus,main
accent_count,5,33,3-8-5-4-9,1,0.00060024,major,leviticus,main
accent_count,5,34,8-5-4-9-6,1,0.00060024,major,leviticus,main
accent_count,5,35,5-4-9-6-3,1,0.00060024,major,leviticus,main
accent_count,5,36,4-9-6-3-8,1,0.00060024,major,leviticus,main
accent_count,5,37,9-6-3-8-7,1,0.00060024,major,leviticus,main
accent_count,5,38,6-3-8-7-5,1,0.00060024,major,leviticus,main
accent_count,5,39,3-8-7-5-8,1,0.00060024,major,leviticus,main
accent_count,5,40,7-5-8-4-11,1,0.00060024,major,leviticus,main
accent_count,5,41,5-8-4-11-5,1,0.00060024,major,leviticus,main
accent_count,5,42,8-4-11-5-6,1,0.00060024,major,leviticus,main
accent_count,5,43,4-11-5-6-7,1,0.00060024,major,leviticus,main
accent_count,5,44,11-5-6-7-5,1,0.00060024,major,leviticus,main
accent_count,5,45,5-6-7-5-3,1,0.00060024,major,leviticus,main
accent_count,5,46,6-7-5-3-7,1,0.00060024,major,leviticus,main
accent_count,5,47,7-5-3-7-12,1,0.00060024,major,leviticus,main
accent_count,5,48,5-3-7-12-6,1,0.00060024,major,leviticus,main
accent_count,5,49,3-7-12-6-9,1,0.00060024,major,leviticus,main
accent_count,5,50,7-12-6-9-6,1,0.00060024,major,leviticus,main
accent_count,6,1,6-3-6-4-6-6,2,0.0012012,major,leviticus,main
accent_count,6,2,2-6-11-5-6-8,1,0.0006006,major,leviticus,main
accent_count,6,3,6-11-5-6-8-5,1,0.0006006,major,leviticus,main
accent_count,6,4,11-5-6-8-5-4,1,0.0006006,major,leviticus,main
accent_count,6,5,5-6-8-5-4-5,1,0.0006006,major,leviticus,main
accent_count,6,6,6-8-5-4-5-12,1,0.0006006,major,leviticus,main
accent_count,6,7,8-5-4-5-12-2,1,0.0006006,major,leviticus,main
accent_count,6,8,5-4-5-12-2-3,1,0.0006006,major,leviticus,main
accent_count,6,9,4-5-12-2-3-6,1,0.0006006,major,leviticus,main
accent_count,6,10,5-12-2-3-6-3,1,0.0006006,major,leviticus,main
accent_count,6,11,12-2-3-6-3-8,1,0.0006006,major,leviticus,main
accent_count,6,12,2-3-6-3-8-5,1,0.0006006,major,leviticus,main
accent_count,6,13,3-6-3-8-5-4,1,0.0006006,major,leviticus,main
accent_count,6,14,6-3-8-5-4-9,1,0.0006006,major,leviticus,main
accent_count,6,15,3-8-5-4-9-6,1,0.0006006,major,leviticus,main
accent_count,6,16,8-5-4-9-6-3,1,0.0006006,major,leviticus,main
accent_count,6,17,5-4-9-6-3-8,1,0.0006006,major,leviticus,main
accent_count,6,18,4-9-6-3-8-7,1,0.0006006,major,leviticus,main
accent_count,6,19,9-6-3-8-7-5,1,0.0006006,major,leviticus,main
accent_count,6,20,6-3-8-7-5-8,1,0.0006006,major,leviticus,main
accent_count,6,21,3-8-7-5-8-4,1,0.0006006,major,leviticus,main
accent_count,6,22,8-7-5-8-4-11,1,0.0006006,major,leviticus,main
accent_count,6,23,7-5-8-4-11-5,1,0.0006006,major,leviticus,main
accent_count,6,24,5-8-4-11-5-6,1,0.0006006,major,leviticus,main
accent_count,6,25,8-4-11-5-6-7,1,0.0006006,major,leviticus,main
accent_count,6,26,4-11-5-6-7-5,1,0.0006006,major,leviticus,main
accent_count,6,27,11-5-6-7-5-3,1,0.0006006,major,leviticus,main
accent_count,6,28,5-6-7-5-3-7,1,0.0006006,major,leviticus,main
accent_count,6,29,6-7-5-3-7-12,1,0.0006006,major,leviticus,main
accent_count,6,30,7-5-3-7-12-6,1,0.0006006,major,leviticus,main
accent_count,6,31,5-3-7-12-6-9,1,0.0006006,major,leviticus,main
accent_count,6,32,3-7-12-6-9-6,1,0.0006006,major,leviticus,main
accent_count,6,33,7-12-6-9-6-12,1,0.0006006,major,leviticus,main
accent_count,6,34,12-6-9-6-12-8,1,0.0006006,major,leviticus,main
accent_count,6,35,6-9-6-12-8-4,1,0.0006006,major,leviticus,main
accent_count,6,36,9-6-12-8-4-4,1,0.0006006,major,leviticus,main
accent_count,6,37,6-12-8-4-4-6,1,0.0006006,major,leviticus,main
accent_count,6,38,12-8-4-4-6-9,1,0.0006006,major,leviticus,main
accent_count,6,39,8-4-4-6-9-3,1,0.0006006,major,leviticus,main
accent_count,6,40,4-4-6-9-3-5,1,0.0006006,major,leviticus,main
accent_count,6,41,4-6-9-3-5-6,1,0.0006006,major,leviticus,main
accent_count,6,42,6-9-3-5-6-2,1,0.0006006,major,leviticus,main
accent_count,6,43,9-3-5-6-2-3,1,0.0006006,major,leviticus,main
accent_count,6,44,3-5-6-2-3-3,1,0.0006006,major,leviticus,main
accent_count,6,45,5-6-2-3-3-6,1,0.0006006,major,leviticus,main
accent_count,6,46,6-2-3-3-6-4,1,0.0006006,major,leviticus,main
accent_count,6,47,2-3-3-6-4-6,1,0.0006006,major,leviticus,main
accent_count,6,48,3-3-6-4-6-4,1,0.0006006,major,leviticus,main
accent_count,6,49,3-6-4-6-4-4,1,0.0006006,major,leviticus,main
accent_count,6,50,6-4-6-4-4-4,1,0.0006006,major,leviticus,main
word_count,2,1,3-3,252,0.08189795,minor,leviticus,main
word_count,2,2,4-3,183,0.05947351,minor,leviticus,main
word_count,2,3,3-4,172,0.0558986,minor,leviticus,main
word_count,2,4,4-4,151,0.04907377,minor,leviticus,main
word_count,2,5,2-3,147,0.04777381,minor,leviticus,main
word_count,2,6,3-2,144,0.04679883,minor,leviticus,main
word_count,2,7,3-5,127,0.04127397,minor,leviticus,main
word_count,2,8,2-4,118,0.03834904,minor,leviticus,main
word_count,2,9,4-2,108,0.03509912,minor,leviticus,main
word_count,2,10,5-3,99,0.0321742,minor,leviticus,main
word_count,2,11,5-4,95,0.03087423,minor,leviticus,main
word_count,2,12,4-5,91,0.02957426,minor,leviticus,main
word_count,2,13,2-2,90,0.02924927,minor,leviticus,main
word_count,2,14,5-5,69,0.02242444,minor,leviticus,main
word_count,2,15,2-5,68,0.02209945,minor,leviticus,main
word_count,2,16,5-2,66,0.02144946,minor,leviticus,main
word_count,2,17,6-4,56,0.01819955,minor,leviticus,main
word_count,2,18,3-6,52,0.01689958,minor,leviticus,main
word_count,2,19,4-6,47,0.01527462,minor,leviticus,main
word_count,2,20,6-3,46,0.01494963,minor,leviticus,main
word_count,2,21,4-1,42,0.01364966,minor,leviticus,main
word_count,2,22,1-3,42,0.01364966,minor,leviticus,main
word_count,2,23,5-6,40,0.01299968,minor,leviticus,main
word_count,2,24,6-2,37,0.0120247,minor,leviticus,main
word_count,2,25,7-3,31,0.01007475,minor,leviticus,main
word_count,2,26,2-6,31,0.01007475,minor,leviticus,main
word_count,2,27,1-4,31,0.01007475,minor,leviticus,main
word_count,2,28,3-1,30,0.00974976,minor,leviticus,main
word_count,2,29,3-7,29,0.00942476,minor,leviticus,main
word_count,2,30,5-1,27,0.00877478,minor,leviticus,main
word_count,2,31,5-7,27,0.00877478,minor,leviticus,main
word_count,2,32,6-5,26,0.00844979,minor,leviticus,main
word_count,2,33,7-4,25,0.0081248,minor,leviticus,main
word_count,2,34,4-7,25,0.0081248,minor,leviticus,main
word_count,2,35,1-2,24,0.00779981,minor,leviticus,main
word_count,2,36,7-2,24,0.00779981,minor,leviticus,main
word_count,2,37,7-5,23,0.00747481,minor,leviticus,main
word_count,2,38,2-7,21,0.00682483,minor,leviticus,main
word_count,2,39,1-5,18,0.00584985,minor,leviticus,main
word_count,2,40,6-6,18,0.00584985,minor,leviticus,main
word_count,2,41,1-6,15,0.00487488,minor,leviticus,main
word_count,2,42,2-1,15,0.00487488,minor,leviticus,main
word_count,2,43,6-1,14,0.00454989,minor,leviticus,main
word_count,2,44,8-3,13,0.00422489,minor,leviticus,main
word_count,2,45,3-8,12,0.0038999,minor,leviticus,main
word_count,2,46,9-3,11,0.00357491,minor,leviticus,main
word_count,2,47,4-8,11,0.00357491,minor,leviticus,main
word_count,2,48,2-8,10,0.00324992,minor,leviticus,main
word_count,2,49,3-9,9,0.00292493,minor,leviticus,main
word_count,2,50,6-7,9,0.00292493,minor,leviticus,main
word_count,3,1,3-3-3,87,0.02828349,minor,leviticus,main
word_count,3,2,4-3-3,55,0.01788036,minor,leviticus,main
word_count,3,3,3-3-4,50,0.01625488,minor,leviticus,main
word_count,3,4,3-4-3,47,0.01527958,minor,leviticus,main
word_count,3,5,4-4-3,45,0.01462939,minor,leviticus,main
word_count,3,6,4-3-4,43,0.01397919,minor,leviticus,main
word_count,3,7,3-3-2,40,0.0130039,minor,leviticus,main
word_count,3,8,2-3-3,39,0.0126788,minor,leviticus,main
word_count,3,9,2-4-3,38,0.01235371,minor,leviticus,main
word_count,3,10,3-2-3,38,0.01235371,minor,leviticus,main
word_count,3,11,4-3-2,38,0.01235371,minor,leviticus,main
word_count,3,12,3-4-4,38,0.01235371,minor,leviticus,main
word_count,3,13,3-2-4,36,0.01170351,minor,leviticus,main
word_count,3,14,3-3-5,35,0.01137841,minor,leviticus,main
word_count,3,15,2-3-4,34,0.01105332,minor,leviticus,main
word_count,3,16,4-4-2,33,0.01072822,minor,leviticus,main
word_count,3,17,5-3-3,32,0.01040312,minor,leviticus,main
word_count,3,18,4-2-3,32,0.01040312,minor,leviticus,main
word_count,3,19,4-4-4,31,0.01007802,minor,leviticus,main
word_count,3,20,3-4-2,30,0.00975293,minor,leviticus,main
word_count,3,21,3-5-4,29,0.00942783,minor,leviticus,main
word_count,3,22,3-5-3,27,0.00877763,minor,leviticus,main
word_count,3,23,4-3-5,26,0.00845254,minor,leviticus,main
word_count,3,24,2-3-2,26,0.00845254,minor,leviticus,main
word_count,3,25,3-4-5,25,0.00812744,minor,leviticus,main
word_count,3,26,3-2-2,25,0.00812744,minor,leviticus,main
word_count,3,27,2-2-3,23,0.00747724,minor,leviticus,main
word_count,3,28,2-2-4,23,0.00747724,minor,leviticus,main
word_count,3,29,2-3-5,22,0.00715215,minor,leviticus,main
word_count,3,30,3-2-5,22,0.00715215,minor,leviticus,main
word_count,3,31,2-5-3,22,0.00715215,minor,leviticus,main
word_count,3,32,3-5-2,22,0.00715215,minor,leviticus,main
word_count,3,33,4-2-2,22,0.00715215,minor,leviticus,main
word_count,3,34,4-2-4,22,0.00715215,minor,leviticus,main
word_count,3,35,5-4-3,20,0.00650195,minor,leviticus,main
word_count,3,36,4-5-4,20,0.00650195,minor,leviticus,main
word_count,3,37,4-5-2,20,0.00650195,minor,leviticus,main
word_count,3,38,5-4-5,19,0.00617685,minor,leviticus,main
word_count,3,39,2-4-2,19,0.00617685,minor,leviticus,main
word_count,3,40,2-4-4,19,0.00617685,minor,leviticus,main
word_count,3,41,6-4-4,19,0.00617685,minor,leviticus,main
word_count,3,42,5-2-4,18,0.00585176,minor,leviticus,main
word_count,3,43,5-3-4,18,0.00585176,minor,leviticus,main
word_count,3,44,4-5-5,18,0.00585176,minor,leviticus,main
word_count,3,45,3-6-4,18,0.00585176,minor,leviticus,main
word_count,3,46,2-2-2,18,0.00585176,minor,leviticus,main
word_count,3,47,3-5-5,17,0.00552666,minor,leviticus,main
word_count,3,48,5-4-4,17,0.00552666,minor,leviticus,main
word_count,3,49,4-4-5,17,0.00552666,minor,leviticus,main
word_count,3,50,5-3-5,17,0.00552666,minor,leviticus,main
word_count,4,1,3-3-3-3,33,0.01073171,minor,leviticus,main
word_count,4,2,3-3-3-4,21,0.00682927,minor,leviticus,main
word_count,4,3,3-3-4-3,20,0.00650407,minor,leviticus,main
word_count,4,4,5-3-3-3,17,0.00552846,minor,leviticus,main
word_count,4,5,3-4-3-4,15,0.00487805,minor,leviticus,main
word_count,4,6,4-3-3-3,15,0.00487805,minor,leviticus,main
word_count,4,7,3-4-3-3,14,0.00455285,minor,leviticus,main
word_count,4,8,4-3-3-4,13,0.00422764,minor,leviticus,main
word_count,4,9,3-4-4-3,13,0.00422764,minor,leviticus,main
word_count,4,10,3-2-3-3,13,0.00422764,minor,leviticus,main
word_count,4,11,3-3-2-4,12,0.00390244,minor,leviticus,main
word_count,4,12,2-4-3-3,12,0.00390244,minor,leviticus,main
word_count,4,13,3-3-3-5,12,0.00390244,minor,leviticus,main
word_count,4,14,4-4-3-3,12,0.00390244,minor,leviticus,main
word_count,4,15,3-3-3-2,11,0.00357724,minor,leviticus,main
word_count,4,16,4-3-2-3,11,0.00357724,minor,leviticus,main
word_count,4,17,3-3-5-4,11,0.00357724,minor,leviticus,main
word_count,4,18,3-4-4-4,11,0.00357724,minor,leviticus,main
word_count,4,19,4-3-4-3,10,0.00325203,minor,leviticus,main
word_count,4,20,4-3-3-2,10,0.00325203,minor,leviticus,main
word_count,4,21,3-3-2-2,10,0.00325203,minor,leviticus,main
word_count,4,22,4-4-3-4,10,0.00325203,minor,leviticus,main
word_count,4,23,4-4-4-3,10,0.00325203,minor,leviticus,main
word_count,4,24,4-2-3-4,10,0.00325203,minor,leviticus,main
word_count,4,25,2-3-4-4,10,0.00325203,minor,leviticus,main
word_count,4,26,4-3-2-5,10,0.00325203,minor,leviticus,main
word_count,4,27,4-4-3-2,10,0.00325203,minor,leviticus,main
word_count,4,28,3-3-4-4,10,0.00325203,minor,leviticus,main
word_count,4,29,3-4-2-3,10,0.00325203,minor,leviticus,main
word_count,4,30,5-2-4-3,9,0.00292683,minor,leviticus,main
word_count,4,31,3-2-2-3,9,0.00292683,minor,leviticus,main
word_count,4,32,3-2-4-2,9,0.00292683,minor,leviticus,main
word_count,4,33,3-5-3-3,9,0.00292683,minor,leviticus,main
word_count,4,34,3-3-5-2,9,0.00292683,minor,leviticus,main
word_count,4,35,3-4-3-2,9,0.00292683,minor,leviticus,main
word_count,4,36,2-2-4-3,9,0.00292683,minor,leviticus,main
word_count,4,37,4-2-2-4,9,0.00292683,minor,leviticus,main
word_count,4,38,3-3-4-2,9,0.00292683,minor,leviticus,main
word_count,4,39,2-3-4-3,9,0.00292683,minor,leviticus,main
word_count,4,40,4-3-5-3,8,0.00260163,minor,leviticus,main
word_count,4,41,5-5-3-3,8,0.00260163,minor,leviticus,main
word_count,4,42,3-2-4-3,8,0.00260163,minor,leviticus,main
word_count,4,43,2-4-3-2,8,0.00260163,minor,leviticus,main
word_count,4,44,4-2-3-3,8,0.00260163,minor,leviticus,main
word_count,4,45,2-3-2-4,8,0.00260163,minor,leviticus,main
word_count,4,46,3-2-5-3,8,0.00260163,minor,leviticus,main
word_count,4,47,3-2-3-2,8,0.00260163,minor,leviticus,main
word_count,4,48,2-3-2-3,8,0.00260163,minor,leviticus,main
word_count,4,49,2-3-3-3,8,0.00260163,minor,leviticus,main
word_count,4,50,2-4-3-4,8,0.00260163,minor,leviticus,main
word_count,5,1,3-3-3-3-3,14,0.00455433,minor,leviticus,main
word_count,5,2,3-3-3-4-3,10,0.00325309,minor,leviticus,main
word_count,5,3,3-3-4-3-3,8,0.00260247,minor,leviticus,main
word_count,5,4,3-4-3-4-3,7,0.00227716,minor,leviticus,main
word_count,5,5,4-3-3-3-3,7,0.00227716,minor,leviticus,main
word_count,5,6,3-2-4-2-3,6,0.00195185,minor,leviticus,main
word_count,5,7,3-3-4-3-4,6,0.00195185,minor,leviticus,main
word_count,5,8,3-5-3-3-3,6,0.00195185,minor,leviticus,main
word_count,5,9,3-3-3-3-5,6,0.00195185,minor,leviticus,main
word_count,5,10,3-3-3-3-4,6,0.00195185,minor,leviticus,main
word_count,5,11,4-3-3-4-3,5,0.00162655,minor,leviticus,main
word_count,5,12,5-3-3-3-4,5,0.00162655,minor,leviticus,main
word_count,5,13,3-4-3-3-3,5,0.00162655,minor,leviticus,main
word_count,5,14,5-3-3-3-3,5,0.00162655,minor,leviticus,main
word_count,5,15,3-3-3-5-4,5,0.00162655,minor,leviticus,main
word_count,5,16,3-4-2-2-4,5,0.00162655,minor,leviticus,main
word_count,5,17,3-2-3-3-3,5,0.00162655,minor,leviticus,main
word_count,5,18,4-3-2-2-3,4,0.00130124,minor,leviticus,main
word_count,5,19,3-2-4-3-3,4,0.00130124,minor,leviticus,main
word_count,5,20,3-3-3-2-4,4,0.00130124,minor,leviticus,main
word_count,5,21,3-3-2-4-2,4,0.00130124,minor,leviticus,main
word_count,5,22,3-2-5-3-3,4,0.00130124,minor,leviticus,main
word_count,5,23,2-5-3-3-3,4,0.00130124,minor,leviticus,main
word_count,5,24,4-3-2-3-2,4,0.00130124,minor,leviticus,main
word_count,5,25,3-5-5-3-3,4,0.00130124,minor,leviticus,main
word_count,5,26,4-2-3-4-4,4,0.00130124,minor,leviticus,main
word_count,5,27,2-3-4-4-3,4,0.00130124,minor,leviticus,main
word_count,5,28,3-4-4-3-4,4,0.00130124,minor,leviticus,main
word_count,5,29,3-4-3-2-5,4,0.00130124,minor,leviticus,main
word_count,5,30,2-4-3-3-2,4,0.00130124,minor,leviticus,main
word_count,5,31,4-3-3-4-2,4,0.00130124,minor,leviticus,main
word_count,5,32,3-3-3-2-2,4,0.00130124,minor,leviticus,main
word_count,5,33,2-3-4-3-4,4,0.00130124,minor,leviticus,main
word_count,5,34,4-3-3-3-4,4,0.00130124,minor,leviticus,main
word_count,5,35,4-3-3-4-4,4,0.00130124,minor,leviticus,main
word_count,5,36,4-4-4-3-3,4,0.00130124,minor,leviticus,main
word_count,5,37,3-3-4-3-2,4,0.00130124,minor,leviticus,main
word_count,5,38,3-3-4-4-3,4,0.00130124,minor,leviticus,main
word_count,5,39,3-4-4-3-2,4,0.00130124,minor,leviticus,main
word_count,5,40,4-5-4-3-4,4,0.00130124,minor,leviticus,main
word_count,5,41,3-4-2-3-4,4,0.00130124,minor,leviticus,main
word_count,5,42,4-3-3-5-2,4,0.00130124,minor,leviticus,main
word_count,5,43,4-4-5-4-3,4,0.00130124,minor,leviticus,main
word_count,5,44,4-3-2-5-4,4,0.00130124,minor,leviticus,main
word_count,5,45,3-3-3-4-2,4,0.00130124,minor,leviticus,main
word_count,5,46,3-3-2-3-3,4,0.00130124,minor,leviticus,main
word_count,5,47,4-3-2-3-3,4,0.00130124,minor,leviticus,main
word_count,5,48,5-3-4-5-5,3,0.00097593,minor,leviticus,main
word_count,5,49,3-4-3-5-3,3,0.00097593,minor,leviticus,main
word_count,5,50,3-2-2-3-4,3,0.00097593,minor,leviticus,main
word_count,6,1,3-3-3-3-3-3,6,0.00195249,minor,leviticus,main
word_count,6,2,3-3-3-4-3-4,5,0.00162707,minor,leviticus,main
word_count,6,3,4-3-3-3-3-3,5,0.00162707,minor,leviticus,main
word_count,6,4,3-2-5-3-3-3,4,0.00130166,minor,leviticus,main
word_count,6,5,5-3-3-3-4-3,4,0.00130166,minor,leviticus,main
word_count,6,6,3-3-4-3-4-3,4,0.00130166,minor,leviticus,main
word_count,6,7,4-3-2-2-3-4,3,0.00097624,minor,leviticus,main
word_count,6,8,3-3-2-4-3-3,3,0.00097624,minor,leviticus,main
word_count,6,9,4-3-3-4-3-3,3,0.00097624,minor,leviticus,main
word_count,6,10,3-2-4-2-3-3,3,0.00097624,minor,leviticus,main
word_count,6,11,3-3-2-4-2-3,3,0.00097624,minor,leviticus,main
word_count,6,12,3-4-3-3-3-3,3,0.00097624,minor,leviticus,main
word_count,6,13,3-3-3-3-3-5,3,0.00097624,minor,leviticus,main
word_count,6,14,3-3-4-3-3-2,3,0.00097624,minor,leviticus,main
word_count,6,15,4-2-3-4-2-4,3,0.00097624,minor,leviticus,main
word_count,6,16,4-4-2-2-3-4,3,0.00097624,minor,leviticus,main
word_count,6,17,3-3-3-4-3-3,3,0.00097624,minor,leviticus,main
word_count,6,18,3-4-4-4-3-3,3,0.00097624,minor,leviticus,main
word_count,6,19,3-3-3-3-4-3,3,0.00097624,minor,leviticus,main
word_count,6,20,4-4-5-4-3-4,3,0.00097624,minor,leviticus,main
word_count,6,21,3-2-3-3-3-4,3,0.00097624,minor,leviticus,main
word_count,6,22,3-3-4-3-3-3,3,0.00097624,minor,leviticus,main
word_count,6,23,4-5-3-4-5-5,2,0.00065083,minor,leviticus,main
word_count,6,24,5-5-3-3-2-4,2,0.00065083,minor,leviticus,main
word_count,6,25,4-3-2-4-2-3,2,0.00065083,minor,leviticus,main
word_count,6,26,2-4-2-3-3-5,2,0.00065083,minor,leviticus,main
word_count,6,27,4-2-3-3-5-5,2,0.00065083,minor,leviticus,main
word_count,6,28,3-3-3-2-4-2,2,0.00065083,minor,leviticus,main
word_count,6,29,2-5-3-3-3-4,2,0.00065083,minor,leviticus,main
word_count,6,30,3-4-3-4-3-5,2,0.00065083,minor,leviticus,main
word_count,6,31,3-5-3-3-3-4,2,0.00065083,minor,leviticus,main
word_count,6,32,3-4-3-4-3-3,2,0.00065083,minor,leviticus,main
word_count,6,33,3-4-3-2-3-2,2,0.00065083,minor,leviticus,main
word_count,6,34,4-3-2-3-2-3,2,0.00065083,minor,leviticus,main
word_count,6,35,3-5-5-3-3-3,2,0.00065083,minor,leviticus,main
word_count,6,36,5-5-3-3-3-3,2,0.00065083,minor,leviticus,main
word_count,6,37,3-3-3-3-5-4,2,0.00065083,minor,leviticus,main
word_count,6,38,3-3-5-4-5-2,2,0.00065083,minor,leviticus,main
word_count,6,39,3-3-3-2-4-1,2,0.00065083,minor,leviticus,main
word_count,6,40,3-3-2-4-5-2,2,0.00065083,minor,leviticus,main
word_count,6,41,2-3-5-3-3-3,2,0.00065083,minor,leviticus,main
word_count,6,42,3-2-4-2-3-4,2,0.00065083,minor,leviticus,main
word_count,6,43,2-4-2-3-4-4,2,0.00065083,minor,leviticus,main
word_count,6,44,4-2-3-4-4-3,2,0.00065083,minor,leviticus,main
word_count,6,45,2-3-4-4-3-4,2,0.00065083,minor,leviticus,main
word_count,6,46,2-5-3-4-3-4,2,0.00065083,minor,leviticus,main
word_count,6,47,5-3-4-3-4-3,2,0.00065083,minor,leviticus,main
word_count,6,48,3-4-2-2-4-3,2,0.00065083,minor,leviticus,main
word_count,6,49,4-3-2-3-5-5,2,0.00065083,minor,leviticus,main
word_count,6,50,2-2-2-5-1-3,2,0.00065083,minor,leviticus,main
pulse_count,2,1,6-6,72,0.02339942,minor,leviticus,main
pulse_count,2,2,7-6,56,0.01819955,minor,leviticus,main
pulse_count,2,3,6-9,53,0.01722457,minor,leviticus,main
pulse_count,2,4,7-7,50,0.01624959,minor,leviticus,main
pulse_count,2,5,6-7,49,0.0159246,minor,leviticus,main
pulse_count,2,6,5-7,46,0.01494963,minor,leviticus,main
pulse_count,2,7,9-7,46,0.01494963,minor,leviticus,main
pulse_count,2,8,7-8,44,0.01429964,minor,leviticus,main
pulse_count,2,9,8-8,43,0.01397465,minor,leviticus,main
pulse_count,2,10,9-6,42,0.01364966,minor,leviticus,main
pulse_count,2,11,8-5,41,0.01332467,minor,leviticus,main
pulse_count,2,12,5-8,40,0.01299968,minor,leviticus,main
pulse_count,2,13,8-10,40,0.01299968,minor,leviticus,main
pulse_count,2,14,9-8,38,0.01234969,minor,leviticus,main
pulse_count,2,15,5-5,37,0.0120247,minor,leviticus,main
pulse_count,2,16,5-6,36,0.01169971,minor,leviticus,main
pulse_count,2,17,6-8,35,0.01137472,minor,leviticus,main
pulse_count,2,18,7-5,35,0.01137472,minor,leviticus,main
pulse_count,2,19,7-9,34,0.01104972,minor,leviticus,main
pulse_count,2,20,9-9,34,0.01104972,minor,leviticus,main
pulse_count,2,21,6-5,34,0.01104972,minor,leviticus,main
pulse_count,2,22,8-7,31,0.01007475,minor,leviticus,main
pulse_count,2,23,11-9,31,0.01007475,minor,leviticus,main
pulse_count,2,24,9-10,31,0.01007475,minor,leviticus,main
pulse_count,2,25,7-10,30,0.00974976,minor,leviticus,main
pulse_count,2,26,4-7,30,0.00974976,minor,leviticus,main
pulse_count,2,27,8-9,30,0.00974976,minor,leviticus,main
pulse_count,2,28,10-7,29,0.00942476,minor,leviticus,main
pulse_count,2,29,6-11,29,0.00942476,minor,leviticus,main
pulse_count,2,30,10-9,29,0.00942476,minor,leviticus,main
pulse_count,2,31,9-5,28,0.00909977,minor,leviticus,main
pulse_count,2,32,9-4,28,0.00909977,minor,leviticus,main
pulse_count,2,33,8-6,28,0.00909977,minor,leviticus,main
pulse_count,2,34,11-6,27,0.00877478,minor,leviticus,main
pulse_count,2,35,10-8,25,0.0081248,minor,leviticus,main
pulse_count,2,36,6-10,25,0.0081248,minor,leviticus,main
pulse_count,2,37,7-11,24,0.00779981,minor,leviticus,main
pulse_count,2,38,7-4,24,0.00779981,minor,leviticus,main
pulse_count,2,39,9-11,23,0.00747481,minor,leviticus,main
pulse_count,2,40,10-11,22,0.00714982,minor,leviticus,main
pulse_count,2,41,10-5,20,0.00649984,minor,leviticus,main
pulse_count,2,42,5-9,20,0.00649984,minor,leviticus,main
pulse_count,2,43,10-6,20,0.00649984,minor,leviticus,main
pulse_count,2,44,8-11,19,0.00617485,minor,leviticus,main
pulse_count,2,45,13-9,19,0.00617485,minor,leviticus,main
pulse_count,2,46,7-13,19,0.00617485,minor,leviticus,main
pulse_count,2,47,4-6,19,0.00617485,minor,leviticus,main
pulse_count,2,48,9-12,19,0.00617485,minor,leviticus,main
pulse_count,2,49,4-9,18,0.00584985,minor,leviticus,main
pulse_count,2,50,11-10,18,0.00584985,minor,leviticus,main
pulse_count,3,1,6-6-9,13,0.00422627,minor,leviticus,main
pulse_count,3,2,6-9-8,13,0.00422627,minor,leviticus,main
pulse_count,3,3,9-6-6,13,0.00422627,minor,leviticus,main
pulse_count,3,4,6-6-6,13,0.00422627,minor,leviticus,main
pulse_count,3,5,6-7-5,12,0.00390117,minor,leviticus,main
pulse_count,3,6,7-6-6,11,0.00357607,minor,leviticus,main
pulse_count,3,7,6-8-5,9,0.00292588,minor,leviticus,main
pulse_count,3,8,8-10-8,9,0.00292588,minor,leviticus,main
pulse_count,3,9,7-6-9,9,0.00292588,minor,leviticus,main
pulse_count,3,10,10-7-8,9,0.00292588,minor,leviticus,main
pulse_count,3,11,8-8-8,9,0.00292588,minor,leviticus,main
pulse_count,3,12,5-6-6,9,0.00292588,minor,leviticus,main
pulse_count,3,13,7-7-6,8,0.00260078,minor,leviticus,main
pulse_count,3,14,9-5-5,8,0.00260078,minor,leviticus,main
pulse_count,3,15,5-7-9,8,0.00260078,minor,leviticus,main
pulse_count,3,16,7-6-5,8,0.00260078,minor,leviticus,main
pulse_count,3,17,7-6-7,8,0.00260078,minor,leviticus,main
pulse_count,3,18,8-10-9,8,0.00260078,minor,leviticus,main
pulse_count,3,19,9-7-6,8,0.00260078,minor,leviticus,main
pulse_count,3,20,6-7-7,7,0.00227568,minor,leviticus,main
pulse_count,3,21,7-8-9,7,0.00227568,minor,leviticus,main
pulse_count,3,22,9-8-8,7,0.00227568,minor,leviticus,main
pulse_count,3,23,7-8-10,7,0.00227568,minor,leviticus,main
pulse_count,3,24,7-5-7,7,0.00227568,minor,leviticus,main
pulse_count,3,25,6-9-6,7,0.00227568,minor,leviticus,main
pulse_count,3,26,9-6-9,7,0.00227568,minor,leviticus,main
pulse_count,3,27,8-5-5,7,0.00227568,minor,leviticus,main
pulse_count,3,28,6-6-7,7,0.00227568,minor,leviticus,main
pulse_count,3,29,7-9-7,7,0.00227568,minor,leviticus,main
pulse_count,3,30,10-4-7,7,0.00227568,minor,leviticus,main
pulse_count,3,31,5-5-7,7,0.00227568,minor,leviticus,main
pulse_count,3,32,8-5-6,7,0.00227568,minor,leviticus,main
pulse_count,3,33,5-7-8,7,0.00227568,minor,leviticus,main
pulse_count,3,34,6-7-6,7,0.00227568,minor,leviticus,main
pulse_count,3,35,5-7-7,7,0.00227568,minor,leviticus,main
pulse_count,3,36,4-7-7,6,0.00195059,minor,leviticus,main
pulse_count,3,37,11-6-7,6,0.00195059,minor,leviticus,main
pulse_count,3,38,11-7-6,6,0.00195059,minor,leviticus,main
pulse_count,3,39,9-8-7,6,0.00195059,minor,leviticus,main
pulse_count,3,40,9-9-5,6,0.00195059,minor,leviticus,main
pulse_count,3,41,6-11-10,6,0.00195059,minor,leviticus,main
pulse_count,3,42,6-5-7,6,0.00195059,minor,leviticus,main
pulse_count,3,43,6-9-5,6,0.00195059,minor,leviticus,main
pulse_count,3,44,5-7-6,6,0.00195059,minor,leviticus,main
pulse_count,3,45,8-5-9,6,0.00195059,minor,leviticus,main
pulse_count,3,46,7-5-8,6,0.00195059,minor,leviticus,main
pulse_count,3,47,7-4-7,6,0.00195059,minor,leviticus,main
pulse_count,3,48,9-7-7,6,0.00195059,minor,leviticus,main
pulse_count,3,49,5-8-5,6,0.00195059,minor,leviticus,main
pulse_count,3,50,6-6-5,6,0.00195059,minor,leviticus,main
pulse_count,4,1,5-6-6-9,5,0.00162602,minor,leviticus,main
pulse_count,4,2,6-9-6-9,5,0.00162602,minor,leviticus,main
pulse_count,4,3,9-6-9-8,5,0.00162602,minor,leviticus,main
pulse_count,4,4,11-5-6-6,4,0.00130081,minor,leviticus,main
pulse_count,4,5,6-6-9-6,4,0.00130081,minor,leviticus,main
pulse_count,4,6,6-9-8-11,4,0.00130081,minor,leviticus,main
pulse_count,4,7,6-7-5-8,4,0.00130081,minor,leviticus,main
pulse_count,4,8,7-5-7-7,4,0.00130081,minor,leviticus,main
pulse_count,4,9,3-7-6-6,3,0.00097561,minor,leviticus,main
pulse_count,4,10,7-6-6-6,3,0.00097561,minor,leviticus,main
pulse_count,4,11,6-6-9-5,3,0.00097561,minor,leviticus,main
pulse_count,4,12,7-7-6-5,3,0.00097561,minor,leviticus,main
pulse_count,4,13,6-10-12-7,3,0.00097561,minor,leviticus,main
pulse_count,4,14,9-6-6-8,3,0.00097561,minor,leviticus,main
pulse_count,4,15,10-10-5-8,3,0.00097561,minor,leviticus,main
pulse_count,4,16,6-11-10-7,3,0.00097561,minor,leviticus,main
pulse_count,4,17,6-5-7-8,3,0.00097561,minor,leviticus,main
pulse_count,4,18,7-5-10-7,3,0.00097561,minor,leviticus,main
pulse_count,4,19,7-7-5-7,3,0.00097561,minor,leviticus,main
pulse_count,4,20,9-10-15-9,3,0.00097561,minor,leviticus,main
pulse_count,4,21,9-6-6-6,3,0.00097561,minor,leviticus,main
pulse_count,4,22,9-7-6-9,3,0.00097561,minor,leviticus,main
pulse_count,4,23,6-6-5-5,3,0.00097561,minor,leviticus,main
pulse_count,4,24,8-6-7-6,3,0.00097561,minor,leviticus,main
pulse_count,4,25,8-8-10-8,3,0.00097561,minor,leviticus,main
pulse_count,4,26,8-10-9-9,3,0.00097561,minor,leviticus,main
pulse_count,4,27,6-6-8-5,3,0.00097561,minor,leviticus,main
pulse_count,4,28,9-8-8-10,3,0.00097561,minor,leviticus,main
pulse_count,4,29,8-10-8-5,2,0.00065041,minor,leviticus,main
pulse_count,4,30,10-8-5-4,2,0.00065041,minor,leviticus,main
pulse_count,4,31,5-4-9-13,2,0.00065041,minor,leviticus,main
pulse_count,4,32,6-2-9-4,2,0.00065041,minor,leviticus,main
pulse_count,4,33,4-7-7-6,2,0.00065041,minor,leviticus,main
pulse_count,4,34,6-7-7-6,2,0.00065041,minor,leviticus,main
pulse_count,4,35,14-16-3-8,2,0.00065041,minor,leviticus,main
pulse_count,4,36,7-11-11-6,2,0.00065041,minor,leviticus,main
pulse_count,4,37,11-11-6-7,2,0.00065041,minor,leviticus,main
pulse_count,4,38,11-6-7-5,2,0.00065041,minor,leviticus,main
pulse_count,4,39,6-7-5-5,2,0.00065041,minor,leviticus,main
pulse_count,4,40,10-7-8-9,2,0.00065041,minor,leviticus,main
pulse_count,4,41,8-10-7-10,2,0.00065041,minor,leviticus,main
pulse_count,4,42,6-9-4-12,2,0.00065041,minor,leviticus,main
pulse_count,4,43,7-9-8-8,2,0.00065041,minor,leviticus,main
pulse_count,4,44,9-8-8-8,2,0.00065041,minor,leviticus,main
pulse_count,4,45,10-5-7-5,2,0.00065041,minor,leviticus,main
pulse_count,4,46,6-9-11-9,2,0.00065041,minor,leviticus,main
pulse_count,4,47,7-6-4-9,2,0.00065041,minor,leviticus,main
pulse_count,4,48,9-4-11-5,2,0.00065041,minor,leviticus,main
pulse_count,4,49,4-11-5-6,2,0.00065041,minor,leviticus,main
pulse_count,4,50,5-9-9-5,2,0.00065041,minor,leviticus,main
pulse_count,5,1,6-9-6-9-8,5,0.00162655,minor,leviticus,main
pulse_count,5,2,11-5-6-6-9,4,0.00130124,minor,leviticus,main
pulse_count,5,3,5-6-6-9-6,4,0.00130124,minor,leviticus,main
pulse_count,5,4,6-6-9-6-9,4,0.00130124,minor,leviticus,main
pulse_count,5,5,8-10-8-5-4,2,0.00065062,minor,leviticus,main
pulse_count,5,6,7-11-11-6-7,2,0.00065062,minor,leviticus,main
pulse_count,5,7,11-11-6-7-5,2,0.00065062,minor,leviticus,main
pulse_count,5,8,9-4-11-5-6,2,0.00065062,minor,leviticus,main
pulse_count,5,9,4-11-5-6-6,2,0.00065062,minor,leviticus,main
pulse_count,5,10,9-6-9-8-11,2,0.00065062,minor,leviticus,main
pulse_count,5,11,12-7-6-6-7,2,0.00065062,minor,leviticus,main
pulse_count,5,12,3-7-6-6-6,2,0.00065062,minor,leviticus,main
pulse_count,5,13,6-12-8-5-9,2,0.00065062,minor,leviticus,main
pulse_count,5,14,7-7-6-5-11,2,0.00065062,minor,leviticus,main
pulse_count,5,15,6-7-5-8-7,2,0.00065062,minor,leviticus,main
pulse_count,5,16,5-6-5-11-6,2,0.00065062,minor,leviticus,main
pulse_count,5,17,10-10-5-8-11,2,0.00065062,minor,leviticus,main
pulse_count,5,18,6-11-10-7-8,2,0.00065062,minor,leviticus,main
pulse_count,5,19,6-5-7-8-6,2,0.00065062,minor,leviticus,main
pulse_count,5,20,7-6-8-10-8,2,0.00065062,minor,leviticus,main
pulse_count,5,21,8-9-8-7-5,2,0.00065062,minor,leviticus,main
pulse_count,5,22,6-6-9-10-6,2,0.00065062,minor,leviticus,main
pulse_count,5,23,6-7-2-7-9,2,0.00065062,minor,leviticus,main
pulse_count,5,24,7-2-7-9-4,2,0.00065062,minor,leviticus,main
pulse_count,5,25,11-6-9-8-5,2,0.00065062,minor,leviticus,main
pulse_count,5,26,12-6-9-8-11,2,0.00065062,minor,leviticus,main
pulse_count,5,27,3-7-4-5-9,2,0.00065062,minor,leviticus,main
pulse_count,5,28,7-7-5-7-7,2,0.00065062,minor,leviticus,main
pulse_count,5,29,10-6-8-6-9,2,0.00065062,minor,leviticus,main
pulse_count,5,30,11-6-7-14-8,2,0.00065062,minor,leviticus,main
pulse_count,5,31,9-6-6-8-5,2,0.00065062,minor,leviticus,main
pulse_count,5,32,4-7-7-3-6,2,0.00065062,minor,leviticus,main
pulse_count,5,33,8-9-6-6-6,2,0.00065062,minor,leviticus,main
pulse_count,5,34,9-8-8-10-8,2,0.00065062,minor,leviticus,main
pulse_count,5,35,6-8-5-13-2,1,0.00032531,minor,leviticus,main
pulse_count,5,36,8-5-13-2-9,1,0.00032531,minor,leviticus,main
pulse_count,5,37,5-13-2-9-5,1,0.00032531,minor,leviticus,main
pulse_count,5,38,13-2-9-5-8,1,0.00032531,minor,leviticus,main
pulse_count,5,39,2-9-5-8-7,1,0.00032531,minor,leviticus,main
pulse_count,5,40,9-5-8-7-10,1,0.00032531,minor,leviticus,main
pulse_count,5,41,5-8-7-10-8,1,0.00032531,minor,leviticus,main
pulse_count,5,42,8-7-10-8-10,1,0.00032531,minor,leviticus,main
pulse_count,5,43,7-10-8-10-8,1,0.00032531,minor,leviticus,main
pulse_count,5,44,10-8-10-8-5,1,0.00032531,minor,leviticus,main
pulse_count,5,45,10-8-5-4-9,1,0.00032531,minor,leviticus,main
pulse_count,5,46,8-5-4-9-13,1,0.00032531,minor,leviticus,main
pulse_count,5,47,5-4-9-13-16,1,0.00032531,minor,leviticus,main
pulse_count,5,48,4-9-13-16-12,1,0.00032531,minor,leviticus,main
pulse_count,5,49,9-13-16-12-7,1,0.00032531,minor,leviticus,main
pulse_count,5,50,13-16-12-7-6,1,0.00032531,minor,leviticus,main
pulse_count,6,1,11-5-6-6-9-6,4,0.00130166,minor,leviticus,main
pulse_count,6,2,5-6-6-9-6-9,4,0.00130166,minor,leviticus,main
pulse_count,6,3,6-6-9-6-9-8,4,0.00130166,minor,leviticus,main
pulse_count,6,4,7-11-11-6-7-5,2,0.00065083,minor,leviticus,main
pulse_count,6,5,9-4-11-5-6-6,2,0.00065083,minor,leviticus,main
pulse_count,6,6,4-11-5-6-6-9,2,0.00065083,minor,leviticus,main
pulse_count,6,7,6-9-6-9-8-11,2,0.00065083,minor,leviticus,main
pulse_count,6,8,6-7-2-7-9-4,2,0.00065083,minor,leviticus,main
pulse_count,6,9,6-8-5-13-2-9,1,0.00032541,minor,leviticus,main
pulse_count,6,10,8-5-13-2-9-5,1,0.00032541,minor,leviticus,main
pulse_count,6,11,5-13-2-9-5-8,1,0.00032541,minor,leviticus,main
pulse_count,6,12,13-2-9-5-8-7,1,0.00032541,minor,leviticus,main
pulse_count,6,13,2-9-5-8-7-10,1,0.00032541,minor,leviticus,main
pulse_count,6,14,9-5-8-7-10-8,1,0.00032541,minor,leviticus,main
pulse_count,6,15,5-8-7-10-8-10,1,0.00032541,minor,leviticus,main
pulse_count,6,16,8-7-10-8-10-8,1,0.00032541,minor,leviticus,main
pulse_count,6,17,7-10-8-10-8-5,1,0.00032541,minor,leviticus,main
pulse_count,6,18,10-8-10-8-5-4,1,0.00032541,minor,leviticus,main
pulse_count,6,19,8-10-8-5-4-9,1,0.00032541,minor,leviticus,main
pulse_count,6,20,10-8-5-4-9-13,1,0.00032541,minor,leviticus,main
pulse_count,6,21,8-5-4-9-13-16,1,0.00032541,minor,leviticus,main
pulse_count,6,22,5-4-9-13-16-12,1,0.00032541,minor,leviticus,main
pulse_count,6,23,4-9-13-16-12-7,1,0.00032541,minor,leviticus,main
pulse_count,6,24,9-13-16-12-7-6,1,0.00032541,minor,leviticus,main
pulse_count,6,25,13-16-12-7-6-9,1,0.00032541,minor,leviticus,main
pulse_count,6,26,16-12-7-6-9-16,1,0.00032541,minor,leviticus,main
pulse_count,6,27,12-7-6-9-16-6,1,0.00032541,minor,leviticus,main
pulse_count,6,28,7-6-9-16-6-2,1,0.00032541,minor,leviticus,main
pulse_count,6,29,6-9-16-6-2-9,1,0.00032541,minor,leviticus,main
pulse_count,6,30,9-16-6-2-9-4,1,0.00032541,minor,leviticus,main
pulse_count,6,31,16-6-2-9-4-7,1,0.00032541,minor,leviticus,main
pulse_count,6,32,6-2-9-4-7-7,1,0.00032541,minor,leviticus,main
pulse_count,6,33,2-9-4-7-7-6,1,0.00032541,minor,leviticus,main
pulse_count,6,34,9-4-7-7-6-12,1,0.00032541,minor,leviticus,main
pulse_count,6,35,4-7-7-6-12-13,1,0.00032541,minor,leviticus,main
pulse_count,6,36,7-7-6-12-13-10,1,0.00032541,minor,leviticus,main
pulse_count,6,37,7-6-12-13-10-17,1,0.00032541,minor,leviticus,main
pulse_count,6,38,6-12-13-10-17-8,1,0.00032541,minor,leviticus,main
pulse_count,6,39,12-13-10-17-8-19,1,0.00032541,minor,leviticus,main
pulse_count,6,40,13-10-17-8-19-21,1,0.00032541,minor,leviticus,main
pulse_count,6,41,10-17-8-19-21-8,1,0.00032541,minor,leviticus,main
pulse_count,6,42,17-8-19-21-8-6,1,0.00032541,minor,leviticus,main
pulse_count,6,43,8-19-21-8-6-7,1,0.00032541,minor,leviticus,main
pulse_count,6,44,19-21-8-6-7-7,1,0.00032541,minor,leviticus,main
pulse_count,6,45,21-8-6-7-7-6,1,0.00032541,minor,leviticus,main
pulse_count,6,46,8-6-7-7-6-14,1,0.00032541,minor,leviticus,main
pulse_count,6,47,6-7-7-6-14-16,1,0.00032541,minor,leviticus,main
pulse_count,6,48,7-7-6-14-16-3,1,0.00032541,minor,leviticus,main
pulse_count,6,49,7-6-14-16-3-8,1,0.00032541,minor,leviticus,main
pulse_count,6,50,6-14-16-3-8-10,1,0.00032541,minor,leviticus,main
accent_count,2,1,3-3,342,0.11114722,minor,leviticus,main
accent_count,2,2,2-3,253,0.08222294,minor,leviticus,main
accent_count,2,3,3-2,242,0.07864803,minor,leviticus,main
accent_count,2,4,2-2,213,0.06922327,minor,leviticus,main
accent_count,2,5,3-4,184,0.05979851,minor,leviticus,main
accent_count,2,6,4-3,169,0.05492363,minor,leviticus,main
accent_count,2,7,2-4,140,0.04549886,minor,leviticus,main
accent_count,2,8,4-2,130,0.04224894,minor,leviticus,main
accent_count,2,9,4-4,123,0.039974,minor,leviticus,main
accent_count,2,10,5-3,98,0.0318492,minor,leviticus,main
accent_count,2,11,3-5,95,0.03087423,minor,leviticus,main
accent_count,2,12,4-5,71,0.02307442,minor,leviticus,main
accent_count,2,13,1-3,66,0.02144946,minor,leviticus,main
accent_count,2,14,5-2,66,0.02144946,minor,leviticus,main
accent_count,2,15,3-1,64,0.02079948,minor,leviticus,main
accent_count,2,16,5-4,61,0.0198245,minor,leviticus,main
accent_count,2,17,2-5,50,0.01624959,minor,leviticus,main
accent_count,2,18,3-6,46,0.01494963,minor,leviticus,main
accent_count,2,19,4-1,43,0.01397465,minor,leviticus,main
accent_count,2,20,6-3,39,0.01267468,minor,leviticus,main
accent_count,2,21,1-2,37,0.0120247,minor,leviticus,main
accent_count,2,22,1-4,33,0.01072473,minor,leviticus,main
accent_count,2,23,1-5,30,0.00974976,minor,leviticus,main
accent_count,2,24,5-5,30,0.00974976,minor,leviticus,main
accent_count,2,25,4-6,30,0.00974976,minor,leviticus,main
accent_count,2,26,2-6,28,0.00909977,minor,leviticus,main
accent_count,2,27,6-2,27,0.00877478,minor,leviticus,main
accent_count,2,28,2-1,27,0.00877478,minor,leviticus,main
accent_count,2,29,5-1,24,0.00779981,minor,leviticus,main
accent_count,2,30,7-3,23,0.00747481,minor,leviticus,main
accent_count,2,31,6-4,21,0.00682483,minor,leviticus,main
accent_count,2,32,3-7,19,0.00617485,minor,leviticus,main
accent_count,2,33,2-7,19,0.00617485,minor,leviticus,main
accent_count,2,34,7-2,16,0.00519987,minor,leviticus,main
accent_count,2,35,6-5,15,0.00487488,minor,leviticus,main
accent_count,2,36,7-4,13,0.00422489,minor,leviticus,main
accent_count,2,37,4-7,13,0.00422489,minor,leviticus,main
accent_count,2,38,8-4,11,0.00357491,minor,leviticus,main
accent_count,2,39,8-3,10,0.00324992,minor,leviticus,main
accent_count,2,40,6-1,10,0.00324992,minor,leviticus,main
accent_count,2,41,5-6,9,0.00292493,minor,leviticus,main
accent_count,2,42,3-8,9,0.00292493,minor,leviticus,main
accent_count,2,43,9-3,8,0.00259994,minor,leviticus,main
accent_count,2,44,4-8,7,0.00227494,minor,leviticus,main
accent_count,2,45,2-8,6,0.00194995,minor,leviticus,main
accent_count,2,46,7-5,6,0.00194995,minor,leviticus,main
accent_count,2,47,5-7,6,0.00194995,minor,leviticus,main
accent_count,2,48,2-9,5,0.00162496,minor,leviticus,main
accent_count,2,49,3-9,5,0.00162496,minor,leviticus,main
accent_count,2,50,1-6,5,0.00162496,minor,leviticus,main
accent_count,3,1,3-3-3,111,0.03608583,minor,leviticus,main
accent_count,3,2,2-3-3,101,0.03283485,minor,leviticus,main
accent_count,3,3,3-2-3,85,0.02763329,minor,leviticus,main
accent_count,3,4,3-3-2,83,0.02698309,minor,leviticus,main
accent_count,3,5,2-2-3,71,0.02308192,minor,leviticus,main
accent_count,3,6,3-2-2,71,0.02308192,minor,leviticus,main
accent_count,3,7,2-2-2,67,0.02178153,minor,leviticus,main
accent_count,3,8,3-3-4,62,0.02015605,minor,leviticus,main
accent_count,3,9,2-3-2,56,0.01820546,minor,leviticus,main
accent_count,3,10,4-3-3,54,0.01755527,minor,leviticus,main
accent_count,3,11,3-4-2,52,0.01690507,minor,leviticus,main
accent_count,3,12,3-4-3,51,0.01657997,minor,leviticus,main
accent_count,3,13,3-2-4,48,0.01560468,minor,leviticus,main
accent_count,3,14,4-3-2,45,0.01462939,minor,leviticus,main
accent_count,3,15,2-3-4,43,0.01397919,minor,leviticus,main
accent_count,3,16,4-2-2,43,0.01397919,minor,leviticus,main
accent_count,3,17,2-4-3,39,0.0126788,minor,leviticus,main
accent_count,3,18,4-2-3,39,0.0126788,minor,leviticus,main
accent_count,3,19,3-3-5,38,0.01235371,minor,leviticus,main
accent_count,3,20,2-2-4,37,0.01202861,minor,leviticus,main
accent_count,3,21,2-4-4,34,0.01105332,minor,leviticus,main
accent_count,3,22,2-4-2,33,0.01072822,minor,leviticus,main
accent_count,3,23,4-3-4,33,0.01072822,minor,leviticus,main
accent_count,3,24,3-5-3,32,0.01040312,minor,leviticus,main
accent_count,3,25,3-4-4,30,0.00975293,minor,leviticus,main
accent_count,3,26,4-4-3,30,0.00975293,minor,leviticus,main
accent_count,3,27,5-3-3,29,0.00942783,minor,leviticus,main
accent_count,3,28,4-5-3,28,0.00910273,minor,leviticus,main
accent_count,3,29,4-4-4,28,0.00910273,minor,leviticus,main
accent_count,3,30,3-3-1,27,0.00877763,minor,leviticus,main
accent_count,3,31,4-2-4,26,0.00845254,minor,leviticus,main
accent_count,3,32,5-3-2,25,0.00812744,minor,leviticus,main
accent_count,3,33,5-2-3,24,0.00780234,minor,leviticus,main
accent_count,3,34,3-5-2,23,0.00747724,minor,leviticus,main
accent_count,3,35,4-4-2,23,0.00747724,minor,leviticus,main
accent_count,3,36,5-4-3,21,0.00682705,minor,leviticus,main
accent_count,3,37,1-3-3,21,0.00682705,minor,leviticus,main
accent_count,3,38,3-5-4,21,0.00682705,minor,leviticus,main
accent_count,3,39,5-3-4,21,0.00682705,minor,leviticus,main
accent_count,3,40,3-4-5,20,0.00650195,minor,leviticus,main
accent_count,3,41,3-6-3,20,0.00650195,minor,leviticus,main
accent_count,3,42,4-1-3,19,0.00617685,minor,leviticus,main
accent_count,3,43,3-1-3,18,0.00585176,minor,leviticus,main
accent_count,3,44,4-3-5,18,0.00585176,minor,leviticus,main
accent_count,3,45,3-1-2,17,0.00552666,minor,leviticus,main
accent_count,3,46,5-4-4,17,0.00552666,minor,leviticus,main
accent_count,3,47,2-3-5,17,0.00552666,minor,leviticus,main
accent_count,3,48,3-1-4,17,0.00552666,minor,leviticus,main
accent_count,3,49,4-4-5,16,0.00520156,minor,leviticus,main
accent_count,3,50,2-5-3,15,0.00487646,minor,leviticus,main
accent_count,4,1,2-3-3-3,34,0.01105691,minor,leviticus,main
accent_count,4,2,3-3-3-3,34,0.01105691,minor,leviticus,main
accent_count,4,3,3-2-3-3,33,0.01073171,minor,leviticus,main
accent_count,4,4,2-2-3-3,31,0.0100813,minor,leviticus,main
accent_count,4,5,2-3-3-2,29,0.00943089,minor,leviticus,main
accent_count,4,6,3-3-2-3,29,0.00943089,minor,leviticus,main
accent_count,4,7,3-3-3-2,29,0.00943089,minor,leviticus,main
accent_count,4,8,3-2-2-2,28,0.00910569,minor,leviticus,main
accent_count,4,9,3-3-2-2,28,0.00910569,minor,leviticus,main
accent_count,4,10,3-2-2-3,26,0.00845528,minor,leviticus,main
accent_count,4,11,2-2-2-3,23,0.00747967,minor,leviticus,main
accent_count,4,12,2-2-2-2,22,0.00715447,minor,leviticus,main
accent_count,4,13,3-3-4-2,22,0.00715447,minor,leviticus,main
accent_count,4,14,3-2-3-2,21,0.00682927,minor,leviticus,main
accent_count,4,15,2-3-2-3,19,0.00617886,minor,leviticus,main
accent_count,4,16,3-3-3-4,19,0.00617886,minor,leviticus,main
accent_count,4,17,2-3-2-2,17,0.00552846,minor,leviticus,main
accent_count,4,18,3-4-3-3,17,0.00552846,minor,leviticus,main
accent_count,4,19,3-3-4-3,17,0.00552846,minor,leviticus,main
accent_count,4,20,4-3-3-3,16,0.00520325,minor,leviticus,main
accent_count,4,21,4-3-3-4,16,0.00520325,minor,leviticus,main
accent_count,4,22,2-3-3-4,16,0.00520325,minor,leviticus,main
accent_count,4,23,4-3-2-3,15,0.00487805,minor,leviticus,main
accent_count,4,24,5-3-3-3,15,0.00487805,minor,leviticus,main
accent_count,4,25,4-2-2-4,15,0.00487805,minor,leviticus,main
accent_count,4,26,2-4-2-2,15,0.00487805,minor,leviticus,main
accent_count,4,27,2-3-4-2,15,0.00487805,minor,leviticus,main
accent_count,4,28,3-4-2-3,15,0.00487805,minor,leviticus,main
accent_count,4,29,3-4-2-2,15,0.00487805,minor,leviticus,main
accent_count,4,30,4-2-3-3,15,0.00487805,minor,leviticus,main
accent_count,4,31,3-3-5-3,14,0.00455285,minor,leviticus,main
accent_count,4,32,3-2-4-2,14,0.00455285,minor,leviticus,main
accent_count,4,33,3-4-3-2,14,0.00455285,minor,leviticus,main
accent_count,4,34,2-4-3-3,14,0.00455285,minor,leviticus,main
accent_count,4,35,2-2-3-2,13,0.00422764,minor,leviticus,main
accent_count,4,36,2-2-3-4,13,0.00422764,minor,leviticus,main
accent_count,4,37,3-2-3-4,12,0.00390244,minor,leviticus,main
accent_count,4,38,2-3-2-4,12,0.00390244,minor,leviticus,main
accent_count,4,39,3-2-4-4,12,0.00390244,minor,leviticus,main
accent_count,4,40,3-3-2-4,12,0.00390244,minor,leviticus,main
accent_count,4,41,3-4-2-4,12,0.00390244,minor,leviticus,main
accent_count,4,42,3-2-4-3,12,0.00390244,minor,leviticus,main
accent_count,4,43,4-3-2-4,12,0.00390244,minor,leviticus,main
accent_count,4,44,3-5-3-3,11,0.00357724,minor,leviticus,main
accent_count,4,45,4-4-3-3,11,0.00357724,minor,leviticus,main
accent_count,4,46,2-3-3-5,10,0.00325203,minor,leviticus,main
accent_count,4,47,5-3-2-3,10,0.00325203,minor,leviticus,main
accent_count,4,48,4-3-2-2,10,0.00325203,minor,leviticus,main
accent_count,4,49,3-3-5-2,10,0.00325203,minor,leviticus,main
accent_count,4,50,2-4-4-2,10,0.00325203,minor,leviticus,main
accent_count,5,1,3-3-2-2-2,16,0.00520494,minor,leviticus,main
accent_count,5,2,2-3-3-3-3,16,0.00520494,minor,leviticus,main
accent_count,5,3,2-3-3-2-2,15,0.00487964,minor,leviticus,main
accent_count,5,4,3-3-3-2-3,14,0.00455433,minor,leviticus,main
accent_count,5,5,3-2-2-3-3,14,0.00455433,minor,leviticus,main
accent_count,5,6,3-2-3-3-3,13,0.00422902,minor,leviticus,main
accent_count,5,7,2-2-3-3-2,12,0.00390371,minor,leviticus,main
accent_count,5,8,3-2-2-2-3,11,0.0035784,minor,leviticus,main
accent_count,5,9,2-2-2-3-3,11,0.0035784,minor,leviticus,main
accent_count,5,10,3-3-3-3-2,11,0.0035784,minor,leviticus,main
accent_count,5,11,2-3-2-3-3,11,0.0035784,minor,leviticus,main
accent_count,5,12,3-2-3-3-2,10,0.00325309,minor,leviticus,main
accent_count,5,13,2-3-2-2-3,10,0.00325309,minor,leviticus,main
accent_count,5,14,3-3-3-3-4,10,0.00325309,minor,leviticus,main
accent_count,5,15,3-3-2-3-3,9,0.00292778,minor,leviticus,main
accent_count,5,16,3-4-3-3-3,9,0.00292778,minor,leviticus,main
accent_count,5,17,3-2-4-2-2,8,0.00260247,minor,leviticus,main
accent_count,5,18,3-3-2-3-2,8,0.00260247,minor,leviticus,main
accent_count,5,19,3-2-3-2-2,8,0.00260247,minor,leviticus,main
accent_count,5,20,2-2-2-2-3,8,0.00260247,minor,leviticus,main
accent_count,5,21,3-3-3-4-3,8,0.00260247,minor,leviticus,main
accent_count,5,22,4-3-3-5-3,8,0.00260247,minor,leviticus,main
accent_count,5,23,2-2-3-3-3,7,0.00227716,minor,leviticus,main
accent_count,5,24,3-3-3-3-3,7,0.00227716,minor,leviticus,main
accent_count,5,25,3-2-2-2-2,7,0.00227716,minor,leviticus,main
accent_count,5,26,3-3-3-2-2,7,0.00227716,minor,leviticus,main
accent_count,5,27,3-3-4-2-4,7,0.00227716,minor,leviticus,main
accent_count,5,28,3-3-4-2-3,7,0.00227716,minor,leviticus,main
accent_count,5,29,3-3-3-4-2,7,0.00227716,minor,leviticus,main
accent_count,5,30,2-2-2-2-2,7,0.00227716,minor,leviticus,main
accent_count,5,31,3-3-2-4-2,6,0.00195185,minor,leviticus,main
accent_count,5,32,2-4-2-2-4,6,0.00195185,minor,leviticus,main
accent_count,5,33,2-2-3-4-2,6,0.00195185,minor,leviticus,main
accent_count,5,34,3-3-2-2-3,6,0.00195185,minor,leviticus,main
accent_count,5,35,3-4-3-2-4,6,0.00195185,minor,leviticus,main
accent_count,5,36,3-4-3-3-4,6,0.00195185,minor,leviticus,main
accent_count,5,37,3-3-4-3-3,6,0.00195185,minor,leviticus,main
accent_count,5,38,2-3-3-3-2,6,0.00195185,minor,leviticus,main
accent_count,5,39,3-2-3-2-3,6,0.00195185,minor,leviticus,main
accent_count,5,40,3-3-4-3-2,6,0.00195185,minor,leviticus,main
accent_count,5,41,5-3-3-3-3,6,0.00195185,minor,leviticus,main
accent_count,5,42,3-3-4-5-3,6,0.00195185,minor,leviticus,main
accent_count,5,43,3-5-3-3-3,6,0.00195185,minor,leviticus,main
accent_count,5,44,4-2-2-2-2,6,0.00195185,minor,leviticus,main
accent_count,5,45,3-3-1-4-3,6,0.00195185,minor,leviticus,main
accent_count,5,46,2-3-3-4-2,6,0.00195185,minor,leviticus,main
accent_count,5,47,4-2-4-3-3,6,0.00195185,minor,leviticus,main
accent_count,5,48,3-2-2-3-2,5,0.00162655,minor,leviticus,main
accent_count,5,49,2-3-3-2-4,5,0.00162655,minor,leviticus,main
accent_count,5,50,2-2-4-1-3,5,0.00162655,minor,leviticus,main
accent_count,6,1,2-3-3-2-2-2,11,0.00357956,minor,leviticus,main
accent_count,6,2,2-2-3-3-2-2,8,0.00260332,minor,leviticus,main
accent_count,6,3,3-2-2-3-3-2,7,0.0022779,minor,leviticus,main
accent_count,6,4,3-2-3-3-3-3,7,0.0022779,minor,leviticus,main
accent_count,6,5,3-3-2-2-2-3,6,0.00195249,minor,leviticus,main
accent_count,6,6,3-3-3-3-2-3,6,0.00195249,minor,leviticus,main
accent_count,6,7,2-2-2-2-3-3,6,0.00195249,minor,leviticus,main
accent_count,6,8,2-3-3-3-3-2,6,0.00195249,minor,leviticus,main
accent_count,6,9,3-2-3-2-2-3,5,0.00162707,minor,leviticus,main
accent_count,6,10,2-3-2-2-3-3,5,0.00162707,minor,leviticus,main
accent_count,6,11,3-2-3-3-2-2,5,0.00162707,minor,leviticus,main
accent_count,6,12,3-3-3-2-2-2,5,0.00162707,minor,leviticus,main
accent_count,6,13,3-3-3-3-4-3,5,0.00162707,minor,leviticus,main
accent_count,6,14,4-3-3-5-3-4,5,0.00162707,minor,leviticus,main
accent_count,6,15,3-3-2-3-3-3,5,0.00162707,minor,leviticus,main
accent_count,6,16,3-2-2-2-3-3,4,0.00130166,minor,leviticus,main
accent_count,6,17,3-2-4-2-2-4,4,0.00130166,minor,leviticus,main
accent_count,6,18,3-3-3-2-3-2,4,0.00130166,minor,leviticus,main
accent_count,6,19,2-2-2-3-3-3,4,0.00130166,minor,leviticus,main
accent_count,6,20,2-3-3-3-3-3,4,0.00130166,minor,leviticus,main
accent_count,6,21,3-2-2-2-2-3,4,0.00130166,minor,leviticus,main
accent_count,6,22,2-3-2-3-3-2,4,0.00130166,minor,leviticus,main
accent_count,6,23,3-3-2-3-2-3,4,0.00130166,minor,leviticus,main
accent_count,6,24,3-2-3-2-3-3,4,0.00130166,minor,leviticus,main
accent_count,6,25,2-3-3-3-3-4,4,0.00130166,minor,leviticus,main
accent_count,6,26,3-3-3-3-3-4,4,0.00130166,minor,leviticus,main
accent_count,6,27,2-4-2-2-2-2,4,0.00130166,minor,leviticus,main
accent_count,6,28,2-3-3-4-2-4,4,0.00130166,minor,leviticus,main
accent_count,6,29,2-3-3-3-4-2,4,0.00130166,minor,leviticus,main
accent_count,6,30,2-4-3-3-5-3,4,0.00130166,minor,leviticus,main
accent_count,6,31,4-3-2-2-2-3,3,0.00097624,minor,leviticus,main
accent_count,6,32,3-3-2-3-3-2,3,0.00097624,minor,leviticus,main
accent_count,6,33,2-3-3-2-4-2,3,0.00097624,minor,leviticus,main
accent_count,6,34,2-2-4-1-3-3,3,0.00097624,minor,leviticus,main
accent_count,6,35,3-2-2-2-3-4,3,0.00097624,minor,leviticus,main
accent_count,6,36,3-3-2-2-3-3,3,0.00097624,minor,leviticus,main
accent_count,6,37,2-3-4-2-3-2,3,0.00097624,minor,leviticus,main
accent_count,6,38,2-5-4-4-5-4,3,0.00097624,minor,leviticus,main
accent_count,6,39,3-3-2-2-2-2,3,0.00097624,minor,leviticus,main
accent_count,6,40,2-2-2-3-2-3,3,0.00097624,minor,leviticus,main
accent_count,6,41,2-2-3-2-3-3,3,0.00097624,minor,leviticus,main
accent_count,6,42,2-3-4-3-3-3,3,0.00097624,minor,leviticus,main
accent_count,6,43,3-3-2-2-2-4,3,0.00097624,minor,leviticus,main
accent_count,6,44,2-4-2-2-4-4,3,0.00097624,minor,leviticus,main
accent_count,6,45,4-4-3-3-4-3,3,0.00097624,minor,leviticus,main
accent_count,6,46,3-2-4-4-2-3,3,0.00097624,minor,leviticus,main
accent_count,6,47,2-3-3-3-2-3,3,0.00097624,minor,leviticus,main
accent_count,6,48,3-3-3-2-3-5,3,0.00097624,minor,leviticus,main
accent_count,6,49,5-1-3-3-4-1,3,0.00097624,minor,leviticus,main
accent_count,6,50,3-2-5-3-3-3,3,0.00097624,minor,leviticus,main
word_count,2,1,4-4,15,0.01169135,verse,numbers,main
word_count,2,2,6-11,13,0.0101325,verse,numbers,main
word_count,2,3,5-5,12,0.00935308,verse,numbers,main
word_count,2,4,11-9,11,0.00857366,verse,numbers,main
word_count,2,5,8-15,10,0.00779423,verse,numbers,main
word_count,2,6,18-11,10,0.00779423,verse,numbers,main
word_count,2,7,7-8,10,0.00779423,verse,numbers,main
word_count,2,8,10-13,10,0.00779423,verse,numbers,main
word_count,2,9,11-4,10,0.00779423,verse,numbers,main
word_count,2,10,4-17,10,0.00779423,verse,numbers,main
word_count,2,11,10-10,9,0.00701481,verse,numbers,main
word_count,2,12,15-8,9,0.00701481,verse,numbers,main
word_count,2,13,15-11,9,0.00701481,verse,numbers,main
word_count,2,14,14-12,9,0.00701481,verse,numbers,main
word_count,2,15,9-12,9,0.00701481,verse,numbers,main
word_count,2,16,17-20,9,0.00701481,verse,numbers,main
word_count,2,17,11-11,9,0.00701481,verse,numbers,main
word_count,2,18,9-13,9,0.00701481,verse,numbers,main
word_count,2,19,17-8,9,0.00701481,verse,numbers,main
word_count,2,20,8-20,9,0.00701481,verse,numbers,main
word_count,2,21,12-7,9,0.00701481,verse,numbers,main
word_count,2,22,13-10,8,0.00623539,verse,numbers,main
word_count,2,23,9-9,8,0.00623539,verse,numbers,main
word_count,2,24,16-15,8,0.00623539,verse,numbers,main
word_count,2,25,6-5,8,0.00623539,verse,numbers,main
word_count,2,26,9-10,8,0.00623539,verse,numbers,main
word_count,2,27,10-14,8,0.00623539,verse,numbers,main
word_count,2,28,7-5,8,0.00623539,verse,numbers,main
word_count,2,29,12-9,8,0.00623539,verse,numbers,main
word_count,2,30,20-6,8,0.00623539,verse,numbers,main
word_count,2,31,10-18,7,0.00545596,verse,numbers,main
word_count,2,32,8-8,7,0.00545596,verse,numbers,main
word_count,2,33,15-15,7,0.00545596,verse,numbers,main
word_count,2,34,16-13,7,0.00545596,verse,numbers,main
word_count,2,35,11-16,7,0.00545596,verse,numbers,main
word_count,2,36,14-16,7,0.00545596,verse,numbers,main
word_count,2,37,10-20,7,0.00545596,verse,numbers,main
word_count,2,38,9-14,7,0.00545596,verse,numbers,main
word_count,2,39,9-8,7,0.00545596,verse,numbers,main
word_count,2,40,13-9,7,0.00545596,verse,numbers,main
word_count,2,41,15-13,6,0.00467654,verse,numbers,main
word_count,2,42,5-13,6,0.00467654,verse,numbers,main
word_count,2,43,11-7,6,0.00467654,verse,numbers,main
word_count,2,44,7-14,6,0.00467654,verse,numbers,main
word_count,2,45,14-13,6,0.00467654,verse,numbers,main
word_count,2,46,9-6,6,0.00467654,verse,numbers,main
word_count,2,47,7-7,6,0.00467654,verse,numbers,main
word_count,2,48,12-6,6,0.00467654,verse,numbers,main
word_count,2,49,12-16,6,0.00467654,verse,numbers,main
word_count,2,50,13-13,6,0.00467654,verse,numbers,main
word_count,3,1,4-4-4,9,0.00702028,verse,numbers,main
word_count,3,2,20-6-11,8,0.00624025,verse,numbers,main
word_count,3,3,6-11-4,8,0.00624025,verse,numbers,main
word_count,3,4,11-4-17,8,0.00624025,verse,numbers,main
word_count,3,5,4-17-8,6,0.00468019,verse,numbers,main
word_count,3,6,5-5-5,6,0.00468019,verse,numbers,main
word_count,3,7,15-8-15,5,0.00390016,verse,numbers,main
word_count,3,8,8-15-8,5,0.00390016,verse,numbers,main
word_count,3,9,17-8-20,5,0.00390016,verse,numbers,main
word_count,3,10,8-20-6,5,0.00390016,verse,numbers,main
word_count,3,11,16-15-11,3,0.00234009,verse,numbers,main
word_count,3,12,10-18-11,3,0.00234009,verse,numbers,main
word_count,3,13,9-10-13,3,0.00234009,verse,numbers,main
word_count,3,14,14-6-14,3,0.00234009,verse,numbers,main
word_count,3,15,9-6-10,3,0.00234009,verse,numbers,main
word_count,3,16,8-9-10,3,0.00234009,verse,numbers,main
word_count,3,17,11-9-8,3,0.00234009,verse,numbers,main
word_count,3,18,9-12-7,3,0.00234009,verse,numbers,main
word_count,3,19,11-6-11,3,0.00234009,verse,numbers,main
word_count,3,20,7-8-12,3,0.00234009,verse,numbers,main
word_count,3,21,8-12-7,3,0.00234009,verse,numbers,main
word_count,3,22,12-7-8,3,0.00234009,verse,numbers,main
word_count,3,23,4-5-5,3,0.00234009,verse,numbers,main
word_count,3,24,6-5-4,3,0.00234009,verse,numbers,main
word_count,3,25,5-4-4,3,0.00234009,verse,numbers,main
word_count,3,26,7-7-7,3,0.00234009,verse,numbers,main
word_count,3,27,10-10-4,2,0.00156006,verse,numbers,main
word_count,3,28,10-4-4,2,0.00156006,verse,numbers,main
word_count,3,29,15-11-6,2,0.00156006,verse,numbers,main
word_count,3,30,7-14-13,2,0.00156006,verse,numbers,main
word_count,3,31,7-10-7,2,0.00156006,verse,numbers,main
word_count,3,32,10-7-8,2,0.00156006,verse,numbers,main
word_count,3,33,7-8-7,2,0.00156006,verse,numbers,main
word_count,3,34,8-15-15,2,0.00156006,verse,numbers,main
word_count,3,35,11-7-10,2,0.00156006,verse,numbers,main
word_count,3,36,11-9-10,2,0.00156006,verse,numbers,main
word_count,3,37,14-14-12,2,0.00156006,verse,numbers,main
word_count,3,38,13-8-8,2,0.00156006,verse,numbers,main
word_count,3,39,11-9-12,2,0.00156006,verse,numbers,main
word_count,3,40,12-6-7,2,0.00156006,verse,numbers,main
word_count,3,41,6-7-12,2,0.00156006,verse,numbers,main
word_count,3,42,12-16-13,2,0.00156006,verse,numbers,main
word_count,3,43,13-13-8,2,0.00156006,verse,numbers,main
word_count,3,44,17-20-11,2,0.00156006,verse,numbers,main
word_count,3,45,11-16-5,2,0.00156006,verse,numbers,main
word_count,3,46,18-11-11,2,0.00156006,verse,numbers,main
word_count,3,47,10-14-15,2,0.00156006,verse,numbers,main
word_count,3,48,8-14-12,2,0.00156006,verse,numbers,main
word_count,3,49,7-5-10,2,0.00156006,verse,numbers,main
word_count,3,50,12-16-14,2,0.00156006,verse,numbers,main
word_count,4,1,6-11-4-17,8,0.00624512,verse,numbers,main
word_count,4,2,20-6-11-4,7,0.00546448,verse,numbers,main
word_count,4,3,4-4-4-4,6,0.00468384,verse,numbers,main
word_count,4,4,15-8-15-8,5,0.0039032,verse,numbers,main
word_count,4,5,11-4-17-8,5,0.0039032,verse,numbers,main
word_count,4,6,4-17-8-20,5,0.0039032,verse,numbers,main
word_count,4,7,8-20-6-11,5,0.0039032,verse,numbers,main
word_count,4,8,5-5-5-5,4,0.00312256,verse,numbers,main
word_count,4,9,8-15-8-15,3,0.00234192,verse,numbers,main
word_count,4,10,17-8-20-6,3,0.00234192,verse,numbers,main
word_count,4,11,7-8-12-7,3,0.00234192,verse,numbers,main
word_count,4,12,10-4-4-4,2,0.00156128,verse,numbers,main
word_count,4,13,7-10-7-8,2,0.00156128,verse,numbers,main
word_count,4,14,10-7-8-7,2,0.00156128,verse,numbers,main
word_count,4,15,12-6-7-12,2,0.00156128,verse,numbers,main
word_count,4,16,14-13-17-7,2,0.00156128,verse,numbers,main
word_count,4,17,17-8-20-17,2,0.00156128,verse,numbers,main
word_count,4,18,8-20-17-4,2,0.00156128,verse,numbers,main
word_count,4,19,20-17-4-17,2,0.00156128,verse,numbers,main
word_count,4,20,4-17-10-20,2,0.00156128,verse,numbers,main
word_count,4,21,17-10-20-6,2,0.00156128,verse,numbers,main
word_count,4,22,10-20-6-11,2,0.00156128,verse,numbers,main
word_count,4,23,10-9-6-10,2,0.00156128,verse,numbers,main
word_count,4,24,15-11-10-19,2,0.00156128,verse,numbers,main
word_count,4,25,7-5-5-5,2,0.00156128,verse,numbers,main
word_count,4,26,8-12-12-9,2,0.00156128,verse,numbers,main
word_count,4,27,12-12-9-12,2,0.00156128,verse,numbers,main
word_count,4,28,12-9-12-7,2,0.00156128,verse,numbers,main
word_count,4,29,10-13-9-14,2,0.00156128,verse,numbers,main
word_count,4,30,11-13-19-10,2,0.00156128,verse,numbers,main
word_count,4,31,12-7-8-12,2,0.00156128,verse,numbers,main
word_count,4,32,8-12-7-8,2,0.00156128,verse,numbers,main
word_count,4,33,5-6-5-4,2,0.00156128,verse,numbers,main
word_count,4,34,6-5-4-5,2,0.00156128,verse,numbers,main
word_count,4,35,4-5-5-4,2,0.00156128,verse,numbers,main
word_count,4,36,5-5-4-4,2,0.00156128,verse,numbers,main
word_count,4,37,7-7-7-7,2,0.00156128,verse,numbers,main
word_count,4,38,17-15-13-10,1,0.00078064,verse,numbers,main
word_count,4,39,15-13-10-10,1,0.00078064,verse,numbers,main
word_count,4,40,13-10-10-4,1,0.00078064,verse,numbers,main
word_count,4,41,10-10-4-4,1,0.00078064,verse,numbers,main
word_count,4,42,4-4-4-10,1,0.00078064,verse,numbers,main
word_count,4,43,4-4-10-4,1,0.00078064,verse,numbers,main
word_count,4,44,4-10-4-4,1,0.00078064,verse,numbers,main
word_count,4,45,4-4-4-9,1,0.00078064,verse,numbers,main
word_count,4,46,4-4-9-9,1,0.00078064,verse,numbers,main
word_count,4,47,4-9-9-19,1,0.00078064,verse,numbers,main
word_count,4,48,9-9-19-8,1,0.00078064,verse,numbers,main
word_count,4,49,9-19-8-21,1,0.00078064,verse,numbers,main
word_count,4,50,19-8-21-8,1,0.00078064,verse,numbers,main
word_count,5,1,20-6-11-4-17,7,0.00546875,verse,numbers,main
word_count,5,2,6-11-4-17-8,5,0.00390625,verse,numbers,main
word_count,5,3,11-4-17-8-20,4,0.003125,verse,numbers,main
word_count,5,4,8-20-6-11-4,4,0.003125,verse,numbers,main
word_count,5,5,4-4-4-4-4,3,0.00234375,verse,numbers,main
word_count,5,6,15-8-15-8-15,3,0.00234375,verse,numbers,main
word_count,5,7,8-15-8-15-8,3,0.00234375,verse,numbers,main
word_count,5,8,4-17-8-20-6,3,0.00234375,verse,numbers,main
word_count,5,9,17-8-20-6-11,3,0.00234375,verse,numbers,main
word_count,5,10,10-4-4-4-4,2,0.0015625,verse,numbers,main
word_count,5,11,7-10-7-8-7,2,0.0015625,verse,numbers,main
word_count,5,12,4-17-8-20-17,2,0.0015625,verse,numbers,main
word_count,5,13,17-8-20-17-4,2,0.0015625,verse,numbers,main
word_count,5,14,8-20-17-4-17,2,0.0015625,verse,numbers,main
word_count,5,15,4-17-10-20-6,2,0.0015625,verse,numbers,main
word_count,5,16,17-10-20-6-11,2,0.0015625,verse,numbers,main
word_count,5,17,10-20-6-11-4,2,0.0015625,verse,numbers,main
word_count,5,18,7-5-5-5-5,2,0.0015625,verse,numbers,main
word_count,5,19,5-5-5-5-5,2,0.0015625,verse,numbers,main
word_count,5,20,8-12-12-9-12,2,0.0015625,verse,numbers,main
word_count,5,21,12-12-9-12-7,2,0.0015625,verse,numbers,main
word_count,5,22,12-7-8-12-7,2,0.0015625,verse,numbers,main
word_count,5,23,7-8-12-7-8,2,0.0015625,verse,numbers,main
word_count,5,24,5-6-5-4-5,2,0.0015625,verse,numbers,main
word_count,5,25,4-5-5-4-4,2,0.0015625,verse,numbers,main
word_count,5,26,17-15-13-10-10,1,0.00078125,verse,numbers,main
word_count,5,27,15-13-10-10-4,1,0.00078125,verse,numbers,main
word_count,5,28,13-10-10-4-4,1,0.00078125,verse,numbers,main
word_count,5,29,10-10-4-4-4,1,0.00078125,verse,numbers,main
word_count,5,30,4-4-4-4-10,1,0.00078125,verse,numbers,main
word_count,5,31,4-4-4-10-4,1,0.00078125,verse,numbers,main
word_count,5,32,4-4-10-4-4,1,0.00078125,verse,numbers,main
word_count,5,33,4-10-4-4-4,1,0.00078125,verse,numbers,main
word_count,5,34,4-4-4-4-9,1,0.00078125,verse,numbers,main
word_count,5,35,4-4-4-9-9,1,0.00078125,verse,numbers,main
word_count,5,36,4-4-9-9-19,1,0.00078125,verse,numbers,main
word_count,5,37,4-9-9-19-8,1,0.00078125,verse,numbers,main
word_count,5,38,9-9-19-8-21,1,0.00078125,verse,numbers,main
word_count,5,39,9-19-8-21-8,1,0.00078125,verse,numbers,main
word_count,5,40,19-8-21-8-19,1,0.00078125,verse,numbers,main
word_count,5,41,8-21-8-19-8,1,0.00078125,verse,numbers,main
word_count,5,42,21-8-19-8-15,1,0.00078125,verse,numbers,main
word_count,5,43,8-19-8-15-9,1,0.00078125,verse,numbers,main
word_count,5,44,19-8-15-9-15,1,0.00078125,verse,numbers,main
word_count,5,45,8-15-9-15-8,1,0.00078125,verse,numbers,main
word_count,5,46,15-9-15-8-15,1,0.00078125,verse,numbers,main
word_count,5,47,9-15-8-15-8,1,0.00078125,verse,numbers,main
word_count,5,48,15-8-15-8-17,1,0.00078125,verse,numbers,main
word_count,5,49,8-15-8-17-7,1,0.00078125,verse,numbers,main
word_count,5,50,15-8-17-7-15,1,0.00078125,verse,numbers,main
word_count,6,1,20-6-11-4-17-8,4,0.00312744,verse,numbers,main
word_count,6,2,6-11-4-17-8-20,4,0.00312744,verse,numbers,main
word_count,6,3,8-20-6-11-4-17,4,0.00312744,verse,numbers,main
word_count,6,4,15-8-15-8-15-8,3,0.00234558,verse,numbers,main
word_count,6,5,4-17-8-20-6-11,3,0.00234558,verse,numbers,main
word_count,6,6,11-4-17-8-20-6,2,0.00156372,verse,numbers,main
word_count,6,7,17-8-20-6-11-4,2,0.00156372,verse,numbers,main
word_count,6,8,11-4-17-8-20-17,2,0.00156372,verse,numbers,main
word_count,6,9,4-17-8-20-17-4,2,0.00156372,verse,numbers,main
word_count,6,10,17-8-20-17-4-17,2,0.00156372,verse,numbers,main
word_count,6,11,4-17-10-20-6-11,2,0.00156372,verse,numbers,main
word_count,6,12,17-10-20-6-11-4,2,0.00156372,verse,numbers,main
word_count,6,13,10-20-6-11-4-17,2,0.00156372,verse,numbers,main
word_count,6,14,8-12-12-9-12-7,2,0.00156372,verse,numbers,main
word_count,6,15,12-7-8-12-7-8,2,0.00156372,verse,numbers,main
word_count,6,16,17-15-13-10-10-4,1,0.00078186,verse,numbers,main
word_count,6,17,15-13-10-10-4-4,1,0.00078186,verse,numbers,main
word_count,6,18,13-10-10-4-4-4,1,0.00078186,verse,numbers,main
word_count,6,19,10-10-4-4-4-4,1,0.00078186,verse,numbers,main
word_count,6,20,10-4-4-4-4-10,1,0.00078186,verse,numbers,main
word_count,6,21,4-4-4-4-10-4,1,0.00078186,verse,numbers,main
word_count,6,22,4-4-4-10-4-4,1,0.00078186,verse,numbers,main
word_count,6,23,4-4-10-4-4-4,1,0.00078186,verse,numbers,main
word_count,6,24,4-10-4-4-4-4,1,0.00078186,verse,numbers,main
word_count,6,25,10-4-4-4-4-4,1,0.00078186,verse,numbers,main
word_count,6,26,4-4-4-4-4-9,1,0.00078186,verse,numbers,main
word_count,6,27,4-4-4-4-9-9,1,0.00078186,verse,numbers,main
word_count,6,28,4-4-4-9-9-19,1,0.00078186,verse,numbers,main
word_count,6,29,4-4-9-9-19-8,1,0.00078186,verse,numbers,main
word_count,6,30,4-9-9-19-8-21,1,0.00078186,verse,numbers,main
word_count,6,31,9-9-19-8-21-8,1,0.00078186,verse,numbers,main
word_count,6,32,9-19-8-21-8-19,1,0.00078186,verse,numbers,main
word_count,6,33,19-8-21-8-19-8,1,0.00078186,verse,numbers,main
word_count,6,34,8-21-8-19-8-15,1,0.00078186,verse,numbers,main
word_count,6,35,21-8-19-8-15-9,1,0.00078186,verse,numbers,main
word_count,6,36,8-19-8-15-9-15,1,0.00078186,verse,numbers,main
word_count,6,37,19-8-15-9-15-8,1,0.00078186,verse,numbers,main
word_count,6,38,8-15-9-15-8-15,1,0.00078186,verse,numbers,main
word_count,6,39,15-9-15-8-15-8,1,0.00078186,verse,numbers,main
word_count,6,40,9-15-8-15-8-15,1,0.00078186,verse,numbers,main
word_count,6,41,8-15-8-15-8-17,1,0.00078186,verse,numbers,main
word_count,6,42,15-8-15-8-17-7,1,0.00078186,verse,numbers,main
word_count,6,43,8-15-8-17-7-15,1,0.00078186,verse,numbers,main
word_count,6,44,15-8-17-7-15-7,1,0.00078186,verse,numbers,main
word_count,6,45,8-17-7-15-7-15,1,0.00078186,verse,numbers,main
word_count,6,46,17-7-15-7-15-8,1,0.00078186,verse,numbers,main
word_count,6,47,7-15-7-15-8-15,1,0.00078186,verse,numbers,main
word_count,6,48,15-7-15-8-15-8,1,0.00078186,verse,numbers,main
word_count,6,49,7-15-8-15-8-15,1,0.00078186,verse,numbers,main
word_count,6,50,8-15-8-15-8-15,1,0.00078186,verse,numbers,main
pulse_count,2,1,13-20,9,0.00701481,verse,numbers,main
pulse_count,2,2,20-8,9,0.00701481,verse,numbers,main
pulse_count,2,3,50-13,7,0.00545596,verse,numbers,main
pulse_count,2,4,33-31,5,0.00389712,verse,numbers,main
pulse_count,2,5,18-20,5,0.00389712,verse,numbers,main
pulse_count,2,6,22-28,5,0.00389712,verse,numbers,main
pulse_count,2,7,16-11,4,0.00311769,verse,numbers,main
pulse_count,2,8,11-35,4,0.00311769,verse,numbers,main
pulse_count,2,9,30-25,4,0.00311769,verse,numbers,main
pulse_count,2,10,35-28,4,0.00311769,verse,numbers,main
pulse_count,2,11,31-32,4,0.00311769,verse,numbers,main
pulse_count,2,12,37-11,4,0.00311769,verse,numbers,main
pulse_count,2,13,8-41,4,0.00311769,verse,numbers,main
pulse_count,2,14,50-33,4,0.00311769,verse,numbers,main
pulse_count,2,15,37-20,4,0.00311769,verse,numbers,main
pulse_count,2,16,23-37,4,0.00311769,verse,numbers,main
pulse_count,2,17,23-11,3,0.00233827,verse,numbers,main
pulse_count,2,18,11-10,3,0.00233827,verse,numbers,main
pulse_count,2,19,24-11,3,0.00233827,verse,numbers,main
pulse_count,2,20,18-21,3,0.00233827,verse,numbers,main
pulse_count,2,21,21-36,3,0.00233827,verse,numbers,main
pulse_count,2,22,21-42,3,0.00233827,verse,numbers,main
pulse_count,2,23,18-38,3,0.00233827,verse,numbers,main
pulse_count,2,24,38-23,3,0.00233827,verse,numbers,main
pulse_count,2,25,29-36,3,0.00233827,verse,numbers,main
pulse_count,2,26,28-17,3,0.00233827,verse,numbers,main
pulse_count,2,27,33-30,3,0.00233827,verse,numbers,main
pulse_count,2,28,21-20,3,0.00233827,verse,numbers,main
pulse_count,2,29,20-33,3,0.00233827,verse,numbers,main
pulse_count,2,30,27-20,3,0.00233827,verse,numbers,main
pulse_count,2,31,20-22,3,0.00233827,verse,numbers,main
pulse_count,2,32,23-41,3,0.00233827,verse,numbers,main
pulse_count,2,33,22-25,3,0.00233827,verse,numbers,main
pulse_count,2,34,44-31,3,0.00233827,verse,numbers,main
pulse_count,2,35,31-19,3,0.00233827,verse,numbers,main
pulse_count,2,36,27-31,3,0.00233827,verse,numbers,main
pulse_count,2,37,17-34,3,0.00233827,verse,numbers,main
pulse_count,2,38,22-31,3,0.00233827,verse,numbers,main
pulse_count,2,39,15-18,3,0.00233827,verse,numbers,main
pulse_count,2,40,46-32,3,0.00233827,verse,numbers,main
pulse_count,2,41,29-22,3,0.00233827,verse,numbers,main
pulse_count,2,42,19-29,3,0.00233827,verse,numbers,main
pulse_count,2,43,11-25,3,0.00233827,verse,numbers,main
pulse_count,2,44,30-22,3,0.00233827,verse,numbers,main
pulse_count,2,45,41-17,3,0.00233827,verse,numbers,main
pulse_count,2,46,29-37,3,0.00233827,verse,numbers,main
pulse_count,2,47,25-45,3,0.00233827,verse,numbers,main
pulse_count,2,48,8-43,3,0.00233827,verse,numbers,main
pulse_count,2,49,20-50,3,0.00233827,verse,numbers,main
pulse_count,2,50,18-50,3,0.00233827,verse,numbers,main
pulse_count,3,1,13-20-8,8,0.00624025,verse,numbers,main
pulse_count,3,2,50-13-20,7,0.00546022,verse,numbers,main
pulse_count,3,3,20-8-41,4,0.00312012,verse,numbers,main
pulse_count,3,4,18-21-49,2,0.00156006,verse,numbers,main
pulse_count,3,5,21-36-22,2,0.00156006,verse,numbers,main
pulse_count,3,6,30-16-21,2,0.00156006,verse,numbers,main
pulse_count,3,7,25-27-31,2,0.00156006,verse,numbers,main
pulse_count,3,8,30-22-28,2,0.00156006,verse,numbers,main
pulse_count,3,9,20-8-43,2,0.00156006,verse,numbers,main
pulse_count,3,10,8-41-17,2,0.00156006,verse,numbers,main
pulse_count,3,11,41-17-50,2,0.00156006,verse,numbers,main
pulse_count,3,12,50-33-8,2,0.00156006,verse,numbers,main
pulse_count,3,13,20-50-13,2,0.00156006,verse,numbers,main
pulse_count,3,14,8-44-18,2,0.00156006,verse,numbers,main
pulse_count,3,15,20-8-42,2,0.00156006,verse,numbers,main
pulse_count,3,16,18-50-13,2,0.00156006,verse,numbers,main
pulse_count,3,17,18-20-48,2,0.00156006,verse,numbers,main
pulse_count,3,18,33-31-27,2,0.00156006,verse,numbers,main
pulse_count,3,19,14-15-15,2,0.00156006,verse,numbers,main
pulse_count,3,20,15-16-15,2,0.00156006,verse,numbers,main
pulse_count,3,21,41-33-31,1,0.00078003,verse,numbers,main
pulse_count,3,22,33-31-17,1,0.00078003,verse,numbers,main
pulse_count,3,23,31-17-23,1,0.00078003,verse,numbers,main
pulse_count,3,24,17-23-11,1,0.00078003,verse,numbers,main
pulse_count,3,25,23-11-10,1,0.00078003,verse,numbers,main
pulse_count,3,26,11-10-9,1,0.00078003,verse,numbers,main
pulse_count,3,27,10-9-8,1,0.00078003,verse,numbers,main
pulse_count,3,28,9-8-24,1,0.00078003,verse,numbers,main
pulse_count,3,29,8-24-11,1,0.00078003,verse,numbers,main
pulse_count,3,30,24-11-10,1,0.00078003,verse,numbers,main
pulse_count,3,31,11-10-7,1,0.00078003,verse,numbers,main
pulse_count,3,32,10-7-7,1,0.00078003,verse,numbers,main
pulse_count,3,33,7-7-10,1,0.00078003,verse,numbers,main
pulse_count,3,34,7-10-18,1,0.00078003,verse,numbers,main
pulse_count,3,35,10-18-21,1,0.00078003,verse,numbers,main
pulse_count,3,36,21-49-19,1,0.00078003,verse,numbers,main
pulse_count,3,37,49-19-52,1,0.00078003,verse,numbers,main
pulse_count,3,38,19-52-19,1,0.00078003,verse,numbers,main
pulse_count,3,39,52-19-48,1,0.00078003,verse,numbers,main
pulse_count,3,40,19-48-21,1,0.00078003,verse,numbers,main
pulse_count,3,41,48-21-36,1,0.00078003,verse,numbers,main
pulse_count,3,42,36-22-38,1,0.00078003,verse,numbers,main
pulse_count,3,43,22-38-20,1,0.00078003,verse,numbers,main
pulse_count,3,44,38-20-38,1,0.00078003,verse,numbers,main
pulse_count,3,45,20-38-21,1,0.00078003,verse,numbers,main
pulse_count,3,46,38-21-38,1,0.00078003,verse,numbers,main
pulse_count,3,47,21-38-21,1,0.00078003,verse,numbers,main
pulse_count,3,48,38-21-42,1,0.00078003,verse,numbers,main
pulse_count,3,49,21-42-18,1,0.00078003,verse,numbers,main
pulse_count,3,50,42-18-38,1,0.00078003,verse,numbers,main
pulse_count,4,1,50-13-20-8,6,0.00468384,verse,numbers,main
pulse_count,4,2,13-20-8-41,4,0.00312256,verse,numbers,main
pulse_count,4,3,13-20-8-43,2,0.00156128,verse,numbers,main
pulse_count,4,4,20-8-41-17,2,0.00156128,verse,numbers,main
pulse_count,4,5,8-41-17-50,2,0.00156128,verse,numbers,main
pulse_count,4,6,20-50-13-20,2,0.00156128,verse,numbers,main
pulse_count,4,7,18-50-13-20,2,0.00156128,verse,numbers,main
pulse_count,4,8,41-33-31-17,1,0.00078064,verse,numbers,main
pulse_count,4,9,33-31-17-23,1,0.00078064,verse,numbers,main
pulse_count,4,10,31-17-23-11,1,0.00078064,verse,numbers,main
pulse_count,4,11,17-23-11-10,1,0.00078064,verse,numbers,main
pulse_count,4,12,23-11-10-9,1,0.00078064,verse,numbers,main
pulse_count,4,13,11-10-9-8,1,0.00078064,verse,numbers,main
pulse_count,4,14,10-9-8-24,1,0.00078064,verse,numbers,main
pulse_count,4,15,9-8-24-11,1,0.00078064,verse,numbers,main
pulse_count,4,16,8-24-11-10,1,0.00078064,verse,numbers,main
pulse_count,4,17,24-11-10-7,1,0.00078064,verse,numbers,main
pulse_count,4,18,11-10-7-7,1,0.00078064,verse,numbers,main
pulse_count,4,19,10-7-7-10,1,0.00078064,verse,numbers,main
pulse_count,4,20,7-7-10-18,1,0.00078064,verse,numbers,main
pulse_count,4,21,7-10-18-21,1,0.00078064,verse,numbers,main
pulse_count,4,22,10-18-21-49,1,0.00078064,verse,numbers,main
pulse_count,4,23,18-21-49-19,1,0.00078064,verse,numbers,main
pulse_count,4,24,21-49-19-52,1,0.00078064,verse,numbers,main
pulse_count,4,25,49-19-52-19,1,0.00078064,verse,numbers,main
pulse_count,4,26,19-52-19-48,1,0.00078064,verse,numbers,main
pulse_count,4,27,52-19-48-21,1,0.00078064,verse,numbers,main
pulse_count,4,28,19-48-21-36,1,0.00078064,verse,numbers,main
pulse_count,4,29,48-21-36-22,1,0.00078064,verse,numbers,main
pulse_count,4,30,21-36-22-38,1,0.00078064,verse,numbers,main
pulse_count,4,31,36-22-38-20,1,0.00078064,verse,numbers,main
pulse_count,4,32,22-38-20-38,1,0.00078064,verse,numbers,main
pulse_count,4,33,38-20-38-21,1,0.00078064,verse,numbers,main
pulse_count,4,34,20-38-21-38,1,0.00078064,verse,numbers,main
pulse_count,4,35,38-21-38-21,1,0.00078064,verse,numbers,main
pulse_count,4,36,21-38-21-42,1,0.00078064,verse,numbers,main
pulse_count,4,37,38-21-42-18,1,0.00078064,verse,numbers,main
pulse_count,4,38,21-42-18-38,1,0.00078064,verse,numbers,main
pulse_count,4,39,42-18-38-23,1,0.00078064,verse,numbers,main
pulse_count,4,40,18-38-23-38,1,0.00078064,verse,numbers,main
pulse_count,4,41,38-23-38-22,1,0.00078064,verse,numbers,main
pulse_count,4,42,23-38-22-36,1,0.00078064,verse,numbers,main
pulse_count,4,43,38-22-36-20,1,0.00078064,verse,numbers,main
pulse_count,4,44,22-36-20-37,1,0.00078064,verse,numbers,main
pulse_count,4,45,36-20-37-19,1,0.00078064,verse,numbers,main
pulse_count,4,46,20-37-19-38,1,0.00078064,verse,numbers,main
pulse_count,4,47,37-19-38-22,1,0.00078064,verse,numbers,main
pulse_count,4,48,19-38-22-34,1,0.00078064,verse,numbers,main
pulse_count,4,49,38-22-34-33,1,0.00078064,verse,numbers,main
pulse_count,4,50,22-34-33-26,1,0.00078064,verse,numbers,main
pulse_count,5,1,50-13-20-8-41,3,0.00234375,verse,numbers,main
pulse_count,5,2,13-20-8-41-17,2,0.0015625,verse,numbers,main
pulse_count,5,3,20-8-41-17-50,2,0.0015625,verse,numbers,main
pulse_count,5,4,18-50-13-20-8,2,0.0015625,verse,numbers,main
pulse_count,5,5,41-33-31-17-23,1,0.00078125,verse,numbers,main
pulse_count,5,6,33-31-17-23-11,1,0.00078125,verse,numbers,main
pulse_count,5,7,31-17-23-11-10,1,0.00078125,verse,numbers,main
pulse_count,5,8,17-23-11-10-9,1,0.00078125,verse,numbers,main
pulse_count,5,9,23-11-10-9-8,1,0.00078125,verse,numbers,main
pulse_count,5,10,11-10-9-8-24,1,0.00078125,verse,numbers,main
pulse_count,5,11,10-9-8-24-11,1,0.00078125,verse,numbers,main
pulse_count,5,12,9-8-24-11-10,1,0.00078125,verse,numbers,main
pulse_count,5,13,8-24-11-10-7,1,0.00078125,verse,numbers,main
pulse_count,5,14,24-11-10-7-7,1,0.00078125,verse,numbers,main
pulse_count,5,15,11-10-7-7-10,1,0.00078125,verse,numbers,main
pulse_count,5,16,10-7-7-10-18,1,0.00078125,verse,numbers,main
pulse_count,5,17,7-7-10-18-21,1,0.00078125,verse,numbers,main
pulse_count,5,18,7-10-18-21-49,1,0.00078125,verse,numbers,main
pulse_count,5,19,10-18-21-49-19,1,0.00078125,verse,numbers,main
pulse_count,5,20,18-21-49-19-52,1,0.00078125,verse,numbers,main
pulse_count,5,21,21-49-19-52-19,1,0.00078125,verse,numbers,main
pulse_count,5,22,49-19-52-19-48,1,0.00078125,verse,numbers,main
pulse_count,5,23,19-52-19-48-21,1,0.00078125,verse,numbers,main
pulse_count,5,24,52-19-48-21-36,1,0.00078125,verse,numbers,main
pulse_count,5,25,19-48-21-36-22,1,0.00078125,verse,numbers,main
pulse_count,5,26,48-21-36-22-38,1,0.00078125,verse,numbers,main
pulse_count,5,27,21-36-22-38-20,1,0.00078125,verse,numbers,main
pulse_count,5,28,36-22-38-20-38,1,0.00078125,verse,numbers,main
pulse_count,5,29,22-38-20-38-21,1,0.00078125,verse,numbers,main
pulse_count,5,30,38-20-38-21-38,1,0.00078125,verse,numbers,main
pulse_count,5,31,20-38-21-38-21,1,0.00078125,verse,numbers,main
pulse_count,5,32,38-21-38-21-42,1,0.00078125,verse,numbers,main
pulse_count,5,33,21-38-21-42-18,1,0.00078125,verse,numbers,main
pulse_count,5,34,38-21-42-18-38,1,0.00078125,verse,numbers,main
pulse_count,5,35,21-42-18-38-23,1,0.00078125,verse,numbers,main
pulse_count,5,36,42-18-38-23-38,1,0.00078125,verse,numbers,main
pulse_count,5,37,18-38-23-38-22,1,0.00078125,verse,numbers,main
pulse_count,5,38,38-23-38-22-36,1,0.00078125,verse,numbers,main
pulse_count,5,39,23-38-22-36-20,1,0.00078125,verse,numbers,main
pulse_count,5,40,38-22-36-20-37,1,0.00078125,verse,numbers,main
pulse_count,5,41,22-36-20-37-19,1,0.00078125,verse,numbers,main
pulse_count,5,42,36-20-37-19-38,1,0.00078125,verse,numbers,main
pulse_count,5,43,20-37-19-38-22,1,0.00078125,verse,numbers,main
pulse_count,5,44,37-19-38-22-34,1,0.00078125,verse,numbers,main
pulse_count,5,45,19-38-22-34-33,1,0.00078125,verse,numbers,main
pulse_count,5,46,38-22-34-33-26,1,0.00078125,verse,numbers,main
pulse_count,5,47,22-34-33-26-16,1,0.00078125,verse,numbers,main
pulse_count,5,48,34-33-26-16-11,1,0.00078125,verse,numbers,main
pulse_count,5,49,33-26-16-11-21,1,0.00078125,verse,numbers,main
pulse_count,5,50,26-16-11-21-48,1,0.00078125,verse,numbers,main
pulse_count,6,1,13-20-8-41-17-50,2,0.00156372,verse,numbers,main
pulse_count,6,2,41-33-31-17-23-11,1,0.00078186,verse,numbers,main
pulse_count,6,3,33-31-17-23-11-10,1,0.00078186,verse,numbers,main
pulse_count,6,4,31-17-23-11-10-9,1,0.00078186,verse,numbers,main
pulse_count,6,5,17-23-11-10-9-8,1,0.00078186,verse,numbers,main
pulse_count,6,6,23-11-10-9-8-24,1,0.00078186,verse,numbers,main
pulse_count,6,7,11-10-9-8-24-11,1,0.00078186,verse,numbers,main
pulse_count,6,8,10-9-8-24-11-10,1,0.00078186,verse,numbers,main
pulse_count,6,9,9-8-24-11-10-7,1,0.00078186,verse,numbers,main
pulse_count,6,10,8-24-11-10-7-7,1,0.00078186,verse,numbers,main
pulse_count,6,11,24-11-10-7-7-10,1,0.00078186,verse,numbers,main
pulse_count,6,12,11-10-7-7-10-18,1,0.00078186,verse,numbers,main
pulse_count,6,13,10-7-7-10-18-21,1,0.00078186,verse,numbers,main
pulse_count,6,14,7-7-10-18-21-49,1,0.00078186,verse,numbers,main
pulse_count,6,15,7-10-18-21-49-19,1,0.00078186,verse,numbers,main
pulse_count,6,16,10-18-21-49-19-52,1,0.00078186,verse,numbers,main
pulse_count,6,17,18-21-49-19-52-19,1,0.00078186,verse,numbers,main
pulse_count,6,18,21-49-19-52-19-48,1,0.00078186,verse,numbers,main
pulse_count,6,19,49-19-52-19-48-21,1,0.00078186,verse,numbers,main
pulse_count,6,20,19-52-19-48-21-36,1,0.00078186,verse,numbers,main
pulse_count,6,21,52-19-48-21-36-22,1,0.00078186,verse,numbers,main
pulse_count,6,22,19-48-21-36-22-38,1,0.00078186,verse,numbers,main
pulse_count,6,23,48-21-36-22-38-20,1,0.00078186,verse,numbers,main
pulse_count,6,24,21-36-22-38-20-38,1,0.00078186,verse,numbers,main
pulse_count,6,25,36-22-38-20-38-21,1,0.00078186,verse,numbers,main
pulse_count,6,26,22-38-20-38-21-38,1,0.00078186,verse,numbers,main
pulse_count,6,27,38-20-38-21-38-21,1,0.00078186,verse,numbers,main
pulse_count,6,28,20-38-21-38-21-42,1,0.00078186,verse,numbers,main
pulse_count,6,29,38-21-38-21-42-18,1,0.00078186,verse,numbers,main
pulse_count,6,30,21-38-21-42-18-38,1,0.00078186,verse,numbers,main
pulse_count,6,31,38-21-42-18-38-23,1,0.00078186,verse,numbers,main
pulse_count,6,32,21-42-18-38-23-38,1,0.00078186,verse,numbers,main
pulse_count,6,33,42-18-38-23-38-22,1,0.00078186,verse,numbers,main
pulse_count,6,34,18-38-23-38-22-36,1,0.00078186,verse,numbers,main
pulse_count,6,35,38-23-38-22-36-20,1,0.00078186,verse,numbers,main
pulse_count,6,36,23-38-22-36-20-37,1,0.00078186,verse,numbers,main
pulse_count,6,37,38-22-36-20-37-19,1,0.00078186,verse,numbers,main
pulse_count,6,38,22-36-20-37-19-38,1,0.00078186,verse,numbers,main
pulse_count,6,39,36-20-37-19-38-22,1,0.00078186,verse,numbers,main
pulse_count,6,40,20-37-19-38-22-34,1,0.00078186,verse,numbers,main
pulse_count,6,41,37-19-38-22-34-33,1,0.00078186,verse,numbers,main
pulse_count,6,42,19-38-22-34-33-26,1,0.00078186,verse,numbers,main
pulse_count,6,43,38-22-34-33-26-16,1,0.00078186,verse,numbers,main
pulse_count,6,44,22-34-33-26-16-11,1,0.00078186,verse,numbers,main
pulse_count,6,45,34-33-26-16-11-21,1,0.00078186,verse,numbers,main
pulse_count,6,46,33-26-16-11-21-48,1,0.00078186,verse,numbers,main
pulse_count,6,47,26-16-11-21-48-35,1,0.00078186,verse,numbers,main
pulse_count,6,48,16-11-21-48-35-21,1,0.00078186,verse,numbers,main
pulse_count,6,49,11-21-48-35-21-39,1,0.00078186,verse,numbers,main
pulse_count,6,50,21-48-35-21-39-22,1,0.00078186,verse,numbers,main
accent_count,2,1,4-4,21,0.01636789,verse,numbers,main
accent_count,2,2,8-12,14,0.01091193,verse,numbers,main
accent_count,2,3,6-9,14,0.01091193,verse,numbers,main
accent_count,2,4,12-12,13,0.0101325,verse,numbers,main
accent_count,2,5,9-9,13,0.0101325,verse,numbers,main
accent_count,2,6,7-8,13,0.0101325,verse,numbers,main
accent_count,2,7,8-15,12,0.00935308,verse,numbers,main
accent_count,2,8,15-8,12,0.00935308,verse,numbers,main
accent_count,2,9,11-10,11,0.00857366,verse,numbers,main
accent_count,2,10,8-11,11,0.00857366,verse,numbers,main
accent_count,2,11,9-12,11,0.00857366,verse,numbers,main
accent_count,2,12,9-3,10,0.00779423,verse,numbers,main
accent_count,2,13,12-7,10,0.00779423,verse,numbers,main
accent_count,2,14,7-7,10,0.00779423,verse,numbers,main
accent_count,2,15,10-7,10,0.00779423,verse,numbers,main
accent_count,2,16,10-9,10,0.00779423,verse,numbers,main
accent_count,2,17,12-6,10,0.00779423,verse,numbers,main
accent_count,2,18,7-20,9,0.00701481,verse,numbers,main
accent_count,2,19,15-7,9,0.00701481,verse,numbers,main
accent_count,2,20,13-9,9,0.00701481,verse,numbers,main
accent_count,2,21,9-16,9,0.00701481,verse,numbers,main
accent_count,2,22,13-12,9,0.00701481,verse,numbers,main
accent_count,2,23,14-10,9,0.00701481,verse,numbers,main
accent_count,2,24,13-16,9,0.00701481,verse,numbers,main
accent_count,2,25,10-11,9,0.00701481,verse,numbers,main
accent_count,2,26,13-10,9,0.00701481,verse,numbers,main
accent_count,2,27,14-12,9,0.00701481,verse,numbers,main
accent_count,2,28,8-9,9,0.00701481,verse,numbers,main
accent_count,2,29,10-8,9,0.00701481,verse,numbers,main
accent_count,2,30,7-15,8,0.00623539,verse,numbers,main
accent_count,2,31,7-9,8,0.00623539,verse,numbers,main
accent_count,2,32,6-7,8,0.00623539,verse,numbers,main
accent_count,2,33,7-12,8,0.00623539,verse,numbers,main
accent_count,2,34,11-8,8,0.00623539,verse,numbers,main
accent_count,2,35,11-7,8,0.00623539,verse,numbers,main
accent_count,2,36,9-8,8,0.00623539,verse,numbers,main
accent_count,2,37,18-12,8,0.00623539,verse,numbers,main
accent_count,2,38,5-4,8,0.00623539,verse,numbers,main
accent_count,2,39,20-6,8,0.00623539,verse,numbers,main
accent_count,2,40,12-8,8,0.00623539,verse,numbers,main
accent_count,2,41,3-3,7,0.00545596,verse,numbers,main
accent_count,2,42,16-10,7,0.00545596,verse,numbers,main
accent_count,2,43,10-6,7,0.00545596,verse,numbers,main
accent_count,2,44,11-9,7,0.00545596,verse,numbers,main
accent_count,2,45,9-10,7,0.00545596,verse,numbers,main
accent_count,2,46,12-13,7,0.00545596,verse,numbers,main
accent_count,2,47,13-13,7,0.00545596,verse,numbers,main
accent_count,2,48,10-13,7,0.00545596,verse,numbers,main
accent_count,2,49,14-11,7,0.00545596,verse,numbers,main
accent_count,2,50,16-7,7,0.00545596,verse,numbers,main
accent_count,3,1,4-4-4,13,0.01014041,verse,numbers,main
accent_count,3,2,20-6-9,8,0.00624025,verse,numbers,main
accent_count,3,3,6-9-3,8,0.00624025,verse,numbers,main
accent_count,3,4,15-8-15,6,0.00468019,verse,numbers,main
accent_count,3,5,3-3-3,5,0.00390016,verse,numbers,main
accent_count,3,6,8-15-8,5,0.00390016,verse,numbers,main
accent_count,3,7,9-3-15,5,0.00390016,verse,numbers,main
accent_count,3,8,3-15-7,5,0.00390016,verse,numbers,main
accent_count,3,9,15-7-20,5,0.00390016,verse,numbers,main
accent_count,3,10,7-20-6,5,0.00390016,verse,numbers,main
accent_count,3,11,8-12-12,4,0.00312012,verse,numbers,main
accent_count,3,12,9-3-16,4,0.00312012,verse,numbers,main
accent_count,3,13,10-8-12,4,0.00312012,verse,numbers,main
accent_count,3,14,7-8-11,4,0.00312012,verse,numbers,main
accent_count,3,15,13-9-16,3,0.00234009,verse,numbers,main
accent_count,3,16,9-16-10,3,0.00234009,verse,numbers,main
accent_count,3,17,7-9-7,3,0.00234009,verse,numbers,main
accent_count,3,18,9-7-7,3,0.00234009,verse,numbers,main
accent_count,3,19,9-14-7,3,0.00234009,verse,numbers,main
accent_count,3,20,8-10-14,3,0.00234009,verse,numbers,main
accent_count,3,21,9-20-6,3,0.00234009,verse,numbers,main
accent_count,3,22,3-16-7,3,0.00234009,verse,numbers,main
accent_count,3,23,12-18-15,3,0.00234009,verse,numbers,main
accent_count,3,24,10-5-10,3,0.00234009,verse,numbers,main
accent_count,3,25,14-11-16,3,0.00234009,verse,numbers,main
accent_count,3,26,10-11-8,3,0.00234009,verse,numbers,main
accent_count,3,27,12-7-8,3,0.00234009,verse,numbers,main
accent_count,3,28,11-8-12,3,0.00234009,verse,numbers,main
accent_count,3,29,9-16-11,3,0.00234009,verse,numbers,main
accent_count,3,30,11-13-10,3,0.00234009,verse,numbers,main
accent_count,3,31,8-11-7,3,0.00234009,verse,numbers,main
accent_count,3,32,11-7-8,3,0.00234009,verse,numbers,main
accent_count,3,33,5-4-5,3,0.00234009,verse,numbers,main
accent_count,3,34,5-4-4,3,0.00234009,verse,numbers,main
accent_count,3,35,16-12-12,2,0.00156006,verse,numbers,main
accent_count,3,36,12-12-9,2,0.00156006,verse,numbers,main
accent_count,3,37,3-9-9,2,0.00156006,verse,numbers,main
accent_count,3,38,15-7-15,2,0.00156006,verse,numbers,main
accent_count,3,39,7-15-8,2,0.00156006,verse,numbers,main
accent_count,3,40,7-7-7,2,0.00156006,verse,numbers,main
accent_count,3,41,10-7-7,2,0.00156006,verse,numbers,main
accent_count,3,42,14-10-6,2,0.00156006,verse,numbers,main
accent_count,3,43,7-7-13,2,0.00156006,verse,numbers,main
accent_count,3,44,7-13-16,2,0.00156006,verse,numbers,main
accent_count,3,45,16-10-9,2,0.00156006,verse,numbers,main
accent_count,3,46,10-9-9,2,0.00156006,verse,numbers,main
accent_count,3,47,11-8-4,2,0.00156006,verse,numbers,main
accent_count,3,48,16-18-6,2,0.00156006,verse,numbers,main
accent_count,3,49,10-7-8,2,0.00156006,verse,numbers,main
accent_count,3,50,12-13-13,2,0.00156006,verse,numbers,main
accent_count,4,1,4-4-4-4,8,0.00624512,verse,numbers,main
accent_count,4,2,20-6-9-3,7,0.00546448,verse,numbers,main
accent_count,4,3,15-8-15-8,5,0.0039032,verse,numbers,main
accent_count,4,4,9-3-15-7,5,0.0039032,verse,numbers,main
accent_count,4,5,3-15-7-20,5,0.0039032,verse,numbers,main
accent_count,4,6,7-20-6-9,5,0.0039032,verse,numbers,main
accent_count,4,7,6-9-3-16,4,0.00312256,verse,numbers,main
accent_count,4,8,6-9-3-15,4,0.00312256,verse,numbers,main
accent_count,4,9,3-3-3-3,3,0.00234192,verse,numbers,main
accent_count,4,10,8-15-8-15,3,0.00234192,verse,numbers,main
accent_count,4,11,7-9-7-7,3,0.00234192,verse,numbers,main
accent_count,4,12,9-20-6-9,3,0.00234192,verse,numbers,main
accent_count,4,13,15-7-20-6,3,0.00234192,verse,numbers,main
accent_count,4,14,7-8-11-7,3,0.00234192,verse,numbers,main
accent_count,4,15,8-11-7-8,3,0.00234192,verse,numbers,main
accent_count,4,16,7-15-8-15,2,0.00156128,verse,numbers,main
accent_count,4,17,13-9-16-10,2,0.00156128,verse,numbers,main
accent_count,4,18,9-7-7-7,2,0.00156128,verse,numbers,main
accent_count,4,19,12-6-12-12,2,0.00156128,verse,numbers,main
accent_count,4,20,9-3-16-7,2,0.00156128,verse,numbers,main
accent_count,4,21,15-7-20-15,2,0.00156128,verse,numbers,main
accent_count,4,22,7-20-15-3,2,0.00156128,verse,numbers,main
accent_count,4,23,20-15-3-16,2,0.00156128,verse,numbers,main
accent_count,4,24,3-16-9-20,2,0.00156128,verse,numbers,main
accent_count,4,25,16-9-20-6,2,0.00156128,verse,numbers,main
accent_count,4,26,7-4-19-13,2,0.00156128,verse,numbers,main
accent_count,4,27,6-4-4-4,2,0.00156128,verse,numbers,main
accent_count,4,28,11-10-11-8,2,0.00156128,verse,numbers,main
accent_count,4,29,10-11-8-12,2,0.00156128,verse,numbers,main
accent_count,4,30,11-13-10-13,2,0.00156128,verse,numbers,main
accent_count,4,31,12-6-7-12,2,0.00156128,verse,numbers,main
accent_count,4,32,7-8-12-7,2,0.00156128,verse,numbers,main
accent_count,4,33,8-12-7-8,2,0.00156128,verse,numbers,main
accent_count,4,34,5-6-5-4,2,0.00156128,verse,numbers,main
accent_count,4,35,6-5-4-5,2,0.00156128,verse,numbers,main
accent_count,4,36,5-4-4-4,2,0.00156128,verse,numbers,main
accent_count,4,37,4-4-4-5,2,0.00156128,verse,numbers,main
accent_count,4,38,16-12-12-9,1,0.00078064,verse,numbers,main
accent_count,4,39,12-12-9-9,1,0.00078064,verse,numbers,main
accent_count,4,40,12-9-9-3,1,0.00078064,verse,numbers,main
accent_count,4,41,9-9-3-3,1,0.00078064,verse,numbers,main
accent_count,4,42,9-3-3-3,1,0.00078064,verse,numbers,main
accent_count,4,43,3-3-3-8,1,0.00078064,verse,numbers,main
accent_count,4,44,3-3-8-3,1,0.00078064,verse,numbers,main
accent_count,4,45,3-8-3-3,1,0.00078064,verse,numbers,main
accent_count,4,46,8-3-3-3,1,0.00078064,verse,numbers,main
accent_count,4,47,3-3-3-9,1,0.00078064,verse,numbers,main
accent_count,4,48,3-3-9-9,1,0.00078064,verse,numbers,main
accent_count,4,49,3-9-9-17,1,0.00078064,verse,numbers,main
accent_count,4,50,9-9-17-7,1,0.00078064,verse,numbers,main
accent_count,5,1,9-3-15-7-20,5,0.00390625,verse,numbers,main
accent_count,5,2,20-6-9-3-16,4,0.003125,verse,numbers,main
accent_count,5,3,6-9-3-15-7,4,0.003125,verse,numbers,main
accent_count,5,4,7-20-6-9-3,4,0.003125,verse,numbers,main
accent_count,5,5,4-4-4-4-4,4,0.003125,verse,numbers,main
accent_count,5,6,15-8-15-8-15,3,0.00234375,verse,numbers,main
accent_count,5,7,8-15-8-15-8,3,0.00234375,verse,numbers,main
accent_count,5,8,9-20-6-9-3,3,0.00234375,verse,numbers,main
accent_count,5,9,3-15-7-20-6,3,0.00234375,verse,numbers,main
accent_count,5,10,15-7-20-6-9,3,0.00234375,verse,numbers,main
accent_count,5,11,20-6-9-3-15,3,0.00234375,verse,numbers,main
accent_count,5,12,7-8-11-7-8,3,0.00234375,verse,numbers,main
accent_count,5,13,7-9-7-7-7,2,0.0015625,verse,numbers,main
accent_count,5,14,6-9-3-16-7,2,0.0015625,verse,numbers,main
accent_count,5,15,3-15-7-20-15,2,0.0015625,verse,numbers,main
accent_count,5,16,15-7-20-15-3,2,0.0015625,verse,numbers,main
accent_count,5,17,7-20-15-3-16,2,0.0015625,verse,numbers,main
accent_count,5,18,3-16-9-20-6,2,0.0015625,verse,numbers,main
accent_count,5,19,16-9-20-6-9,2,0.0015625,verse,numbers,main
accent_count,5,20,6-4-4-4-4,2,0.0015625,verse,numbers,main
accent_count,5,21,7-8-12-7-8,2,0.0015625,verse,numbers,main
accent_count,5,22,5-6-5-4-5,2,0.0015625,verse,numbers,main
accent_count,5,23,16-12-12-9-9,1,0.00078125,verse,numbers,main
accent_count,5,24,12-12-9-9-3,1,0.00078125,verse,numbers,main
accent_count,5,25,12-9-9-3-3,1,0.00078125,verse,numbers,main
accent_count,5,26,9-9-3-3-3,1,0.00078125,verse,numbers,main
accent_count,5,27,9-3-3-3-3,1,0.00078125,verse,numbers,main
accent_count,5,28,3-3-3-3-8,1,0.00078125,verse,numbers,main
accent_count,5,29,3-3-3-8-3,1,0.00078125,verse,numbers,main
accent_count,5,30,3-3-8-3-3,1,0.00078125,verse,numbers,main
accent_count,5,31,3-8-3-3-3,1,0.00078125,verse,numbers,main
accent_count,5,32,8-3-3-3-3,1,0.00078125,verse,numbers,main
accent_count,5,33,3-3-3-3-3,1,0.00078125,verse,numbers,main
accent_count,5,34,3-3-3-3-9,1,0.00078125,verse,numbers,main
accent_count,5,35,3-3-3-9-9,1,0.00078125,verse,numbers,main
accent_count,5,36,3-3-9-9-17,1,0.00078125,verse,numbers,main
accent_count,5,37,3-9-9-17-7,1,0.00078125,verse,numbers,main
accent_count,5,38,9-9-17-7-20,1,0.00078125,verse,numbers,main
accent_count,5,39,9-17-7-20-8,1,0.00078125,verse,numbers,main
accent_count,5,40,17-7-20-8-18,1,0.00078125,verse,numbers,main
accent_count,5,41,7-20-8-18-8,1,0.00078125,verse,numbers,main
accent_count,5,42,20-8-18-8-15,1,0.00078125,verse,numbers,main
accent_count,5,43,8-18-8-15-9,1,0.00078125,verse,numbers,main
accent_count,5,44,18-8-15-9-15,1,0.00078125,verse,numbers,main
accent_count,5,45,8-15-9-15-8,1,0.00078125,verse,numbers,main
accent_count,5,46,15-9-15-8-15,1,0.00078125,verse,numbers,main
accent_count,5,47,9-15-8-15-8,1,0.00078125,verse,numbers,main
accent_count,5,48,15-8-15-8-17,1,0.00078125,verse,numbers,main
accent_count,5,49,8-15-8-17-7,1,0.00078125,verse,numbers,main
accent_count,5,50,15-8-17-7-15,1,0.00078125,verse,numbers,main
accent_count,6,1,6-9-3-15-7-20,4,0.00312744,verse,numbers,main
accent_count,6,2,15-8-15-8-15-8,3,0.00234558,verse,numbers,main
accent_count,6,3,9-20-6-9-3-16,3,0.00234558,verse,numbers,main
accent_count,6,4,9-3-15-7-20-6,3,0.00234558,verse,numbers,main
accent_count,6,5,3-15-7-20-6-9,3,0.00234558,verse,numbers,main
accent_count,6,6,15-7-20-6-9-3,3,0.00234558,verse,numbers,main
accent_count,6,7,7-20-6-9-3-15,3,0.00234558,verse,numbers,main
accent_count,6,8,20-6-9-3-15-7,3,0.00234558,verse,numbers,main
accent_count,6,9,20-6-9-3-16-7,2,0.00156372,verse,numbers,main
accent_count,6,10,9-3-15-7-20-15,2,0.00156372,verse,numbers,main
accent_count,6,11,3-15-7-20-15-3,2,0.00156372,verse,numbers,main
accent_count,6,12,15-7-20-15-3-16,2,0.00156372,verse,numbers,main
accent_count,6,13,3-16-9-20-6-9,2,0.00156372,verse,numbers,main
accent_count,6,14,16-9-20-6-9-3,2,0.00156372,verse,numbers,main
accent_count,6,15,4-4-4-4-4-4,2,0.00156372,verse,numbers,main
accent_count,6,16,16-12-12-9-9-3,1,0.00078186,verse,numbers,main
accent_count,6,17,12-12-9-9-3-3,1,0.00078186,verse,numbers,main
accent_count,6,18,12-9-9-3-3-3,1,0.00078186,verse,numbers,main
accent_count,6,19,9-9-3-3-3-3,1,0.00078186,verse,numbers,main
accent_count,6,20,9-3-3-3-3-8,1,0.00078186,verse,numbers,main
accent_count,6,21,3-3-3-3-8-3,1,0.00078186,verse,numbers,main
accent_count,6,22,3-3-3-8-3-3,1,0.00078186,verse,numbers,main
accent_count,6,23,3-3-8-3-3-3,1,0.00078186,verse,numbers,main
accent_count,6,24,3-8-3-3-3-3,1,0.00078186,verse,numbers,main
accent_count,6,25,8-3-3-3-3-3,1,0.00078186,verse,numbers,main
accent_count,6,26,3-3-3-3-3-9,1,0.00078186,verse,numbers,main
accent_count,6,27,3-3-3-3-9-9,1,0.00078186,verse,numbers,main
accent_count,6,28,3-3-3-9-9-17,1,0.00078186,verse,numbers,main
accent_count,6,29,3-3-9-9-17-7,1,0.00078186,verse,numbers,main
accent_count,6,30,3-9-9-17-7-20,1,0.00078186,verse,numbers,main
accent_count,6,31,9-9-17-7-20-8,1,0.00078186,verse,numbers,main
accent_count,6,32,9-17-7-20-8-18,1,0.00078186,verse,numbers,main
accent_count,6,33,17-7-20-8-18-8,1,0.00078186,verse,numbers,main
accent_count,6,34,7-20-8-18-8-15,1,0.00078186,verse,numbers,main
accent_count,6,35,20-8-18-8-15-9,1,0.00078186,verse,numbers,main
accent_count,6,36,8-18-8-15-9-15,1,0.00078186,verse,numbers,main
accent_count,6,37,18-8-15-9-15-8,1,0.00078186,verse,numbers,main
accent_count,6,38,8-15-9-15-8-15,1,0.00078186,verse,numbers,main
accent_count,6,39,15-9-15-8-15-8,1,0.00078186,verse,numbers,main
accent_count,6,40,9-15-8-15-8-15,1,0.00078186,verse,numbers,main
accent_count,6,41,8-15-8-15-8-17,1,0.00078186,verse,numbers,main
accent_count,6,42,15-8-15-8-17-7,1,0.00078186,verse,numbers,main
accent_count,6,43,8-15-8-17-7-15,1,0.00078186,verse,numbers,main
accent_count,6,44,15-8-17-7-15-7,1,0.00078186,verse,numbers,main
accent_count,6,45,8-17-7-15-7-15,1,0.00078186,verse,numbers,main
accent_count,6,46,17-7-15-7-15-8,1,0.00078186,verse,numbers,main
accent_count,6,47,7-15-7-15-8-15,1,0.00078186,verse,numbers,main
accent_count,6,48,15-7-15-8-15-8,1,0.00078186,verse,numbers,main
accent_count,6,49,7-15-8-15-8-15,1,0.00078186,verse,numbers,main
accent_count,6,50,8-15-8-15-8-15,1,0.00078186,verse,numbers,main
word_count,2,1,5-5,63,0.02588332,major,numbers,main
word_count,2,2,5-6,57,0.02341824,major,numbers,main
word_count,2,3,3-3,55,0.02259655,major,numbers,main
word_count,2,4,3-5,46,0.01889893,major,numbers,main
word_count,2,5,4-5,45,0.01848809,major,numbers,main
word_count,2,6,5-4,45,0.01848809,major,numbers,main
word_count,2,7,6-5,40,0.01643385,major,numbers,main
word_count,2,8,6-6,39,0.01602301,major,numbers,main
word_count,2,9,7-5,38,0.01561216,major,numbers,main
word_count,2,10,5-7,38,0.01561216,major,numbers,main
word_count,2,11,7-6,37,0.01520131,major,numbers,main
word_count,2,12,4-4,36,0.01479047,major,numbers,main
word_count,2,13,7-4,36,0.01479047,major,numbers,main
word_count,2,14,2-2,36,0.01479047,major,numbers,main
word_count,2,15,6-4,35,0.01437962,major,numbers,main
word_count,2,16,5-3,34,0.01396878,major,numbers,main
word_count,2,17,3-6,33,0.01355793,major,numbers,main
word_count,2,18,4-3,31,0.01273624,major,numbers,main
word_count,2,19,4-7,31,0.01273624,major,numbers,main
word_count,2,20,6-7,31,0.01273624,major,numbers,main
word_count,2,21,4-6,29,0.01191454,major,numbers,main
word_count,2,22,6-2,27,0.01109285,major,numbers,main
word_count,2,23,4-9,27,0.01109285,major,numbers,main
word_count,2,24,8-5,26,0.010682,major,numbers,main
word_count,2,25,9-3,26,0.010682,major,numbers,main
word_count,2,26,6-3,26,0.010682,major,numbers,main
word_count,2,27,2-5,26,0.010682,major,numbers,main
word_count,2,28,6-8,26,0.010682,major,numbers,main
word_count,2,29,8-7,25,0.01027116,major,numbers,main
word_count,2,30,7-7,25,0.01027116,major,numbers,main
word_count,2,31,7-3,25,0.01027116,major,numbers,main
word_count,2,32,8-3,23,0.00944947,major,numbers,main
word_count,2,33,5-8,22,0.00903862,major,numbers,main
word_count,2,34,3-4,22,0.00903862,major,numbers,main
word_count,2,35,5-10,22,0.00903862,major,numbers,main
word_count,2,36,6-9,21,0.00862777,major,numbers,main
word_count,2,37,8-8,20,0.00821693,major,numbers,main
word_count,2,38,3-10,20,0.00821693,major,numbers,main
word_count,2,39,11-4,20,0.00821693,major,numbers,main
word_count,2,40,3-8,19,0.00780608,major,numbers,main
word_count,2,41,7-8,18,0.00739523,major,numbers,main
word_count,2,42,9-4,18,0.00739523,major,numbers,main
word_count,2,43,8-6,18,0.00739523,major,numbers,main
word_count,2,44,8-9,17,0.00698439,major,numbers,main
word_count,2,45,3-7,17,0.00698439,major,numbers,main
word_count,2,46,5-9,17,0.00698439,major,numbers,main
word_count,2,47,10-6,17,0.00698439,major,numbers,main
word_count,2,48,4-8,17,0.00698439,major,numbers,main
word_count,2,49,6-11,17,0.00698439,major,numbers,main
word_count,2,50,12-5,16,0.00657354,major,numbers,main
word_count,3,1,2-2-2,27,0.01109741,major,numbers,main
word_count,3,2,3-3-3,22,0.00904233,major,numbers,main
word_count,3,3,5-5-5,14,0.00575421,major,numbers,main
word_count,3,4,3-5-6,14,0.00575421,major,numbers,main
word_count,3,5,4-4-4,13,0.0053432,major,numbers,main
word_count,3,6,6-2-5,11,0.00452117,major,numbers,main
word_count,3,7,4-7-5,11,0.00452117,major,numbers,main
word_count,3,8,6-11-4,11,0.00452117,major,numbers,main
word_count,3,9,5-5-6,10,0.00411015,major,numbers,main
word_count,3,10,6-9-3,10,0.00411015,major,numbers,main
word_count,3,11,5-7-3,10,0.00411015,major,numbers,main
word_count,3,12,4-12-5,10,0.00411015,major,numbers,main
word_count,3,13,5-5-3,10,0.00411015,major,numbers,main
word_count,3,14,3-14-6,10,0.00411015,major,numbers,main
word_count,3,15,5-4-7,9,0.00369914,major,numbers,main
word_count,3,16,4-3-5,9,0.00369914,major,numbers,main
word_count,3,17,6-6-11,9,0.00369914,major,numbers,main
word_count,3,18,11-4-12,9,0.00369914,major,numbers,main
word_count,3,19,5-5-4,9,0.00369914,major,numbers,main
word_count,3,20,6-6-5,9,0.00369914,major,numbers,main
word_count,3,21,4-4-5,8,0.00328812,major,numbers,main
word_count,3,22,5-6-9,8,0.00328812,major,numbers,main
word_count,3,23,9-3-5,8,0.00328812,major,numbers,main
word_count,3,24,3-3-5,8,0.00328812,major,numbers,main
word_count,3,25,3-4-5,8,0.00328812,major,numbers,main
word_count,3,26,14-6-6,8,0.00328812,major,numbers,main
word_count,3,27,12-5-5,8,0.00328812,major,numbers,main
word_count,3,28,4-5-4,7,0.00287711,major,numbers,main
word_count,3,29,5-4-3,7,0.00287711,major,numbers,main
word_count,3,30,5-7-6,7,0.00287711,major,numbers,main
word_count,3,31,5-4-6,7,0.00287711,major,numbers,main
word_count,3,32,3-5-5,7,0.00287711,major,numbers,main
word_count,3,33,8-7-6,7,0.00287711,major,numbers,main
word_count,3,34,5-3-14,7,0.00287711,major,numbers,main
word_count,3,35,5-4-5,7,0.00287711,major,numbers,main
word_count,3,36,7-5-4,7,0.00287711,major,numbers,main
word_count,3,37,3-2-2,7,0.00287711,major,numbers,main
word_count,3,38,4-3-4,7,0.00287711,major,numbers,main
word_count,3,39,5-6-6,7,0.00287711,major,numbers,main
word_count,3,40,5-8-5,6,0.00246609,major,numbers,main
word_count,3,41,5-6-4,6,0.00246609,major,numbers,main
word_count,3,42,4-3-6,6,0.00246609,major,numbers,main
word_count,3,43,7-6-2,6,0.00246609,major,numbers,main
word_count,3,44,5-6-2,6,0.00246609,major,numbers,main
word_count,3,45,3-6-4,6,0.00246609,major,numbers,main
word_count,3,46,7-6-6,6,0.00246609,major,numbers,main
word_count,3,47,4-5-6,6,0.00246609,major,numbers,main
word_count,3,48,5-6-5,6,0.00246609,major,numbers,main
word_count,3,49,6-5-4,6,0.00246609,major,numbers,main
word_count,3,50,7-4-5,6,0.00246609,major,numbers,main
word_count,4,1,2-2-2-2,20,0.00822368,major,numbers,main
word_count,4,2,14-6-6-11,8,0.00328947,major,numbers,main
word_count,4,3,6-6-11-4,8,0.00328947,major,numbers,main
word_count,4,4,6-11-4-12,8,0.00328947,major,numbers,main
word_count,4,5,11-4-12-5,8,0.00328947,major,numbers,main
word_count,4,6,3-3-3-3,8,0.00328947,major,numbers,main
word_count,4,7,6-9-3-5,7,0.00287829,major,numbers,main
word_count,4,8,5-3-14-6,7,0.00287829,major,numbers,main
word_count,4,9,3-14-6-6,7,0.00287829,major,numbers,main
word_count,4,10,4-4-4-4,6,0.00246711,major,numbers,main
word_count,4,11,3-5-6-9,6,0.00246711,major,numbers,main
word_count,4,12,5-6-9-3,6,0.00246711,major,numbers,main
word_count,4,13,5-4-7-5,6,0.00246711,major,numbers,main
word_count,4,14,4-12-5-5,6,0.00246711,major,numbers,main
word_count,4,15,12-5-5-3,6,0.00246711,major,numbers,main
word_count,4,16,5-5-3-14,6,0.00246711,major,numbers,main
word_count,4,17,3-3-2-2,6,0.00246711,major,numbers,main
word_count,4,18,3-2-2-2,6,0.00246711,major,numbers,main
word_count,4,19,9-3-5-6,5,0.00205592,major,numbers,main
word_count,4,20,3-3-3-5,5,0.00205592,major,numbers,main
word_count,4,21,5-5-5-5,5,0.00205592,major,numbers,main
word_count,4,22,3-4-3-4,5,0.00205592,major,numbers,main
word_count,4,23,5-4-3-6,4,0.00164474,major,numbers,main
word_count,4,24,6-4-3-5,4,0.00164474,major,numbers,main
word_count,4,25,6-6-7-3,4,0.00164474,major,numbers,main
word_count,4,26,3-5-6-6,4,0.00164474,major,numbers,main
word_count,4,27,6-7-3-5,4,0.00164474,major,numbers,main
word_count,4,28,5-6-6-7,4,0.00164474,major,numbers,main
word_count,4,29,2-2-2-3,4,0.00164474,major,numbers,main
word_count,4,30,2-2-3-3,4,0.00164474,major,numbers,main
word_count,4,31,4-3-4-3,4,0.00164474,major,numbers,main
word_count,4,32,5-5-5-6,3,0.00123355,major,numbers,main
word_count,4,33,6-4-4-4,3,0.00123355,major,numbers,main
word_count,4,34,4-4-4-5,3,0.00123355,major,numbers,main
word_count,4,35,6-2-5-4,3,0.00123355,major,numbers,main
word_count,4,36,2-5-2-6,3,0.00123355,major,numbers,main
word_count,4,37,5-2-6-2,3,0.00123355,major,numbers,main
word_count,4,38,2-6-2-5,3,0.00123355,major,numbers,main
word_count,4,39,3-4-5-6,3,0.00123355,major,numbers,main
word_count,4,40,4-5-4-7,3,0.00123355,major,numbers,main
word_count,4,41,4-3-5-5,3,0.00123355,major,numbers,main
word_count,4,42,7-5-7-3,3,0.00123355,major,numbers,main
word_count,4,43,3-8-6-3,3,0.00123355,major,numbers,main
word_count,4,44,5-6-3-3,3,0.00123355,major,numbers,main
word_count,4,45,4-11-6-5,3,0.00123355,major,numbers,main
word_count,4,46,5-7-3-14,3,0.00123355,major,numbers,main
word_count,4,47,7-3-14-6,3,0.00123355,major,numbers,main
word_count,4,48,6-6-5-7,3,0.00123355,major,numbers,main
word_count,4,49,5-3-5-3,3,0.00123355,major,numbers,main
word_count,4,50,5-5-4-5,3,0.00123355,major,numbers,main
word_count,5,1,2-2-2-2-2,14,0.00575895,major,numbers,main
word_count,5,2,6-6-11-4-12,8,0.00329083,major,numbers,main
word_count,5,3,6-11-4-12-5,8,0.00329083,major,numbers,main
word_count,5,4,14-6-6-11-4,7,0.00287947,major,numbers,main
word_count,5,5,3-14-6-6-11,7,0.00287947,major,numbers,main
word_count,5,6,3-5-6-9-3,6,0.00246812,major,numbers,main
word_count,5,7,5-5-3-14-6,6,0.00246812,major,numbers,main
word_count,5,8,3-3-2-2-2,6,0.00246812,major,numbers,main
word_count,5,9,3-2-2-2-2,6,0.00246812,major,numbers,main
word_count,5,10,6-9-3-5-6,5,0.00205677,major,numbers,main
word_count,5,11,9-3-5-6-9,5,0.00205677,major,numbers,main
word_count,5,12,5-6-9-3-5,5,0.00205677,major,numbers,main
word_count,5,13,11-4-12-5-5,5,0.00205677,major,numbers,main
word_count,5,14,4-12-5-5-3,5,0.00205677,major,numbers,main
word_count,5,15,12-5-5-3-14,5,0.00205677,major,numbers,main
word_count,5,16,5-3-14-6-6,5,0.00205677,major,numbers,main
word_count,5,17,2-2-2-2-3,4,0.00164541,major,numbers,main
word_count,5,18,2-2-2-3-3,4,0.00164541,major,numbers,main
word_count,5,19,3-4-3-4-3,4,0.00164541,major,numbers,main
word_count,5,20,4-3-4-3-4,4,0.00164541,major,numbers,main
word_count,5,21,6-4-4-4-4,3,0.00123406,major,numbers,main
word_count,5,22,4-4-4-4-4,3,0.00123406,major,numbers,main
word_count,5,23,2-5-2-6-2,3,0.00123406,major,numbers,main
word_count,5,24,5-7-3-14-6,3,0.00123406,major,numbers,main
word_count,5,25,5-5-4-5-3,3,0.00123406,major,numbers,main
word_count,5,26,5-5-5-5-5,3,0.00123406,major,numbers,main
word_count,5,27,5-5-4-3-5,3,0.00123406,major,numbers,main
word_count,5,28,4-9-3-3-3,3,0.00123406,major,numbers,main
word_count,5,29,6-7-3-5-6,3,0.00123406,major,numbers,main
word_count,5,30,7-3-5-6-6,3,0.00123406,major,numbers,main
word_count,5,31,3-5-6-6-7,3,0.00123406,major,numbers,main
word_count,5,32,5-6-6-7-3,3,0.00123406,major,numbers,main
word_count,5,33,6-6-7-3-5,3,0.00123406,major,numbers,main
word_count,5,34,3-3-3-2-2,3,0.00123406,major,numbers,main
word_count,5,35,2-3-3-3-3,3,0.00123406,major,numbers,main
word_count,5,36,4-4-4-5-4,2,0.00082271,major,numbers,main
word_count,5,37,4-5-4-3-6,2,0.00082271,major,numbers,main
word_count,5,38,9-3-4-6-9,2,0.00082271,major,numbers,main
word_count,5,39,3-4-6-9-3,2,0.00082271,major,numbers,main
word_count,5,40,6-2-5-4-6,2,0.00082271,major,numbers,main
word_count,5,41,2-5-4-6-2,2,0.00082271,major,numbers,main
word_count,5,42,5-4-6-2-5,2,0.00082271,major,numbers,main
word_count,5,43,4-6-2-5-2,2,0.00082271,major,numbers,main
word_count,5,44,6-2-5-2-6,2,0.00082271,major,numbers,main
word_count,5,45,5-2-6-2-5,2,0.00082271,major,numbers,main
word_count,5,46,2-5-6-2-5,2,0.00082271,major,numbers,main
word_count,5,47,5-6-2-5-4,2,0.00082271,major,numbers,main
word_count,5,48,3-4-5-6-5,2,0.00082271,major,numbers,main
word_count,5,49,6-5-4-7-5,2,0.00082271,major,numbers,main
word_count,5,50,4-6-7-4-4,2,0.00082271,major,numbers,main
word_count,6,1,2-2-2-2-2-2,11,0.00452675,major,numbers,main
word_count,6,2,6-6-11-4-12-5,8,0.00329218,major,numbers,main
word_count,6,3,14-6-6-11-4-12,7,0.00288066,major,numbers,main
word_count,6,4,3-14-6-6-11-4,6,0.00246914,major,numbers,main
word_count,6,5,3-3-2-2-2-2,6,0.00246914,major,numbers,main
word_count,6,6,6-9-3-5-6-9,5,0.00205761,major,numbers,main
word_count,6,7,9-3-5-6-9-3,5,0.00205761,major,numbers,main
word_count,6,8,3-5-6-9-3-5,5,0.00205761,major,numbers,main
word_count,6,9,6-11-4-12-5-5,5,0.00205761,major,numbers,main
word_count,6,10,4-12-5-5-3-14,5,0.00205761,major,numbers,main
word_count,6,11,12-5-5-3-14-6,5,0.00205761,major,numbers,main
word_count,6,12,5-3-14-6-6-11,5,0.00205761,major,numbers,main
word_count,6,13,11-4-12-5-5-3,4,0.00164609,major,numbers,main
word_count,6,14,5-5-3-14-6-6,4,0.00164609,major,numbers,main
word_count,6,15,2-2-2-2-3-3,4,0.00164609,major,numbers,main
word_count,6,16,3-4-3-4-3-4,4,0.00164609,major,numbers,main
word_count,6,17,5-6-9-3-5-6,3,0.00123457,major,numbers,main
word_count,6,18,6-7-3-5-6-6,3,0.00123457,major,numbers,main
word_count,6,19,7-3-5-6-6-7,3,0.00123457,major,numbers,main
word_count,6,20,5-6-6-7-3-5,3,0.00123457,major,numbers,main
word_count,6,21,3-3-3-2-2-2,3,0.00123457,major,numbers,main
word_count,6,22,3-2-2-2-2-2,3,0.00123457,major,numbers,main
word_count,6,23,4-3-4-3-4-3,3,0.00123457,major,numbers,main
word_count,6,24,6-4-4-4-4-4,2,0.00082305,major,numbers,main
word_count,6,25,9-3-4-6-9-3,2,0.00082305,major,numbers,main
word_count,6,26,6-2-5-4-6-2,2,0.00082305,major,numbers,main
word_count,6,27,2-5-4-6-2-5,2,0.00082305,major,numbers,main
word_count,6,28,5-4-6-2-5-2,2,0.00082305,major,numbers,main
word_count,6,29,4-6-2-5-2-6,2,0.00082305,major,numbers,main
word_count,6,30,6-2-5-2-6-2,2,0.00082305,major,numbers,main
word_count,6,31,2-5-2-6-2-5,2,0.00082305,major,numbers,main
word_count,6,32,2-5-6-2-5-4,2,0.00082305,major,numbers,main
word_count,6,33,4-6-7-4-4-5,2,0.00082305,major,numbers,main
word_count,6,34,9-8-7-5-10-6,2,0.00082305,major,numbers,main
word_count,6,35,5-5-3-14-6-17,2,0.00082305,major,numbers,main
word_count,6,36,5-3-14-6-17-4,2,0.00082305,major,numbers,main
word_count,6,37,3-14-6-17-4-12,2,0.00082305,major,numbers,main
word_count,6,38,14-6-17-4-12-5,2,0.00082305,major,numbers,main
word_count,6,39,4-12-5-7-3-14,2,0.00082305,major,numbers,main
word_count,6,40,12-5-7-3-14-6,2,0.00082305,major,numbers,main
word_count,6,41,5-7-3-14-6-6,2,0.00082305,major,numbers,main
word_count,6,42,7-3-14-6-6-11,2,0.00082305,major,numbers,main
word_count,6,43,6-5-5-4-5-3,2,0.00082305,major,numbers,main
word_count,6,44,5-5-5-5-5-5,2,0.00082305,major,numbers,main
word_count,6,45,5-9-4-9-7-5,2,0.00082305,major,numbers,main
word_count,6,46,4-9-3-3-3-3,2,0.00082305,major,numbers,main
word_count,6,47,5-6-3-3-3-4,2,0.00082305,major,numbers,main
word_count,6,48,6-6-7-3-5-6,2,0.00082305,major,numbers,main
word_count,6,49,3-5-6-6-7-3,2,0.00082305,major,numbers,main
word_count,6,50,2-3-3-3-3-2,2,0.00082305,major,numbers,main
pulse_count,2,1,8-7,23,0.00944947,major,numbers,main
pulse_count,2,2,10-11,18,0.00739523,major,numbers,main
pulse_count,2,3,10-10,17,0.00698439,major,numbers,main
pulse_count,2,4,9-8,16,0.00657354,major,numbers,main
pulse_count,2,5,11-13,16,0.00657354,major,numbers,main
pulse_count,2,6,17-13,16,0.00657354,major,numbers,main
pulse_count,2,7,12-11,15,0.0061627,major,numbers,main
pulse_count,2,8,11-11,14,0.00575185,major,numbers,main
pulse_count,2,9,8-33,14,0.00575185,major,numbers,main
pulse_count,2,10,7-6,14,0.00575185,major,numbers,main
pulse_count,2,11,11-10,13,0.005341,major,numbers,main
pulse_count,2,12,10-9,13,0.005341,major,numbers,main
pulse_count,2,13,10-12,13,0.005341,major,numbers,main
pulse_count,2,14,13-12,13,0.005341,major,numbers,main
pulse_count,2,15,13-15,13,0.005341,major,numbers,main
pulse_count,2,16,11-7,12,0.00493016,major,numbers,main
pulse_count,2,17,10-13,12,0.00493016,major,numbers,main
pulse_count,2,18,7-11,12,0.00493016,major,numbers,main
pulse_count,2,19,15-15,12,0.00493016,major,numbers,main
pulse_count,2,20,14-14,12,0.00493016,major,numbers,main
pulse_count,2,21,19-10,11,0.00451931,major,numbers,main
pulse_count,2,22,8-12,11,0.00451931,major,numbers,main
pulse_count,2,23,8-9,11,0.00451931,major,numbers,main
pulse_count,2,24,12-10,11,0.00451931,major,numbers,main
pulse_count,2,25,17-11,11,0.00451931,major,numbers,main
pulse_count,2,26,11-6,11,0.00451931,major,numbers,main
pulse_count,2,27,20-8,11,0.00451931,major,numbers,main
pulse_count,2,28,15-9,10,0.00410846,major,numbers,main
pulse_count,2,29,7-8,10,0.00410846,major,numbers,main
pulse_count,2,30,8-14,10,0.00410846,major,numbers,main
pulse_count,2,31,14-16,10,0.00410846,major,numbers,main
pulse_count,2,32,14-8,10,0.00410846,major,numbers,main
pulse_count,2,33,18-9,10,0.00410846,major,numbers,main
pulse_count,2,34,16-11,10,0.00410846,major,numbers,main
pulse_count,2,35,15-16,10,0.00410846,major,numbers,main
pulse_count,2,36,14-12,10,0.00410846,major,numbers,main
pulse_count,2,37,13-20,10,0.00410846,major,numbers,main
pulse_count,2,38,33-17,10,0.00410846,major,numbers,main
pulse_count,2,39,11-12,10,0.00410846,major,numbers,main
pulse_count,2,40,8-13,9,0.00369762,major,numbers,main
pulse_count,2,41,9-11,9,0.00369762,major,numbers,main
pulse_count,2,42,9-10,9,0.00369762,major,numbers,main
pulse_count,2,43,11-15,9,0.00369762,major,numbers,main
pulse_count,2,44,8-10,9,0.00369762,major,numbers,main
pulse_count,2,45,11-8,9,0.00369762,major,numbers,main
pulse_count,2,46,16-14,9,0.00369762,major,numbers,main
pulse_count,2,47,12-8,9,0.00369762,major,numbers,main
pulse_count,2,48,8-11,9,0.00369762,major,numbers,main
pulse_count,2,49,15-14,9,0.00369762,major,numbers,main
pulse_count,2,50,13-11,9,0.00369762,major,numbers,main
pulse_count,3,1,17-13-20,9,0.00369914,major,numbers,main
pulse_count,3,2,20-8-33,9,0.00369914,major,numbers,main
pulse_count,3,3,13-20-8,8,0.00328812,major,numbers,main
pulse_count,3,4,33-17-13,7,0.00287711,major,numbers,main
pulse_count,3,5,19-19-10,6,0.00246609,major,numbers,main
pulse_count,3,6,7-8-7,6,0.00246609,major,numbers,main
pulse_count,3,7,10-12-11,5,0.00205508,major,numbers,main
pulse_count,3,8,10-9-8,4,0.00164406,major,numbers,main
pulse_count,3,9,13-7-11,4,0.00164406,major,numbers,main
pulse_count,3,10,9-18-9,4,0.00164406,major,numbers,main
pulse_count,3,11,8-33-8,4,0.00164406,major,numbers,main
pulse_count,3,12,8-7-9,4,0.00164406,major,numbers,main
pulse_count,3,13,8-7-7,4,0.00164406,major,numbers,main
pulse_count,3,14,7-7-6,4,0.00164406,major,numbers,main
pulse_count,3,15,15-9-11,3,0.00123305,major,numbers,main
pulse_count,3,16,10-19-19,3,0.00123305,major,numbers,main
pulse_count,3,17,15-15-18,3,0.00123305,major,numbers,main
pulse_count,3,18,8-8-7,3,0.00123305,major,numbers,main
pulse_count,3,19,5-10-10,3,0.00123305,major,numbers,main
pulse_count,3,20,10-17-13,3,0.00123305,major,numbers,main
pulse_count,3,21,10-13-18,3,0.00123305,major,numbers,main
pulse_count,3,22,20-17-11,3,0.00123305,major,numbers,main
pulse_count,3,23,11-11-13,3,0.00123305,major,numbers,main
pulse_count,3,24,17-11-6,3,0.00123305,major,numbers,main
pulse_count,3,25,11-11-15,3,0.00123305,major,numbers,main
pulse_count,3,26,8-33-10,3,0.00123305,major,numbers,main
pulse_count,3,27,5-33-17,3,0.00123305,major,numbers,main
pulse_count,3,28,8-33-17,3,0.00123305,major,numbers,main
pulse_count,3,29,9-8-8,3,0.00123305,major,numbers,main
pulse_count,3,30,12-8-13,3,0.00123305,major,numbers,main
pulse_count,3,31,8-7-6,3,0.00123305,major,numbers,main
pulse_count,3,32,18-15-10,3,0.00123305,major,numbers,main
pulse_count,3,33,10-10-11,3,0.00123305,major,numbers,main
pulse_count,3,34,9-8-10,3,0.00123305,major,numbers,main
pulse_count,3,35,13-15-15,3,0.00123305,major,numbers,main
pulse_count,3,36,13-15-18,3,0.00123305,major,numbers,main
pulse_count,3,37,9-15-16,3,0.00123305,major,numbers,main
pulse_count,3,38,10-32-10,3,0.00123305,major,numbers,main
pulse_count,3,39,15-15-14,3,0.00123305,major,numbers,main
pulse_count,3,40,7-9-8,3,0.00123305,major,numbers,main
pulse_count,3,41,12-11-13,3,0.00123305,major,numbers,main
pulse_count,3,42,14-25-6,3,0.00123305,major,numbers,main
pulse_count,3,43,7-6-8,3,0.00123305,major,numbers,main
pulse_count,3,44,6-8-7,3,0.00123305,major,numbers,main
pulse_count,3,45,6-9-8,3,0.00123305,major,numbers,main
pulse_count,3,46,9-8-7,3,0.00123305,major,numbers,main
pulse_count,3,47,7-6-7,3,0.00123305,major,numbers,main
pulse_count,3,48,6-7-6,3,0.00123305,major,numbers,main
pulse_count,3,49,8-7-8,3,0.00123305,major,numbers,main
pulse_count,3,50,14-9-8,2,0.00082203,major,numbers,main
pulse_count,4,1,17-13-20-8,8,0.00328947,major,numbers,main
pulse_count,4,2,13-20-8-33,8,0.00328947,major,numbers,main
pulse_count,4,3,33-17-13-20,7,0.00287829,major,numbers,main
pulse_count,4,4,20-8-33-8,4,0.00164474,major,numbers,main
pulse_count,4,5,8-7-7-6,4,0.00164474,major,numbers,main
pulse_count,4,6,5-33-17-13,3,0.00123355,major,numbers,main
pulse_count,4,7,8-7-9-8,3,0.00123355,major,numbers,main
pulse_count,4,8,7-6-8-7,3,0.00123355,major,numbers,main
pulse_count,4,9,7-6-7-6,3,0.00123355,major,numbers,main
pulse_count,4,10,8-7-8-7,3,0.00123355,major,numbers,main
pulse_count,4,11,8-15-9-11,2,0.00082237,major,numbers,main
pulse_count,4,12,12-17-19-8,2,0.00082237,major,numbers,main
pulse_count,4,13,10-19-19-10,2,0.00082237,major,numbers,main
pulse_count,4,14,19-19-10-11,2,0.00082237,major,numbers,main
pulse_count,4,15,11-23-19-10,2,0.00082237,major,numbers,main
pulse_count,4,16,19-19-10-12,2,0.00082237,major,numbers,main
pulse_count,4,17,13-5-10-10,2,0.00082237,major,numbers,main
pulse_count,4,18,17-12-12-10,2,0.00082237,major,numbers,main
pulse_count,4,19,18-20-21-5,2,0.00082237,major,numbers,main
pulse_count,4,20,13-17-11-6,2,0.00082237,major,numbers,main
pulse_count,4,21,20-8-33-10,2,0.00082237,major,numbers,main
pulse_count,4,22,8-33-10-12,2,0.00082237,major,numbers,main
pulse_count,4,23,33-17-33-8,2,0.00082237,major,numbers,main
pulse_count,4,24,17-33-8-33,2,0.00082237,major,numbers,main
pulse_count,4,25,8-33-17-13,2,0.00082237,major,numbers,main
pulse_count,4,26,20-8-33-9,2,0.00082237,major,numbers,main
pulse_count,4,27,10-10-12-11,2,0.00082237,major,numbers,main
pulse_count,4,28,22-10-30-14,2,0.00082237,major,numbers,main
pulse_count,4,29,14-25-6-15,2,0.00082237,major,numbers,main
pulse_count,4,30,16-14-25-6,2,0.00082237,major,numbers,main
pulse_count,4,31,7-7-6-6,2,0.00082237,major,numbers,main
pulse_count,4,32,7-6-6-5,2,0.00082237,major,numbers,main
pulse_count,4,33,7-6-9-8,2,0.00082237,major,numbers,main
pulse_count,4,34,9-8-7-6,2,0.00082237,major,numbers,main
pulse_count,4,35,8-7-6-7,2,0.00082237,major,numbers,main
pulse_count,4,36,9-8-8-7,2,0.00082237,major,numbers,main
pulse_count,4,37,7-8-7-9,2,0.00082237,major,numbers,main
pulse_count,4,38,17-24-20-13,1,0.00041118,major,numbers,main
pulse_count,4,39,24-20-13-17,1,0.00041118,major,numbers,main
pulse_count,4,40,20-13-17-14,1,0.00041118,major,numbers,main
pulse_count,4,41,13-17-14-9,1,0.00041118,major,numbers,main
pulse_count,4,42,17-14-9-8,1,0.00041118,major,numbers,main
pulse_count,4,43,14-9-8-13,1,0.00041118,major,numbers,main
pulse_count,4,44,9-8-13-10,1,0.00041118,major,numbers,main
pulse_count,4,45,8-13-10-11,1,0.00041118,major,numbers,main
pulse_count,4,46,13-10-11-10,1,0.00041118,major,numbers,main
pulse_count,4,47,10-11-10-9,1,0.00041118,major,numbers,main
pulse_count,4,48,11-10-9-8,1,0.00041118,major,numbers,main
pulse_count,4,49,10-9-8-15,1,0.00041118,major,numbers,main
pulse_count,4,50,9-8-15-9,1,0.00041118,major,numbers,main
pulse_count,5,1,17-13-20-8-33,8,0.00329083,major,numbers,main
pulse_count,5,2,33-17-13-20-8,6,0.00246812,major,numbers,main
pulse_count,5,3,13-20-8-33-8,4,0.00164541,major,numbers,main
pulse_count,5,4,5-33-17-13-20,3,0.00123406,major,numbers,main
pulse_count,5,5,13-20-8-33-10,2,0.00082271,major,numbers,main
pulse_count,5,6,33-17-33-8-33,2,0.00082271,major,numbers,main
pulse_count,5,7,8-33-17-13-20,2,0.00082271,major,numbers,main
pulse_count,5,8,8-7-7-6-6,2,0.00082271,major,numbers,main
pulse_count,5,9,7-7-6-6-5,2,0.00082271,major,numbers,main
pulse_count,5,10,9-8-7-6-7,2,0.00082271,major,numbers,main
pulse_count,5,11,8-7-6-7-6,2,0.00082271,major,numbers,main
pulse_count,5,12,8-7-8-7-9,2,0.00082271,major,numbers,main
pulse_count,5,13,7-8-7-9-8,2,0.00082271,major,numbers,main
pulse_count,5,14,17-24-20-13-17,1,0.00041135,major,numbers,main
pulse_count,5,15,24-20-13-17-14,1,0.00041135,major,numbers,main
pulse_count,5,16,20-13-17-14-9,1,0.00041135,major,numbers,main
pulse_count,5,17,13-17-14-9-8,1,0.00041135,major,numbers,main
pulse_count,5,18,17-14-9-8-13,1,0.00041135,major,numbers,main
pulse_count,5,19,14-9-8-13-10,1,0.00041135,major,numbers,main
pulse_count,5,20,9-8-13-10-11,1,0.00041135,major,numbers,main
pulse_count,5,21,8-13-10-11-10,1,0.00041135,major,numbers,main
pulse_count,5,22,13-10-11-10-9,1,0.00041135,major,numbers,main
pulse_count,5,23,10-11-10-9-8,1,0.00041135,major,numbers,main
pulse_count,5,24,11-10-9-8-15,1,0.00041135,major,numbers,main
pulse_count,5,25,10-9-8-15-9,1,0.00041135,major,numbers,main
pulse_count,5,26,9-8-15-9-11,1,0.00041135,major,numbers,main
pulse_count,5,27,8-15-9-11-10,1,0.00041135,major,numbers,main
pulse_count,5,28,15-9-11-10-7,1,0.00041135,major,numbers,main
pulse_count,5,29,9-11-10-7-7,1,0.00041135,major,numbers,main
pulse_count,5,30,11-10-7-7-10,1,0.00041135,major,numbers,main
pulse_count,5,31,10-7-7-10-11,1,0.00041135,major,numbers,main
pulse_count,5,32,7-7-10-11-7,1,0.00041135,major,numbers,main
pulse_count,5,33,7-10-11-7-8,1,0.00041135,major,numbers,main
pulse_count,5,34,10-11-7-8-13,1,0.00041135,major,numbers,main
pulse_count,5,35,11-7-8-13-30,1,0.00041135,major,numbers,main
pulse_count,5,36,7-8-13-30-19,1,0.00041135,major,numbers,main
pulse_count,5,37,8-13-30-19-10,1,0.00041135,major,numbers,main
pulse_count,5,38,13-30-19-10-9,1,0.00041135,major,numbers,main
pulse_count,5,39,30-19-10-9-25,1,0.00041135,major,numbers,main
pulse_count,5,40,19-10-9-25-27,1,0.00041135,major,numbers,main
pulse_count,5,41,10-9-25-27-9,1,0.00041135,major,numbers,main
pulse_count,5,42,9-25-27-9-10,1,0.00041135,major,numbers,main
pulse_count,5,43,25-27-9-10-18,1,0.00041135,major,numbers,main
pulse_count,5,44,27-9-10-18-30,1,0.00041135,major,numbers,main
pulse_count,5,45,9-10-18-30-9,1,0.00041135,major,numbers,main
pulse_count,5,46,10-18-30-9-12,1,0.00041135,major,numbers,main
pulse_count,5,47,18-30-9-12-17,1,0.00041135,major,numbers,main
pulse_count,5,48,30-9-12-17-19,1,0.00041135,major,numbers,main
pulse_count,5,49,9-12-17-19-8,1,0.00041135,major,numbers,main
pulse_count,5,50,12-17-19-8-14,1,0.00041135,major,numbers,main
pulse_count,6,1,33-17-13-20-8-33,6,0.00246914,major,numbers,main
pulse_count,6,2,17-13-20-8-33-8,4,0.00164609,major,numbers,main
pulse_count,6,3,5-33-17-13-20-8,3,0.00123457,major,numbers,main
pulse_count,6,4,17-13-20-8-33-10,2,0.00082305,major,numbers,main
pulse_count,6,5,8-7-7-6-6-5,2,0.00082305,major,numbers,main
pulse_count,6,6,9-8-7-6-7-6,2,0.00082305,major,numbers,main
pulse_count,6,7,8-7-8-7-9-8,2,0.00082305,major,numbers,main
pulse_count,6,8,17-24-20-13-17-14,1,0.00041152,major,numbers,main
pulse_count,6,9,24-20-13-17-14-9,1,0.00041152,major,numbers,main
pulse_count,6,10,20-13-17-14-9-8,1,0.00041152,major,numbers,main
pulse_count,6,11,13-17-14-9-8-13,1,0.00041152,major,numbers,main
pulse_count,6,12,17-14-9-8-13-10,1,0.00041152,major,numbers,main
pulse_count,6,13,14-9-8-13-10-11,1,0.00041152,major,numbers,main
pulse_count,6,14,9-8-13-10-11-10,1,0.00041152,major,numbers,main
pulse_count,6,15,8-13-10-11-10-9,1,0.00041152,major,numbers,main
pulse_count,6,16,13-10-11-10-9-8,1,0.00041152,major,numbers,main
pulse_count,6,17,10-11-10-9-8-15,1,0.00041152,major,numbers,main
pulse_count,6,18,11-10-9-8-15-9,1,0.00041152,major,numbers,main
pulse_count,6,19,10-9-8-15-9-11,1,0.00041152,major,numbers,main
pulse_count,6,20,9-8-15-9-11-10,1,0.00041152,major,numbers,main
pulse_count,6,21,8-15-9-11-10-7,1,0.00041152,major,numbers,main
pulse_count,6,22,15-9-11-10-7-7,1,0.00041152,major,numbers,main
pulse_count,6,23,9-11-10-7-7-10,1,0.00041152,major,numbers,main
pulse_count,6,24,11-10-7-7-10-11,1,0.00041152,major,numbers,main
pulse_count,6,25,10-7-7-10-11-7,1,0.00041152,major,numbers,main
pulse_count,6,26,7-7-10-11-7-8,1,0.00041152,major,numbers,main
pulse_count,6,27,7-10-11-7-8-13,1,0.00041152,major,numbers,main
pulse_count,6,28,10-11-7-8-13-30,1,0.00041152,major,numbers,main
pulse_count,6,29,11-7-8-13-30-19,1,0.00041152,major,numbers,main
pulse_count,6,30,7-8-13-30-19-10,1,0.00041152,major,numbers,main
pulse_count,6,31,8-13-30-19-10-9,1,0.00041152,major,numbers,main
pulse_count,6,32,13-30-19-10-9-25,1,0.00041152,major,numbers,main
pulse_count,6,33,30-19-10-9-25-27,1,0.00041152,major,numbers,main
pulse_count,6,34,19-10-9-25-27-9,1,0.00041152,major,numbers,main
pulse_count,6,35,10-9-25-27-9-10,1,0.00041152,major,numbers,main
pulse_count,6,36,9-25-27-9-10-18,1,0.00041152,major,numbers,main
pulse_count,6,37,25-27-9-10-18-30,1,0.00041152,major,numbers,main
pulse_count,6,38,27-9-10-18-30-9,1,0.00041152,major,numbers,main
pulse_count,6,39,9-10-18-30-9-12,1,0.00041152,major,numbers,main
pulse_count,6,40,10-18-30-9-12-17,1,0.00041152,major,numbers,main
pulse_count,6,41,18-30-9-12-17-19,1,0.00041152,major,numbers,main
pulse_count,6,42,30-9-12-17-19-8,1,0.00041152,major,numbers,main
pulse_count,6,43,9-12-17-19-8-14,1,0.00041152,major,numbers,main
pulse_count,6,44,12-17-19-8-14-19,1,0.00041152,major,numbers,main
pulse_count,6,45,17-19-8-14-19-19,1,0.00041152,major,numbers,main
pulse_count,6,46,19-8-14-19-19-10,1,0.00041152,major,numbers,main
pulse_count,6,47,8-14-19-19-10-10,1,0.00041152,major,numbers,main
pulse_count,6,48,14-19-19-10-10-19,1,0.00041152,major,numbers,main
pulse_count,6,49,19-19-10-10-19-19,1,0.00041152,major,numbers,main
pulse_count,6,50,19-10-10-19-19-10,1,0.00041152,major,numbers,main
accent_count,2,1,3-3,74,0.03040263,major,numbers,main
accent_count,2,2,3-5,66,0.02711586,major,numbers,main
accent_count,2,3,4-5,62,0.02547247,major,numbers,main
accent_count,2,4,4-4,55,0.02259655,major,numbers,main
accent_count,2,5,6-6,53,0.02177486,major,numbers,main
accent_count,2,6,5-2,52,0.02136401,major,numbers,main
accent_count,2,7,5-5,51,0.02095316,major,numbers,main
accent_count,2,8,5-4,50,0.02054232,major,numbers,main
accent_count,2,9,5-3,49,0.02013147,major,numbers,main
accent_count,2,10,5-6,49,0.02013147,major,numbers,main
accent_count,2,11,9-3,46,0.01889893,major,numbers,main
accent_count,2,12,3-4,45,0.01848809,major,numbers,main
accent_count,2,13,2-2,45,0.01848809,major,numbers,main
accent_count,2,14,6-4,44,0.01807724,major,numbers,main
accent_count,2,15,7-3,43,0.01766639,major,numbers,main
accent_count,2,16,2-5,40,0.01643385,major,numbers,main
accent_count,2,17,4-6,39,0.01602301,major,numbers,main
accent_count,2,18,6-5,37,0.01520131,major,numbers,main
accent_count,2,19,6-7,36,0.01479047,major,numbers,main
accent_count,2,20,4-7,35,0.01437962,major,numbers,main
accent_count,2,21,3-6,35,0.01437962,major,numbers,main
accent_count,2,22,7-6,35,0.01437962,major,numbers,main
accent_count,2,23,4-3,34,0.01396878,major,numbers,main
accent_count,2,24,6-9,34,0.01396878,major,numbers,main
accent_count,2,25,5-7,34,0.01396878,major,numbers,main
accent_count,2,26,7-5,31,0.01273624,major,numbers,main
accent_count,2,27,6-3,31,0.01273624,major,numbers,main
accent_count,2,28,7-4,30,0.01232539,major,numbers,main
accent_count,2,29,3-7,28,0.0115037,major,numbers,main
accent_count,2,30,8-4,27,0.01109285,major,numbers,main
accent_count,2,31,4-2,27,0.01109285,major,numbers,main
accent_count,2,32,3-9,26,0.010682,major,numbers,main
accent_count,2,33,2-3,25,0.01027116,major,numbers,main
accent_count,2,34,4-9,25,0.01027116,major,numbers,main
accent_count,2,35,2-4,22,0.00903862,major,numbers,main
accent_count,2,36,8-6,22,0.00903862,major,numbers,main
accent_count,2,37,4-8,21,0.00862777,major,numbers,main
accent_count,2,38,8-3,20,0.00821693,major,numbers,main
accent_count,2,39,3-2,20,0.00821693,major,numbers,main
accent_count,2,40,3-8,19,0.00780608,major,numbers,main
accent_count,2,41,2-6,18,0.00739523,major,numbers,main
accent_count,2,42,7-7,18,0.00739523,major,numbers,main
accent_count,2,43,9-4,18,0.00739523,major,numbers,main
accent_count,2,44,4-10,18,0.00739523,major,numbers,main
accent_count,2,45,7-8,18,0.00739523,major,numbers,main
accent_count,2,46,9-5,17,0.00698439,major,numbers,main
accent_count,2,47,5-8,16,0.00657354,major,numbers,main
accent_count,2,48,6-2,16,0.00657354,major,numbers,main
accent_count,2,49,5-9,16,0.00657354,major,numbers,main
accent_count,2,50,12-4,16,0.00657354,major,numbers,main
accent_count,3,1,2-2-2,33,0.0135635,major,numbers,main
accent_count,3,2,3-3-3,30,0.01233046,major,numbers,main
accent_count,3,3,6-9-3,19,0.00780929,major,numbers,main
accent_count,3,4,4-5-2,19,0.00780929,major,numbers,main
accent_count,3,5,3-5-6,17,0.00698726,major,numbers,main
accent_count,3,6,5-2-5,17,0.00698726,major,numbers,main
accent_count,3,7,4-4-4,17,0.00698726,major,numbers,main
accent_count,3,8,3-3-5,13,0.0053432,major,numbers,main
accent_count,3,9,6-6-9,13,0.0053432,major,numbers,main
accent_count,3,10,3-3-4,12,0.00493218,major,numbers,main
accent_count,3,11,5-5-4,11,0.00452117,major,numbers,main
accent_count,3,12,5-3-3,11,0.00452117,major,numbers,main
accent_count,3,13,2-5-2,11,0.00452117,major,numbers,main
accent_count,3,14,3-5-3,10,0.00411015,major,numbers,main
accent_count,3,15,5-4-5,10,0.00411015,major,numbers,main
accent_count,3,16,4-6-6,10,0.00411015,major,numbers,main
accent_count,3,17,3-4-5,10,0.00411015,major,numbers,main
accent_count,3,18,6-7-3,10,0.00411015,major,numbers,main
accent_count,3,19,7-3-5,10,0.00411015,major,numbers,main
accent_count,3,20,4-7-5,9,0.00369914,major,numbers,main
accent_count,3,21,9-3-5,9,0.00369914,major,numbers,main
accent_count,3,22,7-5-3,9,0.00369914,major,numbers,main
accent_count,3,23,6-6-4,9,0.00369914,major,numbers,main
accent_count,3,24,5-6-5,9,0.00369914,major,numbers,main
accent_count,3,25,5-5-6,9,0.00369914,major,numbers,main
accent_count,3,26,3-5-5,9,0.00369914,major,numbers,main
accent_count,3,27,5-7-3,9,0.00369914,major,numbers,main
accent_count,3,28,2-14-6,9,0.00369914,major,numbers,main
accent_count,3,29,5-4-6,8,0.00328812,major,numbers,main
accent_count,3,30,5-6-9,8,0.00328812,major,numbers,main
accent_count,3,31,4-3-5,8,0.00328812,major,numbers,main
accent_count,3,32,6-4-3,8,0.00328812,major,numbers,main
accent_count,3,33,5-3-4,8,0.00328812,major,numbers,main
accent_count,3,34,6-4-5,8,0.00328812,major,numbers,main
accent_count,3,35,5-3-5,8,0.00328812,major,numbers,main
accent_count,3,36,4-5-5,8,0.00328812,major,numbers,main
accent_count,3,37,4-4-7,8,0.00328812,major,numbers,main
accent_count,3,38,4-5-4,8,0.00328812,major,numbers,main
accent_count,3,39,4-5-3,8,0.00328812,major,numbers,main
accent_count,3,40,4-4-5,8,0.00328812,major,numbers,main
accent_count,3,41,14-6-6,8,0.00328812,major,numbers,main
accent_count,3,42,3-12-4,8,0.00328812,major,numbers,main
accent_count,3,43,5-2-14,8,0.00328812,major,numbers,main
accent_count,3,44,5-4-7,8,0.00328812,major,numbers,main
accent_count,3,45,3-7-6,7,0.00287711,major,numbers,main
accent_count,3,46,5-5-2,7,0.00287711,major,numbers,main
accent_count,3,47,6-5-4,7,0.00287711,major,numbers,main
accent_count,3,48,4-7-3,7,0.00287711,major,numbers,main
accent_count,3,49,7-3-4,7,0.00287711,major,numbers,main
accent_count,3,50,4-8-6,7,0.00287711,major,numbers,main
accent_count,4,1,2-2-2-2,26,0.01069079,major,numbers,main
accent_count,4,2,3-3-3-3,13,0.00534539,major,numbers,main
accent_count,4,3,6-6-9-3,9,0.00370066,major,numbers,main
accent_count,4,4,14-6-6-9,8,0.00328947,major,numbers,main
accent_count,4,5,4-5-2-14,8,0.00328947,major,numbers,main
accent_count,4,6,4-4-4-4,8,0.00328947,major,numbers,main
accent_count,4,7,6-9-3-5,7,0.00287829,major,numbers,main
accent_count,4,8,5-2-5-2,7,0.00287829,major,numbers,main
accent_count,4,9,2-5-2-5,7,0.00287829,major,numbers,main
accent_count,4,10,5-2-14-6,7,0.00287829,major,numbers,main
accent_count,4,11,2-14-6-6,7,0.00287829,major,numbers,main
accent_count,4,12,3-5-6-9,6,0.00246711,major,numbers,main
accent_count,4,13,5-6-9-3,6,0.00246711,major,numbers,main
accent_count,4,14,3-3-3-4,6,0.00246711,major,numbers,main
accent_count,4,15,6-3-3-3,5,0.00205592,major,numbers,main
accent_count,4,16,9-3-5-6,5,0.00205592,major,numbers,main
accent_count,4,17,5-2-5-4,5,0.00205592,major,numbers,main
accent_count,4,18,9-3-11-4,5,0.00205592,major,numbers,main
accent_count,4,19,3-11-4-5,5,0.00205592,major,numbers,main
accent_count,4,20,11-4-5-2,5,0.00205592,major,numbers,main
accent_count,4,21,3-3-4-5,5,0.00205592,major,numbers,main
accent_count,4,22,3-5-6-5,5,0.00205592,major,numbers,main
accent_count,4,23,9-3-3-3,5,0.00205592,major,numbers,main
accent_count,4,24,7-3-5-6,5,0.00205592,major,numbers,main
accent_count,4,25,3-2-2-2,5,0.00205592,major,numbers,main
accent_count,4,26,3-3-3-5,4,0.00164474,major,numbers,main
accent_count,4,27,3-5-3-3,4,0.00164474,major,numbers,main
accent_count,4,28,7-5-3-4,4,0.00164474,major,numbers,main
accent_count,4,29,6-9-3-12,4,0.00164474,major,numbers,main
accent_count,4,30,9-3-12-4,4,0.00164474,major,numbers,main
accent_count,4,31,6-9-3-11,4,0.00164474,major,numbers,main
accent_count,4,32,4-4-4-5,4,0.00164474,major,numbers,main
accent_count,4,33,6-5-7-3,4,0.00164474,major,numbers,main
accent_count,4,34,5-3-3-4,4,0.00164474,major,numbers,main
accent_count,4,35,5-7-3-5,4,0.00164474,major,numbers,main
accent_count,4,36,3-3-2-2,4,0.00164474,major,numbers,main
accent_count,4,37,2-2-2-3,4,0.00164474,major,numbers,main
accent_count,4,38,3-3-5-3,3,0.00123355,major,numbers,main
accent_count,4,39,3-3-5-4,3,0.00123355,major,numbers,main
accent_count,4,40,2-5-4-5,3,0.00123355,major,numbers,main
accent_count,4,41,5-4-5-2,3,0.00123355,major,numbers,main
accent_count,4,42,4-5-2-5,3,0.00123355,major,numbers,main
accent_count,4,43,5-5-2-4,3,0.00123355,major,numbers,main
accent_count,4,44,4-6-6-3,3,0.00123355,major,numbers,main
accent_count,4,45,4-6-6-4,3,0.00123355,major,numbers,main
accent_count,4,46,6-4-5-2,3,0.00123355,major,numbers,main
accent_count,4,47,3-4-5-6,3,0.00123355,major,numbers,main
accent_count,4,48,5-4-5-5,3,0.00123355,major,numbers,main
accent_count,4,49,4-4-7-3,3,0.00123355,major,numbers,main
accent_count,4,50,4-5-4-5,3,0.00123355,major,numbers,main
accent_count,5,1,2-2-2-2-2,20,0.00822707,major,numbers,main
accent_count,5,2,14-6-6-9-3,7,0.00287947,major,numbers,main
accent_count,5,3,4-5-2-14-6,7,0.00287947,major,numbers,main
accent_count,5,4,2-14-6-6-9,7,0.00287947,major,numbers,main
accent_count,5,5,3-5-6-9-3,6,0.00246812,major,numbers,main
accent_count,5,6,3-3-3-3-3,5,0.00205677,major,numbers,main
accent_count,5,7,6-9-3-5-6,5,0.00205677,major,numbers,main
accent_count,5,8,9-3-5-6-9,5,0.00205677,major,numbers,main
accent_count,5,9,5-6-9-3-5,5,0.00205677,major,numbers,main
accent_count,5,10,9-3-11-4-5,5,0.00205677,major,numbers,main
accent_count,5,11,3-11-4-5-2,5,0.00205677,major,numbers,main
accent_count,5,12,11-4-5-2-14,5,0.00205677,major,numbers,main
accent_count,5,13,5-2-14-6-6,5,0.00205677,major,numbers,main
accent_count,5,14,3-2-2-2-2,5,0.00205677,major,numbers,main
accent_count,5,15,3-3-3-3-5,4,0.00164541,major,numbers,main
accent_count,5,16,5-2-5-2-5,4,0.00164541,major,numbers,main
accent_count,5,17,6-6-9-3-12,4,0.00164541,major,numbers,main
accent_count,5,18,6-9-3-12-4,4,0.00164541,major,numbers,main
accent_count,5,19,6-6-9-3-11,4,0.00164541,major,numbers,main
accent_count,5,20,6-9-3-11-4,4,0.00164541,major,numbers,main
accent_count,5,21,4-4-4-4-4,4,0.00164541,major,numbers,main
accent_count,5,22,3-3-2-2-2,4,0.00164541,major,numbers,main
accent_count,5,23,2-2-2-2-3,4,0.00164541,major,numbers,main
accent_count,5,24,6-3-3-3-4,3,0.00123406,major,numbers,main
accent_count,5,25,5-2-5-4-5,3,0.00123406,major,numbers,main
accent_count,5,26,2-5-2-5-2,3,0.00123406,major,numbers,main
accent_count,5,27,4-5-3-7-5,3,0.00123406,major,numbers,main
accent_count,5,28,3-12-4-5-2,3,0.00123406,major,numbers,main
accent_count,5,29,5-7-3-5-6,3,0.00123406,major,numbers,main
accent_count,5,30,7-3-5-6-5,3,0.00123406,major,numbers,main
accent_count,5,31,3-5-6-5-7,3,0.00123406,major,numbers,main
accent_count,5,32,5-6-5-7-3,3,0.00123406,major,numbers,main
accent_count,5,33,6-5-7-3-5,3,0.00123406,major,numbers,main
accent_count,5,34,2-3-3-3-3,3,0.00123406,major,numbers,main
accent_count,5,35,2-2-2-3-3,3,0.00123406,major,numbers,main
accent_count,5,36,6-3-3-3-3,2,0.00082271,major,numbers,main
accent_count,5,37,3-3-3-5-3,2,0.00082271,major,numbers,main
accent_count,5,38,3-3-3-5-4,2,0.00082271,major,numbers,main
accent_count,5,39,9-3-4-6-9,2,0.00082271,major,numbers,main
accent_count,5,40,3-4-6-9-3,2,0.00082271,major,numbers,main
accent_count,5,41,2-5-4-5-2,2,0.00082271,major,numbers,main
accent_count,5,42,5-4-5-2-5,2,0.00082271,major,numbers,main
accent_count,5,43,4-5-2-5-2,2,0.00082271,major,numbers,main
accent_count,5,44,2-5-5-2-5,2,0.00082271,major,numbers,main
accent_count,5,45,5-5-2-5-4,2,0.00082271,major,numbers,main
accent_count,5,46,4-2-5-2-5,2,0.00082271,major,numbers,main
accent_count,5,47,2-5-2-5-10,2,0.00082271,major,numbers,main
accent_count,5,48,4-6-6-3-6,2,0.00082271,major,numbers,main
accent_count,5,49,4-7-5-3-4,2,0.00082271,major,numbers,main
accent_count,5,50,9-4-4-7-3,2,0.00082271,major,numbers,main
accent_count,6,1,2-2-2-2-2-2,16,0.00658436,major,numbers,main
accent_count,6,2,2-14-6-6-9-3,6,0.00246914,major,numbers,main
accent_count,6,3,6-9-3-5-6-9,5,0.00205761,major,numbers,main
accent_count,6,4,9-3-5-6-9-3,5,0.00205761,major,numbers,main
accent_count,6,5,3-5-6-9-3-5,5,0.00205761,major,numbers,main
accent_count,6,6,9-3-11-4-5-2,5,0.00205761,major,numbers,main
accent_count,6,7,3-11-4-5-2-14,5,0.00205761,major,numbers,main
accent_count,6,8,11-4-5-2-14-6,5,0.00205761,major,numbers,main
accent_count,6,9,4-5-2-14-6-6,5,0.00205761,major,numbers,main
accent_count,6,10,5-2-14-6-6-9,5,0.00205761,major,numbers,main
accent_count,6,11,14-6-6-9-3-12,4,0.00164609,major,numbers,main
accent_count,6,12,6-6-9-3-12-4,4,0.00164609,major,numbers,main
accent_count,6,13,6-6-9-3-11-4,4,0.00164609,major,numbers,main
accent_count,6,14,6-9-3-11-4-5,4,0.00164609,major,numbers,main
accent_count,6,15,3-3-2-2-2-2,4,0.00164609,major,numbers,main
accent_count,6,16,3-3-3-3-3-5,3,0.00123457,major,numbers,main
accent_count,6,17,5-6-9-3-5-6,3,0.00123457,major,numbers,main
accent_count,6,18,14-6-6-9-3-11,3,0.00123457,major,numbers,main
accent_count,6,19,4-4-4-4-4-4,3,0.00123457,major,numbers,main
accent_count,6,20,7-3-5-6-5-7,3,0.00123457,major,numbers,main
accent_count,6,21,3-5-6-5-7-3,3,0.00123457,major,numbers,main
accent_count,6,22,5-6-5-7-3-5,3,0.00123457,major,numbers,main
accent_count,6,23,2-2-2-2-3-3,3,0.00123457,major,numbers,main
accent_count,6,24,3-2-2-2-2-2,3,0.00123457,major,numbers,main
accent_count,6,25,6-3-3-3-3-3,2,0.00082305,major,numbers,main
accent_count,6,26,3-3-3-3-5-3,2,0.00082305,major,numbers,main
accent_count,6,27,3-3-3-3-5-4,2,0.00082305,major,numbers,main
accent_count,6,28,9-3-4-6-9-3,2,0.00082305,major,numbers,main
accent_count,6,29,5-2-5-4-5-2,2,0.00082305,major,numbers,main
accent_count,6,30,2-5-4-5-2-5,2,0.00082305,major,numbers,main
accent_count,6,31,5-4-5-2-5-2,2,0.00082305,major,numbers,main
accent_count,6,32,4-5-2-5-2-5,2,0.00082305,major,numbers,main
accent_count,6,33,5-2-5-2-5-2,2,0.00082305,major,numbers,main
accent_count,6,34,2-5-2-5-2-5,2,0.00082305,major,numbers,main
accent_count,6,35,2-5-5-2-5-4,2,0.00082305,major,numbers,main
accent_count,6,36,6-9-3-12-4-5,2,0.00082305,major,numbers,main
accent_count,6,37,9-3-12-4-5-2,2,0.00082305,major,numbers,main
accent_count,6,38,4-5-2-14-6-15,2,0.00082305,major,numbers,main
accent_count,6,39,5-2-14-6-15-3,2,0.00082305,major,numbers,main
accent_count,6,40,2-14-6-15-3-12,2,0.00082305,major,numbers,main
accent_count,6,41,14-6-15-3-12-4,2,0.00082305,major,numbers,main
accent_count,6,42,3-12-4-5-2-14,2,0.00082305,major,numbers,main
accent_count,6,43,3-12-4-7-2-14,2,0.00082305,major,numbers,main
accent_count,6,44,12-4-7-2-14-6,2,0.00082305,major,numbers,main
accent_count,6,45,4-7-2-14-6-6,2,0.00082305,major,numbers,main
accent_count,6,46,7-2-14-6-6-9,2,0.00082305,major,numbers,main
accent_count,6,47,3-4-5-6-3-3,2,0.00082305,major,numbers,main
accent_count,6,48,4-5-6-3-3-3,2,0.00082305,major,numbers,main
accent_count,6,49,5-6-3-3-3-4,2,0.00082305,major,numbers,main
accent_count,6,50,7-3-3-5-10-8,2,0.00082305,major,numbers,main
word_count,2,1,3-3,393,0.08744993,minor,numbers,main
word_count,2,2,3-4,280,0.0623053,minor,numbers,main
word_count,2,3,2-3,266,0.05919003,minor,numbers,main
word_count,2,4,4-3,255,0.05674232,minor,numbers,main
word_count,2,5,3-2,230,0.05117935,minor,numbers,main
word_count,2,6,4-4,186,0.04138852,minor,numbers,main
word_count,2,7,4-2,176,0.03916333,minor,numbers,main
word_count,2,8,2-4,168,0.03738318,minor,numbers,main
word_count,2,9,2-2,148,0.0329328,minor,numbers,main
word_count,2,10,3-5,136,0.03026257,minor,numbers,main
word_count,2,11,5-3,134,0.02981753,minor,numbers,main
word_count,2,12,4-5,132,0.0293725,minor,numbers,main
word_count,2,13,5-4,115,0.02558968,minor,numbers,main
word_count,2,14,5-2,111,0.0246996,minor,numbers,main
word_count,2,15,2-5,97,0.02158433,minor,numbers,main
word_count,2,16,3-1,92,0.02047174,minor,numbers,main
word_count,2,17,1-2,91,0.02024922,minor,numbers,main
word_count,2,18,1-3,86,0.01913663,minor,numbers,main
word_count,2,19,5-5,79,0.01757899,minor,numbers,main
word_count,2,20,6-4,79,0.01757899,minor,numbers,main
word_count,2,21,4-1,78,0.01735648,minor,numbers,main
word_count,2,22,2-1,77,0.01713396,minor,numbers,main
word_count,2,23,4-6,69,0.01535381,minor,numbers,main
word_count,2,24,1-4,68,0.01513129,minor,numbers,main
word_count,2,25,3-6,56,0.01246106,minor,numbers,main
word_count,2,26,6-2,44,0.00979083,minor,numbers,main
word_count,2,27,6-3,39,0.00867824,minor,numbers,main
word_count,2,28,6-5,39,0.00867824,minor,numbers,main
word_count,2,29,5-6,38,0.00845572,minor,numbers,main
word_count,2,30,7-3,38,0.00845572,minor,numbers,main
word_count,2,31,5-1,36,0.00801068,minor,numbers,main
word_count,2,32,2-6,35,0.00778816,minor,numbers,main
word_count,2,33,7-4,34,0.00756564,minor,numbers,main
word_count,2,34,1-5,34,0.00756564,minor,numbers,main
word_count,2,35,4-7,28,0.00623053,minor,numbers,main
word_count,2,36,3-7,27,0.00600801,minor,numbers,main
word_count,2,37,2-7,27,0.00600801,minor,numbers,main
word_count,2,38,8-3,23,0.00511794,minor,numbers,main
word_count,2,39,4-8,22,0.00489542,minor,numbers,main
word_count,2,40,1-6,21,0.0046729,minor,numbers,main
word_count,2,41,6-6,19,0.00422786,minor,numbers,main
word_count,2,42,3-8,18,0.00400534,minor,numbers,main
word_count,2,43,1-1,18,0.00400534,minor,numbers,main
word_count,2,44,8-4,18,0.00400534,minor,numbers,main
word_count,2,45,7-5,16,0.0035603,minor,numbers,main
word_count,2,46,6-7,16,0.0035603,minor,numbers,main
word_count,2,47,5-7,15,0.00333778,minor,numbers,main
word_count,2,48,6-1,14,0.00311526,minor,numbers,main
word_count,2,49,7-6,13,0.00289275,minor,numbers,main
word_count,2,50,8-2,11,0.00244771,minor,numbers,main
word_count,3,1,3-3-3,133,0.0296016,minor,numbers,main
word_count,3,2,3-3-4,87,0.01936345,minor,numbers,main
word_count,3,3,2-3-3,85,0.01891832,minor,numbers,main
word_count,3,4,3-2-3,79,0.01758291,minor,numbers,main
word_count,3,5,4-3-3,79,0.01758291,minor,numbers,main
word_count,3,6,3-4-3,73,0.0162475,minor,numbers,main
word_count,3,7,3-3-2,71,0.01580236,minor,numbers,main
word_count,3,8,4-3-4,70,0.01557979,minor,numbers,main
word_count,3,9,2-3-2,60,0.01335411,minor,numbers,main
word_count,3,10,3-4-4,58,0.01290897,minor,numbers,main
word_count,3,11,4-2-3,55,0.01224126,minor,numbers,main
word_count,3,12,3-2-4,54,0.0120187,minor,numbers,main
word_count,3,13,2-4-3,54,0.0120187,minor,numbers,main
word_count,3,14,2-2-2,50,0.01112842,minor,numbers,main
word_count,3,15,2-1-2,50,0.01112842,minor,numbers,main
word_count,3,16,3-4-2,48,0.01068329,minor,numbers,main
word_count,3,17,3-2-2,46,0.01023815,minor,numbers,main
word_count,3,18,3-3-5,45,0.01001558,minor,numbers,main
word_count,3,19,2-3-4,44,0.00979301,minor,numbers,main
word_count,3,20,4-4-3,44,0.00979301,minor,numbers,main
word_count,3,21,2-2-3,43,0.00957044,minor,numbers,main
word_count,3,22,4-4-2,42,0.00934787,minor,numbers,main
word_count,3,23,5-2-3,40,0.00890274,minor,numbers,main
word_count,3,24,5-3-3,40,0.00890274,minor,numbers,main
word_count,3,25,4-6-4,40,0.00890274,minor,numbers,main
word_count,3,26,4-3-2,39,0.00868017,minor,numbers,main
word_count,3,27,4-2-4,39,0.00868017,minor,numbers,main
word_count,3,28,2-4-2,38,0.0084576,minor,numbers,main
word_count,3,29,4-4-4,38,0.0084576,minor,numbers,main
word_count,3,30,4-4-5,37,0.00823503,minor,numbers,main
word_count,3,31,2-3-5,37,0.00823503,minor,numbers,main
word_count,3,32,3-1-3,37,0.00823503,minor,numbers,main
word_count,3,33,3-4-6,36,0.00801246,minor,numbers,main
word_count,3,34,3-5-3,35,0.0077899,minor,numbers,main
word_count,3,35,5-4-3,34,0.00756733,minor,numbers,main
word_count,3,36,1-2-1,34,0.00756733,minor,numbers,main
word_count,3,37,3-5-2,33,0.00734476,minor,numbers,main
word_count,3,38,2-4-4,33,0.00734476,minor,numbers,main
word_count,3,39,5-3-4,32,0.00712219,minor,numbers,main
word_count,3,40,4-5-3,30,0.00667705,minor,numbers,main
word_count,3,41,4-5-4,30,0.00667705,minor,numbers,main
word_count,3,42,4-5-2,29,0.00645448,minor,numbers,main
word_count,3,43,1-2-3,28,0.00623192,minor,numbers,main
word_count,3,44,3-4-5,28,0.00623192,minor,numbers,main
word_count,3,45,5-2-4,27,0.00600935,minor,numbers,main
word_count,3,46,4-2-5,27,0.00600935,minor,numbers,main
word_count,3,47,3-5-4,25,0.00556421,minor,numbers,main
word_count,3,48,4-2-2,24,0.00534164,minor,numbers,main
word_count,3,49,4-3-5,23,0.00511907,minor,numbers,main
word_count,3,50,5-5-3,23,0.00511907,minor,numbers,main
word_count,4,1,3-3-3-3,52,0.01157614,minor,numbers,main
word_count,4,2,1-2-1-2,33,0.00734639,minor,numbers,main
word_count,4,3,2-3-2-3,31,0.00690116,minor,numbers,main
word_count,4,4,2-2-2-2,30,0.00667854,minor,numbers,main
word_count,4,5,4-3-3-3,29,0.00645592,minor,numbers,main
word_count,4,6,2-3-3-3,27,0.00601069,minor,numbers,main
word_count,4,7,2-1-2-1,27,0.00601069,minor,numbers,main
word_count,4,8,3-3-3-4,25,0.00556545,minor,numbers,main
word_count,4,9,3-3-3-2,25,0.00556545,minor,numbers,main
word_count,4,10,3-2-3-3,23,0.00512021,minor,numbers,main
word_count,4,11,3-3-4-3,22,0.0048976,minor,numbers,main
word_count,4,12,2-4-3-3,22,0.0048976,minor,numbers,main
word_count,4,13,3-4-3-4,22,0.0048976,minor,numbers,main
word_count,4,14,4-3-4-3,21,0.00467498,minor,numbers,main
word_count,4,15,3-3-4-4,20,0.00445236,minor,numbers,main
word_count,4,16,3-2-3-4,19,0.00422974,minor,numbers,main
word_count,4,17,3-4-3-3,19,0.00422974,minor,numbers,main
word_count,4,18,3-2-4-3,19,0.00422974,minor,numbers,main
word_count,4,19,4-3-3-4,19,0.00422974,minor,numbers,main
word_count,4,20,2-3-3-4,19,0.00422974,minor,numbers,main
word_count,4,21,3-4-2-3,19,0.00422974,minor,numbers,main
word_count,4,22,4-2-4-3,18,0.00400712,minor,numbers,main
word_count,4,23,3-2-3-2,18,0.00400712,minor,numbers,main
word_count,4,24,3-4-6-4,18,0.00400712,minor,numbers,main
word_count,4,25,3-2-2-3,18,0.00400712,minor,numbers,main
word_count,4,26,2-4-2-4,17,0.00378451,minor,numbers,main
word_count,4,27,5-2-3-3,17,0.00378451,minor,numbers,main
word_count,4,28,3-3-2-3,17,0.00378451,minor,numbers,main
word_count,4,29,2-2-3-3,17,0.00378451,minor,numbers,main
word_count,4,30,4-3-3-5,16,0.00356189,minor,numbers,main
word_count,4,31,2-3-3-2,16,0.00356189,minor,numbers,main
word_count,4,32,4-4-3-3,16,0.00356189,minor,numbers,main
word_count,4,33,3-3-2-2,16,0.00356189,minor,numbers,main
word_count,4,34,3-3-4-6,16,0.00356189,minor,numbers,main
word_count,4,35,4-2-3-3,15,0.00333927,minor,numbers,main
word_count,4,36,2-3-4-3,14,0.00311665,minor,numbers,main
word_count,4,37,5-2-4-2,14,0.00311665,minor,numbers,main
word_count,4,38,3-3-2-4,14,0.00311665,minor,numbers,main
word_count,4,39,4-2-3-2,14,0.00311665,minor,numbers,main
word_count,4,40,3-4-4-3,14,0.00311665,minor,numbers,main
word_count,4,41,4-3-4-4,14,0.00311665,minor,numbers,main
word_count,4,42,3-4-3-2,14,0.00311665,minor,numbers,main
word_count,4,43,4-4-2-3,14,0.00311665,minor,numbers,main
word_count,4,44,4-6-4-1,14,0.00311665,minor,numbers,main
word_count,4,45,4-3-2-4,13,0.00289403,minor,numbers,main
word_count,4,46,3-3-5-2,13,0.00289403,minor,numbers,main
word_count,4,47,3-5-2-4,13,0.00289403,minor,numbers,main
word_count,4,48,3-3-2-5,13,0.00289403,minor,numbers,main
word_count,4,49,4-5-4-3,13,0.00289403,minor,numbers,main
word_count,4,50,3-4-4-4,13,0.00289403,minor,numbers,main
word_count,5,1,2-1-2-1-2,27,0.00601202,minor,numbers,main
word_count,5,2,3-3-3-3-3,19,0.00423068,minor,numbers,main
word_count,5,3,1-2-1-2-1,18,0.00400802,minor,numbers,main
word_count,5,4,2-2-2-2-2,17,0.00378535,minor,numbers,main
word_count,5,5,3-2-3-2-3,13,0.00289468,minor,numbers,main
word_count,5,6,4-2-4-3-3,12,0.00267201,minor,numbers,main
word_count,5,7,4-3-3-3-3,12,0.00267201,minor,numbers,main
word_count,5,8,2-4-2-4-3,11,0.00244934,minor,numbers,main
word_count,5,9,3-3-3-3-2,11,0.00244934,minor,numbers,main
word_count,5,10,2-3-2-3-2,11,0.00244934,minor,numbers,main
word_count,5,11,4-6-4-1-1,11,0.00244934,minor,numbers,main
word_count,5,12,6-4-1-1-4,11,0.00244934,minor,numbers,main
word_count,5,13,2-4-3-3-5,10,0.00222668,minor,numbers,main
word_count,5,14,3-3-3-3-4,10,0.00222668,minor,numbers,main
word_count,5,15,7-4-8-4-5,10,0.00222668,minor,numbers,main
word_count,5,16,3-3-4-6-4,10,0.00222668,minor,numbers,main
word_count,5,17,3-4-6-4-1,10,0.00222668,minor,numbers,main
word_count,5,18,3-3-2-2-2,10,0.00222668,minor,numbers,main
word_count,5,19,2-3-3-3-3,10,0.00222668,minor,numbers,main
word_count,5,20,3-1-3-1-3,9,0.00200401,minor,numbers,main
word_count,5,21,3-4-3-3-3,9,0.00200401,minor,numbers,main
word_count,5,22,2-3-2-3-3,9,0.00200401,minor,numbers,main
word_count,5,23,4-4-3-3-3,9,0.00200401,minor,numbers,main
word_count,5,24,4-1-1-4-6,9,0.00200401,minor,numbers,main
word_count,5,25,1-1-4-6-4,9,0.00200401,minor,numbers,main
word_count,5,26,1-4-6-4-7,9,0.00200401,minor,numbers,main
word_count,5,27,4-6-4-7-4,9,0.00200401,minor,numbers,main
word_count,5,28,4-7-4-8-4,9,0.00200401,minor,numbers,main
word_count,5,29,1-3-1-3-1,8,0.00178134,minor,numbers,main
word_count,5,30,3-3-3-4-3,8,0.00178134,minor,numbers,main
word_count,5,31,4-3-2-4-3,8,0.00178134,minor,numbers,main
word_count,5,32,4-3-3-5-2,8,0.00178134,minor,numbers,main
word_count,5,33,3-3-5-2-4,8,0.00178134,minor,numbers,main
word_count,5,34,3-2-3-3-3,8,0.00178134,minor,numbers,main
word_count,5,35,4-3-4-3-3,8,0.00178134,minor,numbers,main
word_count,5,36,3-3-2-5-4,8,0.00178134,minor,numbers,main
word_count,5,37,3-3-4-3-4,8,0.00178134,minor,numbers,main
word_count,5,38,2-2-3-3-3,8,0.00178134,minor,numbers,main
word_count,5,39,3-3-4-4-3,8,0.00178134,minor,numbers,main
word_count,5,40,3-3-3-2-3,8,0.00178134,minor,numbers,main
word_count,5,41,6-4-7-4-8,8,0.00178134,minor,numbers,main
word_count,5,42,5-2-3-3-4,8,0.00178134,minor,numbers,main
word_count,5,43,2-3-3-4-6,8,0.00178134,minor,numbers,main
word_count,5,44,3-3-3-4-4,8,0.00178134,minor,numbers,main
word_count,5,45,3-4-3-4-3,8,0.00178134,minor,numbers,main
word_count,5,46,3-2-2-2-2,8,0.00178134,minor,numbers,main
word_count,5,47,3-5-2-4-2,7,0.00155867,minor,numbers,main
word_count,5,48,5-2-4-2-4,7,0.00155867,minor,numbers,main
word_count,5,49,2-4-3-3-3,7,0.00155867,minor,numbers,main
word_count,5,50,3-3-3-2-2,7,0.00155867,minor,numbers,main
word_count,6,1,1-2-1-2-1-2,18,0.00400891,minor,numbers,main
word_count,6,2,2-1-2-1-2-1,14,0.00311804,minor,numbers,main
word_count,6,3,2-2-2-2-2-2,11,0.00244989,minor,numbers,main
word_count,6,4,4-6-4-1-1-4,10,0.00222717,minor,numbers,main
word_count,6,5,2-4-2-4-3-3,9,0.00200445,minor,numbers,main
word_count,6,6,3-3-3-3-3-3,9,0.00200445,minor,numbers,main
word_count,6,7,6-4-1-1-4-6,9,0.00200445,minor,numbers,main
word_count,6,8,4-1-1-4-6-4,9,0.00200445,minor,numbers,main
word_count,6,9,1-1-4-6-4-7,9,0.00200445,minor,numbers,main
word_count,6,10,3-3-4-6-4-1,9,0.00200445,minor,numbers,main
word_count,6,11,3-4-6-4-1-1,9,0.00200445,minor,numbers,main
word_count,6,12,1-3-1-3-1-3,8,0.00178174,minor,numbers,main
word_count,6,13,4-2-4-3-3-5,8,0.00178174,minor,numbers,main
word_count,6,14,1-4-6-4-7-4,8,0.00178174,minor,numbers,main
word_count,6,15,4-6-4-7-4-8,8,0.00178174,minor,numbers,main
word_count,6,16,6-4-7-4-8-4,8,0.00178174,minor,numbers,main
word_count,6,17,4-7-4-8-4-5,8,0.00178174,minor,numbers,main
word_count,6,18,3-3-2-2-2-2,8,0.00178174,minor,numbers,main
word_count,6,19,3-1-3-1-3-1,7,0.00155902,minor,numbers,main
word_count,6,20,2-4-3-3-5-2,7,0.00155902,minor,numbers,main
word_count,6,21,4-3-3-5-2-4,7,0.00155902,minor,numbers,main
word_count,6,22,2-3-2-3-2-3,7,0.00155902,minor,numbers,main
word_count,6,23,7-4-8-4-5-2,7,0.00155902,minor,numbers,main
word_count,6,24,2-3-3-4-6-4,7,0.00155902,minor,numbers,main
word_count,6,25,3-3-5-2-4-2,6,0.0013363,minor,numbers,main
word_count,6,26,3-5-2-4-2-4,6,0.0013363,minor,numbers,main
word_count,6,27,5-2-4-2-4-3,6,0.0013363,minor,numbers,main
word_count,6,28,4-8-4-5-2-3,6,0.0013363,minor,numbers,main
word_count,6,29,4-5-2-3-3-4,6,0.0013363,minor,numbers,main
word_count,6,30,5-2-3-3-4-6,6,0.0013363,minor,numbers,main
word_count,6,31,2-3-3-3-3-2,6,0.0013363,minor,numbers,main
word_count,6,32,3-3-3-3-4-3,6,0.0013363,minor,numbers,main
word_count,6,33,3-4-4-3-3-3,5,0.00111359,minor,numbers,main
word_count,6,34,4-4-3-3-3-3,5,0.00111359,minor,numbers,main
word_count,6,35,3-3-3-3-2-3,5,0.00111359,minor,numbers,main
word_count,6,36,8-4-5-2-3-3,5,0.00111359,minor,numbers,main
word_count,6,37,3-3-3-2-2-2,5,0.00111359,minor,numbers,main
word_count,6,38,4-3-4-3-4-3,5,0.00111359,minor,numbers,main
word_count,6,39,2-1-2-1-2-3,5,0.00111359,minor,numbers,main
word_count,6,40,4-2-1-2-1-2,5,0.00111359,minor,numbers,main
word_count,6,41,3-2-2-2-2-2,5,0.00111359,minor,numbers,main
word_count,6,42,2-3-2-3-3-3,4,0.00089087,minor,numbers,main
word_count,6,43,3-3-4-4-3-4,4,0.00089087,minor,numbers,main
word_count,6,44,3-3-4-4-3-3,4,0.00089087,minor,numbers,main
word_count,6,45,4-3-3-3-4-4,4,0.00089087,minor,numbers,main
word_count,6,46,2-2-3-3-3-3,4,0.00089087,minor,numbers,main
word_count,6,47,3-3-3-4-4-3,4,0.00089087,minor,numbers,main
word_count,6,48,3-2-3-2-3-2,4,0.00089087,minor,numbers,main
word_count,6,49,4-3-3-3-3-3,4,0.00089087,minor,numbers,main
word_count,6,50,3-4-3-4-3-4,4,0.00089087,minor,numbers,main
pulse_count,2,1,7-7,97,0.02158433,minor,numbers,main
pulse_count,2,2,7-6,90,0.0200267,minor,numbers,main
pulse_count,2,3,6-7,86,0.01913663,minor,numbers,main
pulse_count,2,4,8-7,85,0.01891411,minor,numbers,main
pulse_count,2,5,7-8,76,0.01691144,minor,numbers,main
pulse_count,2,6,6-6,75,0.01668892,minor,numbers,main
pulse_count,2,7,6-8,74,0.0164664,minor,numbers,main
pulse_count,2,8,7-5,72,0.01602136,minor,numbers,main
pulse_count,2,9,8-8,63,0.01401869,minor,numbers,main
pulse_count,2,10,9-7,61,0.01357365,minor,numbers,main
pulse_count,2,11,6-9,61,0.01357365,minor,numbers,main
pulse_count,2,12,5-6,61,0.01357365,minor,numbers,main
pulse_count,2,13,3-7,57,0.01268358,minor,numbers,main
pulse_count,2,14,5-8,56,0.01246106,minor,numbers,main
pulse_count,2,15,5-9,56,0.01246106,minor,numbers,main
pulse_count,2,16,5-7,56,0.01246106,minor,numbers,main
pulse_count,2,17,8-9,54,0.01201602,minor,numbers,main
pulse_count,2,18,6-5,54,0.01201602,minor,numbers,main
pulse_count,2,19,9-6,52,0.01157098,minor,numbers,main
pulse_count,2,20,9-5,51,0.01134846,minor,numbers,main
pulse_count,2,21,7-9,51,0.01134846,minor,numbers,main
pulse_count,2,22,8-10,48,0.01068091,minor,numbers,main
pulse_count,2,23,8-6,46,0.01023587,minor,numbers,main
pulse_count,2,24,8-5,44,0.00979083,minor,numbers,main
pulse_count,2,25,10-6,44,0.00979083,minor,numbers,main
pulse_count,2,26,4-6,43,0.00956831,minor,numbers,main
pulse_count,2,27,11-7,43,0.00956831,minor,numbers,main
pulse_count,2,28,7-10,42,0.00934579,minor,numbers,main
pulse_count,2,29,9-8,41,0.00912328,minor,numbers,main
pulse_count,2,30,7-3,41,0.00912328,minor,numbers,main
pulse_count,2,31,7-11,41,0.00912328,minor,numbers,main
pulse_count,2,32,3-6,39,0.00867824,minor,numbers,main
pulse_count,2,33,10-7,39,0.00867824,minor,numbers,main
pulse_count,2,34,6-3,37,0.0082332,minor,numbers,main
pulse_count,2,35,5-10,35,0.00778816,minor,numbers,main
pulse_count,2,36,4-7,34,0.00756564,minor,numbers,main
pulse_count,2,37,10-9,34,0.00756564,minor,numbers,main
pulse_count,2,38,10-8,34,0.00756564,minor,numbers,main
pulse_count,2,39,9-9,34,0.00756564,minor,numbers,main
pulse_count,2,40,10-11,33,0.00734312,minor,numbers,main
pulse_count,2,41,9-10,32,0.00712061,minor,numbers,main
pulse_count,2,42,5-5,32,0.00712061,minor,numbers,main
pulse_count,2,43,7-4,31,0.00689809,minor,numbers,main
pulse_count,2,44,6-10,31,0.00689809,minor,numbers,main
pulse_count,2,45,7-12,31,0.00689809,minor,numbers,main
pulse_count,2,46,10-3,30,0.00667557,minor,numbers,main
pulse_count,2,47,10-5,29,0.00645305,minor,numbers,main
pulse_count,2,48,10-10,28,0.00623053,minor,numbers,main
pulse_count,2,49,11-5,28,0.00623053,minor,numbers,main
pulse_count,2,50,14-8,28,0.00623053,minor,numbers,main
pulse_count,3,1,8-7-7,20,0.00445137,minor,numbers,main
pulse_count,3,2,7-6-8,20,0.00445137,minor,numbers,main
pulse_count,3,3,7-7-8,18,0.00400623,minor,numbers,main
pulse_count,3,4,5-9-5,18,0.00400623,minor,numbers,main
pulse_count,3,5,7-8-7,18,0.00400623,minor,numbers,main
pulse_count,3,6,7-3-7,17,0.00378366,minor,numbers,main
pulse_count,3,7,11-7-6,16,0.0035611,minor,numbers,main
pulse_count,3,8,6-3-7,15,0.00333853,minor,numbers,main
pulse_count,3,9,7-6-6,15,0.00333853,minor,numbers,main
pulse_count,3,10,6-7-7,14,0.00311596,minor,numbers,main
pulse_count,3,11,8-8-7,14,0.00311596,minor,numbers,main
pulse_count,3,12,6-8-7,14,0.00311596,minor,numbers,main
pulse_count,3,13,6-6-7,14,0.00311596,minor,numbers,main
pulse_count,3,14,6-6-6,14,0.00311596,minor,numbers,main
pulse_count,3,15,3-7-3,13,0.00289339,minor,numbers,main
pulse_count,3,16,14-10-3,13,0.00289339,minor,numbers,main
pulse_count,3,17,8-5-7,13,0.00289339,minor,numbers,main
pulse_count,3,18,6-8-6,13,0.00289339,minor,numbers,main
pulse_count,3,19,5-6-6,13,0.00289339,minor,numbers,main
pulse_count,3,20,6-14-8,13,0.00289339,minor,numbers,main
pulse_count,3,21,6-7-8,12,0.00267082,minor,numbers,main
pulse_count,3,22,7-7-5,12,0.00267082,minor,numbers,main
pulse_count,3,23,8-9-7,12,0.00267082,minor,numbers,main
pulse_count,3,24,6-7-5,12,0.00267082,minor,numbers,main
pulse_count,3,25,6-5-6,12,0.00267082,minor,numbers,main
pulse_count,3,26,7-7-6,12,0.00267082,minor,numbers,main
pulse_count,3,27,5-6-7,12,0.00267082,minor,numbers,main
pulse_count,3,28,10-3-2,12,0.00267082,minor,numbers,main
pulse_count,3,29,8-7-6,11,0.00244825,minor,numbers,main
pulse_count,3,30,14-5-9,11,0.00244825,minor,numbers,main
pulse_count,3,31,9-5-8,11,0.00244825,minor,numbers,main
pulse_count,3,32,9-5-10,11,0.00244825,minor,numbers,main
pulse_count,3,33,7-5-8,11,0.00244825,minor,numbers,main
pulse_count,3,34,9-7-7,11,0.00244825,minor,numbers,main
pulse_count,3,35,7-6-7,11,0.00244825,minor,numbers,main
pulse_count,3,36,3-2-12,11,0.00244825,minor,numbers,main
pulse_count,3,37,14-8-23,11,0.00244825,minor,numbers,main
pulse_count,3,38,8-23-10,11,0.00244825,minor,numbers,main
pulse_count,3,39,6-9-6,10,0.00222568,minor,numbers,main
pulse_count,3,40,7-7-7,10,0.00222568,minor,numbers,main
pulse_count,3,41,8-7-8,10,0.00222568,minor,numbers,main
pulse_count,3,42,6-8-8,10,0.00222568,minor,numbers,main
pulse_count,3,43,6-7-6,10,0.00222568,minor,numbers,main
pulse_count,3,44,9-14-10,10,0.00222568,minor,numbers,main
pulse_count,3,45,6-3-6,10,0.00222568,minor,numbers,main
pulse_count,3,46,7-8-8,9,0.00200312,minor,numbers,main
pulse_count,3,47,9-5-9,9,0.00200312,minor,numbers,main
pulse_count,3,48,9-6-6,9,0.00200312,minor,numbers,main
pulse_count,3,49,9-11-7,9,0.00200312,minor,numbers,main
pulse_count,3,50,7-7-10,9,0.00200312,minor,numbers,main
pulse_count,4,1,14-10-3-2,12,0.00267142,minor,numbers,main
pulse_count,4,2,10-3-2-12,11,0.0024488,minor,numbers,main
pulse_count,4,3,14-8-23-10,11,0.0024488,minor,numbers,main
pulse_count,4,4,14-5-9-5,10,0.00222618,minor,numbers,main
pulse_count,4,5,9-14-10-3,10,0.00222618,minor,numbers,main
pulse_count,4,6,3-2-12-13,9,0.00200356,minor,numbers,main
pulse_count,4,7,2-12-13-6,9,0.00200356,minor,numbers,main
pulse_count,4,8,12-13-6-14,9,0.00200356,minor,numbers,main
pulse_count,4,9,6-14-8-23,9,0.00200356,minor,numbers,main
pulse_count,4,10,5-9-5-10,8,0.00178094,minor,numbers,main
pulse_count,4,11,13-6-14-8,8,0.00178094,minor,numbers,main
pulse_count,4,12,3-7-3-7,8,0.00178094,minor,numbers,main
pulse_count,4,13,5-14-5-9,7,0.00155833,minor,numbers,main
pulse_count,4,14,8-7-7-6,6,0.00133571,minor,numbers,main
pulse_count,4,15,7-6-8-7,6,0.00133571,minor,numbers,main
pulse_count,4,16,3-6-3-7,6,0.00133571,minor,numbers,main
pulse_count,4,17,6-3-7-3,5,0.00111309,minor,numbers,main
pulse_count,4,18,7-7-7-8,5,0.00111309,minor,numbers,main
pulse_count,4,19,7-7-8-7,5,0.00111309,minor,numbers,main
pulse_count,4,20,8-9-7-7,5,0.00111309,minor,numbers,main
pulse_count,4,21,7-5-8-8,5,0.00111309,minor,numbers,main
pulse_count,4,22,7-6-7-6,5,0.00111309,minor,numbers,main
pulse_count,4,23,6-3-7-7,5,0.00111309,minor,numbers,main
pulse_count,4,24,7-3-7-3,5,0.00111309,minor,numbers,main
pulse_count,4,25,8-7-8-7,5,0.00111309,minor,numbers,main
pulse_count,4,26,6-7-5-8,4,0.00089047,minor,numbers,main
pulse_count,4,27,8-8-7-8,4,0.00089047,minor,numbers,main
pulse_count,4,28,11-7-6-8,4,0.00089047,minor,numbers,main
pulse_count,4,29,8-5-7-7,4,0.00089047,minor,numbers,main
pulse_count,4,30,7-6-6-7,4,0.00089047,minor,numbers,main
pulse_count,4,31,5-6-6-6,4,0.00089047,minor,numbers,main
pulse_count,4,32,8-23-10-8,4,0.00089047,minor,numbers,main
pulse_count,4,33,3-7-3-6,4,0.00089047,minor,numbers,main
pulse_count,4,34,6-7-7-8,4,0.00089047,minor,numbers,main
pulse_count,4,35,5-7-6-8,4,0.00089047,minor,numbers,main
pulse_count,4,36,6-8-7-7,4,0.00089047,minor,numbers,main
pulse_count,4,37,7-8-7-7,4,0.00089047,minor,numbers,main
pulse_count,4,38,2-6-3-6,4,0.00089047,minor,numbers,main
pulse_count,4,39,10-5-8-9,3,0.00066785,minor,numbers,main
pulse_count,4,40,4-5-8-7,3,0.00066785,minor,numbers,main
pulse_count,4,41,7-7-8-6,3,0.00066785,minor,numbers,main
pulse_count,4,42,5-9-5-8,3,0.00066785,minor,numbers,main
pulse_count,4,43,5-8-7-7,3,0.00066785,minor,numbers,main
pulse_count,4,44,8-7-7-5,3,0.00066785,minor,numbers,main
pulse_count,4,45,9-5-10-11,3,0.00066785,minor,numbers,main
pulse_count,4,46,5-9-5-9,3,0.00066785,minor,numbers,main
pulse_count,4,47,6-8-7-8,3,0.00066785,minor,numbers,main
pulse_count,4,48,10-7-5-8,3,0.00066785,minor,numbers,main
pulse_count,4,49,9-11-7-6,3,0.00066785,minor,numbers,main
pulse_count,4,50,7-8-9-7,3,0.00066785,minor,numbers,main
pulse_count,5,1,14-10-3-2-12,11,0.00244934,minor,numbers,main
pulse_count,5,2,9-14-10-3-2,10,0.00222668,minor,numbers,main
pulse_count,5,3,10-3-2-12-13,9,0.00200401,minor,numbers,main
pulse_count,5,4,3-2-12-13-6,9,0.00200401,minor,numbers,main
pulse_count,5,5,2-12-13-6-14,9,0.00200401,minor,numbers,main
pulse_count,5,6,6-14-8-23-10,9,0.00200401,minor,numbers,main
pulse_count,5,7,12-13-6-14-8,8,0.00178134,minor,numbers,main
pulse_count,5,8,13-6-14-8-23,8,0.00178134,minor,numbers,main
pulse_count,5,9,14-5-9-5-10,7,0.00155867,minor,numbers,main
pulse_count,5,10,5-14-5-9-5,6,0.00133601,minor,numbers,main
pulse_count,5,11,14-8-23-10-8,4,0.00089067,minor,numbers,main
pulse_count,5,12,7-3-7-3-7,4,0.00089067,minor,numbers,main
pulse_count,5,13,14-8-23-10-10,3,0.000668,minor,numbers,main
pulse_count,5,14,5-9-14-10-3,3,0.000668,minor,numbers,main
pulse_count,5,15,8-9-14-10-3,3,0.000668,minor,numbers,main
pulse_count,5,16,8-7-8-7-9,3,0.000668,minor,numbers,main
pulse_count,5,17,6-3-7-3-7,3,0.000668,minor,numbers,main
pulse_count,5,18,3-6-3-7-7,3,0.000668,minor,numbers,main
pulse_count,5,19,10-3-9-5-9,2,0.00044534,minor,numbers,main
pulse_count,5,20,12-3-14-5-9,2,0.00044534,minor,numbers,main
pulse_count,5,21,3-14-5-9-5,2,0.00044534,minor,numbers,main
pulse_count,5,22,14-5-9-5-8,2,0.00044534,minor,numbers,main
pulse_count,5,23,10-5-14-5-9,2,0.00044534,minor,numbers,main
pulse_count,5,24,5-9-5-10-11,2,0.00044534,minor,numbers,main
pulse_count,5,25,5-9-5-10-12,2,0.00044534,minor,numbers,main
pulse_count,5,26,6-7-7-7-8,2,0.00044534,minor,numbers,main
pulse_count,5,27,7-7-7-8-7,2,0.00044534,minor,numbers,main
pulse_count,5,28,6-7-5-8-7,2,0.00044534,minor,numbers,main
pulse_count,5,29,10-11-8-5-7,2,0.00044534,minor,numbers,main
pulse_count,5,30,6-2-7-7-9,2,0.00044534,minor,numbers,main
pulse_count,5,31,9-11-7-6-8,2,0.00044534,minor,numbers,main
pulse_count,5,32,8-9-7-7-10,2,0.00044534,minor,numbers,main
pulse_count,5,33,7-3-7-10-7,2,0.00044534,minor,numbers,main
pulse_count,5,34,3-6-7-9-11,2,0.00044534,minor,numbers,main
pulse_count,5,35,11-10-7-6-6,2,0.00044534,minor,numbers,main
pulse_count,5,36,10-7-6-6-12,2,0.00044534,minor,numbers,main
pulse_count,5,37,3-7-5-7-6,2,0.00044534,minor,numbers,main
pulse_count,5,38,9-7-5-8-8,2,0.00044534,minor,numbers,main
pulse_count,5,39,8-23-10-10-5,2,0.00044534,minor,numbers,main
pulse_count,5,40,8-23-10-8-4,2,0.00044534,minor,numbers,main
pulse_count,5,41,7-9-14-10-3,2,0.00044534,minor,numbers,main
pulse_count,5,42,10-3-2-12-19,2,0.00044534,minor,numbers,main
pulse_count,5,43,3-2-12-19-14,2,0.00044534,minor,numbers,main
pulse_count,5,44,2-12-19-14-8,2,0.00044534,minor,numbers,main
pulse_count,5,45,12-19-14-8-23,2,0.00044534,minor,numbers,main
pulse_count,5,46,19-14-8-23-10,2,0.00044534,minor,numbers,main
pulse_count,5,47,10-8-4-7-8,2,0.00044534,minor,numbers,main
pulse_count,5,48,14-8-23-10-11,2,0.00044534,minor,numbers,main
pulse_count,5,49,7-6-9-14-10,2,0.00044534,minor,numbers,main
pulse_count,5,50,6-9-14-10-3,2,0.00044534,minor,numbers,main
pulse_count,6,1,14-10-3-2-12-13,9,0.00200445,minor,numbers,main
pulse_count,6,2,10-3-2-12-13-6,9,0.00200445,minor,numbers,main
pulse_count,6,3,3-2-12-13-6-14,9,0.00200445,minor,numbers,main
pulse_count,6,4,9-14-10-3-2-12,9,0.00200445,minor,numbers,main
pulse_count,6,5,2-12-13-6-14-8,8,0.00178174,minor,numbers,main
pulse_count,6,6,12-13-6-14-8-23,8,0.00178174,minor,numbers,main
pulse_count,6,7,13-6-14-8-23-10,8,0.00178174,minor,numbers,main
pulse_count,6,8,5-14-5-9-5-10,6,0.0013363,minor,numbers,main
pulse_count,6,9,6-14-8-23-10-8,4,0.00089087,minor,numbers,main
pulse_count,6,10,5-9-14-10-3-2,3,0.00066815,minor,numbers,main
pulse_count,6,11,8-9-14-10-3-2,3,0.00066815,minor,numbers,main
pulse_count,6,12,12-3-14-5-9-5,2,0.00044543,minor,numbers,main
pulse_count,6,13,3-14-5-9-5-8,2,0.00044543,minor,numbers,main
pulse_count,6,14,10-5-14-5-9-5,2,0.00044543,minor,numbers,main
pulse_count,6,15,14-5-9-5-10-11,2,0.00044543,minor,numbers,main
pulse_count,6,16,14-5-9-5-10-12,2,0.00044543,minor,numbers,main
pulse_count,6,17,6-14-8-23-10-10,2,0.00044543,minor,numbers,main
pulse_count,6,18,14-8-23-10-10-5,2,0.00044543,minor,numbers,main
pulse_count,6,19,14-8-23-10-8-4,2,0.00044543,minor,numbers,main
pulse_count,6,20,7-9-14-10-3-2,2,0.00044543,minor,numbers,main
pulse_count,6,21,14-10-3-2-12-19,2,0.00044543,minor,numbers,main
pulse_count,6,22,10-3-2-12-19-14,2,0.00044543,minor,numbers,main
pulse_count,6,23,3-2-12-19-14-8,2,0.00044543,minor,numbers,main
pulse_count,6,24,2-12-19-14-8-23,2,0.00044543,minor,numbers,main
pulse_count,6,25,12-19-14-8-23-10,2,0.00044543,minor,numbers,main
pulse_count,6,26,7-6-9-14-10-3,2,0.00044543,minor,numbers,main
pulse_count,6,27,6-9-14-10-3-2,2,0.00044543,minor,numbers,main
pulse_count,6,28,6-14-8-23-10-9,2,0.00044543,minor,numbers,main
pulse_count,6,29,7-6-6-8-6-6,2,0.00044543,minor,numbers,main
pulse_count,6,30,7-7-9-7-8-8,2,0.00044543,minor,numbers,main
pulse_count,6,31,7-9-7-8-8-10,2,0.00044543,minor,numbers,main
pulse_count,6,32,8-10-6-9-4-6,2,0.00044543,minor,numbers,main
pulse_count,6,33,7-6-8-7-8-7,2,0.00044543,minor,numbers,main
pulse_count,6,34,6-3-7-3-7-3,2,0.00044543,minor,numbers,main
pulse_count,6,35,3-7-3-7-3-7,2,0.00044543,minor,numbers,main
pulse_count,6,36,3-7-3-7-12-11,2,0.00044543,minor,numbers,main
pulse_count,6,37,11-13-6-2-6-3,2,0.00044543,minor,numbers,main
pulse_count,6,38,13-6-2-6-3-7,2,0.00044543,minor,numbers,main
pulse_count,6,39,5-7-6-8-7-7,2,0.00044543,minor,numbers,main
pulse_count,6,40,8-7-7-6-6-5,2,0.00044543,minor,numbers,main
pulse_count,6,41,9-8-7-6-7-6,2,0.00044543,minor,numbers,main
pulse_count,6,42,8-7-8-7-9-8,2,0.00044543,minor,numbers,main
pulse_count,6,43,17-14-10-1-9-10,1,0.00022272,minor,numbers,main
pulse_count,6,44,14-10-1-9-10-5,1,0.00022272,minor,numbers,main
pulse_count,6,45,10-1-9-10-5-8,1,0.00022272,minor,numbers,main
pulse_count,6,46,1-9-10-5-8-9,1,0.00022272,minor,numbers,main
pulse_count,6,47,9-10-5-8-9-8,1,0.00022272,minor,numbers,main
pulse_count,6,48,10-5-8-9-8-14,1,0.00022272,minor,numbers,main
pulse_count,6,49,5-8-9-8-14-4,1,0.00022272,minor,numbers,main
pulse_count,6,50,8-9-8-14-4-5,1,0.00022272,minor,numbers,main
accent_count,2,1,3-3,528,0.11748999,minor,numbers,main
accent_count,2,2,2-3,382,0.08500223,minor,numbers,main
accent_count,2,3,3-2,369,0.08210948,minor,numbers,main
accent_count,2,4,2-2,313,0.06964842,minor,numbers,main
accent_count,2,5,3-4,254,0.0565198,minor,numbers,main
accent_count,2,6,4-3,239,0.05318202,minor,numbers,main
accent_count,2,7,4-2,211,0.04695149,minor,numbers,main
accent_count,2,8,2-4,186,0.04138852,minor,numbers,main
accent_count,2,9,4-4,145,0.03226524,minor,numbers,main
accent_count,2,10,1-2,128,0.02848242,minor,numbers,main
accent_count,2,11,2-1,120,0.02670227,minor,numbers,main
accent_count,2,12,3-5,105,0.02336449,minor,numbers,main
accent_count,2,13,1-3,104,0.02314197,minor,numbers,main
accent_count,2,14,3-1,98,0.02180685,minor,numbers,main
accent_count,2,15,5-4,97,0.02158433,minor,numbers,main
accent_count,2,16,5-3,96,0.02136182,minor,numbers,main
accent_count,2,17,2-5,89,0.01980418,minor,numbers,main
accent_count,2,18,4-1,83,0.01846907,minor,numbers,main
accent_count,2,19,5-2,78,0.01735648,minor,numbers,main
accent_count,2,20,4-5,69,0.01535381,minor,numbers,main
accent_count,2,21,1-4,62,0.01379617,minor,numbers,main
accent_count,2,22,3-6,62,0.01379617,minor,numbers,main
accent_count,2,23,6-3,60,0.01335113,minor,numbers,main
accent_count,2,24,6-4,46,0.01023587,minor,numbers,main
accent_count,2,25,4-6,46,0.01023587,minor,numbers,main
accent_count,2,26,2-6,36,0.00801068,minor,numbers,main
accent_count,2,27,7-3,34,0.00756564,minor,numbers,main
accent_count,2,28,1-5,31,0.00689809,minor,numbers,main
accent_count,2,29,6-2,27,0.00600801,minor,numbers,main
accent_count,2,30,5-5,26,0.00578549,minor,numbers,main
accent_count,2,31,5-1,24,0.00534045,minor,numbers,main
accent_count,2,32,3-7,22,0.00489542,minor,numbers,main
accent_count,2,33,3-8,20,0.00445038,minor,numbers,main
accent_count,2,34,8-3,18,0.00400534,minor,numbers,main
accent_count,2,35,1-1,18,0.00400534,minor,numbers,main
accent_count,2,36,6-5,17,0.00378282,minor,numbers,main
accent_count,2,37,2-7,13,0.00289275,minor,numbers,main
accent_count,2,38,7-4,13,0.00289275,minor,numbers,main
accent_count,2,39,8-4,13,0.00289275,minor,numbers,main
accent_count,2,40,5-6,13,0.00289275,minor,numbers,main
accent_count,2,41,7-2,12,0.00267023,minor,numbers,main
accent_count,2,42,6-1,11,0.00244771,minor,numbers,main
accent_count,2,43,4-7,11,0.00244771,minor,numbers,main
accent_count,2,44,1-6,10,0.00222519,minor,numbers,main
accent_count,2,45,4-8,9,0.00200267,minor,numbers,main
accent_count,2,46,5-7,9,0.00200267,minor,numbers,main
accent_count,2,47,3-9,7,0.00155763,minor,numbers,main
accent_count,2,48,9-3,7,0.00155763,minor,numbers,main
accent_count,2,49,8-2,6,0.00133511,minor,numbers,main
accent_count,2,50,2-8,6,0.00133511,minor,numbers,main
accent_count,3,1,3-3-3,208,0.04629424,minor,numbers,main
accent_count,3,2,3-2-3,137,0.03049188,minor,numbers,main
accent_count,3,3,3-3-2,129,0.02871133,minor,numbers,main
accent_count,3,4,2-3-3,125,0.02782105,minor,numbers,main
accent_count,3,5,2-3-2,111,0.0247051,minor,numbers,main
accent_count,3,6,2-2-2,108,0.02403739,minor,numbers,main
accent_count,3,7,3-2-2,105,0.02336969,minor,numbers,main
accent_count,3,8,2-2-3,95,0.021144,minor,numbers,main
accent_count,3,9,4-3-3,90,0.02003116,minor,numbers,main
accent_count,3,10,3-3-4,80,0.01780548,minor,numbers,main
accent_count,3,11,3-4-3,77,0.01713777,minor,numbers,main
accent_count,3,12,4-2-3,75,0.01669263,minor,numbers,main
accent_count,3,13,2-1-2,68,0.01513465,minor,numbers,main
accent_count,3,14,3-4-2,66,0.01468952,minor,numbers,main
accent_count,3,15,2-3-4,65,0.01446695,minor,numbers,main
accent_count,3,16,3-2-4,57,0.0126864,minor,numbers,main
accent_count,3,17,4-3-2,56,0.01246383,minor,numbers,main
accent_count,3,18,2-4-3,56,0.01246383,minor,numbers,main
accent_count,3,19,2-4-2,51,0.01135099,minor,numbers,main
accent_count,3,20,4-2-2,47,0.01046072,minor,numbers,main
accent_count,3,21,3-4-4,46,0.01023815,minor,numbers,main
accent_count,3,22,2-2-4,45,0.01001558,minor,numbers,main
accent_count,3,23,1-2-1,45,0.01001558,minor,numbers,main
accent_count,3,24,4-3-4,44,0.00979301,minor,numbers,main
accent_count,3,25,4-2-4,42,0.00934787,minor,numbers,main
accent_count,3,26,4-4-2,40,0.00890274,minor,numbers,main
accent_count,3,27,3-3-5,38,0.0084576,minor,numbers,main
accent_count,3,28,1-2-3,38,0.0084576,minor,numbers,main
accent_count,3,29,1-3-3,37,0.00823503,minor,numbers,main
accent_count,3,30,5-4-3,35,0.0077899,minor,numbers,main
accent_count,3,31,2-4-4,35,0.0077899,minor,numbers,main
accent_count,3,32,2-2-5,33,0.00734476,minor,numbers,main
accent_count,3,33,3-1-3,33,0.00734476,minor,numbers,main
accent_count,3,34,2-3-5,33,0.00734476,minor,numbers,main
accent_count,3,35,4-4-4,33,0.00734476,minor,numbers,main
accent_count,3,36,4-4-3,32,0.00712219,minor,numbers,main
accent_count,3,37,3-5-2,30,0.00667705,minor,numbers,main
accent_count,3,38,3-1-2,30,0.00667705,minor,numbers,main
accent_count,3,39,3-5-4,29,0.00645448,minor,numbers,main
accent_count,3,40,3-5-3,29,0.00645448,minor,numbers,main
accent_count,3,41,3-3-1,28,0.00623192,minor,numbers,main
accent_count,3,42,3-3-6,28,0.00623192,minor,numbers,main
accent_count,3,43,5-3-2,28,0.00623192,minor,numbers,main
accent_count,3,44,2-1-3,27,0.00600935,minor,numbers,main
accent_count,3,45,1-3-2,27,0.00600935,minor,numbers,main
accent_count,3,46,3-2-1,27,0.00600935,minor,numbers,main
accent_count,3,47,4-1-3,26,0.00578678,minor,numbers,main
accent_count,3,48,5-3-3,26,0.00578678,minor,numbers,main
accent_count,3,49,3-4-5,24,0.00534164,minor,numbers,main
accent_count,3,50,4-5-3,24,0.00534164,minor,numbers,main
accent_count,4,1,3-3-3-3,88,0.01959038,minor,numbers,main
accent_count,4,2,2-2-2-2,61,0.0135797,minor,numbers,main
accent_count,4,3,3-3-2-3,53,0.01179875,minor,numbers,main
accent_count,4,4,3-3-3-2,46,0.01024043,minor,numbers,main
accent_count,4,5,2-3-3-3,45,0.01001781,minor,numbers,main
accent_count,4,6,1-2-1-2,43,0.00957257,minor,numbers,main
accent_count,4,7,3-2-3-3,42,0.00934996,minor,numbers,main
accent_count,4,8,3-2-2-3,41,0.00912734,minor,numbers,main
accent_count,4,9,2-3-2-3,38,0.00845948,minor,numbers,main
accent_count,4,10,3-2-3-2,38,0.00845948,minor,numbers,main
accent_count,4,11,2-1-2-1,37,0.00823687,minor,numbers,main
accent_count,4,12,2-2-3-3,37,0.00823687,minor,numbers,main
accent_count,4,13,3-3-3-4,36,0.00801425,minor,numbers,main
accent_count,4,14,2-3-2-2,33,0.00734639,minor,numbers,main
accent_count,4,15,3-3-2-2,33,0.00734639,minor,numbers,main
accent_count,4,16,4-3-3-3,32,0.00712378,minor,numbers,main
accent_count,4,17,2-3-3-2,30,0.00667854,minor,numbers,main
accent_count,4,18,2-2-3-2,28,0.0062333,minor,numbers,main
accent_count,4,19,3-2-3-4,27,0.00601069,minor,numbers,main
accent_count,4,20,3-4-2-3,27,0.00601069,minor,numbers,main
accent_count,4,21,2-4-3-3,26,0.00578807,minor,numbers,main
accent_count,4,22,4-2-3-2,26,0.00578807,minor,numbers,main
accent_count,4,23,3-4-3-3,25,0.00556545,minor,numbers,main
accent_count,4,24,3-4-3-2,23,0.00512021,minor,numbers,main
accent_count,4,25,3-3-4-3,23,0.00512021,minor,numbers,main
accent_count,4,26,2-3-2-4,23,0.00512021,minor,numbers,main
accent_count,4,27,4-2-3-3,22,0.0048976,minor,numbers,main
accent_count,4,28,3-2-2-2,21,0.00467498,minor,numbers,main
accent_count,4,29,2-2-2-3,21,0.00467498,minor,numbers,main
accent_count,4,30,1-3-3-3,21,0.00467498,minor,numbers,main
accent_count,4,31,2-3-4-3,20,0.00445236,minor,numbers,main
accent_count,4,32,4-3-2-2,19,0.00422974,minor,numbers,main
accent_count,4,33,3-2-2-5,19,0.00422974,minor,numbers,main
accent_count,4,34,4-3-3-2,19,0.00422974,minor,numbers,main
accent_count,4,35,2-3-3-4,19,0.00422974,minor,numbers,main
accent_count,4,36,4-3-2-3,19,0.00422974,minor,numbers,main
accent_count,4,37,3-4-4-2,18,0.00400712,minor,numbers,main
accent_count,4,38,4-2-4-3,17,0.00378451,minor,numbers,main
accent_count,4,39,2-3-4-2,17,0.00378451,minor,numbers,main
accent_count,4,40,3-3-4-2,16,0.00356189,minor,numbers,main
accent_count,4,41,3-2-4-3,16,0.00356189,minor,numbers,main
accent_count,4,42,2-4-2-3,16,0.00356189,minor,numbers,main
accent_count,4,43,3-4-3-4,16,0.00356189,minor,numbers,main
accent_count,4,44,2-3-4-4,16,0.00356189,minor,numbers,main
accent_count,4,45,3-4-2-2,16,0.00356189,minor,numbers,main
accent_count,4,46,3-1-3-3,16,0.00356189,minor,numbers,main
accent_count,4,47,2-4-2-4,15,0.00333927,minor,numbers,main
accent_count,4,48,2-2-4-2,15,0.00333927,minor,numbers,main
accent_count,4,49,3-1-2-3,15,0.00333927,minor,numbers,main
accent_count,4,50,3-2-2-4,14,0.00311665,minor,numbers,main
accent_count,5,1,3-3-3-3-3,42,0.00935204,minor,numbers,main
accent_count,5,2,2-1-2-1-2,37,0.0082387,minor,numbers,main
accent_count,5,3,2-2-2-2-2,37,0.0082387,minor,numbers,main
accent_count,5,4,1-2-1-2-1,26,0.00578936,minor,numbers,main
accent_count,5,5,2-3-3-3-3,22,0.00489869,minor,numbers,main
accent_count,5,6,3-2-3-2-3,19,0.00423068,minor,numbers,main
accent_count,5,7,3-3-2-3-3,19,0.00423068,minor,numbers,main
accent_count,5,8,3-3-3-3-2,17,0.00378535,minor,numbers,main
accent_count,5,9,3-3-3-2-3,17,0.00378535,minor,numbers,main
accent_count,5,10,2-3-2-2-3,16,0.00356268,minor,numbers,main
accent_count,5,11,3-2-2-3-3,16,0.00356268,minor,numbers,main
accent_count,5,12,3-2-3-3-2,16,0.00356268,minor,numbers,main
accent_count,5,13,2-3-3-2-3,16,0.00356268,minor,numbers,main
accent_count,5,14,3-3-3-3-4,14,0.00311735,minor,numbers,main
accent_count,5,15,2-3-4-3-3,13,0.00289468,minor,numbers,main
accent_count,5,16,4-2-4-3-3,13,0.00289468,minor,numbers,main
accent_count,5,17,2-3-2-3-3,13,0.00289468,minor,numbers,main
accent_count,5,18,3-2-3-3-3,13,0.00289468,minor,numbers,main
accent_count,5,19,3-3-3-2-2,13,0.00289468,minor,numbers,main
accent_count,5,20,3-3-2-3-4,12,0.00267201,minor,numbers,main
accent_count,5,21,2-2-3-3-3,12,0.00267201,minor,numbers,main
accent_count,5,22,3-4-2-3-2,12,0.00267201,minor,numbers,main
accent_count,5,23,2-3-3-3-2,12,0.00267201,minor,numbers,main
accent_count,5,24,3-3-2-3-2,12,0.00267201,minor,numbers,main
accent_count,5,25,3-4-3-3-3,11,0.00244934,minor,numbers,main
accent_count,5,26,4-3-3-3-3,11,0.00244934,minor,numbers,main
accent_count,5,27,3-3-3-4-3,11,0.00244934,minor,numbers,main
accent_count,5,28,3-3-4-3-2,11,0.00244934,minor,numbers,main
accent_count,5,29,4-6-4-1-1,11,0.00244934,minor,numbers,main
accent_count,5,30,6-4-1-1-4,11,0.00244934,minor,numbers,main
accent_count,5,31,4-2-3-2-4,11,0.00244934,minor,numbers,main
accent_count,5,32,2-2-2-2-3,10,0.00222668,minor,numbers,main
accent_count,5,33,2-2-2-3-2,10,0.00222668,minor,numbers,main
accent_count,5,34,3-2-2-2-2,10,0.00222668,minor,numbers,main
accent_count,5,35,3-2-4-6-4,10,0.00222668,minor,numbers,main
accent_count,5,36,2-4-6-4-1,10,0.00222668,minor,numbers,main
accent_count,5,37,3-3-2-2-2,10,0.00222668,minor,numbers,main
accent_count,5,38,2-2-3-2-2,10,0.00222668,minor,numbers,main
accent_count,5,39,3-2-2-3-2,10,0.00222668,minor,numbers,main
accent_count,5,40,2-4-2-4-3,9,0.00200401,minor,numbers,main
accent_count,5,41,2-3-2-3-2,9,0.00200401,minor,numbers,main
accent_count,5,42,3-4-3-2-3,9,0.00200401,minor,numbers,main
accent_count,5,43,4-3-2-3-2,9,0.00200401,minor,numbers,main
accent_count,5,44,3-2-3-4-2,9,0.00200401,minor,numbers,main
accent_count,5,45,2-2-3-2-3,9,0.00200401,minor,numbers,main
accent_count,5,46,3-2-3-4-3,9,0.00200401,minor,numbers,main
accent_count,5,47,4-1-1-4-6,9,0.00200401,minor,numbers,main
accent_count,5,48,1-1-4-6-3,9,0.00200401,minor,numbers,main
accent_count,5,49,1-4-6-3-6,9,0.00200401,minor,numbers,main
accent_count,5,50,2-3-2-4-6,9,0.00200401,minor,numbers,main
accent_count,6,1,1-2-1-2-1-2,26,0.00579065,minor,numbers,main
accent_count,6,2,2-2-2-2-2-2,25,0.00556793,minor,numbers,main
accent_count,6,3,2-1-2-1-2-1,21,0.00467706,minor,numbers,main
accent_count,6,4,3-3-3-3-3-3,19,0.00423163,minor,numbers,main
accent_count,6,5,4-6-4-1-1-4,10,0.00222717,minor,numbers,main
accent_count,6,6,3-2-4-6-4-1,10,0.00222717,minor,numbers,main
accent_count,6,7,2-4-6-4-1-1,10,0.00222717,minor,numbers,main
accent_count,6,8,2-3-3-2-3-3,10,0.00222717,minor,numbers,main
accent_count,6,9,2-4-2-4-3-3,9,0.00200445,minor,numbers,main
accent_count,6,10,2-3-3-3-3-3,9,0.00200445,minor,numbers,main
accent_count,6,11,6-4-1-1-4-6,9,0.00200445,minor,numbers,main
accent_count,6,12,4-1-1-4-6-3,9,0.00200445,minor,numbers,main
accent_count,6,13,1-1-4-6-3-6,9,0.00200445,minor,numbers,main
accent_count,6,14,3-3-3-3-3-4,8,0.00178174,minor,numbers,main
accent_count,6,15,3-2-3-3-2-3,8,0.00178174,minor,numbers,main
accent_count,6,16,1-4-6-3-6-3,8,0.00178174,minor,numbers,main
accent_count,6,17,4-6-3-6-3-8,8,0.00178174,minor,numbers,main
accent_count,6,18,3-4-2-3-2-4,8,0.00178174,minor,numbers,main
accent_count,6,19,4-2-3-2-4-6,8,0.00178174,minor,numbers,main
accent_count,6,20,2-3-2-4-6-4,8,0.00178174,minor,numbers,main
accent_count,6,21,3-3-2-3-2-3,8,0.00178174,minor,numbers,main
accent_count,6,22,3-3-3-3-3-2,8,0.00178174,minor,numbers,main
accent_count,6,23,4-3-3-5-2-4,7,0.00155902,minor,numbers,main
accent_count,6,24,4-2-4-3-3-5,7,0.00155902,minor,numbers,main
accent_count,6,25,3-3-3-4-3-2,7,0.00155902,minor,numbers,main
accent_count,6,26,3-3-3-2-3-4,7,0.00155902,minor,numbers,main
accent_count,6,27,2-3-3-3-2-3,7,0.00155902,minor,numbers,main
accent_count,6,28,3-3-2-3-3-2,7,0.00155902,minor,numbers,main
accent_count,6,29,4-2-1-2-1-2,7,0.00155902,minor,numbers,main
accent_count,6,30,2-3-4-3-3-3,6,0.0013363,minor,numbers,main
accent_count,6,31,4-3-3-3-3-3,6,0.0013363,minor,numbers,main
accent_count,6,32,3-3-5-2-4-2,6,0.0013363,minor,numbers,main
accent_count,6,33,3-5-2-4-2-4,6,0.0013363,minor,numbers,main
accent_count,6,34,5-2-4-2-4-3,6,0.0013363,minor,numbers,main
accent_count,6,35,3-3-4-3-2-3,6,0.0013363,minor,numbers,main
accent_count,6,36,8-3-4-2-3-2,6,0.0013363,minor,numbers,main
accent_count,6,37,2-3-3-3-3-2,6,0.0013363,minor,numbers,main
accent_count,6,38,2-3-2-3-3-2,6,0.0013363,minor,numbers,main
accent_count,6,39,3-2-3-3-3-2,6,0.0013363,minor,numbers,main
accent_count,6,40,3-2-2-3-3-3,6,0.0013363,minor,numbers,main
accent_count,6,41,2-3-2-2-3-2,6,0.0013363,minor,numbers,main
accent_count,6,42,3-2-3-2-3-4,6,0.0013363,minor,numbers,main
accent_count,6,43,2-2-2-2-2-3,6,0.0013363,minor,numbers,main
accent_count,6,44,3-3-3-2-3-3,6,0.0013363,minor,numbers,main
accent_count,6,45,3-3-2-3-3-3,6,0.0013363,minor,numbers,main
accent_count,6,46,3-3-2-2-2-2,6,0.0013363,minor,numbers,main
accent_count,6,47,3-1-2-1-2-1,5,0.00111359,minor,numbers,main
accent_count,6,48,2-1-2-1-2-2,5,0.00111359,minor,numbers,main
accent_count,6,49,2-4-3-3-5-2,5,0.00111359,minor,numbers,main
accent_count,6,50,3-2-3-2-3-3,5,0.00111359,minor,numbers,main
word_count,2,1,13-14,12,0.01259182,verse,deuteronomy,main
word_count,2,2,15-12,10,0.01049318,verse,deuteronomy,main
word_count,2,3,17-12,9,0.00944386,verse,deuteronomy,main
word_count,2,4,11-11,8,0.00839454,verse,deuteronomy,main
word_count,2,5,10-9,8,0.00839454,verse,deuteronomy,main
word_count,2,6,12-14,8,0.00839454,verse,deuteronomy,main
word_count,2,7,16-8,7,0.00734523,verse,deuteronomy,main
word_count,2,8,11-12,7,0.00734523,verse,deuteronomy,main
word_count,2,9,16-11,6,0.00629591,verse,deuteronomy,main
word_count,2,10,7-16,6,0.00629591,verse,deuteronomy,main
word_count,2,11,20-11,6,0.00629591,verse,deuteronomy,main
word_count,2,12,18-14,6,0.00629591,verse,deuteronomy,main
word_count,2,13,13-17,6,0.00629591,verse,deuteronomy,main
word_count,2,14,16-13,6,0.00629591,verse,deuteronomy,main
word_count,2,15,10-17,6,0.00629591,verse,deuteronomy,main
word_count,2,16,14-11,6,0.00629591,verse,deuteronomy,main
word_count,2,17,17-8,5,0.00524659,verse,deuteronomy,main
word_count,2,18,8-14,5,0.00524659,verse,deuteronomy,main
word_count,2,19,15-19,5,0.00524659,verse,deuteronomy,main
word_count,2,20,19-11,5,0.00524659,verse,deuteronomy,main
word_count,2,21,11-22,5,0.00524659,verse,deuteronomy,main
word_count,2,22,11-17,5,0.00524659,verse,deuteronomy,main
word_count,2,23,8-10,5,0.00524659,verse,deuteronomy,main
word_count,2,24,13-13,5,0.00524659,verse,deuteronomy,main
word_count,2,25,14-15,5,0.00524659,verse,deuteronomy,main
word_count,2,26,17-15,5,0.00524659,verse,deuteronomy,main
word_count,2,27,12-12,5,0.00524659,verse,deuteronomy,main
word_count,2,28,16-20,5,0.00524659,verse,deuteronomy,main
word_count,2,29,12-10,5,0.00524659,verse,deuteronomy,main
word_count,2,30,18-12,5,0.00524659,verse,deuteronomy,main
word_count,2,31,14-13,5,0.00524659,verse,deuteronomy,main
word_count,2,32,12-19,5,0.00524659,verse,deuteronomy,main
word_count,2,33,7-12,5,0.00524659,verse,deuteronomy,main
word_count,2,34,15-13,5,0.00524659,verse,deuteronomy,main
word_count,2,35,12-7,5,0.00524659,verse,deuteronomy,main
word_count,2,36,19-17,4,0.00419727,verse,deuteronomy,main
word_count,2,37,20-10,4,0.00419727,verse,deuteronomy,main
word_count,2,38,9-13,4,0.00419727,verse,deuteronomy,main
word_count,2,39,11-9,4,0.00419727,verse,deuteronomy,main
word_count,2,40,9-17,4,0.00419727,verse,deuteronomy,main
word_count,2,41,7-13,4,0.00419727,verse,deuteronomy,main
word_count,2,42,13-21,4,0.00419727,verse,deuteronomy,main
word_count,2,43,6-16,4,0.00419727,verse,deuteronomy,main
word_count,2,44,9-16,4,0.00419727,verse,deuteronomy,main
word_count,2,45,22-17,4,0.00419727,verse,deuteronomy,main
word_count,2,46,22-13,4,0.00419727,verse,deuteronomy,main
word_count,2,47,10-16,4,0.00419727,verse,deuteronomy,main
word_count,2,48,14-25,4,0.00419727,verse,deuteronomy,main
word_count,2,49,21-13,4,0.00419727,verse,deuteronomy,main
word_count,2,50,22-14,4,0.00419727,verse,deuteronomy,main
word_count,3,1,17-8-14,3,0.00315126,verse,deuteronomy,main
word_count,3,2,13-14-13,3,0.00315126,verse,deuteronomy,main
word_count,3,3,14-15-12,3,0.00315126,verse,deuteronomy,main
word_count,3,4,15-12-14,3,0.00315126,verse,deuteronomy,main
word_count,3,5,20-10-9,2,0.00210084,verse,deuteronomy,main
word_count,3,6,10-9-13,2,0.00210084,verse,deuteronomy,main
word_count,3,7,6-16-8,2,0.00210084,verse,deuteronomy,main
word_count,3,8,11-7-16,2,0.00210084,verse,deuteronomy,main
word_count,3,9,11-22-17,2,0.00210084,verse,deuteronomy,main
word_count,3,10,9-20-11,2,0.00210084,verse,deuteronomy,main
word_count,3,11,16-8-10,2,0.00210084,verse,deuteronomy,main
word_count,3,12,23-18-14,2,0.00210084,verse,deuteronomy,main
word_count,3,13,14-25-18,2,0.00210084,verse,deuteronomy,main
word_count,3,14,15-12-12,2,0.00210084,verse,deuteronomy,main
word_count,3,15,12-12-11,2,0.00210084,verse,deuteronomy,main
word_count,3,16,20-8-18,2,0.00210084,verse,deuteronomy,main
word_count,3,17,8-18-27,2,0.00210084,verse,deuteronomy,main
word_count,3,18,12-14-17,2,0.00210084,verse,deuteronomy,main
word_count,3,19,9-7-16,2,0.00210084,verse,deuteronomy,main
word_count,3,20,8-10-17,2,0.00210084,verse,deuteronomy,main
word_count,3,21,14-11-11,2,0.00210084,verse,deuteronomy,main
word_count,3,22,14-14-20,2,0.00210084,verse,deuteronomy,main
word_count,3,23,17-21-10,2,0.00210084,verse,deuteronomy,main
word_count,3,24,18-9-15,2,0.00210084,verse,deuteronomy,main
word_count,3,25,11-23-13,2,0.00210084,verse,deuteronomy,main
word_count,3,26,13-21-9,2,0.00210084,verse,deuteronomy,main
word_count,3,27,22-13-16,2,0.00210084,verse,deuteronomy,main
word_count,3,28,13-23-23,2,0.00210084,verse,deuteronomy,main
word_count,3,29,18-14-15,2,0.00210084,verse,deuteronomy,main
word_count,3,30,13-14-6,2,0.00210084,verse,deuteronomy,main
word_count,3,31,14-6-12,2,0.00210084,verse,deuteronomy,main
word_count,3,32,12-14-11,2,0.00210084,verse,deuteronomy,main
word_count,3,33,13-22-11,2,0.00210084,verse,deuteronomy,main
word_count,3,34,12-18-9,2,0.00210084,verse,deuteronomy,main
word_count,3,35,6-15-13,2,0.00210084,verse,deuteronomy,main
word_count,3,36,20-11-22,2,0.00210084,verse,deuteronomy,main
word_count,3,37,12-10-17,2,0.00210084,verse,deuteronomy,main
word_count,3,38,10-9-11,2,0.00210084,verse,deuteronomy,main
word_count,3,39,14-13-14,2,0.00210084,verse,deuteronomy,main
word_count,3,40,16-10-11,2,0.00210084,verse,deuteronomy,main
word_count,3,41,17-8-11,2,0.00210084,verse,deuteronomy,main
word_count,3,42,12-12-13,2,0.00210084,verse,deuteronomy,main
word_count,3,43,11-12-7,2,0.00210084,verse,deuteronomy,main
word_count,3,44,8-11-14,2,0.00210084,verse,deuteronomy,main
word_count,3,45,13-14-10,2,0.00210084,verse,deuteronomy,main
word_count,3,46,17-15-11,2,0.00210084,verse,deuteronomy,main
word_count,3,47,12-7-12,2,0.00210084,verse,deuteronomy,main
word_count,3,48,22-10-19,1,0.00105042,verse,deuteronomy,main
word_count,3,49,10-19-17,1,0.00105042,verse,deuteronomy,main
word_count,3,50,19-17-11,1,0.00105042,verse,deuteronomy,main
word_count,4,1,14-15-12-14,3,0.00315457,verse,deuteronomy,main
word_count,4,2,20-8-18-27,2,0.00210305,verse,deuteronomy,main
word_count,4,3,13-14-13-14,2,0.00210305,verse,deuteronomy,main
word_count,4,4,22-10-19-17,1,0.00105152,verse,deuteronomy,main
word_count,4,5,10-19-17-11,1,0.00105152,verse,deuteronomy,main
word_count,4,6,19-17-11-11,1,0.00105152,verse,deuteronomy,main
word_count,4,7,17-11-11-23,1,0.00105152,verse,deuteronomy,main
word_count,4,8,11-11-23-20,1,0.00105152,verse,deuteronomy,main
word_count,4,9,11-23-20-10,1,0.00105152,verse,deuteronomy,main
word_count,4,10,23-20-10-9,1,0.00105152,verse,deuteronomy,main
word_count,4,11,20-10-9-13,1,0.00105152,verse,deuteronomy,main
word_count,4,12,10-9-13-6,1,0.00105152,verse,deuteronomy,main
word_count,4,13,9-13-6-9,1,0.00105152,verse,deuteronomy,main
word_count,4,14,13-6-9-8,1,0.00105152,verse,deuteronomy,main
word_count,4,15,6-9-8-21,1,0.00105152,verse,deuteronomy,main
word_count,4,16,9-8-21-17,1,0.00105152,verse,deuteronomy,main
word_count,4,17,8-21-17-22,1,0.00105152,verse,deuteronomy,main
word_count,4,18,21-17-22-9,1,0.00105152,verse,deuteronomy,main
word_count,4,19,17-22-9-23,1,0.00105152,verse,deuteronomy,main
word_count,4,20,22-9-23-11,1,0.00105152,verse,deuteronomy,main
word_count,4,21,9-23-11-19,1,0.00105152,verse,deuteronomy,main
word_count,4,22,23-11-19-24,1,0.00105152,verse,deuteronomy,main
word_count,4,23,11-19-24-11,1,0.00105152,verse,deuteronomy,main
word_count,4,24,19-24-11-9,1,0.00105152,verse,deuteronomy,main
word_count,4,25,24-11-9-17,1,0.00105152,verse,deuteronomy,main
word_count,4,26,11-9-17-8,1,0.00105152,verse,deuteronomy,main
word_count,4,27,9-17-8-14,1,0.00105152,verse,deuteronomy,main
word_count,4,28,17-8-14-21,1,0.00105152,verse,deuteronomy,main
word_count,4,29,8-14-21-7,1,0.00105152,verse,deuteronomy,main
word_count,4,30,14-21-7-13,1,0.00105152,verse,deuteronomy,main
word_count,4,31,21-7-13-21,1,0.00105152,verse,deuteronomy,main
word_count,4,32,7-13-21-6,1,0.00105152,verse,deuteronomy,main
word_count,4,33,13-21-6-16,1,0.00105152,verse,deuteronomy,main
word_count,4,34,21-6-16-8,1,0.00105152,verse,deuteronomy,main
word_count,4,35,6-16-8-15,1,0.00105152,verse,deuteronomy,main
word_count,4,36,16-8-15-19,1,0.00105152,verse,deuteronomy,main
word_count,4,37,8-15-19-11,1,0.00105152,verse,deuteronomy,main
word_count,4,38,15-19-11-15,1,0.00105152,verse,deuteronomy,main
word_count,4,39,19-11-15-19,1,0.00105152,verse,deuteronomy,main
word_count,4,40,11-15-19-8,1,0.00105152,verse,deuteronomy,main
word_count,4,41,15-19-8-21,1,0.00105152,verse,deuteronomy,main
word_count,4,42,19-8-21-16,1,0.00105152,verse,deuteronomy,main
word_count,4,43,8-21-16-11,1,0.00105152,verse,deuteronomy,main
word_count,4,44,21-16-11-16,1,0.00105152,verse,deuteronomy,main
word_count,4,45,16-11-16-11,1,0.00105152,verse,deuteronomy,main
word_count,4,46,11-16-11-7,1,0.00105152,verse,deuteronomy,main
word_count,4,47,16-11-7-16,1,0.00105152,verse,deuteronomy,main
word_count,4,48,11-7-16-4,1,0.00105152,verse,deuteronomy,main
word_count,4,49,7-16-4-9,1,0.00105152,verse,deuteronomy,main
word_count,4,50,16-4-9-16,1,0.00105152,verse,deuteronomy,main
word_count,5,1,22-10-19-17-11,1,0.00105263,verse,deuteronomy,main
word_count,5,2,10-19-17-11-11,1,0.00105263,verse,deuteronomy,main
word_count,5,3,19-17-11-11-23,1,0.00105263,verse,deuteronomy,main
word_count,5,4,17-11-11-23-20,1,0.00105263,verse,deuteronomy,main
word_count,5,5,11-11-23-20-10,1,0.00105263,verse,deuteronomy,main
word_count,5,6,11-23-20-10-9,1,0.00105263,verse,deuteronomy,main
word_count,5,7,23-20-10-9-13,1,0.00105263,verse,deuteronomy,main
word_count,5,8,20-10-9-13-6,1,0.00105263,verse,deuteronomy,main
word_count,5,9,10-9-13-6-9,1,0.00105263,verse,deuteronomy,main
word_count,5,10,9-13-6-9-8,1,0.00105263,verse,deuteronomy,main
word_count,5,11,13-6-9-8-21,1,0.00105263,verse,deuteronomy,main
word_count,5,12,6-9-8-21-17,1,0.00105263,verse,deuteronomy,main
word_count,5,13,9-8-21-17-22,1,0.00105263,verse,deuteronomy,main
word_count,5,14,8-21-17-22-9,1,0.00105263,verse,deuteronomy,main
word_count,5,15,21-17-22-9-23,1,0.00105263,verse,deuteronomy,main
word_count,5,16,17-22-9-23-11,1,0.00105263,verse,deuteronomy,main
word_count,5,17,22-9-23-11-19,1,0.00105263,verse,deuteronomy,main
word_count,5,18,9-23-11-19-24,1,0.00105263,verse,deuteronomy,main
word_count,5,19,23-11-19-24-11,1,0.00105263,verse,deuteronomy,main
word_count,5,20,11-19-24-11-9,1,0.00105263,verse,deuteronomy,main
word_count,5,21,19-24-11-9-17,1,0.00105263,verse,deuteronomy,main
word_count,5,22,24-11-9-17-8,1,0.00105263,verse,deuteronomy,main
word_count,5,23,11-9-17-8-14,1,0.00105263,verse,deuteronomy,main
word_count,5,24,9-17-8-14-21,1,0.00105263,verse,deuteronomy,main
word_count,5,25,17-8-14-21-7,1,0.00105263,verse,deuteronomy,main
word_count,5,26,8-14-21-7-13,1,0.00105263,verse,deuteronomy,main
word_count,5,27,14-21-7-13-21,1,0.00105263,verse,deuteronomy,main
word_count,5,28,21-7-13-21-6,1,0.00105263,verse,deuteronomy,main
word_count,5,29,7-13-21-6-16,1,0.00105263,verse,deuteronomy,main
word_count,5,30,13-21-6-16-8,1,0.00105263,verse,deuteronomy,main
word_count,5,31,21-6-16-8-15,1,0.00105263,verse,deuteronomy,main
word_count,5,32,6-16-8-15-19,1,0.00105263,verse,deuteronomy,main
word_count,5,33,16-8-15-19-11,1,0.00105263,verse,deuteronomy,main
word_count,5,34,8-15-19-11-15,1,0.00105263,verse,deuteronomy,main
word_count,5,35,15-19-11-15-19,1,0.00105263,verse,deuteronomy,main
word_count,5,36,19-11-15-19-8,1,0.00105263,verse,deuteronomy,main
word_count,5,37,11-15-19-8-21,1,0.00105263,verse,deuteronomy,main
word_count,5,38,15-19-8-21-16,1,0.00105263,verse,deuteronomy,main
word_count,5,39,19-8-21-16-11,1,0.00105263,verse,deuteronomy,main
word_count,5,40,8-21-16-11-16,1,0.00105263,verse,deuteronomy,main
word_count,5,41,21-16-11-16-11,1,0.00105263,verse,deuteronomy,main
word_count,5,42,16-11-16-11-7,1,0.00105263,verse,deuteronomy,main
word_count,5,43,11-16-11-7-16,1,0.00105263,verse,deuteronomy,main
word_count,5,44,16-11-7-16-4,1,0.00105263,verse,deuteronomy,main
word_count,5,45,11-7-16-4-9,1,0.00105263,verse,deuteronomy,main
word_count,5,46,7-16-4-9-16,1,0.00105263,verse,deuteronomy,main
word_count,5,47,16-4-9-16-19,1,0.00105263,verse,deuteronomy,main
word_count,5,48,4-9-16-19-11,1,0.00105263,verse,deuteronomy,main
word_count,5,49,9-16-19-11-22,1,0.00105263,verse,deuteronomy,main
word_count,5,50,16-19-11-22-17,1,0.00105263,verse,deuteronomy,main
word_count,6,1,22-10-19-17-11-11,1,0.00105374,verse,deuteronomy,main
word_count,6,2,10-19-17-11-11-23,1,0.00105374,verse,deuteronomy,main
word_count,6,3,19-17-11-11-23-20,1,0.00105374,verse,deuteronomy,main
word_count,6,4,17-11-11-23-20-10,1,0.00105374,verse,deuteronomy,main
word_count,6,5,11-11-23-20-10-9,1,0.00105374,verse,deuteronomy,main
word_count,6,6,11-23-20-10-9-13,1,0.00105374,verse,deuteronomy,main
word_count,6,7,23-20-10-9-13-6,1,0.00105374,verse,deuteronomy,main
word_count,6,8,20-10-9-13-6-9,1,0.00105374,verse,deuteronomy,main
word_count,6,9,10-9-13-6-9-8,1,0.00105374,verse,deuteronomy,main
word_count,6,10,9-13-6-9-8-21,1,0.00105374,verse,deuteronomy,main
word_count,6,11,13-6-9-8-21-17,1,0.00105374,verse,deuteronomy,main
word_count,6,12,6-9-8-21-17-22,1,0.00105374,verse,deuteronomy,main
word_count,6,13,9-8-21-17-22-9,1,0.00105374,verse,deuteronomy,main
word_count,6,14,8-21-17-22-9-23,1,0.00105374,verse,deuteronomy,main
word_count,6,15,21-17-22-9-23-11,1,0.00105374,verse,deuteronomy,main
word_count,6,16,17-22-9-23-11-19,1,0.00105374,verse,deuteronomy,main
word_count,6,17,22-9-23-11-19-24,1,0.00105374,verse,deuteronomy,main
word_count,6,18,9-23-11-19-24-11,1,0.00105374,verse,deuteronomy,main
word_count,6,19,23-11-19-24-11-9,1,0.00105374,verse,deuteronomy,main
word_count,6,20,11-19-24-11-9-17,1,0.00105374,verse,deuteronomy,main
word_count,6,21,19-24-11-9-17-8,1,0.00105374,verse,deuteronomy,main
word_count,6,22,24-11-9-17-8-14,1,0.00105374,verse,deuteronomy,main
word_count,6,23,11-9-17-8-14-21,1,0.00105374,verse,deuteronomy,main
word_count,6,24,9-17-8-14-21-7,1,0.00105374,verse,deuteronomy,main
word_count,6,25,17-8-14-21-7-13,1,0.00105374,verse,deuteronomy,main
word_count,6,26,8-14-21-7-13-21,1,0.00105374,verse,deuteronomy,main
word_count,6,27,14-21-7-13-21-6,1,0.00105374,verse,deuteronomy,main
word_count,6,28,21-7-13-21-6-16,1,0.00105374,verse,deuteronomy,main
word_count,6,29,7-13-21-6-16-8,1,0.00105374,verse,deuteronomy,main
word_count,6,30,13-21-6-16-8-15,1,0.00105374,verse,deuteronomy,main
word_count,6,31,21-6-16-8-15-19,1,0.00105374,verse,deuteronomy,main
word_count,6,32,6-16-8-15-19-11,1,0.00105374,verse,deuteronomy,main
word_count,6,33,16-8-15-19-11-15,1,0.00105374,verse,deuteronomy,main
word_count,6,34,8-15-19-11-15-19,1,0.00105374,verse,deuteronomy,main
word_count,6,35,15-19-11-15-19-8,1,0.00105374,verse,deuteronomy,main
word_count,6,36,19-11-15-19-8-21,1,0.00105374,verse,deuteronomy,main
word_count,6,37,11-15-19-8-21-16,1,0.00105374,verse,deuteronomy,main
word_count,6,38,15-19-8-21-16-11,1,0.00105374,verse,deuteronomy,main
word_count,6,39,19-8-21-16-11-16,1,0.00105374,verse,deuteronomy,main
word_count,6,40,8-21-16-11-16-11,1,0.00105374,verse,deuteronomy,main
word_count,6,41,21-16-11-16-11-7,1,0.00105374,verse,deuteronomy,main
word_count,6,42,16-11-16-11-7-16,1,0.00105374,verse,deuteronomy,main
word_count,6,43,11-16-11-7-16-4,1,0.00105374,verse,deuteronomy,main
word_count,6,44,16-11-7-16-4-9,1,0.00105374,verse,deuteronomy,main
word_count,6,45,11-7-16-4-9-16,1,0.00105374,verse,deuteronomy,main
word_count,6,46,7-16-4-9-16-19,1,0.00105374,verse,deuteronomy,main
word_count,6,47,16-4-9-16-19-11,1,0.00105374,verse,deuteronomy,main
word_count,6,48,4-9-16-19-11-22,1,0.00105374,verse,deuteronomy,main
word_count,6,49,9-16-19-11-22-17,1,0.00105374,verse,deuteronomy,main
word_count,6,50,16-19-11-22-17-24,1,0.00105374,verse,deuteronomy,main
pulse_count,2,1,39-27,5,0.00524659,verse,deuteronomy,main
pulse_count,2,2,25-22,4,0.00419727,verse,deuteronomy,main
pulse_count,2,3,29-40,4,0.00419727,verse,deuteronomy,main
pulse_count,2,4,34-47,3,0.00314795,verse,deuteronomy,main
pulse_count,2,5,32-40,3,0.00314795,verse,deuteronomy,main
pulse_count,2,6,28-52,3,0.00314795,verse,deuteronomy,main
pulse_count,2,7,35-35,3,0.00314795,verse,deuteronomy,main
pulse_count,2,8,42-18,3,0.00314795,verse,deuteronomy,main
pulse_count,2,9,34-26,3,0.00314795,verse,deuteronomy,main
pulse_count,2,10,33-35,3,0.00314795,verse,deuteronomy,main
pulse_count,2,11,35-34,3,0.00314795,verse,deuteronomy,main
pulse_count,2,12,26-15,3,0.00314795,verse,deuteronomy,main
pulse_count,2,13,28-23,3,0.00314795,verse,deuteronomy,main
pulse_count,2,14,24-40,3,0.00314795,verse,deuteronomy,main
pulse_count,2,15,40-28,3,0.00314795,verse,deuteronomy,main
pulse_count,2,16,30-26,3,0.00314795,verse,deuteronomy,main
pulse_count,2,17,30-42,3,0.00314795,verse,deuteronomy,main
pulse_count,2,18,25-35,3,0.00314795,verse,deuteronomy,main
pulse_count,2,19,26-45,3,0.00314795,verse,deuteronomy,main
pulse_count,2,20,21-14,3,0.00314795,verse,deuteronomy,main
pulse_count,2,21,29-26,3,0.00314795,verse,deuteronomy,main
pulse_count,2,22,31-40,3,0.00314795,verse,deuteronomy,main
pulse_count,2,23,26-18,3,0.00314795,verse,deuteronomy,main
pulse_count,2,24,14-14,3,0.00314795,verse,deuteronomy,main
pulse_count,2,25,37-20,2,0.00209864,verse,deuteronomy,main
pulse_count,2,26,19-26,2,0.00209864,verse,deuteronomy,main
pulse_count,2,27,26-32,2,0.00209864,verse,deuteronomy,main
pulse_count,2,28,27-20,2,0.00209864,verse,deuteronomy,main
pulse_count,2,29,51-17,2,0.00209864,verse,deuteronomy,main
pulse_count,2,30,17-40,2,0.00209864,verse,deuteronomy,main
pulse_count,2,31,40-20,2,0.00209864,verse,deuteronomy,main
pulse_count,2,32,40-30,2,0.00209864,verse,deuteronomy,main
pulse_count,2,33,18-33,2,0.00209864,verse,deuteronomy,main
pulse_count,2,34,10-16,2,0.00209864,verse,deuteronomy,main
pulse_count,2,35,52-41,2,0.00209864,verse,deuteronomy,main
pulse_count,2,36,22-21,2,0.00209864,verse,deuteronomy,main
pulse_count,2,37,29-39,2,0.00209864,verse,deuteronomy,main
pulse_count,2,38,41-43,2,0.00209864,verse,deuteronomy,main
pulse_count,2,39,22-32,2,0.00209864,verse,deuteronomy,main
pulse_count,2,40,33-21,2,0.00209864,verse,deuteronomy,main
pulse_count,2,41,21-24,2,0.00209864,verse,deuteronomy,main
pulse_count,2,42,32-20,2,0.00209864,verse,deuteronomy,main
pulse_count,2,43,35-53,2,0.00209864,verse,deuteronomy,main
pulse_count,2,44,19-30,2,0.00209864,verse,deuteronomy,main
pulse_count,2,45,32-54,2,0.00209864,verse,deuteronomy,main
pulse_count,2,46,40-36,2,0.00209864,verse,deuteronomy,main
pulse_count,2,47,56-47,2,0.00209864,verse,deuteronomy,main
pulse_count,2,48,47-42,2,0.00209864,verse,deuteronomy,main
pulse_count,2,49,18-41,2,0.00209864,verse,deuteronomy,main
pulse_count,2,50,41-47,2,0.00209864,verse,deuteronomy,main
pulse_count,3,1,28-52-41,2,0.00210084,verse,deuteronomy,main
pulse_count,3,2,18-41-47,2,0.00210084,verse,deuteronomy,main
pulse_count,3,3,33-35-34,2,0.00210084,verse,deuteronomy,main
pulse_count,3,4,37-64-25,2,0.00210084,verse,deuteronomy,main
pulse_count,3,5,12-12-21,2,0.00210084,verse,deuteronomy,main
pulse_count,3,6,12-21-14,2,0.00210084,verse,deuteronomy,main
pulse_count,3,7,26-45-32,2,0.00210084,verse,deuteronomy,main
pulse_count,3,8,46-17-41,1,0.00105042,verse,deuteronomy,main
pulse_count,3,9,17-41-37,1,0.00105042,verse,deuteronomy,main
pulse_count,3,10,41-37-20,1,0.00105042,verse,deuteronomy,main
pulse_count,3,11,37-20-26,1,0.00105042,verse,deuteronomy,main
pulse_count,3,12,20-26-55,1,0.00105042,verse,deuteronomy,main
pulse_count,3,13,26-55-51,1,0.00105042,verse,deuteronomy,main
pulse_count,3,14,55-51-19,1,0.00105042,verse,deuteronomy,main
pulse_count,3,15,51-19-26,1,0.00105042,verse,deuteronomy,main
pulse_count,3,16,19-26-32,1,0.00105042,verse,deuteronomy,main
pulse_count,3,17,26-32-18,1,0.00105042,verse,deuteronomy,main
pulse_count,3,18,32-18-27,1,0.00105042,verse,deuteronomy,main
pulse_count,3,19,18-27-20,1,0.00105042,verse,deuteronomy,main
pulse_count,3,20,27-20-54,1,0.00105042,verse,deuteronomy,main
pulse_count,3,21,20-54-35,1,0.00105042,verse,deuteronomy,main
pulse_count,3,22,54-35-51,1,0.00105042,verse,deuteronomy,main
pulse_count,3,23,35-51-17,1,0.00105042,verse,deuteronomy,main
pulse_count,3,24,51-17-55,1,0.00105042,verse,deuteronomy,main
pulse_count,3,25,17-55-25,1,0.00105042,verse,deuteronomy,main
pulse_count,3,26,55-25-41,1,0.00105042,verse,deuteronomy,main
pulse_count,3,27,25-41-60,1,0.00105042,verse,deuteronomy,main
pulse_count,3,28,41-60-25,1,0.00105042,verse,deuteronomy,main
pulse_count,3,29,60-25-22,1,0.00105042,verse,deuteronomy,main
pulse_count,3,30,25-22-47,1,0.00105042,verse,deuteronomy,main
pulse_count,3,31,22-47-19,1,0.00105042,verse,deuteronomy,main
pulse_count,3,32,47-19-44,1,0.00105042,verse,deuteronomy,main
pulse_count,3,33,19-44-51,1,0.00105042,verse,deuteronomy,main
pulse_count,3,34,44-51-14,1,0.00105042,verse,deuteronomy,main
pulse_count,3,35,51-14-34,1,0.00105042,verse,deuteronomy,main
pulse_count,3,36,14-34-47,1,0.00105042,verse,deuteronomy,main
pulse_count,3,37,34-47-17,1,0.00105042,verse,deuteronomy,main
pulse_count,3,38,47-17-40,1,0.00105042,verse,deuteronomy,main
pulse_count,3,39,17-40-20,1,0.00105042,verse,deuteronomy,main
pulse_count,3,40,40-20-32,1,0.00105042,verse,deuteronomy,main
pulse_count,3,41,20-32-40,1,0.00105042,verse,deuteronomy,main
pulse_count,3,42,32-40-20,1,0.00105042,verse,deuteronomy,main
pulse_count,3,43,40-20-30,1,0.00105042,verse,deuteronomy,main
pulse_count,3,44,20-30-43,1,0.00105042,verse,deuteronomy,main
pulse_count,3,45,30-43-16,1,0.00105042,verse,deuteronomy,main
pulse_count,3,46,43-16-59,1,0.00105042,verse,deuteronomy,main
pulse_count,3,47,16-59-40,1,0.00105042,verse,deuteronomy,main
pulse_count,3,48,59-40-29,1,0.00105042,verse,deuteronomy,main
pulse_count,3,49,40-29-40,1,0.00105042,verse,deuteronomy,main
pulse_count,3,50,29-40-30,1,0.00105042,verse,deuteronomy,main
pulse_count,4,1,12-12-21-14,2,0.00210305,verse,deuteronomy,main
pulse_count,4,2,46-17-41-37,1,0.00105152,verse,deuteronomy,main
pulse_count,4,3,17-41-37-20,1,0.00105152,verse,deuteronomy,main
pulse_count,4,4,41-37-20-26,1,0.00105152,verse,deuteronomy,main
pulse_count,4,5,37-20-26-55,1,0.00105152,verse,deuteronomy,main
pulse_count,4,6,20-26-55-51,1,0.00105152,verse,deuteronomy,main
pulse_count,4,7,26-55-51-19,1,0.00105152,verse,deuteronomy,main
pulse_count,4,8,55-51-19-26,1,0.00105152,verse,deuteronomy,main
pulse_count,4,9,51-19-26-32,1,0.00105152,verse,deuteronomy,main
pulse_count,4,10,19-26-32-18,1,0.00105152,verse,deuteronomy,main
pulse_count,4,11,26-32-18-27,1,0.00105152,verse,deuteronomy,main
pulse_count,4,12,32-18-27-20,1,0.00105152,verse,deuteronomy,main
pulse_count,4,13,18-27-20-54,1,0.00105152,verse,deuteronomy,main
pulse_count,4,14,27-20-54-35,1,0.00105152,verse,deuteronomy,main
pulse_count,4,15,20-54-35-51,1,0.00105152,verse,deuteronomy,main
pulse_count,4,16,54-35-51-17,1,0.00105152,verse,deuteronomy,main
pulse_count,4,17,35-51-17-55,1,0.00105152,verse,deuteronomy,main
pulse_count,4,18,51-17-55-25,1,0.00105152,verse,deuteronomy,main
pulse_count,4,19,17-55-25-41,1,0.00105152,verse,deuteronomy,main
pulse_count,4,20,55-25-41-60,1,0.00105152,verse,deuteronomy,main
pulse_count,4,21,25-41-60-25,1,0.00105152,verse,deuteronomy,main
pulse_count,4,22,41-60-25-22,1,0.00105152,verse,deuteronomy,main
pulse_count,4,23,60-25-22-47,1,0.00105152,verse,deuteronomy,main
pulse_count,4,24,25-22-47-19,1,0.00105152,verse,deuteronomy,main
pulse_count,4,25,22-47-19-44,1,0.00105152,verse,deuteronomy,main
pulse_count,4,26,47-19-44-51,1,0.00105152,verse,deuteronomy,main
pulse_count,4,27,19-44-51-14,1,0.00105152,verse,deuteronomy,main
pulse_count,4,28,44-51-14-34,1,0.00105152,verse,deuteronomy,main
pulse_count,4,29,51-14-34-47,1,0.00105152,verse,deuteronomy,main
pulse_count,4,30,14-34-47-17,1,0.00105152,verse,deuteronomy,main
pulse_count,4,31,34-47-17-40,1,0.00105152,verse,deuteronomy,main
pulse_count,4,32,47-17-40-20,1,0.00105152,verse,deuteronomy,main
pulse_count,4,33,17-40-20-32,1,0.00105152,verse,deuteronomy,main
pulse_count,4,34,40-20-32-40,1,0.00105152,verse,deuteronomy,main
pulse_count,4,35,20-32-40-20,1,0.00105152,verse,deuteronomy,main
pulse_count,4,36,32-40-20-30,1,0.00105152,verse,deuteronomy,main
pulse_count,4,37,40-20-30-43,1,0.00105152,verse,deuteronomy,main
pulse_count,4,38,20-30-43-16,1,0.00105152,verse,deuteronomy,main
pulse_count,4,39,30-43-16-59,1,0.00105152,verse,deuteronomy,main
pulse_count,4,40,43-16-59-40,1,0.00105152,verse,deuteronomy,main
pulse_count,4,41,16-59-40-29,1,0.00105152,verse,deuteronomy,main
pulse_count,4,42,59-40-29-40,1,0.00105152,verse,deuteronomy,main
pulse_count,4,43,40-29-40-30,1,0.00105152,verse,deuteronomy,main
pulse_count,4,44,29-40-30-18,1,0.00105152,verse,deuteronomy,main
pulse_count,4,45,40-30-18-33,1,0.00105152,verse,deuteronomy,main
pulse_count,4,46,30-18-33-10,1,0.00105152,verse,deuteronomy,main
pulse_count,4,47,18-33-10-16,1,0.00105152,verse,deuteronomy,main
pulse_count,4,48,33-10-16-35,1,0.00105152,verse,deuteronomy,main
pulse_count,4,49,10-16-35-31,1,0.00105152,verse,deuteronomy,main
pulse_count,4,50,16-35-31-28,1,0.00105152,verse,deuteronomy,main
pulse_count,5,1,46-17-41-37-20,1,0.00105263,verse,deuteronomy,main
pulse_count,5,2,17-41-37-20-26,1,0.00105263,verse,deuteronomy,main
pulse_count,5,3,41-37-20-26-55,1,0.00105263,verse,deuteronomy,main
pulse_count,5,4,37-20-26-55-51,1,0.00105263,verse,deuteronomy,main
pulse_count,5,5,20-26-55-51-19,1,0.00105263,verse,deuteronomy,main
pulse_count,5,6,26-55-51-19-26,1,0.00105263,verse,deuteronomy,main
pulse_count,5,7,55-51-19-26-32,1,0.00105263,verse,deuteronomy,main
pulse_count,5,8,51-19-26-32-18,1,0.00105263,verse,deuteronomy,main
pulse_count,5,9,19-26-32-18-27,1,0.00105263,verse,deuteronomy,main
pulse_count,5,10,26-32-18-27-20,1,0.00105263,verse,deuteronomy,main
pulse_count,5,11,32-18-27-20-54,1,0.00105263,verse,deuteronomy,main
pulse_count,5,12,18-27-20-54-35,1,0.00105263,verse,deuteronomy,main
pulse_count,5,13,27-20-54-35-51,1,0.00105263,verse,deuteronomy,main
pulse_count,5,14,20-54-35-51-17,1,0.00105263,verse,deuteronomy,main
pulse_count,5,15,54-35-51-17-55,1,0.00105263,verse,deuteronomy,main
pulse_count,5,16,35-51-17-55-25,1,0.00105263,verse,deuteronomy,main
pulse_count,5,17,51-17-55-25-41,1,0.00105263,verse,deuteronomy,main
pulse_count,5,18,17-55-25-41-60,1,0.00105263,verse,deuteronomy,main
pulse_count,5,19,55-25-41-60-25,1,0.00105263,verse,deuteronomy,main
pulse_count,5,20,25-41-60-25-22,1,0.00105263,verse,deuteronomy,main
pulse_count,5,21,41-60-25-22-47,1,0.00105263,verse,deuteronomy,main
pulse_count,5,22,60-25-22-47-19,1,0.00105263,verse,deuteronomy,main
pulse_count,5,23,25-22-47-19-44,1,0.00105263,verse,deuteronomy,main
pulse_count,5,24,22-47-19-44-51,1,0.00105263,verse,deuteronomy,main
pulse_count,5,25,47-19-44-51-14,1,0.00105263,verse,deuteronomy,main
pulse_count,5,26,19-44-51-14-34,1,0.00105263,verse,deuteronomy,main
pulse_count,5,27,44-51-14-34-47,1,0.00105263,verse,deuteronomy,main
pulse_count,5,28,51-14-34-47-17,1,0.00105263,verse,deuteronomy,main
pulse_count,5,29,14-34-47-17-40,1,0.00105263,verse,deuteronomy,main
pulse_count,5,30,34-47-17-40-20,1,0.00105263,verse,deuteronomy,main
pulse_count,5,31,47-17-40-20-32,1,0.00105263,verse,deuteronomy,main
pulse_count,5,32,17-40-20-32-40,1,0.00105263,verse,deuteronomy,main
pulse_count,5,33,40-20-32-40-20,1,0.00105263,verse,deuteronomy,main
pulse_count,5,34,20-32-40-20-30,1,0.00105263,verse,deuteronomy,main
pulse_count,5,35,32-40-20-30-43,1,0.00105263,verse,deuteronomy,main
pulse_count,5,36,40-20-30-43-16,1,0.00105263,verse,deuteronomy,main
pulse_count,5,37,20-30-43-16-59,1,0.00105263,verse,deuteronomy,main
pulse_count,5,38,30-43-16-59-40,1,0.00105263,verse,deuteronomy,main
pulse_count,5,39,43-16-59-40-29,1,0.00105263,verse,deuteronomy,main
pulse_count,5,40,16-59-40-29-40,1,0.00105263,verse,deuteronomy,main
pulse_count,5,41,59-40-29-40-30,1,0.00105263,verse,deuteronomy,main
pulse_count,5,42,40-29-40-30-18,1,0.00105263,verse,deuteronomy,main
pulse_count,5,43,29-40-30-18-33,1,0.00105263,verse,deuteronomy,main
pulse_count,5,44,40-30-18-33-10,1,0.00105263,verse,deuteronomy,main
pulse_count,5,45,30-18-33-10-16,1,0.00105263,verse,deuteronomy,main
pulse_count,5,46,18-33-10-16-35,1,0.00105263,verse,deuteronomy,main
pulse_count,5,47,33-10-16-35-31,1,0.00105263,verse,deuteronomy,main
pulse_count,5,48,10-16-35-31-28,1,0.00105263,verse,deuteronomy,main
pulse_count,5,49,16-35-31-28-52,1,0.00105263,verse,deuteronomy,main
pulse_count,5,50,35-31-28-52-41,1,0.00105263,verse,deuteronomy,main
pulse_count,6,1,46-17-41-37-20-26,1,0.00105374,verse,deuteronomy,main
pulse_count,6,2,17-41-37-20-26-55,1,0.00105374,verse,deuteronomy,main
pulse_count,6,3,41-37-20-26-55-51,1,0.00105374,verse,deuteronomy,main
pulse_count,6,4,37-20-26-55-51-19,1,0.00105374,verse,deuteronomy,main
pulse_count,6,5,20-26-55-51-19-26,1,0.00105374,verse,deuteronomy,main
pulse_count,6,6,26-55-51-19-26-32,1,0.00105374,verse,deuteronomy,main
pulse_count,6,7,55-51-19-26-32-18,1,0.00105374,verse,deuteronomy,main
pulse_count,6,8,51-19-26-32-18-27,1,0.00105374,verse,deuteronomy,main
pulse_count,6,9,19-26-32-18-27-20,1,0.00105374,verse,deuteronomy,main
pulse_count,6,10,26-32-18-27-20-54,1,0.00105374,verse,deuteronomy,main
pulse_count,6,11,32-18-27-20-54-35,1,0.00105374,verse,deuteronomy,main
pulse_count,6,12,18-27-20-54-35-51,1,0.00105374,verse,deuteronomy,main
pulse_count,6,13,27-20-54-35-51-17,1,0.00105374,verse,deuteronomy,main
pulse_count,6,14,20-54-35-51-17-55,1,0.00105374,verse,deuteronomy,main
pulse_count,6,15,54-35-51-17-55-25,1,0.00105374,verse,deuteronomy,main
pulse_count,6,16,35-51-17-55-25-41,1,0.00105374,verse,deuteronomy,main
pulse_count,6,17,51-17-55-25-41-60,1,0.00105374,verse,deuteronomy,main
pulse_count,6,18,17-55-25-41-60-25,1,0.00105374,verse,deuteronomy,main
pulse_count,6,19,55-25-41-60-25-22,1,0.00105374,verse,deuteronomy,main
pulse_count,6,20,25-41-60-25-22-47,1,0.00105374,verse,deuteronomy,main
pulse_count,6,21,41-60-25-22-47-19,1,0.00105374,verse,deuteronomy,main
pulse_count,6,22,60-25-22-47-19-44,1,0.00105374,verse,deuteronomy,main
pulse_count,6,23,25-22-47-19-44-51,1,0.00105374,verse,deuteronomy,main
pulse_count,6,24,22-47-19-44-51-14,1,0.00105374,verse,deuteronomy,main
pulse_count,6,25,47-19-44-51-14-34,1,0.00105374,verse,deuteronomy,main
pulse_count,6,26,19-44-51-14-34-47,1,0.00105374,verse,deuteronomy,main
pulse_count,6,27,44-51-14-34-47-17,1,0.00105374,verse,deuteronomy,main
pulse_count,6,28,51-14-34-47-17-40,1,0.00105374,verse,deuteronomy,main
pulse_count,6,29,14-34-47-17-40-20,1,0.00105374,verse,deuteronomy,main
pulse_count,6,30,34-47-17-40-20-32,1,0.00105374,verse,deuteronomy,main
pulse_count,6,31,47-17-40-20-32-40,1,0.00105374,verse,deuteronomy,main
pulse_count,6,32,17-40-20-32-40-20,1,0.00105374,verse,deuteronomy,main
pulse_count,6,33,40-20-32-40-20-30,1,0.00105374,verse,deuteronomy,main
pulse_count,6,34,20-32-40-20-30-43,1,0.00105374,verse,deuteronomy,main
pulse_count,6,35,32-40-20-30-43-16,1,0.00105374,verse,deuteronomy,main
pulse_count,6,36,40-20-30-43-16-59,1,0.00105374,verse,deuteronomy,main
pulse_count,6,37,20-30-43-16-59-40,1,0.00105374,verse,deuteronomy,main
pulse_count,6,38,30-43-16-59-40-29,1,0.00105374,verse,deuteronomy,main
pulse_count,6,39,43-16-59-40-29-40,1,0.00105374,verse,deuteronomy,main
pulse_count,6,40,16-59-40-29-40-30,1,0.00105374,verse,deuteronomy,main
pulse_count,6,41,59-40-29-40-30-18,1,0.00105374,verse,deuteronomy,main
pulse_count,6,42,40-29-40-30-18-33,1,0.00105374,verse,deuteronomy,main
pulse_count,6,43,29-40-30-18-33-10,1,0.00105374,verse,deuteronomy,main
pulse_count,6,44,40-30-18-33-10-16,1,0.00105374,verse,deuteronomy,main
pulse_count,6,45,30-18-33-10-16-35,1,0.00105374,verse,deuteronomy,main
pulse_count,6,46,18-33-10-16-35-31,1,0.00105374,verse,deuteronomy,main
pulse_count,6,47,33-10-16-35-31-28,1,0.00105374,verse,deuteronomy,main
pulse_count,6,48,10-16-35-31-28-52,1,0.00105374,verse,deuteronomy,main
pulse_count,6,49,16-35-31-28-52-41,1,0.00105374,verse,deuteronomy,main
pulse_count,6,50,35-31-28-52-41-44,1,0.00105374,verse,deuteronomy,main
accent_count,2,1,15-10,11,0.0115425,verse,deuteronomy,main
accent_count,2,2,12-12,11,0.0115425,verse,deuteronomy,main
accent_count,2,3,16-10,10,0.01049318,verse,deuteronomy,main
accent_count,2,4,14-11,8,0.00839454,verse,deuteronomy,main
accent_count,2,5,11-11,8,0.00839454,verse,deuteronomy,main
accent_count,2,6,10-10,7,0.00734523,verse,deuteronomy,main
accent_count,2,7,7-11,7,0.00734523,verse,deuteronomy,main
accent_count,2,8,10-18,6,0.00629591,verse,deuteronomy,main
accent_count,2,9,19-14,6,0.00629591,verse,deuteronomy,main
accent_count,2,10,13-19,6,0.00629591,verse,deuteronomy,main
accent_count,2,11,11-15,6,0.00629591,verse,deuteronomy,main
accent_count,2,12,10-8,6,0.00629591,verse,deuteronomy,main
accent_count,2,13,8-18,6,0.00629591,verse,deuteronomy,main
accent_count,2,14,9-17,6,0.00629591,verse,deuteronomy,main
accent_count,2,15,6-14,6,0.00629591,verse,deuteronomy,main
accent_count,2,16,10-7,6,0.00629591,verse,deuteronomy,main
accent_count,2,17,9-14,6,0.00629591,verse,deuteronomy,main
accent_count,2,18,10-11,6,0.00629591,verse,deuteronomy,main
accent_count,2,19,14-10,6,0.00629591,verse,deuteronomy,main
accent_count,2,20,12-15,6,0.00629591,verse,deuteronomy,main
accent_count,2,21,12-10,6,0.00629591,verse,deuteronomy,main
accent_count,2,22,11-9,6,0.00629591,verse,deuteronomy,main
accent_count,2,23,8-11,6,0.00629591,verse,deuteronomy,main
accent_count,2,24,18-16,5,0.00524659,verse,deuteronomy,main
accent_count,2,25,18-9,5,0.00524659,verse,deuteronomy,main
accent_count,2,26,9-9,5,0.00524659,verse,deuteronomy,main
accent_count,2,27,7-20,5,0.00524659,verse,deuteronomy,main
accent_count,2,28,14-21,5,0.00524659,verse,deuteronomy,main
accent_count,2,29,14-17,5,0.00524659,verse,deuteronomy,main
accent_count,2,30,8-12,5,0.00524659,verse,deuteronomy,main
accent_count,2,31,12-18,5,0.00524659,verse,deuteronomy,main
accent_count,2,32,18-7,5,0.00524659,verse,deuteronomy,main
accent_count,2,33,12-11,5,0.00524659,verse,deuteronomy,main
accent_count,2,34,7-7,5,0.00524659,verse,deuteronomy,main
accent_count,2,35,7-12,5,0.00524659,verse,deuteronomy,main
accent_count,2,36,14-13,5,0.00524659,verse,deuteronomy,main
accent_count,2,37,15-15,5,0.00524659,verse,deuteronomy,main
accent_count,2,38,12-14,5,0.00524659,verse,deuteronomy,main
accent_count,2,39,11-10,5,0.00524659,verse,deuteronomy,main
accent_count,2,40,10-12,5,0.00524659,verse,deuteronomy,main
accent_count,2,41,9-6,5,0.00524659,verse,deuteronomy,main
accent_count,2,42,6-15,5,0.00524659,verse,deuteronomy,main
accent_count,2,43,16-12,5,0.00524659,verse,deuteronomy,main
accent_count,2,44,19-11,5,0.00524659,verse,deuteronomy,main
accent_count,2,45,17-10,5,0.00524659,verse,deuteronomy,main
accent_count,2,46,10-16,5,0.00524659,verse,deuteronomy,main
accent_count,2,47,16-15,5,0.00524659,verse,deuteronomy,main
accent_count,2,48,11-13,5,0.00524659,verse,deuteronomy,main
accent_count,2,49,11-18,5,0.00524659,verse,deuteronomy,main
accent_count,2,50,10-6,5,0.00524659,verse,deuteronomy,main
accent_count,3,1,15-7-11,3,0.00315126,verse,deuteronomy,main
accent_count,3,2,6-14-11,3,0.00315126,verse,deuteronomy,main
accent_count,3,3,15-10-6,3,0.00315126,verse,deuteronomy,main
accent_count,3,4,11-9-14,3,0.00315126,verse,deuteronomy,main
accent_count,3,5,12-10-14,3,0.00315126,verse,deuteronomy,main
accent_count,3,6,18-16-10,2,0.00210084,verse,deuteronomy,main
accent_count,3,7,18-9-9,2,0.00210084,verse,deuteronomy,main
accent_count,3,8,8-22-9,2,0.00210084,verse,deuteronomy,main
accent_count,3,9,22-9-16,2,0.00210084,verse,deuteronomy,main
accent_count,3,10,16-7-14,2,0.00210084,verse,deuteronomy,main
accent_count,3,11,12-18-7,2,0.00210084,verse,deuteronomy,main
accent_count,3,12,19-15-10,2,0.00210084,verse,deuteronomy,main
accent_count,3,13,16-10-21,2,0.00210084,verse,deuteronomy,main
accent_count,3,14,19-9-8,2,0.00210084,verse,deuteronomy,main
accent_count,3,15,10-9-11,2,0.00210084,verse,deuteronomy,main
accent_count,3,16,19-14-13,2,0.00210084,verse,deuteronomy,main
accent_count,3,17,17-12-12,2,0.00210084,verse,deuteronomy,main
accent_count,3,18,12-12-5,2,0.00210084,verse,deuteronomy,main
accent_count,3,19,12-14-13,2,0.00210084,verse,deuteronomy,main
accent_count,3,20,14-11-10,2,0.00210084,verse,deuteronomy,main
accent_count,3,21,11-10-8,2,0.00210084,verse,deuteronomy,main
accent_count,3,22,10-12-12,2,0.00210084,verse,deuteronomy,main
accent_count,3,23,12-12-13,2,0.00210084,verse,deuteronomy,main
accent_count,3,24,9-17-11,2,0.00210084,verse,deuteronomy,main
accent_count,3,25,8-18-9,2,0.00210084,verse,deuteronomy,main
accent_count,3,26,9-6-15,2,0.00210084,verse,deuteronomy,main
accent_count,3,27,10-7-9,2,0.00210084,verse,deuteronomy,main
accent_count,3,28,12-13-19,2,0.00210084,verse,deuteronomy,main
accent_count,3,29,15-9-9,2,0.00210084,verse,deuteronomy,main
accent_count,3,30,14-17-10,2,0.00210084,verse,deuteronomy,main
accent_count,3,31,16-12-9,2,0.00210084,verse,deuteronomy,main
accent_count,3,32,12-9-17,2,0.00210084,verse,deuteronomy,main
accent_count,3,33,6-15-15,2,0.00210084,verse,deuteronomy,main
accent_count,3,34,11-13-20,2,0.00210084,verse,deuteronomy,main
accent_count,3,35,12-12-10,2,0.00210084,verse,deuteronomy,main
accent_count,3,36,10-6-11,2,0.00210084,verse,deuteronomy,main
accent_count,3,37,14-14-11,2,0.00210084,verse,deuteronomy,main
accent_count,3,38,18-14-12,2,0.00210084,verse,deuteronomy,main
accent_count,3,39,14-12-14,2,0.00210084,verse,deuteronomy,main
accent_count,3,40,16-10-11,2,0.00210084,verse,deuteronomy,main
accent_count,3,41,21-10-10,2,0.00210084,verse,deuteronomy,main
accent_count,3,42,7-11-15,2,0.00210084,verse,deuteronomy,main
accent_count,3,43,11-15-13,2,0.00210084,verse,deuteronomy,main
accent_count,3,44,15-10-17,2,0.00210084,verse,deuteronomy,main
accent_count,3,45,15-11-11,2,0.00210084,verse,deuteronomy,main
accent_count,3,46,18-13-12,2,0.00210084,verse,deuteronomy,main
accent_count,3,47,15-19-6,2,0.00210084,verse,deuteronomy,main
accent_count,3,48,16-13-10,2,0.00210084,verse,deuteronomy,main
accent_count,3,49,10-16-8,2,0.00210084,verse,deuteronomy,main
accent_count,3,50,6-14-12,2,0.00210084,verse,deuteronomy,main
accent_count,4,1,8-22-9-16,2,0.00210305,verse,deuteronomy,main
accent_count,4,2,16-12-9-17,2,0.00210305,verse,deuteronomy,main
accent_count,4,3,18-14-12-14,2,0.00210305,verse,deuteronomy,main
accent_count,4,4,11-9-14-10,2,0.00210305,verse,deuteronomy,main
accent_count,4,5,20-9-18-16,1,0.00105152,verse,deuteronomy,main
accent_count,4,6,9-18-16-10,1,0.00105152,verse,deuteronomy,main
accent_count,4,7,18-16-10-10,1,0.00105152,verse,deuteronomy,main
accent_count,4,8,16-10-10-19,1,0.00105152,verse,deuteronomy,main
accent_count,4,9,10-10-19-18,1,0.00105152,verse,deuteronomy,main
accent_count,4,10,10-19-18-9,1,0.00105152,verse,deuteronomy,main
accent_count,4,11,19-18-9-9,1,0.00105152,verse,deuteronomy,main
accent_count,4,12,18-9-9-13,1,0.00105152,verse,deuteronomy,main
accent_count,4,13,9-9-13-6,1,0.00105152,verse,deuteronomy,main
accent_count,4,14,9-13-6-9,1,0.00105152,verse,deuteronomy,main
accent_count,4,15,13-6-9-7,1,0.00105152,verse,deuteronomy,main
accent_count,4,16,6-9-7-20,1,0.00105152,verse,deuteronomy,main
accent_count,4,17,9-7-20-14,1,0.00105152,verse,deuteronomy,main
accent_count,4,18,7-20-14-21,1,0.00105152,verse,deuteronomy,main
accent_count,4,19,20-14-21-8,1,0.00105152,verse,deuteronomy,main
accent_count,4,20,14-21-8-22,1,0.00105152,verse,deuteronomy,main
accent_count,4,21,21-8-22-9,1,0.00105152,verse,deuteronomy,main
accent_count,4,22,22-9-16-20,1,0.00105152,verse,deuteronomy,main
accent_count,4,23,9-16-20-11,1,0.00105152,verse,deuteronomy,main
accent_count,4,24,16-20-11-8,1,0.00105152,verse,deuteronomy,main
accent_count,4,25,20-11-8-16,1,0.00105152,verse,deuteronomy,main
accent_count,4,26,11-8-16-7,1,0.00105152,verse,deuteronomy,main
accent_count,4,27,8-16-7-14,1,0.00105152,verse,deuteronomy,main
accent_count,4,28,16-7-14-19,1,0.00105152,verse,deuteronomy,main
accent_count,4,29,7-14-19-6,1,0.00105152,verse,deuteronomy,main
accent_count,4,30,14-19-6-13,1,0.00105152,verse,deuteronomy,main
accent_count,4,31,19-6-13-16,1,0.00105152,verse,deuteronomy,main
accent_count,4,32,6-13-16-6,1,0.00105152,verse,deuteronomy,main
accent_count,4,33,13-16-6-16,1,0.00105152,verse,deuteronomy,main
accent_count,4,34,16-6-16-7,1,0.00105152,verse,deuteronomy,main
accent_count,4,35,6-16-7-14,1,0.00105152,verse,deuteronomy,main
accent_count,4,36,16-7-14-17,1,0.00105152,verse,deuteronomy,main
accent_count,4,37,7-14-17-8,1,0.00105152,verse,deuteronomy,main
accent_count,4,38,14-17-8-12,1,0.00105152,verse,deuteronomy,main
accent_count,4,39,17-8-12-18,1,0.00105152,verse,deuteronomy,main
accent_count,4,40,8-12-18-7,1,0.00105152,verse,deuteronomy,main
accent_count,4,41,12-18-7-19,1,0.00105152,verse,deuteronomy,main
accent_count,4,42,18-7-19-15,1,0.00105152,verse,deuteronomy,main
accent_count,4,43,7-19-15-10,1,0.00105152,verse,deuteronomy,main
accent_count,4,44,19-15-10-15,1,0.00105152,verse,deuteronomy,main
accent_count,4,45,15-10-15-11,1,0.00105152,verse,deuteronomy,main
accent_count,4,46,10-15-11-7,1,0.00105152,verse,deuteronomy,main
accent_count,4,47,15-11-7-13,1,0.00105152,verse,deuteronomy,main
accent_count,4,48,11-7-13-4,1,0.00105152,verse,deuteronomy,main
accent_count,4,49,7-13-4-7,1,0.00105152,verse,deuteronomy,main
accent_count,4,50,13-4-7-14,1,0.00105152,verse,deuteronomy,main
accent_count,5,1,20-9-18-16-10,1,0.00105263,verse,deuteronomy,main
accent_count,5,2,9-18-16-10-10,1,0.00105263,verse,deuteronomy,main
accent_count,5,3,18-16-10-10-19,1,0.00105263,verse,deuteronomy,main
accent_count,5,4,16-10-10-19-18,1,0.00105263,verse,deuteronomy,main
accent_count,5,5,10-10-19-18-9,1,0.00105263,verse,deuteronomy,main
accent_count,5,6,10-19-18-9-9,1,0.00105263,verse,deuteronomy,main
accent_count,5,7,19-18-9-9-13,1,0.00105263,verse,deuteronomy,main
accent_count,5,8,18-9-9-13-6,1,0.00105263,verse,deuteronomy,main
accent_count,5,9,9-9-13-6-9,1,0.00105263,verse,deuteronomy,main
accent_count,5,10,9-13-6-9-7,1,0.00105263,verse,deuteronomy,main
accent_count,5,11,13-6-9-7-20,1,0.00105263,verse,deuteronomy,main
accent_count,5,12,6-9-7-20-14,1,0.00105263,verse,deuteronomy,main
accent_count,5,13,9-7-20-14-21,1,0.00105263,verse,deuteronomy,main
accent_count,5,14,7-20-14-21-8,1,0.00105263,verse,deuteronomy,main
accent_count,5,15,20-14-21-8-22,1,0.00105263,verse,deuteronomy,main
accent_count,5,16,14-21-8-22-9,1,0.00105263,verse,deuteronomy,main
accent_count,5,17,21-8-22-9-16,1,0.00105263,verse,deuteronomy,main
accent_count,5,18,8-22-9-16-20,1,0.00105263,verse,deuteronomy,main
accent_count,5,19,22-9-16-20-11,1,0.00105263,verse,deuteronomy,main
accent_count,5,20,9-16-20-11-8,1,0.00105263,verse,deuteronomy,main
accent_count,5,21,16-20-11-8-16,1,0.00105263,verse,deuteronomy,main
accent_count,5,22,20-11-8-16-7,1,0.00105263,verse,deuteronomy,main
accent_count,5,23,11-8-16-7-14,1,0.00105263,verse,deuteronomy,main
accent_count,5,24,8-16-7-14-19,1,0.00105263,verse,deuteronomy,main
accent_count,5,25,16-7-14-19-6,1,0.00105263,verse,deuteronomy,main
accent_count,5,26,7-14-19-6-13,1,0.00105263,verse,deuteronomy,main
accent_count,5,27,14-19-6-13-16,1,0.00105263,verse,deuteronomy,main
accent_count,5,28,19-6-13-16-6,1,0.00105263,verse,deuteronomy,main
accent_count,5,29,6-13-16-6-16,1,0.00105263,verse,deuteronomy,main
accent_count,5,30,13-16-6-16-7,1,0.00105263,verse,deuteronomy,main
accent_count,5,31,16-6-16-7-14,1,0.00105263,verse,deuteronomy,main
accent_count,5,32,6-16-7-14-17,1,0.00105263,verse,deuteronomy,main
accent_count,5,33,16-7-14-17-8,1,0.00105263,verse,deuteronomy,main
accent_count,5,34,7-14-17-8-12,1,0.00105263,verse,deuteronomy,main
accent_count,5,35,14-17-8-12-18,1,0.00105263,verse,deuteronomy,main
accent_count,5,36,17-8-12-18-7,1,0.00105263,verse,deuteronomy,main
accent_count,5,37,8-12-18-7-19,1,0.00105263,verse,deuteronomy,main
accent_count,5,38,12-18-7-19-15,1,0.00105263,verse,deuteronomy,main
accent_count,5,39,18-7-19-15-10,1,0.00105263,verse,deuteronomy,main
accent_count,5,40,7-19-15-10-15,1,0.00105263,verse,deuteronomy,main
accent_count,5,41,19-15-10-15-11,1,0.00105263,verse,deuteronomy,main
accent_count,5,42,15-10-15-11-7,1,0.00105263,verse,deuteronomy,main
accent_count,5,43,10-15-11-7-13,1,0.00105263,verse,deuteronomy,main
accent_count,5,44,15-11-7-13-4,1,0.00105263,verse,deuteronomy,main
accent_count,5,45,11-7-13-4-7,1,0.00105263,verse,deuteronomy,main
accent_count,5,46,7-13-4-7-14,1,0.00105263,verse,deuteronomy,main
accent_count,5,47,13-4-7-14-16,1,0.00105263,verse,deuteronomy,main
accent_count,5,48,4-7-14-16-10,1,0.00105263,verse,deuteronomy,main
accent_count,5,49,7-14-16-10-21,1,0.00105263,verse,deuteronomy,main
accent_count,5,50,14-16-10-21-16,1,0.00105263,verse,deuteronomy,main
accent_count,6,1,20-9-18-16-10-10,1,0.00105374,verse,deuteronomy,main
accent_count,6,2,9-18-16-10-10-19,1,0.00105374,verse,deuteronomy,main
accent_count,6,3,18-16-10-10-19-18,1,0.00105374,verse,deuteronomy,main
accent_count,6,4,16-10-10-19-18-9,1,0.00105374,verse,deuteronomy,main
accent_count,6,5,10-10-19-18-9-9,1,0.00105374,verse,deuteronomy,main
accent_count,6,6,10-19-18-9-9-13,1,0.00105374,verse,deuteronomy,main
accent_count,6,7,19-18-9-9-13-6,1,0.00105374,verse,deuteronomy,main
accent_count,6,8,18-9-9-13-6-9,1,0.00105374,verse,deuteronomy,main
accent_count,6,9,9-9-13-6-9-7,1,0.00105374,verse,deuteronomy,main
accent_count,6,10,9-13-6-9-7-20,1,0.00105374,verse,deuteronomy,main
accent_count,6,11,13-6-9-7-20-14,1,0.00105374,verse,deuteronomy,main
accent_count,6,12,6-9-7-20-14-21,1,0.00105374,verse,deuteronomy,main
accent_count,6,13,9-7-20-14-21-8,1,0.00105374,verse,deuteronomy,main
accent_count,6,14,7-20-14-21-8-22,1,0.00105374,verse,deuteronomy,main
accent_count,6,15,20-14-21-8-22-9,1,0.00105374,verse,deuteronomy,main
accent_count,6,16,14-21-8-22-9-16,1,0.00105374,verse,deuteronomy,main
accent_count,6,17,21-8-22-9-16-20,1,0.00105374,verse,deuteronomy,main
accent_count,6,18,8-22-9-16-20-11,1,0.00105374,verse,deuteronomy,main
accent_count,6,19,22-9-16-20-11-8,1,0.00105374,verse,deuteronomy,main
accent_count,6,20,9-16-20-11-8-16,1,0.00105374,verse,deuteronomy,main
accent_count,6,21,16-20-11-8-16-7,1,0.00105374,verse,deuteronomy,main
accent_count,6,22,20-11-8-16-7-14,1,0.00105374,verse,deuteronomy,main
accent_count,6,23,11-8-16-7-14-19,1,0.00105374,verse,deuteronomy,main
accent_count,6,24,8-16-7-14-19-6,1,0.00105374,verse,deuteronomy,main
accent_count,6,25,16-7-14-19-6-13,1,0.00105374,verse,deuteronomy,main
accent_count,6,26,7-14-19-6-13-16,1,0.00105374,verse,deuteronomy,main
accent_count,6,27,14-19-6-13-16-6,1,0.00105374,verse,deuteronomy,main
accent_count,6,28,19-6-13-16-6-16,1,0.00105374,verse,deuteronomy,main
accent_count,6,29,6-13-16-6-16-7,1,0.00105374,verse,deuteronomy,main
accent_count,6,30,13-16-6-16-7-14,1,0.00105374,verse,deuteronomy,main
accent_count,6,31,16-6-16-7-14-17,1,0.00105374,verse,deuteronomy,main
accent_count,6,32,6-16-7-14-17-8,1,0.00105374,verse,deuteronomy,main
accent_count,6,33,16-7-14-17-8-12,1,0.00105374,verse,deuteronomy,main
accent_count,6,34,7-14-17-8-12-18,1,0.00105374,verse,deuteronomy,main
accent_count,6,35,14-17-8-12-18-7,1,0.00105374,verse,deuteronomy,main
accent_count,6,36,17-8-12-18-7-19,1,0.00105374,verse,deuteronomy,main
accent_count,6,37,8-12-18-7-19-15,1,0.00105374,verse,deuteronomy,main
accent_count,6,38,12-18-7-19-15-10,1,0.00105374,verse,deuteronomy,main
accent_count,6,39,18-7-19-15-10-15,1,0.00105374,verse,deuteronomy,main
accent_count,6,40,7-19-15-10-15-11,1,0.00105374,verse,deuteronomy,main
accent_count,6,41,19-15-10-15-11-7,1,0.00105374,verse,deuteronomy,main
accent_count,6,42,15-10-15-11-7-13,1,0.00105374,verse,deuteronomy,main
accent_count,6,43,10-15-11-7-13-4,1,0.00105374,verse,deuteronomy,main
accent_count,6,44,15-11-7-13-4-7,1,0.00105374,verse,deuteronomy,main
accent_count,6,45,11-7-13-4-7-14,1,0.00105374,verse,deuteronomy,main
accent_count,6,46,7-13-4-7-14-16,1,0.00105374,verse,deuteronomy,main
accent_count,6,47,13-4-7-14-16-10,1,0.00105374,verse,deuteronomy,main
accent_count,6,48,4-7-14-16-10-21,1,0.00105374,verse,deuteronomy,main
accent_count,6,49,7-14-16-10-21-16,1,0.00105374,verse,deuteronomy,main
accent_count,6,50,14-16-10-21-16-19,1,0.00105374,verse,deuteronomy,main
word_count,2,1,5-6,39,0.02095648,major,deuteronomy,main
word_count,2,2,6-6,37,0.01988178,major,deuteronomy,main
word_count,2,3,4-4,30,0.01612037,major,deuteronomy,main
word_count,2,4,6-5,27,0.01450833,major,deuteronomy,main
word_count,2,5,5-4,27,0.01450833,major,deuteronomy,main
word_count,2,6,6-4,27,0.01450833,major,deuteronomy,main
word_count,2,7,7-6,26,0.01397098,major,deuteronomy,main
word_count,2,8,3-3,26,0.01397098,major,deuteronomy,main
word_count,2,9,9-5,23,0.01235895,major,deuteronomy,main
word_count,2,10,7-4,22,0.0118216,major,deuteronomy,main
word_count,2,11,6-7,22,0.0118216,major,deuteronomy,main
word_count,2,12,4-7,21,0.01128426,major,deuteronomy,main
word_count,2,13,4-5,21,0.01128426,major,deuteronomy,main
word_count,2,14,4-6,21,0.01128426,major,deuteronomy,main
word_count,2,15,6-3,20,0.01074691,major,deuteronomy,main
word_count,2,16,8-9,20,0.01074691,major,deuteronomy,main
word_count,2,17,5-3,19,0.01020956,major,deuteronomy,main
word_count,2,18,4-3,19,0.01020956,major,deuteronomy,main
word_count,2,19,3-5,18,0.00967222,major,deuteronomy,main
word_count,2,20,3-6,18,0.00967222,major,deuteronomy,main
word_count,2,21,6-9,18,0.00967222,major,deuteronomy,main
word_count,2,22,9-7,17,0.00913487,major,deuteronomy,main
word_count,2,23,4-8,17,0.00913487,major,deuteronomy,main
word_count,2,24,3-8,16,0.00859753,major,deuteronomy,main
word_count,2,25,8-5,16,0.00859753,major,deuteronomy,main
word_count,2,26,5-5,16,0.00859753,major,deuteronomy,main
word_count,2,27,3-10,16,0.00859753,major,deuteronomy,main
word_count,2,28,7-5,16,0.00859753,major,deuteronomy,main
word_count,2,29,5-9,15,0.00806018,major,deuteronomy,main
word_count,2,30,9-4,15,0.00806018,major,deuteronomy,main
word_count,2,31,11-6,15,0.00806018,major,deuteronomy,main
word_count,2,32,7-8,15,0.00806018,major,deuteronomy,main
word_count,2,33,11-9,14,0.00752284,major,deuteronomy,main
word_count,2,34,9-8,14,0.00752284,major,deuteronomy,main
word_count,2,35,3-7,14,0.00752284,major,deuteronomy,main
word_count,2,36,7-12,14,0.00752284,major,deuteronomy,main
word_count,2,37,6-13,14,0.00752284,major,deuteronomy,main
word_count,2,38,6-8,14,0.00752284,major,deuteronomy,main
word_count,2,39,4-9,14,0.00752284,major,deuteronomy,main
word_count,2,40,6-10,14,0.00752284,major,deuteronomy,main
word_count,2,41,7-7,14,0.00752284,major,deuteronomy,main
word_count,2,42,8-11,13,0.00698549,major,deuteronomy,main
word_count,2,43,5-8,13,0.00698549,major,deuteronomy,main
word_count,2,44,2-6,13,0.00698549,major,deuteronomy,main
word_count,2,45,10-6,13,0.00698549,major,deuteronomy,main
word_count,2,46,8-7,13,0.00698549,major,deuteronomy,main
word_count,2,47,11-5,13,0.00698549,major,deuteronomy,main
word_count,2,48,8-6,13,0.00698549,major,deuteronomy,main
word_count,2,49,10-5,13,0.00698549,major,deuteronomy,main
word_count,2,50,7-3,12,0.00644815,major,deuteronomy,main
word_count,3,1,5-3-8,7,0.00376344,major,deuteronomy,main
word_count,3,2,6-3-3,7,0.00376344,major,deuteronomy,main
word_count,3,3,4-4-4,7,0.00376344,major,deuteronomy,main
word_count,3,4,6-4-6,6,0.00322581,major,deuteronomy,main
word_count,3,5,5-6-6,6,0.00322581,major,deuteronomy,main
word_count,3,6,11-6-6,6,0.00322581,major,deuteronomy,main
word_count,3,7,6-6-6,6,0.00322581,major,deuteronomy,main
word_count,3,8,5-6-3,6,0.00322581,major,deuteronomy,main
word_count,3,9,3-3-3,6,0.00322581,major,deuteronomy,main
word_count,3,10,7-6-5,5,0.00268817,major,deuteronomy,main
word_count,3,11,3-3-7,5,0.00268817,major,deuteronomy,main
word_count,3,12,7-12-11,5,0.00268817,major,deuteronomy,main
word_count,3,13,7-5-6,5,0.00268817,major,deuteronomy,main
word_count,3,14,8-5-6,5,0.00268817,major,deuteronomy,main
word_count,3,15,6-4-4,5,0.00268817,major,deuteronomy,main
word_count,3,16,6-9-5,5,0.00268817,major,deuteronomy,main
word_count,3,17,9-5-6,5,0.00268817,major,deuteronomy,main
word_count,3,18,4-4-8,5,0.00268817,major,deuteronomy,main
word_count,3,19,3-5-6,5,0.00268817,major,deuteronomy,main
word_count,3,20,10-6-7,5,0.00268817,major,deuteronomy,main
word_count,3,21,6-7-5,5,0.00268817,major,deuteronomy,main
word_count,3,22,6-6-9,5,0.00268817,major,deuteronomy,main
word_count,3,23,5-5-6,5,0.00268817,major,deuteronomy,main
word_count,3,24,9-7-6,5,0.00268817,major,deuteronomy,main
word_count,3,25,3-3-6,5,0.00268817,major,deuteronomy,main
word_count,3,26,5-5-4,4,0.00215054,major,deuteronomy,main
word_count,3,27,3-8-7,4,0.00215054,major,deuteronomy,main
word_count,3,28,6-11-3,4,0.00215054,major,deuteronomy,main
word_count,3,29,3-5-9,4,0.00215054,major,deuteronomy,main
word_count,3,30,5-6-5,4,0.00215054,major,deuteronomy,main
word_count,3,31,5-4-7,4,0.00215054,major,deuteronomy,main
word_count,3,32,4-7-4,4,0.00215054,major,deuteronomy,main
word_count,3,33,4-3-10,4,0.00215054,major,deuteronomy,main
word_count,3,34,3-10-6,4,0.00215054,major,deuteronomy,main
word_count,3,35,3-5-4,4,0.00215054,major,deuteronomy,main
word_count,3,36,5-4-9,4,0.00215054,major,deuteronomy,main
word_count,3,37,5-4-4,4,0.00215054,major,deuteronomy,main
word_count,3,38,9-4-7,4,0.00215054,major,deuteronomy,main
word_count,3,39,9-10-5,4,0.00215054,major,deuteronomy,main
word_count,3,40,4-6-4,4,0.00215054,major,deuteronomy,main
word_count,3,41,3-6-4,4,0.00215054,major,deuteronomy,main
word_count,3,42,8-8-6,4,0.00215054,major,deuteronomy,main
word_count,3,43,6-7-6,4,0.00215054,major,deuteronomy,main
word_count,3,44,4-8-11,4,0.00215054,major,deuteronomy,main
word_count,3,45,7-6-4,4,0.00215054,major,deuteronomy,main
word_count,3,46,4-3-6,4,0.00215054,major,deuteronomy,main
word_count,3,47,6-4-3,4,0.00215054,major,deuteronomy,main
word_count,3,48,4-6-6,4,0.00215054,major,deuteronomy,main
word_count,3,49,6-5-6,4,0.00215054,major,deuteronomy,main
word_count,3,50,4-3-3,4,0.00215054,major,deuteronomy,main
word_count,4,1,4-4-4-4,5,0.00268962,major,deuteronomy,main
word_count,4,2,5-3-8-7,3,0.00161377,major,deuteronomy,main
word_count,4,3,4-3-10-6,3,0.00161377,major,deuteronomy,main
word_count,4,4,11-6-6-6,3,0.00161377,major,deuteronomy,main
word_count,4,5,6-9-5-6,3,0.00161377,major,deuteronomy,main
word_count,4,6,4-4-8-11,3,0.00161377,major,deuteronomy,main
word_count,4,7,6-3-3-3,3,0.00161377,major,deuteronomy,main
word_count,4,8,6-6-9-5,3,0.00161377,major,deuteronomy,main
word_count,4,9,8-4-7-6,2,0.00107585,major,deuteronomy,main
word_count,4,10,4-7-6-5,2,0.00107585,major,deuteronomy,main
word_count,4,11,5-3-3-7,2,0.00107585,major,deuteronomy,main
word_count,4,12,6-11-3-5,2,0.00107585,major,deuteronomy,main
word_count,4,13,7-9-5-3,2,0.00107585,major,deuteronomy,main
word_count,4,14,9-5-3-8,2,0.00107585,major,deuteronomy,main
word_count,4,15,3-5-4-9,2,0.00107585,major,deuteronomy,main
word_count,4,16,5-4-4-10,2,0.00107585,major,deuteronomy,main
word_count,4,17,4-10-4-17,2,0.00107585,major,deuteronomy,main
word_count,4,18,10-4-17-8,2,0.00107585,major,deuteronomy,main
word_count,4,19,14-4-9-5,2,0.00107585,major,deuteronomy,main
word_count,4,20,9-10-5-9,2,0.00107585,major,deuteronomy,main
word_count,4,21,5-7-4-7,2,0.00107585,major,deuteronomy,main
word_count,4,22,6-6-6-8,2,0.00107585,major,deuteronomy,main
word_count,4,23,8-2-6-4,2,0.00107585,major,deuteronomy,main
word_count,4,24,4-8-13-7,2,0.00107585,major,deuteronomy,main
word_count,4,25,6-4-4-5,2,0.00107585,major,deuteronomy,main
word_count,4,26,5-3-5-9,2,0.00107585,major,deuteronomy,main
word_count,4,27,11-12-10-11,2,0.00107585,major,deuteronomy,main
word_count,4,28,9-5-4-7,2,0.00107585,major,deuteronomy,main
word_count,4,29,6-9-8-7,2,0.00107585,major,deuteronomy,main
word_count,4,30,6-4-6-8,2,0.00107585,major,deuteronomy,main
word_count,4,31,8-4-4-8,2,0.00107585,major,deuteronomy,main
word_count,4,32,6-4-4-2,2,0.00107585,major,deuteronomy,main
word_count,4,33,7-12-11-12,2,0.00107585,major,deuteronomy,main
word_count,4,34,9-9-5-4,2,0.00107585,major,deuteronomy,main
word_count,4,35,10-6-7-5,2,0.00107585,major,deuteronomy,main
word_count,4,36,9-5-6-9,2,0.00107585,major,deuteronomy,main
word_count,4,37,6-13-4-4,2,0.00107585,major,deuteronomy,main
word_count,4,38,5-6-3-2,2,0.00107585,major,deuteronomy,main
word_count,4,39,7-3-7-6,2,0.00107585,major,deuteronomy,main
word_count,4,40,7-6-3-3,2,0.00107585,major,deuteronomy,main
word_count,4,41,5-6-3-6,2,0.00107585,major,deuteronomy,main
word_count,4,42,12-9-7-6,2,0.00107585,major,deuteronomy,main
word_count,4,43,7-6-10-4,2,0.00107585,major,deuteronomy,main
word_count,4,44,4-3-6-5,2,0.00107585,major,deuteronomy,main
word_count,4,45,8-5-6-3,2,0.00107585,major,deuteronomy,main
word_count,4,46,3-7-4-3,2,0.00107585,major,deuteronomy,main
word_count,4,47,6-4-6-4,2,0.00107585,major,deuteronomy,main
word_count,4,48,7-4-10-4,2,0.00107585,major,deuteronomy,main
word_count,4,49,4-3-3-6,2,0.00107585,major,deuteronomy,main
word_count,4,50,5-4-3-3,2,0.00107585,major,deuteronomy,main
word_count,5,1,4-4-4-4-4,3,0.00161464,major,deuteronomy,main
word_count,5,2,8-4-7-6-5,2,0.00107643,major,deuteronomy,main
word_count,5,3,11-6-6-6-8,2,0.00107643,major,deuteronomy,main
word_count,5,4,6-6-9-5-6,2,0.00107643,major,deuteronomy,main
word_count,5,5,6-3-3-3-3,2,0.00107643,major,deuteronomy,main
word_count,5,6,10-12-7-3-8,1,0.00053821,major,deuteronomy,main
word_count,5,7,12-7-3-8-11,1,0.00053821,major,deuteronomy,main
word_count,5,8,7-3-8-11-9,1,0.00053821,major,deuteronomy,main
word_count,5,9,3-8-11-9-8,1,0.00053821,major,deuteronomy,main
word_count,5,10,8-11-9-8-4,1,0.00053821,major,deuteronomy,main
word_count,5,11,11-9-8-4-7,1,0.00053821,major,deuteronomy,main
word_count,5,12,9-8-4-7-6,1,0.00053821,major,deuteronomy,main
word_count,5,13,4-7-6-5-15,1,0.00053821,major,deuteronomy,main
word_count,5,14,7-6-5-15-8,1,0.00053821,major,deuteronomy,main
word_count,5,15,6-5-15-8-5,1,0.00053821,major,deuteronomy,main
word_count,5,16,5-15-8-5-15,1,0.00053821,major,deuteronomy,main
word_count,5,17,15-8-5-15-5,1,0.00053821,major,deuteronomy,main
word_count,5,18,8-5-15-5-5,1,0.00053821,major,deuteronomy,main
word_count,5,19,5-15-5-5-4,1,0.00053821,major,deuteronomy,main
word_count,5,20,15-5-5-4-5,1,0.00053821,major,deuteronomy,main
word_count,5,21,5-5-4-5-8,1,0.00053821,major,deuteronomy,main
word_count,5,22,5-4-5-8-5,1,0.00053821,major,deuteronomy,main
word_count,5,23,4-5-8-5-3,1,0.00053821,major,deuteronomy,main
word_count,5,24,5-8-5-3-3,1,0.00053821,major,deuteronomy,main
word_count,5,25,8-5-3-3-7,1,0.00053821,major,deuteronomy,main
word_count,5,26,5-3-3-7-2,1,0.00053821,major,deuteronomy,main
word_count,5,27,3-3-7-2-2,1,0.00053821,major,deuteronomy,main
word_count,5,28,3-7-2-2-6,1,0.00053821,major,deuteronomy,main
word_count,5,29,7-2-2-6-11,1,0.00053821,major,deuteronomy,main
word_count,5,30,2-2-6-11-10,1,0.00053821,major,deuteronomy,main
word_count,5,31,2-6-11-10-6,1,0.00053821,major,deuteronomy,main
word_count,5,32,6-11-10-6-11,1,0.00053821,major,deuteronomy,main
word_count,5,33,11-10-6-11-15,1,0.00053821,major,deuteronomy,main
word_count,5,34,10-6-11-15-7,1,0.00053821,major,deuteronomy,main
word_count,5,35,6-11-15-7-4,1,0.00053821,major,deuteronomy,main
word_count,5,36,11-15-7-4-5,1,0.00053821,major,deuteronomy,main
word_count,5,37,15-7-4-5-19,1,0.00053821,major,deuteronomy,main
word_count,5,38,7-4-5-19-4,1,0.00053821,major,deuteronomy,main
word_count,5,39,4-5-19-4-2,1,0.00053821,major,deuteronomy,main
word_count,5,40,5-19-4-2-9,1,0.00053821,major,deuteronomy,main
word_count,5,41,19-4-2-9-7,1,0.00053821,major,deuteronomy,main
word_count,5,42,4-2-9-7-12,1,0.00053821,major,deuteronomy,main
word_count,5,43,2-9-7-12-11,1,0.00053821,major,deuteronomy,main
word_count,5,44,9-7-12-11-13,1,0.00053821,major,deuteronomy,main
word_count,5,45,7-12-11-13-3,1,0.00053821,major,deuteronomy,main
word_count,5,46,12-11-13-3-8,1,0.00053821,major,deuteronomy,main
word_count,5,47,11-13-3-8-7,1,0.00053821,major,deuteronomy,main
word_count,5,48,13-3-8-7-2,1,0.00053821,major,deuteronomy,main
word_count,5,49,3-8-7-2-6,1,0.00053821,major,deuteronomy,main
word_count,5,50,8-7-2-6-11,1,0.00053821,major,deuteronomy,main
word_count,6,1,10-12-7-3-8-11,1,0.0005385,major,deuteronomy,main
word_count,6,2,12-7-3-8-11-9,1,0.0005385,major,deuteronomy,main
word_count,6,3,7-3-8-11-9-8,1,0.0005385,major,deuteronomy,main
word_count,6,4,3-8-11-9-8-4,1,0.0005385,major,deuteronomy,main
word_count,6,5,8-11-9-8-4-7,1,0.0005385,major,deuteronomy,main
word_count,6,6,11-9-8-4-7-6,1,0.0005385,major,deuteronomy,main
word_count,6,7,9-8-4-7-6-5,1,0.0005385,major,deuteronomy,main
word_count,6,8,8-4-7-6-5-15,1,0.0005385,major,deuteronomy,main
word_count,6,9,4-7-6-5-15-8,1,0.0005385,major,deuteronomy,main
word_count,6,10,7-6-5-15-8-5,1,0.0005385,major,deuteronomy,main
word_count,6,11,6-5-15-8-5-15,1,0.0005385,major,deuteronomy,main
word_count,6,12,5-15-8-5-15-5,1,0.0005385,major,deuteronomy,main
word_count,6,13,15-8-5-15-5-5,1,0.0005385,major,deuteronomy,main
word_count,6,14,8-5-15-5-5-4,1,0.0005385,major,deuteronomy,main
word_count,6,15,5-15-5-5-4-5,1,0.0005385,major,deuteronomy,main
word_count,6,16,15-5-5-4-5-8,1,0.0005385,major,deuteronomy,main
word_count,6,17,5-5-4-5-8-5,1,0.0005385,major,deuteronomy,main
word_count,6,18,5-4-5-8-5-3,1,0.0005385,major,deuteronomy,main
word_count,6,19,4-5-8-5-3-3,1,0.0005385,major,deuteronomy,main
word_count,6,20,5-8-5-3-3-7,1,0.0005385,major,deuteronomy,main
word_count,6,21,8-5-3-3-7-2,1,0.0005385,major,deuteronomy,main
word_count,6,22,5-3-3-7-2-2,1,0.0005385,major,deuteronomy,main
word_count,6,23,3-3-7-2-2-6,1,0.0005385,major,deuteronomy,main
word_count,6,24,3-7-2-2-6-11,1,0.0005385,major,deuteronomy,main
word_count,6,25,7-2-2-6-11-10,1,0.0005385,major,deuteronomy,main
word_count,6,26,2-2-6-11-10-6,1,0.0005385,major,deuteronomy,main
word_count,6,27,2-6-11-10-6-11,1,0.0005385,major,deuteronomy,main
word_count,6,28,6-11-10-6-11-15,1,0.0005385,major,deuteronomy,main
word_count,6,29,11-10-6-11-15-7,1,0.0005385,major,deuteronomy,main
word_count,6,30,10-6-11-15-7-4,1,0.0005385,major,deuteronomy,main
word_count,6,31,6-11-15-7-4-5,1,0.0005385,major,deuteronomy,main
word_count,6,32,11-15-7-4-5-19,1,0.0005385,major,deuteronomy,main
word_count,6,33,15-7-4-5-19-4,1,0.0005385,major,deuteronomy,main
word_count,6,34,7-4-5-19-4-2,1,0.0005385,major,deuteronomy,main
word_count,6,35,4-5-19-4-2-9,1,0.0005385,major,deuteronomy,main
word_count,6,36,5-19-4-2-9-7,1,0.0005385,major,deuteronomy,main
word_count,6,37,19-4-2-9-7-12,1,0.0005385,major,deuteronomy,main
word_count,6,38,4-2-9-7-12-11,1,0.0005385,major,deuteronomy,main
word_count,6,39,2-9-7-12-11-13,1,0.0005385,major,deuteronomy,main
word_count,6,40,9-7-12-11-13-3,1,0.0005385,major,deuteronomy,main
word_count,6,41,7-12-11-13-3-8,1,0.0005385,major,deuteronomy,main
word_count,6,42,12-11-13-3-8-7,1,0.0005385,major,deuteronomy,main
word_count,6,43,11-13-3-8-7-2,1,0.0005385,major,deuteronomy,main
word_count,6,44,13-3-8-7-2-6,1,0.0005385,major,deuteronomy,main
word_count,6,45,3-8-7-2-6-11,1,0.0005385,major,deuteronomy,main
word_count,6,46,8-7-2-6-11-3,1,0.0005385,major,deuteronomy,main
word_count,6,47,7-2-6-11-3-5,1,0.0005385,major,deuteronomy,main
word_count,6,48,2-6-11-3-5-9,1,0.0005385,major,deuteronomy,main
word_count,6,49,6-11-3-5-9-5,1,0.0005385,major,deuteronomy,main
word_count,6,50,11-3-5-9-5-16,1,0.0005385,major,deuteronomy,main
pulse_count,2,1,11-13,10,0.00537346,major,deuteronomy,main
pulse_count,2,2,12-12,9,0.00483611,major,deuteronomy,main
pulse_count,2,3,7-12,8,0.00429876,major,deuteronomy,main
pulse_count,2,4,10-10,8,0.00429876,major,deuteronomy,main
pulse_count,2,5,13-15,8,0.00429876,major,deuteronomy,main
pulse_count,2,6,13-17,8,0.00429876,major,deuteronomy,main
pulse_count,2,7,12-24,8,0.00429876,major,deuteronomy,main
pulse_count,2,8,17-13,8,0.00429876,major,deuteronomy,main
pulse_count,2,9,14-11,8,0.00429876,major,deuteronomy,main
pulse_count,2,10,11-20,7,0.00376142,major,deuteronomy,main
pulse_count,2,11,10-19,7,0.00376142,major,deuteronomy,main
pulse_count,2,12,15-8,7,0.00376142,major,deuteronomy,main
pulse_count,2,13,14-16,7,0.00376142,major,deuteronomy,main
pulse_count,2,14,8-6,7,0.00376142,major,deuteronomy,main
pulse_count,2,15,12-7,7,0.00376142,major,deuteronomy,main
pulse_count,2,16,6-15,7,0.00376142,major,deuteronomy,main
pulse_count,2,17,8-8,7,0.00376142,major,deuteronomy,main
pulse_count,2,18,13-7,6,0.00322407,major,deuteronomy,main
pulse_count,2,19,16-14,6,0.00322407,major,deuteronomy,main
pulse_count,2,20,14-17,6,0.00322407,major,deuteronomy,main
pulse_count,2,21,17-18,6,0.00322407,major,deuteronomy,main
pulse_count,2,22,9-21,6,0.00322407,major,deuteronomy,main
pulse_count,2,23,10-25,6,0.00322407,major,deuteronomy,main
pulse_count,2,24,9-10,6,0.00322407,major,deuteronomy,main
pulse_count,2,25,20-12,6,0.00322407,major,deuteronomy,main
pulse_count,2,26,8-15,6,0.00322407,major,deuteronomy,main
pulse_count,2,27,16-17,6,0.00322407,major,deuteronomy,main
pulse_count,2,28,31-17,6,0.00322407,major,deuteronomy,main
pulse_count,2,29,7-10,6,0.00322407,major,deuteronomy,main
pulse_count,2,30,14-13,6,0.00322407,major,deuteronomy,main
pulse_count,2,31,14-12,6,0.00322407,major,deuteronomy,main
pulse_count,2,32,12-14,6,0.00322407,major,deuteronomy,main
pulse_count,2,33,11-8,6,0.00322407,major,deuteronomy,main
pulse_count,2,34,13-13,6,0.00322407,major,deuteronomy,main
pulse_count,2,35,13-14,6,0.00322407,major,deuteronomy,main
pulse_count,2,36,7-8,6,0.00322407,major,deuteronomy,main
pulse_count,2,37,11-15,5,0.00268673,major,deuteronomy,main
pulse_count,2,38,15-21,5,0.00268673,major,deuteronomy,main
pulse_count,2,39,20-7,5,0.00268673,major,deuteronomy,main
pulse_count,2,40,9-19,5,0.00268673,major,deuteronomy,main
pulse_count,2,41,6-11,5,0.00268673,major,deuteronomy,main
pulse_count,2,42,6-10,5,0.00268673,major,deuteronomy,main
pulse_count,2,43,8-10,5,0.00268673,major,deuteronomy,main
pulse_count,2,44,16-12,5,0.00268673,major,deuteronomy,main
pulse_count,2,45,12-23,5,0.00268673,major,deuteronomy,main
pulse_count,2,46,12-11,5,0.00268673,major,deuteronomy,main
pulse_count,2,47,17-23,5,0.00268673,major,deuteronomy,main
pulse_count,2,48,23-12,5,0.00268673,major,deuteronomy,main
pulse_count,2,49,11-10,5,0.00268673,major,deuteronomy,main
pulse_count,2,50,17-16,5,0.00268673,major,deuteronomy,main
pulse_count,3,1,7-11-20,3,0.0016129,major,deuteronomy,main
pulse_count,3,2,18-14-11,3,0.0016129,major,deuteronomy,main
pulse_count,3,3,12-24-14,3,0.0016129,major,deuteronomy,main
pulse_count,3,4,14-12-7,3,0.0016129,major,deuteronomy,main
pulse_count,3,5,12-7-12,3,0.0016129,major,deuteronomy,main
pulse_count,3,6,7-12-14,3,0.0016129,major,deuteronomy,main
pulse_count,3,7,6-9-6,3,0.0016129,major,deuteronomy,main
pulse_count,3,8,30-7-12,2,0.00107527,major,deuteronomy,main
pulse_count,3,9,15-17-29,2,0.00107527,major,deuteronomy,main
pulse_count,3,10,11-13-7,2,0.00107527,major,deuteronomy,main
pulse_count,3,11,10-19-12,2,0.00107527,major,deuteronomy,main
pulse_count,3,12,12-23-15,2,0.00107527,major,deuteronomy,main
pulse_count,3,13,23-30-10,2,0.00107527,major,deuteronomy,main
pulse_count,3,14,16-13-17,2,0.00107527,major,deuteronomy,main
pulse_count,3,15,18-26-18,2,0.00107527,major,deuteronomy,main
pulse_count,3,16,40-13-17,2,0.00107527,major,deuteronomy,main
pulse_count,3,17,13-17-16,2,0.00107527,major,deuteronomy,main
pulse_count,3,18,12-5-8,2,0.00107527,major,deuteronomy,main
pulse_count,3,19,16-19-9,2,0.00107527,major,deuteronomy,main
pulse_count,3,20,9-23-24,2,0.00107527,major,deuteronomy,main
pulse_count,3,21,12-11-17,2,0.00107527,major,deuteronomy,main
pulse_count,3,22,15-14-6,2,0.00107527,major,deuteronomy,main
pulse_count,3,23,15-23-12,2,0.00107527,major,deuteronomy,main
pulse_count,3,24,20-7-16,2,0.00107527,major,deuteronomy,main
pulse_count,3,25,17-5-9,2,0.00107527,major,deuteronomy,main
pulse_count,3,26,21-14-12,2,0.00107527,major,deuteronomy,main
pulse_count,3,27,11-20-8,2,0.00107527,major,deuteronomy,main
pulse_count,3,28,8-6-26,2,0.00107527,major,deuteronomy,main
pulse_count,3,29,14-28-24,2,0.00107527,major,deuteronomy,main
pulse_count,3,30,19-28-20,2,0.00107527,major,deuteronomy,main
pulse_count,3,31,12-12-24,2,0.00107527,major,deuteronomy,main
pulse_count,3,32,45-16-16,2,0.00107527,major,deuteronomy,main
pulse_count,3,33,16-10-30,2,0.00107527,major,deuteronomy,main
pulse_count,3,34,8-20-12,2,0.00107527,major,deuteronomy,main
pulse_count,3,35,17-20-22,2,0.00107527,major,deuteronomy,main
pulse_count,3,36,31-9-27,2,0.00107527,major,deuteronomy,main
pulse_count,3,37,9-27-21,2,0.00107527,major,deuteronomy,main
pulse_count,3,38,16-18-14,2,0.00107527,major,deuteronomy,main
pulse_count,3,39,17-13-17,2,0.00107527,major,deuteronomy,main
pulse_count,3,40,12-10-29,2,0.00107527,major,deuteronomy,main
pulse_count,3,41,15-7-7,2,0.00107527,major,deuteronomy,main
pulse_count,3,42,10-36-22,2,0.00107527,major,deuteronomy,main
pulse_count,3,43,10-5-26,2,0.00107527,major,deuteronomy,main
pulse_count,3,44,5-26-16,2,0.00107527,major,deuteronomy,main
pulse_count,3,45,12-14-10,2,0.00107527,major,deuteronomy,main
pulse_count,3,46,9-10-19,2,0.00107527,major,deuteronomy,main
pulse_count,3,47,12-9-10,2,0.00107527,major,deuteronomy,main
pulse_count,3,48,11-8-18,2,0.00107527,major,deuteronomy,main
pulse_count,3,49,8-18-15,2,0.00107527,major,deuteronomy,main
pulse_count,3,50,16-14-13,2,0.00107527,major,deuteronomy,main
pulse_count,4,1,10-5-26-16,2,0.00107585,major,deuteronomy,main
pulse_count,4,2,14-12-7-12,2,0.00107585,major,deuteronomy,main
pulse_count,4,3,6-15-6-8,2,0.00107585,major,deuteronomy,main
pulse_count,4,4,13-15-35-12,2,0.00107585,major,deuteronomy,main
pulse_count,4,5,6-8-6-9,2,0.00107585,major,deuteronomy,main
pulse_count,4,6,8-6-9-6,2,0.00107585,major,deuteronomy,main
pulse_count,4,7,20-26-12-5,1,0.00053792,major,deuteronomy,main
pulse_count,4,8,26-12-5-18,1,0.00053792,major,deuteronomy,main
pulse_count,4,9,12-5-18-23,1,0.00053792,major,deuteronomy,main
pulse_count,4,10,5-18-23-21,1,0.00053792,major,deuteronomy,main
pulse_count,4,11,18-23-21-16,1,0.00053792,major,deuteronomy,main
pulse_count,4,12,23-21-16-8,1,0.00053792,major,deuteronomy,main
pulse_count,4,13,21-16-8-12,1,0.00053792,major,deuteronomy,main
pulse_count,4,14,16-8-12-17,1,0.00053792,major,deuteronomy,main
pulse_count,4,15,8-12-17-9,1,0.00053792,major,deuteronomy,main
pulse_count,4,16,12-17-9-35,1,0.00053792,major,deuteronomy,main
pulse_count,4,17,17-9-35-20,1,0.00053792,major,deuteronomy,main
pulse_count,4,18,9-35-20-10,1,0.00053792,major,deuteronomy,main
pulse_count,4,19,35-20-10-41,1,0.00053792,major,deuteronomy,main
pulse_count,4,20,20-10-41-10,1,0.00053792,major,deuteronomy,main
pulse_count,4,21,10-41-10-9,1,0.00053792,major,deuteronomy,main
pulse_count,4,22,41-10-9-11,1,0.00053792,major,deuteronomy,main
pulse_count,4,23,10-9-11-15,1,0.00053792,major,deuteronomy,main
pulse_count,4,24,9-11-15-21,1,0.00053792,major,deuteronomy,main
pulse_count,4,25,11-15-21-11,1,0.00053792,major,deuteronomy,main
pulse_count,4,26,15-21-11-7,1,0.00053792,major,deuteronomy,main
pulse_count,4,27,21-11-7-11,1,0.00053792,major,deuteronomy,main
pulse_count,4,28,11-7-11-20,1,0.00053792,major,deuteronomy,main
pulse_count,4,29,7-11-20-7,1,0.00053792,major,deuteronomy,main
pulse_count,4,30,11-20-7-5,1,0.00053792,major,deuteronomy,main
pulse_count,4,31,20-7-5-15,1,0.00053792,major,deuteronomy,main
pulse_count,4,32,7-5-15-25,1,0.00053792,major,deuteronomy,main
pulse_count,4,33,5-15-25-29,1,0.00053792,major,deuteronomy,main
pulse_count,4,34,15-25-29-13,1,0.00053792,major,deuteronomy,main
pulse_count,4,35,25-29-13-22,1,0.00053792,major,deuteronomy,main
pulse_count,4,36,29-13-22-32,1,0.00053792,major,deuteronomy,main
pulse_count,4,37,13-22-32-19,1,0.00053792,major,deuteronomy,main
pulse_count,4,38,22-32-19-8,1,0.00053792,major,deuteronomy,main
pulse_count,4,39,32-19-8-9,1,0.00053792,major,deuteronomy,main
pulse_count,4,40,19-8-9-47,1,0.00053792,major,deuteronomy,main
pulse_count,4,41,8-9-47-8,1,0.00053792,major,deuteronomy,main
pulse_count,4,42,9-47-8-5,1,0.00053792,major,deuteronomy,main
pulse_count,4,43,47-8-5-20,1,0.00053792,major,deuteronomy,main
pulse_count,4,44,8-5-20-17,1,0.00053792,major,deuteronomy,main
pulse_count,4,45,5-20-17-24,1,0.00053792,major,deuteronomy,main
pulse_count,4,46,20-17-24-32,1,0.00053792,major,deuteronomy,main
pulse_count,4,47,17-24-32-28,1,0.00053792,major,deuteronomy,main
pulse_count,4,48,24-32-28-8,1,0.00053792,major,deuteronomy,main
pulse_count,4,49,32-28-8-17,1,0.00053792,major,deuteronomy,main
pulse_count,4,50,28-8-17-17,1,0.00053792,major,deuteronomy,main
pulse_count,5,1,6-8-6-9-6,2,0.00107643,major,deuteronomy,main
pulse_count,5,2,20-26-12-5-18,1,0.00053821,major,deuteronomy,main
pulse_count,5,3,26-12-5-18-23,1,0.00053821,major,deuteronomy,main
pulse_count,5,4,12-5-18-23-21,1,0.00053821,major,deuteronomy,main
pulse_count,5,5,5-18-23-21-16,1,0.00053821,major,deuteronomy,main
pulse_count,5,6,18-23-21-16-8,1,0.00053821,major,deuteronomy,main
pulse_count,5,7,23-21-16-8-12,1,0.00053821,major,deuteronomy,main
pulse_count,5,8,21-16-8-12-17,1,0.00053821,major,deuteronomy,main
pulse_count,5,9,16-8-12-17-9,1,0.00053821,major,deuteronomy,main
pulse_count,5,10,8-12-17-9-35,1,0.00053821,major,deuteronomy,main
pulse_count,5,11,12-17-9-35-20,1,0.00053821,major,deuteronomy,main
pulse_count,5,12,17-9-35-20-10,1,0.00053821,major,deuteronomy,main
pulse_count,5,13,9-35-20-10-41,1,0.00053821,major,deuteronomy,main
pulse_count,5,14,35-20-10-41-10,1,0.00053821,major,deuteronomy,main
pulse_count,5,15,20-10-41-10-9,1,0.00053821,major,deuteronomy,main
pulse_count,5,16,10-41-10-9-11,1,0.00053821,major,deuteronomy,main
pulse_count,5,17,41-10-9-11-15,1,0.00053821,major,deuteronomy,main
pulse_count,5,18,10-9-11-15-21,1,0.00053821,major,deuteronomy,main
pulse_count,5,19,9-11-15-21-11,1,0.00053821,major,deuteronomy,main
pulse_count,5,20,11-15-21-11-7,1,0.00053821,major,deuteronomy,main
pulse_count,5,21,15-21-11-7-11,1,0.00053821,major,deuteronomy,main
pulse_count,5,22,21-11-7-11-20,1,0.00053821,major,deuteronomy,main
pulse_count,5,23,11-7-11-20-7,1,0.00053821,major,deuteronomy,main
pulse_count,5,24,7-11-20-7-5,1,0.00053821,major,deuteronomy,main
pulse_count,5,25,11-20-7-5-15,1,0.00053821,major,deuteronomy,main
pulse_count,5,26,20-7-5-15-25,1,0.00053821,major,deuteronomy,main
pulse_count,5,27,7-5-15-25-29,1,0.00053821,major,deuteronomy,main
pulse_count,5,28,5-15-25-29-13,1,0.00053821,major,deuteronomy,main
pulse_count,5,29,15-25-29-13-22,1,0.00053821,major,deuteronomy,main
pulse_count,5,30,25-29-13-22-32,1,0.00053821,major,deuteronomy,main
pulse_count,5,31,29-13-22-32-19,1,0.00053821,major,deuteronomy,main
pulse_count,5,32,13-22-32-19-8,1,0.00053821,major,deuteronomy,main
pulse_count,5,33,22-32-19-8-9,1,0.00053821,major,deuteronomy,main
pulse_count,5,34,32-19-8-9-47,1,0.00053821,major,deuteronomy,main
pulse_count,5,35,19-8-9-47-8,1,0.00053821,major,deuteronomy,main
pulse_count,5,36,8-9-47-8-5,1,0.00053821,major,deuteronomy,main
pulse_count,5,37,9-47-8-5-20,1,0.00053821,major,deuteronomy,main
pulse_count,5,38,47-8-5-20-17,1,0.00053821,major,deuteronomy,main
pulse_count,5,39,8-5-20-17-24,1,0.00053821,major,deuteronomy,main
pulse_count,5,40,5-20-17-24-32,1,0.00053821,major,deuteronomy,main
pulse_count,5,41,20-17-24-32-28,1,0.00053821,major,deuteronomy,main
pulse_count,5,42,17-24-32-28-8,1,0.00053821,major,deuteronomy,main
pulse_count,5,43,24-32-28-8-17,1,0.00053821,major,deuteronomy,main
pulse_count,5,44,32-28-8-17-17,1,0.00053821,major,deuteronomy,main
pulse_count,5,45,28-8-17-17-5,1,0.00053821,major,deuteronomy,main
pulse_count,5,46,8-17-17-5-17,1,0.00053821,major,deuteronomy,main
pulse_count,5,47,17-17-5-17-30,1,0.00053821,major,deuteronomy,main
pulse_count,5,48,17-5-17-30-7,1,0.00053821,major,deuteronomy,main
pulse_count,5,49,5-17-30-7-12,1,0.00053821,major,deuteronomy,main
pulse_count,5,50,17-30-7-12-29,1,0.00053821,major,deuteronomy,main
pulse_count,6,1,20-26-12-5-18-23,1,0.0005385,major,deuteronomy,main
pulse_count,6,2,26-12-5-18-23-21,1,0.0005385,major,deuteronomy,main
pulse_count,6,3,12-5-18-23-21-16,1,0.0005385,major,deuteronomy,main
pulse_count,6,4,5-18-23-21-16-8,1,0.0005385,major,deuteronomy,main
pulse_count,6,5,18-23-21-16-8-12,1,0.0005385,major,deuteronomy,main
pulse_count,6,6,23-21-16-8-12-17,1,0.0005385,major,deuteronomy,main
pulse_count,6,7,21-16-8-12-17-9,1,0.0005385,major,deuteronomy,main
pulse_count,6,8,16-8-12-17-9-35,1,0.0005385,major,deuteronomy,main
pulse_count,6,9,8-12-17-9-35-20,1,0.0005385,major,deuteronomy,main
pulse_count,6,10,12-17-9-35-20-10,1,0.0005385,major,deuteronomy,main
pulse_count,6,11,17-9-35-20-10-41,1,0.0005385,major,deuteronomy,main
pulse_count,6,12,9-35-20-10-41-10,1,0.0005385,major,deuteronomy,main
pulse_count,6,13,35-20-10-41-10-9,1,0.0005385,major,deuteronomy,main
pulse_count,6,14,20-10-41-10-9-11,1,0.0005385,major,deuteronomy,main
pulse_count,6,15,10-41-10-9-11-15,1,0.0005385,major,deuteronomy,main
pulse_count,6,16,41-10-9-11-15-21,1,0.0005385,major,deuteronomy,main
pulse_count,6,17,10-9-11-15-21-11,1,0.0005385,major,deuteronomy,main
pulse_count,6,18,9-11-15-21-11-7,1,0.0005385,major,deuteronomy,main
pulse_count,6,19,11-15-21-11-7-11,1,0.0005385,major,deuteronomy,main
pulse_count,6,20,15-21-11-7-11-20,1,0.0005385,major,deuteronomy,main
pulse_count,6,21,21-11-7-11-20-7,1,0.0005385,major,deuteronomy,main
pulse_count,6,22,11-7-11-20-7-5,1,0.0005385,major,deuteronomy,main
pulse_count,6,23,7-11-20-7-5-15,1,0.0005385,major,deuteronomy,main
pulse_count,6,24,11-20-7-5-15-25,1,0.0005385,major,deuteronomy,main
pulse_count,6,25,20-7-5-15-25-29,1,0.0005385,major,deuteronomy,main
pulse_count,6,26,7-5-15-25-29-13,1,0.0005385,major,deuteronomy,main
pulse_count,6,27,5-15-25-29-13-22,1,0.0005385,major,deuteronomy,main
pulse_count,6,28,15-25-29-13-22-32,1,0.0005385,major,deuteronomy,main
pulse_count,6,29,25-29-13-22-32-19,1,0.0005385,major,deuteronomy,main
pulse_count,6,30,29-13-22-32-19-8,1,0.0005385,major,deuteronomy,main
pulse_count,6,31,13-22-32-19-8-9,1,0.0005385,major,deuteronomy,main
pulse_count,6,32,22-32-19-8-9-47,1,0.0005385,major,deuteronomy,main
pulse_count,6,33,32-19-8-9-47-8,1,0.0005385,major,deuteronomy,main
pulse_count,6,34,19-8-9-47-8-5,1,0.0005385,major,deuteronomy,main
pulse_count,6,35,8-9-47-8-5-20,1,0.0005385,major,deuteronomy,main
pulse_count,6,36,9-47-8-5-20-17,1,0.0005385,major,deuteronomy,main
pulse_count,6,37,47-8-5-20-17-24,1,0.0005385,major,deuteronomy,main
pulse_count,6,38,8-5-20-17-24-32,1,0.0005385,major,deuteronomy,main
pulse_count,6,39,5-20-17-24-32-28,1,0.0005385,major,deuteronomy,main
pulse_count,6,40,20-17-24-32-28-8,1,0.0005385,major,deuteronomy,main
pulse_count,6,41,17-24-32-28-8-17,1,0.0005385,major,deuteronomy,main
pulse_count,6,42,24-32-28-8-17-17,1,0.0005385,major,deuteronomy,main
pulse_count,6,43,32-28-8-17-17-5,1,0.0005385,major,deuteronomy,main
pulse_count,6,44,28-8-17-17-5-17,1,0.0005385,major,deuteronomy,main
pulse_count,6,45,8-17-17-5-17-30,1,0.0005385,major,deuteronomy,main
pulse_count,6,46,17-17-5-17-30-7,1,0.0005385,major,deuteronomy,main
pulse_count,6,47,17-5-17-30-7-12,1,0.0005385,major,deuteronomy,main
pulse_count,6,48,5-17-30-7-12-29,1,0.0005385,major,deuteronomy,main
pulse_count,6,49,17-30-7-12-29-15,1,0.0005385,major,deuteronomy,main
pulse_count,6,50,30-7-12-29-15-41,1,0.0005385,major,deuteronomy,main
accent_count,2,1,5-5,40,0.02149382,major,deuteronomy,main
accent_count,2,2,3-3,37,0.01988178,major,deuteronomy,main
accent_count,2,3,4-4,34,0.01826975,major,deuteronomy,main
accent_count,2,4,4-3,32,0.01719506,major,deuteronomy,main
accent_count,2,5,6-5,32,0.01719506,major,deuteronomy,main
accent_count,2,6,5-6,32,0.01719506,major,deuteronomy,main
accent_count,2,7,4-6,31,0.01665771,major,deuteronomy,main
accent_count,2,8,6-6,31,0.01665771,major,deuteronomy,main
accent_count,2,9,5-4,30,0.01612037,major,deuteronomy,main
accent_count,2,10,6-3,28,0.01504567,major,deuteronomy,main
accent_count,2,11,3-5,28,0.01504567,major,deuteronomy,main
accent_count,2,12,3-6,28,0.01504567,major,deuteronomy,main
accent_count,2,13,4-5,26,0.01397098,major,deuteronomy,main
accent_count,2,14,5-3,26,0.01397098,major,deuteronomy,main
accent_count,2,15,6-7,26,0.01397098,major,deuteronomy,main
accent_count,2,16,5-9,24,0.01289629,major,deuteronomy,main
accent_count,2,17,6-8,24,0.01289629,major,deuteronomy,main
accent_count,2,18,3-7,22,0.0118216,major,deuteronomy,main
accent_count,2,19,9-6,22,0.0118216,major,deuteronomy,main
accent_count,2,20,6-4,21,0.01128426,major,deuteronomy,main
accent_count,2,21,8-5,21,0.01128426,major,deuteronomy,main
accent_count,2,22,7-5,21,0.01128426,major,deuteronomy,main
accent_count,2,23,4-8,21,0.01128426,major,deuteronomy,main
accent_count,2,24,7-4,20,0.01074691,major,deuteronomy,main
accent_count,2,25,7-6,20,0.01074691,major,deuteronomy,main
accent_count,2,26,3-4,20,0.01074691,major,deuteronomy,main
accent_count,2,27,8-4,20,0.01074691,major,deuteronomy,main
accent_count,2,28,7-7,19,0.01020956,major,deuteronomy,main
accent_count,2,29,5-10,18,0.00967222,major,deuteronomy,main
accent_count,2,30,8-6,18,0.00967222,major,deuteronomy,main
accent_count,2,31,9-4,18,0.00967222,major,deuteronomy,main
accent_count,2,32,8-3,18,0.00967222,major,deuteronomy,main
accent_count,2,33,8-9,18,0.00967222,major,deuteronomy,main
accent_count,2,34,11-4,17,0.00913487,major,deuteronomy,main
accent_count,2,35,3-8,16,0.00859753,major,deuteronomy,main
accent_count,2,36,5-8,16,0.00859753,major,deuteronomy,main
accent_count,2,37,6-10,16,0.00859753,major,deuteronomy,main
accent_count,2,38,4-7,16,0.00859753,major,deuteronomy,main
accent_count,2,39,6-2,15,0.00806018,major,deuteronomy,main
accent_count,2,40,10-3,15,0.00806018,major,deuteronomy,main
accent_count,2,41,9-5,15,0.00806018,major,deuteronomy,main
accent_count,2,42,3-10,15,0.00806018,major,deuteronomy,main
accent_count,2,43,9-3,15,0.00806018,major,deuteronomy,main
accent_count,2,44,10-4,14,0.00752284,major,deuteronomy,main
accent_count,2,45,5-7,14,0.00752284,major,deuteronomy,main
accent_count,2,46,9-8,14,0.00752284,major,deuteronomy,main
accent_count,2,47,8-8,14,0.00752284,major,deuteronomy,main
accent_count,2,48,10-9,13,0.00698549,major,deuteronomy,main
accent_count,2,49,2-6,13,0.00698549,major,deuteronomy,main
accent_count,2,50,4-9,13,0.00698549,major,deuteronomy,main
accent_count,3,1,6-5-5,8,0.00430108,major,deuteronomy,main
accent_count,3,2,4-4-8,8,0.00430108,major,deuteronomy,main
accent_count,3,3,3-3-3,8,0.00430108,major,deuteronomy,main
accent_count,3,4,6-6-6,8,0.00430108,major,deuteronomy,main
accent_count,3,5,4-3-7,7,0.00376344,major,deuteronomy,main
accent_count,3,6,3-5-4,7,0.00376344,major,deuteronomy,main
accent_count,3,7,8-9-3,7,0.00376344,major,deuteronomy,main
accent_count,3,8,5-4-3,7,0.00376344,major,deuteronomy,main
accent_count,3,9,3-3-6,7,0.00376344,major,deuteronomy,main
accent_count,3,10,3-6-5,7,0.00376344,major,deuteronomy,main
accent_count,3,11,6-3-3,7,0.00376344,major,deuteronomy,main
accent_count,3,12,5-3-3,6,0.00322581,major,deuteronomy,main
accent_count,3,13,5-5-3,6,0.00322581,major,deuteronomy,main
accent_count,3,14,11-4-4,6,0.00322581,major,deuteronomy,main
accent_count,3,15,5-6-6,6,0.00322581,major,deuteronomy,main
accent_count,3,16,7-5-5,6,0.00322581,major,deuteronomy,main
accent_count,3,17,4-6-3,6,0.00322581,major,deuteronomy,main
accent_count,3,18,5-5-6,6,0.00322581,major,deuteronomy,main
accent_count,3,19,8-4-6,6,0.00322581,major,deuteronomy,main
accent_count,3,20,4-5-6,6,0.00322581,major,deuteronomy,main
accent_count,3,21,5-3-6,6,0.00322581,major,deuteronomy,main
accent_count,3,22,3-5-3,6,0.00322581,major,deuteronomy,main
accent_count,3,23,5-4-4,5,0.00268817,major,deuteronomy,main
accent_count,3,24,3-3-7,5,0.00268817,major,deuteronomy,main
accent_count,3,25,12-5-5,5,0.00268817,major,deuteronomy,main
accent_count,3,26,4-4-6,5,0.00268817,major,deuteronomy,main
accent_count,3,27,4-4-3,5,0.00268817,major,deuteronomy,main
accent_count,3,28,8-5-6,5,0.00268817,major,deuteronomy,main
accent_count,3,29,10-9-6,5,0.00268817,major,deuteronomy,main
accent_count,3,30,7-7-3,5,0.00268817,major,deuteronomy,main
accent_count,3,31,7-5-6,5,0.00268817,major,deuteronomy,main
accent_count,3,32,2-5-4,5,0.00268817,major,deuteronomy,main
accent_count,3,33,5-10-3,5,0.00268817,major,deuteronomy,main
accent_count,3,34,6-7-5,5,0.00268817,major,deuteronomy,main
accent_count,3,35,9-4-5,5,0.00268817,major,deuteronomy,main
accent_count,3,36,6-7-6,5,0.00268817,major,deuteronomy,main
accent_count,3,37,8-3-3,5,0.00268817,major,deuteronomy,main
accent_count,3,38,5-6-8,5,0.00268817,major,deuteronomy,main
accent_count,3,39,5-3-4,5,0.00268817,major,deuteronomy,main
accent_count,3,40,3-4-3,5,0.00268817,major,deuteronomy,main
accent_count,3,41,6-4-5,5,0.00268817,major,deuteronomy,main
accent_count,3,42,7-4-6,4,0.00215054,major,deuteronomy,main
accent_count,3,43,5-8-5,4,0.00215054,major,deuteronomy,main
accent_count,3,44,4-9-5,4,0.00215054,major,deuteronomy,main
accent_count,3,45,4-7-6,4,0.00215054,major,deuteronomy,main
accent_count,3,46,3-7-7,4,0.00215054,major,deuteronomy,main
accent_count,3,47,4-3-4,4,0.00215054,major,deuteronomy,main
accent_count,3,48,7-11-4,4,0.00215054,major,deuteronomy,main
accent_count,3,49,4-4-7,4,0.00215054,major,deuteronomy,main
accent_count,3,50,7-4-3,4,0.00215054,major,deuteronomy,main
accent_count,4,1,6-6-6-6,4,0.00215169,major,deuteronomy,main
accent_count,4,2,6-11-4-4,3,0.00161377,major,deuteronomy,main
accent_count,4,3,10-6-5-5,3,0.00161377,major,deuteronomy,main
accent_count,4,4,6-6-9-6,3,0.00161377,major,deuteronomy,main
accent_count,4,5,8-9-3-5,3,0.00161377,major,deuteronomy,main
accent_count,4,6,5-5-5-3,3,0.00161377,major,deuteronomy,main
accent_count,4,7,5-3-3-3,3,0.00161377,major,deuteronomy,main
accent_count,4,8,4-13-6-4,2,0.00107585,major,deuteronomy,main
accent_count,4,9,5-3-3-7,2,0.00107585,major,deuteronomy,main
accent_count,4,10,6-2-6-10,2,0.00107585,major,deuteronomy,main
accent_count,4,11,9-4-3-7,2,0.00107585,major,deuteronomy,main
accent_count,4,12,4-3-7-7,2,0.00107585,major,deuteronomy,main
accent_count,4,13,7-12-5-5,2,0.00107585,major,deuteronomy,main
accent_count,4,14,4-4-7-4,2,0.00107585,major,deuteronomy,main
accent_count,4,15,4-7-4-3,2,0.00107585,major,deuteronomy,main
accent_count,4,16,7-4-3-9,2,0.00107585,major,deuteronomy,main
accent_count,4,17,7-11-4-8,2,0.00107585,major,deuteronomy,main
accent_count,4,18,11-4-8-5,2,0.00107585,major,deuteronomy,main
accent_count,4,19,7-3-5-4,2,0.00107585,major,deuteronomy,main
accent_count,4,20,9-3-4-4,2,0.00107585,major,deuteronomy,main
accent_count,4,21,3-4-4-14,2,0.00107585,major,deuteronomy,main
accent_count,4,22,4-4-14-5,2,0.00107585,major,deuteronomy,main
accent_count,4,23,5-7-5-5,2,0.00107585,major,deuteronomy,main
accent_count,4,24,2-6-2-3,2,0.00107585,major,deuteronomy,main
accent_count,4,25,7-7-4-7,2,0.00107585,major,deuteronomy,main
accent_count,4,26,5-9-9-4,2,0.00107585,major,deuteronomy,main
accent_count,4,27,4-4-6-3,2,0.00107585,major,deuteronomy,main
accent_count,4,28,4-6-3-5,2,0.00107585,major,deuteronomy,main
accent_count,4,29,9-8-6-3,2,0.00107585,major,deuteronomy,main
accent_count,4,30,4-8-7-5,2,0.00107585,major,deuteronomy,main
accent_count,4,31,5-6-7-12,2,0.00107585,major,deuteronomy,main
accent_count,4,32,6-2-5-4,2,0.00107585,major,deuteronomy,main
accent_count,4,33,3-8-4-6,2,0.00107585,major,deuteronomy,main
accent_count,4,34,8-4-6-3,2,0.00107585,major,deuteronomy,main
accent_count,4,35,4-6-5-2,2,0.00107585,major,deuteronomy,main
accent_count,4,36,6-5-2-5,2,0.00107585,major,deuteronomy,main
accent_count,4,37,4-3-5-4,2,0.00107585,major,deuteronomy,main
accent_count,4,38,6-5-10-3,2,0.00107585,major,deuteronomy,main
accent_count,4,39,5-10-3-9,2,0.00107585,major,deuteronomy,main
accent_count,4,40,5-8-3-6,2,0.00107585,major,deuteronomy,main
accent_count,4,41,3-6-7-5,2,0.00107585,major,deuteronomy,main
accent_count,4,42,5-6-13-8,2,0.00107585,major,deuteronomy,main
accent_count,4,43,4-3-7-8,2,0.00107585,major,deuteronomy,main
accent_count,4,44,3-7-8-8,2,0.00107585,major,deuteronomy,main
accent_count,4,45,8-4-4-6,2,0.00107585,major,deuteronomy,main
accent_count,4,46,4-6-3-2,2,0.00107585,major,deuteronomy,main
accent_count,4,47,9-12-6-8,2,0.00107585,major,deuteronomy,main
accent_count,4,48,13-8-4-6,2,0.00107585,major,deuteronomy,main
accent_count,4,49,8-4-6-7,2,0.00107585,major,deuteronomy,main
accent_count,4,50,6-7-5-6,2,0.00107585,major,deuteronomy,main
accent_count,5,1,9-4-3-7-7,2,0.00107643,major,deuteronomy,main
accent_count,5,2,4-7-4-3-9,2,0.00107643,major,deuteronomy,main
accent_count,5,3,3-4-4-14-5,2,0.00107643,major,deuteronomy,main
accent_count,5,4,3-8-4-6-3,2,0.00107643,major,deuteronomy,main
accent_count,5,5,6-5-10-3-9,2,0.00107643,major,deuteronomy,main
accent_count,5,6,4-4-8-10-4,2,0.00107643,major,deuteronomy,main
accent_count,5,7,4-8-10-4-6,2,0.00107643,major,deuteronomy,main
accent_count,5,8,10-6-5-5-8,2,0.00107643,major,deuteronomy,main
accent_count,5,9,5-5-8-5-10,2,0.00107643,major,deuteronomy,main
accent_count,5,10,13-7-3-4-9,2,0.00107643,major,deuteronomy,main
accent_count,5,11,8-9-3-5-3,2,0.00107643,major,deuteronomy,main
accent_count,5,12,9-3-5-3-6,2,0.00107643,major,deuteronomy,main
accent_count,5,13,5-5-5-3-4,2,0.00107643,major,deuteronomy,main
accent_count,5,14,3-3-9-6-6,2,0.00107643,major,deuteronomy,main
accent_count,5,15,3-3-3-6-3,2,0.00107643,major,deuteronomy,main
accent_count,5,16,3-3-6-3-3,2,0.00107643,major,deuteronomy,main
accent_count,5,17,6-6-6-6-6,2,0.00107643,major,deuteronomy,main
accent_count,5,18,8-12-6-3-8,1,0.00053821,major,deuteronomy,main
accent_count,5,19,12-6-3-8-10,1,0.00053821,major,deuteronomy,main
accent_count,5,20,6-3-8-10-9,1,0.00053821,major,deuteronomy,main
accent_count,5,21,3-8-10-9-7,1,0.00053821,major,deuteronomy,main
accent_count,5,22,8-10-9-7-4,1,0.00053821,major,deuteronomy,main
accent_count,5,23,10-9-7-4-6,1,0.00053821,major,deuteronomy,main
accent_count,5,24,9-7-4-6-6,1,0.00053821,major,deuteronomy,main
accent_count,5,25,7-4-6-6-4,1,0.00053821,major,deuteronomy,main
accent_count,5,26,4-6-6-4-13,1,0.00053821,major,deuteronomy,main
accent_count,5,27,6-6-4-13-6,1,0.00053821,major,deuteronomy,main
accent_count,5,28,6-4-13-6-4,1,0.00053821,major,deuteronomy,main
accent_count,5,29,4-13-6-4-14,1,0.00053821,major,deuteronomy,main
accent_count,5,30,13-6-4-14-5,1,0.00053821,major,deuteronomy,main
accent_count,5,31,6-4-14-5-4,1,0.00053821,major,deuteronomy,main
accent_count,5,32,4-14-5-4-4,1,0.00053821,major,deuteronomy,main
accent_count,5,33,14-5-4-4-5,1,0.00053821,major,deuteronomy,main
accent_count,5,34,5-4-4-5-8,1,0.00053821,major,deuteronomy,main
accent_count,5,35,4-4-5-8-5,1,0.00053821,major,deuteronomy,main
accent_count,5,36,4-5-8-5-3,1,0.00053821,major,deuteronomy,main
accent_count,5,37,5-8-5-3-3,1,0.00053821,major,deuteronomy,main
accent_count,5,38,8-5-3-3-7,1,0.00053821,major,deuteronomy,main
accent_count,5,39,5-3-3-7-2,1,0.00053821,major,deuteronomy,main
accent_count,5,40,3-3-7-2-2,1,0.00053821,major,deuteronomy,main
accent_count,5,41,3-7-2-2-5,1,0.00053821,major,deuteronomy,main
accent_count,5,42,7-2-2-5-10,1,0.00053821,major,deuteronomy,main
accent_count,5,43,2-2-5-10-10,1,0.00053821,major,deuteronomy,main
accent_count,5,44,2-5-10-10-5,1,0.00053821,major,deuteronomy,main
accent_count,5,45,5-10-10-5-9,1,0.00053821,major,deuteronomy,main
accent_count,5,46,10-10-5-9-14,1,0.00053821,major,deuteronomy,main
accent_count,5,47,10-5-9-14-7,1,0.00053821,major,deuteronomy,main
accent_count,5,48,5-9-14-7-4,1,0.00053821,major,deuteronomy,main
accent_count,5,49,9-14-7-4-4,1,0.00053821,major,deuteronomy,main
accent_count,5,50,14-7-4-4-18,1,0.00053821,major,deuteronomy,main
accent_count,6,1,4-4-8-10-4-6,2,0.00107701,major,deuteronomy,main
accent_count,6,2,8-9-3-5-3-6,2,0.00107701,major,deuteronomy,main
accent_count,6,3,3-3-3-6-3-3,2,0.00107701,major,deuteronomy,main
accent_count,6,4,8-12-6-3-8-10,1,0.0005385,major,deuteronomy,main
accent_count,6,5,12-6-3-8-10-9,1,0.0005385,major,deuteronomy,main
accent_count,6,6,6-3-8-10-9-7,1,0.0005385,major,deuteronomy,main
accent_count,6,7,3-8-10-9-7-4,1,0.0005385,major,deuteronomy,main
accent_count,6,8,8-10-9-7-4-6,1,0.0005385,major,deuteronomy,main
accent_count,6,9,10-9-7-4-6-6,1,0.0005385,major,deuteronomy,main
accent_count,6,10,9-7-4-6-6-4,1,0.0005385,major,deuteronomy,main
accent_count,6,11,7-4-6-6-4-13,1,0.0005385,major,deuteronomy,main
accent_count,6,12,4-6-6-4-13-6,1,0.0005385,major,deuteronomy,main
accent_count,6,13,6-6-4-13-6-4,1,0.0005385,major,deuteronomy,main
accent_count,6,14,6-4-13-6-4-14,1,0.0005385,major,deuteronomy,main
accent_count,6,15,4-13-6-4-14-5,1,0.0005385,major,deuteronomy,main
accent_count,6,16,13-6-4-14-5-4,1,0.0005385,major,deuteronomy,main
accent_count,6,17,6-4-14-5-4-4,1,0.0005385,major,deuteronomy,main
accent_count,6,18,4-14-5-4-4-5,1,0.0005385,major,deuteronomy,main
accent_count,6,19,14-5-4-4-5-8,1,0.0005385,major,deuteronomy,main
accent_count,6,20,5-4-4-5-8-5,1,0.0005385,major,deuteronomy,main
accent_count,6,21,4-4-5-8-5-3,1,0.0005385,major,deuteronomy,main
accent_count,6,22,4-5-8-5-3-3,1,0.0005385,major,deuteronomy,main
accent_count,6,23,5-8-5-3-3-7,1,0.0005385,major,deuteronomy,main
accent_count,6,24,8-5-3-3-7-2,1,0.0005385,major,deuteronomy,main
accent_count,6,25,5-3-3-7-2-2,1,0.0005385,major,deuteronomy,main
accent_count,6,26,3-3-7-2-2-5,1,0.0005385,major,deuteronomy,main
accent_count,6,27,3-7-2-2-5-10,1,0.0005385,major,deuteronomy,main
accent_count,6,28,7-2-2-5-10-10,1,0.0005385,major,deuteronomy,main
accent_count,6,29,2-2-5-10-10-5,1,0.0005385,major,deuteronomy,main
accent_count,6,30,2-5-10-10-5-9,1,0.0005385,major,deuteronomy,main
accent_count,6,31,5-10-10-5-9-14,1,0.0005385,major,deuteronomy,main
accent_count,6,32,10-10-5-9-14-7,1,0.0005385,major,deuteronomy,main
accent_count,6,33,10-5-9-14-7-4,1,0.0005385,major,deuteronomy,main
accent_count,6,34,5-9-14-7-4-4,1,0.0005385,major,deuteronomy,main
accent_count,6,35,9-14-7-4-4-18,1,0.0005385,major,deuteronomy,main
accent_count,6,36,14-7-4-4-18-4,1,0.0005385,major,deuteronomy,main
accent_count,6,37,7-4-4-18-4-2,1,0.0005385,major,deuteronomy,main
accent_count,6,38,4-4-18-4-2-7,1,0.0005385,major,deuteronomy,main
accent_count,6,39,4-18-4-2-7-6,1,0.0005385,major,deuteronomy,main
accent_count,6,40,18-4-2-7-6-10,1,0.0005385,major,deuteronomy,main
accent_count,6,41,4-2-7-6-10-9,1,0.0005385,major,deuteronomy,main
accent_count,6,42,2-7-6-10-9-11,1,0.0005385,major,deuteronomy,main
accent_count,6,43,7-6-10-9-11-3,1,0.0005385,major,deuteronomy,main
accent_count,6,44,6-10-9-11-3-8,1,0.0005385,major,deuteronomy,main
accent_count,6,45,10-9-11-3-8-6,1,0.0005385,major,deuteronomy,main
accent_count,6,46,9-11-3-8-6-2,1,0.0005385,major,deuteronomy,main
accent_count,6,47,11-3-8-6-2-6,1,0.0005385,major,deuteronomy,main
accent_count,6,48,3-8-6-2-6-10,1,0.0005385,major,deuteronomy,main
accent_count,6,49,8-6-2-6-10-3,1,0.0005385,major,deuteronomy,main
accent_count,6,50,6-2-6-10-3-4,1,0.0005385,major,deuteronomy,main
word_count,2,1,3-3,363,0.09525059,minor,deuteronomy,main
word_count,2,2,4-3,224,0.05877722,minor,deuteronomy,main
word_count,2,3,3-4,209,0.05484125,minor,deuteronomy,main
word_count,2,4,2-3,190,0.04985568,minor,deuteronomy,main
word_count,2,5,3-2,184,0.04828129,minor,deuteronomy,main
word_count,2,6,4-4,177,0.0464445,minor,deuteronomy,main
word_count,2,7,4-2,147,0.03857255,minor,deuteronomy,main
word_count,2,8,2-4,141,0.03699816,minor,deuteronomy,main
word_count,2,9,3-5,137,0.03594857,minor,deuteronomy,main
word_count,2,10,5-3,120,0.0314878,minor,deuteronomy,main
word_count,2,11,2-2,119,0.0312254,minor,deuteronomy,main
word_count,2,12,5-4,102,0.02676463,minor,deuteronomy,main
word_count,2,13,2-5,95,0.02492784,minor,deuteronomy,main
word_count,2,14,4-5,91,0.02387825,minor,deuteronomy,main
word_count,2,15,5-2,88,0.02309105,minor,deuteronomy,main
word_count,2,16,1-3,74,0.01941748,minor,deuteronomy,main
word_count,2,17,3-1,73,0.01915508,minor,deuteronomy,main
word_count,2,18,5-5,67,0.01758069,minor,deuteronomy,main
word_count,2,19,3-6,59,0.0154815,minor,deuteronomy,main
word_count,2,20,4-1,59,0.0154815,minor,deuteronomy,main
word_count,2,21,6-4,56,0.01469431,minor,deuteronomy,main
word_count,2,22,1-4,54,0.01416951,minor,deuteronomy,main
word_count,2,23,6-3,54,0.01416951,minor,deuteronomy,main
word_count,2,24,5-6,48,0.01259512,minor,deuteronomy,main
word_count,2,25,4-6,47,0.01233272,minor,deuteronomy,main
word_count,2,26,6-2,43,0.01128313,minor,deuteronomy,main
word_count,2,27,5-1,42,0.01102073,minor,deuteronomy,main
word_count,2,28,2-6,41,0.01075833,minor,deuteronomy,main
word_count,2,29,1-5,37,0.00970874,minor,deuteronomy,main
word_count,2,30,1-2,33,0.00865914,minor,deuteronomy,main
word_count,2,31,3-7,32,0.00839675,minor,deuteronomy,main
word_count,2,32,7-3,31,0.00813435,minor,deuteronomy,main
word_count,2,33,6-5,29,0.00760955,minor,deuteronomy,main
word_count,2,34,7-4,29,0.00760955,minor,deuteronomy,main
word_count,2,35,7-2,25,0.00655996,minor,deuteronomy,main
word_count,2,36,4-7,24,0.00629756,minor,deuteronomy,main
word_count,2,37,2-7,23,0.00603516,minor,deuteronomy,main
word_count,2,38,2-1,21,0.00551036,minor,deuteronomy,main
word_count,2,39,1-6,20,0.00524797,minor,deuteronomy,main
word_count,2,40,3-8,18,0.00472317,minor,deuteronomy,main
word_count,2,41,6-1,17,0.00446077,minor,deuteronomy,main
word_count,2,42,8-3,17,0.00446077,minor,deuteronomy,main
word_count,2,43,5-7,16,0.00419837,minor,deuteronomy,main
word_count,2,44,8-5,15,0.00393597,minor,deuteronomy,main
word_count,2,45,3-9,15,0.00393597,minor,deuteronomy,main
word_count,2,46,4-8,14,0.00367358,minor,deuteronomy,main
word_count,2,47,8-4,13,0.00341118,minor,deuteronomy,main
word_count,2,48,2-8,13,0.00341118,minor,deuteronomy,main
word_count,2,49,7-5,12,0.00314878,minor,deuteronomy,main
word_count,2,50,6-6,11,0.00288638,minor,deuteronomy,main
word_count,3,1,3-3-3,131,0.0343832,minor,deuteronomy,main
word_count,3,2,4-3-3,72,0.01889764,minor,deuteronomy,main
word_count,3,3,2-3-3,65,0.01706037,minor,deuteronomy,main
word_count,3,4,3-3-4,64,0.0167979,minor,deuteronomy,main
word_count,3,5,3-4-3,59,0.01548556,minor,deuteronomy,main
word_count,3,6,3-3-2,59,0.01548556,minor,deuteronomy,main
word_count,3,7,3-4-4,53,0.01391076,minor,deuteronomy,main
word_count,3,8,3-2-4,51,0.01338583,minor,deuteronomy,main
word_count,3,9,4-3-4,50,0.01312336,minor,deuteronomy,main
word_count,3,10,4-4-3,49,0.01286089,minor,deuteronomy,main
word_count,3,11,3-3-5,46,0.01207349,minor,deuteronomy,main
word_count,3,12,3-2-3,46,0.01207349,minor,deuteronomy,main
word_count,3,13,2-2-3,44,0.01154856,minor,deuteronomy,main
word_count,3,14,4-2-3,43,0.01128609,minor,deuteronomy,main
word_count,3,15,2-4-3,40,0.01049869,minor,deuteronomy,main
word_count,3,16,5-3-3,37,0.00971129,minor,deuteronomy,main
word_count,3,17,4-3-2,36,0.00944882,minor,deuteronomy,main
word_count,3,18,2-3-2,36,0.00944882,minor,deuteronomy,main
word_count,3,19,2-3-4,35,0.00918635,minor,deuteronomy,main
word_count,3,20,2-4-4,34,0.00892388,minor,deuteronomy,main
word_count,3,21,4-4-2,33,0.00866142,minor,deuteronomy,main
word_count,3,22,3-5-3,33,0.00866142,minor,deuteronomy,main
word_count,3,23,3-5-4,32,0.00839895,minor,deuteronomy,main
word_count,3,24,4-4-4,32,0.00839895,minor,deuteronomy,main
word_count,3,25,3-4-2,32,0.00839895,minor,deuteronomy,main
word_count,3,26,4-2-5,30,0.00787402,minor,deuteronomy,main
word_count,3,27,4-3-5,30,0.00787402,minor,deuteronomy,main
word_count,3,28,3-2-5,29,0.00761155,minor,deuteronomy,main
word_count,3,29,4-2-4,28,0.00734908,minor,deuteronomy,main
word_count,3,30,5-4-3,26,0.00682415,minor,deuteronomy,main
word_count,3,31,3-4-5,26,0.00682415,minor,deuteronomy,main
word_count,3,32,1-3-3,26,0.00682415,minor,deuteronomy,main
word_count,3,33,5-2-3,25,0.00656168,minor,deuteronomy,main
word_count,3,34,2-4-2,25,0.00656168,minor,deuteronomy,main
word_count,3,35,2-2-2,25,0.00656168,minor,deuteronomy,main
word_count,3,36,3-5-2,24,0.00629921,minor,deuteronomy,main
word_count,3,37,5-4-4,24,0.00629921,minor,deuteronomy,main
word_count,3,38,4-4-5,24,0.00629921,minor,deuteronomy,main
word_count,3,39,5-2-2,24,0.00629921,minor,deuteronomy,main
word_count,3,40,3-2-2,24,0.00629921,minor,deuteronomy,main
word_count,3,41,4-5-3,24,0.00629921,minor,deuteronomy,main
word_count,3,42,2-2-4,23,0.00603675,minor,deuteronomy,main
word_count,3,43,4-2-2,23,0.00603675,minor,deuteronomy,main
word_count,3,44,3-1-3,21,0.00551181,minor,deuteronomy,main
word_count,3,45,2-5-4,21,0.00551181,minor,deuteronomy,main
word_count,3,46,3-3-1,21,0.00551181,minor,deuteronomy,main
word_count,3,47,3-1-4,20,0.00524934,minor,deuteronomy,main
word_count,3,48,3-3-6,20,0.00524934,minor,deuteronomy,main
word_count,3,49,3-6-3,19,0.00498688,minor,deuteronomy,main
word_count,3,50,5-3-5,19,0.00498688,minor,deuteronomy,main
word_count,4,1,3-3-3-3,49,0.01286427,minor,deuteronomy,main
word_count,4,2,4-3-3-3,26,0.00682594,minor,deuteronomy,main
word_count,4,3,3-3-4-3,26,0.00682594,minor,deuteronomy,main
word_count,4,4,3-3-3-4,23,0.00603833,minor,deuteronomy,main
word_count,4,5,2-3-3-3,21,0.00551326,minor,deuteronomy,main
word_count,4,6,3-3-3-2,21,0.00551326,minor,deuteronomy,main
word_count,4,7,4-2-3-3,20,0.00525072,minor,deuteronomy,main
word_count,4,8,3-4-3-3,20,0.00525072,minor,deuteronomy,main
word_count,4,9,3-2-3-3,17,0.00446311,minor,deuteronomy,main
word_count,4,10,3-2-4-4,16,0.00420058,minor,deuteronomy,main
word_count,4,11,3-3-2-3,16,0.00420058,minor,deuteronomy,main
word_count,4,12,4-3-4-4,14,0.00367551,minor,deuteronomy,main
word_count,4,13,3-5-3-3,14,0.00367551,minor,deuteronomy,main
word_count,4,14,3-4-4-3,14,0.00367551,minor,deuteronomy,main
word_count,4,15,3-3-2-4,14,0.00367551,minor,deuteronomy,main
word_count,4,16,4-4-3-3,14,0.00367551,minor,deuteronomy,main
word_count,4,17,3-3-3-5,13,0.00341297,minor,deuteronomy,main
word_count,4,18,2-3-3-5,13,0.00341297,minor,deuteronomy,main
word_count,4,19,2-2-2-3,13,0.00341297,minor,deuteronomy,main
word_count,4,20,3-2-4-3,13,0.00341297,minor,deuteronomy,main
word_count,4,21,4-4-3-2,13,0.00341297,minor,deuteronomy,main
word_count,4,22,4-3-3-2,13,0.00341297,minor,deuteronomy,main
word_count,4,23,4-3-4-5,12,0.00315043,minor,deuteronomy,main
word_count,4,24,4-3-4-3,12,0.00315043,minor,deuteronomy,main
word_count,4,25,3-3-4-2,12,0.00315043,minor,deuteronomy,main
word_count,4,26,3-5-4-3,12,0.00315043,minor,deuteronomy,main
word_count,4,27,2-3-3-4,12,0.00315043,minor,deuteronomy,main
word_count,4,28,3-3-4-4,12,0.00315043,minor,deuteronomy,main
word_count,4,29,2-4-3-3,12,0.00315043,minor,deuteronomy,main
word_count,4,30,5-3-3-3,12,0.00315043,minor,deuteronomy,main
word_count,4,31,3-4-4-4,11,0.0028879,minor,deuteronomy,main
word_count,4,32,4-4-4-3,11,0.0028879,minor,deuteronomy,main
word_count,4,33,3-3-2-2,11,0.0028879,minor,deuteronomy,main
word_count,4,34,4-3-2-4,11,0.0028879,minor,deuteronomy,main
word_count,4,35,2-3-4-4,11,0.0028879,minor,deuteronomy,main
word_count,4,36,4-4-5-3,11,0.0028879,minor,deuteronomy,main
word_count,4,37,3-4-2-3,11,0.0028879,minor,deuteronomy,main
word_count,4,38,2-4-3-4,11,0.0028879,minor,deuteronomy,main
word_count,4,39,3-4-3-4,11,0.0028879,minor,deuteronomy,main
word_count,4,40,4-3-3-4,11,0.0028879,minor,deuteronomy,main
word_count,4,41,3-3-5-2,10,0.00262536,minor,deuteronomy,main
word_count,4,42,1-4-3-3,10,0.00262536,minor,deuteronomy,main
word_count,4,43,4-2-4-3,10,0.00262536,minor,deuteronomy,main
word_count,4,44,5-2-2-3,10,0.00262536,minor,deuteronomy,main
word_count,4,45,2-3-2-3,10,0.00262536,minor,deuteronomy,main
word_count,4,46,3-4-4-5,10,0.00262536,minor,deuteronomy,main
word_count,4,47,2-5-3-3,10,0.00262536,minor,deuteronomy,main
word_count,4,48,4-3-2-3,10,0.00262536,minor,deuteronomy,main
word_count,4,49,3-3-2-5,10,0.00262536,minor,deuteronomy,main
word_count,4,50,2-3-3-2,10,0.00262536,minor,deuteronomy,main
word_count,5,1,3-3-3-3-3,20,0.0052521,minor,deuteronomy,main
word_count,5,2,4-3-3-3-3,12,0.00315126,minor,deuteronomy,main
word_count,5,3,3-3-3-4-3,12,0.00315126,minor,deuteronomy,main
word_count,5,4,3-3-3-3-4,10,0.00262605,minor,deuteronomy,main
word_count,5,5,3-3-4-3-3,9,0.00236345,minor,deuteronomy,main
word_count,5,6,3-2-3-3-3,9,0.00236345,minor,deuteronomy,main
word_count,5,7,3-3-3-2-3,9,0.00236345,minor,deuteronomy,main
word_count,5,8,3-3-2-3-3,9,0.00236345,minor,deuteronomy,main
word_count,5,9,2-3-3-3-3,8,0.00210084,minor,deuteronomy,main
word_count,5,10,3-4-2-3-3,7,0.00183824,minor,deuteronomy,main
word_count,5,11,4-4-3-3-3,7,0.00183824,minor,deuteronomy,main
word_count,5,12,4-2-3-3-5,6,0.00157563,minor,deuteronomy,main
word_count,5,13,3-3-4-4-3,6,0.00157563,minor,deuteronomy,main
word_count,5,14,3-3-3-3-1,6,0.00157563,minor,deuteronomy,main
word_count,5,15,4-2-3-3-3,6,0.00157563,minor,deuteronomy,main
word_count,5,16,3-3-2-4-3,6,0.00157563,minor,deuteronomy,main
word_count,5,17,4-4-3-2-4,6,0.00157563,minor,deuteronomy,main
word_count,5,18,3-4-3-3-3,6,0.00157563,minor,deuteronomy,main
word_count,5,19,2-3-3-5-6,5,0.00131303,minor,deuteronomy,main
word_count,5,20,4-4-3-4-3,5,0.00131303,minor,deuteronomy,main
word_count,5,21,3-3-5-3-3,5,0.00131303,minor,deuteronomy,main
word_count,5,22,3-5-3-3-4,5,0.00131303,minor,deuteronomy,main
word_count,5,23,4-2-2-2-3,5,0.00131303,minor,deuteronomy,main
word_count,5,24,2-2-2-3-5,5,0.00131303,minor,deuteronomy,main
word_count,5,25,3-5-2-2-3,5,0.00131303,minor,deuteronomy,main
word_count,5,26,2-4-3-3-3,5,0.00131303,minor,deuteronomy,main
word_count,5,27,3-4-4-5-3,5,0.00131303,minor,deuteronomy,main
word_count,5,28,3-3-3-4-2,5,0.00131303,minor,deuteronomy,main
word_count,5,29,5-3-3-3-2,5,0.00131303,minor,deuteronomy,main
word_count,5,30,3-2-4-4-2,5,0.00131303,minor,deuteronomy,main
word_count,5,31,3-3-2-4-4,5,0.00131303,minor,deuteronomy,main
word_count,5,32,3-4-3-3-2,5,0.00131303,minor,deuteronomy,main
word_count,5,33,3-2-4-3-4,5,0.00131303,minor,deuteronomy,main
word_count,5,34,3-4-3-4-5,5,0.00131303,minor,deuteronomy,main
word_count,5,35,4-3-3-3-2,5,0.00131303,minor,deuteronomy,main
word_count,5,36,3-3-3-2-4,5,0.00131303,minor,deuteronomy,main
word_count,5,37,3-3-4-3-4,5,0.00131303,minor,deuteronomy,main
word_count,5,38,4-3-5-3-3,5,0.00131303,minor,deuteronomy,main
word_count,5,39,3-5-3-3-3,5,0.00131303,minor,deuteronomy,main
word_count,5,40,4-3-3-3-5,4,0.00105042,minor,deuteronomy,main
word_count,5,41,2-2-3-5-4,4,0.00105042,minor,deuteronomy,main
word_count,5,42,2-3-3-5-2,4,0.00105042,minor,deuteronomy,main
word_count,5,43,4-3-4-4-4,4,0.00105042,minor,deuteronomy,main
word_count,5,44,3-4-4-4-2,4,0.00105042,minor,deuteronomy,main
word_count,5,45,4-4-2-3-3,4,0.00105042,minor,deuteronomy,main
word_count,5,46,3-3-5-6-4,4,0.00105042,minor,deuteronomy,main
word_count,5,47,3-1-4-3-3,4,0.00105042,minor,deuteronomy,main
word_count,5,48,3-3-3-5-1,4,0.00105042,minor,deuteronomy,main
word_count,5,49,2-2-2-3-4,4,0.00105042,minor,deuteronomy,main
word_count,5,50,3-3-5-2-2,4,0.00105042,minor,deuteronomy,main
word_count,6,1,3-3-3-3-3-3,9,0.00236407,minor,deuteronomy,main
word_count,6,2,3-3-3-2-3-3,6,0.00157604,minor,deuteronomy,main
word_count,6,3,3-3-2-3-3-3,6,0.00157604,minor,deuteronomy,main
word_count,6,4,3-2-3-3-3-3,6,0.00157604,minor,deuteronomy,main
word_count,6,5,4-3-3-3-3-4,5,0.00131337,minor,deuteronomy,main
word_count,6,6,3-3-3-4-3-3,5,0.00131337,minor,deuteronomy,main
word_count,6,7,3-3-3-3-4-3,5,0.00131337,minor,deuteronomy,main
word_count,6,8,3-3-5-2-2-3,4,0.0010507,minor,deuteronomy,main
word_count,6,9,3-3-3-4-2-3,4,0.0010507,minor,deuteronomy,main
word_count,6,10,3-3-2-4-3-4,4,0.0010507,minor,deuteronomy,main
word_count,6,11,3-3-4-3-3-3,4,0.0010507,minor,deuteronomy,main
word_count,6,12,4-4-3-3-3-3,4,0.0010507,minor,deuteronomy,main
word_count,6,13,4-3-3-4-4-3,4,0.0010507,minor,deuteronomy,main
word_count,6,14,5-3-3-3-2-3,4,0.0010507,minor,deuteronomy,main
word_count,6,15,3-3-3-3-3-4,4,0.0010507,minor,deuteronomy,main
word_count,6,16,2-3-3-3-3-3,4,0.0010507,minor,deuteronomy,main
word_count,6,17,3-3-5-3-3-4,3,0.00078802,minor,deuteronomy,main
word_count,6,18,3-5-3-3-4-2,3,0.00078802,minor,deuteronomy,main
word_count,6,19,4-2-2-2-3-5,3,0.00078802,minor,deuteronomy,main
word_count,6,20,2-2-2-3-5-4,3,0.00078802,minor,deuteronomy,main
word_count,6,21,4-2-5-3-3-5,3,0.00078802,minor,deuteronomy,main
word_count,6,22,2-4-3-3-3-3,3,0.00078802,minor,deuteronomy,main
word_count,6,23,2-5-3-3-3-2,3,0.00078802,minor,deuteronomy,main
word_count,6,24,3-2-4-4-2-3,3,0.00078802,minor,deuteronomy,main
word_count,6,25,4-3-4-2-3-3,3,0.00078802,minor,deuteronomy,main
word_count,6,26,4-2-3-3-4-3,3,0.00078802,minor,deuteronomy,main
word_count,6,27,3-3-3-3-1-4,3,0.00078802,minor,deuteronomy,main
word_count,6,28,3-3-3-1-4-2,3,0.00078802,minor,deuteronomy,main
word_count,6,29,4-3-3-3-4-3,3,0.00078802,minor,deuteronomy,main
word_count,6,30,4-3-3-3-3-3,3,0.00078802,minor,deuteronomy,main
word_count,6,31,4-3-4-4-3-3,3,0.00078802,minor,deuteronomy,main
word_count,6,32,3-3-4-3-4-5,3,0.00078802,minor,deuteronomy,main
word_count,6,33,4-2-3-3-3-5,3,0.00078802,minor,deuteronomy,main
word_count,6,34,3-3-3-7-4-3,3,0.00078802,minor,deuteronomy,main
word_count,6,35,4-3-5-3-3-3,3,0.00078802,minor,deuteronomy,main
word_count,6,36,1-3-4-1-3-4,3,0.00078802,minor,deuteronomy,main
word_count,6,37,3-3-3-2-4-3,3,0.00078802,minor,deuteronomy,main
word_count,6,38,3-4-3-3-3-3,3,0.00078802,minor,deuteronomy,main
word_count,6,39,3-3-3-5-5-6,2,0.00052535,minor,deuteronomy,main
word_count,6,40,2-2-3-5-4-2,2,0.00052535,minor,deuteronomy,main
word_count,6,41,4-2-3-3-5-2,2,0.00052535,minor,deuteronomy,main
word_count,6,42,4-3-4-4-4-2,2,0.00052535,minor,deuteronomy,main
word_count,6,43,4-4-2-3-3-5,2,0.00052535,minor,deuteronomy,main
word_count,6,44,4-2-3-3-5-6,2,0.00052535,minor,deuteronomy,main
word_count,6,45,2-3-3-5-6-4,2,0.00052535,minor,deuteronomy,main
word_count,6,46,3-5-6-4-3-4,2,0.00052535,minor,deuteronomy,main
word_count,6,47,4-3-4-4-4-3,2,0.00052535,minor,deuteronomy,main
word_count,6,48,5-2-3-3-5-3,2,0.00052535,minor,deuteronomy,main
word_count,6,49,4-2-4-2-5-3,2,0.00052535,minor,deuteronomy,main
word_count,6,50,4-3-3-3-5-1,2,0.00052535,minor,deuteronomy,main
pulse_count,2,1,7-7,90,0.02361585,minor,deuteronomy,main
pulse_count,2,2,7-8,67,0.01758069,minor,deuteronomy,main
pulse_count,2,3,7-6,66,0.01731829,minor,deuteronomy,main
pulse_count,2,4,6-6,64,0.01679349,minor,deuteronomy,main
pulse_count,2,5,8-7,59,0.0154815,minor,deuteronomy,main
pulse_count,2,6,6-7,58,0.0152191,minor,deuteronomy,main
pulse_count,2,7,5-7,57,0.0149567,minor,deuteronomy,main
pulse_count,2,8,7-9,52,0.01364471,minor,deuteronomy,main
pulse_count,2,9,9-8,51,0.01338231,minor,deuteronomy,main
pulse_count,2,10,8-8,50,0.01311992,minor,deuteronomy,main
pulse_count,2,11,8-5,47,0.01233272,minor,deuteronomy,main
pulse_count,2,12,9-6,43,0.01128313,minor,deuteronomy,main
pulse_count,2,13,9-7,43,0.01128313,minor,deuteronomy,main
pulse_count,2,14,6-9,41,0.01075833,minor,deuteronomy,main
pulse_count,2,15,8-9,41,0.01075833,minor,deuteronomy,main
pulse_count,2,16,8-6,41,0.01075833,minor,deuteronomy,main
pulse_count,2,17,5-8,40,0.01049593,minor,deuteronomy,main
pulse_count,2,18,5-9,39,0.01023353,minor,deuteronomy,main
pulse_count,2,19,6-5,38,0.00997114,minor,deuteronomy,main
pulse_count,2,20,9-10,38,0.00997114,minor,deuteronomy,main
pulse_count,2,21,8-10,37,0.00970874,minor,deuteronomy,main
pulse_count,2,22,6-8,36,0.00944634,minor,deuteronomy,main
pulse_count,2,23,7-5,36,0.00944634,minor,deuteronomy,main
pulse_count,2,24,7-10,35,0.00918394,minor,deuteronomy,main
pulse_count,2,25,10-5,34,0.00892154,minor,deuteronomy,main
pulse_count,2,26,10-7,34,0.00892154,minor,deuteronomy,main
pulse_count,2,27,10-10,33,0.00865914,minor,deuteronomy,main
pulse_count,2,28,5-6,33,0.00865914,minor,deuteronomy,main
pulse_count,2,29,9-9,33,0.00865914,minor,deuteronomy,main
pulse_count,2,30,9-5,33,0.00865914,minor,deuteronomy,main
pulse_count,2,31,10-9,31,0.00813435,minor,deuteronomy,main
pulse_count,2,32,6-11,30,0.00787195,minor,deuteronomy,main
pulse_count,2,33,4-9,30,0.00787195,minor,deuteronomy,main
pulse_count,2,34,9-11,28,0.00734715,minor,deuteronomy,main
pulse_count,2,35,11-6,28,0.00734715,minor,deuteronomy,main
pulse_count,2,36,4-7,28,0.00734715,minor,deuteronomy,main
pulse_count,2,37,10-6,28,0.00734715,minor,deuteronomy,main
pulse_count,2,38,6-10,27,0.00708475,minor,deuteronomy,main
pulse_count,2,39,4-8,27,0.00708475,minor,deuteronomy,main
pulse_count,2,40,6-4,27,0.00708475,minor,deuteronomy,main
pulse_count,2,41,7-11,25,0.00655996,minor,deuteronomy,main
pulse_count,2,42,5-5,25,0.00655996,minor,deuteronomy,main
pulse_count,2,43,12-7,25,0.00655996,minor,deuteronomy,main
pulse_count,2,44,5-10,24,0.00629756,minor,deuteronomy,main
pulse_count,2,45,11-8,24,0.00629756,minor,deuteronomy,main
pulse_count,2,46,10-11,23,0.00603516,minor,deuteronomy,main
pulse_count,2,47,8-11,23,0.00603516,minor,deuteronomy,main
pulse_count,2,48,10-8,23,0.00603516,minor,deuteronomy,main
pulse_count,2,49,3-8,23,0.00603516,minor,deuteronomy,main
pulse_count,2,50,9-4,23,0.00603516,minor,deuteronomy,main
pulse_count,3,1,7-7-6,17,0.00446194,minor,deuteronomy,main
pulse_count,3,2,8-8-7,14,0.00367454,minor,deuteronomy,main
pulse_count,3,3,8-7-7,13,0.00341207,minor,deuteronomy,main
pulse_count,3,4,6-7-7,13,0.00341207,minor,deuteronomy,main
pulse_count,3,5,7-7-7,13,0.00341207,minor,deuteronomy,main
pulse_count,3,6,7-7-8,13,0.00341207,minor,deuteronomy,main
pulse_count,3,7,7-6-7,13,0.00341207,minor,deuteronomy,main
pulse_count,3,8,6-9-8,11,0.00288714,minor,deuteronomy,main
pulse_count,3,9,8-7-8,11,0.00288714,minor,deuteronomy,main
pulse_count,3,10,7-6-9,10,0.00262467,minor,deuteronomy,main
pulse_count,3,11,7-5-7,10,0.00262467,minor,deuteronomy,main
pulse_count,3,12,7-8-7,10,0.00262467,minor,deuteronomy,main
pulse_count,3,13,5-7-7,9,0.0023622,minor,deuteronomy,main
pulse_count,3,14,7-9-6,9,0.0023622,minor,deuteronomy,main
pulse_count,3,15,7-7-9,9,0.0023622,minor,deuteronomy,main
pulse_count,3,16,5-7-8,9,0.0023622,minor,deuteronomy,main
pulse_count,3,17,7-7-5,9,0.0023622,minor,deuteronomy,main
pulse_count,3,18,6-7-8,9,0.0023622,minor,deuteronomy,main
pulse_count,3,19,8-7-6,9,0.0023622,minor,deuteronomy,main
pulse_count,3,20,7-8-8,9,0.0023622,minor,deuteronomy,main
pulse_count,3,21,6-6-5,8,0.00209974,minor,deuteronomy,main
pulse_count,3,22,10-5-7,8,0.00209974,minor,deuteronomy,main
pulse_count,3,23,9-7-9,8,0.00209974,minor,deuteronomy,main
pulse_count,3,24,9-6-7,8,0.00209974,minor,deuteronomy,main
pulse_count,3,25,8-5-9,8,0.00209974,minor,deuteronomy,main
pulse_count,3,26,7-9-8,8,0.00209974,minor,deuteronomy,main
pulse_count,3,27,6-8-9,8,0.00209974,minor,deuteronomy,main
pulse_count,3,28,6-7-9,8,0.00209974,minor,deuteronomy,main
pulse_count,3,29,5-7-9,8,0.00209974,minor,deuteronomy,main
pulse_count,3,30,7-8-6,8,0.00209974,minor,deuteronomy,main
pulse_count,3,31,7-8-10,7,0.00183727,minor,deuteronomy,main
pulse_count,3,32,9-6-6,7,0.00183727,minor,deuteronomy,main
pulse_count,3,33,6-6-9,7,0.00183727,minor,deuteronomy,main
pulse_count,3,34,9-8-6,7,0.00183727,minor,deuteronomy,main
pulse_count,3,35,7-7-10,7,0.00183727,minor,deuteronomy,main
pulse_count,3,36,5-8-7,7,0.00183727,minor,deuteronomy,main
pulse_count,3,37,7-9-10,7,0.00183727,minor,deuteronomy,main
pulse_count,3,38,9-5-8,7,0.00183727,minor,deuteronomy,main
pulse_count,3,39,6-6-2,7,0.00183727,minor,deuteronomy,main
pulse_count,3,40,6-5-9,7,0.00183727,minor,deuteronomy,main
pulse_count,3,41,9-8-8,7,0.00183727,minor,deuteronomy,main
pulse_count,3,42,8-6-7,7,0.00183727,minor,deuteronomy,main
pulse_count,3,43,7-8-9,7,0.00183727,minor,deuteronomy,main
pulse_count,3,44,8-9-7,7,0.00183727,minor,deuteronomy,main
pulse_count,3,45,5-9-7,7,0.00183727,minor,deuteronomy,main
pulse_count,3,46,5-9-4,7,0.00183727,minor,deuteronomy,main
pulse_count,3,47,5-10-5,6,0.0015748,minor,deuteronomy,main
pulse_count,3,48,9-8-7,6,0.0015748,minor,deuteronomy,main
pulse_count,3,49,9-9-3,6,0.0015748,minor,deuteronomy,main
pulse_count,3,50,6-5-6,6,0.0015748,minor,deuteronomy,main
pulse_count,4,1,7-7-8-7,5,0.00131268,minor,deuteronomy,main
pulse_count,4,2,8-7-7-8,5,0.00131268,minor,deuteronomy,main
pulse_count,4,3,7-7-6-7,5,0.00131268,minor,deuteronomy,main
pulse_count,4,4,7-7-7-8,4,0.00105014,minor,deuteronomy,main
pulse_count,4,5,9-7-9-6,4,0.00105014,minor,deuteronomy,main
pulse_count,4,6,7-9-6-6,4,0.00105014,minor,deuteronomy,main
pulse_count,4,7,8-8-7-7,4,0.00105014,minor,deuteronomy,main
pulse_count,4,8,8-7-7-6,4,0.00105014,minor,deuteronomy,main
pulse_count,4,9,7-6-9-8,4,0.00105014,minor,deuteronomy,main
pulse_count,4,10,7-7-6-9,4,0.00105014,minor,deuteronomy,main
pulse_count,4,11,7-7-7-6,4,0.00105014,minor,deuteronomy,main
pulse_count,4,12,6-6-5-6,3,0.00078761,minor,deuteronomy,main
pulse_count,4,13,7-6-10-10,3,0.00078761,minor,deuteronomy,main
pulse_count,4,14,5-8-8-7,3,0.00078761,minor,deuteronomy,main
pulse_count,4,15,9-5-5-6,3,0.00078761,minor,deuteronomy,main
pulse_count,4,16,9-6-7-7,3,0.00078761,minor,deuteronomy,main
pulse_count,4,17,12-7-7-9,3,0.00078761,minor,deuteronomy,main
pulse_count,4,18,9-6-7-8,3,0.00078761,minor,deuteronomy,main
pulse_count,4,19,6-7-8-9,3,0.00078761,minor,deuteronomy,main
pulse_count,4,20,8-9-7-9,3,0.00078761,minor,deuteronomy,main
pulse_count,4,21,9-4-10-7,3,0.00078761,minor,deuteronomy,main
pulse_count,4,22,7-8-8-8,3,0.00078761,minor,deuteronomy,main
pulse_count,4,23,8-7-8-7,3,0.00078761,minor,deuteronomy,main
pulse_count,4,24,3-10-7-7,3,0.00078761,minor,deuteronomy,main
pulse_count,4,25,6-7-7-5,3,0.00078761,minor,deuteronomy,main
pulse_count,4,26,7-5-9-7,3,0.00078761,minor,deuteronomy,main
pulse_count,4,27,7-8-6-6,3,0.00078761,minor,deuteronomy,main
pulse_count,4,28,6-9-8-8,3,0.00078761,minor,deuteronomy,main
pulse_count,4,29,5-8-7-8,3,0.00078761,minor,deuteronomy,main
pulse_count,4,30,2-6-6-2,3,0.00078761,minor,deuteronomy,main
pulse_count,4,31,6-2-7-6,3,0.00078761,minor,deuteronomy,main
pulse_count,4,32,8-7-6-7,3,0.00078761,minor,deuteronomy,main
pulse_count,4,33,8-8-7-8,3,0.00078761,minor,deuteronomy,main
pulse_count,4,34,6-7-7-6,3,0.00078761,minor,deuteronomy,main
pulse_count,4,35,7-7-8-8,3,0.00078761,minor,deuteronomy,main
pulse_count,4,36,7-6-7-7,3,0.00078761,minor,deuteronomy,main
pulse_count,4,37,7-7-7-7,3,0.00078761,minor,deuteronomy,main
pulse_count,4,38,7-8-7-7,3,0.00078761,minor,deuteronomy,main
pulse_count,4,39,4-5-7-11,2,0.00052507,minor,deuteronomy,main
pulse_count,4,40,11-9-14-6,2,0.00052507,minor,deuteronomy,main
pulse_count,4,41,6-8-7-1,2,0.00052507,minor,deuteronomy,main
pulse_count,4,42,11-8-8-9,2,0.00052507,minor,deuteronomy,main
pulse_count,4,43,8-5-12-10,2,0.00052507,minor,deuteronomy,main
pulse_count,4,44,9-8-9-6,2,0.00052507,minor,deuteronomy,main
pulse_count,4,45,5-5-7-13,2,0.00052507,minor,deuteronomy,main
pulse_count,4,46,7-8-11-6,2,0.00052507,minor,deuteronomy,main
pulse_count,4,47,8-11-6-9,2,0.00052507,minor,deuteronomy,main
pulse_count,4,48,6-9-8-5,2,0.00052507,minor,deuteronomy,main
pulse_count,4,49,8-5-10-7,2,0.00052507,minor,deuteronomy,main
pulse_count,4,50,10-9-6-5,2,0.00052507,minor,deuteronomy,main
pulse_count,5,1,8-9-7-9-6,3,0.00078782,minor,deuteronomy,main
pulse_count,5,2,8-8-7-7-8,3,0.00078782,minor,deuteronomy,main
pulse_count,5,3,8-7-7-8-7,3,0.00078782,minor,deuteronomy,main
pulse_count,5,4,8-7-7-6-7,3,0.00078782,minor,deuteronomy,main
pulse_count,5,5,7-7-6-9-8,3,0.00078782,minor,deuteronomy,main
pulse_count,5,6,7-7-6-7-7,3,0.00078782,minor,deuteronomy,main
pulse_count,5,7,14-9-10-10-3,2,0.00052521,minor,deuteronomy,main
pulse_count,5,8,17-9-5-5-6,2,0.00052521,minor,deuteronomy,main
pulse_count,5,9,9-5-5-6-4,2,0.00052521,minor,deuteronomy,main
pulse_count,5,10,7-7-10-6-10,2,0.00052521,minor,deuteronomy,main
pulse_count,5,11,7-7-7-8-7,2,0.00052521,minor,deuteronomy,main
pulse_count,5,12,7-7-8-7-9,2,0.00052521,minor,deuteronomy,main
pulse_count,5,13,7-8-9-7-9,2,0.00052521,minor,deuteronomy,main
pulse_count,5,14,9-7-9-6-6,2,0.00052521,minor,deuteronomy,main
pulse_count,5,15,8-5-9-6-7,2,0.00052521,minor,deuteronomy,main
pulse_count,5,16,8-7-8-8-8,2,0.00052521,minor,deuteronomy,main
pulse_count,5,17,7-8-10-7-8,2,0.00052521,minor,deuteronomy,main
pulse_count,5,18,8-8-9-7-8,2,0.00052521,minor,deuteronomy,main
pulse_count,5,19,6-2-6-6-2,2,0.00052521,minor,deuteronomy,main
pulse_count,5,20,2-6-6-2-7,2,0.00052521,minor,deuteronomy,main
pulse_count,5,21,6-6-2-7-6,2,0.00052521,minor,deuteronomy,main
pulse_count,5,22,6-2-7-6-2,2,0.00052521,minor,deuteronomy,main
pulse_count,5,23,17-6-3-14-9,2,0.00052521,minor,deuteronomy,main
pulse_count,5,24,7-6-9-8-8,2,0.00052521,minor,deuteronomy,main
pulse_count,5,25,7-7-7-7-7,2,0.00052521,minor,deuteronomy,main
pulse_count,5,26,8-10-8-5-8,2,0.00052521,minor,deuteronomy,main
pulse_count,5,27,5-8-7-8-7,2,0.00052521,minor,deuteronomy,main
pulse_count,5,28,7-8-7-7-8,2,0.00052521,minor,deuteronomy,main
pulse_count,5,29,7-7-7-6-9,2,0.00052521,minor,deuteronomy,main
pulse_count,5,30,5-8-8-7-8,2,0.00052521,minor,deuteronomy,main
pulse_count,5,31,5-10-5-26-8,1,0.00026261,minor,deuteronomy,main
pulse_count,5,32,10-5-26-8-4,1,0.00026261,minor,deuteronomy,main
pulse_count,5,33,5-26-8-4-5,1,0.00026261,minor,deuteronomy,main
pulse_count,5,34,26-8-4-5-7,1,0.00026261,minor,deuteronomy,main
pulse_count,5,35,8-4-5-7-11,1,0.00026261,minor,deuteronomy,main
pulse_count,5,36,4-5-7-11-9,1,0.00026261,minor,deuteronomy,main
pulse_count,5,37,5-7-11-9-14,1,0.00026261,minor,deuteronomy,main
pulse_count,5,38,7-11-9-14-6,1,0.00026261,minor,deuteronomy,main
pulse_count,5,39,11-9-14-6-8,1,0.00026261,minor,deuteronomy,main
pulse_count,5,40,9-14-6-8-7,1,0.00026261,minor,deuteronomy,main
pulse_count,5,41,14-6-8-7-1,1,0.00026261,minor,deuteronomy,main
pulse_count,5,42,6-8-7-1-6,1,0.00026261,minor,deuteronomy,main
pulse_count,5,43,8-7-1-6-9,1,0.00026261,minor,deuteronomy,main
pulse_count,5,44,7-1-6-9-8,1,0.00026261,minor,deuteronomy,main
pulse_count,5,45,1-6-9-8-3,1,0.00026261,minor,deuteronomy,main
pulse_count,5,46,6-9-8-3-9,1,0.00026261,minor,deuteronomy,main
pulse_count,5,47,9-8-3-9-17,1,0.00026261,minor,deuteronomy,main
pulse_count,5,48,8-3-9-17-9,1,0.00026261,minor,deuteronomy,main
pulse_count,5,49,3-9-17-9-2,1,0.00026261,minor,deuteronomy,main
pulse_count,5,50,9-17-9-2-4,1,0.00026261,minor,deuteronomy,main
pulse_count,6,1,7-8-9-7-9-6,2,0.00052535,minor,deuteronomy,main
pulse_count,6,2,8-9-7-9-6-6,2,0.00052535,minor,deuteronomy,main
pulse_count,6,3,8-8-7-7-8-7,2,0.00052535,minor,deuteronomy,main
pulse_count,6,4,6-2-6-6-2-7,2,0.00052535,minor,deuteronomy,main
pulse_count,6,5,2-6-6-2-7-6,2,0.00052535,minor,deuteronomy,main
pulse_count,6,6,7-7-6-9-8-8,2,0.00052535,minor,deuteronomy,main
pulse_count,6,7,5-10-5-26-8-4,1,0.00026267,minor,deuteronomy,main
pulse_count,6,8,10-5-26-8-4-5,1,0.00026267,minor,deuteronomy,main
pulse_count,6,9,5-26-8-4-5-7,1,0.00026267,minor,deuteronomy,main
pulse_count,6,10,26-8-4-5-7-11,1,0.00026267,minor,deuteronomy,main
pulse_count,6,11,8-4-5-7-11-9,1,0.00026267,minor,deuteronomy,main
pulse_count,6,12,4-5-7-11-9-14,1,0.00026267,minor,deuteronomy,main
pulse_count,6,13,5-7-11-9-14-6,1,0.00026267,minor,deuteronomy,main
pulse_count,6,14,7-11-9-14-6-8,1,0.00026267,minor,deuteronomy,main
pulse_count,6,15,11-9-14-6-8-7,1,0.00026267,minor,deuteronomy,main
pulse_count,6,16,9-14-6-8-7-1,1,0.00026267,minor,deuteronomy,main
pulse_count,6,17,14-6-8-7-1-6,1,0.00026267,minor,deuteronomy,main
pulse_count,6,18,6-8-7-1-6-9,1,0.00026267,minor,deuteronomy,main
pulse_count,6,19,8-7-1-6-9-8,1,0.00026267,minor,deuteronomy,main
pulse_count,6,20,7-1-6-9-8-3,1,0.00026267,minor,deuteronomy,main
pulse_count,6,21,1-6-9-8-3-9,1,0.00026267,minor,deuteronomy,main
pulse_count,6,22,6-9-8-3-9-17,1,0.00026267,minor,deuteronomy,main
pulse_count,6,23,9-8-3-9-17-9,1,0.00026267,minor,deuteronomy,main
pulse_count,6,24,8-3-9-17-9-2,1,0.00026267,minor,deuteronomy,main
pulse_count,6,25,3-9-17-9-2-4,1,0.00026267,minor,deuteronomy,main
pulse_count,6,26,9-17-9-2-4-29,1,0.00026267,minor,deuteronomy,main
pulse_count,6,27,17-9-2-4-29-9,1,0.00026267,minor,deuteronomy,main
pulse_count,6,28,9-2-4-29-9-11,1,0.00026267,minor,deuteronomy,main
pulse_count,6,29,2-4-29-9-11-10,1,0.00026267,minor,deuteronomy,main
pulse_count,6,30,4-29-9-11-10-7,1,0.00026267,minor,deuteronomy,main
pulse_count,6,31,29-9-11-10-7-26,1,0.00026267,minor,deuteronomy,main
pulse_count,6,32,9-11-10-7-26-8,1,0.00026267,minor,deuteronomy,main
pulse_count,6,33,11-10-7-26-8-5,1,0.00026267,minor,deuteronomy,main
pulse_count,6,34,10-7-26-8-5-5,1,0.00026267,minor,deuteronomy,main
pulse_count,6,35,7-26-8-5-5-9,1,0.00026267,minor,deuteronomy,main
pulse_count,6,36,26-8-5-5-9-11,1,0.00026267,minor,deuteronomy,main
pulse_count,6,37,8-5-5-9-11-5,1,0.00026267,minor,deuteronomy,main
pulse_count,6,38,5-5-9-11-5-10,1,0.00026267,minor,deuteronomy,main
pulse_count,6,39,5-9-11-5-10-10,1,0.00026267,minor,deuteronomy,main
pulse_count,6,40,9-11-5-10-10-11,1,0.00026267,minor,deuteronomy,main
pulse_count,6,41,11-5-10-10-11-5,1,0.00026267,minor,deuteronomy,main
pulse_count,6,42,5-10-10-11-5-6,1,0.00026267,minor,deuteronomy,main
pulse_count,6,43,10-10-11-5-6-7,1,0.00026267,minor,deuteronomy,main
pulse_count,6,44,10-11-5-6-7-11,1,0.00026267,minor,deuteronomy,main
pulse_count,6,45,11-5-6-7-11-20,1,0.00026267,minor,deuteronomy,main
pulse_count,6,46,5-6-7-11-20-7,1,0.00026267,minor,deuteronomy,main
pulse_count,6,47,6-7-11-20-7-5,1,0.00026267,minor,deuteronomy,main
pulse_count,6,48,7-11-20-7-5-4,1,0.00026267,minor,deuteronomy,main
pulse_count,6,49,11-20-7-5-4-11,1,0.00026267,minor,deuteronomy,main
pulse_count,6,50,20-7-5-4-11-8,1,0.00026267,minor,deuteronomy,main
accent_count,2,1,3-3,493,0.12936237,minor,deuteronomy,main
accent_count,2,2,2-3,320,0.08396746,minor,deuteronomy,main
accent_count,2,3,3-2,294,0.07714511,minor,deuteronomy,main
accent_count,2,4,3-4,230,0.06035161,minor,deuteronomy,main
accent_count,2,5,4-3,221,0.05799003,minor,deuteronomy,main
accent_count,2,6,2-2,183,0.04801889,minor,deuteronomy,main
accent_count,2,7,4-2,150,0.03935975,minor,deuteronomy,main
accent_count,2,8,2-4,147,0.03857255,minor,deuteronomy,main
accent_count,2,9,3-5,122,0.0320126,minor,deuteronomy,main
accent_count,2,10,4-4,119,0.0312254,minor,deuteronomy,main
accent_count,2,11,3-1,115,0.03017581,minor,deuteronomy,main
accent_count,2,12,1-3,110,0.02886382,minor,deuteronomy,main
accent_count,2,13,5-3,108,0.02833902,minor,deuteronomy,main
accent_count,2,14,5-2,82,0.02151666,minor,deuteronomy,main
accent_count,2,15,4-1,74,0.01941748,minor,deuteronomy,main
accent_count,2,16,2-5,73,0.01915508,minor,deuteronomy,main
accent_count,2,17,5-4,66,0.01731829,minor,deuteronomy,main
accent_count,2,18,4-5,58,0.0152191,minor,deuteronomy,main
accent_count,2,19,6-3,52,0.01364471,minor,deuteronomy,main
accent_count,2,20,1-2,51,0.01338231,minor,deuteronomy,main
accent_count,2,21,1-4,51,0.01338231,minor,deuteronomy,main
accent_count,2,22,3-6,50,0.01311992,minor,deuteronomy,main
accent_count,2,23,6-2,38,0.00997114,minor,deuteronomy,main
accent_count,2,24,2-6,36,0.00944634,minor,deuteronomy,main
accent_count,2,25,1-5,36,0.00944634,minor,deuteronomy,main
accent_count,2,26,6-4,35,0.00918394,minor,deuteronomy,main
accent_count,2,27,4-6,31,0.00813435,minor,deuteronomy,main
accent_count,2,28,2-1,31,0.00813435,minor,deuteronomy,main
accent_count,2,29,5-5,31,0.00813435,minor,deuteronomy,main
accent_count,2,30,3-7,29,0.00760955,minor,deuteronomy,main
accent_count,2,31,5-1,28,0.00734715,minor,deuteronomy,main
accent_count,2,32,7-3,28,0.00734715,minor,deuteronomy,main
accent_count,2,33,7-2,18,0.00472317,minor,deuteronomy,main
accent_count,2,34,5-6,16,0.00419837,minor,deuteronomy,main
accent_count,2,35,2-8,14,0.00367358,minor,deuteronomy,main
accent_count,2,36,2-7,14,0.00367358,minor,deuteronomy,main
accent_count,2,37,3-8,14,0.00367358,minor,deuteronomy,main
accent_count,2,38,8-3,13,0.00341118,minor,deuteronomy,main
accent_count,2,39,1-6,13,0.00341118,minor,deuteronomy,main
accent_count,2,40,4-7,11,0.00288638,minor,deuteronomy,main
accent_count,2,41,8-4,11,0.00288638,minor,deuteronomy,main
accent_count,2,42,7-4,10,0.00262398,minor,deuteronomy,main
accent_count,2,43,3-9,9,0.00236158,minor,deuteronomy,main
accent_count,2,44,1-1,9,0.00236158,minor,deuteronomy,main
accent_count,2,45,6-1,9,0.00236158,minor,deuteronomy,main
accent_count,2,46,6-5,9,0.00236158,minor,deuteronomy,main
accent_count,2,47,9-2,8,0.00209919,minor,deuteronomy,main
accent_count,2,48,4-8,7,0.00183679,minor,deuteronomy,main
accent_count,2,49,6-6,7,0.00183679,minor,deuteronomy,main
accent_count,2,50,11-3,7,0.00183679,minor,deuteronomy,main
accent_count,3,1,3-3-3,188,0.04934383,minor,deuteronomy,main
accent_count,3,2,3-2-3,112,0.02939633,minor,deuteronomy,main
accent_count,3,3,2-3-3,108,0.02834646,minor,deuteronomy,main
accent_count,3,4,3-3-2,100,0.02624672,minor,deuteronomy,main
accent_count,3,5,3-3-4,85,0.02230971,minor,deuteronomy,main
accent_count,3,6,3-4-3,82,0.02152231,minor,deuteronomy,main
accent_count,3,7,4-3-3,80,0.02099738,minor,deuteronomy,main
accent_count,3,8,2-2-3,77,0.02020997,minor,deuteronomy,main
accent_count,3,9,2-3-2,65,0.01706037,minor,deuteronomy,main
accent_count,3,10,3-2-4,62,0.01627297,minor,deuteronomy,main
accent_count,3,11,3-2-2,60,0.01574803,minor,deuteronomy,main
accent_count,3,12,4-2-3,58,0.0152231,minor,deuteronomy,main
accent_count,3,13,2-3-4,58,0.0152231,minor,deuteronomy,main
accent_count,3,14,2-4-3,53,0.01391076,minor,deuteronomy,main
accent_count,3,15,3-3-5,50,0.01312336,minor,deuteronomy,main
accent_count,3,16,1-3-3,49,0.01286089,minor,deuteronomy,main
accent_count,3,17,3-1-3,47,0.01233596,minor,deuteronomy,main
accent_count,3,18,3-4-2,45,0.01181102,minor,deuteronomy,main
accent_count,3,19,4-3-2,44,0.01154856,minor,deuteronomy,main
accent_count,3,20,3-4-4,42,0.01102362,minor,deuteronomy,main
accent_count,3,21,2-2-2,42,0.01102362,minor,deuteronomy,main
accent_count,3,22,3-3-1,39,0.01023622,minor,deuteronomy,main
accent_count,3,23,3-5-3,38,0.00997375,minor,deuteronomy,main
accent_count,3,24,5-3-3,37,0.00971129,minor,deuteronomy,main
accent_count,3,25,4-1-3,37,0.00971129,minor,deuteronomy,main
accent_count,3,26,2-4-2,35,0.00918635,minor,deuteronomy,main
accent_count,3,27,5-2-3,35,0.00918635,minor,deuteronomy,main
accent_count,3,28,4-2-2,34,0.00892388,minor,deuteronomy,main
accent_count,3,29,4-3-4,34,0.00892388,minor,deuteronomy,main
accent_count,3,30,1-3-2,32,0.00839895,minor,deuteronomy,main
accent_count,3,31,3-4-1,31,0.00813648,minor,deuteronomy,main
accent_count,3,32,2-3-5,31,0.00813648,minor,deuteronomy,main
accent_count,3,33,2-3-1,30,0.00787402,minor,deuteronomy,main
accent_count,3,34,3-5-2,29,0.00761155,minor,deuteronomy,main
accent_count,3,35,4-4-3,29,0.00761155,minor,deuteronomy,main
accent_count,3,36,4-2-4,27,0.00708661,minor,deuteronomy,main
accent_count,3,37,2-4-4,27,0.00708661,minor,deuteronomy,main
accent_count,3,38,4-4-2,26,0.00682415,minor,deuteronomy,main
accent_count,3,39,5-3-2,26,0.00682415,minor,deuteronomy,main
accent_count,3,40,2-2-4,25,0.00656168,minor,deuteronomy,main
accent_count,3,41,3-2-5,25,0.00656168,minor,deuteronomy,main
accent_count,3,42,4-3-1,22,0.00577428,minor,deuteronomy,main
accent_count,3,43,4-4-4,22,0.00577428,minor,deuteronomy,main
accent_count,3,44,4-5-3,22,0.00577428,minor,deuteronomy,main
accent_count,3,45,3-5-4,21,0.00551181,minor,deuteronomy,main
accent_count,3,46,3-1-2,21,0.00551181,minor,deuteronomy,main
accent_count,3,47,5-2-2,21,0.00551181,minor,deuteronomy,main
accent_count,3,48,3-6-3,20,0.00524934,minor,deuteronomy,main
accent_count,3,49,2-5-3,20,0.00524934,minor,deuteronomy,main
accent_count,3,50,3-1-4,20,0.00524934,minor,deuteronomy,main
accent_count,4,1,3-3-3-3,75,0.01969021,minor,deuteronomy,main
accent_count,4,2,2-3-3-3,42,0.01102652,minor,deuteronomy,main
accent_count,4,3,3-3-2-3,41,0.01076398,minor,deuteronomy,main
accent_count,4,4,3-3-3-2,40,0.01050144,minor,deuteronomy,main
accent_count,4,5,3-2-3-3,33,0.00866369,minor,deuteronomy,main
accent_count,4,6,3-3-4-3,30,0.00787608,minor,deuteronomy,main
accent_count,4,7,3-4-3-3,27,0.00708847,minor,deuteronomy,main
accent_count,4,8,4-2-3-3,26,0.00682594,minor,deuteronomy,main
accent_count,4,9,2-3-3-2,25,0.0065634,minor,deuteronomy,main
accent_count,4,10,3-2-3-2,25,0.0065634,minor,deuteronomy,main
accent_count,4,11,4-3-3-3,24,0.00630087,minor,deuteronomy,main
accent_count,4,12,3-3-3-4,24,0.00630087,minor,deuteronomy,main
accent_count,4,13,3-3-3-5,23,0.00603833,minor,deuteronomy,main
accent_count,4,14,3-2-4-3,23,0.00603833,minor,deuteronomy,main
accent_count,4,15,1-3-3-3,22,0.00577579,minor,deuteronomy,main
accent_count,4,16,3-3-2-2,22,0.00577579,minor,deuteronomy,main
accent_count,4,17,4-3-3-2,22,0.00577579,minor,deuteronomy,main
accent_count,4,18,2-3-4-3,22,0.00577579,minor,deuteronomy,main
accent_count,4,19,3-2-2-3,22,0.00577579,minor,deuteronomy,main
accent_count,4,20,2-4-3-3,22,0.00577579,minor,deuteronomy,main
accent_count,4,21,3-1-3-3,21,0.00551326,minor,deuteronomy,main
accent_count,4,22,2-2-3-4,21,0.00551326,minor,deuteronomy,main
accent_count,4,23,4-3-2-3,21,0.00551326,minor,deuteronomy,main
accent_count,4,24,2-2-2-3,21,0.00551326,minor,deuteronomy,main
accent_count,4,25,2-3-2-3,21,0.00551326,minor,deuteronomy,main
accent_count,4,26,2-2-3-3,21,0.00551326,minor,deuteronomy,main
accent_count,4,27,4-3-3-4,20,0.00525072,minor,deuteronomy,main
accent_count,4,28,3-2-3-4,20,0.00525072,minor,deuteronomy,main
accent_count,4,29,3-5-3-3,19,0.00498819,minor,deuteronomy,main
accent_count,4,30,3-4-3-2,19,0.00498819,minor,deuteronomy,main
accent_count,4,31,2-3-3-4,19,0.00498819,minor,deuteronomy,main
accent_count,4,32,3-3-5-3,18,0.00472565,minor,deuteronomy,main
accent_count,4,33,3-3-2-4,17,0.00446311,minor,deuteronomy,main
accent_count,4,34,4-1-3-3,17,0.00446311,minor,deuteronomy,main
accent_count,4,35,3-3-4-2,16,0.00420058,minor,deuteronomy,main
accent_count,4,36,3-3-3-1,16,0.00420058,minor,deuteronomy,main
accent_count,4,37,2-3-2-2,16,0.00420058,minor,deuteronomy,main
accent_count,4,38,3-4-2-3,16,0.00420058,minor,deuteronomy,main
accent_count,4,39,3-3-4-4,15,0.00393804,minor,deuteronomy,main
accent_count,4,40,5-3-3-3,15,0.00393804,minor,deuteronomy,main
accent_count,4,41,3-2-3-5,15,0.00393804,minor,deuteronomy,main
accent_count,4,42,2-2-3-2,15,0.00393804,minor,deuteronomy,main
accent_count,4,43,2-3-4-4,14,0.00367551,minor,deuteronomy,main
accent_count,4,44,3-4-4-3,14,0.00367551,minor,deuteronomy,main
accent_count,4,45,3-2-4-2,14,0.00367551,minor,deuteronomy,main
accent_count,4,46,3-3-1-3,14,0.00367551,minor,deuteronomy,main
accent_count,4,47,3-3-5-2,13,0.00341297,minor,deuteronomy,main
accent_count,4,48,5-2-3-3,13,0.00341297,minor,deuteronomy,main
accent_count,4,49,4-2-2-3,13,0.00341297,minor,deuteronomy,main
accent_count,4,50,3-2-3-1,13,0.00341297,minor,deuteronomy,main
accent_count,5,1,3-3-3-3-3,35,0.00919118,minor,deuteronomy,main
accent_count,5,2,2-3-3-3-3,22,0.00577731,minor,deuteronomy,main
accent_count,5,3,3-3-2-3-3,20,0.0052521,minor,deuteronomy,main
accent_count,5,4,3-3-3-2-3,18,0.00472689,minor,deuteronomy,main
accent_count,5,5,3-3-3-3-2,17,0.00446429,minor,deuteronomy,main
accent_count,5,6,2-3-3-2-3,14,0.00367647,minor,deuteronomy,main
accent_count,5,7,3-2-3-3-3,14,0.00367647,minor,deuteronomy,main
accent_count,5,8,3-3-4-3-3,13,0.00341387,minor,deuteronomy,main
accent_count,5,9,3-2-3-3-2,12,0.00315126,minor,deuteronomy,main
accent_count,5,10,3-2-4-3-3,12,0.00315126,minor,deuteronomy,main
accent_count,5,11,1-3-3-3-3,10,0.00262605,minor,deuteronomy,main
accent_count,5,12,3-4-3-3-2,10,0.00262605,minor,deuteronomy,main
accent_count,5,13,3-3-5-3-3,9,0.00236345,minor,deuteronomy,main
accent_count,5,14,3-5-3-3-3,9,0.00236345,minor,deuteronomy,main
accent_count,5,15,3-1-3-3-3,9,0.00236345,minor,deuteronomy,main
accent_count,5,16,3-3-3-3-5,9,0.00236345,minor,deuteronomy,main
accent_count,5,17,4-3-3-3-2,9,0.00236345,minor,deuteronomy,main
accent_count,5,18,2-2-2-3-4,9,0.00236345,minor,deuteronomy,main
accent_count,5,19,3-2-3-4-3,9,0.00236345,minor,deuteronomy,main
accent_count,5,20,3-2-3-2-3,9,0.00236345,minor,deuteronomy,main
accent_count,5,21,2-2-3-4-3,9,0.00236345,minor,deuteronomy,main
accent_count,5,22,2-2-3-3-3,9,0.00236345,minor,deuteronomy,main
accent_count,5,23,3-2-2-3-3,9,0.00236345,minor,deuteronomy,main
accent_count,5,24,4-4-2-3-3,8,0.00210084,minor,deuteronomy,main
accent_count,5,25,3-3-3-2-2,8,0.00210084,minor,deuteronomy,main
accent_count,5,26,2-3-4-3-2,8,0.00210084,minor,deuteronomy,main
accent_count,5,27,4-1-3-3-3,8,0.00210084,minor,deuteronomy,main
accent_count,5,28,3-3-3-5-3,8,0.00210084,minor,deuteronomy,main
accent_count,5,29,3-3-2-3-2,8,0.00210084,minor,deuteronomy,main
accent_count,5,30,4-2-3-3-3,8,0.00210084,minor,deuteronomy,main
accent_count,5,31,3-3-2-2-3,8,0.00210084,minor,deuteronomy,main
accent_count,5,32,3-3-3-4-3,8,0.00210084,minor,deuteronomy,main
accent_count,5,33,3-3-2-4-3,8,0.00210084,minor,deuteronomy,main
accent_count,5,34,5-2-3-3-3,7,0.00183824,minor,deuteronomy,main
accent_count,5,35,4-3-3-4-4,7,0.00183824,minor,deuteronomy,main
accent_count,5,36,3-4-3-2-3,7,0.00183824,minor,deuteronomy,main
accent_count,5,37,2-2-3-2-3,7,0.00183824,minor,deuteronomy,main
accent_count,5,38,3-3-1-3-3,7,0.00183824,minor,deuteronomy,main
accent_count,5,39,4-2-2-2-3,7,0.00183824,minor,deuteronomy,main
accent_count,5,40,3-4-2-3-3,7,0.00183824,minor,deuteronomy,main
accent_count,5,41,2-4-3-3-2,7,0.00183824,minor,deuteronomy,main
accent_count,5,42,3-1-3-3-4,6,0.00157563,minor,deuteronomy,main
accent_count,5,43,3-3-3-2-4,6,0.00157563,minor,deuteronomy,main
accent_count,5,44,3-4-3-3-3,6,0.00157563,minor,deuteronomy,main
accent_count,5,45,3-2-2-2-3,6,0.00157563,minor,deuteronomy,main
accent_count,5,46,3-2-2-3-4,6,0.00157563,minor,deuteronomy,main
accent_count,5,47,4-3-3-4-3,6,0.00157563,minor,deuteronomy,main
accent_count,5,48,2-3-3-4-3,6,0.00157563,minor,deuteronomy,main
accent_count,5,49,4-3-3-2-3,6,0.00157563,minor,deuteronomy,main
accent_count,5,50,3-3-2-3-4,6,0.00157563,minor,deuteronomy,main
accent_count,6,1,3-3-3-3-3-3,18,0.00472813,minor,deuteronomy,main
accent_count,6,2,3-3-3-2-3-3,12,0.00315209,minor,deuteronomy,main
accent_count,6,3,3-3-2-3-3-3,11,0.00288941,minor,deuteronomy,main
accent_count,6,4,3-2-3-3-3-3,11,0.00288941,minor,deuteronomy,main
accent_count,6,5,3-2-3-3-2-3,10,0.00262674,minor,deuteronomy,main
accent_count,6,6,2-3-3-3-3-2,9,0.00236407,minor,deuteronomy,main
accent_count,6,7,2-3-3-3-3-3,9,0.00236407,minor,deuteronomy,main
accent_count,6,8,3-3-3-3-2-3,7,0.00183872,minor,deuteronomy,main
accent_count,6,9,3-3-5-3-3-3,6,0.00157604,minor,deuteronomy,main
accent_count,6,10,3-4-3-3-3-2,6,0.00157604,minor,deuteronomy,main
accent_count,6,11,3-3-3-3-3-2,6,0.00157604,minor,deuteronomy,main
accent_count,6,12,2-3-3-2-3-3,5,0.00131337,minor,deuteronomy,main
accent_count,6,13,3-3-4-3-3-2,5,0.00131337,minor,deuteronomy,main
accent_count,6,14,2-2-2-3-4-3,5,0.00131337,minor,deuteronomy,main
accent_count,6,15,2-2-3-4-3-2,5,0.00131337,minor,deuteronomy,main
accent_count,6,16,4-3-3-3-2-3,5,0.00131337,minor,deuteronomy,main
accent_count,6,17,3-2-2-3-3-3,5,0.00131337,minor,deuteronomy,main
accent_count,6,18,2-2-3-3-3-3,5,0.00131337,minor,deuteronomy,main
accent_count,6,19,3-3-2-3-3-2,5,0.00131337,minor,deuteronomy,main
accent_count,6,20,3-4-4-2-3-3,4,0.0010507,minor,deuteronomy,main
accent_count,6,21,3-5-2-3-3-3,4,0.0010507,minor,deuteronomy,main
accent_count,6,22,4-3-2-3-3-2,4,0.0010507,minor,deuteronomy,main
accent_count,6,23,3-1-3-3-3-3,4,0.0010507,minor,deuteronomy,main
accent_count,6,24,4-3-3-3-2-2,4,0.0010507,minor,deuteronomy,main
accent_count,6,25,2-3-4-3-2-3,4,0.0010507,minor,deuteronomy,main
accent_count,6,26,2-3-1-2-3-3,4,0.0010507,minor,deuteronomy,main
accent_count,6,27,2-3-3-4-3-3,4,0.0010507,minor,deuteronomy,main
accent_count,6,28,3-4-3-3-2-3,4,0.0010507,minor,deuteronomy,main
accent_count,6,29,2-3-3-3-2-3,4,0.0010507,minor,deuteronomy,main
accent_count,6,30,3-3-3-3-3-5,4,0.0010507,minor,deuteronomy,main
accent_count,6,31,3-3-2-4-3-3,4,0.0010507,minor,deuteronomy,main
accent_count,6,32,3-2-4-3-3-4,4,0.0010507,minor,deuteronomy,main
accent_count,6,33,3-3-1-3-2-4,4,0.0010507,minor,deuteronomy,main
accent_count,6,34,2-3-2-2-3-3,4,0.0010507,minor,deuteronomy,main
accent_count,6,35,3-4-2-2-2-3,4,0.0010507,minor,deuteronomy,main
accent_count,6,36,3-4-4-3-3-3,4,0.0010507,minor,deuteronomy,main
accent_count,6,37,2-3-4-2-3-3,4,0.0010507,minor,deuteronomy,main
accent_count,6,38,3-2-4-3-3-2,4,0.0010507,minor,deuteronomy,main
accent_count,6,39,3-3-3-5-3-3,4,0.0010507,minor,deuteronomy,main
accent_count,6,40,4-3-3-3-4-3,4,0.0010507,minor,deuteronomy,main
accent_count,6,41,2-4-3-1-3-3,3,0.00078802,minor,deuteronomy,main
accent_count,6,42,3-3-5-2-3-3,3,0.00078802,minor,deuteronomy,main
accent_count,6,43,4-3-3-4-4-3,3,0.00078802,minor,deuteronomy,main
accent_count,6,44,3-3-4-4-3-4,3,0.00078802,minor,deuteronomy,main
accent_count,6,45,3-5-3-3-3-2,3,0.00078802,minor,deuteronomy,main
accent_count,6,46,3-3-2-4-2-4,3,0.00078802,minor,deuteronomy,main
accent_count,6,47,3-2-4-2-4-2,3,0.00078802,minor,deuteronomy,main
accent_count,6,48,1-3-3-3-3-5,3,0.00078802,minor,deuteronomy,main
accent_count,6,49,3-3-2-2-2-3,3,0.00078802,minor,deuteronomy,main
accent_count,6,50,4-3-4-3-3-2,3,0.00078802,minor,deuteronomy,main
