ngram_n,rank,pattern,count,share,book,model,relation
2,1,2-2,1475,0.14271892,leviticus,continuous,continuous
2,2,3-2,1244,0.12036768,leviticus,continuous,continuous
2,3,2-3,1220,0.11804548,leviticus,continuous,continuous
2,4,3-3,1182,0.11436865,leviticus,continuous,continuous
2,5,2-1,576,0.05573295,leviticus,continuous,continuous
2,6,1-2,551,0.05331398,leviticus,continuous,continuous
2,7,4-2,471,0.04557329,leviticus,continuous,continuous
2,8,3-1,464,0.04489598,leviticus,continuous,continuous
2,9,2-4,444,0.04296081,leviticus,continuous,continuous
2,10,1-3,430,0.04160619,leviticus,continuous,continuous
2,11,3-4,366,0.03541364,leviticus,continuous,continuous
2,12,4-3,365,0.03531688,leviticus,continuous,continuous
2,13,1-1,197,0.01906144,leviticus,continuous,continuous
2,14,1-4,195,0.01886792,leviticus,continuous,continuous
2,15,4-1,194,0.01877117,leviticus,continuous,continuous
2,16,4-4,142,0.01373972,leviticus,continuous,continuous
2,17,2-5,135,0.01306241,leviticus,continuous,continuous
2,18,5-2,110,0.01064344,leviticus,continuous,continuous
2,19,5-3,104,0.01006289,leviticus,continuous,continuous
2,20,1-5,77,0.00745041,leviticus,continuous,continuous
2,21,3-5,64,0.00619255,leviticus,continuous,continuous
2,22,5-4,48,0.00464441,leviticus,continuous,continuous
2,23,5-1,46,0.0044509,leviticus,continuous,continuous
2,24,1-6,32,0.00309627,leviticus,continuous,continuous
2,25,4-5,32,0.00309627,leviticus,continuous,continuous
2,26,6-3,31,0.00299952,leviticus,continuous,continuous
2,27,6-2,26,0.00251572,leviticus,continuous,continuous
2,28,2-6,25,0.00241896,leviticus,continuous,continuous
2,29,3-6,15,0.00145138,leviticus,continuous,continuous
2,30,6-4,14,0.00135462,leviticus,continuous,continuous
2,31,5-5,13,0.00125786,leviticus,continuous,continuous
2,32,2-7,8,0.00077407,leviticus,continuous,continuous
2,33,6-1,7,0.00067731,leviticus,continuous,continuous
2,34,7-2,7,0.00067731,leviticus,continuous,continuous
2,35,4-6,6,0.00058055,leviticus,continuous,continuous
2,36,7-3,5,0.00048379,leviticus,continuous,continuous
2,37,1-7,4,0.00038703,leviticus,continuous,continuous
2,38,3-7,3,0.00029028,leviticus,continuous,continuous
2,39,6-5,2,0.00019352,leviticus,continuous,continuous
2,40,5-6,2,0.00019352,leviticus,continuous,continuous
2,41,7-1,2,0.00019352,leviticus,continuous,continuous
2,42,7-4,1,9.676e-05,leviticus,continuous,continuous
3,1,2-2-2,544,0.05264177,leviticus,continuous,continuous
3,2,2-2-3,476,0.04606154,leviticus,continuous,continuous
3,3,3-2-2,466,0.04509386,leviticus,continuous,continuous
3,4,3-3-3,451,0.04364235,leviticus,continuous,continuous
3,5,2-3-2,450,0.04354558,leviticus,continuous,continuous
3,6,3-3-2,447,0.04325527,leviticus,continuous,continuous
3,7,2-3-3,426,0.04122315,leviticus,continuous,continuous
3,8,3-2-3,404,0.03909425,leviticus,continuous,continuous
3,9,2-2-1,227,0.02196632,leviticus,continuous,continuous
3,10,1-2-2,214,0.02070834,leviticus,continuous,continuous
3,11,2-1-2,209,0.0202245,leviticus,continuous,continuous
3,12,4-2-2,197,0.01906329,leviticus,continuous,continuous
3,13,3-2-1,184,0.0178053,leviticus,continuous,continuous
3,14,2-4-2,176,0.01703116,leviticus,continuous,continuous
3,15,1-3-2,170,0.01645055,leviticus,continuous,continuous
3,16,2-3-1,167,0.01616025,leviticus,continuous,continuous
3,17,3-1-2,165,0.01596671,leviticus,continuous,continuous
3,18,2-2-4,162,0.01567641,leviticus,continuous,continuous
3,19,2-1-3,157,0.01519257,leviticus,continuous,continuous
3,20,1-2-3,155,0.01499903,leviticus,continuous,continuous
3,21,3-3-1,155,0.01499903,leviticus,continuous,continuous
3,22,2-3-4,151,0.01461196,leviticus,continuous,continuous
3,23,3-1-3,149,0.01441842,leviticus,continuous,continuous
3,24,3-2-4,142,0.01374105,leviticus,continuous,continuous
3,25,1-3-3,139,0.01345075,leviticus,continuous,continuous
3,26,4-2-3,136,0.01316044,leviticus,continuous,continuous
3,27,3-4-2,135,0.01306367,leviticus,continuous,continuous
3,28,2-4-3,133,0.01287014,leviticus,continuous,continuous
3,29,4-3-2,129,0.01248307,leviticus,continuous,continuous
3,30,4-3-3,119,0.01151539,leviticus,continuous,continuous
3,31,3-4-3,108,0.01045094,leviticus,continuous,continuous
3,32,3-3-4,104,0.01006387,leviticus,continuous,continuous
3,33,1-2-1,96,0.00928972,leviticus,continuous,continuous
3,34,2-1-4,85,0.00822528,leviticus,continuous,continuous
3,35,2-1-1,84,0.00812851,leviticus,continuous,continuous
3,36,1-4-2,83,0.00803174,leviticus,continuous,continuous
3,37,4-1-2,78,0.0075479,leviticus,continuous,continuous
3,38,1-1-2,76,0.00735436,leviticus,continuous,continuous
3,39,1-3-1,72,0.00696729,leviticus,continuous,continuous
3,40,2-4-1,71,0.00687052,leviticus,continuous,continuous
3,41,1-2-4,69,0.00667699,leviticus,continuous,continuous
3,42,3-4-1,68,0.00658022,leviticus,continuous,continuous
3,43,1-4-3,65,0.00628992,leviticus,continuous,continuous
3,44,1-1-3,60,0.00580608,leviticus,continuous,continuous
3,45,3-1-1,59,0.00570931,leviticus,continuous,continuous
3,46,3-1-4,57,0.00551577,leviticus,continuous,continuous
3,47,4-2-1,57,0.00551577,leviticus,continuous,continuous
3,48,4-3-1,53,0.0051287,leviticus,continuous,continuous
3,49,4-2-4,53,0.0051287,leviticus,continuous,continuous
3,50,2-5-2,52,0.00503193,leviticus,continuous,continuous
4,1,2-2-2-2,220,0.02129101,leviticus,continuous,continuous
4,2,2-2-3-2,193,0.01867802,leviticus,continuous,continuous
4,3,2-3-3-3,188,0.01819414,leviticus,continuous,continuous
4,4,3-3-3-2,184,0.01780703,leviticus,continuous,continuous
4,5,2-3-2-2,183,0.01771025,leviticus,continuous,continuous
4,6,3-3-2-2,167,0.01616181,leviticus,continuous,continuous
4,7,3-2-2-3,167,0.01616181,leviticus,continuous,continuous
4,8,3-3-3-3,162,0.01567793,leviticus,continuous,continuous
4,9,2-2-2-3,159,0.01538759,leviticus,continuous,continuous
4,10,3-2-3-3,154,0.01490371,leviticus,continuous,continuous
4,11,3-2-2-2,152,0.01471015,leviticus,continuous,continuous
4,12,2-2-3-3,149,0.01441982,leviticus,continuous,continuous
4,13,3-3-2-3,144,0.01393593,leviticus,continuous,continuous
4,14,2-3-3-2,139,0.01345205,leviticus,continuous,continuous
4,15,3-2-3-2,137,0.01325849,leviticus,continuous,continuous
4,16,2-3-2-3,131,0.01267783,leviticus,continuous,continuous
4,17,2-2-2-1,85,0.00822607,leviticus,continuous,continuous
4,18,2-1-2-2,84,0.00812929,leviticus,continuous,continuous
4,19,1-2-2-2,84,0.00812929,leviticus,continuous,continuous
4,20,2-2-1-2,83,0.00803252,leviticus,continuous,continuous
4,21,3-2-2-1,73,0.00706474,leviticus,continuous,continuous
4,22,4-2-2-2,72,0.00696797,leviticus,continuous,continuous
4,23,1-3-2-3,71,0.00687119,leviticus,continuous,continuous
4,24,3-1-2-2,70,0.00677441,leviticus,continuous,continuous
4,25,2-2-1-3,69,0.00667763,leviticus,continuous,continuous
4,26,3-2-1-2,67,0.00648408,leviticus,continuous,continuous
4,27,2-2-3-1,66,0.0063873,leviticus,continuous,continuous
4,28,3-1-3-2,65,0.00629053,leviticus,continuous,continuous
4,29,1-2-2-3,65,0.00629053,leviticus,continuous,continuous
4,30,2-2-4-2,65,0.00629053,leviticus,continuous,continuous
4,31,2-4-2-2,65,0.00629053,leviticus,continuous,continuous
4,32,4-2-2-3,64,0.00619375,leviticus,continuous,continuous
4,33,3-3-2-1,63,0.00609697,leviticus,continuous,continuous
4,34,3-4-2-2,63,0.00609697,leviticus,continuous,continuous
4,35,2-3-1-2,63,0.00609697,leviticus,continuous,continuous
4,36,2-1-2-3,63,0.00609697,leviticus,continuous,continuous
4,37,2-3-2-1,62,0.00600019,leviticus,continuous,continuous
4,38,3-2-4-2,60,0.00580664,leviticus,continuous,continuous
4,39,3-3-3-1,59,0.00570986,leviticus,continuous,continuous
4,40,1-3-2-2,59,0.00570986,leviticus,continuous,continuous
4,41,3-2-3-4,59,0.00570986,leviticus,continuous,continuous
4,42,2-1-3-2,59,0.00570986,leviticus,continuous,continuous
4,43,2-4-2-3,59,0.00570986,leviticus,continuous,continuous
4,44,2-3-1-3,58,0.00561308,leviticus,continuous,continuous
4,45,2-2-3-4,58,0.00561308,leviticus,continuous,continuous
4,46,2-2-2-4,56,0.00541953,leviticus,continuous,continuous
4,47,3-3-2-4,56,0.00541953,leviticus,continuous,continuous
4,48,1-3-3-2,55,0.00532275,leviticus,continuous,continuous
4,49,2-1-3-3,53,0.0051292,leviticus,continuous,continuous
4,50,2-3-4-2,52,0.00503242,leviticus,continuous,continuous
5,1,2-2-2-2-2,97,0.00938831,leviticus,continuous,continuous
5,2,2-2-3-2-2,84,0.00813008,leviticus,continuous,continuous
5,3,3-2-2-3-2,76,0.00735579,leviticus,continuous,continuous
5,4,3-3-3-2-2,75,0.007259,leviticus,continuous,continuous
5,5,2-3-3-3-2,74,0.00716221,leviticus,continuous,continuous
5,6,2-2-2-2-3,72,0.00696864,leviticus,continuous,continuous
5,7,2-2-3-3-3,71,0.00687185,leviticus,continuous,continuous
5,8,2-3-2-2-3,67,0.00648471,leviticus,continuous,continuous
5,9,3-3-3-3-3,67,0.00648471,leviticus,continuous,continuous
5,10,3-3-3-3-2,66,0.00638792,leviticus,continuous,continuous
5,11,2-3-3-3-3,64,0.00619435,leviticus,continuous,continuous
5,12,3-2-3-3-3,63,0.00609756,leviticus,continuous,continuous
5,13,2-3-2-2-2,61,0.00590399,leviticus,continuous,continuous
5,14,3-3-2-2-3,61,0.00590399,leviticus,continuous,continuous
5,15,2-2-2-3-2,59,0.00571041,leviticus,continuous,continuous
5,16,3-2-2-2-2,59,0.00571041,leviticus,continuous,continuous
5,17,2-3-3-2-3,59,0.00571041,leviticus,continuous,continuous
5,18,3-3-2-2-2,58,0.00561363,leviticus,continuous,continuous
5,19,2-3-2-3-3,57,0.00551684,leviticus,continuous,continuous
5,20,3-2-3-3-2,54,0.00522648,leviticus,continuous,continuous
5,21,2-2-3-2-3,53,0.00512969,leviticus,continuous,continuous
5,22,2-2-3-3-2,53,0.00512969,leviticus,continuous,continuous
5,23,3-3-2-3-2,52,0.00503291,leviticus,continuous,continuous
5,24,3-2-3-2-2,51,0.00493612,leviticus,continuous,continuous
5,25,3-2-2-3-3,50,0.00483933,leviticus,continuous,continuous
5,26,3-3-3-2-3,50,0.00483933,leviticus,continuous,continuous
5,27,3-3-2-3-3,49,0.00474255,leviticus,continuous,continuous
5,28,2-2-2-3-3,48,0.00464576,leviticus,continuous,continuous
5,29,2-3-3-2-2,45,0.0043554,leviticus,continuous,continuous
5,30,3-2-3-2-3,44,0.00425861,leviticus,continuous,continuous
5,31,3-2-2-2-3,42,0.00406504,leviticus,continuous,continuous
5,32,2-1-2-2-2,40,0.00387147,leviticus,continuous,continuous
5,33,2-3-2-3-2,40,0.00387147,leviticus,continuous,continuous
5,34,2-2-2-3-1,32,0.00309717,leviticus,continuous,continuous
5,35,4-2-2-2-2,31,0.00300039,leviticus,continuous,continuous
5,36,3-2-1-2-2,30,0.0029036,leviticus,continuous,continuous
5,37,3-1-3-2-3,30,0.0029036,leviticus,continuous,continuous
5,38,2-2-1-2-2,30,0.0029036,leviticus,continuous,continuous
5,39,2-3-3-3-1,30,0.0029036,leviticus,continuous,continuous
5,40,2-2-2-1-3,29,0.00280681,leviticus,continuous,continuous
5,41,1-2-2-2-2,29,0.00280681,leviticus,continuous,continuous
5,42,1-3-2-3-2,28,0.00271003,leviticus,continuous,continuous
5,43,2-2-3-2-1,28,0.00271003,leviticus,continuous,continuous
5,44,3-3-3-2-4,27,0.00261324,leviticus,continuous,continuous
5,45,2-2-2-1-2,27,0.00261324,leviticus,continuous,continuous
5,46,1-2-3-3-3,27,0.00261324,leviticus,continuous,continuous
5,47,2-3-2-2-1,27,0.00261324,leviticus,continuous,continuous
5,48,2-2-1-3-3,27,0.00261324,leviticus,continuous,continuous
5,49,4-2-2-3-2,27,0.00261324,leviticus,continuous,continuous
5,50,3-3-1-2-2,27,0.00261324,leviticus,continuous,continuous
6,1,2-2-2-2-2-2,41,0.00396864,leviticus,continuous,continuous
6,2,3-3-3-3-2-2,34,0.00329107,leviticus,continuous,continuous
6,3,2-2-3-2-2-2,34,0.00329107,leviticus,continuous,continuous
6,4,3-3-2-2-3-2,33,0.00319427,leviticus,continuous,continuous
6,5,3-2-2-3-2-2,31,0.00300068,leviticus,continuous,continuous
6,6,2-2-2-2-2-3,30,0.00290388,leviticus,continuous,continuous
6,7,2-2-3-3-3-2,29,0.00280709,leviticus,continuous,continuous
6,8,3-3-3-3-3-2,29,0.00280709,leviticus,continuous,continuous
6,9,3-2-3-3-2-3,29,0.00280709,leviticus,continuous,continuous
6,10,2-3-2-2-3-2,28,0.00271029,leviticus,continuous,continuous
6,11,2-3-3-3-3-2,28,0.00271029,leviticus,continuous,continuous
6,12,3-3-3-2-2-2,28,0.00271029,leviticus,continuous,continuous
6,13,2-2-2-2-3-2,27,0.00261349,leviticus,continuous,continuous
6,14,3-2-3-3-3-3,27,0.00261349,leviticus,continuous,continuous
6,15,2-3-3-3-3-3,27,0.00261349,leviticus,continuous,continuous
6,16,2-2-3-2-2-3,27,0.00261349,leviticus,continuous,continuous
6,17,2-2-2-3-2-2,26,0.0025167,leviticus,continuous,continuous
6,18,2-3-3-3-2-3,25,0.0024199,leviticus,continuous,continuous
6,19,3-2-2-2-2-2,25,0.0024199,leviticus,continuous,continuous
6,20,2-3-3-3-2-2,25,0.0024199,leviticus,continuous,continuous
6,21,3-3-3-2-2-3,25,0.0024199,leviticus,continuous,continuous
6,22,2-2-3-2-3-3,24,0.00232311,leviticus,continuous,continuous
6,23,3-2-2-3-3-3,24,0.00232311,leviticus,continuous,continuous
6,24,3-3-2-3-3-3,24,0.00232311,leviticus,continuous,continuous
6,25,3-3-3-3-3-3,24,0.00232311,leviticus,continuous,continuous
6,26,2-3-2-2-2-2,23,0.00222631,leviticus,continuous,continuous
6,27,2-2-2-3-3-3,23,0.00222631,leviticus,continuous,continuous
6,28,3-3-2-2-2-2,22,0.00212951,leviticus,continuous,continuous
6,29,2-2-3-3-3-3,22,0.00212951,leviticus,continuous,continuous
6,30,2-2-2-2-3-3,22,0.00212951,leviticus,continuous,continuous
6,31,3-2-2-3-2-3,22,0.00212951,leviticus,continuous,continuous
6,32,2-2-3-3-2-2,21,0.00203272,leviticus,continuous,continuous
6,33,2-3-2-3-3-3,21,0.00203272,leviticus,continuous,continuous
6,34,3-2-3-2-2-3,21,0.00203272,leviticus,continuous,continuous
6,35,2-3-2-3-3-2,20,0.00193592,leviticus,continuous,continuous
6,36,2-3-3-2-3-3,20,0.00193592,leviticus,continuous,continuous
6,37,3-2-3-2-3-3,20,0.00193592,leviticus,continuous,continuous
6,38,2-2-2-3-2-3,19,0.00183912,leviticus,continuous,continuous
6,39,2-3-3-2-2-2,19,0.00183912,leviticus,continuous,continuous
6,40,3-2-2-2-2-3,19,0.00183912,leviticus,continuous,continuous
6,41,2-3-2-2-3-3,19,0.00183912,leviticus,continuous,continuous
6,42,3-3-3-2-3-3,19,0.00183912,leviticus,continuous,continuous
6,43,3-3-2-3-2-2,19,0.00183912,leviticus,continuous,continuous
6,44,2-3-3-2-3-2,19,0.00183912,leviticus,continuous,continuous
6,45,3-2-3-3-3-2,18,0.00174233,leviticus,continuous,continuous
6,46,3-2-2-3-3-2,18,0.00174233,leviticus,continuous,continuous
6,47,3-3-2-3-2-3,17,0.00164553,leviticus,continuous,continuous
6,48,2-3-2-2-2-3,17,0.00164553,leviticus,continuous,continuous
6,49,2-2-3-3-2-3,17,0.00164553,leviticus,continuous,continuous
6,50,3-2-1-2-2-2,16,0.00154874,leviticus,continuous,continuous
2,1,2-2,1401,0.1478004,leviticus,sof_only,within
2,2,3-2,1188,0.12532968,leviticus,sof_only,within
2,3,2-3,1162,0.12258677,leviticus,sof_only,within
2,4,3-3,1050,0.11077118,leviticus,sof_only,within
2,5,2-1,551,0.05812849,leviticus,sof_only,within
2,6,1-2,512,0.05401414,leviticus,sof_only,within
2,7,3-1,445,0.04694588,leviticus,sof_only,within
2,8,4-2,441,0.04652389,leviticus,sof_only,within
2,9,1-3,416,0.04388649,leviticus,sof_only,within
2,10,2-4,407,0.04293702,leviticus,sof_only,within
2,11,4-3,320,0.03375884,leviticus,sof_only,within
2,12,3-4,311,0.03280937,leviticus,sof_only,within
2,13,1-4,176,0.01856736,leviticus,sof_only,within
2,14,4-1,152,0.01603545,leviticus,sof_only,within
2,15,1-1,151,0.01592995,leviticus,sof_only,within
2,16,4-4,116,0.01223758,leviticus,sof_only,within
2,17,2-5,113,0.01192109,leviticus,sof_only,within
2,18,5-2,93,0.00981116,leviticus,sof_only,within
2,19,5-3,86,0.00907269,leviticus,sof_only,within
2,20,1-5,62,0.00654077,leviticus,sof_only,within
2,21,3-5,53,0.00559131,leviticus,sof_only,within
2,22,5-4,42,0.00443085,leviticus,sof_only,within
2,23,5-1,36,0.00379787,leviticus,sof_only,within
2,24,4-5,30,0.00316489,leviticus,sof_only,within
2,25,1-6,25,0.00263741,leviticus,sof_only,within
2,26,6-2,24,0.00253191,leviticus,sof_only,within
2,27,6-3,22,0.00232092,leviticus,sof_only,within
2,28,2-6,21,0.00221542,leviticus,sof_only,within
2,29,3-6,13,0.00137145,leviticus,sof_only,within
2,30,5-5,11,0.00116046,leviticus,sof_only,within
2,31,6-4,10,0.00105496,leviticus,sof_only,within
2,32,2-7,8,0.00084397,leviticus,sof_only,within
2,33,6-1,7,0.00073847,leviticus,sof_only,within
2,34,7-2,5,0.00052748,leviticus,sof_only,within
2,35,7-3,4,0.00042199,leviticus,sof_only,within
2,36,4-6,4,0.00042199,leviticus,sof_only,within
2,37,6-5,2,0.00021099,leviticus,sof_only,within
2,38,7-1,2,0.00021099,leviticus,sof_only,within
2,39,5-6,2,0.00021099,leviticus,sof_only,within
2,40,1-7,2,0.00021099,leviticus,sof_only,within
2,41,3-7,1,0.0001055,leviticus,sof_only,within
2,42,5-7,1,0.0001055,leviticus,sof_only,within
2,43,7-4,1,0.0001055,leviticus,sof_only,within
3,1,2-2-2,537,0.05665752,leviticus,sof_only,within
3,2,2-3-2,440,0.0464233,leviticus,sof_only,within
3,3,3-2-2,440,0.0464233,leviticus,sof_only,within
3,4,2-2-3,438,0.04621228,leviticus,sof_only,within
3,5,3-3-2,424,0.04473518,leviticus,sof_only,within
3,6,2-3-3,405,0.04273053,leviticus,sof_only,within
3,7,3-2-3,400,0.042203,leviticus,sof_only,within
3,8,3-3-3,369,0.03893226,leviticus,sof_only,within
3,9,2-1-2,216,0.02278962,leviticus,sof_only,within
3,10,2-2-1,216,0.02278962,leviticus,sof_only,within
3,11,1-2-2,193,0.02036295,leviticus,sof_only,within
3,12,4-2-2,185,0.01951889,leviticus,sof_only,within
3,13,2-4-2,175,0.01846381,leviticus,sof_only,within
3,14,3-2-1,170,0.01793627,leviticus,sof_only,within
3,15,1-3-2,168,0.01772526,leviticus,sof_only,within
3,16,3-1-2,162,0.01709221,leviticus,sof_only,within
3,17,2-3-1,158,0.01667018,leviticus,sof_only,within
3,18,2-2-4,157,0.01656468,leviticus,sof_only,within
3,19,2-1-3,157,0.01656468,leviticus,sof_only,within
3,20,3-3-1,154,0.01624815,leviticus,sof_only,within
3,21,3-1-3,152,0.01603714,leviticus,sof_only,within
3,22,1-2-3,148,0.01561511,leviticus,sof_only,within
3,23,2-3-4,136,0.01434902,leviticus,sof_only,within
3,24,4-2-3,132,0.01392699,leviticus,sof_only,within
3,25,1-3-3,132,0.01392699,leviticus,sof_only,within
3,26,3-2-4,126,0.01329394,leviticus,sof_only,within
3,27,3-4-2,125,0.01318844,leviticus,sof_only,within
3,28,2-4-3,117,0.01234438,leviticus,sof_only,within
3,29,4-3-2,116,0.01223887,leviticus,sof_only,within
3,30,4-3-3,113,0.01192235,leviticus,sof_only,within
3,31,3-4-3,95,0.01002321,leviticus,sof_only,within
3,32,1-2-1,95,0.01002321,leviticus,sof_only,within
3,33,3-3-4,86,0.00907364,leviticus,sof_only,within
3,34,2-1-4,78,0.00822958,leviticus,sof_only,within
3,35,1-4-2,76,0.00801857,leviticus,sof_only,within
3,36,1-3-1,69,0.00728002,leviticus,sof_only,within
3,37,2-1-1,67,0.007069,leviticus,sof_only,within
3,38,4-1-2,64,0.00675248,leviticus,sof_only,within
3,39,1-2-4,62,0.00654146,leviticus,sof_only,within
3,40,4-2-1,58,0.00611943,leviticus,sof_only,within
3,41,2-4-1,57,0.00601393,leviticus,sof_only,within
3,42,1-4-3,56,0.00590842,leviticus,sof_only,within
3,43,3-1-4,54,0.0056974,leviticus,sof_only,within
3,44,1-1-2,53,0.0055919,leviticus,sof_only,within
3,45,1-1-3,53,0.0055919,leviticus,sof_only,within
3,46,3-1-1,51,0.00538088,leviticus,sof_only,within
3,47,4-3-1,47,0.00495885,leviticus,sof_only,within
3,48,3-4-1,47,0.00495885,leviticus,sof_only,within
3,49,2-4-4,47,0.00495885,leviticus,sof_only,within
3,50,4-2-4,46,0.00485334,leviticus,sof_only,within
4,1,2-2-2-2,207,0.02184236,leviticus,sof_only,within
4,2,2-3-2-2,178,0.01878232,leviticus,sof_only,within
4,3,2-2-3-2,177,0.0186768,leviticus,sof_only,within
4,4,2-2-2-3,168,0.01772713,leviticus,sof_only,within
4,5,3-2-2-2,162,0.01709402,leviticus,sof_only,within
4,6,2-3-3-2,157,0.01656642,leviticus,sof_only,within
4,7,3-3-3-2,154,0.01624987,leviticus,sof_only,within
4,8,3-2-3-3,154,0.01624987,leviticus,sof_only,within
4,9,3-3-2-2,154,0.01624987,leviticus,sof_only,within
4,10,2-3-3-3,153,0.01614435,leviticus,sof_only,within
4,11,3-2-3-2,148,0.01561676,leviticus,sof_only,within
4,12,3-2-2-3,143,0.01508916,leviticus,sof_only,within
4,13,3-3-2-3,143,0.01508916,leviticus,sof_only,within
4,14,2-3-2-3,140,0.01477261,leviticus,sof_only,within
4,15,2-2-3-3,131,0.01382294,leviticus,sof_only,within
4,16,3-3-3-3,128,0.01350638,leviticus,sof_only,within
4,17,2-2-1-2,92,0.00970771,leviticus,sof_only,within
4,18,2-2-2-1,86,0.0090746,leviticus,sof_only,within
4,19,2-1-2-2,81,0.00854701,leviticus,sof_only,within
4,20,1-2-2-2,79,0.00833597,leviticus,sof_only,within
4,21,4-2-2-2,74,0.00780838,leviticus,sof_only,within
4,22,2-2-3-1,74,0.00780838,leviticus,sof_only,within
4,23,3-1-3-2,69,0.00728079,leviticus,sof_only,within
4,24,1-3-2-3,67,0.00706975,leviticus,sof_only,within
4,25,2-2-4-2,66,0.00696423,leviticus,sof_only,within
4,26,2-4-2-2,66,0.00696423,leviticus,sof_only,within
4,27,3-2-2-1,65,0.00685871,leviticus,sof_only,within
4,28,3-2-1-2,64,0.00675319,leviticus,sof_only,within
4,29,3-1-2-2,64,0.00675319,leviticus,sof_only,within
4,30,2-3-1-2,60,0.00633112,leviticus,sof_only,within
4,31,2-4-2-3,60,0.00633112,leviticus,sof_only,within
4,32,2-3-3-1,60,0.00633112,leviticus,sof_only,within
4,33,2-1-2-3,60,0.00633112,leviticus,sof_only,within
4,34,3-3-2-1,59,0.0062256,leviticus,sof_only,within
4,35,3-4-2-2,58,0.00612008,leviticus,sof_only,within
4,36,4-2-2-3,58,0.00612008,leviticus,sof_only,within
4,37,2-3-2-1,58,0.00612008,leviticus,sof_only,within
4,38,3-2-4-2,58,0.00612008,leviticus,sof_only,within
4,39,2-2-1-3,57,0.00601456,leviticus,sof_only,within
4,40,2-2-2-4,56,0.00590904,leviticus,sof_only,within
4,41,2-1-3-2,56,0.00590904,leviticus,sof_only,within
4,42,1-3-3-2,56,0.00590904,leviticus,sof_only,within
4,43,1-2-2-3,55,0.00580352,leviticus,sof_only,within
4,44,2-3-1-3,55,0.00580352,leviticus,sof_only,within
4,45,2-1-3-3,55,0.00580352,leviticus,sof_only,within
4,46,1-3-2-2,54,0.00569801,leviticus,sof_only,within
4,47,3-3-2-4,53,0.00559249,leviticus,sof_only,within
4,48,1-2-3-2,53,0.00559249,leviticus,sof_only,within
4,49,3-3-1-3,53,0.00559249,leviticus,sof_only,within
4,50,3-3-1-2,51,0.00538145,leviticus,sof_only,within
5,1,2-2-2-2-2,91,0.00960321,leviticus,sof_only,within
5,2,2-2-3-2-2,71,0.00749261,leviticus,sof_only,within
5,3,2-2-2-3-2,70,0.00738708,leviticus,sof_only,within
5,4,2-3-3-3-2,69,0.00728155,leviticus,sof_only,within
5,5,3-2-2-2-2,65,0.00685943,leviticus,sof_only,within
5,6,2-3-2-2-2,65,0.00685943,leviticus,sof_only,within
5,7,2-3-2-3-3,64,0.0067539,leviticus,sof_only,within
5,8,2-2-2-2-3,62,0.00654285,leviticus,sof_only,within
5,9,2-3-2-2-3,62,0.00654285,leviticus,sof_only,within
5,10,2-3-3-2-3,61,0.00643732,leviticus,sof_only,within
5,11,3-3-2-3-2,61,0.00643732,leviticus,sof_only,within
5,12,3-3-3-2-2,61,0.00643732,leviticus,sof_only,within
5,13,3-2-3-3-2,60,0.00633179,leviticus,sof_only,within
5,14,3-3-2-2-2,60,0.00633179,leviticus,sof_only,within
5,15,3-2-2-3-2,60,0.00633179,leviticus,sof_only,within
5,16,2-2-3-3-2,55,0.00580414,leviticus,sof_only,within
5,17,3-2-3-3-3,55,0.00580414,leviticus,sof_only,within
5,18,2-2-3-2-3,54,0.00569861,leviticus,sof_only,within
5,19,2-3-3-2-2,54,0.00569861,leviticus,sof_only,within
5,20,3-2-3-2-2,54,0.00569861,leviticus,sof_only,within
5,21,3-2-3-2-3,51,0.00538202,leviticus,sof_only,within
5,22,3-3-3-3-2,50,0.00527649,leviticus,sof_only,within
5,23,3-3-2-3-3,49,0.00517096,leviticus,sof_only,within
5,24,2-3-3-3-3,49,0.00517096,leviticus,sof_only,within
5,25,3-3-3-3-3,49,0.00517096,leviticus,sof_only,within
5,26,3-3-2-2-3,48,0.00506543,leviticus,sof_only,within
5,27,2-2-2-3-3,47,0.0049599,leviticus,sof_only,within
5,28,3-2-2-3-3,45,0.00474884,leviticus,sof_only,within
5,29,3-3-3-2-3,45,0.00474884,leviticus,sof_only,within
5,30,2-2-3-3-3,45,0.00474884,leviticus,sof_only,within
5,31,3-2-2-2-3,44,0.00464331,leviticus,sof_only,within
5,32,2-3-2-3-2,43,0.00453778,leviticus,sof_only,within
5,33,2-1-2-2-2,35,0.00369354,leviticus,sof_only,within
5,34,2-2-2-3-1,33,0.00348248,leviticus,sof_only,within
5,35,3-1-3-2-3,32,0.00337695,leviticus,sof_only,within
5,36,3-2-1-2-2,31,0.00327142,leviticus,sof_only,within
5,37,3-2-2-1-2,31,0.00327142,leviticus,sof_only,within
5,38,2-2-1-2-2,31,0.00327142,leviticus,sof_only,within
5,39,2-2-2-1-2,30,0.00316589,leviticus,sof_only,within
5,40,4-2-2-2-3,30,0.00316589,leviticus,sof_only,within
5,41,2-4-2-3-2,29,0.00306036,leviticus,sof_only,within
5,42,2-2-2-2-1,29,0.00306036,leviticus,sof_only,within
5,43,2-2-3-1-2,28,0.00295483,leviticus,sof_only,within
5,44,3-3-1-2-2,28,0.00295483,leviticus,sof_only,within
5,45,1-2-2-2-3,28,0.00295483,leviticus,sof_only,within
5,46,1-3-2-3-2,27,0.0028493,leviticus,sof_only,within
5,47,2-2-1-2-3,27,0.0028493,leviticus,sof_only,within
5,48,3-2-3-3-1,27,0.0028493,leviticus,sof_only,within
5,49,2-2-3-1-3,27,0.0028493,leviticus,sof_only,within
5,50,2-3-1-3-2,26,0.00274377,leviticus,sof_only,within
6,1,2-2-2-2-2-2,45,0.00474934,leviticus,sof_only,within
6,2,2-2-2-3-2-2,30,0.00316623,leviticus,sof_only,within
6,3,2-2-3-2-2-2,30,0.00316623,leviticus,sof_only,within
6,4,2-2-2-2-3-2,29,0.00306069,leviticus,sof_only,within
6,5,3-3-3-2-2-2,28,0.00295515,leviticus,sof_only,within
6,6,2-3-2-2-2-2,28,0.00295515,leviticus,sof_only,within
6,7,2-3-2-3-3-2,27,0.0028496,leviticus,sof_only,within
6,8,2-2-2-2-2-3,27,0.0028496,leviticus,sof_only,within
6,9,3-2-3-2-3-3,27,0.0028496,leviticus,sof_only,within
6,10,3-3-2-3-2-2,26,0.00274406,leviticus,sof_only,within
6,11,3-2-3-3-2-3,26,0.00274406,leviticus,sof_only,within
6,12,2-2-3-2-3-3,25,0.00263852,leviticus,sof_only,within
6,13,3-3-2-3-3-3,25,0.00263852,leviticus,sof_only,within
6,14,2-3-3-3-2-3,25,0.00263852,leviticus,sof_only,within
6,15,2-3-2-2-3-2,25,0.00263852,leviticus,sof_only,within
6,16,3-2-2-3-2-2,25,0.00263852,leviticus,sof_only,within
6,17,2-3-3-3-2-2,25,0.00263852,leviticus,sof_only,within
6,18,3-2-2-2-2-3,24,0.00253298,leviticus,sof_only,within
6,19,2-2-3-2-2-3,24,0.00253298,leviticus,sof_only,within
6,20,3-3-2-2-3-2,24,0.00253298,leviticus,sof_only,within
6,21,2-2-3-3-2-2,23,0.00242744,leviticus,sof_only,within
6,22,2-2-3-3-3-2,23,0.00242744,leviticus,sof_only,within
6,23,3-3-2-3-2-3,23,0.00242744,leviticus,sof_only,within
6,24,2-3-3-2-3-2,23,0.00242744,leviticus,sof_only,within
6,25,3-2-3-3-3-2,23,0.00242744,leviticus,sof_only,within
6,26,2-2-2-3-2-3,22,0.0023219,leviticus,sof_only,within
6,27,2-3-3-2-3-3,22,0.0023219,leviticus,sof_only,within
6,28,3-2-3-3-3-3,22,0.0023219,leviticus,sof_only,within
6,29,2-3-3-3-3-2,22,0.0023219,leviticus,sof_only,within
6,30,3-3-3-3-2-2,22,0.0023219,leviticus,sof_only,within
6,31,3-3-2-2-2-2,21,0.00221636,leviticus,sof_only,within
6,32,3-2-2-2-3-2,21,0.00221636,leviticus,sof_only,within
6,33,2-3-3-2-2-2,20,0.00211082,leviticus,sof_only,within
6,34,2-2-2-3-3-2,20,0.00211082,leviticus,sof_only,within
6,35,3-2-2-2-2-2,20,0.00211082,leviticus,sof_only,within
6,36,2-3-2-2-3-3,19,0.00200528,leviticus,sof_only,within
6,37,2-2-3-3-2-3,19,0.00200528,leviticus,sof_only,within
6,38,3-2-3-2-2-2,19,0.00200528,leviticus,sof_only,within
6,39,3-2-2-3-2-3,18,0.00189974,leviticus,sof_only,within
6,40,3-2-2-3-3-2,18,0.00189974,leviticus,sof_only,within
6,41,3-3-3-2-3-2,18,0.00189974,leviticus,sof_only,within
6,42,3-3-3-2-2-3,18,0.00189974,leviticus,sof_only,within
6,43,3-3-3-3-3-2,18,0.00189974,leviticus,sof_only,within
6,44,2-3-3-2-2-3,18,0.00189974,leviticus,sof_only,within
6,45,2-3-2-2-2-3,18,0.00189974,leviticus,sof_only,within
6,46,2-2-3-2-3-2,17,0.0017942,leviticus,sof_only,within
6,47,3-2-3-2-2-3,17,0.0017942,leviticus,sof_only,within
6,48,3-3-3-2-3-3,17,0.0017942,leviticus,sof_only,within
6,49,2-3-3-3-3-3,17,0.0017942,leviticus,sof_only,within
6,50,3-3-3-3-3-3,17,0.0017942,leviticus,sof_only,within
2,1,3-3,94,0.10994152,leviticus,sof_only,cross_reset
2,2,3-2,71,0.08304094,leviticus,sof_only,cross_reset
2,3,2-3,70,0.08187135,leviticus,sof_only,cross_reset
2,4,2-2,58,0.06783626,leviticus,sof_only,cross_reset
2,5,4-3,52,0.06081871,leviticus,sof_only,cross_reset
2,6,3-4,51,0.05964912,leviticus,sof_only,cross_reset
2,7,3-1,42,0.04912281,leviticus,sof_only,cross_reset
2,8,2-1,42,0.04912281,leviticus,sof_only,cross_reset
2,9,1-3,37,0.04327485,leviticus,sof_only,cross_reset
2,10,2-4,36,0.04210526,leviticus,sof_only,cross_reset
2,11,1-2,35,0.04093567,leviticus,sof_only,cross_reset
2,12,4-2,33,0.03859649,leviticus,sof_only,cross_reset
2,13,1-1,30,0.03508772,leviticus,sof_only,cross_reset
2,14,1-4,26,0.03040936,leviticus,sof_only,cross_reset
2,15,4-4,24,0.02807018,leviticus,sof_only,cross_reset
2,16,4-1,22,0.02573099,leviticus,sof_only,cross_reset
2,17,5-3,17,0.01988304,leviticus,sof_only,cross_reset
2,18,5-2,16,0.01871345,leviticus,sof_only,cross_reset
2,19,3-5,15,0.01754386,leviticus,sof_only,cross_reset
2,20,2-5,11,0.0128655,leviticus,sof_only,cross_reset
2,21,1-5,11,0.0128655,leviticus,sof_only,cross_reset
2,22,4-5,9,0.01052632,leviticus,sof_only,cross_reset
2,23,5-4,8,0.00935673,leviticus,sof_only,cross_reset
2,24,5-1,5,0.00584795,leviticus,sof_only,cross_reset
2,25,6-2,5,0.00584795,leviticus,sof_only,cross_reset
2,26,6-3,5,0.00584795,leviticus,sof_only,cross_reset
2,27,4-6,5,0.00584795,leviticus,sof_only,cross_reset
2,28,3-6,4,0.00467836,leviticus,sof_only,cross_reset
2,29,5-5,4,0.00467836,leviticus,sof_only,cross_reset
2,30,5-6,2,0.00233918,leviticus,sof_only,cross_reset
2,31,4-7,2,0.00233918,leviticus,sof_only,cross_reset
2,32,7-3,2,0.00233918,leviticus,sof_only,cross_reset
2,33,2-6,2,0.00233918,leviticus,sof_only,cross_reset
2,34,6-5,2,0.00233918,leviticus,sof_only,cross_reset
2,35,1-6,2,0.00233918,leviticus,sof_only,cross_reset
2,36,6-4,2,0.00233918,leviticus,sof_only,cross_reset
2,37,6-1,1,0.00116959,leviticus,sof_only,cross_reset
2,38,2-7,1,0.00116959,leviticus,sof_only,cross_reset
2,39,7-2,1,0.00116959,leviticus,sof_only,cross_reset
3,1,3-3-3,34,0.03981265,leviticus,sof_only,cross_reset
3,2,3-2-3,24,0.02810304,leviticus,sof_only,cross_reset
3,3,2-2-3,23,0.02693208,leviticus,sof_only,cross_reset
3,4,3-3-2,22,0.02576112,leviticus,sof_only,cross_reset
3,5,2-3-2,21,0.02459016,leviticus,sof_only,cross_reset
3,6,4-3-3,20,0.0234192,leviticus,sof_only,cross_reset
3,7,3-3-4,20,0.0234192,leviticus,sof_only,cross_reset
3,8,2-3-3,19,0.02224824,leviticus,sof_only,cross_reset
3,9,2-2-2,19,0.02224824,leviticus,sof_only,cross_reset
3,10,3-4-2,18,0.02107728,leviticus,sof_only,cross_reset
3,11,3-2-2,18,0.02107728,leviticus,sof_only,cross_reset
3,12,2-3-1,15,0.0175644,leviticus,sof_only,cross_reset
3,13,2-4-3,15,0.0175644,leviticus,sof_only,cross_reset
3,14,3-4-3,14,0.01639344,leviticus,sof_only,cross_reset
3,15,3-1-3,14,0.01639344,leviticus,sof_only,cross_reset
3,16,3-2-1,14,0.01639344,leviticus,sof_only,cross_reset
3,17,4-3-4,13,0.01522248,leviticus,sof_only,cross_reset
3,18,1-3-3,13,0.01522248,leviticus,sof_only,cross_reset
3,19,2-1-2,13,0.01522248,leviticus,sof_only,cross_reset
3,20,3-3-1,12,0.01405152,leviticus,sof_only,cross_reset
3,21,1-3-2,12,0.01405152,leviticus,sof_only,cross_reset
3,22,1-4-3,11,0.01288056,leviticus,sof_only,cross_reset
3,23,4-3-2,11,0.01288056,leviticus,sof_only,cross_reset
3,24,3-1-1,11,0.01288056,leviticus,sof_only,cross_reset
3,25,1-2-1,11,0.01288056,leviticus,sof_only,cross_reset
3,26,3-4-4,10,0.0117096,leviticus,sof_only,cross_reset
3,27,4-2-3,10,0.0117096,leviticus,sof_only,cross_reset
3,28,1-1-2,10,0.0117096,leviticus,sof_only,cross_reset
3,29,1-2-2,10,0.0117096,leviticus,sof_only,cross_reset
3,30,2-1-4,9,0.01053864,leviticus,sof_only,cross_reset
3,31,4-4-3,9,0.01053864,leviticus,sof_only,cross_reset
3,32,3-2-4,9,0.01053864,leviticus,sof_only,cross_reset
3,33,4-2-2,9,0.01053864,leviticus,sof_only,cross_reset
3,34,2-1-1,9,0.01053864,leviticus,sof_only,cross_reset
3,35,2-3-4,9,0.01053864,leviticus,sof_only,cross_reset
3,36,1-3-1,9,0.01053864,leviticus,sof_only,cross_reset
3,37,2-2-4,8,0.00936768,leviticus,sof_only,cross_reset
3,38,2-5-2,7,0.00819672,leviticus,sof_only,cross_reset
3,39,5-3-3,7,0.00819672,leviticus,sof_only,cross_reset
3,40,2-4-2,7,0.00819672,leviticus,sof_only,cross_reset
3,41,1-1-1,7,0.00819672,leviticus,sof_only,cross_reset
3,42,3-1-2,7,0.00819672,leviticus,sof_only,cross_reset
3,43,1-2-4,7,0.00819672,leviticus,sof_only,cross_reset
3,44,2-2-1,7,0.00819672,leviticus,sof_only,cross_reset
3,45,1-1-3,7,0.00819672,leviticus,sof_only,cross_reset
3,46,2-4-1,7,0.00819672,leviticus,sof_only,cross_reset
3,47,2-3-5,6,0.00702576,leviticus,sof_only,cross_reset
3,48,4-2-1,6,0.00702576,leviticus,sof_only,cross_reset
3,49,4-5-3,6,0.00702576,leviticus,sof_only,cross_reset
3,50,2-1-3,6,0.00702576,leviticus,sof_only,cross_reset
4,1,3-3-3-3,14,0.01641266,leviticus,sof_only,cross_reset
4,2,3-3-3-4,9,0.010551,leviticus,sof_only,cross_reset
4,3,3-3-4-2,9,0.010551,leviticus,sof_only,cross_reset
4,4,3-2-3-3,8,0.00937866,leviticus,sof_only,cross_reset
4,5,3-2-3-2,8,0.00937866,leviticus,sof_only,cross_reset
4,6,3-4-2-3,8,0.00937866,leviticus,sof_only,cross_reset
4,7,4-3-2-3,7,0.00820633,leviticus,sof_only,cross_reset
4,8,2-3-2-3,7,0.00820633,leviticus,sof_only,cross_reset
4,9,3-1-3-2,7,0.00820633,leviticus,sof_only,cross_reset
4,10,3-3-2-1,7,0.00820633,leviticus,sof_only,cross_reset
4,11,2-2-2-3,7,0.00820633,leviticus,sof_only,cross_reset
4,12,1-4-3-3,7,0.00820633,leviticus,sof_only,cross_reset
4,13,4-3-3-3,7,0.00820633,leviticus,sof_only,cross_reset
4,14,2-2-3-2,7,0.00820633,leviticus,sof_only,cross_reset
4,15,3-2-2-3,7,0.00820633,leviticus,sof_only,cross_reset
4,16,3-2-2-2,7,0.00820633,leviticus,sof_only,cross_reset
4,17,2-2-2-2,7,0.00820633,leviticus,sof_only,cross_reset
4,18,2-3-3-3,6,0.007034,leviticus,sof_only,cross_reset
4,19,3-3-3-2,6,0.007034,leviticus,sof_only,cross_reset
4,20,4-3-4-2,6,0.007034,leviticus,sof_only,cross_reset
4,21,1-3-3-2,6,0.007034,leviticus,sof_only,cross_reset
4,22,2-4-2-2,6,0.007034,leviticus,sof_only,cross_reset
4,23,3-3-4-3,6,0.007034,leviticus,sof_only,cross_reset
4,24,2-3-1-3,6,0.007034,leviticus,sof_only,cross_reset
4,25,3-1-1-2,6,0.007034,leviticus,sof_only,cross_reset
4,26,2-2-3-1,6,0.007034,leviticus,sof_only,cross_reset
4,27,2-3-2-2,6,0.007034,leviticus,sof_only,cross_reset
4,28,3-4-2-1,5,0.00586166,leviticus,sof_only,cross_reset
4,29,2-3-3-2,5,0.00586166,leviticus,sof_only,cross_reset
4,30,3-2-3-1,5,0.00586166,leviticus,sof_only,cross_reset
4,31,4-3-3-4,5,0.00586166,leviticus,sof_only,cross_reset
4,32,1-1-2-1,5,0.00586166,leviticus,sof_only,cross_reset
4,33,2-2-3-4,5,0.00586166,leviticus,sof_only,cross_reset
4,34,2-3-2-1,5,0.00586166,leviticus,sof_only,cross_reset
4,35,3-4-3-3,5,0.00586166,leviticus,sof_only,cross_reset
4,36,3-3-2-4,4,0.00468933,leviticus,sof_only,cross_reset
4,37,5-3-3-3,4,0.00468933,leviticus,sof_only,cross_reset
4,38,4-2-2-3,4,0.00468933,leviticus,sof_only,cross_reset
4,39,2-2-3-3,4,0.00468933,leviticus,sof_only,cross_reset
4,40,3-4-3-2,4,0.00468933,leviticus,sof_only,cross_reset
4,41,1-3-2-3,4,0.00468933,leviticus,sof_only,cross_reset
4,42,3-4-2-4,4,0.00468933,leviticus,sof_only,cross_reset
4,43,4-2-4-3,4,0.00468933,leviticus,sof_only,cross_reset
4,44,4-2-3-3,4,0.00468933,leviticus,sof_only,cross_reset
4,45,1-2-2-2,4,0.00468933,leviticus,sof_only,cross_reset
4,46,2-3-1-1,4,0.00468933,leviticus,sof_only,cross_reset
4,47,3-3-1-3,4,0.00468933,leviticus,sof_only,cross_reset
4,48,3-1-3-3,4,0.00468933,leviticus,sof_only,cross_reset
4,49,3-2-1-2,4,0.00468933,leviticus,sof_only,cross_reset
4,50,2-1-2-3,4,0.00468933,leviticus,sof_only,cross_reset
5,1,3-3-3-3-3,7,0.00821596,leviticus,sof_only,cross_reset
5,2,3-3-4-2-3,6,0.00704225,leviticus,sof_only,cross_reset
5,3,3-3-3-4-3,4,0.00469484,leviticus,sof_only,cross_reset
5,4,2-3-2-3-2,4,0.00469484,leviticus,sof_only,cross_reset
5,5,3-3-3-3-4,4,0.00469484,leviticus,sof_only,cross_reset
5,6,4-3-4-2-1,3,0.00352113,leviticus,sof_only,cross_reset
5,7,3-2-3-3-2,3,0.00352113,leviticus,sof_only,cross_reset
5,8,2-4-2-2-3,3,0.00352113,leviticus,sof_only,cross_reset
5,9,3-4-3-2-3,3,0.00352113,leviticus,sof_only,cross_reset
5,10,3-2-3-2-3,3,0.00352113,leviticus,sof_only,cross_reset
5,11,2-3-1-3-2,3,0.00352113,leviticus,sof_only,cross_reset
5,12,3-1-3-2-3,3,0.00352113,leviticus,sof_only,cross_reset
5,13,1-3-3-4-2,3,0.00352113,leviticus,sof_only,cross_reset
5,14,3-4-2-3-3,3,0.00352113,leviticus,sof_only,cross_reset
5,15,2-2-2-3-1,3,0.00352113,leviticus,sof_only,cross_reset
5,16,4-1-4-3-3,3,0.00352113,leviticus,sof_only,cross_reset
5,17,2-1-4-3-3,3,0.00352113,leviticus,sof_only,cross_reset
5,18,1-4-3-3-3,3,0.00352113,leviticus,sof_only,cross_reset
5,19,4-3-3-4-2,3,0.00352113,leviticus,sof_only,cross_reset
5,20,3-4-2-3-2,3,0.00352113,leviticus,sof_only,cross_reset
5,21,2-2-3-1-3,3,0.00352113,leviticus,sof_only,cross_reset
5,22,3-1-1-2-1,3,0.00352113,leviticus,sof_only,cross_reset
5,23,1-2-2-3-4,3,0.00352113,leviticus,sof_only,cross_reset
5,24,2-2-3-4-2,3,0.00352113,leviticus,sof_only,cross_reset
5,25,4-2-2-3-2,3,0.00352113,leviticus,sof_only,cross_reset
5,26,2-2-3-2-3,3,0.00352113,leviticus,sof_only,cross_reset
5,27,3-2-3-2-2,3,0.00352113,leviticus,sof_only,cross_reset
5,28,2-3-2-2-3,3,0.00352113,leviticus,sof_only,cross_reset
5,29,2-2-4-2-2,3,0.00352113,leviticus,sof_only,cross_reset
5,30,3-2-2-3-3,3,0.00352113,leviticus,sof_only,cross_reset
5,31,2-3-3-1-2,3,0.00352113,leviticus,sof_only,cross_reset
5,32,2-2-2-2-2,3,0.00352113,leviticus,sof_only,cross_reset
5,33,2-2-2-3-2,3,0.00352113,leviticus,sof_only,cross_reset
5,34,3-3-4-3-3,3,0.00352113,leviticus,sof_only,cross_reset
5,35,4-3-3-3-3,3,0.00352113,leviticus,sof_only,cross_reset
5,36,2-2-3-2-2,3,0.00352113,leviticus,sof_only,cross_reset
5,37,4-3-2-2-2,3,0.00352113,leviticus,sof_only,cross_reset
5,38,3-2-2-2-3,3,0.00352113,leviticus,sof_only,cross_reset
5,39,4-3-2-3-3,3,0.00352113,leviticus,sof_only,cross_reset
5,40,2-3-3-3-3,2,0.00234742,leviticus,sof_only,cross_reset
5,41,3-3-3-3-2,2,0.00234742,leviticus,sof_only,cross_reset
5,42,3-3-3-2-3,2,0.00234742,leviticus,sof_only,cross_reset
5,43,3-2-3-5-4,2,0.00234742,leviticus,sof_only,cross_reset
5,44,1-4-3-4-2,2,0.00234742,leviticus,sof_only,cross_reset
5,45,4-5-3-2-3,2,0.00234742,leviticus,sof_only,cross_reset
5,46,5-3-2-3-3,2,0.00234742,leviticus,sof_only,cross_reset
5,47,2-4-5-3-3,2,0.00234742,leviticus,sof_only,cross_reset
5,48,4-5-3-3-3,2,0.00234742,leviticus,sof_only,cross_reset
5,49,3-3-3-2-5,2,0.00234742,leviticus,sof_only,cross_reset
5,50,5-1-3-3-2,2,0.00234742,leviticus,sof_only,cross_reset
6,1,3-3-4-2-3-2,3,0.00352526,leviticus,sof_only,cross_reset
6,2,3-3-3-3-3-3,3,0.00352526,leviticus,sof_only,cross_reset
6,3,4-3-2-2-2-3,3,0.00352526,leviticus,sof_only,cross_reset
6,4,2-3-3-3-3-3,2,0.00235018,leviticus,sof_only,cross_reset
6,5,3-3-3-3-3-2,2,0.00235018,leviticus,sof_only,cross_reset
6,6,5-3-2-3-3-2,2,0.00235018,leviticus,sof_only,cross_reset
6,7,4-3-2-3-2-3,2,0.00235018,leviticus,sof_only,cross_reset
6,8,2-1-3-3-4-2,2,0.00235018,leviticus,sof_only,cross_reset
6,9,4-2-4-3-4-2,2,0.00235018,leviticus,sof_only,cross_reset
6,10,2-4-3-4-2-1,2,0.00235018,leviticus,sof_only,cross_reset
6,11,3-3-4-2-3-3,2,0.00235018,leviticus,sof_only,cross_reset
6,12,2-2-2-3-1-1,2,0.00235018,leviticus,sof_only,cross_reset
6,13,2-2-3-1-1-4,2,0.00235018,leviticus,sof_only,cross_reset
6,14,3-3-1-3-3-2,2,0.00235018,leviticus,sof_only,cross_reset
6,15,2-1-4-3-3-3,2,0.00235018,leviticus,sof_only,cross_reset
6,16,4-3-3-4-2-3,2,0.00235018,leviticus,sof_only,cross_reset
6,17,3-2-5-2-5-2,2,0.00235018,leviticus,sof_only,cross_reset
6,18,1-3-1-1-2-1,2,0.00235018,leviticus,sof_only,cross_reset
6,19,3-1-1-2-1-2,2,0.00235018,leviticus,sof_only,cross_reset
6,20,1-1-2-2-3-4,2,0.00235018,leviticus,sof_only,cross_reset
6,21,1-2-2-3-4-2,2,0.00235018,leviticus,sof_only,cross_reset
6,22,3-2-3-2-3-2,2,0.00235018,leviticus,sof_only,cross_reset
6,23,2-3-2-3-2-2,2,0.00235018,leviticus,sof_only,cross_reset
6,24,3-2-3-2-2-3,2,0.00235018,leviticus,sof_only,cross_reset
6,25,3-2-2-3-1-3,2,0.00235018,leviticus,sof_only,cross_reset
6,26,2-3-2-2-3-4,2,0.00235018,leviticus,sof_only,cross_reset
6,27,2-2-4-3-2-3,2,0.00235018,leviticus,sof_only,cross_reset
6,28,2-3-2-2-2-2,2,0.00235018,leviticus,sof_only,cross_reset
6,29,2-2-4-2-2-3,2,0.00235018,leviticus,sof_only,cross_reset
6,30,2-4-2-2-3-2,2,0.00235018,leviticus,sof_only,cross_reset
6,31,2-3-2-3-2-1,2,0.00235018,leviticus,sof_only,cross_reset
6,32,3-3-2-2-3-3,2,0.00235018,leviticus,sof_only,cross_reset
6,33,3-2-2-3-3-1,2,0.00235018,leviticus,sof_only,cross_reset
6,34,2-2-3-3-1-2,2,0.00235018,leviticus,sof_only,cross_reset
6,35,4-1-2-2-2-2,2,0.00235018,leviticus,sof_only,cross_reset
6,36,2-2-2-2-3-2,2,0.00235018,leviticus,sof_only,cross_reset
6,37,1-3-1-3-3-3,2,0.00235018,leviticus,sof_only,cross_reset
6,38,3-3-3-4-3-3,2,0.00235018,leviticus,sof_only,cross_reset
6,39,3-3-3-3-3-4,2,0.00235018,leviticus,sof_only,cross_reset
6,40,3-3-3-3-4-2,2,0.00235018,leviticus,sof_only,cross_reset
6,41,3-3-3-4-2-3,2,0.00235018,leviticus,sof_only,cross_reset
6,42,4-3-3-2-4-3,2,0.00235018,leviticus,sof_only,cross_reset
6,43,2-2-2-3-2-2,2,0.00235018,leviticus,sof_only,cross_reset
6,44,3-2-2-2-3-1,2,0.00235018,leviticus,sof_only,cross_reset
6,45,1-1-1-3-1-1,2,0.00235018,leviticus,sof_only,cross_reset
6,46,4-3-2-3-3-1,2,0.00235018,leviticus,sof_only,cross_reset
6,47,3-3-3-3-2-3,1,0.00117509,leviticus,sof_only,cross_reset
6,48,3-3-3-2-3-5,1,0.00117509,leviticus,sof_only,cross_reset
6,49,3-3-2-3-5-4,1,0.00117509,leviticus,sof_only,cross_reset
6,50,3-2-3-5-4-3,1,0.00117509,leviticus,sof_only,cross_reset
2,1,2-2,1475,0.14271892,leviticus,sof_only,all
2,2,3-2,1244,0.12036768,leviticus,sof_only,all
2,3,2-3,1220,0.11804548,leviticus,sof_only,all
2,4,3-3,1182,0.11436865,leviticus,sof_only,all
2,5,2-1,576,0.05573295,leviticus,sof_only,all
2,6,1-2,551,0.05331398,leviticus,sof_only,all
2,7,4-2,471,0.04557329,leviticus,sof_only,all
2,8,3-1,464,0.04489598,leviticus,sof_only,all
2,9,2-4,444,0.04296081,leviticus,sof_only,all
2,10,1-3,430,0.04160619,leviticus,sof_only,all
2,11,3-4,366,0.03541364,leviticus,sof_only,all
2,12,4-3,365,0.03531688,leviticus,sof_only,all
2,13,1-1,197,0.01906144,leviticus,sof_only,all
2,14,1-4,195,0.01886792,leviticus,sof_only,all
2,15,4-1,194,0.01877117,leviticus,sof_only,all
2,16,4-4,142,0.01373972,leviticus,sof_only,all
2,17,2-5,135,0.01306241,leviticus,sof_only,all
2,18,5-2,110,0.01064344,leviticus,sof_only,all
2,19,5-3,104,0.01006289,leviticus,sof_only,all
2,20,1-5,77,0.00745041,leviticus,sof_only,all
2,21,3-5,64,0.00619255,leviticus,sof_only,all
2,22,5-4,48,0.00464441,leviticus,sof_only,all
2,23,5-1,46,0.0044509,leviticus,sof_only,all
2,24,1-6,32,0.00309627,leviticus,sof_only,all
2,25,4-5,32,0.00309627,leviticus,sof_only,all
2,26,6-3,31,0.00299952,leviticus,sof_only,all
2,27,6-2,26,0.00251572,leviticus,sof_only,all
2,28,2-6,25,0.00241896,leviticus,sof_only,all
2,29,3-6,15,0.00145138,leviticus,sof_only,all
2,30,6-4,14,0.00135462,leviticus,sof_only,all
2,31,5-5,13,0.00125786,leviticus,sof_only,all
2,32,2-7,8,0.00077407,leviticus,sof_only,all
2,33,6-1,7,0.00067731,leviticus,sof_only,all
2,34,7-2,7,0.00067731,leviticus,sof_only,all
2,35,4-6,6,0.00058055,leviticus,sof_only,all
2,36,7-3,5,0.00048379,leviticus,sof_only,all
2,37,1-7,4,0.00038703,leviticus,sof_only,all
2,38,3-7,3,0.00029028,leviticus,sof_only,all
2,39,6-5,2,0.00019352,leviticus,sof_only,all
2,40,5-6,2,0.00019352,leviticus,sof_only,all
2,41,7-1,2,0.00019352,leviticus,sof_only,all
2,42,7-4,1,9.676e-05,leviticus,sof_only,all
3,1,2-2-2,544,0.05264177,leviticus,sof_only,all
3,2,2-2-3,476,0.04606154,leviticus,sof_only,all
3,3,3-2-2,466,0.04509386,leviticus,sof_only,all
3,4,3-3-3,451,0.04364235,leviticus,sof_only,all
3,5,2-3-2,450,0.04354558,leviticus,sof_only,all
3,6,3-3-2,447,0.04325527,leviticus,sof_only,all
3,7,2-3-3,426,0.04122315,leviticus,sof_only,all
3,8,3-2-3,404,0.03909425,leviticus,sof_only,all
3,9,2-2-1,227,0.02196632,leviticus,sof_only,all
3,10,1-2-2,214,0.02070834,leviticus,sof_only,all
3,11,2-1-2,209,0.0202245,leviticus,sof_only,all
3,12,4-2-2,197,0.01906329,leviticus,sof_only,all
3,13,3-2-1,184,0.0178053,leviticus,sof_only,all
3,14,2-4-2,176,0.01703116,leviticus,sof_only,all
3,15,1-3-2,170,0.01645055,leviticus,sof_only,all
3,16,2-3-1,167,0.01616025,leviticus,sof_only,all
3,17,3-1-2,165,0.01596671,leviticus,sof_only,all
3,18,2-2-4,162,0.01567641,leviticus,sof_only,all
3,19,2-1-3,157,0.01519257,leviticus,sof_only,all
3,20,1-2-3,155,0.01499903,leviticus,sof_only,all
3,21,3-3-1,155,0.01499903,leviticus,sof_only,all
3,22,2-3-4,151,0.01461196,leviticus,sof_only,all
3,23,3-1-3,149,0.01441842,leviticus,sof_only,all
3,24,3-2-4,142,0.01374105,leviticus,sof_only,all
3,25,1-3-3,139,0.01345075,leviticus,sof_only,all
3,26,4-2-3,136,0.01316044,leviticus,sof_only,all
3,27,3-4-2,135,0.01306367,leviticus,sof_only,all
3,28,2-4-3,133,0.01287014,leviticus,sof_only,all
3,29,4-3-2,129,0.01248307,leviticus,sof_only,all
3,30,4-3-3,119,0.01151539,leviticus,sof_only,all
3,31,3-4-3,108,0.01045094,leviticus,sof_only,all
3,32,3-3-4,104,0.01006387,leviticus,sof_only,all
3,33,1-2-1,96,0.00928972,leviticus,sof_only,all
3,34,2-1-4,85,0.00822528,leviticus,sof_only,all
3,35,2-1-1,84,0.00812851,leviticus,sof_only,all
3,36,1-4-2,83,0.00803174,leviticus,sof_only,all
3,37,4-1-2,78,0.0075479,leviticus,sof_only,all
3,38,1-1-2,76,0.00735436,leviticus,sof_only,all
3,39,1-3-1,72,0.00696729,leviticus,sof_only,all
3,40,2-4-1,71,0.00687052,leviticus,sof_only,all
3,41,1-2-4,69,0.00667699,leviticus,sof_only,all
3,42,3-4-1,68,0.00658022,leviticus,sof_only,all
3,43,1-4-3,65,0.00628992,leviticus,sof_only,all
3,44,1-1-3,60,0.00580608,leviticus,sof_only,all
3,45,3-1-1,59,0.00570931,leviticus,sof_only,all
3,46,3-1-4,57,0.00551577,leviticus,sof_only,all
3,47,4-2-1,57,0.00551577,leviticus,sof_only,all
3,48,4-3-1,53,0.0051287,leviticus,sof_only,all
3,49,4-2-4,53,0.0051287,leviticus,sof_only,all
3,50,2-5-2,52,0.00503193,leviticus,sof_only,all
4,1,2-2-2-2,220,0.02129101,leviticus,sof_only,all
4,2,2-2-3-2,193,0.01867802,leviticus,sof_only,all
4,3,2-3-3-3,188,0.01819414,leviticus,sof_only,all
4,4,3-3-3-2,184,0.01780703,leviticus,sof_only,all
4,5,2-3-2-2,183,0.01771025,leviticus,sof_only,all
4,6,3-3-2-2,167,0.01616181,leviticus,sof_only,all
4,7,3-2-2-3,167,0.01616181,leviticus,sof_only,all
4,8,3-3-3-3,162,0.01567793,leviticus,sof_only,all
4,9,2-2-2-3,159,0.01538759,leviticus,sof_only,all
4,10,3-2-3-3,154,0.01490371,leviticus,sof_only,all
4,11,3-2-2-2,152,0.01471015,leviticus,sof_only,all
4,12,2-2-3-3,149,0.01441982,leviticus,sof_only,all
4,13,3-3-2-3,144,0.01393593,leviticus,sof_only,all
4,14,2-3-3-2,139,0.01345205,leviticus,sof_only,all
4,15,3-2-3-2,137,0.01325849,leviticus,sof_only,all
4,16,2-3-2-3,131,0.01267783,leviticus,sof_only,all
4,17,2-2-2-1,85,0.00822607,leviticus,sof_only,all
4,18,2-1-2-2,84,0.00812929,leviticus,sof_only,all
4,19,1-2-2-2,84,0.00812929,leviticus,sof_only,all
4,20,2-2-1-2,83,0.00803252,leviticus,sof_only,all
4,21,3-2-2-1,73,0.00706474,leviticus,sof_only,all
4,22,4-2-2-2,72,0.00696797,leviticus,sof_only,all
4,23,1-3-2-3,71,0.00687119,leviticus,sof_only,all
4,24,3-1-2-2,70,0.00677441,leviticus,sof_only,all
4,25,2-2-1-3,69,0.00667763,leviticus,sof_only,all
4,26,3-2-1-2,67,0.00648408,leviticus,sof_only,all
4,27,2-2-3-1,66,0.0063873,leviticus,sof_only,all
4,28,3-1-3-2,65,0.00629053,leviticus,sof_only,all
4,29,1-2-2-3,65,0.00629053,leviticus,sof_only,all
4,30,2-2-4-2,65,0.00629053,leviticus,sof_only,all
4,31,2-4-2-2,65,0.00629053,leviticus,sof_only,all
4,32,4-2-2-3,64,0.00619375,leviticus,sof_only,all
4,33,3-3-2-1,63,0.00609697,leviticus,sof_only,all
4,34,3-4-2-2,63,0.00609697,leviticus,sof_only,all
4,35,2-3-1-2,63,0.00609697,leviticus,sof_only,all
4,36,2-1-2-3,63,0.00609697,leviticus,sof_only,all
4,37,2-3-2-1,62,0.00600019,leviticus,sof_only,all
4,38,3-2-4-2,60,0.00580664,leviticus,sof_only,all
4,39,3-3-3-1,59,0.00570986,leviticus,sof_only,all
4,40,1-3-2-2,59,0.00570986,leviticus,sof_only,all
4,41,3-2-3-4,59,0.00570986,leviticus,sof_only,all
4,42,2-1-3-2,59,0.00570986,leviticus,sof_only,all
4,43,2-4-2-3,59,0.00570986,leviticus,sof_only,all
4,44,2-3-1-3,58,0.00561308,leviticus,sof_only,all
4,45,2-2-3-4,58,0.00561308,leviticus,sof_only,all
4,46,2-2-2-4,56,0.00541953,leviticus,sof_only,all
4,47,3-3-2-4,56,0.00541953,leviticus,sof_only,all
4,48,1-3-3-2,55,0.00532275,leviticus,sof_only,all
4,49,2-1-3-3,53,0.0051292,leviticus,sof_only,all
4,50,2-3-4-2,52,0.00503242,leviticus,sof_only,all
5,1,2-2-2-2-2,97,0.00938831,leviticus,sof_only,all
5,2,2-2-3-2-2,84,0.00813008,leviticus,sof_only,all
5,3,3-2-2-3-2,76,0.00735579,leviticus,sof_only,all
5,4,3-3-3-2-2,75,0.007259,leviticus,sof_only,all
5,5,2-3-3-3-2,74,0.00716221,leviticus,sof_only,all
5,6,2-2-2-2-3,72,0.00696864,leviticus,sof_only,all
5,7,2-2-3-3-3,71,0.00687185,leviticus,sof_only,all
5,8,2-3-2-2-3,67,0.00648471,leviticus,sof_only,all
5,9,3-3-3-3-3,67,0.00648471,leviticus,sof_only,all
5,10,3-3-3-3-2,66,0.00638792,leviticus,sof_only,all
5,11,2-3-3-3-3,64,0.00619435,leviticus,sof_only,all
5,12,3-2-3-3-3,63,0.00609756,leviticus,sof_only,all
5,13,2-3-2-2-2,61,0.00590399,leviticus,sof_only,all
5,14,3-3-2-2-3,61,0.00590399,leviticus,sof_only,all
5,15,2-2-2-3-2,59,0.00571041,leviticus,sof_only,all
5,16,3-2-2-2-2,59,0.00571041,leviticus,sof_only,all
5,17,2-3-3-2-3,59,0.00571041,leviticus,sof_only,all
5,18,3-3-2-2-2,58,0.00561363,leviticus,sof_only,all
5,19,2-3-2-3-3,57,0.00551684,leviticus,sof_only,all
5,20,3-2-3-3-2,54,0.00522648,leviticus,sof_only,all
5,21,2-2-3-2-3,53,0.00512969,leviticus,sof_only,all
5,22,2-2-3-3-2,53,0.00512969,leviticus,sof_only,all
5,23,3-3-2-3-2,52,0.00503291,leviticus,sof_only,all
5,24,3-2-3-2-2,51,0.00493612,leviticus,sof_only,all
5,25,3-2-2-3-3,50,0.00483933,leviticus,sof_only,all
5,26,3-3-3-2-3,50,0.00483933,leviticus,sof_only,all
5,27,3-3-2-3-3,49,0.00474255,leviticus,sof_only,all
5,28,2-2-2-3-3,48,0.00464576,leviticus,sof_only,all
5,29,2-3-3-2-2,45,0.0043554,leviticus,sof_only,all
5,30,3-2-3-2-3,44,0.00425861,leviticus,sof_only,all
5,31,3-2-2-2-3,42,0.00406504,leviticus,sof_only,all
5,32,2-1-2-2-2,40,0.00387147,leviticus,sof_only,all
5,33,2-3-2-3-2,40,0.00387147,leviticus,sof_only,all
5,34,2-2-2-3-1,32,0.00309717,leviticus,sof_only,all
5,35,4-2-2-2-2,31,0.00300039,leviticus,sof_only,all
5,36,3-2-1-2-2,30,0.0029036,leviticus,sof_only,all
5,37,3-1-3-2-3,30,0.0029036,leviticus,sof_only,all
5,38,2-2-1-2-2,30,0.0029036,leviticus,sof_only,all
5,39,2-3-3-3-1,30,0.0029036,leviticus,sof_only,all
5,40,2-2-2-1-3,29,0.00280681,leviticus,sof_only,all
5,41,1-2-2-2-2,29,0.00280681,leviticus,sof_only,all
5,42,1-3-2-3-2,28,0.00271003,leviticus,sof_only,all
5,43,2-2-3-2-1,28,0.00271003,leviticus,sof_only,all
5,44,3-3-3-2-4,27,0.00261324,leviticus,sof_only,all
5,45,2-2-2-1-2,27,0.00261324,leviticus,sof_only,all
5,46,1-2-3-3-3,27,0.00261324,leviticus,sof_only,all
5,47,2-3-2-2-1,27,0.00261324,leviticus,sof_only,all
5,48,2-2-1-3-3,27,0.00261324,leviticus,sof_only,all
5,49,4-2-2-3-2,27,0.00261324,leviticus,sof_only,all
5,50,3-3-1-2-2,27,0.00261324,leviticus,sof_only,all
6,1,2-2-2-2-2-2,41,0.00396864,leviticus,sof_only,all
6,2,3-3-3-3-2-2,34,0.00329107,leviticus,sof_only,all
6,3,2-2-3-2-2-2,34,0.00329107,leviticus,sof_only,all
6,4,3-3-2-2-3-2,33,0.00319427,leviticus,sof_only,all
6,5,3-2-2-3-2-2,31,0.00300068,leviticus,sof_only,all
6,6,2-2-2-2-2-3,30,0.00290388,leviticus,sof_only,all
6,7,2-2-3-3-3-2,29,0.00280709,leviticus,sof_only,all
6,8,3-3-3-3-3-2,29,0.00280709,leviticus,sof_only,all
6,9,3-2-3-3-2-3,29,0.00280709,leviticus,sof_only,all
6,10,2-3-2-2-3-2,28,0.00271029,leviticus,sof_only,all
6,11,2-3-3-3-3-2,28,0.00271029,leviticus,sof_only,all
6,12,3-3-3-2-2-2,28,0.00271029,leviticus,sof_only,all
6,13,2-2-2-2-3-2,27,0.00261349,leviticus,sof_only,all
6,14,3-2-3-3-3-3,27,0.00261349,leviticus,sof_only,all
6,15,2-3-3-3-3-3,27,0.00261349,leviticus,sof_only,all
6,16,2-2-3-2-2-3,27,0.00261349,leviticus,sof_only,all
6,17,2-2-2-3-2-2,26,0.0025167,leviticus,sof_only,all
6,18,2-3-3-3-2-3,25,0.0024199,leviticus,sof_only,all
6,19,3-2-2-2-2-2,25,0.0024199,leviticus,sof_only,all
6,20,2-3-3-3-2-2,25,0.0024199,leviticus,sof_only,all
6,21,3-3-3-2-2-3,25,0.0024199,leviticus,sof_only,all
6,22,2-2-3-2-3-3,24,0.00232311,leviticus,sof_only,all
6,23,3-2-2-3-3-3,24,0.00232311,leviticus,sof_only,all
6,24,3-3-2-3-3-3,24,0.00232311,leviticus,sof_only,all
6,25,3-3-3-3-3-3,24,0.00232311,leviticus,sof_only,all
6,26,2-3-2-2-2-2,23,0.00222631,leviticus,sof_only,all
6,27,2-2-2-3-3-3,23,0.00222631,leviticus,sof_only,all
6,28,3-3-2-2-2-2,22,0.00212951,leviticus,sof_only,all
6,29,2-2-3-3-3-3,22,0.00212951,leviticus,sof_only,all
6,30,2-2-2-2-3-3,22,0.00212951,leviticus,sof_only,all
6,31,3-2-2-3-2-3,22,0.00212951,leviticus,sof_only,all
6,32,2-2-3-3-2-2,21,0.00203272,leviticus,sof_only,all
6,33,2-3-2-3-3-3,21,0.00203272,leviticus,sof_only,all
6,34,3-2-3-2-2-3,21,0.00203272,leviticus,sof_only,all
6,35,2-3-2-3-3-2,20,0.00193592,leviticus,sof_only,all
6,36,2-3-3-2-3-3,20,0.00193592,leviticus,sof_only,all
6,37,3-2-3-2-3-3,20,0.00193592,leviticus,sof_only,all
6,38,2-2-2-3-2-3,19,0.00183912,leviticus,sof_only,all
6,39,2-3-3-2-2-2,19,0.00183912,leviticus,sof_only,all
6,40,3-2-2-2-2-3,19,0.00183912,leviticus,sof_only,all
6,41,2-3-2-2-3-3,19,0.00183912,leviticus,sof_only,all
6,42,3-3-3-2-3-3,19,0.00183912,leviticus,sof_only,all
6,43,3-3-2-3-2-2,19,0.00183912,leviticus,sof_only,all
6,44,2-3-3-2-3-2,19,0.00183912,leviticus,sof_only,all
6,45,3-2-3-3-3-2,18,0.00174233,leviticus,sof_only,all
6,46,3-2-2-3-3-2,18,0.00174233,leviticus,sof_only,all
6,47,3-3-2-3-2-3,17,0.00164553,leviticus,sof_only,all
6,48,2-3-2-2-2-3,17,0.00164553,leviticus,sof_only,all
6,49,2-2-3-3-2-3,17,0.00164553,leviticus,sof_only,all
6,50,3-2-1-2-2-2,16,0.00154874,leviticus,sof_only,all
2,1,2-2,1317,0.15197323,leviticus,major,within
2,2,3-2,1114,0.12854835,leviticus,major,within
2,3,2-3,1095,0.12635587,leviticus,major,within
2,4,3-3,970,0.11193169,leviticus,major,within
2,5,2-1,507,0.0585045,leviticus,major,within
2,6,1-2,476,0.0549273,leviticus,major,within
2,7,4-2,401,0.04627279,leviticus,major,within
2,8,1-3,390,0.04500346,leviticus,major,within
2,9,3-1,390,0.04500346,leviticus,major,within
2,10,2-4,371,0.04281099,leviticus,major,within
2,11,3-4,275,0.03173321,leviticus,major,within
2,12,4-3,262,0.03023309,leviticus,major,within
2,13,1-4,148,0.01707824,leviticus,major,within
2,14,4-1,146,0.01684745,leviticus,major,within
2,15,1-1,129,0.01488576,leviticus,major,within
2,16,4-4,91,0.01050081,leviticus,major,within
2,17,2-5,91,0.01050081,leviticus,major,within
2,18,5-2,79,0.00911609,leviticus,major,within
2,19,5-3,71,0.00819294,leviticus,major,within
2,20,3-5,50,0.00576967,leviticus,major,within
2,21,1-5,49,0.00565428,leviticus,major,within
2,22,5-4,33,0.00380799,leviticus,major,within
2,23,5-1,33,0.00380799,leviticus,major,within
2,24,4-5,26,0.00300023,leviticus,major,within
2,25,2-6,23,0.00265405,leviticus,major,within
2,26,6-2,21,0.00242326,leviticus,major,within
2,27,1-6,20,0.00230787,leviticus,major,within
2,28,6-3,20,0.00230787,leviticus,major,within
2,29,5-5,14,0.00161551,leviticus,major,within
2,30,3-6,13,0.00150012,leviticus,major,within
2,31,6-4,9,0.00103854,leviticus,major,within
2,32,6-1,7,0.00080775,leviticus,major,within
2,33,2-7,6,0.00069236,leviticus,major,within
2,34,7-3,4,0.00046157,leviticus,major,within
2,35,7-2,3,0.00034618,leviticus,major,within
2,36,4-6,2,0.00023079,leviticus,major,within
2,37,6-5,2,0.00023079,leviticus,major,within
2,38,7-1,2,0.00023079,leviticus,major,within
2,39,1-7,2,0.00023079,leviticus,major,within
2,40,3-7,1,0.00011539,leviticus,major,within
2,41,5-6,1,0.00011539,leviticus,major,within
2,42,5-7,1,0.00011539,leviticus,major,within
2,43,7-4,1,0.00011539,leviticus,major,within
3,1,2-2-2,503,0.05804962,leviticus,major,within
3,2,2-3-2,434,0.05008656,leviticus,major,within
3,3,3-2-2,425,0.04904789,leviticus,major,within
3,4,2-2-3,422,0.04870167,leviticus,major,within
3,5,3-3-2,398,0.04593191,leviticus,major,within
3,6,2-3-3,385,0.04443162,leviticus,major,within
3,7,3-2-3,379,0.04373918,leviticus,major,within
3,8,3-3-3,345,0.03981535,leviticus,major,within
3,9,2-1-2,206,0.0237738,leviticus,major,within
3,10,2-2-1,194,0.02238892,leviticus,major,within
3,11,4-2-2,176,0.0203116,leviticus,major,within
3,12,1-2-2,175,0.02019619,leviticus,major,within
3,13,2-4-2,166,0.01915753,leviticus,major,within
3,14,1-3-2,162,0.0186959,leviticus,major,within
3,15,3-2-1,157,0.01811887,leviticus,major,within
3,16,2-1-3,153,0.01765724,leviticus,major,within
3,17,2-2-4,150,0.01731102,leviticus,major,within
3,18,1-2-3,144,0.01661858,leviticus,major,within
3,19,3-1-2,143,0.01650317,leviticus,major,within
3,20,2-3-1,142,0.01638777,leviticus,major,within
3,21,3-1-3,135,0.01557992,leviticus,major,within
3,22,3-3-1,133,0.01534911,leviticus,major,within
3,23,1-3-3,119,0.01373341,leviticus,major,within
3,24,4-2-3,117,0.0135026,leviticus,major,within
3,25,3-4-2,116,0.01338719,leviticus,major,within
3,26,2-3-4,111,0.01281016,leviticus,major,within
3,27,3-2-4,110,0.01269475,leviticus,major,within
3,28,2-4-3,101,0.01165609,leviticus,major,within
3,29,4-3-3,95,0.01096365,leviticus,major,within
3,30,1-2-1,90,0.01038661,leviticus,major,within
3,31,4-3-2,88,0.0101558,leviticus,major,within
3,32,3-3-4,79,0.00911714,leviticus,major,within
3,33,3-4-3,75,0.00865551,leviticus,major,within
3,34,2-1-4,68,0.00784766,leviticus,major,within
3,35,1-3-1,65,0.00750144,leviticus,major,within
3,36,4-1-2,65,0.00750144,leviticus,major,within
3,37,1-4-2,63,0.00727063,leviticus,major,within
3,38,2-1-1,55,0.00634737,leviticus,major,within
3,39,1-2-4,55,0.00634737,leviticus,major,within
3,40,2-4-1,54,0.00623197,leviticus,major,within
3,41,4-2-1,50,0.00577034,leviticus,major,within
3,42,3-4-1,49,0.00565493,leviticus,major,within
3,43,1-1-3,49,0.00565493,leviticus,major,within
3,44,3-1-1,47,0.00542412,leviticus,major,within
3,45,1-1-2,45,0.00519331,leviticus,major,within
3,46,1-4-3,45,0.00519331,leviticus,major,within
3,47,4-2-4,43,0.00496249,leviticus,major,within
3,48,3-1-4,42,0.00484709,leviticus,major,within
3,49,4-1-3,39,0.00450087,leviticus,major,within
3,50,2-2-5,39,0.00450087,leviticus,major,within
4,1,2-2-2-2,197,0.02273777,leviticus,major,within
4,2,2-2-3-2,188,0.02169898,leviticus,major,within
4,3,2-3-2-2,186,0.02146814,leviticus,major,within
4,4,2-2-2-3,166,0.01915974,leviticus,major,within
4,5,3-2-2-2,161,0.01858264,leviticus,major,within
4,6,2-3-3-2,154,0.0177747,leviticus,major,within
4,7,3-2-3-3,153,0.01765928,leviticus,major,within
4,8,3-3-3-2,147,0.01696676,leviticus,major,within
4,9,3-3-2-2,147,0.01696676,leviticus,major,within
4,10,2-3-3-3,142,0.01638966,leviticus,major,within
4,11,2-3-2-3,141,0.01627424,leviticus,major,within
4,12,3-2-2-3,137,0.01581256,leviticus,major,within
4,13,3-2-3-2,134,0.0154663,leviticus,major,within
4,14,3-3-2-3,130,0.01500462,leviticus,major,within
4,15,3-3-3-3,127,0.01465836,leviticus,major,within
4,16,2-2-3-3,126,0.01454294,leviticus,major,within
4,17,2-2-1-2,78,0.00900277,leviticus,major,within
4,18,2-1-2-2,76,0.00877193,leviticus,major,within
4,19,2-4-2-2,72,0.00831025,leviticus,major,within
4,20,1-2-2-2,71,0.00819483,leviticus,major,within
4,21,2-2-4-2,71,0.00819483,leviticus,major,within
4,22,2-2-2-1,70,0.00807941,leviticus,major,within
4,23,4-2-2-2,65,0.00750231,leviticus,major,within
4,24,2-2-3-1,65,0.00750231,leviticus,major,within
4,25,3-3-2-1,63,0.00727147,leviticus,major,within
4,26,3-2-2-1,63,0.00727147,leviticus,major,within
4,27,3-1-3-2,61,0.00704063,leviticus,major,within
4,28,1-3-2-3,61,0.00704063,leviticus,major,within
4,29,3-4-2-2,60,0.00692521,leviticus,major,within
4,30,2-1-3-2,60,0.00692521,leviticus,major,within
4,31,2-1-2-3,60,0.00692521,leviticus,major,within
4,32,3-2-1-2,58,0.00669437,leviticus,major,within
4,33,4-2-2-3,58,0.00669437,leviticus,major,within
4,34,2-2-1-3,57,0.00657895,leviticus,major,within
4,35,2-3-3-1,57,0.00657895,leviticus,major,within
4,36,1-2-3-2,54,0.00623269,leviticus,major,within
4,37,3-1-2-2,54,0.00623269,leviticus,major,within
4,38,2-2-2-4,53,0.00611727,leviticus,major,within
4,39,3-2-4-2,53,0.00611727,leviticus,major,within
4,40,3-2-1-3,52,0.00600185,leviticus,major,within
4,41,2-3-1-2,52,0.00600185,leviticus,major,within
4,42,2-3-1-3,52,0.00600185,leviticus,major,within
4,43,2-3-2-1,51,0.00588643,leviticus,major,within
4,44,1-3-2-2,51,0.00588643,leviticus,major,within
4,45,1-3-3-2,51,0.00588643,leviticus,major,within
4,46,2-4-2-3,51,0.00588643,leviticus,major,within
4,47,3-3-1-2,50,0.00577101,leviticus,major,within
4,48,1-2-2-3,48,0.00554017,leviticus,major,within
4,49,2-1-3-3,48,0.00554017,leviticus,major,within
4,50,3-3-2-4,48,0.00554017,leviticus,major,within
5,1,2-2-3-2-2,88,0.01015814,leviticus,major,within
5,2,2-2-2-2-2,86,0.00992728,leviticus,major,within
5,3,2-3-2-2-2,72,0.00831121,leviticus,major,within
5,4,2-2-2-3-2,67,0.00773404,leviticus,major,within
5,5,3-2-2-3-2,67,0.00773404,leviticus,major,within
5,6,3-2-2-2-2,63,0.00727231,leviticus,major,within
5,7,3-3-3-2-2,61,0.00704144,leviticus,major,within
5,8,2-3-2-3-3,60,0.00692601,leviticus,major,within
5,9,2-2-2-2-3,60,0.00692601,leviticus,major,within
5,10,2-3-3-3-2,59,0.00681057,leviticus,major,within
5,11,3-3-3-3-2,58,0.00669514,leviticus,major,within
5,12,3-3-2-2-2,58,0.00669514,leviticus,major,within
5,13,2-3-2-2-3,57,0.00657971,leviticus,major,within
5,14,3-2-3-3-3,57,0.00657971,leviticus,major,within
5,15,2-3-3-2-3,57,0.00657971,leviticus,major,within
5,16,3-3-2-3-2,56,0.00646427,leviticus,major,within
5,17,3-2-3-3-2,55,0.00634884,leviticus,major,within
5,18,2-2-3-2-3,54,0.00623341,leviticus,major,within
5,19,2-3-3-3-3,51,0.00588711,leviticus,major,within
5,20,2-2-3-3-2,51,0.00588711,leviticus,major,within
5,21,2-2-2-3-3,51,0.00588711,leviticus,major,within
5,22,3-2-2-2-3,50,0.00577167,leviticus,major,within
5,23,2-3-3-2-2,50,0.00577167,leviticus,major,within
5,24,3-2-3-2-2,50,0.00577167,leviticus,major,within
5,25,3-2-3-2-3,49,0.00565624,leviticus,major,within
5,26,3-3-2-2-3,48,0.00554081,leviticus,major,within
5,27,3-3-2-3-3,46,0.00530994,leviticus,major,within
5,28,3-3-3-3-3,46,0.00530994,leviticus,major,within
5,29,3-3-3-2-3,46,0.00530994,leviticus,major,within
5,30,2-3-2-3-2,45,0.00519451,leviticus,major,within
5,31,2-2-3-3-3,44,0.00507907,leviticus,major,within
5,32,3-2-2-3-3,38,0.00438647,leviticus,major,within
5,33,2-1-2-2-2,36,0.0041556,leviticus,major,within
5,34,2-2-4-2-2,32,0.00369387,leviticus,major,within
5,35,2-2-2-3-1,31,0.00357844,leviticus,major,within
5,36,3-3-2-1-3,30,0.003463,leviticus,major,within
5,37,3-2-2-1-2,29,0.00334757,leviticus,major,within
5,38,3-2-1-2-2,28,0.00323214,leviticus,major,within
5,39,3-2-3-3-1,28,0.00323214,leviticus,major,within
5,40,4-2-2-2-3,27,0.0031167,leviticus,major,within
5,41,3-3-1-2-2,27,0.0031167,leviticus,major,within
5,42,2-3-2-2-1,27,0.0031167,leviticus,major,within
5,43,1-3-2-3-3,27,0.0031167,leviticus,major,within
5,44,1-2-2-2-2,27,0.0031167,leviticus,major,within
5,45,2-2-2-2-1,27,0.0031167,leviticus,major,within
5,46,2-4-2-2-2,26,0.00300127,leviticus,major,within
5,47,2-2-1-2-3,26,0.00300127,leviticus,major,within
5,48,2-2-2-1-2,26,0.00300127,leviticus,major,within
5,49,2-2-3-1-3,26,0.00300127,leviticus,major,within
5,50,1-2-2-3-2,25,0.00288584,leviticus,major,within
6,1,2-2-2-2-2-2,46,0.00531055,leviticus,major,within
6,2,2-2-3-2-2-2,37,0.00427153,leviticus,major,within
6,3,3-2-2-3-2-2,37,0.00427153,leviticus,major,within
6,4,2-3-2-2-3-2,33,0.00380974,leviticus,major,within
6,5,2-3-2-2-2-2,30,0.0034634,leviticus,major,within
6,6,2-2-2-3-2-2,30,0.0034634,leviticus,major,within
6,7,2-2-3-2-2-3,29,0.00334796,leviticus,major,within
6,8,2-2-2-3-3-2,28,0.00323251,leviticus,major,within
6,9,2-2-2-2-3-2,27,0.00311706,leviticus,major,within
6,10,3-2-3-3-3-3,27,0.00311706,leviticus,major,within
6,11,2-3-3-2-3-2,27,0.00311706,leviticus,major,within
6,12,3-3-2-3-2-2,27,0.00311706,leviticus,major,within
6,13,2-2-3-2-3-3,25,0.00288617,leviticus,major,within
6,14,2-3-3-3-3-2,25,0.00288617,leviticus,major,within
6,15,3-3-3-3-2-2,25,0.00288617,leviticus,major,within
6,16,3-3-3-2-2-2,25,0.00288617,leviticus,major,within
6,17,2-2-3-3-3-2,25,0.00288617,leviticus,major,within
6,18,2-2-2-2-2-3,25,0.00288617,leviticus,major,within
6,19,3-2-2-2-3-2,25,0.00288617,leviticus,major,within
6,20,2-3-2-3-3-2,24,0.00277072,leviticus,major,within
6,21,3-3-2-3-3-3,24,0.00277072,leviticus,major,within
6,22,3-2-3-2-3-3,24,0.00277072,leviticus,major,within
6,23,3-2-3-3-2-3,23,0.00265528,leviticus,major,within
6,24,3-2-3-2-2-2,23,0.00265528,leviticus,major,within
6,25,2-3-3-2-2-3,22,0.00253983,leviticus,major,within
6,26,2-2-2-3-2-3,21,0.00242438,leviticus,major,within
6,27,3-3-2-2-3-2,21,0.00242438,leviticus,major,within
6,28,2-3-3-3-2-2,21,0.00242438,leviticus,major,within
6,29,2-3-3-3-2-3,21,0.00242438,leviticus,major,within
6,30,3-3-3-2-3-3,21,0.00242438,leviticus,major,within
6,31,3-2-3-3-3-2,21,0.00242438,leviticus,major,within
6,32,3-2-2-2-2-2,21,0.00242438,leviticus,major,within
6,33,2-3-2-2-2-3,21,0.00242438,leviticus,major,within
6,34,3-2-2-2-2-3,20,0.00230894,leviticus,major,within
6,35,3-3-3-3-3-2,20,0.00230894,leviticus,major,within
6,36,2-3-3-2-2-2,20,0.00230894,leviticus,major,within
6,37,3-3-2-2-2-3,20,0.00230894,leviticus,major,within
6,38,2-2-3-3-2-2,19,0.00219349,leviticus,major,within
6,39,3-3-2-2-2-2,19,0.00219349,leviticus,major,within
6,40,3-3-3-3-3-3,19,0.00219349,leviticus,major,within
6,41,3-3-3-2-2-3,18,0.00207804,leviticus,major,within
6,42,2-3-3-3-3-3,18,0.00207804,leviticus,major,within
6,43,2-2-3-3-2-3,18,0.00207804,leviticus,major,within
6,44,3-3-3-3-2-3,18,0.00207804,leviticus,major,within
6,45,3-2-2-3-2-3,17,0.0019626,leviticus,major,within
6,46,2-3-3-2-3-3,17,0.0019626,leviticus,major,within
6,47,3-3-2-3-2-3,17,0.0019626,leviticus,major,within
6,48,3-2-3-2-3-2,17,0.0019626,leviticus,major,within
6,49,2-2-2-2-3-3,17,0.0019626,leviticus,major,within
6,50,2-3-2-3-3-3,16,0.00184715,leviticus,major,within
2,1,3-3,163,0.09772182,leviticus,major,cross_reset
2,2,2-3,154,0.09232614,leviticus,major,cross_reset
2,3,3-2,149,0.08932854,leviticus,major,cross_reset
2,4,2-2,125,0.07494005,leviticus,major,cross_reset
2,5,3-4,100,0.05995204,leviticus,major,cross_reset
2,6,4-2,89,0.05335731,leviticus,major,cross_reset
2,7,1-3,85,0.05095923,leviticus,major,cross_reset
2,8,3-1,83,0.04976019,leviticus,major,cross_reset
2,9,1-2,80,0.04796163,leviticus,major,cross_reset
2,10,2-1,80,0.04796163,leviticus,major,cross_reset
2,11,2-4,79,0.04736211,leviticus,major,cross_reset
2,12,4-3,77,0.04616307,leviticus,major,cross_reset
2,13,4-4,47,0.02817746,leviticus,major,cross_reset
2,14,1-1,46,0.02757794,leviticus,major,cross_reset
2,15,4-1,45,0.02697842,leviticus,major,cross_reset
2,16,1-4,42,0.02517986,leviticus,major,cross_reset
2,17,5-3,33,0.01978417,leviticus,major,cross_reset
2,18,5-2,25,0.01498801,leviticus,major,cross_reset
2,19,2-5,25,0.01498801,leviticus,major,cross_reset
2,20,3-5,22,0.01318945,leviticus,major,cross_reset
2,21,4-5,20,0.01199041,leviticus,major,cross_reset
2,22,1-5,16,0.00959233,leviticus,major,cross_reset
2,23,5-1,14,0.00839329,leviticus,major,cross_reset
2,24,6-3,10,0.0059952,leviticus,major,cross_reset
2,25,5-4,10,0.0059952,leviticus,major,cross_reset
2,26,2-6,7,0.00419664,leviticus,major,cross_reset
2,27,5-5,7,0.00419664,leviticus,major,cross_reset
2,28,3-6,6,0.00359712,leviticus,major,cross_reset
2,29,6-4,4,0.00239808,leviticus,major,cross_reset
2,30,4-6,4,0.00239808,leviticus,major,cross_reset
2,31,6-2,4,0.00239808,leviticus,major,cross_reset
2,32,5-6,2,0.00119904,leviticus,major,cross_reset
2,33,2-7,2,0.00119904,leviticus,major,cross_reset
2,34,7-1,2,0.00119904,leviticus,major,cross_reset
2,35,3-7,2,0.00119904,leviticus,major,cross_reset
2,36,1-6,2,0.00119904,leviticus,major,cross_reset
2,37,6-1,2,0.00119904,leviticus,major,cross_reset
2,38,7-3,2,0.00119904,leviticus,major,cross_reset
2,39,6-5,1,0.00059952,leviticus,major,cross_reset
2,40,1-7,1,0.00059952,leviticus,major,cross_reset
2,41,7-2,1,0.00059952,leviticus,major,cross_reset
3,1,3-3-3,56,0.03359328,leviticus,major,cross_reset
3,2,3-2-3,52,0.03119376,leviticus,major,cross_reset
3,3,3-3-2,48,0.02879424,leviticus,major,cross_reset
3,4,2-3-2,48,0.02879424,leviticus,major,cross_reset
3,5,3-2-2,42,0.02519496,leviticus,major,cross_reset
3,6,2-3-3,41,0.02459508,leviticus,major,cross_reset
3,7,2-2-3,40,0.0239952,leviticus,major,cross_reset
3,8,3-1-3,35,0.0209958,leviticus,major,cross_reset
3,9,3-4-2,34,0.02039592,leviticus,major,cross_reset
3,10,2-2-2,34,0.02039592,leviticus,major,cross_reset
3,11,2-3-4,32,0.01919616,leviticus,major,cross_reset
3,12,4-2-3,32,0.01919616,leviticus,major,cross_reset
3,13,3-3-4,31,0.01859628,leviticus,major,cross_reset
3,14,3-4-3,29,0.01739652,leviticus,major,cross_reset
3,15,2-1-2,29,0.01739652,leviticus,major,cross_reset
3,16,4-3-3,27,0.01619676,leviticus,major,cross_reset
3,17,2-3-1,26,0.01559688,leviticus,major,cross_reset
3,18,3-2-4,26,0.01559688,leviticus,major,cross_reset
3,19,2-2-1,25,0.014997,leviticus,major,cross_reset
3,20,2-1-3,24,0.01439712,leviticus,major,cross_reset
3,21,1-2-2,24,0.01439712,leviticus,major,cross_reset
3,22,2-4-2,23,0.01379724,leviticus,major,cross_reset
3,23,1-3-1,22,0.01319736,leviticus,major,cross_reset
3,24,2-2-4,21,0.01259748,leviticus,major,cross_reset
3,25,1-3-2,21,0.01259748,leviticus,major,cross_reset
3,26,3-3-1,20,0.0119976,leviticus,major,cross_reset
3,27,3-1-2,20,0.0119976,leviticus,major,cross_reset
3,28,4-2-2,19,0.01139772,leviticus,major,cross_reset
3,29,1-3-3,19,0.01139772,leviticus,major,cross_reset
3,30,3-2-1,19,0.01139772,leviticus,major,cross_reset
3,31,2-4-3,18,0.01079784,leviticus,major,cross_reset
3,32,3-4-1,18,0.01079784,leviticus,major,cross_reset
3,33,1-3-4,18,0.01079784,leviticus,major,cross_reset
3,34,4-3-2,18,0.01079784,leviticus,major,cross_reset
3,35,1-2-3,18,0.01079784,leviticus,major,cross_reset
3,36,4-4-3,17,0.01019796,leviticus,major,cross_reset
3,37,1-2-1,16,0.00959808,leviticus,major,cross_reset
3,38,2-1-1,16,0.00959808,leviticus,major,cross_reset
3,39,2-4-1,16,0.00959808,leviticus,major,cross_reset
3,40,3-1-4,16,0.00959808,leviticus,major,cross_reset
3,41,4-1-3,15,0.0089982,leviticus,major,cross_reset
3,42,1-4-2,15,0.0089982,leviticus,major,cross_reset
3,43,1-2-4,15,0.0089982,leviticus,major,cross_reset
3,44,4-2-1,15,0.0089982,leviticus,major,cross_reset
3,45,4-3-4,14,0.00839832,leviticus,major,cross_reset
3,46,2-4-4,14,0.00839832,leviticus,major,cross_reset
3,47,4-2-4,14,0.00839832,leviticus,major,cross_reset
3,48,1-1-2,13,0.00779844,leviticus,major,cross_reset
3,49,3-4-4,12,0.00719856,leviticus,major,cross_reset
3,50,5-2-3,12,0.00719856,leviticus,major,cross_reset
4,1,3-3-3-3,19,0.01140456,leviticus,major,cross_reset
4,2,3-3-2-3,19,0.01140456,leviticus,major,cross_reset
4,3,2-3-2-3,18,0.01080432,leviticus,major,cross_reset
4,4,3-2-3-3,17,0.01020408,leviticus,major,cross_reset
4,5,3-3-3-2,16,0.00960384,leviticus,major,cross_reset
4,6,3-2-3-2,16,0.00960384,leviticus,major,cross_reset
4,7,3-2-2-3,16,0.00960384,leviticus,major,cross_reset
4,8,2-2-3-2,16,0.00960384,leviticus,major,cross_reset
4,9,2-3-3-3,15,0.0090036,leviticus,major,cross_reset
4,10,2-3-2-2,15,0.0090036,leviticus,major,cross_reset
4,11,2-3-4-3,13,0.00780312,leviticus,major,cross_reset
4,12,3-4-3-3,13,0.00780312,leviticus,major,cross_reset
4,13,3-3-4-2,12,0.00720288,leviticus,major,cross_reset
4,14,2-2-1-3,12,0.00720288,leviticus,major,cross_reset
4,15,3-4-2-3,12,0.00720288,leviticus,major,cross_reset
4,16,2-3-3-2,12,0.00720288,leviticus,major,cross_reset
4,17,3-3-1-3,12,0.00720288,leviticus,major,cross_reset
4,18,3-1-3-2,12,0.00720288,leviticus,major,cross_reset
4,19,3-3-2-2,11,0.00660264,leviticus,major,cross_reset
4,20,3-3-2-4,11,0.00660264,leviticus,major,cross_reset
4,21,3-1-3-1,11,0.00660264,leviticus,major,cross_reset
4,22,2-2-2-1,11,0.00660264,leviticus,major,cross_reset
4,23,3-2-2-2,11,0.00660264,leviticus,major,cross_reset
4,24,3-2-3-4,10,0.0060024,leviticus,major,cross_reset
4,25,2-3-1-3,10,0.0060024,leviticus,major,cross_reset
4,26,2-3-4-2,10,0.0060024,leviticus,major,cross_reset
4,27,4-2-3-2,10,0.0060024,leviticus,major,cross_reset
4,28,3-3-3-4,10,0.0060024,leviticus,major,cross_reset
4,29,3-4-3-2,10,0.0060024,leviticus,major,cross_reset
4,30,3-3-3-1,10,0.0060024,leviticus,major,cross_reset
4,31,2-3-1-2,10,0.0060024,leviticus,major,cross_reset
4,32,3-2-4-2,10,0.0060024,leviticus,major,cross_reset
4,33,2-2-2-2,10,0.0060024,leviticus,major,cross_reset
4,34,4-3-3-3,9,0.00540216,leviticus,major,cross_reset
4,35,3-2-4-3,9,0.00540216,leviticus,major,cross_reset
4,36,1-2-2-3,9,0.00540216,leviticus,major,cross_reset
4,37,2-2-3-3,9,0.00540216,leviticus,major,cross_reset
4,38,4-2-3-4,9,0.00540216,leviticus,major,cross_reset
4,39,2-1-3-4,9,0.00540216,leviticus,major,cross_reset
4,40,2-1-2-2,9,0.00540216,leviticus,major,cross_reset
4,41,1-2-2-2,9,0.00540216,leviticus,major,cross_reset
4,42,1-3-2-2,9,0.00540216,leviticus,major,cross_reset
4,43,4-3-3-2,8,0.00480192,leviticus,major,cross_reset
4,44,4-3-2-3,8,0.00480192,leviticus,major,cross_reset
4,45,2-3-3-4,8,0.00480192,leviticus,major,cross_reset
4,46,3-3-4-3,8,0.00480192,leviticus,major,cross_reset
4,47,1-3-1-3,8,0.00480192,leviticus,major,cross_reset
4,48,2-1-2-3,8,0.00480192,leviticus,major,cross_reset
4,49,2-2-2-3,8,0.00480192,leviticus,major,cross_reset
4,50,2-4-2-2,8,0.00480192,leviticus,major,cross_reset
5,1,2-3-2-3-3,9,0.00540541,leviticus,major,cross_reset
5,2,3-2-3-2-3,9,0.00540541,leviticus,major,cross_reset
5,3,3-2-3-3-3,8,0.0048048,leviticus,major,cross_reset
5,4,2-3-2-2-3,8,0.0048048,leviticus,major,cross_reset
5,5,3-3-3-3-2,7,0.0042042,leviticus,major,cross_reset
5,6,3-1-3-2-2,7,0.0042042,leviticus,major,cross_reset
5,7,3-2-2-3-2,7,0.0042042,leviticus,major,cross_reset
5,8,2-3-3-3-3,6,0.0036036,leviticus,major,cross_reset
5,9,4-2-3-3-2,6,0.0036036,leviticus,major,cross_reset
5,10,2-3-3-2-3,6,0.0036036,leviticus,major,cross_reset
5,11,2-3-2-3-2,6,0.0036036,leviticus,major,cross_reset
5,12,4-2-3-4-3,6,0.0036036,leviticus,major,cross_reset
5,13,2-2-3-2-2,6,0.0036036,leviticus,major,cross_reset
5,14,2-1-2-2-2,6,0.0036036,leviticus,major,cross_reset
5,15,2-3-4-3-3,6,0.0036036,leviticus,major,cross_reset
5,16,3-3-3-3-3,5,0.003003,leviticus,major,cross_reset
5,17,3-3-3-2-3,5,0.003003,leviticus,major,cross_reset
5,18,3-3-2-3-3,5,0.003003,leviticus,major,cross_reset
5,19,4-3-3-2-3,5,0.003003,leviticus,major,cross_reset
5,20,3-3-2-3-4,5,0.003003,leviticus,major,cross_reset
5,21,3-2-2-1-3,5,0.003003,leviticus,major,cross_reset
5,22,3-3-3-2-4,5,0.003003,leviticus,major,cross_reset
5,23,3-3-3-3-4,5,0.003003,leviticus,major,cross_reset
5,24,3-4-2-3-3,5,0.003003,leviticus,major,cross_reset
5,25,1-3-4-2-3,5,0.003003,leviticus,major,cross_reset
5,26,3-2-3-3-4,5,0.003003,leviticus,major,cross_reset
5,27,1-3-1-3-1,5,0.003003,leviticus,major,cross_reset
5,28,2-3-3-3-1,5,0.003003,leviticus,major,cross_reset
5,29,3-3-3-1-3,5,0.003003,leviticus,major,cross_reset
5,30,2-2-1-3-4,5,0.003003,leviticus,major,cross_reset
5,31,3-3-1-3-2,5,0.003003,leviticus,major,cross_reset
5,32,2-2-2-1-2,5,0.003003,leviticus,major,cross_reset
5,33,3-2-4-2-2,5,0.003003,leviticus,major,cross_reset
5,34,2-4-2-2-3,5,0.003003,leviticus,major,cross_reset
5,35,3-2-2-3-4,5,0.003003,leviticus,major,cross_reset
5,36,3-3-2-2-3,5,0.003003,leviticus,major,cross_reset
5,37,3-4-3-3-2,5,0.003003,leviticus,major,cross_reset
5,38,1-3-2-2-2,5,0.003003,leviticus,major,cross_reset
5,39,3-3-2-4-2,5,0.003003,leviticus,major,cross_reset
5,40,3-3-2-3-2,5,0.003003,leviticus,major,cross_reset
5,41,2-3-3-3-2,4,0.0024024,leviticus,major,cross_reset
5,42,3-3-3-2-2,4,0.0024024,leviticus,major,cross_reset
5,43,2-2-1-3-3,4,0.0024024,leviticus,major,cross_reset
5,44,4-2-3-2-3,4,0.0024024,leviticus,major,cross_reset
5,45,3-3-4-3-2,4,0.0024024,leviticus,major,cross_reset
5,46,3-4-3-2-3,4,0.0024024,leviticus,major,cross_reset
5,47,3-3-2-4-3,4,0.0024024,leviticus,major,cross_reset
5,48,3-1-3-1-4,4,0.0024024,leviticus,major,cross_reset
5,49,2-3-1-2-2,4,0.0024024,leviticus,major,cross_reset
5,50,1-2-2-3-3,4,0.0024024,leviticus,major,cross_reset
6,1,2-3-2-2-3-2,5,0.00300481,leviticus,major,cross_reset
6,2,3-3-3-3-2-3,4,0.00240385,leviticus,major,cross_reset
6,3,2-3-2-3-3-3,4,0.00240385,leviticus,major,cross_reset
6,4,3-2-3-3-3-3,4,0.00240385,leviticus,major,cross_reset
6,5,3-4-2-3-3-2,4,0.00240385,leviticus,major,cross_reset
6,6,1-3-4-2-3-3,4,0.00240385,leviticus,major,cross_reset
6,7,2-3-3-3-1-3,4,0.00240385,leviticus,major,cross_reset
6,8,3-2-4-2-2-3,4,0.00240385,leviticus,major,cross_reset
6,9,3-2-3-2-3-2,4,0.00240385,leviticus,major,cross_reset
6,10,2-3-2-3-2-3,4,0.00240385,leviticus,major,cross_reset
6,11,2-3-1-3-2-2,4,0.00240385,leviticus,major,cross_reset
6,12,3-3-2-3-3-3,3,0.00180288,leviticus,major,cross_reset
6,13,3-2-3-3-3-2,3,0.00180288,leviticus,major,cross_reset
6,14,2-4-3-3-2-3,3,0.00180288,leviticus,major,cross_reset
6,15,3-3-3-3-2-4,3,0.00180288,leviticus,major,cross_reset
6,16,4-2-3-2-3-3,3,0.00180288,leviticus,major,cross_reset
6,17,4-2-3-3-2-3,3,0.00180288,leviticus,major,cross_reset
6,18,2-3-3-2-3-3,3,0.00180288,leviticus,major,cross_reset
6,19,3-2-3-3-4-3,3,0.00180288,leviticus,major,cross_reset
6,20,4-3-2-2-1-3,3,0.00180288,leviticus,major,cross_reset
6,21,3-1-3-1-4-2,3,0.00180288,leviticus,major,cross_reset
6,22,3-2-3-1-2-2,3,0.00180288,leviticus,major,cross_reset
6,23,4-4-3-5-3-2,3,0.00180288,leviticus,major,cross_reset
6,24,3-3-3-1-3-2,3,0.00180288,leviticus,major,cross_reset
6,25,3-4-2-3-4-3,3,0.00180288,leviticus,major,cross_reset
6,26,4-2-3-4-3-4,3,0.00180288,leviticus,major,cross_reset
6,27,2-3-2-3-3-4,3,0.00180288,leviticus,major,cross_reset
6,28,2-1-2-2-2-1,3,0.00180288,leviticus,major,cross_reset
6,29,3-3-2-2-3-4,3,0.00180288,leviticus,major,cross_reset
6,30,2-3-4-3-3-2,3,0.00180288,leviticus,major,cross_reset
6,31,2-2-3-4-2-3,3,0.00180288,leviticus,major,cross_reset
6,32,3-2-2-3-2-2,3,0.00180288,leviticus,major,cross_reset
6,33,2-2-3-2-2-2,3,0.00180288,leviticus,major,cross_reset
6,34,3-1-3-2-2-2,3,0.00180288,leviticus,major,cross_reset
6,35,4-2-3-2-2-3,3,0.00180288,leviticus,major,cross_reset
6,36,3-3-2-4-2-2,3,0.00180288,leviticus,major,cross_reset
6,37,3-2-2-2-1-3,3,0.00180288,leviticus,major,cross_reset
6,38,3-2-3-2-3-3,3,0.00180288,leviticus,major,cross_reset
6,39,2-3-2-1-2-3,3,0.00180288,leviticus,major,cross_reset
6,40,3-2-3-4-3-3,3,0.00180288,leviticus,major,cross_reset
6,41,3-4-3-2-5-3,3,0.00180288,leviticus,major,cross_reset
6,42,3-4-2-1-2-4,3,0.00180288,leviticus,major,cross_reset
6,43,1-1-1-1-1-1,3,0.00180288,leviticus,major,cross_reset
6,44,3-3-3-3-3-2,2,0.00120192,leviticus,major,cross_reset
6,45,3-3-3-2-2-4,2,0.00120192,leviticus,major,cross_reset
6,46,4-3-3-2-3-4,2,0.00120192,leviticus,major,cross_reset
6,47,4-4-3-3-4-2,2,0.00120192,leviticus,major,cross_reset
6,48,4-3-3-4-2-2,2,0.00120192,leviticus,major,cross_reset
6,49,2-3-1-3-4-1,2,0.00120192,leviticus,major,cross_reset
6,50,3-3-2-2-1-3,2,0.00120192,leviticus,major,cross_reset
2,1,2-2,1475,0.14271892,leviticus,major,all
2,2,3-2,1244,0.12036768,leviticus,major,all
2,3,2-3,1220,0.11804548,leviticus,major,all
2,4,3-3,1182,0.11436865,leviticus,major,all
2,5,2-1,576,0.05573295,leviticus,major,all
2,6,1-2,551,0.05331398,leviticus,major,all
2,7,4-2,471,0.04557329,leviticus,major,all
2,8,3-1,464,0.04489598,leviticus,major,all
2,9,2-4,444,0.04296081,leviticus,major,all
2,10,1-3,430,0.04160619,leviticus,major,all
2,11,3-4,366,0.03541364,leviticus,major,all
2,12,4-3,365,0.03531688,leviticus,major,all
2,13,1-1,197,0.01906144,leviticus,major,all
2,14,1-4,195,0.01886792,leviticus,major,all
2,15,4-1,194,0.01877117,leviticus,major,all
2,16,4-4,142,0.01373972,leviticus,major,all
2,17,2-5,135,0.01306241,leviticus,major,all
2,18,5-2,110,0.01064344,leviticus,major,all
2,19,5-3,104,0.01006289,leviticus,major,all
2,20,1-5,77,0.00745041,leviticus,major,all
2,21,3-5,64,0.00619255,leviticus,major,all
2,22,5-4,48,0.00464441,leviticus,major,all
2,23,5-1,46,0.0044509,leviticus,major,all
2,24,1-6,32,0.00309627,leviticus,major,all
2,25,4-5,32,0.00309627,leviticus,major,all
2,26,6-3,31,0.00299952,leviticus,major,all
2,27,6-2,26,0.00251572,leviticus,major,all
2,28,2-6,25,0.00241896,leviticus,major,all
2,29,3-6,15,0.00145138,leviticus,major,all
2,30,6-4,14,0.00135462,leviticus,major,all
2,31,5-5,13,0.00125786,leviticus,major,all
2,32,2-7,8,0.00077407,leviticus,major,all
2,33,6-1,7,0.00067731,leviticus,major,all
2,34,7-2,7,0.00067731,leviticus,major,all
2,35,4-6,6,0.00058055,leviticus,major,all
2,36,7-3,5,0.00048379,leviticus,major,all
2,37,1-7,4,0.00038703,leviticus,major,all
2,38,3-7,3,0.00029028,leviticus,major,all
2,39,6-5,2,0.00019352,leviticus,major,all
2,40,5-6,2,0.00019352,leviticus,major,all
2,41,7-1,2,0.00019352,leviticus,major,all
2,42,7-4,1,9.676e-05,leviticus,major,all
3,1,2-2-2,544,0.05264177,leviticus,major,all
3,2,2-2-3,476,0.04606154,leviticus,major,all
3,3,3-2-2,466,0.04509386,leviticus,major,all
3,4,3-3-3,451,0.04364235,leviticus,major,all
3,5,2-3-2,450,0.04354558,leviticus,major,all
3,6,3-3-2,447,0.04325527,leviticus,major,all
3,7,2-3-3,426,0.04122315,leviticus,major,all
3,8,3-2-3,404,0.03909425,leviticus,major,all
3,9,2-2-1,227,0.02196632,leviticus,major,all
3,10,1-2-2,214,0.02070834,leviticus,major,all
3,11,2-1-2,209,0.0202245,leviticus,major,all
3,12,4-2-2,197,0.01906329,leviticus,major,all
3,13,3-2-1,184,0.0178053,leviticus,major,all
3,14,2-4-2,176,0.01703116,leviticus,major,all
3,15,1-3-2,170,0.01645055,leviticus,major,all
3,16,2-3-1,167,0.01616025,leviticus,major,all
3,17,3-1-2,165,0.01596671,leviticus,major,all
3,18,2-2-4,162,0.01567641,leviticus,major,all
3,19,2-1-3,157,0.01519257,leviticus,major,all
3,20,1-2-3,155,0.01499903,leviticus,major,all
3,21,3-3-1,155,0.01499903,leviticus,major,all
3,22,2-3-4,151,0.01461196,leviticus,major,all
3,23,3-1-3,149,0.01441842,leviticus,major,all
3,24,3-2-4,142,0.01374105,leviticus,major,all
3,25,1-3-3,139,0.01345075,leviticus,major,all
3,26,4-2-3,136,0.01316044,leviticus,major,all
3,27,3-4-2,135,0.01306367,leviticus,major,all
3,28,2-4-3,133,0.01287014,leviticus,major,all
3,29,4-3-2,129,0.01248307,leviticus,major,all
3,30,4-3-3,119,0.01151539,leviticus,major,all
3,31,3-4-3,108,0.01045094,leviticus,major,all
3,32,3-3-4,104,0.01006387,leviticus,major,all
3,33,1-2-1,96,0.00928972,leviticus,major,all
3,34,2-1-4,85,0.00822528,leviticus,major,all
3,35,2-1-1,84,0.00812851,leviticus,major,all
3,36,1-4-2,83,0.00803174,leviticus,major,all
3,37,4-1-2,78,0.0075479,leviticus,major,all
3,38,1-1-2,76,0.00735436,leviticus,major,all
3,39,1-3-1,72,0.00696729,leviticus,major,all
3,40,2-4-1,71,0.00687052,leviticus,major,all
3,41,1-2-4,69,0.00667699,leviticus,major,all
3,42,3-4-1,68,0.00658022,leviticus,major,all
3,43,1-4-3,65,0.00628992,leviticus,major,all
3,44,1-1-3,60,0.00580608,leviticus,major,all
3,45,3-1-1,59,0.00570931,leviticus,major,all
3,46,3-1-4,57,0.00551577,leviticus,major,all
3,47,4-2-1,57,0.00551577,leviticus,major,all
3,48,4-3-1,53,0.0051287,leviticus,major,all
3,49,4-2-4,53,0.0051287,leviticus,major,all
3,50,2-5-2,52,0.00503193,leviticus,major,all
4,1,2-2-2-2,220,0.02129101,leviticus,major,all
4,2,2-2-3-2,193,0.01867802,leviticus,major,all
4,3,2-3-3-3,188,0.01819414,leviticus,major,all
4,4,3-3-3-2,184,0.01780703,leviticus,major,all
4,5,2-3-2-2,183,0.01771025,leviticus,major,all
4,6,3-3-2-2,167,0.01616181,leviticus,major,all
4,7,3-2-2-3,167,0.01616181,leviticus,major,all
4,8,3-3-3-3,162,0.01567793,leviticus,major,all
4,9,2-2-2-3,159,0.01538759,leviticus,major,all
4,10,3-2-3-3,154,0.01490371,leviticus,major,all
4,11,3-2-2-2,152,0.01471015,leviticus,major,all
4,12,2-2-3-3,149,0.01441982,leviticus,major,all
4,13,3-3-2-3,144,0.01393593,leviticus,major,all
4,14,2-3-3-2,139,0.01345205,leviticus,major,all
4,15,3-2-3-2,137,0.01325849,leviticus,major,all
4,16,2-3-2-3,131,0.01267783,leviticus,major,all
4,17,2-2-2-1,85,0.00822607,leviticus,major,all
4,18,2-1-2-2,84,0.00812929,leviticus,major,all
4,19,1-2-2-2,84,0.00812929,leviticus,major,all
4,20,2-2-1-2,83,0.00803252,leviticus,major,all
4,21,3-2-2-1,73,0.00706474,leviticus,major,all
4,22,4-2-2-2,72,0.00696797,leviticus,major,all
4,23,1-3-2-3,71,0.00687119,leviticus,major,all
4,24,3-1-2-2,70,0.00677441,leviticus,major,all
4,25,2-2-1-3,69,0.00667763,leviticus,major,all
4,26,3-2-1-2,67,0.00648408,leviticus,major,all
4,27,2-2-3-1,66,0.0063873,leviticus,major,all
4,28,3-1-3-2,65,0.00629053,leviticus,major,all
4,29,1-2-2-3,65,0.00629053,leviticus,major,all
4,30,2-2-4-2,65,0.00629053,leviticus,major,all
4,31,2-4-2-2,65,0.00629053,leviticus,major,all
4,32,4-2-2-3,64,0.00619375,leviticus,major,all
4,33,3-3-2-1,63,0.00609697,leviticus,major,all
4,34,3-4-2-2,63,0.00609697,leviticus,major,all
4,35,2-3-1-2,63,0.00609697,leviticus,major,all
4,36,2-1-2-3,63,0.00609697,leviticus,major,all
4,37,2-3-2-1,62,0.00600019,leviticus,major,all
4,38,3-2-4-2,60,0.00580664,leviticus,major,all
4,39,3-3-3-1,59,0.00570986,leviticus,major,all
4,40,1-3-2-2,59,0.00570986,leviticus,major,all
4,41,3-2-3-4,59,0.00570986,leviticus,major,all
4,42,2-1-3-2,59,0.00570986,leviticus,major,all
4,43,2-4-2-3,59,0.00570986,leviticus,major,all
4,44,2-3-1-3,58,0.00561308,leviticus,major,all
4,45,2-2-3-4,58,0.00561308,leviticus,major,all
4,46,2-2-2-4,56,0.00541953,leviticus,major,all
4,47,3-3-2-4,56,0.00541953,leviticus,major,all
4,48,1-3-3-2,55,0.00532275,leviticus,major,all
4,49,2-1-3-3,53,0.0051292,leviticus,major,all
4,50,2-3-4-2,52,0.00503242,leviticus,major,all
5,1,2-2-2-2-2,97,0.00938831,leviticus,major,all
5,2,2-2-3-2-2,84,0.00813008,leviticus,major,all
5,3,3-2-2-3-2,76,0.00735579,leviticus,major,all
5,4,3-3-3-2-2,75,0.007259,leviticus,major,all
5,5,2-3-3-3-2,74,0.00716221,leviticus,major,all
5,6,2-2-2-2-3,72,0.00696864,leviticus,major,all
5,7,2-2-3-3-3,71,0.00687185,leviticus,major,all
5,8,2-3-2-2-3,67,0.00648471,leviticus,major,all
5,9,3-3-3-3-3,67,0.00648471,leviticus,major,all
5,10,3-3-3-3-2,66,0.00638792,leviticus,major,all
5,11,2-3-3-3-3,64,0.00619435,leviticus,major,all
5,12,3-2-3-3-3,63,0.00609756,leviticus,major,all
5,13,2-3-2-2-2,61,0.00590399,leviticus,major,all
5,14,3-3-2-2-3,61,0.00590399,leviticus,major,all
5,15,2-2-2-3-2,59,0.00571041,leviticus,major,all
5,16,3-2-2-2-2,59,0.00571041,leviticus,major,all
5,17,2-3-3-2-3,59,0.00571041,leviticus,major,all
5,18,3-3-2-2-2,58,0.00561363,leviticus,major,all
5,19,2-3-2-3-3,57,0.00551684,leviticus,major,all
5,20,3-2-3-3-2,54,0.00522648,leviticus,major,all
5,21,2-2-3-2-3,53,0.00512969,leviticus,major,all
5,22,2-2-3-3-2,53,0.00512969,leviticus,major,all
5,23,3-3-2-3-2,52,0.00503291,leviticus,major,all
5,24,3-2-3-2-2,51,0.00493612,leviticus,major,all
5,25,3-2-2-3-3,50,0.00483933,leviticus,major,all
5,26,3-3-3-2-3,50,0.00483933,leviticus,major,all
5,27,3-3-2-3-3,49,0.00474255,leviticus,major,all
5,28,2-2-2-3-3,48,0.00464576,leviticus,major,all
5,29,2-3-3-2-2,45,0.0043554,leviticus,major,all
5,30,3-2-3-2-3,44,0.00425861,leviticus,major,all
5,31,3-2-2-2-3,42,0.00406504,leviticus,major,all
5,32,2-1-2-2-2,40,0.00387147,leviticus,major,all
5,33,2-3-2-3-2,40,0.00387147,leviticus,major,all
5,34,2-2-2-3-1,32,0.00309717,leviticus,major,all
5,35,4-2-2-2-2,31,0.00300039,leviticus,major,all
5,36,3-2-1-2-2,30,0.0029036,leviticus,major,all
5,37,3-1-3-2-3,30,0.0029036,leviticus,major,all
5,38,2-2-1-2-2,30,0.0029036,leviticus,major,all
5,39,2-3-3-3-1,30,0.0029036,leviticus,major,all
5,40,2-2-2-1-3,29,0.00280681,leviticus,major,all
5,41,1-2-2-2-2,29,0.00280681,leviticus,major,all
5,42,1-3-2-3-2,28,0.00271003,leviticus,major,all
5,43,2-2-3-2-1,28,0.00271003,leviticus,major,all
5,44,3-3-3-2-4,27,0.00261324,leviticus,major,all
5,45,2-2-2-1-2,27,0.00261324,leviticus,major,all
5,46,1-2-3-3-3,27,0.00261324,leviticus,major,all
5,47,2-3-2-2-1,27,0.00261324,leviticus,major,all
5,48,2-2-1-3-3,27,0.00261324,leviticus,major,all
5,49,4-2-2-3-2,27,0.00261324,leviticus,major,all
5,50,3-3-1-2-2,27,0.00261324,leviticus,major,all
6,1,2-2-2-2-2-2,41,0.00396864,leviticus,major,all
6,2,3-3-3-3-2-2,34,0.00329107,leviticus,major,all
6,3,2-2-3-2-2-2,34,0.00329107,leviticus,major,all
6,4,3-3-2-2-3-2,33,0.00319427,leviticus,major,all
6,5,3-2-2-3-2-2,31,0.00300068,leviticus,major,all
6,6,2-2-2-2-2-3,30,0.00290388,leviticus,major,all
6,7,2-2-3-3-3-2,29,0.00280709,leviticus,major,all
6,8,3-3-3-3-3-2,29,0.00280709,leviticus,major,all
6,9,3-2-3-3-2-3,29,0.00280709,leviticus,major,all
6,10,2-3-2-2-3-2,28,0.00271029,leviticus,major,all
6,11,2-3-3-3-3-2,28,0.00271029,leviticus,major,all
6,12,3-3-3-2-2-2,28,0.00271029,leviticus,major,all
6,13,2-2-2-2-3-2,27,0.00261349,leviticus,major,all
6,14,3-2-3-3-3-3,27,0.00261349,leviticus,major,all
6,15,2-3-3-3-3-3,27,0.00261349,leviticus,major,all
6,16,2-2-3-2-2-3,27,0.00261349,leviticus,major,all
6,17,2-2-2-3-2-2,26,0.0025167,leviticus,major,all
6,18,2-3-3-3-2-3,25,0.0024199,leviticus,major,all
6,19,3-2-2-2-2-2,25,0.0024199,leviticus,major,all
6,20,2-3-3-3-2-2,25,0.0024199,leviticus,major,all
6,21,3-3-3-2-2-3,25,0.0024199,leviticus,major,all
6,22,2-2-3-2-3-3,24,0.00232311,leviticus,major,all
6,23,3-2-2-3-3-3,24,0.00232311,leviticus,major,all
6,24,3-3-2-3-3-3,24,0.00232311,leviticus,major,all
6,25,3-3-3-3-3-3,24,0.00232311,leviticus,major,all
6,26,2-3-2-2-2-2,23,0.00222631,leviticus,major,all
6,27,2-2-2-3-3-3,23,0.00222631,leviticus,major,all
6,28,3-3-2-2-2-2,22,0.00212951,leviticus,major,all
6,29,2-2-3-3-3-3,22,0.00212951,leviticus,major,all
6,30,2-2-2-2-3-3,22,0.00212951,leviticus,major,all
6,31,3-2-2-3-2-3,22,0.00212951,leviticus,major,all
6,32,2-2-3-3-2-2,21,0.00203272,leviticus,major,all
6,33,2-3-2-3-3-3,21,0.00203272,leviticus,major,all
6,34,3-2-3-2-2-3,21,0.00203272,leviticus,major,all
6,35,2-3-2-3-3-2,20,0.00193592,leviticus,major,all
6,36,2-3-3-2-3-3,20,0.00193592,leviticus,major,all
6,37,3-2-3-2-3-3,20,0.00193592,leviticus,major,all
6,38,2-2-2-3-2-3,19,0.00183912,leviticus,major,all
6,39,2-3-3-2-2-2,19,0.00183912,leviticus,major,all
6,40,3-2-2-2-2-3,19,0.00183912,leviticus,major,all
6,41,2-3-2-2-3-3,19,0.00183912,leviticus,major,all
6,42,3-3-3-2-3-3,19,0.00183912,leviticus,major,all
6,43,3-3-2-3-2-2,19,0.00183912,leviticus,major,all
6,44,2-3-3-2-3-2,19,0.00183912,leviticus,major,all
6,45,3-2-3-3-3-2,18,0.00174233,leviticus,major,all
6,46,3-2-2-3-3-2,18,0.00174233,leviticus,major,all
6,47,3-3-2-3-2-3,17,0.00164553,leviticus,major,all
6,48,2-3-2-2-2-3,17,0.00164553,leviticus,major,all
6,49,2-2-3-3-2-3,17,0.00164553,leviticus,major,all
6,50,3-2-1-2-2-2,16,0.00154874,leviticus,major,all
2,1,2-2,1200,0.1653348,leviticus,major_minor,within
2,2,3-2,971,0.13378341,leviticus,major_minor,within
2,3,2-3,966,0.13309452,leviticus,major_minor,within
2,4,3-3,827,0.11394324,leviticus,major_minor,within
2,5,2-1,405,0.0558005,leviticus,major_minor,within
2,6,1-2,390,0.05373381,leviticus,major_minor,within
2,7,4-2,327,0.04505373,leviticus,major_minor,within
2,8,3-1,315,0.04340039,leviticus,major_minor,within
2,9,1-3,308,0.04243593,leviticus,major_minor,within
2,10,2-4,306,0.04216037,leviticus,major_minor,within
2,11,3-4,229,0.03155139,leviticus,major_minor,within
2,12,4-3,212,0.02920915,leviticus,major_minor,within
2,13,1-4,106,0.01460457,leviticus,major_minor,within
2,14,4-1,106,0.01460457,leviticus,major_minor,within
2,15,1-1,106,0.01460457,leviticus,major_minor,within
2,16,4-4,65,0.00895564,leviticus,major_minor,within
2,17,2-5,65,0.00895564,leviticus,major_minor,within
2,18,5-3,61,0.00840452,leviticus,major_minor,within
2,19,5-2,61,0.00840452,leviticus,major_minor,within
2,20,3-5,39,0.00537338,leviticus,major_minor,within
2,21,1-5,33,0.00454671,leviticus,major_minor,within
2,22,4-5,25,0.00344448,leviticus,major_minor,within
2,23,5-1,21,0.00289336,leviticus,major_minor,within
2,24,2-6,19,0.0026178,leviticus,major_minor,within
2,25,5-4,18,0.00248002,leviticus,major_minor,within
2,26,6-2,16,0.00220446,leviticus,major_minor,within
2,27,6-4,11,0.00151557,leviticus,major_minor,within
2,28,1-6,10,0.00137779,leviticus,major_minor,within
2,29,5-5,10,0.00137779,leviticus,major_minor,within
2,30,6-3,8,0.00110223,leviticus,major_minor,within
2,31,3-6,6,0.00082667,leviticus,major_minor,within
2,32,2-7,4,0.00055112,leviticus,major_minor,within
2,33,7-3,4,0.00055112,leviticus,major_minor,within
2,34,4-6,1,0.00013778,leviticus,major_minor,within
2,35,1-7,1,0.00013778,leviticus,major_minor,within
2,36,7-2,1,0.00013778,leviticus,major_minor,within
2,37,5-6,1,0.00013778,leviticus,major_minor,within
2,38,5-7,1,0.00013778,leviticus,major_minor,within
2,39,6-1,1,0.00013778,leviticus,major_minor,within
2,40,6-5,1,0.00013778,leviticus,major_minor,within
2,41,7-4,1,0.00013778,leviticus,major_minor,within
3,1,2-2-2,498,0.0686234,leviticus,major_minor,within
3,2,2-3-2,391,0.05387901,leviticus,major_minor,within
3,3,2-2-3,389,0.05360342,leviticus,major_minor,within
3,4,3-2-2,382,0.05263883,leviticus,major_minor,within
3,5,3-3-2,357,0.04919388,leviticus,major_minor,within
3,6,2-3-3,332,0.04574893,leviticus,major_minor,within
3,7,3-2-3,325,0.04478435,leviticus,major_minor,within
3,8,3-3-3,283,0.03899683,leviticus,major_minor,within
3,9,2-1-2,168,0.02315006,leviticus,major_minor,within
3,10,1-2-2,157,0.02163428,leviticus,major_minor,within
3,11,2-2-1,156,0.02149649,leviticus,major_minor,within
3,12,2-4-2,143,0.01970511,leviticus,major_minor,within
3,13,2-3-1,141,0.01942952,leviticus,major_minor,within
3,14,4-2-2,138,0.01901612,leviticus,major_minor,within
3,15,3-2-1,134,0.01846493,leviticus,major_minor,within
3,16,1-3-2,124,0.01708695,leviticus,major_minor,within
3,17,2-2-4,122,0.01681135,leviticus,major_minor,within
3,18,1-2-3,121,0.01667356,leviticus,major_minor,within
3,19,2-1-3,120,0.01653576,leviticus,major_minor,within
3,20,3-1-2,119,0.01639796,leviticus,major_minor,within
3,21,3-1-3,109,0.01501998,leviticus,major_minor,within
3,22,4-2-3,106,0.01460659,leviticus,major_minor,within
3,23,1-3-3,105,0.01446879,leviticus,major_minor,within
3,24,3-3-1,99,0.013642,leviticus,major_minor,within
3,25,3-2-4,99,0.013642,leviticus,major_minor,within
3,26,3-4-2,98,0.0135042,leviticus,major_minor,within
3,27,2-4-3,93,0.01281521,leviticus,major_minor,within
3,28,2-3-4,88,0.01212622,leviticus,major_minor,within
3,29,4-3-2,75,0.01033485,leviticus,major_minor,within
3,30,4-3-3,74,0.01019705,leviticus,major_minor,within
3,31,3-3-4,74,0.01019705,leviticus,major_minor,within
3,32,1-2-1,61,0.00840568,leviticus,major_minor,within
3,33,3-4-3,60,0.00826788,leviticus,major_minor,within
3,34,2-1-4,52,0.0071655,leviticus,major_minor,within
3,35,2-1-1,52,0.0071655,leviticus,major_minor,within
3,36,4-1-2,51,0.0070277,leviticus,major_minor,within
3,37,1-4-2,45,0.00620091,leviticus,major_minor,within
3,38,1-3-1,42,0.00578752,leviticus,major_minor,within
3,39,1-1-3,42,0.00578752,leviticus,major_minor,within
3,40,4-2-1,41,0.00564972,leviticus,major_minor,within
3,41,2-4-1,41,0.00564972,leviticus,major_minor,within
3,42,1-2-4,40,0.00551192,leviticus,major_minor,within
3,43,1-1-2,39,0.00537412,leviticus,major_minor,within
3,44,3-4-1,36,0.00496073,leviticus,major_minor,within
3,45,3-1-4,34,0.00468513,leviticus,major_minor,within
3,46,3-1-1,34,0.00468513,leviticus,major_minor,within
3,47,1-4-3,33,0.00454733,leviticus,major_minor,within
3,48,4-2-4,32,0.00440954,leviticus,major_minor,within
3,49,1-3-4,31,0.00427174,leviticus,major_minor,within
3,50,4-1-3,29,0.00399614,leviticus,major_minor,within
4,1,2-2-2-2,202,0.02783903,leviticus,major_minor,within
4,2,3-2-2-2,172,0.02370452,leviticus,major_minor,within
4,3,2-2-2-3,165,0.0227398,leviticus,major_minor,within
4,4,2-2-3-2,163,0.02246417,leviticus,major_minor,within
4,5,2-3-2-2,157,0.02163727,leviticus,major_minor,within
4,6,2-3-3-2,150,0.02067255,leviticus,major_minor,within
4,7,3-3-2-2,144,0.01984564,leviticus,major_minor,within
4,8,2-3-2-3,137,0.01888093,leviticus,major_minor,within
4,9,3-2-3-2,125,0.01722712,leviticus,major_minor,within
4,10,2-2-3-3,122,0.01681367,leviticus,major_minor,within
4,11,3-3-3-2,120,0.01653804,leviticus,major_minor,within
4,12,3-2-3-3,119,0.01640022,leviticus,major_minor,within
4,13,3-2-2-3,118,0.0162624,leviticus,major_minor,within
4,14,3-3-2-3,108,0.01488423,leviticus,major_minor,within
4,15,2-3-3-3,107,0.01474642,leviticus,major_minor,within
4,16,3-3-3-3,103,0.01419515,leviticus,major_minor,within
4,17,2-1-2-2,74,0.01019846,leviticus,major_minor,within
4,18,2-2-3-1,66,0.00909592,leviticus,major_minor,within
4,19,1-2-2-2,65,0.0089581,leviticus,major_minor,within
4,20,2-2-2-1,64,0.00882029,leviticus,major_minor,within
4,21,2-2-1-2,60,0.00826902,leviticus,major_minor,within
4,22,3-3-2-1,58,0.00799338,leviticus,major_minor,within
4,23,2-4-2-2,58,0.00799338,leviticus,major_minor,within
4,24,2-3-1-2,57,0.00785557,leviticus,major_minor,within
4,25,2-2-4-2,57,0.00785557,leviticus,major_minor,within
4,26,3-2-1-2,54,0.00744212,leviticus,major_minor,within
4,27,4-2-2-2,54,0.00744212,leviticus,major_minor,within
4,28,2-2-2-4,54,0.00744212,leviticus,major_minor,within
4,29,1-2-2-3,53,0.0073043,leviticus,major_minor,within
4,30,3-2-4-2,52,0.00716648,leviticus,major_minor,within
4,31,3-2-2-1,50,0.00689085,leviticus,major_minor,within
4,32,1-2-3-2,49,0.00675303,leviticus,major_minor,within
4,33,4-2-3-2,48,0.00661521,leviticus,major_minor,within
4,34,3-2-1-3,48,0.00661521,leviticus,major_minor,within
4,35,2-3-1-3,48,0.00661521,leviticus,major_minor,within
4,36,2-1-2-3,48,0.00661521,leviticus,major_minor,within
4,37,2-1-3-2,47,0.0064774,leviticus,major_minor,within
4,38,3-2-3-1,47,0.0064774,leviticus,major_minor,within
4,39,2-4-2-3,46,0.00633958,leviticus,major_minor,within
4,40,4-2-2-3,45,0.00620176,leviticus,major_minor,within
4,41,2-3-2-1,44,0.00606395,leviticus,major_minor,within
4,42,1-3-2-2,44,0.00606395,leviticus,major_minor,within
4,43,2-3-3-1,44,0.00606395,leviticus,major_minor,within
4,44,3-1-3-2,43,0.00592613,leviticus,major_minor,within
4,45,2-2-1-3,43,0.00592613,leviticus,major_minor,within
4,46,3-1-2-2,43,0.00592613,leviticus,major_minor,within
4,47,3-4-2-2,42,0.00578831,leviticus,major_minor,within
4,48,3-1-3-3,42,0.00578831,leviticus,major_minor,within
4,49,1-2-3-3,42,0.00578831,leviticus,major_minor,within
4,50,2-3-4-2,41,0.0056505,leviticus,major_minor,within
5,1,2-2-2-2-2,98,0.01350793,leviticus,major_minor,within
5,2,2-3-2-2-2,78,0.01075121,leviticus,major_minor,within
5,3,2-2-2-3-2,70,0.00964852,leviticus,major_minor,within
5,4,2-2-3-2-2,70,0.00964852,leviticus,major_minor,within
5,5,2-2-3-3-2,63,0.00868367,leviticus,major_minor,within
5,6,3-3-2-2-2,62,0.00854583,leviticus,major_minor,within
5,7,3-2-2-2-2,61,0.00840799,leviticus,major_minor,within
5,8,3-2-2-2-3,60,0.00827016,leviticus,major_minor,within
5,9,2-3-3-2-2,60,0.00827016,leviticus,major_minor,within
5,10,2-2-2-2-3,60,0.00827016,leviticus,major_minor,within
5,11,2-3-2-3-3,59,0.00813232,leviticus,major_minor,within
5,12,3-2-3-3-2,52,0.00716747,leviticus,major_minor,within
5,13,3-3-3-2-2,52,0.00716747,leviticus,major_minor,within
5,14,2-2-3-2-3,51,0.00702963,leviticus,major_minor,within
5,15,3-2-2-3-2,50,0.0068918,leviticus,major_minor,within
5,16,3-3-2-3-2,50,0.0068918,leviticus,major_minor,within
5,17,2-2-2-3-3,50,0.0068918,leviticus,major_minor,within
5,18,3-2-3-2-3,48,0.00661613,leviticus,major_minor,within
5,19,3-2-3-2-2,46,0.00634045,leviticus,major_minor,within
5,20,2-3-2-2-3,45,0.00620262,leviticus,major_minor,within
5,21,2-3-2-3-2,44,0.00606478,leviticus,major_minor,within
5,22,3-3-2-2-3,44,0.00606478,leviticus,major_minor,within
5,23,2-3-3-2-3,43,0.00592695,leviticus,major_minor,within
5,24,3-3-3-3-2,43,0.00592695,leviticus,major_minor,within
5,25,3-2-3-3-3,42,0.00578911,leviticus,major_minor,within
5,26,2-3-3-3-2,42,0.00578911,leviticus,major_minor,within
5,27,3-2-2-3-3,41,0.00565127,leviticus,major_minor,within
5,28,2-3-3-3-3,39,0.0053756,leviticus,major_minor,within
5,29,3-3-3-3-3,37,0.00509993,leviticus,major_minor,within
5,30,3-3-3-2-3,35,0.00482426,leviticus,major_minor,within
5,31,2-2-3-3-3,33,0.00454859,leviticus,major_minor,within
5,32,2-1-2-2-2,33,0.00454859,leviticus,major_minor,within
5,33,3-3-2-3-3,31,0.00427292,leviticus,major_minor,within
5,34,2-2-1-2-2,30,0.00413508,leviticus,major_minor,within
5,35,2-2-2-3-1,29,0.00399724,leviticus,major_minor,within
5,36,2-2-2-4-2,26,0.00358374,leviticus,major_minor,within
5,37,1-2-2-2-2,26,0.00358374,leviticus,major_minor,within
5,38,3-3-2-4-2,26,0.00358374,leviticus,major_minor,within
5,39,3-3-2-1-3,25,0.0034459,leviticus,major_minor,within
5,40,2-2-3-1-3,24,0.00330806,leviticus,major_minor,within
5,41,2-2-4-2-2,24,0.00330806,leviticus,major_minor,within
5,42,2-3-3-2-1,24,0.00330806,leviticus,major_minor,within
5,43,2-1-2-2-3,24,0.00330806,leviticus,major_minor,within
5,44,2-2-3-1-2,23,0.00317023,leviticus,major_minor,within
5,45,3-2-2-2-4,23,0.00317023,leviticus,major_minor,within
5,46,3-2-2-2-1,22,0.00303239,leviticus,major_minor,within
5,47,4-2-3-2-2,22,0.00303239,leviticus,major_minor,within
5,48,4-2-2-2-3,22,0.00303239,leviticus,major_minor,within
5,49,1-3-3-3-2,22,0.00303239,leviticus,major_minor,within
5,50,2-3-1-2-2,22,0.00303239,leviticus,major_minor,within
6,1,2-2-2-2-2-2,47,0.00647918,leviticus,major_minor,within
6,2,2-2-3-2-2-2,36,0.00496278,leviticus,major_minor,within
6,3,2-2-2-3-2-2,32,0.00441136,leviticus,major_minor,within
6,4,2-3-2-3-3-2,30,0.00413565,leviticus,major_minor,within
6,5,2-3-3-2-2-2,30,0.00413565,leviticus,major_minor,within
6,6,2-2-2-3-3-2,29,0.00399779,leviticus,major_minor,within
6,7,3-2-2-2-2-2,28,0.00385994,leviticus,major_minor,within
6,8,2-3-2-2-2-3,28,0.00385994,leviticus,major_minor,within
6,9,3-3-2-2-2-2,28,0.00385994,leviticus,major_minor,within
6,10,2-2-2-2-2-3,27,0.00372208,leviticus,major_minor,within
6,11,2-2-2-2-3-2,26,0.00358423,leviticus,major_minor,within
6,12,2-3-2-2-2-2,25,0.00344637,leviticus,major_minor,within
6,13,3-2-2-3-2-2,25,0.00344637,leviticus,major_minor,within
6,14,2-2-3-3-2-2,25,0.00344637,leviticus,major_minor,within
6,15,3-2-2-2-3-2,24,0.00330852,leviticus,major_minor,within
6,16,3-2-3-3-2-2,23,0.00317066,leviticus,major_minor,within
6,17,2-3-3-3-2-2,23,0.00317066,leviticus,major_minor,within
6,18,3-2-3-2-3-3,23,0.00317066,leviticus,major_minor,within
6,19,2-2-3-2-3-3,22,0.00303281,leviticus,major_minor,within
6,20,3-2-3-3-3-2,22,0.00303281,leviticus,major_minor,within
6,21,3-2-3-2-2-2,22,0.00303281,leviticus,major_minor,within
6,22,2-3-3-2-3-2,22,0.00303281,leviticus,major_minor,within
6,23,3-3-2-3-2-2,22,0.00303281,leviticus,major_minor,within
6,24,2-3-2-2-3-2,21,0.00289495,leviticus,major_minor,within
6,25,2-2-2-3-2-3,20,0.0027571,leviticus,major_minor,within
6,26,2-2-3-2-2-3,20,0.0027571,leviticus,major_minor,within
6,27,3-3-3-2-2-2,20,0.0027571,leviticus,major_minor,within
6,28,3-3-2-2-3-2,20,0.0027571,leviticus,major_minor,within
6,29,2-2-3-3-2-3,20,0.0027571,leviticus,major_minor,within
6,30,3-2-2-2-3-3,20,0.0027571,leviticus,major_minor,within
6,31,3-3-2-2-2-3,19,0.00261924,leviticus,major_minor,within
6,32,3-3-3-2-2-3,19,0.00261924,leviticus,major_minor,within
6,33,2-3-3-2-2-3,19,0.00261924,leviticus,major_minor,within
6,34,2-3-3-3-3-2,19,0.00261924,leviticus,major_minor,within
6,35,3-3-3-3-3-3,19,0.00261924,leviticus,major_minor,within
6,36,3-3-3-3-2-3,18,0.00248139,leviticus,major_minor,within
6,37,3-2-2-3-3-2,18,0.00248139,leviticus,major_minor,within
6,38,2-3-2-3-3-3,17,0.00234353,leviticus,major_minor,within
6,39,3-3-2-3-3-3,17,0.00234353,leviticus,major_minor,within
6,40,2-3-2-3-2-3,17,0.00234353,leviticus,major_minor,within
6,41,2-3-2-2-3-3,17,0.00234353,leviticus,major_minor,within
6,42,3-2-2-2-2-3,16,0.00220568,leviticus,major_minor,within
6,43,1-2-2-2-2-2,16,0.00220568,leviticus,major_minor,within
6,44,3-3-2-3-2-3,16,0.00220568,leviticus,major_minor,within
6,45,3-3-3-2-3-2,15,0.00206782,leviticus,major_minor,within
6,46,2-2-2-2-3-3,15,0.00206782,leviticus,major_minor,within
6,47,3-2-3-2-3-2,15,0.00206782,leviticus,major_minor,within
6,48,3-3-3-3-2-2,15,0.00206782,leviticus,major_minor,within
6,49,3-3-2-2-3-3,15,0.00206782,leviticus,major_minor,within
6,50,3-2-2-3-2-3,14,0.00192997,leviticus,major_minor,within
2,1,3-3,314,0.10208062,leviticus,major_minor,cross_reset
2,2,3-2,284,0.0923277,leviticus,major_minor,cross_reset
2,3,2-2,270,0.08777633,leviticus,major_minor,cross_reset
2,4,2-3,265,0.08615085,leviticus,major_minor,cross_reset
2,5,2-1,174,0.05656697,leviticus,major_minor,cross_reset
2,6,1-2,169,0.05494148,leviticus,major_minor,cross_reset
2,7,1-3,164,0.05331599,leviticus,major_minor,cross_reset
2,8,2-4,147,0.04778934,leviticus,major_minor,cross_reset
2,9,3-4,146,0.04746424,leviticus,major_minor,cross_reset
2,10,3-1,145,0.04713914,leviticus,major_minor,cross_reset
2,11,4-3,144,0.04681404,leviticus,major_minor,cross_reset
2,12,4-2,132,0.04291287,leviticus,major_minor,cross_reset
2,13,1-1,100,0.03250975,leviticus,major_minor,cross_reset
2,14,4-1,86,0.02795839,leviticus,major_minor,cross_reset
2,15,4-4,77,0.02503251,leviticus,major_minor,cross_reset
2,16,1-4,74,0.02405722,leviticus,major_minor,cross_reset
2,17,5-3,51,0.01657997,leviticus,major_minor,cross_reset
2,18,2-5,47,0.01527958,leviticus,major_minor,cross_reset
2,19,3-5,43,0.01397919,leviticus,major_minor,cross_reset
2,20,5-2,43,0.01397919,leviticus,major_minor,cross_reset
2,21,4-5,26,0.00845254,leviticus,major_minor,cross_reset
2,22,5-1,21,0.00682705,leviticus,major_minor,cross_reset
2,23,5-4,20,0.00650195,leviticus,major_minor,cross_reset
2,24,1-5,19,0.00617685,leviticus,major_minor,cross_reset
2,25,6-2,17,0.00552666,leviticus,major_minor,cross_reset
2,26,3-6,16,0.00520156,leviticus,major_minor,cross_reset
2,27,5-5,11,0.00357607,leviticus,major_minor,cross_reset
2,28,6-3,11,0.00357607,leviticus,major_minor,cross_reset
2,29,2-6,10,0.00325098,leviticus,major_minor,cross_reset
2,30,4-6,9,0.00292588,leviticus,major_minor,cross_reset
2,31,6-4,8,0.00260078,leviticus,major_minor,cross_reset
2,32,1-6,5,0.00162549,leviticus,major_minor,cross_reset
2,33,2-7,4,0.00130039,leviticus,major_minor,cross_reset
2,34,6-5,4,0.00130039,leviticus,major_minor,cross_reset
2,35,7-1,3,0.00097529,leviticus,major_minor,cross_reset
2,36,5-6,3,0.00097529,leviticus,major_minor,cross_reset
2,37,3-7,3,0.00097529,leviticus,major_minor,cross_reset
2,38,7-2,3,0.00097529,leviticus,major_minor,cross_reset
2,39,6-1,3,0.00097529,leviticus,major_minor,cross_reset
2,40,7-4,2,0.0006502,leviticus,major_minor,cross_reset
2,41,1-7,1,0.0003251,leviticus,major_minor,cross_reset
2,42,5-7,1,0.0003251,leviticus,major_minor,cross_reset
2,43,7-3,1,0.0003251,leviticus,major_minor,cross_reset
3,1,3-3-3,115,0.03739837,leviticus,major_minor,cross_reset
3,2,2-2-3,99,0.03219512,leviticus,major_minor,cross_reset
3,3,3-2-2,95,0.03089431,leviticus,major_minor,cross_reset
3,4,3-3-2,85,0.02764228,leviticus,major_minor,cross_reset
3,5,2-3-3,81,0.02634146,leviticus,major_minor,cross_reset
3,6,3-2-3,80,0.02601626,leviticus,major_minor,cross_reset
3,7,2-3-2,79,0.02569106,leviticus,major_minor,cross_reset
3,8,2-2-2,64,0.02081301,leviticus,major_minor,cross_reset
3,9,2-1-3,58,0.01886179,leviticus,major_minor,cross_reset
3,10,2-1-2,57,0.01853659,leviticus,major_minor,cross_reset
3,11,1-3-2,56,0.01821138,leviticus,major_minor,cross_reset
3,12,1-2-2,55,0.01788618,leviticus,major_minor,cross_reset
3,13,2-4-2,54,0.01756098,leviticus,major_minor,cross_reset
3,14,3-4-3,52,0.01691057,leviticus,major_minor,cross_reset
3,15,3-3-1,50,0.01626016,leviticus,major_minor,cross_reset
3,16,3-2-1,50,0.01626016,leviticus,major_minor,cross_reset
3,17,3-1-3,49,0.01593496,leviticus,major_minor,cross_reset
3,18,2-2-1,48,0.01560976,leviticus,major_minor,cross_reset
3,19,1-3-3,48,0.01560976,leviticus,major_minor,cross_reset
3,20,2-3-4,47,0.01528455,leviticus,major_minor,cross_reset
3,21,3-2-4,47,0.01528455,leviticus,major_minor,cross_reset
3,22,4-3-3,46,0.01495935,leviticus,major_minor,cross_reset
3,23,4-3-2,46,0.01495935,leviticus,major_minor,cross_reset
3,24,3-3-4,44,0.01430894,leviticus,major_minor,cross_reset
3,25,2-2-4,40,0.01300813,leviticus,major_minor,cross_reset
3,26,2-3-1,40,0.01300813,leviticus,major_minor,cross_reset
3,27,4-2-2,39,0.01268293,leviticus,major_minor,cross_reset
3,28,1-2-3,39,0.01268293,leviticus,major_minor,cross_reset
3,29,3-1-2,38,0.01235772,leviticus,major_minor,cross_reset
3,30,1-2-1,38,0.01235772,leviticus,major_minor,cross_reset
3,31,1-1-2,37,0.01203252,leviticus,major_minor,cross_reset
3,32,2-1-1,33,0.01073171,leviticus,major_minor,cross_reset
3,33,4-2-3,32,0.0104065,leviticus,major_minor,cross_reset
3,34,3-4-2,32,0.0104065,leviticus,major_minor,cross_reset
3,35,2-4-3,32,0.0104065,leviticus,major_minor,cross_reset
3,36,3-1-1,29,0.00943089,leviticus,major_minor,cross_reset
3,37,3-4-1,28,0.00910569,leviticus,major_minor,cross_reset
3,38,1-1-3,28,0.00910569,leviticus,major_minor,cross_reset
3,39,4-1-2,28,0.00910569,leviticus,major_minor,cross_reset
3,40,4-2-1,27,0.00878049,leviticus,major_minor,cross_reset
3,41,2-4-1,27,0.00878049,leviticus,major_minor,cross_reset
3,42,1-4-3,25,0.00813008,leviticus,major_minor,cross_reset
3,43,1-3-4,25,0.00813008,leviticus,major_minor,cross_reset
3,44,3-1-4,25,0.00813008,leviticus,major_minor,cross_reset
3,45,1-2-4,25,0.00813008,leviticus,major_minor,cross_reset
3,46,3-4-4,24,0.00780488,leviticus,major_minor,cross_reset
3,47,4-3-1,23,0.00747967,leviticus,major_minor,cross_reset
3,48,4-2-4,23,0.00747967,leviticus,major_minor,cross_reset
3,49,1-3-1,23,0.00747967,leviticus,major_minor,cross_reset
3,50,4-1-3,22,0.00715447,leviticus,major_minor,cross_reset
4,1,3-3-3-3,43,0.01398829,leviticus,major_minor,cross_reset
4,2,3-2-2-3,40,0.01301236,leviticus,major_minor,cross_reset
4,3,2-3-3-3,33,0.0107352,leviticus,major_minor,cross_reset
4,4,3-3-2-2,33,0.0107352,leviticus,major_minor,cross_reset
4,5,3-3-2-3,30,0.00975927,leviticus,major_minor,cross_reset
4,6,2-2-3-3,30,0.00975927,leviticus,major_minor,cross_reset
4,7,2-2-3-2,30,0.00975927,leviticus,major_minor,cross_reset
4,8,2-3-2-2,29,0.00943396,leviticus,major_minor,cross_reset
4,9,3-3-3-2,28,0.00910865,leviticus,major_minor,cross_reset
4,10,2-2-2-3,24,0.00780742,leviticus,major_minor,cross_reset
4,11,3-2-3-2,24,0.00780742,leviticus,major_minor,cross_reset
4,12,2-1-2-2,23,0.00748211,leviticus,major_minor,cross_reset
4,13,3-2-3-3,22,0.0071568,leviticus,major_minor,cross_reset
4,14,3-3-3-1,22,0.0071568,leviticus,major_minor,cross_reset
4,15,2-3-3-2,21,0.00683149,leviticus,major_minor,cross_reset
4,16,2-3-4-3,19,0.00618087,leviticus,major_minor,cross_reset
4,17,4-3-3-3,19,0.00618087,leviticus,major_minor,cross_reset
4,18,2-2-4-2,19,0.00618087,leviticus,major_minor,cross_reset
4,19,3-2-1-3,19,0.00618087,leviticus,major_minor,cross_reset
4,20,3-2-1-2,19,0.00618087,leviticus,major_minor,cross_reset
4,21,3-2-2-2,18,0.00585556,leviticus,major_minor,cross_reset
4,22,2-2-1-3,18,0.00585556,leviticus,major_minor,cross_reset
4,23,2-1-3-2,18,0.00585556,leviticus,major_minor,cross_reset
4,24,2-3-2-4,18,0.00585556,leviticus,major_minor,cross_reset
4,25,2-1-1-2,18,0.00585556,leviticus,major_minor,cross_reset
4,26,3-2-2-4,18,0.00585556,leviticus,major_minor,cross_reset
4,27,3-3-1-3,17,0.00553025,leviticus,major_minor,cross_reset
4,28,3-1-3-3,17,0.00553025,leviticus,major_minor,cross_reset
4,29,2-2-2-2,17,0.00553025,leviticus,major_minor,cross_reset
4,30,1-3-2-3,17,0.00553025,leviticus,major_minor,cross_reset
4,31,3-2-3-4,17,0.00553025,leviticus,major_minor,cross_reset
4,32,2-4-2-3,17,0.00553025,leviticus,major_minor,cross_reset
4,33,2-1-3-3,17,0.00553025,leviticus,major_minor,cross_reset
4,34,3-1-3-2,17,0.00553025,leviticus,major_minor,cross_reset
4,35,2-3-2-3,16,0.00520494,leviticus,major_minor,cross_reset
4,36,2-2-3-4,16,0.00520494,leviticus,major_minor,cross_reset
4,37,4-3-3-2,16,0.00520494,leviticus,major_minor,cross_reset
4,38,3-2-4-2,16,0.00520494,leviticus,major_minor,cross_reset
4,39,1-2-2-3,16,0.00520494,leviticus,major_minor,cross_reset
4,40,3-4-3-3,16,0.00520494,leviticus,major_minor,cross_reset
4,41,3-3-4-3,15,0.00487964,leviticus,major_minor,cross_reset
4,42,1-3-2-1,15,0.00487964,leviticus,major_minor,cross_reset
4,43,2-3-3-1,15,0.00487964,leviticus,major_minor,cross_reset
4,44,1-2-2-2,15,0.00487964,leviticus,major_minor,cross_reset
4,45,3-1-2-2,14,0.00455433,leviticus,major_minor,cross_reset
4,46,3-4-3-2,14,0.00455433,leviticus,major_minor,cross_reset
4,47,2-4-2-2,14,0.00455433,leviticus,major_minor,cross_reset
4,48,3-3-1-2,14,0.00455433,leviticus,major_minor,cross_reset
4,49,3-3-3-4,14,0.00455433,leviticus,major_minor,cross_reset
4,50,4-3-2-2,14,0.00455433,leviticus,major_minor,cross_reset
5,1,3-3-3-3-3,16,0.00520664,leviticus,major_minor,cross_reset
5,2,3-3-2-2-3,15,0.00488122,leviticus,major_minor,cross_reset
5,3,2-3-3-3-3,13,0.00423039,leviticus,major_minor,cross_reset
5,4,3-3-3-3-2,13,0.00423039,leviticus,major_minor,cross_reset
5,5,2-2-3-3-3,13,0.00423039,leviticus,major_minor,cross_reset
5,6,2-2-3-2-2,13,0.00423039,leviticus,major_minor,cross_reset
5,7,3-2-2-3-3,13,0.00423039,leviticus,major_minor,cross_reset
5,8,3-3-3-2-2,12,0.00390498,leviticus,major_minor,cross_reset
5,9,3-2-2-3-2,12,0.00390498,leviticus,major_minor,cross_reset
5,10,3-3-3-2-3,11,0.00357956,leviticus,major_minor,cross_reset
5,11,3-2-3-2-2,10,0.00325415,leviticus,major_minor,cross_reset
5,12,2-1-1-2-2,10,0.00325415,leviticus,major_minor,cross_reset
5,13,2-3-2-2-3,9,0.00292873,leviticus,major_minor,cross_reset
5,14,2-2-3-3-2,9,0.00292873,leviticus,major_minor,cross_reset
5,15,2-3-2-2-2,9,0.00292873,leviticus,major_minor,cross_reset
5,16,3-4-3-3-3,9,0.00292873,leviticus,major_minor,cross_reset
5,17,2-3-2-3-3,8,0.00260332,leviticus,major_minor,cross_reset
5,18,3-3-3-1-3,8,0.00260332,leviticus,major_minor,cross_reset
5,19,3-2-2-2-3,8,0.00260332,leviticus,major_minor,cross_reset
5,20,3-1-3-3-4,8,0.00260332,leviticus,major_minor,cross_reset
5,21,3-3-3-1-2,8,0.00260332,leviticus,major_minor,cross_reset
5,22,3-3-2-3-2,8,0.00260332,leviticus,major_minor,cross_reset
5,23,4-3-3-2-2,8,0.00260332,leviticus,major_minor,cross_reset
5,24,2-2-2-3-2,8,0.00260332,leviticus,major_minor,cross_reset
5,25,4-3-2-2-3,8,0.00260332,leviticus,major_minor,cross_reset
5,26,2-2-1-3-3,8,0.00260332,leviticus,major_minor,cross_reset
5,27,3-3-2-3-4,8,0.00260332,leviticus,major_minor,cross_reset
5,28,3-2-1-2-2,8,0.00260332,leviticus,major_minor,cross_reset
5,29,3-3-2-3-1,8,0.00260332,leviticus,major_minor,cross_reset
5,30,2-2-4-2-3,8,0.00260332,leviticus,major_minor,cross_reset
5,31,2-3-2-2-4,8,0.00260332,leviticus,major_minor,cross_reset
5,32,1-3-2-3-2,8,0.00260332,leviticus,major_minor,cross_reset
5,33,3-2-2-4-2,8,0.00260332,leviticus,major_minor,cross_reset
5,34,3-3-1-3-2,8,0.00260332,leviticus,major_minor,cross_reset
5,35,3-2-3-3-3,7,0.0022779,leviticus,major_minor,cross_reset
5,36,2-3-3-3-1,7,0.0022779,leviticus,major_minor,cross_reset
5,37,2-2-3-4-3,7,0.0022779,leviticus,major_minor,cross_reset
5,38,2-2-2-2-3,7,0.0022779,leviticus,major_minor,cross_reset
5,39,2-3-2-4-4,7,0.0022779,leviticus,major_minor,cross_reset
5,40,2-2-3-2-4,7,0.0022779,leviticus,major_minor,cross_reset
5,41,3-2-4-2-3,7,0.0022779,leviticus,major_minor,cross_reset
5,42,2-4-2-3-2,7,0.0022779,leviticus,major_minor,cross_reset
5,43,2-3-3-2-3,7,0.0022779,leviticus,major_minor,cross_reset
5,44,2-1-2-2-3,7,0.0022779,leviticus,major_minor,cross_reset
5,45,1-2-3-3-3,7,0.0022779,leviticus,major_minor,cross_reset
5,46,2-3-3-3-2,7,0.0022779,leviticus,major_minor,cross_reset
5,47,3-3-3-4-3,7,0.0022779,leviticus,major_minor,cross_reset
5,48,3-2-2-1-3,7,0.0022779,leviticus,major_minor,cross_reset
5,49,3-2-4-3-2,7,0.0022779,leviticus,major_minor,cross_reset
5,50,2-3-3-2-2,7,0.0022779,leviticus,major_minor,cross_reset
6,1,2-3-3-3-3-3,7,0.00227865,leviticus,major_minor,cross_reset
6,2,2-2-3-3-3-3,7,0.00227865,leviticus,major_minor,cross_reset
6,3,3-2-2-3-3-2,7,0.00227865,leviticus,major_minor,cross_reset
6,4,3-3-2-2-3-3,6,0.00195312,leviticus,major_minor,cross_reset
6,5,3-2-2-3-3-3,6,0.00195312,leviticus,major_minor,cross_reset
6,6,3-3-3-3-2-3,6,0.00195312,leviticus,major_minor,cross_reset
6,7,3-2-2-3-2-2,6,0.00195312,leviticus,major_minor,cross_reset
6,8,3-3-3-1-3-3,5,0.0016276,leviticus,major_minor,cross_reset
6,9,3-2-3-3-3-3,5,0.0016276,leviticus,major_minor,cross_reset
6,10,3-3-3-3-3-2,5,0.0016276,leviticus,major_minor,cross_reset
6,11,3-2-3-2-4-4,5,0.0016276,leviticus,major_minor,cross_reset
6,12,3-2-2-3-2-4,5,0.0016276,leviticus,major_minor,cross_reset
6,13,3-2-4-2-3-2,5,0.0016276,leviticus,major_minor,cross_reset
6,14,3-3-3-3-3-3,5,0.0016276,leviticus,major_minor,cross_reset
6,15,3-2-2-1-3-3,5,0.0016276,leviticus,major_minor,cross_reset
6,16,2-2-3-2-2-2,5,0.0016276,leviticus,major_minor,cross_reset
6,17,2-3-2-2-2-3,5,0.0016276,leviticus,major_minor,cross_reset
6,18,3-3-3-2-3-4,5,0.0016276,leviticus,major_minor,cross_reset
6,19,1-3-2-3-2-2,5,0.0016276,leviticus,major_minor,cross_reset
6,20,2-3-2-2-4-2,5,0.0016276,leviticus,major_minor,cross_reset
6,21,2-1-1-2-2-2,5,0.0016276,leviticus,major_minor,cross_reset
6,22,2-3-3-3-1-3,4,0.00130208,leviticus,major_minor,cross_reset
6,23,3-3-3-3-2-2,4,0.00130208,leviticus,major_minor,cross_reset
6,24,3-3-3-2-2-2,4,0.00130208,leviticus,major_minor,cross_reset
6,25,3-3-3-1-2-2,4,0.00130208,leviticus,major_minor,cross_reset
6,26,3-3-2-3-2-3,4,0.00130208,leviticus,major_minor,cross_reset
6,27,2-3-2-3-2-4,4,0.00130208,leviticus,major_minor,cross_reset
6,28,3-3-3-2-2-3,4,0.00130208,leviticus,major_minor,cross_reset
6,29,3-3-2-2-3-2,4,0.00130208,leviticus,major_minor,cross_reset
6,30,2-2-3-2-4-2,4,0.00130208,leviticus,major_minor,cross_reset
6,31,2-3-2-4-2-3,4,0.00130208,leviticus,major_minor,cross_reset
6,32,4-3-3-2-2-3,4,0.00130208,leviticus,major_minor,cross_reset
6,33,2-2-3-2-2-3,4,0.00130208,leviticus,major_minor,cross_reset
6,34,3-3-3-3-4-3,4,0.00130208,leviticus,major_minor,cross_reset
6,35,3-4-3-3-2-2,4,0.00130208,leviticus,major_minor,cross_reset
6,36,3-3-2-2-1-3,4,0.00130208,leviticus,major_minor,cross_reset
6,37,3-2-3-2-2-3,4,0.00130208,leviticus,major_minor,cross_reset
6,38,1-2-1-1-2-2,4,0.00130208,leviticus,major_minor,cross_reset
6,39,3-3-2-3-4-3,4,0.00130208,leviticus,major_minor,cross_reset
6,40,3-2-2-3-4-3,4,0.00130208,leviticus,major_minor,cross_reset
6,41,2-2-3-4-3-3,4,0.00130208,leviticus,major_minor,cross_reset
6,42,3-1-3-2-1-3,4,0.00130208,leviticus,major_minor,cross_reset
6,43,1-3-2-1-3-2,4,0.00130208,leviticus,major_minor,cross_reset
6,44,3-2-1-2-2-3,4,0.00130208,leviticus,major_minor,cross_reset
6,45,2-3-2-2-3-2,4,0.00130208,leviticus,major_minor,cross_reset
6,46,3-3-2-3-2-2,4,0.00130208,leviticus,major_minor,cross_reset
6,47,3-2-3-2-2-4,4,0.00130208,leviticus,major_minor,cross_reset
6,48,4-3-3-2-3-2,4,0.00130208,leviticus,major_minor,cross_reset
6,49,3-3-3-2-3-1,4,0.00130208,leviticus,major_minor,cross_reset
6,50,3-2-4-3-2-2,4,0.00130208,leviticus,major_minor,cross_reset
2,1,2-2,1475,0.14271892,leviticus,major_minor,all
2,2,3-2,1244,0.12036768,leviticus,major_minor,all
2,3,2-3,1220,0.11804548,leviticus,major_minor,all
2,4,3-3,1182,0.11436865,leviticus,major_minor,all
2,5,2-1,576,0.05573295,leviticus,major_minor,all
2,6,1-2,551,0.05331398,leviticus,major_minor,all
2,7,4-2,471,0.04557329,leviticus,major_minor,all
2,8,3-1,464,0.04489598,leviticus,major_minor,all
2,9,2-4,444,0.04296081,leviticus,major_minor,all
2,10,1-3,430,0.04160619,leviticus,major_minor,all
2,11,3-4,366,0.03541364,leviticus,major_minor,all
2,12,4-3,365,0.03531688,leviticus,major_minor,all
2,13,1-1,197,0.01906144,leviticus,major_minor,all
2,14,1-4,195,0.01886792,leviticus,major_minor,all
2,15,4-1,194,0.01877117,leviticus,major_minor,all
2,16,4-4,142,0.01373972,leviticus,major_minor,all
2,17,2-5,135,0.01306241,leviticus,major_minor,all
2,18,5-2,110,0.01064344,leviticus,major_minor,all
2,19,5-3,104,0.01006289,leviticus,major_minor,all
2,20,1-5,77,0.00745041,leviticus,major_minor,all
2,21,3-5,64,0.00619255,leviticus,major_minor,all
2,22,5-4,48,0.00464441,leviticus,major_minor,all
2,23,5-1,46,0.0044509,leviticus,major_minor,all
2,24,1-6,32,0.00309627,leviticus,major_minor,all
2,25,4-5,32,0.00309627,leviticus,major_minor,all
2,26,6-3,31,0.00299952,leviticus,major_minor,all
2,27,6-2,26,0.00251572,leviticus,major_minor,all
2,28,2-6,25,0.00241896,leviticus,major_minor,all
2,29,3-6,15,0.00145138,leviticus,major_minor,all
2,30,6-4,14,0.00135462,leviticus,major_minor,all
2,31,5-5,13,0.00125786,leviticus,major_minor,all
2,32,2-7,8,0.00077407,leviticus,major_minor,all
2,33,6-1,7,0.00067731,leviticus,major_minor,all
2,34,7-2,7,0.00067731,leviticus,major_minor,all
2,35,4-6,6,0.00058055,leviticus,major_minor,all
2,36,7-3,5,0.00048379,leviticus,major_minor,all
2,37,1-7,4,0.00038703,leviticus,major_minor,all
2,38,3-7,3,0.00029028,leviticus,major_minor,all
2,39,6-5,2,0.00019352,leviticus,major_minor,all
2,40,5-6,2,0.00019352,leviticus,major_minor,all
2,41,7-1,2,0.00019352,leviticus,major_minor,all
2,42,7-4,1,9.676e-05,leviticus,major_minor,all
3,1,2-2-2,544,0.05264177,leviticus,major_minor,all
3,2,2-2-3,476,0.04606154,leviticus,major_minor,all
3,3,3-2-2,466,0.04509386,leviticus,major_minor,all
3,4,3-3-3,451,0.04364235,leviticus,major_minor,all
3,5,2-3-2,450,0.04354558,leviticus,major_minor,all
3,6,3-3-2,447,0.04325527,leviticus,major_minor,all
3,7,2-3-3,426,0.04122315,leviticus,major_minor,all
3,8,3-2-3,404,0.03909425,leviticus,major_minor,all
3,9,2-2-1,227,0.02196632,leviticus,major_minor,all
3,10,1-2-2,214,0.02070834,leviticus,major_minor,all
3,11,2-1-2,209,0.0202245,leviticus,major_minor,all
3,12,4-2-2,197,0.01906329,leviticus,major_minor,all
3,13,3-2-1,184,0.0178053,leviticus,major_minor,all
3,14,2-4-2,176,0.01703116,leviticus,major_minor,all
3,15,1-3-2,170,0.01645055,leviticus,major_minor,all
3,16,2-3-1,167,0.01616025,leviticus,major_minor,all
3,17,3-1-2,165,0.01596671,leviticus,major_minor,all
3,18,2-2-4,162,0.01567641,leviticus,major_minor,all
3,19,2-1-3,157,0.01519257,leviticus,major_minor,all
3,20,1-2-3,155,0.01499903,leviticus,major_minor,all
3,21,3-3-1,155,0.01499903,leviticus,major_minor,all
3,22,2-3-4,151,0.01461196,leviticus,major_minor,all
3,23,3-1-3,149,0.01441842,leviticus,major_minor,all
3,24,3-2-4,142,0.01374105,leviticus,major_minor,all
3,25,1-3-3,139,0.01345075,leviticus,major_minor,all
3,26,4-2-3,136,0.01316044,leviticus,major_minor,all
3,27,3-4-2,135,0.01306367,leviticus,major_minor,all
3,28,2-4-3,133,0.01287014,leviticus,major_minor,all
3,29,4-3-2,129,0.01248307,leviticus,major_minor,all
3,30,4-3-3,119,0.01151539,leviticus,major_minor,all
3,31,3-4-3,108,0.01045094,leviticus,major_minor,all
3,32,3-3-4,104,0.01006387,leviticus,major_minor,all
3,33,1-2-1,96,0.00928972,leviticus,major_minor,all
3,34,2-1-4,85,0.00822528,leviticus,major_minor,all
3,35,2-1-1,84,0.00812851,leviticus,major_minor,all
3,36,1-4-2,83,0.00803174,leviticus,major_minor,all
3,37,4-1-2,78,0.0075479,leviticus,major_minor,all
3,38,1-1-2,76,0.00735436,leviticus,major_minor,all
3,39,1-3-1,72,0.00696729,leviticus,major_minor,all
3,40,2-4-1,71,0.00687052,leviticus,major_minor,all
3,41,1-2-4,69,0.00667699,leviticus,major_minor,all
3,42,3-4-1,68,0.00658022,leviticus,major_minor,all
3,43,1-4-3,65,0.00628992,leviticus,major_minor,all
3,44,1-1-3,60,0.00580608,leviticus,major_minor,all
3,45,3-1-1,59,0.00570931,leviticus,major_minor,all
3,46,3-1-4,57,0.00551577,leviticus,major_minor,all
3,47,4-2-1,57,0.00551577,leviticus,major_minor,all
3,48,4-3-1,53,0.0051287,leviticus,major_minor,all
3,49,4-2-4,53,0.0051287,leviticus,major_minor,all
3,50,2-5-2,52,0.00503193,leviticus,major_minor,all
4,1,2-2-2-2,220,0.02129101,leviticus,major_minor,all
4,2,2-2-3-2,193,0.01867802,leviticus,major_minor,all
4,3,2-3-3-3,188,0.01819414,leviticus,major_minor,all
4,4,3-3-3-2,184,0.01780703,leviticus,major_minor,all
4,5,2-3-2-2,183,0.01771025,leviticus,major_minor,all
4,6,3-3-2-2,167,0.01616181,leviticus,major_minor,all
4,7,3-2-2-3,167,0.01616181,leviticus,major_minor,all
4,8,3-3-3-3,162,0.01567793,leviticus,major_minor,all
4,9,2-2-2-3,159,0.01538759,leviticus,major_minor,all
4,10,3-2-3-3,154,0.01490371,leviticus,major_minor,all
4,11,3-2-2-2,152,0.01471015,leviticus,major_minor,all
4,12,2-2-3-3,149,0.01441982,leviticus,major_minor,all
4,13,3-3-2-3,144,0.01393593,leviticus,major_minor,all
4,14,2-3-3-2,139,0.01345205,leviticus,major_minor,all
4,15,3-2-3-2,137,0.01325849,leviticus,major_minor,all
4,16,2-3-2-3,131,0.01267783,leviticus,major_minor,all
4,17,2-2-2-1,85,0.00822607,leviticus,major_minor,all
4,18,2-1-2-2,84,0.00812929,leviticus,major_minor,all
4,19,1-2-2-2,84,0.00812929,leviticus,major_minor,all
4,20,2-2-1-2,83,0.00803252,leviticus,major_minor,all
4,21,3-2-2-1,73,0.00706474,leviticus,major_minor,all
4,22,4-2-2-2,72,0.00696797,leviticus,major_minor,all
4,23,1-3-2-3,71,0.00687119,leviticus,major_minor,all
4,24,3-1-2-2,70,0.00677441,leviticus,major_minor,all
4,25,2-2-1-3,69,0.00667763,leviticus,major_minor,all
4,26,3-2-1-2,67,0.00648408,leviticus,major_minor,all
4,27,2-2-3-1,66,0.0063873,leviticus,major_minor,all
4,28,3-1-3-2,65,0.00629053,leviticus,major_minor,all
4,29,1-2-2-3,65,0.00629053,leviticus,major_minor,all
4,30,2-2-4-2,65,0.00629053,leviticus,major_minor,all
4,31,2-4-2-2,65,0.00629053,leviticus,major_minor,all
4,32,4-2-2-3,64,0.00619375,leviticus,major_minor,all
4,33,3-3-2-1,63,0.00609697,leviticus,major_minor,all
4,34,3-4-2-2,63,0.00609697,leviticus,major_minor,all
4,35,2-3-1-2,63,0.00609697,leviticus,major_minor,all
4,36,2-1-2-3,63,0.00609697,leviticus,major_minor,all
4,37,2-3-2-1,62,0.00600019,leviticus,major_minor,all
4,38,3-2-4-2,60,0.00580664,leviticus,major_minor,all
4,39,3-3-3-1,59,0.00570986,leviticus,major_minor,all
4,40,1-3-2-2,59,0.00570986,leviticus,major_minor,all
4,41,3-2-3-4,59,0.00570986,leviticus,major_minor,all
4,42,2-1-3-2,59,0.00570986,leviticus,major_minor,all
4,43,2-4-2-3,59,0.00570986,leviticus,major_minor,all
4,44,2-3-1-3,58,0.00561308,leviticus,major_minor,all
4,45,2-2-3-4,58,0.00561308,leviticus,major_minor,all
4,46,2-2-2-4,56,0.00541953,leviticus,major_minor,all
4,47,3-3-2-4,56,0.00541953,leviticus,major_minor,all
4,48,1-3-3-2,55,0.00532275,leviticus,major_minor,all
4,49,2-1-3-3,53,0.0051292,leviticus,major_minor,all
4,50,2-3-4-2,52,0.00503242,leviticus,major_minor,all
5,1,2-2-2-2-2,97,0.00938831,leviticus,major_minor,all
5,2,2-2-3-2-2,84,0.00813008,leviticus,major_minor,all
5,3,3-2-2-3-2,76,0.00735579,leviticus,major_minor,all
5,4,3-3-3-2-2,75,0.007259,leviticus,major_minor,all
5,5,2-3-3-3-2,74,0.00716221,leviticus,major_minor,all
5,6,2-2-2-2-3,72,0.00696864,leviticus,major_minor,all
5,7,2-2-3-3-3,71,0.00687185,leviticus,major_minor,all
5,8,2-3-2-2-3,67,0.00648471,leviticus,major_minor,all
5,9,3-3-3-3-3,67,0.00648471,leviticus,major_minor,all
5,10,3-3-3-3-2,66,0.00638792,leviticus,major_minor,all
5,11,2-3-3-3-3,64,0.00619435,leviticus,major_minor,all
5,12,3-2-3-3-3,63,0.00609756,leviticus,major_minor,all
5,13,2-3-2-2-2,61,0.00590399,leviticus,major_minor,all
5,14,3-3-2-2-3,61,0.00590399,leviticus,major_minor,all
5,15,2-2-2-3-2,59,0.00571041,leviticus,major_minor,all
5,16,3-2-2-2-2,59,0.00571041,leviticus,major_minor,all
5,17,2-3-3-2-3,59,0.00571041,leviticus,major_minor,all
5,18,3-3-2-2-2,58,0.00561363,leviticus,major_minor,all
5,19,2-3-2-3-3,57,0.00551684,leviticus,major_minor,all
5,20,3-2-3-3-2,54,0.00522648,leviticus,major_minor,all
5,21,2-2-3-2-3,53,0.00512969,leviticus,major_minor,all
5,22,2-2-3-3-2,53,0.00512969,leviticus,major_minor,all
5,23,3-3-2-3-2,52,0.00503291,leviticus,major_minor,all
5,24,3-2-3-2-2,51,0.00493612,leviticus,major_minor,all
5,25,3-2-2-3-3,50,0.00483933,leviticus,major_minor,all
5,26,3-3-3-2-3,50,0.00483933,leviticus,major_minor,all
5,27,3-3-2-3-3,49,0.00474255,leviticus,major_minor,all
5,28,2-2-2-3-3,48,0.00464576,leviticus,major_minor,all
5,29,2-3-3-2-2,45,0.0043554,leviticus,major_minor,all
5,30,3-2-3-2-3,44,0.00425861,leviticus,major_minor,all
5,31,3-2-2-2-3,42,0.00406504,leviticus,major_minor,all
5,32,2-1-2-2-2,40,0.00387147,leviticus,major_minor,all
5,33,2-3-2-3-2,40,0.00387147,leviticus,major_minor,all
5,34,2-2-2-3-1,32,0.00309717,leviticus,major_minor,all
5,35,4-2-2-2-2,31,0.00300039,leviticus,major_minor,all
5,36,3-2-1-2-2,30,0.0029036,leviticus,major_minor,all
5,37,3-1-3-2-3,30,0.0029036,leviticus,major_minor,all
5,38,2-2-1-2-2,30,0.0029036,leviticus,major_minor,all
5,39,2-3-3-3-1,30,0.0029036,leviticus,major_minor,all
5,40,2-2-2-1-3,29,0.00280681,leviticus,major_minor,all
5,41,1-2-2-2-2,29,0.00280681,leviticus,major_minor,all
5,42,1-3-2-3-2,28,0.00271003,leviticus,major_minor,all
5,43,2-2-3-2-1,28,0.00271003,leviticus,major_minor,all
5,44,3-3-3-2-4,27,0.00261324,leviticus,major_minor,all
5,45,2-2-2-1-2,27,0.00261324,leviticus,major_minor,all
5,46,1-2-3-3-3,27,0.00261324,leviticus,major_minor,all
5,47,2-3-2-2-1,27,0.00261324,leviticus,major_minor,all
5,48,2-2-1-3-3,27,0.00261324,leviticus,major_minor,all
5,49,4-2-2-3-2,27,0.00261324,leviticus,major_minor,all
5,50,3-3-1-2-2,27,0.00261324,leviticus,major_minor,all
6,1,2-2-2-2-2-2,41,0.00396864,leviticus,major_minor,all
6,2,3-3-3-3-2-2,34,0.00329107,leviticus,major_minor,all
6,3,2-2-3-2-2-2,34,0.00329107,leviticus,major_minor,all
6,4,3-3-2-2-3-2,33,0.00319427,leviticus,major_minor,all
6,5,3-2-2-3-2-2,31,0.00300068,leviticus,major_minor,all
6,6,2-2-2-2-2-3,30,0.00290388,leviticus,major_minor,all
6,7,2-2-3-3-3-2,29,0.00280709,leviticus,major_minor,all
6,8,3-3-3-3-3-2,29,0.00280709,leviticus,major_minor,all
6,9,3-2-3-3-2-3,29,0.00280709,leviticus,major_minor,all
6,10,2-3-2-2-3-2,28,0.00271029,leviticus,major_minor,all
6,11,2-3-3-3-3-2,28,0.00271029,leviticus,major_minor,all
6,12,3-3-3-2-2-2,28,0.00271029,leviticus,major_minor,all
6,13,2-2-2-2-3-2,27,0.00261349,leviticus,major_minor,all
6,14,3-2-3-3-3-3,27,0.00261349,leviticus,major_minor,all
6,15,2-3-3-3-3-3,27,0.00261349,leviticus,major_minor,all
6,16,2-2-3-2-2-3,27,0.00261349,leviticus,major_minor,all
6,17,2-2-2-3-2-2,26,0.0025167,leviticus,major_minor,all
6,18,2-3-3-3-2-3,25,0.0024199,leviticus,major_minor,all
6,19,3-2-2-2-2-2,25,0.0024199,leviticus,major_minor,all
6,20,2-3-3-3-2-2,25,0.0024199,leviticus,major_minor,all
6,21,3-3-3-2-2-3,25,0.0024199,leviticus,major_minor,all
6,22,2-2-3-2-3-3,24,0.00232311,leviticus,major_minor,all
6,23,3-2-2-3-3-3,24,0.00232311,leviticus,major_minor,all
6,24,3-3-2-3-3-3,24,0.00232311,leviticus,major_minor,all
6,25,3-3-3-3-3-3,24,0.00232311,leviticus,major_minor,all
6,26,2-3-2-2-2-2,23,0.00222631,leviticus,major_minor,all
6,27,2-2-2-3-3-3,23,0.00222631,leviticus,major_minor,all
6,28,3-3-2-2-2-2,22,0.00212951,leviticus,major_minor,all
6,29,2-2-3-3-3-3,22,0.00212951,leviticus,major_minor,all
6,30,2-2-2-2-3-3,22,0.00212951,leviticus,major_minor,all
6,31,3-2-2-3-2-3,22,0.00212951,leviticus,major_minor,all
6,32,2-2-3-3-2-2,21,0.00203272,leviticus,major_minor,all
6,33,2-3-2-3-3-3,21,0.00203272,leviticus,major_minor,all
6,34,3-2-3-2-2-3,21,0.00203272,leviticus,major_minor,all
6,35,2-3-2-3-3-2,20,0.00193592,leviticus,major_minor,all
6,36,2-3-3-2-3-3,20,0.00193592,leviticus,major_minor,all
6,37,3-2-3-2-3-3,20,0.00193592,leviticus,major_minor,all
6,38,2-2-2-3-2-3,19,0.00183912,leviticus,major_minor,all
6,39,2-3-3-2-2-2,19,0.00183912,leviticus,major_minor,all
6,40,3-2-2-2-2-3,19,0.00183912,leviticus,major_minor,all
6,41,2-3-2-2-3-3,19,0.00183912,leviticus,major_minor,all
6,42,3-3-3-2-3-3,19,0.00183912,leviticus,major_minor,all
6,43,3-3-2-3-2-2,19,0.00183912,leviticus,major_minor,all
6,44,2-3-3-2-3-2,19,0.00183912,leviticus,major_minor,all
6,45,3-2-3-3-3-2,18,0.00174233,leviticus,major_minor,all
6,46,3-2-2-3-3-2,18,0.00174233,leviticus,major_minor,all
6,47,3-3-2-3-2-3,17,0.00164553,leviticus,major_minor,all
6,48,2-3-2-2-2-3,17,0.00164553,leviticus,major_minor,all
6,49,2-2-3-3-2-3,17,0.00164553,leviticus,major_minor,all
6,50,3-2-1-2-2-2,16,0.00154874,leviticus,major_minor,all
