ngram_n,rank,pattern,count,share,book,model,relation
2,1,2-2,2890,0.15943068,genesis,continuous,continuous
2,2,3-2,2404,0.13261985,genesis,continuous,continuous
2,3,2-3,2369,0.13068903,genesis,continuous,continuous
2,4,3-3,1746,0.09632041,genesis,continuous,continuous
2,5,2-1,910,0.05020136,genesis,continuous,continuous
2,6,4-2,876,0.0483257,genesis,continuous,continuous
2,7,2-4,872,0.04810504,genesis,continuous,continuous
2,8,1-2,860,0.04744304,genesis,continuous,continuous
2,9,3-1,818,0.04512606,genesis,continuous,continuous
2,10,1-3,770,0.04247807,genesis,continuous,continuous
2,11,4-3,627,0.03458929,genesis,continuous,continuous
2,12,3-4,574,0.03166547,genesis,continuous,continuous
2,13,1-4,359,0.01980471,genesis,continuous,continuous
2,14,4-1,325,0.01792906,genesis,continuous,continuous
2,15,1-1,286,0.01577757,genesis,continuous,continuous
2,16,4-4,204,0.01125393,genesis,continuous,continuous
2,17,5-2,198,0.01092293,genesis,continuous,continuous
2,18,2-5,197,0.01086777,genesis,continuous,continuous
2,19,5-3,142,0.00783362,genesis,continuous,continuous
2,20,3-5,124,0.00684062,genesis,continuous,continuous
2,21,1-5,115,0.00634413,genesis,continuous,continuous
2,22,5-1,81,0.00446847,genesis,continuous,continuous
2,23,5-4,64,0.00353064,genesis,continuous,continuous
2,24,6-2,48,0.00264798,genesis,continuous,continuous
2,25,4-5,47,0.00259282,genesis,continuous,continuous
2,26,1-6,39,0.00215149,genesis,continuous,continuous
2,27,2-6,36,0.00198599,genesis,continuous,continuous
2,28,6-3,24,0.00132399,genesis,continuous,continuous
2,29,3-6,16,0.00088266,genesis,continuous,continuous
2,30,6-1,16,0.00088266,genesis,continuous,continuous
2,31,6-4,11,0.00060683,genesis,continuous,continuous
2,32,1-7,10,0.00055166,genesis,continuous,continuous
2,33,7-3,9,0.0004965,genesis,continuous,continuous
2,34,5-5,9,0.0004965,genesis,continuous,continuous
2,35,4-6,8,0.00044133,genesis,continuous,continuous
2,36,2-7,8,0.00044133,genesis,continuous,continuous
2,37,7-1,5,0.00027583,genesis,continuous,continuous
2,38,3-7,4,0.00022067,genesis,continuous,continuous
2,39,7-4,4,0.00022067,genesis,continuous,continuous
2,40,7-2,4,0.00022067,genesis,continuous,continuous
2,41,5-6,3,0.0001655,genesis,continuous,continuous
2,42,6-5,3,0.0001655,genesis,continuous,continuous
2,43,8-2,2,0.00011033,genesis,continuous,continuous
2,44,4-7,2,0.00011033,genesis,continuous,continuous
2,45,7-5,2,0.00011033,genesis,continuous,continuous
2,46,1-8,2,0.00011033,genesis,continuous,continuous
2,47,8-4,2,0.00011033,genesis,continuous,continuous
2,48,2-8,1,5.517e-05,genesis,continuous,continuous
2,49,4-8,1,5.517e-05,genesis,continuous,continuous
3,1,2-2-2,1155,0.06372062,genesis,continuous,continuous
3,2,2-3-2,1003,0.05533488,genesis,continuous,continuous
3,3,2-2-3,930,0.05130751,genesis,continuous,continuous
3,4,3-2-2,925,0.05103167,genesis,continuous,continuous
3,5,3-2-3,833,0.04595609,genesis,continuous,continuous
3,6,2-3-3,735,0.04054949,genesis,continuous,continuous
3,7,3-3-2,727,0.04010813,genesis,continuous,continuous
3,8,3-3-3,577,0.03183273,genesis,continuous,continuous
3,9,2-2-4,365,0.02013682,genesis,continuous,continuous
3,10,2-4-2,365,0.02013682,genesis,continuous,continuous
3,11,1-2-2,356,0.0196403,genesis,continuous,continuous
3,12,2-2-1,350,0.01930928,genesis,continuous,continuous
3,13,2-3-1,347,0.01914377,genesis,continuous,continuous
3,14,4-2-2,345,0.01903343,genesis,continuous,continuous
3,15,1-3-2,333,0.0183714,genesis,continuous,continuous
3,16,2-1-2,320,0.0176542,genesis,continuous,continuous
3,17,3-2-1,316,0.01743352,genesis,continuous,continuous
3,18,2-1-3,290,0.01599912,genesis,continuous,continuous
3,19,3-1-2,279,0.01539225,genesis,continuous,continuous
3,20,4-2-3,278,0.01533708,genesis,continuous,continuous
3,21,4-3-2,272,0.01500607,genesis,continuous,continuous
3,22,2-4-3,262,0.01445437,genesis,continuous,continuous
3,23,3-1-3,259,0.01428887,genesis,continuous,continuous
3,24,3-2-4,257,0.01417853,genesis,continuous,continuous
3,25,1-2-3,252,0.01390268,genesis,continuous,continuous
3,26,3-3-1,247,0.01362683,genesis,continuous,continuous
3,27,3-4-2,243,0.01340616,genesis,continuous,continuous
3,28,2-3-4,225,0.01241311,genesis,continuous,continuous
3,29,1-3-3,210,0.01158557,genesis,continuous,continuous
3,30,4-3-3,179,0.00987532,genesis,continuous,continuous
3,31,3-4-3,172,0.00948913,genesis,continuous,continuous
3,32,3-3-4,165,0.00910295,genesis,continuous,continuous
3,33,1-4-2,156,0.00860642,genesis,continuous,continuous
3,34,2-4-1,145,0.00799956,genesis,continuous,continuous
3,35,2-1-4,132,0.00728236,genesis,continuous,continuous
3,36,3-1-4,128,0.00706168,genesis,continuous,continuous
3,37,1-2-1,120,0.00662032,genesis,continuous,continuous
3,38,4-1-2,119,0.00656516,genesis,continuous,continuous
3,39,4-2-4,119,0.00656516,genesis,continuous,continuous
3,40,2-1-1,112,0.00617897,genesis,continuous,continuous
3,41,1-1-2,111,0.0061238,genesis,continuous,continuous
3,42,1-3-1,109,0.00601346,genesis,continuous,continuous
3,43,4-2-1,106,0.00584795,genesis,continuous,continuous
3,44,1-4-3,103,0.00568245,genesis,continuous,continuous
3,45,1-2-4,98,0.0054066,genesis,continuous,continuous
3,46,4-1-3,97,0.00535143,genesis,continuous,continuous
3,47,3-1-1,90,0.00496524,genesis,continuous,continuous
3,48,5-2-2,89,0.00491007,genesis,continuous,continuous
3,49,1-1-3,88,0.0048549,genesis,continuous,continuous
3,50,1-3-4,87,0.00479974,genesis,continuous,continuous
4,1,2-2-2-2,482,0.0265931,genesis,continuous,continuous
4,2,2-2-3-2,397,0.02190345,genesis,continuous,continuous
4,3,2-3-2-2,386,0.02129655,genesis,continuous,continuous
4,4,2-2-2-3,346,0.01908966,genesis,continuous,continuous
4,5,2-3-2-3,346,0.01908966,genesis,continuous,continuous
4,6,3-2-2-2,344,0.01897931,genesis,continuous,continuous
4,7,3-2-3-2,338,0.01864828,genesis,continuous,continuous
4,8,3-2-2-3,320,0.01765517,genesis,continuous,continuous
4,9,2-3-3-2,304,0.01677241,genesis,continuous,continuous
4,10,2-2-3-3,290,0.016,genesis,continuous,continuous
4,11,3-3-2-2,280,0.01544828,genesis,continuous,continuous
4,12,3-2-3-3,274,0.01511724,genesis,continuous,continuous
4,13,3-3-2-3,257,0.01417931,genesis,continuous,continuous
4,14,3-3-3-2,244,0.01346207,genesis,continuous,continuous
4,15,2-3-3-3,230,0.01268966,genesis,continuous,continuous
4,16,3-3-3-3,202,0.01114483,genesis,continuous,continuous
4,17,2-2-4-2,153,0.00844138,genesis,continuous,continuous
4,18,2-2-2-4,148,0.00816552,genesis,continuous,continuous
4,19,1-2-2-2,148,0.00816552,genesis,continuous,continuous
4,20,2-2-2-1,146,0.00805517,genesis,continuous,continuous
4,21,2-4-2-2,145,0.008,genesis,continuous,continuous
4,22,4-2-2-2,135,0.00744828,genesis,continuous,continuous
4,23,1-3-2-2,134,0.0073931,genesis,continuous,continuous
4,24,2-2-3-1,130,0.00717241,genesis,continuous,continuous
4,25,2-1-2-2,127,0.0070069,genesis,continuous,continuous
4,26,4-2-3-2,126,0.00695172,genesis,continuous,continuous
4,27,3-2-3-1,126,0.00695172,genesis,continuous,continuous
4,28,2-3-1-2,125,0.00689655,genesis,continuous,continuous
4,29,2-4-2-3,125,0.00689655,genesis,continuous,continuous
4,30,2-1-3-2,124,0.00684138,genesis,continuous,continuous
4,31,2-3-3-1,123,0.00678621,genesis,continuous,continuous
4,32,2-3-2-1,123,0.00678621,genesis,continuous,continuous
4,33,3-2-1-2,122,0.00673103,genesis,continuous,continuous
4,34,2-2-1-3,120,0.00662069,genesis,continuous,continuous
4,35,1-2-2-3,120,0.00662069,genesis,continuous,continuous
4,36,3-2-2-1,117,0.00645517,genesis,continuous,continuous
4,37,2-3-2-4,116,0.0064,genesis,continuous,continuous
4,38,3-2-4-2,115,0.00634483,genesis,continuous,continuous
4,39,3-1-3-2,114,0.00628966,genesis,continuous,continuous
4,40,3-1-2-2,114,0.00628966,genesis,continuous,continuous
4,41,2-2-1-2,112,0.00617931,genesis,continuous,continuous
4,42,4-2-2-3,111,0.00612414,genesis,continuous,continuous
4,43,2-4-3-2,111,0.00612414,genesis,continuous,continuous
4,44,2-3-1-3,110,0.00606897,genesis,continuous,continuous
4,45,3-2-2-4,110,0.00606897,genesis,continuous,continuous
4,46,1-2-3-2,108,0.00595862,genesis,continuous,continuous
4,47,4-3-2-2,106,0.00584828,genesis,continuous,continuous
4,48,1-3-2-3,105,0.0057931,genesis,continuous,continuous
4,49,2-2-4-3,104,0.00573793,genesis,continuous,continuous
4,50,2-1-2-3,104,0.00573793,genesis,continuous,continuous
5,1,2-2-2-2-2,220,0.0121386,genesis,continuous,continuous
5,2,2-2-3-2-2,156,0.00860737,genesis,continuous,continuous
5,3,2-2-2-3-2,154,0.00849702,genesis,continuous,continuous
5,4,2-3-2-2-2,152,0.00838667,genesis,continuous,continuous
5,5,2-3-2-3-2,148,0.00816597,genesis,continuous,continuous
5,6,2-2-3-2-3,139,0.00766939,genesis,continuous,continuous
5,7,2-2-2-2-3,134,0.00739351,genesis,continuous,continuous
5,8,3-2-2-3-2,134,0.00739351,genesis,continuous,continuous
5,9,3-2-3-2-2,133,0.00733834,genesis,continuous,continuous
5,10,2-3-2-2-3,130,0.00717281,genesis,continuous,continuous
5,11,2-3-3-2-2,124,0.00684176,genesis,continuous,continuous
5,12,3-2-2-2-2,122,0.00673141,genesis,continuous,continuous
5,13,2-2-3-3-2,119,0.00656588,genesis,continuous,continuous
5,14,3-2-3-3-2,118,0.0065107,genesis,continuous,continuous
5,15,2-3-3-2-3,111,0.00612448,genesis,continuous,continuous
5,16,3-2-2-3-3,109,0.00601412,genesis,continuous,continuous
5,17,3-2-2-2-3,108,0.00595895,genesis,continuous,continuous
5,18,3-2-3-2-3,108,0.00595895,genesis,continuous,continuous
5,19,2-3-3-3-2,104,0.00573825,genesis,continuous,continuous
5,20,3-3-2-2-2,104,0.00573825,genesis,continuous,continuous
5,21,2-3-2-3-3,103,0.00568307,genesis,continuous,continuous
5,22,3-3-2-3-2,99,0.00546237,genesis,continuous,continuous
5,23,3-3-2-2-3,90,0.00496579,genesis,continuous,continuous
5,24,3-2-3-3-3,89,0.00491062,genesis,continuous,continuous
5,25,3-3-2-3-3,88,0.00485544,genesis,continuous,continuous
5,26,2-2-2-3-3,87,0.00480026,genesis,continuous,continuous
5,27,2-2-3-3-3,86,0.00474509,genesis,continuous,continuous
5,28,2-3-3-3-3,84,0.00463474,genesis,continuous,continuous
5,29,3-3-3-3-2,84,0.00463474,genesis,continuous,continuous
5,30,3-3-3-2-3,82,0.00452439,genesis,continuous,continuous
5,31,3-3-3-2-2,82,0.00452439,genesis,continuous,continuous
5,32,3-3-3-3-3,76,0.00419333,genesis,continuous,continuous
5,33,2-4-2-2-2,70,0.00386228,genesis,continuous,continuous
5,34,1-2-2-2-2,69,0.00380711,genesis,continuous,continuous
5,35,2-2-4-2-2,64,0.00353123,genesis,continuous,continuous
5,36,2-2-2-3-1,61,0.0033657,genesis,continuous,continuous
5,37,2-2-2-2-1,61,0.0033657,genesis,continuous,continuous
5,38,2-2-3-3-1,59,0.00325535,genesis,continuous,continuous
5,39,2-3-2-3-1,58,0.00320018,genesis,continuous,continuous
5,40,2-2-2-4-2,57,0.003145,genesis,continuous,continuous
5,41,2-2-1-3-2,56,0.00308983,genesis,continuous,continuous
5,42,2-3-1-2-2,55,0.00303465,genesis,continuous,continuous
5,43,3-2-1-2-2,55,0.00303465,genesis,continuous,continuous
5,44,4-2-2-2-2,54,0.00297947,genesis,continuous,continuous
5,45,2-3-2-4-2,54,0.00297947,genesis,continuous,continuous
5,46,2-2-2-2-4,54,0.00297947,genesis,continuous,continuous
5,47,3-2-2-2-1,54,0.00297947,genesis,continuous,continuous
5,48,3-2-2-2-4,53,0.0029243,genesis,continuous,continuous
5,49,2-1-2-2-2,53,0.0029243,genesis,continuous,continuous
5,50,2-3-2-2-1,53,0.0029243,genesis,continuous,continuous
6,1,2-2-2-2-2-2,104,0.00573856,genesis,continuous,continuous
6,2,2-2-2-2-3-2,70,0.0038625,genesis,continuous,continuous
6,3,2-2-3-2-2-2,65,0.0035866,genesis,continuous,continuous
6,4,2-2-3-2-3-2,60,0.00331071,genesis,continuous,continuous
6,5,2-2-2-3-2-2,60,0.00331071,genesis,continuous,continuous
6,6,2-2-2-2-2-3,60,0.00331071,genesis,continuous,continuous
6,7,3-2-2-2-2-2,58,0.00320035,genesis,continuous,continuous
6,8,2-2-2-3-2-3,56,0.00309,genesis,continuous,continuous
6,9,2-3-2-2-2-2,56,0.00309,genesis,continuous,continuous
6,10,2-3-2-2-3-2,54,0.00297964,genesis,continuous,continuous
6,11,2-2-3-2-2-3,54,0.00297964,genesis,continuous,continuous
6,12,2-3-2-3-2-2,52,0.00286928,genesis,continuous,continuous
6,13,2-3-2-3-2-3,52,0.00286928,genesis,continuous,continuous
6,14,3-2-3-2-2-2,51,0.0028141,genesis,continuous,continuous
6,15,3-2-2-3-2-2,51,0.0028141,genesis,continuous,continuous
6,16,3-2-3-3-2-2,49,0.00270375,genesis,continuous,continuous
6,17,3-2-2-2-3-2,46,0.00253821,genesis,continuous,continuous
6,18,2-2-3-3-2-2,46,0.00253821,genesis,continuous,continuous
6,19,2-3-2-2-3-3,45,0.00248303,genesis,continuous,continuous
6,20,3-2-2-3-2-3,45,0.00248303,genesis,continuous,continuous
6,21,3-3-2-2-2-2,45,0.00248303,genesis,continuous,continuous
6,22,3-2-3-2-2-3,44,0.00242785,genesis,continuous,continuous
6,23,2-2-3-3-3-2,44,0.00242785,genesis,continuous,continuous
6,24,3-2-3-3-2-3,44,0.00242785,genesis,continuous,continuous
6,25,3-2-3-2-3-2,43,0.00237268,genesis,continuous,continuous
6,26,2-2-3-3-2-3,43,0.00237268,genesis,continuous,continuous
6,27,2-3-3-2-2-2,42,0.0023175,genesis,continuous,continuous
6,28,3-3-2-3-3-2,41,0.00226232,genesis,continuous,continuous
6,29,2-3-2-3-3-2,41,0.00226232,genesis,continuous,continuous
6,30,2-3-3-2-3-2,41,0.00226232,genesis,continuous,continuous
6,31,3-3-2-3-2-2,40,0.00220714,genesis,continuous,continuous
6,32,2-3-3-2-2-3,40,0.00220714,genesis,continuous,continuous
6,33,3-3-2-2-3-2,40,0.00220714,genesis,continuous,continuous
6,34,2-3-3-2-3-3,40,0.00220714,genesis,continuous,continuous
6,35,3-2-3-2-3-3,39,0.00215196,genesis,continuous,continuous
6,36,3-2-2-3-3-2,39,0.00215196,genesis,continuous,continuous
6,37,2-2-2-3-3-2,39,0.00215196,genesis,continuous,continuous
6,38,2-2-3-2-3-3,38,0.00209678,genesis,continuous,continuous
6,39,2-3-3-3-3-2,37,0.0020416,genesis,continuous,continuous
6,40,3-2-2-3-3-3,37,0.0020416,genesis,continuous,continuous
6,41,3-3-2-2-2-3,37,0.0020416,genesis,continuous,continuous
6,42,2-3-3-3-2-3,36,0.00198643,genesis,continuous,continuous
6,43,3-2-3-3-3-2,36,0.00198643,genesis,continuous,continuous
6,44,2-4-2-2-2-2,35,0.00193125,genesis,continuous,continuous
6,45,2-3-2-3-3-3,34,0.00187607,genesis,continuous,continuous
6,46,2-3-2-2-2-3,34,0.00187607,genesis,continuous,continuous
6,47,3-3-3-2-3-2,33,0.00182089,genesis,continuous,continuous
6,48,3-3-3-3-2-2,33,0.00182089,genesis,continuous,continuous
6,49,3-3-3-2-2-2,33,0.00182089,genesis,continuous,continuous
6,50,3-3-2-3-2-3,33,0.00182089,genesis,continuous,continuous
2,1,2-2,2782,0.16761056,genesis,sof_only,within
2,2,3-2,2124,0.12796722,genesis,sof_only,within
2,3,2-3,2110,0.12712375,genesis,sof_only,within
2,4,3-3,1559,0.09392698,genesis,sof_only,within
2,5,2-1,904,0.05446439,genesis,sof_only,within
2,6,1-2,870,0.05241595,genesis,sof_only,within
2,7,4-2,776,0.04675262,genesis,sof_only,within
2,8,2-4,759,0.0457284,genesis,sof_only,within
2,9,3-1,729,0.04392095,genesis,sof_only,within
2,10,1-3,716,0.04313773,genesis,sof_only,within
2,11,4-3,546,0.03289553,genesis,sof_only,within
2,12,3-4,536,0.03229305,genesis,sof_only,within
2,13,1-4,301,0.01813472,genesis,sof_only,within
2,14,4-1,285,0.01717074,genesis,sof_only,within
2,15,1-1,278,0.01674901,genesis,sof_only,within
2,16,4-4,214,0.01289312,genesis,sof_only,within
2,17,2-5,174,0.01048319,genesis,sof_only,within
2,18,5-2,173,0.01042294,genesis,sof_only,within
2,19,5-3,127,0.00765152,genesis,sof_only,within
2,20,3-5,116,0.00698879,genesis,sof_only,within
2,21,1-5,93,0.00560308,genesis,sof_only,within
2,22,5-1,74,0.00445837,genesis,sof_only,within
2,23,5-4,58,0.0034944,genesis,sof_only,within
2,24,4-5,47,0.00283167,genesis,sof_only,within
2,25,6-2,42,0.00253043,genesis,sof_only,within
2,26,2-6,36,0.00216894,genesis,sof_only,within
2,27,6-3,23,0.00138571,genesis,sof_only,within
2,28,1-6,23,0.00138571,genesis,sof_only,within
2,29,3-6,19,0.00114472,genesis,sof_only,within
2,30,6-1,15,0.00090372,genesis,sof_only,within
2,31,4-6,12,0.00072298,genesis,sof_only,within
2,32,6-4,9,0.00054223,genesis,sof_only,within
2,33,2-7,8,0.00048199,genesis,sof_only,within
2,34,5-5,8,0.00048199,genesis,sof_only,within
2,35,1-7,8,0.00048199,genesis,sof_only,within
2,36,7-3,7,0.00042174,genesis,sof_only,within
2,37,7-1,6,0.00036149,genesis,sof_only,within
2,38,3-7,5,0.00030124,genesis,sof_only,within
2,39,7-2,5,0.00030124,genesis,sof_only,within
2,40,7-4,4,0.00024099,genesis,sof_only,within
2,41,6-5,3,0.00018074,genesis,sof_only,within
2,42,5-6,2,0.0001205,genesis,sof_only,within
2,43,4-7,2,0.0001205,genesis,sof_only,within
2,44,1-8,2,0.0001205,genesis,sof_only,within
2,45,8-4,2,0.0001205,genesis,sof_only,within
2,46,6-6,1,6.025e-05,genesis,sof_only,within
2,47,2-8,1,6.025e-05,genesis,sof_only,within
2,48,8-2,1,6.025e-05,genesis,sof_only,within
2,49,7-5,1,6.025e-05,genesis,sof_only,within
2,50,4-8,1,6.025e-05,genesis,sof_only,within
3,1,2-2-2,1139,0.06862686,genesis,sof_only,within
3,2,2-3-2,873,0.05259987,genesis,sof_only,within
3,3,3-2-2,863,0.05199735,genesis,sof_only,within
3,4,2-2-3,853,0.05139483,genesis,sof_only,within
3,5,3-2-3,699,0.04211605,genesis,sof_only,within
3,6,2-3-3,646,0.0389227,genesis,sof_only,within
3,7,3-3-2,638,0.03844068,genesis,sof_only,within
3,8,3-3-3,506,0.03048744,genesis,sof_only,within
3,9,1-2-2,373,0.02247394,genesis,sof_only,within
3,10,2-2-1,371,0.02235344,genesis,sof_only,within
3,11,2-2-4,337,0.02030487,genesis,sof_only,within
3,12,2-1-2,335,0.02018437,genesis,sof_only,within
3,13,2-3-1,322,0.0194011,genesis,sof_only,within
3,14,2-4-2,320,0.01928059,genesis,sof_only,within
3,15,4-2-2,312,0.01879858,genesis,sof_only,within
3,16,1-3-2,309,0.01861782,genesis,sof_only,within
3,17,3-2-1,293,0.01765379,genesis,sof_only,within
3,18,2-1-3,293,0.01765379,genesis,sof_only,within
3,19,3-1-2,275,0.01656926,genesis,sof_only,within
3,20,4-2-3,246,0.01482196,genesis,sof_only,within
3,21,1-2-3,242,0.01458095,genesis,sof_only,within
3,22,4-3-2,239,0.01440019,genesis,sof_only,within
3,23,3-1-3,227,0.01367717,genesis,sof_only,within
3,24,2-4-3,225,0.01355667,genesis,sof_only,within
3,25,3-3-1,219,0.01319516,genesis,sof_only,within
3,26,3-4-2,209,0.01259264,genesis,sof_only,within
3,27,1-3-3,205,0.01235163,genesis,sof_only,within
3,28,2-3-4,204,0.01229138,genesis,sof_only,within
3,29,3-2-4,202,0.01217087,genesis,sof_only,within
3,30,3-3-4,166,0.01000181,genesis,sof_only,within
3,31,4-3-3,157,0.00945954,genesis,sof_only,within
3,32,3-4-3,153,0.00921853,genesis,sof_only,within
3,33,1-4-2,132,0.00795324,genesis,sof_only,within
3,34,1-2-1,129,0.00777249,genesis,sof_only,within
3,35,2-1-4,121,0.00729047,genesis,sof_only,within
3,36,2-4-1,119,0.00716997,genesis,sof_only,within
3,37,1-1-2,116,0.00698921,genesis,sof_only,within
3,38,4-1-2,109,0.00656745,genesis,sof_only,within
3,39,2-1-1,108,0.0065072,genesis,sof_only,within
3,40,1-3-1,100,0.00602519,genesis,sof_only,within
3,41,3-1-4,99,0.00596493,genesis,sof_only,within
3,42,4-2-4,97,0.00584443,genesis,sof_only,within
3,43,4-2-1,96,0.00578418,genesis,sof_only,within
3,44,1-2-4,95,0.00572393,genesis,sof_only,within
3,45,1-4-3,87,0.00524191,genesis,sof_only,within
3,46,3-1-1,85,0.00512141,genesis,sof_only,within
3,47,4-4-2,85,0.00512141,genesis,sof_only,within
3,48,4-1-3,84,0.00506116,genesis,sof_only,within
3,49,1-1-3,80,0.00482015,genesis,sof_only,within
3,50,5-2-2,77,0.00463939,genesis,sof_only,within
4,1,2-2-2-2,481,0.02898289,genesis,sof_only,within
4,2,2-3-2-2,371,0.02235478,genesis,sof_only,within
4,3,2-2-3-2,356,0.02145095,genesis,sof_only,within
4,4,2-2-2-3,338,0.02036635,genesis,sof_only,within
4,5,3-2-2-2,330,0.01988431,genesis,sof_only,within
4,6,2-3-2-3,287,0.01729332,genesis,sof_only,within
4,7,3-2-3-2,281,0.01693179,genesis,sof_only,within
4,8,3-2-2-3,277,0.01669077,genesis,sof_only,within
4,9,2-3-3-2,263,0.01584719,genesis,sof_only,within
4,10,3-3-2-2,261,0.01572668,genesis,sof_only,within
4,11,2-2-3-3,257,0.01548566,genesis,sof_only,within
4,12,3-2-3-3,223,0.01343697,genesis,sof_only,within
4,13,3-3-3-2,213,0.01283442,genesis,sof_only,within
4,14,3-3-2-3,208,0.01253314,genesis,sof_only,within
4,15,2-3-3-3,197,0.01187033,genesis,sof_only,within
4,16,3-3-3-3,167,0.01006267,genesis,sof_only,within
4,17,2-2-2-1,162,0.00976139,genesis,sof_only,within
4,18,1-2-2-2,152,0.00915883,genesis,sof_only,within
4,19,2-2-4-2,148,0.00891781,genesis,sof_only,within
4,20,2-1-2-2,137,0.008255,genesis,sof_only,within
4,21,2-2-1-3,134,0.00807423,genesis,sof_only,within
4,22,2-2-3-1,133,0.00801398,genesis,sof_only,within
4,23,2-4-2-2,133,0.00801398,genesis,sof_only,within
4,24,2-1-3-2,132,0.00795372,genesis,sof_only,within
4,25,2-2-2-4,132,0.00795372,genesis,sof_only,within
4,26,4-2-2-2,131,0.00789347,genesis,sof_only,within
4,27,2-3-1-2,127,0.00765245,genesis,sof_only,within
4,28,2-2-1-2,126,0.00759219,genesis,sof_only,within
4,29,1-3-2-2,120,0.00723066,genesis,sof_only,within
4,30,3-2-1-2,120,0.00723066,genesis,sof_only,within
4,31,3-1-2-2,118,0.00711015,genesis,sof_only,within
4,32,1-2-2-3,117,0.00704989,genesis,sof_only,within
4,33,3-2-2-4,112,0.00674861,genesis,sof_only,within
4,34,2-3-2-1,112,0.00674861,genesis,sof_only,within
4,35,3-2-3-1,111,0.00668836,genesis,sof_only,within
4,36,3-2-2-1,111,0.00668836,genesis,sof_only,within
4,37,4-2-3-2,109,0.00656785,genesis,sof_only,within
4,38,2-3-1-3,103,0.00620631,genesis,sof_only,within
4,39,2-3-3-1,102,0.00614606,genesis,sof_only,within
4,40,2-4-2-3,102,0.00614606,genesis,sof_only,within
4,41,2-1-2-3,99,0.00596529,genesis,sof_only,within
4,42,3-1-3-2,98,0.00590504,genesis,sof_only,within
4,43,2-4-3-2,98,0.00590504,genesis,sof_only,within
4,44,1-3-2-3,98,0.00590504,genesis,sof_only,within
4,45,4-2-2-3,97,0.00584478,genesis,sof_only,within
4,46,1-2-3-2,97,0.00584478,genesis,sof_only,within
4,47,2-2-4-3,93,0.00560376,genesis,sof_only,within
4,48,4-3-2-2,91,0.00548325,genesis,sof_only,within
4,49,3-2-1-3,85,0.00512172,genesis,sof_only,within
4,50,3-2-4-2,83,0.00500121,genesis,sof_only,within
5,1,2-2-2-2-2,218,0.01313649,genesis,sof_only,within
5,2,2-2-2-3-2,155,0.00934016,genesis,sof_only,within
5,3,2-2-3-2-2,149,0.00897861,genesis,sof_only,within
5,4,2-3-2-2-2,143,0.00861705,genesis,sof_only,within
5,5,2-2-2-2-3,122,0.00735161,genesis,sof_only,within
5,6,2-2-3-2-3,120,0.00723109,genesis,sof_only,within
5,7,3-2-3-2-2,119,0.00717083,genesis,sof_only,within
5,8,3-2-2-2-2,119,0.00717083,genesis,sof_only,within
5,9,2-3-2-3-2,116,0.00699006,genesis,sof_only,within
5,10,2-3-2-2-3,114,0.00686954,genesis,sof_only,within
5,11,3-2-2-2-3,112,0.00674902,genesis,sof_only,within
5,12,2-3-3-2-2,111,0.00668876,genesis,sof_only,within
5,13,3-2-2-3-2,110,0.0066285,genesis,sof_only,within
5,14,3-3-2-2-2,105,0.00632721,genesis,sof_only,within
5,15,2-2-3-3-2,101,0.00608617,genesis,sof_only,within
5,16,3-2-3-3-2,96,0.00578487,genesis,sof_only,within
5,17,3-2-2-3-3,90,0.00542332,genesis,sof_only,within
5,18,3-2-3-2-3,90,0.00542332,genesis,sof_only,within
5,19,2-3-3-2-3,90,0.00542332,genesis,sof_only,within
5,20,2-3-2-3-3,89,0.00536306,genesis,sof_only,within
5,21,3-3-3-2-2,84,0.00506177,genesis,sof_only,within
5,22,2-3-3-3-2,83,0.00500151,genesis,sof_only,within
5,23,3-3-2-3-2,81,0.00488099,genesis,sof_only,within
5,24,3-3-2-2-3,77,0.00463995,genesis,sof_only,within
5,25,2-2-2-3-3,77,0.00463995,genesis,sof_only,within
5,26,2-2-3-3-3,75,0.00451943,genesis,sof_only,within
5,27,3-2-3-3-3,74,0.00445917,genesis,sof_only,within
5,28,2-2-2-2-1,74,0.00445917,genesis,sof_only,within
5,29,3-3-3-3-2,71,0.0042784,genesis,sof_only,within
5,30,1-2-2-2-2,70,0.00421814,genesis,sof_only,within
5,31,3-3-2-3-3,69,0.00415788,genesis,sof_only,within
5,32,2-4-2-2-2,67,0.00403736,genesis,sof_only,within
5,33,2-2-2-3-1,66,0.0039771,genesis,sof_only,within
5,34,2-3-3-3-3,64,0.00385658,genesis,sof_only,within
5,35,2-1-2-2-2,63,0.00379632,genesis,sof_only,within
5,36,2-2-2-1-3,62,0.00373607,genesis,sof_only,within
5,37,2-2-4-2-2,61,0.00367581,genesis,sof_only,within
5,38,3-3-3-3-3,61,0.00367581,genesis,sof_only,within
5,39,2-2-2-1-2,60,0.00361555,genesis,sof_only,within
5,40,2-2-1-3-2,60,0.00361555,genesis,sof_only,within
5,41,3-3-3-2-3,59,0.00355529,genesis,sof_only,within
5,42,2-2-2-2-4,58,0.00349503,genesis,sof_only,within
5,43,4-2-2-2-2,56,0.00337451,genesis,sof_only,within
5,44,2-2-3-1-2,55,0.00331425,genesis,sof_only,within
5,45,2-3-1-2-2,55,0.00331425,genesis,sof_only,within
5,46,2-2-2-4-2,53,0.00319373,genesis,sof_only,within
5,47,3-2-1-2-2,53,0.00319373,genesis,sof_only,within
5,48,3-2-2-2-1,53,0.00319373,genesis,sof_only,within
5,49,2-3-2-2-4,52,0.00313347,genesis,sof_only,within
5,50,2-2-1-2-2,52,0.00313347,genesis,sof_only,within
6,1,2-2-2-2-2-2,106,0.00638785,genesis,sof_only,within
6,2,2-2-2-3-2-2,67,0.0040376,genesis,sof_only,within
6,3,2-2-2-2-3-2,64,0.00385682,genesis,sof_only,within
6,4,2-2-3-2-2-2,60,0.00361576,genesis,sof_only,within
6,5,2-2-2-3-2-3,57,0.00343498,genesis,sof_only,within
6,6,3-2-2-2-2-2,57,0.00343498,genesis,sof_only,within
6,7,2-2-2-2-2-3,57,0.00343498,genesis,sof_only,within
6,8,3-2-2-2-3-2,55,0.00331445,genesis,sof_only,within
6,9,2-2-3-2-3-2,51,0.0030734,genesis,sof_only,within
6,10,2-3-2-2-3-2,51,0.0030734,genesis,sof_only,within
6,11,2-2-3-2-2-3,48,0.00289261,genesis,sof_only,within
6,12,3-2-3-2-2-2,47,0.00283235,genesis,sof_only,within
6,13,2-3-2-3-2-2,46,0.00277209,genesis,sof_only,within
6,14,2-3-2-2-2-2,46,0.00277209,genesis,sof_only,within
6,15,3-3-2-2-2-2,46,0.00277209,genesis,sof_only,within
6,16,2-3-2-2-2-3,46,0.00277209,genesis,sof_only,within
6,17,2-3-3-2-2-2,45,0.00271182,genesis,sof_only,within
6,18,3-2-2-3-2-2,43,0.0025913,genesis,sof_only,within
6,19,2-2-3-3-2-2,42,0.00253104,genesis,sof_only,within
6,20,3-2-3-3-2-2,40,0.00241051,genesis,sof_only,within
6,21,3-3-2-2-3-3,39,0.00235025,genesis,sof_only,within
6,22,2-3-2-3-2-3,38,0.00228998,genesis,sof_only,within
6,23,2-3-3-2-3-2,38,0.00228998,genesis,sof_only,within
6,24,3-2-2-3-2-3,38,0.00228998,genesis,sof_only,within
6,25,3-3-2-3-2-2,37,0.00222972,genesis,sof_only,within
6,26,2-3-2-3-3-2,37,0.00222972,genesis,sof_only,within
6,27,2-2-3-2-3-3,36,0.00216946,genesis,sof_only,within
6,28,2-2-2-3-3-2,36,0.00216946,genesis,sof_only,within
6,29,2-2-3-3-2-3,35,0.0021092,genesis,sof_only,within
6,30,2-2-4-2-2-2,34,0.00204893,genesis,sof_only,within
6,31,2-4-2-2-2-2,34,0.00204893,genesis,sof_only,within
6,32,2-3-3-2-2-3,34,0.00204893,genesis,sof_only,within
6,33,3-2-3-2-3-3,34,0.00204893,genesis,sof_only,within
6,34,3-2-2-3-3-2,34,0.00204893,genesis,sof_only,within
6,35,3-3-2-2-2-3,34,0.00204893,genesis,sof_only,within
6,36,2-2-3-3-3-2,33,0.00198867,genesis,sof_only,within
6,37,3-3-2-3-3-2,32,0.00192841,genesis,sof_only,within
6,38,2-2-2-2-2-1,32,0.00192841,genesis,sof_only,within
6,39,2-2-2-3-1-2,31,0.00186815,genesis,sof_only,within
6,40,3-2-3-3-2-3,31,0.00186815,genesis,sof_only,within
6,41,2-3-2-2-2-1,31,0.00186815,genesis,sof_only,within
6,42,3-3-3-2-2-2,31,0.00186815,genesis,sof_only,within
6,43,3-2-3-2-3-2,30,0.00180788,genesis,sof_only,within
6,44,3-3-3-3-2-2,30,0.00180788,genesis,sof_only,within
6,45,2-3-3-3-3-2,29,0.00174762,genesis,sof_only,within
6,46,2-3-2-3-3-3,29,0.00174762,genesis,sof_only,within
6,47,2-3-3-3-2-2,29,0.00174762,genesis,sof_only,within
6,48,1-2-2-2-2-2,29,0.00174762,genesis,sof_only,within
6,49,2-2-2-2-1-3,29,0.00174762,genesis,sof_only,within
6,50,3-2-3-2-2-3,28,0.00168736,genesis,sof_only,within
2,1,3-3,246,0.16099476,genesis,sof_only,cross_reset
2,2,2-3,194,0.12696335,genesis,sof_only,cross_reset
2,3,2-2,192,0.12565445,genesis,sof_only,cross_reset
2,4,3-2,190,0.12434555,genesis,sof_only,cross_reset
2,5,4-3,91,0.05955497,genesis,sof_only,cross_reset
2,6,3-4,87,0.05693717,genesis,sof_only,cross_reset
2,7,4-2,52,0.03403141,genesis,sof_only,cross_reset
2,8,1-2,52,0.03403141,genesis,sof_only,cross_reset
2,9,2-1,51,0.03337696,genesis,sof_only,cross_reset
2,10,2-4,50,0.03272251,genesis,sof_only,cross_reset
2,11,3-1,49,0.03206806,genesis,sof_only,cross_reset
2,12,1-3,45,0.02945026,genesis,sof_only,cross_reset
2,13,4-4,39,0.02552356,genesis,sof_only,cross_reset
2,14,1-1,27,0.01767016,genesis,sof_only,cross_reset
2,15,3-5,24,0.01570681,genesis,sof_only,cross_reset
2,16,1-4,20,0.01308901,genesis,sof_only,cross_reset
2,17,5-2,19,0.01243455,genesis,sof_only,cross_reset
2,18,4-1,18,0.0117801,genesis,sof_only,cross_reset
2,19,5-3,18,0.0117801,genesis,sof_only,cross_reset
2,20,2-5,17,0.01112565,genesis,sof_only,cross_reset
2,21,5-4,10,0.0065445,genesis,sof_only,cross_reset
2,22,4-5,5,0.00327225,genesis,sof_only,cross_reset
2,23,1-5,4,0.0026178,genesis,sof_only,cross_reset
2,24,6-2,4,0.0026178,genesis,sof_only,cross_reset
2,25,5-5,4,0.0026178,genesis,sof_only,cross_reset
2,26,5-1,4,0.0026178,genesis,sof_only,cross_reset
2,27,2-6,4,0.0026178,genesis,sof_only,cross_reset
2,28,6-3,3,0.00196335,genesis,sof_only,cross_reset
2,29,1-6,2,0.0013089,genesis,sof_only,cross_reset
2,30,3-6,2,0.0013089,genesis,sof_only,cross_reset
2,31,4-6,1,0.00065445,genesis,sof_only,cross_reset
2,32,6-4,1,0.00065445,genesis,sof_only,cross_reset
2,33,4-7,1,0.00065445,genesis,sof_only,cross_reset
2,34,7-5,1,0.00065445,genesis,sof_only,cross_reset
2,35,6-1,1,0.00065445,genesis,sof_only,cross_reset
3,1,3-3-3,96,0.06286837,genesis,sof_only,cross_reset
3,2,3-2-3,87,0.05697446,genesis,sof_only,cross_reset
3,3,2-2-2,81,0.05304519,genesis,sof_only,cross_reset
3,4,3-3-2,77,0.05042567,genesis,sof_only,cross_reset
3,5,2-3-3,75,0.04911591,genesis,sof_only,cross_reset
3,6,2-3-2,73,0.04780616,genesis,sof_only,cross_reset
3,7,3-2-2,73,0.04780616,genesis,sof_only,cross_reset
3,8,2-2-3,65,0.04256713,genesis,sof_only,cross_reset
3,9,4-3-3,42,0.02750491,genesis,sof_only,cross_reset
3,10,3-3-4,37,0.02423052,genesis,sof_only,cross_reset
3,11,3-4-3,32,0.02095612,genesis,sof_only,cross_reset
3,12,2-3-4,27,0.01768173,genesis,sof_only,cross_reset
3,13,2-2-1,25,0.01637197,genesis,sof_only,cross_reset
3,14,2-4-3,25,0.01637197,genesis,sof_only,cross_reset
3,15,3-3-1,24,0.01571709,genesis,sof_only,cross_reset
3,16,3-4-2,24,0.01571709,genesis,sof_only,cross_reset
3,17,4-3-2,24,0.01571709,genesis,sof_only,cross_reset
3,18,3-4-4,23,0.01506221,genesis,sof_only,cross_reset
3,19,1-3-3,22,0.01440733,genesis,sof_only,cross_reset
3,20,4-2-3,21,0.01375246,genesis,sof_only,cross_reset
3,21,2-1-2,21,0.01375246,genesis,sof_only,cross_reset
3,22,4-4-3,21,0.01375246,genesis,sof_only,cross_reset
3,23,4-2-2,17,0.01113294,genesis,sof_only,cross_reset
3,24,3-2-4,16,0.01047806,genesis,sof_only,cross_reset
3,25,3-1-2,15,0.00982318,genesis,sof_only,cross_reset
3,26,2-2-4,15,0.00982318,genesis,sof_only,cross_reset
3,27,2-1-3,15,0.00982318,genesis,sof_only,cross_reset
3,28,4-3-4,15,0.00982318,genesis,sof_only,cross_reset
3,29,2-3-1,14,0.0091683,genesis,sof_only,cross_reset
3,30,1-2-3,14,0.0091683,genesis,sof_only,cross_reset
3,31,3-1-3,14,0.0091683,genesis,sof_only,cross_reset
3,32,2-4-2,13,0.00851343,genesis,sof_only,cross_reset
3,33,1-2-4,13,0.00851343,genesis,sof_only,cross_reset
3,34,3-5-3,13,0.00851343,genesis,sof_only,cross_reset
3,35,1-2-1,12,0.00785855,genesis,sof_only,cross_reset
3,36,1-2-2,11,0.00720367,genesis,sof_only,cross_reset
3,37,1-1-2,11,0.00720367,genesis,sof_only,cross_reset
3,38,3-3-5,10,0.00654879,genesis,sof_only,cross_reset
3,39,3-1-1,10,0.00654879,genesis,sof_only,cross_reset
3,40,1-3-2,10,0.00654879,genesis,sof_only,cross_reset
3,41,4-4-2,10,0.00654879,genesis,sof_only,cross_reset
3,42,5-3-3,9,0.00589391,genesis,sof_only,cross_reset
3,43,2-5-2,9,0.00589391,genesis,sof_only,cross_reset
3,44,1-1-1,9,0.00589391,genesis,sof_only,cross_reset
3,45,1-4-3,9,0.00589391,genesis,sof_only,cross_reset
3,46,5-2-2,8,0.00523903,genesis,sof_only,cross_reset
3,47,3-1-4,8,0.00523903,genesis,sof_only,cross_reset
3,48,5-2-3,7,0.00458415,genesis,sof_only,cross_reset
3,49,3-2-1,7,0.00458415,genesis,sof_only,cross_reset
3,50,4-1-3,7,0.00458415,genesis,sof_only,cross_reset
4,1,3-3-3-3,41,0.02686763,genesis,sof_only,cross_reset
4,2,2-2-2-2,40,0.02621232,genesis,sof_only,cross_reset
4,3,3-2-3-2,36,0.02359109,genesis,sof_only,cross_reset
4,4,3-3-2-3,34,0.02228047,genesis,sof_only,cross_reset
4,5,3-2-3-3,34,0.02228047,genesis,sof_only,cross_reset
4,6,2-3-2-3,30,0.01965924,genesis,sof_only,cross_reset
4,7,2-3-3-3,30,0.01965924,genesis,sof_only,cross_reset
4,8,3-3-3-2,30,0.01965924,genesis,sof_only,cross_reset
4,9,3-3-2-2,30,0.01965924,genesis,sof_only,cross_reset
4,10,2-3-2-2,29,0.01900393,genesis,sof_only,cross_reset
4,11,3-2-2-2,29,0.01900393,genesis,sof_only,cross_reset
4,12,3-2-2-3,28,0.01834862,genesis,sof_only,cross_reset
4,13,2-2-3-3,25,0.0163827,genesis,sof_only,cross_reset
4,14,2-2-2-3,23,0.01507208,genesis,sof_only,cross_reset
4,15,2-2-3-2,23,0.01507208,genesis,sof_only,cross_reset
4,16,2-3-3-2,22,0.01441678,genesis,sof_only,cross_reset
4,17,3-4-3-3,21,0.01376147,genesis,sof_only,cross_reset
4,18,4-3-3-3,19,0.01245085,genesis,sof_only,cross_reset
4,19,3-3-3-4,16,0.01048493,genesis,sof_only,cross_reset
4,20,3-3-4-3,15,0.00982962,genesis,sof_only,cross_reset
4,21,4-3-2-3,14,0.00917431,genesis,sof_only,cross_reset
4,22,2-2-1-2,12,0.0078637,genesis,sof_only,cross_reset
4,23,2-2-3-4,12,0.0078637,genesis,sof_only,cross_reset
4,24,1-3-3-2,11,0.00720839,genesis,sof_only,cross_reset
4,25,2-3-3-4,11,0.00720839,genesis,sof_only,cross_reset
4,26,3-3-4-2,11,0.00720839,genesis,sof_only,cross_reset
4,27,3-4-4-3,11,0.00720839,genesis,sof_only,cross_reset
4,28,3-2-2-1,10,0.00655308,genesis,sof_only,cross_reset
4,29,3-4-2-3,10,0.00655308,genesis,sof_only,cross_reset
4,30,2-4-3-2,10,0.00655308,genesis,sof_only,cross_reset
4,31,4-3-3-2,10,0.00655308,genesis,sof_only,cross_reset
4,32,4-2-3-3,9,0.00589777,genesis,sof_only,cross_reset
4,33,3-2-3-4,9,0.00589777,genesis,sof_only,cross_reset
4,34,2-1-3-3,9,0.00589777,genesis,sof_only,cross_reset
4,35,3-3-4-4,9,0.00589777,genesis,sof_only,cross_reset
4,36,2-3-3-1,9,0.00589777,genesis,sof_only,cross_reset
4,37,3-3-1-3,9,0.00589777,genesis,sof_only,cross_reset
4,38,2-2-2-1,9,0.00589777,genesis,sof_only,cross_reset
4,39,4-2-2-3,9,0.00589777,genesis,sof_only,cross_reset
4,40,2-2-4-3,9,0.00589777,genesis,sof_only,cross_reset
4,41,2-2-1-3,8,0.00524246,genesis,sof_only,cross_reset
4,42,3-5-3-3,8,0.00524246,genesis,sof_only,cross_reset
4,43,4-3-2-2,8,0.00524246,genesis,sof_only,cross_reset
4,44,3-4-2-2,8,0.00524246,genesis,sof_only,cross_reset
4,45,4-4-3-3,8,0.00524246,genesis,sof_only,cross_reset
4,46,3-2-4-3,8,0.00524246,genesis,sof_only,cross_reset
4,47,2-2-2-4,7,0.00458716,genesis,sof_only,cross_reset
4,48,3-4-4-2,7,0.00458716,genesis,sof_only,cross_reset
4,49,2-3-4-3,7,0.00458716,genesis,sof_only,cross_reset
4,50,3-3-1-2,7,0.00458716,genesis,sof_only,cross_reset
5,1,2-2-2-2-2,18,0.01180328,genesis,sof_only,cross_reset
5,2,3-3-3-3-2,18,0.01180328,genesis,sof_only,cross_reset
5,3,3-2-2-2-2,17,0.01114754,genesis,sof_only,cross_reset
5,4,3-3-3-3-3,16,0.0104918,genesis,sof_only,cross_reset
5,5,2-3-3-3-3,16,0.0104918,genesis,sof_only,cross_reset
5,6,3-3-2-3-2,15,0.00983607,genesis,sof_only,cross_reset
5,7,3-2-3-2-2,15,0.00983607,genesis,sof_only,cross_reset
5,8,3-2-3-2-3,14,0.00918033,genesis,sof_only,cross_reset
5,9,2-3-2-3-3,14,0.00918033,genesis,sof_only,cross_reset
5,10,3-3-3-2-3,14,0.00918033,genesis,sof_only,cross_reset
5,11,2-2-2-2-3,14,0.00918033,genesis,sof_only,cross_reset
5,12,2-3-2-2-2,13,0.00852459,genesis,sof_only,cross_reset
5,13,3-3-2-3-3,13,0.00852459,genesis,sof_only,cross_reset
5,14,2-2-2-3-3,12,0.00786885,genesis,sof_only,cross_reset
5,15,2-2-3-3-3,12,0.00786885,genesis,sof_only,cross_reset
5,16,2-2-3-2-3,12,0.00786885,genesis,sof_only,cross_reset
5,17,3-3-2-2-3,12,0.00786885,genesis,sof_only,cross_reset
5,18,2-3-2-3-2,12,0.00786885,genesis,sof_only,cross_reset
5,19,3-3-2-2-2,12,0.00786885,genesis,sof_only,cross_reset
5,20,3-2-3-3-2,12,0.00786885,genesis,sof_only,cross_reset
5,21,3-2-2-3-2,11,0.00721311,genesis,sof_only,cross_reset
5,22,3-2-2-3-3,11,0.00721311,genesis,sof_only,cross_reset
5,23,3-3-3-2-2,11,0.00721311,genesis,sof_only,cross_reset
5,24,3-2-3-3-3,11,0.00721311,genesis,sof_only,cross_reset
5,25,2-3-3-2-3,10,0.00655738,genesis,sof_only,cross_reset
5,26,2-3-2-2-3,10,0.00655738,genesis,sof_only,cross_reset
5,27,3-3-4-3-3,10,0.00655738,genesis,sof_only,cross_reset
5,28,2-2-3-2-2,9,0.00590164,genesis,sof_only,cross_reset
5,29,4-3-3-3-3,8,0.0052459,genesis,sof_only,cross_reset
5,30,2-4-3-2-3,8,0.0052459,genesis,sof_only,cross_reset
5,31,3-4-3-3-3,8,0.0052459,genesis,sof_only,cross_reset
5,32,2-3-3-2-2,8,0.0052459,genesis,sof_only,cross_reset
5,33,3-2-2-2-3,7,0.00459016,genesis,sof_only,cross_reset
5,34,3-3-3-3-4,7,0.00459016,genesis,sof_only,cross_reset
5,35,4-3-2-3-3,7,0.00459016,genesis,sof_only,cross_reset
5,36,3-3-3-4-3,7,0.00459016,genesis,sof_only,cross_reset
5,37,3-2-2-1-2,6,0.00393443,genesis,sof_only,cross_reset
5,38,3-2-3-3-4,6,0.00393443,genesis,sof_only,cross_reset
5,39,2-1-3-3-2,6,0.00393443,genesis,sof_only,cross_reset
5,40,3-4-4-3-3,6,0.00393443,genesis,sof_only,cross_reset
5,41,3-4-2-2-3,6,0.00393443,genesis,sof_only,cross_reset
5,42,3-4-3-3-2,6,0.00393443,genesis,sof_only,cross_reset
5,43,2-2-3-3-2,6,0.00393443,genesis,sof_only,cross_reset
5,44,2-3-2-2-1,5,0.00327869,genesis,sof_only,cross_reset
5,45,2-2-1-3-3,5,0.00327869,genesis,sof_only,cross_reset
5,46,3-3-3-4-4,5,0.00327869,genesis,sof_only,cross_reset
5,47,2-3-3-4-2,5,0.00327869,genesis,sof_only,cross_reset
5,48,2-3-3-1-2,5,0.00327869,genesis,sof_only,cross_reset
5,49,2-2-2-2-1,5,0.00327869,genesis,sof_only,cross_reset
5,50,2-3-3-3-2,5,0.00327869,genesis,sof_only,cross_reset
6,1,2-3-3-3-3-2,10,0.00656168,genesis,sof_only,cross_reset
6,2,3-3-2-2-2-2,10,0.00656168,genesis,sof_only,cross_reset
6,3,2-2-2-2-2-2,9,0.00590551,genesis,sof_only,cross_reset
6,4,3-3-3-3-2-2,9,0.00590551,genesis,sof_only,cross_reset
6,5,3-2-3-2-2-2,8,0.00524934,genesis,sof_only,cross_reset
6,6,3-3-2-3-2-2,8,0.00524934,genesis,sof_only,cross_reset
6,7,3-2-2-2-2-3,8,0.00524934,genesis,sof_only,cross_reset
6,8,3-2-3-2-3-3,7,0.00459318,genesis,sof_only,cross_reset
6,9,3-3-3-3-3-2,7,0.00459318,genesis,sof_only,cross_reset
6,10,3-2-2-2-2-2,7,0.00459318,genesis,sof_only,cross_reset
6,11,2-2-2-2-3-3,7,0.00459318,genesis,sof_only,cross_reset
6,12,3-2-3-3-3-3,7,0.00459318,genesis,sof_only,cross_reset
6,13,2-3-2-2-2-3,6,0.00393701,genesis,sof_only,cross_reset
6,14,2-2-3-2-3-3,6,0.00393701,genesis,sof_only,cross_reset
6,15,4-3-3-3-3-3,6,0.00393701,genesis,sof_only,cross_reset
6,16,3-3-3-3-3-3,6,0.00393701,genesis,sof_only,cross_reset
6,17,3-3-3-3-2-3,6,0.00393701,genesis,sof_only,cross_reset
6,18,3-3-3-2-3-3,6,0.00393701,genesis,sof_only,cross_reset
6,19,3-2-3-2-3-2,6,0.00393701,genesis,sof_only,cross_reset
6,20,3-2-3-3-2-3,6,0.00393701,genesis,sof_only,cross_reset
6,21,2-3-2-3-3-2,6,0.00393701,genesis,sof_only,cross_reset
6,22,2-3-3-2-3-2,5,0.00328084,genesis,sof_only,cross_reset
6,23,3-3-2-3-2-3,5,0.00328084,genesis,sof_only,cross_reset
6,24,2-2-2-3-3-3,5,0.00328084,genesis,sof_only,cross_reset
6,25,3-2-2-3-2-3,5,0.00328084,genesis,sof_only,cross_reset
6,26,3-3-3-2-3-2,5,0.00328084,genesis,sof_only,cross_reset
6,27,3-3-2-2-3-2,5,0.00328084,genesis,sof_only,cross_reset
6,28,3-2-2-3-2-2,5,0.00328084,genesis,sof_only,cross_reset
6,29,2-3-2-3-3-3,5,0.00328084,genesis,sof_only,cross_reset
6,30,3-3-2-3-3-3,5,0.00328084,genesis,sof_only,cross_reset
6,31,3-4-3-3-2-2,5,0.00328084,genesis,sof_only,cross_reset
6,32,2-4-3-2-3-3,5,0.00328084,genesis,sof_only,cross_reset
6,33,2-2-3-3-3-3,5,0.00328084,genesis,sof_only,cross_reset
6,34,3-2-2-3-3-3,5,0.00328084,genesis,sof_only,cross_reset
6,35,2-2-2-2-2-3,5,0.00328084,genesis,sof_only,cross_reset
6,36,3-2-3-3-2-2,5,0.00328084,genesis,sof_only,cross_reset
6,37,2-3-3-2-2-2,5,0.00328084,genesis,sof_only,cross_reset
6,38,3-3-2-2-3-3,5,0.00328084,genesis,sof_only,cross_reset
6,39,3-2-2-2-3-3,4,0.00262467,genesis,sof_only,cross_reset
6,40,1-3-3-2-3-2,4,0.00262467,genesis,sof_only,cross_reset
6,41,3-2-3-3-4-2,4,0.00262467,genesis,sof_only,cross_reset
6,42,3-3-4-4-3-3,4,0.00262467,genesis,sof_only,cross_reset
6,43,3-4-4-3-3-3,4,0.00262467,genesis,sof_only,cross_reset
6,44,2-3-2-2-2-2,4,0.00262467,genesis,sof_only,cross_reset
6,45,2-2-3-2-2-3,4,0.00262467,genesis,sof_only,cross_reset
6,46,2-2-3-2-3-2,4,0.00262467,genesis,sof_only,cross_reset
6,47,3-3-3-2-2-2,4,0.00262467,genesis,sof_only,cross_reset
6,48,2-3-3-4-3-3,4,0.00262467,genesis,sof_only,cross_reset
6,49,2-2-3-2-2-2,4,0.00262467,genesis,sof_only,cross_reset
6,50,3-3-3-2-2-3,4,0.00262467,genesis,sof_only,cross_reset
2,1,2-2,2890,0.15943068,genesis,sof_only,all
2,2,3-2,2404,0.13261985,genesis,sof_only,all
2,3,2-3,2369,0.13068903,genesis,sof_only,all
2,4,3-3,1746,0.09632041,genesis,sof_only,all
2,5,2-1,910,0.05020136,genesis,sof_only,all
2,6,4-2,876,0.0483257,genesis,sof_only,all
2,7,2-4,872,0.04810504,genesis,sof_only,all
2,8,1-2,860,0.04744304,genesis,sof_only,all
2,9,3-1,818,0.04512606,genesis,sof_only,all
2,10,1-3,770,0.04247807,genesis,sof_only,all
2,11,4-3,627,0.03458929,genesis,sof_only,all
2,12,3-4,574,0.03166547,genesis,sof_only,all
2,13,1-4,359,0.01980471,genesis,sof_only,all
2,14,4-1,325,0.01792906,genesis,sof_only,all
2,15,1-1,286,0.01577757,genesis,sof_only,all
2,16,4-4,204,0.01125393,genesis,sof_only,all
2,17,5-2,198,0.01092293,genesis,sof_only,all
2,18,2-5,197,0.01086777,genesis,sof_only,all
2,19,5-3,142,0.00783362,genesis,sof_only,all
2,20,3-5,124,0.00684062,genesis,sof_only,all
2,21,1-5,115,0.00634413,genesis,sof_only,all
2,22,5-1,81,0.00446847,genesis,sof_only,all
2,23,5-4,64,0.00353064,genesis,sof_only,all
2,24,6-2,48,0.00264798,genesis,sof_only,all
2,25,4-5,47,0.00259282,genesis,sof_only,all
2,26,1-6,39,0.00215149,genesis,sof_only,all
2,27,2-6,36,0.00198599,genesis,sof_only,all
2,28,6-3,24,0.00132399,genesis,sof_only,all
2,29,3-6,16,0.00088266,genesis,sof_only,all
2,30,6-1,16,0.00088266,genesis,sof_only,all
2,31,6-4,11,0.00060683,genesis,sof_only,all
2,32,1-7,10,0.00055166,genesis,sof_only,all
2,33,7-3,9,0.0004965,genesis,sof_only,all
2,34,5-5,9,0.0004965,genesis,sof_only,all
2,35,4-6,8,0.00044133,genesis,sof_only,all
2,36,2-7,8,0.00044133,genesis,sof_only,all
2,37,7-1,5,0.00027583,genesis,sof_only,all
2,38,3-7,4,0.00022067,genesis,sof_only,all
2,39,7-4,4,0.00022067,genesis,sof_only,all
2,40,7-2,4,0.00022067,genesis,sof_only,all
2,41,5-6,3,0.0001655,genesis,sof_only,all
2,42,6-5,3,0.0001655,genesis,sof_only,all
2,43,8-2,2,0.00011033,genesis,sof_only,all
2,44,4-7,2,0.00011033,genesis,sof_only,all
2,45,7-5,2,0.00011033,genesis,sof_only,all
2,46,1-8,2,0.00011033,genesis,sof_only,all
2,47,8-4,2,0.00011033,genesis,sof_only,all
2,48,2-8,1,5.517e-05,genesis,sof_only,all
2,49,4-8,1,5.517e-05,genesis,sof_only,all
3,1,2-2-2,1155,0.06372062,genesis,sof_only,all
3,2,2-3-2,1003,0.05533488,genesis,sof_only,all
3,3,2-2-3,930,0.05130751,genesis,sof_only,all
3,4,3-2-2,925,0.05103167,genesis,sof_only,all
3,5,3-2-3,833,0.04595609,genesis,sof_only,all
3,6,2-3-3,735,0.04054949,genesis,sof_only,all
3,7,3-3-2,727,0.04010813,genesis,sof_only,all
3,8,3-3-3,577,0.03183273,genesis,sof_only,all
3,9,2-2-4,365,0.02013682,genesis,sof_only,all
3,10,2-4-2,365,0.02013682,genesis,sof_only,all
3,11,1-2-2,356,0.0196403,genesis,sof_only,all
3,12,2-2-1,350,0.01930928,genesis,sof_only,all
3,13,2-3-1,347,0.01914377,genesis,sof_only,all
3,14,4-2-2,345,0.01903343,genesis,sof_only,all
3,15,1-3-2,333,0.0183714,genesis,sof_only,all
3,16,2-1-2,320,0.0176542,genesis,sof_only,all
3,17,3-2-1,316,0.01743352,genesis,sof_only,all
3,18,2-1-3,290,0.01599912,genesis,sof_only,all
3,19,3-1-2,279,0.01539225,genesis,sof_only,all
3,20,4-2-3,278,0.01533708,genesis,sof_only,all
3,21,4-3-2,272,0.01500607,genesis,sof_only,all
3,22,2-4-3,262,0.01445437,genesis,sof_only,all
3,23,3-1-3,259,0.01428887,genesis,sof_only,all
3,24,3-2-4,257,0.01417853,genesis,sof_only,all
3,25,1-2-3,252,0.01390268,genesis,sof_only,all
3,26,3-3-1,247,0.01362683,genesis,sof_only,all
3,27,3-4-2,243,0.01340616,genesis,sof_only,all
3,28,2-3-4,225,0.01241311,genesis,sof_only,all
3,29,1-3-3,210,0.01158557,genesis,sof_only,all
3,30,4-3-3,179,0.00987532,genesis,sof_only,all
3,31,3-4-3,172,0.00948913,genesis,sof_only,all
3,32,3-3-4,165,0.00910295,genesis,sof_only,all
3,33,1-4-2,156,0.00860642,genesis,sof_only,all
3,34,2-4-1,145,0.00799956,genesis,sof_only,all
3,35,2-1-4,132,0.00728236,genesis,sof_only,all
3,36,3-1-4,128,0.00706168,genesis,sof_only,all
3,37,1-2-1,120,0.00662032,genesis,sof_only,all
3,38,4-1-2,119,0.00656516,genesis,sof_only,all
3,39,4-2-4,119,0.00656516,genesis,sof_only,all
3,40,2-1-1,112,0.00617897,genesis,sof_only,all
3,41,1-1-2,111,0.0061238,genesis,sof_only,all
3,42,1-3-1,109,0.00601346,genesis,sof_only,all
3,43,4-2-1,106,0.00584795,genesis,sof_only,all
3,44,1-4-3,103,0.00568245,genesis,sof_only,all
3,45,1-2-4,98,0.0054066,genesis,sof_only,all
3,46,4-1-3,97,0.00535143,genesis,sof_only,all
3,47,3-1-1,90,0.00496524,genesis,sof_only,all
3,48,5-2-2,89,0.00491007,genesis,sof_only,all
3,49,1-1-3,88,0.0048549,genesis,sof_only,all
3,50,1-3-4,87,0.00479974,genesis,sof_only,all
4,1,2-2-2-2,482,0.0265931,genesis,sof_only,all
4,2,2-2-3-2,397,0.02190345,genesis,sof_only,all
4,3,2-3-2-2,386,0.02129655,genesis,sof_only,all
4,4,2-2-2-3,346,0.01908966,genesis,sof_only,all
4,5,2-3-2-3,346,0.01908966,genesis,sof_only,all
4,6,3-2-2-2,344,0.01897931,genesis,sof_only,all
4,7,3-2-3-2,338,0.01864828,genesis,sof_only,all
4,8,3-2-2-3,320,0.01765517,genesis,sof_only,all
4,9,2-3-3-2,304,0.01677241,genesis,sof_only,all
4,10,2-2-3-3,290,0.016,genesis,sof_only,all
4,11,3-3-2-2,280,0.01544828,genesis,sof_only,all
4,12,3-2-3-3,274,0.01511724,genesis,sof_only,all
4,13,3-3-2-3,257,0.01417931,genesis,sof_only,all
4,14,3-3-3-2,244,0.01346207,genesis,sof_only,all
4,15,2-3-3-3,230,0.01268966,genesis,sof_only,all
4,16,3-3-3-3,202,0.01114483,genesis,sof_only,all
4,17,2-2-4-2,153,0.00844138,genesis,sof_only,all
4,18,2-2-2-4,148,0.00816552,genesis,sof_only,all
4,19,1-2-2-2,148,0.00816552,genesis,sof_only,all
4,20,2-2-2-1,146,0.00805517,genesis,sof_only,all
4,21,2-4-2-2,145,0.008,genesis,sof_only,all
4,22,4-2-2-2,135,0.00744828,genesis,sof_only,all
4,23,1-3-2-2,134,0.0073931,genesis,sof_only,all
4,24,2-2-3-1,130,0.00717241,genesis,sof_only,all
4,25,2-1-2-2,127,0.0070069,genesis,sof_only,all
4,26,4-2-3-2,126,0.00695172,genesis,sof_only,all
4,27,3-2-3-1,126,0.00695172,genesis,sof_only,all
4,28,2-3-1-2,125,0.00689655,genesis,sof_only,all
4,29,2-4-2-3,125,0.00689655,genesis,sof_only,all
4,30,2-1-3-2,124,0.00684138,genesis,sof_only,all
4,31,2-3-3-1,123,0.00678621,genesis,sof_only,all
4,32,2-3-2-1,123,0.00678621,genesis,sof_only,all
4,33,3-2-1-2,122,0.00673103,genesis,sof_only,all
4,34,2-2-1-3,120,0.00662069,genesis,sof_only,all
4,35,1-2-2-3,120,0.00662069,genesis,sof_only,all
4,36,3-2-2-1,117,0.00645517,genesis,sof_only,all
4,37,2-3-2-4,116,0.0064,genesis,sof_only,all
4,38,3-2-4-2,115,0.00634483,genesis,sof_only,all
4,39,3-1-3-2,114,0.00628966,genesis,sof_only,all
4,40,3-1-2-2,114,0.00628966,genesis,sof_only,all
4,41,2-2-1-2,112,0.00617931,genesis,sof_only,all
4,42,4-2-2-3,111,0.00612414,genesis,sof_only,all
4,43,2-4-3-2,111,0.00612414,genesis,sof_only,all
4,44,2-3-1-3,110,0.00606897,genesis,sof_only,all
4,45,3-2-2-4,110,0.00606897,genesis,sof_only,all
4,46,1-2-3-2,108,0.00595862,genesis,sof_only,all
4,47,4-3-2-2,106,0.00584828,genesis,sof_only,all
4,48,1-3-2-3,105,0.0057931,genesis,sof_only,all
4,49,2-2-4-3,104,0.00573793,genesis,sof_only,all
4,50,2-1-2-3,104,0.00573793,genesis,sof_only,all
5,1,2-2-2-2-2,220,0.0121386,genesis,sof_only,all
5,2,2-2-3-2-2,156,0.00860737,genesis,sof_only,all
5,3,2-2-2-3-2,154,0.00849702,genesis,sof_only,all
5,4,2-3-2-2-2,152,0.00838667,genesis,sof_only,all
5,5,2-3-2-3-2,148,0.00816597,genesis,sof_only,all
5,6,2-2-3-2-3,139,0.00766939,genesis,sof_only,all
5,7,2-2-2-2-3,134,0.00739351,genesis,sof_only,all
5,8,3-2-2-3-2,134,0.00739351,genesis,sof_only,all
5,9,3-2-3-2-2,133,0.00733834,genesis,sof_only,all
5,10,2-3-2-2-3,130,0.00717281,genesis,sof_only,all
5,11,2-3-3-2-2,124,0.00684176,genesis,sof_only,all
5,12,3-2-2-2-2,122,0.00673141,genesis,sof_only,all
5,13,2-2-3-3-2,119,0.00656588,genesis,sof_only,all
5,14,3-2-3-3-2,118,0.0065107,genesis,sof_only,all
5,15,2-3-3-2-3,111,0.00612448,genesis,sof_only,all
5,16,3-2-2-3-3,109,0.00601412,genesis,sof_only,all
5,17,3-2-2-2-3,108,0.00595895,genesis,sof_only,all
5,18,3-2-3-2-3,108,0.00595895,genesis,sof_only,all
5,19,2-3-3-3-2,104,0.00573825,genesis,sof_only,all
5,20,3-3-2-2-2,104,0.00573825,genesis,sof_only,all
5,21,2-3-2-3-3,103,0.00568307,genesis,sof_only,all
5,22,3-3-2-3-2,99,0.00546237,genesis,sof_only,all
5,23,3-3-2-2-3,90,0.00496579,genesis,sof_only,all
5,24,3-2-3-3-3,89,0.00491062,genesis,sof_only,all
5,25,3-3-2-3-3,88,0.00485544,genesis,sof_only,all
5,26,2-2-2-3-3,87,0.00480026,genesis,sof_only,all
5,27,2-2-3-3-3,86,0.00474509,genesis,sof_only,all
5,28,2-3-3-3-3,84,0.00463474,genesis,sof_only,all
5,29,3-3-3-3-2,84,0.00463474,genesis,sof_only,all
5,30,3-3-3-2-3,82,0.00452439,genesis,sof_only,all
5,31,3-3-3-2-2,82,0.00452439,genesis,sof_only,all
5,32,3-3-3-3-3,76,0.00419333,genesis,sof_only,all
5,33,2-4-2-2-2,70,0.00386228,genesis,sof_only,all
5,34,1-2-2-2-2,69,0.00380711,genesis,sof_only,all
5,35,2-2-4-2-2,64,0.00353123,genesis,sof_only,all
5,36,2-2-2-3-1,61,0.0033657,genesis,sof_only,all
5,37,2-2-2-2-1,61,0.0033657,genesis,sof_only,all
5,38,2-2-3-3-1,59,0.00325535,genesis,sof_only,all
5,39,2-3-2-3-1,58,0.00320018,genesis,sof_only,all
5,40,2-2-2-4-2,57,0.003145,genesis,sof_only,all
5,41,2-2-1-3-2,56,0.00308983,genesis,sof_only,all
5,42,2-3-1-2-2,55,0.00303465,genesis,sof_only,all
5,43,3-2-1-2-2,55,0.00303465,genesis,sof_only,all
5,44,4-2-2-2-2,54,0.00297947,genesis,sof_only,all
5,45,2-3-2-4-2,54,0.00297947,genesis,sof_only,all
5,46,2-2-2-2-4,54,0.00297947,genesis,sof_only,all
5,47,3-2-2-2-1,54,0.00297947,genesis,sof_only,all
5,48,3-2-2-2-4,53,0.0029243,genesis,sof_only,all
5,49,2-1-2-2-2,53,0.0029243,genesis,sof_only,all
5,50,2-3-2-2-1,53,0.0029243,genesis,sof_only,all
6,1,2-2-2-2-2-2,104,0.00573856,genesis,sof_only,all
6,2,2-2-2-2-3-2,70,0.0038625,genesis,sof_only,all
6,3,2-2-3-2-2-2,65,0.0035866,genesis,sof_only,all
6,4,2-2-3-2-3-2,60,0.00331071,genesis,sof_only,all
6,5,2-2-2-3-2-2,60,0.00331071,genesis,sof_only,all
6,6,2-2-2-2-2-3,60,0.00331071,genesis,sof_only,all
6,7,3-2-2-2-2-2,58,0.00320035,genesis,sof_only,all
6,8,2-2-2-3-2-3,56,0.00309,genesis,sof_only,all
6,9,2-3-2-2-2-2,56,0.00309,genesis,sof_only,all
6,10,2-3-2-2-3-2,54,0.00297964,genesis,sof_only,all
6,11,2-2-3-2-2-3,54,0.00297964,genesis,sof_only,all
6,12,2-3-2-3-2-2,52,0.00286928,genesis,sof_only,all
6,13,2-3-2-3-2-3,52,0.00286928,genesis,sof_only,all
6,14,3-2-3-2-2-2,51,0.0028141,genesis,sof_only,all
6,15,3-2-2-3-2-2,51,0.0028141,genesis,sof_only,all
6,16,3-2-3-3-2-2,49,0.00270375,genesis,sof_only,all
6,17,3-2-2-2-3-2,46,0.00253821,genesis,sof_only,all
6,18,2-2-3-3-2-2,46,0.00253821,genesis,sof_only,all
6,19,2-3-2-2-3-3,45,0.00248303,genesis,sof_only,all
6,20,3-2-2-3-2-3,45,0.00248303,genesis,sof_only,all
6,21,3-3-2-2-2-2,45,0.00248303,genesis,sof_only,all
6,22,3-2-3-2-2-3,44,0.00242785,genesis,sof_only,all
6,23,2-2-3-3-3-2,44,0.00242785,genesis,sof_only,all
6,24,3-2-3-3-2-3,44,0.00242785,genesis,sof_only,all
6,25,3-2-3-2-3-2,43,0.00237268,genesis,sof_only,all
6,26,2-2-3-3-2-3,43,0.00237268,genesis,sof_only,all
6,27,2-3-3-2-2-2,42,0.0023175,genesis,sof_only,all
6,28,3-3-2-3-3-2,41,0.00226232,genesis,sof_only,all
6,29,2-3-2-3-3-2,41,0.00226232,genesis,sof_only,all
6,30,2-3-3-2-3-2,41,0.00226232,genesis,sof_only,all
6,31,3-3-2-3-2-2,40,0.00220714,genesis,sof_only,all
6,32,2-3-3-2-2-3,40,0.00220714,genesis,sof_only,all
6,33,3-3-2-2-3-2,40,0.00220714,genesis,sof_only,all
6,34,2-3-3-2-3-3,40,0.00220714,genesis,sof_only,all
6,35,3-2-3-2-3-3,39,0.00215196,genesis,sof_only,all
6,36,3-2-2-3-3-2,39,0.00215196,genesis,sof_only,all
6,37,2-2-2-3-3-2,39,0.00215196,genesis,sof_only,all
6,38,2-2-3-2-3-3,38,0.00209678,genesis,sof_only,all
6,39,2-3-3-3-3-2,37,0.0020416,genesis,sof_only,all
6,40,3-2-2-3-3-3,37,0.0020416,genesis,sof_only,all
6,41,3-3-2-2-2-3,37,0.0020416,genesis,sof_only,all
6,42,2-3-3-3-2-3,36,0.00198643,genesis,sof_only,all
6,43,3-2-3-3-3-2,36,0.00198643,genesis,sof_only,all
6,44,2-4-2-2-2-2,35,0.00193125,genesis,sof_only,all
6,45,2-3-2-3-3-3,34,0.00187607,genesis,sof_only,all
6,46,2-3-2-2-2-3,34,0.00187607,genesis,sof_only,all
6,47,3-3-3-2-3-2,33,0.00182089,genesis,sof_only,all
6,48,3-3-3-3-2-2,33,0.00182089,genesis,sof_only,all
6,49,3-3-3-2-2-2,33,0.00182089,genesis,sof_only,all
6,50,3-3-2-3-2-3,33,0.00182089,genesis,sof_only,all
2,1,2-2,2592,0.17129262,genesis,major,within
2,2,3-2,1941,0.12827121,genesis,major,within
2,3,2-3,1923,0.12708168,genesis,major,within
2,4,3-3,1415,0.09351044,genesis,major,within
2,5,2-1,864,0.05709754,genesis,major,within
2,6,1-2,824,0.05445414,genesis,major,within
2,7,4-2,694,0.04586307,genesis,major,within
2,8,2-4,676,0.04467354,genesis,major,within
2,9,1-3,659,0.04355009,genesis,major,within
2,10,3-1,649,0.04288924,genesis,major,within
2,11,3-4,494,0.03264605,genesis,major,within
2,12,4-3,493,0.03257996,genesis,major,within
2,13,1-4,259,0.01711605,genesis,major,within
2,14,4-1,250,0.01652128,genesis,major,within
2,15,1-1,227,0.01500132,genesis,major,within
2,16,4-4,204,0.01348136,genesis,major,within
2,17,5-2,152,0.01004494,genesis,major,within
2,18,2-5,152,0.01004494,genesis,major,within
2,19,5-3,109,0.00720328,genesis,major,within
2,20,3-5,104,0.00687285,genesis,major,within
2,21,1-5,76,0.00502247,genesis,major,within
2,22,5-1,65,0.00429553,genesis,major,within
2,23,5-4,51,0.00337034,genesis,major,within
2,24,4-5,45,0.00297383,genesis,major,within
2,25,6-2,34,0.00224689,genesis,major,within
2,26,2-6,28,0.00185038,genesis,major,within
2,27,6-3,21,0.00138779,genesis,major,within
2,28,3-6,19,0.00125562,genesis,major,within
2,29,1-6,15,0.00099128,genesis,major,within
2,30,4-6,10,0.00066085,genesis,major,within
2,31,6-4,9,0.00059477,genesis,major,within
2,32,6-1,9,0.00059477,genesis,major,within
2,33,2-7,8,0.00052868,genesis,major,within
2,34,5-5,8,0.00052868,genesis,major,within
2,35,7-3,7,0.0004626,genesis,major,within
2,36,1-7,7,0.0004626,genesis,major,within
2,37,3-7,5,0.00033043,genesis,major,within
2,38,7-1,5,0.00033043,genesis,major,within
2,39,7-2,5,0.00033043,genesis,major,within
2,40,5-6,4,0.00026434,genesis,major,within
2,41,7-4,4,0.00026434,genesis,major,within
2,42,6-5,3,0.00019826,genesis,major,within
2,43,6-6,2,0.00013217,genesis,major,within
2,44,4-7,2,0.00013217,genesis,major,within
2,45,1-8,2,0.00013217,genesis,major,within
2,46,8-4,2,0.00013217,genesis,major,within
2,47,2-8,1,6.609e-05,genesis,major,within
2,48,8-2,1,6.609e-05,genesis,major,within
2,49,7-5,1,6.609e-05,genesis,major,within
2,50,4-8,1,6.609e-05,genesis,major,within
3,1,2-2-2,1092,0.07216972,genesis,major,within
3,2,3-2-2,788,0.05207851,genesis,major,within
3,3,2-3-2,782,0.05168198,genesis,major,within
3,4,2-2-3,753,0.04976538,genesis,major,within
3,5,3-2-3,645,0.04262772,genesis,major,within
3,6,3-3-2,589,0.03892671,genesis,major,within
3,7,2-3-3,588,0.03886062,genesis,major,within
3,8,3-3-3,453,0.02993854,genesis,major,within
3,9,2-2-1,367,0.02425484,genesis,major,within
3,10,1-2-2,347,0.02293305,genesis,major,within
3,11,2-1-2,344,0.02273478,genesis,major,within
3,12,2-2-4,309,0.02042165,genesis,major,within
3,13,2-3-1,300,0.01982685,genesis,major,within
3,14,1-3-2,291,0.01923204,genesis,major,within
3,15,2-1-3,283,0.01870332,genesis,major,within
3,16,2-4-2,282,0.01863723,genesis,major,within
3,17,4-2-2,278,0.01837288,genesis,major,within
3,18,3-2-1,265,0.01751371,genesis,major,within
3,19,3-1-2,258,0.01705109,genesis,major,within
3,20,1-2-3,243,0.01605974,genesis,major,within
3,21,4-2-3,220,0.01453969,genesis,major,within
3,22,4-3-2,219,0.0144736,genesis,major,within
3,23,3-1-3,208,0.01374661,genesis,major,within
3,24,2-4-3,200,0.0132179,genesis,major,within
3,25,2-3-4,197,0.01301963,genesis,major,within
3,26,3-4-2,196,0.01295354,genesis,major,within
3,27,1-3-3,192,0.01268918,genesis,major,within
3,28,3-3-1,185,0.01222655,genesis,major,within
3,29,3-2-4,180,0.01189611,genesis,major,within
3,30,3-3-4,156,0.01030996,genesis,major,within
3,31,4-3-3,143,0.0094508,genesis,major,within
3,32,3-4-3,140,0.00925253,genesis,major,within
3,33,1-2-1,125,0.00826119,genesis,major,within
3,34,2-1-4,110,0.00726984,genesis,major,within
3,35,1-4-2,107,0.00707157,genesis,major,within
3,36,2-4-1,100,0.00660895,genesis,major,within
3,37,4-1-2,100,0.00660895,genesis,major,within
3,38,2-1-1,93,0.00614632,genesis,major,within
3,39,1-3-1,91,0.00601414,genesis,major,within
3,40,4-2-1,91,0.00601414,genesis,major,within
3,41,1-1-2,89,0.00588196,genesis,major,within
3,42,4-2-4,84,0.00555152,genesis,major,within
3,43,1-2-4,84,0.00555152,genesis,major,within
3,44,4-4-2,82,0.00541934,genesis,major,within
3,45,3-1-4,80,0.00528716,genesis,major,within
3,46,3-4-1,73,0.00482453,genesis,major,within
3,47,4-1-3,73,0.00482453,genesis,major,within
3,48,1-4-3,72,0.00475844,genesis,major,within
3,49,1-1-3,71,0.00469235,genesis,major,within
3,50,2-4-4,70,0.00462626,genesis,major,within
4,1,2-2-2-2,486,0.03212161,genesis,major,within
4,2,2-3-2-2,322,0.02128222,genesis,major,within
4,3,3-2-2-2,314,0.02075347,genesis,major,within
4,4,2-2-3-2,311,0.02055519,genesis,major,within
4,5,2-2-2-3,304,0.02009253,genesis,major,within
4,6,2-3-2-3,272,0.01797753,genesis,major,within
4,7,3-2-3-2,261,0.0172505,genesis,major,within
4,8,3-3-2-2,254,0.01678784,genesis,major,within
4,9,2-3-3-2,245,0.01619299,genesis,major,within
4,10,3-2-2-3,242,0.01599471,genesis,major,within
4,11,2-2-3-3,211,0.0139458,genesis,major,within
4,12,3-2-3-3,206,0.01361533,genesis,major,within
4,13,3-3-3-2,200,0.01321877,genesis,major,within
4,14,3-3-2-3,180,0.01189689,genesis,major,within
4,15,2-3-3-3,176,0.01163252,genesis,major,within
4,16,2-2-2-1,152,0.01004627,genesis,major,within
4,17,3-3-3-3,148,0.00978189,genesis,major,within
4,18,2-2-1-2,141,0.00931923,genesis,major,within
4,19,2-1-2-2,140,0.00925314,genesis,major,within
4,20,2-2-4-2,134,0.00885658,genesis,major,within
4,21,1-2-2-2,133,0.00879048,genesis,major,within
4,22,2-3-1-2,131,0.00865829,genesis,major,within
4,23,2-2-1-3,129,0.00852611,genesis,major,within
4,24,2-1-3-2,128,0.00846001,genesis,major,within
4,25,4-2-2-2,125,0.00826173,genesis,major,within
4,26,2-2-2-4,124,0.00819564,genesis,major,within
4,27,2-2-3-1,122,0.00806345,genesis,major,within
4,28,3-2-1-2,116,0.00766689,genesis,major,within
4,29,2-4-2-2,115,0.00760079,genesis,major,within
4,30,3-2-2-1,112,0.00740251,genesis,major,within
4,31,1-3-2-2,109,0.00720423,genesis,major,within
4,32,3-1-2-2,106,0.00700595,genesis,major,within
4,33,3-2-3-1,102,0.00674157,genesis,major,within
4,34,2-1-2-3,102,0.00674157,genesis,major,within
4,35,3-2-2-4,98,0.0064772,genesis,major,within
4,36,1-2-2-3,96,0.00634501,genesis,major,within
4,37,2-3-1-3,96,0.00634501,genesis,major,within
4,38,1-3-2-3,94,0.00621282,genesis,major,within
4,39,1-2-3-2,92,0.00608063,genesis,major,within
4,40,2-4-2-3,92,0.00608063,genesis,major,within
4,41,4-2-3-2,92,0.00608063,genesis,major,within
4,42,2-4-3-2,91,0.00601454,genesis,major,within
4,43,2-3-2-1,91,0.00601454,genesis,major,within
4,44,3-1-3-2,91,0.00601454,genesis,major,within
4,45,2-3-3-1,86,0.00568407,genesis,major,within
4,46,2-2-4-3,85,0.00561798,genesis,major,within
4,47,2-2-3-4,85,0.00561798,genesis,major,within
4,48,4-2-2-3,83,0.00548579,genesis,major,within
4,49,4-3-2-2,82,0.0054197,genesis,major,within
4,50,2-1-3-3,81,0.0053536,genesis,major,within
5,1,2-2-2-2-2,228,0.01507039,genesis,major,within
5,2,2-2-2-3-2,139,0.00918765,genesis,major,within
5,3,3-2-2-2-2,135,0.00892326,genesis,major,within
5,4,2-2-3-2-2,132,0.00872497,genesis,major,within
5,5,2-3-2-2-2,124,0.00819618,genesis,major,within
5,6,2-2-2-2-3,119,0.00786569,genesis,major,within
5,7,3-3-2-2-2,112,0.007403,genesis,major,within
5,8,2-2-3-2-3,107,0.00707251,genesis,major,within
5,9,2-3-3-2-2,107,0.00707251,genesis,major,within
5,10,2-3-2-3-2,105,0.00694031,genesis,major,within
5,11,3-2-3-2-2,105,0.00694031,genesis,major,within
5,12,2-2-3-3-2,100,0.00660982,genesis,major,within
5,13,2-3-2-2-3,95,0.00627933,genesis,major,within
5,14,3-2-2-2-3,93,0.00614713,genesis,major,within
5,15,3-2-3-2-3,89,0.00588274,genesis,major,within
5,16,3-2-2-3-2,87,0.00575055,genesis,major,within
5,17,3-3-3-2-2,86,0.00568445,genesis,major,within
5,18,2-3-2-3-3,85,0.00561835,genesis,major,within
5,19,2-3-3-2-3,80,0.00528786,genesis,major,within
5,20,2-3-3-3-2,79,0.00522176,genesis,major,within
5,21,3-2-3-3-2,79,0.00522176,genesis,major,within
5,22,2-2-2-2-1,78,0.00515566,genesis,major,within
5,23,3-2-2-3-3,77,0.00508956,genesis,major,within
5,24,3-2-3-3-3,75,0.00495737,genesis,major,within
5,25,3-3-2-3-2,73,0.00482517,genesis,major,within
5,26,3-3-2-2-3,72,0.00475907,genesis,major,within
5,27,3-3-3-3-2,70,0.00462688,genesis,major,within
5,28,2-2-2-3-3,69,0.00456078,genesis,major,within
5,29,1-2-2-2-2,63,0.00416419,genesis,major,within
5,30,2-3-3-3-3,61,0.00403199,genesis,major,within
5,31,3-3-2-3-3,60,0.00396589,genesis,major,within
5,32,2-2-1-2-2,60,0.00396589,genesis,major,within
5,33,2-1-2-2-2,59,0.0038998,genesis,major,within
5,34,2-2-3-3-3,58,0.0038337,genesis,major,within
5,35,2-2-2-1-3,58,0.0038337,genesis,major,within
5,36,2-3-1-2-2,56,0.0037015,genesis,major,within
5,37,2-2-2-1-2,56,0.0037015,genesis,major,within
5,38,2-4-2-2-2,55,0.0036354,genesis,major,within
5,39,2-2-2-3-1,54,0.0035693,genesis,major,within
5,40,2-2-3-1-2,54,0.0035693,genesis,major,within
5,41,2-2-4-2-2,53,0.00350321,genesis,major,within
5,42,3-3-3-2-3,53,0.00350321,genesis,major,within
5,43,2-2-2-2-4,53,0.00350321,genesis,major,within
5,44,2-2-1-3-2,52,0.00343711,genesis,major,within
5,45,2-2-2-4-2,51,0.00337101,genesis,major,within
5,46,2-3-2-2-1,51,0.00337101,genesis,major,within
5,47,4-2-2-2-2,50,0.00330491,genesis,major,within
5,48,3-3-3-3-3,49,0.00323881,genesis,major,within
5,49,3-2-1-2-2,49,0.00323881,genesis,major,within
5,50,2-2-4-2-3,47,0.00310662,genesis,major,within
6,1,2-2-2-2-2-2,111,0.00733739,genesis,major,within
6,2,3-2-2-2-2-2,69,0.00456108,genesis,major,within
6,3,2-2-2-3-2-2,63,0.00416446,genesis,major,within
6,4,2-2-2-2-3-2,61,0.00403226,genesis,major,within
6,5,2-2-2-2-2-3,56,0.00370175,genesis,major,within
6,6,2-2-3-2-2-2,53,0.00350344,genesis,major,within
6,7,2-3-2-2-2-2,53,0.00350344,genesis,major,within
6,8,3-3-2-2-2-2,51,0.00337123,genesis,major,within
6,9,2-2-3-3-2-2,50,0.00330513,genesis,major,within
6,10,2-3-3-2-2-2,50,0.00330513,genesis,major,within
6,11,3-2-2-2-3-2,49,0.00323903,genesis,major,within
6,12,2-2-2-3-2-3,48,0.00317292,genesis,major,within
6,13,2-3-2-2-3-2,42,0.00277631,genesis,major,within
6,14,3-2-2-3-3-2,41,0.00271021,genesis,major,within
6,15,3-2-3-2-2-2,40,0.0026441,genesis,major,within
6,16,2-3-2-3-2-3,39,0.002578,genesis,major,within
6,17,2-2-3-2-3-2,38,0.0025119,genesis,major,within
6,18,2-3-2-3-2-2,38,0.0025119,genesis,major,within
6,19,2-3-2-2-2-3,38,0.0025119,genesis,major,within
6,20,2-2-3-2-3-3,37,0.0024458,genesis,major,within
6,21,3-2-3-2-3-2,35,0.00231359,genesis,major,within
6,22,2-2-2-2-2-1,34,0.00224749,genesis,major,within
6,23,3-2-2-3-2-2,34,0.00224749,genesis,major,within
6,24,2-3-3-2-3-2,34,0.00224749,genesis,major,within
6,25,3-2-2-3-2-3,33,0.00218139,genesis,major,within
6,26,2-2-4-2-2-2,33,0.00218139,genesis,major,within
6,27,2-3-2-3-3-2,33,0.00218139,genesis,major,within
6,28,2-3-3-3-3-2,33,0.00218139,genesis,major,within
6,29,2-2-2-2-1-3,33,0.00218139,genesis,major,within
6,30,2-2-3-2-2-3,32,0.00211528,genesis,major,within
6,31,3-2-3-2-2-3,31,0.00204918,genesis,major,within
6,32,3-3-2-3-2-2,31,0.00204918,genesis,major,within
6,33,3-3-3-2-2-2,31,0.00204918,genesis,major,within
6,34,3-2-3-3-3-2,30,0.00198308,genesis,major,within
6,35,2-3-3-2-2-3,30,0.00198308,genesis,major,within
6,36,3-2-3-2-3-3,30,0.00198308,genesis,major,within
6,37,2-3-2-3-3-3,30,0.00198308,genesis,major,within
6,38,2-3-3-3-2-2,30,0.00198308,genesis,major,within
6,39,3-2-3-3-2-2,30,0.00198308,genesis,major,within
6,40,3-3-2-2-2-3,30,0.00198308,genesis,major,within
6,41,2-2-3-3-2-3,29,0.00191698,genesis,major,within
6,42,2-2-2-3-1-2,28,0.00185087,genesis,major,within
6,43,2-2-2-2-1-2,28,0.00185087,genesis,major,within
6,44,2-2-2-3-3-2,28,0.00185087,genesis,major,within
6,45,3-3-3-3-2-2,28,0.00185087,genesis,major,within
6,46,3-3-3-2-2-3,28,0.00185087,genesis,major,within
6,47,3-2-3-3-3-3,27,0.00178477,genesis,major,within
6,48,3-3-2-2-3-3,27,0.00178477,genesis,major,within
6,49,3-2-2-2-2-3,27,0.00178477,genesis,major,within
6,50,2-2-1-2-2-2,27,0.00178477,genesis,major,within
2,1,3-3,384,0.12825651,genesis,major,cross_reset
2,2,2-2,370,0.12358049,genesis,major,cross_reset
2,3,3-2,366,0.12224449,genesis,major,cross_reset
2,4,2-3,355,0.11857047,genesis,major,cross_reset
2,5,4-3,148,0.0494322,genesis,major,cross_reset
2,6,3-4,145,0.04843019,genesis,major,cross_reset
2,7,2-1,143,0.04776219,genesis,major,cross_reset
2,8,1-2,139,0.04642619,genesis,major,cross_reset
2,9,1-3,133,0.04442218,genesis,major,cross_reset
2,10,3-1,128,0.04275217,genesis,major,cross_reset
2,11,2-4,128,0.04275217,genesis,major,cross_reset
2,12,4-2,108,0.03607214,genesis,major,cross_reset
2,13,4-4,65,0.02171009,genesis,major,cross_reset
2,14,1-1,46,0.01536406,genesis,major,cross_reset
2,15,5-2,44,0.01469606,genesis,major,cross_reset
2,16,4-1,40,0.01336005,genesis,major,cross_reset
2,17,1-4,36,0.01202405,genesis,major,cross_reset
2,18,2-5,35,0.01169005,genesis,major,cross_reset
2,19,5-3,34,0.01135605,genesis,major,cross_reset
2,20,3-5,30,0.01002004,genesis,major,cross_reset
2,21,4-5,23,0.00768203,genesis,major,cross_reset
2,22,1-5,14,0.00467602,genesis,major,cross_reset
2,23,5-4,14,0.00467602,genesis,major,cross_reset
2,24,6-2,12,0.00400802,genesis,major,cross_reset
2,25,5-1,11,0.00367401,genesis,major,cross_reset
2,26,2-6,8,0.00267201,genesis,major,cross_reset
2,27,3-6,6,0.00200401,genesis,major,cross_reset
2,28,6-3,5,0.00167001,genesis,major,cross_reset
2,29,5-5,4,0.00133601,genesis,major,cross_reset
2,30,1-6,4,0.00133601,genesis,major,cross_reset
2,31,4-6,4,0.00133601,genesis,major,cross_reset
2,32,6-1,3,0.001002,genesis,major,cross_reset
2,33,6-4,2,0.000668,genesis,major,cross_reset
2,34,4-7,2,0.000668,genesis,major,cross_reset
2,35,5-6,1,0.000334,genesis,major,cross_reset
2,36,6-6,1,0.000334,genesis,major,cross_reset
2,37,7-5,1,0.000334,genesis,major,cross_reset
2,38,7-4,1,0.000334,genesis,major,cross_reset
2,39,6-5,1,0.000334,genesis,major,cross_reset
3,1,2-2-2,148,0.04944871,genesis,major,cross_reset
3,2,3-3-3,141,0.04710992,genesis,major,cross_reset
3,3,3-2-3,139,0.0464417,genesis,major,cross_reset
3,4,2-3-2,129,0.04310057,genesis,major,cross_reset
3,5,3-3-2,127,0.04243234,genesis,major,cross_reset
3,6,2-2-3,124,0.04143,genesis,major,cross_reset
3,7,2-3-3,120,0.04009355,genesis,major,cross_reset
3,8,3-2-2,119,0.03975944,genesis,major,cross_reset
3,9,4-3-3,68,0.02271968,genesis,major,cross_reset
3,10,3-3-4,61,0.02038089,genesis,major,cross_reset
3,11,2-4-3,59,0.01971266,genesis,major,cross_reset
3,12,2-1-2,57,0.01904444,genesis,major,cross_reset
3,13,2-2-1,53,0.01770799,genesis,major,cross_reset
3,14,3-1-2,51,0.01703976,genesis,major,cross_reset
3,15,3-4-3,51,0.01703976,genesis,major,cross_reset
3,16,2-3-1,50,0.01670565,genesis,major,cross_reset
3,17,2-1-3,50,0.01670565,genesis,major,cross_reset
3,18,1-3-2,48,0.01603742,genesis,major,cross_reset
3,19,3-1-3,47,0.01570331,genesis,major,cross_reset
3,20,1-3-3,47,0.01570331,genesis,major,cross_reset
3,21,1-2-2,46,0.01536919,genesis,major,cross_reset
3,22,3-2-4,46,0.01536919,genesis,major,cross_reset
3,23,3-3-1,45,0.01503508,genesis,major,cross_reset
3,24,3-2-1,45,0.01503508,genesis,major,cross_reset
3,25,2-3-4,44,0.01470097,genesis,major,cross_reset
3,26,4-3-2,44,0.01470097,genesis,major,cross_reset
3,27,4-2-3,41,0.01369863,genesis,major,cross_reset
3,28,3-4-2,40,0.01336452,genesis,major,cross_reset
3,29,4-2-2,35,0.01169395,genesis,major,cross_reset
3,30,1-2-3,33,0.01102573,genesis,major,cross_reset
3,31,1-2-1,33,0.01102573,genesis,major,cross_reset
3,32,2-4-2,32,0.01069161,genesis,major,cross_reset
3,33,2-2-4,29,0.00968927,genesis,major,cross_reset
3,34,3-4-4,27,0.00902105,genesis,major,cross_reset
3,35,1-2-4,23,0.0076846,genesis,major,cross_reset
3,36,4-4-2,23,0.0076846,genesis,major,cross_reset
3,37,4-4-3,21,0.00701637,genesis,major,cross_reset
3,38,4-2-4,20,0.00668226,genesis,major,cross_reset
3,39,1-3-4,19,0.00634815,genesis,major,cross_reset
3,40,3-5-2,19,0.00634815,genesis,major,cross_reset
3,41,2-4-4,18,0.00601403,genesis,major,cross_reset
3,42,1-1-2,17,0.00567992,genesis,major,cross_reset
3,43,5-2-2,17,0.00567992,genesis,major,cross_reset
3,44,4-1-3,16,0.00534581,genesis,major,cross_reset
3,45,4-3-1,15,0.00501169,genesis,major,cross_reset
3,46,3-4-1,15,0.00501169,genesis,major,cross_reset
3,47,3-2-5,15,0.00501169,genesis,major,cross_reset
3,48,4-3-4,15,0.00501169,genesis,major,cross_reset
3,49,2-1-4,14,0.00467758,genesis,major,cross_reset
3,50,3-1-1,14,0.00467758,genesis,major,cross_reset
4,1,3-2-3-2,58,0.01938503,genesis,major,cross_reset
4,2,3-3-2-3,55,0.01838235,genesis,major,cross_reset
4,3,2-3-2-3,55,0.01838235,genesis,major,cross_reset
4,4,2-2-2-2,53,0.0177139,genesis,major,cross_reset
4,5,3-3-3-2,53,0.0177139,genesis,major,cross_reset
4,6,2-2-2-3,52,0.01737968,genesis,major,cross_reset
4,7,2-2-3-3,51,0.01704545,genesis,major,cross_reset
4,8,3-3-3-3,51,0.01704545,genesis,major,cross_reset
4,9,3-2-2-2,46,0.01537433,genesis,major,cross_reset
4,10,2-3-3-3,46,0.01537433,genesis,major,cross_reset
4,11,3-2-3-3,46,0.01537433,genesis,major,cross_reset
4,12,3-2-2-3,41,0.01370321,genesis,major,cross_reset
4,13,3-3-2-2,40,0.01336898,genesis,major,cross_reset
4,14,2-3-2-2,33,0.01102941,genesis,major,cross_reset
4,15,2-3-3-2,32,0.01069519,genesis,major,cross_reset
4,16,2-2-2-1,30,0.01002674,genesis,major,cross_reset
4,17,2-2-3-2,29,0.00969251,genesis,major,cross_reset
4,18,3-4-3-3,26,0.00868984,genesis,major,cross_reset
4,19,2-3-1-2,25,0.00835561,genesis,major,cross_reset
4,20,2-4-3-3,25,0.00835561,genesis,major,cross_reset
4,21,2-4-3-2,24,0.00802139,genesis,major,cross_reset
4,22,4-3-3-3,24,0.00802139,genesis,major,cross_reset
4,23,3-3-1-3,23,0.00768717,genesis,major,cross_reset
4,24,2-1-3-2,23,0.00768717,genesis,major,cross_reset
4,25,1-2-2-2,23,0.00768717,genesis,major,cross_reset
4,26,2-2-1-2,23,0.00768717,genesis,major,cross_reset
4,27,1-3-2-2,22,0.00735294,genesis,major,cross_reset
4,28,4-3-3-2,22,0.00735294,genesis,major,cross_reset
4,29,2-2-3-1,22,0.00735294,genesis,major,cross_reset
4,30,2-2-1-3,21,0.00701872,genesis,major,cross_reset
4,31,2-1-2-2,21,0.00701872,genesis,major,cross_reset
4,32,3-3-3-4,20,0.00668449,genesis,major,cross_reset
4,33,3-2-4-3,20,0.00668449,genesis,major,cross_reset
4,34,3-4-2-3,20,0.00668449,genesis,major,cross_reset
4,35,3-2-3-1,19,0.00635027,genesis,major,cross_reset
4,36,1-3-3-3,19,0.00635027,genesis,major,cross_reset
4,37,2-2-3-4,19,0.00635027,genesis,major,cross_reset
4,38,2-3-3-4,19,0.00635027,genesis,major,cross_reset
4,39,2-3-4-3,19,0.00635027,genesis,major,cross_reset
4,40,4-2-3-2,19,0.00635027,genesis,major,cross_reset
4,41,3-3-4-3,18,0.00601604,genesis,major,cross_reset
4,42,2-3-2-4,17,0.00568182,genesis,major,cross_reset
4,43,2-3-2-1,17,0.00568182,genesis,major,cross_reset
4,44,3-1-3-3,17,0.00568182,genesis,major,cross_reset
4,45,3-3-4-2,17,0.00568182,genesis,major,cross_reset
4,46,3-2-1-2,17,0.00568182,genesis,major,cross_reset
4,47,2-3-3-1,16,0.00534759,genesis,major,cross_reset
4,48,4-3-2-2,16,0.00534759,genesis,major,cross_reset
4,49,1-2-3-2,15,0.00501337,genesis,major,cross_reset
4,50,3-3-3-1,15,0.00501337,genesis,major,cross_reset
5,1,3-3-2-3-2,27,0.00902708,genesis,major,cross_reset
5,2,3-3-3-2-3,26,0.00869274,genesis,major,cross_reset
5,3,2-3-2-3-2,23,0.00768974,genesis,major,cross_reset
5,4,2-2-3-3-3,22,0.0073554,genesis,major,cross_reset
5,5,2-2-2-2-2,22,0.0073554,genesis,major,cross_reset
5,6,3-3-3-3-3,22,0.0073554,genesis,major,cross_reset
5,7,3-2-3-2-3,22,0.0073554,genesis,major,cross_reset
5,8,2-2-2-3-3,21,0.00702106,genesis,major,cross_reset
5,9,3-2-2-2-3,19,0.00635239,genesis,major,cross_reset
5,10,2-3-3-3-2,19,0.00635239,genesis,major,cross_reset
5,11,2-3-2-3-3,19,0.00635239,genesis,major,cross_reset
5,12,3-3-3-2-2,18,0.00601805,genesis,major,cross_reset
5,13,2-2-2-2-3,18,0.00601805,genesis,major,cross_reset
5,14,3-2-2-3-3,17,0.00568372,genesis,major,cross_reset
5,15,2-3-3-3-3,16,0.00534938,genesis,major,cross_reset
5,16,3-3-2-2-3,16,0.00534938,genesis,major,cross_reset
5,17,3-3-2-3-3,16,0.00534938,genesis,major,cross_reset
5,18,3-3-3-3-2,16,0.00534938,genesis,major,cross_reset
5,19,3-3-2-2-2,15,0.00501505,genesis,major,cross_reset
5,20,2-2-2-1-2,14,0.00468071,genesis,major,cross_reset
5,21,2-2-3-1-2,14,0.00468071,genesis,major,cross_reset
5,22,3-2-3-3-2,14,0.00468071,genesis,major,cross_reset
5,23,3-2-2-3-2,14,0.00468071,genesis,major,cross_reset
5,24,2-2-3-2-3,14,0.00468071,genesis,major,cross_reset
5,25,3-2-3-3-3,13,0.00434637,genesis,major,cross_reset
5,26,2-3-2-2-2,13,0.00434637,genesis,major,cross_reset
5,27,3-2-2-2-2,13,0.00434637,genesis,major,cross_reset
5,28,2-3-3-2-3,12,0.00401204,genesis,major,cross_reset
5,29,3-2-3-2-4,12,0.00401204,genesis,major,cross_reset
5,30,2-2-3-3-2,12,0.00401204,genesis,major,cross_reset
5,31,2-2-2-2-1,11,0.0036777,genesis,major,cross_reset
5,32,3-3-3-3-4,11,0.0036777,genesis,major,cross_reset
5,33,2-2-2-3-2,11,0.0036777,genesis,major,cross_reset
5,34,2-1-2-2-2,11,0.0036777,genesis,major,cross_reset
5,35,3-2-3-2-2,11,0.0036777,genesis,major,cross_reset
5,36,3-3-1-3-2,10,0.00334336,genesis,major,cross_reset
5,37,3-2-2-1-3,10,0.00334336,genesis,major,cross_reset
5,38,3-2-3-2-1,10,0.00334336,genesis,major,cross_reset
5,39,2-2-2-1-3,10,0.00334336,genesis,major,cross_reset
5,40,2-2-3-2-2,10,0.00334336,genesis,major,cross_reset
5,41,3-2-4-3-2,10,0.00334336,genesis,major,cross_reset
5,42,2-2-3-4-3,10,0.00334336,genesis,major,cross_reset
5,43,2-3-4-3-3,10,0.00334336,genesis,major,cross_reset
5,44,4-2-3-2-3,10,0.00334336,genesis,major,cross_reset
5,45,3-2-3-1-2,9,0.00300903,genesis,major,cross_reset
5,46,2-3-1-2-3,9,0.00300903,genesis,major,cross_reset
5,47,2-1-3-2-2,9,0.00300903,genesis,major,cross_reset
5,48,1-2-2-2-2,9,0.00300903,genesis,major,cross_reset
5,49,3-3-4-3-3,9,0.00300903,genesis,major,cross_reset
5,50,4-3-3-2-2,9,0.00300903,genesis,major,cross_reset
6,1,3-3-3-2-3-2,12,0.00401338,genesis,major,cross_reset
6,2,3-2-2-2-3-3,11,0.00367893,genesis,major,cross_reset
6,3,3-3-2-3-2-3,11,0.00367893,genesis,major,cross_reset
6,4,2-2-2-2-2-2,10,0.00334448,genesis,major,cross_reset
6,5,3-3-3-2-2-3,10,0.00334448,genesis,major,cross_reset
6,6,2-2-2-2-3-2,9,0.00301003,genesis,major,cross_reset
6,7,2-2-3-3-3-2,9,0.00301003,genesis,major,cross_reset
6,8,2-3-3-3-2-3,9,0.00301003,genesis,major,cross_reset
6,9,3-2-2-3-2-3,9,0.00301003,genesis,major,cross_reset
6,10,3-3-3-3-3-3,9,0.00301003,genesis,major,cross_reset
6,11,3-2-3-2-3-3,9,0.00301003,genesis,major,cross_reset
6,12,3-2-2-3-3-3,8,0.00267559,genesis,major,cross_reset
6,13,2-3-2-3-2-3,8,0.00267559,genesis,major,cross_reset
6,14,3-2-3-2-3-2,8,0.00267559,genesis,major,cross_reset
6,15,3-3-3-3-2-3,8,0.00267559,genesis,major,cross_reset
6,16,2-3-3-3-3-3,7,0.00234114,genesis,major,cross_reset
6,17,3-3-2-3-2-4,7,0.00234114,genesis,major,cross_reset
6,18,2-2-1-2-2-2,7,0.00234114,genesis,major,cross_reset
6,19,2-2-3-2-3-2,7,0.00234114,genesis,major,cross_reset
6,20,2-3-3-3-2-2,7,0.00234114,genesis,major,cross_reset
6,21,2-3-2-3-2-2,7,0.00234114,genesis,major,cross_reset
6,22,3-3-3-3-3-2,7,0.00234114,genesis,major,cross_reset
6,23,2-3-2-3-3-2,7,0.00234114,genesis,major,cross_reset
6,24,2-1-3-2-2-2,6,0.00200669,genesis,major,cross_reset
6,25,2-2-2-2-1-2,6,0.00200669,genesis,major,cross_reset
6,26,3-2-3-3-3-3,6,0.00200669,genesis,major,cross_reset
6,27,2-2-2-1-2-2,6,0.00200669,genesis,major,cross_reset
6,28,2-1-2-2-3-1,6,0.00200669,genesis,major,cross_reset
6,29,1-2-2-3-1-2,6,0.00200669,genesis,major,cross_reset
6,30,3-3-3-3-3-4,6,0.00200669,genesis,major,cross_reset
6,31,2-2-2-2-2-3,6,0.00200669,genesis,major,cross_reset
6,32,3-2-2-2-2-2,6,0.00200669,genesis,major,cross_reset
6,33,3-3-2-2-3-2,6,0.00200669,genesis,major,cross_reset
6,34,2-2-3-2-3-3,6,0.00200669,genesis,major,cross_reset
6,35,3-2-2-3-3-2,6,0.00200669,genesis,major,cross_reset
6,36,2-3-2-2-3-3,6,0.00200669,genesis,major,cross_reset
6,37,2-3-3-2-2-2,6,0.00200669,genesis,major,cross_reset
6,38,3-3-3-3-2-2,6,0.00200669,genesis,major,cross_reset
6,39,3-2-3-3-2-3,6,0.00200669,genesis,major,cross_reset
6,40,2-2-2-3-3-3,6,0.00200669,genesis,major,cross_reset
6,41,3-3-1-3-2-2,5,0.00167224,genesis,major,cross_reset
6,42,2-2-2-3-3-1,5,0.00167224,genesis,major,cross_reset
6,43,2-2-3-3-3-4,5,0.00167224,genesis,major,cross_reset
6,44,4-2-2-3-3-3,5,0.00167224,genesis,major,cross_reset
6,45,4-3-2-2-2-3,5,0.00167224,genesis,major,cross_reset
6,46,2-3-1-2-2-2,5,0.00167224,genesis,major,cross_reset
6,47,2-2-2-3-2-2,5,0.00167224,genesis,major,cross_reset
6,48,3-2-2-1-3-3,5,0.00167224,genesis,major,cross_reset
6,49,2-3-2-2-2-3,5,0.00167224,genesis,major,cross_reset
6,50,2-2-2-3-1-2,5,0.00167224,genesis,major,cross_reset
2,1,2-2,2890,0.15943068,genesis,major,all
2,2,3-2,2404,0.13261985,genesis,major,all
2,3,2-3,2369,0.13068903,genesis,major,all
2,4,3-3,1746,0.09632041,genesis,major,all
2,5,2-1,910,0.05020136,genesis,major,all
2,6,4-2,876,0.0483257,genesis,major,all
2,7,2-4,872,0.04810504,genesis,major,all
2,8,1-2,860,0.04744304,genesis,major,all
2,9,3-1,818,0.04512606,genesis,major,all
2,10,1-3,770,0.04247807,genesis,major,all
2,11,4-3,627,0.03458929,genesis,major,all
2,12,3-4,574,0.03166547,genesis,major,all
2,13,1-4,359,0.01980471,genesis,major,all
2,14,4-1,325,0.01792906,genesis,major,all
2,15,1-1,286,0.01577757,genesis,major,all
2,16,4-4,204,0.01125393,genesis,major,all
2,17,5-2,198,0.01092293,genesis,major,all
2,18,2-5,197,0.01086777,genesis,major,all
2,19,5-3,142,0.00783362,genesis,major,all
2,20,3-5,124,0.00684062,genesis,major,all
2,21,1-5,115,0.00634413,genesis,major,all
2,22,5-1,81,0.00446847,genesis,major,all
2,23,5-4,64,0.00353064,genesis,major,all
2,24,6-2,48,0.00264798,genesis,major,all
2,25,4-5,47,0.00259282,genesis,major,all
2,26,1-6,39,0.00215149,genesis,major,all
2,27,2-6,36,0.00198599,genesis,major,all
2,28,6-3,24,0.00132399,genesis,major,all
2,29,3-6,16,0.00088266,genesis,major,all
2,30,6-1,16,0.00088266,genesis,major,all
2,31,6-4,11,0.00060683,genesis,major,all
2,32,1-7,10,0.00055166,genesis,major,all
2,33,7-3,9,0.0004965,genesis,major,all
2,34,5-5,9,0.0004965,genesis,major,all
2,35,4-6,8,0.00044133,genesis,major,all
2,36,2-7,8,0.00044133,genesis,major,all
2,37,7-1,5,0.00027583,genesis,major,all
2,38,3-7,4,0.00022067,genesis,major,all
2,39,7-4,4,0.00022067,genesis,major,all
2,40,7-2,4,0.00022067,genesis,major,all
2,41,5-6,3,0.0001655,genesis,major,all
2,42,6-5,3,0.0001655,genesis,major,all
2,43,8-2,2,0.00011033,genesis,major,all
2,44,4-7,2,0.00011033,genesis,major,all
2,45,7-5,2,0.00011033,genesis,major,all
2,46,1-8,2,0.00011033,genesis,major,all
2,47,8-4,2,0.00011033,genesis,major,all
2,48,2-8,1,5.517e-05,genesis,major,all
2,49,4-8,1,5.517e-05,genesis,major,all
3,1,2-2-2,1155,0.06372062,genesis,major,all
3,2,2-3-2,1003,0.05533488,genesis,major,all
3,3,2-2-3,930,0.05130751,genesis,major,all
3,4,3-2-2,925,0.05103167,genesis,major,all
3,5,3-2-3,833,0.04595609,genesis,major,all
3,6,2-3-3,735,0.04054949,genesis,major,all
3,7,3-3-2,727,0.04010813,genesis,major,all
3,8,3-3-3,577,0.03183273,genesis,major,all
3,9,2-2-4,365,0.02013682,genesis,major,all
3,10,2-4-2,365,0.02013682,genesis,major,all
3,11,1-2-2,356,0.0196403,genesis,major,all
3,12,2-2-1,350,0.01930928,genesis,major,all
3,13,2-3-1,347,0.01914377,genesis,major,all
3,14,4-2-2,345,0.01903343,genesis,major,all
3,15,1-3-2,333,0.0183714,genesis,major,all
3,16,2-1-2,320,0.0176542,genesis,major,all
3,17,3-2-1,316,0.01743352,genesis,major,all
3,18,2-1-3,290,0.01599912,genesis,major,all
3,19,3-1-2,279,0.01539225,genesis,major,all
3,20,4-2-3,278,0.01533708,genesis,major,all
3,21,4-3-2,272,0.01500607,genesis,major,all
3,22,2-4-3,262,0.01445437,genesis,major,all
3,23,3-1-3,259,0.01428887,genesis,major,all
3,24,3-2-4,257,0.01417853,genesis,major,all
3,25,1-2-3,252,0.01390268,genesis,major,all
3,26,3-3-1,247,0.01362683,genesis,major,all
3,27,3-4-2,243,0.01340616,genesis,major,all
3,28,2-3-4,225,0.01241311,genesis,major,all
3,29,1-3-3,210,0.01158557,genesis,major,all
3,30,4-3-3,179,0.00987532,genesis,major,all
3,31,3-4-3,172,0.00948913,genesis,major,all
3,32,3-3-4,165,0.00910295,genesis,major,all
3,33,1-4-2,156,0.00860642,genesis,major,all
3,34,2-4-1,145,0.00799956,genesis,major,all
3,35,2-1-4,132,0.00728236,genesis,major,all
3,36,3-1-4,128,0.00706168,genesis,major,all
3,37,1-2-1,120,0.00662032,genesis,major,all
3,38,4-1-2,119,0.00656516,genesis,major,all
3,39,4-2-4,119,0.00656516,genesis,major,all
3,40,2-1-1,112,0.00617897,genesis,major,all
3,41,1-1-2,111,0.0061238,genesis,major,all
3,42,1-3-1,109,0.00601346,genesis,major,all
3,43,4-2-1,106,0.00584795,genesis,major,all
3,44,1-4-3,103,0.00568245,genesis,major,all
3,45,1-2-4,98,0.0054066,genesis,major,all
3,46,4-1-3,97,0.00535143,genesis,major,all
3,47,3-1-1,90,0.00496524,genesis,major,all
3,48,5-2-2,89,0.00491007,genesis,major,all
3,49,1-1-3,88,0.0048549,genesis,major,all
3,50,1-3-4,87,0.00479974,genesis,major,all
4,1,2-2-2-2,482,0.0265931,genesis,major,all
4,2,2-2-3-2,397,0.02190345,genesis,major,all
4,3,2-3-2-2,386,0.02129655,genesis,major,all
4,4,2-2-2-3,346,0.01908966,genesis,major,all
4,5,2-3-2-3,346,0.01908966,genesis,major,all
4,6,3-2-2-2,344,0.01897931,genesis,major,all
4,7,3-2-3-2,338,0.01864828,genesis,major,all
4,8,3-2-2-3,320,0.01765517,genesis,major,all
4,9,2-3-3-2,304,0.01677241,genesis,major,all
4,10,2-2-3-3,290,0.016,genesis,major,all
4,11,3-3-2-2,280,0.01544828,genesis,major,all
4,12,3-2-3-3,274,0.01511724,genesis,major,all
4,13,3-3-2-3,257,0.01417931,genesis,major,all
4,14,3-3-3-2,244,0.01346207,genesis,major,all
4,15,2-3-3-3,230,0.01268966,genesis,major,all
4,16,3-3-3-3,202,0.01114483,genesis,major,all
4,17,2-2-4-2,153,0.00844138,genesis,major,all
4,18,2-2-2-4,148,0.00816552,genesis,major,all
4,19,1-2-2-2,148,0.00816552,genesis,major,all
4,20,2-2-2-1,146,0.00805517,genesis,major,all
4,21,2-4-2-2,145,0.008,genesis,major,all
4,22,4-2-2-2,135,0.00744828,genesis,major,all
4,23,1-3-2-2,134,0.0073931,genesis,major,all
4,24,2-2-3-1,130,0.00717241,genesis,major,all
4,25,2-1-2-2,127,0.0070069,genesis,major,all
4,26,4-2-3-2,126,0.00695172,genesis,major,all
4,27,3-2-3-1,126,0.00695172,genesis,major,all
4,28,2-3-1-2,125,0.00689655,genesis,major,all
4,29,2-4-2-3,125,0.00689655,genesis,major,all
4,30,2-1-3-2,124,0.00684138,genesis,major,all
4,31,2-3-3-1,123,0.00678621,genesis,major,all
4,32,2-3-2-1,123,0.00678621,genesis,major,all
4,33,3-2-1-2,122,0.00673103,genesis,major,all
4,34,2-2-1-3,120,0.00662069,genesis,major,all
4,35,1-2-2-3,120,0.00662069,genesis,major,all
4,36,3-2-2-1,117,0.00645517,genesis,major,all
4,37,2-3-2-4,116,0.0064,genesis,major,all
4,38,3-2-4-2,115,0.00634483,genesis,major,all
4,39,3-1-3-2,114,0.00628966,genesis,major,all
4,40,3-1-2-2,114,0.00628966,genesis,major,all
4,41,2-2-1-2,112,0.00617931,genesis,major,all
4,42,4-2-2-3,111,0.00612414,genesis,major,all
4,43,2-4-3-2,111,0.00612414,genesis,major,all
4,44,2-3-1-3,110,0.00606897,genesis,major,all
4,45,3-2-2-4,110,0.00606897,genesis,major,all
4,46,1-2-3-2,108,0.00595862,genesis,major,all
4,47,4-3-2-2,106,0.00584828,genesis,major,all
4,48,1-3-2-3,105,0.0057931,genesis,major,all
4,49,2-2-4-3,104,0.00573793,genesis,major,all
4,50,2-1-2-3,104,0.00573793,genesis,major,all
5,1,2-2-2-2-2,220,0.0121386,genesis,major,all
5,2,2-2-3-2-2,156,0.00860737,genesis,major,all
5,3,2-2-2-3-2,154,0.00849702,genesis,major,all
5,4,2-3-2-2-2,152,0.00838667,genesis,major,all
5,5,2-3-2-3-2,148,0.00816597,genesis,major,all
5,6,2-2-3-2-3,139,0.00766939,genesis,major,all
5,7,2-2-2-2-3,134,0.00739351,genesis,major,all
5,8,3-2-2-3-2,134,0.00739351,genesis,major,all
5,9,3-2-3-2-2,133,0.00733834,genesis,major,all
5,10,2-3-2-2-3,130,0.00717281,genesis,major,all
5,11,2-3-3-2-2,124,0.00684176,genesis,major,all
5,12,3-2-2-2-2,122,0.00673141,genesis,major,all
5,13,2-2-3-3-2,119,0.00656588,genesis,major,all
5,14,3-2-3-3-2,118,0.0065107,genesis,major,all
5,15,2-3-3-2-3,111,0.00612448,genesis,major,all
5,16,3-2-2-3-3,109,0.00601412,genesis,major,all
5,17,3-2-2-2-3,108,0.00595895,genesis,major,all
5,18,3-2-3-2-3,108,0.00595895,genesis,major,all
5,19,2-3-3-3-2,104,0.00573825,genesis,major,all
5,20,3-3-2-2-2,104,0.00573825,genesis,major,all
5,21,2-3-2-3-3,103,0.00568307,genesis,major,all
5,22,3-3-2-3-2,99,0.00546237,genesis,major,all
5,23,3-3-2-2-3,90,0.00496579,genesis,major,all
5,24,3-2-3-3-3,89,0.00491062,genesis,major,all
5,25,3-3-2-3-3,88,0.00485544,genesis,major,all
5,26,2-2-2-3-3,87,0.00480026,genesis,major,all
5,27,2-2-3-3-3,86,0.00474509,genesis,major,all
5,28,2-3-3-3-3,84,0.00463474,genesis,major,all
5,29,3-3-3-3-2,84,0.00463474,genesis,major,all
5,30,3-3-3-2-3,82,0.00452439,genesis,major,all
5,31,3-3-3-2-2,82,0.00452439,genesis,major,all
5,32,3-3-3-3-3,76,0.00419333,genesis,major,all
5,33,2-4-2-2-2,70,0.00386228,genesis,major,all
5,34,1-2-2-2-2,69,0.00380711,genesis,major,all
5,35,2-2-4-2-2,64,0.00353123,genesis,major,all
5,36,2-2-2-3-1,61,0.0033657,genesis,major,all
5,37,2-2-2-2-1,61,0.0033657,genesis,major,all
5,38,2-2-3-3-1,59,0.00325535,genesis,major,all
5,39,2-3-2-3-1,58,0.00320018,genesis,major,all
5,40,2-2-2-4-2,57,0.003145,genesis,major,all
5,41,2-2-1-3-2,56,0.00308983,genesis,major,all
5,42,2-3-1-2-2,55,0.00303465,genesis,major,all
5,43,3-2-1-2-2,55,0.00303465,genesis,major,all
5,44,4-2-2-2-2,54,0.00297947,genesis,major,all
5,45,2-3-2-4-2,54,0.00297947,genesis,major,all
5,46,2-2-2-2-4,54,0.00297947,genesis,major,all
5,47,3-2-2-2-1,54,0.00297947,genesis,major,all
5,48,3-2-2-2-4,53,0.0029243,genesis,major,all
5,49,2-1-2-2-2,53,0.0029243,genesis,major,all
5,50,2-3-2-2-1,53,0.0029243,genesis,major,all
6,1,2-2-2-2-2-2,104,0.00573856,genesis,major,all
6,2,2-2-2-2-3-2,70,0.0038625,genesis,major,all
6,3,2-2-3-2-2-2,65,0.0035866,genesis,major,all
6,4,2-2-3-2-3-2,60,0.00331071,genesis,major,all
6,5,2-2-2-3-2-2,60,0.00331071,genesis,major,all
6,6,2-2-2-2-2-3,60,0.00331071,genesis,major,all
6,7,3-2-2-2-2-2,58,0.00320035,genesis,major,all
6,8,2-2-2-3-2-3,56,0.00309,genesis,major,all
6,9,2-3-2-2-2-2,56,0.00309,genesis,major,all
6,10,2-3-2-2-3-2,54,0.00297964,genesis,major,all
6,11,2-2-3-2-2-3,54,0.00297964,genesis,major,all
6,12,2-3-2-3-2-2,52,0.00286928,genesis,major,all
6,13,2-3-2-3-2-3,52,0.00286928,genesis,major,all
6,14,3-2-3-2-2-2,51,0.0028141,genesis,major,all
6,15,3-2-2-3-2-2,51,0.0028141,genesis,major,all
6,16,3-2-3-3-2-2,49,0.00270375,genesis,major,all
6,17,3-2-2-2-3-2,46,0.00253821,genesis,major,all
6,18,2-2-3-3-2-2,46,0.00253821,genesis,major,all
6,19,2-3-2-2-3-3,45,0.00248303,genesis,major,all
6,20,3-2-2-3-2-3,45,0.00248303,genesis,major,all
6,21,3-3-2-2-2-2,45,0.00248303,genesis,major,all
6,22,3-2-3-2-2-3,44,0.00242785,genesis,major,all
6,23,2-2-3-3-3-2,44,0.00242785,genesis,major,all
6,24,3-2-3-3-2-3,44,0.00242785,genesis,major,all
6,25,3-2-3-2-3-2,43,0.00237268,genesis,major,all
6,26,2-2-3-3-2-3,43,0.00237268,genesis,major,all
6,27,2-3-3-2-2-2,42,0.0023175,genesis,major,all
6,28,3-3-2-3-3-2,41,0.00226232,genesis,major,all
6,29,2-3-2-3-3-2,41,0.00226232,genesis,major,all
6,30,2-3-3-2-3-2,41,0.00226232,genesis,major,all
6,31,3-3-2-3-2-2,40,0.00220714,genesis,major,all
6,32,2-3-3-2-2-3,40,0.00220714,genesis,major,all
6,33,3-3-2-2-3-2,40,0.00220714,genesis,major,all
6,34,2-3-3-2-3-3,40,0.00220714,genesis,major,all
6,35,3-2-3-2-3-3,39,0.00215196,genesis,major,all
6,36,3-2-2-3-3-2,39,0.00215196,genesis,major,all
6,37,2-2-2-3-3-2,39,0.00215196,genesis,major,all
6,38,2-2-3-2-3-3,38,0.00209678,genesis,major,all
6,39,2-3-3-3-3-2,37,0.0020416,genesis,major,all
6,40,3-2-2-3-3-3,37,0.0020416,genesis,major,all
6,41,3-3-2-2-2-3,37,0.0020416,genesis,major,all
6,42,2-3-3-3-2-3,36,0.00198643,genesis,major,all
6,43,3-2-3-3-3-2,36,0.00198643,genesis,major,all
6,44,2-4-2-2-2-2,35,0.00193125,genesis,major,all
6,45,2-3-2-3-3-3,34,0.00187607,genesis,major,all
6,46,2-3-2-2-2-3,34,0.00187607,genesis,major,all
6,47,3-3-3-2-3-2,33,0.00182089,genesis,major,all
6,48,3-3-3-3-2-2,33,0.00182089,genesis,major,all
6,49,3-3-3-2-2-2,33,0.00182089,genesis,major,all
6,50,3-3-2-3-2-3,33,0.00182089,genesis,major,all
2,1,2-2,2258,0.18237622,genesis,major_minor,within
2,2,2-3,1644,0.1327841,genesis,major_minor,within
2,3,3-2,1629,0.13157257,genesis,major_minor,within
2,4,3-3,1200,0.0969227,genesis,major_minor,within
2,5,2-1,685,0.05532671,genesis,major_minor,within
2,6,1-2,654,0.05282287,genesis,major_minor,within
2,7,4-2,569,0.04595752,genesis,major_minor,within
2,8,2-4,538,0.04345368,genesis,major_minor,within
2,9,1-3,525,0.04240368,genesis,major_minor,within
2,10,3-1,511,0.04127292,genesis,major_minor,within
2,11,3-4,391,0.03158065,genesis,major_minor,within
2,12,4-3,365,0.02948066,genesis,major_minor,within
2,13,1-4,184,0.01486148,genesis,major_minor,within
2,14,4-4,182,0.01469994,genesis,major_minor,within
2,15,4-1,181,0.01461917,genesis,major_minor,within
2,16,1-1,178,0.01437687,genesis,major_minor,within
2,17,5-2,111,0.00896535,genesis,major_minor,within
2,18,2-5,106,0.00856151,genesis,major_minor,within
2,19,5-3,82,0.00662305,genesis,major_minor,within
2,20,3-5,79,0.00638074,genesis,major_minor,within
2,21,1-5,52,0.00419998,genesis,major_minor,within
2,22,5-4,38,0.00306922,genesis,major_minor,within
2,23,5-1,38,0.00306922,genesis,major_minor,within
2,24,4-5,36,0.00290768,genesis,major_minor,within
2,25,6-2,27,0.00218076,genesis,major_minor,within
2,26,3-6,17,0.00137307,genesis,major_minor,within
2,27,2-6,15,0.00121153,genesis,major_minor,within
2,28,5-5,13,0.00105,genesis,major_minor,within
2,29,4-6,8,0.00064615,genesis,major_minor,within
2,30,6-3,8,0.00064615,genesis,major_minor,within
2,31,6-4,8,0.00064615,genesis,major_minor,within
2,32,2-7,6,0.00048461,genesis,major_minor,within
2,33,7-3,5,0.00040384,genesis,major_minor,within
2,34,6-1,5,0.00040384,genesis,major_minor,within
2,35,1-7,5,0.00040384,genesis,major_minor,within
2,36,1-6,5,0.00040384,genesis,major_minor,within
2,37,7-1,4,0.00032308,genesis,major_minor,within
2,38,7-2,4,0.00032308,genesis,major_minor,within
2,39,5-6,3,0.00024231,genesis,major_minor,within
2,40,6-6,2,0.00016154,genesis,major_minor,within
2,41,2-8,2,0.00016154,genesis,major_minor,within
2,42,3-7,2,0.00016154,genesis,major_minor,within
2,43,8-2,1,8.077e-05,genesis,major_minor,within
2,44,8-4,1,8.077e-05,genesis,major_minor,within
2,45,4-8,1,8.077e-05,genesis,major_minor,within
2,46,8-3,1,8.077e-05,genesis,major_minor,within
2,47,5-8,1,8.077e-05,genesis,major_minor,within
2,48,8-1,1,8.077e-05,genesis,major_minor,within
3,1,2-2-2,999,0.08069467,genesis,major_minor,within
3,2,3-2-2,696,0.05621971,genesis,major_minor,within
3,3,2-3-2,696,0.05621971,genesis,major_minor,within
3,4,2-2-3,677,0.05468498,genesis,major_minor,within
3,5,3-2-3,526,0.04248788,genesis,major_minor,within
3,6,3-3-2,511,0.04127625,genesis,major_minor,within
3,7,2-3-3,510,0.04119548,genesis,major_minor,within
3,8,3-3-3,382,0.03085622,genesis,major_minor,within
3,9,2-2-1,292,0.02358643,genesis,major_minor,within
3,10,1-2-2,271,0.02189015,genesis,major_minor,within
3,11,2-1-2,271,0.02189015,genesis,major_minor,within
3,12,2-2-4,241,0.01946688,genesis,major_minor,within
3,13,2-3-1,240,0.01938611,genesis,major_minor,within
3,14,4-2-2,230,0.01857835,genesis,major_minor,within
3,15,2-1-3,229,0.01849758,genesis,major_minor,within
3,16,2-4-2,228,0.0184168,genesis,major_minor,within
3,17,1-3-2,223,0.01801292,genesis,major_minor,within
3,18,3-2-1,216,0.0174475,genesis,major_minor,within
3,19,1-2-3,213,0.01720517,genesis,major_minor,within
3,20,3-1-2,212,0.01712439,genesis,major_minor,within
3,21,4-2-3,179,0.0144588,genesis,major_minor,within
3,22,1-3-3,165,0.01332795,genesis,major_minor,within
3,23,3-4-2,164,0.01324717,genesis,major_minor,within
3,24,2-3-4,162,0.01308562,genesis,major_minor,within
3,25,2-4-3,157,0.01268174,genesis,major_minor,within
3,26,3-1-3,156,0.01260097,genesis,major_minor,within
3,27,4-3-2,154,0.01243942,genesis,major_minor,within
3,28,3-2-4,150,0.01211632,genesis,major_minor,within
3,29,3-3-1,148,0.01195477,genesis,major_minor,within
3,30,3-3-4,127,0.01025848,genesis,major_minor,within
3,31,4-3-3,115,0.00928918,genesis,major_minor,within
3,32,3-4-3,103,0.00831987,genesis,major_minor,within
3,33,2-1-1,87,0.00702746,genesis,major_minor,within
3,34,1-2-1,83,0.00670436,genesis,major_minor,within
3,35,4-4-2,82,0.00662359,genesis,major_minor,within
3,36,1-4-2,81,0.00654281,genesis,major_minor,within
3,37,4-2-1,79,0.00638126,genesis,major_minor,within
3,38,2-4-1,76,0.00613893,genesis,major_minor,within
3,39,3-1-4,75,0.00605816,genesis,major_minor,within
3,40,4-1-2,75,0.00605816,genesis,major_minor,within
3,41,1-1-2,75,0.00605816,genesis,major_minor,within
3,42,2-1-4,74,0.00597738,genesis,major_minor,within
3,43,1-3-1,71,0.00573506,genesis,major_minor,within
3,44,4-2-4,70,0.00565428,genesis,major_minor,within
3,45,3-4-4,66,0.00533118,genesis,major_minor,within
3,46,1-2-4,64,0.00516963,genesis,major_minor,within
3,47,1-1-3,63,0.00508885,genesis,major_minor,within
3,48,4-1-3,60,0.00484653,genesis,major_minor,within
3,49,2-4-4,57,0.0046042,genesis,major_minor,within
3,50,5-2-2,55,0.00444265,genesis,major_minor,within
4,1,2-2-2-2,481,0.03885613,genesis,major_minor,within
4,2,2-3-2-2,302,0.02439615,genesis,major_minor,within
4,3,3-2-2-2,292,0.02358834,genesis,major_minor,within
4,4,2-2-3-2,291,0.02350755,genesis,major_minor,within
4,5,2-2-2-3,283,0.0228613,genesis,major_minor,within
4,6,2-3-2-3,240,0.01938767,genesis,major_minor,within
4,7,3-3-2-2,231,0.01866063,genesis,major_minor,within
4,8,2-3-3-2,229,0.01849907,genesis,major_minor,within
4,9,3-2-2-3,221,0.01785282,genesis,major_minor,within
4,10,3-2-3-2,219,0.01769125,genesis,major_minor,within
4,11,2-2-3-3,198,0.01599483,genesis,major_minor,within
4,12,3-2-3-3,176,0.01421763,genesis,major_minor,within
4,13,3-3-3-2,158,0.01276355,genesis,major_minor,within
4,14,2-3-3-3,156,0.01260199,genesis,major_minor,within
4,15,3-3-2-3,134,0.01082478,genesis,major_minor,within
4,16,2-2-2-1,128,0.01034009,genesis,major_minor,within
4,17,3-3-3-3,127,0.01025931,genesis,major_minor,within
4,18,2-2-1-2,120,0.00969384,genesis,major_minor,within
4,19,2-4-2-2,109,0.00880523,genesis,major_minor,within
4,20,1-2-2-2,109,0.00880523,genesis,major_minor,within
4,21,2-1-2-2,106,0.00856289,genesis,major_minor,within
4,22,2-2-4-2,105,0.00848211,genesis,major_minor,within
4,23,2-3-1-2,102,0.00823976,genesis,major_minor,within
4,24,2-1-3-2,98,0.00791663,genesis,major_minor,within
4,25,2-2-2-4,98,0.00791663,genesis,major_minor,within
4,26,2-2-1-3,96,0.00775507,genesis,major_minor,within
4,27,3-2-1-2,96,0.00775507,genesis,major_minor,within
4,28,4-2-2-2,95,0.00767429,genesis,major_minor,within
4,29,2-1-2-3,92,0.00743194,genesis,major_minor,within
4,30,2-2-3-1,91,0.00735116,genesis,major_minor,within
4,31,3-2-2-1,90,0.00727038,genesis,major_minor,within
4,32,1-2-3-2,87,0.00702803,genesis,major_minor,within
4,33,3-1-2-2,86,0.00694725,genesis,major_minor,within
4,34,1-2-2-3,84,0.00678569,genesis,major_minor,within
4,35,1-3-2-2,82,0.00662412,genesis,major_minor,within
4,36,2-3-2-1,81,0.00654334,genesis,major_minor,within
4,37,3-2-3-1,80,0.00646256,genesis,major_minor,within
4,38,1-3-2-3,80,0.00646256,genesis,major_minor,within
4,39,2-2-3-4,80,0.00646256,genesis,major_minor,within
4,40,4-2-3-2,78,0.00630099,genesis,major_minor,within
4,41,3-1-2-3,76,0.00613943,genesis,major_minor,within
4,42,2-1-3-3,75,0.00605865,genesis,major_minor,within
4,43,3-2-2-4,74,0.00597787,genesis,major_minor,within
4,44,4-2-2-3,74,0.00597787,genesis,major_minor,within
4,45,2-3-4-2,73,0.00589708,genesis,major_minor,within
4,46,2-3-1-3,72,0.0058163,genesis,major_minor,within
4,47,3-3-2-1,71,0.00573552,genesis,major_minor,within
4,48,1-3-3-2,69,0.00557396,genesis,major_minor,within
4,49,2-3-3-1,68,0.00549317,genesis,major_minor,within
4,50,3-1-3-2,67,0.00541239,genesis,major_minor,within
5,1,2-2-2-2-2,236,0.01906608,genesis,major_minor,within
5,2,3-2-2-2-2,143,0.01155275,genesis,major_minor,within
5,3,2-2-2-2-3,139,0.0112296,genesis,major_minor,within
5,4,2-3-2-2-2,135,0.01090645,genesis,major_minor,within
5,5,2-2-3-2-2,126,0.01017935,genesis,major_minor,within
5,6,2-2-2-3-2,122,0.0098562,genesis,major_minor,within
5,7,3-2-3-2-2,104,0.008402,genesis,major_minor,within
5,8,2-3-3-2-2,100,0.00807885,genesis,major_minor,within
5,9,2-3-2-3-2,99,0.00799806,genesis,major_minor,within
5,10,3-3-2-2-2,97,0.00783648,genesis,major_minor,within
5,11,2-2-3-2-3,96,0.0077557,genesis,major_minor,within
5,12,3-2-2-3-2,96,0.0077557,genesis,major_minor,within
5,13,2-3-2-2-3,88,0.00710939,genesis,major_minor,within
5,14,2-2-3-3-2,88,0.00710939,genesis,major_minor,within
5,15,3-2-2-2-3,84,0.00678623,genesis,major_minor,within
5,16,3-3-2-2-3,77,0.00622071,genesis,major_minor,within
5,17,2-2-2-3-3,77,0.00622071,genesis,major_minor,within
5,18,2-3-2-3-3,75,0.00605914,genesis,major_minor,within
5,19,3-2-3-2-3,74,0.00597835,genesis,major_minor,within
5,20,3-2-3-3-2,74,0.00597835,genesis,major_minor,within
5,21,3-2-2-3-3,71,0.00573598,genesis,major_minor,within
5,22,3-3-3-2-2,68,0.00549362,genesis,major_minor,within
5,23,2-3-3-3-2,65,0.00525125,genesis,major_minor,within
5,24,2-2-3-3-3,63,0.00508968,genesis,major_minor,within
5,25,3-3-2-3-2,61,0.0049281,genesis,major_minor,within
5,26,2-2-4-2-2,59,0.00476652,genesis,major_minor,within
5,27,3-2-3-3-3,59,0.00476652,genesis,major_minor,within
5,28,2-3-3-2-3,59,0.00476652,genesis,major_minor,within
5,29,3-3-3-3-2,56,0.00452416,genesis,major_minor,within
5,30,2-2-2-2-1,55,0.00444337,genesis,major_minor,within
5,31,2-2-2-1-2,51,0.00412021,genesis,major_minor,within
5,32,2-3-3-3-3,50,0.00403942,genesis,major_minor,within
5,33,2-2-2-2-4,48,0.00387785,genesis,major_minor,within
5,34,4-2-2-2-2,47,0.00379706,genesis,major_minor,within
5,35,2-4-2-2-2,46,0.00371627,genesis,major_minor,within
5,36,3-3-3-2-3,46,0.00371627,genesis,major_minor,within
5,37,2-2-2-1-3,45,0.00363548,genesis,major_minor,within
5,38,2-2-1-2-2,45,0.00363548,genesis,major_minor,within
5,39,1-2-2-2-2,45,0.00363548,genesis,major_minor,within
5,40,2-3-2-1-2,44,0.00355469,genesis,major_minor,within
5,41,3-3-3-3-3,43,0.00347391,genesis,major_minor,within
5,42,2-2-3-1-2,42,0.00339312,genesis,major_minor,within
5,43,3-3-2-3-3,42,0.00339312,genesis,major_minor,within
5,44,2-2-2-4-2,42,0.00339312,genesis,major_minor,within
5,45,2-3-1-2-2,41,0.00331233,genesis,major_minor,within
5,46,2-2-1-2-3,41,0.00331233,genesis,major_minor,within
5,47,2-1-2-2-2,40,0.00323154,genesis,major_minor,within
5,48,2-1-3-2-2,40,0.00323154,genesis,major_minor,within
5,49,2-3-3-2-1,39,0.00315075,genesis,major_minor,within
5,50,2-2-2-3-4,39,0.00315075,genesis,major_minor,within
6,1,2-2-2-2-2-2,121,0.0097762,genesis,major_minor,within
6,2,3-2-2-2-2-2,72,0.00581724,genesis,major_minor,within
6,3,2-3-2-2-2-2,70,0.00565565,genesis,major_minor,within
6,4,2-2-2-2-2-3,67,0.00541327,genesis,major_minor,within
6,5,2-2-2-2-3-2,67,0.00541327,genesis,major_minor,within
6,6,2-2-3-2-2-2,61,0.0049285,genesis,major_minor,within
6,7,2-2-2-3-2-2,56,0.00452452,genesis,major_minor,within
6,8,2-3-2-3-2-2,47,0.00379737,genesis,major_minor,within
6,9,2-2-2-3-2-3,45,0.00363578,genesis,major_minor,within
6,10,2-3-3-2-2-2,44,0.00355498,genesis,major_minor,within
6,11,2-3-2-2-3-2,44,0.00355498,genesis,major_minor,within
6,12,3-2-3-2-2-2,42,0.00339339,genesis,major_minor,within
6,13,3-3-2-2-2-2,41,0.0033126,genesis,major_minor,within
6,14,2-2-3-3-2-2,40,0.0032318,genesis,major_minor,within
6,15,2-3-2-2-2-3,39,0.00315101,genesis,major_minor,within
6,16,3-2-2-2-2-3,38,0.00307021,genesis,major_minor,within
6,17,3-2-2-3-3-2,37,0.00298942,genesis,major_minor,within
6,18,3-2-3-2-3-2,36,0.00290862,genesis,major_minor,within
6,19,3-2-2-2-3-2,36,0.00290862,genesis,major_minor,within
6,20,3-2-3-2-2-3,35,0.00282783,genesis,major_minor,within
6,21,3-2-2-3-2-3,35,0.00282783,genesis,major_minor,within
6,22,2-2-3-2-3-3,35,0.00282783,genesis,major_minor,within
6,23,3-2-2-3-2-2,35,0.00282783,genesis,major_minor,within
6,24,2-2-2-2-3-3,34,0.00274703,genesis,major_minor,within
6,25,2-3-2-3-2-3,32,0.00258544,genesis,major_minor,within
6,26,2-2-2-3-3-3,32,0.00258544,genesis,major_minor,within
6,27,2-2-3-3-3-2,32,0.00258544,genesis,major_minor,within
6,28,2-3-2-3-3-3,32,0.00258544,genesis,major_minor,within
6,29,3-2-3-3-2-2,32,0.00258544,genesis,major_minor,within
6,30,3-3-2-2-2-3,32,0.00258544,genesis,major_minor,within
6,31,2-3-2-3-3-2,31,0.00250465,genesis,major_minor,within
6,32,2-3-3-2-2-3,31,0.00250465,genesis,major_minor,within
6,33,3-3-2-2-3-2,31,0.00250465,genesis,major_minor,within
6,34,2-2-3-2-3-2,30,0.00242385,genesis,major_minor,within
6,35,3-3-2-3-2-2,29,0.00234306,genesis,major_minor,within
6,36,3-3-3-2-2-2,29,0.00234306,genesis,major_minor,within
6,37,2-2-2-2-2-1,29,0.00234306,genesis,major_minor,within
6,38,2-2-3-2-2-3,28,0.00226226,genesis,major_minor,within
6,39,3-3-2-2-3-3,28,0.00226226,genesis,major_minor,within
6,40,2-2-2-3-3-2,28,0.00226226,genesis,major_minor,within
6,41,2-3-3-2-3-2,27,0.00218147,genesis,major_minor,within
6,42,2-3-3-3-2-2,26,0.00210067,genesis,major_minor,within
6,43,2-3-2-2-3-3,26,0.00210067,genesis,major_minor,within
6,44,2-3-3-3-3-2,26,0.00210067,genesis,major_minor,within
6,45,2-2-2-1-2-2,26,0.00210067,genesis,major_minor,within
6,46,2-2-4-2-2-2,25,0.00201988,genesis,major_minor,within
6,47,3-3-3-2-2-3,25,0.00201988,genesis,major_minor,within
6,48,3-2-3-3-3-3,24,0.00193908,genesis,major_minor,within
6,49,3-2-2-2-3-3,24,0.00193908,genesis,major_minor,within
6,50,2-2-3-3-2-3,24,0.00193908,genesis,major_minor,within
2,1,2-2,742,0.12915579,genesis,major_minor,cross_reset
2,2,2-3,651,0.11331593,genesis,major_minor,cross_reset
2,3,3-2,621,0.10809399,genesis,major_minor,cross_reset
2,4,3-3,616,0.10722367,genesis,major_minor,cross_reset
2,5,1-2,318,0.05535248,genesis,major_minor,cross_reset
2,6,3-1,301,0.05239339,genesis,major_minor,cross_reset
2,7,2-1,283,0.04926023,genesis,major_minor,cross_reset
2,8,2-4,257,0.04473455,genesis,major_minor,cross_reset
2,9,1-3,256,0.04456049,genesis,major_minor,cross_reset
2,10,4-2,254,0.04421236,genesis,major_minor,cross_reset
2,11,4-3,250,0.0435161,genesis,major_minor,cross_reset
2,12,3-4,241,0.04194952,genesis,major_minor,cross_reset
2,13,1-1,120,0.02088773,genesis,major_minor,cross_reset
2,14,4-4,105,0.01827676,genesis,major_minor,cross_reset
2,15,4-1,101,0.0175805,genesis,major_minor,cross_reset
2,16,1-4,94,0.01636205,genesis,major_minor,cross_reset
2,17,5-2,80,0.01392515,genesis,major_minor,cross_reset
2,18,2-5,70,0.01218451,genesis,major_minor,cross_reset
2,19,3-5,63,0.01096606,genesis,major_minor,cross_reset
2,20,5-3,62,0.01079199,genesis,major_minor,cross_reset
2,21,1-5,37,0.00644038,genesis,major_minor,cross_reset
2,22,5-4,36,0.00626632,genesis,major_minor,cross_reset
2,23,4-5,32,0.00557006,genesis,major_minor,cross_reset
2,24,5-1,25,0.00435161,genesis,major_minor,cross_reset
2,25,2-6,19,0.00330722,genesis,major_minor,cross_reset
2,26,6-3,18,0.00313316,genesis,major_minor,cross_reset
2,27,3-6,13,0.00226284,genesis,major_minor,cross_reset
2,28,6-4,12,0.00208877,genesis,major_minor,cross_reset
2,29,1-6,12,0.00208877,genesis,major_minor,cross_reset
2,30,6-2,12,0.00208877,genesis,major_minor,cross_reset
2,31,5-5,7,0.00121845,genesis,major_minor,cross_reset
2,32,6-1,6,0.00104439,genesis,major_minor,cross_reset
2,33,2-7,6,0.00104439,genesis,major_minor,cross_reset
2,34,4-6,4,0.00069626,genesis,major_minor,cross_reset
2,35,7-3,4,0.00069626,genesis,major_minor,cross_reset
2,36,6-6,3,0.00052219,genesis,major_minor,cross_reset
2,37,7-4,3,0.00052219,genesis,major_minor,cross_reset
2,38,3-7,2,0.00034813,genesis,major_minor,cross_reset
2,39,7-2,2,0.00034813,genesis,major_minor,cross_reset
2,40,4-7,2,0.00034813,genesis,major_minor,cross_reset
2,41,5-6,1,0.00017406,genesis,major_minor,cross_reset
2,42,1-7,1,0.00017406,genesis,major_minor,cross_reset
2,43,7-1,1,0.00017406,genesis,major_minor,cross_reset
2,44,7-5,1,0.00017406,genesis,major_minor,cross_reset
2,45,6-5,1,0.00017406,genesis,major_minor,cross_reset
3,1,2-2-2,268,0.04665738,genesis,major_minor,cross_reset
3,2,2-2-3,235,0.04091226,genesis,major_minor,cross_reset
3,3,3-2-2,222,0.03864903,genesis,major_minor,cross_reset
3,4,2-3-3,221,0.03847493,genesis,major_minor,cross_reset
3,5,3-3-2,215,0.03743036,genesis,major_minor,cross_reset
3,6,3-3-3,207,0.0360376,genesis,major_minor,cross_reset
3,7,3-2-3,205,0.03568942,genesis,major_minor,cross_reset
3,8,2-3-2,201,0.03499304,genesis,major_minor,cross_reset
3,9,3-1-2,115,0.02002089,genesis,major_minor,cross_reset
3,10,1-2-2,112,0.01949861,genesis,major_minor,cross_reset
3,11,2-3-1,109,0.01897632,genesis,major_minor,cross_reset
3,12,2-2-1,108,0.01880223,genesis,major_minor,cross_reset
3,13,2-1-2,106,0.01845404,genesis,major_minor,cross_reset
3,14,3-1-3,104,0.01810585,genesis,major_minor,cross_reset
3,15,1-2-3,103,0.01793175,genesis,major_minor,cross_reset
3,16,1-3-2,102,0.01775766,genesis,major_minor,cross_reset
3,17,2-2-4,98,0.01706128,genesis,major_minor,cross_reset
3,18,4-2-2,97,0.01688719,genesis,major_minor,cross_reset
3,19,2-4-2,91,0.01584262,genesis,major_minor,cross_reset
3,20,3-2-1,90,0.01566852,genesis,major_minor,cross_reset
3,21,4-3-3,90,0.01566852,genesis,major_minor,cross_reset
3,22,2-3-4,89,0.01549443,genesis,major_minor,cross_reset
3,23,3-3-1,87,0.01514624,genesis,major_minor,cross_reset
3,24,3-4-3,85,0.01479805,genesis,major_minor,cross_reset
3,25,3-3-4,83,0.01444986,genesis,major_minor,cross_reset
3,26,2-4-3,81,0.01410167,genesis,major_minor,cross_reset
3,27,3-4-2,80,0.01392758,genesis,major_minor,cross_reset
3,28,2-1-3,79,0.01375348,genesis,major_minor,cross_reset
3,29,4-2-3,78,0.01357939,genesis,major_minor,cross_reset
3,30,1-3-3,77,0.01340529,genesis,major_minor,cross_reset
3,31,3-2-4,71,0.01236072,genesis,major_minor,cross_reset
3,32,4-3-2,70,0.01218663,genesis,major_minor,cross_reset
3,33,2-1-1,51,0.00887883,genesis,major_minor,cross_reset
3,34,4-3-1,48,0.00835655,genesis,major_minor,cross_reset
3,35,1-1-2,46,0.00800836,genesis,major_minor,cross_reset
3,36,1-2-1,46,0.00800836,genesis,major_minor,cross_reset
3,37,1-3-1,44,0.00766017,genesis,major_minor,cross_reset
3,38,1-2-4,43,0.00748607,genesis,major_minor,cross_reset
3,39,3-1-1,41,0.00713788,genesis,major_minor,cross_reset
3,40,2-4-1,40,0.00696379,genesis,major_minor,cross_reset
3,41,4-1-2,40,0.00696379,genesis,major_minor,cross_reset
3,42,2-1-4,38,0.0066156,genesis,major_minor,cross_reset
3,43,4-4-3,38,0.0066156,genesis,major_minor,cross_reset
3,44,2-4-4,37,0.0064415,genesis,major_minor,cross_reset
3,45,5-2-2,36,0.00626741,genesis,major_minor,cross_reset
3,46,4-4-2,36,0.00626741,genesis,major_minor,cross_reset
3,47,3-4-4,35,0.00609331,genesis,major_minor,cross_reset
3,48,4-2-4,34,0.00591922,genesis,major_minor,cross_reset
3,49,1-4-2,34,0.00591922,genesis,major_minor,cross_reset
3,50,4-2-1,32,0.00557103,genesis,major_minor,cross_reset
4,1,2-2-2-2,100,0.0174125,genesis,major_minor,cross_reset
4,2,2-2-2-3,81,0.01410413,genesis,major_minor,cross_reset
4,3,3-3-2-2,81,0.01410413,genesis,major_minor,cross_reset
4,4,2-2-3-3,76,0.0132335,genesis,major_minor,cross_reset
4,5,2-3-3-2,76,0.0132335,genesis,major_minor,cross_reset
4,6,3-2-2-3,75,0.01305938,genesis,major_minor,cross_reset
4,7,3-2-3-3,74,0.01288525,genesis,major_minor,cross_reset
4,8,3-2-2-2,74,0.01288525,genesis,major_minor,cross_reset
4,9,3-3-3-2,73,0.01271113,genesis,major_minor,cross_reset
4,10,2-3-2-2,73,0.01271113,genesis,major_minor,cross_reset
4,11,2-3-3-3,72,0.012537,genesis,major_minor,cross_reset
4,12,3-3-2-3,71,0.01236288,genesis,major_minor,cross_reset
4,13,2-2-3-2,71,0.01236288,genesis,major_minor,cross_reset
4,14,3-3-3-3,69,0.01201463,genesis,major_minor,cross_reset
4,15,2-3-2-3,65,0.01131813,genesis,major_minor,cross_reset
4,16,3-2-3-2,57,0.00992513,genesis,major_minor,cross_reset
4,17,2-2-3-1,48,0.008358,genesis,major_minor,cross_reset
4,18,2-2-2-1,44,0.0076615,genesis,major_minor,cross_reset
4,19,2-2-1-2,43,0.00748738,genesis,major_minor,cross_reset
4,20,4-2-2-2,41,0.00713913,genesis,major_minor,cross_reset
4,21,3-1-2-3,40,0.006965,genesis,major_minor,cross_reset
4,22,2-3-1-3,40,0.006965,genesis,major_minor,cross_reset
4,23,2-3-1-2,40,0.006965,genesis,major_minor,cross_reset
4,24,3-1-2-2,40,0.006965,genesis,major_minor,cross_reset
4,25,3-1-3-2,39,0.00679088,genesis,major_minor,cross_reset
4,26,2-3-3-1,37,0.00644263,genesis,major_minor,cross_reset
4,27,1-2-3-2,37,0.00644263,genesis,major_minor,cross_reset
4,28,2-1-2-2,35,0.00609438,genesis,major_minor,cross_reset
4,29,1-2-2-2,35,0.00609438,genesis,major_minor,cross_reset
4,30,4-3-3-2,35,0.00609438,genesis,major_minor,cross_reset
4,31,2-4-2-2,35,0.00609438,genesis,major_minor,cross_reset
4,32,3-2-2-1,35,0.00609438,genesis,major_minor,cross_reset
4,33,3-2-3-4,34,0.00592025,genesis,major_minor,cross_reset
4,34,3-1-3-3,34,0.00592025,genesis,major_minor,cross_reset
4,35,2-1-2-3,34,0.00592025,genesis,major_minor,cross_reset
4,36,1-2-3-3,34,0.00592025,genesis,major_minor,cross_reset
4,37,2-1-3-2,34,0.00592025,genesis,major_minor,cross_reset
4,38,1-2-2-3,34,0.00592025,genesis,major_minor,cross_reset
4,39,3-4-3-3,33,0.00574613,genesis,major_minor,cross_reset
4,40,2-2-2-4,33,0.00574613,genesis,major_minor,cross_reset
4,41,3-3-1-2,32,0.005572,genesis,major_minor,cross_reset
4,42,3-3-1-3,32,0.005572,genesis,major_minor,cross_reset
4,43,3-3-4-3,32,0.005572,genesis,major_minor,cross_reset
4,44,2-2-1-3,32,0.005572,genesis,major_minor,cross_reset
4,45,3-2-1-2,32,0.005572,genesis,major_minor,cross_reset
4,46,3-4-2-2,32,0.005572,genesis,major_minor,cross_reset
4,47,2-3-2-1,31,0.00539788,genesis,major_minor,cross_reset
4,48,1-3-2-3,31,0.00539788,genesis,major_minor,cross_reset
4,49,2-2-4-3,31,0.00539788,genesis,major_minor,cross_reset
4,50,2-2-4-2,31,0.00539788,genesis,major_minor,cross_reset
5,1,2-2-2-2-2,35,0.00609544,genesis,major_minor,cross_reset
5,2,2-2-2-2-3,34,0.00592128,genesis,major_minor,cross_reset
5,3,3-3-2-2-3,33,0.00574713,genesis,major_minor,cross_reset
5,4,2-2-3-3-3,32,0.00557297,genesis,major_minor,cross_reset
5,5,3-3-3-2-2,32,0.00557297,genesis,major_minor,cross_reset
5,6,3-2-3-3-2,29,0.00505051,genesis,major_minor,cross_reset
5,7,2-3-2-2-2,28,0.00487635,genesis,major_minor,cross_reset
5,8,3-2-2-2-2,27,0.00470219,genesis,major_minor,cross_reset
5,9,3-3-2-3-2,27,0.00470219,genesis,major_minor,cross_reset
5,10,2-3-3-2-3,27,0.00470219,genesis,major_minor,cross_reset
5,11,3-2-3-3-3,27,0.00470219,genesis,major_minor,cross_reset
5,12,2-3-3-3-3,27,0.00470219,genesis,major_minor,cross_reset
5,13,3-2-2-3-3,25,0.00435388,genesis,major_minor,cross_reset
5,14,2-2-2-3-2,25,0.00435388,genesis,major_minor,cross_reset
5,15,2-2-2-3-3,25,0.00435388,genesis,major_minor,cross_reset
5,16,2-3-3-2-2,25,0.00435388,genesis,major_minor,cross_reset
5,17,3-3-2-3-3,24,0.00417973,genesis,major_minor,cross_reset
5,18,2-2-3-2-3,24,0.00417973,genesis,major_minor,cross_reset
5,19,2-3-2-2-3,24,0.00417973,genesis,major_minor,cross_reset
5,20,3-3-3-2-3,23,0.00400557,genesis,major_minor,cross_reset
5,21,3-2-2-3-2,23,0.00400557,genesis,major_minor,cross_reset
5,22,3-2-3-2-3,23,0.00400557,genesis,major_minor,cross_reset
5,23,2-3-3-3-2,22,0.00383142,genesis,major_minor,cross_reset
5,24,2-3-2-3-3,22,0.00383142,genesis,major_minor,cross_reset
5,25,3-3-3-3-2,22,0.00383142,genesis,major_minor,cross_reset
5,26,3-2-2-2-3,21,0.00365726,genesis,major_minor,cross_reset
5,27,2-2-3-3-2,21,0.00365726,genesis,major_minor,cross_reset
5,28,3-3-3-3-3,21,0.00365726,genesis,major_minor,cross_reset
5,29,2-2-3-2-2,20,0.00348311,genesis,major_minor,cross_reset
5,30,2-2-3-1-2,20,0.00348311,genesis,major_minor,cross_reset
5,31,2-2-1-2-2,19,0.00330895,genesis,major_minor,cross_reset
5,32,2-2-2-1-2,19,0.00330895,genesis,major_minor,cross_reset
5,33,2-2-3-1-3,18,0.0031348,genesis,major_minor,cross_reset
5,34,2-3-1-2-2,18,0.0031348,genesis,major_minor,cross_reset
5,35,2-2-2-2-1,18,0.0031348,genesis,major_minor,cross_reset
5,36,3-2-3-2-2,18,0.0031348,genesis,major_minor,cross_reset
5,37,2-4-2-2-2,17,0.00296064,genesis,major_minor,cross_reset
5,38,3-3-2-2-2,17,0.00296064,genesis,major_minor,cross_reset
5,39,1-3-3-3-2,16,0.00278649,genesis,major_minor,cross_reset
5,40,2-3-3-1-3,16,0.00278649,genesis,major_minor,cross_reset
5,41,1-2-2-2-2,16,0.00278649,genesis,major_minor,cross_reset
5,42,3-2-1-3-2,16,0.00278649,genesis,major_minor,cross_reset
5,43,1-2-3-2-2,16,0.00278649,genesis,major_minor,cross_reset
5,44,4-3-2-2-2,16,0.00278649,genesis,major_minor,cross_reset
5,45,2-3-3-1-2,15,0.00261233,genesis,major_minor,cross_reset
5,46,2-2-2-3-1,15,0.00261233,genesis,major_minor,cross_reset
5,47,2-3-1-3-2,15,0.00261233,genesis,major_minor,cross_reset
5,48,4-2-2-2-2,15,0.00261233,genesis,major_minor,cross_reset
5,49,2-3-4-3-3,15,0.00261233,genesis,major_minor,cross_reset
5,50,3-1-3-3-3,15,0.00261233,genesis,major_minor,cross_reset
6,1,2-3-3-2-2-3,15,0.00261279,genesis,major_minor,cross_reset
6,2,2-3-2-2-2-2,14,0.0024386,genesis,major_minor,cross_reset
6,3,3-2-3-3-3-3,14,0.0024386,genesis,major_minor,cross_reset
6,4,3-3-2-2-3-3,13,0.00226441,genesis,major_minor,cross_reset
6,5,3-2-2-2-2-2,13,0.00226441,genesis,major_minor,cross_reset
6,6,2-3-3-2-3-2,13,0.00226441,genesis,major_minor,cross_reset
6,7,3-3-3-3-2-2,13,0.00226441,genesis,major_minor,cross_reset
6,8,2-2-2-3-3-3,13,0.00226441,genesis,major_minor,cross_reset
6,9,2-2-2-2-3-2,12,0.00209023,genesis,major_minor,cross_reset
6,10,3-3-3-2-2-3,12,0.00209023,genesis,major_minor,cross_reset
6,11,3-3-2-3-2-3,12,0.00209023,genesis,major_minor,cross_reset
6,12,3-3-2-3-3-3,12,0.00209023,genesis,major_minor,cross_reset
6,13,2-2-3-3-2-2,11,0.00191604,genesis,major_minor,cross_reset
6,14,2-2-1-2-2-2,10,0.00174186,genesis,major_minor,cross_reset
6,15,2-2-3-3-3-2,10,0.00174186,genesis,major_minor,cross_reset
6,16,3-3-2-2-3-2,10,0.00174186,genesis,major_minor,cross_reset
6,17,2-2-2-2-2-3,10,0.00174186,genesis,major_minor,cross_reset
6,18,2-2-2-2-2-2,10,0.00174186,genesis,major_minor,cross_reset
6,19,2-2-3-3-3-3,10,0.00174186,genesis,major_minor,cross_reset
6,20,2-3-3-3-3-3,10,0.00174186,genesis,major_minor,cross_reset
6,21,2-2-2-3-2-3,9,0.00156767,genesis,major_minor,cross_reset
6,22,3-2-2-2-2-3,9,0.00156767,genesis,major_minor,cross_reset
6,23,2-2-2-2-2-1,9,0.00156767,genesis,major_minor,cross_reset
6,24,2-2-2-2-1-2,9,0.00156767,genesis,major_minor,cross_reset
6,25,2-2-2-1-2-2,9,0.00156767,genesis,major_minor,cross_reset
6,26,3-1-3-3-3-2,9,0.00156767,genesis,major_minor,cross_reset
6,27,2-3-2-1-3-2,9,0.00156767,genesis,major_minor,cross_reset
6,28,3-2-3-3-2-3,9,0.00156767,genesis,major_minor,cross_reset
6,29,3-3-3-2-2-4,9,0.00156767,genesis,major_minor,cross_reset
6,30,2-3-3-2-3-3,9,0.00156767,genesis,major_minor,cross_reset
6,31,3-3-3-3-3-2,9,0.00156767,genesis,major_minor,cross_reset
6,32,2-1-2-2-2-2,8,0.00139349,genesis,major_minor,cross_reset
6,33,3-2-2-3-3-3,8,0.00139349,genesis,major_minor,cross_reset
6,34,2-2-3-1-2-2,8,0.00139349,genesis,major_minor,cross_reset
6,35,3-2-2-3-1-2,8,0.00139349,genesis,major_minor,cross_reset
6,36,2-2-2-2-3-3,8,0.00139349,genesis,major_minor,cross_reset
6,37,3-2-3-2-3-3,8,0.00139349,genesis,major_minor,cross_reset
6,38,3-3-3-2-3-2,8,0.00139349,genesis,major_minor,cross_reset
6,39,3-3-2-3-2-2,8,0.00139349,genesis,major_minor,cross_reset
6,40,2-3-3-3-2-2,8,0.00139349,genesis,major_minor,cross_reset
6,41,3-3-2-3-3-2,8,0.00139349,genesis,major_minor,cross_reset
6,42,3-3-3-3-2-3,8,0.00139349,genesis,major_minor,cross_reset
6,43,2-3-2-3-3-3,8,0.00139349,genesis,major_minor,cross_reset
6,44,3-2-2-2-3-3,8,0.00139349,genesis,major_minor,cross_reset
6,45,3-3-3-2-3-3,7,0.0012193,genesis,major_minor,cross_reset
6,46,2-3-1-3-2-2,7,0.0012193,genesis,major_minor,cross_reset
6,47,3-2-2-3-3-1,7,0.0012193,genesis,major_minor,cross_reset
6,48,1-2-2-2-2-3,7,0.0012193,genesis,major_minor,cross_reset
6,49,2-2-3-2-2-2,7,0.0012193,genesis,major_minor,cross_reset
6,50,4-2-2-2-2-2,7,0.0012193,genesis,major_minor,cross_reset
2,1,2-2,2890,0.15943068,genesis,major_minor,all
2,2,3-2,2404,0.13261985,genesis,major_minor,all
2,3,2-3,2369,0.13068903,genesis,major_minor,all
2,4,3-3,1746,0.09632041,genesis,major_minor,all
2,5,2-1,910,0.05020136,genesis,major_minor,all
2,6,4-2,876,0.0483257,genesis,major_minor,all
2,7,2-4,872,0.04810504,genesis,major_minor,all
2,8,1-2,860,0.04744304,genesis,major_minor,all
2,9,3-1,818,0.04512606,genesis,major_minor,all
2,10,1-3,770,0.04247807,genesis,major_minor,all
2,11,4-3,627,0.03458929,genesis,major_minor,all
2,12,3-4,574,0.03166547,genesis,major_minor,all
2,13,1-4,359,0.01980471,genesis,major_minor,all
2,14,4-1,325,0.01792906,genesis,major_minor,all
2,15,1-1,286,0.01577757,genesis,major_minor,all
2,16,4-4,204,0.01125393,genesis,major_minor,all
2,17,5-2,198,0.01092293,genesis,major_minor,all
2,18,2-5,197,0.01086777,genesis,major_minor,all
2,19,5-3,142,0.00783362,genesis,major_minor,all
2,20,3-5,124,0.00684062,genesis,major_minor,all
2,21,1-5,115,0.00634413,genesis,major_minor,all
2,22,5-1,81,0.00446847,genesis,major_minor,all
2,23,5-4,64,0.00353064,genesis,major_minor,all
2,24,6-2,48,0.00264798,genesis,major_minor,all
2,25,4-5,47,0.00259282,genesis,major_minor,all
2,26,1-6,39,0.00215149,genesis,major_minor,all
2,27,2-6,36,0.00198599,genesis,major_minor,all
2,28,6-3,24,0.00132399,genesis,major_minor,all
2,29,3-6,16,0.00088266,genesis,major_minor,all
2,30,6-1,16,0.00088266,genesis,major_minor,all
2,31,6-4,11,0.00060683,genesis,major_minor,all
2,32,1-7,10,0.00055166,genesis,major_minor,all
2,33,7-3,9,0.0004965,genesis,major_minor,all
2,34,5-5,9,0.0004965,genesis,major_minor,all
2,35,4-6,8,0.00044133,genesis,major_minor,all
2,36,2-7,8,0.00044133,genesis,major_minor,all
2,37,7-1,5,0.00027583,genesis,major_minor,all
2,38,3-7,4,0.00022067,genesis,major_minor,all
2,39,7-4,4,0.00022067,genesis,major_minor,all
2,40,7-2,4,0.00022067,genesis,major_minor,all
2,41,5-6,3,0.0001655,genesis,major_minor,all
2,42,6-5,3,0.0001655,genesis,major_minor,all
2,43,8-2,2,0.00011033,genesis,major_minor,all
2,44,4-7,2,0.00011033,genesis,major_minor,all
2,45,7-5,2,0.00011033,genesis,major_minor,all
2,46,1-8,2,0.00011033,genesis,major_minor,all
2,47,8-4,2,0.00011033,genesis,major_minor,all
2,48,2-8,1,5.517e-05,genesis,major_minor,all
2,49,4-8,1,5.517e-05,genesis,major_minor,all
3,1,2-2-2,1155,0.06372062,genesis,major_minor,all
3,2,2-3-2,1003,0.05533488,genesis,major_minor,all
3,3,2-2-3,930,0.05130751,genesis,major_minor,all
3,4,3-2-2,925,0.05103167,genesis,major_minor,all
3,5,3-2-3,833,0.04595609,genesis,major_minor,all
3,6,2-3-3,735,0.04054949,genesis,major_minor,all
3,7,3-3-2,727,0.04010813,genesis,major_minor,all
3,8,3-3-3,577,0.03183273,genesis,major_minor,all
3,9,2-2-4,365,0.02013682,genesis,major_minor,all
3,10,2-4-2,365,0.02013682,genesis,major_minor,all
3,11,1-2-2,356,0.0196403,genesis,major_minor,all
3,12,2-2-1,350,0.01930928,genesis,major_minor,all
3,13,2-3-1,347,0.01914377,genesis,major_minor,all
3,14,4-2-2,345,0.01903343,genesis,major_minor,all
3,15,1-3-2,333,0.0183714,genesis,major_minor,all
3,16,2-1-2,320,0.0176542,genesis,major_minor,all
3,17,3-2-1,316,0.01743352,genesis,major_minor,all
3,18,2-1-3,290,0.01599912,genesis,major_minor,all
3,19,3-1-2,279,0.01539225,genesis,major_minor,all
3,20,4-2-3,278,0.01533708,genesis,major_minor,all
3,21,4-3-2,272,0.01500607,genesis,major_minor,all
3,22,2-4-3,262,0.01445437,genesis,major_minor,all
3,23,3-1-3,259,0.01428887,genesis,major_minor,all
3,24,3-2-4,257,0.01417853,genesis,major_minor,all
3,25,1-2-3,252,0.01390268,genesis,major_minor,all
3,26,3-3-1,247,0.01362683,genesis,major_minor,all
3,27,3-4-2,243,0.01340616,genesis,major_minor,all
3,28,2-3-4,225,0.01241311,genesis,major_minor,all
3,29,1-3-3,210,0.01158557,genesis,major_minor,all
3,30,4-3-3,179,0.00987532,genesis,major_minor,all
3,31,3-4-3,172,0.00948913,genesis,major_minor,all
3,32,3-3-4,165,0.00910295,genesis,major_minor,all
3,33,1-4-2,156,0.00860642,genesis,major_minor,all
3,34,2-4-1,145,0.00799956,genesis,major_minor,all
3,35,2-1-4,132,0.00728236,genesis,major_minor,all
3,36,3-1-4,128,0.00706168,genesis,major_minor,all
3,37,1-2-1,120,0.00662032,genesis,major_minor,all
3,38,4-1-2,119,0.00656516,genesis,major_minor,all
3,39,4-2-4,119,0.00656516,genesis,major_minor,all
3,40,2-1-1,112,0.00617897,genesis,major_minor,all
3,41,1-1-2,111,0.0061238,genesis,major_minor,all
3,42,1-3-1,109,0.00601346,genesis,major_minor,all
3,43,4-2-1,106,0.00584795,genesis,major_minor,all
3,44,1-4-3,103,0.00568245,genesis,major_minor,all
3,45,1-2-4,98,0.0054066,genesis,major_minor,all
3,46,4-1-3,97,0.00535143,genesis,major_minor,all
3,47,3-1-1,90,0.00496524,genesis,major_minor,all
3,48,5-2-2,89,0.00491007,genesis,major_minor,all
3,49,1-1-3,88,0.0048549,genesis,major_minor,all
3,50,1-3-4,87,0.00479974,genesis,major_minor,all
4,1,2-2-2-2,482,0.0265931,genesis,major_minor,all
4,2,2-2-3-2,397,0.02190345,genesis,major_minor,all
4,3,2-3-2-2,386,0.02129655,genesis,major_minor,all
4,4,2-2-2-3,346,0.01908966,genesis,major_minor,all
4,5,2-3-2-3,346,0.01908966,genesis,major_minor,all
4,6,3-2-2-2,344,0.01897931,genesis,major_minor,all
4,7,3-2-3-2,338,0.01864828,genesis,major_minor,all
4,8,3-2-2-3,320,0.01765517,genesis,major_minor,all
4,9,2-3-3-2,304,0.01677241,genesis,major_minor,all
4,10,2-2-3-3,290,0.016,genesis,major_minor,all
4,11,3-3-2-2,280,0.01544828,genesis,major_minor,all
4,12,3-2-3-3,274,0.01511724,genesis,major_minor,all
4,13,3-3-2-3,257,0.01417931,genesis,major_minor,all
4,14,3-3-3-2,244,0.01346207,genesis,major_minor,all
4,15,2-3-3-3,230,0.01268966,genesis,major_minor,all
4,16,3-3-3-3,202,0.01114483,genesis,major_minor,all
4,17,2-2-4-2,153,0.00844138,genesis,major_minor,all
4,18,2-2-2-4,148,0.00816552,genesis,major_minor,all
4,19,1-2-2-2,148,0.00816552,genesis,major_minor,all
4,20,2-2-2-1,146,0.00805517,genesis,major_minor,all
4,21,2-4-2-2,145,0.008,genesis,major_minor,all
4,22,4-2-2-2,135,0.00744828,genesis,major_minor,all
4,23,1-3-2-2,134,0.0073931,genesis,major_minor,all
4,24,2-2-3-1,130,0.00717241,genesis,major_minor,all
4,25,2-1-2-2,127,0.0070069,genesis,major_minor,all
4,26,4-2-3-2,126,0.00695172,genesis,major_minor,all
4,27,3-2-3-1,126,0.00695172,genesis,major_minor,all
4,28,2-3-1-2,125,0.00689655,genesis,major_minor,all
4,29,2-4-2-3,125,0.00689655,genesis,major_minor,all
4,30,2-1-3-2,124,0.00684138,genesis,major_minor,all
4,31,2-3-3-1,123,0.00678621,genesis,major_minor,all
4,32,2-3-2-1,123,0.00678621,genesis,major_minor,all
4,33,3-2-1-2,122,0.00673103,genesis,major_minor,all
4,34,2-2-1-3,120,0.00662069,genesis,major_minor,all
4,35,1-2-2-3,120,0.00662069,genesis,major_minor,all
4,36,3-2-2-1,117,0.00645517,genesis,major_minor,all
4,37,2-3-2-4,116,0.0064,genesis,major_minor,all
4,38,3-2-4-2,115,0.00634483,genesis,major_minor,all
4,39,3-1-3-2,114,0.00628966,genesis,major_minor,all
4,40,3-1-2-2,114,0.00628966,genesis,major_minor,all
4,41,2-2-1-2,112,0.00617931,genesis,major_minor,all
4,42,4-2-2-3,111,0.00612414,genesis,major_minor,all
4,43,2-4-3-2,111,0.00612414,genesis,major_minor,all
4,44,2-3-1-3,110,0.00606897,genesis,major_minor,all
4,45,3-2-2-4,110,0.00606897,genesis,major_minor,all
4,46,1-2-3-2,108,0.00595862,genesis,major_minor,all
4,47,4-3-2-2,106,0.00584828,genesis,major_minor,all
4,48,1-3-2-3,105,0.0057931,genesis,major_minor,all
4,49,2-2-4-3,104,0.00573793,genesis,major_minor,all
4,50,2-1-2-3,104,0.00573793,genesis,major_minor,all
5,1,2-2-2-2-2,220,0.0121386,genesis,major_minor,all
5,2,2-2-3-2-2,156,0.00860737,genesis,major_minor,all
5,3,2-2-2-3-2,154,0.00849702,genesis,major_minor,all
5,4,2-3-2-2-2,152,0.00838667,genesis,major_minor,all
5,5,2-3-2-3-2,148,0.00816597,genesis,major_minor,all
5,6,2-2-3-2-3,139,0.00766939,genesis,major_minor,all
5,7,2-2-2-2-3,134,0.00739351,genesis,major_minor,all
5,8,3-2-2-3-2,134,0.00739351,genesis,major_minor,all
5,9,3-2-3-2-2,133,0.00733834,genesis,major_minor,all
5,10,2-3-2-2-3,130,0.00717281,genesis,major_minor,all
5,11,2-3-3-2-2,124,0.00684176,genesis,major_minor,all
5,12,3-2-2-2-2,122,0.00673141,genesis,major_minor,all
5,13,2-2-3-3-2,119,0.00656588,genesis,major_minor,all
5,14,3-2-3-3-2,118,0.0065107,genesis,major_minor,all
5,15,2-3-3-2-3,111,0.00612448,genesis,major_minor,all
5,16,3-2-2-3-3,109,0.00601412,genesis,major_minor,all
5,17,3-2-2-2-3,108,0.00595895,genesis,major_minor,all
5,18,3-2-3-2-3,108,0.00595895,genesis,major_minor,all
5,19,2-3-3-3-2,104,0.00573825,genesis,major_minor,all
5,20,3-3-2-2-2,104,0.00573825,genesis,major_minor,all
5,21,2-3-2-3-3,103,0.00568307,genesis,major_minor,all
5,22,3-3-2-3-2,99,0.00546237,genesis,major_minor,all
5,23,3-3-2-2-3,90,0.00496579,genesis,major_minor,all
5,24,3-2-3-3-3,89,0.00491062,genesis,major_minor,all
5,25,3-3-2-3-3,88,0.00485544,genesis,major_minor,all
5,26,2-2-2-3-3,87,0.00480026,genesis,major_minor,all
5,27,2-2-3-3-3,86,0.00474509,genesis,major_minor,all
5,28,2-3-3-3-3,84,0.00463474,genesis,major_minor,all
5,29,3-3-3-3-2,84,0.00463474,genesis,major_minor,all
5,30,3-3-3-2-3,82,0.00452439,genesis,major_minor,all
5,31,3-3-3-2-2,82,0.00452439,genesis,major_minor,all
5,32,3-3-3-3-3,76,0.00419333,genesis,major_minor,all
5,33,2-4-2-2-2,70,0.00386228,genesis,major_minor,all
5,34,1-2-2-2-2,69,0.00380711,genesis,major_minor,all
5,35,2-2-4-2-2,64,0.00353123,genesis,major_minor,all
5,36,2-2-2-3-1,61,0.0033657,genesis,major_minor,all
5,37,2-2-2-2-1,61,0.0033657,genesis,major_minor,all
5,38,2-2-3-3-1,59,0.00325535,genesis,major_minor,all
5,39,2-3-2-3-1,58,0.00320018,genesis,major_minor,all
5,40,2-2-2-4-2,57,0.003145,genesis,major_minor,all
5,41,2-2-1-3-2,56,0.00308983,genesis,major_minor,all
5,42,2-3-1-2-2,55,0.00303465,genesis,major_minor,all
5,43,3-2-1-2-2,55,0.00303465,genesis,major_minor,all
5,44,4-2-2-2-2,54,0.00297947,genesis,major_minor,all
5,45,2-3-2-4-2,54,0.00297947,genesis,major_minor,all
5,46,2-2-2-2-4,54,0.00297947,genesis,major_minor,all
5,47,3-2-2-2-1,54,0.00297947,genesis,major_minor,all
5,48,3-2-2-2-4,53,0.0029243,genesis,major_minor,all
5,49,2-1-2-2-2,53,0.0029243,genesis,major_minor,all
5,50,2-3-2-2-1,53,0.0029243,genesis,major_minor,all
6,1,2-2-2-2-2-2,104,0.00573856,genesis,major_minor,all
6,2,2-2-2-2-3-2,70,0.0038625,genesis,major_minor,all
6,3,2-2-3-2-2-2,65,0.0035866,genesis,major_minor,all
6,4,2-2-3-2-3-2,60,0.00331071,genesis,major_minor,all
6,5,2-2-2-3-2-2,60,0.00331071,genesis,major_minor,all
6,6,2-2-2-2-2-3,60,0.00331071,genesis,major_minor,all
6,7,3-2-2-2-2-2,58,0.00320035,genesis,major_minor,all
6,8,2-2-2-3-2-3,56,0.00309,genesis,major_minor,all
6,9,2-3-2-2-2-2,56,0.00309,genesis,major_minor,all
6,10,2-3-2-2-3-2,54,0.00297964,genesis,major_minor,all
6,11,2-2-3-2-2-3,54,0.00297964,genesis,major_minor,all
6,12,2-3-2-3-2-2,52,0.00286928,genesis,major_minor,all
6,13,2-3-2-3-2-3,52,0.00286928,genesis,major_minor,all
6,14,3-2-3-2-2-2,51,0.0028141,genesis,major_minor,all
6,15,3-2-2-3-2-2,51,0.0028141,genesis,major_minor,all
6,16,3-2-3-3-2-2,49,0.00270375,genesis,major_minor,all
6,17,3-2-2-2-3-2,46,0.00253821,genesis,major_minor,all
6,18,2-2-3-3-2-2,46,0.00253821,genesis,major_minor,all
6,19,2-3-2-2-3-3,45,0.00248303,genesis,major_minor,all
6,20,3-2-2-3-2-3,45,0.00248303,genesis,major_minor,all
6,21,3-3-2-2-2-2,45,0.00248303,genesis,major_minor,all
6,22,3-2-3-2-2-3,44,0.00242785,genesis,major_minor,all
6,23,2-2-3-3-3-2,44,0.00242785,genesis,major_minor,all
6,24,3-2-3-3-2-3,44,0.00242785,genesis,major_minor,all
6,25,3-2-3-2-3-2,43,0.00237268,genesis,major_minor,all
6,26,2-2-3-3-2-3,43,0.00237268,genesis,major_minor,all
6,27,2-3-3-2-2-2,42,0.0023175,genesis,major_minor,all
6,28,3-3-2-3-3-2,41,0.00226232,genesis,major_minor,all
6,29,2-3-2-3-3-2,41,0.00226232,genesis,major_minor,all
6,30,2-3-3-2-3-2,41,0.00226232,genesis,major_minor,all
6,31,3-3-2-3-2-2,40,0.00220714,genesis,major_minor,all
6,32,2-3-3-2-2-3,40,0.00220714,genesis,major_minor,all
6,33,3-3-2-2-3-2,40,0.00220714,genesis,major_minor,all
6,34,2-3-3-2-3-3,40,0.00220714,genesis,major_minor,all
6,35,3-2-3-2-3-3,39,0.00215196,genesis,major_minor,all
6,36,3-2-2-3-3-2,39,0.00215196,genesis,major_minor,all
6,37,2-2-2-3-3-2,39,0.00215196,genesis,major_minor,all
6,38,2-2-3-2-3-3,38,0.00209678,genesis,major_minor,all
6,39,2-3-3-3-3-2,37,0.0020416,genesis,major_minor,all
6,40,3-2-2-3-3-3,37,0.0020416,genesis,major_minor,all
6,41,3-3-2-2-2-3,37,0.0020416,genesis,major_minor,all
6,42,2-3-3-3-2-3,36,0.00198643,genesis,major_minor,all
6,43,3-2-3-3-3-2,36,0.00198643,genesis,major_minor,all
6,44,2-4-2-2-2-2,35,0.00193125,genesis,major_minor,all
6,45,2-3-2-3-3-3,34,0.00187607,genesis,major_minor,all
6,46,2-3-2-2-2-3,34,0.00187607,genesis,major_minor,all
6,47,3-3-3-2-3-2,33,0.00182089,genesis,major_minor,all
6,48,3-3-3-3-2-2,33,0.00182089,genesis,major_minor,all
6,49,3-3-3-2-2-2,33,0.00182089,genesis,major_minor,all
6,50,3-3-2-3-2-3,33,0.00182089,genesis,major_minor,all
