measure,ngram_n,rank,pattern,count,share,level,book,run_label
word_count,2,1,16-17,12,0.00996678,verse,exodus,control_large_ranges
word_count,2,2,11-16,12,0.00996678,verse,exodus,control_large_ranges
word_count,2,3,12-12,12,0.00996678,verse,exodus,control_large_ranges
word_count,2,4,14-13,11,0.00913621,verse,exodus,control_large_ranges
word_count,2,5,14-14,11,0.00913621,verse,exodus,control_large_ranges
word_count,2,6,10-13,11,0.00913621,verse,exodus,control_large_ranges
word_count,2,7,10-16,11,0.00913621,verse,exodus,control_large_ranges
word_count,2,8,12-13,10,0.00830565,verse,exodus,control_large_ranges
word_count,2,9,13-13,10,0.00830565,verse,exodus,control_large_ranges
word_count,2,10,10-10,9,0.00747508,verse,exodus,control_large_ranges
word_count,2,11,12-9,9,0.00747508,verse,exodus,control_large_ranges
word_count,2,12,13-10,9,0.00747508,verse,exodus,control_large_ranges
word_count,2,13,15-14,9,0.00747508,verse,exodus,control_large_ranges
word_count,2,14,10-14,9,0.00747508,verse,exodus,control_large_ranges
word_count,2,15,17-11,9,0.00747508,verse,exodus,control_large_ranges
word_count,2,16,16-9,9,0.00747508,verse,exodus,control_large_ranges
word_count,2,17,11-12,9,0.00747508,verse,exodus,control_large_ranges
word_count,2,18,15-11,8,0.00664452,verse,exodus,control_large_ranges
word_count,2,19,12-19,8,0.00664452,verse,exodus,control_large_ranges
word_count,2,20,9-10,8,0.00664452,verse,exodus,control_large_ranges
word_count,2,21,13-16,8,0.00664452,verse,exodus,control_large_ranges
word_count,2,22,12-11,8,0.00664452,verse,exodus,control_large_ranges
word_count,2,23,14-12,8,0.00664452,verse,exodus,control_large_ranges
word_count,2,24,9-13,7,0.00581395,verse,exodus,control_large_ranges
word_count,2,25,8-12,7,0.00581395,verse,exodus,control_large_ranges
word_count,2,26,9-9,7,0.00581395,verse,exodus,control_large_ranges
word_count,2,27,10-12,7,0.00581395,verse,exodus,control_large_ranges
word_count,2,28,19-14,7,0.00581395,verse,exodus,control_large_ranges
word_count,2,29,12-15,7,0.00581395,verse,exodus,control_large_ranges
word_count,2,30,17-14,7,0.00581395,verse,exodus,control_large_ranges
word_count,2,31,14-10,7,0.00581395,verse,exodus,control_large_ranges
word_count,2,32,14-15,7,0.00581395,verse,exodus,control_large_ranges
word_count,2,33,13-14,7,0.00581395,verse,exodus,control_large_ranges
word_count,2,34,11-15,7,0.00581395,verse,exodus,control_large_ranges
word_count,2,35,17-10,7,0.00581395,verse,exodus,control_large_ranges
word_count,2,36,9-15,7,0.00581395,verse,exodus,control_large_ranges
word_count,2,37,15-10,7,0.00581395,verse,exodus,control_large_ranges
word_count,2,38,13-12,7,0.00581395,verse,exodus,control_large_ranges
word_count,2,39,14-11,7,0.00581395,verse,exodus,control_large_ranges
word_count,2,40,17-12,6,0.00498339,verse,exodus,control_large_ranges
word_count,2,41,16-14,6,0.00498339,verse,exodus,control_large_ranges
word_count,2,42,13-8,6,0.00498339,verse,exodus,control_large_ranges
word_count,2,43,14-7,6,0.00498339,verse,exodus,control_large_ranges
word_count,2,44,15-17,6,0.00498339,verse,exodus,control_large_ranges
word_count,2,45,17-18,6,0.00498339,verse,exodus,control_large_ranges
word_count,2,46,10-15,6,0.00498339,verse,exodus,control_large_ranges
word_count,2,47,12-10,6,0.00498339,verse,exodus,control_large_ranges
word_count,2,48,10-9,6,0.00498339,verse,exodus,control_large_ranges
word_count,2,49,18-14,6,0.00498339,verse,exodus,control_large_ranges
word_count,2,50,10-17,6,0.00498339,verse,exodus,control_large_ranges
word_count,3,1,16-16-17,4,0.00332502,verse,exodus,control_large_ranges
word_count,3,2,13-20-19,3,0.00249377,verse,exodus,control_large_ranges
word_count,3,3,9-13-13,3,0.00249377,verse,exodus,control_large_ranges
word_count,3,4,10-15-14,3,0.00249377,verse,exodus,control_large_ranges
word_count,3,5,7-14-14,3,0.00249377,verse,exodus,control_large_ranges
word_count,3,6,11-10-13,3,0.00249377,verse,exodus,control_large_ranges
word_count,3,7,10-13-10,3,0.00249377,verse,exodus,control_large_ranges
word_count,3,8,19-20-12,3,0.00249377,verse,exodus,control_large_ranges
word_count,3,9,14-10-13,3,0.00249377,verse,exodus,control_large_ranges
word_count,3,10,13-13-5,3,0.00249377,verse,exodus,control_large_ranges
word_count,3,11,11-16-11,3,0.00249377,verse,exodus,control_large_ranges
word_count,3,12,11-12-11,3,0.00249377,verse,exodus,control_large_ranges
word_count,3,13,8-12-12,3,0.00249377,verse,exodus,control_large_ranges
word_count,3,14,17-10-14,3,0.00249377,verse,exodus,control_large_ranges
word_count,3,15,14-11-15,3,0.00249377,verse,exodus,control_large_ranges
word_count,3,16,10-16-9,3,0.00249377,verse,exodus,control_large_ranges
word_count,3,17,11-6-17,2,0.00166251,verse,exodus,control_large_ranges
word_count,3,18,12-16-14,2,0.00166251,verse,exodus,control_large_ranges
word_count,3,19,14-13-17,2,0.00166251,verse,exodus,control_large_ranges
word_count,3,20,13-8-12,2,0.00166251,verse,exodus,control_large_ranges
word_count,3,21,16-17-12,2,0.00166251,verse,exodus,control_large_ranges
word_count,3,22,17-12-13,2,0.00166251,verse,exodus,control_large_ranges
word_count,3,23,19-12-9,2,0.00166251,verse,exodus,control_large_ranges
word_count,3,24,12-9-9,2,0.00166251,verse,exodus,control_large_ranges
word_count,3,25,13-10-12,2,0.00166251,verse,exodus,control_large_ranges
word_count,3,26,15-11-16,2,0.00166251,verse,exodus,control_large_ranges
word_count,3,27,11-16-20,2,0.00166251,verse,exodus,control_large_ranges
word_count,3,28,26-12-15,2,0.00166251,verse,exodus,control_large_ranges
word_count,3,29,14-16-14,2,0.00166251,verse,exodus,control_large_ranges
word_count,3,30,22-17-14,2,0.00166251,verse,exodus,control_large_ranges
word_count,3,31,9-14-7,2,0.00166251,verse,exodus,control_large_ranges
word_count,3,32,16-14-20,2,0.00166251,verse,exodus,control_large_ranges
word_count,3,33,20-8-18,2,0.00166251,verse,exodus,control_large_ranges
word_count,3,34,15-14-8,2,0.00166251,verse,exodus,control_large_ranges
word_count,3,35,8-18-12,2,0.00166251,verse,exodus,control_large_ranges
word_count,3,36,12-19-15,2,0.00166251,verse,exodus,control_large_ranges
word_count,3,37,15-9-12,2,0.00166251,verse,exodus,control_large_ranges
word_count,3,38,12-10-9,2,0.00166251,verse,exodus,control_large_ranges
word_count,3,39,10-13-8,2,0.00166251,verse,exodus,control_large_ranges
word_count,3,40,16-11-15,2,0.00166251,verse,exodus,control_large_ranges
word_count,3,41,12-11-18,2,0.00166251,verse,exodus,control_large_ranges
word_count,3,42,10-16-16,2,0.00166251,verse,exodus,control_large_ranges
word_count,3,43,17-14-13,2,0.00166251,verse,exodus,control_large_ranges
word_count,3,44,13-13-24,2,0.00166251,verse,exodus,control_large_ranges
word_count,3,45,17-11-24,2,0.00166251,verse,exodus,control_large_ranges
word_count,3,46,12-17-15,2,0.00166251,verse,exodus,control_large_ranges
word_count,3,47,12-23-19,2,0.00166251,verse,exodus,control_large_ranges
word_count,3,48,19-19-11,2,0.00166251,verse,exodus,control_large_ranges
word_count,3,49,12-11-12,2,0.00166251,verse,exodus,control_large_ranges
word_count,3,50,14-10-5,2,0.00166251,verse,exodus,control_large_ranges
word_count,4,1,10-16-16-17,2,0.00166389,verse,exodus,control_large_ranges
word_count,4,2,11-12-11-12,2,0.00166389,verse,exodus,control_large_ranges
word_count,4,3,7-12-9-15,2,0.00166389,verse,exodus,control_large_ranges
word_count,4,4,6-7-7-6,2,0.00166389,verse,exodus,control_large_ranges
word_count,4,5,14-13-12-19,2,0.00166389,verse,exodus,control_large_ranges
word_count,4,6,9-10-14-9,2,0.00166389,verse,exodus,control_large_ranges
word_count,4,7,15-13-16-18,2,0.00166389,verse,exodus,control_large_ranges
word_count,4,8,13-16-18-14,2,0.00166389,verse,exodus,control_large_ranges
word_count,4,9,16-18-14-11,2,0.00166389,verse,exodus,control_large_ranges
word_count,4,10,18-14-11-15,2,0.00166389,verse,exodus,control_large_ranges
word_count,4,11,10-7-10-13,2,0.00166389,verse,exodus,control_large_ranges
word_count,4,12,7-10-13-9,2,0.00166389,verse,exodus,control_large_ranges
word_count,4,13,10-13-9-21,2,0.00166389,verse,exodus,control_large_ranges
word_count,4,14,8-17-11-12,2,0.00166389,verse,exodus,control_large_ranges
word_count,4,15,11-4-3-4,1,0.00083195,verse,exodus,control_large_ranges
word_count,4,16,4-3-4-11,1,0.00083195,verse,exodus,control_large_ranges
word_count,4,17,3-4-11-7,1,0.00083195,verse,exodus,control_large_ranges
word_count,4,18,4-11-7-11,1,0.00083195,verse,exodus,control_large_ranges
word_count,4,19,11-7-11-10,1,0.00083195,verse,exodus,control_large_ranges
word_count,4,20,7-11-10-10,1,0.00083195,verse,exodus,control_large_ranges
word_count,4,21,11-10-10-19,1,0.00083195,verse,exodus,control_large_ranges
word_count,4,22,10-10-19-15,1,0.00083195,verse,exodus,control_large_ranges
word_count,4,23,10-19-15-11,1,0.00083195,verse,exodus,control_large_ranges
word_count,4,24,19-15-11-6,1,0.00083195,verse,exodus,control_large_ranges
word_count,4,25,15-11-6-17,1,0.00083195,verse,exodus,control_large_ranges
word_count,4,26,11-6-17-12,1,0.00083195,verse,exodus,control_large_ranges
word_count,4,27,6-17-12-16,1,0.00083195,verse,exodus,control_large_ranges
word_count,4,28,17-12-16-14,1,0.00083195,verse,exodus,control_large_ranges
word_count,4,29,12-16-14-13,1,0.00083195,verse,exodus,control_large_ranges
word_count,4,30,16-14-13-17,1,0.00083195,verse,exodus,control_large_ranges
word_count,4,31,14-13-17-7,1,0.00083195,verse,exodus,control_large_ranges
word_count,4,32,13-17-7-9,1,0.00083195,verse,exodus,control_large_ranges
word_count,4,33,17-7-9-13,1,0.00083195,verse,exodus,control_large_ranges
word_count,4,34,7-9-13-8,1,0.00083195,verse,exodus,control_large_ranges
word_count,4,35,9-13-8-12,1,0.00083195,verse,exodus,control_large_ranges
word_count,4,36,13-8-12-20,1,0.00083195,verse,exodus,control_large_ranges
word_count,4,37,8-12-20-7,1,0.00083195,verse,exodus,control_large_ranges
word_count,4,38,12-20-7-33,1,0.00083195,verse,exodus,control_large_ranges
word_count,4,39,20-7-33-16,1,0.00083195,verse,exodus,control_large_ranges
word_count,4,40,7-33-16-11,1,0.00083195,verse,exodus,control_large_ranges
word_count,4,41,33-16-11-18,1,0.00083195,verse,exodus,control_large_ranges
word_count,4,42,16-11-18-16,1,0.00083195,verse,exodus,control_large_ranges
word_count,4,43,11-18-16-17,1,0.00083195,verse,exodus,control_large_ranges
word_count,4,44,18-16-17-12,1,0.00083195,verse,exodus,control_large_ranges
word_count,4,45,16-17-12-13,1,0.00083195,verse,exodus,control_large_ranges
word_count,4,46,17-12-13-20,1,0.00083195,verse,exodus,control_large_ranges
word_count,4,47,12-13-20-19,1,0.00083195,verse,exodus,control_large_ranges
word_count,4,48,13-20-19-12,1,0.00083195,verse,exodus,control_large_ranges
word_count,4,49,20-19-12-9,1,0.00083195,verse,exodus,control_large_ranges
word_count,4,50,19-12-9-9,1,0.00083195,verse,exodus,control_large_ranges
word_count,5,1,15-13-16-18-14,2,0.00166528,verse,exodus,control_large_ranges
word_count,5,2,13-16-18-14-11,2,0.00166528,verse,exodus,control_large_ranges
word_count,5,3,16-18-14-11-15,2,0.00166528,verse,exodus,control_large_ranges
word_count,5,4,10-7-10-13-9,2,0.00166528,verse,exodus,control_large_ranges
word_count,5,5,7-10-13-9-21,2,0.00166528,verse,exodus,control_large_ranges
word_count,5,6,11-4-3-4-11,1,0.00083264,verse,exodus,control_large_ranges
word_count,5,7,4-3-4-11-7,1,0.00083264,verse,exodus,control_large_ranges
word_count,5,8,3-4-11-7-11,1,0.00083264,verse,exodus,control_large_ranges
word_count,5,9,4-11-7-11-10,1,0.00083264,verse,exodus,control_large_ranges
word_count,5,10,11-7-11-10-10,1,0.00083264,verse,exodus,control_large_ranges
word_count,5,11,7-11-10-10-19,1,0.00083264,verse,exodus,control_large_ranges
word_count,5,12,11-10-10-19-15,1,0.00083264,verse,exodus,control_large_ranges
word_count,5,13,10-10-19-15-11,1,0.00083264,verse,exodus,control_large_ranges
word_count,5,14,10-19-15-11-6,1,0.00083264,verse,exodus,control_large_ranges
word_count,5,15,19-15-11-6-17,1,0.00083264,verse,exodus,control_large_ranges
word_count,5,16,15-11-6-17-12,1,0.00083264,verse,exodus,control_large_ranges
word_count,5,17,11-6-17-12-16,1,0.00083264,verse,exodus,control_large_ranges
word_count,5,18,6-17-12-16-14,1,0.00083264,verse,exodus,control_large_ranges
word_count,5,19,17-12-16-14-13,1,0.00083264,verse,exodus,control_large_ranges
word_count,5,20,12-16-14-13-17,1,0.00083264,verse,exodus,control_large_ranges
word_count,5,21,16-14-13-17-7,1,0.00083264,verse,exodus,control_large_ranges
word_count,5,22,14-13-17-7-9,1,0.00083264,verse,exodus,control_large_ranges
word_count,5,23,13-17-7-9-13,1,0.00083264,verse,exodus,control_large_ranges
word_count,5,24,17-7-9-13-8,1,0.00083264,verse,exodus,control_large_ranges
word_count,5,25,7-9-13-8-12,1,0.00083264,verse,exodus,control_large_ranges
word_count,5,26,9-13-8-12-20,1,0.00083264,verse,exodus,control_large_ranges
word_count,5,27,13-8-12-20-7,1,0.00083264,verse,exodus,control_large_ranges
word_count,5,28,8-12-20-7-33,1,0.00083264,verse,exodus,control_large_ranges
word_count,5,29,12-20-7-33-16,1,0.00083264,verse,exodus,control_large_ranges
word_count,5,30,20-7-33-16-11,1,0.00083264,verse,exodus,control_large_ranges
word_count,5,31,7-33-16-11-18,1,0.00083264,verse,exodus,control_large_ranges
word_count,5,32,33-16-11-18-16,1,0.00083264,verse,exodus,control_large_ranges
word_count,5,33,16-11-18-16-17,1,0.00083264,verse,exodus,control_large_ranges
word_count,5,34,11-18-16-17-12,1,0.00083264,verse,exodus,control_large_ranges
word_count,5,35,18-16-17-12-13,1,0.00083264,verse,exodus,control_large_ranges
word_count,5,36,16-17-12-13-20,1,0.00083264,verse,exodus,control_large_ranges
word_count,5,37,17-12-13-20-19,1,0.00083264,verse,exodus,control_large_ranges
word_count,5,38,12-13-20-19-12,1,0.00083264,verse,exodus,control_large_ranges
word_count,5,39,13-20-19-12-9,1,0.00083264,verse,exodus,control_large_ranges
word_count,5,40,20-19-12-9-9,1,0.00083264,verse,exodus,control_large_ranges
word_count,5,41,19-12-9-9-13,1,0.00083264,verse,exodus,control_large_ranges
word_count,5,42,12-9-9-13-13,1,0.00083264,verse,exodus,control_large_ranges
word_count,5,43,9-9-13-13-10,1,0.00083264,verse,exodus,control_large_ranges
word_count,5,44,9-13-13-10-12,1,0.00083264,verse,exodus,control_large_ranges
word_count,5,45,13-13-10-12-19,1,0.00083264,verse,exodus,control_large_ranges
word_count,5,46,13-10-12-19-14,1,0.00083264,verse,exodus,control_large_ranges
word_count,5,47,10-12-19-14-7,1,0.00083264,verse,exodus,control_large_ranges
word_count,5,48,12-19-14-7-19,1,0.00083264,verse,exodus,control_large_ranges
word_count,5,49,19-14-7-19-16,1,0.00083264,verse,exodus,control_large_ranges
word_count,5,50,14-7-19-16-13,1,0.00083264,verse,exodus,control_large_ranges
word_count,6,1,15-13-16-18-14-11,2,0.00166667,verse,exodus,control_large_ranges
word_count,6,2,13-16-18-14-11-15,2,0.00166667,verse,exodus,control_large_ranges
word_count,6,3,10-7-10-13-9-21,2,0.00166667,verse,exodus,control_large_ranges
word_count,6,4,11-4-3-4-11-7,1,0.00083333,verse,exodus,control_large_ranges
word_count,6,5,4-3-4-11-7-11,1,0.00083333,verse,exodus,control_large_ranges
word_count,6,6,3-4-11-7-11-10,1,0.00083333,verse,exodus,control_large_ranges
word_count,6,7,4-11-7-11-10-10,1,0.00083333,verse,exodus,control_large_ranges
word_count,6,8,11-7-11-10-10-19,1,0.00083333,verse,exodus,control_large_ranges
word_count,6,9,7-11-10-10-19-15,1,0.00083333,verse,exodus,control_large_ranges
word_count,6,10,11-10-10-19-15-11,1,0.00083333,verse,exodus,control_large_ranges
word_count,6,11,10-10-19-15-11-6,1,0.00083333,verse,exodus,control_large_ranges
word_count,6,12,10-19-15-11-6-17,1,0.00083333,verse,exodus,control_large_ranges
word_count,6,13,19-15-11-6-17-12,1,0.00083333,verse,exodus,control_large_ranges
word_count,6,14,15-11-6-17-12-16,1,0.00083333,verse,exodus,control_large_ranges
word_count,6,15,11-6-17-12-16-14,1,0.00083333,verse,exodus,control_large_ranges
word_count,6,16,6-17-12-16-14-13,1,0.00083333,verse,exodus,control_large_ranges
word_count,6,17,17-12-16-14-13-17,1,0.00083333,verse,exodus,control_large_ranges
word_count,6,18,12-16-14-13-17-7,1,0.00083333,verse,exodus,control_large_ranges
word_count,6,19,16-14-13-17-7-9,1,0.00083333,verse,exodus,control_large_ranges
word_count,6,20,14-13-17-7-9-13,1,0.00083333,verse,exodus,control_large_ranges
word_count,6,21,13-17-7-9-13-8,1,0.00083333,verse,exodus,control_large_ranges
word_count,6,22,17-7-9-13-8-12,1,0.00083333,verse,exodus,control_large_ranges
word_count,6,23,7-9-13-8-12-20,1,0.00083333,verse,exodus,control_large_ranges
word_count,6,24,9-13-8-12-20-7,1,0.00083333,verse,exodus,control_large_ranges
word_count,6,25,13-8-12-20-7-33,1,0.00083333,verse,exodus,control_large_ranges
word_count,6,26,8-12-20-7-33-16,1,0.00083333,verse,exodus,control_large_ranges
word_count,6,27,12-20-7-33-16-11,1,0.00083333,verse,exodus,control_large_ranges
word_count,6,28,20-7-33-16-11-18,1,0.00083333,verse,exodus,control_large_ranges
word_count,6,29,7-33-16-11-18-16,1,0.00083333,verse,exodus,control_large_ranges
word_count,6,30,33-16-11-18-16-17,1,0.00083333,verse,exodus,control_large_ranges
word_count,6,31,16-11-18-16-17-12,1,0.00083333,verse,exodus,control_large_ranges
word_count,6,32,11-18-16-17-12-13,1,0.00083333,verse,exodus,control_large_ranges
word_count,6,33,18-16-17-12-13-20,1,0.00083333,verse,exodus,control_large_ranges
word_count,6,34,16-17-12-13-20-19,1,0.00083333,verse,exodus,control_large_ranges
word_count,6,35,17-12-13-20-19-12,1,0.00083333,verse,exodus,control_large_ranges
word_count,6,36,12-13-20-19-12-9,1,0.00083333,verse,exodus,control_large_ranges
word_count,6,37,13-20-19-12-9-9,1,0.00083333,verse,exodus,control_large_ranges
word_count,6,38,20-19-12-9-9-13,1,0.00083333,verse,exodus,control_large_ranges
word_count,6,39,19-12-9-9-13-13,1,0.00083333,verse,exodus,control_large_ranges
word_count,6,40,12-9-9-13-13-10,1,0.00083333,verse,exodus,control_large_ranges
word_count,6,41,9-9-13-13-10-12,1,0.00083333,verse,exodus,control_large_ranges
word_count,6,42,9-13-13-10-12-19,1,0.00083333,verse,exodus,control_large_ranges
word_count,6,43,13-13-10-12-19-14,1,0.00083333,verse,exodus,control_large_ranges
word_count,6,44,13-10-12-19-14-7,1,0.00083333,verse,exodus,control_large_ranges
word_count,6,45,10-12-19-14-7-19,1,0.00083333,verse,exodus,control_large_ranges
word_count,6,46,12-19-14-7-19-16,1,0.00083333,verse,exodus,control_large_ranges
word_count,6,47,19-14-7-19-16-13,1,0.00083333,verse,exodus,control_large_ranges
word_count,6,48,14-7-19-16-13-15,1,0.00083333,verse,exodus,control_large_ranges
word_count,6,49,7-19-16-13-15-17,1,0.00083333,verse,exodus,control_large_ranges
word_count,6,50,19-16-13-15-17-18,1,0.00083333,verse,exodus,control_large_ranges
pulse_count,2,1,28-19,7,0.00581395,verse,exodus,control_large_ranges
pulse_count,2,2,23-29,6,0.00498339,verse,exodus,control_large_ranges
pulse_count,2,3,36-26,5,0.00415282,verse,exodus,control_large_ranges
pulse_count,2,4,15-28,4,0.00332226,verse,exodus,control_large_ranges
pulse_count,2,5,17-30,4,0.00332226,verse,exodus,control_large_ranges
pulse_count,2,6,33-29,4,0.00332226,verse,exodus,control_large_ranges
pulse_count,2,7,19-28,4,0.00332226,verse,exodus,control_large_ranges
pulse_count,2,8,32-30,4,0.00332226,verse,exodus,control_large_ranges
pulse_count,2,9,27-26,4,0.00332226,verse,exodus,control_large_ranges
pulse_count,2,10,28-23,4,0.00332226,verse,exodus,control_large_ranges
pulse_count,2,11,38-22,4,0.00332226,verse,exodus,control_large_ranges
pulse_count,2,12,17-23,4,0.00332226,verse,exodus,control_large_ranges
pulse_count,2,13,26-30,4,0.00332226,verse,exodus,control_large_ranges
pulse_count,2,14,29-34,4,0.00332226,verse,exodus,control_large_ranges
pulse_count,2,15,23-23,4,0.00332226,verse,exodus,control_large_ranges
pulse_count,2,16,30-34,4,0.00332226,verse,exodus,control_large_ranges
pulse_count,2,17,32-17,4,0.00332226,verse,exodus,control_large_ranges
pulse_count,2,18,27-32,3,0.00249169,verse,exodus,control_large_ranges
pulse_count,2,19,17-19,3,0.00249169,verse,exodus,control_large_ranges
pulse_count,2,20,37-24,3,0.00249169,verse,exodus,control_large_ranges
pulse_count,2,21,34-33,3,0.00249169,verse,exodus,control_large_ranges
pulse_count,2,22,25-32,3,0.00249169,verse,exodus,control_large_ranges
pulse_count,2,23,31-41,3,0.00249169,verse,exodus,control_large_ranges
pulse_count,2,24,32-16,3,0.00249169,verse,exodus,control_large_ranges
pulse_count,2,25,31-39,3,0.00249169,verse,exodus,control_large_ranges
pulse_count,2,26,32-23,3,0.00249169,verse,exodus,control_large_ranges
pulse_count,2,27,24-29,3,0.00249169,verse,exodus,control_large_ranges
pulse_count,2,28,29-22,3,0.00249169,verse,exodus,control_large_ranges
pulse_count,2,29,33-30,3,0.00249169,verse,exodus,control_large_ranges
pulse_count,2,30,28-11,3,0.00249169,verse,exodus,control_large_ranges
pulse_count,2,31,24-43,3,0.00249169,verse,exodus,control_large_ranges
pulse_count,2,32,14-13,3,0.00249169,verse,exodus,control_large_ranges
pulse_count,2,33,25-46,3,0.00249169,verse,exodus,control_large_ranges
pulse_count,2,34,28-32,3,0.00249169,verse,exodus,control_large_ranges
pulse_count,2,35,38-48,3,0.00249169,verse,exodus,control_large_ranges
pulse_count,2,36,38-43,3,0.00249169,verse,exodus,control_large_ranges
pulse_count,2,37,53-27,3,0.00249169,verse,exodus,control_large_ranges
pulse_count,2,38,43-38,3,0.00249169,verse,exodus,control_large_ranges
pulse_count,2,39,22-23,3,0.00249169,verse,exodus,control_large_ranges
pulse_count,2,40,39-43,3,0.00249169,verse,exodus,control_large_ranges
pulse_count,2,41,20-33,3,0.00249169,verse,exodus,control_large_ranges
pulse_count,2,42,22-32,3,0.00249169,verse,exodus,control_large_ranges
pulse_count,2,43,23-37,3,0.00249169,verse,exodus,control_large_ranges
pulse_count,2,44,25-27,3,0.00249169,verse,exodus,control_large_ranges
pulse_count,2,45,25-37,3,0.00249169,verse,exodus,control_large_ranges
pulse_count,2,46,31-29,3,0.00249169,verse,exodus,control_large_ranges
pulse_count,2,47,19-32,3,0.00249169,verse,exodus,control_large_ranges
pulse_count,2,48,29-39,3,0.00249169,verse,exodus,control_large_ranges
pulse_count,2,49,30-32,3,0.00249169,verse,exodus,control_large_ranges
pulse_count,2,50,16-21,3,0.00249169,verse,exodus,control_large_ranges
pulse_count,3,1,15-28-19,2,0.00166251,verse,exodus,control_large_ranges
pulse_count,3,2,31-25-32,2,0.00166251,verse,exodus,control_large_ranges
pulse_count,3,3,19-33-23,2,0.00166251,verse,exodus,control_large_ranges
pulse_count,3,4,38-43-35,2,0.00166251,verse,exodus,control_large_ranges
pulse_count,3,5,34-53-27,2,0.00166251,verse,exodus,control_large_ranges
pulse_count,3,6,45-17-38,2,0.00166251,verse,exodus,control_large_ranges
pulse_count,3,7,28-23-27,2,0.00166251,verse,exodus,control_large_ranges
pulse_count,3,8,29-34-30,2,0.00166251,verse,exodus,control_large_ranges
pulse_count,3,9,37-25-41,2,0.00166251,verse,exodus,control_large_ranges
pulse_count,3,10,17-23-17,2,0.00166251,verse,exodus,control_large_ranges
pulse_count,3,11,39-53-21,2,0.00166251,verse,exodus,control_large_ranges
pulse_count,3,12,32-17-19,2,0.00166251,verse,exodus,control_large_ranges
pulse_count,3,13,37-29-39,2,0.00166251,verse,exodus,control_large_ranges
pulse_count,3,14,21-9-10,1,0.00083126,verse,exodus,control_large_ranges
pulse_count,3,15,9-10-8,1,0.00083126,verse,exodus,control_large_ranges
pulse_count,3,16,10-8-25,1,0.00083126,verse,exodus,control_large_ranges
pulse_count,3,17,8-25-15,1,0.00083126,verse,exodus,control_large_ranges
pulse_count,3,18,25-15-28,1,0.00083126,verse,exodus,control_large_ranges
pulse_count,3,19,28-19-19,1,0.00083126,verse,exodus,control_large_ranges
pulse_count,3,20,19-19-41,1,0.00083126,verse,exodus,control_large_ranges
pulse_count,3,21,19-41-36,1,0.00083126,verse,exodus,control_large_ranges
pulse_count,3,22,41-36-24,1,0.00083126,verse,exodus,control_large_ranges
pulse_count,3,23,36-24-15,1,0.00083126,verse,exodus,control_large_ranges
pulse_count,3,24,24-15-43,1,0.00083126,verse,exodus,control_large_ranges
pulse_count,3,25,15-43-27,1,0.00083126,verse,exodus,control_large_ranges
pulse_count,3,26,43-27-32,1,0.00083126,verse,exodus,control_large_ranges
pulse_count,3,27,27-32-36,1,0.00083126,verse,exodus,control_large_ranges
pulse_count,3,28,32-36-35,1,0.00083126,verse,exodus,control_large_ranges
pulse_count,3,29,36-35-43,1,0.00083126,verse,exodus,control_large_ranges
pulse_count,3,30,35-43-17,1,0.00083126,verse,exodus,control_large_ranges
pulse_count,3,31,43-17-19,1,0.00083126,verse,exodus,control_large_ranges
pulse_count,3,32,17-19-30,1,0.00083126,verse,exodus,control_large_ranges
pulse_count,3,33,19-30-15,1,0.00083126,verse,exodus,control_large_ranges
pulse_count,3,34,30-15-28,1,0.00083126,verse,exodus,control_large_ranges
pulse_count,3,35,15-28-45,1,0.00083126,verse,exodus,control_large_ranges
pulse_count,3,36,28-45-16,1,0.00083126,verse,exodus,control_large_ranges
pulse_count,3,37,45-16-77,1,0.00083126,verse,exodus,control_large_ranges
pulse_count,3,38,16-77-34,1,0.00083126,verse,exodus,control_large_ranges
pulse_count,3,39,77-34-22,1,0.00083126,verse,exodus,control_large_ranges
pulse_count,3,40,34-22-42,1,0.00083126,verse,exodus,control_large_ranges
pulse_count,3,41,22-42-38,1,0.00083126,verse,exodus,control_large_ranges
pulse_count,3,42,42-38-37,1,0.00083126,verse,exodus,control_large_ranges
pulse_count,3,43,38-37-24,1,0.00083126,verse,exodus,control_large_ranges
pulse_count,3,44,37-24-32,1,0.00083126,verse,exodus,control_large_ranges
pulse_count,3,45,24-32-47,1,0.00083126,verse,exodus,control_large_ranges
pulse_count,3,46,32-47-42,1,0.00083126,verse,exodus,control_large_ranges
pulse_count,3,47,47-42-34,1,0.00083126,verse,exodus,control_large_ranges
pulse_count,3,48,42-34-21,1,0.00083126,verse,exodus,control_large_ranges
pulse_count,3,49,34-21-20,1,0.00083126,verse,exodus,control_large_ranges
pulse_count,3,50,21-20-28,1,0.00083126,verse,exodus,control_large_ranges
pulse_count,4,1,21-9-10-8,1,0.00083195,verse,exodus,control_large_ranges
pulse_count,4,2,9-10-8-25,1,0.00083195,verse,exodus,control_large_ranges
pulse_count,4,3,10-8-25-15,1,0.00083195,verse,exodus,control_large_ranges
pulse_count,4,4,8-25-15-28,1,0.00083195,verse,exodus,control_large_ranges
pulse_count,4,5,25-15-28-19,1,0.00083195,verse,exodus,control_large_ranges
pulse_count,4,6,15-28-19-19,1,0.00083195,verse,exodus,control_large_ranges
pulse_count,4,7,28-19-19-41,1,0.00083195,verse,exodus,control_large_ranges
pulse_count,4,8,19-19-41-36,1,0.00083195,verse,exodus,control_large_ranges
pulse_count,4,9,19-41-36-24,1,0.00083195,verse,exodus,control_large_ranges
pulse_count,4,10,41-36-24-15,1,0.00083195,verse,exodus,control_large_ranges
pulse_count,4,11,36-24-15-43,1,0.00083195,verse,exodus,control_large_ranges
pulse_count,4,12,24-15-43-27,1,0.00083195,verse,exodus,control_large_ranges
pulse_count,4,13,15-43-27-32,1,0.00083195,verse,exodus,control_large_ranges
pulse_count,4,14,43-27-32-36,1,0.00083195,verse,exodus,control_large_ranges
pulse_count,4,15,27-32-36-35,1,0.00083195,verse,exodus,control_large_ranges
pulse_count,4,16,32-36-35-43,1,0.00083195,verse,exodus,control_large_ranges
pulse_count,4,17,36-35-43-17,1,0.00083195,verse,exodus,control_large_ranges
pulse_count,4,18,35-43-17-19,1,0.00083195,verse,exodus,control_large_ranges
pulse_count,4,19,43-17-19-30,1,0.00083195,verse,exodus,control_large_ranges
pulse_count,4,20,17-19-30-15,1,0.00083195,verse,exodus,control_large_ranges
pulse_count,4,21,19-30-15-28,1,0.00083195,verse,exodus,control_large_ranges
pulse_count,4,22,30-15-28-45,1,0.00083195,verse,exodus,control_large_ranges
pulse_count,4,23,15-28-45-16,1,0.00083195,verse,exodus,control_large_ranges
pulse_count,4,24,28-45-16-77,1,0.00083195,verse,exodus,control_large_ranges
pulse_count,4,25,45-16-77-34,1,0.00083195,verse,exodus,control_large_ranges
pulse_count,4,26,16-77-34-22,1,0.00083195,verse,exodus,control_large_ranges
pulse_count,4,27,77-34-22-42,1,0.00083195,verse,exodus,control_large_ranges
pulse_count,4,28,34-22-42-38,1,0.00083195,verse,exodus,control_large_ranges
pulse_count,4,29,22-42-38-37,1,0.00083195,verse,exodus,control_large_ranges
pulse_count,4,30,42-38-37-24,1,0.00083195,verse,exodus,control_large_ranges
pulse_count,4,31,38-37-24-32,1,0.00083195,verse,exodus,control_large_ranges
pulse_count,4,32,37-24-32-47,1,0.00083195,verse,exodus,control_large_ranges
pulse_count,4,33,24-32-47-42,1,0.00083195,verse,exodus,control_large_ranges
pulse_count,4,34,32-47-42-34,1,0.00083195,verse,exodus,control_large_ranges
pulse_count,4,35,47-42-34-21,1,0.00083195,verse,exodus,control_large_ranges
pulse_count,4,36,42-34-21-20,1,0.00083195,verse,exodus,control_large_ranges
pulse_count,4,37,34-21-20-28,1,0.00083195,verse,exodus,control_large_ranges
pulse_count,4,38,21-20-28-25,1,0.00083195,verse,exodus,control_large_ranges
pulse_count,4,39,20-28-25-21,1,0.00083195,verse,exodus,control_large_ranges
pulse_count,4,40,28-25-21-24,1,0.00083195,verse,exodus,control_large_ranges
pulse_count,4,41,25-21-24-47,1,0.00083195,verse,exodus,control_large_ranges
pulse_count,4,42,21-24-47-31,1,0.00083195,verse,exodus,control_large_ranges
pulse_count,4,43,24-47-31-16,1,0.00083195,verse,exodus,control_large_ranges
pulse_count,4,44,47-31-16-40,1,0.00083195,verse,exodus,control_large_ranges
pulse_count,4,45,31-16-40-35,1,0.00083195,verse,exodus,control_large_ranges
pulse_count,4,46,16-40-35-27,1,0.00083195,verse,exodus,control_large_ranges
pulse_count,4,47,40-35-27-34,1,0.00083195,verse,exodus,control_large_ranges
pulse_count,4,48,35-27-34-33,1,0.00083195,verse,exodus,control_large_ranges
pulse_count,4,49,27-34-33-46,1,0.00083195,verse,exodus,control_large_ranges
pulse_count,4,50,34-33-46-40,1,0.00083195,verse,exodus,control_large_ranges
pulse_count,5,1,21-9-10-8-25,1,0.00083264,verse,exodus,control_large_ranges
pulse_count,5,2,9-10-8-25-15,1,0.00083264,verse,exodus,control_large_ranges
pulse_count,5,3,10-8-25-15-28,1,0.00083264,verse,exodus,control_large_ranges
pulse_count,5,4,8-25-15-28-19,1,0.00083264,verse,exodus,control_large_ranges
pulse_count,5,5,25-15-28-19-19,1,0.00083264,verse,exodus,control_large_ranges
pulse_count,5,6,15-28-19-19-41,1,0.00083264,verse,exodus,control_large_ranges
pulse_count,5,7,28-19-19-41-36,1,0.00083264,verse,exodus,control_large_ranges
pulse_count,5,8,19-19-41-36-24,1,0.00083264,verse,exodus,control_large_ranges
pulse_count,5,9,19-41-36-24-15,1,0.00083264,verse,exodus,control_large_ranges
pulse_count,5,10,41-36-24-15-43,1,0.00083264,verse,exodus,control_large_ranges
pulse_count,5,11,36-24-15-43-27,1,0.00083264,verse,exodus,control_large_ranges
pulse_count,5,12,24-15-43-27-32,1,0.00083264,verse,exodus,control_large_ranges
pulse_count,5,13,15-43-27-32-36,1,0.00083264,verse,exodus,control_large_ranges
pulse_count,5,14,43-27-32-36-35,1,0.00083264,verse,exodus,control_large_ranges
pulse_count,5,15,27-32-36-35-43,1,0.00083264,verse,exodus,control_large_ranges
pulse_count,5,16,32-36-35-43-17,1,0.00083264,verse,exodus,control_large_ranges
pulse_count,5,17,36-35-43-17-19,1,0.00083264,verse,exodus,control_large_ranges
pulse_count,5,18,35-43-17-19-30,1,0.00083264,verse,exodus,control_large_ranges
pulse_count,5,19,43-17-19-30-15,1,0.00083264,verse,exodus,control_large_ranges
pulse_count,5,20,17-19-30-15-28,1,0.00083264,verse,exodus,control_large_ranges
pulse_count,5,21,19-30-15-28-45,1,0.00083264,verse,exodus,control_large_ranges
pulse_count,5,22,30-15-28-45-16,1,0.00083264,verse,exodus,control_large_ranges
pulse_count,5,23,15-28-45-16-77,1,0.00083264,verse,exodus,control_large_ranges
pulse_count,5,24,28-45-16-77-34,1,0.00083264,verse,exodus,control_large_ranges
pulse_count,5,25,45-16-77-34-22,1,0.00083264,verse,exodus,control_large_ranges
pulse_count,5,26,16-77-34-22-42,1,0.00083264,verse,exodus,control_large_ranges
pulse_count,5,27,77-34-22-42-38,1,0.00083264,verse,exodus,control_large_ranges
pulse_count,5,28,34-22-42-38-37,1,0.00083264,verse,exodus,control_large_ranges
pulse_count,5,29,22-42-38-37-24,1,0.00083264,verse,exodus,control_large_ranges
pulse_count,5,30,42-38-37-24-32,1,0.00083264,verse,exodus,control_large_ranges
pulse_count,5,31,38-37-24-32-47,1,0.00083264,verse,exodus,control_large_ranges
pulse_count,5,32,37-24-32-47-42,1,0.00083264,verse,exodus,control_large_ranges
pulse_count,5,33,24-32-47-42-34,1,0.00083264,verse,exodus,control_large_ranges
pulse_count,5,34,32-47-42-34-21,1,0.00083264,verse,exodus,control_large_ranges
pulse_count,5,35,47-42-34-21-20,1,0.00083264,verse,exodus,control_large_ranges
pulse_count,5,36,42-34-21-20-28,1,0.00083264,verse,exodus,control_large_ranges
pulse_count,5,37,34-21-20-28-25,1,0.00083264,verse,exodus,control_large_ranges
pulse_count,5,38,21-20-28-25-21,1,0.00083264,verse,exodus,control_large_ranges
pulse_count,5,39,20-28-25-21-24,1,0.00083264,verse,exodus,control_large_ranges
pulse_count,5,40,28-25-21-24-47,1,0.00083264,verse,exodus,control_large_ranges
pulse_count,5,41,25-21-24-47-31,1,0.00083264,verse,exodus,control_large_ranges
pulse_count,5,42,21-24-47-31-16,1,0.00083264,verse,exodus,control_large_ranges
pulse_count,5,43,24-47-31-16-40,1,0.00083264,verse,exodus,control_large_ranges
pulse_count,5,44,47-31-16-40-35,1,0.00083264,verse,exodus,control_large_ranges
pulse_count,5,45,31-16-40-35-27,1,0.00083264,verse,exodus,control_large_ranges
pulse_count,5,46,16-40-35-27-34,1,0.00083264,verse,exodus,control_large_ranges
pulse_count,5,47,40-35-27-34-33,1,0.00083264,verse,exodus,control_large_ranges
pulse_count,5,48,35-27-34-33-46,1,0.00083264,verse,exodus,control_large_ranges
pulse_count,5,49,27-34-33-46-40,1,0.00083264,verse,exodus,control_large_ranges
pulse_count,5,50,34-33-46-40-66,1,0.00083264,verse,exodus,control_large_ranges
pulse_count,6,1,21-9-10-8-25-15,1,0.00083333,verse,exodus,control_large_ranges
pulse_count,6,2,9-10-8-25-15-28,1,0.00083333,verse,exodus,control_large_ranges
pulse_count,6,3,10-8-25-15-28-19,1,0.00083333,verse,exodus,control_large_ranges
pulse_count,6,4,8-25-15-28-19-19,1,0.00083333,verse,exodus,control_large_ranges
pulse_count,6,5,25-15-28-19-19-41,1,0.00083333,verse,exodus,control_large_ranges
pulse_count,6,6,15-28-19-19-41-36,1,0.00083333,verse,exodus,control_large_ranges
pulse_count,6,7,28-19-19-41-36-24,1,0.00083333,verse,exodus,control_large_ranges
pulse_count,6,8,19-19-41-36-24-15,1,0.00083333,verse,exodus,control_large_ranges
pulse_count,6,9,19-41-36-24-15-43,1,0.00083333,verse,exodus,control_large_ranges
pulse_count,6,10,41-36-24-15-43-27,1,0.00083333,verse,exodus,control_large_ranges
pulse_count,6,11,36-24-15-43-27-32,1,0.00083333,verse,exodus,control_large_ranges
pulse_count,6,12,24-15-43-27-32-36,1,0.00083333,verse,exodus,control_large_ranges
pulse_count,6,13,15-43-27-32-36-35,1,0.00083333,verse,exodus,control_large_ranges
pulse_count,6,14,43-27-32-36-35-43,1,0.00083333,verse,exodus,control_large_ranges
pulse_count,6,15,27-32-36-35-43-17,1,0.00083333,verse,exodus,control_large_ranges
pulse_count,6,16,32-36-35-43-17-19,1,0.00083333,verse,exodus,control_large_ranges
pulse_count,6,17,36-35-43-17-19-30,1,0.00083333,verse,exodus,control_large_ranges
pulse_count,6,18,35-43-17-19-30-15,1,0.00083333,verse,exodus,control_large_ranges
pulse_count,6,19,43-17-19-30-15-28,1,0.00083333,verse,exodus,control_large_ranges
pulse_count,6,20,17-19-30-15-28-45,1,0.00083333,verse,exodus,control_large_ranges
pulse_count,6,21,19-30-15-28-45-16,1,0.00083333,verse,exodus,control_large_ranges
pulse_count,6,22,30-15-28-45-16-77,1,0.00083333,verse,exodus,control_large_ranges
pulse_count,6,23,15-28-45-16-77-34,1,0.00083333,verse,exodus,control_large_ranges
pulse_count,6,24,28-45-16-77-34-22,1,0.00083333,verse,exodus,control_large_ranges
pulse_count,6,25,45-16-77-34-22-42,1,0.00083333,verse,exodus,control_large_ranges
pulse_count,6,26,16-77-34-22-42-38,1,0.00083333,verse,exodus,control_large_ranges
pulse_count,6,27,77-34-22-42-38-37,1,0.00083333,verse,exodus,control_large_ranges
pulse_count,6,28,34-22-42-38-37-24,1,0.00083333,verse,exodus,control_large_ranges
pulse_count,6,29,22-42-38-37-24-32,1,0.00083333,verse,exodus,control_large_ranges
pulse_count,6,30,42-38-37-24-32-47,1,0.00083333,verse,exodus,control_large_ranges
pulse_count,6,31,38-37-24-32-47-42,1,0.00083333,verse,exodus,control_large_ranges
pulse_count,6,32,37-24-32-47-42-34,1,0.00083333,verse,exodus,control_large_ranges
pulse_count,6,33,24-32-47-42-34-21,1,0.00083333,verse,exodus,control_large_ranges
pulse_count,6,34,32-47-42-34-21-20,1,0.00083333,verse,exodus,control_large_ranges
pulse_count,6,35,47-42-34-21-20-28,1,0.00083333,verse,exodus,control_large_ranges
pulse_count,6,36,42-34-21-20-28-25,1,0.00083333,verse,exodus,control_large_ranges
pulse_count,6,37,34-21-20-28-25-21,1,0.00083333,verse,exodus,control_large_ranges
pulse_count,6,38,21-20-28-25-21-24,1,0.00083333,verse,exodus,control_large_ranges
pulse_count,6,39,20-28-25-21-24-47,1,0.00083333,verse,exodus,control_large_ranges
pulse_count,6,40,28-25-21-24-47-31,1,0.00083333,verse,exodus,control_large_ranges
pulse_count,6,41,25-21-24-47-31-16,1,0.00083333,verse,exodus,control_large_ranges
pulse_count,6,42,21-24-47-31-16-40,1,0.00083333,verse,exodus,control_large_ranges
pulse_count,6,43,24-47-31-16-40-35,1,0.00083333,verse,exodus,control_large_ranges
pulse_count,6,44,47-31-16-40-35-27,1,0.00083333,verse,exodus,control_large_ranges
pulse_count,6,45,31-16-40-35-27-34,1,0.00083333,verse,exodus,control_large_ranges
pulse_count,6,46,16-40-35-27-34-33,1,0.00083333,verse,exodus,control_large_ranges
pulse_count,6,47,40-35-27-34-33-46,1,0.00083333,verse,exodus,control_large_ranges
pulse_count,6,48,35-27-34-33-46-40,1,0.00083333,verse,exodus,control_large_ranges
pulse_count,6,49,27-34-33-46-40-66,1,0.00083333,verse,exodus,control_large_ranges
pulse_count,6,50,34-33-46-40-66-31,1,0.00083333,verse,exodus,control_large_ranges
accent_count,2,1,9-15,14,0.01162791,verse,exodus,control_large_ranges
accent_count,2,2,16-11,13,0.01079734,verse,exodus,control_large_ranges
accent_count,2,3,13-10,13,0.01079734,verse,exodus,control_large_ranges
accent_count,2,4,12-8,12,0.00996678,verse,exodus,control_large_ranges
accent_count,2,5,10-13,12,0.00996678,verse,exodus,control_large_ranges
accent_count,2,6,11-8,11,0.00913621,verse,exodus,control_large_ranges
accent_count,2,7,12-12,11,0.00913621,verse,exodus,control_large_ranges
accent_count,2,8,11-13,11,0.00913621,verse,exodus,control_large_ranges
accent_count,2,9,12-9,11,0.00913621,verse,exodus,control_large_ranges
accent_count,2,10,10-14,11,0.00913621,verse,exodus,control_large_ranges
accent_count,2,11,12-7,11,0.00913621,verse,exodus,control_large_ranges
accent_count,2,12,13-11,10,0.00830565,verse,exodus,control_large_ranges
accent_count,2,13,13-12,10,0.00830565,verse,exodus,control_large_ranges
accent_count,2,14,8-11,10,0.00830565,verse,exodus,control_large_ranges
accent_count,2,15,9-13,10,0.00830565,verse,exodus,control_large_ranges
accent_count,2,16,14-12,10,0.00830565,verse,exodus,control_large_ranges
accent_count,2,17,9-9,10,0.00830565,verse,exodus,control_large_ranges
accent_count,2,18,10-12,10,0.00830565,verse,exodus,control_large_ranges
accent_count,2,19,11-12,10,0.00830565,verse,exodus,control_large_ranges
accent_count,2,20,10-10,10,0.00830565,verse,exodus,control_large_ranges
accent_count,2,21,11-11,9,0.00747508,verse,exodus,control_large_ranges
accent_count,2,22,11-16,9,0.00747508,verse,exodus,control_large_ranges
accent_count,2,23,8-12,9,0.00747508,verse,exodus,control_large_ranges
accent_count,2,24,7-10,9,0.00747508,verse,exodus,control_large_ranges
accent_count,2,25,10-9,9,0.00747508,verse,exodus,control_large_ranges
accent_count,2,26,12-11,9,0.00747508,verse,exodus,control_large_ranges
accent_count,2,27,13-13,9,0.00747508,verse,exodus,control_large_ranges
accent_count,2,28,15-10,9,0.00747508,verse,exodus,control_large_ranges
accent_count,2,29,8-10,8,0.00664452,verse,exodus,control_large_ranges
accent_count,2,30,17-11,8,0.00664452,verse,exodus,control_large_ranges
accent_count,2,31,13-16,8,0.00664452,verse,exodus,control_large_ranges
accent_count,2,32,9-17,8,0.00664452,verse,exodus,control_large_ranges
accent_count,2,33,17-12,8,0.00664452,verse,exodus,control_large_ranges
accent_count,2,34,12-13,8,0.00664452,verse,exodus,control_large_ranges
accent_count,2,35,7-15,8,0.00664452,verse,exodus,control_large_ranges
accent_count,2,36,10-16,8,0.00664452,verse,exodus,control_large_ranges
accent_count,2,37,12-10,8,0.00664452,verse,exodus,control_large_ranges
accent_count,2,38,11-10,8,0.00664452,verse,exodus,control_large_ranges
accent_count,2,39,8-9,7,0.00581395,verse,exodus,control_large_ranges
accent_count,2,40,14-13,7,0.00581395,verse,exodus,control_large_ranges
accent_count,2,41,13-9,7,0.00581395,verse,exodus,control_large_ranges
accent_count,2,42,15-14,7,0.00581395,verse,exodus,control_large_ranges
accent_count,2,43,11-15,7,0.00581395,verse,exodus,control_large_ranges
accent_count,2,44,14-14,7,0.00581395,verse,exodus,control_large_ranges
accent_count,2,45,7-13,7,0.00581395,verse,exodus,control_large_ranges
accent_count,2,46,11-9,7,0.00581395,verse,exodus,control_large_ranges
accent_count,2,47,15-12,7,0.00581395,verse,exodus,control_large_ranges
accent_count,2,48,16-13,7,0.00581395,verse,exodus,control_large_ranges
accent_count,2,49,16-8,7,0.00581395,verse,exodus,control_large_ranges
accent_count,2,50,7-7,7,0.00581395,verse,exodus,control_large_ranges
accent_count,3,1,12-12-12,5,0.00415628,verse,exodus,control_large_ranges
accent_count,3,2,10-12-8,5,0.00415628,verse,exodus,control_large_ranges
accent_count,3,3,12-13-13,4,0.00332502,verse,exodus,control_large_ranges
accent_count,3,4,12-9-15,4,0.00332502,verse,exodus,control_large_ranges
accent_count,3,5,9-13-10,4,0.00332502,verse,exodus,control_large_ranges
accent_count,3,6,14-13-11,3,0.00249377,verse,exodus,control_large_ranges
accent_count,3,7,13-12-12,3,0.00249377,verse,exodus,control_large_ranges
accent_count,3,8,12-12-14,3,0.00249377,verse,exodus,control_large_ranges
accent_count,3,9,14-12-7,3,0.00249377,verse,exodus,control_large_ranges
accent_count,3,10,13-12-7,3,0.00249377,verse,exodus,control_large_ranges
accent_count,3,11,16-14-12,3,0.00249377,verse,exodus,control_large_ranges
accent_count,3,12,7-15-12,3,0.00249377,verse,exodus,control_large_ranges
accent_count,3,13,14-5-16,3,0.00249377,verse,exodus,control_large_ranges
accent_count,3,14,16-11-11,3,0.00249377,verse,exodus,control_large_ranges
accent_count,3,15,7-15-8,3,0.00249377,verse,exodus,control_large_ranges
accent_count,3,16,9-17-11,3,0.00249377,verse,exodus,control_large_ranges
accent_count,3,17,8-11-8,3,0.00249377,verse,exodus,control_large_ranges
accent_count,3,18,18-6-12,3,0.00249377,verse,exodus,control_large_ranges
accent_count,3,19,11-13-15,3,0.00249377,verse,exodus,control_large_ranges
accent_count,3,20,12-8-12,3,0.00249377,verse,exodus,control_large_ranges
accent_count,3,21,13-14-17,3,0.00249377,verse,exodus,control_large_ranges
accent_count,3,22,13-10-16,3,0.00249377,verse,exodus,control_large_ranges
accent_count,3,23,11-10-14,3,0.00249377,verse,exodus,control_large_ranges
accent_count,3,24,10-10-13,3,0.00249377,verse,exodus,control_large_ranges
accent_count,3,25,14-14-19,3,0.00249377,verse,exodus,control_large_ranges
accent_count,3,26,5-5-9,3,0.00249377,verse,exodus,control_large_ranges
accent_count,3,27,13-10-10,3,0.00249377,verse,exodus,control_large_ranges
accent_count,3,28,10-6-11,2,0.00166251,verse,exodus,control_large_ranges
accent_count,3,29,12-12-16,2,0.00166251,verse,exodus,control_large_ranges
accent_count,3,30,16-7-8,2,0.00166251,verse,exodus,control_large_ranges
accent_count,3,31,7-8-10,2,0.00166251,verse,exodus,control_large_ranges
accent_count,3,32,8-10-6,2,0.00166251,verse,exodus,control_large_ranges
accent_count,3,33,9-15-14,2,0.00166251,verse,exodus,control_large_ranges
accent_count,3,34,15-11-13,2,0.00166251,verse,exodus,control_large_ranges
accent_count,3,35,17-11-8,2,0.00166251,verse,exodus,control_large_ranges
accent_count,3,36,8-8-11,2,0.00166251,verse,exodus,control_large_ranges
accent_count,3,37,8-11-11,2,0.00166251,verse,exodus,control_large_ranges
accent_count,3,38,11-8-11,2,0.00166251,verse,exodus,control_large_ranges
accent_count,3,39,8-11-16,2,0.00166251,verse,exodus,control_large_ranges
accent_count,3,40,11-16-10,2,0.00166251,verse,exodus,control_large_ranges
accent_count,3,41,12-9-13,2,0.00166251,verse,exodus,control_large_ranges
accent_count,3,42,12-14-16,2,0.00166251,verse,exodus,control_large_ranges
accent_count,3,43,14-16-6,2,0.00166251,verse,exodus,control_large_ranges
accent_count,3,44,14-16-11,2,0.00166251,verse,exodus,control_large_ranges
accent_count,3,45,21-14-12,2,0.00166251,verse,exodus,control_large_ranges
accent_count,3,46,13-16-16,2,0.00166251,verse,exodus,control_large_ranges
accent_count,3,47,12-9-8,2,0.00166251,verse,exodus,control_large_ranges
accent_count,3,48,12-7-10,2,0.00166251,verse,exodus,control_large_ranges
accent_count,3,49,7-10-18,2,0.00166251,verse,exodus,control_large_ranges
accent_count,3,50,13-10-9,2,0.00166251,verse,exodus,control_large_ranges
accent_count,4,1,12-12-12-16,2,0.00166389,verse,exodus,control_large_ranges
accent_count,4,2,16-7-8-10,2,0.00166389,verse,exodus,control_large_ranges
accent_count,4,3,21-14-12-7,2,0.00166389,verse,exodus,control_large_ranges
accent_count,4,4,10-9-11-9,2,0.00166389,verse,exodus,control_large_ranges
accent_count,4,5,12-7-15-12,2,0.00166389,verse,exodus,control_large_ranges
accent_count,4,6,7-12-6-13,2,0.00166389,verse,exodus,control_large_ranges
accent_count,4,7,8-14-5-16,2,0.00166389,verse,exodus,control_large_ranges
accent_count,4,8,11-8-15-17,2,0.00166389,verse,exodus,control_large_ranges
accent_count,4,9,12-9-15-7,2,0.00166389,verse,exodus,control_large_ranges
accent_count,4,10,13-12-12-14,2,0.00166389,verse,exodus,control_large_ranges
accent_count,4,11,9-13-10-16,2,0.00166389,verse,exodus,control_large_ranges
accent_count,4,12,10-10-13-15,2,0.00166389,verse,exodus,control_large_ranges
accent_count,4,13,11-9-9-13,2,0.00166389,verse,exodus,control_large_ranges
accent_count,4,14,9-9-13-8,2,0.00166389,verse,exodus,control_large_ranges
accent_count,4,15,9-13-8-9,2,0.00166389,verse,exodus,control_large_ranges
accent_count,4,16,14-14-19-6,2,0.00166389,verse,exodus,control_large_ranges
accent_count,4,17,10-6-10-12,2,0.00166389,verse,exodus,control_large_ranges
accent_count,4,18,6-10-12-8,2,0.00166389,verse,exodus,control_large_ranges
accent_count,4,19,10-12-8-20,2,0.00166389,verse,exodus,control_large_ranges
accent_count,4,20,16-11-10-14,2,0.00166389,verse,exodus,control_large_ranges
accent_count,4,21,7-15-8-10,2,0.00166389,verse,exodus,control_large_ranges
accent_count,4,22,10-5-5-9,2,0.00166389,verse,exodus,control_large_ranges
accent_count,4,23,11-4-3-4,1,0.00083195,verse,exodus,control_large_ranges
accent_count,4,24,4-3-4-10,1,0.00083195,verse,exodus,control_large_ranges
accent_count,4,25,3-4-10-6,1,0.00083195,verse,exodus,control_large_ranges
accent_count,4,26,4-10-6-11,1,0.00083195,verse,exodus,control_large_ranges
accent_count,4,27,10-6-11-8,1,0.00083195,verse,exodus,control_large_ranges
accent_count,4,28,6-11-8-9,1,0.00083195,verse,exodus,control_large_ranges
accent_count,4,29,11-8-9-14,1,0.00083195,verse,exodus,control_large_ranges
accent_count,4,30,8-9-14-13,1,0.00083195,verse,exodus,control_large_ranges
accent_count,4,31,9-14-13-11,1,0.00083195,verse,exodus,control_large_ranges
accent_count,4,32,14-13-11-5,1,0.00083195,verse,exodus,control_large_ranges
accent_count,4,33,13-11-5-13,1,0.00083195,verse,exodus,control_large_ranges
accent_count,4,34,11-5-13-12,1,0.00083195,verse,exodus,control_large_ranges
accent_count,4,35,5-13-12-12,1,0.00083195,verse,exodus,control_large_ranges
accent_count,4,36,13-12-12-12,1,0.00083195,verse,exodus,control_large_ranges
accent_count,4,37,12-12-12-12,1,0.00083195,verse,exodus,control_large_ranges
accent_count,4,38,12-12-16-7,1,0.00083195,verse,exodus,control_large_ranges
accent_count,4,39,12-16-7-8,1,0.00083195,verse,exodus,control_large_ranges
accent_count,4,40,7-8-10-6,1,0.00083195,verse,exodus,control_large_ranges
accent_count,4,41,8-10-6-11,1,0.00083195,verse,exodus,control_large_ranges
accent_count,4,42,10-6-11-17,1,0.00083195,verse,exodus,control_large_ranges
accent_count,4,43,6-11-17-6,1,0.00083195,verse,exodus,control_large_ranges
accent_count,4,44,11-17-6-26,1,0.00083195,verse,exodus,control_large_ranges
accent_count,4,45,17-6-26-13,1,0.00083195,verse,exodus,control_large_ranges
accent_count,4,46,6-26-13-9,1,0.00083195,verse,exodus,control_large_ranges
accent_count,4,47,26-13-9-15,1,0.00083195,verse,exodus,control_large_ranges
accent_count,4,48,13-9-15-14,1,0.00083195,verse,exodus,control_large_ranges
accent_count,4,49,9-15-14-15,1,0.00083195,verse,exodus,control_large_ranges
accent_count,4,50,15-14-15-11,1,0.00083195,verse,exodus,control_large_ranges
accent_count,5,1,11-9-9-13-8,2,0.00166528,verse,exodus,control_large_ranges
accent_count,5,2,9-9-13-8-9,2,0.00166528,verse,exodus,control_large_ranges
accent_count,5,3,10-6-10-12-8,2,0.00166528,verse,exodus,control_large_ranges
accent_count,5,4,6-10-12-8-20,2,0.00166528,verse,exodus,control_large_ranges
accent_count,5,5,11-4-3-4-10,1,0.00083264,verse,exodus,control_large_ranges
accent_count,5,6,4-3-4-10-6,1,0.00083264,verse,exodus,control_large_ranges
accent_count,5,7,3-4-10-6-11,1,0.00083264,verse,exodus,control_large_ranges
accent_count,5,8,4-10-6-11-8,1,0.00083264,verse,exodus,control_large_ranges
accent_count,5,9,10-6-11-8-9,1,0.00083264,verse,exodus,control_large_ranges
accent_count,5,10,6-11-8-9-14,1,0.00083264,verse,exodus,control_large_ranges
accent_count,5,11,11-8-9-14-13,1,0.00083264,verse,exodus,control_large_ranges
accent_count,5,12,8-9-14-13-11,1,0.00083264,verse,exodus,control_large_ranges
accent_count,5,13,9-14-13-11-5,1,0.00083264,verse,exodus,control_large_ranges
accent_count,5,14,14-13-11-5-13,1,0.00083264,verse,exodus,control_large_ranges
accent_count,5,15,13-11-5-13-12,1,0.00083264,verse,exodus,control_large_ranges
accent_count,5,16,11-5-13-12-12,1,0.00083264,verse,exodus,control_large_ranges
accent_count,5,17,5-13-12-12-12,1,0.00083264,verse,exodus,control_large_ranges
accent_count,5,18,13-12-12-12-12,1,0.00083264,verse,exodus,control_large_ranges
accent_count,5,19,12-12-12-12-16,1,0.00083264,verse,exodus,control_large_ranges
accent_count,5,20,12-12-12-16-7,1,0.00083264,verse,exodus,control_large_ranges
accent_count,5,21,12-12-16-7-8,1,0.00083264,verse,exodus,control_large_ranges
accent_count,5,22,12-16-7-8-10,1,0.00083264,verse,exodus,control_large_ranges
accent_count,5,23,16-7-8-10-6,1,0.00083264,verse,exodus,control_large_ranges
accent_count,5,24,7-8-10-6-11,1,0.00083264,verse,exodus,control_large_ranges
accent_count,5,25,8-10-6-11-17,1,0.00083264,verse,exodus,control_large_ranges
accent_count,5,26,10-6-11-17-6,1,0.00083264,verse,exodus,control_large_ranges
accent_count,5,27,6-11-17-6-26,1,0.00083264,verse,exodus,control_large_ranges
accent_count,5,28,11-17-6-26-13,1,0.00083264,verse,exodus,control_large_ranges
accent_count,5,29,17-6-26-13-9,1,0.00083264,verse,exodus,control_large_ranges
accent_count,5,30,6-26-13-9-15,1,0.00083264,verse,exodus,control_large_ranges
accent_count,5,31,26-13-9-15-14,1,0.00083264,verse,exodus,control_large_ranges
accent_count,5,32,13-9-15-14-15,1,0.00083264,verse,exodus,control_large_ranges
accent_count,5,33,9-15-14-15-11,1,0.00083264,verse,exodus,control_large_ranges
accent_count,5,34,15-14-15-11-13,1,0.00083264,verse,exodus,control_large_ranges
accent_count,5,35,14-15-11-13-19,1,0.00083264,verse,exodus,control_large_ranges
accent_count,5,36,15-11-13-19-17,1,0.00083264,verse,exodus,control_large_ranges
accent_count,5,37,11-13-19-17-11,1,0.00083264,verse,exodus,control_large_ranges
accent_count,5,38,13-19-17-11-8,1,0.00083264,verse,exodus,control_large_ranges
accent_count,5,39,19-17-11-8-8,1,0.00083264,verse,exodus,control_large_ranges
accent_count,5,40,17-11-8-8-11,1,0.00083264,verse,exodus,control_large_ranges
accent_count,5,41,11-8-8-11-11,1,0.00083264,verse,exodus,control_large_ranges
accent_count,5,42,8-8-11-11-8,1,0.00083264,verse,exodus,control_large_ranges
accent_count,5,43,8-11-11-8-11,1,0.00083264,verse,exodus,control_large_ranges
accent_count,5,44,11-11-8-11-16,1,0.00083264,verse,exodus,control_large_ranges
accent_count,5,45,11-8-11-16-10,1,0.00083264,verse,exodus,control_large_ranges
accent_count,5,46,8-11-16-10-6,1,0.00083264,verse,exodus,control_large_ranges
accent_count,5,47,11-16-10-6-16,1,0.00083264,verse,exodus,control_large_ranges
accent_count,5,48,16-10-6-16-15,1,0.00083264,verse,exodus,control_large_ranges
accent_count,5,49,10-6-16-15-11,1,0.00083264,verse,exodus,control_large_ranges
accent_count,5,50,6-16-15-11-15,1,0.00083264,verse,exodus,control_large_ranges
accent_count,6,1,11-9-9-13-8-9,2,0.00166667,verse,exodus,control_large_ranges
accent_count,6,2,10-6-10-12-8-20,2,0.00166667,verse,exodus,control_large_ranges
accent_count,6,3,11-4-3-4-10-6,1,0.00083333,verse,exodus,control_large_ranges
accent_count,6,4,4-3-4-10-6-11,1,0.00083333,verse,exodus,control_large_ranges
accent_count,6,5,3-4-10-6-11-8,1,0.00083333,verse,exodus,control_large_ranges
accent_count,6,6,4-10-6-11-8-9,1,0.00083333,verse,exodus,control_large_ranges
accent_count,6,7,10-6-11-8-9-14,1,0.00083333,verse,exodus,control_large_ranges
accent_count,6,8,6-11-8-9-14-13,1,0.00083333,verse,exodus,control_large_ranges
accent_count,6,9,11-8-9-14-13-11,1,0.00083333,verse,exodus,control_large_ranges
accent_count,6,10,8-9-14-13-11-5,1,0.00083333,verse,exodus,control_large_ranges
accent_count,6,11,9-14-13-11-5-13,1,0.00083333,verse,exodus,control_large_ranges
accent_count,6,12,14-13-11-5-13-12,1,0.00083333,verse,exodus,control_large_ranges
accent_count,6,13,13-11-5-13-12-12,1,0.00083333,verse,exodus,control_large_ranges
accent_count,6,14,11-5-13-12-12-12,1,0.00083333,verse,exodus,control_large_ranges
accent_count,6,15,5-13-12-12-12-12,1,0.00083333,verse,exodus,control_large_ranges
accent_count,6,16,13-12-12-12-12-16,1,0.00083333,verse,exodus,control_large_ranges
accent_count,6,17,12-12-12-12-16-7,1,0.00083333,verse,exodus,control_large_ranges
accent_count,6,18,12-12-12-16-7-8,1,0.00083333,verse,exodus,control_large_ranges
accent_count,6,19,12-12-16-7-8-10,1,0.00083333,verse,exodus,control_large_ranges
accent_count,6,20,12-16-7-8-10-6,1,0.00083333,verse,exodus,control_large_ranges
accent_count,6,21,16-7-8-10-6-11,1,0.00083333,verse,exodus,control_large_ranges
accent_count,6,22,7-8-10-6-11-17,1,0.00083333,verse,exodus,control_large_ranges
accent_count,6,23,8-10-6-11-17-6,1,0.00083333,verse,exodus,control_large_ranges
accent_count,6,24,10-6-11-17-6-26,1,0.00083333,verse,exodus,control_large_ranges
accent_count,6,25,6-11-17-6-26-13,1,0.00083333,verse,exodus,control_large_ranges
accent_count,6,26,11-17-6-26-13-9,1,0.00083333,verse,exodus,control_large_ranges
accent_count,6,27,17-6-26-13-9-15,1,0.00083333,verse,exodus,control_large_ranges
accent_count,6,28,6-26-13-9-15-14,1,0.00083333,verse,exodus,control_large_ranges
accent_count,6,29,26-13-9-15-14-15,1,0.00083333,verse,exodus,control_large_ranges
accent_count,6,30,13-9-15-14-15-11,1,0.00083333,verse,exodus,control_large_ranges
accent_count,6,31,9-15-14-15-11-13,1,0.00083333,verse,exodus,control_large_ranges
accent_count,6,32,15-14-15-11-13-19,1,0.00083333,verse,exodus,control_large_ranges
accent_count,6,33,14-15-11-13-19-17,1,0.00083333,verse,exodus,control_large_ranges
accent_count,6,34,15-11-13-19-17-11,1,0.00083333,verse,exodus,control_large_ranges
accent_count,6,35,11-13-19-17-11-8,1,0.00083333,verse,exodus,control_large_ranges
accent_count,6,36,13-19-17-11-8-8,1,0.00083333,verse,exodus,control_large_ranges
accent_count,6,37,19-17-11-8-8-11,1,0.00083333,verse,exodus,control_large_ranges
accent_count,6,38,17-11-8-8-11-11,1,0.00083333,verse,exodus,control_large_ranges
accent_count,6,39,11-8-8-11-11-8,1,0.00083333,verse,exodus,control_large_ranges
accent_count,6,40,8-8-11-11-8-11,1,0.00083333,verse,exodus,control_large_ranges
accent_count,6,41,8-11-11-8-11-16,1,0.00083333,verse,exodus,control_large_ranges
accent_count,6,42,11-11-8-11-16-10,1,0.00083333,verse,exodus,control_large_ranges
accent_count,6,43,11-8-11-16-10-6,1,0.00083333,verse,exodus,control_large_ranges
accent_count,6,44,8-11-16-10-6-16,1,0.00083333,verse,exodus,control_large_ranges
accent_count,6,45,11-16-10-6-16-15,1,0.00083333,verse,exodus,control_large_ranges
accent_count,6,46,16-10-6-16-15-11,1,0.00083333,verse,exodus,control_large_ranges
accent_count,6,47,10-6-16-15-11-15,1,0.00083333,verse,exodus,control_large_ranges
accent_count,6,48,6-16-15-11-15-14,1,0.00083333,verse,exodus,control_large_ranges
accent_count,6,49,16-15-11-15-14-17,1,0.00083333,verse,exodus,control_large_ranges
accent_count,6,50,15-11-15-14-17-15,1,0.00083333,verse,exodus,control_large_ranges
word_count,2,1,5-5,53,0.02256279,major,exodus,control_large_ranges
word_count,2,2,4-5,50,0.02128565,major,exodus,control_large_ranges
word_count,2,3,5-6,43,0.01830566,major,exodus,control_large_ranges
word_count,2,4,5-4,39,0.01660281,major,exodus,control_large_ranges
word_count,2,5,7-5,38,0.0161771,major,exodus,control_large_ranges
word_count,2,6,5-7,38,0.0161771,major,exodus,control_large_ranges
word_count,2,7,8-5,38,0.0161771,major,exodus,control_large_ranges
word_count,2,8,4-8,37,0.01575138,major,exodus,control_large_ranges
word_count,2,9,4-6,34,0.01447424,major,exodus,control_large_ranges
word_count,2,10,4-4,34,0.01447424,major,exodus,control_large_ranges
word_count,2,11,5-9,34,0.01447424,major,exodus,control_large_ranges
word_count,2,12,7-4,33,0.01404853,major,exodus,control_large_ranges
word_count,2,13,6-4,31,0.01319711,major,exodus,control_large_ranges
word_count,2,14,4-7,31,0.01319711,major,exodus,control_large_ranges
word_count,2,15,6-7,30,0.01277139,major,exodus,control_large_ranges
word_count,2,16,5-8,29,0.01234568,major,exodus,control_large_ranges
word_count,2,17,7-7,28,0.01191997,major,exodus,control_large_ranges
word_count,2,18,9-5,28,0.01191997,major,exodus,control_large_ranges
word_count,2,19,8-4,27,0.01149425,major,exodus,control_large_ranges
word_count,2,20,10-4,27,0.01149425,major,exodus,control_large_ranges
word_count,2,21,6-5,26,0.01106854,major,exodus,control_large_ranges
word_count,2,22,3-7,26,0.01106854,major,exodus,control_large_ranges
word_count,2,23,5-3,26,0.01106854,major,exodus,control_large_ranges
word_count,2,24,8-6,26,0.01106854,major,exodus,control_large_ranges
word_count,2,25,7-8,25,0.01064283,major,exodus,control_large_ranges
word_count,2,26,7-3,25,0.01064283,major,exodus,control_large_ranges
word_count,2,27,3-6,23,0.0097914,major,exodus,control_large_ranges
word_count,2,28,9-4,23,0.0097914,major,exodus,control_large_ranges
word_count,2,29,3-4,22,0.00936569,major,exodus,control_large_ranges
word_count,2,30,6-3,22,0.00936569,major,exodus,control_large_ranges
word_count,2,31,6-6,22,0.00936569,major,exodus,control_large_ranges
word_count,2,32,5-10,22,0.00936569,major,exodus,control_large_ranges
word_count,2,33,7-6,21,0.00893997,major,exodus,control_large_ranges
word_count,2,34,6-8,21,0.00893997,major,exodus,control_large_ranges
word_count,2,35,9-7,21,0.00893997,major,exodus,control_large_ranges
word_count,2,36,8-3,20,0.00851426,major,exodus,control_large_ranges
word_count,2,37,3-5,20,0.00851426,major,exodus,control_large_ranges
word_count,2,38,6-9,20,0.00851426,major,exodus,control_large_ranges
word_count,2,39,4-9,20,0.00851426,major,exodus,control_large_ranges
word_count,2,40,8-9,20,0.00851426,major,exodus,control_large_ranges
word_count,2,41,4-3,19,0.00808855,major,exodus,control_large_ranges
word_count,2,42,8-7,19,0.00808855,major,exodus,control_large_ranges
word_count,2,43,3-9,19,0.00808855,major,exodus,control_large_ranges
word_count,2,44,3-8,19,0.00808855,major,exodus,control_large_ranges
word_count,2,45,6-10,18,0.00766284,major,exodus,control_large_ranges
word_count,2,46,4-11,18,0.00766284,major,exodus,control_large_ranges
word_count,2,47,9-3,17,0.00723712,major,exodus,control_large_ranges
word_count,2,48,8-8,17,0.00723712,major,exodus,control_large_ranges
word_count,2,49,13-5,17,0.00723712,major,exodus,control_large_ranges
word_count,2,50,11-5,17,0.00723712,major,exodus,control_large_ranges
word_count,3,1,5-5-5,13,0.00553663,major,exodus,control_large_ranges
word_count,3,2,7-4-5,11,0.00468484,major,exodus,control_large_ranges
word_count,3,3,4-8-5,10,0.00425894,major,exodus,control_large_ranges
word_count,3,4,4-5-6,9,0.00383305,major,exodus,control_large_ranges
word_count,3,5,5-10-4,9,0.00383305,major,exodus,control_large_ranges
word_count,3,6,7-5-9,9,0.00383305,major,exodus,control_large_ranges
word_count,3,7,4-5-4,9,0.00383305,major,exodus,control_large_ranges
word_count,3,8,7-5-7,8,0.00340716,major,exodus,control_large_ranges
word_count,3,9,7-7-5,8,0.00340716,major,exodus,control_large_ranges
word_count,3,10,5-6-7,8,0.00340716,major,exodus,control_large_ranges
word_count,3,11,5-7-5,8,0.00340716,major,exodus,control_large_ranges
word_count,3,12,3-7-3,7,0.00298126,major,exodus,control_large_ranges
word_count,3,13,4-4-4,7,0.00298126,major,exodus,control_large_ranges
word_count,3,14,4-5-10,7,0.00298126,major,exodus,control_large_ranges
word_count,3,15,4-7-6,7,0.00298126,major,exodus,control_large_ranges
word_count,3,16,6-8-5,7,0.00298126,major,exodus,control_large_ranges
word_count,3,17,5-5-9,7,0.00298126,major,exodus,control_large_ranges
word_count,3,18,4-8-4,7,0.00298126,major,exodus,control_large_ranges
word_count,3,19,4-7-4,7,0.00298126,major,exodus,control_large_ranges
word_count,3,20,5-4-5,7,0.00298126,major,exodus,control_large_ranges
word_count,3,21,3-4-8,6,0.00255537,major,exodus,control_large_ranges
word_count,3,22,7-4-6,6,0.00255537,major,exodus,control_large_ranges
word_count,3,23,5-7-7,6,0.00255537,major,exodus,control_large_ranges
word_count,3,24,3-4-6,6,0.00255537,major,exodus,control_large_ranges
word_count,3,25,6-7-4,6,0.00255537,major,exodus,control_large_ranges
word_count,3,26,9-5-5,6,0.00255537,major,exodus,control_large_ranges
word_count,3,27,5-6-6,6,0.00255537,major,exodus,control_large_ranges
word_count,3,28,8-5-6,6,0.00255537,major,exodus,control_large_ranges
word_count,3,29,3-8-7,6,0.00255537,major,exodus,control_large_ranges
word_count,3,30,7-5-5,6,0.00255537,major,exodus,control_large_ranges
word_count,3,31,6-5-5,6,0.00255537,major,exodus,control_large_ranges
word_count,3,32,6-4-6,6,0.00255537,major,exodus,control_large_ranges
word_count,3,33,3-7-4,6,0.00255537,major,exodus,control_large_ranges
word_count,3,34,3-5-4,6,0.00255537,major,exodus,control_large_ranges
word_count,3,35,4-4-5,6,0.00255537,major,exodus,control_large_ranges
word_count,3,36,4-5-5,6,0.00255537,major,exodus,control_large_ranges
word_count,3,37,5-4-8,6,0.00255537,major,exodus,control_large_ranges
word_count,3,38,4-3-4,5,0.00212947,major,exodus,control_large_ranges
word_count,3,39,4-8-3,5,0.00212947,major,exodus,control_large_ranges
word_count,3,40,5-5-3,5,0.00212947,major,exodus,control_large_ranges
word_count,3,41,4-6-10,5,0.00212947,major,exodus,control_large_ranges
word_count,3,42,3-10-3,5,0.00212947,major,exodus,control_large_ranges
word_count,3,43,8-4-4,5,0.00212947,major,exodus,control_large_ranges
word_count,3,44,4-4-8,5,0.00212947,major,exodus,control_large_ranges
word_count,3,45,4-8-8,5,0.00212947,major,exodus,control_large_ranges
word_count,3,46,5-8-5,5,0.00212947,major,exodus,control_large_ranges
word_count,3,47,4-9-5,5,0.00212947,major,exodus,control_large_ranges
word_count,3,48,5-5-6,5,0.00212947,major,exodus,control_large_ranges
word_count,3,49,9-4-5,5,0.00212947,major,exodus,control_large_ranges
word_count,3,50,11-4-7,5,0.00212947,major,exodus,control_large_ranges
word_count,4,1,5-5-5-5,5,0.00213038,major,exodus,control_large_ranges
word_count,4,2,7-5-9-10,4,0.0017043,major,exodus,control_large_ranges
word_count,4,3,5-7-7-9,3,0.00127823,major,exodus,control_large_ranges
word_count,4,4,5-6-7-4,3,0.00127823,major,exodus,control_large_ranges
word_count,4,5,7-8-5-6,3,0.00127823,major,exodus,control_large_ranges
word_count,4,6,11-4-7-6,3,0.00127823,major,exodus,control_large_ranges
word_count,4,7,4-7-7-3,3,0.00127823,major,exodus,control_large_ranges
word_count,4,8,9-8-4-4,3,0.00127823,major,exodus,control_large_ranges
word_count,4,9,2-3-2-3,3,0.00127823,major,exodus,control_large_ranges
word_count,4,10,5-11-4-5,3,0.00127823,major,exodus,control_large_ranges
word_count,4,11,6-7-5-9,3,0.00127823,major,exodus,control_large_ranges
word_count,4,12,4-4-4-4,3,0.00127823,major,exodus,control_large_ranges
word_count,4,13,3-6-7-2,3,0.00127823,major,exodus,control_large_ranges
word_count,4,14,7-5-7-5,3,0.00127823,major,exodus,control_large_ranges
word_count,4,15,4-5-6-4,3,0.00127823,major,exodus,control_large_ranges
word_count,4,16,6-7-4-5,3,0.00127823,major,exodus,control_large_ranges
word_count,4,17,5-5-5-9,3,0.00127823,major,exodus,control_large_ranges
word_count,4,18,5-5-9-4,3,0.00127823,major,exodus,control_large_ranges
word_count,4,19,5-4-5-4,3,0.00127823,major,exodus,control_large_ranges
word_count,4,20,4-6-8-5,3,0.00127823,major,exodus,control_large_ranges
word_count,4,21,6-8-5-4,3,0.00127823,major,exodus,control_large_ranges
word_count,4,22,8-5-4-5,3,0.00127823,major,exodus,control_large_ranges
word_count,4,23,5-4-5-7,3,0.00127823,major,exodus,control_large_ranges
word_count,4,24,7-4-5-10,3,0.00127823,major,exodus,control_large_ranges
word_count,4,25,5-4-3-4,2,0.00085215,major,exodus,control_large_ranges
word_count,4,26,4-3-4-8,2,0.00085215,major,exodus,control_large_ranges
word_count,4,27,3-4-8-3,2,0.00085215,major,exodus,control_large_ranges
word_count,4,28,4-8-3-7,2,0.00085215,major,exodus,control_large_ranges
word_count,4,29,7-8-3-5,2,0.00085215,major,exodus,control_large_ranges
word_count,4,30,7-8-7-4,2,0.00085215,major,exodus,control_large_ranges
word_count,4,31,7-5-7-7,2,0.00085215,major,exodus,control_large_ranges
word_count,4,32,4-4-4-8,2,0.00085215,major,exodus,control_large_ranges
word_count,4,33,11-9-3-4,2,0.00085215,major,exodus,control_large_ranges
word_count,4,34,7-5-8-5,2,0.00085215,major,exodus,control_large_ranges
word_count,4,35,3-6-4-5,2,0.00085215,major,exodus,control_large_ranges
word_count,4,36,6-4-5-6,2,0.00085215,major,exodus,control_large_ranges
word_count,4,37,4-5-6-7,2,0.00085215,major,exodus,control_large_ranges
word_count,4,38,5-5-6-6,2,0.00085215,major,exodus,control_large_ranges
word_count,4,39,4-5-10-4,2,0.00085215,major,exodus,control_large_ranges
word_count,4,40,9-3-11-4,2,0.00085215,major,exodus,control_large_ranges
word_count,4,41,3-11-4-7,2,0.00085215,major,exodus,control_large_ranges
word_count,4,42,4-7-6-10,2,0.00085215,major,exodus,control_large_ranges
word_count,4,43,4-2-7-3,2,0.00085215,major,exodus,control_large_ranges
word_count,4,44,8-7-8-6,2,0.00085215,major,exodus,control_large_ranges
word_count,4,45,8-6-11-5,2,0.00085215,major,exodus,control_large_ranges
word_count,4,46,6-11-5-9,2,0.00085215,major,exodus,control_large_ranges
word_count,4,47,11-5-9-5,2,0.00085215,major,exodus,control_large_ranges
word_count,4,48,5-9-5-10,2,0.00085215,major,exodus,control_large_ranges
word_count,4,49,2-7-3-4,2,0.00085215,major,exodus,control_large_ranges
word_count,4,50,5-9-5-5,2,0.00085215,major,exodus,control_large_ranges
word_count,5,1,5-5-5-9-4,3,0.00127877,major,exodus,control_large_ranges
word_count,5,2,6-8-5-4-5,3,0.00127877,major,exodus,control_large_ranges
word_count,5,3,7-5-7-7-9,2,0.00085251,major,exodus,control_large_ranges
word_count,5,4,4-5-6-7-4,2,0.00085251,major,exodus,control_large_ranges
word_count,5,5,8-6-11-5-9,2,0.00085251,major,exodus,control_large_ranges
word_count,5,6,6-11-5-9-5,2,0.00085251,major,exodus,control_large_ranges
word_count,5,7,4-6-12-5-14,2,0.00085251,major,exodus,control_large_ranges
word_count,5,8,6-4-6-9-8,2,0.00085251,major,exodus,control_large_ranges
word_count,5,9,5-5-7-4-5,2,0.00085251,major,exodus,control_large_ranges
word_count,5,10,6-6-7-4-5,2,0.00085251,major,exodus,control_large_ranges
word_count,5,11,4-8-5-8-4,2,0.00085251,major,exodus,control_large_ranges
word_count,5,12,5-3-10-4-7,2,0.00085251,major,exodus,control_large_ranges
word_count,5,13,7-5-9-10-4,2,0.00085251,major,exodus,control_large_ranges
word_count,5,14,3-6-7-2-5,2,0.00085251,major,exodus,control_large_ranges
word_count,5,15,6-7-2-5-4,2,0.00085251,major,exodus,control_large_ranges
word_count,5,16,7-2-5-4-2,2,0.00085251,major,exodus,control_large_ranges
word_count,5,17,7-4-5-5-5,2,0.00085251,major,exodus,control_large_ranges
word_count,5,18,4-5-5-5-5,2,0.00085251,major,exodus,control_large_ranges
word_count,5,19,5-5-5-5-9,2,0.00085251,major,exodus,control_large_ranges
word_count,5,20,5-5-9-4-5,2,0.00085251,major,exodus,control_large_ranges
word_count,5,21,5-9-4-5-8,2,0.00085251,major,exodus,control_large_ranges
word_count,5,22,4-10-14-6-3,2,0.00085251,major,exodus,control_large_ranges
word_count,5,23,10-14-6-3-3,2,0.00085251,major,exodus,control_large_ranges
word_count,5,24,14-6-3-3-15,2,0.00085251,major,exodus,control_large_ranges
word_count,5,25,11-11-4-7-6,2,0.00085251,major,exodus,control_large_ranges
word_count,5,26,11-4-7-6-9,2,0.00085251,major,exodus,control_large_ranges
word_count,5,27,4-7-6-9-7,2,0.00085251,major,exodus,control_large_ranges
word_count,5,28,7-6-9-7-13,2,0.00085251,major,exodus,control_large_ranges
word_count,5,29,6-9-7-13-5,2,0.00085251,major,exodus,control_large_ranges
word_count,5,30,9-7-13-5-4,2,0.00085251,major,exodus,control_large_ranges
word_count,5,31,7-13-5-4-10,2,0.00085251,major,exodus,control_large_ranges
word_count,5,32,13-5-4-10-6,2,0.00085251,major,exodus,control_large_ranges
word_count,5,33,5-4-10-6-5,2,0.00085251,major,exodus,control_large_ranges
word_count,5,34,4-10-6-5-10,2,0.00085251,major,exodus,control_large_ranges
word_count,5,35,10-6-5-10-5,2,0.00085251,major,exodus,control_large_ranges
word_count,5,36,6-4-4-3-4,2,0.00085251,major,exodus,control_large_ranges
word_count,5,37,4-4-3-4-6,2,0.00085251,major,exodus,control_large_ranges
word_count,5,38,4-3-4-6-8,2,0.00085251,major,exodus,control_large_ranges
word_count,5,39,3-4-6-8-5,2,0.00085251,major,exodus,control_large_ranges
word_count,5,40,4-6-8-5-4,2,0.00085251,major,exodus,control_large_ranges
word_count,5,41,8-5-4-5-7,2,0.00085251,major,exodus,control_large_ranges
word_count,5,42,5-4-5-7-14,2,0.00085251,major,exodus,control_large_ranges
word_count,5,43,4-5-7-14-5,2,0.00085251,major,exodus,control_large_ranges
word_count,5,44,3-10-3-3-5,2,0.00085251,major,exodus,control_large_ranges
word_count,5,45,10-3-3-5-1,2,0.00085251,major,exodus,control_large_ranges
word_count,5,46,3-3-5-1-11,2,0.00085251,major,exodus,control_large_ranges
word_count,5,47,6-7-4-5-10,2,0.00085251,major,exodus,control_large_ranges
word_count,5,48,6-2-3-2-3,2,0.00085251,major,exodus,control_large_ranges
word_count,5,49,2-3-2-3-5,2,0.00085251,major,exodus,control_large_ranges
word_count,5,50,3-2-3-5-4,2,0.00085251,major,exodus,control_large_ranges
word_count,6,1,8-6-11-5-9-5,2,0.00085288,major,exodus,control_large_ranges
word_count,6,2,3-6-7-2-5-4,2,0.00085288,major,exodus,control_large_ranges
word_count,6,3,6-7-2-5-4-2,2,0.00085288,major,exodus,control_large_ranges
word_count,6,4,7-4-5-5-5-5,2,0.00085288,major,exodus,control_large_ranges
word_count,6,5,4-5-5-5-5-9,2,0.00085288,major,exodus,control_large_ranges
word_count,6,6,5-5-5-5-9-4,2,0.00085288,major,exodus,control_large_ranges
word_count,6,7,5-5-5-9-4-5,2,0.00085288,major,exodus,control_large_ranges
word_count,6,8,5-5-9-4-5-8,2,0.00085288,major,exodus,control_large_ranges
word_count,6,9,4-10-14-6-3-3,2,0.00085288,major,exodus,control_large_ranges
word_count,6,10,10-14-6-3-3-15,2,0.00085288,major,exodus,control_large_ranges
word_count,6,11,11-11-4-7-6-9,2,0.00085288,major,exodus,control_large_ranges
word_count,6,12,11-4-7-6-9-7,2,0.00085288,major,exodus,control_large_ranges
word_count,6,13,4-7-6-9-7-13,2,0.00085288,major,exodus,control_large_ranges
word_count,6,14,7-6-9-7-13-5,2,0.00085288,major,exodus,control_large_ranges
word_count,6,15,6-9-7-13-5-4,2,0.00085288,major,exodus,control_large_ranges
word_count,6,16,9-7-13-5-4-10,2,0.00085288,major,exodus,control_large_ranges
word_count,6,17,7-13-5-4-10-6,2,0.00085288,major,exodus,control_large_ranges
word_count,6,18,13-5-4-10-6-5,2,0.00085288,major,exodus,control_large_ranges
word_count,6,19,5-4-10-6-5-10,2,0.00085288,major,exodus,control_large_ranges
word_count,6,20,4-10-6-5-10-5,2,0.00085288,major,exodus,control_large_ranges
word_count,6,21,6-4-4-3-4-6,2,0.00085288,major,exodus,control_large_ranges
word_count,6,22,4-4-3-4-6-8,2,0.00085288,major,exodus,control_large_ranges
word_count,6,23,4-3-4-6-8-5,2,0.00085288,major,exodus,control_large_ranges
word_count,6,24,3-4-6-8-5-4,2,0.00085288,major,exodus,control_large_ranges
word_count,6,25,4-6-8-5-4-5,2,0.00085288,major,exodus,control_large_ranges
word_count,6,26,6-8-5-4-5-7,2,0.00085288,major,exodus,control_large_ranges
word_count,6,27,8-5-4-5-7-14,2,0.00085288,major,exodus,control_large_ranges
word_count,6,28,5-4-5-7-14-5,2,0.00085288,major,exodus,control_large_ranges
word_count,6,29,3-10-3-3-5-1,2,0.00085288,major,exodus,control_large_ranges
word_count,6,30,10-3-3-5-1-11,2,0.00085288,major,exodus,control_large_ranges
word_count,6,31,6-2-3-2-3-5,2,0.00085288,major,exodus,control_large_ranges
word_count,6,32,2-3-2-3-5-4,2,0.00085288,major,exodus,control_large_ranges
word_count,6,33,3-2-3-5-4-10,2,0.00085288,major,exodus,control_large_ranges
word_count,6,34,7-4-5-2-4-5,2,0.00085288,major,exodus,control_large_ranges
word_count,6,35,6-5-4-3-4-8,1,0.00042644,major,exodus,control_large_ranges
word_count,6,36,5-4-3-4-8-3,1,0.00042644,major,exodus,control_large_ranges
word_count,6,37,4-3-4-8-3-7,1,0.00042644,major,exodus,control_large_ranges
word_count,6,38,3-4-8-3-7-8,1,0.00042644,major,exodus,control_large_ranges
word_count,6,39,4-8-3-7-8-3,1,0.00042644,major,exodus,control_large_ranges
word_count,6,40,8-3-7-8-3-5,1,0.00042644,major,exodus,control_large_ranges
word_count,6,41,3-7-8-3-5-5,1,0.00042644,major,exodus,control_large_ranges
word_count,6,42,7-8-3-5-5-3,1,0.00042644,major,exodus,control_large_ranges
word_count,6,43,8-3-5-5-3-7,1,0.00042644,major,exodus,control_large_ranges
word_count,6,44,3-5-5-3-7-3,1,0.00042644,major,exodus,control_large_ranges
word_count,6,45,5-5-3-7-3-16,1,0.00042644,major,exodus,control_large_ranges
word_count,6,46,5-3-7-3-16-7,1,0.00042644,major,exodus,control_large_ranges
word_count,6,47,3-7-3-16-7-8,1,0.00042644,major,exodus,control_large_ranges
word_count,6,48,7-3-16-7-8-7,1,0.00042644,major,exodus,control_large_ranges
word_count,6,49,3-16-7-8-7-4,1,0.00042644,major,exodus,control_large_ranges
word_count,6,50,16-7-8-7-4-6,1,0.00042644,major,exodus,control_large_ranges
pulse_count,2,1,11-13,15,0.0063857,major,exodus,control_large_ranges
pulse_count,2,2,10-10,13,0.00553427,major,exodus,control_large_ranges
pulse_count,2,3,18-11,12,0.00510856,major,exodus,control_large_ranges
pulse_count,2,4,10-7,12,0.00510856,major,exodus,control_large_ranges
pulse_count,2,5,12-13,12,0.00510856,major,exodus,control_large_ranges
pulse_count,2,6,9-14,11,0.00468284,major,exodus,control_large_ranges
pulse_count,2,7,7-9,10,0.00425713,major,exodus,control_large_ranges
pulse_count,2,8,11-20,10,0.00425713,major,exodus,control_large_ranges
pulse_count,2,9,10-16,10,0.00425713,major,exodus,control_large_ranges
pulse_count,2,10,16-11,10,0.00425713,major,exodus,control_large_ranges
pulse_count,2,11,17-12,10,0.00425713,major,exodus,control_large_ranges
pulse_count,2,12,9-10,9,0.00383142,major,exodus,control_large_ranges
pulse_count,2,13,8-11,9,0.00383142,major,exodus,control_large_ranges
pulse_count,2,14,8-6,9,0.00383142,major,exodus,control_large_ranges
pulse_count,2,15,9-8,9,0.00383142,major,exodus,control_large_ranges
pulse_count,2,16,9-16,9,0.00383142,major,exodus,control_large_ranges
pulse_count,2,17,13-10,9,0.00383142,major,exodus,control_large_ranges
pulse_count,2,18,13-18,9,0.00383142,major,exodus,control_large_ranges
pulse_count,2,19,11-21,9,0.00383142,major,exodus,control_large_ranges
pulse_count,2,20,10-11,9,0.00383142,major,exodus,control_large_ranges
pulse_count,2,21,17-11,9,0.00383142,major,exodus,control_large_ranges
pulse_count,2,22,11-10,9,0.00383142,major,exodus,control_large_ranges
pulse_count,2,23,12-14,9,0.00383142,major,exodus,control_large_ranges
pulse_count,2,24,12-22,9,0.00383142,major,exodus,control_large_ranges
pulse_count,2,25,14-11,9,0.00383142,major,exodus,control_large_ranges
pulse_count,2,26,17-9,9,0.00383142,major,exodus,control_large_ranges
pulse_count,2,27,20-10,9,0.00383142,major,exodus,control_large_ranges
pulse_count,2,28,13-8,8,0.0034057,major,exodus,control_large_ranges
pulse_count,2,29,8-9,8,0.0034057,major,exodus,control_large_ranges
pulse_count,2,30,10-8,8,0.0034057,major,exodus,control_large_ranges
pulse_count,2,31,16-9,8,0.0034057,major,exodus,control_large_ranges
pulse_count,2,32,11-8,8,0.0034057,major,exodus,control_large_ranges
pulse_count,2,33,21-9,8,0.0034057,major,exodus,control_large_ranges
pulse_count,2,34,13-6,8,0.0034057,major,exodus,control_large_ranges
pulse_count,2,35,9-11,8,0.0034057,major,exodus,control_large_ranges
pulse_count,2,36,11-15,8,0.0034057,major,exodus,control_large_ranges
pulse_count,2,37,12-12,8,0.0034057,major,exodus,control_large_ranges
pulse_count,2,38,11-14,8,0.0034057,major,exodus,control_large_ranges
pulse_count,2,39,19-13,8,0.0034057,major,exodus,control_large_ranges
pulse_count,2,40,12-15,8,0.0034057,major,exodus,control_large_ranges
pulse_count,2,41,22-8,8,0.0034057,major,exodus,control_large_ranges
pulse_count,2,42,20-17,8,0.0034057,major,exodus,control_large_ranges
pulse_count,2,43,19-10,8,0.0034057,major,exodus,control_large_ranges
pulse_count,2,44,8-19,8,0.0034057,major,exodus,control_large_ranges
pulse_count,2,45,9-20,8,0.0034057,major,exodus,control_large_ranges
pulse_count,2,46,14-16,8,0.0034057,major,exodus,control_large_ranges
pulse_count,2,47,18-16,8,0.0034057,major,exodus,control_large_ranges
pulse_count,2,48,13-22,8,0.0034057,major,exodus,control_large_ranges
pulse_count,2,49,7-14,8,0.0034057,major,exodus,control_large_ranges
pulse_count,2,50,11-12,8,0.0034057,major,exodus,control_large_ranges
pulse_count,3,1,8-8-10,4,0.00170358,major,exodus,control_large_ranges
pulse_count,3,2,8-9-10,3,0.00127768,major,exodus,control_large_ranges
pulse_count,3,3,21-9-8,3,0.00127768,major,exodus,control_large_ranges
pulse_count,3,4,14-19-10,3,0.00127768,major,exodus,control_large_ranges
pulse_count,3,5,22-17-14,3,0.00127768,major,exodus,control_large_ranges
pulse_count,3,6,16-17-11,3,0.00127768,major,exodus,control_large_ranges
pulse_count,3,7,17-11-13,3,0.00127768,major,exodus,control_large_ranges
pulse_count,3,8,7-14-5,3,0.00127768,major,exodus,control_large_ranges
pulse_count,3,9,13-12-13,3,0.00127768,major,exodus,control_large_ranges
pulse_count,3,10,12-22-18,3,0.00127768,major,exodus,control_large_ranges
pulse_count,3,11,17-9-20,3,0.00127768,major,exodus,control_large_ranges
pulse_count,3,12,10-7-14,3,0.00127768,major,exodus,control_large_ranges
pulse_count,3,13,10-10-16,3,0.00127768,major,exodus,control_large_ranges
pulse_count,3,14,7-25-10,3,0.00127768,major,exodus,control_large_ranges
pulse_count,3,15,8-6-7,3,0.00127768,major,exodus,control_large_ranges
pulse_count,3,16,13-8-9,2,0.00085179,major,exodus,control_large_ranges
pulse_count,3,17,9-10-8,2,0.00085179,major,exodus,control_large_ranges
pulse_count,3,18,8-16-9,2,0.00085179,major,exodus,control_large_ranges
pulse_count,3,19,11-8-6,2,0.00085179,major,exodus,control_large_ranges
pulse_count,3,20,11-13-20,2,0.00085179,major,exodus,control_large_ranges
pulse_count,3,21,10-24-8,2,0.00085179,major,exodus,control_large_ranges
pulse_count,3,22,9-11-15,2,0.00085179,major,exodus,control_large_ranges
pulse_count,3,23,9-16-9,2,0.00085179,major,exodus,control_large_ranges
pulse_count,3,24,13-10-21,2,0.00085179,major,exodus,control_large_ranges
pulse_count,3,25,10-21-10,2,0.00085179,major,exodus,control_large_ranges
pulse_count,3,26,18-17-20,2,0.00085179,major,exodus,control_large_ranges
pulse_count,3,27,20-7-9,2,0.00085179,major,exodus,control_large_ranges
pulse_count,3,28,13-18-11,2,0.00085179,major,exodus,control_large_ranges
pulse_count,3,29,19-13-21,2,0.00085179,major,exodus,control_large_ranges
pulse_count,3,30,22-8-18,2,0.00085179,major,exodus,control_large_ranges
pulse_count,3,31,18-19-20,2,0.00085179,major,exodus,control_large_ranges
pulse_count,3,32,19-20-17,2,0.00085179,major,exodus,control_large_ranges
pulse_count,3,33,19-14-19,2,0.00085179,major,exodus,control_large_ranges
pulse_count,3,34,14-21-11,2,0.00085179,major,exodus,control_large_ranges
pulse_count,3,35,9-8-11,2,0.00085179,major,exodus,control_large_ranges
pulse_count,3,36,11-21-7,2,0.00085179,major,exodus,control_large_ranges
pulse_count,3,37,25-7-13,2,0.00085179,major,exodus,control_large_ranges
pulse_count,3,38,7-13-10,2,0.00085179,major,exodus,control_large_ranges
pulse_count,3,39,11-7-9,2,0.00085179,major,exodus,control_large_ranges
pulse_count,3,40,7-9-18,2,0.00085179,major,exodus,control_large_ranges
pulse_count,3,41,18-18-11,2,0.00085179,major,exodus,control_large_ranges
pulse_count,3,42,16-11-17,2,0.00085179,major,exodus,control_large_ranges
pulse_count,3,43,11-10-12,2,0.00085179,major,exodus,control_large_ranges
pulse_count,3,44,10-12-24,2,0.00085179,major,exodus,control_large_ranges
pulse_count,3,45,11-13-26,2,0.00085179,major,exodus,control_large_ranges
pulse_count,3,46,17-6-8,2,0.00085179,major,exodus,control_large_ranges
pulse_count,3,47,10-16-20,2,0.00085179,major,exodus,control_large_ranges
pulse_count,3,48,14-29-12,2,0.00085179,major,exodus,control_large_ranges
pulse_count,3,49,8-11-13,2,0.00085179,major,exodus,control_large_ranges
pulse_count,3,50,22-17-12,2,0.00085179,major,exodus,control_large_ranges
pulse_count,4,1,19-14-19-10,2,0.00085215,major,exodus,control_large_ranges
pulse_count,4,2,11-7-9-18,2,0.00085215,major,exodus,control_large_ranges
pulse_count,4,3,16-17-11-13,2,0.00085215,major,exodus,control_large_ranges
pulse_count,4,4,7-17-9-20,2,0.00085215,major,exodus,control_large_ranges
pulse_count,4,5,13-13-10-10,2,0.00085215,major,exodus,control_large_ranges
pulse_count,4,6,6-19-13-22,2,0.00085215,major,exodus,control_large_ranges
pulse_count,4,7,11-28-39-14,2,0.00085215,major,exodus,control_large_ranges
pulse_count,4,8,28-39-14-8,2,0.00085215,major,exodus,control_large_ranges
pulse_count,4,9,39-14-8-13,2,0.00085215,major,exodus,control_large_ranges
pulse_count,4,10,14-8-13-39,2,0.00085215,major,exodus,control_large_ranges
pulse_count,4,11,7-25-10-7,2,0.00085215,major,exodus,control_large_ranges
pulse_count,4,12,25-10-7-14,2,0.00085215,major,exodus,control_large_ranges
pulse_count,4,13,10-7-14-5,2,0.00085215,major,exodus,control_large_ranges
pulse_count,4,14,7-14-5-24,2,0.00085215,major,exodus,control_large_ranges
pulse_count,4,15,12-13-22-16,2,0.00085215,major,exodus,control_large_ranges
pulse_count,4,16,13-6-8-6,2,0.00085215,major,exodus,control_large_ranges
pulse_count,4,17,6-8-6-7,2,0.00085215,major,exodus,control_large_ranges
pulse_count,4,18,13-8-9-10,1,0.00042608,major,exodus,control_large_ranges
pulse_count,4,19,8-9-10-8,1,0.00042608,major,exodus,control_large_ranges
pulse_count,4,20,9-10-8-16,1,0.00042608,major,exodus,control_large_ranges
pulse_count,4,21,10-8-16-9,1,0.00042608,major,exodus,control_large_ranges
pulse_count,4,22,8-16-9-15,1,0.00042608,major,exodus,control_large_ranges
pulse_count,4,23,16-9-15-20,1,0.00042608,major,exodus,control_large_ranges
pulse_count,4,24,9-15-20-8,1,0.00042608,major,exodus,control_large_ranges
pulse_count,4,25,15-20-8-11,1,0.00042608,major,exodus,control_large_ranges
pulse_count,4,26,20-8-11-8,1,0.00042608,major,exodus,control_large_ranges
pulse_count,4,27,8-11-8-6,1,0.00042608,major,exodus,control_large_ranges
pulse_count,4,28,11-8-6-13,1,0.00042608,major,exodus,control_large_ranges
pulse_count,4,29,8-6-13-7,1,0.00042608,major,exodus,control_large_ranges
pulse_count,4,30,6-13-7-34,1,0.00042608,major,exodus,control_large_ranges
pulse_count,4,31,13-7-34-19,1,0.00042608,major,exodus,control_large_ranges
pulse_count,4,32,7-34-19-17,1,0.00042608,major,exodus,control_large_ranges
pulse_count,4,33,34-19-17-14,1,0.00042608,major,exodus,control_large_ranges
pulse_count,4,34,19-17-14-10,1,0.00042608,major,exodus,control_large_ranges
pulse_count,4,35,17-14-10-15,1,0.00042608,major,exodus,control_large_ranges
pulse_count,4,36,14-10-15-28,1,0.00042608,major,exodus,control_large_ranges
pulse_count,4,37,10-15-28-15,1,0.00042608,major,exodus,control_large_ranges
pulse_count,4,38,15-28-15-14,1,0.00042608,major,exodus,control_large_ranges
pulse_count,4,39,28-15-14-13,1,0.00042608,major,exodus,control_large_ranges
pulse_count,4,40,15-14-13-17,1,0.00042608,major,exodus,control_large_ranges
pulse_count,4,41,14-13-17-15,1,0.00042608,major,exodus,control_large_ranges
pulse_count,4,42,13-17-15-27,1,0.00042608,major,exodus,control_large_ranges
pulse_count,4,43,17-15-27-9,1,0.00042608,major,exodus,control_large_ranges
pulse_count,4,44,15-27-9-26,1,0.00042608,major,exodus,control_large_ranges
pulse_count,4,45,27-9-26-9,1,0.00042608,major,exodus,control_large_ranges
pulse_count,4,46,9-26-9-22,1,0.00042608,major,exodus,control_large_ranges
pulse_count,4,47,26-9-22-21,1,0.00042608,major,exodus,control_large_ranges
pulse_count,4,48,9-22-21-9,1,0.00042608,major,exodus,control_large_ranges
pulse_count,4,49,22-21-9-8,1,0.00042608,major,exodus,control_large_ranges
pulse_count,4,50,21-9-8-13,1,0.00042608,major,exodus,control_large_ranges
pulse_count,5,1,11-28-39-14-8,2,0.00085251,major,exodus,control_large_ranges
pulse_count,5,2,28-39-14-8-13,2,0.00085251,major,exodus,control_large_ranges
pulse_count,5,3,39-14-8-13-39,2,0.00085251,major,exodus,control_large_ranges
pulse_count,5,4,7-25-10-7-14,2,0.00085251,major,exodus,control_large_ranges
pulse_count,5,5,25-10-7-14-5,2,0.00085251,major,exodus,control_large_ranges
pulse_count,5,6,10-7-14-5-24,2,0.00085251,major,exodus,control_large_ranges
pulse_count,5,7,13-6-8-6-7,2,0.00085251,major,exodus,control_large_ranges
pulse_count,5,8,13-8-9-10-8,1,0.00042626,major,exodus,control_large_ranges
pulse_count,5,9,8-9-10-8-16,1,0.00042626,major,exodus,control_large_ranges
pulse_count,5,10,9-10-8-16-9,1,0.00042626,major,exodus,control_large_ranges
pulse_count,5,11,10-8-16-9-15,1,0.00042626,major,exodus,control_large_ranges
pulse_count,5,12,8-16-9-15-20,1,0.00042626,major,exodus,control_large_ranges
pulse_count,5,13,16-9-15-20-8,1,0.00042626,major,exodus,control_large_ranges
pulse_count,5,14,9-15-20-8-11,1,0.00042626,major,exodus,control_large_ranges
pulse_count,5,15,15-20-8-11-8,1,0.00042626,major,exodus,control_large_ranges
pulse_count,5,16,20-8-11-8-6,1,0.00042626,major,exodus,control_large_ranges
pulse_count,5,17,8-11-8-6-13,1,0.00042626,major,exodus,control_large_ranges
pulse_count,5,18,11-8-6-13-7,1,0.00042626,major,exodus,control_large_ranges
pulse_count,5,19,8-6-13-7-34,1,0.00042626,major,exodus,control_large_ranges
pulse_count,5,20,6-13-7-34-19,1,0.00042626,major,exodus,control_large_ranges
pulse_count,5,21,13-7-34-19-17,1,0.00042626,major,exodus,control_large_ranges
pulse_count,5,22,7-34-19-17-14,1,0.00042626,major,exodus,control_large_ranges
pulse_count,5,23,34-19-17-14-10,1,0.00042626,major,exodus,control_large_ranges
pulse_count,5,24,19-17-14-10-15,1,0.00042626,major,exodus,control_large_ranges
pulse_count,5,25,17-14-10-15-28,1,0.00042626,major,exodus,control_large_ranges
pulse_count,5,26,14-10-15-28-15,1,0.00042626,major,exodus,control_large_ranges
pulse_count,5,27,10-15-28-15-14,1,0.00042626,major,exodus,control_large_ranges
pulse_count,5,28,15-28-15-14-13,1,0.00042626,major,exodus,control_large_ranges
pulse_count,5,29,28-15-14-13-17,1,0.00042626,major,exodus,control_large_ranges
pulse_count,5,30,15-14-13-17-15,1,0.00042626,major,exodus,control_large_ranges
pulse_count,5,31,14-13-17-15-27,1,0.00042626,major,exodus,control_large_ranges
pulse_count,5,32,13-17-15-27-9,1,0.00042626,major,exodus,control_large_ranges
pulse_count,5,33,17-15-27-9-26,1,0.00042626,major,exodus,control_large_ranges
pulse_count,5,34,15-27-9-26-9,1,0.00042626,major,exodus,control_large_ranges
pulse_count,5,35,27-9-26-9-22,1,0.00042626,major,exodus,control_large_ranges
pulse_count,5,36,9-26-9-22-21,1,0.00042626,major,exodus,control_large_ranges
pulse_count,5,37,26-9-22-21-9,1,0.00042626,major,exodus,control_large_ranges
pulse_count,5,38,9-22-21-9-8,1,0.00042626,major,exodus,control_large_ranges
pulse_count,5,39,22-21-9-8-13,1,0.00042626,major,exodus,control_large_ranges
pulse_count,5,40,21-9-8-13-6,1,0.00042626,major,exodus,control_large_ranges
pulse_count,5,41,9-8-13-6-10,1,0.00042626,major,exodus,control_large_ranges
pulse_count,5,42,8-13-6-10-20,1,0.00042626,major,exodus,control_large_ranges
pulse_count,5,43,13-6-10-20-8,1,0.00042626,major,exodus,control_large_ranges
pulse_count,5,44,6-10-20-8-7,1,0.00042626,major,exodus,control_large_ranges
pulse_count,5,45,10-20-8-7-9,1,0.00042626,major,exodus,control_large_ranges
pulse_count,5,46,20-8-7-9-19,1,0.00042626,major,exodus,control_large_ranges
pulse_count,5,47,8-7-9-19-27,1,0.00042626,major,exodus,control_large_ranges
pulse_count,5,48,7-9-19-27-18,1,0.00042626,major,exodus,control_large_ranges
pulse_count,5,49,9-19-27-18-10,1,0.00042626,major,exodus,control_large_ranges
pulse_count,5,50,19-27-18-10-6,1,0.00042626,major,exodus,control_large_ranges
pulse_count,6,1,11-28-39-14-8-13,2,0.00085288,major,exodus,control_large_ranges
pulse_count,6,2,28-39-14-8-13-39,2,0.00085288,major,exodus,control_large_ranges
pulse_count,6,3,7-25-10-7-14-5,2,0.00085288,major,exodus,control_large_ranges
pulse_count,6,4,25-10-7-14-5-24,2,0.00085288,major,exodus,control_large_ranges
pulse_count,6,5,13-8-9-10-8-16,1,0.00042644,major,exodus,control_large_ranges
pulse_count,6,6,8-9-10-8-16-9,1,0.00042644,major,exodus,control_large_ranges
pulse_count,6,7,9-10-8-16-9-15,1,0.00042644,major,exodus,control_large_ranges
pulse_count,6,8,10-8-16-9-15-20,1,0.00042644,major,exodus,control_large_ranges
pulse_count,6,9,8-16-9-15-20-8,1,0.00042644,major,exodus,control_large_ranges
pulse_count,6,10,16-9-15-20-8-11,1,0.00042644,major,exodus,control_large_ranges
pulse_count,6,11,9-15-20-8-11-8,1,0.00042644,major,exodus,control_large_ranges
pulse_count,6,12,15-20-8-11-8-6,1,0.00042644,major,exodus,control_large_ranges
pulse_count,6,13,20-8-11-8-6-13,1,0.00042644,major,exodus,control_large_ranges
pulse_count,6,14,8-11-8-6-13-7,1,0.00042644,major,exodus,control_large_ranges
pulse_count,6,15,11-8-6-13-7-34,1,0.00042644,major,exodus,control_large_ranges
pulse_count,6,16,8-6-13-7-34-19,1,0.00042644,major,exodus,control_large_ranges
pulse_count,6,17,6-13-7-34-19-17,1,0.00042644,major,exodus,control_large_ranges
pulse_count,6,18,13-7-34-19-17-14,1,0.00042644,major,exodus,control_large_ranges
pulse_count,6,19,7-34-19-17-14-10,1,0.00042644,major,exodus,control_large_ranges
pulse_count,6,20,34-19-17-14-10-15,1,0.00042644,major,exodus,control_large_ranges
pulse_count,6,21,19-17-14-10-15-28,1,0.00042644,major,exodus,control_large_ranges
pulse_count,6,22,17-14-10-15-28-15,1,0.00042644,major,exodus,control_large_ranges
pulse_count,6,23,14-10-15-28-15-14,1,0.00042644,major,exodus,control_large_ranges
pulse_count,6,24,10-15-28-15-14-13,1,0.00042644,major,exodus,control_large_ranges
pulse_count,6,25,15-28-15-14-13-17,1,0.00042644,major,exodus,control_large_ranges
pulse_count,6,26,28-15-14-13-17-15,1,0.00042644,major,exodus,control_large_ranges
pulse_count,6,27,15-14-13-17-15-27,1,0.00042644,major,exodus,control_large_ranges
pulse_count,6,28,14-13-17-15-27-9,1,0.00042644,major,exodus,control_large_ranges
pulse_count,6,29,13-17-15-27-9-26,1,0.00042644,major,exodus,control_large_ranges
pulse_count,6,30,17-15-27-9-26-9,1,0.00042644,major,exodus,control_large_ranges
pulse_count,6,31,15-27-9-26-9-22,1,0.00042644,major,exodus,control_large_ranges
pulse_count,6,32,27-9-26-9-22-21,1,0.00042644,major,exodus,control_large_ranges
pulse_count,6,33,9-26-9-22-21-9,1,0.00042644,major,exodus,control_large_ranges
pulse_count,6,34,26-9-22-21-9-8,1,0.00042644,major,exodus,control_large_ranges
pulse_count,6,35,9-22-21-9-8-13,1,0.00042644,major,exodus,control_large_ranges
pulse_count,6,36,22-21-9-8-13-6,1,0.00042644,major,exodus,control_large_ranges
pulse_count,6,37,21-9-8-13-6-10,1,0.00042644,major,exodus,control_large_ranges
pulse_count,6,38,9-8-13-6-10-20,1,0.00042644,major,exodus,control_large_ranges
pulse_count,6,39,8-13-6-10-20-8,1,0.00042644,major,exodus,control_large_ranges
pulse_count,6,40,13-6-10-20-8-7,1,0.00042644,major,exodus,control_large_ranges
pulse_count,6,41,6-10-20-8-7-9,1,0.00042644,major,exodus,control_large_ranges
pulse_count,6,42,10-20-8-7-9-19,1,0.00042644,major,exodus,control_large_ranges
pulse_count,6,43,20-8-7-9-19-27,1,0.00042644,major,exodus,control_large_ranges
pulse_count,6,44,8-7-9-19-27-18,1,0.00042644,major,exodus,control_large_ranges
pulse_count,6,45,7-9-19-27-18-10,1,0.00042644,major,exodus,control_large_ranges
pulse_count,6,46,9-19-27-18-10-6,1,0.00042644,major,exodus,control_large_ranges
pulse_count,6,47,19-27-18-10-6-24,1,0.00042644,major,exodus,control_large_ranges
pulse_count,6,48,27-18-10-6-24-39,1,0.00042644,major,exodus,control_large_ranges
pulse_count,6,49,18-10-6-24-39-14,1,0.00042644,major,exodus,control_large_ranges
pulse_count,6,50,10-6-24-39-14-26,1,0.00042644,major,exodus,control_large_ranges
accent_count,2,1,4-5,61,0.0259685,major,exodus,control_large_ranges
accent_count,2,2,4-4,59,0.02511707,major,exodus,control_large_ranges
accent_count,2,3,5-4,56,0.02383993,major,exodus,control_large_ranges
accent_count,2,4,7-4,56,0.02383993,major,exodus,control_large_ranges
accent_count,2,5,4-6,54,0.02298851,major,exodus,control_large_ranges
accent_count,2,6,4-3,44,0.01873138,major,exodus,control_large_ranges
accent_count,2,7,4-7,44,0.01873138,major,exodus,control_large_ranges
accent_count,2,8,6-4,44,0.01873138,major,exodus,control_large_ranges
accent_count,2,9,5-7,41,0.01745424,major,exodus,control_large_ranges
accent_count,2,10,3-4,40,0.01702852,major,exodus,control_large_ranges
accent_count,2,11,3-5,39,0.01660281,major,exodus,control_large_ranges
accent_count,2,12,5-6,39,0.01660281,major,exodus,control_large_ranges
accent_count,2,13,6-3,39,0.01660281,major,exodus,control_large_ranges
accent_count,2,14,6-5,38,0.0161771,major,exodus,control_large_ranges
accent_count,2,15,6-7,38,0.0161771,major,exodus,control_large_ranges
accent_count,2,16,4-8,37,0.01575138,major,exodus,control_large_ranges
accent_count,2,17,8-5,36,0.01532567,major,exodus,control_large_ranges
accent_count,2,18,6-6,36,0.01532567,major,exodus,control_large_ranges
accent_count,2,19,5-3,34,0.01447424,major,exodus,control_large_ranges
accent_count,2,20,3-6,32,0.01362282,major,exodus,control_large_ranges
accent_count,2,21,5-5,31,0.01319711,major,exodus,control_large_ranges
accent_count,2,22,7-5,31,0.01319711,major,exodus,control_large_ranges
accent_count,2,23,3-3,31,0.01319711,major,exodus,control_large_ranges
accent_count,2,24,8-4,31,0.01319711,major,exodus,control_large_ranges
accent_count,2,25,5-8,29,0.01234568,major,exodus,control_large_ranges
accent_count,2,26,3-8,28,0.01191997,major,exodus,control_large_ranges
accent_count,2,27,7-6,27,0.01149425,major,exodus,control_large_ranges
accent_count,2,28,7-3,26,0.01106854,major,exodus,control_large_ranges
accent_count,2,29,3-7,26,0.01106854,major,exodus,control_large_ranges
accent_count,2,30,8-6,24,0.01021711,major,exodus,control_large_ranges
accent_count,2,31,9-4,24,0.01021711,major,exodus,control_large_ranges
accent_count,2,32,7-7,23,0.0097914,major,exodus,control_large_ranges
accent_count,2,33,3-2,23,0.0097914,major,exodus,control_large_ranges
accent_count,2,34,4-2,21,0.00893997,major,exodus,control_large_ranges
accent_count,2,35,3-9,21,0.00893997,major,exodus,control_large_ranges
accent_count,2,36,2-5,21,0.00893997,major,exodus,control_large_ranges
accent_count,2,37,8-3,20,0.00851426,major,exodus,control_large_ranges
accent_count,2,38,2-4,20,0.00851426,major,exodus,control_large_ranges
accent_count,2,39,10-4,20,0.00851426,major,exodus,control_large_ranges
accent_count,2,40,5-9,19,0.00808855,major,exodus,control_large_ranges
accent_count,2,41,4-9,19,0.00808855,major,exodus,control_large_ranges
accent_count,2,42,4-10,19,0.00808855,major,exodus,control_large_ranges
accent_count,2,43,2-3,19,0.00808855,major,exodus,control_large_ranges
accent_count,2,44,6-8,18,0.00766284,major,exodus,control_large_ranges
accent_count,2,45,8-8,18,0.00766284,major,exodus,control_large_ranges
accent_count,2,46,9-3,18,0.00766284,major,exodus,control_large_ranges
accent_count,2,47,2-6,18,0.00766284,major,exodus,control_large_ranges
accent_count,2,48,5-10,17,0.00723712,major,exodus,control_large_ranges
accent_count,2,49,9-5,17,0.00723712,major,exodus,control_large_ranges
accent_count,2,50,9-7,17,0.00723712,major,exodus,control_large_ranges
accent_count,3,1,7-4-5,14,0.00596252,major,exodus,control_large_ranges
accent_count,3,2,4-5-7,12,0.00511073,major,exodus,control_large_ranges
accent_count,3,3,5-7-4,11,0.00468484,major,exodus,control_large_ranges
accent_count,3,4,4-7-4,11,0.00468484,major,exodus,control_large_ranges
accent_count,3,5,4-5-4,10,0.00425894,major,exodus,control_large_ranges
accent_count,3,6,5-4-5,10,0.00425894,major,exodus,control_large_ranges
accent_count,3,7,3-4-4,9,0.00383305,major,exodus,control_large_ranges
accent_count,3,8,6-7-4,9,0.00383305,major,exodus,control_large_ranges
accent_count,3,9,4-8-5,9,0.00383305,major,exodus,control_large_ranges
accent_count,3,10,4-4-5,9,0.00383305,major,exodus,control_large_ranges
accent_count,3,11,6-4-5,9,0.00383305,major,exodus,control_large_ranges
accent_count,3,12,8-4-3,9,0.00383305,major,exodus,control_large_ranges
accent_count,3,13,4-6-5,9,0.00383305,major,exodus,control_large_ranges
accent_count,3,14,5-4-4,9,0.00383305,major,exodus,control_large_ranges
accent_count,3,15,3-5-4,9,0.00383305,major,exodus,control_large_ranges
accent_count,3,16,4-6-7,9,0.00383305,major,exodus,control_large_ranges
accent_count,3,17,4-4-4,9,0.00383305,major,exodus,control_large_ranges
accent_count,3,18,5-4-3,8,0.00340716,major,exodus,control_large_ranges
accent_count,3,19,4-3-4,8,0.00340716,major,exodus,control_large_ranges
accent_count,3,20,4-7-3,8,0.00340716,major,exodus,control_large_ranges
accent_count,3,21,4-6-4,8,0.00340716,major,exodus,control_large_ranges
accent_count,3,22,3-9-4,8,0.00340716,major,exodus,control_large_ranges
accent_count,3,23,5-8-4,8,0.00340716,major,exodus,control_large_ranges
accent_count,3,24,5-4-6,8,0.00340716,major,exodus,control_large_ranges
accent_count,3,25,4-6-6,8,0.00340716,major,exodus,control_large_ranges
accent_count,3,26,7-4-6,8,0.00340716,major,exodus,control_large_ranges
accent_count,3,27,4-4-6,8,0.00340716,major,exodus,control_large_ranges
accent_count,3,28,4-4-8,8,0.00340716,major,exodus,control_large_ranges
accent_count,3,29,6-4-7,8,0.00340716,major,exodus,control_large_ranges
accent_count,3,30,6-5-4,7,0.00298126,major,exodus,control_large_ranges
accent_count,3,31,4-5-3,7,0.00298126,major,exodus,control_large_ranges
accent_count,3,32,8-4-4,7,0.00298126,major,exodus,control_large_ranges
accent_count,3,33,4-3-7,7,0.00298126,major,exodus,control_large_ranges
accent_count,3,34,3-7-4,7,0.00298126,major,exodus,control_large_ranges
accent_count,3,35,6-7-5,7,0.00298126,major,exodus,control_large_ranges
accent_count,3,36,6-6-3,7,0.00298126,major,exodus,control_large_ranges
accent_count,3,37,6-5-7,7,0.00298126,major,exodus,control_large_ranges
accent_count,3,38,5-6-7,7,0.00298126,major,exodus,control_large_ranges
accent_count,3,39,9-4-8,7,0.00298126,major,exodus,control_large_ranges
accent_count,3,40,3-6-7,7,0.00298126,major,exodus,control_large_ranges
accent_count,3,41,6-3-9,7,0.00298126,major,exodus,control_large_ranges
accent_count,3,42,2-5-4,7,0.00298126,major,exodus,control_large_ranges
accent_count,3,43,5-6-6,7,0.00298126,major,exodus,control_large_ranges
accent_count,3,44,3-3-4,7,0.00298126,major,exodus,control_large_ranges
accent_count,3,45,5-3-3,7,0.00298126,major,exodus,control_large_ranges
accent_count,3,46,4-5-2,7,0.00298126,major,exodus,control_large_ranges
accent_count,3,47,3-4-7,6,0.00255537,major,exodus,control_large_ranges
accent_count,3,48,2-7-3,6,0.00255537,major,exodus,control_large_ranges
accent_count,3,49,5-8-5,6,0.00255537,major,exodus,control_large_ranges
accent_count,3,50,5-7-5,6,0.00255537,major,exodus,control_large_ranges
accent_count,4,1,5-3-5-6,4,0.0017043,major,exodus,control_large_ranges
accent_count,4,2,4-8-5-4,4,0.0017043,major,exodus,control_large_ranges
accent_count,4,3,8-4-3-6,4,0.0017043,major,exodus,control_large_ranges
accent_count,4,4,4-7-4-5,4,0.0017043,major,exodus,control_large_ranges
accent_count,4,5,4-3-4-7,3,0.00127823,major,exodus,control_large_ranges
accent_count,4,6,6-7-4-5,3,0.00127823,major,exodus,control_large_ranges
accent_count,4,7,4-5-3-4,3,0.00127823,major,exodus,control_large_ranges
accent_count,4,8,7-4-8-5,3,0.00127823,major,exodus,control_large_ranges
accent_count,4,9,4-3-7-4,3,0.00127823,major,exodus,control_large_ranges
accent_count,4,10,6-7-5-3,3,0.00127823,major,exodus,control_large_ranges
accent_count,4,11,5-7-4-5,3,0.00127823,major,exodus,control_large_ranges
accent_count,4,12,2-3-2-3,3,0.00127823,major,exodus,control_large_ranges
accent_count,4,13,8-7-4-5,3,0.00127823,major,exodus,control_large_ranges
accent_count,4,14,4-5-8-4,3,0.00127823,major,exodus,control_large_ranges
accent_count,4,15,3-6-7-2,3,0.00127823,major,exodus,control_large_ranges
accent_count,4,16,4-6-5-4,3,0.00127823,major,exodus,control_large_ranges
accent_count,4,17,6-5-4-6,3,0.00127823,major,exodus,control_large_ranges
accent_count,4,18,5-4-5-4,3,0.00127823,major,exodus,control_large_ranges
accent_count,4,19,7-11-5-6,3,0.00127823,major,exodus,control_large_ranges
accent_count,4,20,5-6-3-9,3,0.00127823,major,exodus,control_large_ranges
accent_count,4,21,5-4-4-6,3,0.00127823,major,exodus,control_large_ranges
accent_count,4,22,3-4-6-7,3,0.00127823,major,exodus,control_large_ranges
accent_count,4,23,6-7-2-5,3,0.00127823,major,exodus,control_large_ranges
accent_count,4,24,8-4-7-4,3,0.00127823,major,exodus,control_large_ranges
accent_count,4,25,6-4-4-8,3,0.00127823,major,exodus,control_large_ranges
accent_count,4,26,5-9-7-13,3,0.00127823,major,exodus,control_large_ranges
accent_count,4,27,4-4-5-7,3,0.00127823,major,exodus,control_large_ranges
accent_count,4,28,4-6-7-7,3,0.00127823,major,exodus,control_large_ranges
accent_count,4,29,5-5-4-5,3,0.00127823,major,exodus,control_large_ranges
accent_count,4,30,5-6-6-6,3,0.00127823,major,exodus,control_large_ranges
accent_count,4,31,4-5-7-5,3,0.00127823,major,exodus,control_large_ranges
accent_count,4,32,8-4-6-5,3,0.00127823,major,exodus,control_large_ranges
accent_count,4,33,4-5-4-3,3,0.00127823,major,exodus,control_large_ranges
accent_count,4,34,4-3-3-4,3,0.00127823,major,exodus,control_large_ranges
accent_count,4,35,5-8-4-4,3,0.00127823,major,exodus,control_large_ranges
accent_count,4,36,5-6-7-11,3,0.00127823,major,exodus,control_large_ranges
accent_count,4,37,3-6-7-4,3,0.00127823,major,exodus,control_large_ranges
accent_count,4,38,4-6-4-6,3,0.00127823,major,exodus,control_large_ranges
accent_count,4,39,14-5-3-3,3,0.00127823,major,exodus,control_large_ranges
accent_count,4,40,4-4-5-3,3,0.00127823,major,exodus,control_large_ranges
accent_count,4,41,3-3-4-6,3,0.00127823,major,exodus,control_large_ranges
accent_count,4,42,4-6-7-5,3,0.00127823,major,exodus,control_large_ranges
accent_count,4,43,3-9-4-8,3,0.00127823,major,exodus,control_large_ranges
accent_count,4,44,4-2-4-5,3,0.00127823,major,exodus,control_large_ranges
accent_count,4,45,5-2-6-4,3,0.00127823,major,exodus,control_large_ranges
accent_count,4,46,5-4-3-4,2,0.00085215,major,exodus,control_large_ranges
accent_count,4,47,3-4-7-3,2,0.00085215,major,exodus,control_large_ranges
accent_count,4,48,4-7-3-6,2,0.00085215,major,exodus,control_large_ranges
accent_count,4,49,7-3-6-8,2,0.00085215,major,exodus,control_large_ranges
accent_count,4,50,4-2-7-3,2,0.00085215,major,exodus,control_large_ranges
accent_count,5,1,4-3-4-7-3,2,0.00085251,major,exodus,control_large_ranges
accent_count,5,2,11-6-10-9-7,2,0.00085251,major,exodus,control_large_ranges
accent_count,5,3,4-8-8-3-8,2,0.00085251,major,exodus,control_large_ranges
accent_count,5,4,5-7-4-5-4,2,0.00085251,major,exodus,control_large_ranges
accent_count,5,5,9-8-4-3-6,2,0.00085251,major,exodus,control_large_ranges
accent_count,5,6,4-6-5-4-6,2,0.00085251,major,exodus,control_large_ranges
accent_count,5,7,6-5-4-6-3,2,0.00085251,major,exodus,control_large_ranges
accent_count,5,8,5-9-5-3-2,2,0.00085251,major,exodus,control_large_ranges
accent_count,5,9,7-11-5-6-3,2,0.00085251,major,exodus,control_large_ranges
accent_count,5,10,6-6-4-4-8,2,0.00085251,major,exodus,control_large_ranges
accent_count,5,11,3-6-6-2-3,2,0.00085251,major,exodus,control_large_ranges
accent_count,5,12,3-8-8-8-6,2,0.00085251,major,exodus,control_large_ranges
accent_count,5,13,7-6-5-6-7,2,0.00085251,major,exodus,control_large_ranges
accent_count,5,14,4-8-4-5-4,2,0.00085251,major,exodus,control_large_ranges
accent_count,5,15,4-3-4-3-3,2,0.00085251,major,exodus,control_large_ranges
accent_count,5,16,8-5-6-7-11,2,0.00085251,major,exodus,control_large_ranges
accent_count,5,17,3-6-7-4-5,2,0.00085251,major,exodus,control_large_ranges
accent_count,5,18,3-6-7-2-5,2,0.00085251,major,exodus,control_large_ranges
accent_count,5,19,4-7-4-5-5,2,0.00085251,major,exodus,control_large_ranges
accent_count,5,20,7-4-5-5-4,2,0.00085251,major,exodus,control_large_ranges
accent_count,5,21,4-5-5-4-5,2,0.00085251,major,exodus,control_large_ranges
accent_count,5,22,5-5-4-5-8,2,0.00085251,major,exodus,control_large_ranges
accent_count,5,23,5-4-5-8-4,2,0.00085251,major,exodus,control_large_ranges
accent_count,5,24,4-5-8-4-4,2,0.00085251,major,exodus,control_large_ranges
accent_count,5,25,5-8-4-4-7,2,0.00085251,major,exodus,control_large_ranges
accent_count,5,26,8-4-4-7-2,2,0.00085251,major,exodus,control_large_ranges
accent_count,5,27,2-8-4-7-4,2,0.00085251,major,exodus,control_large_ranges
accent_count,5,28,4-10-4-10-14,2,0.00085251,major,exodus,control_large_ranges
accent_count,5,29,10-4-10-14-5,2,0.00085251,major,exodus,control_large_ranges
accent_count,5,30,4-10-14-5-3,2,0.00085251,major,exodus,control_large_ranges
accent_count,5,31,10-14-5-3-3,2,0.00085251,major,exodus,control_large_ranges
accent_count,5,32,5-9-7-13-4,2,0.00085251,major,exodus,control_large_ranges
accent_count,5,33,9-7-13-4-4,2,0.00085251,major,exodus,control_large_ranges
accent_count,5,34,7-13-4-4-8,2,0.00085251,major,exodus,control_large_ranges
accent_count,5,35,13-4-4-8-5,2,0.00085251,major,exodus,control_large_ranges
accent_count,5,36,6-4-3-3-4,2,0.00085251,major,exodus,control_large_ranges
accent_count,5,37,4-3-3-4-6,2,0.00085251,major,exodus,control_large_ranges
accent_count,5,38,3-3-4-6-7,2,0.00085251,major,exodus,control_large_ranges
accent_count,5,39,3-4-6-7-5,2,0.00085251,major,exodus,control_large_ranges
accent_count,5,40,4-6-7-5-3,2,0.00085251,major,exodus,control_large_ranges
accent_count,5,41,6-7-5-3-5,2,0.00085251,major,exodus,control_large_ranges
accent_count,5,42,7-5-3-5-6,2,0.00085251,major,exodus,control_large_ranges
accent_count,5,43,5-3-5-6-14,2,0.00085251,major,exodus,control_large_ranges
accent_count,5,44,3-5-6-14-5,2,0.00085251,major,exodus,control_large_ranges
accent_count,5,45,3-10-3-3-5,2,0.00085251,major,exodus,control_large_ranges
accent_count,5,46,10-3-3-5-1,2,0.00085251,major,exodus,control_large_ranges
accent_count,5,47,3-3-5-1-9,2,0.00085251,major,exodus,control_large_ranges
accent_count,5,48,5-10-8-3-9,2,0.00085251,major,exodus,control_large_ranges
accent_count,5,49,6-2-3-2-3,2,0.00085251,major,exodus,control_large_ranges
accent_count,5,50,2-3-2-3-5,2,0.00085251,major,exodus,control_large_ranges
accent_count,6,1,4-6-5-4-6-3,2,0.00085288,major,exodus,control_large_ranges
accent_count,6,2,4-7-4-5-5-4,2,0.00085288,major,exodus,control_large_ranges
accent_count,6,3,7-4-5-5-4-5,2,0.00085288,major,exodus,control_large_ranges
accent_count,6,4,4-5-5-4-5-8,2,0.00085288,major,exodus,control_large_ranges
accent_count,6,5,5-5-4-5-8-4,2,0.00085288,major,exodus,control_large_ranges
accent_count,6,6,5-4-5-8-4-4,2,0.00085288,major,exodus,control_large_ranges
accent_count,6,7,4-5-8-4-4-7,2,0.00085288,major,exodus,control_large_ranges
accent_count,6,8,5-8-4-4-7-2,2,0.00085288,major,exodus,control_large_ranges
accent_count,6,9,4-10-4-10-14-5,2,0.00085288,major,exodus,control_large_ranges
accent_count,6,10,10-4-10-14-5-3,2,0.00085288,major,exodus,control_large_ranges
accent_count,6,11,4-10-14-5-3-3,2,0.00085288,major,exodus,control_large_ranges
accent_count,6,12,5-9-7-13-4-4,2,0.00085288,major,exodus,control_large_ranges
accent_count,6,13,9-7-13-4-4-8,2,0.00085288,major,exodus,control_large_ranges
accent_count,6,14,7-13-4-4-8-5,2,0.00085288,major,exodus,control_large_ranges
accent_count,6,15,6-4-3-3-4-6,2,0.00085288,major,exodus,control_large_ranges
accent_count,6,16,4-3-3-4-6-7,2,0.00085288,major,exodus,control_large_ranges
accent_count,6,17,3-3-4-6-7-5,2,0.00085288,major,exodus,control_large_ranges
accent_count,6,18,3-4-6-7-5-3,2,0.00085288,major,exodus,control_large_ranges
accent_count,6,19,4-6-7-5-3-5,2,0.00085288,major,exodus,control_large_ranges
accent_count,6,20,6-7-5-3-5-6,2,0.00085288,major,exodus,control_large_ranges
accent_count,6,21,7-5-3-5-6-14,2,0.00085288,major,exodus,control_large_ranges
accent_count,6,22,5-3-5-6-14-5,2,0.00085288,major,exodus,control_large_ranges
accent_count,6,23,3-10-3-3-5-1,2,0.00085288,major,exodus,control_large_ranges
accent_count,6,24,10-3-3-5-1-9,2,0.00085288,major,exodus,control_large_ranges
accent_count,6,25,6-2-3-2-3-5,2,0.00085288,major,exodus,control_large_ranges
accent_count,6,26,2-3-2-3-5-4,2,0.00085288,major,exodus,control_large_ranges
accent_count,6,27,5-4-4-2-4-5,2,0.00085288,major,exodus,control_large_ranges
accent_count,6,28,6-5-4-3-4-7,1,0.00042644,major,exodus,control_large_ranges
accent_count,6,29,5-4-3-4-7-3,1,0.00042644,major,exodus,control_large_ranges
accent_count,6,30,4-3-4-7-3-6,1,0.00042644,major,exodus,control_large_ranges
accent_count,6,31,3-4-7-3-6-8,1,0.00042644,major,exodus,control_large_ranges
accent_count,6,32,4-7-3-6-8-3,1,0.00042644,major,exodus,control_large_ranges
accent_count,6,33,7-3-6-8-3-4,1,0.00042644,major,exodus,control_large_ranges
accent_count,6,34,3-6-8-3-4-4,1,0.00042644,major,exodus,control_large_ranges
accent_count,6,35,6-8-3-4-4-2,1,0.00042644,major,exodus,control_large_ranges
accent_count,6,36,8-3-4-4-2-7,1,0.00042644,major,exodus,control_large_ranges
accent_count,6,37,3-4-4-2-7-3,1,0.00042644,major,exodus,control_large_ranges
accent_count,6,38,4-4-2-7-3-11,1,0.00042644,major,exodus,control_large_ranges
accent_count,6,39,4-2-7-3-11-7,1,0.00042644,major,exodus,control_large_ranges
accent_count,6,40,2-7-3-11-7-6,1,0.00042644,major,exodus,control_large_ranges
accent_count,6,41,7-3-11-7-6-7,1,0.00042644,major,exodus,control_large_ranges
accent_count,6,42,3-11-7-6-7-4,1,0.00042644,major,exodus,control_large_ranges
accent_count,6,43,11-7-6-7-4-5,1,0.00042644,major,exodus,control_large_ranges
accent_count,6,44,7-6-7-4-5-8,1,0.00042644,major,exodus,control_large_ranges
accent_count,6,45,6-7-4-5-8-5,1,0.00042644,major,exodus,control_large_ranges
accent_count,6,46,7-4-5-8-5-5,1,0.00042644,major,exodus,control_large_ranges
accent_count,6,47,4-5-8-5-5-7,1,0.00042644,major,exodus,control_large_ranges
accent_count,6,48,5-8-5-5-7-5,1,0.00042644,major,exodus,control_large_ranges
accent_count,6,49,8-5-5-7-5-7,1,0.00042644,major,exodus,control_large_ranges
accent_count,6,50,5-5-7-5-7-10,1,0.00042644,major,exodus,control_large_ranges
word_count,2,1,3-3,330,0.07320319,minor,exodus,control_large_ranges
word_count,2,2,2-3,267,0.05922804,minor,exodus,control_large_ranges
word_count,2,3,3-4,259,0.05745342,minor,exodus,control_large_ranges
word_count,2,4,3-2,243,0.05390417,minor,exodus,control_large_ranges
word_count,2,5,4-3,237,0.0525732,minor,exodus,control_large_ranges
word_count,2,6,4-4,229,0.05079858,minor,exodus,control_large_ranges
word_count,2,7,2-2,172,0.03815439,minor,exodus,control_large_ranges
word_count,2,8,4-2,167,0.03704525,minor,exodus,control_large_ranges
word_count,2,9,5-3,159,0.03527063,minor,exodus,control_large_ranges
word_count,2,10,2-4,154,0.03416149,minor,exodus,control_large_ranges
word_count,2,11,4-5,138,0.03061224,minor,exodus,control_large_ranges
word_count,2,12,3-5,137,0.03039042,minor,exodus,control_large_ranges
word_count,2,13,5-4,125,0.02772848,minor,exodus,control_large_ranges
word_count,2,14,1-3,106,0.02351375,minor,exodus,control_large_ranges
word_count,2,15,2-5,101,0.02240461,minor,exodus,control_large_ranges
word_count,2,16,3-1,98,0.02173913,minor,exodus,control_large_ranges
word_count,2,17,5-2,98,0.02173913,minor,exodus,control_large_ranges
word_count,2,18,5-5,94,0.02085182,minor,exodus,control_large_ranges
word_count,2,19,3-6,80,0.01774623,minor,exodus,control_large_ranges
word_count,2,20,4-1,75,0.01663709,minor,exodus,control_large_ranges
word_count,2,21,1-4,73,0.01619343,minor,exodus,control_large_ranges
word_count,2,22,6-4,72,0.01597161,minor,exodus,control_large_ranges
word_count,2,23,4-6,64,0.01419698,minor,exodus,control_large_ranges
word_count,2,24,6-3,63,0.01397516,minor,exodus,control_large_ranges
word_count,2,25,6-2,46,0.01020408,minor,exodus,control_large_ranges
word_count,2,26,5-6,45,0.00998225,minor,exodus,control_large_ranges
word_count,2,27,1-2,44,0.00976043,minor,exodus,control_large_ranges
word_count,2,28,2-6,42,0.00931677,minor,exodus,control_large_ranges
word_count,2,29,6-5,40,0.00887311,minor,exodus,control_large_ranges
word_count,2,30,3-7,39,0.00865129,minor,exodus,control_large_ranges
word_count,2,31,7-3,38,0.00842946,minor,exodus,control_large_ranges
word_count,2,32,2-1,37,0.00820763,minor,exodus,control_large_ranges
word_count,2,33,4-7,37,0.00820763,minor,exodus,control_large_ranges
word_count,2,34,7-4,37,0.00820763,minor,exodus,control_large_ranges
word_count,2,35,5-1,32,0.00709849,minor,exodus,control_large_ranges
word_count,2,36,6-6,27,0.00598935,minor,exodus,control_large_ranges
word_count,2,37,2-7,27,0.00598935,minor,exodus,control_large_ranges
word_count,2,38,1-5,26,0.00576752,minor,exodus,control_large_ranges
word_count,2,39,7-2,25,0.0055457,minor,exodus,control_large_ranges
word_count,2,40,7-5,23,0.00510204,minor,exodus,control_large_ranges
word_count,2,41,5-7,20,0.00443656,minor,exodus,control_large_ranges
word_count,2,42,3-8,19,0.00421473,minor,exodus,control_large_ranges
word_count,2,43,6-1,19,0.00421473,minor,exodus,control_large_ranges
word_count,2,44,1-6,17,0.00377107,minor,exodus,control_large_ranges
word_count,2,45,7-1,17,0.00377107,minor,exodus,control_large_ranges
word_count,2,46,8-5,16,0.00354925,minor,exodus,control_large_ranges
word_count,2,47,8-3,14,0.00310559,minor,exodus,control_large_ranges
word_count,2,48,4-8,13,0.00288376,minor,exodus,control_large_ranges
word_count,2,49,6-7,13,0.00288376,minor,exodus,control_large_ranges
word_count,2,50,1-7,12,0.00266193,minor,exodus,control_large_ranges
word_count,3,1,3-3-3,103,0.02285334,minor,exodus,control_large_ranges
word_count,3,2,3-2-3,82,0.01819392,minor,exodus,control_large_ranges
word_count,3,3,3-4-3,73,0.01619703,minor,exodus,control_large_ranges
word_count,3,4,2-3-4,68,0.01508764,minor,exodus,control_large_ranges
word_count,3,5,4-3-3,68,0.01508764,minor,exodus,control_large_ranges
word_count,3,6,2-3-3,65,0.01442201,minor,exodus,control_large_ranges
word_count,3,7,3-3-2,64,0.01420013,minor,exodus,control_large_ranges
word_count,3,8,2-2-3,61,0.0135345,minor,exodus,control_large_ranges
word_count,3,9,2-3-2,61,0.0135345,minor,exodus,control_large_ranges
word_count,3,10,3-4-4,61,0.0135345,minor,exodus,control_large_ranges
word_count,3,11,4-3-4,56,0.01242512,minor,exodus,control_large_ranges
word_count,3,12,4-4-3,53,0.01175949,minor,exodus,control_large_ranges
word_count,3,13,4-4-4,53,0.01175949,minor,exodus,control_large_ranges
word_count,3,14,4-2-3,51,0.01131573,minor,exodus,control_large_ranges
word_count,3,15,3-2-2,48,0.0106501,minor,exodus,control_large_ranges
word_count,3,16,3-3-4,47,0.01042822,minor,exodus,control_large_ranges
word_count,3,17,3-1-3,46,0.01020635,minor,exodus,control_large_ranges
word_count,3,18,3-2-4,43,0.00954071,minor,exodus,control_large_ranges
word_count,3,19,3-3-5,42,0.00931884,minor,exodus,control_large_ranges
word_count,3,20,3-5-4,41,0.00909696,minor,exodus,control_large_ranges
word_count,3,21,4-4-2,40,0.00887508,minor,exodus,control_large_ranges
word_count,3,22,3-4-2,39,0.00865321,minor,exodus,control_large_ranges
word_count,3,23,3-5-3,39,0.00865321,minor,exodus,control_large_ranges
word_count,3,24,5-3-3,39,0.00865321,minor,exodus,control_large_ranges
word_count,3,25,4-2-2,38,0.00843133,minor,exodus,control_large_ranges
word_count,3,26,4-3-2,37,0.00820945,minor,exodus,control_large_ranges
word_count,3,27,5-2-3,37,0.00820945,minor,exodus,control_large_ranges
word_count,3,28,4-5-3,37,0.00820945,minor,exodus,control_large_ranges
word_count,3,29,5-4-4,36,0.00798757,minor,exodus,control_large_ranges
word_count,3,30,4-2-4,36,0.00798757,minor,exodus,control_large_ranges
word_count,3,31,3-4-5,35,0.0077657,minor,exodus,control_large_ranges
word_count,3,32,5-3-2,35,0.0077657,minor,exodus,control_large_ranges
word_count,3,33,4-4-5,35,0.0077657,minor,exodus,control_large_ranges
word_count,3,34,2-4-3,34,0.00754382,minor,exodus,control_large_ranges
word_count,3,35,2-4-4,34,0.00754382,minor,exodus,control_large_ranges
word_count,3,36,2-2-2,33,0.00732194,minor,exodus,control_large_ranges
word_count,3,37,2-2-4,32,0.00710007,minor,exodus,control_large_ranges
word_count,3,38,3-3-1,31,0.00687819,minor,exodus,control_large_ranges
word_count,3,39,3-2-5,31,0.00687819,minor,exodus,control_large_ranges
word_count,3,40,2-3-5,28,0.00621256,minor,exodus,control_large_ranges
word_count,3,41,2-4-2,28,0.00621256,minor,exodus,control_large_ranges
word_count,3,42,2-5-3,27,0.00599068,minor,exodus,control_large_ranges
word_count,3,43,5-3-4,27,0.00599068,minor,exodus,control_large_ranges
word_count,3,44,5-4-3,26,0.0057688,minor,exodus,control_large_ranges
word_count,3,45,4-5-4,26,0.0057688,minor,exodus,control_large_ranges
word_count,3,46,2-4-5,25,0.00554693,minor,exodus,control_large_ranges
word_count,3,47,4-3-1,24,0.00532505,minor,exodus,control_large_ranges
word_count,3,48,2-2-5,24,0.00532505,minor,exodus,control_large_ranges
word_count,3,49,4-1-4,24,0.00532505,minor,exodus,control_large_ranges
word_count,3,50,1-3-4,24,0.00532505,minor,exodus,control_large_ranges
word_count,4,1,3-3-3-3,33,0.00732357,minor,exodus,control_large_ranges
word_count,4,2,3-4-3-3,26,0.00577008,minor,exodus,control_large_ranges
word_count,4,3,3-2-3-4,24,0.00532623,minor,exodus,control_large_ranges
word_count,4,4,3-3-3-2,23,0.00510431,minor,exodus,control_large_ranges
word_count,4,5,2-3-3-3,23,0.00510431,minor,exodus,control_large_ranges
word_count,4,6,2-3-2-3,23,0.00510431,minor,exodus,control_large_ranges
word_count,4,7,3-2-3-3,21,0.00466045,minor,exodus,control_large_ranges
word_count,4,8,3-4-4-4,20,0.00443853,minor,exodus,control_large_ranges
word_count,4,9,4-3-3-4,20,0.00443853,minor,exodus,control_large_ranges
word_count,4,10,3-3-4-3,19,0.0042166,minor,exodus,control_large_ranges
word_count,4,11,3-4-3-4,19,0.0042166,minor,exodus,control_large_ranges
word_count,4,12,4-4-3-3,19,0.0042166,minor,exodus,control_large_ranges
word_count,4,13,3-2-2-3,18,0.00399467,minor,exodus,control_large_ranges
word_count,4,14,3-2-3-2,18,0.00399467,minor,exodus,control_large_ranges
word_count,4,15,2-2-3-2,17,0.00377275,minor,exodus,control_large_ranges
word_count,4,16,2-2-3-4,17,0.00377275,minor,exodus,control_large_ranges
word_count,4,17,2-3-4-3,17,0.00377275,minor,exodus,control_large_ranges
word_count,4,18,3-3-2-2,17,0.00377275,minor,exodus,control_large_ranges
word_count,4,19,3-3-2-3,16,0.00355082,minor,exodus,control_large_ranges
word_count,4,20,2-3-4-4,16,0.00355082,minor,exodus,control_large_ranges
word_count,4,21,4-3-3-3,16,0.00355082,minor,exodus,control_large_ranges
word_count,4,22,4-2-3-4,15,0.00332889,minor,exodus,control_large_ranges
word_count,4,23,3-3-5-3,15,0.00332889,minor,exodus,control_large_ranges
word_count,4,24,4-4-4-3,15,0.00332889,minor,exodus,control_large_ranges
word_count,4,25,5-3-3-3,15,0.00332889,minor,exodus,control_large_ranges
word_count,4,26,3-4-4-3,14,0.00310697,minor,exodus,control_large_ranges
word_count,4,27,4-2-3-3,14,0.00310697,minor,exodus,control_large_ranges
word_count,4,28,4-3-4-3,14,0.00310697,minor,exodus,control_large_ranges
word_count,4,29,4-3-2-3,14,0.00310697,minor,exodus,control_large_ranges
word_count,4,30,3-3-2-4,14,0.00310697,minor,exodus,control_large_ranges
word_count,4,31,3-3-3-5,14,0.00310697,minor,exodus,control_large_ranges
word_count,4,32,4-2-4-3,13,0.00288504,minor,exodus,control_large_ranges
word_count,4,33,4-4-2-3,13,0.00288504,minor,exodus,control_large_ranges
word_count,4,34,3-4-2-3,13,0.00288504,minor,exodus,control_large_ranges
word_count,4,35,4-3-3-2,13,0.00288504,minor,exodus,control_large_ranges
word_count,4,36,2-3-2-2,12,0.00266312,minor,exodus,control_large_ranges
word_count,4,37,4-4-3-4,12,0.00266312,minor,exodus,control_large_ranges
word_count,4,38,5-3-2-3,12,0.00266312,minor,exodus,control_large_ranges
word_count,4,39,3-3-3-1,12,0.00266312,minor,exodus,control_large_ranges
word_count,4,40,3-3-1-3,12,0.00266312,minor,exodus,control_large_ranges
word_count,4,41,2-3-1-3,12,0.00266312,minor,exodus,control_large_ranges
word_count,4,42,2-2-2-3,12,0.00266312,minor,exodus,control_large_ranges
word_count,4,43,3-5-4-3,12,0.00266312,minor,exodus,control_large_ranges
word_count,4,44,4-2-2-3,12,0.00266312,minor,exodus,control_large_ranges
word_count,4,45,2-2-3-3,12,0.00266312,minor,exodus,control_large_ranges
word_count,4,46,3-2-4-3,11,0.00244119,minor,exodus,control_large_ranges
word_count,4,47,3-4-2-4,11,0.00244119,minor,exodus,control_large_ranges
word_count,4,48,2-3-3-2,11,0.00244119,minor,exodus,control_large_ranges
word_count,4,49,4-4-4-5,11,0.00244119,minor,exodus,control_large_ranges
word_count,4,50,3-2-4-4,11,0.00244119,minor,exodus,control_large_ranges
word_count,5,1,2-3-3-3-3,13,0.00288568,minor,exodus,control_large_ranges
word_count,5,2,3-2-3-2-3,11,0.00244173,minor,exodus,control_large_ranges
word_count,5,3,3-3-3-3-2,11,0.00244173,minor,exodus,control_large_ranges
word_count,5,4,2-3-4-3-4,9,0.00199778,minor,exodus,control_large_ranges
word_count,5,5,3-4-3-3-4,9,0.00199778,minor,exodus,control_large_ranges
word_count,5,6,4-3-3-4-3,8,0.0017758,minor,exodus,control_large_ranges
word_count,5,7,3-3-3-2-2,8,0.0017758,minor,exodus,control_large_ranges
word_count,5,8,2-3-2-3-4,8,0.0017758,minor,exodus,control_large_ranges
word_count,5,9,3-2-2-3-2,7,0.00155383,minor,exodus,control_large_ranges
word_count,5,10,4-2-3-3-3,7,0.00155383,minor,exodus,control_large_ranges
word_count,5,11,4-3-2-3-4,7,0.00155383,minor,exodus,control_large_ranges
word_count,5,12,3-3-4-3-3,7,0.00155383,minor,exodus,control_large_ranges
word_count,5,13,4-4-3-3-3,7,0.00155383,minor,exodus,control_large_ranges
word_count,5,14,2-2-3-4-4,7,0.00155383,minor,exodus,control_large_ranges
word_count,5,15,3-2-3-4-3,7,0.00155383,minor,exodus,control_large_ranges
word_count,5,16,2-3-2-3-2,7,0.00155383,minor,exodus,control_large_ranges
word_count,5,17,5-4-4-4-3,7,0.00155383,minor,exodus,control_large_ranges
word_count,5,18,4-3-3-3-3,7,0.00155383,minor,exodus,control_large_ranges
word_count,5,19,5-3-2-3-3,6,0.00133185,minor,exodus,control_large_ranges
word_count,5,20,2-3-4-4-4,6,0.00133185,minor,exodus,control_large_ranges
word_count,5,21,3-4-3-4-3,6,0.00133185,minor,exodus,control_large_ranges
word_count,5,22,3-3-3-3-3,6,0.00133185,minor,exodus,control_large_ranges
word_count,5,23,4-4-2-3-4,6,0.00133185,minor,exodus,control_large_ranges
word_count,5,24,4-3-3-4-4,6,0.00133185,minor,exodus,control_large_ranges
word_count,5,25,3-3-3-2-4,6,0.00133185,minor,exodus,control_large_ranges
word_count,5,26,3-2-3-3-3,6,0.00133185,minor,exodus,control_large_ranges
word_count,5,27,3-4-3-3-2,6,0.00133185,minor,exodus,control_large_ranges
word_count,5,28,3-3-3-5-3,6,0.00133185,minor,exodus,control_large_ranges
word_count,5,29,2-2-3-2-2,5,0.00110988,minor,exodus,control_large_ranges
word_count,5,30,2-3-2-2-3,5,0.00110988,minor,exodus,control_large_ranges
word_count,5,31,3-4-2-4-3,5,0.00110988,minor,exodus,control_large_ranges
word_count,5,32,4-2-4-3-4,5,0.00110988,minor,exodus,control_large_ranges
word_count,5,33,3-2-3-3-2,5,0.00110988,minor,exodus,control_large_ranges
word_count,5,34,3-2-3-4-4,5,0.00110988,minor,exodus,control_large_ranges
word_count,5,35,4-4-4-5-3,5,0.00110988,minor,exodus,control_large_ranges
word_count,5,36,3-3-3-1-3,5,0.00110988,minor,exodus,control_large_ranges
word_count,5,37,4-4-2-4-3,5,0.00110988,minor,exodus,control_large_ranges
word_count,5,38,3-4-4-3-3,5,0.00110988,minor,exodus,control_large_ranges
word_count,5,39,3-3-2-2-3,5,0.00110988,minor,exodus,control_large_ranges
word_count,5,40,4-4-3-3-4,5,0.00110988,minor,exodus,control_large_ranges
word_count,5,41,2-3-4-4-2,5,0.00110988,minor,exodus,control_large_ranges
word_count,5,42,3-4-4-2-3,5,0.00110988,minor,exodus,control_large_ranges
word_count,5,43,1-3-4-4-4,5,0.00110988,minor,exodus,control_large_ranges
word_count,5,44,2-3-5-4-3,5,0.00110988,minor,exodus,control_large_ranges
word_count,5,45,2-2-3-3-3,5,0.00110988,minor,exodus,control_large_ranges
word_count,5,46,3-4-2-3-3,5,0.00110988,minor,exodus,control_large_ranges
word_count,5,47,3-3-2-3-2,5,0.00110988,minor,exodus,control_large_ranges
word_count,5,48,2-4-5-3-3,5,0.00110988,minor,exodus,control_large_ranges
word_count,5,49,3-3-1-3-4,5,0.00110988,minor,exodus,control_large_ranges
word_count,5,50,3-2-3-1-3,5,0.00110988,minor,exodus,control_large_ranges
word_count,6,1,3-2-3-2-3-4,6,0.00133215,minor,exodus,control_large_ranges
word_count,6,2,2-3-3-3-3-2,6,0.00133215,minor,exodus,control_large_ranges
word_count,6,3,3-4-3-3-4-3,5,0.00111012,minor,exodus,control_large_ranges
word_count,6,4,3-3-2-3-2-3,5,0.00111012,minor,exodus,control_large_ranges
word_count,6,5,1-3-2-2-3-2,4,0.0008881,minor,exodus,control_large_ranges
word_count,6,6,2-2-3-2-2-3,4,0.0008881,minor,exodus,control_large_ranges
word_count,6,7,2-3-4-3-4-3,4,0.0008881,minor,exodus,control_large_ranges
word_count,6,8,4-3-3-4-3-3,4,0.0008881,minor,exodus,control_large_ranges
word_count,6,9,3-3-4-3-3-4,4,0.0008881,minor,exodus,control_large_ranges
word_count,6,10,3-2-3-4-3-4,4,0.0008881,minor,exodus,control_large_ranges
word_count,6,11,5-4-4-4-3-3,4,0.0008881,minor,exodus,control_large_ranges
word_count,6,12,3-2-2-3-2-3,4,0.0008881,minor,exodus,control_large_ranges
word_count,6,13,3-3-3-2-2-2,4,0.0008881,minor,exodus,control_large_ranges
word_count,6,14,2-3-2-3-4-3,4,0.0008881,minor,exodus,control_large_ranges
word_count,6,15,2-3-2-3-2-3,4,0.0008881,minor,exodus,control_large_ranges
word_count,6,16,3-4-4-2-3-4,4,0.0008881,minor,exodus,control_large_ranges
word_count,6,17,5-3-2-3-3-2,3,0.00066607,minor,exodus,control_large_ranges
word_count,6,18,3-4-4-4-5-3,3,0.00066607,minor,exodus,control_large_ranges
word_count,6,19,4-2-3-3-3-3,3,0.00066607,minor,exodus,control_large_ranges
word_count,6,20,4-3-2-3-4-4,3,0.00066607,minor,exodus,control_large_ranges
word_count,6,21,3-2-3-4-4-5,3,0.00066607,minor,exodus,control_large_ranges
word_count,6,22,4-4-2-3-4-3,3,0.00066607,minor,exodus,control_large_ranges
word_count,6,23,3-4-3-4-2-2,3,0.00066607,minor,exodus,control_large_ranges
word_count,6,24,3-2-4-2-3-3,3,0.00066607,minor,exodus,control_large_ranges
word_count,6,25,4-3-4-1-4-2,3,0.00066607,minor,exodus,control_large_ranges
word_count,6,26,2-3-4-4-2-3,3,0.00066607,minor,exodus,control_large_ranges
word_count,6,27,2-2-2-2-3-2,3,0.00066607,minor,exodus,control_large_ranges
word_count,6,28,2-2-2-3-2-2,3,0.00066607,minor,exodus,control_large_ranges
word_count,6,29,4-2-2-3-3-3,3,0.00066607,minor,exodus,control_large_ranges
word_count,6,30,2-2-3-3-3-3,3,0.00066607,minor,exodus,control_large_ranges
word_count,6,31,3-2-3-2-3-3,3,0.00066607,minor,exodus,control_large_ranges
word_count,6,32,3-2-3-4-2-3,3,0.00066607,minor,exodus,control_large_ranges
word_count,6,33,2-3-4-2-3-3,3,0.00066607,minor,exodus,control_large_ranges
word_count,6,34,3-4-2-3-3-1,3,0.00066607,minor,exodus,control_large_ranges
word_count,6,35,3-3-3-3-2-4,3,0.00066607,minor,exodus,control_large_ranges
word_count,6,36,4-4-2-2-3-4,3,0.00066607,minor,exodus,control_large_ranges
word_count,6,37,5-3-3-2-3-1,3,0.00066607,minor,exodus,control_large_ranges
word_count,6,38,3-3-2-3-1-3,3,0.00066607,minor,exodus,control_large_ranges
word_count,6,39,4-4-4-3-3-3,3,0.00066607,minor,exodus,control_large_ranges
word_count,6,40,3-1-3-2-2-3,3,0.00066607,minor,exodus,control_large_ranges
word_count,6,41,4-3-3-3-3-3,3,0.00066607,minor,exodus,control_large_ranges
word_count,6,42,2-3-1-3-2-3,3,0.00066607,minor,exodus,control_large_ranges
word_count,6,43,2-2-5-4-4-4,3,0.00066607,minor,exodus,control_large_ranges
word_count,6,44,2-5-4-4-4-3,3,0.00066607,minor,exodus,control_large_ranges
word_count,6,45,4-5-5-5-2-3,3,0.00066607,minor,exodus,control_large_ranges
word_count,6,46,3-3-5-3-4-4,3,0.00066607,minor,exodus,control_large_ranges
word_count,6,47,3-4-4-3-4-3,3,0.00066607,minor,exodus,control_large_ranges
word_count,6,48,4-4-3-4-3-3,3,0.00066607,minor,exodus,control_large_ranges
word_count,6,49,5-5-2-3-3-3,3,0.00066607,minor,exodus,control_large_ranges
word_count,6,50,5-2-3-3-3-3,3,0.00066607,minor,exodus,control_large_ranges
pulse_count,2,1,6-7,102,0.02262644,minor,exodus,control_large_ranges
pulse_count,2,2,7-7,95,0.02107365,minor,exodus,control_large_ranges
pulse_count,2,3,6-6,78,0.01730257,minor,exodus,control_large_ranges
pulse_count,2,4,7-6,72,0.01597161,minor,exodus,control_large_ranges
pulse_count,2,5,7-8,69,0.01530612,minor,exodus,control_large_ranges
pulse_count,2,6,7-9,67,0.01486247,minor,exodus,control_large_ranges
pulse_count,2,7,8-8,67,0.01486247,minor,exodus,control_large_ranges
pulse_count,2,8,8-6,64,0.01419698,minor,exodus,control_large_ranges
pulse_count,2,9,6-8,64,0.01419698,minor,exodus,control_large_ranges
pulse_count,2,10,5-6,62,0.01375333,minor,exodus,control_large_ranges
pulse_count,2,11,9-6,61,0.0135315,minor,exodus,control_large_ranges
pulse_count,2,12,7-5,61,0.0135315,minor,exodus,control_large_ranges
pulse_count,2,13,5-7,60,0.01330967,minor,exodus,control_large_ranges
pulse_count,2,14,6-9,57,0.01264419,minor,exodus,control_large_ranges
pulse_count,2,15,8-9,57,0.01264419,minor,exodus,control_large_ranges
pulse_count,2,16,8-7,56,0.01242236,minor,exodus,control_large_ranges
pulse_count,2,17,6-5,54,0.0119787,minor,exodus,control_large_ranges
pulse_count,2,18,8-11,51,0.01131322,minor,exodus,control_large_ranges
pulse_count,2,19,9-7,50,0.01109139,minor,exodus,control_large_ranges
pulse_count,2,20,9-8,49,0.01086957,minor,exodus,control_large_ranges
pulse_count,2,21,9-5,48,0.01064774,minor,exodus,control_large_ranges
pulse_count,2,22,8-5,48,0.01064774,minor,exodus,control_large_ranges
pulse_count,2,23,10-7,48,0.01064774,minor,exodus,control_large_ranges
pulse_count,2,24,7-10,48,0.01064774,minor,exodus,control_large_ranges
pulse_count,2,25,5-8,47,0.01042591,minor,exodus,control_large_ranges
pulse_count,2,26,4-6,44,0.00976043,minor,exodus,control_large_ranges
pulse_count,2,27,10-8,43,0.0095386,minor,exodus,control_large_ranges
pulse_count,2,28,10-6,43,0.0095386,minor,exodus,control_large_ranges
pulse_count,2,29,8-10,43,0.0095386,minor,exodus,control_large_ranges
pulse_count,2,30,7-11,43,0.0095386,minor,exodus,control_large_ranges
pulse_count,2,31,5-9,43,0.0095386,minor,exodus,control_large_ranges
pulse_count,2,32,5-5,40,0.00887311,minor,exodus,control_large_ranges
pulse_count,2,33,11-9,36,0.0079858,minor,exodus,control_large_ranges
pulse_count,2,34,9-9,34,0.00754215,minor,exodus,control_large_ranges
pulse_count,2,35,6-10,34,0.00754215,minor,exodus,control_large_ranges
pulse_count,2,36,5-10,33,0.00732032,minor,exodus,control_large_ranges
pulse_count,2,37,11-6,33,0.00732032,minor,exodus,control_large_ranges
pulse_count,2,38,11-7,33,0.00732032,minor,exodus,control_large_ranges
pulse_count,2,39,10-9,32,0.00709849,minor,exodus,control_large_ranges
pulse_count,2,40,7-4,32,0.00709849,minor,exodus,control_large_ranges
pulse_count,2,41,6-11,32,0.00709849,minor,exodus,control_large_ranges
pulse_count,2,42,9-10,32,0.00709849,minor,exodus,control_large_ranges
pulse_count,2,43,8-4,32,0.00709849,minor,exodus,control_large_ranges
pulse_count,2,44,4-7,31,0.00687666,minor,exodus,control_large_ranges
pulse_count,2,45,11-8,30,0.00665484,minor,exodus,control_large_ranges
pulse_count,2,46,12-7,29,0.00643301,minor,exodus,control_large_ranges
pulse_count,2,47,3-7,29,0.00643301,minor,exodus,control_large_ranges
pulse_count,2,48,6-4,29,0.00643301,minor,exodus,control_large_ranges
pulse_count,2,49,3-6,29,0.00643301,minor,exodus,control_large_ranges
pulse_count,2,50,4-5,28,0.00621118,minor,exodus,control_large_ranges
pulse_count,3,1,6-7-7,19,0.00421566,minor,exodus,control_large_ranges
pulse_count,3,2,8-6-7,16,0.00355003,minor,exodus,control_large_ranges
pulse_count,3,3,6-6-7,15,0.00332816,minor,exodus,control_large_ranges
pulse_count,3,4,7-7-7,15,0.00332816,minor,exodus,control_large_ranges
pulse_count,3,5,6-7-6,13,0.0028844,minor,exodus,control_large_ranges
pulse_count,3,6,8-9-5,13,0.0028844,minor,exodus,control_large_ranges
pulse_count,3,7,7-6-7,13,0.0028844,minor,exodus,control_large_ranges
pulse_count,3,8,7-8-8,13,0.0028844,minor,exodus,control_large_ranges
pulse_count,3,9,6-7-9,13,0.0028844,minor,exodus,control_large_ranges
pulse_count,3,10,6-6-6,13,0.0028844,minor,exodus,control_large_ranges
pulse_count,3,11,5-6-7,12,0.00266252,minor,exodus,control_large_ranges
pulse_count,3,12,6-9-8,12,0.00266252,minor,exodus,control_large_ranges
pulse_count,3,13,7-7-10,12,0.00266252,minor,exodus,control_large_ranges
pulse_count,3,14,7-5-6,12,0.00266252,minor,exodus,control_large_ranges
pulse_count,3,15,7-7-8,11,0.00244065,minor,exodus,control_large_ranges
pulse_count,3,16,7-8-7,11,0.00244065,minor,exodus,control_large_ranges
pulse_count,3,17,5-7-6,11,0.00244065,minor,exodus,control_large_ranges
pulse_count,3,18,6-7-5,11,0.00244065,minor,exodus,control_large_ranges
pulse_count,3,19,7-8-6,11,0.00244065,minor,exodus,control_large_ranges
pulse_count,3,20,9-7-7,11,0.00244065,minor,exodus,control_large_ranges
pulse_count,3,21,9-6-5,10,0.00221877,minor,exodus,control_large_ranges
pulse_count,3,22,7-7-4,10,0.00221877,minor,exodus,control_large_ranges
pulse_count,3,23,7-9-6,10,0.00221877,minor,exodus,control_large_ranges
pulse_count,3,24,7-6-6,10,0.00221877,minor,exodus,control_large_ranges
pulse_count,3,25,9-5-7,10,0.00221877,minor,exodus,control_large_ranges
pulse_count,3,26,7-10-6,10,0.00221877,minor,exodus,control_large_ranges
pulse_count,3,27,5-6-6,10,0.00221877,minor,exodus,control_large_ranges
pulse_count,3,28,8-8-8,10,0.00221877,minor,exodus,control_large_ranges
pulse_count,3,29,7-10-7,10,0.00221877,minor,exodus,control_large_ranges
pulse_count,3,30,11-6-7,9,0.00199689,minor,exodus,control_large_ranges
pulse_count,3,31,6-7-8,9,0.00199689,minor,exodus,control_large_ranges
pulse_count,3,32,9-7-9,9,0.00199689,minor,exodus,control_large_ranges
pulse_count,3,33,10-8-8,9,0.00199689,minor,exodus,control_large_ranges
pulse_count,3,34,6-6-9,9,0.00199689,minor,exodus,control_large_ranges
pulse_count,3,35,8-8-6,9,0.00199689,minor,exodus,control_large_ranges
pulse_count,3,36,7-7-5,9,0.00199689,minor,exodus,control_large_ranges
pulse_count,3,37,7-7-6,9,0.00199689,minor,exodus,control_large_ranges
pulse_count,3,38,10-6-6,9,0.00199689,minor,exodus,control_large_ranges
pulse_count,3,39,8-11-10,9,0.00199689,minor,exodus,control_large_ranges
pulse_count,3,40,9-6-6,9,0.00199689,minor,exodus,control_large_ranges
pulse_count,3,41,12-7-6,9,0.00199689,minor,exodus,control_large_ranges
pulse_count,3,42,5-9-6,9,0.00199689,minor,exodus,control_large_ranges
pulse_count,3,43,9-9-6,8,0.00177502,minor,exodus,control_large_ranges
pulse_count,3,44,9-6-9,8,0.00177502,minor,exodus,control_large_ranges
pulse_count,3,45,9-8-11,8,0.00177502,minor,exodus,control_large_ranges
pulse_count,3,46,6-5-7,8,0.00177502,minor,exodus,control_large_ranges
pulse_count,3,47,8-9-7,8,0.00177502,minor,exodus,control_large_ranges
pulse_count,3,48,9-7-8,8,0.00177502,minor,exodus,control_large_ranges
pulse_count,3,49,8-8-5,8,0.00177502,minor,exodus,control_large_ranges
pulse_count,3,50,5-6-9,8,0.00177502,minor,exodus,control_large_ranges
pulse_count,4,1,11-6-7-7,5,0.00110963,minor,exodus,control_large_ranges
pulse_count,4,2,5-7-6-7,5,0.00110963,minor,exodus,control_large_ranges
pulse_count,4,3,6-7-7-7,5,0.00110963,minor,exodus,control_large_ranges
pulse_count,4,4,8-8-6-7,4,0.00088771,minor,exodus,control_large_ranges
pulse_count,4,5,13-7-8-7,4,0.00088771,minor,exodus,control_large_ranges
pulse_count,4,6,10-5-8-9,4,0.00088771,minor,exodus,control_large_ranges
pulse_count,4,7,7-10-6-8,4,0.00088771,minor,exodus,control_large_ranges
pulse_count,4,8,8-6-7-9,4,0.00088771,minor,exodus,control_large_ranges
pulse_count,4,9,7-5-5-10,4,0.00088771,minor,exodus,control_large_ranges
pulse_count,4,10,5-6-7-7,4,0.00088771,minor,exodus,control_large_ranges
pulse_count,4,11,7-6-7-10,4,0.00088771,minor,exodus,control_large_ranges
pulse_count,4,12,6-6-10-6,4,0.00088771,minor,exodus,control_large_ranges
pulse_count,4,13,6-7-7-4,3,0.00066578,minor,exodus,control_large_ranges
pulse_count,4,14,9-6-9-8,3,0.00066578,minor,exodus,control_large_ranges
pulse_count,4,15,6-9-8-6,3,0.00066578,minor,exodus,control_large_ranges
pulse_count,4,16,7-9-6-11,3,0.00066578,minor,exodus,control_large_ranges
pulse_count,4,17,6-6-7-7,3,0.00066578,minor,exodus,control_large_ranges
pulse_count,4,18,6-7-7-8,3,0.00066578,minor,exodus,control_large_ranges
pulse_count,4,19,7-9-8-11,3,0.00066578,minor,exodus,control_large_ranges
pulse_count,4,20,4-8-9-5,3,0.00066578,minor,exodus,control_large_ranges
pulse_count,4,21,8-9-5-8,3,0.00066578,minor,exodus,control_large_ranges
pulse_count,4,22,6-7-6-7,3,0.00066578,minor,exodus,control_large_ranges
pulse_count,4,23,8-9-7-8,3,0.00066578,minor,exodus,control_large_ranges
pulse_count,4,24,8-8-10-7,3,0.00066578,minor,exodus,control_large_ranges
pulse_count,4,25,6-8-9-4,3,0.00066578,minor,exodus,control_large_ranges
pulse_count,4,26,5-8-10-8,3,0.00066578,minor,exodus,control_large_ranges
pulse_count,4,27,7-7-5-8,3,0.00066578,minor,exodus,control_large_ranges
pulse_count,4,28,7-9-11-7,3,0.00066578,minor,exodus,control_large_ranges
pulse_count,4,29,9-7-7-6,3,0.00066578,minor,exodus,control_large_ranges
pulse_count,4,30,5-7-10-6,3,0.00066578,minor,exodus,control_large_ranges
pulse_count,4,31,6-11-3-8,3,0.00066578,minor,exodus,control_large_ranges
pulse_count,4,32,6-6-6-6,3,0.00066578,minor,exodus,control_large_ranges
pulse_count,4,33,7-7-6-6,3,0.00066578,minor,exodus,control_large_ranges
pulse_count,4,34,6-7-9-6,3,0.00066578,minor,exodus,control_large_ranges
pulse_count,4,35,7-7-4-8,3,0.00066578,minor,exodus,control_large_ranges
pulse_count,4,36,9-5-8-5,3,0.00066578,minor,exodus,control_large_ranges
pulse_count,4,37,8-6-7-5,3,0.00066578,minor,exodus,control_large_ranges
pulse_count,4,38,12-8-5-7,3,0.00066578,minor,exodus,control_large_ranges
pulse_count,4,39,5-7-5-5,3,0.00066578,minor,exodus,control_large_ranges
pulse_count,4,40,6-7-7-5,3,0.00066578,minor,exodus,control_large_ranges
pulse_count,4,41,5-6-3-5,3,0.00066578,minor,exodus,control_large_ranges
pulse_count,4,42,10-8-8-8,3,0.00066578,minor,exodus,control_large_ranges
pulse_count,4,43,4-6-11-6,3,0.00066578,minor,exodus,control_large_ranges
pulse_count,4,44,10-7-8-8,3,0.00066578,minor,exodus,control_large_ranges
pulse_count,4,45,8-9-5-7,3,0.00066578,minor,exodus,control_large_ranges
pulse_count,4,46,7-7-8-8,3,0.00066578,minor,exodus,control_large_ranges
pulse_count,4,47,9-7-7-8,3,0.00066578,minor,exodus,control_large_ranges
pulse_count,4,48,7-8-2-3,3,0.00066578,minor,exodus,control_large_ranges
pulse_count,4,49,7-9-7-7,3,0.00066578,minor,exodus,control_large_ranges
pulse_count,4,50,8-4-6-6,3,0.00066578,minor,exodus,control_large_ranges
pulse_count,5,1,11-6-7-7-4,3,0.00066593,minor,exodus,control_large_ranges
pulse_count,5,2,7-5-7-6-7,3,0.00066593,minor,exodus,control_large_ranges
pulse_count,5,3,5-7-6-7-10,3,0.00066593,minor,exodus,control_large_ranges
pulse_count,5,4,7-9-6-9-8,2,0.00044395,minor,exodus,control_large_ranges
pulse_count,5,5,4-6-6-7-7,2,0.00044395,minor,exodus,control_large_ranges
pulse_count,5,6,10-4-8-9-5,2,0.00044395,minor,exodus,control_large_ranges
pulse_count,5,7,3-6-8-3-8,2,0.00044395,minor,exodus,control_large_ranges
pulse_count,5,8,6-5-8-10-8,2,0.00044395,minor,exodus,control_large_ranges
pulse_count,5,9,11-7-9-11-7,2,0.00044395,minor,exodus,control_large_ranges
pulse_count,5,10,6-11-3-8-10,2,0.00044395,minor,exodus,control_large_ranges
pulse_count,5,11,6-7-9-6-11,2,0.00044395,minor,exodus,control_large_ranges
pulse_count,5,12,8-8-6-7-9,2,0.00044395,minor,exodus,control_large_ranges
pulse_count,5,13,5-7-5-5-10,2,0.00044395,minor,exodus,control_large_ranges
pulse_count,5,14,7-9-2-6-10,2,0.00044395,minor,exodus,control_large_ranges
pulse_count,5,15,10-5-7-6-7,2,0.00044395,minor,exodus,control_large_ranges
pulse_count,5,16,8-10-5-8-9,2,0.00044395,minor,exodus,control_large_ranges
pulse_count,5,17,3-7-5-3-6,2,0.00044395,minor,exodus,control_large_ranges
pulse_count,5,18,7-11-8-12-7,2,0.00044395,minor,exodus,control_large_ranges
pulse_count,5,19,7-14-4-6-4,2,0.00044395,minor,exodus,control_large_ranges
pulse_count,5,20,6-6-9-9-9,2,0.00044395,minor,exodus,control_large_ranges
pulse_count,5,21,12-10-7-8-8,2,0.00044395,minor,exodus,control_large_ranges
pulse_count,5,22,4-7-4-6-6,2,0.00044395,minor,exodus,control_large_ranges
pulse_count,5,23,5-7-6-9-8,2,0.00044395,minor,exodus,control_large_ranges
pulse_count,5,24,6-7-7-8-8,2,0.00044395,minor,exodus,control_large_ranges
pulse_count,5,25,5-8-3-5-6,2,0.00044395,minor,exodus,control_large_ranges
pulse_count,5,26,7-7-8-2-3,2,0.00044395,minor,exodus,control_large_ranges
pulse_count,5,27,8-4-6-6-5,2,0.00044395,minor,exodus,control_large_ranges
pulse_count,5,28,6-7-7-7-6,2,0.00044395,minor,exodus,control_large_ranges
pulse_count,5,29,6-4-8-9-7,2,0.00044395,minor,exodus,control_large_ranges
pulse_count,5,30,2-6-2-8-11,2,0.00044395,minor,exodus,control_large_ranges
pulse_count,5,31,8-6-9-3-6,2,0.00044395,minor,exodus,control_large_ranges
pulse_count,5,32,6-5-5-5-6,2,0.00044395,minor,exodus,control_large_ranges
pulse_count,5,33,5-5-5-6-9,2,0.00044395,minor,exodus,control_large_ranges
pulse_count,5,34,6-6-6-6-7,2,0.00044395,minor,exodus,control_large_ranges
pulse_count,5,35,17-5-6-3-5,2,0.00044395,minor,exodus,control_large_ranges
pulse_count,5,36,5-6-3-5-5,2,0.00044395,minor,exodus,control_large_ranges
pulse_count,5,37,6-3-5-5-9,2,0.00044395,minor,exodus,control_large_ranges
pulse_count,5,38,3-5-5-9-6,2,0.00044395,minor,exodus,control_large_ranges
pulse_count,5,39,5-5-9-6-25,2,0.00044395,minor,exodus,control_large_ranges
pulse_count,5,40,5-9-6-25-14,2,0.00044395,minor,exodus,control_large_ranges
pulse_count,5,41,9-6-25-14-7,2,0.00044395,minor,exodus,control_large_ranges
pulse_count,5,42,6-25-14-7-7,2,0.00044395,minor,exodus,control_large_ranges
pulse_count,5,43,25-14-7-7-8,2,0.00044395,minor,exodus,control_large_ranges
pulse_count,5,44,14-7-7-8-4,2,0.00044395,minor,exodus,control_large_ranges
pulse_count,5,45,7-7-8-4-9,2,0.00044395,minor,exodus,control_large_ranges
pulse_count,5,46,7-8-4-9-13,2,0.00044395,minor,exodus,control_large_ranges
pulse_count,5,47,8-4-9-13-13,2,0.00044395,minor,exodus,control_large_ranges
pulse_count,5,48,4-9-13-13-3,2,0.00044395,minor,exodus,control_large_ranges
pulse_count,5,49,9-13-13-3-10,2,0.00044395,minor,exodus,control_large_ranges
pulse_count,5,50,13-13-3-10-6,2,0.00044395,minor,exodus,control_large_ranges
pulse_count,6,1,7-5-7-6-7-10,3,0.00066607,minor,exodus,control_large_ranges
pulse_count,6,2,17-5-6-3-5-5,2,0.00044405,minor,exodus,control_large_ranges
pulse_count,6,3,5-6-3-5-5-9,2,0.00044405,minor,exodus,control_large_ranges
pulse_count,6,4,6-3-5-5-9-6,2,0.00044405,minor,exodus,control_large_ranges
pulse_count,6,5,3-5-5-9-6-25,2,0.00044405,minor,exodus,control_large_ranges
pulse_count,6,6,5-5-9-6-25-14,2,0.00044405,minor,exodus,control_large_ranges
pulse_count,6,7,5-9-6-25-14-7,2,0.00044405,minor,exodus,control_large_ranges
pulse_count,6,8,9-6-25-14-7-7,2,0.00044405,minor,exodus,control_large_ranges
pulse_count,6,9,6-25-14-7-7-8,2,0.00044405,minor,exodus,control_large_ranges
pulse_count,6,10,25-14-7-7-8-4,2,0.00044405,minor,exodus,control_large_ranges
pulse_count,6,11,14-7-7-8-4-9,2,0.00044405,minor,exodus,control_large_ranges
pulse_count,6,12,7-7-8-4-9-13,2,0.00044405,minor,exodus,control_large_ranges
pulse_count,6,13,7-8-4-9-13-13,2,0.00044405,minor,exodus,control_large_ranges
pulse_count,6,14,8-4-9-13-13-3,2,0.00044405,minor,exodus,control_large_ranges
pulse_count,6,15,4-9-13-13-3-10,2,0.00044405,minor,exodus,control_large_ranges
pulse_count,6,16,9-13-13-3-10-6,2,0.00044405,minor,exodus,control_large_ranges
pulse_count,6,17,4-7-5-12-6-9,2,0.00044405,minor,exodus,control_large_ranges
pulse_count,6,18,7-5-12-6-9-6,2,0.00044405,minor,exodus,control_large_ranges
pulse_count,6,19,7-9-7-7-4-5,2,0.00044405,minor,exodus,control_large_ranges
pulse_count,6,20,9-7-7-4-5-4,2,0.00044405,minor,exodus,control_large_ranges
pulse_count,6,21,7-6-2-7-17-18,2,0.00044405,minor,exodus,control_large_ranges
pulse_count,6,22,6-2-7-17-18-14,2,0.00044405,minor,exodus,control_large_ranges
pulse_count,6,23,5-7-6-7-10-7,2,0.00044405,minor,exodus,control_large_ranges
pulse_count,6,24,7-6-7-10-7-8,2,0.00044405,minor,exodus,control_large_ranges
pulse_count,6,25,6-7-10-7-8-6,2,0.00044405,minor,exodus,control_large_ranges
pulse_count,6,26,7-10-7-8-6-5,2,0.00044405,minor,exodus,control_large_ranges
pulse_count,6,27,10-7-8-6-5-11,2,0.00044405,minor,exodus,control_large_ranges
pulse_count,6,28,7-8-6-5-11-7,2,0.00044405,minor,exodus,control_large_ranges
pulse_count,6,29,8-6-5-11-7-6,2,0.00044405,minor,exodus,control_large_ranges
pulse_count,6,30,6-5-11-7-6-6,2,0.00044405,minor,exodus,control_large_ranges
pulse_count,6,31,6-1-8-4-6-8,2,0.00044405,minor,exodus,control_large_ranges
pulse_count,6,32,1-8-4-6-8-6,2,0.00044405,minor,exodus,control_large_ranges
pulse_count,6,33,8-4-6-8-6-7,2,0.00044405,minor,exodus,control_large_ranges
pulse_count,6,34,4-6-8-6-7-5,2,0.00044405,minor,exodus,control_large_ranges
pulse_count,6,35,7-8-2-3-10-8,2,0.00044405,minor,exodus,control_large_ranges
pulse_count,6,36,2-6-5-3-5-4,1,0.00022202,minor,exodus,control_large_ranges
pulse_count,6,37,6-5-3-5-4-5,1,0.00022202,minor,exodus,control_large_ranges
pulse_count,6,38,5-3-5-4-5-10,1,0.00022202,minor,exodus,control_large_ranges
pulse_count,6,39,3-5-4-5-10-8,1,0.00022202,minor,exodus,control_large_ranges
pulse_count,6,40,5-4-5-10-8-3,1,0.00022202,minor,exodus,control_large_ranges
pulse_count,6,41,4-5-10-8-3-13,1,0.00022202,minor,exodus,control_large_ranges
pulse_count,6,42,5-10-8-3-13-9,1,0.00022202,minor,exodus,control_large_ranges
pulse_count,6,43,10-8-3-13-9-9,1,0.00022202,minor,exodus,control_large_ranges
pulse_count,6,44,8-3-13-9-9-6,1,0.00022202,minor,exodus,control_large_ranges
pulse_count,6,45,3-13-9-9-6-5,1,0.00022202,minor,exodus,control_large_ranges
pulse_count,6,46,13-9-9-6-5-15,1,0.00022202,minor,exodus,control_large_ranges
pulse_count,6,47,9-9-6-5-15-8,1,0.00022202,minor,exodus,control_large_ranges
pulse_count,6,48,9-6-5-15-8-11,1,0.00022202,minor,exodus,control_large_ranges
pulse_count,6,49,6-5-15-8-11-8,1,0.00022202,minor,exodus,control_large_ranges
pulse_count,6,50,5-15-8-11-8-6,1,0.00022202,minor,exodus,control_large_ranges
accent_count,2,1,3-3,488,0.108252,minor,exodus,control_large_ranges
accent_count,2,2,3-2,388,0.08606921,minor,exodus,control_large_ranges
accent_count,2,3,2-3,379,0.08407276,minor,exodus,control_large_ranges
accent_count,2,4,2-2,308,0.06832298,minor,exodus,control_large_ranges
accent_count,2,5,4-3,284,0.06299911,minor,exodus,control_large_ranges
accent_count,2,6,3-4,275,0.06100266,minor,exodus,control_large_ranges
accent_count,2,7,2-4,205,0.04547471,minor,exodus,control_large_ranges
accent_count,2,8,4-2,186,0.04125998,minor,exodus,control_large_ranges
accent_count,2,9,4-4,179,0.03970719,minor,exodus,control_large_ranges
accent_count,2,10,1-3,137,0.03039042,minor,exodus,control_large_ranges
accent_count,2,11,3-1,124,0.02750665,minor,exodus,control_large_ranges
accent_count,2,12,5-3,117,0.02595386,minor,exodus,control_large_ranges
accent_count,2,13,3-5,112,0.02484472,minor,exodus,control_large_ranges
accent_count,2,14,4-5,88,0.01952085,minor,exodus,control_large_ranges
accent_count,2,15,5-2,87,0.01929902,minor,exodus,control_large_ranges
accent_count,2,16,2-5,84,0.01863354,minor,exodus,control_large_ranges
accent_count,2,17,5-4,80,0.01774623,minor,exodus,control_large_ranges
accent_count,2,18,1-2,74,0.01641526,minor,exodus,control_large_ranges
accent_count,2,19,2-1,72,0.01597161,minor,exodus,control_large_ranges
accent_count,2,20,4-1,69,0.01530612,minor,exodus,control_large_ranges
accent_count,2,21,1-4,64,0.01419698,minor,exodus,control_large_ranges
accent_count,2,22,3-6,53,0.01175688,minor,exodus,control_large_ranges
accent_count,2,23,6-4,43,0.0095386,minor,exodus,control_large_ranges
accent_count,2,24,2-6,42,0.00931677,minor,exodus,control_large_ranges
accent_count,2,25,4-6,42,0.00931677,minor,exodus,control_large_ranges
accent_count,2,26,6-3,40,0.00887311,minor,exodus,control_large_ranges
accent_count,2,27,6-2,40,0.00887311,minor,exodus,control_large_ranges
accent_count,2,28,5-5,36,0.0079858,minor,exodus,control_large_ranges
accent_count,2,29,3-7,29,0.00643301,minor,exodus,control_large_ranges
accent_count,2,30,7-3,27,0.00598935,minor,exodus,control_large_ranges
accent_count,2,31,5-1,26,0.00576752,minor,exodus,control_large_ranges
accent_count,2,32,7-2,21,0.00465839,minor,exodus,control_large_ranges
accent_count,2,33,6-5,19,0.00421473,minor,exodus,control_large_ranges
accent_count,2,34,7-4,18,0.0039929,minor,exodus,control_large_ranges
accent_count,2,35,1-5,18,0.0039929,minor,exodus,control_large_ranges
accent_count,2,36,6-1,17,0.00377107,minor,exodus,control_large_ranges
accent_count,2,37,1-6,16,0.00354925,minor,exodus,control_large_ranges
accent_count,2,38,4-7,16,0.00354925,minor,exodus,control_large_ranges
accent_count,2,39,5-6,15,0.00332742,minor,exodus,control_large_ranges
accent_count,2,40,2-7,12,0.00266193,minor,exodus,control_large_ranges
accent_count,2,41,3-9,11,0.00244011,minor,exodus,control_large_ranges
accent_count,2,42,8-3,11,0.00244011,minor,exodus,control_large_ranges
accent_count,2,43,5-7,10,0.00221828,minor,exodus,control_large_ranges
accent_count,2,44,7-5,9,0.00199645,minor,exodus,control_large_ranges
accent_count,2,45,6-6,9,0.00199645,minor,exodus,control_large_ranges
accent_count,2,46,6-7,8,0.00177462,minor,exodus,control_large_ranges
accent_count,2,47,3-8,8,0.00177462,minor,exodus,control_large_ranges
accent_count,2,48,9-3,8,0.00177462,minor,exodus,control_large_ranges
accent_count,2,49,1-7,7,0.0015528,minor,exodus,control_large_ranges
accent_count,2,50,7-1,7,0.0015528,minor,exodus,control_large_ranges
accent_count,3,1,3-3-3,166,0.0368316,minor,exodus,control_large_ranges
accent_count,3,2,3-2-3,131,0.0290659,minor,exodus,control_large_ranges
accent_count,3,3,3-3-2,129,0.02862214,minor,exodus,control_large_ranges
accent_count,3,4,2-3-3,119,0.02640337,minor,exodus,control_large_ranges
accent_count,3,5,3-2-2,114,0.02529399,minor,exodus,control_large_ranges
accent_count,3,6,2-2-3,107,0.02374085,minor,exodus,control_large_ranges
accent_count,3,7,2-3-2,106,0.02351897,minor,exodus,control_large_ranges
accent_count,3,8,4-3-3,88,0.01952518,minor,exodus,control_large_ranges
accent_count,3,9,3-4-3,81,0.01797204,minor,exodus,control_large_ranges
accent_count,3,10,3-3-4,80,0.01775017,minor,exodus,control_large_ranges
accent_count,3,11,2-2-2,79,0.01752829,minor,exodus,control_large_ranges
accent_count,3,12,2-3-4,77,0.01708454,minor,exodus,control_large_ranges
accent_count,3,13,2-4-3,74,0.0164189,minor,exodus,control_large_ranges
accent_count,3,14,4-3-2,72,0.01597515,minor,exodus,control_large_ranges
accent_count,3,15,4-2-3,66,0.01464389,minor,exodus,control_large_ranges
accent_count,3,16,3-4-4,65,0.01442201,minor,exodus,control_large_ranges
accent_count,3,17,3-2-4,63,0.01397826,minor,exodus,control_large_ranges
accent_count,3,18,4-4-3,63,0.01397826,minor,exodus,control_large_ranges
accent_count,3,19,2-2-4,62,0.01375638,minor,exodus,control_large_ranges
accent_count,3,20,4-3-4,56,0.01242512,minor,exodus,control_large_ranges
accent_count,3,21,3-1-3,55,0.01220324,minor,exodus,control_large_ranges
accent_count,3,22,4-2-2,54,0.01198136,minor,exodus,control_large_ranges
accent_count,3,23,3-4-2,49,0.01087198,minor,exodus,control_large_ranges
accent_count,3,24,2-4-2,43,0.00954071,minor,exodus,control_large_ranges
accent_count,3,25,5-3-3,41,0.00909696,minor,exodus,control_large_ranges
accent_count,3,26,3-3-5,40,0.00887508,minor,exodus,control_large_ranges
accent_count,3,27,3-5-3,39,0.00865321,minor,exodus,control_large_ranges
accent_count,3,28,4-4-2,38,0.00843133,minor,exodus,control_large_ranges
accent_count,3,29,5-2-3,38,0.00843133,minor,exodus,control_large_ranges
accent_count,3,30,2-4-4,36,0.00798757,minor,exodus,control_large_ranges
accent_count,3,31,1-3-2,34,0.00754382,minor,exodus,control_large_ranges
accent_count,3,32,4-3-1,34,0.00754382,minor,exodus,control_large_ranges
accent_count,3,33,1-3-3,33,0.00732194,minor,exodus,control_large_ranges
accent_count,3,34,2-3-1,33,0.00732194,minor,exodus,control_large_ranges
accent_count,3,35,4-2-4,32,0.00710007,minor,exodus,control_large_ranges
accent_count,3,36,4-4-4,32,0.00710007,minor,exodus,control_large_ranges
accent_count,3,37,3-3-1,31,0.00687819,minor,exodus,control_large_ranges
accent_count,3,38,3-5-4,31,0.00687819,minor,exodus,control_large_ranges
accent_count,3,39,3-4-1,30,0.00665631,minor,exodus,control_large_ranges
accent_count,3,40,2-1-3,29,0.00643444,minor,exodus,control_large_ranges
accent_count,3,41,3-2-1,29,0.00643444,minor,exodus,control_large_ranges
accent_count,3,42,5-3-2,29,0.00643444,minor,exodus,control_large_ranges
accent_count,3,43,4-1-3,28,0.00621256,minor,exodus,control_large_ranges
accent_count,3,44,3-1-2,28,0.00621256,minor,exodus,control_large_ranges
accent_count,3,45,3-2-5,26,0.0057688,minor,exodus,control_large_ranges
accent_count,3,46,1-3-4,26,0.0057688,minor,exodus,control_large_ranges
accent_count,3,47,5-4-3,26,0.0057688,minor,exodus,control_large_ranges
accent_count,3,48,2-5-3,26,0.0057688,minor,exodus,control_large_ranges
accent_count,3,49,3-1-4,25,0.00554693,minor,exodus,control_large_ranges
accent_count,3,50,3-4-5,25,0.00554693,minor,exodus,control_large_ranges
accent_count,4,1,3-3-3-3,67,0.01486906,minor,exodus,control_large_ranges
accent_count,4,2,3-3-2-3,46,0.01020861,minor,exodus,control_large_ranges
accent_count,4,3,3-3-3-2,45,0.00998668,minor,exodus,control_large_ranges
accent_count,4,4,3-2-3-3,41,0.00909898,minor,exodus,control_large_ranges
accent_count,4,5,3-2-2-3,38,0.0084332,minor,exodus,control_large_ranges
accent_count,4,6,2-3-2-3,38,0.0084332,minor,exodus,control_large_ranges
accent_count,4,7,3-2-3-2,37,0.00821127,minor,exodus,control_large_ranges
accent_count,4,8,3-3-2-2,36,0.00798935,minor,exodus,control_large_ranges
accent_count,4,9,2-2-3-3,35,0.00776742,minor,exodus,control_large_ranges
accent_count,4,10,2-3-3-3,34,0.00754549,minor,exodus,control_large_ranges
accent_count,4,11,2-3-3-2,32,0.00710164,minor,exodus,control_large_ranges
accent_count,4,12,4-3-3-3,32,0.00710164,minor,exodus,control_large_ranges
accent_count,4,13,3-3-3-4,29,0.00643586,minor,exodus,control_large_ranges
accent_count,4,14,2-3-2-2,28,0.00621394,minor,exodus,control_large_ranges
accent_count,4,15,2-2-3-4,28,0.00621394,minor,exodus,control_large_ranges
accent_count,4,16,3-2-2-2,28,0.00621394,minor,exodus,control_large_ranges
accent_count,4,17,3-3-4-3,28,0.00621394,minor,exodus,control_large_ranges
accent_count,4,18,3-4-3-3,28,0.00621394,minor,exodus,control_large_ranges
accent_count,4,19,2-2-3-2,27,0.00599201,minor,exodus,control_large_ranges
accent_count,4,20,3-3-2-4,27,0.00599201,minor,exodus,control_large_ranges
accent_count,4,21,3-2-3-4,27,0.00599201,minor,exodus,control_large_ranges
accent_count,4,22,4-3-2-2,26,0.00577008,minor,exodus,control_large_ranges
accent_count,4,23,3-2-4-3,25,0.00554816,minor,exodus,control_large_ranges
accent_count,4,24,2-2-4-3,25,0.00554816,minor,exodus,control_large_ranges
accent_count,4,25,2-4-3-3,25,0.00554816,minor,exodus,control_large_ranges
accent_count,4,26,3-2-2-4,24,0.00532623,minor,exodus,control_large_ranges
accent_count,4,27,4-3-2-3,23,0.00510431,minor,exodus,control_large_ranges
accent_count,4,28,2-3-4-3,23,0.00510431,minor,exodus,control_large_ranges
accent_count,4,29,2-2-2-3,22,0.00488238,minor,exodus,control_large_ranges
accent_count,4,30,2-2-2-4,22,0.00488238,minor,exodus,control_large_ranges
accent_count,4,31,4-2-3-3,22,0.00488238,minor,exodus,control_large_ranges
accent_count,4,32,3-4-4-3,22,0.00488238,minor,exodus,control_large_ranges
accent_count,4,33,2-2-2-2,21,0.00466045,minor,exodus,control_large_ranges
accent_count,4,34,4-2-2-3,21,0.00466045,minor,exodus,control_large_ranges
accent_count,4,35,4-3-3-4,20,0.00443853,minor,exodus,control_large_ranges
accent_count,4,36,4-2-3-2,19,0.0042166,minor,exodus,control_large_ranges
accent_count,4,37,2-4-3-2,19,0.0042166,minor,exodus,control_large_ranges
accent_count,4,38,4-4-3-3,19,0.0042166,minor,exodus,control_large_ranges
accent_count,4,39,4-2-2-2,18,0.00399467,minor,exodus,control_large_ranges
accent_count,4,40,4-3-3-2,18,0.00399467,minor,exodus,control_large_ranges
accent_count,4,41,3-4-2-2,18,0.00399467,minor,exodus,control_large_ranges
accent_count,4,42,4-3-4-4,18,0.00399467,minor,exodus,control_large_ranges
accent_count,4,43,2-4-2-3,17,0.00377275,minor,exodus,control_large_ranges
accent_count,4,44,2-3-4-2,17,0.00377275,minor,exodus,control_large_ranges
accent_count,4,45,3-3-4-2,17,0.00377275,minor,exodus,control_large_ranges
accent_count,4,46,2-3-4-4,17,0.00377275,minor,exodus,control_large_ranges
accent_count,4,47,3-4-3-2,17,0.00377275,minor,exodus,control_large_ranges
accent_count,4,48,3-1-3-2,17,0.00377275,minor,exodus,control_large_ranges
accent_count,4,49,4-3-1-3,16,0.00355082,minor,exodus,control_large_ranges
accent_count,4,50,4-4-2-3,15,0.00332889,minor,exodus,control_large_ranges
accent_count,5,1,3-3-3-3-3,25,0.00554939,minor,exodus,control_large_ranges
accent_count,5,2,3-3-3-3-2,20,0.00443951,minor,exodus,control_large_ranges
accent_count,5,3,3-3-3-2-3,17,0.00377358,minor,exodus,control_large_ranges
accent_count,5,4,3-2-3-2-3,17,0.00377358,minor,exodus,control_large_ranges
accent_count,5,5,4-3-3-3-3,16,0.00355161,minor,exodus,control_large_ranges
accent_count,5,6,2-3-3-3-3,16,0.00355161,minor,exodus,control_large_ranges
accent_count,5,7,3-2-2-2-2,14,0.00310766,minor,exodus,control_large_ranges
accent_count,5,8,3-3-2-3-2,14,0.00310766,minor,exodus,control_large_ranges
accent_count,5,9,3-2-2-3-2,13,0.00288568,minor,exodus,control_large_ranges
accent_count,5,10,2-2-3-3-2,13,0.00288568,minor,exodus,control_large_ranges
accent_count,5,11,2-3-3-2-3,13,0.00288568,minor,exodus,control_large_ranges
accent_count,5,12,3-2-3-3-3,13,0.00288568,minor,exodus,control_large_ranges
accent_count,5,13,2-4-3-3-3,13,0.00288568,minor,exodus,control_large_ranges
accent_count,5,14,3-2-2-3-4,12,0.00266371,minor,exodus,control_large_ranges
accent_count,5,15,3-3-2-3-4,12,0.00266371,minor,exodus,control_large_ranges
accent_count,5,16,2-3-2-3-3,12,0.00266371,minor,exodus,control_large_ranges
accent_count,5,17,2-3-2-2-3,11,0.00244173,minor,exodus,control_large_ranges
accent_count,5,18,2-2-2-2-4,11,0.00244173,minor,exodus,control_large_ranges
accent_count,5,19,3-3-3-3-4,11,0.00244173,minor,exodus,control_large_ranges
accent_count,5,20,3-2-3-3-2,11,0.00244173,minor,exodus,control_large_ranges
accent_count,5,21,2-3-2-3-2,11,0.00244173,minor,exodus,control_large_ranges
accent_count,5,22,3-3-3-2-2,11,0.00244173,minor,exodus,control_large_ranges
accent_count,5,23,3-3-2-2-3,11,0.00244173,minor,exodus,control_large_ranges
accent_count,5,24,3-3-4-3-3,11,0.00244173,minor,exodus,control_large_ranges
accent_count,5,25,2-2-3-2-2,10,0.00221976,minor,exodus,control_large_ranges
accent_count,5,26,4-2-2-2-3,10,0.00221976,minor,exodus,control_large_ranges
accent_count,5,27,3-4-2-2-3,10,0.00221976,minor,exodus,control_large_ranges
accent_count,5,28,4-2-2-3-3,10,0.00221976,minor,exodus,control_large_ranges
accent_count,5,29,2-3-3-3-2,10,0.00221976,minor,exodus,control_large_ranges
accent_count,5,30,2-3-2-2-2,10,0.00221976,minor,exodus,control_large_ranges
accent_count,5,31,2-2-2-4-3,10,0.00221976,minor,exodus,control_large_ranges
accent_count,5,32,3-3-2-3-3,10,0.00221976,minor,exodus,control_large_ranges
accent_count,5,33,4-3-3-4-3,10,0.00221976,minor,exodus,control_large_ranges
accent_count,5,34,4-3-4-4-3,10,0.00221976,minor,exodus,control_large_ranges
accent_count,5,35,3-3-2-4-3,9,0.00199778,minor,exodus,control_large_ranges
accent_count,5,36,2-3-3-5-3,9,0.00199778,minor,exodus,control_large_ranges
accent_count,5,37,3-3-3-4-3,9,0.00199778,minor,exodus,control_large_ranges
accent_count,5,38,4-3-2-3-3,9,0.00199778,minor,exodus,control_large_ranges
accent_count,5,39,3-3-2-4-2,9,0.00199778,minor,exodus,control_large_ranges
accent_count,5,40,3-4-3-3-2,9,0.00199778,minor,exodus,control_large_ranges
accent_count,5,41,3-2-2-4-3,9,0.00199778,minor,exodus,control_large_ranges
accent_count,5,42,2-4-3-2-3,9,0.00199778,minor,exodus,control_large_ranges
accent_count,5,43,3-2-2-3-3,9,0.00199778,minor,exodus,control_large_ranges
accent_count,5,44,4-3-2-3-2,9,0.00199778,minor,exodus,control_large_ranges
accent_count,5,45,3-3-3-2-4,9,0.00199778,minor,exodus,control_large_ranges
accent_count,5,46,2-3-2-3-4,9,0.00199778,minor,exodus,control_large_ranges
accent_count,5,47,2-3-3-2-2,9,0.00199778,minor,exodus,control_large_ranges
accent_count,5,48,2-2-4-3-3,8,0.0017758,minor,exodus,control_large_ranges
accent_count,5,49,3-3-4-2-2,8,0.0017758,minor,exodus,control_large_ranges
accent_count,5,50,2-2-3-3-3,8,0.0017758,minor,exodus,control_large_ranges
accent_count,6,1,3-3-3-3-3-3,11,0.00244227,minor,exodus,control_large_ranges
accent_count,6,2,4-3-3-4-3-3,9,0.00199822,minor,exodus,control_large_ranges
accent_count,6,3,2-3-3-3-3-2,9,0.00199822,minor,exodus,control_large_ranges
accent_count,6,4,3-3-2-3-2-3,8,0.0017762,minor,exodus,control_large_ranges
accent_count,6,5,3-2-2-2-2-4,8,0.0017762,minor,exodus,control_large_ranges
accent_count,6,6,3-2-3-3-3-3,7,0.00155417,minor,exodus,control_large_ranges
accent_count,6,7,3-3-3-3-2-3,7,0.00155417,minor,exodus,control_large_ranges
accent_count,6,8,3-3-3-2-2-3,7,0.00155417,minor,exodus,control_large_ranges
accent_count,6,9,3-2-3-2-3-4,7,0.00155417,minor,exodus,control_large_ranges
accent_count,6,10,2-2-3-2-2-3,6,0.00133215,minor,exodus,control_large_ranges
accent_count,6,11,3-4-3-3-2-2,6,0.00133215,minor,exodus,control_large_ranges
accent_count,6,12,2-3-3-2-3-2,6,0.00133215,minor,exodus,control_large_ranges
accent_count,6,13,2-3-2-3-2-3,6,0.00133215,minor,exodus,control_large_ranges
accent_count,6,14,4-3-3-3-3-3,6,0.00133215,minor,exodus,control_large_ranges
accent_count,6,15,2-4-3-3-3-3,6,0.00133215,minor,exodus,control_large_ranges
accent_count,6,16,2-3-2-2-3-4,5,0.00111012,minor,exodus,control_large_ranges
accent_count,6,17,3-4-2-2-3-3,5,0.00111012,minor,exodus,control_large_ranges
accent_count,6,18,3-3-4-2-2-3,5,0.00111012,minor,exodus,control_large_ranges
accent_count,6,19,3-3-3-4-3-4,5,0.00111012,minor,exodus,control_large_ranges
accent_count,6,20,4-3-2-3-3-3,5,0.00111012,minor,exodus,control_large_ranges
accent_count,6,21,3-2-3-2-3-2,5,0.00111012,minor,exodus,control_large_ranges
accent_count,6,22,2-3-2-4-3-4,5,0.00111012,minor,exodus,control_large_ranges
accent_count,6,23,3-3-3-2-3-4,5,0.00111012,minor,exodus,control_large_ranges
accent_count,6,24,2-3-3-3-2-3,5,0.00111012,minor,exodus,control_large_ranges
accent_count,6,25,3-2-4-3-3-3,5,0.00111012,minor,exodus,control_large_ranges
accent_count,6,26,2-2-3-3-2-3,5,0.00111012,minor,exodus,control_large_ranges
accent_count,6,27,3-3-2-2-3-3,5,0.00111012,minor,exodus,control_large_ranges
accent_count,6,28,3-2-2-3-3-3,5,0.00111012,minor,exodus,control_large_ranges
accent_count,6,29,3-3-3-3-3-2,5,0.00111012,minor,exodus,control_large_ranges
accent_count,6,30,3-4-3-3-3-3,5,0.00111012,minor,exodus,control_large_ranges
accent_count,6,31,3-3-3-3-2-4,5,0.00111012,minor,exodus,control_large_ranges
accent_count,6,32,3-3-3-2-4-3,5,0.00111012,minor,exodus,control_large_ranges
accent_count,6,33,4-3-4-4-3-3,5,0.00111012,minor,exodus,control_large_ranges
accent_count,6,34,4-2-2-2-3-4,5,0.00111012,minor,exodus,control_large_ranges
accent_count,6,35,3-2-4-2-2-2,5,0.00111012,minor,exodus,control_large_ranges
accent_count,6,36,4-4-3-4-4-3,5,0.00111012,minor,exodus,control_large_ranges
accent_count,6,37,2-2-3-3-2-2,5,0.00111012,minor,exodus,control_large_ranges
accent_count,6,38,2-2-4-3-3-3,5,0.00111012,minor,exodus,control_large_ranges
accent_count,6,39,2-2-2-2-4-3,5,0.00111012,minor,exodus,control_large_ranges
accent_count,6,40,2-4-3-2-3-2,5,0.00111012,minor,exodus,control_large_ranges
accent_count,6,41,1-3-2-2-3-2,4,0.0008881,minor,exodus,control_large_ranges
accent_count,6,42,4-2-2-2-3-3,4,0.0008881,minor,exodus,control_large_ranges
accent_count,6,43,4-3-2-2-2-2,4,0.0008881,minor,exodus,control_large_ranges
accent_count,6,44,3-4-4-2-3-4,4,0.0008881,minor,exodus,control_large_ranges
accent_count,6,45,3-3-3-3-4-3,4,0.0008881,minor,exodus,control_large_ranges
accent_count,6,46,3-3-2-3-4-4,4,0.0008881,minor,exodus,control_large_ranges
accent_count,6,47,3-2-2-2-4-3,4,0.0008881,minor,exodus,control_large_ranges
accent_count,6,48,2-3-3-2-3-3,4,0.0008881,minor,exodus,control_large_ranges
accent_count,6,49,3-3-2-2-4-3,4,0.0008881,minor,exodus,control_large_ranges
accent_count,6,50,4-4-3-3-2-4,4,0.0008881,minor,exodus,control_large_ranges
