measure,ngram_n,rank,pattern,count,share,level,book,run_label
word_count,2,1,13-14,12,0.01259182,verse,deuteronomy,control_top200
word_count,2,2,15-12,10,0.01049318,verse,deuteronomy,control_top200
word_count,2,3,17-12,9,0.00944386,verse,deuteronomy,control_top200
word_count,2,4,11-11,8,0.00839454,verse,deuteronomy,control_top200
word_count,2,5,10-9,8,0.00839454,verse,deuteronomy,control_top200
word_count,2,6,12-14,8,0.00839454,verse,deuteronomy,control_top200
word_count,2,7,16-8,7,0.00734523,verse,deuteronomy,control_top200
word_count,2,8,11-12,7,0.00734523,verse,deuteronomy,control_top200
word_count,2,9,16-11,6,0.00629591,verse,deuteronomy,control_top200
word_count,2,10,7-16,6,0.00629591,verse,deuteronomy,control_top200
word_count,2,11,20-11,6,0.00629591,verse,deuteronomy,control_top200
word_count,2,12,18-14,6,0.00629591,verse,deuteronomy,control_top200
word_count,2,13,13-17,6,0.00629591,verse,deuteronomy,control_top200
word_count,2,14,16-13,6,0.00629591,verse,deuteronomy,control_top200
word_count,2,15,10-17,6,0.00629591,verse,deuteronomy,control_top200
word_count,2,16,14-11,6,0.00629591,verse,deuteronomy,control_top200
word_count,2,17,17-8,5,0.00524659,verse,deuteronomy,control_top200
word_count,2,18,8-14,5,0.00524659,verse,deuteronomy,control_top200
word_count,2,19,15-19,5,0.00524659,verse,deuteronomy,control_top200
word_count,2,20,19-11,5,0.00524659,verse,deuteronomy,control_top200
word_count,2,21,11-22,5,0.00524659,verse,deuteronomy,control_top200
word_count,2,22,11-17,5,0.00524659,verse,deuteronomy,control_top200
word_count,2,23,8-10,5,0.00524659,verse,deuteronomy,control_top200
word_count,2,24,13-13,5,0.00524659,verse,deuteronomy,control_top200
word_count,2,25,14-15,5,0.00524659,verse,deuteronomy,control_top200
word_count,2,26,17-15,5,0.00524659,verse,deuteronomy,control_top200
word_count,2,27,12-12,5,0.00524659,verse,deuteronomy,control_top200
word_count,2,28,16-20,5,0.00524659,verse,deuteronomy,control_top200
word_count,2,29,12-10,5,0.00524659,verse,deuteronomy,control_top200
word_count,2,30,18-12,5,0.00524659,verse,deuteronomy,control_top200
word_count,2,31,14-13,5,0.00524659,verse,deuteronomy,control_top200
word_count,2,32,12-19,5,0.00524659,verse,deuteronomy,control_top200
word_count,2,33,7-12,5,0.00524659,verse,deuteronomy,control_top200
word_count,2,34,15-13,5,0.00524659,verse,deuteronomy,control_top200
word_count,2,35,12-7,5,0.00524659,verse,deuteronomy,control_top200
word_count,2,36,19-17,4,0.00419727,verse,deuteronomy,control_top200
word_count,2,37,20-10,4,0.00419727,verse,deuteronomy,control_top200
word_count,2,38,9-13,4,0.00419727,verse,deuteronomy,control_top200
word_count,2,39,11-9,4,0.00419727,verse,deuteronomy,control_top200
word_count,2,40,9-17,4,0.00419727,verse,deuteronomy,control_top200
word_count,2,41,7-13,4,0.00419727,verse,deuteronomy,control_top200
word_count,2,42,13-21,4,0.00419727,verse,deuteronomy,control_top200
word_count,2,43,6-16,4,0.00419727,verse,deuteronomy,control_top200
word_count,2,44,9-16,4,0.00419727,verse,deuteronomy,control_top200
word_count,2,45,22-17,4,0.00419727,verse,deuteronomy,control_top200
word_count,2,46,22-13,4,0.00419727,verse,deuteronomy,control_top200
word_count,2,47,10-16,4,0.00419727,verse,deuteronomy,control_top200
word_count,2,48,14-25,4,0.00419727,verse,deuteronomy,control_top200
word_count,2,49,21-13,4,0.00419727,verse,deuteronomy,control_top200
word_count,2,50,22-14,4,0.00419727,verse,deuteronomy,control_top200
word_count,2,51,12-11,4,0.00419727,verse,deuteronomy,control_top200
word_count,2,52,18-27,4,0.00419727,verse,deuteronomy,control_top200
word_count,2,53,12-20,4,0.00419727,verse,deuteronomy,control_top200
word_count,2,54,17-23,4,0.00419727,verse,deuteronomy,control_top200
word_count,2,55,11-14,4,0.00419727,verse,deuteronomy,control_top200
word_count,2,56,14-20,4,0.00419727,verse,deuteronomy,control_top200
word_count,2,57,20-22,4,0.00419727,verse,deuteronomy,control_top200
word_count,2,58,21-10,4,0.00419727,verse,deuteronomy,control_top200
word_count,2,59,10-13,4,0.00419727,verse,deuteronomy,control_top200
word_count,2,60,10-18,4,0.00419727,verse,deuteronomy,control_top200
word_count,2,61,18-9,4,0.00419727,verse,deuteronomy,control_top200
word_count,2,62,9-15,4,0.00419727,verse,deuteronomy,control_top200
word_count,2,63,19-10,4,0.00419727,verse,deuteronomy,control_top200
word_count,2,64,13-16,4,0.00419727,verse,deuteronomy,control_top200
word_count,2,65,6-12,4,0.00419727,verse,deuteronomy,control_top200
word_count,2,66,12-13,4,0.00419727,verse,deuteronomy,control_top200
word_count,2,67,14-10,4,0.00419727,verse,deuteronomy,control_top200
word_count,2,68,14-19,4,0.00419727,verse,deuteronomy,control_top200
word_count,2,69,8-11,4,0.00419727,verse,deuteronomy,control_top200
word_count,2,70,8-8,4,0.00419727,verse,deuteronomy,control_top200
word_count,2,71,15-11,4,0.00419727,verse,deuteronomy,control_top200
word_count,2,72,10-19,3,0.00314795,verse,deuteronomy,control_top200
word_count,2,73,17-11,3,0.00314795,verse,deuteronomy,control_top200
word_count,2,74,11-23,3,0.00314795,verse,deuteronomy,control_top200
word_count,2,75,23-20,3,0.00314795,verse,deuteronomy,control_top200
word_count,2,76,13-6,3,0.00314795,verse,deuteronomy,control_top200
word_count,2,77,21-17,3,0.00314795,verse,deuteronomy,control_top200
word_count,2,78,17-22,3,0.00314795,verse,deuteronomy,control_top200
word_count,2,79,19-24,3,0.00314795,verse,deuteronomy,control_top200
word_count,2,80,14-21,3,0.00314795,verse,deuteronomy,control_top200
word_count,2,81,8-15,3,0.00314795,verse,deuteronomy,control_top200
word_count,2,82,21-16,3,0.00314795,verse,deuteronomy,control_top200
word_count,2,83,11-16,3,0.00314795,verse,deuteronomy,control_top200
word_count,2,84,11-7,3,0.00314795,verse,deuteronomy,control_top200
word_count,2,85,9-20,3,0.00314795,verse,deuteronomy,control_top200
word_count,2,86,13-11,3,0.00314795,verse,deuteronomy,control_top200
word_count,2,87,17-13,3,0.00314795,verse,deuteronomy,control_top200
word_count,2,88,13-22,3,0.00314795,verse,deuteronomy,control_top200
word_count,2,89,14-24,3,0.00314795,verse,deuteronomy,control_top200
word_count,2,90,17-18,3,0.00314795,verse,deuteronomy,control_top200
word_count,2,91,20-20,3,0.00314795,verse,deuteronomy,control_top200
word_count,2,92,16-23,3,0.00314795,verse,deuteronomy,control_top200
word_count,2,93,11-28,3,0.00314795,verse,deuteronomy,control_top200
word_count,2,94,20-8,3,0.00314795,verse,deuteronomy,control_top200
word_count,2,95,8-18,3,0.00314795,verse,deuteronomy,control_top200
word_count,2,96,14-8,3,0.00314795,verse,deuteronomy,control_top200
word_count,2,97,9-7,3,0.00314795,verse,deuteronomy,control_top200
word_count,2,98,16-21,3,0.00314795,verse,deuteronomy,control_top200
word_count,2,99,22-15,3,0.00314795,verse,deuteronomy,control_top200
word_count,2,100,24-15,3,0.00314795,verse,deuteronomy,control_top200
word_count,2,101,23-19,3,0.00314795,verse,deuteronomy,control_top200
word_count,2,102,17-17,3,0.00314795,verse,deuteronomy,control_top200
word_count,2,103,10-8,3,0.00314795,verse,deuteronomy,control_top200
word_count,2,104,21-19,3,0.00314795,verse,deuteronomy,control_top200
word_count,2,105,19-12,3,0.00314795,verse,deuteronomy,control_top200
word_count,2,106,12-8,3,0.00314795,verse,deuteronomy,control_top200
word_count,2,107,11-13,3,0.00314795,verse,deuteronomy,control_top200
word_count,2,108,13-18,3,0.00314795,verse,deuteronomy,control_top200
word_count,2,109,18-15,3,0.00314795,verse,deuteronomy,control_top200
word_count,2,110,14-14,3,0.00314795,verse,deuteronomy,control_top200
word_count,2,111,14-22,3,0.00314795,verse,deuteronomy,control_top200
word_count,2,112,19-15,3,0.00314795,verse,deuteronomy,control_top200
word_count,2,113,12-9,3,0.00314795,verse,deuteronomy,control_top200
word_count,2,114,13-10,3,0.00314795,verse,deuteronomy,control_top200
word_count,2,115,22-22,3,0.00314795,verse,deuteronomy,control_top200
word_count,2,116,28-18,3,0.00314795,verse,deuteronomy,control_top200
word_count,2,117,25-9,3,0.00314795,verse,deuteronomy,control_top200
word_count,2,118,9-18,3,0.00314795,verse,deuteronomy,control_top200
word_count,2,119,20-15,3,0.00314795,verse,deuteronomy,control_top200
word_count,2,120,23-13,3,0.00314795,verse,deuteronomy,control_top200
word_count,2,121,6-11,3,0.00314795,verse,deuteronomy,control_top200
word_count,2,122,22-12,3,0.00314795,verse,deuteronomy,control_top200
word_count,2,123,13-23,3,0.00314795,verse,deuteronomy,control_top200
word_count,2,124,23-23,3,0.00314795,verse,deuteronomy,control_top200
word_count,2,125,10-22,3,0.00314795,verse,deuteronomy,control_top200
word_count,2,126,14-6,3,0.00314795,verse,deuteronomy,control_top200
word_count,2,127,22-16,3,0.00314795,verse,deuteronomy,control_top200
word_count,2,128,16-12,3,0.00314795,verse,deuteronomy,control_top200
word_count,2,129,12-17,3,0.00314795,verse,deuteronomy,control_top200
word_count,2,130,13-26,3,0.00314795,verse,deuteronomy,control_top200
word_count,2,131,18-20,3,0.00314795,verse,deuteronomy,control_top200
word_count,2,132,12-18,3,0.00314795,verse,deuteronomy,control_top200
word_count,2,133,16-16,3,0.00314795,verse,deuteronomy,control_top200
word_count,2,134,10-11,3,0.00314795,verse,deuteronomy,control_top200
word_count,2,135,10-10,3,0.00314795,verse,deuteronomy,control_top200
word_count,2,136,11-18,3,0.00314795,verse,deuteronomy,control_top200
word_count,2,137,18-10,3,0.00314795,verse,deuteronomy,control_top200
word_count,2,138,19-19,3,0.00314795,verse,deuteronomy,control_top200
word_count,2,139,6-6,3,0.00314795,verse,deuteronomy,control_top200
word_count,2,140,22-10,2,0.00209864,verse,deuteronomy,control_top200
word_count,2,141,8-21,2,0.00209864,verse,deuteronomy,control_top200
word_count,2,142,22-9,2,0.00209864,verse,deuteronomy,control_top200
word_count,2,143,9-23,2,0.00209864,verse,deuteronomy,control_top200
word_count,2,144,11-19,2,0.00209864,verse,deuteronomy,control_top200
word_count,2,145,24-11,2,0.00209864,verse,deuteronomy,control_top200
word_count,2,146,4-9,2,0.00209864,verse,deuteronomy,control_top200
word_count,2,147,16-19,2,0.00209864,verse,deuteronomy,control_top200
word_count,2,148,17-24,2,0.00209864,verse,deuteronomy,control_top200
word_count,2,149,26-10,2,0.00209864,verse,deuteronomy,control_top200
word_count,2,150,4-8,2,0.00209864,verse,deuteronomy,control_top200
word_count,2,151,8-22,2,0.00209864,verse,deuteronomy,control_top200
word_count,2,152,11-21,2,0.00209864,verse,deuteronomy,control_top200
word_count,2,153,21-18,2,0.00209864,verse,deuteronomy,control_top200
word_count,2,154,18-11,2,0.00209864,verse,deuteronomy,control_top200
word_count,2,155,9-12,2,0.00209864,verse,deuteronomy,control_top200
word_count,2,156,23-18,2,0.00209864,verse,deuteronomy,control_top200
word_count,2,157,25-18,2,0.00209864,verse,deuteronomy,control_top200
word_count,2,158,18-19,2,0.00209864,verse,deuteronomy,control_top200
word_count,2,159,19-23,2,0.00209864,verse,deuteronomy,control_top200
word_count,2,160,8-6,2,0.00209864,verse,deuteronomy,control_top200
word_count,2,161,13-19,2,0.00209864,verse,deuteronomy,control_top200
word_count,2,162,18-5,2,0.00209864,verse,deuteronomy,control_top200
word_count,2,163,20-7,2,0.00209864,verse,deuteronomy,control_top200
word_count,2,164,18-22,2,0.00209864,verse,deuteronomy,control_top200
word_count,2,165,14-16,2,0.00209864,verse,deuteronomy,control_top200
word_count,2,166,15-17,2,0.00209864,verse,deuteronomy,control_top200
word_count,2,167,14-17,2,0.00209864,verse,deuteronomy,control_top200
word_count,2,168,27-10,2,0.00209864,verse,deuteronomy,control_top200
word_count,2,169,26-9,2,0.00209864,verse,deuteronomy,control_top200
word_count,2,170,8-12,2,0.00209864,verse,deuteronomy,control_top200
word_count,2,171,8-20,2,0.00209864,verse,deuteronomy,control_top200
word_count,2,172,20-9,2,0.00209864,verse,deuteronomy,control_top200
word_count,2,173,15-26,2,0.00209864,verse,deuteronomy,control_top200
word_count,2,174,23-22,2,0.00209864,verse,deuteronomy,control_top200
word_count,2,175,2-2,2,0.00209864,verse,deuteronomy,control_top200
word_count,2,176,5-16,2,0.00209864,verse,deuteronomy,control_top200
word_count,2,177,6-20,2,0.00209864,verse,deuteronomy,control_top200
word_count,2,178,6-10,2,0.00209864,verse,deuteronomy,control_top200
word_count,2,179,9-10,2,0.00209864,verse,deuteronomy,control_top200
word_count,2,180,8-5,2,0.00209864,verse,deuteronomy,control_top200
word_count,2,181,5-21,2,0.00209864,verse,deuteronomy,control_top200
word_count,2,182,27-14,2,0.00209864,verse,deuteronomy,control_top200
word_count,2,183,20-14,2,0.00209864,verse,deuteronomy,control_top200
word_count,2,184,17-21,2,0.00209864,verse,deuteronomy,control_top200
word_count,2,185,19-22,2,0.00209864,verse,deuteronomy,control_top200
word_count,2,186,22-28,2,0.00209864,verse,deuteronomy,control_top200
word_count,2,187,10-12,2,0.00209864,verse,deuteronomy,control_top200
word_count,2,188,15-10,2,0.00209864,verse,deuteronomy,control_top200
word_count,2,189,12-16,2,0.00209864,verse,deuteronomy,control_top200
word_count,2,190,7-11,2,0.00209864,verse,deuteronomy,control_top200
word_count,2,191,15-22,2,0.00209864,verse,deuteronomy,control_top200
word_count,2,192,24-17,2,0.00209864,verse,deuteronomy,control_top200
word_count,2,193,8-24,2,0.00209864,verse,deuteronomy,control_top200
word_count,2,194,16-18,2,0.00209864,verse,deuteronomy,control_top200
word_count,2,195,15-20,2,0.00209864,verse,deuteronomy,control_top200
word_count,2,196,15-16,2,0.00209864,verse,deuteronomy,control_top200
word_count,2,197,16-9,2,0.00209864,verse,deuteronomy,control_top200
word_count,2,198,9-21,2,0.00209864,verse,deuteronomy,control_top200
word_count,2,199,17-19,2,0.00209864,verse,deuteronomy,control_top200
word_count,2,200,10-14,2,0.00209864,verse,deuteronomy,control_top200
word_count,3,1,17-8-14,3,0.00315126,verse,deuteronomy,control_top200
word_count,3,2,13-14-13,3,0.00315126,verse,deuteronomy,control_top200
word_count,3,3,14-15-12,3,0.00315126,verse,deuteronomy,control_top200
word_count,3,4,15-12-14,3,0.00315126,verse,deuteronomy,control_top200
word_count,3,5,20-10-9,2,0.00210084,verse,deuteronomy,control_top200
word_count,3,6,10-9-13,2,0.00210084,verse,deuteronomy,control_top200
word_count,3,7,6-16-8,2,0.00210084,verse,deuteronomy,control_top200
word_count,3,8,11-7-16,2,0.00210084,verse,deuteronomy,control_top200
word_count,3,9,11-22-17,2,0.00210084,verse,deuteronomy,control_top200
word_count,3,10,9-20-11,2,0.00210084,verse,deuteronomy,control_top200
word_count,3,11,16-8-10,2,0.00210084,verse,deuteronomy,control_top200
word_count,3,12,23-18-14,2,0.00210084,verse,deuteronomy,control_top200
word_count,3,13,14-25-18,2,0.00210084,verse,deuteronomy,control_top200
word_count,3,14,15-12-12,2,0.00210084,verse,deuteronomy,control_top200
word_count,3,15,12-12-11,2,0.00210084,verse,deuteronomy,control_top200
word_count,3,16,20-8-18,2,0.00210084,verse,deuteronomy,control_top200
word_count,3,17,8-18-27,2,0.00210084,verse,deuteronomy,control_top200
word_count,3,18,12-14-17,2,0.00210084,verse,deuteronomy,control_top200
word_count,3,19,9-7-16,2,0.00210084,verse,deuteronomy,control_top200
word_count,3,20,8-10-17,2,0.00210084,verse,deuteronomy,control_top200
word_count,3,21,14-11-11,2,0.00210084,verse,deuteronomy,control_top200
word_count,3,22,14-14-20,2,0.00210084,verse,deuteronomy,control_top200
word_count,3,23,17-21-10,2,0.00210084,verse,deuteronomy,control_top200
word_count,3,24,18-9-15,2,0.00210084,verse,deuteronomy,control_top200
word_count,3,25,11-23-13,2,0.00210084,verse,deuteronomy,control_top200
word_count,3,26,13-21-9,2,0.00210084,verse,deuteronomy,control_top200
word_count,3,27,22-13-16,2,0.00210084,verse,deuteronomy,control_top200
word_count,3,28,13-23-23,2,0.00210084,verse,deuteronomy,control_top200
word_count,3,29,18-14-15,2,0.00210084,verse,deuteronomy,control_top200
word_count,3,30,13-14-6,2,0.00210084,verse,deuteronomy,control_top200
word_count,3,31,14-6-12,2,0.00210084,verse,deuteronomy,control_top200
word_count,3,32,12-14-11,2,0.00210084,verse,deuteronomy,control_top200
word_count,3,33,13-22-11,2,0.00210084,verse,deuteronomy,control_top200
word_count,3,34,12-18-9,2,0.00210084,verse,deuteronomy,control_top200
word_count,3,35,6-15-13,2,0.00210084,verse,deuteronomy,control_top200
word_count,3,36,20-11-22,2,0.00210084,verse,deuteronomy,control_top200
word_count,3,37,12-10-17,2,0.00210084,verse,deuteronomy,control_top200
word_count,3,38,10-9-11,2,0.00210084,verse,deuteronomy,control_top200
word_count,3,39,14-13-14,2,0.00210084,verse,deuteronomy,control_top200
word_count,3,40,16-10-11,2,0.00210084,verse,deuteronomy,control_top200
word_count,3,41,17-8-11,2,0.00210084,verse,deuteronomy,control_top200
word_count,3,42,12-12-13,2,0.00210084,verse,deuteronomy,control_top200
word_count,3,43,11-12-7,2,0.00210084,verse,deuteronomy,control_top200
word_count,3,44,8-11-14,2,0.00210084,verse,deuteronomy,control_top200
word_count,3,45,13-14-10,2,0.00210084,verse,deuteronomy,control_top200
word_count,3,46,17-15-11,2,0.00210084,verse,deuteronomy,control_top200
word_count,3,47,12-7-12,2,0.00210084,verse,deuteronomy,control_top200
word_count,3,48,22-10-19,1,0.00105042,verse,deuteronomy,control_top200
word_count,3,49,10-19-17,1,0.00105042,verse,deuteronomy,control_top200
word_count,3,50,19-17-11,1,0.00105042,verse,deuteronomy,control_top200
word_count,3,51,17-11-11,1,0.00105042,verse,deuteronomy,control_top200
word_count,3,52,11-11-23,1,0.00105042,verse,deuteronomy,control_top200
word_count,3,53,11-23-20,1,0.00105042,verse,deuteronomy,control_top200
word_count,3,54,23-20-10,1,0.00105042,verse,deuteronomy,control_top200
word_count,3,55,9-13-6,1,0.00105042,verse,deuteronomy,control_top200
word_count,3,56,13-6-9,1,0.00105042,verse,deuteronomy,control_top200
word_count,3,57,6-9-8,1,0.00105042,verse,deuteronomy,control_top200
word_count,3,58,9-8-21,1,0.00105042,verse,deuteronomy,control_top200
word_count,3,59,8-21-17,1,0.00105042,verse,deuteronomy,control_top200
word_count,3,60,21-17-22,1,0.00105042,verse,deuteronomy,control_top200
word_count,3,61,17-22-9,1,0.00105042,verse,deuteronomy,control_top200
word_count,3,62,22-9-23,1,0.00105042,verse,deuteronomy,control_top200
word_count,3,63,9-23-11,1,0.00105042,verse,deuteronomy,control_top200
word_count,3,64,23-11-19,1,0.00105042,verse,deuteronomy,control_top200
word_count,3,65,11-19-24,1,0.00105042,verse,deuteronomy,control_top200
word_count,3,66,19-24-11,1,0.00105042,verse,deuteronomy,control_top200
word_count,3,67,24-11-9,1,0.00105042,verse,deuteronomy,control_top200
word_count,3,68,11-9-17,1,0.00105042,verse,deuteronomy,control_top200
word_count,3,69,9-17-8,1,0.00105042,verse,deuteronomy,control_top200
word_count,3,70,8-14-21,1,0.00105042,verse,deuteronomy,control_top200
word_count,3,71,14-21-7,1,0.00105042,verse,deuteronomy,control_top200
word_count,3,72,21-7-13,1,0.00105042,verse,deuteronomy,control_top200
word_count,3,73,7-13-21,1,0.00105042,verse,deuteronomy,control_top200
word_count,3,74,13-21-6,1,0.00105042,verse,deuteronomy,control_top200
word_count,3,75,21-6-16,1,0.00105042,verse,deuteronomy,control_top200
word_count,3,76,16-8-15,1,0.00105042,verse,deuteronomy,control_top200
word_count,3,77,8-15-19,1,0.00105042,verse,deuteronomy,control_top200
word_count,3,78,15-19-11,1,0.00105042,verse,deuteronomy,control_top200
word_count,3,79,19-11-15,1,0.00105042,verse,deuteronomy,control_top200
word_count,3,80,11-15-19,1,0.00105042,verse,deuteronomy,control_top200
word_count,3,81,15-19-8,1,0.00105042,verse,deuteronomy,control_top200
word_count,3,82,19-8-21,1,0.00105042,verse,deuteronomy,control_top200
word_count,3,83,8-21-16,1,0.00105042,verse,deuteronomy,control_top200
word_count,3,84,21-16-11,1,0.00105042,verse,deuteronomy,control_top200
word_count,3,85,16-11-16,1,0.00105042,verse,deuteronomy,control_top200
word_count,3,86,11-16-11,1,0.00105042,verse,deuteronomy,control_top200
word_count,3,87,16-11-7,1,0.00105042,verse,deuteronomy,control_top200
word_count,3,88,7-16-4,1,0.00105042,verse,deuteronomy,control_top200
word_count,3,89,16-4-9,1,0.00105042,verse,deuteronomy,control_top200
word_count,3,90,4-9-16,1,0.00105042,verse,deuteronomy,control_top200
word_count,3,91,9-16-19,1,0.00105042,verse,deuteronomy,control_top200
word_count,3,92,16-19-11,1,0.00105042,verse,deuteronomy,control_top200
word_count,3,93,19-11-22,1,0.00105042,verse,deuteronomy,control_top200
word_count,3,94,22-17-24,1,0.00105042,verse,deuteronomy,control_top200
word_count,3,95,17-24-9,1,0.00105042,verse,deuteronomy,control_top200
word_count,3,96,24-9-9,1,0.00105042,verse,deuteronomy,control_top200
word_count,3,97,9-9-20,1,0.00105042,verse,deuteronomy,control_top200
word_count,3,98,20-11-26,1,0.00105042,verse,deuteronomy,control_top200
word_count,3,99,11-26-10,1,0.00105042,verse,deuteronomy,control_top200
word_count,3,100,26-10-9,1,0.00105042,verse,deuteronomy,control_top200
word_count,3,101,10-9-4,1,0.00105042,verse,deuteronomy,control_top200
word_count,3,102,9-4-8,1,0.00105042,verse,deuteronomy,control_top200
word_count,3,103,4-8-22,1,0.00105042,verse,deuteronomy,control_top200
word_count,3,104,8-22-13,1,0.00105042,verse,deuteronomy,control_top200
word_count,3,105,22-13-11,1,0.00105042,verse,deuteronomy,control_top200
word_count,3,106,13-11-17,1,0.00105042,verse,deuteronomy,control_top200
word_count,3,107,11-17-11,1,0.00105042,verse,deuteronomy,control_top200
word_count,3,108,17-11-21,1,0.00105042,verse,deuteronomy,control_top200
word_count,3,109,11-21-18,1,0.00105042,verse,deuteronomy,control_top200
word_count,3,110,21-18-11,1,0.00105042,verse,deuteronomy,control_top200
word_count,3,111,18-11-9,1,0.00105042,verse,deuteronomy,control_top200
word_count,3,112,11-9-12,1,0.00105042,verse,deuteronomy,control_top200
word_count,3,113,9-12-22,1,0.00105042,verse,deuteronomy,control_top200
word_count,3,114,12-22-21,1,0.00105042,verse,deuteronomy,control_top200
word_count,3,115,22-21-16,1,0.00105042,verse,deuteronomy,control_top200
word_count,3,116,21-16-8,1,0.00105042,verse,deuteronomy,control_top200
word_count,3,117,8-10-16,1,0.00105042,verse,deuteronomy,control_top200
word_count,3,118,10-16-8,1,0.00105042,verse,deuteronomy,control_top200
word_count,3,119,16-8-23,1,0.00105042,verse,deuteronomy,control_top200
word_count,3,120,8-23-18,1,0.00105042,verse,deuteronomy,control_top200
word_count,3,121,18-14-25,1,0.00105042,verse,deuteronomy,control_top200
word_count,3,122,25-18-21,1,0.00105042,verse,deuteronomy,control_top200
word_count,3,123,18-21-13,1,0.00105042,verse,deuteronomy,control_top200
word_count,3,124,21-13-13,1,0.00105042,verse,deuteronomy,control_top200
word_count,3,125,13-13-6,1,0.00105042,verse,deuteronomy,control_top200
word_count,3,126,13-6-17,1,0.00105042,verse,deuteronomy,control_top200
word_count,3,127,6-17-8,1,0.00105042,verse,deuteronomy,control_top200
word_count,3,128,8-14-25,1,0.00105042,verse,deuteronomy,control_top200
word_count,3,129,25-18-19,1,0.00105042,verse,deuteronomy,control_top200
word_count,3,130,18-19-23,1,0.00105042,verse,deuteronomy,control_top200
word_count,3,131,19-23-4,1,0.00105042,verse,deuteronomy,control_top200
word_count,3,132,23-4-17,1,0.00105042,verse,deuteronomy,control_top200
word_count,3,133,4-17-13,1,0.00105042,verse,deuteronomy,control_top200
word_count,3,134,17-13-22,1,0.00105042,verse,deuteronomy,control_top200
word_count,3,135,13-22-14,1,0.00105042,verse,deuteronomy,control_top200
word_count,3,136,22-14-24,1,0.00105042,verse,deuteronomy,control_top200
word_count,3,137,14-24-26,1,0.00105042,verse,deuteronomy,control_top200
word_count,3,138,24-26-8,1,0.00105042,verse,deuteronomy,control_top200
word_count,3,139,26-8-6,1,0.00105042,verse,deuteronomy,control_top200
word_count,3,140,8-6-21,1,0.00105042,verse,deuteronomy,control_top200
word_count,3,141,6-21-13,1,0.00105042,verse,deuteronomy,control_top200
word_count,3,142,21-13-19,1,0.00105042,verse,deuteronomy,control_top200
word_count,3,143,13-19-17,1,0.00105042,verse,deuteronomy,control_top200
word_count,3,144,19-17-18,1,0.00105042,verse,deuteronomy,control_top200
word_count,3,145,17-18-5,1,0.00105042,verse,deuteronomy,control_top200
word_count,3,146,18-5-24,1,0.00105042,verse,deuteronomy,control_top200
word_count,3,147,5-24-20,1,0.00105042,verse,deuteronomy,control_top200
word_count,3,148,24-20-20,1,0.00105042,verse,deuteronomy,control_top200
word_count,3,149,20-20-7,1,0.00105042,verse,deuteronomy,control_top200
word_count,3,150,20-7-18,1,0.00105042,verse,deuteronomy,control_top200
word_count,3,151,7-18-22,1,0.00105042,verse,deuteronomy,control_top200
word_count,3,152,18-22-14,1,0.00105042,verse,deuteronomy,control_top200
word_count,3,153,22-14-16,1,0.00105042,verse,deuteronomy,control_top200
word_count,3,154,14-16-23,1,0.00105042,verse,deuteronomy,control_top200
word_count,3,155,16-23-31,1,0.00105042,verse,deuteronomy,control_top200
word_count,3,156,23-31-13,1,0.00105042,verse,deuteronomy,control_top200
word_count,3,157,31-13-14,1,0.00105042,verse,deuteronomy,control_top200
word_count,3,158,13-14-15,1,0.00105042,verse,deuteronomy,control_top200
word_count,3,159,14-15-17,1,0.00105042,verse,deuteronomy,control_top200
word_count,3,160,15-17-15,1,0.00105042,verse,deuteronomy,control_top200
word_count,3,161,17-15-12,1,0.00105042,verse,deuteronomy,control_top200
word_count,3,162,12-11-28,1,0.00105042,verse,deuteronomy,control_top200
word_count,3,163,11-28-14,1,0.00105042,verse,deuteronomy,control_top200
word_count,3,164,28-14-21,1,0.00105042,verse,deuteronomy,control_top200
word_count,3,165,14-21-16,1,0.00105042,verse,deuteronomy,control_top200
word_count,3,166,21-16-20,1,0.00105042,verse,deuteronomy,control_top200
word_count,3,167,16-20-8,1,0.00105042,verse,deuteronomy,control_top200
word_count,3,168,18-27-13,1,0.00105042,verse,deuteronomy,control_top200
word_count,3,169,27-13-17,1,0.00105042,verse,deuteronomy,control_top200
word_count,3,170,13-17-12,1,0.00105042,verse,deuteronomy,control_top200
word_count,3,171,17-12-14,1,0.00105042,verse,deuteronomy,control_top200
word_count,3,172,14-17-28,1,0.00105042,verse,deuteronomy,control_top200
word_count,3,173,17-28-11,1,0.00105042,verse,deuteronomy,control_top200
word_count,3,174,28-11-27,1,0.00105042,verse,deuteronomy,control_top200
word_count,3,175,11-27-10,1,0.00105042,verse,deuteronomy,control_top200
word_count,3,176,27-10-16,1,0.00105042,verse,deuteronomy,control_top200
word_count,3,177,10-16-13,1,0.00105042,verse,deuteronomy,control_top200
word_count,3,178,16-13-14,1,0.00105042,verse,deuteronomy,control_top200
word_count,3,179,13-14-16,1,0.00105042,verse,deuteronomy,control_top200
word_count,3,180,14-16-26,1,0.00105042,verse,deuteronomy,control_top200
word_count,3,181,16-26-9,1,0.00105042,verse,deuteronomy,control_top200
word_count,3,182,26-9-22,1,0.00105042,verse,deuteronomy,control_top200
word_count,3,183,9-22-14,1,0.00105042,verse,deuteronomy,control_top200
word_count,3,184,22-14-8,1,0.00105042,verse,deuteronomy,control_top200
word_count,3,185,14-8-12,1,0.00105042,verse,deuteronomy,control_top200
word_count,3,186,8-12-20,1,0.00105042,verse,deuteronomy,control_top200
word_count,3,187,12-20-16,1,0.00105042,verse,deuteronomy,control_top200
word_count,3,188,20-16-11,1,0.00105042,verse,deuteronomy,control_top200
word_count,3,189,16-11-11,1,0.00105042,verse,deuteronomy,control_top200
word_count,3,190,11-11-22,1,0.00105042,verse,deuteronomy,control_top200
word_count,3,191,11-22-6,1,0.00105042,verse,deuteronomy,control_top200
word_count,3,192,22-6-16,1,0.00105042,verse,deuteronomy,control_top200
word_count,3,193,16-8-20,1,0.00105042,verse,deuteronomy,control_top200
word_count,3,194,8-20-9,1,0.00105042,verse,deuteronomy,control_top200
word_count,3,195,20-9-7,1,0.00105042,verse,deuteronomy,control_top200
word_count,3,196,7-16-21,1,0.00105042,verse,deuteronomy,control_top200
word_count,3,197,16-21-22,1,0.00105042,verse,deuteronomy,control_top200
word_count,3,198,21-22-15,1,0.00105042,verse,deuteronomy,control_top200
word_count,3,199,22-15-26,1,0.00105042,verse,deuteronomy,control_top200
word_count,3,200,15-26-23,1,0.00105042,verse,deuteronomy,control_top200
word_count,4,1,14-15-12-14,3,0.00315457,verse,deuteronomy,control_top200
word_count,4,2,20-8-18-27,2,0.00210305,verse,deuteronomy,control_top200
word_count,4,3,13-14-13-14,2,0.00210305,verse,deuteronomy,control_top200
word_count,4,4,22-10-19-17,1,0.00105152,verse,deuteronomy,control_top200
word_count,4,5,10-19-17-11,1,0.00105152,verse,deuteronomy,control_top200
word_count,4,6,19-17-11-11,1,0.00105152,verse,deuteronomy,control_top200
word_count,4,7,17-11-11-23,1,0.00105152,verse,deuteronomy,control_top200
word_count,4,8,11-11-23-20,1,0.00105152,verse,deuteronomy,control_top200
word_count,4,9,11-23-20-10,1,0.00105152,verse,deuteronomy,control_top200
word_count,4,10,23-20-10-9,1,0.00105152,verse,deuteronomy,control_top200
word_count,4,11,20-10-9-13,1,0.00105152,verse,deuteronomy,control_top200
word_count,4,12,10-9-13-6,1,0.00105152,verse,deuteronomy,control_top200
word_count,4,13,9-13-6-9,1,0.00105152,verse,deuteronomy,control_top200
word_count,4,14,13-6-9-8,1,0.00105152,verse,deuteronomy,control_top200
word_count,4,15,6-9-8-21,1,0.00105152,verse,deuteronomy,control_top200
word_count,4,16,9-8-21-17,1,0.00105152,verse,deuteronomy,control_top200
word_count,4,17,8-21-17-22,1,0.00105152,verse,deuteronomy,control_top200
word_count,4,18,21-17-22-9,1,0.00105152,verse,deuteronomy,control_top200
word_count,4,19,17-22-9-23,1,0.00105152,verse,deuteronomy,control_top200
word_count,4,20,22-9-23-11,1,0.00105152,verse,deuteronomy,control_top200
word_count,4,21,9-23-11-19,1,0.00105152,verse,deuteronomy,control_top200
word_count,4,22,23-11-19-24,1,0.00105152,verse,deuteronomy,control_top200
word_count,4,23,11-19-24-11,1,0.00105152,verse,deuteronomy,control_top200
word_count,4,24,19-24-11-9,1,0.00105152,verse,deuteronomy,control_top200
word_count,4,25,24-11-9-17,1,0.00105152,verse,deuteronomy,control_top200
word_count,4,26,11-9-17-8,1,0.00105152,verse,deuteronomy,control_top200
word_count,4,27,9-17-8-14,1,0.00105152,verse,deuteronomy,control_top200
word_count,4,28,17-8-14-21,1,0.00105152,verse,deuteronomy,control_top200
word_count,4,29,8-14-21-7,1,0.00105152,verse,deuteronomy,control_top200
word_count,4,30,14-21-7-13,1,0.00105152,verse,deuteronomy,control_top200
word_count,4,31,21-7-13-21,1,0.00105152,verse,deuteronomy,control_top200
word_count,4,32,7-13-21-6,1,0.00105152,verse,deuteronomy,control_top200
word_count,4,33,13-21-6-16,1,0.00105152,verse,deuteronomy,control_top200
word_count,4,34,21-6-16-8,1,0.00105152,verse,deuteronomy,control_top200
word_count,4,35,6-16-8-15,1,0.00105152,verse,deuteronomy,control_top200
word_count,4,36,16-8-15-19,1,0.00105152,verse,deuteronomy,control_top200
word_count,4,37,8-15-19-11,1,0.00105152,verse,deuteronomy,control_top200
word_count,4,38,15-19-11-15,1,0.00105152,verse,deuteronomy,control_top200
word_count,4,39,19-11-15-19,1,0.00105152,verse,deuteronomy,control_top200
word_count,4,40,11-15-19-8,1,0.00105152,verse,deuteronomy,control_top200
word_count,4,41,15-19-8-21,1,0.00105152,verse,deuteronomy,control_top200
word_count,4,42,19-8-21-16,1,0.00105152,verse,deuteronomy,control_top200
word_count,4,43,8-21-16-11,1,0.00105152,verse,deuteronomy,control_top200
word_count,4,44,21-16-11-16,1,0.00105152,verse,deuteronomy,control_top200
word_count,4,45,16-11-16-11,1,0.00105152,verse,deuteronomy,control_top200
word_count,4,46,11-16-11-7,1,0.00105152,verse,deuteronomy,control_top200
word_count,4,47,16-11-7-16,1,0.00105152,verse,deuteronomy,control_top200
word_count,4,48,11-7-16-4,1,0.00105152,verse,deuteronomy,control_top200
word_count,4,49,7-16-4-9,1,0.00105152,verse,deuteronomy,control_top200
word_count,4,50,16-4-9-16,1,0.00105152,verse,deuteronomy,control_top200
word_count,4,51,4-9-16-19,1,0.00105152,verse,deuteronomy,control_top200
word_count,4,52,9-16-19-11,1,0.00105152,verse,deuteronomy,control_top200
word_count,4,53,16-19-11-22,1,0.00105152,verse,deuteronomy,control_top200
word_count,4,54,19-11-22-17,1,0.00105152,verse,deuteronomy,control_top200
word_count,4,55,11-22-17-24,1,0.00105152,verse,deuteronomy,control_top200
word_count,4,56,22-17-24-9,1,0.00105152,verse,deuteronomy,control_top200
word_count,4,57,17-24-9-9,1,0.00105152,verse,deuteronomy,control_top200
word_count,4,58,24-9-9-20,1,0.00105152,verse,deuteronomy,control_top200
word_count,4,59,9-9-20-11,1,0.00105152,verse,deuteronomy,control_top200
word_count,4,60,9-20-11-26,1,0.00105152,verse,deuteronomy,control_top200
word_count,4,61,20-11-26-10,1,0.00105152,verse,deuteronomy,control_top200
word_count,4,62,11-26-10-9,1,0.00105152,verse,deuteronomy,control_top200
word_count,4,63,26-10-9-4,1,0.00105152,verse,deuteronomy,control_top200
word_count,4,64,10-9-4-8,1,0.00105152,verse,deuteronomy,control_top200
word_count,4,65,9-4-8-22,1,0.00105152,verse,deuteronomy,control_top200
word_count,4,66,4-8-22-13,1,0.00105152,verse,deuteronomy,control_top200
word_count,4,67,8-22-13-11,1,0.00105152,verse,deuteronomy,control_top200
word_count,4,68,22-13-11-17,1,0.00105152,verse,deuteronomy,control_top200
word_count,4,69,13-11-17-11,1,0.00105152,verse,deuteronomy,control_top200
word_count,4,70,11-17-11-21,1,0.00105152,verse,deuteronomy,control_top200
word_count,4,71,17-11-21-18,1,0.00105152,verse,deuteronomy,control_top200
word_count,4,72,11-21-18-11,1,0.00105152,verse,deuteronomy,control_top200
word_count,4,73,21-18-11-9,1,0.00105152,verse,deuteronomy,control_top200
word_count,4,74,18-11-9-12,1,0.00105152,verse,deuteronomy,control_top200
word_count,4,75,11-9-12-22,1,0.00105152,verse,deuteronomy,control_top200
word_count,4,76,9-12-22-21,1,0.00105152,verse,deuteronomy,control_top200
word_count,4,77,12-22-21-16,1,0.00105152,verse,deuteronomy,control_top200
word_count,4,78,22-21-16-8,1,0.00105152,verse,deuteronomy,control_top200
word_count,4,79,21-16-8-10,1,0.00105152,verse,deuteronomy,control_top200
word_count,4,80,16-8-10-16,1,0.00105152,verse,deuteronomy,control_top200
word_count,4,81,8-10-16-8,1,0.00105152,verse,deuteronomy,control_top200
word_count,4,82,10-16-8-23,1,0.00105152,verse,deuteronomy,control_top200
word_count,4,83,16-8-23-18,1,0.00105152,verse,deuteronomy,control_top200
word_count,4,84,8-23-18-14,1,0.00105152,verse,deuteronomy,control_top200
word_count,4,85,23-18-14-25,1,0.00105152,verse,deuteronomy,control_top200
word_count,4,86,18-14-25-18,1,0.00105152,verse,deuteronomy,control_top200
word_count,4,87,14-25-18-21,1,0.00105152,verse,deuteronomy,control_top200
word_count,4,88,25-18-21-13,1,0.00105152,verse,deuteronomy,control_top200
word_count,4,89,18-21-13-13,1,0.00105152,verse,deuteronomy,control_top200
word_count,4,90,21-13-13-6,1,0.00105152,verse,deuteronomy,control_top200
word_count,4,91,13-13-6-17,1,0.00105152,verse,deuteronomy,control_top200
word_count,4,92,13-6-17-8,1,0.00105152,verse,deuteronomy,control_top200
word_count,4,93,6-17-8-14,1,0.00105152,verse,deuteronomy,control_top200
word_count,4,94,17-8-14-25,1,0.00105152,verse,deuteronomy,control_top200
word_count,4,95,8-14-25-18,1,0.00105152,verse,deuteronomy,control_top200
word_count,4,96,14-25-18-19,1,0.00105152,verse,deuteronomy,control_top200
word_count,4,97,25-18-19-23,1,0.00105152,verse,deuteronomy,control_top200
word_count,4,98,18-19-23-4,1,0.00105152,verse,deuteronomy,control_top200
word_count,4,99,19-23-4-17,1,0.00105152,verse,deuteronomy,control_top200
word_count,4,100,23-4-17-13,1,0.00105152,verse,deuteronomy,control_top200
word_count,4,101,4-17-13-22,1,0.00105152,verse,deuteronomy,control_top200
word_count,4,102,17-13-22-14,1,0.00105152,verse,deuteronomy,control_top200
word_count,4,103,13-22-14-24,1,0.00105152,verse,deuteronomy,control_top200
word_count,4,104,22-14-24-26,1,0.00105152,verse,deuteronomy,control_top200
word_count,4,105,14-24-26-8,1,0.00105152,verse,deuteronomy,control_top200
word_count,4,106,24-26-8-6,1,0.00105152,verse,deuteronomy,control_top200
word_count,4,107,26-8-6-21,1,0.00105152,verse,deuteronomy,control_top200
word_count,4,108,8-6-21-13,1,0.00105152,verse,deuteronomy,control_top200
word_count,4,109,6-21-13-19,1,0.00105152,verse,deuteronomy,control_top200
word_count,4,110,21-13-19-17,1,0.00105152,verse,deuteronomy,control_top200
word_count,4,111,13-19-17-18,1,0.00105152,verse,deuteronomy,control_top200
word_count,4,112,19-17-18-5,1,0.00105152,verse,deuteronomy,control_top200
word_count,4,113,17-18-5-24,1,0.00105152,verse,deuteronomy,control_top200
word_count,4,114,18-5-24-20,1,0.00105152,verse,deuteronomy,control_top200
word_count,4,115,5-24-20-20,1,0.00105152,verse,deuteronomy,control_top200
word_count,4,116,24-20-20-7,1,0.00105152,verse,deuteronomy,control_top200
word_count,4,117,20-20-7-18,1,0.00105152,verse,deuteronomy,control_top200
word_count,4,118,20-7-18-22,1,0.00105152,verse,deuteronomy,control_top200
word_count,4,119,7-18-22-14,1,0.00105152,verse,deuteronomy,control_top200
word_count,4,120,18-22-14-16,1,0.00105152,verse,deuteronomy,control_top200
word_count,4,121,22-14-16-23,1,0.00105152,verse,deuteronomy,control_top200
word_count,4,122,14-16-23-31,1,0.00105152,verse,deuteronomy,control_top200
word_count,4,123,16-23-31-13,1,0.00105152,verse,deuteronomy,control_top200
word_count,4,124,23-31-13-14,1,0.00105152,verse,deuteronomy,control_top200
word_count,4,125,31-13-14-15,1,0.00105152,verse,deuteronomy,control_top200
word_count,4,126,13-14-15-17,1,0.00105152,verse,deuteronomy,control_top200
word_count,4,127,14-15-17-15,1,0.00105152,verse,deuteronomy,control_top200
word_count,4,128,15-17-15-12,1,0.00105152,verse,deuteronomy,control_top200
word_count,4,129,17-15-12-12,1,0.00105152,verse,deuteronomy,control_top200
word_count,4,130,15-12-12-11,1,0.00105152,verse,deuteronomy,control_top200
word_count,4,131,12-12-11-28,1,0.00105152,verse,deuteronomy,control_top200
word_count,4,132,12-11-28-14,1,0.00105152,verse,deuteronomy,control_top200
word_count,4,133,11-28-14-21,1,0.00105152,verse,deuteronomy,control_top200
word_count,4,134,28-14-21-16,1,0.00105152,verse,deuteronomy,control_top200
word_count,4,135,14-21-16-20,1,0.00105152,verse,deuteronomy,control_top200
word_count,4,136,21-16-20-8,1,0.00105152,verse,deuteronomy,control_top200
word_count,4,137,16-20-8-18,1,0.00105152,verse,deuteronomy,control_top200
word_count,4,138,8-18-27-13,1,0.00105152,verse,deuteronomy,control_top200
word_count,4,139,18-27-13-17,1,0.00105152,verse,deuteronomy,control_top200
word_count,4,140,27-13-17-12,1,0.00105152,verse,deuteronomy,control_top200
word_count,4,141,13-17-12-14,1,0.00105152,verse,deuteronomy,control_top200
word_count,4,142,17-12-14-17,1,0.00105152,verse,deuteronomy,control_top200
word_count,4,143,12-14-17-28,1,0.00105152,verse,deuteronomy,control_top200
word_count,4,144,14-17-28-11,1,0.00105152,verse,deuteronomy,control_top200
word_count,4,145,17-28-11-27,1,0.00105152,verse,deuteronomy,control_top200
word_count,4,146,28-11-27-10,1,0.00105152,verse,deuteronomy,control_top200
word_count,4,147,11-27-10-16,1,0.00105152,verse,deuteronomy,control_top200
word_count,4,148,27-10-16-13,1,0.00105152,verse,deuteronomy,control_top200
word_count,4,149,10-16-13-14,1,0.00105152,verse,deuteronomy,control_top200
word_count,4,150,16-13-14-16,1,0.00105152,verse,deuteronomy,control_top200
word_count,4,151,13-14-16-26,1,0.00105152,verse,deuteronomy,control_top200
word_count,4,152,14-16-26-9,1,0.00105152,verse,deuteronomy,control_top200
word_count,4,153,16-26-9-22,1,0.00105152,verse,deuteronomy,control_top200
word_count,4,154,26-9-22-14,1,0.00105152,verse,deuteronomy,control_top200
word_count,4,155,9-22-14-8,1,0.00105152,verse,deuteronomy,control_top200
word_count,4,156,22-14-8-12,1,0.00105152,verse,deuteronomy,control_top200
word_count,4,157,14-8-12-20,1,0.00105152,verse,deuteronomy,control_top200
word_count,4,158,8-12-20-16,1,0.00105152,verse,deuteronomy,control_top200
word_count,4,159,12-20-16-11,1,0.00105152,verse,deuteronomy,control_top200
word_count,4,160,20-16-11-11,1,0.00105152,verse,deuteronomy,control_top200
word_count,4,161,16-11-11-22,1,0.00105152,verse,deuteronomy,control_top200
word_count,4,162,11-11-22-6,1,0.00105152,verse,deuteronomy,control_top200
word_count,4,163,11-22-6-16,1,0.00105152,verse,deuteronomy,control_top200
word_count,4,164,22-6-16-8,1,0.00105152,verse,deuteronomy,control_top200
word_count,4,165,6-16-8-20,1,0.00105152,verse,deuteronomy,control_top200
word_count,4,166,16-8-20-9,1,0.00105152,verse,deuteronomy,control_top200
word_count,4,167,8-20-9-7,1,0.00105152,verse,deuteronomy,control_top200
word_count,4,168,20-9-7-16,1,0.00105152,verse,deuteronomy,control_top200
word_count,4,169,9-7-16-21,1,0.00105152,verse,deuteronomy,control_top200
word_count,4,170,7-16-21-22,1,0.00105152,verse,deuteronomy,control_top200
word_count,4,171,16-21-22-15,1,0.00105152,verse,deuteronomy,control_top200
word_count,4,172,21-22-15-26,1,0.00105152,verse,deuteronomy,control_top200
word_count,4,173,22-15-26-23,1,0.00105152,verse,deuteronomy,control_top200
word_count,4,174,15-26-23-22,1,0.00105152,verse,deuteronomy,control_top200
word_count,4,175,26-23-22-2,1,0.00105152,verse,deuteronomy,control_top200
word_count,4,176,23-22-2-2,1,0.00105152,verse,deuteronomy,control_top200
word_count,4,177,22-2-2-2,1,0.00105152,verse,deuteronomy,control_top200
word_count,4,178,2-2-2-5,1,0.00105152,verse,deuteronomy,control_top200
word_count,4,179,2-2-5-16,1,0.00105152,verse,deuteronomy,control_top200
word_count,4,180,2-5-16-24,1,0.00105152,verse,deuteronomy,control_top200
word_count,4,181,5-16-24-15,1,0.00105152,verse,deuteronomy,control_top200
word_count,4,182,16-24-15-23,1,0.00105152,verse,deuteronomy,control_top200
word_count,4,183,24-15-23-18,1,0.00105152,verse,deuteronomy,control_top200
word_count,4,184,15-23-18-14,1,0.00105152,verse,deuteronomy,control_top200
word_count,4,185,23-18-14-21,1,0.00105152,verse,deuteronomy,control_top200
word_count,4,186,18-14-21-23,1,0.00105152,verse,deuteronomy,control_top200
word_count,4,187,14-21-23-19,1,0.00105152,verse,deuteronomy,control_top200
word_count,4,188,21-23-19-6,1,0.00105152,verse,deuteronomy,control_top200
word_count,4,189,23-19-6-20,1,0.00105152,verse,deuteronomy,control_top200
word_count,4,190,19-6-20-11,1,0.00105152,verse,deuteronomy,control_top200
word_count,4,191,6-20-11-17,1,0.00105152,verse,deuteronomy,control_top200
word_count,4,192,20-11-17-17,1,0.00105152,verse,deuteronomy,control_top200
word_count,4,193,11-17-17-23,1,0.00105152,verse,deuteronomy,control_top200
word_count,4,194,17-17-23-20,1,0.00105152,verse,deuteronomy,control_top200
word_count,4,195,17-23-20-6,1,0.00105152,verse,deuteronomy,control_top200
word_count,4,196,23-20-6-10,1,0.00105152,verse,deuteronomy,control_top200
word_count,4,197,20-6-10-9,1,0.00105152,verse,deuteronomy,control_top200
word_count,4,198,6-10-9-10,1,0.00105152,verse,deuteronomy,control_top200
word_count,4,199,10-9-10-8,1,0.00105152,verse,deuteronomy,control_top200
word_count,4,200,9-10-8-5,1,0.00105152,verse,deuteronomy,control_top200
word_count,5,1,22-10-19-17-11,1,0.00105263,verse,deuteronomy,control_top200
word_count,5,2,10-19-17-11-11,1,0.00105263,verse,deuteronomy,control_top200
word_count,5,3,19-17-11-11-23,1,0.00105263,verse,deuteronomy,control_top200
word_count,5,4,17-11-11-23-20,1,0.00105263,verse,deuteronomy,control_top200
word_count,5,5,11-11-23-20-10,1,0.00105263,verse,deuteronomy,control_top200
word_count,5,6,11-23-20-10-9,1,0.00105263,verse,deuteronomy,control_top200
word_count,5,7,23-20-10-9-13,1,0.00105263,verse,deuteronomy,control_top200
word_count,5,8,20-10-9-13-6,1,0.00105263,verse,deuteronomy,control_top200
word_count,5,9,10-9-13-6-9,1,0.00105263,verse,deuteronomy,control_top200
word_count,5,10,9-13-6-9-8,1,0.00105263,verse,deuteronomy,control_top200
word_count,5,11,13-6-9-8-21,1,0.00105263,verse,deuteronomy,control_top200
word_count,5,12,6-9-8-21-17,1,0.00105263,verse,deuteronomy,control_top200
word_count,5,13,9-8-21-17-22,1,0.00105263,verse,deuteronomy,control_top200
word_count,5,14,8-21-17-22-9,1,0.00105263,verse,deuteronomy,control_top200
word_count,5,15,21-17-22-9-23,1,0.00105263,verse,deuteronomy,control_top200
word_count,5,16,17-22-9-23-11,1,0.00105263,verse,deuteronomy,control_top200
word_count,5,17,22-9-23-11-19,1,0.00105263,verse,deuteronomy,control_top200
word_count,5,18,9-23-11-19-24,1,0.00105263,verse,deuteronomy,control_top200
word_count,5,19,23-11-19-24-11,1,0.00105263,verse,deuteronomy,control_top200
word_count,5,20,11-19-24-11-9,1,0.00105263,verse,deuteronomy,control_top200
word_count,5,21,19-24-11-9-17,1,0.00105263,verse,deuteronomy,control_top200
word_count,5,22,24-11-9-17-8,1,0.00105263,verse,deuteronomy,control_top200
word_count,5,23,11-9-17-8-14,1,0.00105263,verse,deuteronomy,control_top200
word_count,5,24,9-17-8-14-21,1,0.00105263,verse,deuteronomy,control_top200
word_count,5,25,17-8-14-21-7,1,0.00105263,verse,deuteronomy,control_top200
word_count,5,26,8-14-21-7-13,1,0.00105263,verse,deuteronomy,control_top200
word_count,5,27,14-21-7-13-21,1,0.00105263,verse,deuteronomy,control_top200
word_count,5,28,21-7-13-21-6,1,0.00105263,verse,deuteronomy,control_top200
word_count,5,29,7-13-21-6-16,1,0.00105263,verse,deuteronomy,control_top200
word_count,5,30,13-21-6-16-8,1,0.00105263,verse,deuteronomy,control_top200
word_count,5,31,21-6-16-8-15,1,0.00105263,verse,deuteronomy,control_top200
word_count,5,32,6-16-8-15-19,1,0.00105263,verse,deuteronomy,control_top200
word_count,5,33,16-8-15-19-11,1,0.00105263,verse,deuteronomy,control_top200
word_count,5,34,8-15-19-11-15,1,0.00105263,verse,deuteronomy,control_top200
word_count,5,35,15-19-11-15-19,1,0.00105263,verse,deuteronomy,control_top200
word_count,5,36,19-11-15-19-8,1,0.00105263,verse,deuteronomy,control_top200
word_count,5,37,11-15-19-8-21,1,0.00105263,verse,deuteronomy,control_top200
word_count,5,38,15-19-8-21-16,1,0.00105263,verse,deuteronomy,control_top200
word_count,5,39,19-8-21-16-11,1,0.00105263,verse,deuteronomy,control_top200
word_count,5,40,8-21-16-11-16,1,0.00105263,verse,deuteronomy,control_top200
word_count,5,41,21-16-11-16-11,1,0.00105263,verse,deuteronomy,control_top200
word_count,5,42,16-11-16-11-7,1,0.00105263,verse,deuteronomy,control_top200
word_count,5,43,11-16-11-7-16,1,0.00105263,verse,deuteronomy,control_top200
word_count,5,44,16-11-7-16-4,1,0.00105263,verse,deuteronomy,control_top200
word_count,5,45,11-7-16-4-9,1,0.00105263,verse,deuteronomy,control_top200
word_count,5,46,7-16-4-9-16,1,0.00105263,verse,deuteronomy,control_top200
word_count,5,47,16-4-9-16-19,1,0.00105263,verse,deuteronomy,control_top200
word_count,5,48,4-9-16-19-11,1,0.00105263,verse,deuteronomy,control_top200
word_count,5,49,9-16-19-11-22,1,0.00105263,verse,deuteronomy,control_top200
word_count,5,50,16-19-11-22-17,1,0.00105263,verse,deuteronomy,control_top200
word_count,5,51,19-11-22-17-24,1,0.00105263,verse,deuteronomy,control_top200
word_count,5,52,11-22-17-24-9,1,0.00105263,verse,deuteronomy,control_top200
word_count,5,53,22-17-24-9-9,1,0.00105263,verse,deuteronomy,control_top200
word_count,5,54,17-24-9-9-20,1,0.00105263,verse,deuteronomy,control_top200
word_count,5,55,24-9-9-20-11,1,0.00105263,verse,deuteronomy,control_top200
word_count,5,56,9-9-20-11-26,1,0.00105263,verse,deuteronomy,control_top200
word_count,5,57,9-20-11-26-10,1,0.00105263,verse,deuteronomy,control_top200
word_count,5,58,20-11-26-10-9,1,0.00105263,verse,deuteronomy,control_top200
word_count,5,59,11-26-10-9-4,1,0.00105263,verse,deuteronomy,control_top200
word_count,5,60,26-10-9-4-8,1,0.00105263,verse,deuteronomy,control_top200
word_count,5,61,10-9-4-8-22,1,0.00105263,verse,deuteronomy,control_top200
word_count,5,62,9-4-8-22-13,1,0.00105263,verse,deuteronomy,control_top200
word_count,5,63,4-8-22-13-11,1,0.00105263,verse,deuteronomy,control_top200
word_count,5,64,8-22-13-11-17,1,0.00105263,verse,deuteronomy,control_top200
word_count,5,65,22-13-11-17-11,1,0.00105263,verse,deuteronomy,control_top200
word_count,5,66,13-11-17-11-21,1,0.00105263,verse,deuteronomy,control_top200
word_count,5,67,11-17-11-21-18,1,0.00105263,verse,deuteronomy,control_top200
word_count,5,68,17-11-21-18-11,1,0.00105263,verse,deuteronomy,control_top200
word_count,5,69,11-21-18-11-9,1,0.00105263,verse,deuteronomy,control_top200
word_count,5,70,21-18-11-9-12,1,0.00105263,verse,deuteronomy,control_top200
word_count,5,71,18-11-9-12-22,1,0.00105263,verse,deuteronomy,control_top200
word_count,5,72,11-9-12-22-21,1,0.00105263,verse,deuteronomy,control_top200
word_count,5,73,9-12-22-21-16,1,0.00105263,verse,deuteronomy,control_top200
word_count,5,74,12-22-21-16-8,1,0.00105263,verse,deuteronomy,control_top200
word_count,5,75,22-21-16-8-10,1,0.00105263,verse,deuteronomy,control_top200
word_count,5,76,21-16-8-10-16,1,0.00105263,verse,deuteronomy,control_top200
word_count,5,77,16-8-10-16-8,1,0.00105263,verse,deuteronomy,control_top200
word_count,5,78,8-10-16-8-23,1,0.00105263,verse,deuteronomy,control_top200
word_count,5,79,10-16-8-23-18,1,0.00105263,verse,deuteronomy,control_top200
word_count,5,80,16-8-23-18-14,1,0.00105263,verse,deuteronomy,control_top200
word_count,5,81,8-23-18-14-25,1,0.00105263,verse,deuteronomy,control_top200
word_count,5,82,23-18-14-25-18,1,0.00105263,verse,deuteronomy,control_top200
word_count,5,83,18-14-25-18-21,1,0.00105263,verse,deuteronomy,control_top200
word_count,5,84,14-25-18-21-13,1,0.00105263,verse,deuteronomy,control_top200
word_count,5,85,25-18-21-13-13,1,0.00105263,verse,deuteronomy,control_top200
word_count,5,86,18-21-13-13-6,1,0.00105263,verse,deuteronomy,control_top200
word_count,5,87,21-13-13-6-17,1,0.00105263,verse,deuteronomy,control_top200
word_count,5,88,13-13-6-17-8,1,0.00105263,verse,deuteronomy,control_top200
word_count,5,89,13-6-17-8-14,1,0.00105263,verse,deuteronomy,control_top200
word_count,5,90,6-17-8-14-25,1,0.00105263,verse,deuteronomy,control_top200
word_count,5,91,17-8-14-25-18,1,0.00105263,verse,deuteronomy,control_top200
word_count,5,92,8-14-25-18-19,1,0.00105263,verse,deuteronomy,control_top200
word_count,5,93,14-25-18-19-23,1,0.00105263,verse,deuteronomy,control_top200
word_count,5,94,25-18-19-23-4,1,0.00105263,verse,deuteronomy,control_top200
word_count,5,95,18-19-23-4-17,1,0.00105263,verse,deuteronomy,control_top200
word_count,5,96,19-23-4-17-13,1,0.00105263,verse,deuteronomy,control_top200
word_count,5,97,23-4-17-13-22,1,0.00105263,verse,deuteronomy,control_top200
word_count,5,98,4-17-13-22-14,1,0.00105263,verse,deuteronomy,control_top200
word_count,5,99,17-13-22-14-24,1,0.00105263,verse,deuteronomy,control_top200
word_count,5,100,13-22-14-24-26,1,0.00105263,verse,deuteronomy,control_top200
word_count,5,101,22-14-24-26-8,1,0.00105263,verse,deuteronomy,control_top200
word_count,5,102,14-24-26-8-6,1,0.00105263,verse,deuteronomy,control_top200
word_count,5,103,24-26-8-6-21,1,0.00105263,verse,deuteronomy,control_top200
word_count,5,104,26-8-6-21-13,1,0.00105263,verse,deuteronomy,control_top200
word_count,5,105,8-6-21-13-19,1,0.00105263,verse,deuteronomy,control_top200
word_count,5,106,6-21-13-19-17,1,0.00105263,verse,deuteronomy,control_top200
word_count,5,107,21-13-19-17-18,1,0.00105263,verse,deuteronomy,control_top200
word_count,5,108,13-19-17-18-5,1,0.00105263,verse,deuteronomy,control_top200
word_count,5,109,19-17-18-5-24,1,0.00105263,verse,deuteronomy,control_top200
word_count,5,110,17-18-5-24-20,1,0.00105263,verse,deuteronomy,control_top200
word_count,5,111,18-5-24-20-20,1,0.00105263,verse,deuteronomy,control_top200
word_count,5,112,5-24-20-20-7,1,0.00105263,verse,deuteronomy,control_top200
word_count,5,113,24-20-20-7-18,1,0.00105263,verse,deuteronomy,control_top200
word_count,5,114,20-20-7-18-22,1,0.00105263,verse,deuteronomy,control_top200
word_count,5,115,20-7-18-22-14,1,0.00105263,verse,deuteronomy,control_top200
word_count,5,116,7-18-22-14-16,1,0.00105263,verse,deuteronomy,control_top200
word_count,5,117,18-22-14-16-23,1,0.00105263,verse,deuteronomy,control_top200
word_count,5,118,22-14-16-23-31,1,0.00105263,verse,deuteronomy,control_top200
word_count,5,119,14-16-23-31-13,1,0.00105263,verse,deuteronomy,control_top200
word_count,5,120,16-23-31-13-14,1,0.00105263,verse,deuteronomy,control_top200
word_count,5,121,23-31-13-14-15,1,0.00105263,verse,deuteronomy,control_top200
word_count,5,122,31-13-14-15-17,1,0.00105263,verse,deuteronomy,control_top200
word_count,5,123,13-14-15-17-15,1,0.00105263,verse,deuteronomy,control_top200
word_count,5,124,14-15-17-15-12,1,0.00105263,verse,deuteronomy,control_top200
word_count,5,125,15-17-15-12-12,1,0.00105263,verse,deuteronomy,control_top200
word_count,5,126,17-15-12-12-11,1,0.00105263,verse,deuteronomy,control_top200
word_count,5,127,15-12-12-11-28,1,0.00105263,verse,deuteronomy,control_top200
word_count,5,128,12-12-11-28-14,1,0.00105263,verse,deuteronomy,control_top200
word_count,5,129,12-11-28-14-21,1,0.00105263,verse,deuteronomy,control_top200
word_count,5,130,11-28-14-21-16,1,0.00105263,verse,deuteronomy,control_top200
word_count,5,131,28-14-21-16-20,1,0.00105263,verse,deuteronomy,control_top200
word_count,5,132,14-21-16-20-8,1,0.00105263,verse,deuteronomy,control_top200
word_count,5,133,21-16-20-8-18,1,0.00105263,verse,deuteronomy,control_top200
word_count,5,134,16-20-8-18-27,1,0.00105263,verse,deuteronomy,control_top200
word_count,5,135,20-8-18-27-13,1,0.00105263,verse,deuteronomy,control_top200
word_count,5,136,8-18-27-13-17,1,0.00105263,verse,deuteronomy,control_top200
word_count,5,137,18-27-13-17-12,1,0.00105263,verse,deuteronomy,control_top200
word_count,5,138,27-13-17-12-14,1,0.00105263,verse,deuteronomy,control_top200
word_count,5,139,13-17-12-14-17,1,0.00105263,verse,deuteronomy,control_top200
word_count,5,140,17-12-14-17-28,1,0.00105263,verse,deuteronomy,control_top200
word_count,5,141,12-14-17-28-11,1,0.00105263,verse,deuteronomy,control_top200
word_count,5,142,14-17-28-11-27,1,0.00105263,verse,deuteronomy,control_top200
word_count,5,143,17-28-11-27-10,1,0.00105263,verse,deuteronomy,control_top200
word_count,5,144,28-11-27-10-16,1,0.00105263,verse,deuteronomy,control_top200
word_count,5,145,11-27-10-16-13,1,0.00105263,verse,deuteronomy,control_top200
word_count,5,146,27-10-16-13-14,1,0.00105263,verse,deuteronomy,control_top200
word_count,5,147,10-16-13-14-16,1,0.00105263,verse,deuteronomy,control_top200
word_count,5,148,16-13-14-16-26,1,0.00105263,verse,deuteronomy,control_top200
word_count,5,149,13-14-16-26-9,1,0.00105263,verse,deuteronomy,control_top200
word_count,5,150,14-16-26-9-22,1,0.00105263,verse,deuteronomy,control_top200
word_count,5,151,16-26-9-22-14,1,0.00105263,verse,deuteronomy,control_top200
word_count,5,152,26-9-22-14-8,1,0.00105263,verse,deuteronomy,control_top200
word_count,5,153,9-22-14-8-12,1,0.00105263,verse,deuteronomy,control_top200
word_count,5,154,22-14-8-12-20,1,0.00105263,verse,deuteronomy,control_top200
word_count,5,155,14-8-12-20-16,1,0.00105263,verse,deuteronomy,control_top200
word_count,5,156,8-12-20-16-11,1,0.00105263,verse,deuteronomy,control_top200
word_count,5,157,12-20-16-11-11,1,0.00105263,verse,deuteronomy,control_top200
word_count,5,158,20-16-11-11-22,1,0.00105263,verse,deuteronomy,control_top200
word_count,5,159,16-11-11-22-6,1,0.00105263,verse,deuteronomy,control_top200
word_count,5,160,11-11-22-6-16,1,0.00105263,verse,deuteronomy,control_top200
word_count,5,161,11-22-6-16-8,1,0.00105263,verse,deuteronomy,control_top200
word_count,5,162,22-6-16-8-20,1,0.00105263,verse,deuteronomy,control_top200
word_count,5,163,6-16-8-20-9,1,0.00105263,verse,deuteronomy,control_top200
word_count,5,164,16-8-20-9-7,1,0.00105263,verse,deuteronomy,control_top200
word_count,5,165,8-20-9-7-16,1,0.00105263,verse,deuteronomy,control_top200
word_count,5,166,20-9-7-16-21,1,0.00105263,verse,deuteronomy,control_top200
word_count,5,167,9-7-16-21-22,1,0.00105263,verse,deuteronomy,control_top200
word_count,5,168,7-16-21-22-15,1,0.00105263,verse,deuteronomy,control_top200
word_count,5,169,16-21-22-15-26,1,0.00105263,verse,deuteronomy,control_top200
word_count,5,170,21-22-15-26-23,1,0.00105263,verse,deuteronomy,control_top200
word_count,5,171,22-15-26-23-22,1,0.00105263,verse,deuteronomy,control_top200
word_count,5,172,15-26-23-22-2,1,0.00105263,verse,deuteronomy,control_top200
word_count,5,173,26-23-22-2-2,1,0.00105263,verse,deuteronomy,control_top200
word_count,5,174,23-22-2-2-2,1,0.00105263,verse,deuteronomy,control_top200
word_count,5,175,22-2-2-2-5,1,0.00105263,verse,deuteronomy,control_top200
word_count,5,176,2-2-2-5-16,1,0.00105263,verse,deuteronomy,control_top200
word_count,5,177,2-2-5-16-24,1,0.00105263,verse,deuteronomy,control_top200
word_count,5,178,2-5-16-24-15,1,0.00105263,verse,deuteronomy,control_top200
word_count,5,179,5-16-24-15-23,1,0.00105263,verse,deuteronomy,control_top200
word_count,5,180,16-24-15-23-18,1,0.00105263,verse,deuteronomy,control_top200
word_count,5,181,24-15-23-18-14,1,0.00105263,verse,deuteronomy,control_top200
word_count,5,182,15-23-18-14-21,1,0.00105263,verse,deuteronomy,control_top200
word_count,5,183,23-18-14-21-23,1,0.00105263,verse,deuteronomy,control_top200
word_count,5,184,18-14-21-23-19,1,0.00105263,verse,deuteronomy,control_top200
word_count,5,185,14-21-23-19-6,1,0.00105263,verse,deuteronomy,control_top200
word_count,5,186,21-23-19-6-20,1,0.00105263,verse,deuteronomy,control_top200
word_count,5,187,23-19-6-20-11,1,0.00105263,verse,deuteronomy,control_top200
word_count,5,188,19-6-20-11-17,1,0.00105263,verse,deuteronomy,control_top200
word_count,5,189,6-20-11-17-17,1,0.00105263,verse,deuteronomy,control_top200
word_count,5,190,20-11-17-17-23,1,0.00105263,verse,deuteronomy,control_top200
word_count,5,191,11-17-17-23-20,1,0.00105263,verse,deuteronomy,control_top200
word_count,5,192,17-17-23-20-6,1,0.00105263,verse,deuteronomy,control_top200
word_count,5,193,17-23-20-6-10,1,0.00105263,verse,deuteronomy,control_top200
word_count,5,194,23-20-6-10-9,1,0.00105263,verse,deuteronomy,control_top200
word_count,5,195,20-6-10-9-10,1,0.00105263,verse,deuteronomy,control_top200
word_count,5,196,6-10-9-10-8,1,0.00105263,verse,deuteronomy,control_top200
word_count,5,197,10-9-10-8-5,1,0.00105263,verse,deuteronomy,control_top200
word_count,5,198,9-10-8-5-21,1,0.00105263,verse,deuteronomy,control_top200
word_count,5,199,10-8-5-21-19,1,0.00105263,verse,deuteronomy,control_top200
word_count,5,200,8-5-21-19-12,1,0.00105263,verse,deuteronomy,control_top200
word_count,6,1,22-10-19-17-11-11,1,0.00105374,verse,deuteronomy,control_top200
word_count,6,2,10-19-17-11-11-23,1,0.00105374,verse,deuteronomy,control_top200
word_count,6,3,19-17-11-11-23-20,1,0.00105374,verse,deuteronomy,control_top200
word_count,6,4,17-11-11-23-20-10,1,0.00105374,verse,deuteronomy,control_top200
word_count,6,5,11-11-23-20-10-9,1,0.00105374,verse,deuteronomy,control_top200
word_count,6,6,11-23-20-10-9-13,1,0.00105374,verse,deuteronomy,control_top200
word_count,6,7,23-20-10-9-13-6,1,0.00105374,verse,deuteronomy,control_top200
word_count,6,8,20-10-9-13-6-9,1,0.00105374,verse,deuteronomy,control_top200
word_count,6,9,10-9-13-6-9-8,1,0.00105374,verse,deuteronomy,control_top200
word_count,6,10,9-13-6-9-8-21,1,0.00105374,verse,deuteronomy,control_top200
word_count,6,11,13-6-9-8-21-17,1,0.00105374,verse,deuteronomy,control_top200
word_count,6,12,6-9-8-21-17-22,1,0.00105374,verse,deuteronomy,control_top200
word_count,6,13,9-8-21-17-22-9,1,0.00105374,verse,deuteronomy,control_top200
word_count,6,14,8-21-17-22-9-23,1,0.00105374,verse,deuteronomy,control_top200
word_count,6,15,21-17-22-9-23-11,1,0.00105374,verse,deuteronomy,control_top200
word_count,6,16,17-22-9-23-11-19,1,0.00105374,verse,deuteronomy,control_top200
word_count,6,17,22-9-23-11-19-24,1,0.00105374,verse,deuteronomy,control_top200
word_count,6,18,9-23-11-19-24-11,1,0.00105374,verse,deuteronomy,control_top200
word_count,6,19,23-11-19-24-11-9,1,0.00105374,verse,deuteronomy,control_top200
word_count,6,20,11-19-24-11-9-17,1,0.00105374,verse,deuteronomy,control_top200
word_count,6,21,19-24-11-9-17-8,1,0.00105374,verse,deuteronomy,control_top200
word_count,6,22,24-11-9-17-8-14,1,0.00105374,verse,deuteronomy,control_top200
word_count,6,23,11-9-17-8-14-21,1,0.00105374,verse,deuteronomy,control_top200
word_count,6,24,9-17-8-14-21-7,1,0.00105374,verse,deuteronomy,control_top200
word_count,6,25,17-8-14-21-7-13,1,0.00105374,verse,deuteronomy,control_top200
word_count,6,26,8-14-21-7-13-21,1,0.00105374,verse,deuteronomy,control_top200
word_count,6,27,14-21-7-13-21-6,1,0.00105374,verse,deuteronomy,control_top200
word_count,6,28,21-7-13-21-6-16,1,0.00105374,verse,deuteronomy,control_top200
word_count,6,29,7-13-21-6-16-8,1,0.00105374,verse,deuteronomy,control_top200
word_count,6,30,13-21-6-16-8-15,1,0.00105374,verse,deuteronomy,control_top200
word_count,6,31,21-6-16-8-15-19,1,0.00105374,verse,deuteronomy,control_top200
word_count,6,32,6-16-8-15-19-11,1,0.00105374,verse,deuteronomy,control_top200
word_count,6,33,16-8-15-19-11-15,1,0.00105374,verse,deuteronomy,control_top200
word_count,6,34,8-15-19-11-15-19,1,0.00105374,verse,deuteronomy,control_top200
word_count,6,35,15-19-11-15-19-8,1,0.00105374,verse,deuteronomy,control_top200
word_count,6,36,19-11-15-19-8-21,1,0.00105374,verse,deuteronomy,control_top200
word_count,6,37,11-15-19-8-21-16,1,0.00105374,verse,deuteronomy,control_top200
word_count,6,38,15-19-8-21-16-11,1,0.00105374,verse,deuteronomy,control_top200
word_count,6,39,19-8-21-16-11-16,1,0.00105374,verse,deuteronomy,control_top200
word_count,6,40,8-21-16-11-16-11,1,0.00105374,verse,deuteronomy,control_top200
word_count,6,41,21-16-11-16-11-7,1,0.00105374,verse,deuteronomy,control_top200
word_count,6,42,16-11-16-11-7-16,1,0.00105374,verse,deuteronomy,control_top200
word_count,6,43,11-16-11-7-16-4,1,0.00105374,verse,deuteronomy,control_top200
word_count,6,44,16-11-7-16-4-9,1,0.00105374,verse,deuteronomy,control_top200
word_count,6,45,11-7-16-4-9-16,1,0.00105374,verse,deuteronomy,control_top200
word_count,6,46,7-16-4-9-16-19,1,0.00105374,verse,deuteronomy,control_top200
word_count,6,47,16-4-9-16-19-11,1,0.00105374,verse,deuteronomy,control_top200
word_count,6,48,4-9-16-19-11-22,1,0.00105374,verse,deuteronomy,control_top200
word_count,6,49,9-16-19-11-22-17,1,0.00105374,verse,deuteronomy,control_top200
word_count,6,50,16-19-11-22-17-24,1,0.00105374,verse,deuteronomy,control_top200
word_count,6,51,19-11-22-17-24-9,1,0.00105374,verse,deuteronomy,control_top200
word_count,6,52,11-22-17-24-9-9,1,0.00105374,verse,deuteronomy,control_top200
word_count,6,53,22-17-24-9-9-20,1,0.00105374,verse,deuteronomy,control_top200
word_count,6,54,17-24-9-9-20-11,1,0.00105374,verse,deuteronomy,control_top200
word_count,6,55,24-9-9-20-11-26,1,0.00105374,verse,deuteronomy,control_top200
word_count,6,56,9-9-20-11-26-10,1,0.00105374,verse,deuteronomy,control_top200
word_count,6,57,9-20-11-26-10-9,1,0.00105374,verse,deuteronomy,control_top200
word_count,6,58,20-11-26-10-9-4,1,0.00105374,verse,deuteronomy,control_top200
word_count,6,59,11-26-10-9-4-8,1,0.00105374,verse,deuteronomy,control_top200
word_count,6,60,26-10-9-4-8-22,1,0.00105374,verse,deuteronomy,control_top200
word_count,6,61,10-9-4-8-22-13,1,0.00105374,verse,deuteronomy,control_top200
word_count,6,62,9-4-8-22-13-11,1,0.00105374,verse,deuteronomy,control_top200
word_count,6,63,4-8-22-13-11-17,1,0.00105374,verse,deuteronomy,control_top200
word_count,6,64,8-22-13-11-17-11,1,0.00105374,verse,deuteronomy,control_top200
word_count,6,65,22-13-11-17-11-21,1,0.00105374,verse,deuteronomy,control_top200
word_count,6,66,13-11-17-11-21-18,1,0.00105374,verse,deuteronomy,control_top200
word_count,6,67,11-17-11-21-18-11,1,0.00105374,verse,deuteronomy,control_top200
word_count,6,68,17-11-21-18-11-9,1,0.00105374,verse,deuteronomy,control_top200
word_count,6,69,11-21-18-11-9-12,1,0.00105374,verse,deuteronomy,control_top200
word_count,6,70,21-18-11-9-12-22,1,0.00105374,verse,deuteronomy,control_top200
word_count,6,71,18-11-9-12-22-21,1,0.00105374,verse,deuteronomy,control_top200
word_count,6,72,11-9-12-22-21-16,1,0.00105374,verse,deuteronomy,control_top200
word_count,6,73,9-12-22-21-16-8,1,0.00105374,verse,deuteronomy,control_top200
word_count,6,74,12-22-21-16-8-10,1,0.00105374,verse,deuteronomy,control_top200
word_count,6,75,22-21-16-8-10-16,1,0.00105374,verse,deuteronomy,control_top200
word_count,6,76,21-16-8-10-16-8,1,0.00105374,verse,deuteronomy,control_top200
word_count,6,77,16-8-10-16-8-23,1,0.00105374,verse,deuteronomy,control_top200
word_count,6,78,8-10-16-8-23-18,1,0.00105374,verse,deuteronomy,control_top200
word_count,6,79,10-16-8-23-18-14,1,0.00105374,verse,deuteronomy,control_top200
word_count,6,80,16-8-23-18-14-25,1,0.00105374,verse,deuteronomy,control_top200
word_count,6,81,8-23-18-14-25-18,1,0.00105374,verse,deuteronomy,control_top200
word_count,6,82,23-18-14-25-18-21,1,0.00105374,verse,deuteronomy,control_top200
word_count,6,83,18-14-25-18-21-13,1,0.00105374,verse,deuteronomy,control_top200
word_count,6,84,14-25-18-21-13-13,1,0.00105374,verse,deuteronomy,control_top200
word_count,6,85,25-18-21-13-13-6,1,0.00105374,verse,deuteronomy,control_top200
word_count,6,86,18-21-13-13-6-17,1,0.00105374,verse,deuteronomy,control_top200
word_count,6,87,21-13-13-6-17-8,1,0.00105374,verse,deuteronomy,control_top200
word_count,6,88,13-13-6-17-8-14,1,0.00105374,verse,deuteronomy,control_top200
word_count,6,89,13-6-17-8-14-25,1,0.00105374,verse,deuteronomy,control_top200
word_count,6,90,6-17-8-14-25-18,1,0.00105374,verse,deuteronomy,control_top200
word_count,6,91,17-8-14-25-18-19,1,0.00105374,verse,deuteronomy,control_top200
word_count,6,92,8-14-25-18-19-23,1,0.00105374,verse,deuteronomy,control_top200
word_count,6,93,14-25-18-19-23-4,1,0.00105374,verse,deuteronomy,control_top200
word_count,6,94,25-18-19-23-4-17,1,0.00105374,verse,deuteronomy,control_top200
word_count,6,95,18-19-23-4-17-13,1,0.00105374,verse,deuteronomy,control_top200
word_count,6,96,19-23-4-17-13-22,1,0.00105374,verse,deuteronomy,control_top200
word_count,6,97,23-4-17-13-22-14,1,0.00105374,verse,deuteronomy,control_top200
word_count,6,98,4-17-13-22-14-24,1,0.00105374,verse,deuteronomy,control_top200
word_count,6,99,17-13-22-14-24-26,1,0.00105374,verse,deuteronomy,control_top200
word_count,6,100,13-22-14-24-26-8,1,0.00105374,verse,deuteronomy,control_top200
word_count,6,101,22-14-24-26-8-6,1,0.00105374,verse,deuteronomy,control_top200
word_count,6,102,14-24-26-8-6-21,1,0.00105374,verse,deuteronomy,control_top200
word_count,6,103,24-26-8-6-21-13,1,0.00105374,verse,deuteronomy,control_top200
word_count,6,104,26-8-6-21-13-19,1,0.00105374,verse,deuteronomy,control_top200
word_count,6,105,8-6-21-13-19-17,1,0.00105374,verse,deuteronomy,control_top200
word_count,6,106,6-21-13-19-17-18,1,0.00105374,verse,deuteronomy,control_top200
word_count,6,107,21-13-19-17-18-5,1,0.00105374,verse,deuteronomy,control_top200
word_count,6,108,13-19-17-18-5-24,1,0.00105374,verse,deuteronomy,control_top200
word_count,6,109,19-17-18-5-24-20,1,0.00105374,verse,deuteronomy,control_top200
word_count,6,110,17-18-5-24-20-20,1,0.00105374,verse,deuteronomy,control_top200
word_count,6,111,18-5-24-20-20-7,1,0.00105374,verse,deuteronomy,control_top200
word_count,6,112,5-24-20-20-7-18,1,0.00105374,verse,deuteronomy,control_top200
word_count,6,113,24-20-20-7-18-22,1,0.00105374,verse,deuteronomy,control_top200
word_count,6,114,20-20-7-18-22-14,1,0.00105374,verse,deuteronomy,control_top200
word_count,6,115,20-7-18-22-14-16,1,0.00105374,verse,deuteronomy,control_top200
word_count,6,116,7-18-22-14-16-23,1,0.00105374,verse,deuteronomy,control_top200
word_count,6,117,18-22-14-16-23-31,1,0.00105374,verse,deuteronomy,control_top200
word_count,6,118,22-14-16-23-31-13,1,0.00105374,verse,deuteronomy,control_top200
word_count,6,119,14-16-23-31-13-14,1,0.00105374,verse,deuteronomy,control_top200
word_count,6,120,16-23-31-13-14-15,1,0.00105374,verse,deuteronomy,control_top200
word_count,6,121,23-31-13-14-15-17,1,0.00105374,verse,deuteronomy,control_top200
word_count,6,122,31-13-14-15-17-15,1,0.00105374,verse,deuteronomy,control_top200
word_count,6,123,13-14-15-17-15-12,1,0.00105374,verse,deuteronomy,control_top200
word_count,6,124,14-15-17-15-12-12,1,0.00105374,verse,deuteronomy,control_top200
word_count,6,125,15-17-15-12-12-11,1,0.00105374,verse,deuteronomy,control_top200
word_count,6,126,17-15-12-12-11-28,1,0.00105374,verse,deuteronomy,control_top200
word_count,6,127,15-12-12-11-28-14,1,0.00105374,verse,deuteronomy,control_top200
word_count,6,128,12-12-11-28-14-21,1,0.00105374,verse,deuteronomy,control_top200
word_count,6,129,12-11-28-14-21-16,1,0.00105374,verse,deuteronomy,control_top200
word_count,6,130,11-28-14-21-16-20,1,0.00105374,verse,deuteronomy,control_top200
word_count,6,131,28-14-21-16-20-8,1,0.00105374,verse,deuteronomy,control_top200
word_count,6,132,14-21-16-20-8-18,1,0.00105374,verse,deuteronomy,control_top200
word_count,6,133,21-16-20-8-18-27,1,0.00105374,verse,deuteronomy,control_top200
word_count,6,134,16-20-8-18-27-13,1,0.00105374,verse,deuteronomy,control_top200
word_count,6,135,20-8-18-27-13-17,1,0.00105374,verse,deuteronomy,control_top200
word_count,6,136,8-18-27-13-17-12,1,0.00105374,verse,deuteronomy,control_top200
word_count,6,137,18-27-13-17-12-14,1,0.00105374,verse,deuteronomy,control_top200
word_count,6,138,27-13-17-12-14-17,1,0.00105374,verse,deuteronomy,control_top200
word_count,6,139,13-17-12-14-17-28,1,0.00105374,verse,deuteronomy,control_top200
word_count,6,140,17-12-14-17-28-11,1,0.00105374,verse,deuteronomy,control_top200
word_count,6,141,12-14-17-28-11-27,1,0.00105374,verse,deuteronomy,control_top200
word_count,6,142,14-17-28-11-27-10,1,0.00105374,verse,deuteronomy,control_top200
word_count,6,143,17-28-11-27-10-16,1,0.00105374,verse,deuteronomy,control_top200
word_count,6,144,28-11-27-10-16-13,1,0.00105374,verse,deuteronomy,control_top200
word_count,6,145,11-27-10-16-13-14,1,0.00105374,verse,deuteronomy,control_top200
word_count,6,146,27-10-16-13-14-16,1,0.00105374,verse,deuteronomy,control_top200
word_count,6,147,10-16-13-14-16-26,1,0.00105374,verse,deuteronomy,control_top200
word_count,6,148,16-13-14-16-26-9,1,0.00105374,verse,deuteronomy,control_top200
word_count,6,149,13-14-16-26-9-22,1,0.00105374,verse,deuteronomy,control_top200
word_count,6,150,14-16-26-9-22-14,1,0.00105374,verse,deuteronomy,control_top200
word_count,6,151,16-26-9-22-14-8,1,0.00105374,verse,deuteronomy,control_top200
word_count,6,152,26-9-22-14-8-12,1,0.00105374,verse,deuteronomy,control_top200
word_count,6,153,9-22-14-8-12-20,1,0.00105374,verse,deuteronomy,control_top200
word_count,6,154,22-14-8-12-20-16,1,0.00105374,verse,deuteronomy,control_top200
word_count,6,155,14-8-12-20-16-11,1,0.00105374,verse,deuteronomy,control_top200
word_count,6,156,8-12-20-16-11-11,1,0.00105374,verse,deuteronomy,control_top200
word_count,6,157,12-20-16-11-11-22,1,0.00105374,verse,deuteronomy,control_top200
word_count,6,158,20-16-11-11-22-6,1,0.00105374,verse,deuteronomy,control_top200
word_count,6,159,16-11-11-22-6-16,1,0.00105374,verse,deuteronomy,control_top200
word_count,6,160,11-11-22-6-16-8,1,0.00105374,verse,deuteronomy,control_top200
word_count,6,161,11-22-6-16-8-20,1,0.00105374,verse,deuteronomy,control_top200
word_count,6,162,22-6-16-8-20-9,1,0.00105374,verse,deuteronomy,control_top200
word_count,6,163,6-16-8-20-9-7,1,0.00105374,verse,deuteronomy,control_top200
word_count,6,164,16-8-20-9-7-16,1,0.00105374,verse,deuteronomy,control_top200
word_count,6,165,8-20-9-7-16-21,1,0.00105374,verse,deuteronomy,control_top200
word_count,6,166,20-9-7-16-21-22,1,0.00105374,verse,deuteronomy,control_top200
word_count,6,167,9-7-16-21-22-15,1,0.00105374,verse,deuteronomy,control_top200
word_count,6,168,7-16-21-22-15-26,1,0.00105374,verse,deuteronomy,control_top200
word_count,6,169,16-21-22-15-26-23,1,0.00105374,verse,deuteronomy,control_top200
word_count,6,170,21-22-15-26-23-22,1,0.00105374,verse,deuteronomy,control_top200
word_count,6,171,22-15-26-23-22-2,1,0.00105374,verse,deuteronomy,control_top200
word_count,6,172,15-26-23-22-2-2,1,0.00105374,verse,deuteronomy,control_top200
word_count,6,173,26-23-22-2-2-2,1,0.00105374,verse,deuteronomy,control_top200
word_count,6,174,23-22-2-2-2-5,1,0.00105374,verse,deuteronomy,control_top200
word_count,6,175,22-2-2-2-5-16,1,0.00105374,verse,deuteronomy,control_top200
word_count,6,176,2-2-2-5-16-24,1,0.00105374,verse,deuteronomy,control_top200
word_count,6,177,2-2-5-16-24-15,1,0.00105374,verse,deuteronomy,control_top200
word_count,6,178,2-5-16-24-15-23,1,0.00105374,verse,deuteronomy,control_top200
word_count,6,179,5-16-24-15-23-18,1,0.00105374,verse,deuteronomy,control_top200
word_count,6,180,16-24-15-23-18-14,1,0.00105374,verse,deuteronomy,control_top200
word_count,6,181,24-15-23-18-14-21,1,0.00105374,verse,deuteronomy,control_top200
word_count,6,182,15-23-18-14-21-23,1,0.00105374,verse,deuteronomy,control_top200
word_count,6,183,23-18-14-21-23-19,1,0.00105374,verse,deuteronomy,control_top200
word_count,6,184,18-14-21-23-19-6,1,0.00105374,verse,deuteronomy,control_top200
word_count,6,185,14-21-23-19-6-20,1,0.00105374,verse,deuteronomy,control_top200
word_count,6,186,21-23-19-6-20-11,1,0.00105374,verse,deuteronomy,control_top200
word_count,6,187,23-19-6-20-11-17,1,0.00105374,verse,deuteronomy,control_top200
word_count,6,188,19-6-20-11-17-17,1,0.00105374,verse,deuteronomy,control_top200
word_count,6,189,6-20-11-17-17-23,1,0.00105374,verse,deuteronomy,control_top200
word_count,6,190,20-11-17-17-23-20,1,0.00105374,verse,deuteronomy,control_top200
word_count,6,191,11-17-17-23-20-6,1,0.00105374,verse,deuteronomy,control_top200
word_count,6,192,17-17-23-20-6-10,1,0.00105374,verse,deuteronomy,control_top200
word_count,6,193,17-23-20-6-10-9,1,0.00105374,verse,deuteronomy,control_top200
word_count,6,194,23-20-6-10-9-10,1,0.00105374,verse,deuteronomy,control_top200
word_count,6,195,20-6-10-9-10-8,1,0.00105374,verse,deuteronomy,control_top200
word_count,6,196,6-10-9-10-8-5,1,0.00105374,verse,deuteronomy,control_top200
word_count,6,197,10-9-10-8-5-21,1,0.00105374,verse,deuteronomy,control_top200
word_count,6,198,9-10-8-5-21-19,1,0.00105374,verse,deuteronomy,control_top200
word_count,6,199,10-8-5-21-19-12,1,0.00105374,verse,deuteronomy,control_top200
word_count,6,200,8-5-21-19-12-8,1,0.00105374,verse,deuteronomy,control_top200
pulse_count,2,1,39-27,5,0.00524659,verse,deuteronomy,control_top200
pulse_count,2,2,25-22,4,0.00419727,verse,deuteronomy,control_top200
pulse_count,2,3,29-40,4,0.00419727,verse,deuteronomy,control_top200
pulse_count,2,4,34-47,3,0.00314795,verse,deuteronomy,control_top200
pulse_count,2,5,32-40,3,0.00314795,verse,deuteronomy,control_top200
pulse_count,2,6,28-52,3,0.00314795,verse,deuteronomy,control_top200
pulse_count,2,7,35-35,3,0.00314795,verse,deuteronomy,control_top200
pulse_count,2,8,42-18,3,0.00314795,verse,deuteronomy,control_top200
pulse_count,2,9,34-26,3,0.00314795,verse,deuteronomy,control_top200
pulse_count,2,10,33-35,3,0.00314795,verse,deuteronomy,control_top200
pulse_count,2,11,35-34,3,0.00314795,verse,deuteronomy,control_top200
pulse_count,2,12,26-15,3,0.00314795,verse,deuteronomy,control_top200
pulse_count,2,13,28-23,3,0.00314795,verse,deuteronomy,control_top200
pulse_count,2,14,24-40,3,0.00314795,verse,deuteronomy,control_top200
pulse_count,2,15,40-28,3,0.00314795,verse,deuteronomy,control_top200
pulse_count,2,16,30-26,3,0.00314795,verse,deuteronomy,control_top200
pulse_count,2,17,30-42,3,0.00314795,verse,deuteronomy,control_top200
pulse_count,2,18,25-35,3,0.00314795,verse,deuteronomy,control_top200
pulse_count,2,19,26-45,3,0.00314795,verse,deuteronomy,control_top200
pulse_count,2,20,21-14,3,0.00314795,verse,deuteronomy,control_top200
pulse_count,2,21,29-26,3,0.00314795,verse,deuteronomy,control_top200
pulse_count,2,22,31-40,3,0.00314795,verse,deuteronomy,control_top200
pulse_count,2,23,26-18,3,0.00314795,verse,deuteronomy,control_top200
pulse_count,2,24,14-14,3,0.00314795,verse,deuteronomy,control_top200
pulse_count,2,25,37-20,2,0.00209864,verse,deuteronomy,control_top200
pulse_count,2,26,19-26,2,0.00209864,verse,deuteronomy,control_top200
pulse_count,2,27,26-32,2,0.00209864,verse,deuteronomy,control_top200
pulse_count,2,28,27-20,2,0.00209864,verse,deuteronomy,control_top200
pulse_count,2,29,51-17,2,0.00209864,verse,deuteronomy,control_top200
pulse_count,2,30,17-40,2,0.00209864,verse,deuteronomy,control_top200
pulse_count,2,31,40-20,2,0.00209864,verse,deuteronomy,control_top200
pulse_count,2,32,40-30,2,0.00209864,verse,deuteronomy,control_top200
pulse_count,2,33,18-33,2,0.00209864,verse,deuteronomy,control_top200
pulse_count,2,34,10-16,2,0.00209864,verse,deuteronomy,control_top200
pulse_count,2,35,52-41,2,0.00209864,verse,deuteronomy,control_top200
pulse_count,2,36,22-21,2,0.00209864,verse,deuteronomy,control_top200
pulse_count,2,37,29-39,2,0.00209864,verse,deuteronomy,control_top200
pulse_count,2,38,41-43,2,0.00209864,verse,deuteronomy,control_top200
pulse_count,2,39,22-32,2,0.00209864,verse,deuteronomy,control_top200
pulse_count,2,40,33-21,2,0.00209864,verse,deuteronomy,control_top200
pulse_count,2,41,21-24,2,0.00209864,verse,deuteronomy,control_top200
pulse_count,2,42,32-20,2,0.00209864,verse,deuteronomy,control_top200
pulse_count,2,43,35-53,2,0.00209864,verse,deuteronomy,control_top200
pulse_count,2,44,19-30,2,0.00209864,verse,deuteronomy,control_top200
pulse_count,2,45,32-54,2,0.00209864,verse,deuteronomy,control_top200
pulse_count,2,46,40-36,2,0.00209864,verse,deuteronomy,control_top200
pulse_count,2,47,56-47,2,0.00209864,verse,deuteronomy,control_top200
pulse_count,2,48,47-42,2,0.00209864,verse,deuteronomy,control_top200
pulse_count,2,49,18-41,2,0.00209864,verse,deuteronomy,control_top200
pulse_count,2,50,41-47,2,0.00209864,verse,deuteronomy,control_top200
pulse_count,2,51,31-35,2,0.00209864,verse,deuteronomy,control_top200
pulse_count,2,52,35-41,2,0.00209864,verse,deuteronomy,control_top200
pulse_count,2,53,26-24,2,0.00209864,verse,deuteronomy,control_top200
pulse_count,2,54,24-23,2,0.00209864,verse,deuteronomy,control_top200
pulse_count,2,55,37-33,2,0.00209864,verse,deuteronomy,control_top200
pulse_count,2,56,33-17,2,0.00209864,verse,deuteronomy,control_top200
pulse_count,2,57,18-43,2,0.00209864,verse,deuteronomy,control_top200
pulse_count,2,58,36-49,2,0.00209864,verse,deuteronomy,control_top200
pulse_count,2,59,49-39,2,0.00209864,verse,deuteronomy,control_top200
pulse_count,2,60,51-51,2,0.00209864,verse,deuteronomy,control_top200
pulse_count,2,61,28-42,2,0.00209864,verse,deuteronomy,control_top200
pulse_count,2,62,47-16,2,0.00209864,verse,deuteronomy,control_top200
pulse_count,2,63,20-24,2,0.00209864,verse,deuteronomy,control_top200
pulse_count,2,64,24-38,2,0.00209864,verse,deuteronomy,control_top200
pulse_count,2,65,20-25,2,0.00209864,verse,deuteronomy,control_top200
pulse_count,2,66,35-32,2,0.00209864,verse,deuteronomy,control_top200
pulse_count,2,67,32-29,2,0.00209864,verse,deuteronomy,control_top200
pulse_count,2,68,31-54,2,0.00209864,verse,deuteronomy,control_top200
pulse_count,2,69,50-67,2,0.00209864,verse,deuteronomy,control_top200
pulse_count,2,70,28-39,2,0.00209864,verse,deuteronomy,control_top200
pulse_count,2,71,18-28,2,0.00209864,verse,deuteronomy,control_top200
pulse_count,2,72,28-32,2,0.00209864,verse,deuteronomy,control_top200
pulse_count,2,73,31-43,2,0.00209864,verse,deuteronomy,control_top200
pulse_count,2,74,55-61,2,0.00209864,verse,deuteronomy,control_top200
pulse_count,2,75,35-24,2,0.00209864,verse,deuteronomy,control_top200
pulse_count,2,76,41-21,2,0.00209864,verse,deuteronomy,control_top200
pulse_count,2,77,33-50,2,0.00209864,verse,deuteronomy,control_top200
pulse_count,2,78,32-33,2,0.00209864,verse,deuteronomy,control_top200
pulse_count,2,79,33-48,2,0.00209864,verse,deuteronomy,control_top200
pulse_count,2,80,48-32,2,0.00209864,verse,deuteronomy,control_top200
pulse_count,2,81,32-37,2,0.00209864,verse,deuteronomy,control_top200
pulse_count,2,82,37-26,2,0.00209864,verse,deuteronomy,control_top200
pulse_count,2,83,37-46,2,0.00209864,verse,deuteronomy,control_top200
pulse_count,2,84,37-64,2,0.00209864,verse,deuteronomy,control_top200
pulse_count,2,85,64-25,2,0.00209864,verse,deuteronomy,control_top200
pulse_count,2,86,25-36,2,0.00209864,verse,deuteronomy,control_top200
pulse_count,2,87,46-29,2,0.00209864,verse,deuteronomy,control_top200
pulse_count,2,88,16-40,2,0.00209864,verse,deuteronomy,control_top200
pulse_count,2,89,18-30,2,0.00209864,verse,deuteronomy,control_top200
pulse_count,2,90,47-41,2,0.00209864,verse,deuteronomy,control_top200
pulse_count,2,91,29-28,2,0.00209864,verse,deuteronomy,control_top200
pulse_count,2,92,15-31,2,0.00209864,verse,deuteronomy,control_top200
pulse_count,2,93,53-46,2,0.00209864,verse,deuteronomy,control_top200
pulse_count,2,94,34-24,2,0.00209864,verse,deuteronomy,control_top200
pulse_count,2,95,35-29,2,0.00209864,verse,deuteronomy,control_top200
pulse_count,2,96,21-13,2,0.00209864,verse,deuteronomy,control_top200
pulse_count,2,97,12-12,2,0.00209864,verse,deuteronomy,control_top200
pulse_count,2,98,12-21,2,0.00209864,verse,deuteronomy,control_top200
pulse_count,2,99,47-44,2,0.00209864,verse,deuteronomy,control_top200
pulse_count,2,100,35-25,2,0.00209864,verse,deuteronomy,control_top200
pulse_count,2,101,26-44,2,0.00209864,verse,deuteronomy,control_top200
pulse_count,2,102,23-45,2,0.00209864,verse,deuteronomy,control_top200
pulse_count,2,103,45-55,2,0.00209864,verse,deuteronomy,control_top200
pulse_count,2,104,41-35,2,0.00209864,verse,deuteronomy,control_top200
pulse_count,2,105,42-42,2,0.00209864,verse,deuteronomy,control_top200
pulse_count,2,106,42-49,2,0.00209864,verse,deuteronomy,control_top200
pulse_count,2,107,26-41,2,0.00209864,verse,deuteronomy,control_top200
pulse_count,2,108,29-19,2,0.00209864,verse,deuteronomy,control_top200
pulse_count,2,109,40-35,2,0.00209864,verse,deuteronomy,control_top200
pulse_count,2,110,21-29,2,0.00209864,verse,deuteronomy,control_top200
pulse_count,2,111,47-24,2,0.00209864,verse,deuteronomy,control_top200
pulse_count,2,112,30-49,2,0.00209864,verse,deuteronomy,control_top200
pulse_count,2,113,48-26,2,0.00209864,verse,deuteronomy,control_top200
pulse_count,2,114,18-35,2,0.00209864,verse,deuteronomy,control_top200
pulse_count,2,115,24-34,2,0.00209864,verse,deuteronomy,control_top200
pulse_count,2,116,35-23,2,0.00209864,verse,deuteronomy,control_top200
pulse_count,2,117,23-30,2,0.00209864,verse,deuteronomy,control_top200
pulse_count,2,118,46-31,2,0.00209864,verse,deuteronomy,control_top200
pulse_count,2,119,30-16,2,0.00209864,verse,deuteronomy,control_top200
pulse_count,2,120,16-25,2,0.00209864,verse,deuteronomy,control_top200
pulse_count,2,121,51-47,2,0.00209864,verse,deuteronomy,control_top200
pulse_count,2,122,33-28,2,0.00209864,verse,deuteronomy,control_top200
pulse_count,2,123,28-30,2,0.00209864,verse,deuteronomy,control_top200
pulse_count,2,124,32-31,2,0.00209864,verse,deuteronomy,control_top200
pulse_count,2,125,42-26,2,0.00209864,verse,deuteronomy,control_top200
pulse_count,2,126,45-32,2,0.00209864,verse,deuteronomy,control_top200
pulse_count,2,127,40-26,2,0.00209864,verse,deuteronomy,control_top200
pulse_count,2,128,14-15,2,0.00209864,verse,deuteronomy,control_top200
pulse_count,2,129,40-55,2,0.00209864,verse,deuteronomy,control_top200
pulse_count,2,130,55-32,2,0.00209864,verse,deuteronomy,control_top200
pulse_count,2,131,24-18,2,0.00209864,verse,deuteronomy,control_top200
pulse_count,2,132,31-30,2,0.00209864,verse,deuteronomy,control_top200
pulse_count,2,133,30-27,2,0.00209864,verse,deuteronomy,control_top200
pulse_count,2,134,37-28,2,0.00209864,verse,deuteronomy,control_top200
pulse_count,2,135,42-24,2,0.00209864,verse,deuteronomy,control_top200
pulse_count,2,136,29-15,2,0.00209864,verse,deuteronomy,control_top200
pulse_count,2,137,15-32,2,0.00209864,verse,deuteronomy,control_top200
pulse_count,2,138,12-32,2,0.00209864,verse,deuteronomy,control_top200
pulse_count,2,139,34-34,2,0.00209864,verse,deuteronomy,control_top200
pulse_count,2,140,46-17,1,0.00104932,verse,deuteronomy,control_top200
pulse_count,2,141,17-41,1,0.00104932,verse,deuteronomy,control_top200
pulse_count,2,142,41-37,1,0.00104932,verse,deuteronomy,control_top200
pulse_count,2,143,20-26,1,0.00104932,verse,deuteronomy,control_top200
pulse_count,2,144,26-55,1,0.00104932,verse,deuteronomy,control_top200
pulse_count,2,145,55-51,1,0.00104932,verse,deuteronomy,control_top200
pulse_count,2,146,51-19,1,0.00104932,verse,deuteronomy,control_top200
pulse_count,2,147,32-18,1,0.00104932,verse,deuteronomy,control_top200
pulse_count,2,148,18-27,1,0.00104932,verse,deuteronomy,control_top200
pulse_count,2,149,20-54,1,0.00104932,verse,deuteronomy,control_top200
pulse_count,2,150,54-35,1,0.00104932,verse,deuteronomy,control_top200
pulse_count,2,151,35-51,1,0.00104932,verse,deuteronomy,control_top200
pulse_count,2,152,17-55,1,0.00104932,verse,deuteronomy,control_top200
pulse_count,2,153,55-25,1,0.00104932,verse,deuteronomy,control_top200
pulse_count,2,154,25-41,1,0.00104932,verse,deuteronomy,control_top200
pulse_count,2,155,41-60,1,0.00104932,verse,deuteronomy,control_top200
pulse_count,2,156,60-25,1,0.00104932,verse,deuteronomy,control_top200
pulse_count,2,157,22-47,1,0.00104932,verse,deuteronomy,control_top200
pulse_count,2,158,47-19,1,0.00104932,verse,deuteronomy,control_top200
pulse_count,2,159,19-44,1,0.00104932,verse,deuteronomy,control_top200
pulse_count,2,160,44-51,1,0.00104932,verse,deuteronomy,control_top200
pulse_count,2,161,51-14,1,0.00104932,verse,deuteronomy,control_top200
pulse_count,2,162,14-34,1,0.00104932,verse,deuteronomy,control_top200
pulse_count,2,163,47-17,1,0.00104932,verse,deuteronomy,control_top200
pulse_count,2,164,20-32,1,0.00104932,verse,deuteronomy,control_top200
pulse_count,2,165,20-30,1,0.00104932,verse,deuteronomy,control_top200
pulse_count,2,166,30-43,1,0.00104932,verse,deuteronomy,control_top200
pulse_count,2,167,43-16,1,0.00104932,verse,deuteronomy,control_top200
pulse_count,2,168,16-59,1,0.00104932,verse,deuteronomy,control_top200
pulse_count,2,169,59-40,1,0.00104932,verse,deuteronomy,control_top200
pulse_count,2,170,40-29,1,0.00104932,verse,deuteronomy,control_top200
pulse_count,2,171,30-18,1,0.00104932,verse,deuteronomy,control_top200
pulse_count,2,172,33-10,1,0.00104932,verse,deuteronomy,control_top200
pulse_count,2,173,16-35,1,0.00104932,verse,deuteronomy,control_top200
pulse_count,2,174,35-31,1,0.00104932,verse,deuteronomy,control_top200
pulse_count,2,175,31-28,1,0.00104932,verse,deuteronomy,control_top200
pulse_count,2,176,41-44,1,0.00104932,verse,deuteronomy,control_top200
pulse_count,2,177,44-18,1,0.00104932,verse,deuteronomy,control_top200
pulse_count,2,178,18-20,1,0.00104932,verse,deuteronomy,control_top200
pulse_count,2,179,20-52,1,0.00104932,verse,deuteronomy,control_top200
pulse_count,2,180,52-21,1,0.00104932,verse,deuteronomy,control_top200
pulse_count,2,181,21-62,1,0.00104932,verse,deuteronomy,control_top200
pulse_count,2,182,62-22,1,0.00104932,verse,deuteronomy,control_top200
pulse_count,2,183,21-10,1,0.00104932,verse,deuteronomy,control_top200
pulse_count,2,184,10-12,1,0.00104932,verse,deuteronomy,control_top200
pulse_count,2,185,12-42,1,0.00104932,verse,deuteronomy,control_top200
pulse_count,2,186,42-28,1,0.00104932,verse,deuteronomy,control_top200
pulse_count,2,187,28-29,1,0.00104932,verse,deuteronomy,control_top200
pulse_count,2,188,39-31,1,0.00104932,verse,deuteronomy,control_top200
pulse_count,2,189,31-41,1,0.00104932,verse,deuteronomy,control_top200
pulse_count,2,190,43-24,1,0.00104932,verse,deuteronomy,control_top200
pulse_count,2,191,24-22,1,0.00104932,verse,deuteronomy,control_top200
pulse_count,2,192,32-49,1,0.00104932,verse,deuteronomy,control_top200
pulse_count,2,193,49-45,1,0.00104932,verse,deuteronomy,control_top200
pulse_count,2,194,45-33,1,0.00104932,verse,deuteronomy,control_top200
pulse_count,2,195,24-32,1,0.00104932,verse,deuteronomy,control_top200
pulse_count,2,196,20-50,1,0.00104932,verse,deuteronomy,control_top200
pulse_count,2,197,50-35,1,0.00104932,verse,deuteronomy,control_top200
pulse_count,2,198,53-38,1,0.00104932,verse,deuteronomy,control_top200
pulse_count,2,199,38-38,1,0.00104932,verse,deuteronomy,control_top200
pulse_count,2,200,38-30,1,0.00104932,verse,deuteronomy,control_top200
pulse_count,3,1,28-52-41,2,0.00210084,verse,deuteronomy,control_top200
pulse_count,3,2,18-41-47,2,0.00210084,verse,deuteronomy,control_top200
pulse_count,3,3,33-35-34,2,0.00210084,verse,deuteronomy,control_top200
pulse_count,3,4,37-64-25,2,0.00210084,verse,deuteronomy,control_top200
pulse_count,3,5,12-12-21,2,0.00210084,verse,deuteronomy,control_top200
pulse_count,3,6,12-21-14,2,0.00210084,verse,deuteronomy,control_top200
pulse_count,3,7,26-45-32,2,0.00210084,verse,deuteronomy,control_top200
pulse_count,3,8,46-17-41,1,0.00105042,verse,deuteronomy,control_top200
pulse_count,3,9,17-41-37,1,0.00105042,verse,deuteronomy,control_top200
pulse_count,3,10,41-37-20,1,0.00105042,verse,deuteronomy,control_top200
pulse_count,3,11,37-20-26,1,0.00105042,verse,deuteronomy,control_top200
pulse_count,3,12,20-26-55,1,0.00105042,verse,deuteronomy,control_top200
pulse_count,3,13,26-55-51,1,0.00105042,verse,deuteronomy,control_top200
pulse_count,3,14,55-51-19,1,0.00105042,verse,deuteronomy,control_top200
pulse_count,3,15,51-19-26,1,0.00105042,verse,deuteronomy,control_top200
pulse_count,3,16,19-26-32,1,0.00105042,verse,deuteronomy,control_top200
pulse_count,3,17,26-32-18,1,0.00105042,verse,deuteronomy,control_top200
pulse_count,3,18,32-18-27,1,0.00105042,verse,deuteronomy,control_top200
pulse_count,3,19,18-27-20,1,0.00105042,verse,deuteronomy,control_top200
pulse_count,3,20,27-20-54,1,0.00105042,verse,deuteronomy,control_top200
pulse_count,3,21,20-54-35,1,0.00105042,verse,deuteronomy,control_top200
pulse_count,3,22,54-35-51,1,0.00105042,verse,deuteronomy,control_top200
pulse_count,3,23,35-51-17,1,0.00105042,verse,deuteronomy,control_top200
pulse_count,3,24,51-17-55,1,0.00105042,verse,deuteronomy,control_top200
pulse_count,3,25,17-55-25,1,0.00105042,verse,deuteronomy,control_top200
pulse_count,3,26,55-25-41,1,0.00105042,verse,deuteronomy,control_top200
pulse_count,3,27,25-41-60,1,0.00105042,verse,deuteronomy,control_top200
pulse_count,3,28,41-60-25,1,0.00105042,verse,deuteronomy,control_top200
pulse_count,3,29,60-25-22,1,0.00105042,verse,deuteronomy,control_top200
pulse_count,3,30,25-22-47,1,0.00105042,verse,deuteronomy,control_top200
pulse_count,3,31,22-47-19,1,0.00105042,verse,deuteronomy,control_top200
pulse_count,3,32,47-19-44,1,0.00105042,verse,deuteronomy,control_top200
pulse_count,3,33,19-44-51,1,0.00105042,verse,deuteronomy,control_top200
pulse_count,3,34,44-51-14,1,0.00105042,verse,deuteronomy,control_top200
pulse_count,3,35,51-14-34,1,0.00105042,verse,deuteronomy,control_top200
pulse_count,3,36,14-34-47,1,0.00105042,verse,deuteronomy,control_top200
pulse_count,3,37,34-47-17,1,0.00105042,verse,deuteronomy,control_top200
pulse_count,3,38,47-17-40,1,0.00105042,verse,deuteronomy,control_top200
pulse_count,3,39,17-40-20,1,0.00105042,verse,deuteronomy,control_top200
pulse_count,3,40,40-20-32,1,0.00105042,verse,deuteronomy,control_top200
pulse_count,3,41,20-32-40,1,0.00105042,verse,deuteronomy,control_top200
pulse_count,3,42,32-40-20,1,0.00105042,verse,deuteronomy,control_top200
pulse_count,3,43,40-20-30,1,0.00105042,verse,deuteronomy,control_top200
pulse_count,3,44,20-30-43,1,0.00105042,verse,deuteronomy,control_top200
pulse_count,3,45,30-43-16,1,0.00105042,verse,deuteronomy,control_top200
pulse_count,3,46,43-16-59,1,0.00105042,verse,deuteronomy,control_top200
pulse_count,3,47,16-59-40,1,0.00105042,verse,deuteronomy,control_top200
pulse_count,3,48,59-40-29,1,0.00105042,verse,deuteronomy,control_top200
pulse_count,3,49,40-29-40,1,0.00105042,verse,deuteronomy,control_top200
pulse_count,3,50,29-40-30,1,0.00105042,verse,deuteronomy,control_top200
pulse_count,3,51,40-30-18,1,0.00105042,verse,deuteronomy,control_top200
pulse_count,3,52,30-18-33,1,0.00105042,verse,deuteronomy,control_top200
pulse_count,3,53,18-33-10,1,0.00105042,verse,deuteronomy,control_top200
pulse_count,3,54,33-10-16,1,0.00105042,verse,deuteronomy,control_top200
pulse_count,3,55,10-16-35,1,0.00105042,verse,deuteronomy,control_top200
pulse_count,3,56,16-35-31,1,0.00105042,verse,deuteronomy,control_top200
pulse_count,3,57,35-31-28,1,0.00105042,verse,deuteronomy,control_top200
pulse_count,3,58,31-28-52,1,0.00105042,verse,deuteronomy,control_top200
pulse_count,3,59,52-41-44,1,0.00105042,verse,deuteronomy,control_top200
pulse_count,3,60,41-44-18,1,0.00105042,verse,deuteronomy,control_top200
pulse_count,3,61,44-18-20,1,0.00105042,verse,deuteronomy,control_top200
pulse_count,3,62,18-20-52,1,0.00105042,verse,deuteronomy,control_top200
pulse_count,3,63,20-52-21,1,0.00105042,verse,deuteronomy,control_top200
pulse_count,3,64,52-21-62,1,0.00105042,verse,deuteronomy,control_top200
pulse_count,3,65,21-62-22,1,0.00105042,verse,deuteronomy,control_top200
pulse_count,3,66,62-22-21,1,0.00105042,verse,deuteronomy,control_top200
pulse_count,3,67,22-21-10,1,0.00105042,verse,deuteronomy,control_top200
pulse_count,3,68,21-10-12,1,0.00105042,verse,deuteronomy,control_top200
pulse_count,3,69,10-12-42,1,0.00105042,verse,deuteronomy,control_top200
pulse_count,3,70,12-42-28,1,0.00105042,verse,deuteronomy,control_top200
pulse_count,3,71,42-28-29,1,0.00105042,verse,deuteronomy,control_top200
pulse_count,3,72,28-29-39,1,0.00105042,verse,deuteronomy,control_top200
pulse_count,3,73,29-39-31,1,0.00105042,verse,deuteronomy,control_top200
pulse_count,3,74,39-31-41,1,0.00105042,verse,deuteronomy,control_top200
pulse_count,3,75,31-41-43,1,0.00105042,verse,deuteronomy,control_top200
pulse_count,3,76,41-43-24,1,0.00105042,verse,deuteronomy,control_top200
pulse_count,3,77,43-24-22,1,0.00105042,verse,deuteronomy,control_top200
pulse_count,3,78,24-22-32,1,0.00105042,verse,deuteronomy,control_top200
pulse_count,3,79,22-32-49,1,0.00105042,verse,deuteronomy,control_top200
pulse_count,3,80,32-49-45,1,0.00105042,verse,deuteronomy,control_top200
pulse_count,3,81,49-45-33,1,0.00105042,verse,deuteronomy,control_top200
pulse_count,3,82,45-33-21,1,0.00105042,verse,deuteronomy,control_top200
pulse_count,3,83,33-21-24,1,0.00105042,verse,deuteronomy,control_top200
pulse_count,3,84,21-24-32,1,0.00105042,verse,deuteronomy,control_top200
pulse_count,3,85,24-32-20,1,0.00105042,verse,deuteronomy,control_top200
pulse_count,3,86,32-20-50,1,0.00105042,verse,deuteronomy,control_top200
pulse_count,3,87,20-50-35,1,0.00105042,verse,deuteronomy,control_top200
pulse_count,3,88,50-35-35,1,0.00105042,verse,deuteronomy,control_top200
pulse_count,3,89,35-35-53,1,0.00105042,verse,deuteronomy,control_top200
pulse_count,3,90,35-53-38,1,0.00105042,verse,deuteronomy,control_top200
pulse_count,3,91,53-38-38,1,0.00105042,verse,deuteronomy,control_top200
pulse_count,3,92,38-38-30,1,0.00105042,verse,deuteronomy,control_top200
pulse_count,3,93,38-30-31,1,0.00105042,verse,deuteronomy,control_top200
pulse_count,3,94,30-31-16,1,0.00105042,verse,deuteronomy,control_top200
pulse_count,3,95,31-16-34,1,0.00105042,verse,deuteronomy,control_top200
pulse_count,3,96,16-34-19,1,0.00105042,verse,deuteronomy,control_top200
pulse_count,3,97,34-19-30,1,0.00105042,verse,deuteronomy,control_top200
pulse_count,3,98,19-30-48,1,0.00105042,verse,deuteronomy,control_top200
pulse_count,3,99,30-48-40,1,0.00105042,verse,deuteronomy,control_top200
pulse_count,3,100,48-40-45,1,0.00105042,verse,deuteronomy,control_top200
pulse_count,3,101,40-45-44,1,0.00105042,verse,deuteronomy,control_top200
pulse_count,3,102,45-44-11,1,0.00105042,verse,deuteronomy,control_top200
pulse_count,3,103,44-11-40,1,0.00105042,verse,deuteronomy,control_top200
pulse_count,3,104,11-40-34,1,0.00105042,verse,deuteronomy,control_top200
pulse_count,3,105,40-34-47,1,0.00105042,verse,deuteronomy,control_top200
pulse_count,3,106,34-47-32,1,0.00105042,verse,deuteronomy,control_top200
pulse_count,3,107,47-32-54,1,0.00105042,verse,deuteronomy,control_top200
pulse_count,3,108,32-54-57,1,0.00105042,verse,deuteronomy,control_top200
pulse_count,3,109,54-57-18,1,0.00105042,verse,deuteronomy,control_top200
pulse_count,3,110,57-18-13,1,0.00105042,verse,deuteronomy,control_top200
pulse_count,3,111,18-13-55,1,0.00105042,verse,deuteronomy,control_top200
pulse_count,3,112,13-55-29,1,0.00105042,verse,deuteronomy,control_top200
pulse_count,3,113,55-29-40,1,0.00105042,verse,deuteronomy,control_top200
pulse_count,3,114,29-40-40,1,0.00105042,verse,deuteronomy,control_top200
pulse_count,3,115,40-40-36,1,0.00105042,verse,deuteronomy,control_top200
pulse_count,3,116,40-36-8,1,0.00105042,verse,deuteronomy,control_top200
pulse_count,3,117,36-8-56,1,0.00105042,verse,deuteronomy,control_top200
pulse_count,3,118,8-56-47,1,0.00105042,verse,deuteronomy,control_top200
pulse_count,3,119,56-47-42,1,0.00105042,verse,deuteronomy,control_top200
pulse_count,3,120,47-42-18,1,0.00105042,verse,deuteronomy,control_top200
pulse_count,3,121,42-18-41,1,0.00105042,verse,deuteronomy,control_top200
pulse_count,3,122,41-47-29,1,0.00105042,verse,deuteronomy,control_top200
pulse_count,3,123,47-29-36,1,0.00105042,verse,deuteronomy,control_top200
pulse_count,3,124,29-36-54,1,0.00105042,verse,deuteronomy,control_top200
pulse_count,3,125,36-54-68,1,0.00105042,verse,deuteronomy,control_top200
pulse_count,3,126,54-68-29,1,0.00105042,verse,deuteronomy,control_top200
pulse_count,3,127,68-29-31,1,0.00105042,verse,deuteronomy,control_top200
pulse_count,3,128,29-31-35,1,0.00105042,verse,deuteronomy,control_top200
pulse_count,3,129,31-35-41,1,0.00105042,verse,deuteronomy,control_top200
pulse_count,3,130,35-41-34,1,0.00105042,verse,deuteronomy,control_top200
pulse_count,3,131,41-34-26,1,0.00105042,verse,deuteronomy,control_top200
pulse_count,3,132,34-26-24,1,0.00105042,verse,deuteronomy,control_top200
pulse_count,3,133,26-24-23,1,0.00105042,verse,deuteronomy,control_top200
pulse_count,3,134,24-23-73,1,0.00105042,verse,deuteronomy,control_top200
pulse_count,3,135,23-73-32,1,0.00105042,verse,deuteronomy,control_top200
pulse_count,3,136,73-32-50,1,0.00105042,verse,deuteronomy,control_top200
pulse_count,3,137,32-50-34,1,0.00105042,verse,deuteronomy,control_top200
pulse_count,3,138,50-34-48,1,0.00105042,verse,deuteronomy,control_top200
pulse_count,3,139,34-48-16,1,0.00105042,verse,deuteronomy,control_top200
pulse_count,3,140,48-16-48,1,0.00105042,verse,deuteronomy,control_top200
pulse_count,3,141,16-48-59,1,0.00105042,verse,deuteronomy,control_top200
pulse_count,3,142,48-59-33,1,0.00105042,verse,deuteronomy,control_top200
pulse_count,3,143,59-33-35,1,0.00105042,verse,deuteronomy,control_top200
pulse_count,3,144,35-34-38,1,0.00105042,verse,deuteronomy,control_top200
pulse_count,3,145,34-38-39,1,0.00105042,verse,deuteronomy,control_top200
pulse_count,3,146,38-39-66,1,0.00105042,verse,deuteronomy,control_top200
pulse_count,3,147,39-66-24,1,0.00105042,verse,deuteronomy,control_top200
pulse_count,3,148,66-24-75,1,0.00105042,verse,deuteronomy,control_top200
pulse_count,3,149,24-75-20,1,0.00105042,verse,deuteronomy,control_top200
pulse_count,3,150,75-20-37,1,0.00105042,verse,deuteronomy,control_top200
pulse_count,3,151,20-37-38,1,0.00105042,verse,deuteronomy,control_top200
pulse_count,3,152,37-38-35,1,0.00105042,verse,deuteronomy,control_top200
pulse_count,3,153,38-35-38,1,0.00105042,verse,deuteronomy,control_top200
pulse_count,3,154,35-38-64,1,0.00105042,verse,deuteronomy,control_top200
pulse_count,3,155,38-64-19,1,0.00105042,verse,deuteronomy,control_top200
pulse_count,3,156,64-19-37,1,0.00105042,verse,deuteronomy,control_top200
pulse_count,3,157,19-37-33,1,0.00105042,verse,deuteronomy,control_top200
pulse_count,3,158,37-33-16,1,0.00105042,verse,deuteronomy,control_top200
pulse_count,3,159,33-16-31,1,0.00105042,verse,deuteronomy,control_top200
pulse_count,3,160,16-31-44,1,0.00105042,verse,deuteronomy,control_top200
pulse_count,3,161,31-44-33,1,0.00105042,verse,deuteronomy,control_top200
pulse_count,3,162,44-33-17,1,0.00105042,verse,deuteronomy,control_top200
pulse_count,3,163,33-17-25,1,0.00105042,verse,deuteronomy,control_top200
pulse_count,3,164,17-25-53,1,0.00105042,verse,deuteronomy,control_top200
pulse_count,3,165,25-53-17,1,0.00105042,verse,deuteronomy,control_top200
pulse_count,3,166,53-17-33,1,0.00105042,verse,deuteronomy,control_top200
pulse_count,3,167,17-33-18,1,0.00105042,verse,deuteronomy,control_top200
pulse_count,3,168,33-18-43,1,0.00105042,verse,deuteronomy,control_top200
pulse_count,3,169,18-43-26,1,0.00105042,verse,deuteronomy,control_top200
pulse_count,3,170,43-26-15,1,0.00105042,verse,deuteronomy,control_top200
pulse_count,3,171,26-15-36,1,0.00105042,verse,deuteronomy,control_top200
pulse_count,3,172,15-36-44,1,0.00105042,verse,deuteronomy,control_top200
pulse_count,3,173,36-44-47,1,0.00105042,verse,deuteronomy,control_top200
pulse_count,3,174,44-47-35,1,0.00105042,verse,deuteronomy,control_top200
pulse_count,3,175,47-35-72,1,0.00105042,verse,deuteronomy,control_top200
pulse_count,3,176,35-72-57,1,0.00105042,verse,deuteronomy,control_top200
pulse_count,3,177,72-57-51,1,0.00105042,verse,deuteronomy,control_top200
pulse_count,3,178,57-51-3,1,0.00105042,verse,deuteronomy,control_top200
pulse_count,3,179,51-3-4,1,0.00105042,verse,deuteronomy,control_top200
pulse_count,3,180,3-4-4,1,0.00105042,verse,deuteronomy,control_top200
pulse_count,3,181,4-4-9,1,0.00105042,verse,deuteronomy,control_top200
pulse_count,3,182,4-9-37,1,0.00105042,verse,deuteronomy,control_top200
pulse_count,3,183,9-37-51,1,0.00105042,verse,deuteronomy,control_top200
pulse_count,3,184,37-51-36,1,0.00105042,verse,deuteronomy,control_top200
pulse_count,3,185,51-36-49,1,0.00105042,verse,deuteronomy,control_top200
pulse_count,3,186,36-49-39,1,0.00105042,verse,deuteronomy,control_top200
pulse_count,3,187,49-39-27,1,0.00105042,verse,deuteronomy,control_top200
pulse_count,3,188,39-27-51,1,0.00105042,verse,deuteronomy,control_top200
pulse_count,3,189,27-51-51,1,0.00105042,verse,deuteronomy,control_top200
pulse_count,3,190,51-51-41,1,0.00105042,verse,deuteronomy,control_top200
pulse_count,3,191,51-41-13,1,0.00105042,verse,deuteronomy,control_top200
pulse_count,3,192,41-13-49,1,0.00105042,verse,deuteronomy,control_top200
pulse_count,3,193,13-49-28,1,0.00105042,verse,deuteronomy,control_top200
pulse_count,3,194,49-28-42,1,0.00105042,verse,deuteronomy,control_top200
pulse_count,3,195,28-42-45,1,0.00105042,verse,deuteronomy,control_top200
pulse_count,3,196,42-45-56,1,0.00105042,verse,deuteronomy,control_top200
pulse_count,3,197,45-56-47,1,0.00105042,verse,deuteronomy,control_top200
pulse_count,3,198,56-47-16,1,0.00105042,verse,deuteronomy,control_top200
pulse_count,3,199,47-16-28,1,0.00105042,verse,deuteronomy,control_top200
pulse_count,3,200,16-28-23,1,0.00105042,verse,deuteronomy,control_top200
pulse_count,4,1,12-12-21-14,2,0.00210305,verse,deuteronomy,control_top200
pulse_count,4,2,46-17-41-37,1,0.00105152,verse,deuteronomy,control_top200
pulse_count,4,3,17-41-37-20,1,0.00105152,verse,deuteronomy,control_top200
pulse_count,4,4,41-37-20-26,1,0.00105152,verse,deuteronomy,control_top200
pulse_count,4,5,37-20-26-55,1,0.00105152,verse,deuteronomy,control_top200
pulse_count,4,6,20-26-55-51,1,0.00105152,verse,deuteronomy,control_top200
pulse_count,4,7,26-55-51-19,1,0.00105152,verse,deuteronomy,control_top200
pulse_count,4,8,55-51-19-26,1,0.00105152,verse,deuteronomy,control_top200
pulse_count,4,9,51-19-26-32,1,0.00105152,verse,deuteronomy,control_top200
pulse_count,4,10,19-26-32-18,1,0.00105152,verse,deuteronomy,control_top200
pulse_count,4,11,26-32-18-27,1,0.00105152,verse,deuteronomy,control_top200
pulse_count,4,12,32-18-27-20,1,0.00105152,verse,deuteronomy,control_top200
pulse_count,4,13,18-27-20-54,1,0.00105152,verse,deuteronomy,control_top200
pulse_count,4,14,27-20-54-35,1,0.00105152,verse,deuteronomy,control_top200
pulse_count,4,15,20-54-35-51,1,0.00105152,verse,deuteronomy,control_top200
pulse_count,4,16,54-35-51-17,1,0.00105152,verse,deuteronomy,control_top200
pulse_count,4,17,35-51-17-55,1,0.00105152,verse,deuteronomy,control_top200
pulse_count,4,18,51-17-55-25,1,0.00105152,verse,deuteronomy,control_top200
pulse_count,4,19,17-55-25-41,1,0.00105152,verse,deuteronomy,control_top200
pulse_count,4,20,55-25-41-60,1,0.00105152,verse,deuteronomy,control_top200
pulse_count,4,21,25-41-60-25,1,0.00105152,verse,deuteronomy,control_top200
pulse_count,4,22,41-60-25-22,1,0.00105152,verse,deuteronomy,control_top200
pulse_count,4,23,60-25-22-47,1,0.00105152,verse,deuteronomy,control_top200
pulse_count,4,24,25-22-47-19,1,0.00105152,verse,deuteronomy,control_top200
pulse_count,4,25,22-47-19-44,1,0.00105152,verse,deuteronomy,control_top200
pulse_count,4,26,47-19-44-51,1,0.00105152,verse,deuteronomy,control_top200
pulse_count,4,27,19-44-51-14,1,0.00105152,verse,deuteronomy,control_top200
pulse_count,4,28,44-51-14-34,1,0.00105152,verse,deuteronomy,control_top200
pulse_count,4,29,51-14-34-47,1,0.00105152,verse,deuteronomy,control_top200
pulse_count,4,30,14-34-47-17,1,0.00105152,verse,deuteronomy,control_top200
pulse_count,4,31,34-47-17-40,1,0.00105152,verse,deuteronomy,control_top200
pulse_count,4,32,47-17-40-20,1,0.00105152,verse,deuteronomy,control_top200
pulse_count,4,33,17-40-20-32,1,0.00105152,verse,deuteronomy,control_top200
pulse_count,4,34,40-20-32-40,1,0.00105152,verse,deuteronomy,control_top200
pulse_count,4,35,20-32-40-20,1,0.00105152,verse,deuteronomy,control_top200
pulse_count,4,36,32-40-20-30,1,0.00105152,verse,deuteronomy,control_top200
pulse_count,4,37,40-20-30-43,1,0.00105152,verse,deuteronomy,control_top200
pulse_count,4,38,20-30-43-16,1,0.00105152,verse,deuteronomy,control_top200
pulse_count,4,39,30-43-16-59,1,0.00105152,verse,deuteronomy,control_top200
pulse_count,4,40,43-16-59-40,1,0.00105152,verse,deuteronomy,control_top200
pulse_count,4,41,16-59-40-29,1,0.00105152,verse,deuteronomy,control_top200
pulse_count,4,42,59-40-29-40,1,0.00105152,verse,deuteronomy,control_top200
pulse_count,4,43,40-29-40-30,1,0.00105152,verse,deuteronomy,control_top200
pulse_count,4,44,29-40-30-18,1,0.00105152,verse,deuteronomy,control_top200
pulse_count,4,45,40-30-18-33,1,0.00105152,verse,deuteronomy,control_top200
pulse_count,4,46,30-18-33-10,1,0.00105152,verse,deuteronomy,control_top200
pulse_count,4,47,18-33-10-16,1,0.00105152,verse,deuteronomy,control_top200
pulse_count,4,48,33-10-16-35,1,0.00105152,verse,deuteronomy,control_top200
pulse_count,4,49,10-16-35-31,1,0.00105152,verse,deuteronomy,control_top200
pulse_count,4,50,16-35-31-28,1,0.00105152,verse,deuteronomy,control_top200
pulse_count,4,51,35-31-28-52,1,0.00105152,verse,deuteronomy,control_top200
pulse_count,4,52,31-28-52-41,1,0.00105152,verse,deuteronomy,control_top200
pulse_count,4,53,28-52-41-44,1,0.00105152,verse,deuteronomy,control_top200
pulse_count,4,54,52-41-44-18,1,0.00105152,verse,deuteronomy,control_top200
pulse_count,4,55,41-44-18-20,1,0.00105152,verse,deuteronomy,control_top200
pulse_count,4,56,44-18-20-52,1,0.00105152,verse,deuteronomy,control_top200
pulse_count,4,57,18-20-52-21,1,0.00105152,verse,deuteronomy,control_top200
pulse_count,4,58,20-52-21-62,1,0.00105152,verse,deuteronomy,control_top200
pulse_count,4,59,52-21-62-22,1,0.00105152,verse,deuteronomy,control_top200
pulse_count,4,60,21-62-22-21,1,0.00105152,verse,deuteronomy,control_top200
pulse_count,4,61,62-22-21-10,1,0.00105152,verse,deuteronomy,control_top200
pulse_count,4,62,22-21-10-12,1,0.00105152,verse,deuteronomy,control_top200
pulse_count,4,63,21-10-12-42,1,0.00105152,verse,deuteronomy,control_top200
pulse_count,4,64,10-12-42-28,1,0.00105152,verse,deuteronomy,control_top200
pulse_count,4,65,12-42-28-29,1,0.00105152,verse,deuteronomy,control_top200
pulse_count,4,66,42-28-29-39,1,0.00105152,verse,deuteronomy,control_top200
pulse_count,4,67,28-29-39-31,1,0.00105152,verse,deuteronomy,control_top200
pulse_count,4,68,29-39-31-41,1,0.00105152,verse,deuteronomy,control_top200
pulse_count,4,69,39-31-41-43,1,0.00105152,verse,deuteronomy,control_top200
pulse_count,4,70,31-41-43-24,1,0.00105152,verse,deuteronomy,control_top200
pulse_count,4,71,41-43-24-22,1,0.00105152,verse,deuteronomy,control_top200
pulse_count,4,72,43-24-22-32,1,0.00105152,verse,deuteronomy,control_top200
pulse_count,4,73,24-22-32-49,1,0.00105152,verse,deuteronomy,control_top200
pulse_count,4,74,22-32-49-45,1,0.00105152,verse,deuteronomy,control_top200
pulse_count,4,75,32-49-45-33,1,0.00105152,verse,deuteronomy,control_top200
pulse_count,4,76,49-45-33-21,1,0.00105152,verse,deuteronomy,control_top200
pulse_count,4,77,45-33-21-24,1,0.00105152,verse,deuteronomy,control_top200
pulse_count,4,78,33-21-24-32,1,0.00105152,verse,deuteronomy,control_top200
pulse_count,4,79,21-24-32-20,1,0.00105152,verse,deuteronomy,control_top200
pulse_count,4,80,24-32-20-50,1,0.00105152,verse,deuteronomy,control_top200
pulse_count,4,81,32-20-50-35,1,0.00105152,verse,deuteronomy,control_top200
pulse_count,4,82,20-50-35-35,1,0.00105152,verse,deuteronomy,control_top200
pulse_count,4,83,50-35-35-53,1,0.00105152,verse,deuteronomy,control_top200
pulse_count,4,84,35-35-53-38,1,0.00105152,verse,deuteronomy,control_top200
pulse_count,4,85,35-53-38-38,1,0.00105152,verse,deuteronomy,control_top200
pulse_count,4,86,53-38-38-30,1,0.00105152,verse,deuteronomy,control_top200
pulse_count,4,87,38-38-30-31,1,0.00105152,verse,deuteronomy,control_top200
pulse_count,4,88,38-30-31-16,1,0.00105152,verse,deuteronomy,control_top200
pulse_count,4,89,30-31-16-34,1,0.00105152,verse,deuteronomy,control_top200
pulse_count,4,90,31-16-34-19,1,0.00105152,verse,deuteronomy,control_top200
pulse_count,4,91,16-34-19-30,1,0.00105152,verse,deuteronomy,control_top200
pulse_count,4,92,34-19-30-48,1,0.00105152,verse,deuteronomy,control_top200
pulse_count,4,93,19-30-48-40,1,0.00105152,verse,deuteronomy,control_top200
pulse_count,4,94,30-48-40-45,1,0.00105152,verse,deuteronomy,control_top200
pulse_count,4,95,48-40-45-44,1,0.00105152,verse,deuteronomy,control_top200
pulse_count,4,96,40-45-44-11,1,0.00105152,verse,deuteronomy,control_top200
pulse_count,4,97,45-44-11-40,1,0.00105152,verse,deuteronomy,control_top200
pulse_count,4,98,44-11-40-34,1,0.00105152,verse,deuteronomy,control_top200
pulse_count,4,99,11-40-34-47,1,0.00105152,verse,deuteronomy,control_top200
pulse_count,4,100,40-34-47-32,1,0.00105152,verse,deuteronomy,control_top200
pulse_count,4,101,34-47-32-54,1,0.00105152,verse,deuteronomy,control_top200
pulse_count,4,102,47-32-54-57,1,0.00105152,verse,deuteronomy,control_top200
pulse_count,4,103,32-54-57-18,1,0.00105152,verse,deuteronomy,control_top200
pulse_count,4,104,54-57-18-13,1,0.00105152,verse,deuteronomy,control_top200
pulse_count,4,105,57-18-13-55,1,0.00105152,verse,deuteronomy,control_top200
pulse_count,4,106,18-13-55-29,1,0.00105152,verse,deuteronomy,control_top200
pulse_count,4,107,13-55-29-40,1,0.00105152,verse,deuteronomy,control_top200
pulse_count,4,108,55-29-40-40,1,0.00105152,verse,deuteronomy,control_top200
pulse_count,4,109,29-40-40-36,1,0.00105152,verse,deuteronomy,control_top200
pulse_count,4,110,40-40-36-8,1,0.00105152,verse,deuteronomy,control_top200
pulse_count,4,111,40-36-8-56,1,0.00105152,verse,deuteronomy,control_top200
pulse_count,4,112,36-8-56-47,1,0.00105152,verse,deuteronomy,control_top200
pulse_count,4,113,8-56-47-42,1,0.00105152,verse,deuteronomy,control_top200
pulse_count,4,114,56-47-42-18,1,0.00105152,verse,deuteronomy,control_top200
pulse_count,4,115,47-42-18-41,1,0.00105152,verse,deuteronomy,control_top200
pulse_count,4,116,42-18-41-47,1,0.00105152,verse,deuteronomy,control_top200
pulse_count,4,117,18-41-47-29,1,0.00105152,verse,deuteronomy,control_top200
pulse_count,4,118,41-47-29-36,1,0.00105152,verse,deuteronomy,control_top200
pulse_count,4,119,47-29-36-54,1,0.00105152,verse,deuteronomy,control_top200
pulse_count,4,120,29-36-54-68,1,0.00105152,verse,deuteronomy,control_top200
pulse_count,4,121,36-54-68-29,1,0.00105152,verse,deuteronomy,control_top200
pulse_count,4,122,54-68-29-31,1,0.00105152,verse,deuteronomy,control_top200
pulse_count,4,123,68-29-31-35,1,0.00105152,verse,deuteronomy,control_top200
pulse_count,4,124,29-31-35-41,1,0.00105152,verse,deuteronomy,control_top200
pulse_count,4,125,31-35-41-34,1,0.00105152,verse,deuteronomy,control_top200
pulse_count,4,126,35-41-34-26,1,0.00105152,verse,deuteronomy,control_top200
pulse_count,4,127,41-34-26-24,1,0.00105152,verse,deuteronomy,control_top200
pulse_count,4,128,34-26-24-23,1,0.00105152,verse,deuteronomy,control_top200
pulse_count,4,129,26-24-23-73,1,0.00105152,verse,deuteronomy,control_top200
pulse_count,4,130,24-23-73-32,1,0.00105152,verse,deuteronomy,control_top200
pulse_count,4,131,23-73-32-50,1,0.00105152,verse,deuteronomy,control_top200
pulse_count,4,132,73-32-50-34,1,0.00105152,verse,deuteronomy,control_top200
pulse_count,4,133,32-50-34-48,1,0.00105152,verse,deuteronomy,control_top200
pulse_count,4,134,50-34-48-16,1,0.00105152,verse,deuteronomy,control_top200
pulse_count,4,135,34-48-16-48,1,0.00105152,verse,deuteronomy,control_top200
pulse_count,4,136,48-16-48-59,1,0.00105152,verse,deuteronomy,control_top200
pulse_count,4,137,16-48-59-33,1,0.00105152,verse,deuteronomy,control_top200
pulse_count,4,138,48-59-33-35,1,0.00105152,verse,deuteronomy,control_top200
pulse_count,4,139,59-33-35-34,1,0.00105152,verse,deuteronomy,control_top200
pulse_count,4,140,33-35-34-38,1,0.00105152,verse,deuteronomy,control_top200
pulse_count,4,141,35-34-38-39,1,0.00105152,verse,deuteronomy,control_top200
pulse_count,4,142,34-38-39-66,1,0.00105152,verse,deuteronomy,control_top200
pulse_count,4,143,38-39-66-24,1,0.00105152,verse,deuteronomy,control_top200
pulse_count,4,144,39-66-24-75,1,0.00105152,verse,deuteronomy,control_top200
pulse_count,4,145,66-24-75-20,1,0.00105152,verse,deuteronomy,control_top200
pulse_count,4,146,24-75-20-37,1,0.00105152,verse,deuteronomy,control_top200
pulse_count,4,147,75-20-37-38,1,0.00105152,verse,deuteronomy,control_top200
pulse_count,4,148,20-37-38-35,1,0.00105152,verse,deuteronomy,control_top200
pulse_count,4,149,37-38-35-38,1,0.00105152,verse,deuteronomy,control_top200
pulse_count,4,150,38-35-38-64,1,0.00105152,verse,deuteronomy,control_top200
pulse_count,4,151,35-38-64-19,1,0.00105152,verse,deuteronomy,control_top200
pulse_count,4,152,38-64-19-37,1,0.00105152,verse,deuteronomy,control_top200
pulse_count,4,153,64-19-37-33,1,0.00105152,verse,deuteronomy,control_top200
pulse_count,4,154,19-37-33-16,1,0.00105152,verse,deuteronomy,control_top200
pulse_count,4,155,37-33-16-31,1,0.00105152,verse,deuteronomy,control_top200
pulse_count,4,156,33-16-31-44,1,0.00105152,verse,deuteronomy,control_top200
pulse_count,4,157,16-31-44-33,1,0.00105152,verse,deuteronomy,control_top200
pulse_count,4,158,31-44-33-17,1,0.00105152,verse,deuteronomy,control_top200
pulse_count,4,159,44-33-17-25,1,0.00105152,verse,deuteronomy,control_top200
pulse_count,4,160,33-17-25-53,1,0.00105152,verse,deuteronomy,control_top200
pulse_count,4,161,17-25-53-17,1,0.00105152,verse,deuteronomy,control_top200
pulse_count,4,162,25-53-17-33,1,0.00105152,verse,deuteronomy,control_top200
pulse_count,4,163,53-17-33-18,1,0.00105152,verse,deuteronomy,control_top200
pulse_count,4,164,17-33-18-43,1,0.00105152,verse,deuteronomy,control_top200
pulse_count,4,165,33-18-43-26,1,0.00105152,verse,deuteronomy,control_top200
pulse_count,4,166,18-43-26-15,1,0.00105152,verse,deuteronomy,control_top200
pulse_count,4,167,43-26-15-36,1,0.00105152,verse,deuteronomy,control_top200
pulse_count,4,168,26-15-36-44,1,0.00105152,verse,deuteronomy,control_top200
pulse_count,4,169,15-36-44-47,1,0.00105152,verse,deuteronomy,control_top200
pulse_count,4,170,36-44-47-35,1,0.00105152,verse,deuteronomy,control_top200
pulse_count,4,171,44-47-35-72,1,0.00105152,verse,deuteronomy,control_top200
pulse_count,4,172,47-35-72-57,1,0.00105152,verse,deuteronomy,control_top200
pulse_count,4,173,35-72-57-51,1,0.00105152,verse,deuteronomy,control_top200
pulse_count,4,174,72-57-51-3,1,0.00105152,verse,deuteronomy,control_top200
pulse_count,4,175,57-51-3-4,1,0.00105152,verse,deuteronomy,control_top200
pulse_count,4,176,51-3-4-4,1,0.00105152,verse,deuteronomy,control_top200
pulse_count,4,177,3-4-4-9,1,0.00105152,verse,deuteronomy,control_top200
pulse_count,4,178,4-4-9-37,1,0.00105152,verse,deuteronomy,control_top200
pulse_count,4,179,4-9-37-51,1,0.00105152,verse,deuteronomy,control_top200
pulse_count,4,180,9-37-51-36,1,0.00105152,verse,deuteronomy,control_top200
pulse_count,4,181,37-51-36-49,1,0.00105152,verse,deuteronomy,control_top200
pulse_count,4,182,51-36-49-39,1,0.00105152,verse,deuteronomy,control_top200
pulse_count,4,183,36-49-39-27,1,0.00105152,verse,deuteronomy,control_top200
pulse_count,4,184,49-39-27-51,1,0.00105152,verse,deuteronomy,control_top200
pulse_count,4,185,39-27-51-51,1,0.00105152,verse,deuteronomy,control_top200
pulse_count,4,186,27-51-51-41,1,0.00105152,verse,deuteronomy,control_top200
pulse_count,4,187,51-51-41-13,1,0.00105152,verse,deuteronomy,control_top200
pulse_count,4,188,51-41-13-49,1,0.00105152,verse,deuteronomy,control_top200
pulse_count,4,189,41-13-49-28,1,0.00105152,verse,deuteronomy,control_top200
pulse_count,4,190,13-49-28-42,1,0.00105152,verse,deuteronomy,control_top200
pulse_count,4,191,49-28-42-45,1,0.00105152,verse,deuteronomy,control_top200
pulse_count,4,192,28-42-45-56,1,0.00105152,verse,deuteronomy,control_top200
pulse_count,4,193,42-45-56-47,1,0.00105152,verse,deuteronomy,control_top200
pulse_count,4,194,45-56-47-16,1,0.00105152,verse,deuteronomy,control_top200
pulse_count,4,195,56-47-16-28,1,0.00105152,verse,deuteronomy,control_top200
pulse_count,4,196,47-16-28-23,1,0.00105152,verse,deuteronomy,control_top200
pulse_count,4,197,16-28-23-39,1,0.00105152,verse,deuteronomy,control_top200
pulse_count,4,198,28-23-39-20,1,0.00105152,verse,deuteronomy,control_top200
pulse_count,4,199,23-39-20-16,1,0.00105152,verse,deuteronomy,control_top200
pulse_count,4,200,39-20-16-53,1,0.00105152,verse,deuteronomy,control_top200
pulse_count,5,1,46-17-41-37-20,1,0.00105263,verse,deuteronomy,control_top200
pulse_count,5,2,17-41-37-20-26,1,0.00105263,verse,deuteronomy,control_top200
pulse_count,5,3,41-37-20-26-55,1,0.00105263,verse,deuteronomy,control_top200
pulse_count,5,4,37-20-26-55-51,1,0.00105263,verse,deuteronomy,control_top200
pulse_count,5,5,20-26-55-51-19,1,0.00105263,verse,deuteronomy,control_top200
pulse_count,5,6,26-55-51-19-26,1,0.00105263,verse,deuteronomy,control_top200
pulse_count,5,7,55-51-19-26-32,1,0.00105263,verse,deuteronomy,control_top200
pulse_count,5,8,51-19-26-32-18,1,0.00105263,verse,deuteronomy,control_top200
pulse_count,5,9,19-26-32-18-27,1,0.00105263,verse,deuteronomy,control_top200
pulse_count,5,10,26-32-18-27-20,1,0.00105263,verse,deuteronomy,control_top200
pulse_count,5,11,32-18-27-20-54,1,0.00105263,verse,deuteronomy,control_top200
pulse_count,5,12,18-27-20-54-35,1,0.00105263,verse,deuteronomy,control_top200
pulse_count,5,13,27-20-54-35-51,1,0.00105263,verse,deuteronomy,control_top200
pulse_count,5,14,20-54-35-51-17,1,0.00105263,verse,deuteronomy,control_top200
pulse_count,5,15,54-35-51-17-55,1,0.00105263,verse,deuteronomy,control_top200
pulse_count,5,16,35-51-17-55-25,1,0.00105263,verse,deuteronomy,control_top200
pulse_count,5,17,51-17-55-25-41,1,0.00105263,verse,deuteronomy,control_top200
pulse_count,5,18,17-55-25-41-60,1,0.00105263,verse,deuteronomy,control_top200
pulse_count,5,19,55-25-41-60-25,1,0.00105263,verse,deuteronomy,control_top200
pulse_count,5,20,25-41-60-25-22,1,0.00105263,verse,deuteronomy,control_top200
pulse_count,5,21,41-60-25-22-47,1,0.00105263,verse,deuteronomy,control_top200
pulse_count,5,22,60-25-22-47-19,1,0.00105263,verse,deuteronomy,control_top200
pulse_count,5,23,25-22-47-19-44,1,0.00105263,verse,deuteronomy,control_top200
pulse_count,5,24,22-47-19-44-51,1,0.00105263,verse,deuteronomy,control_top200
pulse_count,5,25,47-19-44-51-14,1,0.00105263,verse,deuteronomy,control_top200
pulse_count,5,26,19-44-51-14-34,1,0.00105263,verse,deuteronomy,control_top200
pulse_count,5,27,44-51-14-34-47,1,0.00105263,verse,deuteronomy,control_top200
pulse_count,5,28,51-14-34-47-17,1,0.00105263,verse,deuteronomy,control_top200
pulse_count,5,29,14-34-47-17-40,1,0.00105263,verse,deuteronomy,control_top200
pulse_count,5,30,34-47-17-40-20,1,0.00105263,verse,deuteronomy,control_top200
pulse_count,5,31,47-17-40-20-32,1,0.00105263,verse,deuteronomy,control_top200
pulse_count,5,32,17-40-20-32-40,1,0.00105263,verse,deuteronomy,control_top200
pulse_count,5,33,40-20-32-40-20,1,0.00105263,verse,deuteronomy,control_top200
pulse_count,5,34,20-32-40-20-30,1,0.00105263,verse,deuteronomy,control_top200
pulse_count,5,35,32-40-20-30-43,1,0.00105263,verse,deuteronomy,control_top200
pulse_count,5,36,40-20-30-43-16,1,0.00105263,verse,deuteronomy,control_top200
pulse_count,5,37,20-30-43-16-59,1,0.00105263,verse,deuteronomy,control_top200
pulse_count,5,38,30-43-16-59-40,1,0.00105263,verse,deuteronomy,control_top200
pulse_count,5,39,43-16-59-40-29,1,0.00105263,verse,deuteronomy,control_top200
pulse_count,5,40,16-59-40-29-40,1,0.00105263,verse,deuteronomy,control_top200
pulse_count,5,41,59-40-29-40-30,1,0.00105263,verse,deuteronomy,control_top200
pulse_count,5,42,40-29-40-30-18,1,0.00105263,verse,deuteronomy,control_top200
pulse_count,5,43,29-40-30-18-33,1,0.00105263,verse,deuteronomy,control_top200
pulse_count,5,44,40-30-18-33-10,1,0.00105263,verse,deuteronomy,control_top200
pulse_count,5,45,30-18-33-10-16,1,0.00105263,verse,deuteronomy,control_top200
pulse_count,5,46,18-33-10-16-35,1,0.00105263,verse,deuteronomy,control_top200
pulse_count,5,47,33-10-16-35-31,1,0.00105263,verse,deuteronomy,control_top200
pulse_count,5,48,10-16-35-31-28,1,0.00105263,verse,deuteronomy,control_top200
pulse_count,5,49,16-35-31-28-52,1,0.00105263,verse,deuteronomy,control_top200
pulse_count,5,50,35-31-28-52-41,1,0.00105263,verse,deuteronomy,control_top200
pulse_count,5,51,31-28-52-41-44,1,0.00105263,verse,deuteronomy,control_top200
pulse_count,5,52,28-52-41-44-18,1,0.00105263,verse,deuteronomy,control_top200
pulse_count,5,53,52-41-44-18-20,1,0.00105263,verse,deuteronomy,control_top200
pulse_count,5,54,41-44-18-20-52,1,0.00105263,verse,deuteronomy,control_top200
pulse_count,5,55,44-18-20-52-21,1,0.00105263,verse,deuteronomy,control_top200
pulse_count,5,56,18-20-52-21-62,1,0.00105263,verse,deuteronomy,control_top200
pulse_count,5,57,20-52-21-62-22,1,0.00105263,verse,deuteronomy,control_top200
pulse_count,5,58,52-21-62-22-21,1,0.00105263,verse,deuteronomy,control_top200
pulse_count,5,59,21-62-22-21-10,1,0.00105263,verse,deuteronomy,control_top200
pulse_count,5,60,62-22-21-10-12,1,0.00105263,verse,deuteronomy,control_top200
pulse_count,5,61,22-21-10-12-42,1,0.00105263,verse,deuteronomy,control_top200
pulse_count,5,62,21-10-12-42-28,1,0.00105263,verse,deuteronomy,control_top200
pulse_count,5,63,10-12-42-28-29,1,0.00105263,verse,deuteronomy,control_top200
pulse_count,5,64,12-42-28-29-39,1,0.00105263,verse,deuteronomy,control_top200
pulse_count,5,65,42-28-29-39-31,1,0.00105263,verse,deuteronomy,control_top200
pulse_count,5,66,28-29-39-31-41,1,0.00105263,verse,deuteronomy,control_top200
pulse_count,5,67,29-39-31-41-43,1,0.00105263,verse,deuteronomy,control_top200
pulse_count,5,68,39-31-41-43-24,1,0.00105263,verse,deuteronomy,control_top200
pulse_count,5,69,31-41-43-24-22,1,0.00105263,verse,deuteronomy,control_top200
pulse_count,5,70,41-43-24-22-32,1,0.00105263,verse,deuteronomy,control_top200
pulse_count,5,71,43-24-22-32-49,1,0.00105263,verse,deuteronomy,control_top200
pulse_count,5,72,24-22-32-49-45,1,0.00105263,verse,deuteronomy,control_top200
pulse_count,5,73,22-32-49-45-33,1,0.00105263,verse,deuteronomy,control_top200
pulse_count,5,74,32-49-45-33-21,1,0.00105263,verse,deuteronomy,control_top200
pulse_count,5,75,49-45-33-21-24,1,0.00105263,verse,deuteronomy,control_top200
pulse_count,5,76,45-33-21-24-32,1,0.00105263,verse,deuteronomy,control_top200
pulse_count,5,77,33-21-24-32-20,1,0.00105263,verse,deuteronomy,control_top200
pulse_count,5,78,21-24-32-20-50,1,0.00105263,verse,deuteronomy,control_top200
pulse_count,5,79,24-32-20-50-35,1,0.00105263,verse,deuteronomy,control_top200
pulse_count,5,80,32-20-50-35-35,1,0.00105263,verse,deuteronomy,control_top200
pulse_count,5,81,20-50-35-35-53,1,0.00105263,verse,deuteronomy,control_top200
pulse_count,5,82,50-35-35-53-38,1,0.00105263,verse,deuteronomy,control_top200
pulse_count,5,83,35-35-53-38-38,1,0.00105263,verse,deuteronomy,control_top200
pulse_count,5,84,35-53-38-38-30,1,0.00105263,verse,deuteronomy,control_top200
pulse_count,5,85,53-38-38-30-31,1,0.00105263,verse,deuteronomy,control_top200
pulse_count,5,86,38-38-30-31-16,1,0.00105263,verse,deuteronomy,control_top200
pulse_count,5,87,38-30-31-16-34,1,0.00105263,verse,deuteronomy,control_top200
pulse_count,5,88,30-31-16-34-19,1,0.00105263,verse,deuteronomy,control_top200
pulse_count,5,89,31-16-34-19-30,1,0.00105263,verse,deuteronomy,control_top200
pulse_count,5,90,16-34-19-30-48,1,0.00105263,verse,deuteronomy,control_top200
pulse_count,5,91,34-19-30-48-40,1,0.00105263,verse,deuteronomy,control_top200
pulse_count,5,92,19-30-48-40-45,1,0.00105263,verse,deuteronomy,control_top200
pulse_count,5,93,30-48-40-45-44,1,0.00105263,verse,deuteronomy,control_top200
pulse_count,5,94,48-40-45-44-11,1,0.00105263,verse,deuteronomy,control_top200
pulse_count,5,95,40-45-44-11-40,1,0.00105263,verse,deuteronomy,control_top200
pulse_count,5,96,45-44-11-40-34,1,0.00105263,verse,deuteronomy,control_top200
pulse_count,5,97,44-11-40-34-47,1,0.00105263,verse,deuteronomy,control_top200
pulse_count,5,98,11-40-34-47-32,1,0.00105263,verse,deuteronomy,control_top200
pulse_count,5,99,40-34-47-32-54,1,0.00105263,verse,deuteronomy,control_top200
pulse_count,5,100,34-47-32-54-57,1,0.00105263,verse,deuteronomy,control_top200
pulse_count,5,101,47-32-54-57-18,1,0.00105263,verse,deuteronomy,control_top200
pulse_count,5,102,32-54-57-18-13,1,0.00105263,verse,deuteronomy,control_top200
pulse_count,5,103,54-57-18-13-55,1,0.00105263,verse,deuteronomy,control_top200
pulse_count,5,104,57-18-13-55-29,1,0.00105263,verse,deuteronomy,control_top200
pulse_count,5,105,18-13-55-29-40,1,0.00105263,verse,deuteronomy,control_top200
pulse_count,5,106,13-55-29-40-40,1,0.00105263,verse,deuteronomy,control_top200
pulse_count,5,107,55-29-40-40-36,1,0.00105263,verse,deuteronomy,control_top200
pulse_count,5,108,29-40-40-36-8,1,0.00105263,verse,deuteronomy,control_top200
pulse_count,5,109,40-40-36-8-56,1,0.00105263,verse,deuteronomy,control_top200
pulse_count,5,110,40-36-8-56-47,1,0.00105263,verse,deuteronomy,control_top200
pulse_count,5,111,36-8-56-47-42,1,0.00105263,verse,deuteronomy,control_top200
pulse_count,5,112,8-56-47-42-18,1,0.00105263,verse,deuteronomy,control_top200
pulse_count,5,113,56-47-42-18-41,1,0.00105263,verse,deuteronomy,control_top200
pulse_count,5,114,47-42-18-41-47,1,0.00105263,verse,deuteronomy,control_top200
pulse_count,5,115,42-18-41-47-29,1,0.00105263,verse,deuteronomy,control_top200
pulse_count,5,116,18-41-47-29-36,1,0.00105263,verse,deuteronomy,control_top200
pulse_count,5,117,41-47-29-36-54,1,0.00105263,verse,deuteronomy,control_top200
pulse_count,5,118,47-29-36-54-68,1,0.00105263,verse,deuteronomy,control_top200
pulse_count,5,119,29-36-54-68-29,1,0.00105263,verse,deuteronomy,control_top200
pulse_count,5,120,36-54-68-29-31,1,0.00105263,verse,deuteronomy,control_top200
pulse_count,5,121,54-68-29-31-35,1,0.00105263,verse,deuteronomy,control_top200
pulse_count,5,122,68-29-31-35-41,1,0.00105263,verse,deuteronomy,control_top200
pulse_count,5,123,29-31-35-41-34,1,0.00105263,verse,deuteronomy,control_top200
pulse_count,5,124,31-35-41-34-26,1,0.00105263,verse,deuteronomy,control_top200
pulse_count,5,125,35-41-34-26-24,1,0.00105263,verse,deuteronomy,control_top200
pulse_count,5,126,41-34-26-24-23,1,0.00105263,verse,deuteronomy,control_top200
pulse_count,5,127,34-26-24-23-73,1,0.00105263,verse,deuteronomy,control_top200
pulse_count,5,128,26-24-23-73-32,1,0.00105263,verse,deuteronomy,control_top200
pulse_count,5,129,24-23-73-32-50,1,0.00105263,verse,deuteronomy,control_top200
pulse_count,5,130,23-73-32-50-34,1,0.00105263,verse,deuteronomy,control_top200
pulse_count,5,131,73-32-50-34-48,1,0.00105263,verse,deuteronomy,control_top200
pulse_count,5,132,32-50-34-48-16,1,0.00105263,verse,deuteronomy,control_top200
pulse_count,5,133,50-34-48-16-48,1,0.00105263,verse,deuteronomy,control_top200
pulse_count,5,134,34-48-16-48-59,1,0.00105263,verse,deuteronomy,control_top200
pulse_count,5,135,48-16-48-59-33,1,0.00105263,verse,deuteronomy,control_top200
pulse_count,5,136,16-48-59-33-35,1,0.00105263,verse,deuteronomy,control_top200
pulse_count,5,137,48-59-33-35-34,1,0.00105263,verse,deuteronomy,control_top200
pulse_count,5,138,59-33-35-34-38,1,0.00105263,verse,deuteronomy,control_top200
pulse_count,5,139,33-35-34-38-39,1,0.00105263,verse,deuteronomy,control_top200
pulse_count,5,140,35-34-38-39-66,1,0.00105263,verse,deuteronomy,control_top200
pulse_count,5,141,34-38-39-66-24,1,0.00105263,verse,deuteronomy,control_top200
pulse_count,5,142,38-39-66-24-75,1,0.00105263,verse,deuteronomy,control_top200
pulse_count,5,143,39-66-24-75-20,1,0.00105263,verse,deuteronomy,control_top200
pulse_count,5,144,66-24-75-20-37,1,0.00105263,verse,deuteronomy,control_top200
pulse_count,5,145,24-75-20-37-38,1,0.00105263,verse,deuteronomy,control_top200
pulse_count,5,146,75-20-37-38-35,1,0.00105263,verse,deuteronomy,control_top200
pulse_count,5,147,20-37-38-35-38,1,0.00105263,verse,deuteronomy,control_top200
pulse_count,5,148,37-38-35-38-64,1,0.00105263,verse,deuteronomy,control_top200
pulse_count,5,149,38-35-38-64-19,1,0.00105263,verse,deuteronomy,control_top200
pulse_count,5,150,35-38-64-19-37,1,0.00105263,verse,deuteronomy,control_top200
pulse_count,5,151,38-64-19-37-33,1,0.00105263,verse,deuteronomy,control_top200
pulse_count,5,152,64-19-37-33-16,1,0.00105263,verse,deuteronomy,control_top200
pulse_count,5,153,19-37-33-16-31,1,0.00105263,verse,deuteronomy,control_top200
pulse_count,5,154,37-33-16-31-44,1,0.00105263,verse,deuteronomy,control_top200
pulse_count,5,155,33-16-31-44-33,1,0.00105263,verse,deuteronomy,control_top200
pulse_count,5,156,16-31-44-33-17,1,0.00105263,verse,deuteronomy,control_top200
pulse_count,5,157,31-44-33-17-25,1,0.00105263,verse,deuteronomy,control_top200
pulse_count,5,158,44-33-17-25-53,1,0.00105263,verse,deuteronomy,control_top200
pulse_count,5,159,33-17-25-53-17,1,0.00105263,verse,deuteronomy,control_top200
pulse_count,5,160,17-25-53-17-33,1,0.00105263,verse,deuteronomy,control_top200
pulse_count,5,161,25-53-17-33-18,1,0.00105263,verse,deuteronomy,control_top200
pulse_count,5,162,53-17-33-18-43,1,0.00105263,verse,deuteronomy,control_top200
pulse_count,5,163,17-33-18-43-26,1,0.00105263,verse,deuteronomy,control_top200
pulse_count,5,164,33-18-43-26-15,1,0.00105263,verse,deuteronomy,control_top200
pulse_count,5,165,18-43-26-15-36,1,0.00105263,verse,deuteronomy,control_top200
pulse_count,5,166,43-26-15-36-44,1,0.00105263,verse,deuteronomy,control_top200
pulse_count,5,167,26-15-36-44-47,1,0.00105263,verse,deuteronomy,control_top200
pulse_count,5,168,15-36-44-47-35,1,0.00105263,verse,deuteronomy,control_top200
pulse_count,5,169,36-44-47-35-72,1,0.00105263,verse,deuteronomy,control_top200
pulse_count,5,170,44-47-35-72-57,1,0.00105263,verse,deuteronomy,control_top200
pulse_count,5,171,47-35-72-57-51,1,0.00105263,verse,deuteronomy,control_top200
pulse_count,5,172,35-72-57-51-3,1,0.00105263,verse,deuteronomy,control_top200
pulse_count,5,173,72-57-51-3-4,1,0.00105263,verse,deuteronomy,control_top200
pulse_count,5,174,57-51-3-4-4,1,0.00105263,verse,deuteronomy,control_top200
pulse_count,5,175,51-3-4-4-9,1,0.00105263,verse,deuteronomy,control_top200
pulse_count,5,176,3-4-4-9-37,1,0.00105263,verse,deuteronomy,control_top200
pulse_count,5,177,4-4-9-37-51,1,0.00105263,verse,deuteronomy,control_top200
pulse_count,5,178,4-9-37-51-36,1,0.00105263,verse,deuteronomy,control_top200
pulse_count,5,179,9-37-51-36-49,1,0.00105263,verse,deuteronomy,control_top200
pulse_count,5,180,37-51-36-49-39,1,0.00105263,verse,deuteronomy,control_top200
pulse_count,5,181,51-36-49-39-27,1,0.00105263,verse,deuteronomy,control_top200
pulse_count,5,182,36-49-39-27-51,1,0.00105263,verse,deuteronomy,control_top200
pulse_count,5,183,49-39-27-51-51,1,0.00105263,verse,deuteronomy,control_top200
pulse_count,5,184,39-27-51-51-41,1,0.00105263,verse,deuteronomy,control_top200
pulse_count,5,185,27-51-51-41-13,1,0.00105263,verse,deuteronomy,control_top200
pulse_count,5,186,51-51-41-13-49,1,0.00105263,verse,deuteronomy,control_top200
pulse_count,5,187,51-41-13-49-28,1,0.00105263,verse,deuteronomy,control_top200
pulse_count,5,188,41-13-49-28-42,1,0.00105263,verse,deuteronomy,control_top200
pulse_count,5,189,13-49-28-42-45,1,0.00105263,verse,deuteronomy,control_top200
pulse_count,5,190,49-28-42-45-56,1,0.00105263,verse,deuteronomy,control_top200
pulse_count,5,191,28-42-45-56-47,1,0.00105263,verse,deuteronomy,control_top200
pulse_count,5,192,42-45-56-47-16,1,0.00105263,verse,deuteronomy,control_top200
pulse_count,5,193,45-56-47-16-28,1,0.00105263,verse,deuteronomy,control_top200
pulse_count,5,194,56-47-16-28-23,1,0.00105263,verse,deuteronomy,control_top200
pulse_count,5,195,47-16-28-23-39,1,0.00105263,verse,deuteronomy,control_top200
pulse_count,5,196,16-28-23-39-20,1,0.00105263,verse,deuteronomy,control_top200
pulse_count,5,197,28-23-39-20-16,1,0.00105263,verse,deuteronomy,control_top200
pulse_count,5,198,23-39-20-16-53,1,0.00105263,verse,deuteronomy,control_top200
pulse_count,5,199,39-20-16-53-44,1,0.00105263,verse,deuteronomy,control_top200
pulse_count,5,200,20-16-53-44-27,1,0.00105263,verse,deuteronomy,control_top200
pulse_count,6,1,46-17-41-37-20-26,1,0.00105374,verse,deuteronomy,control_top200
pulse_count,6,2,17-41-37-20-26-55,1,0.00105374,verse,deuteronomy,control_top200
pulse_count,6,3,41-37-20-26-55-51,1,0.00105374,verse,deuteronomy,control_top200
pulse_count,6,4,37-20-26-55-51-19,1,0.00105374,verse,deuteronomy,control_top200
pulse_count,6,5,20-26-55-51-19-26,1,0.00105374,verse,deuteronomy,control_top200
pulse_count,6,6,26-55-51-19-26-32,1,0.00105374,verse,deuteronomy,control_top200
pulse_count,6,7,55-51-19-26-32-18,1,0.00105374,verse,deuteronomy,control_top200
pulse_count,6,8,51-19-26-32-18-27,1,0.00105374,verse,deuteronomy,control_top200
pulse_count,6,9,19-26-32-18-27-20,1,0.00105374,verse,deuteronomy,control_top200
pulse_count,6,10,26-32-18-27-20-54,1,0.00105374,verse,deuteronomy,control_top200
pulse_count,6,11,32-18-27-20-54-35,1,0.00105374,verse,deuteronomy,control_top200
pulse_count,6,12,18-27-20-54-35-51,1,0.00105374,verse,deuteronomy,control_top200
pulse_count,6,13,27-20-54-35-51-17,1,0.00105374,verse,deuteronomy,control_top200
pulse_count,6,14,20-54-35-51-17-55,1,0.00105374,verse,deuteronomy,control_top200
pulse_count,6,15,54-35-51-17-55-25,1,0.00105374,verse,deuteronomy,control_top200
pulse_count,6,16,35-51-17-55-25-41,1,0.00105374,verse,deuteronomy,control_top200
pulse_count,6,17,51-17-55-25-41-60,1,0.00105374,verse,deuteronomy,control_top200
pulse_count,6,18,17-55-25-41-60-25,1,0.00105374,verse,deuteronomy,control_top200
pulse_count,6,19,55-25-41-60-25-22,1,0.00105374,verse,deuteronomy,control_top200
pulse_count,6,20,25-41-60-25-22-47,1,0.00105374,verse,deuteronomy,control_top200
pulse_count,6,21,41-60-25-22-47-19,1,0.00105374,verse,deuteronomy,control_top200
pulse_count,6,22,60-25-22-47-19-44,1,0.00105374,verse,deuteronomy,control_top200
pulse_count,6,23,25-22-47-19-44-51,1,0.00105374,verse,deuteronomy,control_top200
pulse_count,6,24,22-47-19-44-51-14,1,0.00105374,verse,deuteronomy,control_top200
pulse_count,6,25,47-19-44-51-14-34,1,0.00105374,verse,deuteronomy,control_top200
pulse_count,6,26,19-44-51-14-34-47,1,0.00105374,verse,deuteronomy,control_top200
pulse_count,6,27,44-51-14-34-47-17,1,0.00105374,verse,deuteronomy,control_top200
pulse_count,6,28,51-14-34-47-17-40,1,0.00105374,verse,deuteronomy,control_top200
pulse_count,6,29,14-34-47-17-40-20,1,0.00105374,verse,deuteronomy,control_top200
pulse_count,6,30,34-47-17-40-20-32,1,0.00105374,verse,deuteronomy,control_top200
pulse_count,6,31,47-17-40-20-32-40,1,0.00105374,verse,deuteronomy,control_top200
pulse_count,6,32,17-40-20-32-40-20,1,0.00105374,verse,deuteronomy,control_top200
pulse_count,6,33,40-20-32-40-20-30,1,0.00105374,verse,deuteronomy,control_top200
pulse_count,6,34,20-32-40-20-30-43,1,0.00105374,verse,deuteronomy,control_top200
pulse_count,6,35,32-40-20-30-43-16,1,0.00105374,verse,deuteronomy,control_top200
pulse_count,6,36,40-20-30-43-16-59,1,0.00105374,verse,deuteronomy,control_top200
pulse_count,6,37,20-30-43-16-59-40,1,0.00105374,verse,deuteronomy,control_top200
pulse_count,6,38,30-43-16-59-40-29,1,0.00105374,verse,deuteronomy,control_top200
pulse_count,6,39,43-16-59-40-29-40,1,0.00105374,verse,deuteronomy,control_top200
pulse_count,6,40,16-59-40-29-40-30,1,0.00105374,verse,deuteronomy,control_top200
pulse_count,6,41,59-40-29-40-30-18,1,0.00105374,verse,deuteronomy,control_top200
pulse_count,6,42,40-29-40-30-18-33,1,0.00105374,verse,deuteronomy,control_top200
pulse_count,6,43,29-40-30-18-33-10,1,0.00105374,verse,deuteronomy,control_top200
pulse_count,6,44,40-30-18-33-10-16,1,0.00105374,verse,deuteronomy,control_top200
pulse_count,6,45,30-18-33-10-16-35,1,0.00105374,verse,deuteronomy,control_top200
pulse_count,6,46,18-33-10-16-35-31,1,0.00105374,verse,deuteronomy,control_top200
pulse_count,6,47,33-10-16-35-31-28,1,0.00105374,verse,deuteronomy,control_top200
pulse_count,6,48,10-16-35-31-28-52,1,0.00105374,verse,deuteronomy,control_top200
pulse_count,6,49,16-35-31-28-52-41,1,0.00105374,verse,deuteronomy,control_top200
pulse_count,6,50,35-31-28-52-41-44,1,0.00105374,verse,deuteronomy,control_top200
pulse_count,6,51,31-28-52-41-44-18,1,0.00105374,verse,deuteronomy,control_top200
pulse_count,6,52,28-52-41-44-18-20,1,0.00105374,verse,deuteronomy,control_top200
pulse_count,6,53,52-41-44-18-20-52,1,0.00105374,verse,deuteronomy,control_top200
pulse_count,6,54,41-44-18-20-52-21,1,0.00105374,verse,deuteronomy,control_top200
pulse_count,6,55,44-18-20-52-21-62,1,0.00105374,verse,deuteronomy,control_top200
pulse_count,6,56,18-20-52-21-62-22,1,0.00105374,verse,deuteronomy,control_top200
pulse_count,6,57,20-52-21-62-22-21,1,0.00105374,verse,deuteronomy,control_top200
pulse_count,6,58,52-21-62-22-21-10,1,0.00105374,verse,deuteronomy,control_top200
pulse_count,6,59,21-62-22-21-10-12,1,0.00105374,verse,deuteronomy,control_top200
pulse_count,6,60,62-22-21-10-12-42,1,0.00105374,verse,deuteronomy,control_top200
pulse_count,6,61,22-21-10-12-42-28,1,0.00105374,verse,deuteronomy,control_top200
pulse_count,6,62,21-10-12-42-28-29,1,0.00105374,verse,deuteronomy,control_top200
pulse_count,6,63,10-12-42-28-29-39,1,0.00105374,verse,deuteronomy,control_top200
pulse_count,6,64,12-42-28-29-39-31,1,0.00105374,verse,deuteronomy,control_top200
pulse_count,6,65,42-28-29-39-31-41,1,0.00105374,verse,deuteronomy,control_top200
pulse_count,6,66,28-29-39-31-41-43,1,0.00105374,verse,deuteronomy,control_top200
pulse_count,6,67,29-39-31-41-43-24,1,0.00105374,verse,deuteronomy,control_top200
pulse_count,6,68,39-31-41-43-24-22,1,0.00105374,verse,deuteronomy,control_top200
pulse_count,6,69,31-41-43-24-22-32,1,0.00105374,verse,deuteronomy,control_top200
pulse_count,6,70,41-43-24-22-32-49,1,0.00105374,verse,deuteronomy,control_top200
pulse_count,6,71,43-24-22-32-49-45,1,0.00105374,verse,deuteronomy,control_top200
pulse_count,6,72,24-22-32-49-45-33,1,0.00105374,verse,deuteronomy,control_top200
pulse_count,6,73,22-32-49-45-33-21,1,0.00105374,verse,deuteronomy,control_top200
pulse_count,6,74,32-49-45-33-21-24,1,0.00105374,verse,deuteronomy,control_top200
pulse_count,6,75,49-45-33-21-24-32,1,0.00105374,verse,deuteronomy,control_top200
pulse_count,6,76,45-33-21-24-32-20,1,0.00105374,verse,deuteronomy,control_top200
pulse_count,6,77,33-21-24-32-20-50,1,0.00105374,verse,deuteronomy,control_top200
pulse_count,6,78,21-24-32-20-50-35,1,0.00105374,verse,deuteronomy,control_top200
pulse_count,6,79,24-32-20-50-35-35,1,0.00105374,verse,deuteronomy,control_top200
pulse_count,6,80,32-20-50-35-35-53,1,0.00105374,verse,deuteronomy,control_top200
pulse_count,6,81,20-50-35-35-53-38,1,0.00105374,verse,deuteronomy,control_top200
pulse_count,6,82,50-35-35-53-38-38,1,0.00105374,verse,deuteronomy,control_top200
pulse_count,6,83,35-35-53-38-38-30,1,0.00105374,verse,deuteronomy,control_top200
pulse_count,6,84,35-53-38-38-30-31,1,0.00105374,verse,deuteronomy,control_top200
pulse_count,6,85,53-38-38-30-31-16,1,0.00105374,verse,deuteronomy,control_top200
pulse_count,6,86,38-38-30-31-16-34,1,0.00105374,verse,deuteronomy,control_top200
pulse_count,6,87,38-30-31-16-34-19,1,0.00105374,verse,deuteronomy,control_top200
pulse_count,6,88,30-31-16-34-19-30,1,0.00105374,verse,deuteronomy,control_top200
pulse_count,6,89,31-16-34-19-30-48,1,0.00105374,verse,deuteronomy,control_top200
pulse_count,6,90,16-34-19-30-48-40,1,0.00105374,verse,deuteronomy,control_top200
pulse_count,6,91,34-19-30-48-40-45,1,0.00105374,verse,deuteronomy,control_top200
pulse_count,6,92,19-30-48-40-45-44,1,0.00105374,verse,deuteronomy,control_top200
pulse_count,6,93,30-48-40-45-44-11,1,0.00105374,verse,deuteronomy,control_top200
pulse_count,6,94,48-40-45-44-11-40,1,0.00105374,verse,deuteronomy,control_top200
pulse_count,6,95,40-45-44-11-40-34,1,0.00105374,verse,deuteronomy,control_top200
pulse_count,6,96,45-44-11-40-34-47,1,0.00105374,verse,deuteronomy,control_top200
pulse_count,6,97,44-11-40-34-47-32,1,0.00105374,verse,deuteronomy,control_top200
pulse_count,6,98,11-40-34-47-32-54,1,0.00105374,verse,deuteronomy,control_top200
pulse_count,6,99,40-34-47-32-54-57,1,0.00105374,verse,deuteronomy,control_top200
pulse_count,6,100,34-47-32-54-57-18,1,0.00105374,verse,deuteronomy,control_top200
pulse_count,6,101,47-32-54-57-18-13,1,0.00105374,verse,deuteronomy,control_top200
pulse_count,6,102,32-54-57-18-13-55,1,0.00105374,verse,deuteronomy,control_top200
pulse_count,6,103,54-57-18-13-55-29,1,0.00105374,verse,deuteronomy,control_top200
pulse_count,6,104,57-18-13-55-29-40,1,0.00105374,verse,deuteronomy,control_top200
pulse_count,6,105,18-13-55-29-40-40,1,0.00105374,verse,deuteronomy,control_top200
pulse_count,6,106,13-55-29-40-40-36,1,0.00105374,verse,deuteronomy,control_top200
pulse_count,6,107,55-29-40-40-36-8,1,0.00105374,verse,deuteronomy,control_top200
pulse_count,6,108,29-40-40-36-8-56,1,0.00105374,verse,deuteronomy,control_top200
pulse_count,6,109,40-40-36-8-56-47,1,0.00105374,verse,deuteronomy,control_top200
pulse_count,6,110,40-36-8-56-47-42,1,0.00105374,verse,deuteronomy,control_top200
pulse_count,6,111,36-8-56-47-42-18,1,0.00105374,verse,deuteronomy,control_top200
pulse_count,6,112,8-56-47-42-18-41,1,0.00105374,verse,deuteronomy,control_top200
pulse_count,6,113,56-47-42-18-41-47,1,0.00105374,verse,deuteronomy,control_top200
pulse_count,6,114,47-42-18-41-47-29,1,0.00105374,verse,deuteronomy,control_top200
pulse_count,6,115,42-18-41-47-29-36,1,0.00105374,verse,deuteronomy,control_top200
pulse_count,6,116,18-41-47-29-36-54,1,0.00105374,verse,deuteronomy,control_top200
pulse_count,6,117,41-47-29-36-54-68,1,0.00105374,verse,deuteronomy,control_top200
pulse_count,6,118,47-29-36-54-68-29,1,0.00105374,verse,deuteronomy,control_top200
pulse_count,6,119,29-36-54-68-29-31,1,0.00105374,verse,deuteronomy,control_top200
pulse_count,6,120,36-54-68-29-31-35,1,0.00105374,verse,deuteronomy,control_top200
pulse_count,6,121,54-68-29-31-35-41,1,0.00105374,verse,deuteronomy,control_top200
pulse_count,6,122,68-29-31-35-41-34,1,0.00105374,verse,deuteronomy,control_top200
pulse_count,6,123,29-31-35-41-34-26,1,0.00105374,verse,deuteronomy,control_top200
pulse_count,6,124,31-35-41-34-26-24,1,0.00105374,verse,deuteronomy,control_top200
pulse_count,6,125,35-41-34-26-24-23,1,0.00105374,verse,deuteronomy,control_top200
pulse_count,6,126,41-34-26-24-23-73,1,0.00105374,verse,deuteronomy,control_top200
pulse_count,6,127,34-26-24-23-73-32,1,0.00105374,verse,deuteronomy,control_top200
pulse_count,6,128,26-24-23-73-32-50,1,0.00105374,verse,deuteronomy,control_top200
pulse_count,6,129,24-23-73-32-50-34,1,0.00105374,verse,deuteronomy,control_top200
pulse_count,6,130,23-73-32-50-34-48,1,0.00105374,verse,deuteronomy,control_top200
pulse_count,6,131,73-32-50-34-48-16,1,0.00105374,verse,deuteronomy,control_top200
pulse_count,6,132,32-50-34-48-16-48,1,0.00105374,verse,deuteronomy,control_top200
pulse_count,6,133,50-34-48-16-48-59,1,0.00105374,verse,deuteronomy,control_top200
pulse_count,6,134,34-48-16-48-59-33,1,0.00105374,verse,deuteronomy,control_top200
pulse_count,6,135,48-16-48-59-33-35,1,0.00105374,verse,deuteronomy,control_top200
pulse_count,6,136,16-48-59-33-35-34,1,0.00105374,verse,deuteronomy,control_top200
pulse_count,6,137,48-59-33-35-34-38,1,0.00105374,verse,deuteronomy,control_top200
pulse_count,6,138,59-33-35-34-38-39,1,0.00105374,verse,deuteronomy,control_top200
pulse_count,6,139,33-35-34-38-39-66,1,0.00105374,verse,deuteronomy,control_top200
pulse_count,6,140,35-34-38-39-66-24,1,0.00105374,verse,deuteronomy,control_top200
pulse_count,6,141,34-38-39-66-24-75,1,0.00105374,verse,deuteronomy,control_top200
pulse_count,6,142,38-39-66-24-75-20,1,0.00105374,verse,deuteronomy,control_top200
pulse_count,6,143,39-66-24-75-20-37,1,0.00105374,verse,deuteronomy,control_top200
pulse_count,6,144,66-24-75-20-37-38,1,0.00105374,verse,deuteronomy,control_top200
pulse_count,6,145,24-75-20-37-38-35,1,0.00105374,verse,deuteronomy,control_top200
pulse_count,6,146,75-20-37-38-35-38,1,0.00105374,verse,deuteronomy,control_top200
pulse_count,6,147,20-37-38-35-38-64,1,0.00105374,verse,deuteronomy,control_top200
pulse_count,6,148,37-38-35-38-64-19,1,0.00105374,verse,deuteronomy,control_top200
pulse_count,6,149,38-35-38-64-19-37,1,0.00105374,verse,deuteronomy,control_top200
pulse_count,6,150,35-38-64-19-37-33,1,0.00105374,verse,deuteronomy,control_top200
pulse_count,6,151,38-64-19-37-33-16,1,0.00105374,verse,deuteronomy,control_top200
pulse_count,6,152,64-19-37-33-16-31,1,0.00105374,verse,deuteronomy,control_top200
pulse_count,6,153,19-37-33-16-31-44,1,0.00105374,verse,deuteronomy,control_top200
pulse_count,6,154,37-33-16-31-44-33,1,0.00105374,verse,deuteronomy,control_top200
pulse_count,6,155,33-16-31-44-33-17,1,0.00105374,verse,deuteronomy,control_top200
pulse_count,6,156,16-31-44-33-17-25,1,0.00105374,verse,deuteronomy,control_top200
pulse_count,6,157,31-44-33-17-25-53,1,0.00105374,verse,deuteronomy,control_top200
pulse_count,6,158,44-33-17-25-53-17,1,0.00105374,verse,deuteronomy,control_top200
pulse_count,6,159,33-17-25-53-17-33,1,0.00105374,verse,deuteronomy,control_top200
pulse_count,6,160,17-25-53-17-33-18,1,0.00105374,verse,deuteronomy,control_top200
pulse_count,6,161,25-53-17-33-18-43,1,0.00105374,verse,deuteronomy,control_top200
pulse_count,6,162,53-17-33-18-43-26,1,0.00105374,verse,deuteronomy,control_top200
pulse_count,6,163,17-33-18-43-26-15,1,0.00105374,verse,deuteronomy,control_top200
pulse_count,6,164,33-18-43-26-15-36,1,0.00105374,verse,deuteronomy,control_top200
pulse_count,6,165,18-43-26-15-36-44,1,0.00105374,verse,deuteronomy,control_top200
pulse_count,6,166,43-26-15-36-44-47,1,0.00105374,verse,deuteronomy,control_top200
pulse_count,6,167,26-15-36-44-47-35,1,0.00105374,verse,deuteronomy,control_top200
pulse_count,6,168,15-36-44-47-35-72,1,0.00105374,verse,deuteronomy,control_top200
pulse_count,6,169,36-44-47-35-72-57,1,0.00105374,verse,deuteronomy,control_top200
pulse_count,6,170,44-47-35-72-57-51,1,0.00105374,verse,deuteronomy,control_top200
pulse_count,6,171,47-35-72-57-51-3,1,0.00105374,verse,deuteronomy,control_top200
pulse_count,6,172,35-72-57-51-3-4,1,0.00105374,verse,deuteronomy,control_top200
pulse_count,6,173,72-57-51-3-4-4,1,0.00105374,verse,deuteronomy,control_top200
pulse_count,6,174,57-51-3-4-4-9,1,0.00105374,verse,deuteronomy,control_top200
pulse_count,6,175,51-3-4-4-9-37,1,0.00105374,verse,deuteronomy,control_top200
pulse_count,6,176,3-4-4-9-37-51,1,0.00105374,verse,deuteronomy,control_top200
pulse_count,6,177,4-4-9-37-51-36,1,0.00105374,verse,deuteronomy,control_top200
pulse_count,6,178,4-9-37-51-36-49,1,0.00105374,verse,deuteronomy,control_top200
pulse_count,6,179,9-37-51-36-49-39,1,0.00105374,verse,deuteronomy,control_top200
pulse_count,6,180,37-51-36-49-39-27,1,0.00105374,verse,deuteronomy,control_top200
pulse_count,6,181,51-36-49-39-27-51,1,0.00105374,verse,deuteronomy,control_top200
pulse_count,6,182,36-49-39-27-51-51,1,0.00105374,verse,deuteronomy,control_top200
pulse_count,6,183,49-39-27-51-51-41,1,0.00105374,verse,deuteronomy,control_top200
pulse_count,6,184,39-27-51-51-41-13,1,0.00105374,verse,deuteronomy,control_top200
pulse_count,6,185,27-51-51-41-13-49,1,0.00105374,verse,deuteronomy,control_top200
pulse_count,6,186,51-51-41-13-49-28,1,0.00105374,verse,deuteronomy,control_top200
pulse_count,6,187,51-41-13-49-28-42,1,0.00105374,verse,deuteronomy,control_top200
pulse_count,6,188,41-13-49-28-42-45,1,0.00105374,verse,deuteronomy,control_top200
pulse_count,6,189,13-49-28-42-45-56,1,0.00105374,verse,deuteronomy,control_top200
pulse_count,6,190,49-28-42-45-56-47,1,0.00105374,verse,deuteronomy,control_top200
pulse_count,6,191,28-42-45-56-47-16,1,0.00105374,verse,deuteronomy,control_top200
pulse_count,6,192,42-45-56-47-16-28,1,0.00105374,verse,deuteronomy,control_top200
pulse_count,6,193,45-56-47-16-28-23,1,0.00105374,verse,deuteronomy,control_top200
pulse_count,6,194,56-47-16-28-23-39,1,0.00105374,verse,deuteronomy,control_top200
pulse_count,6,195,47-16-28-23-39-20,1,0.00105374,verse,deuteronomy,control_top200
pulse_count,6,196,16-28-23-39-20-16,1,0.00105374,verse,deuteronomy,control_top200
pulse_count,6,197,28-23-39-20-16-53,1,0.00105374,verse,deuteronomy,control_top200
pulse_count,6,198,23-39-20-16-53-44,1,0.00105374,verse,deuteronomy,control_top200
pulse_count,6,199,39-20-16-53-44-27,1,0.00105374,verse,deuteronomy,control_top200
pulse_count,6,200,20-16-53-44-27-20,1,0.00105374,verse,deuteronomy,control_top200
accent_count,2,1,15-10,11,0.0115425,verse,deuteronomy,control_top200
accent_count,2,2,12-12,11,0.0115425,verse,deuteronomy,control_top200
accent_count,2,3,16-10,10,0.01049318,verse,deuteronomy,control_top200
accent_count,2,4,14-11,8,0.00839454,verse,deuteronomy,control_top200
accent_count,2,5,11-11,8,0.00839454,verse,deuteronomy,control_top200
accent_count,2,6,10-10,7,0.00734523,verse,deuteronomy,control_top200
accent_count,2,7,7-11,7,0.00734523,verse,deuteronomy,control_top200
accent_count,2,8,10-18,6,0.00629591,verse,deuteronomy,control_top200
accent_count,2,9,19-14,6,0.00629591,verse,deuteronomy,control_top200
accent_count,2,10,13-19,6,0.00629591,verse,deuteronomy,control_top200
accent_count,2,11,11-15,6,0.00629591,verse,deuteronomy,control_top200
accent_count,2,12,10-8,6,0.00629591,verse,deuteronomy,control_top200
accent_count,2,13,8-18,6,0.00629591,verse,deuteronomy,control_top200
accent_count,2,14,9-17,6,0.00629591,verse,deuteronomy,control_top200
accent_count,2,15,6-14,6,0.00629591,verse,deuteronomy,control_top200
accent_count,2,16,10-7,6,0.00629591,verse,deuteronomy,control_top200
accent_count,2,17,9-14,6,0.00629591,verse,deuteronomy,control_top200
accent_count,2,18,10-11,6,0.00629591,verse,deuteronomy,control_top200
accent_count,2,19,14-10,6,0.00629591,verse,deuteronomy,control_top200
accent_count,2,20,12-15,6,0.00629591,verse,deuteronomy,control_top200
accent_count,2,21,12-10,6,0.00629591,verse,deuteronomy,control_top200
accent_count,2,22,11-9,6,0.00629591,verse,deuteronomy,control_top200
accent_count,2,23,8-11,6,0.00629591,verse,deuteronomy,control_top200
accent_count,2,24,18-16,5,0.00524659,verse,deuteronomy,control_top200
accent_count,2,25,18-9,5,0.00524659,verse,deuteronomy,control_top200
accent_count,2,26,9-9,5,0.00524659,verse,deuteronomy,control_top200
accent_count,2,27,7-20,5,0.00524659,verse,deuteronomy,control_top200
accent_count,2,28,14-21,5,0.00524659,verse,deuteronomy,control_top200
accent_count,2,29,14-17,5,0.00524659,verse,deuteronomy,control_top200
accent_count,2,30,8-12,5,0.00524659,verse,deuteronomy,control_top200
accent_count,2,31,12-18,5,0.00524659,verse,deuteronomy,control_top200
accent_count,2,32,18-7,5,0.00524659,verse,deuteronomy,control_top200
accent_count,2,33,12-11,5,0.00524659,verse,deuteronomy,control_top200
accent_count,2,34,7-7,5,0.00524659,verse,deuteronomy,control_top200
accent_count,2,35,7-12,5,0.00524659,verse,deuteronomy,control_top200
accent_count,2,36,14-13,5,0.00524659,verse,deuteronomy,control_top200
accent_count,2,37,15-15,5,0.00524659,verse,deuteronomy,control_top200
accent_count,2,38,12-14,5,0.00524659,verse,deuteronomy,control_top200
accent_count,2,39,11-10,5,0.00524659,verse,deuteronomy,control_top200
accent_count,2,40,10-12,5,0.00524659,verse,deuteronomy,control_top200
accent_count,2,41,9-6,5,0.00524659,verse,deuteronomy,control_top200
accent_count,2,42,6-15,5,0.00524659,verse,deuteronomy,control_top200
accent_count,2,43,16-12,5,0.00524659,verse,deuteronomy,control_top200
accent_count,2,44,19-11,5,0.00524659,verse,deuteronomy,control_top200
accent_count,2,45,17-10,5,0.00524659,verse,deuteronomy,control_top200
accent_count,2,46,10-16,5,0.00524659,verse,deuteronomy,control_top200
accent_count,2,47,16-15,5,0.00524659,verse,deuteronomy,control_top200
accent_count,2,48,11-13,5,0.00524659,verse,deuteronomy,control_top200
accent_count,2,49,11-18,5,0.00524659,verse,deuteronomy,control_top200
accent_count,2,50,10-6,5,0.00524659,verse,deuteronomy,control_top200
accent_count,2,51,10-17,5,0.00524659,verse,deuteronomy,control_top200
accent_count,2,52,14-14,5,0.00524659,verse,deuteronomy,control_top200
accent_count,2,53,18-14,5,0.00524659,verse,deuteronomy,control_top200
accent_count,2,54,14-12,5,0.00524659,verse,deuteronomy,control_top200
accent_count,2,55,13-13,5,0.00524659,verse,deuteronomy,control_top200
accent_count,2,56,11-14,5,0.00524659,verse,deuteronomy,control_top200
accent_count,2,57,15-12,5,0.00524659,verse,deuteronomy,control_top200
accent_count,2,58,11-12,5,0.00524659,verse,deuteronomy,control_top200
accent_count,2,59,11-6,5,0.00524659,verse,deuteronomy,control_top200
accent_count,2,60,9-13,4,0.00419727,verse,deuteronomy,control_top200
accent_count,2,61,6-9,4,0.00419727,verse,deuteronomy,control_top200
accent_count,2,62,9-7,4,0.00419727,verse,deuteronomy,control_top200
accent_count,2,63,20-14,4,0.00419727,verse,deuteronomy,control_top200
accent_count,2,64,22-9,4,0.00419727,verse,deuteronomy,control_top200
accent_count,2,65,11-8,4,0.00419727,verse,deuteronomy,control_top200
accent_count,2,66,7-14,4,0.00419727,verse,deuteronomy,control_top200
accent_count,2,67,14-19,4,0.00419727,verse,deuteronomy,control_top200
accent_count,2,68,19-6,4,0.00419727,verse,deuteronomy,control_top200
accent_count,2,69,13-16,4,0.00419727,verse,deuteronomy,control_top200
accent_count,2,70,7-19,4,0.00419727,verse,deuteronomy,control_top200
accent_count,2,71,15-11,4,0.00419727,verse,deuteronomy,control_top200
accent_count,2,72,14-16,4,0.00419727,verse,deuteronomy,control_top200
accent_count,2,73,16-19,4,0.00419727,verse,deuteronomy,control_top200
accent_count,2,74,19-9,4,0.00419727,verse,deuteronomy,control_top200
accent_count,2,75,6-18,4,0.00419727,verse,deuteronomy,control_top200
accent_count,2,76,10-9,4,0.00419727,verse,deuteronomy,control_top200
accent_count,2,77,9-11,4,0.00419727,verse,deuteronomy,control_top200
accent_count,2,78,21-14,4,0.00419727,verse,deuteronomy,control_top200
accent_count,2,79,17-12,4,0.00419727,verse,deuteronomy,control_top200
accent_count,2,80,15-7,4,0.00419727,verse,deuteronomy,control_top200
accent_count,2,81,15-17,4,0.00419727,verse,deuteronomy,control_top200
accent_count,2,82,17-17,4,0.00419727,verse,deuteronomy,control_top200
accent_count,2,83,15-13,4,0.00419727,verse,deuteronomy,control_top200
accent_count,2,84,15-19,4,0.00419727,verse,deuteronomy,control_top200
accent_count,2,85,12-13,4,0.00419727,verse,deuteronomy,control_top200
accent_count,2,86,17-11,4,0.00419727,verse,deuteronomy,control_top200
accent_count,2,87,17-19,4,0.00419727,verse,deuteronomy,control_top200
accent_count,2,88,16-17,4,0.00419727,verse,deuteronomy,control_top200
accent_count,2,89,9-15,4,0.00419727,verse,deuteronomy,control_top200
accent_count,2,90,19-12,4,0.00419727,verse,deuteronomy,control_top200
accent_count,2,91,10-14,4,0.00419727,verse,deuteronomy,control_top200
accent_count,2,92,18-13,4,0.00419727,verse,deuteronomy,control_top200
accent_count,2,93,21-10,4,0.00419727,verse,deuteronomy,control_top200
accent_count,2,94,13-20,4,0.00419727,verse,deuteronomy,control_top200
accent_count,2,95,13-11,4,0.00419727,verse,deuteronomy,control_top200
accent_count,2,96,14-18,4,0.00419727,verse,deuteronomy,control_top200
accent_count,2,97,13-10,4,0.00419727,verse,deuteronomy,control_top200
accent_count,2,98,20-9,3,0.00314795,verse,deuteronomy,control_top200
accent_count,2,99,13-6,3,0.00314795,verse,deuteronomy,control_top200
accent_count,2,100,8-22,3,0.00314795,verse,deuteronomy,control_top200
accent_count,2,101,9-16,3,0.00314795,verse,deuteronomy,control_top200
accent_count,2,102,8-16,3,0.00314795,verse,deuteronomy,control_top200
accent_count,2,103,17-8,3,0.00314795,verse,deuteronomy,control_top200
accent_count,2,104,19-15,3,0.00314795,verse,deuteronomy,control_top200
accent_count,2,105,11-7,3,0.00314795,verse,deuteronomy,control_top200
accent_count,2,106,7-13,3,0.00314795,verse,deuteronomy,control_top200
accent_count,2,107,10-21,3,0.00314795,verse,deuteronomy,control_top200
accent_count,2,108,9-8,3,0.00314795,verse,deuteronomy,control_top200
accent_count,2,109,9-21,3,0.00314795,verse,deuteronomy,control_top200
accent_count,2,110,19-13,3,0.00314795,verse,deuteronomy,control_top200
accent_count,2,111,12-8,3,0.00314795,verse,deuteronomy,control_top200
accent_count,2,112,12-5,3,0.00314795,verse,deuteronomy,control_top200
accent_count,2,113,18-11,3,0.00314795,verse,deuteronomy,control_top200
accent_count,2,114,18-18,3,0.00314795,verse,deuteronomy,control_top200
accent_count,2,115,13-17,3,0.00314795,verse,deuteronomy,control_top200
accent_count,2,116,13-14,3,0.00314795,verse,deuteronomy,control_top200
accent_count,2,117,14-8,3,0.00314795,verse,deuteronomy,control_top200
accent_count,2,118,8-10,3,0.00314795,verse,deuteronomy,control_top200
accent_count,2,119,19-16,3,0.00314795,verse,deuteronomy,control_top200
accent_count,2,120,12-19,3,0.00314795,verse,deuteronomy,control_top200
accent_count,2,121,19-20,3,0.00314795,verse,deuteronomy,control_top200
accent_count,2,122,20-16,3,0.00314795,verse,deuteronomy,control_top200
accent_count,2,123,6-7,3,0.00314795,verse,deuteronomy,control_top200
accent_count,2,124,7-9,3,0.00314795,verse,deuteronomy,control_top200
accent_count,2,125,14-7,3,0.00314795,verse,deuteronomy,control_top200
accent_count,2,126,13-9,3,0.00314795,verse,deuteronomy,control_top200
accent_count,2,127,9-12,3,0.00314795,verse,deuteronomy,control_top200
accent_count,2,128,21-15,3,0.00314795,verse,deuteronomy,control_top200
accent_count,2,129,15-9,3,0.00314795,verse,deuteronomy,control_top200
accent_count,2,130,20-8,3,0.00314795,verse,deuteronomy,control_top200
accent_count,2,131,8-14,3,0.00314795,verse,deuteronomy,control_top200
accent_count,2,132,17-18,3,0.00314795,verse,deuteronomy,control_top200
accent_count,2,133,15-8,3,0.00314795,verse,deuteronomy,control_top200
accent_count,2,134,21-12,3,0.00314795,verse,deuteronomy,control_top200
accent_count,2,135,6-11,3,0.00314795,verse,deuteronomy,control_top200
accent_count,2,136,12-20,3,0.00314795,verse,deuteronomy,control_top200
accent_count,2,137,18-8,3,0.00314795,verse,deuteronomy,control_top200
accent_count,2,138,7-17,3,0.00314795,verse,deuteronomy,control_top200
accent_count,2,139,5-8,3,0.00314795,verse,deuteronomy,control_top200
accent_count,2,140,13-12,3,0.00314795,verse,deuteronomy,control_top200
accent_count,2,141,14-15,3,0.00314795,verse,deuteronomy,control_top200
accent_count,2,142,17-16,3,0.00314795,verse,deuteronomy,control_top200
accent_count,2,143,17-7,3,0.00314795,verse,deuteronomy,control_top200
accent_count,2,144,8-8,3,0.00314795,verse,deuteronomy,control_top200
accent_count,2,145,5-11,3,0.00314795,verse,deuteronomy,control_top200
accent_count,2,146,12-6,3,0.00314795,verse,deuteronomy,control_top200
accent_count,2,147,19-18,2,0.00209864,verse,deuteronomy,control_top200
accent_count,2,148,20-11,2,0.00209864,verse,deuteronomy,control_top200
accent_count,2,149,16-7,2,0.00209864,verse,deuteronomy,control_top200
accent_count,2,150,6-13,2,0.00209864,verse,deuteronomy,control_top200
accent_count,2,151,16-6,2,0.00209864,verse,deuteronomy,control_top200
accent_count,2,152,6-16,2,0.00209864,verse,deuteronomy,control_top200
accent_count,2,153,10-15,2,0.00209864,verse,deuteronomy,control_top200
accent_count,2,154,8-19,2,0.00209864,verse,deuteronomy,control_top200
accent_count,2,155,21-9,2,0.00209864,verse,deuteronomy,control_top200
accent_count,2,156,7-4,2,0.00209864,verse,deuteronomy,control_top200
accent_count,2,157,4-6,2,0.00209864,verse,deuteronomy,control_top200
accent_count,2,158,11-16,2,0.00209864,verse,deuteronomy,control_top200
accent_count,2,159,11-19,2,0.00209864,verse,deuteronomy,control_top200
accent_count,2,160,13-21,2,0.00209864,verse,deuteronomy,control_top200
accent_count,2,161,23-15,2,0.00209864,verse,deuteronomy,control_top200
accent_count,2,162,21-23,2,0.00209864,verse,deuteronomy,control_top200
accent_count,2,163,23-8,2,0.00209864,verse,deuteronomy,control_top200
accent_count,2,164,8-5,2,0.00209864,verse,deuteronomy,control_top200
accent_count,2,165,5-18,2,0.00209864,verse,deuteronomy,control_top200
accent_count,2,166,11-17,2,0.00209864,verse,deuteronomy,control_top200
accent_count,2,167,17-15,2,0.00209864,verse,deuteronomy,control_top200
accent_count,2,168,21-18,2,0.00209864,verse,deuteronomy,control_top200
accent_count,2,169,25-12,2,0.00209864,verse,deuteronomy,control_top200
accent_count,2,170,16-14,2,0.00209864,verse,deuteronomy,control_top200
accent_count,2,171,18-24,2,0.00209864,verse,deuteronomy,control_top200
accent_count,2,172,24-13,2,0.00209864,verse,deuteronomy,control_top200
accent_count,2,173,16-9,2,0.00209864,verse,deuteronomy,control_top200
accent_count,2,174,14-22,2,0.00209864,verse,deuteronomy,control_top200
accent_count,2,175,11-20,2,0.00209864,verse,deuteronomy,control_top200
accent_count,2,176,18-6,2,0.00209864,verse,deuteronomy,control_top200
accent_count,2,177,13-24,2,0.00209864,verse,deuteronomy,control_top200
accent_count,2,178,2-2,2,0.00209864,verse,deuteronomy,control_top200
accent_count,2,179,21-13,2,0.00209864,verse,deuteronomy,control_top200
accent_count,2,180,6-19,2,0.00209864,verse,deuteronomy,control_top200
accent_count,2,181,7-8,2,0.00209864,verse,deuteronomy,control_top200
accent_count,2,182,12-21,2,0.00209864,verse,deuteronomy,control_top200
accent_count,2,183,18-10,2,0.00209864,verse,deuteronomy,control_top200
accent_count,2,184,12-9,2,0.00209864,verse,deuteronomy,control_top200
accent_count,2,185,15-22,2,0.00209864,verse,deuteronomy,control_top200
accent_count,2,186,22-6,2,0.00209864,verse,deuteronomy,control_top200
accent_count,2,187,17-9,2,0.00209864,verse,deuteronomy,control_top200
accent_count,2,188,13-15,2,0.00209864,verse,deuteronomy,control_top200
accent_count,2,189,18-15,2,0.00209864,verse,deuteronomy,control_top200
accent_count,2,190,15-18,2,0.00209864,verse,deuteronomy,control_top200
accent_count,2,191,15-20,2,0.00209864,verse,deuteronomy,control_top200
accent_count,2,192,20-10,2,0.00209864,verse,deuteronomy,control_top200
accent_count,2,193,8-13,2,0.00209864,verse,deuteronomy,control_top200
accent_count,2,194,13-8,2,0.00209864,verse,deuteronomy,control_top200
accent_count,2,195,15-21,2,0.00209864,verse,deuteronomy,control_top200
accent_count,2,196,11-21,2,0.00209864,verse,deuteronomy,control_top200
accent_count,2,197,16-16,2,0.00209864,verse,deuteronomy,control_top200
accent_count,2,198,18-19,2,0.00209864,verse,deuteronomy,control_top200
accent_count,2,199,5-14,2,0.00209864,verse,deuteronomy,control_top200
accent_count,2,200,14-27,2,0.00209864,verse,deuteronomy,control_top200
accent_count,3,1,15-7-11,3,0.00315126,verse,deuteronomy,control_top200
accent_count,3,2,6-14-11,3,0.00315126,verse,deuteronomy,control_top200
accent_count,3,3,15-10-6,3,0.00315126,verse,deuteronomy,control_top200
accent_count,3,4,11-9-14,3,0.00315126,verse,deuteronomy,control_top200
accent_count,3,5,12-10-14,3,0.00315126,verse,deuteronomy,control_top200
accent_count,3,6,18-16-10,2,0.00210084,verse,deuteronomy,control_top200
accent_count,3,7,18-9-9,2,0.00210084,verse,deuteronomy,control_top200
accent_count,3,8,8-22-9,2,0.00210084,verse,deuteronomy,control_top200
accent_count,3,9,22-9-16,2,0.00210084,verse,deuteronomy,control_top200
accent_count,3,10,16-7-14,2,0.00210084,verse,deuteronomy,control_top200
accent_count,3,11,12-18-7,2,0.00210084,verse,deuteronomy,control_top200
accent_count,3,12,19-15-10,2,0.00210084,verse,deuteronomy,control_top200
accent_count,3,13,16-10-21,2,0.00210084,verse,deuteronomy,control_top200
accent_count,3,14,19-9-8,2,0.00210084,verse,deuteronomy,control_top200
accent_count,3,15,10-9-11,2,0.00210084,verse,deuteronomy,control_top200
accent_count,3,16,19-14-13,2,0.00210084,verse,deuteronomy,control_top200
accent_count,3,17,17-12-12,2,0.00210084,verse,deuteronomy,control_top200
accent_count,3,18,12-12-5,2,0.00210084,verse,deuteronomy,control_top200
accent_count,3,19,12-14-13,2,0.00210084,verse,deuteronomy,control_top200
accent_count,3,20,14-11-10,2,0.00210084,verse,deuteronomy,control_top200
accent_count,3,21,11-10-8,2,0.00210084,verse,deuteronomy,control_top200
accent_count,3,22,10-12-12,2,0.00210084,verse,deuteronomy,control_top200
accent_count,3,23,12-12-13,2,0.00210084,verse,deuteronomy,control_top200
accent_count,3,24,9-17-11,2,0.00210084,verse,deuteronomy,control_top200
accent_count,3,25,8-18-9,2,0.00210084,verse,deuteronomy,control_top200
accent_count,3,26,9-6-15,2,0.00210084,verse,deuteronomy,control_top200
accent_count,3,27,10-7-9,2,0.00210084,verse,deuteronomy,control_top200
accent_count,3,28,12-13-19,2,0.00210084,verse,deuteronomy,control_top200
accent_count,3,29,15-9-9,2,0.00210084,verse,deuteronomy,control_top200
accent_count,3,30,14-17-10,2,0.00210084,verse,deuteronomy,control_top200
accent_count,3,31,16-12-9,2,0.00210084,verse,deuteronomy,control_top200
accent_count,3,32,12-9-17,2,0.00210084,verse,deuteronomy,control_top200
accent_count,3,33,6-15-15,2,0.00210084,verse,deuteronomy,control_top200
accent_count,3,34,11-13-20,2,0.00210084,verse,deuteronomy,control_top200
accent_count,3,35,12-12-10,2,0.00210084,verse,deuteronomy,control_top200
accent_count,3,36,10-6-11,2,0.00210084,verse,deuteronomy,control_top200
accent_count,3,37,14-14-11,2,0.00210084,verse,deuteronomy,control_top200
accent_count,3,38,18-14-12,2,0.00210084,verse,deuteronomy,control_top200
accent_count,3,39,14-12-14,2,0.00210084,verse,deuteronomy,control_top200
accent_count,3,40,16-10-11,2,0.00210084,verse,deuteronomy,control_top200
accent_count,3,41,21-10-10,2,0.00210084,verse,deuteronomy,control_top200
accent_count,3,42,7-11-15,2,0.00210084,verse,deuteronomy,control_top200
accent_count,3,43,11-15-13,2,0.00210084,verse,deuteronomy,control_top200
accent_count,3,44,15-10-17,2,0.00210084,verse,deuteronomy,control_top200
accent_count,3,45,15-11-11,2,0.00210084,verse,deuteronomy,control_top200
accent_count,3,46,18-13-12,2,0.00210084,verse,deuteronomy,control_top200
accent_count,3,47,15-19-6,2,0.00210084,verse,deuteronomy,control_top200
accent_count,3,48,16-13-10,2,0.00210084,verse,deuteronomy,control_top200
accent_count,3,49,10-16-8,2,0.00210084,verse,deuteronomy,control_top200
accent_count,3,50,6-14-12,2,0.00210084,verse,deuteronomy,control_top200
accent_count,3,51,20-14-14,2,0.00210084,verse,deuteronomy,control_top200
accent_count,3,52,10-8-12,2,0.00210084,verse,deuteronomy,control_top200
accent_count,3,53,8-7-19,2,0.00210084,verse,deuteronomy,control_top200
accent_count,3,54,9-14-10,2,0.00210084,verse,deuteronomy,control_top200
accent_count,3,55,12-17-16,2,0.00210084,verse,deuteronomy,control_top200
accent_count,3,56,13-19-11,2,0.00210084,verse,deuteronomy,control_top200
accent_count,3,57,11-15-10,2,0.00210084,verse,deuteronomy,control_top200
accent_count,3,58,14-18-16,2,0.00210084,verse,deuteronomy,control_top200
accent_count,3,59,5-11-9,2,0.00210084,verse,deuteronomy,control_top200
accent_count,3,60,6-9-6,2,0.00210084,verse,deuteronomy,control_top200
accent_count,3,61,11-18-9,2,0.00210084,verse,deuteronomy,control_top200
accent_count,3,62,11-11-18,2,0.00210084,verse,deuteronomy,control_top200
accent_count,3,63,11-13-11,2,0.00210084,verse,deuteronomy,control_top200
accent_count,3,64,11-6-5,2,0.00210084,verse,deuteronomy,control_top200
accent_count,3,65,8-11-12,2,0.00210084,verse,deuteronomy,control_top200
accent_count,3,66,20-9-18,1,0.00105042,verse,deuteronomy,control_top200
accent_count,3,67,9-18-16,1,0.00105042,verse,deuteronomy,control_top200
accent_count,3,68,16-10-10,1,0.00105042,verse,deuteronomy,control_top200
accent_count,3,69,10-10-19,1,0.00105042,verse,deuteronomy,control_top200
accent_count,3,70,10-19-18,1,0.00105042,verse,deuteronomy,control_top200
accent_count,3,71,19-18-9,1,0.00105042,verse,deuteronomy,control_top200
accent_count,3,72,9-9-13,1,0.00105042,verse,deuteronomy,control_top200
accent_count,3,73,9-13-6,1,0.00105042,verse,deuteronomy,control_top200
accent_count,3,74,13-6-9,1,0.00105042,verse,deuteronomy,control_top200
accent_count,3,75,6-9-7,1,0.00105042,verse,deuteronomy,control_top200
accent_count,3,76,9-7-20,1,0.00105042,verse,deuteronomy,control_top200
accent_count,3,77,7-20-14,1,0.00105042,verse,deuteronomy,control_top200
accent_count,3,78,20-14-21,1,0.00105042,verse,deuteronomy,control_top200
accent_count,3,79,14-21-8,1,0.00105042,verse,deuteronomy,control_top200
accent_count,3,80,21-8-22,1,0.00105042,verse,deuteronomy,control_top200
accent_count,3,81,9-16-20,1,0.00105042,verse,deuteronomy,control_top200
accent_count,3,82,16-20-11,1,0.00105042,verse,deuteronomy,control_top200
accent_count,3,83,20-11-8,1,0.00105042,verse,deuteronomy,control_top200
accent_count,3,84,11-8-16,1,0.00105042,verse,deuteronomy,control_top200
accent_count,3,85,8-16-7,1,0.00105042,verse,deuteronomy,control_top200
accent_count,3,86,7-14-19,1,0.00105042,verse,deuteronomy,control_top200
accent_count,3,87,14-19-6,1,0.00105042,verse,deuteronomy,control_top200
accent_count,3,88,19-6-13,1,0.00105042,verse,deuteronomy,control_top200
accent_count,3,89,6-13-16,1,0.00105042,verse,deuteronomy,control_top200
accent_count,3,90,13-16-6,1,0.00105042,verse,deuteronomy,control_top200
accent_count,3,91,16-6-16,1,0.00105042,verse,deuteronomy,control_top200
accent_count,3,92,6-16-7,1,0.00105042,verse,deuteronomy,control_top200
accent_count,3,93,7-14-17,1,0.00105042,verse,deuteronomy,control_top200
accent_count,3,94,14-17-8,1,0.00105042,verse,deuteronomy,control_top200
accent_count,3,95,17-8-12,1,0.00105042,verse,deuteronomy,control_top200
accent_count,3,96,8-12-18,1,0.00105042,verse,deuteronomy,control_top200
accent_count,3,97,18-7-19,1,0.00105042,verse,deuteronomy,control_top200
accent_count,3,98,7-19-15,1,0.00105042,verse,deuteronomy,control_top200
accent_count,3,99,15-10-15,1,0.00105042,verse,deuteronomy,control_top200
accent_count,3,100,10-15-11,1,0.00105042,verse,deuteronomy,control_top200
accent_count,3,101,15-11-7,1,0.00105042,verse,deuteronomy,control_top200
accent_count,3,102,11-7-13,1,0.00105042,verse,deuteronomy,control_top200
accent_count,3,103,7-13-4,1,0.00105042,verse,deuteronomy,control_top200
accent_count,3,104,13-4-7,1,0.00105042,verse,deuteronomy,control_top200
accent_count,3,105,4-7-14,1,0.00105042,verse,deuteronomy,control_top200
accent_count,3,106,7-14-16,1,0.00105042,verse,deuteronomy,control_top200
accent_count,3,107,14-16-10,1,0.00105042,verse,deuteronomy,control_top200
accent_count,3,108,10-21-16,1,0.00105042,verse,deuteronomy,control_top200
accent_count,3,109,21-16-19,1,0.00105042,verse,deuteronomy,control_top200
accent_count,3,110,16-19-9,1,0.00105042,verse,deuteronomy,control_top200
accent_count,3,111,9-8-19,1,0.00105042,verse,deuteronomy,control_top200
accent_count,3,112,8-19-9,1,0.00105042,verse,deuteronomy,control_top200
accent_count,3,113,19-9-21,1,0.00105042,verse,deuteronomy,control_top200
accent_count,3,114,9-21-9,1,0.00105042,verse,deuteronomy,control_top200
accent_count,3,115,21-9-7,1,0.00105042,verse,deuteronomy,control_top200
accent_count,3,116,9-7-4,1,0.00105042,verse,deuteronomy,control_top200
accent_count,3,117,7-4-6,1,0.00105042,verse,deuteronomy,control_top200
accent_count,3,118,4-6-18,1,0.00105042,verse,deuteronomy,control_top200
accent_count,3,119,6-18-12,1,0.00105042,verse,deuteronomy,control_top200
accent_count,3,120,18-12-11,1,0.00105042,verse,deuteronomy,control_top200
accent_count,3,121,12-11-16,1,0.00105042,verse,deuteronomy,control_top200
accent_count,3,122,11-16-10,1,0.00105042,verse,deuteronomy,control_top200
accent_count,3,123,16-10-18,1,0.00105042,verse,deuteronomy,control_top200
accent_count,3,124,10-18-16,1,0.00105042,verse,deuteronomy,control_top200
accent_count,3,125,16-10-9,1,0.00105042,verse,deuteronomy,control_top200
accent_count,3,126,9-11-19,1,0.00105042,verse,deuteronomy,control_top200
accent_count,3,127,11-19-19,1,0.00105042,verse,deuteronomy,control_top200
accent_count,3,128,19-19-13,1,0.00105042,verse,deuteronomy,control_top200
accent_count,3,129,19-13-7,1,0.00105042,verse,deuteronomy,control_top200
accent_count,3,130,13-7-7,1,0.00105042,verse,deuteronomy,control_top200
accent_count,3,131,7-7-12,1,0.00105042,verse,deuteronomy,control_top200
accent_count,3,132,7-12-8,1,0.00105042,verse,deuteronomy,control_top200
accent_count,3,133,12-8-19,1,0.00105042,verse,deuteronomy,control_top200
accent_count,3,134,8-19-14,1,0.00105042,verse,deuteronomy,control_top200
accent_count,3,135,14-13-21,1,0.00105042,verse,deuteronomy,control_top200
accent_count,3,136,13-21-14,1,0.00105042,verse,deuteronomy,control_top200
accent_count,3,137,21-14-17,1,0.00105042,verse,deuteronomy,control_top200
accent_count,3,138,14-17-12,1,0.00105042,verse,deuteronomy,control_top200
accent_count,3,139,12-5-15,1,0.00105042,verse,deuteronomy,control_top200
accent_count,3,140,5-15-7,1,0.00105042,verse,deuteronomy,control_top200
accent_count,3,141,7-11-23,1,0.00105042,verse,deuteronomy,control_top200
accent_count,3,142,11-23-15,1,0.00105042,verse,deuteronomy,control_top200
accent_count,3,143,23-15-17,1,0.00105042,verse,deuteronomy,control_top200
accent_count,3,144,15-17-17,1,0.00105042,verse,deuteronomy,control_top200
accent_count,3,145,17-17-3,1,0.00105042,verse,deuteronomy,control_top200
accent_count,3,146,17-3-15,1,0.00105042,verse,deuteronomy,control_top200
accent_count,3,147,3-15-13,1,0.00105042,verse,deuteronomy,control_top200
accent_count,3,148,15-13-19,1,0.00105042,verse,deuteronomy,control_top200
accent_count,3,149,13-19-14,1,0.00105042,verse,deuteronomy,control_top200
accent_count,3,150,19-14-21,1,0.00105042,verse,deuteronomy,control_top200
accent_count,3,151,14-21-23,1,0.00105042,verse,deuteronomy,control_top200
accent_count,3,152,21-23-8,1,0.00105042,verse,deuteronomy,control_top200
accent_count,3,153,23-8-5,1,0.00105042,verse,deuteronomy,control_top200
accent_count,3,154,8-5-18,1,0.00105042,verse,deuteronomy,control_top200
accent_count,3,155,5-18-11,1,0.00105042,verse,deuteronomy,control_top200
accent_count,3,156,18-11-17,1,0.00105042,verse,deuteronomy,control_top200
accent_count,3,157,11-17-15,1,0.00105042,verse,deuteronomy,control_top200
accent_count,3,158,17-15-15,1,0.00105042,verse,deuteronomy,control_top200
accent_count,3,159,15-15-5,1,0.00105042,verse,deuteronomy,control_top200
accent_count,3,160,15-5-21,1,0.00105042,verse,deuteronomy,control_top200
accent_count,3,161,5-21-18,1,0.00105042,verse,deuteronomy,control_top200
accent_count,3,162,21-18-18,1,0.00105042,verse,deuteronomy,control_top200
accent_count,3,163,18-18-7,1,0.00105042,verse,deuteronomy,control_top200
accent_count,3,164,18-7-18,1,0.00105042,verse,deuteronomy,control_top200
accent_count,3,165,7-18-20,1,0.00105042,verse,deuteronomy,control_top200
accent_count,3,166,18-20-11,1,0.00105042,verse,deuteronomy,control_top200
accent_count,3,167,20-11-15,1,0.00105042,verse,deuteronomy,control_top200
accent_count,3,168,11-15-19,1,0.00105042,verse,deuteronomy,control_top200
accent_count,3,169,15-19-25,1,0.00105042,verse,deuteronomy,control_top200
accent_count,3,170,19-25-12,1,0.00105042,verse,deuteronomy,control_top200
accent_count,3,171,25-12-14,1,0.00105042,verse,deuteronomy,control_top200
accent_count,3,172,14-13-17,1,0.00105042,verse,deuteronomy,control_top200
accent_count,3,173,13-17-14,1,0.00105042,verse,deuteronomy,control_top200
accent_count,3,174,17-14-11,1,0.00105042,verse,deuteronomy,control_top200
accent_count,3,175,10-8-23,1,0.00105042,verse,deuteronomy,control_top200
accent_count,3,176,8-23-14,1,0.00105042,verse,deuteronomy,control_top200
accent_count,3,177,23-14-16,1,0.00105042,verse,deuteronomy,control_top200
accent_count,3,178,14-16-14,1,0.00105042,verse,deuteronomy,control_top200
accent_count,3,179,16-14-19,1,0.00105042,verse,deuteronomy,control_top200
accent_count,3,180,14-19-8,1,0.00105042,verse,deuteronomy,control_top200
accent_count,3,181,19-8-18,1,0.00105042,verse,deuteronomy,control_top200
accent_count,3,182,8-18-24,1,0.00105042,verse,deuteronomy,control_top200
accent_count,3,183,18-24-13,1,0.00105042,verse,deuteronomy,control_top200
accent_count,3,184,24-13-16,1,0.00105042,verse,deuteronomy,control_top200
accent_count,3,185,13-16-9,1,0.00105042,verse,deuteronomy,control_top200
accent_count,3,186,16-9-13,1,0.00105042,verse,deuteronomy,control_top200
accent_count,3,187,9-13-16,1,0.00105042,verse,deuteronomy,control_top200
accent_count,3,188,13-16-23,1,0.00105042,verse,deuteronomy,control_top200
accent_count,3,189,16-23-9,1,0.00105042,verse,deuteronomy,control_top200
accent_count,3,190,23-9-26,1,0.00105042,verse,deuteronomy,control_top200
accent_count,3,191,9-26-10,1,0.00105042,verse,deuteronomy,control_top200
accent_count,3,192,26-10-12,1,0.00105042,verse,deuteronomy,control_top200
accent_count,3,193,12-13-14,1,0.00105042,verse,deuteronomy,control_top200
accent_count,3,194,13-14-22,1,0.00105042,verse,deuteronomy,control_top200
accent_count,3,195,14-22-9,1,0.00105042,verse,deuteronomy,control_top200
accent_count,3,196,22-9-17,1,0.00105042,verse,deuteronomy,control_top200
accent_count,3,197,17-11-7,1,0.00105042,verse,deuteronomy,control_top200
accent_count,3,198,11-7-11,1,0.00105042,verse,deuteronomy,control_top200
accent_count,3,199,7-11-20,1,0.00105042,verse,deuteronomy,control_top200
accent_count,3,200,11-20-14,1,0.00105042,verse,deuteronomy,control_top200
accent_count,4,1,8-22-9-16,2,0.00210305,verse,deuteronomy,control_top200
accent_count,4,2,16-12-9-17,2,0.00210305,verse,deuteronomy,control_top200
accent_count,4,3,18-14-12-14,2,0.00210305,verse,deuteronomy,control_top200
accent_count,4,4,11-9-14-10,2,0.00210305,verse,deuteronomy,control_top200
accent_count,4,5,20-9-18-16,1,0.00105152,verse,deuteronomy,control_top200
accent_count,4,6,9-18-16-10,1,0.00105152,verse,deuteronomy,control_top200
accent_count,4,7,18-16-10-10,1,0.00105152,verse,deuteronomy,control_top200
accent_count,4,8,16-10-10-19,1,0.00105152,verse,deuteronomy,control_top200
accent_count,4,9,10-10-19-18,1,0.00105152,verse,deuteronomy,control_top200
accent_count,4,10,10-19-18-9,1,0.00105152,verse,deuteronomy,control_top200
accent_count,4,11,19-18-9-9,1,0.00105152,verse,deuteronomy,control_top200
accent_count,4,12,18-9-9-13,1,0.00105152,verse,deuteronomy,control_top200
accent_count,4,13,9-9-13-6,1,0.00105152,verse,deuteronomy,control_top200
accent_count,4,14,9-13-6-9,1,0.00105152,verse,deuteronomy,control_top200
accent_count,4,15,13-6-9-7,1,0.00105152,verse,deuteronomy,control_top200
accent_count,4,16,6-9-7-20,1,0.00105152,verse,deuteronomy,control_top200
accent_count,4,17,9-7-20-14,1,0.00105152,verse,deuteronomy,control_top200
accent_count,4,18,7-20-14-21,1,0.00105152,verse,deuteronomy,control_top200
accent_count,4,19,20-14-21-8,1,0.00105152,verse,deuteronomy,control_top200
accent_count,4,20,14-21-8-22,1,0.00105152,verse,deuteronomy,control_top200
accent_count,4,21,21-8-22-9,1,0.00105152,verse,deuteronomy,control_top200
accent_count,4,22,22-9-16-20,1,0.00105152,verse,deuteronomy,control_top200
accent_count,4,23,9-16-20-11,1,0.00105152,verse,deuteronomy,control_top200
accent_count,4,24,16-20-11-8,1,0.00105152,verse,deuteronomy,control_top200
accent_count,4,25,20-11-8-16,1,0.00105152,verse,deuteronomy,control_top200
accent_count,4,26,11-8-16-7,1,0.00105152,verse,deuteronomy,control_top200
accent_count,4,27,8-16-7-14,1,0.00105152,verse,deuteronomy,control_top200
accent_count,4,28,16-7-14-19,1,0.00105152,verse,deuteronomy,control_top200
accent_count,4,29,7-14-19-6,1,0.00105152,verse,deuteronomy,control_top200
accent_count,4,30,14-19-6-13,1,0.00105152,verse,deuteronomy,control_top200
accent_count,4,31,19-6-13-16,1,0.00105152,verse,deuteronomy,control_top200
accent_count,4,32,6-13-16-6,1,0.00105152,verse,deuteronomy,control_top200
accent_count,4,33,13-16-6-16,1,0.00105152,verse,deuteronomy,control_top200
accent_count,4,34,16-6-16-7,1,0.00105152,verse,deuteronomy,control_top200
accent_count,4,35,6-16-7-14,1,0.00105152,verse,deuteronomy,control_top200
accent_count,4,36,16-7-14-17,1,0.00105152,verse,deuteronomy,control_top200
accent_count,4,37,7-14-17-8,1,0.00105152,verse,deuteronomy,control_top200
accent_count,4,38,14-17-8-12,1,0.00105152,verse,deuteronomy,control_top200
accent_count,4,39,17-8-12-18,1,0.00105152,verse,deuteronomy,control_top200
accent_count,4,40,8-12-18-7,1,0.00105152,verse,deuteronomy,control_top200
accent_count,4,41,12-18-7-19,1,0.00105152,verse,deuteronomy,control_top200
accent_count,4,42,18-7-19-15,1,0.00105152,verse,deuteronomy,control_top200
accent_count,4,43,7-19-15-10,1,0.00105152,verse,deuteronomy,control_top200
accent_count,4,44,19-15-10-15,1,0.00105152,verse,deuteronomy,control_top200
accent_count,4,45,15-10-15-11,1,0.00105152,verse,deuteronomy,control_top200
accent_count,4,46,10-15-11-7,1,0.00105152,verse,deuteronomy,control_top200
accent_count,4,47,15-11-7-13,1,0.00105152,verse,deuteronomy,control_top200
accent_count,4,48,11-7-13-4,1,0.00105152,verse,deuteronomy,control_top200
accent_count,4,49,7-13-4-7,1,0.00105152,verse,deuteronomy,control_top200
accent_count,4,50,13-4-7-14,1,0.00105152,verse,deuteronomy,control_top200
accent_count,4,51,4-7-14-16,1,0.00105152,verse,deuteronomy,control_top200
accent_count,4,52,7-14-16-10,1,0.00105152,verse,deuteronomy,control_top200
accent_count,4,53,14-16-10-21,1,0.00105152,verse,deuteronomy,control_top200
accent_count,4,54,16-10-21-16,1,0.00105152,verse,deuteronomy,control_top200
accent_count,4,55,10-21-16-19,1,0.00105152,verse,deuteronomy,control_top200
accent_count,4,56,21-16-19-9,1,0.00105152,verse,deuteronomy,control_top200
accent_count,4,57,16-19-9-8,1,0.00105152,verse,deuteronomy,control_top200
accent_count,4,58,19-9-8-19,1,0.00105152,verse,deuteronomy,control_top200
accent_count,4,59,9-8-19-9,1,0.00105152,verse,deuteronomy,control_top200
accent_count,4,60,8-19-9-21,1,0.00105152,verse,deuteronomy,control_top200
accent_count,4,61,19-9-21-9,1,0.00105152,verse,deuteronomy,control_top200
accent_count,4,62,9-21-9-7,1,0.00105152,verse,deuteronomy,control_top200
accent_count,4,63,21-9-7-4,1,0.00105152,verse,deuteronomy,control_top200
accent_count,4,64,9-7-4-6,1,0.00105152,verse,deuteronomy,control_top200
accent_count,4,65,7-4-6-18,1,0.00105152,verse,deuteronomy,control_top200
accent_count,4,66,4-6-18-12,1,0.00105152,verse,deuteronomy,control_top200
accent_count,4,67,6-18-12-11,1,0.00105152,verse,deuteronomy,control_top200
accent_count,4,68,18-12-11-16,1,0.00105152,verse,deuteronomy,control_top200
accent_count,4,69,12-11-16-10,1,0.00105152,verse,deuteronomy,control_top200
accent_count,4,70,11-16-10-18,1,0.00105152,verse,deuteronomy,control_top200
accent_count,4,71,16-10-18-16,1,0.00105152,verse,deuteronomy,control_top200
accent_count,4,72,10-18-16-10,1,0.00105152,verse,deuteronomy,control_top200
accent_count,4,73,18-16-10-9,1,0.00105152,verse,deuteronomy,control_top200
accent_count,4,74,16-10-9-11,1,0.00105152,verse,deuteronomy,control_top200
accent_count,4,75,10-9-11-19,1,0.00105152,verse,deuteronomy,control_top200
accent_count,4,76,9-11-19-19,1,0.00105152,verse,deuteronomy,control_top200
accent_count,4,77,11-19-19-13,1,0.00105152,verse,deuteronomy,control_top200
accent_count,4,78,19-19-13-7,1,0.00105152,verse,deuteronomy,control_top200
accent_count,4,79,19-13-7-7,1,0.00105152,verse,deuteronomy,control_top200
accent_count,4,80,13-7-7-12,1,0.00105152,verse,deuteronomy,control_top200
accent_count,4,81,7-7-12-8,1,0.00105152,verse,deuteronomy,control_top200
accent_count,4,82,7-12-8-19,1,0.00105152,verse,deuteronomy,control_top200
accent_count,4,83,12-8-19-14,1,0.00105152,verse,deuteronomy,control_top200
accent_count,4,84,8-19-14-13,1,0.00105152,verse,deuteronomy,control_top200
accent_count,4,85,19-14-13-21,1,0.00105152,verse,deuteronomy,control_top200
accent_count,4,86,14-13-21-14,1,0.00105152,verse,deuteronomy,control_top200
accent_count,4,87,13-21-14-17,1,0.00105152,verse,deuteronomy,control_top200
accent_count,4,88,21-14-17-12,1,0.00105152,verse,deuteronomy,control_top200
accent_count,4,89,14-17-12-12,1,0.00105152,verse,deuteronomy,control_top200
accent_count,4,90,17-12-12-5,1,0.00105152,verse,deuteronomy,control_top200
accent_count,4,91,12-12-5-15,1,0.00105152,verse,deuteronomy,control_top200
accent_count,4,92,12-5-15-7,1,0.00105152,verse,deuteronomy,control_top200
accent_count,4,93,5-15-7-11,1,0.00105152,verse,deuteronomy,control_top200
accent_count,4,94,15-7-11-23,1,0.00105152,verse,deuteronomy,control_top200
accent_count,4,95,7-11-23-15,1,0.00105152,verse,deuteronomy,control_top200
accent_count,4,96,11-23-15-17,1,0.00105152,verse,deuteronomy,control_top200
accent_count,4,97,23-15-17-17,1,0.00105152,verse,deuteronomy,control_top200
accent_count,4,98,15-17-17-3,1,0.00105152,verse,deuteronomy,control_top200
accent_count,4,99,17-17-3-15,1,0.00105152,verse,deuteronomy,control_top200
accent_count,4,100,17-3-15-13,1,0.00105152,verse,deuteronomy,control_top200
accent_count,4,101,3-15-13-19,1,0.00105152,verse,deuteronomy,control_top200
accent_count,4,102,15-13-19-14,1,0.00105152,verse,deuteronomy,control_top200
accent_count,4,103,13-19-14-21,1,0.00105152,verse,deuteronomy,control_top200
accent_count,4,104,19-14-21-23,1,0.00105152,verse,deuteronomy,control_top200
accent_count,4,105,14-21-23-8,1,0.00105152,verse,deuteronomy,control_top200
accent_count,4,106,21-23-8-5,1,0.00105152,verse,deuteronomy,control_top200
accent_count,4,107,23-8-5-18,1,0.00105152,verse,deuteronomy,control_top200
accent_count,4,108,8-5-18-11,1,0.00105152,verse,deuteronomy,control_top200
accent_count,4,109,5-18-11-17,1,0.00105152,verse,deuteronomy,control_top200
accent_count,4,110,18-11-17-15,1,0.00105152,verse,deuteronomy,control_top200
accent_count,4,111,11-17-15-15,1,0.00105152,verse,deuteronomy,control_top200
accent_count,4,112,17-15-15-5,1,0.00105152,verse,deuteronomy,control_top200
accent_count,4,113,15-15-5-21,1,0.00105152,verse,deuteronomy,control_top200
accent_count,4,114,15-5-21-18,1,0.00105152,verse,deuteronomy,control_top200
accent_count,4,115,5-21-18-18,1,0.00105152,verse,deuteronomy,control_top200
accent_count,4,116,21-18-18-7,1,0.00105152,verse,deuteronomy,control_top200
accent_count,4,117,18-18-7-18,1,0.00105152,verse,deuteronomy,control_top200
accent_count,4,118,18-7-18-20,1,0.00105152,verse,deuteronomy,control_top200
accent_count,4,119,7-18-20-11,1,0.00105152,verse,deuteronomy,control_top200
accent_count,4,120,18-20-11-15,1,0.00105152,verse,deuteronomy,control_top200
accent_count,4,121,20-11-15-19,1,0.00105152,verse,deuteronomy,control_top200
accent_count,4,122,11-15-19-25,1,0.00105152,verse,deuteronomy,control_top200
accent_count,4,123,15-19-25-12,1,0.00105152,verse,deuteronomy,control_top200
accent_count,4,124,19-25-12-14,1,0.00105152,verse,deuteronomy,control_top200
accent_count,4,125,25-12-14-13,1,0.00105152,verse,deuteronomy,control_top200
accent_count,4,126,12-14-13-17,1,0.00105152,verse,deuteronomy,control_top200
accent_count,4,127,14-13-17-14,1,0.00105152,verse,deuteronomy,control_top200
accent_count,4,128,13-17-14-11,1,0.00105152,verse,deuteronomy,control_top200
accent_count,4,129,17-14-11-10,1,0.00105152,verse,deuteronomy,control_top200
accent_count,4,130,14-11-10-8,1,0.00105152,verse,deuteronomy,control_top200
accent_count,4,131,11-10-8-23,1,0.00105152,verse,deuteronomy,control_top200
accent_count,4,132,10-8-23-14,1,0.00105152,verse,deuteronomy,control_top200
accent_count,4,133,8-23-14-16,1,0.00105152,verse,deuteronomy,control_top200
accent_count,4,134,23-14-16-14,1,0.00105152,verse,deuteronomy,control_top200
accent_count,4,135,14-16-14-19,1,0.00105152,verse,deuteronomy,control_top200
accent_count,4,136,16-14-19-8,1,0.00105152,verse,deuteronomy,control_top200
accent_count,4,137,14-19-8-18,1,0.00105152,verse,deuteronomy,control_top200
accent_count,4,138,19-8-18-24,1,0.00105152,verse,deuteronomy,control_top200
accent_count,4,139,8-18-24-13,1,0.00105152,verse,deuteronomy,control_top200
accent_count,4,140,18-24-13-16,1,0.00105152,verse,deuteronomy,control_top200
accent_count,4,141,24-13-16-9,1,0.00105152,verse,deuteronomy,control_top200
accent_count,4,142,13-16-9-13,1,0.00105152,verse,deuteronomy,control_top200
accent_count,4,143,16-9-13-16,1,0.00105152,verse,deuteronomy,control_top200
accent_count,4,144,9-13-16-23,1,0.00105152,verse,deuteronomy,control_top200
accent_count,4,145,13-16-23-9,1,0.00105152,verse,deuteronomy,control_top200
accent_count,4,146,16-23-9-26,1,0.00105152,verse,deuteronomy,control_top200
accent_count,4,147,23-9-26-10,1,0.00105152,verse,deuteronomy,control_top200
accent_count,4,148,9-26-10-12,1,0.00105152,verse,deuteronomy,control_top200
accent_count,4,149,26-10-12-12,1,0.00105152,verse,deuteronomy,control_top200
accent_count,4,150,10-12-12-13,1,0.00105152,verse,deuteronomy,control_top200
accent_count,4,151,12-12-13-14,1,0.00105152,verse,deuteronomy,control_top200
accent_count,4,152,12-13-14-22,1,0.00105152,verse,deuteronomy,control_top200
accent_count,4,153,13-14-22-9,1,0.00105152,verse,deuteronomy,control_top200
accent_count,4,154,14-22-9-17,1,0.00105152,verse,deuteronomy,control_top200
accent_count,4,155,22-9-17-11,1,0.00105152,verse,deuteronomy,control_top200
accent_count,4,156,9-17-11-7,1,0.00105152,verse,deuteronomy,control_top200
accent_count,4,157,17-11-7-11,1,0.00105152,verse,deuteronomy,control_top200
accent_count,4,158,11-7-11-20,1,0.00105152,verse,deuteronomy,control_top200
accent_count,4,159,7-11-20-14,1,0.00105152,verse,deuteronomy,control_top200
accent_count,4,160,11-20-14-8,1,0.00105152,verse,deuteronomy,control_top200
accent_count,4,161,20-14-8-10,1,0.00105152,verse,deuteronomy,control_top200
accent_count,4,162,14-8-10-18,1,0.00105152,verse,deuteronomy,control_top200
accent_count,4,163,8-10-18-6,1,0.00105152,verse,deuteronomy,control_top200
accent_count,4,164,10-18-6-14,1,0.00105152,verse,deuteronomy,control_top200
accent_count,4,165,18-6-14-8,1,0.00105152,verse,deuteronomy,control_top200
accent_count,4,166,6-14-8-18,1,0.00105152,verse,deuteronomy,control_top200
accent_count,4,167,14-8-18-9,1,0.00105152,verse,deuteronomy,control_top200
accent_count,4,168,8-18-9-6,1,0.00105152,verse,deuteronomy,control_top200
accent_count,4,169,18-9-6-15,1,0.00105152,verse,deuteronomy,control_top200
accent_count,4,170,9-6-15-17,1,0.00105152,verse,deuteronomy,control_top200
accent_count,4,171,6-15-17-19,1,0.00105152,verse,deuteronomy,control_top200
accent_count,4,172,15-17-19-13,1,0.00105152,verse,deuteronomy,control_top200
accent_count,4,173,17-19-13-24,1,0.00105152,verse,deuteronomy,control_top200
accent_count,4,174,19-13-24-21,1,0.00105152,verse,deuteronomy,control_top200
accent_count,4,175,13-24-21-19,1,0.00105152,verse,deuteronomy,control_top200
accent_count,4,176,24-21-19-2,1,0.00105152,verse,deuteronomy,control_top200
accent_count,4,177,21-19-2-2,1,0.00105152,verse,deuteronomy,control_top200
accent_count,4,178,19-2-2-2,1,0.00105152,verse,deuteronomy,control_top200
accent_count,4,179,2-2-2-5,1,0.00105152,verse,deuteronomy,control_top200
accent_count,4,180,2-2-5-16,1,0.00105152,verse,deuteronomy,control_top200
accent_count,4,181,2-5-16-21,1,0.00105152,verse,deuteronomy,control_top200
accent_count,4,182,5-16-21-13,1,0.00105152,verse,deuteronomy,control_top200
accent_count,4,183,16-21-13-19,1,0.00105152,verse,deuteronomy,control_top200
accent_count,4,184,21-13-19-16,1,0.00105152,verse,deuteronomy,control_top200
accent_count,4,185,13-19-16-12,1,0.00105152,verse,deuteronomy,control_top200
accent_count,4,186,19-16-12-19,1,0.00105152,verse,deuteronomy,control_top200
accent_count,4,187,16-12-19-20,1,0.00105152,verse,deuteronomy,control_top200
accent_count,4,188,12-19-20-16,1,0.00105152,verse,deuteronomy,control_top200
accent_count,4,189,19-20-16-6,1,0.00105152,verse,deuteronomy,control_top200
accent_count,4,190,20-16-6-19,1,0.00105152,verse,deuteronomy,control_top200
accent_count,4,191,16-6-19-11,1,0.00105152,verse,deuteronomy,control_top200
accent_count,4,192,6-19-11-16,1,0.00105152,verse,deuteronomy,control_top200
accent_count,4,193,19-11-16-17,1,0.00105152,verse,deuteronomy,control_top200
accent_count,4,194,11-16-17-19,1,0.00105152,verse,deuteronomy,control_top200
accent_count,4,195,16-17-19-20,1,0.00105152,verse,deuteronomy,control_top200
accent_count,4,196,17-19-20-6,1,0.00105152,verse,deuteronomy,control_top200
accent_count,4,197,19-20-6-7,1,0.00105152,verse,deuteronomy,control_top200
accent_count,4,198,20-6-7-8,1,0.00105152,verse,deuteronomy,control_top200
accent_count,4,199,6-7-8-10,1,0.00105152,verse,deuteronomy,control_top200
accent_count,4,200,7-8-10-7,1,0.00105152,verse,deuteronomy,control_top200
accent_count,5,1,20-9-18-16-10,1,0.00105263,verse,deuteronomy,control_top200
accent_count,5,2,9-18-16-10-10,1,0.00105263,verse,deuteronomy,control_top200
accent_count,5,3,18-16-10-10-19,1,0.00105263,verse,deuteronomy,control_top200
accent_count,5,4,16-10-10-19-18,1,0.00105263,verse,deuteronomy,control_top200
accent_count,5,5,10-10-19-18-9,1,0.00105263,verse,deuteronomy,control_top200
accent_count,5,6,10-19-18-9-9,1,0.00105263,verse,deuteronomy,control_top200
accent_count,5,7,19-18-9-9-13,1,0.00105263,verse,deuteronomy,control_top200
accent_count,5,8,18-9-9-13-6,1,0.00105263,verse,deuteronomy,control_top200
accent_count,5,9,9-9-13-6-9,1,0.00105263,verse,deuteronomy,control_top200
accent_count,5,10,9-13-6-9-7,1,0.00105263,verse,deuteronomy,control_top200
accent_count,5,11,13-6-9-7-20,1,0.00105263,verse,deuteronomy,control_top200
accent_count,5,12,6-9-7-20-14,1,0.00105263,verse,deuteronomy,control_top200
accent_count,5,13,9-7-20-14-21,1,0.00105263,verse,deuteronomy,control_top200
accent_count,5,14,7-20-14-21-8,1,0.00105263,verse,deuteronomy,control_top200
accent_count,5,15,20-14-21-8-22,1,0.00105263,verse,deuteronomy,control_top200
accent_count,5,16,14-21-8-22-9,1,0.00105263,verse,deuteronomy,control_top200
accent_count,5,17,21-8-22-9-16,1,0.00105263,verse,deuteronomy,control_top200
accent_count,5,18,8-22-9-16-20,1,0.00105263,verse,deuteronomy,control_top200
accent_count,5,19,22-9-16-20-11,1,0.00105263,verse,deuteronomy,control_top200
accent_count,5,20,9-16-20-11-8,1,0.00105263,verse,deuteronomy,control_top200
accent_count,5,21,16-20-11-8-16,1,0.00105263,verse,deuteronomy,control_top200
accent_count,5,22,20-11-8-16-7,1,0.00105263,verse,deuteronomy,control_top200
accent_count,5,23,11-8-16-7-14,1,0.00105263,verse,deuteronomy,control_top200
accent_count,5,24,8-16-7-14-19,1,0.00105263,verse,deuteronomy,control_top200
accent_count,5,25,16-7-14-19-6,1,0.00105263,verse,deuteronomy,control_top200
accent_count,5,26,7-14-19-6-13,1,0.00105263,verse,deuteronomy,control_top200
accent_count,5,27,14-19-6-13-16,1,0.00105263,verse,deuteronomy,control_top200
accent_count,5,28,19-6-13-16-6,1,0.00105263,verse,deuteronomy,control_top200
accent_count,5,29,6-13-16-6-16,1,0.00105263,verse,deuteronomy,control_top200
accent_count,5,30,13-16-6-16-7,1,0.00105263,verse,deuteronomy,control_top200
accent_count,5,31,16-6-16-7-14,1,0.00105263,verse,deuteronomy,control_top200
accent_count,5,32,6-16-7-14-17,1,0.00105263,verse,deuteronomy,control_top200
accent_count,5,33,16-7-14-17-8,1,0.00105263,verse,deuteronomy,control_top200
accent_count,5,34,7-14-17-8-12,1,0.00105263,verse,deuteronomy,control_top200
accent_count,5,35,14-17-8-12-18,1,0.00105263,verse,deuteronomy,control_top200
accent_count,5,36,17-8-12-18-7,1,0.00105263,verse,deuteronomy,control_top200
accent_count,5,37,8-12-18-7-19,1,0.00105263,verse,deuteronomy,control_top200
accent_count,5,38,12-18-7-19-15,1,0.00105263,verse,deuteronomy,control_top200
accent_count,5,39,18-7-19-15-10,1,0.00105263,verse,deuteronomy,control_top200
accent_count,5,40,7-19-15-10-15,1,0.00105263,verse,deuteronomy,control_top200
accent_count,5,41,19-15-10-15-11,1,0.00105263,verse,deuteronomy,control_top200
accent_count,5,42,15-10-15-11-7,1,0.00105263,verse,deuteronomy,control_top200
accent_count,5,43,10-15-11-7-13,1,0.00105263,verse,deuteronomy,control_top200
accent_count,5,44,15-11-7-13-4,1,0.00105263,verse,deuteronomy,control_top200
accent_count,5,45,11-7-13-4-7,1,0.00105263,verse,deuteronomy,control_top200
accent_count,5,46,7-13-4-7-14,1,0.00105263,verse,deuteronomy,control_top200
accent_count,5,47,13-4-7-14-16,1,0.00105263,verse,deuteronomy,control_top200
accent_count,5,48,4-7-14-16-10,1,0.00105263,verse,deuteronomy,control_top200
accent_count,5,49,7-14-16-10-21,1,0.00105263,verse,deuteronomy,control_top200
accent_count,5,50,14-16-10-21-16,1,0.00105263,verse,deuteronomy,control_top200
accent_count,5,51,16-10-21-16-19,1,0.00105263,verse,deuteronomy,control_top200
accent_count,5,52,10-21-16-19-9,1,0.00105263,verse,deuteronomy,control_top200
accent_count,5,53,21-16-19-9-8,1,0.00105263,verse,deuteronomy,control_top200
accent_count,5,54,16-19-9-8-19,1,0.00105263,verse,deuteronomy,control_top200
accent_count,5,55,19-9-8-19-9,1,0.00105263,verse,deuteronomy,control_top200
accent_count,5,56,9-8-19-9-21,1,0.00105263,verse,deuteronomy,control_top200
accent_count,5,57,8-19-9-21-9,1,0.00105263,verse,deuteronomy,control_top200
accent_count,5,58,19-9-21-9-7,1,0.00105263,verse,deuteronomy,control_top200
accent_count,5,59,9-21-9-7-4,1,0.00105263,verse,deuteronomy,control_top200
accent_count,5,60,21-9-7-4-6,1,0.00105263,verse,deuteronomy,control_top200
accent_count,5,61,9-7-4-6-18,1,0.00105263,verse,deuteronomy,control_top200
accent_count,5,62,7-4-6-18-12,1,0.00105263,verse,deuteronomy,control_top200
accent_count,5,63,4-6-18-12-11,1,0.00105263,verse,deuteronomy,control_top200
accent_count,5,64,6-18-12-11-16,1,0.00105263,verse,deuteronomy,control_top200
accent_count,5,65,18-12-11-16-10,1,0.00105263,verse,deuteronomy,control_top200
accent_count,5,66,12-11-16-10-18,1,0.00105263,verse,deuteronomy,control_top200
accent_count,5,67,11-16-10-18-16,1,0.00105263,verse,deuteronomy,control_top200
accent_count,5,68,16-10-18-16-10,1,0.00105263,verse,deuteronomy,control_top200
accent_count,5,69,10-18-16-10-9,1,0.00105263,verse,deuteronomy,control_top200
accent_count,5,70,18-16-10-9-11,1,0.00105263,verse,deuteronomy,control_top200
accent_count,5,71,16-10-9-11-19,1,0.00105263,verse,deuteronomy,control_top200
accent_count,5,72,10-9-11-19-19,1,0.00105263,verse,deuteronomy,control_top200
accent_count,5,73,9-11-19-19-13,1,0.00105263,verse,deuteronomy,control_top200
accent_count,5,74,11-19-19-13-7,1,0.00105263,verse,deuteronomy,control_top200
accent_count,5,75,19-19-13-7-7,1,0.00105263,verse,deuteronomy,control_top200
accent_count,5,76,19-13-7-7-12,1,0.00105263,verse,deuteronomy,control_top200
accent_count,5,77,13-7-7-12-8,1,0.00105263,verse,deuteronomy,control_top200
accent_count,5,78,7-7-12-8-19,1,0.00105263,verse,deuteronomy,control_top200
accent_count,5,79,7-12-8-19-14,1,0.00105263,verse,deuteronomy,control_top200
accent_count,5,80,12-8-19-14-13,1,0.00105263,verse,deuteronomy,control_top200
accent_count,5,81,8-19-14-13-21,1,0.00105263,verse,deuteronomy,control_top200
accent_count,5,82,19-14-13-21-14,1,0.00105263,verse,deuteronomy,control_top200
accent_count,5,83,14-13-21-14-17,1,0.00105263,verse,deuteronomy,control_top200
accent_count,5,84,13-21-14-17-12,1,0.00105263,verse,deuteronomy,control_top200
accent_count,5,85,21-14-17-12-12,1,0.00105263,verse,deuteronomy,control_top200
accent_count,5,86,14-17-12-12-5,1,0.00105263,verse,deuteronomy,control_top200
accent_count,5,87,17-12-12-5-15,1,0.00105263,verse,deuteronomy,control_top200
accent_count,5,88,12-12-5-15-7,1,0.00105263,verse,deuteronomy,control_top200
accent_count,5,89,12-5-15-7-11,1,0.00105263,verse,deuteronomy,control_top200
accent_count,5,90,5-15-7-11-23,1,0.00105263,verse,deuteronomy,control_top200
accent_count,5,91,15-7-11-23-15,1,0.00105263,verse,deuteronomy,control_top200
accent_count,5,92,7-11-23-15-17,1,0.00105263,verse,deuteronomy,control_top200
accent_count,5,93,11-23-15-17-17,1,0.00105263,verse,deuteronomy,control_top200
accent_count,5,94,23-15-17-17-3,1,0.00105263,verse,deuteronomy,control_top200
accent_count,5,95,15-17-17-3-15,1,0.00105263,verse,deuteronomy,control_top200
accent_count,5,96,17-17-3-15-13,1,0.00105263,verse,deuteronomy,control_top200
accent_count,5,97,17-3-15-13-19,1,0.00105263,verse,deuteronomy,control_top200
accent_count,5,98,3-15-13-19-14,1,0.00105263,verse,deuteronomy,control_top200
accent_count,5,99,15-13-19-14-21,1,0.00105263,verse,deuteronomy,control_top200
accent_count,5,100,13-19-14-21-23,1,0.00105263,verse,deuteronomy,control_top200
accent_count,5,101,19-14-21-23-8,1,0.00105263,verse,deuteronomy,control_top200
accent_count,5,102,14-21-23-8-5,1,0.00105263,verse,deuteronomy,control_top200
accent_count,5,103,21-23-8-5-18,1,0.00105263,verse,deuteronomy,control_top200
accent_count,5,104,23-8-5-18-11,1,0.00105263,verse,deuteronomy,control_top200
accent_count,5,105,8-5-18-11-17,1,0.00105263,verse,deuteronomy,control_top200
accent_count,5,106,5-18-11-17-15,1,0.00105263,verse,deuteronomy,control_top200
accent_count,5,107,18-11-17-15-15,1,0.00105263,verse,deuteronomy,control_top200
accent_count,5,108,11-17-15-15-5,1,0.00105263,verse,deuteronomy,control_top200
accent_count,5,109,17-15-15-5-21,1,0.00105263,verse,deuteronomy,control_top200
accent_count,5,110,15-15-5-21-18,1,0.00105263,verse,deuteronomy,control_top200
accent_count,5,111,15-5-21-18-18,1,0.00105263,verse,deuteronomy,control_top200
accent_count,5,112,5-21-18-18-7,1,0.00105263,verse,deuteronomy,control_top200
accent_count,5,113,21-18-18-7-18,1,0.00105263,verse,deuteronomy,control_top200
accent_count,5,114,18-18-7-18-20,1,0.00105263,verse,deuteronomy,control_top200
accent_count,5,115,18-7-18-20-11,1,0.00105263,verse,deuteronomy,control_top200
accent_count,5,116,7-18-20-11-15,1,0.00105263,verse,deuteronomy,control_top200
accent_count,5,117,18-20-11-15-19,1,0.00105263,verse,deuteronomy,control_top200
accent_count,5,118,20-11-15-19-25,1,0.00105263,verse,deuteronomy,control_top200
accent_count,5,119,11-15-19-25-12,1,0.00105263,verse,deuteronomy,control_top200
accent_count,5,120,15-19-25-12-14,1,0.00105263,verse,deuteronomy,control_top200
accent_count,5,121,19-25-12-14-13,1,0.00105263,verse,deuteronomy,control_top200
accent_count,5,122,25-12-14-13-17,1,0.00105263,verse,deuteronomy,control_top200
accent_count,5,123,12-14-13-17-14,1,0.00105263,verse,deuteronomy,control_top200
accent_count,5,124,14-13-17-14-11,1,0.00105263,verse,deuteronomy,control_top200
accent_count,5,125,13-17-14-11-10,1,0.00105263,verse,deuteronomy,control_top200
accent_count,5,126,17-14-11-10-8,1,0.00105263,verse,deuteronomy,control_top200
accent_count,5,127,14-11-10-8-23,1,0.00105263,verse,deuteronomy,control_top200
accent_count,5,128,11-10-8-23-14,1,0.00105263,verse,deuteronomy,control_top200
accent_count,5,129,10-8-23-14-16,1,0.00105263,verse,deuteronomy,control_top200
accent_count,5,130,8-23-14-16-14,1,0.00105263,verse,deuteronomy,control_top200
accent_count,5,131,23-14-16-14-19,1,0.00105263,verse,deuteronomy,control_top200
accent_count,5,132,14-16-14-19-8,1,0.00105263,verse,deuteronomy,control_top200
accent_count,5,133,16-14-19-8-18,1,0.00105263,verse,deuteronomy,control_top200
accent_count,5,134,14-19-8-18-24,1,0.00105263,verse,deuteronomy,control_top200
accent_count,5,135,19-8-18-24-13,1,0.00105263,verse,deuteronomy,control_top200
accent_count,5,136,8-18-24-13-16,1,0.00105263,verse,deuteronomy,control_top200
accent_count,5,137,18-24-13-16-9,1,0.00105263,verse,deuteronomy,control_top200
accent_count,5,138,24-13-16-9-13,1,0.00105263,verse,deuteronomy,control_top200
accent_count,5,139,13-16-9-13-16,1,0.00105263,verse,deuteronomy,control_top200
accent_count,5,140,16-9-13-16-23,1,0.00105263,verse,deuteronomy,control_top200
accent_count,5,141,9-13-16-23-9,1,0.00105263,verse,deuteronomy,control_top200
accent_count,5,142,13-16-23-9-26,1,0.00105263,verse,deuteronomy,control_top200
accent_count,5,143,16-23-9-26-10,1,0.00105263,verse,deuteronomy,control_top200
accent_count,5,144,23-9-26-10-12,1,0.00105263,verse,deuteronomy,control_top200
accent_count,5,145,9-26-10-12-12,1,0.00105263,verse,deuteronomy,control_top200
accent_count,5,146,26-10-12-12-13,1,0.00105263,verse,deuteronomy,control_top200
accent_count,5,147,10-12-12-13-14,1,0.00105263,verse,deuteronomy,control_top200
accent_count,5,148,12-12-13-14-22,1,0.00105263,verse,deuteronomy,control_top200
accent_count,5,149,12-13-14-22-9,1,0.00105263,verse,deuteronomy,control_top200
accent_count,5,150,13-14-22-9-17,1,0.00105263,verse,deuteronomy,control_top200
accent_count,5,151,14-22-9-17-11,1,0.00105263,verse,deuteronomy,control_top200
accent_count,5,152,22-9-17-11-7,1,0.00105263,verse,deuteronomy,control_top200
accent_count,5,153,9-17-11-7-11,1,0.00105263,verse,deuteronomy,control_top200
accent_count,5,154,17-11-7-11-20,1,0.00105263,verse,deuteronomy,control_top200
accent_count,5,155,11-7-11-20-14,1,0.00105263,verse,deuteronomy,control_top200
accent_count,5,156,7-11-20-14-8,1,0.00105263,verse,deuteronomy,control_top200
accent_count,5,157,11-20-14-8-10,1,0.00105263,verse,deuteronomy,control_top200
accent_count,5,158,20-14-8-10-18,1,0.00105263,verse,deuteronomy,control_top200
accent_count,5,159,14-8-10-18-6,1,0.00105263,verse,deuteronomy,control_top200
accent_count,5,160,8-10-18-6-14,1,0.00105263,verse,deuteronomy,control_top200
accent_count,5,161,10-18-6-14-8,1,0.00105263,verse,deuteronomy,control_top200
accent_count,5,162,18-6-14-8-18,1,0.00105263,verse,deuteronomy,control_top200
accent_count,5,163,6-14-8-18-9,1,0.00105263,verse,deuteronomy,control_top200
accent_count,5,164,14-8-18-9-6,1,0.00105263,verse,deuteronomy,control_top200
accent_count,5,165,8-18-9-6-15,1,0.00105263,verse,deuteronomy,control_top200
accent_count,5,166,18-9-6-15-17,1,0.00105263,verse,deuteronomy,control_top200
accent_count,5,167,9-6-15-17-19,1,0.00105263,verse,deuteronomy,control_top200
accent_count,5,168,6-15-17-19-13,1,0.00105263,verse,deuteronomy,control_top200
accent_count,5,169,15-17-19-13-24,1,0.00105263,verse,deuteronomy,control_top200
accent_count,5,170,17-19-13-24-21,1,0.00105263,verse,deuteronomy,control_top200
accent_count,5,171,19-13-24-21-19,1,0.00105263,verse,deuteronomy,control_top200
accent_count,5,172,13-24-21-19-2,1,0.00105263,verse,deuteronomy,control_top200
accent_count,5,173,24-21-19-2-2,1,0.00105263,verse,deuteronomy,control_top200
accent_count,5,174,21-19-2-2-2,1,0.00105263,verse,deuteronomy,control_top200
accent_count,5,175,19-2-2-2-5,1,0.00105263,verse,deuteronomy,control_top200
accent_count,5,176,2-2-2-5-16,1,0.00105263,verse,deuteronomy,control_top200
accent_count,5,177,2-2-5-16-21,1,0.00105263,verse,deuteronomy,control_top200
accent_count,5,178,2-5-16-21-13,1,0.00105263,verse,deuteronomy,control_top200
accent_count,5,179,5-16-21-13-19,1,0.00105263,verse,deuteronomy,control_top200
accent_count,5,180,16-21-13-19-16,1,0.00105263,verse,deuteronomy,control_top200
accent_count,5,181,21-13-19-16-12,1,0.00105263,verse,deuteronomy,control_top200
accent_count,5,182,13-19-16-12-19,1,0.00105263,verse,deuteronomy,control_top200
accent_count,5,183,19-16-12-19-20,1,0.00105263,verse,deuteronomy,control_top200
accent_count,5,184,16-12-19-20-16,1,0.00105263,verse,deuteronomy,control_top200
accent_count,5,185,12-19-20-16-6,1,0.00105263,verse,deuteronomy,control_top200
accent_count,5,186,19-20-16-6-19,1,0.00105263,verse,deuteronomy,control_top200
accent_count,5,187,20-16-6-19-11,1,0.00105263,verse,deuteronomy,control_top200
accent_count,5,188,16-6-19-11-16,1,0.00105263,verse,deuteronomy,control_top200
accent_count,5,189,6-19-11-16-17,1,0.00105263,verse,deuteronomy,control_top200
accent_count,5,190,19-11-16-17-19,1,0.00105263,verse,deuteronomy,control_top200
accent_count,5,191,11-16-17-19-20,1,0.00105263,verse,deuteronomy,control_top200
accent_count,5,192,16-17-19-20-6,1,0.00105263,verse,deuteronomy,control_top200
accent_count,5,193,17-19-20-6-7,1,0.00105263,verse,deuteronomy,control_top200
accent_count,5,194,19-20-6-7-8,1,0.00105263,verse,deuteronomy,control_top200
accent_count,5,195,20-6-7-8-10,1,0.00105263,verse,deuteronomy,control_top200
accent_count,5,196,6-7-8-10-7,1,0.00105263,verse,deuteronomy,control_top200
accent_count,5,197,7-8-10-7-4,1,0.00105263,verse,deuteronomy,control_top200
accent_count,5,198,8-10-7-4-19,1,0.00105263,verse,deuteronomy,control_top200
accent_count,5,199,10-7-4-19-15,1,0.00105263,verse,deuteronomy,control_top200
accent_count,5,200,7-4-19-15-10,1,0.00105263,verse,deuteronomy,control_top200
accent_count,6,1,20-9-18-16-10-10,1,0.00105374,verse,deuteronomy,control_top200
accent_count,6,2,9-18-16-10-10-19,1,0.00105374,verse,deuteronomy,control_top200
accent_count,6,3,18-16-10-10-19-18,1,0.00105374,verse,deuteronomy,control_top200
accent_count,6,4,16-10-10-19-18-9,1,0.00105374,verse,deuteronomy,control_top200
accent_count,6,5,10-10-19-18-9-9,1,0.00105374,verse,deuteronomy,control_top200
accent_count,6,6,10-19-18-9-9-13,1,0.00105374,verse,deuteronomy,control_top200
accent_count,6,7,19-18-9-9-13-6,1,0.00105374,verse,deuteronomy,control_top200
accent_count,6,8,18-9-9-13-6-9,1,0.00105374,verse,deuteronomy,control_top200
accent_count,6,9,9-9-13-6-9-7,1,0.00105374,verse,deuteronomy,control_top200
accent_count,6,10,9-13-6-9-7-20,1,0.00105374,verse,deuteronomy,control_top200
accent_count,6,11,13-6-9-7-20-14,1,0.00105374,verse,deuteronomy,control_top200
accent_count,6,12,6-9-7-20-14-21,1,0.00105374,verse,deuteronomy,control_top200
accent_count,6,13,9-7-20-14-21-8,1,0.00105374,verse,deuteronomy,control_top200
accent_count,6,14,7-20-14-21-8-22,1,0.00105374,verse,deuteronomy,control_top200
accent_count,6,15,20-14-21-8-22-9,1,0.00105374,verse,deuteronomy,control_top200
accent_count,6,16,14-21-8-22-9-16,1,0.00105374,verse,deuteronomy,control_top200
accent_count,6,17,21-8-22-9-16-20,1,0.00105374,verse,deuteronomy,control_top200
accent_count,6,18,8-22-9-16-20-11,1,0.00105374,verse,deuteronomy,control_top200
accent_count,6,19,22-9-16-20-11-8,1,0.00105374,verse,deuteronomy,control_top200
accent_count,6,20,9-16-20-11-8-16,1,0.00105374,verse,deuteronomy,control_top200
accent_count,6,21,16-20-11-8-16-7,1,0.00105374,verse,deuteronomy,control_top200
accent_count,6,22,20-11-8-16-7-14,1,0.00105374,verse,deuteronomy,control_top200
accent_count,6,23,11-8-16-7-14-19,1,0.00105374,verse,deuteronomy,control_top200
accent_count,6,24,8-16-7-14-19-6,1,0.00105374,verse,deuteronomy,control_top200
accent_count,6,25,16-7-14-19-6-13,1,0.00105374,verse,deuteronomy,control_top200
accent_count,6,26,7-14-19-6-13-16,1,0.00105374,verse,deuteronomy,control_top200
accent_count,6,27,14-19-6-13-16-6,1,0.00105374,verse,deuteronomy,control_top200
accent_count,6,28,19-6-13-16-6-16,1,0.00105374,verse,deuteronomy,control_top200
accent_count,6,29,6-13-16-6-16-7,1,0.00105374,verse,deuteronomy,control_top200
accent_count,6,30,13-16-6-16-7-14,1,0.00105374,verse,deuteronomy,control_top200
accent_count,6,31,16-6-16-7-14-17,1,0.00105374,verse,deuteronomy,control_top200
accent_count,6,32,6-16-7-14-17-8,1,0.00105374,verse,deuteronomy,control_top200
accent_count,6,33,16-7-14-17-8-12,1,0.00105374,verse,deuteronomy,control_top200
accent_count,6,34,7-14-17-8-12-18,1,0.00105374,verse,deuteronomy,control_top200
accent_count,6,35,14-17-8-12-18-7,1,0.00105374,verse,deuteronomy,control_top200
accent_count,6,36,17-8-12-18-7-19,1,0.00105374,verse,deuteronomy,control_top200
accent_count,6,37,8-12-18-7-19-15,1,0.00105374,verse,deuteronomy,control_top200
accent_count,6,38,12-18-7-19-15-10,1,0.00105374,verse,deuteronomy,control_top200
accent_count,6,39,18-7-19-15-10-15,1,0.00105374,verse,deuteronomy,control_top200
accent_count,6,40,7-19-15-10-15-11,1,0.00105374,verse,deuteronomy,control_top200
accent_count,6,41,19-15-10-15-11-7,1,0.00105374,verse,deuteronomy,control_top200
accent_count,6,42,15-10-15-11-7-13,1,0.00105374,verse,deuteronomy,control_top200
accent_count,6,43,10-15-11-7-13-4,1,0.00105374,verse,deuteronomy,control_top200
accent_count,6,44,15-11-7-13-4-7,1,0.00105374,verse,deuteronomy,control_top200
accent_count,6,45,11-7-13-4-7-14,1,0.00105374,verse,deuteronomy,control_top200
accent_count,6,46,7-13-4-7-14-16,1,0.00105374,verse,deuteronomy,control_top200
accent_count,6,47,13-4-7-14-16-10,1,0.00105374,verse,deuteronomy,control_top200
accent_count,6,48,4-7-14-16-10-21,1,0.00105374,verse,deuteronomy,control_top200
accent_count,6,49,7-14-16-10-21-16,1,0.00105374,verse,deuteronomy,control_top200
accent_count,6,50,14-16-10-21-16-19,1,0.00105374,verse,deuteronomy,control_top200
accent_count,6,51,16-10-21-16-19-9,1,0.00105374,verse,deuteronomy,control_top200
accent_count,6,52,10-21-16-19-9-8,1,0.00105374,verse,deuteronomy,control_top200
accent_count,6,53,21-16-19-9-8-19,1,0.00105374,verse,deuteronomy,control_top200
accent_count,6,54,16-19-9-8-19-9,1,0.00105374,verse,deuteronomy,control_top200
accent_count,6,55,19-9-8-19-9-21,1,0.00105374,verse,deuteronomy,control_top200
accent_count,6,56,9-8-19-9-21-9,1,0.00105374,verse,deuteronomy,control_top200
accent_count,6,57,8-19-9-21-9-7,1,0.00105374,verse,deuteronomy,control_top200
accent_count,6,58,19-9-21-9-7-4,1,0.00105374,verse,deuteronomy,control_top200
accent_count,6,59,9-21-9-7-4-6,1,0.00105374,verse,deuteronomy,control_top200
accent_count,6,60,21-9-7-4-6-18,1,0.00105374,verse,deuteronomy,control_top200
accent_count,6,61,9-7-4-6-18-12,1,0.00105374,verse,deuteronomy,control_top200
accent_count,6,62,7-4-6-18-12-11,1,0.00105374,verse,deuteronomy,control_top200
accent_count,6,63,4-6-18-12-11-16,1,0.00105374,verse,deuteronomy,control_top200
accent_count,6,64,6-18-12-11-16-10,1,0.00105374,verse,deuteronomy,control_top200
accent_count,6,65,18-12-11-16-10-18,1,0.00105374,verse,deuteronomy,control_top200
accent_count,6,66,12-11-16-10-18-16,1,0.00105374,verse,deuteronomy,control_top200
accent_count,6,67,11-16-10-18-16-10,1,0.00105374,verse,deuteronomy,control_top200
accent_count,6,68,16-10-18-16-10-9,1,0.00105374,verse,deuteronomy,control_top200
accent_count,6,69,10-18-16-10-9-11,1,0.00105374,verse,deuteronomy,control_top200
accent_count,6,70,18-16-10-9-11-19,1,0.00105374,verse,deuteronomy,control_top200
accent_count,6,71,16-10-9-11-19-19,1,0.00105374,verse,deuteronomy,control_top200
accent_count,6,72,10-9-11-19-19-13,1,0.00105374,verse,deuteronomy,control_top200
accent_count,6,73,9-11-19-19-13-7,1,0.00105374,verse,deuteronomy,control_top200
accent_count,6,74,11-19-19-13-7-7,1,0.00105374,verse,deuteronomy,control_top200
accent_count,6,75,19-19-13-7-7-12,1,0.00105374,verse,deuteronomy,control_top200
accent_count,6,76,19-13-7-7-12-8,1,0.00105374,verse,deuteronomy,control_top200
accent_count,6,77,13-7-7-12-8-19,1,0.00105374,verse,deuteronomy,control_top200
accent_count,6,78,7-7-12-8-19-14,1,0.00105374,verse,deuteronomy,control_top200
accent_count,6,79,7-12-8-19-14-13,1,0.00105374,verse,deuteronomy,control_top200
accent_count,6,80,12-8-19-14-13-21,1,0.00105374,verse,deuteronomy,control_top200
accent_count,6,81,8-19-14-13-21-14,1,0.00105374,verse,deuteronomy,control_top200
accent_count,6,82,19-14-13-21-14-17,1,0.00105374,verse,deuteronomy,control_top200
accent_count,6,83,14-13-21-14-17-12,1,0.00105374,verse,deuteronomy,control_top200
accent_count,6,84,13-21-14-17-12-12,1,0.00105374,verse,deuteronomy,control_top200
accent_count,6,85,21-14-17-12-12-5,1,0.00105374,verse,deuteronomy,control_top200
accent_count,6,86,14-17-12-12-5-15,1,0.00105374,verse,deuteronomy,control_top200
accent_count,6,87,17-12-12-5-15-7,1,0.00105374,verse,deuteronomy,control_top200
accent_count,6,88,12-12-5-15-7-11,1,0.00105374,verse,deuteronomy,control_top200
accent_count,6,89,12-5-15-7-11-23,1,0.00105374,verse,deuteronomy,control_top200
accent_count,6,90,5-15-7-11-23-15,1,0.00105374,verse,deuteronomy,control_top200
accent_count,6,91,15-7-11-23-15-17,1,0.00105374,verse,deuteronomy,control_top200
accent_count,6,92,7-11-23-15-17-17,1,0.00105374,verse,deuteronomy,control_top200
accent_count,6,93,11-23-15-17-17-3,1,0.00105374,verse,deuteronomy,control_top200
accent_count,6,94,23-15-17-17-3-15,1,0.00105374,verse,deuteronomy,control_top200
accent_count,6,95,15-17-17-3-15-13,1,0.00105374,verse,deuteronomy,control_top200
accent_count,6,96,17-17-3-15-13-19,1,0.00105374,verse,deuteronomy,control_top200
accent_count,6,97,17-3-15-13-19-14,1,0.00105374,verse,deuteronomy,control_top200
accent_count,6,98,3-15-13-19-14-21,1,0.00105374,verse,deuteronomy,control_top200
accent_count,6,99,15-13-19-14-21-23,1,0.00105374,verse,deuteronomy,control_top200
accent_count,6,100,13-19-14-21-23-8,1,0.00105374,verse,deuteronomy,control_top200
accent_count,6,101,19-14-21-23-8-5,1,0.00105374,verse,deuteronomy,control_top200
accent_count,6,102,14-21-23-8-5-18,1,0.00105374,verse,deuteronomy,control_top200
accent_count,6,103,21-23-8-5-18-11,1,0.00105374,verse,deuteronomy,control_top200
accent_count,6,104,23-8-5-18-11-17,1,0.00105374,verse,deuteronomy,control_top200
accent_count,6,105,8-5-18-11-17-15,1,0.00105374,verse,deuteronomy,control_top200
accent_count,6,106,5-18-11-17-15-15,1,0.00105374,verse,deuteronomy,control_top200
accent_count,6,107,18-11-17-15-15-5,1,0.00105374,verse,deuteronomy,control_top200
accent_count,6,108,11-17-15-15-5-21,1,0.00105374,verse,deuteronomy,control_top200
accent_count,6,109,17-15-15-5-21-18,1,0.00105374,verse,deuteronomy,control_top200
accent_count,6,110,15-15-5-21-18-18,1,0.00105374,verse,deuteronomy,control_top200
accent_count,6,111,15-5-21-18-18-7,1,0.00105374,verse,deuteronomy,control_top200
accent_count,6,112,5-21-18-18-7-18,1,0.00105374,verse,deuteronomy,control_top200
accent_count,6,113,21-18-18-7-18-20,1,0.00105374,verse,deuteronomy,control_top200
accent_count,6,114,18-18-7-18-20-11,1,0.00105374,verse,deuteronomy,control_top200
accent_count,6,115,18-7-18-20-11-15,1,0.00105374,verse,deuteronomy,control_top200
accent_count,6,116,7-18-20-11-15-19,1,0.00105374,verse,deuteronomy,control_top200
accent_count,6,117,18-20-11-15-19-25,1,0.00105374,verse,deuteronomy,control_top200
accent_count,6,118,20-11-15-19-25-12,1,0.00105374,verse,deuteronomy,control_top200
accent_count,6,119,11-15-19-25-12-14,1,0.00105374,verse,deuteronomy,control_top200
accent_count,6,120,15-19-25-12-14-13,1,0.00105374,verse,deuteronomy,control_top200
accent_count,6,121,19-25-12-14-13-17,1,0.00105374,verse,deuteronomy,control_top200
accent_count,6,122,25-12-14-13-17-14,1,0.00105374,verse,deuteronomy,control_top200
accent_count,6,123,12-14-13-17-14-11,1,0.00105374,verse,deuteronomy,control_top200
accent_count,6,124,14-13-17-14-11-10,1,0.00105374,verse,deuteronomy,control_top200
accent_count,6,125,13-17-14-11-10-8,1,0.00105374,verse,deuteronomy,control_top200
accent_count,6,126,17-14-11-10-8-23,1,0.00105374,verse,deuteronomy,control_top200
accent_count,6,127,14-11-10-8-23-14,1,0.00105374,verse,deuteronomy,control_top200
accent_count,6,128,11-10-8-23-14-16,1,0.00105374,verse,deuteronomy,control_top200
accent_count,6,129,10-8-23-14-16-14,1,0.00105374,verse,deuteronomy,control_top200
accent_count,6,130,8-23-14-16-14-19,1,0.00105374,verse,deuteronomy,control_top200
accent_count,6,131,23-14-16-14-19-8,1,0.00105374,verse,deuteronomy,control_top200
accent_count,6,132,14-16-14-19-8-18,1,0.00105374,verse,deuteronomy,control_top200
accent_count,6,133,16-14-19-8-18-24,1,0.00105374,verse,deuteronomy,control_top200
accent_count,6,134,14-19-8-18-24-13,1,0.00105374,verse,deuteronomy,control_top200
accent_count,6,135,19-8-18-24-13-16,1,0.00105374,verse,deuteronomy,control_top200
accent_count,6,136,8-18-24-13-16-9,1,0.00105374,verse,deuteronomy,control_top200
accent_count,6,137,18-24-13-16-9-13,1,0.00105374,verse,deuteronomy,control_top200
accent_count,6,138,24-13-16-9-13-16,1,0.00105374,verse,deuteronomy,control_top200
accent_count,6,139,13-16-9-13-16-23,1,0.00105374,verse,deuteronomy,control_top200
accent_count,6,140,16-9-13-16-23-9,1,0.00105374,verse,deuteronomy,control_top200
accent_count,6,141,9-13-16-23-9-26,1,0.00105374,verse,deuteronomy,control_top200
accent_count,6,142,13-16-23-9-26-10,1,0.00105374,verse,deuteronomy,control_top200
accent_count,6,143,16-23-9-26-10-12,1,0.00105374,verse,deuteronomy,control_top200
accent_count,6,144,23-9-26-10-12-12,1,0.00105374,verse,deuteronomy,control_top200
accent_count,6,145,9-26-10-12-12-13,1,0.00105374,verse,deuteronomy,control_top200
accent_count,6,146,26-10-12-12-13-14,1,0.00105374,verse,deuteronomy,control_top200
accent_count,6,147,10-12-12-13-14-22,1,0.00105374,verse,deuteronomy,control_top200
accent_count,6,148,12-12-13-14-22-9,1,0.00105374,verse,deuteronomy,control_top200
accent_count,6,149,12-13-14-22-9-17,1,0.00105374,verse,deuteronomy,control_top200
accent_count,6,150,13-14-22-9-17-11,1,0.00105374,verse,deuteronomy,control_top200
accent_count,6,151,14-22-9-17-11-7,1,0.00105374,verse,deuteronomy,control_top200
accent_count,6,152,22-9-17-11-7-11,1,0.00105374,verse,deuteronomy,control_top200
accent_count,6,153,9-17-11-7-11-20,1,0.00105374,verse,deuteronomy,control_top200
accent_count,6,154,17-11-7-11-20-14,1,0.00105374,verse,deuteronomy,control_top200
accent_count,6,155,11-7-11-20-14-8,1,0.00105374,verse,deuteronomy,control_top200
accent_count,6,156,7-11-20-14-8-10,1,0.00105374,verse,deuteronomy,control_top200
accent_count,6,157,11-20-14-8-10-18,1,0.00105374,verse,deuteronomy,control_top200
accent_count,6,158,20-14-8-10-18-6,1,0.00105374,verse,deuteronomy,control_top200
accent_count,6,159,14-8-10-18-6-14,1,0.00105374,verse,deuteronomy,control_top200
accent_count,6,160,8-10-18-6-14-8,1,0.00105374,verse,deuteronomy,control_top200
accent_count,6,161,10-18-6-14-8-18,1,0.00105374,verse,deuteronomy,control_top200
accent_count,6,162,18-6-14-8-18-9,1,0.00105374,verse,deuteronomy,control_top200
accent_count,6,163,6-14-8-18-9-6,1,0.00105374,verse,deuteronomy,control_top200
accent_count,6,164,14-8-18-9-6-15,1,0.00105374,verse,deuteronomy,control_top200
accent_count,6,165,8-18-9-6-15-17,1,0.00105374,verse,deuteronomy,control_top200
accent_count,6,166,18-9-6-15-17-19,1,0.00105374,verse,deuteronomy,control_top200
accent_count,6,167,9-6-15-17-19-13,1,0.00105374,verse,deuteronomy,control_top200
accent_count,6,168,6-15-17-19-13-24,1,0.00105374,verse,deuteronomy,control_top200
accent_count,6,169,15-17-19-13-24-21,1,0.00105374,verse,deuteronomy,control_top200
accent_count,6,170,17-19-13-24-21-19,1,0.00105374,verse,deuteronomy,control_top200
accent_count,6,171,19-13-24-21-19-2,1,0.00105374,verse,deuteronomy,control_top200
accent_count,6,172,13-24-21-19-2-2,1,0.00105374,verse,deuteronomy,control_top200
accent_count,6,173,24-21-19-2-2-2,1,0.00105374,verse,deuteronomy,control_top200
accent_count,6,174,21-19-2-2-2-5,1,0.00105374,verse,deuteronomy,control_top200
accent_count,6,175,19-2-2-2-5-16,1,0.00105374,verse,deuteronomy,control_top200
accent_count,6,176,2-2-2-5-16-21,1,0.00105374,verse,deuteronomy,control_top200
accent_count,6,177,2-2-5-16-21-13,1,0.00105374,verse,deuteronomy,control_top200
accent_count,6,178,2-5-16-21-13-19,1,0.00105374,verse,deuteronomy,control_top200
accent_count,6,179,5-16-21-13-19-16,1,0.00105374,verse,deuteronomy,control_top200
accent_count,6,180,16-21-13-19-16-12,1,0.00105374,verse,deuteronomy,control_top200
accent_count,6,181,21-13-19-16-12-19,1,0.00105374,verse,deuteronomy,control_top200
accent_count,6,182,13-19-16-12-19-20,1,0.00105374,verse,deuteronomy,control_top200
accent_count,6,183,19-16-12-19-20-16,1,0.00105374,verse,deuteronomy,control_top200
accent_count,6,184,16-12-19-20-16-6,1,0.00105374,verse,deuteronomy,control_top200
accent_count,6,185,12-19-20-16-6-19,1,0.00105374,verse,deuteronomy,control_top200
accent_count,6,186,19-20-16-6-19-11,1,0.00105374,verse,deuteronomy,control_top200
accent_count,6,187,20-16-6-19-11-16,1,0.00105374,verse,deuteronomy,control_top200
accent_count,6,188,16-6-19-11-16-17,1,0.00105374,verse,deuteronomy,control_top200
accent_count,6,189,6-19-11-16-17-19,1,0.00105374,verse,deuteronomy,control_top200
accent_count,6,190,19-11-16-17-19-20,1,0.00105374,verse,deuteronomy,control_top200
accent_count,6,191,11-16-17-19-20-6,1,0.00105374,verse,deuteronomy,control_top200
accent_count,6,192,16-17-19-20-6-7,1,0.00105374,verse,deuteronomy,control_top200
accent_count,6,193,17-19-20-6-7-8,1,0.00105374,verse,deuteronomy,control_top200
accent_count,6,194,19-20-6-7-8-10,1,0.00105374,verse,deuteronomy,control_top200
accent_count,6,195,20-6-7-8-10-7,1,0.00105374,verse,deuteronomy,control_top200
accent_count,6,196,6-7-8-10-7-4,1,0.00105374,verse,deuteronomy,control_top200
accent_count,6,197,7-8-10-7-4-19,1,0.00105374,verse,deuteronomy,control_top200
accent_count,6,198,8-10-7-4-19-15,1,0.00105374,verse,deuteronomy,control_top200
accent_count,6,199,10-7-4-19-15-10,1,0.00105374,verse,deuteronomy,control_top200
accent_count,6,200,7-4-19-15-10-7,1,0.00105374,verse,deuteronomy,control_top200
word_count,2,1,5-6,39,0.02095648,major,deuteronomy,control_top200
word_count,2,2,6-6,37,0.01988178,major,deuteronomy,control_top200
word_count,2,3,4-4,30,0.01612037,major,deuteronomy,control_top200
word_count,2,4,6-5,27,0.01450833,major,deuteronomy,control_top200
word_count,2,5,5-4,27,0.01450833,major,deuteronomy,control_top200
word_count,2,6,6-4,27,0.01450833,major,deuteronomy,control_top200
word_count,2,7,7-6,26,0.01397098,major,deuteronomy,control_top200
word_count,2,8,3-3,26,0.01397098,major,deuteronomy,control_top200
word_count,2,9,9-5,23,0.01235895,major,deuteronomy,control_top200
word_count,2,10,7-4,22,0.0118216,major,deuteronomy,control_top200
word_count,2,11,6-7,22,0.0118216,major,deuteronomy,control_top200
word_count,2,12,4-7,21,0.01128426,major,deuteronomy,control_top200
word_count,2,13,4-5,21,0.01128426,major,deuteronomy,control_top200
word_count,2,14,4-6,21,0.01128426,major,deuteronomy,control_top200
word_count,2,15,6-3,20,0.01074691,major,deuteronomy,control_top200
word_count,2,16,8-9,20,0.01074691,major,deuteronomy,control_top200
word_count,2,17,5-3,19,0.01020956,major,deuteronomy,control_top200
word_count,2,18,4-3,19,0.01020956,major,deuteronomy,control_top200
word_count,2,19,3-5,18,0.00967222,major,deuteronomy,control_top200
word_count,2,20,3-6,18,0.00967222,major,deuteronomy,control_top200
word_count,2,21,6-9,18,0.00967222,major,deuteronomy,control_top200
word_count,2,22,9-7,17,0.00913487,major,deuteronomy,control_top200
word_count,2,23,4-8,17,0.00913487,major,deuteronomy,control_top200
word_count,2,24,3-8,16,0.00859753,major,deuteronomy,control_top200
word_count,2,25,8-5,16,0.00859753,major,deuteronomy,control_top200
word_count,2,26,5-5,16,0.00859753,major,deuteronomy,control_top200
word_count,2,27,3-10,16,0.00859753,major,deuteronomy,control_top200
word_count,2,28,7-5,16,0.00859753,major,deuteronomy,control_top200
word_count,2,29,5-9,15,0.00806018,major,deuteronomy,control_top200
word_count,2,30,9-4,15,0.00806018,major,deuteronomy,control_top200
word_count,2,31,11-6,15,0.00806018,major,deuteronomy,control_top200
word_count,2,32,7-8,15,0.00806018,major,deuteronomy,control_top200
word_count,2,33,11-9,14,0.00752284,major,deuteronomy,control_top200
word_count,2,34,9-8,14,0.00752284,major,deuteronomy,control_top200
word_count,2,35,3-7,14,0.00752284,major,deuteronomy,control_top200
word_count,2,36,7-12,14,0.00752284,major,deuteronomy,control_top200
word_count,2,37,6-13,14,0.00752284,major,deuteronomy,control_top200
word_count,2,38,6-8,14,0.00752284,major,deuteronomy,control_top200
word_count,2,39,4-9,14,0.00752284,major,deuteronomy,control_top200
word_count,2,40,6-10,14,0.00752284,major,deuteronomy,control_top200
word_count,2,41,7-7,14,0.00752284,major,deuteronomy,control_top200
word_count,2,42,8-11,13,0.00698549,major,deuteronomy,control_top200
word_count,2,43,5-8,13,0.00698549,major,deuteronomy,control_top200
word_count,2,44,2-6,13,0.00698549,major,deuteronomy,control_top200
word_count,2,45,10-6,13,0.00698549,major,deuteronomy,control_top200
word_count,2,46,8-7,13,0.00698549,major,deuteronomy,control_top200
word_count,2,47,11-5,13,0.00698549,major,deuteronomy,control_top200
word_count,2,48,8-6,13,0.00698549,major,deuteronomy,control_top200
word_count,2,49,10-5,13,0.00698549,major,deuteronomy,control_top200
word_count,2,50,7-3,12,0.00644815,major,deuteronomy,control_top200
word_count,2,51,8-4,12,0.00644815,major,deuteronomy,control_top200
word_count,2,52,11-3,12,0.00644815,major,deuteronomy,control_top200
word_count,2,53,5-7,12,0.00644815,major,deuteronomy,control_top200
word_count,2,54,13-5,12,0.00644815,major,deuteronomy,control_top200
word_count,2,55,8-8,12,0.00644815,major,deuteronomy,control_top200
word_count,2,56,10-4,12,0.00644815,major,deuteronomy,control_top200
word_count,2,57,5-10,12,0.00644815,major,deuteronomy,control_top200
word_count,2,58,10-7,12,0.00644815,major,deuteronomy,control_top200
word_count,2,59,12-7,11,0.0059108,major,deuteronomy,control_top200
word_count,2,60,4-2,11,0.0059108,major,deuteronomy,control_top200
word_count,2,61,5-11,11,0.0059108,major,deuteronomy,control_top200
word_count,2,62,4-11,11,0.0059108,major,deuteronomy,control_top200
word_count,2,63,9-9,11,0.0059108,major,deuteronomy,control_top200
word_count,2,64,12-11,10,0.00537346,major,deuteronomy,control_top200
word_count,2,65,7-11,10,0.00537346,major,deuteronomy,control_top200
word_count,2,66,3-4,10,0.00537346,major,deuteronomy,control_top200
word_count,2,67,4-10,10,0.00537346,major,deuteronomy,control_top200
word_count,2,68,9-6,10,0.00537346,major,deuteronomy,control_top200
word_count,2,69,6-2,10,0.00537346,major,deuteronomy,control_top200
word_count,2,70,6-11,9,0.00483611,major,deuteronomy,control_top200
word_count,2,71,12-4,9,0.00483611,major,deuteronomy,control_top200
word_count,2,72,12-5,9,0.00483611,major,deuteronomy,control_top200
word_count,2,73,11-4,9,0.00483611,major,deuteronomy,control_top200
word_count,2,74,9-10,9,0.00483611,major,deuteronomy,control_top200
word_count,2,75,10-2,9,0.00483611,major,deuteronomy,control_top200
word_count,2,76,6-12,8,0.00429876,major,deuteronomy,control_top200
word_count,2,77,2-4,8,0.00429876,major,deuteronomy,control_top200
word_count,2,78,7-9,8,0.00429876,major,deuteronomy,control_top200
word_count,2,79,9-12,8,0.00429876,major,deuteronomy,control_top200
word_count,2,80,12-8,8,0.00429876,major,deuteronomy,control_top200
word_count,2,81,10-11,8,0.00429876,major,deuteronomy,control_top200
word_count,2,82,9-11,8,0.00429876,major,deuteronomy,control_top200
word_count,2,83,3-11,8,0.00429876,major,deuteronomy,control_top200
word_count,2,84,10-3,8,0.00429876,major,deuteronomy,control_top200
word_count,2,85,15-5,7,0.00376142,major,deuteronomy,control_top200
word_count,2,86,7-2,7,0.00376142,major,deuteronomy,control_top200
word_count,2,87,2-9,7,0.00376142,major,deuteronomy,control_top200
word_count,2,88,12-9,7,0.00376142,major,deuteronomy,control_top200
word_count,2,89,8-12,7,0.00376142,major,deuteronomy,control_top200
word_count,2,90,3-12,7,0.00376142,major,deuteronomy,control_top200
word_count,2,91,4-12,7,0.00376142,major,deuteronomy,control_top200
word_count,2,92,9-13,7,0.00376142,major,deuteronomy,control_top200
word_count,2,93,12-6,7,0.00376142,major,deuteronomy,control_top200
word_count,2,94,8-3,7,0.00376142,major,deuteronomy,control_top200
word_count,2,95,9-3,7,0.00376142,major,deuteronomy,control_top200
word_count,2,96,4-17,7,0.00376142,major,deuteronomy,control_top200
word_count,2,97,5-12,7,0.00376142,major,deuteronomy,control_top200
word_count,2,98,14-4,7,0.00376142,major,deuteronomy,control_top200
word_count,2,99,10-8,7,0.00376142,major,deuteronomy,control_top200
word_count,2,100,2-11,7,0.00376142,major,deuteronomy,control_top200
word_count,2,101,8-10,7,0.00376142,major,deuteronomy,control_top200
word_count,2,102,11-12,7,0.00376142,major,deuteronomy,control_top200
word_count,2,103,2-10,7,0.00376142,major,deuteronomy,control_top200
word_count,2,104,7-10,7,0.00376142,major,deuteronomy,control_top200
word_count,2,105,10-12,6,0.00322407,major,deuteronomy,control_top200
word_count,2,106,2-5,6,0.00322407,major,deuteronomy,control_top200
word_count,2,107,7-15,6,0.00322407,major,deuteronomy,control_top200
word_count,2,108,13-9,6,0.00322407,major,deuteronomy,control_top200
word_count,2,109,13-4,6,0.00322407,major,deuteronomy,control_top200
word_count,2,110,8-2,6,0.00322407,major,deuteronomy,control_top200
word_count,2,111,12-10,6,0.00322407,major,deuteronomy,control_top200
word_count,2,112,14-9,6,0.00322407,major,deuteronomy,control_top200
word_count,2,113,2-7,6,0.00322407,major,deuteronomy,control_top200
word_count,2,114,8-13,6,0.00322407,major,deuteronomy,control_top200
word_count,2,115,13-7,6,0.00322407,major,deuteronomy,control_top200
word_count,2,116,11-8,6,0.00322407,major,deuteronomy,control_top200
word_count,2,117,6-14,6,0.00322407,major,deuteronomy,control_top200
word_count,2,118,7-16,6,0.00322407,major,deuteronomy,control_top200
word_count,2,119,11-7,6,0.00322407,major,deuteronomy,control_top200
word_count,2,120,14-10,6,0.00322407,major,deuteronomy,control_top200
word_count,2,121,5-14,6,0.00322407,major,deuteronomy,control_top200
word_count,2,122,2-2,5,0.00268673,major,deuteronomy,control_top200
word_count,2,123,15-7,5,0.00268673,major,deuteronomy,control_top200
word_count,2,124,5-2,5,0.00268673,major,deuteronomy,control_top200
word_count,2,125,5-13,5,0.00268673,major,deuteronomy,control_top200
word_count,2,126,13-8,5,0.00268673,major,deuteronomy,control_top200
word_count,2,127,4-14,5,0.00268673,major,deuteronomy,control_top200
word_count,2,128,17-6,5,0.00268673,major,deuteronomy,control_top200
word_count,2,129,10-15,5,0.00268673,major,deuteronomy,control_top200
word_count,2,130,10-9,5,0.00268673,major,deuteronomy,control_top200
word_count,2,131,3-9,5,0.00268673,major,deuteronomy,control_top200
word_count,2,132,8-14,5,0.00268673,major,deuteronomy,control_top200
word_count,2,133,15-6,5,0.00268673,major,deuteronomy,control_top200
word_count,2,134,14-6,5,0.00268673,major,deuteronomy,control_top200
word_count,2,135,14-8,5,0.00268673,major,deuteronomy,control_top200
word_count,2,136,14-7,5,0.00268673,major,deuteronomy,control_top200
word_count,2,137,11-14,5,0.00268673,major,deuteronomy,control_top200
word_count,2,138,5-15,4,0.00214938,major,deuteronomy,control_top200
word_count,2,139,15-8,4,0.00214938,major,deuteronomy,control_top200
word_count,2,140,19-4,4,0.00214938,major,deuteronomy,control_top200
word_count,2,141,5-16,4,0.00214938,major,deuteronomy,control_top200
word_count,2,142,16-5,4,0.00214938,major,deuteronomy,control_top200
word_count,2,143,9-2,4,0.00214938,major,deuteronomy,control_top200
word_count,2,144,7-14,4,0.00214938,major,deuteronomy,control_top200
word_count,2,145,15-4,4,0.00214938,major,deuteronomy,control_top200
word_count,2,146,15-10,4,0.00214938,major,deuteronomy,control_top200
word_count,2,147,17-8,4,0.00214938,major,deuteronomy,control_top200
word_count,2,148,5-17,4,0.00214938,major,deuteronomy,control_top200
word_count,2,149,10-10,4,0.00214938,major,deuteronomy,control_top200
word_count,2,150,4-15,4,0.00214938,major,deuteronomy,control_top200
word_count,2,151,6-15,4,0.00214938,major,deuteronomy,control_top200
word_count,2,152,13-6,4,0.00214938,major,deuteronomy,control_top200
word_count,2,153,11-10,3,0.00161204,major,deuteronomy,control_top200
word_count,2,154,11-15,3,0.00161204,major,deuteronomy,control_top200
word_count,2,155,11-13,3,0.00161204,major,deuteronomy,control_top200
word_count,2,156,13-3,3,0.00161204,major,deuteronomy,control_top200
word_count,2,157,14-5,3,0.00161204,major,deuteronomy,control_top200
word_count,2,158,20-7,3,0.00161204,major,deuteronomy,control_top200
word_count,2,159,2-14,3,0.00161204,major,deuteronomy,control_top200
word_count,2,160,16-3,3,0.00161204,major,deuteronomy,control_top200
word_count,2,161,17-7,3,0.00161204,major,deuteronomy,control_top200
word_count,2,162,10-14,3,0.00161204,major,deuteronomy,control_top200
word_count,2,163,2-8,3,0.00161204,major,deuteronomy,control_top200
word_count,2,164,16-6,3,0.00161204,major,deuteronomy,control_top200
word_count,2,165,9-19,3,0.00161204,major,deuteronomy,control_top200
word_count,2,166,4-13,3,0.00161204,major,deuteronomy,control_top200
word_count,2,167,15-9,3,0.00161204,major,deuteronomy,control_top200
word_count,2,168,3-2,3,0.00161204,major,deuteronomy,control_top200
word_count,2,169,13-10,3,0.00161204,major,deuteronomy,control_top200
word_count,2,170,10-13,3,0.00161204,major,deuteronomy,control_top200
word_count,2,171,7-13,3,0.00161204,major,deuteronomy,control_top200
word_count,2,172,11-11,3,0.00161204,major,deuteronomy,control_top200
word_count,2,173,2-3,3,0.00161204,major,deuteronomy,control_top200
word_count,2,174,5-19,2,0.00107469,major,deuteronomy,control_top200
word_count,2,175,14-12,2,0.00107469,major,deuteronomy,control_top200
word_count,2,176,18-3,2,0.00107469,major,deuteronomy,control_top200
word_count,2,177,14-11,2,0.00107469,major,deuteronomy,control_top200
word_count,2,178,17-9,2,0.00107469,major,deuteronomy,control_top200
word_count,2,179,5-18,2,0.00107469,major,deuteronomy,control_top200
word_count,2,180,8-19,2,0.00107469,major,deuteronomy,control_top200
word_count,2,181,17-14,2,0.00107469,major,deuteronomy,control_top200
word_count,2,182,7-18,2,0.00107469,major,deuteronomy,control_top200
word_count,2,183,21-7,2,0.00107469,major,deuteronomy,control_top200
word_count,2,184,19-8,2,0.00107469,major,deuteronomy,control_top200
word_count,2,185,14-2,2,0.00107469,major,deuteronomy,control_top200
word_count,2,186,2-15,2,0.00107469,major,deuteronomy,control_top200
word_count,2,187,3-18,2,0.00107469,major,deuteronomy,control_top200
word_count,2,188,5-21,2,0.00107469,major,deuteronomy,control_top200
word_count,2,189,13-2,2,0.00107469,major,deuteronomy,control_top200
word_count,2,190,7-20,2,0.00107469,major,deuteronomy,control_top200
word_count,2,191,6-17,2,0.00107469,major,deuteronomy,control_top200
word_count,2,192,17-2,2,0.00107469,major,deuteronomy,control_top200
word_count,2,193,11-16,2,0.00107469,major,deuteronomy,control_top200
word_count,2,194,9-14,2,0.00107469,major,deuteronomy,control_top200
word_count,2,195,13-11,2,0.00107469,major,deuteronomy,control_top200
word_count,2,196,17-3,2,0.00107469,major,deuteronomy,control_top200
word_count,2,197,19-10,2,0.00107469,major,deuteronomy,control_top200
word_count,2,198,16-7,2,0.00107469,major,deuteronomy,control_top200
word_count,2,199,5-20,2,0.00107469,major,deuteronomy,control_top200
word_count,2,200,13-13,2,0.00107469,major,deuteronomy,control_top200
word_count,3,1,5-3-8,7,0.00376344,major,deuteronomy,control_top200
word_count,3,2,6-3-3,7,0.00376344,major,deuteronomy,control_top200
word_count,3,3,4-4-4,7,0.00376344,major,deuteronomy,control_top200
word_count,3,4,6-4-6,6,0.00322581,major,deuteronomy,control_top200
word_count,3,5,5-6-6,6,0.00322581,major,deuteronomy,control_top200
word_count,3,6,11-6-6,6,0.00322581,major,deuteronomy,control_top200
word_count,3,7,6-6-6,6,0.00322581,major,deuteronomy,control_top200
word_count,3,8,5-6-3,6,0.00322581,major,deuteronomy,control_top200
word_count,3,9,3-3-3,6,0.00322581,major,deuteronomy,control_top200
word_count,3,10,7-6-5,5,0.00268817,major,deuteronomy,control_top200
word_count,3,11,3-3-7,5,0.00268817,major,deuteronomy,control_top200
word_count,3,12,7-12-11,5,0.00268817,major,deuteronomy,control_top200
word_count,3,13,7-5-6,5,0.00268817,major,deuteronomy,control_top200
word_count,3,14,8-5-6,5,0.00268817,major,deuteronomy,control_top200
word_count,3,15,6-4-4,5,0.00268817,major,deuteronomy,control_top200
word_count,3,16,6-9-5,5,0.00268817,major,deuteronomy,control_top200
word_count,3,17,9-5-6,5,0.00268817,major,deuteronomy,control_top200
word_count,3,18,4-4-8,5,0.00268817,major,deuteronomy,control_top200
word_count,3,19,3-5-6,5,0.00268817,major,deuteronomy,control_top200
word_count,3,20,10-6-7,5,0.00268817,major,deuteronomy,control_top200
word_count,3,21,6-7-5,5,0.00268817,major,deuteronomy,control_top200
word_count,3,22,6-6-9,5,0.00268817,major,deuteronomy,control_top200
word_count,3,23,5-5-6,5,0.00268817,major,deuteronomy,control_top200
word_count,3,24,9-7-6,5,0.00268817,major,deuteronomy,control_top200
word_count,3,25,3-3-6,5,0.00268817,major,deuteronomy,control_top200
word_count,3,26,5-5-4,4,0.00215054,major,deuteronomy,control_top200
word_count,3,27,3-8-7,4,0.00215054,major,deuteronomy,control_top200
word_count,3,28,6-11-3,4,0.00215054,major,deuteronomy,control_top200
word_count,3,29,3-5-9,4,0.00215054,major,deuteronomy,control_top200
word_count,3,30,5-6-5,4,0.00215054,major,deuteronomy,control_top200
word_count,3,31,5-4-7,4,0.00215054,major,deuteronomy,control_top200
word_count,3,32,4-7-4,4,0.00215054,major,deuteronomy,control_top200
word_count,3,33,4-3-10,4,0.00215054,major,deuteronomy,control_top200
word_count,3,34,3-10-6,4,0.00215054,major,deuteronomy,control_top200
word_count,3,35,3-5-4,4,0.00215054,major,deuteronomy,control_top200
word_count,3,36,5-4-9,4,0.00215054,major,deuteronomy,control_top200
word_count,3,37,5-4-4,4,0.00215054,major,deuteronomy,control_top200
word_count,3,38,9-4-7,4,0.00215054,major,deuteronomy,control_top200
word_count,3,39,9-10-5,4,0.00215054,major,deuteronomy,control_top200
word_count,3,40,4-6-4,4,0.00215054,major,deuteronomy,control_top200
word_count,3,41,3-6-4,4,0.00215054,major,deuteronomy,control_top200
word_count,3,42,8-8-6,4,0.00215054,major,deuteronomy,control_top200
word_count,3,43,6-7-6,4,0.00215054,major,deuteronomy,control_top200
word_count,3,44,4-8-11,4,0.00215054,major,deuteronomy,control_top200
word_count,3,45,7-6-4,4,0.00215054,major,deuteronomy,control_top200
word_count,3,46,4-3-6,4,0.00215054,major,deuteronomy,control_top200
word_count,3,47,6-4-3,4,0.00215054,major,deuteronomy,control_top200
word_count,3,48,4-6-6,4,0.00215054,major,deuteronomy,control_top200
word_count,3,49,6-5-6,4,0.00215054,major,deuteronomy,control_top200
word_count,3,50,4-3-3,4,0.00215054,major,deuteronomy,control_top200
word_count,3,51,6-6-7,4,0.00215054,major,deuteronomy,control_top200
word_count,3,52,3-8-11,3,0.0016129,major,deuteronomy,control_top200
word_count,3,53,8-11-9,3,0.0016129,major,deuteronomy,control_top200
word_count,3,54,8-4-7,3,0.0016129,major,deuteronomy,control_top200
word_count,3,55,4-7-6,3,0.0016129,major,deuteronomy,control_top200
word_count,3,56,5-8-5,3,0.0016129,major,deuteronomy,control_top200
word_count,3,57,5-3-3,3,0.0016129,major,deuteronomy,control_top200
word_count,3,58,7-4-5,3,0.0016129,major,deuteronomy,control_top200
word_count,3,59,5-7-6,3,0.0016129,major,deuteronomy,control_top200
word_count,3,60,6-12-9,3,0.0016129,major,deuteronomy,control_top200
word_count,3,61,9-5-3,3,0.0016129,major,deuteronomy,control_top200
word_count,3,62,7-4-3,3,0.0016129,major,deuteronomy,control_top200
word_count,3,63,5-6-13,3,0.0016129,major,deuteronomy,control_top200
word_count,3,64,10-12-6,3,0.0016129,major,deuteronomy,control_top200
word_count,3,65,4-10-4,3,0.0016129,major,deuteronomy,control_top200
word_count,3,66,10-4-17,3,0.0016129,major,deuteronomy,control_top200
word_count,3,67,4-17-8,3,0.0016129,major,deuteronomy,control_top200
word_count,3,68,4-11-6,3,0.0016129,major,deuteronomy,control_top200
word_count,3,69,11-6-5,3,0.0016129,major,deuteronomy,control_top200
word_count,3,70,14-4-9,3,0.0016129,major,deuteronomy,control_top200
word_count,3,71,4-9-5,3,0.0016129,major,deuteronomy,control_top200
word_count,3,72,5-7-4,3,0.0016129,major,deuteronomy,control_top200
word_count,3,73,7-4-7,3,0.0016129,major,deuteronomy,control_top200
word_count,3,74,6-6-8,3,0.0016129,major,deuteronomy,control_top200
word_count,3,75,6-8-9,3,0.0016129,major,deuteronomy,control_top200
word_count,3,76,8-7-3,3,0.0016129,major,deuteronomy,control_top200
word_count,3,77,6-10-8,3,0.0016129,major,deuteronomy,control_top200
word_count,3,78,5-6-8,3,0.0016129,major,deuteronomy,control_top200
word_count,3,79,2-6-4,3,0.0016129,major,deuteronomy,control_top200
word_count,3,80,4-6-8,3,0.0016129,major,deuteronomy,control_top200
word_count,3,81,8-9-7,3,0.0016129,major,deuteronomy,control_top200
word_count,3,82,4-4-5,3,0.0016129,major,deuteronomy,control_top200
word_count,3,83,2-6-6,3,0.0016129,major,deuteronomy,control_top200
word_count,3,84,6-4-5,3,0.0016129,major,deuteronomy,control_top200
word_count,3,85,5-3-5,3,0.0016129,major,deuteronomy,control_top200
word_count,3,86,6-5-11,3,0.0016129,major,deuteronomy,control_top200
word_count,3,87,7-6-9,3,0.0016129,major,deuteronomy,control_top200
word_count,3,88,7-8-11,3,0.0016129,major,deuteronomy,control_top200
word_count,3,89,11-12-10,3,0.0016129,major,deuteronomy,control_top200
word_count,3,90,9-5-4,3,0.0016129,major,deuteronomy,control_top200
word_count,3,91,7-8-6,3,0.0016129,major,deuteronomy,control_top200
word_count,3,92,11-5-7,3,0.0016129,major,deuteronomy,control_top200
word_count,3,93,6-13-4,3,0.0016129,major,deuteronomy,control_top200
word_count,3,94,5-10-15,3,0.0016129,major,deuteronomy,control_top200
word_count,3,95,13-5-10,3,0.0016129,major,deuteronomy,control_top200
word_count,3,96,9-4-9,3,0.0016129,major,deuteronomy,control_top200
word_count,3,97,8-6-7,3,0.0016129,major,deuteronomy,control_top200
word_count,3,98,6-9-8,3,0.0016129,major,deuteronomy,control_top200
word_count,3,99,8-4-4,3,0.0016129,major,deuteronomy,control_top200
word_count,3,100,4-4-11,3,0.0016129,major,deuteronomy,control_top200
word_count,3,101,8-9-4,3,0.0016129,major,deuteronomy,control_top200
word_count,3,102,13-9-7,3,0.0016129,major,deuteronomy,control_top200
word_count,3,103,9-5-11,3,0.0016129,major,deuteronomy,control_top200
word_count,3,104,9-9-5,3,0.0016129,major,deuteronomy,control_top200
word_count,3,105,5-6-9,3,0.0016129,major,deuteronomy,control_top200
word_count,3,106,6-6-13,3,0.0016129,major,deuteronomy,control_top200
word_count,3,107,5-4-8,3,0.0016129,major,deuteronomy,control_top200
word_count,3,108,4-5-3,3,0.0016129,major,deuteronomy,control_top200
word_count,3,109,3-5-5,3,0.0016129,major,deuteronomy,control_top200
word_count,3,110,3-7-6,3,0.0016129,major,deuteronomy,control_top200
word_count,3,111,5-4-3,3,0.0016129,major,deuteronomy,control_top200
word_count,3,112,6-3-6,3,0.0016129,major,deuteronomy,control_top200
word_count,3,113,6-13-5,3,0.0016129,major,deuteronomy,control_top200
word_count,3,114,5-9-7,3,0.0016129,major,deuteronomy,control_top200
word_count,3,115,3-3-8,3,0.0016129,major,deuteronomy,control_top200
word_count,3,116,6-6-4,3,0.0016129,major,deuteronomy,control_top200
word_count,3,117,12-9-7,3,0.0016129,major,deuteronomy,control_top200
word_count,3,118,4-9-4,3,0.0016129,major,deuteronomy,control_top200
word_count,3,119,3-7-4,3,0.0016129,major,deuteronomy,control_top200
word_count,3,120,10-7-3,3,0.0016129,major,deuteronomy,control_top200
word_count,3,121,11-8-9,3,0.0016129,major,deuteronomy,control_top200
word_count,3,122,6-7-7,3,0.0016129,major,deuteronomy,control_top200
word_count,3,123,7-7-5,3,0.0016129,major,deuteronomy,control_top200
word_count,3,124,10-12-7,2,0.00107527,major,deuteronomy,control_top200
word_count,3,125,11-9-8,2,0.00107527,major,deuteronomy,control_top200
word_count,3,126,9-8-4,2,0.00107527,major,deuteronomy,control_top200
word_count,3,127,5-4-5,2,0.00107527,major,deuteronomy,control_top200
word_count,3,128,4-5-8,2,0.00107527,major,deuteronomy,control_top200
word_count,3,129,2-6-11,2,0.00107527,major,deuteronomy,control_top200
word_count,3,130,19-4-2,2,0.00107527,major,deuteronomy,control_top200
word_count,3,131,4-2-9,2,0.00107527,major,deuteronomy,control_top200
word_count,3,132,9-7-12,2,0.00107527,major,deuteronomy,control_top200
word_count,3,133,8-7-2,2,0.00107527,major,deuteronomy,control_top200
word_count,3,134,11-3-5,2,0.00107527,major,deuteronomy,control_top200
word_count,3,135,5-16-5,2,0.00107527,major,deuteronomy,control_top200
word_count,3,136,7-6-12,2,0.00107527,major,deuteronomy,control_top200
word_count,3,137,9-2-4,2,0.00107527,major,deuteronomy,control_top200
word_count,3,138,7-9-5,2,0.00107527,major,deuteronomy,control_top200
word_count,3,139,6-5-8,2,0.00107527,major,deuteronomy,control_top200
word_count,3,140,5-8-7,2,0.00107527,major,deuteronomy,control_top200
word_count,3,141,13-8-12,2,0.00107527,major,deuteronomy,control_top200
word_count,3,142,8-12-4,2,0.00107527,major,deuteronomy,control_top200
word_count,3,143,4-4-7,2,0.00107527,major,deuteronomy,control_top200
word_count,3,144,11-5-4,2,0.00107527,major,deuteronomy,control_top200
word_count,3,145,4-6-3,2,0.00107527,major,deuteronomy,control_top200
word_count,3,146,4-12-7,2,0.00107527,major,deuteronomy,control_top200
word_count,3,147,13-4-5,2,0.00107527,major,deuteronomy,control_top200
word_count,3,148,5-4-11,2,0.00107527,major,deuteronomy,control_top200
word_count,3,149,4-11-9,2,0.00107527,major,deuteronomy,control_top200
word_count,3,150,7-4-14,2,0.00107527,major,deuteronomy,control_top200
word_count,3,151,2-9-4,2,0.00107527,major,deuteronomy,control_top200
word_count,3,152,4-8-9,2,0.00107527,major,deuteronomy,control_top200
word_count,3,153,9-13-5,2,0.00107527,major,deuteronomy,control_top200
word_count,3,154,13-5-8,2,0.00107527,major,deuteronomy,control_top200
word_count,3,155,6-6-11,2,0.00107527,major,deuteronomy,control_top200
word_count,3,156,6-8-3,2,0.00107527,major,deuteronomy,control_top200
word_count,3,157,8-3-5,2,0.00107527,major,deuteronomy,control_top200
word_count,3,158,12-7-14,2,0.00107527,major,deuteronomy,control_top200
word_count,3,159,14-11-5,2,0.00107527,major,deuteronomy,control_top200
word_count,3,160,5-8-4,2,0.00107527,major,deuteronomy,control_top200
word_count,3,161,3-4-4,2,0.00107527,major,deuteronomy,control_top200
word_count,3,162,6-7-11,2,0.00107527,major,deuteronomy,control_top200
word_count,3,163,10-15-10,2,0.00107527,major,deuteronomy,control_top200
word_count,3,164,12-6-13,2,0.00107527,major,deuteronomy,control_top200
word_count,3,165,8-5-7,2,0.00107527,major,deuteronomy,control_top200
word_count,3,166,7-6-6,2,0.00107527,major,deuteronomy,control_top200
word_count,3,167,6-12-5,2,0.00107527,major,deuteronomy,control_top200
word_count,3,168,12-5-4,2,0.00107527,major,deuteronomy,control_top200
word_count,3,169,4-4-10,2,0.00107527,major,deuteronomy,control_top200
word_count,3,170,3-10-5,2,0.00107527,major,deuteronomy,control_top200
word_count,3,171,12-9-9,2,0.00107527,major,deuteronomy,control_top200
word_count,3,172,9-9-4,2,0.00107527,major,deuteronomy,control_top200
word_count,3,173,4-7-12,2,0.00107527,major,deuteronomy,control_top200
word_count,3,174,6-5-13,2,0.00107527,major,deuteronomy,control_top200
word_count,3,175,5-13-5,2,0.00107527,major,deuteronomy,control_top200
word_count,3,176,12-4-3,2,0.00107527,major,deuteronomy,control_top200
word_count,3,177,9-9-8,2,0.00107527,major,deuteronomy,control_top200
word_count,3,178,9-8-14,2,0.00107527,major,deuteronomy,control_top200
word_count,3,179,14-9-5,2,0.00107527,major,deuteronomy,control_top200
word_count,3,180,5-8-8,2,0.00107527,major,deuteronomy,control_top200
word_count,3,181,8-19-4,2,0.00107527,major,deuteronomy,control_top200
word_count,3,182,5-9-10,2,0.00107527,major,deuteronomy,control_top200
word_count,3,183,10-5-9,2,0.00107527,major,deuteronomy,control_top200
word_count,3,184,3-12-8,2,0.00107527,major,deuteronomy,control_top200
word_count,3,185,8-4-5,2,0.00107527,major,deuteronomy,control_top200
word_count,3,186,8-6-5,2,0.00107527,major,deuteronomy,control_top200
word_count,3,187,9-7-11,2,0.00107527,major,deuteronomy,control_top200
word_count,3,188,11-9-6,2,0.00107527,major,deuteronomy,control_top200
word_count,3,189,9-6-2,2,0.00107527,major,deuteronomy,control_top200
word_count,3,190,7-3-6,2,0.00107527,major,deuteronomy,control_top200
word_count,3,191,15-7-6,2,0.00107527,major,deuteronomy,control_top200
word_count,3,192,8-2-6,2,0.00107527,major,deuteronomy,control_top200
word_count,3,193,6-4-8,2,0.00107527,major,deuteronomy,control_top200
word_count,3,194,4-8-13,2,0.00107527,major,deuteronomy,control_top200
word_count,3,195,8-13-7,2,0.00107527,major,deuteronomy,control_top200
word_count,3,196,2-11-8,2,0.00107527,major,deuteronomy,control_top200
word_count,3,197,12-8-9,2,0.00107527,major,deuteronomy,control_top200
word_count,3,198,10-5-10,2,0.00107527,major,deuteronomy,control_top200
word_count,3,199,2-5-4,2,0.00107527,major,deuteronomy,control_top200
word_count,3,200,17-7-9,2,0.00107527,major,deuteronomy,control_top200
word_count,4,1,4-4-4-4,5,0.00268962,major,deuteronomy,control_top200
word_count,4,2,5-3-8-7,3,0.00161377,major,deuteronomy,control_top200
word_count,4,3,4-3-10-6,3,0.00161377,major,deuteronomy,control_top200
word_count,4,4,11-6-6-6,3,0.00161377,major,deuteronomy,control_top200
word_count,4,5,6-9-5-6,3,0.00161377,major,deuteronomy,control_top200
word_count,4,6,4-4-8-11,3,0.00161377,major,deuteronomy,control_top200
word_count,4,7,6-3-3-3,3,0.00161377,major,deuteronomy,control_top200
word_count,4,8,6-6-9-5,3,0.00161377,major,deuteronomy,control_top200
word_count,4,9,8-4-7-6,2,0.00107585,major,deuteronomy,control_top200
word_count,4,10,4-7-6-5,2,0.00107585,major,deuteronomy,control_top200
word_count,4,11,5-3-3-7,2,0.00107585,major,deuteronomy,control_top200
word_count,4,12,6-11-3-5,2,0.00107585,major,deuteronomy,control_top200
word_count,4,13,7-9-5-3,2,0.00107585,major,deuteronomy,control_top200
word_count,4,14,9-5-3-8,2,0.00107585,major,deuteronomy,control_top200
word_count,4,15,3-5-4-9,2,0.00107585,major,deuteronomy,control_top200
word_count,4,16,5-4-4-10,2,0.00107585,major,deuteronomy,control_top200
word_count,4,17,4-10-4-17,2,0.00107585,major,deuteronomy,control_top200
word_count,4,18,10-4-17-8,2,0.00107585,major,deuteronomy,control_top200
word_count,4,19,14-4-9-5,2,0.00107585,major,deuteronomy,control_top200
word_count,4,20,9-10-5-9,2,0.00107585,major,deuteronomy,control_top200
word_count,4,21,5-7-4-7,2,0.00107585,major,deuteronomy,control_top200
word_count,4,22,6-6-6-8,2,0.00107585,major,deuteronomy,control_top200
word_count,4,23,8-2-6-4,2,0.00107585,major,deuteronomy,control_top200
word_count,4,24,4-8-13-7,2,0.00107585,major,deuteronomy,control_top200
word_count,4,25,6-4-4-5,2,0.00107585,major,deuteronomy,control_top200
word_count,4,26,5-3-5-9,2,0.00107585,major,deuteronomy,control_top200
word_count,4,27,11-12-10-11,2,0.00107585,major,deuteronomy,control_top200
word_count,4,28,9-5-4-7,2,0.00107585,major,deuteronomy,control_top200
word_count,4,29,6-9-8-7,2,0.00107585,major,deuteronomy,control_top200
word_count,4,30,6-4-6-8,2,0.00107585,major,deuteronomy,control_top200
word_count,4,31,8-4-4-8,2,0.00107585,major,deuteronomy,control_top200
word_count,4,32,6-4-4-2,2,0.00107585,major,deuteronomy,control_top200
word_count,4,33,7-12-11-12,2,0.00107585,major,deuteronomy,control_top200
word_count,4,34,9-9-5-4,2,0.00107585,major,deuteronomy,control_top200
word_count,4,35,10-6-7-5,2,0.00107585,major,deuteronomy,control_top200
word_count,4,36,9-5-6-9,2,0.00107585,major,deuteronomy,control_top200
word_count,4,37,6-13-4-4,2,0.00107585,major,deuteronomy,control_top200
word_count,4,38,5-6-3-2,2,0.00107585,major,deuteronomy,control_top200
word_count,4,39,7-3-7-6,2,0.00107585,major,deuteronomy,control_top200
word_count,4,40,7-6-3-3,2,0.00107585,major,deuteronomy,control_top200
word_count,4,41,5-6-3-6,2,0.00107585,major,deuteronomy,control_top200
word_count,4,42,12-9-7-6,2,0.00107585,major,deuteronomy,control_top200
word_count,4,43,7-6-10-4,2,0.00107585,major,deuteronomy,control_top200
word_count,4,44,4-3-6-5,2,0.00107585,major,deuteronomy,control_top200
word_count,4,45,8-5-6-3,2,0.00107585,major,deuteronomy,control_top200
word_count,4,46,3-7-4-3,2,0.00107585,major,deuteronomy,control_top200
word_count,4,47,6-4-6-4,2,0.00107585,major,deuteronomy,control_top200
word_count,4,48,7-4-10-4,2,0.00107585,major,deuteronomy,control_top200
word_count,4,49,4-3-3-6,2,0.00107585,major,deuteronomy,control_top200
word_count,4,50,5-4-3-3,2,0.00107585,major,deuteronomy,control_top200
word_count,4,51,5-9-7-6,2,0.00107585,major,deuteronomy,control_top200
word_count,4,52,5-5-6-13,2,0.00107585,major,deuteronomy,control_top200
word_count,4,53,6-6-7-12,2,0.00107585,major,deuteronomy,control_top200
word_count,4,54,3-4-6-6,2,0.00107585,major,deuteronomy,control_top200
word_count,4,55,6-6-4-3,2,0.00107585,major,deuteronomy,control_top200
word_count,4,56,3-3-3-3,2,0.00107585,major,deuteronomy,control_top200
word_count,4,57,7-7-5-6,2,0.00107585,major,deuteronomy,control_top200
word_count,4,58,10-12-7-3,1,0.00053792,major,deuteronomy,control_top200
word_count,4,59,12-7-3-8,1,0.00053792,major,deuteronomy,control_top200
word_count,4,60,7-3-8-11,1,0.00053792,major,deuteronomy,control_top200
word_count,4,61,3-8-11-9,1,0.00053792,major,deuteronomy,control_top200
word_count,4,62,8-11-9-8,1,0.00053792,major,deuteronomy,control_top200
word_count,4,63,11-9-8-4,1,0.00053792,major,deuteronomy,control_top200
word_count,4,64,9-8-4-7,1,0.00053792,major,deuteronomy,control_top200
word_count,4,65,7-6-5-15,1,0.00053792,major,deuteronomy,control_top200
word_count,4,66,6-5-15-8,1,0.00053792,major,deuteronomy,control_top200
word_count,4,67,5-15-8-5,1,0.00053792,major,deuteronomy,control_top200
word_count,4,68,15-8-5-15,1,0.00053792,major,deuteronomy,control_top200
word_count,4,69,8-5-15-5,1,0.00053792,major,deuteronomy,control_top200
word_count,4,70,5-15-5-5,1,0.00053792,major,deuteronomy,control_top200
word_count,4,71,15-5-5-4,1,0.00053792,major,deuteronomy,control_top200
word_count,4,72,5-5-4-5,1,0.00053792,major,deuteronomy,control_top200
word_count,4,73,5-4-5-8,1,0.00053792,major,deuteronomy,control_top200
word_count,4,74,4-5-8-5,1,0.00053792,major,deuteronomy,control_top200
word_count,4,75,5-8-5-3,1,0.00053792,major,deuteronomy,control_top200
word_count,4,76,8-5-3-3,1,0.00053792,major,deuteronomy,control_top200
word_count,4,77,3-3-7-2,1,0.00053792,major,deuteronomy,control_top200
word_count,4,78,3-7-2-2,1,0.00053792,major,deuteronomy,control_top200
word_count,4,79,7-2-2-6,1,0.00053792,major,deuteronomy,control_top200
word_count,4,80,2-2-6-11,1,0.00053792,major,deuteronomy,control_top200
word_count,4,81,2-6-11-10,1,0.00053792,major,deuteronomy,control_top200
word_count,4,82,6-11-10-6,1,0.00053792,major,deuteronomy,control_top200
word_count,4,83,11-10-6-11,1,0.00053792,major,deuteronomy,control_top200
word_count,4,84,10-6-11-15,1,0.00053792,major,deuteronomy,control_top200
word_count,4,85,6-11-15-7,1,0.00053792,major,deuteronomy,control_top200
word_count,4,86,11-15-7-4,1,0.00053792,major,deuteronomy,control_top200
word_count,4,87,15-7-4-5,1,0.00053792,major,deuteronomy,control_top200
word_count,4,88,7-4-5-19,1,0.00053792,major,deuteronomy,control_top200
word_count,4,89,4-5-19-4,1,0.00053792,major,deuteronomy,control_top200
word_count,4,90,5-19-4-2,1,0.00053792,major,deuteronomy,control_top200
word_count,4,91,19-4-2-9,1,0.00053792,major,deuteronomy,control_top200
word_count,4,92,4-2-9-7,1,0.00053792,major,deuteronomy,control_top200
word_count,4,93,2-9-7-12,1,0.00053792,major,deuteronomy,control_top200
word_count,4,94,9-7-12-11,1,0.00053792,major,deuteronomy,control_top200
word_count,4,95,7-12-11-13,1,0.00053792,major,deuteronomy,control_top200
word_count,4,96,12-11-13-3,1,0.00053792,major,deuteronomy,control_top200
word_count,4,97,11-13-3-8,1,0.00053792,major,deuteronomy,control_top200
word_count,4,98,13-3-8-7,1,0.00053792,major,deuteronomy,control_top200
word_count,4,99,3-8-7-2,1,0.00053792,major,deuteronomy,control_top200
word_count,4,100,8-7-2-6,1,0.00053792,major,deuteronomy,control_top200
word_count,4,101,7-2-6-11,1,0.00053792,major,deuteronomy,control_top200
word_count,4,102,2-6-11-3,1,0.00053792,major,deuteronomy,control_top200
word_count,4,103,11-3-5-9,1,0.00053792,major,deuteronomy,control_top200
word_count,4,104,3-5-9-5,1,0.00053792,major,deuteronomy,control_top200
word_count,4,105,5-9-5-16,1,0.00053792,major,deuteronomy,control_top200
word_count,4,106,9-5-16-5,1,0.00053792,major,deuteronomy,control_top200
word_count,4,107,5-16-5-2,1,0.00053792,major,deuteronomy,control_top200
word_count,4,108,16-5-2-5,1,0.00053792,major,deuteronomy,control_top200
word_count,4,109,5-2-5-7,1,0.00053792,major,deuteronomy,control_top200
word_count,4,110,2-5-7-6,1,0.00053792,major,deuteronomy,control_top200
word_count,4,111,5-7-6-12,1,0.00053792,major,deuteronomy,control_top200
word_count,4,112,7-6-12-9,1,0.00053792,major,deuteronomy,control_top200
word_count,4,113,6-12-9-2,1,0.00053792,major,deuteronomy,control_top200
word_count,4,114,12-9-2-4,1,0.00053792,major,deuteronomy,control_top200
word_count,4,115,9-2-4-7,1,0.00053792,major,deuteronomy,control_top200
word_count,4,116,2-4-7-9,1,0.00053792,major,deuteronomy,control_top200
word_count,4,117,4-7-9-5,1,0.00053792,major,deuteronomy,control_top200
word_count,4,118,3-8-7-14,1,0.00053792,major,deuteronomy,control_top200
word_count,4,119,8-7-14-5,1,0.00053792,major,deuteronomy,control_top200
word_count,4,120,7-14-5-6,1,0.00053792,major,deuteronomy,control_top200
word_count,4,121,14-5-6-5,1,0.00053792,major,deuteronomy,control_top200
word_count,4,122,5-6-5-8,1,0.00053792,major,deuteronomy,control_top200
word_count,4,123,6-5-8-7,1,0.00053792,major,deuteronomy,control_top200
word_count,4,124,5-8-7-15,1,0.00053792,major,deuteronomy,control_top200
word_count,4,125,8-7-15-4,1,0.00053792,major,deuteronomy,control_top200
word_count,4,126,7-15-4-3,1,0.00053792,major,deuteronomy,control_top200
word_count,4,127,15-4-3-5,1,0.00053792,major,deuteronomy,control_top200
word_count,4,128,4-3-5-13,1,0.00053792,major,deuteronomy,control_top200
word_count,4,129,3-5-13-8,1,0.00053792,major,deuteronomy,control_top200
word_count,4,130,5-13-8-12,1,0.00053792,major,deuteronomy,control_top200
word_count,4,131,13-8-12-4,1,0.00053792,major,deuteronomy,control_top200
word_count,4,132,8-12-4-4,1,0.00053792,major,deuteronomy,control_top200
word_count,4,133,12-4-4-7,1,0.00053792,major,deuteronomy,control_top200
word_count,4,134,4-4-7-11,1,0.00053792,major,deuteronomy,control_top200
word_count,4,135,4-7-11-5,1,0.00053792,major,deuteronomy,control_top200
word_count,4,136,7-11-5-4,1,0.00053792,major,deuteronomy,control_top200
word_count,4,137,11-5-4-7,1,0.00053792,major,deuteronomy,control_top200
word_count,4,138,5-4-7-4,1,0.00053792,major,deuteronomy,control_top200
word_count,4,139,4-7-4-3,1,0.00053792,major,deuteronomy,control_top200
word_count,4,140,7-4-3-10,1,0.00053792,major,deuteronomy,control_top200
word_count,4,141,3-10-6-4,1,0.00053792,major,deuteronomy,control_top200
word_count,4,142,10-6-4-6,1,0.00053792,major,deuteronomy,control_top200
word_count,4,143,6-4-6-3,1,0.00053792,major,deuteronomy,control_top200
word_count,4,144,4-6-3-12,1,0.00053792,major,deuteronomy,control_top200
word_count,4,145,6-3-12-4,1,0.00053792,major,deuteronomy,control_top200
word_count,4,146,3-12-4-12,1,0.00053792,major,deuteronomy,control_top200
word_count,4,147,12-4-12-7,1,0.00053792,major,deuteronomy,control_top200
word_count,4,148,4-12-7-5,1,0.00053792,major,deuteronomy,control_top200
word_count,4,149,12-7-5-6,1,0.00053792,major,deuteronomy,control_top200
word_count,4,150,7-5-6-13,1,0.00053792,major,deuteronomy,control_top200
word_count,4,151,5-6-13-9,1,0.00053792,major,deuteronomy,control_top200
word_count,4,152,6-13-9-12,1,0.00053792,major,deuteronomy,control_top200
word_count,4,153,13-9-12-5,1,0.00053792,major,deuteronomy,control_top200
word_count,4,154,9-12-5-11,1,0.00053792,major,deuteronomy,control_top200
word_count,4,155,12-5-11-13,1,0.00053792,major,deuteronomy,control_top200
word_count,4,156,5-11-13-4,1,0.00053792,major,deuteronomy,control_top200
word_count,4,157,11-13-4-5,1,0.00053792,major,deuteronomy,control_top200
word_count,4,158,13-4-5-5,1,0.00053792,major,deuteronomy,control_top200
word_count,4,159,4-5-5-4,1,0.00053792,major,deuteronomy,control_top200
word_count,4,160,5-5-4-11,1,0.00053792,major,deuteronomy,control_top200
word_count,4,161,5-4-11-9,1,0.00053792,major,deuteronomy,control_top200
word_count,4,162,4-11-9-7,1,0.00053792,major,deuteronomy,control_top200
word_count,4,163,11-9-7-4,1,0.00053792,major,deuteronomy,control_top200
word_count,4,164,9-7-4-14,1,0.00053792,major,deuteronomy,control_top200
word_count,4,165,7-4-14-12,1,0.00053792,major,deuteronomy,control_top200
word_count,4,166,4-14-12-8,1,0.00053792,major,deuteronomy,control_top200
word_count,4,167,14-12-8-2,1,0.00053792,major,deuteronomy,control_top200
word_count,4,168,12-8-2-9,1,0.00053792,major,deuteronomy,control_top200
word_count,4,169,8-2-9-4,1,0.00053792,major,deuteronomy,control_top200
word_count,4,170,2-9-4-8,1,0.00053792,major,deuteronomy,control_top200
word_count,4,171,9-4-8-9,1,0.00053792,major,deuteronomy,control_top200
word_count,4,172,4-8-9-13,1,0.00053792,major,deuteronomy,control_top200
word_count,4,173,8-9-13-5,1,0.00053792,major,deuteronomy,control_top200
word_count,4,174,9-13-5-8,1,0.00053792,major,deuteronomy,control_top200
word_count,4,175,13-5-8-5,1,0.00053792,major,deuteronomy,control_top200
word_count,4,176,5-8-5-6,1,0.00053792,major,deuteronomy,control_top200
word_count,4,177,8-5-6-6,1,0.00053792,major,deuteronomy,control_top200
word_count,4,178,5-6-6-11,1,0.00053792,major,deuteronomy,control_top200
word_count,4,179,6-6-11-5,1,0.00053792,major,deuteronomy,control_top200
word_count,4,180,6-11-5-6,1,0.00053792,major,deuteronomy,control_top200
word_count,4,181,11-5-6-18,1,0.00053792,major,deuteronomy,control_top200
word_count,4,182,5-6-18-3,1,0.00053792,major,deuteronomy,control_top200
word_count,4,183,6-18-3-12,1,0.00053792,major,deuteronomy,control_top200
word_count,4,184,18-3-12-6,1,0.00053792,major,deuteronomy,control_top200
word_count,4,185,3-12-6-8,1,0.00053792,major,deuteronomy,control_top200
word_count,4,186,12-6-8-3,1,0.00053792,major,deuteronomy,control_top200
word_count,4,187,6-8-3-5,1,0.00053792,major,deuteronomy,control_top200
word_count,4,188,8-3-5-4,1,0.00053792,major,deuteronomy,control_top200
word_count,4,189,5-4-9-3,1,0.00053792,major,deuteronomy,control_top200
word_count,4,190,4-9-3-10,1,0.00053792,major,deuteronomy,control_top200
word_count,4,191,9-3-10-12,1,0.00053792,major,deuteronomy,control_top200
word_count,4,192,3-10-12-7,1,0.00053792,major,deuteronomy,control_top200
word_count,4,193,10-12-7-14,1,0.00053792,major,deuteronomy,control_top200
word_count,4,194,12-7-14-11,1,0.00053792,major,deuteronomy,control_top200
word_count,4,195,7-14-11-5,1,0.00053792,major,deuteronomy,control_top200
word_count,4,196,14-11-5-8,1,0.00053792,major,deuteronomy,control_top200
word_count,4,197,11-5-8-4,1,0.00053792,major,deuteronomy,control_top200
word_count,4,198,5-8-4-6,1,0.00053792,major,deuteronomy,control_top200
word_count,4,199,8-4-6-13,1,0.00053792,major,deuteronomy,control_top200
word_count,4,200,4-6-13-3,1,0.00053792,major,deuteronomy,control_top200
word_count,5,1,4-4-4-4-4,3,0.00161464,major,deuteronomy,control_top200
word_count,5,2,8-4-7-6-5,2,0.00107643,major,deuteronomy,control_top200
word_count,5,3,11-6-6-6-8,2,0.00107643,major,deuteronomy,control_top200
word_count,5,4,6-6-9-5-6,2,0.00107643,major,deuteronomy,control_top200
word_count,5,5,6-3-3-3-3,2,0.00107643,major,deuteronomy,control_top200
word_count,5,6,10-12-7-3-8,1,0.00053821,major,deuteronomy,control_top200
word_count,5,7,12-7-3-8-11,1,0.00053821,major,deuteronomy,control_top200
word_count,5,8,7-3-8-11-9,1,0.00053821,major,deuteronomy,control_top200
word_count,5,9,3-8-11-9-8,1,0.00053821,major,deuteronomy,control_top200
word_count,5,10,8-11-9-8-4,1,0.00053821,major,deuteronomy,control_top200
word_count,5,11,11-9-8-4-7,1,0.00053821,major,deuteronomy,control_top200
word_count,5,12,9-8-4-7-6,1,0.00053821,major,deuteronomy,control_top200
word_count,5,13,4-7-6-5-15,1,0.00053821,major,deuteronomy,control_top200
word_count,5,14,7-6-5-15-8,1,0.00053821,major,deuteronomy,control_top200
word_count,5,15,6-5-15-8-5,1,0.00053821,major,deuteronomy,control_top200
word_count,5,16,5-15-8-5-15,1,0.00053821,major,deuteronomy,control_top200
word_count,5,17,15-8-5-15-5,1,0.00053821,major,deuteronomy,control_top200
word_count,5,18,8-5-15-5-5,1,0.00053821,major,deuteronomy,control_top200
word_count,5,19,5-15-5-5-4,1,0.00053821,major,deuteronomy,control_top200
word_count,5,20,15-5-5-4-5,1,0.00053821,major,deuteronomy,control_top200
word_count,5,21,5-5-4-5-8,1,0.00053821,major,deuteronomy,control_top200
word_count,5,22,5-4-5-8-5,1,0.00053821,major,deuteronomy,control_top200
word_count,5,23,4-5-8-5-3,1,0.00053821,major,deuteronomy,control_top200
word_count,5,24,5-8-5-3-3,1,0.00053821,major,deuteronomy,control_top200
word_count,5,25,8-5-3-3-7,1,0.00053821,major,deuteronomy,control_top200
word_count,5,26,5-3-3-7-2,1,0.00053821,major,deuteronomy,control_top200
word_count,5,27,3-3-7-2-2,1,0.00053821,major,deuteronomy,control_top200
word_count,5,28,3-7-2-2-6,1,0.00053821,major,deuteronomy,control_top200
word_count,5,29,7-2-2-6-11,1,0.00053821,major,deuteronomy,control_top200
word_count,5,30,2-2-6-11-10,1,0.00053821,major,deuteronomy,control_top200
word_count,5,31,2-6-11-10-6,1,0.00053821,major,deuteronomy,control_top200
word_count,5,32,6-11-10-6-11,1,0.00053821,major,deuteronomy,control_top200
word_count,5,33,11-10-6-11-15,1,0.00053821,major,deuteronomy,control_top200
word_count,5,34,10-6-11-15-7,1,0.00053821,major,deuteronomy,control_top200
word_count,5,35,6-11-15-7-4,1,0.00053821,major,deuteronomy,control_top200
word_count,5,36,11-15-7-4-5,1,0.00053821,major,deuteronomy,control_top200
word_count,5,37,15-7-4-5-19,1,0.00053821,major,deuteronomy,control_top200
word_count,5,38,7-4-5-19-4,1,0.00053821,major,deuteronomy,control_top200
word_count,5,39,4-5-19-4-2,1,0.00053821,major,deuteronomy,control_top200
word_count,5,40,5-19-4-2-9,1,0.00053821,major,deuteronomy,control_top200
word_count,5,41,19-4-2-9-7,1,0.00053821,major,deuteronomy,control_top200
word_count,5,42,4-2-9-7-12,1,0.00053821,major,deuteronomy,control_top200
word_count,5,43,2-9-7-12-11,1,0.00053821,major,deuteronomy,control_top200
word_count,5,44,9-7-12-11-13,1,0.00053821,major,deuteronomy,control_top200
word_count,5,45,7-12-11-13-3,1,0.00053821,major,deuteronomy,control_top200
word_count,5,46,12-11-13-3-8,1,0.00053821,major,deuteronomy,control_top200
word_count,5,47,11-13-3-8-7,1,0.00053821,major,deuteronomy,control_top200
word_count,5,48,13-3-8-7-2,1,0.00053821,major,deuteronomy,control_top200
word_count,5,49,3-8-7-2-6,1,0.00053821,major,deuteronomy,control_top200
word_count,5,50,8-7-2-6-11,1,0.00053821,major,deuteronomy,control_top200
word_count,5,51,7-2-6-11-3,1,0.00053821,major,deuteronomy,control_top200
word_count,5,52,2-6-11-3-5,1,0.00053821,major,deuteronomy,control_top200
word_count,5,53,6-11-3-5-9,1,0.00053821,major,deuteronomy,control_top200
word_count,5,54,11-3-5-9-5,1,0.00053821,major,deuteronomy,control_top200
word_count,5,55,3-5-9-5-16,1,0.00053821,major,deuteronomy,control_top200
word_count,5,56,5-9-5-16-5,1,0.00053821,major,deuteronomy,control_top200
word_count,5,57,9-5-16-5-2,1,0.00053821,major,deuteronomy,control_top200
word_count,5,58,5-16-5-2-5,1,0.00053821,major,deuteronomy,control_top200
word_count,5,59,16-5-2-5-7,1,0.00053821,major,deuteronomy,control_top200
word_count,5,60,5-2-5-7-6,1,0.00053821,major,deuteronomy,control_top200
word_count,5,61,2-5-7-6-12,1,0.00053821,major,deuteronomy,control_top200
word_count,5,62,5-7-6-12-9,1,0.00053821,major,deuteronomy,control_top200
word_count,5,63,7-6-12-9-2,1,0.00053821,major,deuteronomy,control_top200
word_count,5,64,6-12-9-2-4,1,0.00053821,major,deuteronomy,control_top200
word_count,5,65,12-9-2-4-7,1,0.00053821,major,deuteronomy,control_top200
word_count,5,66,9-2-4-7-9,1,0.00053821,major,deuteronomy,control_top200
word_count,5,67,2-4-7-9-5,1,0.00053821,major,deuteronomy,control_top200
word_count,5,68,4-7-9-5-3,1,0.00053821,major,deuteronomy,control_top200
word_count,5,69,7-9-5-3-8,1,0.00053821,major,deuteronomy,control_top200
word_count,5,70,9-5-3-8-7,1,0.00053821,major,deuteronomy,control_top200
word_count,5,71,5-3-8-7-14,1,0.00053821,major,deuteronomy,control_top200
word_count,5,72,3-8-7-14-5,1,0.00053821,major,deuteronomy,control_top200
word_count,5,73,8-7-14-5-6,1,0.00053821,major,deuteronomy,control_top200
word_count,5,74,7-14-5-6-5,1,0.00053821,major,deuteronomy,control_top200
word_count,5,75,14-5-6-5-8,1,0.00053821,major,deuteronomy,control_top200
word_count,5,76,5-6-5-8-7,1,0.00053821,major,deuteronomy,control_top200
word_count,5,77,6-5-8-7-15,1,0.00053821,major,deuteronomy,control_top200
word_count,5,78,5-8-7-15-4,1,0.00053821,major,deuteronomy,control_top200
word_count,5,79,8-7-15-4-3,1,0.00053821,major,deuteronomy,control_top200
word_count,5,80,7-15-4-3-5,1,0.00053821,major,deuteronomy,control_top200
word_count,5,81,15-4-3-5-13,1,0.00053821,major,deuteronomy,control_top200
word_count,5,82,4-3-5-13-8,1,0.00053821,major,deuteronomy,control_top200
word_count,5,83,3-5-13-8-12,1,0.00053821,major,deuteronomy,control_top200
word_count,5,84,5-13-8-12-4,1,0.00053821,major,deuteronomy,control_top200
word_count,5,85,13-8-12-4-4,1,0.00053821,major,deuteronomy,control_top200
word_count,5,86,8-12-4-4-7,1,0.00053821,major,deuteronomy,control_top200
word_count,5,87,12-4-4-7-11,1,0.00053821,major,deuteronomy,control_top200
word_count,5,88,4-4-7-11-5,1,0.00053821,major,deuteronomy,control_top200
word_count,5,89,4-7-11-5-4,1,0.00053821,major,deuteronomy,control_top200
word_count,5,90,7-11-5-4-7,1,0.00053821,major,deuteronomy,control_top200
word_count,5,91,11-5-4-7-4,1,0.00053821,major,deuteronomy,control_top200
word_count,5,92,5-4-7-4-3,1,0.00053821,major,deuteronomy,control_top200
word_count,5,93,4-7-4-3-10,1,0.00053821,major,deuteronomy,control_top200
word_count,5,94,7-4-3-10-6,1,0.00053821,major,deuteronomy,control_top200
word_count,5,95,4-3-10-6-4,1,0.00053821,major,deuteronomy,control_top200
word_count,5,96,3-10-6-4-6,1,0.00053821,major,deuteronomy,control_top200
word_count,5,97,10-6-4-6-3,1,0.00053821,major,deuteronomy,control_top200
word_count,5,98,6-4-6-3-12,1,0.00053821,major,deuteronomy,control_top200
word_count,5,99,4-6-3-12-4,1,0.00053821,major,deuteronomy,control_top200
word_count,5,100,6-3-12-4-12,1,0.00053821,major,deuteronomy,control_top200
word_count,5,101,3-12-4-12-7,1,0.00053821,major,deuteronomy,control_top200
word_count,5,102,12-4-12-7-5,1,0.00053821,major,deuteronomy,control_top200
word_count,5,103,4-12-7-5-6,1,0.00053821,major,deuteronomy,control_top200
word_count,5,104,12-7-5-6-13,1,0.00053821,major,deuteronomy,control_top200
word_count,5,105,7-5-6-13-9,1,0.00053821,major,deuteronomy,control_top200
word_count,5,106,5-6-13-9-12,1,0.00053821,major,deuteronomy,control_top200
word_count,5,107,6-13-9-12-5,1,0.00053821,major,deuteronomy,control_top200
word_count,5,108,13-9-12-5-11,1,0.00053821,major,deuteronomy,control_top200
word_count,5,109,9-12-5-11-13,1,0.00053821,major,deuteronomy,control_top200
word_count,5,110,12-5-11-13-4,1,0.00053821,major,deuteronomy,control_top200
word_count,5,111,5-11-13-4-5,1,0.00053821,major,deuteronomy,control_top200
word_count,5,112,11-13-4-5-5,1,0.00053821,major,deuteronomy,control_top200
word_count,5,113,13-4-5-5-4,1,0.00053821,major,deuteronomy,control_top200
word_count,5,114,4-5-5-4-11,1,0.00053821,major,deuteronomy,control_top200
word_count,5,115,5-5-4-11-9,1,0.00053821,major,deuteronomy,control_top200
word_count,5,116,5-4-11-9-7,1,0.00053821,major,deuteronomy,control_top200
word_count,5,117,4-11-9-7-4,1,0.00053821,major,deuteronomy,control_top200
word_count,5,118,11-9-7-4-14,1,0.00053821,major,deuteronomy,control_top200
word_count,5,119,9-7-4-14-12,1,0.00053821,major,deuteronomy,control_top200
word_count,5,120,7-4-14-12-8,1,0.00053821,major,deuteronomy,control_top200
word_count,5,121,4-14-12-8-2,1,0.00053821,major,deuteronomy,control_top200
word_count,5,122,14-12-8-2-9,1,0.00053821,major,deuteronomy,control_top200
word_count,5,123,12-8-2-9-4,1,0.00053821,major,deuteronomy,control_top200
word_count,5,124,8-2-9-4-8,1,0.00053821,major,deuteronomy,control_top200
word_count,5,125,2-9-4-8-9,1,0.00053821,major,deuteronomy,control_top200
word_count,5,126,9-4-8-9-13,1,0.00053821,major,deuteronomy,control_top200
word_count,5,127,4-8-9-13-5,1,0.00053821,major,deuteronomy,control_top200
word_count,5,128,8-9-13-5-8,1,0.00053821,major,deuteronomy,control_top200
word_count,5,129,9-13-5-8-5,1,0.00053821,major,deuteronomy,control_top200
word_count,5,130,13-5-8-5-6,1,0.00053821,major,deuteronomy,control_top200
word_count,5,131,5-8-5-6-6,1,0.00053821,major,deuteronomy,control_top200
word_count,5,132,8-5-6-6-11,1,0.00053821,major,deuteronomy,control_top200
word_count,5,133,5-6-6-11-5,1,0.00053821,major,deuteronomy,control_top200
word_count,5,134,6-6-11-5-6,1,0.00053821,major,deuteronomy,control_top200
word_count,5,135,6-11-5-6-18,1,0.00053821,major,deuteronomy,control_top200
word_count,5,136,11-5-6-18-3,1,0.00053821,major,deuteronomy,control_top200
word_count,5,137,5-6-18-3-12,1,0.00053821,major,deuteronomy,control_top200
word_count,5,138,6-18-3-12-6,1,0.00053821,major,deuteronomy,control_top200
word_count,5,139,18-3-12-6-8,1,0.00053821,major,deuteronomy,control_top200
word_count,5,140,3-12-6-8-3,1,0.00053821,major,deuteronomy,control_top200
word_count,5,141,12-6-8-3-5,1,0.00053821,major,deuteronomy,control_top200
word_count,5,142,6-8-3-5-4,1,0.00053821,major,deuteronomy,control_top200
word_count,5,143,8-3-5-4-9,1,0.00053821,major,deuteronomy,control_top200
word_count,5,144,3-5-4-9-3,1,0.00053821,major,deuteronomy,control_top200
word_count,5,145,5-4-9-3-10,1,0.00053821,major,deuteronomy,control_top200
word_count,5,146,4-9-3-10-12,1,0.00053821,major,deuteronomy,control_top200
word_count,5,147,9-3-10-12-7,1,0.00053821,major,deuteronomy,control_top200
word_count,5,148,3-10-12-7-14,1,0.00053821,major,deuteronomy,control_top200
word_count,5,149,10-12-7-14-11,1,0.00053821,major,deuteronomy,control_top200
word_count,5,150,12-7-14-11-5,1,0.00053821,major,deuteronomy,control_top200
word_count,5,151,7-14-11-5-8,1,0.00053821,major,deuteronomy,control_top200
word_count,5,152,14-11-5-8-4,1,0.00053821,major,deuteronomy,control_top200
word_count,5,153,11-5-8-4-6,1,0.00053821,major,deuteronomy,control_top200
word_count,5,154,5-8-4-6-13,1,0.00053821,major,deuteronomy,control_top200
word_count,5,155,8-4-6-13-3,1,0.00053821,major,deuteronomy,control_top200
word_count,5,156,4-6-13-3-4,1,0.00053821,major,deuteronomy,control_top200
word_count,5,157,6-13-3-4-4,1,0.00053821,major,deuteronomy,control_top200
word_count,5,158,13-3-4-4-17,1,0.00053821,major,deuteronomy,control_top200
word_count,5,159,3-4-4-17-6,1,0.00053821,major,deuteronomy,control_top200
word_count,5,160,4-4-17-6-7,1,0.00053821,major,deuteronomy,control_top200
word_count,5,161,4-17-6-7-11,1,0.00053821,major,deuteronomy,control_top200
word_count,5,162,17-6-7-11-4,1,0.00053821,major,deuteronomy,control_top200
word_count,5,163,6-7-11-4-10,1,0.00053821,major,deuteronomy,control_top200
word_count,5,164,7-11-4-10-15,1,0.00053821,major,deuteronomy,control_top200
word_count,5,165,11-4-10-15-10,1,0.00053821,major,deuteronomy,control_top200
word_count,5,166,4-10-15-10-12,1,0.00053821,major,deuteronomy,control_top200
word_count,5,167,10-15-10-12-6,1,0.00053821,major,deuteronomy,control_top200
word_count,5,168,15-10-12-6-13,1,0.00053821,major,deuteronomy,control_top200
word_count,5,169,10-12-6-13-8,1,0.00053821,major,deuteronomy,control_top200
word_count,5,170,12-6-13-8-8,1,0.00053821,major,deuteronomy,control_top200
word_count,5,171,6-13-8-8-5,1,0.00053821,major,deuteronomy,control_top200
word_count,5,172,13-8-8-5-7,1,0.00053821,major,deuteronomy,control_top200
word_count,5,173,8-8-5-7-6,1,0.00053821,major,deuteronomy,control_top200
word_count,5,174,8-5-7-6-6,1,0.00053821,major,deuteronomy,control_top200
word_count,5,175,5-7-6-6-12,1,0.00053821,major,deuteronomy,control_top200
word_count,5,176,7-6-6-12-5,1,0.00053821,major,deuteronomy,control_top200
word_count,5,177,6-6-12-5-4,1,0.00053821,major,deuteronomy,control_top200
word_count,5,178,6-12-5-4-4,1,0.00053821,major,deuteronomy,control_top200
word_count,5,179,12-5-4-4-10,1,0.00053821,major,deuteronomy,control_top200
word_count,5,180,5-4-4-10-4,1,0.00053821,major,deuteronomy,control_top200
word_count,5,181,4-4-10-4-17,1,0.00053821,major,deuteronomy,control_top200
word_count,5,182,4-10-4-17-8,1,0.00053821,major,deuteronomy,control_top200
word_count,5,183,10-4-17-8-6,1,0.00053821,major,deuteronomy,control_top200
word_count,5,184,4-17-8-6-12,1,0.00053821,major,deuteronomy,control_top200
word_count,5,185,17-8-6-12-10,1,0.00053821,major,deuteronomy,control_top200
word_count,5,186,8-6-12-10-9,1,0.00053821,major,deuteronomy,control_top200
word_count,5,187,6-12-10-9-12,1,0.00053821,major,deuteronomy,control_top200
word_count,5,188,12-10-9-12-11,1,0.00053821,major,deuteronomy,control_top200
word_count,5,189,10-9-12-11-4,1,0.00053821,major,deuteronomy,control_top200
word_count,5,190,9-12-11-4-11,1,0.00053821,major,deuteronomy,control_top200
word_count,5,191,12-11-4-11-6,1,0.00053821,major,deuteronomy,control_top200
word_count,5,192,11-4-11-6-3,1,0.00053821,major,deuteronomy,control_top200
word_count,5,193,4-11-6-3-10,1,0.00053821,major,deuteronomy,control_top200
word_count,5,194,11-6-3-10-5,1,0.00053821,major,deuteronomy,control_top200
word_count,5,195,6-3-10-5-17,1,0.00053821,major,deuteronomy,control_top200
word_count,5,196,3-10-5-17-9,1,0.00053821,major,deuteronomy,control_top200
word_count,5,197,10-5-17-9-5,1,0.00053821,major,deuteronomy,control_top200
word_count,5,198,5-17-9-5-18,1,0.00053821,major,deuteronomy,control_top200
word_count,5,199,17-9-5-18-6,1,0.00053821,major,deuteronomy,control_top200
word_count,5,200,9-5-18-6-6,1,0.00053821,major,deuteronomy,control_top200
word_count,6,1,10-12-7-3-8-11,1,0.0005385,major,deuteronomy,control_top200
word_count,6,2,12-7-3-8-11-9,1,0.0005385,major,deuteronomy,control_top200
word_count,6,3,7-3-8-11-9-8,1,0.0005385,major,deuteronomy,control_top200
word_count,6,4,3-8-11-9-8-4,1,0.0005385,major,deuteronomy,control_top200
word_count,6,5,8-11-9-8-4-7,1,0.0005385,major,deuteronomy,control_top200
word_count,6,6,11-9-8-4-7-6,1,0.0005385,major,deuteronomy,control_top200
word_count,6,7,9-8-4-7-6-5,1,0.0005385,major,deuteronomy,control_top200
word_count,6,8,8-4-7-6-5-15,1,0.0005385,major,deuteronomy,control_top200
word_count,6,9,4-7-6-5-15-8,1,0.0005385,major,deuteronomy,control_top200
word_count,6,10,7-6-5-15-8-5,1,0.0005385,major,deuteronomy,control_top200
word_count,6,11,6-5-15-8-5-15,1,0.0005385,major,deuteronomy,control_top200
word_count,6,12,5-15-8-5-15-5,1,0.0005385,major,deuteronomy,control_top200
word_count,6,13,15-8-5-15-5-5,1,0.0005385,major,deuteronomy,control_top200
word_count,6,14,8-5-15-5-5-4,1,0.0005385,major,deuteronomy,control_top200
word_count,6,15,5-15-5-5-4-5,1,0.0005385,major,deuteronomy,control_top200
word_count,6,16,15-5-5-4-5-8,1,0.0005385,major,deuteronomy,control_top200
word_count,6,17,5-5-4-5-8-5,1,0.0005385,major,deuteronomy,control_top200
word_count,6,18,5-4-5-8-5-3,1,0.0005385,major,deuteronomy,control_top200
word_count,6,19,4-5-8-5-3-3,1,0.0005385,major,deuteronomy,control_top200
word_count,6,20,5-8-5-3-3-7,1,0.0005385,major,deuteronomy,control_top200
word_count,6,21,8-5-3-3-7-2,1,0.0005385,major,deuteronomy,control_top200
word_count,6,22,5-3-3-7-2-2,1,0.0005385,major,deuteronomy,control_top200
word_count,6,23,3-3-7-2-2-6,1,0.0005385,major,deuteronomy,control_top200
word_count,6,24,3-7-2-2-6-11,1,0.0005385,major,deuteronomy,control_top200
word_count,6,25,7-2-2-6-11-10,1,0.0005385,major,deuteronomy,control_top200
word_count,6,26,2-2-6-11-10-6,1,0.0005385,major,deuteronomy,control_top200
word_count,6,27,2-6-11-10-6-11,1,0.0005385,major,deuteronomy,control_top200
word_count,6,28,6-11-10-6-11-15,1,0.0005385,major,deuteronomy,control_top200
word_count,6,29,11-10-6-11-15-7,1,0.0005385,major,deuteronomy,control_top200
word_count,6,30,10-6-11-15-7-4,1,0.0005385,major,deuteronomy,control_top200
word_count,6,31,6-11-15-7-4-5,1,0.0005385,major,deuteronomy,control_top200
word_count,6,32,11-15-7-4-5-19,1,0.0005385,major,deuteronomy,control_top200
word_count,6,33,15-7-4-5-19-4,1,0.0005385,major,deuteronomy,control_top200
word_count,6,34,7-4-5-19-4-2,1,0.0005385,major,deuteronomy,control_top200
word_count,6,35,4-5-19-4-2-9,1,0.0005385,major,deuteronomy,control_top200
word_count,6,36,5-19-4-2-9-7,1,0.0005385,major,deuteronomy,control_top200
word_count,6,37,19-4-2-9-7-12,1,0.0005385,major,deuteronomy,control_top200
word_count,6,38,4-2-9-7-12-11,1,0.0005385,major,deuteronomy,control_top200
word_count,6,39,2-9-7-12-11-13,1,0.0005385,major,deuteronomy,control_top200
word_count,6,40,9-7-12-11-13-3,1,0.0005385,major,deuteronomy,control_top200
word_count,6,41,7-12-11-13-3-8,1,0.0005385,major,deuteronomy,control_top200
word_count,6,42,12-11-13-3-8-7,1,0.0005385,major,deuteronomy,control_top200
word_count,6,43,11-13-3-8-7-2,1,0.0005385,major,deuteronomy,control_top200
word_count,6,44,13-3-8-7-2-6,1,0.0005385,major,deuteronomy,control_top200
word_count,6,45,3-8-7-2-6-11,1,0.0005385,major,deuteronomy,control_top200
word_count,6,46,8-7-2-6-11-3,1,0.0005385,major,deuteronomy,control_top200
word_count,6,47,7-2-6-11-3-5,1,0.0005385,major,deuteronomy,control_top200
word_count,6,48,2-6-11-3-5-9,1,0.0005385,major,deuteronomy,control_top200
word_count,6,49,6-11-3-5-9-5,1,0.0005385,major,deuteronomy,control_top200
word_count,6,50,11-3-5-9-5-16,1,0.0005385,major,deuteronomy,control_top200
word_count,6,51,3-5-9-5-16-5,1,0.0005385,major,deuteronomy,control_top200
word_count,6,52,5-9-5-16-5-2,1,0.0005385,major,deuteronomy,control_top200
word_count,6,53,9-5-16-5-2-5,1,0.0005385,major,deuteronomy,control_top200
word_count,6,54,5-16-5-2-5-7,1,0.0005385,major,deuteronomy,control_top200
word_count,6,55,16-5-2-5-7-6,1,0.0005385,major,deuteronomy,control_top200
word_count,6,56,5-2-5-7-6-12,1,0.0005385,major,deuteronomy,control_top200
word_count,6,57,2-5-7-6-12-9,1,0.0005385,major,deuteronomy,control_top200
word_count,6,58,5-7-6-12-9-2,1,0.0005385,major,deuteronomy,control_top200
word_count,6,59,7-6-12-9-2-4,1,0.0005385,major,deuteronomy,control_top200
word_count,6,60,6-12-9-2-4-7,1,0.0005385,major,deuteronomy,control_top200
word_count,6,61,12-9-2-4-7-9,1,0.0005385,major,deuteronomy,control_top200
word_count,6,62,9-2-4-7-9-5,1,0.0005385,major,deuteronomy,control_top200
word_count,6,63,2-4-7-9-5-3,1,0.0005385,major,deuteronomy,control_top200
word_count,6,64,4-7-9-5-3-8,1,0.0005385,major,deuteronomy,control_top200
word_count,6,65,7-9-5-3-8-7,1,0.0005385,major,deuteronomy,control_top200
word_count,6,66,9-5-3-8-7-14,1,0.0005385,major,deuteronomy,control_top200
word_count,6,67,5-3-8-7-14-5,1,0.0005385,major,deuteronomy,control_top200
word_count,6,68,3-8-7-14-5-6,1,0.0005385,major,deuteronomy,control_top200
word_count,6,69,8-7-14-5-6-5,1,0.0005385,major,deuteronomy,control_top200
word_count,6,70,7-14-5-6-5-8,1,0.0005385,major,deuteronomy,control_top200
word_count,6,71,14-5-6-5-8-7,1,0.0005385,major,deuteronomy,control_top200
word_count,6,72,5-6-5-8-7-15,1,0.0005385,major,deuteronomy,control_top200
word_count,6,73,6-5-8-7-15-4,1,0.0005385,major,deuteronomy,control_top200
word_count,6,74,5-8-7-15-4-3,1,0.0005385,major,deuteronomy,control_top200
word_count,6,75,8-7-15-4-3-5,1,0.0005385,major,deuteronomy,control_top200
word_count,6,76,7-15-4-3-5-13,1,0.0005385,major,deuteronomy,control_top200
word_count,6,77,15-4-3-5-13-8,1,0.0005385,major,deuteronomy,control_top200
word_count,6,78,4-3-5-13-8-12,1,0.0005385,major,deuteronomy,control_top200
word_count,6,79,3-5-13-8-12-4,1,0.0005385,major,deuteronomy,control_top200
word_count,6,80,5-13-8-12-4-4,1,0.0005385,major,deuteronomy,control_top200
word_count,6,81,13-8-12-4-4-7,1,0.0005385,major,deuteronomy,control_top200
word_count,6,82,8-12-4-4-7-11,1,0.0005385,major,deuteronomy,control_top200
word_count,6,83,12-4-4-7-11-5,1,0.0005385,major,deuteronomy,control_top200
word_count,6,84,4-4-7-11-5-4,1,0.0005385,major,deuteronomy,control_top200
word_count,6,85,4-7-11-5-4-7,1,0.0005385,major,deuteronomy,control_top200
word_count,6,86,7-11-5-4-7-4,1,0.0005385,major,deuteronomy,control_top200
word_count,6,87,11-5-4-7-4-3,1,0.0005385,major,deuteronomy,control_top200
word_count,6,88,5-4-7-4-3-10,1,0.0005385,major,deuteronomy,control_top200
word_count,6,89,4-7-4-3-10-6,1,0.0005385,major,deuteronomy,control_top200
word_count,6,90,7-4-3-10-6-4,1,0.0005385,major,deuteronomy,control_top200
word_count,6,91,4-3-10-6-4-6,1,0.0005385,major,deuteronomy,control_top200
word_count,6,92,3-10-6-4-6-3,1,0.0005385,major,deuteronomy,control_top200
word_count,6,93,10-6-4-6-3-12,1,0.0005385,major,deuteronomy,control_top200
word_count,6,94,6-4-6-3-12-4,1,0.0005385,major,deuteronomy,control_top200
word_count,6,95,4-6-3-12-4-12,1,0.0005385,major,deuteronomy,control_top200
word_count,6,96,6-3-12-4-12-7,1,0.0005385,major,deuteronomy,control_top200
word_count,6,97,3-12-4-12-7-5,1,0.0005385,major,deuteronomy,control_top200
word_count,6,98,12-4-12-7-5-6,1,0.0005385,major,deuteronomy,control_top200
word_count,6,99,4-12-7-5-6-13,1,0.0005385,major,deuteronomy,control_top200
word_count,6,100,12-7-5-6-13-9,1,0.0005385,major,deuteronomy,control_top200
word_count,6,101,7-5-6-13-9-12,1,0.0005385,major,deuteronomy,control_top200
word_count,6,102,5-6-13-9-12-5,1,0.0005385,major,deuteronomy,control_top200
word_count,6,103,6-13-9-12-5-11,1,0.0005385,major,deuteronomy,control_top200
word_count,6,104,13-9-12-5-11-13,1,0.0005385,major,deuteronomy,control_top200
word_count,6,105,9-12-5-11-13-4,1,0.0005385,major,deuteronomy,control_top200
word_count,6,106,12-5-11-13-4-5,1,0.0005385,major,deuteronomy,control_top200
word_count,6,107,5-11-13-4-5-5,1,0.0005385,major,deuteronomy,control_top200
word_count,6,108,11-13-4-5-5-4,1,0.0005385,major,deuteronomy,control_top200
word_count,6,109,13-4-5-5-4-11,1,0.0005385,major,deuteronomy,control_top200
word_count,6,110,4-5-5-4-11-9,1,0.0005385,major,deuteronomy,control_top200
word_count,6,111,5-5-4-11-9-7,1,0.0005385,major,deuteronomy,control_top200
word_count,6,112,5-4-11-9-7-4,1,0.0005385,major,deuteronomy,control_top200
word_count,6,113,4-11-9-7-4-14,1,0.0005385,major,deuteronomy,control_top200
word_count,6,114,11-9-7-4-14-12,1,0.0005385,major,deuteronomy,control_top200
word_count,6,115,9-7-4-14-12-8,1,0.0005385,major,deuteronomy,control_top200
word_count,6,116,7-4-14-12-8-2,1,0.0005385,major,deuteronomy,control_top200
word_count,6,117,4-14-12-8-2-9,1,0.0005385,major,deuteronomy,control_top200
word_count,6,118,14-12-8-2-9-4,1,0.0005385,major,deuteronomy,control_top200
word_count,6,119,12-8-2-9-4-8,1,0.0005385,major,deuteronomy,control_top200
word_count,6,120,8-2-9-4-8-9,1,0.0005385,major,deuteronomy,control_top200
word_count,6,121,2-9-4-8-9-13,1,0.0005385,major,deuteronomy,control_top200
word_count,6,122,9-4-8-9-13-5,1,0.0005385,major,deuteronomy,control_top200
word_count,6,123,4-8-9-13-5-8,1,0.0005385,major,deuteronomy,control_top200
word_count,6,124,8-9-13-5-8-5,1,0.0005385,major,deuteronomy,control_top200
word_count,6,125,9-13-5-8-5-6,1,0.0005385,major,deuteronomy,control_top200
word_count,6,126,13-5-8-5-6-6,1,0.0005385,major,deuteronomy,control_top200
word_count,6,127,5-8-5-6-6-11,1,0.0005385,major,deuteronomy,control_top200
word_count,6,128,8-5-6-6-11-5,1,0.0005385,major,deuteronomy,control_top200
word_count,6,129,5-6-6-11-5-6,1,0.0005385,major,deuteronomy,control_top200
word_count,6,130,6-6-11-5-6-18,1,0.0005385,major,deuteronomy,control_top200
word_count,6,131,6-11-5-6-18-3,1,0.0005385,major,deuteronomy,control_top200
word_count,6,132,11-5-6-18-3-12,1,0.0005385,major,deuteronomy,control_top200
word_count,6,133,5-6-18-3-12-6,1,0.0005385,major,deuteronomy,control_top200
word_count,6,134,6-18-3-12-6-8,1,0.0005385,major,deuteronomy,control_top200
word_count,6,135,18-3-12-6-8-3,1,0.0005385,major,deuteronomy,control_top200
word_count,6,136,3-12-6-8-3-5,1,0.0005385,major,deuteronomy,control_top200
word_count,6,137,12-6-8-3-5-4,1,0.0005385,major,deuteronomy,control_top200
word_count,6,138,6-8-3-5-4-9,1,0.0005385,major,deuteronomy,control_top200
word_count,6,139,8-3-5-4-9-3,1,0.0005385,major,deuteronomy,control_top200
word_count,6,140,3-5-4-9-3-10,1,0.0005385,major,deuteronomy,control_top200
word_count,6,141,5-4-9-3-10-12,1,0.0005385,major,deuteronomy,control_top200
word_count,6,142,4-9-3-10-12-7,1,0.0005385,major,deuteronomy,control_top200
word_count,6,143,9-3-10-12-7-14,1,0.0005385,major,deuteronomy,control_top200
word_count,6,144,3-10-12-7-14-11,1,0.0005385,major,deuteronomy,control_top200
word_count,6,145,10-12-7-14-11-5,1,0.0005385,major,deuteronomy,control_top200
word_count,6,146,12-7-14-11-5-8,1,0.0005385,major,deuteronomy,control_top200
word_count,6,147,7-14-11-5-8-4,1,0.0005385,major,deuteronomy,control_top200
word_count,6,148,14-11-5-8-4-6,1,0.0005385,major,deuteronomy,control_top200
word_count,6,149,11-5-8-4-6-13,1,0.0005385,major,deuteronomy,control_top200
word_count,6,150,5-8-4-6-13-3,1,0.0005385,major,deuteronomy,control_top200
word_count,6,151,8-4-6-13-3-4,1,0.0005385,major,deuteronomy,control_top200
word_count,6,152,4-6-13-3-4-4,1,0.0005385,major,deuteronomy,control_top200
word_count,6,153,6-13-3-4-4-17,1,0.0005385,major,deuteronomy,control_top200
word_count,6,154,13-3-4-4-17-6,1,0.0005385,major,deuteronomy,control_top200
word_count,6,155,3-4-4-17-6-7,1,0.0005385,major,deuteronomy,control_top200
word_count,6,156,4-4-17-6-7-11,1,0.0005385,major,deuteronomy,control_top200
word_count,6,157,4-17-6-7-11-4,1,0.0005385,major,deuteronomy,control_top200
word_count,6,158,17-6-7-11-4-10,1,0.0005385,major,deuteronomy,control_top200
word_count,6,159,6-7-11-4-10-15,1,0.0005385,major,deuteronomy,control_top200
word_count,6,160,7-11-4-10-15-10,1,0.0005385,major,deuteronomy,control_top200
word_count,6,161,11-4-10-15-10-12,1,0.0005385,major,deuteronomy,control_top200
word_count,6,162,4-10-15-10-12-6,1,0.0005385,major,deuteronomy,control_top200
word_count,6,163,10-15-10-12-6-13,1,0.0005385,major,deuteronomy,control_top200
word_count,6,164,15-10-12-6-13-8,1,0.0005385,major,deuteronomy,control_top200
word_count,6,165,10-12-6-13-8-8,1,0.0005385,major,deuteronomy,control_top200
word_count,6,166,12-6-13-8-8-5,1,0.0005385,major,deuteronomy,control_top200
word_count,6,167,6-13-8-8-5-7,1,0.0005385,major,deuteronomy,control_top200
word_count,6,168,13-8-8-5-7-6,1,0.0005385,major,deuteronomy,control_top200
word_count,6,169,8-8-5-7-6-6,1,0.0005385,major,deuteronomy,control_top200
word_count,6,170,8-5-7-6-6-12,1,0.0005385,major,deuteronomy,control_top200
word_count,6,171,5-7-6-6-12-5,1,0.0005385,major,deuteronomy,control_top200
word_count,6,172,7-6-6-12-5-4,1,0.0005385,major,deuteronomy,control_top200
word_count,6,173,6-6-12-5-4-4,1,0.0005385,major,deuteronomy,control_top200
word_count,6,174,6-12-5-4-4-10,1,0.0005385,major,deuteronomy,control_top200
word_count,6,175,12-5-4-4-10-4,1,0.0005385,major,deuteronomy,control_top200
word_count,6,176,5-4-4-10-4-17,1,0.0005385,major,deuteronomy,control_top200
word_count,6,177,4-4-10-4-17-8,1,0.0005385,major,deuteronomy,control_top200
word_count,6,178,4-10-4-17-8-6,1,0.0005385,major,deuteronomy,control_top200
word_count,6,179,10-4-17-8-6-12,1,0.0005385,major,deuteronomy,control_top200
word_count,6,180,4-17-8-6-12-10,1,0.0005385,major,deuteronomy,control_top200
word_count,6,181,17-8-6-12-10-9,1,0.0005385,major,deuteronomy,control_top200
word_count,6,182,8-6-12-10-9-12,1,0.0005385,major,deuteronomy,control_top200
word_count,6,183,6-12-10-9-12-11,1,0.0005385,major,deuteronomy,control_top200
word_count,6,184,12-10-9-12-11-4,1,0.0005385,major,deuteronomy,control_top200
word_count,6,185,10-9-12-11-4-11,1,0.0005385,major,deuteronomy,control_top200
word_count,6,186,9-12-11-4-11-6,1,0.0005385,major,deuteronomy,control_top200
word_count,6,187,12-11-4-11-6-3,1,0.0005385,major,deuteronomy,control_top200
word_count,6,188,11-4-11-6-3-10,1,0.0005385,major,deuteronomy,control_top200
word_count,6,189,4-11-6-3-10-5,1,0.0005385,major,deuteronomy,control_top200
word_count,6,190,11-6-3-10-5-17,1,0.0005385,major,deuteronomy,control_top200
word_count,6,191,6-3-10-5-17-9,1,0.0005385,major,deuteronomy,control_top200
word_count,6,192,3-10-5-17-9-5,1,0.0005385,major,deuteronomy,control_top200
word_count,6,193,10-5-17-9-5-18,1,0.0005385,major,deuteronomy,control_top200
word_count,6,194,5-17-9-5-18-6,1,0.0005385,major,deuteronomy,control_top200
word_count,6,195,17-9-5-18-6-6,1,0.0005385,major,deuteronomy,control_top200
word_count,6,196,9-5-18-6-6-20,1,0.0005385,major,deuteronomy,control_top200
word_count,6,197,5-18-6-6-20-2,1,0.0005385,major,deuteronomy,control_top200
word_count,6,198,18-6-6-20-2-6,1,0.0005385,major,deuteronomy,control_top200
word_count,6,199,6-6-20-2-6-3,1,0.0005385,major,deuteronomy,control_top200
word_count,6,200,6-20-2-6-3-3,1,0.0005385,major,deuteronomy,control_top200
pulse_count,2,1,11-13,10,0.00537346,major,deuteronomy,control_top200
pulse_count,2,2,12-12,9,0.00483611,major,deuteronomy,control_top200
pulse_count,2,3,7-12,8,0.00429876,major,deuteronomy,control_top200
pulse_count,2,4,10-10,8,0.00429876,major,deuteronomy,control_top200
pulse_count,2,5,13-15,8,0.00429876,major,deuteronomy,control_top200
pulse_count,2,6,13-17,8,0.00429876,major,deuteronomy,control_top200
pulse_count,2,7,12-24,8,0.00429876,major,deuteronomy,control_top200
pulse_count,2,8,17-13,8,0.00429876,major,deuteronomy,control_top200
pulse_count,2,9,14-11,8,0.00429876,major,deuteronomy,control_top200
pulse_count,2,10,11-20,7,0.00376142,major,deuteronomy,control_top200
pulse_count,2,11,10-19,7,0.00376142,major,deuteronomy,control_top200
pulse_count,2,12,15-8,7,0.00376142,major,deuteronomy,control_top200
pulse_count,2,13,14-16,7,0.00376142,major,deuteronomy,control_top200
pulse_count,2,14,8-6,7,0.00376142,major,deuteronomy,control_top200
pulse_count,2,15,12-7,7,0.00376142,major,deuteronomy,control_top200
pulse_count,2,16,6-15,7,0.00376142,major,deuteronomy,control_top200
pulse_count,2,17,8-8,7,0.00376142,major,deuteronomy,control_top200
pulse_count,2,18,13-7,6,0.00322407,major,deuteronomy,control_top200
pulse_count,2,19,16-14,6,0.00322407,major,deuteronomy,control_top200
pulse_count,2,20,14-17,6,0.00322407,major,deuteronomy,control_top200
pulse_count,2,21,17-18,6,0.00322407,major,deuteronomy,control_top200
pulse_count,2,22,9-21,6,0.00322407,major,deuteronomy,control_top200
pulse_count,2,23,10-25,6,0.00322407,major,deuteronomy,control_top200
pulse_count,2,24,9-10,6,0.00322407,major,deuteronomy,control_top200
pulse_count,2,25,20-12,6,0.00322407,major,deuteronomy,control_top200
pulse_count,2,26,8-15,6,0.00322407,major,deuteronomy,control_top200
pulse_count,2,27,16-17,6,0.00322407,major,deuteronomy,control_top200
pulse_count,2,28,31-17,6,0.00322407,major,deuteronomy,control_top200
pulse_count,2,29,7-10,6,0.00322407,major,deuteronomy,control_top200
pulse_count,2,30,14-13,6,0.00322407,major,deuteronomy,control_top200
pulse_count,2,31,14-12,6,0.00322407,major,deuteronomy,control_top200
pulse_count,2,32,12-14,6,0.00322407,major,deuteronomy,control_top200
pulse_count,2,33,11-8,6,0.00322407,major,deuteronomy,control_top200
pulse_count,2,34,13-13,6,0.00322407,major,deuteronomy,control_top200
pulse_count,2,35,13-14,6,0.00322407,major,deuteronomy,control_top200
pulse_count,2,36,7-8,6,0.00322407,major,deuteronomy,control_top200
pulse_count,2,37,11-15,5,0.00268673,major,deuteronomy,control_top200
pulse_count,2,38,15-21,5,0.00268673,major,deuteronomy,control_top200
pulse_count,2,39,20-7,5,0.00268673,major,deuteronomy,control_top200
pulse_count,2,40,9-19,5,0.00268673,major,deuteronomy,control_top200
pulse_count,2,41,6-11,5,0.00268673,major,deuteronomy,control_top200
pulse_count,2,42,6-10,5,0.00268673,major,deuteronomy,control_top200
pulse_count,2,43,8-10,5,0.00268673,major,deuteronomy,control_top200
pulse_count,2,44,16-12,5,0.00268673,major,deuteronomy,control_top200
pulse_count,2,45,12-23,5,0.00268673,major,deuteronomy,control_top200
pulse_count,2,46,12-11,5,0.00268673,major,deuteronomy,control_top200
pulse_count,2,47,17-23,5,0.00268673,major,deuteronomy,control_top200
pulse_count,2,48,23-12,5,0.00268673,major,deuteronomy,control_top200
pulse_count,2,49,11-10,5,0.00268673,major,deuteronomy,control_top200
pulse_count,2,50,17-16,5,0.00268673,major,deuteronomy,control_top200
pulse_count,2,51,18-27,5,0.00268673,major,deuteronomy,control_top200
pulse_count,2,52,10-11,5,0.00268673,major,deuteronomy,control_top200
pulse_count,2,53,18-21,5,0.00268673,major,deuteronomy,control_top200
pulse_count,2,54,17-20,5,0.00268673,major,deuteronomy,control_top200
pulse_count,2,55,19-9,5,0.00268673,major,deuteronomy,control_top200
pulse_count,2,56,15-10,5,0.00268673,major,deuteronomy,control_top200
pulse_count,2,57,17-15,5,0.00268673,major,deuteronomy,control_top200
pulse_count,2,58,15-24,5,0.00268673,major,deuteronomy,control_top200
pulse_count,2,59,15-13,5,0.00268673,major,deuteronomy,control_top200
pulse_count,2,60,21-14,5,0.00268673,major,deuteronomy,control_top200
pulse_count,2,61,7-15,5,0.00268673,major,deuteronomy,control_top200
pulse_count,2,62,20-9,5,0.00268673,major,deuteronomy,control_top200
pulse_count,2,63,14-10,5,0.00268673,major,deuteronomy,control_top200
pulse_count,2,64,18-14,5,0.00268673,major,deuteronomy,control_top200
pulse_count,2,65,26-16,5,0.00268673,major,deuteronomy,control_top200
pulse_count,2,66,9-16,5,0.00268673,major,deuteronomy,control_top200
pulse_count,2,67,8-14,5,0.00268673,major,deuteronomy,control_top200
pulse_count,2,68,12-6,5,0.00268673,major,deuteronomy,control_top200
pulse_count,2,69,13-11,5,0.00268673,major,deuteronomy,control_top200
pulse_count,2,70,6-9,5,0.00268673,major,deuteronomy,control_top200
pulse_count,2,71,16-15,5,0.00268673,major,deuteronomy,control_top200
pulse_count,2,72,16-8,4,0.00214938,major,deuteronomy,control_top200
pulse_count,2,73,12-17,4,0.00214938,major,deuteronomy,control_top200
pulse_count,2,74,17-9,4,0.00214938,major,deuteronomy,control_top200
pulse_count,2,75,20-10,4,0.00214938,major,deuteronomy,control_top200
pulse_count,2,76,10-9,4,0.00214938,major,deuteronomy,control_top200
pulse_count,2,77,9-11,4,0.00214938,major,deuteronomy,control_top200
pulse_count,2,78,21-11,4,0.00214938,major,deuteronomy,control_top200
pulse_count,2,79,7-11,4,0.00214938,major,deuteronomy,control_top200
pulse_count,2,80,29-13,4,0.00214938,major,deuteronomy,control_top200
pulse_count,2,81,8-9,4,0.00214938,major,deuteronomy,control_top200
pulse_count,2,82,8-5,4,0.00214938,major,deuteronomy,control_top200
pulse_count,2,83,17-24,4,0.00214938,major,deuteronomy,control_top200
pulse_count,2,84,28-8,4,0.00214938,major,deuteronomy,control_top200
pulse_count,2,85,8-17,4,0.00214938,major,deuteronomy,control_top200
pulse_count,2,86,17-17,4,0.00214938,major,deuteronomy,control_top200
pulse_count,2,87,19-15,4,0.00214938,major,deuteronomy,control_top200
pulse_count,2,88,11-9,4,0.00214938,major,deuteronomy,control_top200
pulse_count,2,89,15-17,4,0.00214938,major,deuteronomy,control_top200
pulse_count,2,90,29-11,4,0.00214938,major,deuteronomy,control_top200
pulse_count,2,91,32-11,4,0.00214938,major,deuteronomy,control_top200
pulse_count,2,92,30-10,4,0.00214938,major,deuteronomy,control_top200
pulse_count,2,93,10-12,4,0.00214938,major,deuteronomy,control_top200
pulse_count,2,94,9-7,4,0.00214938,major,deuteronomy,control_top200
pulse_count,2,95,21-13,4,0.00214938,major,deuteronomy,control_top200
pulse_count,2,96,13-8,4,0.00214938,major,deuteronomy,control_top200
pulse_count,2,97,19-14,4,0.00214938,major,deuteronomy,control_top200
pulse_count,2,98,14-8,4,0.00214938,major,deuteronomy,control_top200
pulse_count,2,99,24-25,4,0.00214938,major,deuteronomy,control_top200
pulse_count,2,100,21-15,4,0.00214938,major,deuteronomy,control_top200
pulse_count,2,101,18-13,4,0.00214938,major,deuteronomy,control_top200
pulse_count,2,102,21-9,4,0.00214938,major,deuteronomy,control_top200
pulse_count,2,103,19-24,4,0.00214938,major,deuteronomy,control_top200
pulse_count,2,104,15-12,4,0.00214938,major,deuteronomy,control_top200
pulse_count,2,105,10-17,4,0.00214938,major,deuteronomy,control_top200
pulse_count,2,106,13-23,4,0.00214938,major,deuteronomy,control_top200
pulse_count,2,107,22-16,4,0.00214938,major,deuteronomy,control_top200
pulse_count,2,108,16-26,4,0.00214938,major,deuteronomy,control_top200
pulse_count,2,109,27-16,4,0.00214938,major,deuteronomy,control_top200
pulse_count,2,110,17-19,4,0.00214938,major,deuteronomy,control_top200
pulse_count,2,111,23-13,4,0.00214938,major,deuteronomy,control_top200
pulse_count,2,112,13-18,4,0.00214938,major,deuteronomy,control_top200
pulse_count,2,113,7-22,4,0.00214938,major,deuteronomy,control_top200
pulse_count,2,114,17-22,4,0.00214938,major,deuteronomy,control_top200
pulse_count,2,115,16-19,4,0.00214938,major,deuteronomy,control_top200
pulse_count,2,116,12-15,4,0.00214938,major,deuteronomy,control_top200
pulse_count,2,117,15-14,4,0.00214938,major,deuteronomy,control_top200
pulse_count,2,118,14-6,4,0.00214938,major,deuteronomy,control_top200
pulse_count,2,119,15-23,4,0.00214938,major,deuteronomy,control_top200
pulse_count,2,120,19-16,4,0.00214938,major,deuteronomy,control_top200
pulse_count,2,121,11-14,4,0.00214938,major,deuteronomy,control_top200
pulse_count,2,122,24-28,4,0.00214938,major,deuteronomy,control_top200
pulse_count,2,123,10-15,4,0.00214938,major,deuteronomy,control_top200
pulse_count,2,124,15-6,4,0.00214938,major,deuteronomy,control_top200
pulse_count,2,125,16-16,4,0.00214938,major,deuteronomy,control_top200
pulse_count,2,126,16-10,4,0.00214938,major,deuteronomy,control_top200
pulse_count,2,127,7-21,4,0.00214938,major,deuteronomy,control_top200
pulse_count,2,128,11-22,4,0.00214938,major,deuteronomy,control_top200
pulse_count,2,129,31-9,4,0.00214938,major,deuteronomy,control_top200
pulse_count,2,130,14-7,4,0.00214938,major,deuteronomy,control_top200
pulse_count,2,131,12-10,4,0.00214938,major,deuteronomy,control_top200
pulse_count,2,132,15-7,4,0.00214938,major,deuteronomy,control_top200
pulse_count,2,133,12-9,4,0.00214938,major,deuteronomy,control_top200
pulse_count,2,134,9-18,4,0.00214938,major,deuteronomy,control_top200
pulse_count,2,135,8-18,4,0.00214938,major,deuteronomy,control_top200
pulse_count,2,136,24-14,4,0.00214938,major,deuteronomy,control_top200
pulse_count,2,137,19-13,4,0.00214938,major,deuteronomy,control_top200
pulse_count,2,138,14-15,4,0.00214938,major,deuteronomy,control_top200
pulse_count,2,139,13-19,4,0.00214938,major,deuteronomy,control_top200
pulse_count,2,140,6-8,4,0.00214938,major,deuteronomy,control_top200
pulse_count,2,141,9-12,4,0.00214938,major,deuteronomy,control_top200
pulse_count,2,142,9-6,4,0.00214938,major,deuteronomy,control_top200
pulse_count,2,143,12-5,3,0.00161204,major,deuteronomy,control_top200
pulse_count,2,144,18-23,3,0.00161204,major,deuteronomy,control_top200
pulse_count,2,145,11-7,3,0.00161204,major,deuteronomy,control_top200
pulse_count,2,146,7-5,3,0.00161204,major,deuteronomy,control_top200
pulse_count,2,147,15-25,3,0.00161204,major,deuteronomy,control_top200
pulse_count,2,148,32-19,3,0.00161204,major,deuteronomy,control_top200
pulse_count,2,149,17-5,3,0.00161204,major,deuteronomy,control_top200
pulse_count,2,150,30-7,3,0.00161204,major,deuteronomy,control_top200
pulse_count,2,151,10-5,3,0.00161204,major,deuteronomy,control_top200
pulse_count,2,152,5-9,3,0.00161204,major,deuteronomy,control_top200
pulse_count,2,153,20-11,3,0.00161204,major,deuteronomy,control_top200
pulse_count,2,154,17-29,3,0.00161204,major,deuteronomy,control_top200
pulse_count,2,155,7-16,3,0.00161204,major,deuteronomy,control_top200
pulse_count,2,156,21-29,3,0.00161204,major,deuteronomy,control_top200
pulse_count,2,157,10-8,3,0.00161204,major,deuteronomy,control_top200
pulse_count,2,158,23-10,3,0.00161204,major,deuteronomy,control_top200
pulse_count,2,159,19-12,3,0.00161204,major,deuteronomy,control_top200
pulse_count,2,160,12-13,3,0.00161204,major,deuteronomy,control_top200
pulse_count,2,161,30-11,3,0.00161204,major,deuteronomy,control_top200
pulse_count,2,162,23-8,3,0.00161204,major,deuteronomy,control_top200
pulse_count,2,163,21-10,3,0.00161204,major,deuteronomy,control_top200
pulse_count,2,164,8-26,3,0.00161204,major,deuteronomy,control_top200
pulse_count,2,165,6-14,3,0.00161204,major,deuteronomy,control_top200
pulse_count,2,166,8-25,3,0.00161204,major,deuteronomy,control_top200
pulse_count,2,167,24-9,3,0.00161204,major,deuteronomy,control_top200
pulse_count,2,168,15-20,3,0.00161204,major,deuteronomy,control_top200
pulse_count,2,169,15-11,3,0.00161204,major,deuteronomy,control_top200
pulse_count,2,170,26-19,3,0.00161204,major,deuteronomy,control_top200
pulse_count,2,171,11-23,3,0.00161204,major,deuteronomy,control_top200
pulse_count,2,172,23-9,3,0.00161204,major,deuteronomy,control_top200
pulse_count,2,173,25-19,3,0.00161204,major,deuteronomy,control_top200
pulse_count,2,174,23-30,3,0.00161204,major,deuteronomy,control_top200
pulse_count,2,175,8-27,3,0.00161204,major,deuteronomy,control_top200
pulse_count,2,176,25-22,3,0.00161204,major,deuteronomy,control_top200
pulse_count,2,177,23-18,3,0.00161204,major,deuteronomy,control_top200
pulse_count,2,178,18-20,3,0.00161204,major,deuteronomy,control_top200
pulse_count,2,179,16-13,3,0.00161204,major,deuteronomy,control_top200
pulse_count,2,180,18-12,3,0.00161204,major,deuteronomy,control_top200
pulse_count,2,181,12-19,3,0.00161204,major,deuteronomy,control_top200
pulse_count,2,182,19-23,3,0.00161204,major,deuteronomy,control_top200
pulse_count,2,183,21-20,3,0.00161204,major,deuteronomy,control_top200
pulse_count,2,184,10-14,3,0.00161204,major,deuteronomy,control_top200
pulse_count,2,185,24-21,3,0.00161204,major,deuteronomy,control_top200
pulse_count,2,186,18-16,3,0.00161204,major,deuteronomy,control_top200
pulse_count,2,187,16-32,3,0.00161204,major,deuteronomy,control_top200
pulse_count,2,188,17-10,3,0.00161204,major,deuteronomy,control_top200
pulse_count,2,189,22-15,3,0.00161204,major,deuteronomy,control_top200
pulse_count,2,190,15-5,3,0.00161204,major,deuteronomy,control_top200
pulse_count,2,191,21-17,3,0.00161204,major,deuteronomy,control_top200
pulse_count,2,192,5-26,3,0.00161204,major,deuteronomy,control_top200
pulse_count,2,193,18-26,3,0.00161204,major,deuteronomy,control_top200
pulse_count,2,194,18-7,3,0.00161204,major,deuteronomy,control_top200
pulse_count,2,195,26-15,3,0.00161204,major,deuteronomy,control_top200
pulse_count,2,196,15-26,3,0.00161204,major,deuteronomy,control_top200
pulse_count,2,197,21-30,3,0.00161204,major,deuteronomy,control_top200
pulse_count,2,198,9-8,3,0.00161204,major,deuteronomy,control_top200
pulse_count,2,199,18-17,3,0.00161204,major,deuteronomy,control_top200
pulse_count,2,200,22-27,3,0.00161204,major,deuteronomy,control_top200
pulse_count,3,1,7-11-20,3,0.0016129,major,deuteronomy,control_top200
pulse_count,3,2,18-14-11,3,0.0016129,major,deuteronomy,control_top200
pulse_count,3,3,12-24-14,3,0.0016129,major,deuteronomy,control_top200
pulse_count,3,4,14-12-7,3,0.0016129,major,deuteronomy,control_top200
pulse_count,3,5,12-7-12,3,0.0016129,major,deuteronomy,control_top200
pulse_count,3,6,7-12-14,3,0.0016129,major,deuteronomy,control_top200
pulse_count,3,7,6-9-6,3,0.0016129,major,deuteronomy,control_top200
pulse_count,3,8,30-7-12,2,0.00107527,major,deuteronomy,control_top200
pulse_count,3,9,15-17-29,2,0.00107527,major,deuteronomy,control_top200
pulse_count,3,10,11-13-7,2,0.00107527,major,deuteronomy,control_top200
pulse_count,3,11,10-19-12,2,0.00107527,major,deuteronomy,control_top200
pulse_count,3,12,12-23-15,2,0.00107527,major,deuteronomy,control_top200
pulse_count,3,13,23-30-10,2,0.00107527,major,deuteronomy,control_top200
pulse_count,3,14,16-13-17,2,0.00107527,major,deuteronomy,control_top200
pulse_count,3,15,18-26-18,2,0.00107527,major,deuteronomy,control_top200
pulse_count,3,16,40-13-17,2,0.00107527,major,deuteronomy,control_top200
pulse_count,3,17,13-17-16,2,0.00107527,major,deuteronomy,control_top200
pulse_count,3,18,12-5-8,2,0.00107527,major,deuteronomy,control_top200
pulse_count,3,19,16-19-9,2,0.00107527,major,deuteronomy,control_top200
pulse_count,3,20,9-23-24,2,0.00107527,major,deuteronomy,control_top200
pulse_count,3,21,12-11-17,2,0.00107527,major,deuteronomy,control_top200
pulse_count,3,22,15-14-6,2,0.00107527,major,deuteronomy,control_top200
pulse_count,3,23,15-23-12,2,0.00107527,major,deuteronomy,control_top200
pulse_count,3,24,20-7-16,2,0.00107527,major,deuteronomy,control_top200
pulse_count,3,25,17-5-9,2,0.00107527,major,deuteronomy,control_top200
pulse_count,3,26,21-14-12,2,0.00107527,major,deuteronomy,control_top200
pulse_count,3,27,11-20-8,2,0.00107527,major,deuteronomy,control_top200
pulse_count,3,28,8-6-26,2,0.00107527,major,deuteronomy,control_top200
pulse_count,3,29,14-28-24,2,0.00107527,major,deuteronomy,control_top200
pulse_count,3,30,19-28-20,2,0.00107527,major,deuteronomy,control_top200
pulse_count,3,31,12-12-24,2,0.00107527,major,deuteronomy,control_top200
pulse_count,3,32,45-16-16,2,0.00107527,major,deuteronomy,control_top200
pulse_count,3,33,16-10-30,2,0.00107527,major,deuteronomy,control_top200
pulse_count,3,34,8-20-12,2,0.00107527,major,deuteronomy,control_top200
pulse_count,3,35,17-20-22,2,0.00107527,major,deuteronomy,control_top200
pulse_count,3,36,31-9-27,2,0.00107527,major,deuteronomy,control_top200
pulse_count,3,37,9-27-21,2,0.00107527,major,deuteronomy,control_top200
pulse_count,3,38,16-18-14,2,0.00107527,major,deuteronomy,control_top200
pulse_count,3,39,17-13-17,2,0.00107527,major,deuteronomy,control_top200
pulse_count,3,40,12-10-29,2,0.00107527,major,deuteronomy,control_top200
pulse_count,3,41,15-7-7,2,0.00107527,major,deuteronomy,control_top200
pulse_count,3,42,10-36-22,2,0.00107527,major,deuteronomy,control_top200
pulse_count,3,43,10-5-26,2,0.00107527,major,deuteronomy,control_top200
pulse_count,3,44,5-26-16,2,0.00107527,major,deuteronomy,control_top200
pulse_count,3,45,12-14-10,2,0.00107527,major,deuteronomy,control_top200
pulse_count,3,46,9-10-19,2,0.00107527,major,deuteronomy,control_top200
pulse_count,3,47,12-9-10,2,0.00107527,major,deuteronomy,control_top200
pulse_count,3,48,11-8-18,2,0.00107527,major,deuteronomy,control_top200
pulse_count,3,49,8-18-15,2,0.00107527,major,deuteronomy,control_top200
pulse_count,3,50,16-14-13,2,0.00107527,major,deuteronomy,control_top200
pulse_count,3,51,14-7-10,2,0.00107527,major,deuteronomy,control_top200
pulse_count,3,52,12-6-15,2,0.00107527,major,deuteronomy,control_top200
pulse_count,3,53,17-18-21,2,0.00107527,major,deuteronomy,control_top200
pulse_count,3,54,15-8-8,2,0.00107527,major,deuteronomy,control_top200
pulse_count,3,55,19-13-14,2,0.00107527,major,deuteronomy,control_top200
pulse_count,3,56,13-14-15,2,0.00107527,major,deuteronomy,control_top200
pulse_count,3,57,11-8-15,2,0.00107527,major,deuteronomy,control_top200
pulse_count,3,58,18-12-12,2,0.00107527,major,deuteronomy,control_top200
pulse_count,3,59,6-15-6,2,0.00107527,major,deuteronomy,control_top200
pulse_count,3,60,15-6-8,2,0.00107527,major,deuteronomy,control_top200
pulse_count,3,61,11-10-6,2,0.00107527,major,deuteronomy,control_top200
pulse_count,3,62,13-15-35,2,0.00107527,major,deuteronomy,control_top200
pulse_count,3,63,15-35-12,2,0.00107527,major,deuteronomy,control_top200
pulse_count,3,64,6-8-6,2,0.00107527,major,deuteronomy,control_top200
pulse_count,3,65,8-6-9,2,0.00107527,major,deuteronomy,control_top200
pulse_count,3,66,9-6-15,2,0.00107527,major,deuteronomy,control_top200
pulse_count,3,67,14-15-8,2,0.00107527,major,deuteronomy,control_top200
pulse_count,3,68,15-15-7,2,0.00107527,major,deuteronomy,control_top200
pulse_count,3,69,13-8-7,2,0.00107527,major,deuteronomy,control_top200
pulse_count,3,70,7-14-17,2,0.00107527,major,deuteronomy,control_top200
pulse_count,3,71,16-17-13,2,0.00107527,major,deuteronomy,control_top200
pulse_count,3,72,6-15-17,2,0.00107527,major,deuteronomy,control_top200
pulse_count,3,73,20-26-12,1,0.00053763,major,deuteronomy,control_top200
pulse_count,3,74,26-12-5,1,0.00053763,major,deuteronomy,control_top200
pulse_count,3,75,12-5-18,1,0.00053763,major,deuteronomy,control_top200
pulse_count,3,76,5-18-23,1,0.00053763,major,deuteronomy,control_top200
pulse_count,3,77,18-23-21,1,0.00053763,major,deuteronomy,control_top200
pulse_count,3,78,23-21-16,1,0.00053763,major,deuteronomy,control_top200
pulse_count,3,79,21-16-8,1,0.00053763,major,deuteronomy,control_top200
pulse_count,3,80,16-8-12,1,0.00053763,major,deuteronomy,control_top200
pulse_count,3,81,8-12-17,1,0.00053763,major,deuteronomy,control_top200
pulse_count,3,82,12-17-9,1,0.00053763,major,deuteronomy,control_top200
pulse_count,3,83,17-9-35,1,0.00053763,major,deuteronomy,control_top200
pulse_count,3,84,9-35-20,1,0.00053763,major,deuteronomy,control_top200
pulse_count,3,85,35-20-10,1,0.00053763,major,deuteronomy,control_top200
pulse_count,3,86,20-10-41,1,0.00053763,major,deuteronomy,control_top200
pulse_count,3,87,10-41-10,1,0.00053763,major,deuteronomy,control_top200
pulse_count,3,88,41-10-9,1,0.00053763,major,deuteronomy,control_top200
pulse_count,3,89,10-9-11,1,0.00053763,major,deuteronomy,control_top200
pulse_count,3,90,9-11-15,1,0.00053763,major,deuteronomy,control_top200
pulse_count,3,91,11-15-21,1,0.00053763,major,deuteronomy,control_top200
pulse_count,3,92,15-21-11,1,0.00053763,major,deuteronomy,control_top200
pulse_count,3,93,21-11-7,1,0.00053763,major,deuteronomy,control_top200
pulse_count,3,94,11-7-11,1,0.00053763,major,deuteronomy,control_top200
pulse_count,3,95,11-20-7,1,0.00053763,major,deuteronomy,control_top200
pulse_count,3,96,20-7-5,1,0.00053763,major,deuteronomy,control_top200
pulse_count,3,97,7-5-15,1,0.00053763,major,deuteronomy,control_top200
pulse_count,3,98,5-15-25,1,0.00053763,major,deuteronomy,control_top200
pulse_count,3,99,15-25-29,1,0.00053763,major,deuteronomy,control_top200
pulse_count,3,100,25-29-13,1,0.00053763,major,deuteronomy,control_top200
pulse_count,3,101,29-13-22,1,0.00053763,major,deuteronomy,control_top200
pulse_count,3,102,13-22-32,1,0.00053763,major,deuteronomy,control_top200
pulse_count,3,103,22-32-19,1,0.00053763,major,deuteronomy,control_top200
pulse_count,3,104,32-19-8,1,0.00053763,major,deuteronomy,control_top200
pulse_count,3,105,19-8-9,1,0.00053763,major,deuteronomy,control_top200
pulse_count,3,106,8-9-47,1,0.00053763,major,deuteronomy,control_top200
pulse_count,3,107,9-47-8,1,0.00053763,major,deuteronomy,control_top200
pulse_count,3,108,47-8-5,1,0.00053763,major,deuteronomy,control_top200
pulse_count,3,109,8-5-20,1,0.00053763,major,deuteronomy,control_top200
pulse_count,3,110,5-20-17,1,0.00053763,major,deuteronomy,control_top200
pulse_count,3,111,20-17-24,1,0.00053763,major,deuteronomy,control_top200
pulse_count,3,112,17-24-32,1,0.00053763,major,deuteronomy,control_top200
pulse_count,3,113,24-32-28,1,0.00053763,major,deuteronomy,control_top200
pulse_count,3,114,32-28-8,1,0.00053763,major,deuteronomy,control_top200
pulse_count,3,115,28-8-17,1,0.00053763,major,deuteronomy,control_top200
pulse_count,3,116,8-17-17,1,0.00053763,major,deuteronomy,control_top200
pulse_count,3,117,17-17-5,1,0.00053763,major,deuteronomy,control_top200
pulse_count,3,118,17-5-17,1,0.00053763,major,deuteronomy,control_top200
pulse_count,3,119,5-17-30,1,0.00053763,major,deuteronomy,control_top200
pulse_count,3,120,17-30-7,1,0.00053763,major,deuteronomy,control_top200
pulse_count,3,121,7-12-29,1,0.00053763,major,deuteronomy,control_top200
pulse_count,3,122,12-29-15,1,0.00053763,major,deuteronomy,control_top200
pulse_count,3,123,29-15-41,1,0.00053763,major,deuteronomy,control_top200
pulse_count,3,124,15-41-10,1,0.00053763,major,deuteronomy,control_top200
pulse_count,3,125,41-10-5,1,0.00053763,major,deuteronomy,control_top200
pulse_count,3,126,10-5-9,1,0.00053763,major,deuteronomy,control_top200
pulse_count,3,127,5-9-19,1,0.00053763,major,deuteronomy,control_top200
pulse_count,3,128,9-19-15,1,0.00053763,major,deuteronomy,control_top200
pulse_count,3,129,19-15-28,1,0.00053763,major,deuteronomy,control_top200
pulse_count,3,130,15-28-19,1,0.00053763,major,deuteronomy,control_top200
pulse_count,3,131,28-19-6,1,0.00053763,major,deuteronomy,control_top200
pulse_count,3,132,19-6-11,1,0.00053763,major,deuteronomy,control_top200
pulse_count,3,133,6-11-20,1,0.00053763,major,deuteronomy,control_top200
pulse_count,3,134,11-20-20,1,0.00053763,major,deuteronomy,control_top200
pulse_count,3,135,20-20-11,1,0.00053763,major,deuteronomy,control_top200
pulse_count,3,136,20-11-9,1,0.00053763,major,deuteronomy,control_top200
pulse_count,3,137,11-9-15,1,0.00053763,major,deuteronomy,control_top200
pulse_count,3,138,9-15-17,1,0.00053763,major,deuteronomy,control_top200
pulse_count,3,139,17-29-11,1,0.00053763,major,deuteronomy,control_top200
pulse_count,3,140,29-11-13,1,0.00053763,major,deuteronomy,control_top200
pulse_count,3,141,13-7-16,1,0.00053763,major,deuteronomy,control_top200
pulse_count,3,142,7-16-14,1,0.00053763,major,deuteronomy,control_top200
pulse_count,3,143,16-14-32,1,0.00053763,major,deuteronomy,control_top200
pulse_count,3,144,14-32-11,1,0.00053763,major,deuteronomy,control_top200
pulse_count,3,145,32-11-6,1,0.00053763,major,deuteronomy,control_top200
pulse_count,3,146,11-6-10,1,0.00053763,major,deuteronomy,control_top200
pulse_count,3,147,6-10-38,1,0.00053763,major,deuteronomy,control_top200
pulse_count,3,148,10-38-21,1,0.00053763,major,deuteronomy,control_top200
pulse_count,3,149,38-21-29,1,0.00053763,major,deuteronomy,control_top200
pulse_count,3,150,21-29-11,1,0.00053763,major,deuteronomy,control_top200
pulse_count,3,151,29-11-11,1,0.00053763,major,deuteronomy,control_top200
pulse_count,3,152,11-11-18,1,0.00053763,major,deuteronomy,control_top200
pulse_count,3,153,11-18-30,1,0.00053763,major,deuteronomy,control_top200
pulse_count,3,154,18-30-10,1,0.00053763,major,deuteronomy,control_top200
pulse_count,3,155,30-10-12,1,0.00053763,major,deuteronomy,control_top200
pulse_count,3,156,10-12-18,1,0.00053763,major,deuteronomy,control_top200
pulse_count,3,157,12-18-10,1,0.00053763,major,deuteronomy,control_top200
pulse_count,3,158,18-10-8,1,0.00053763,major,deuteronomy,control_top200
pulse_count,3,159,10-8-23,1,0.00053763,major,deuteronomy,control_top200
pulse_count,3,160,8-23-10,1,0.00053763,major,deuteronomy,control_top200
pulse_count,3,161,23-10-10,1,0.00053763,major,deuteronomy,control_top200
pulse_count,3,162,10-10-9,1,0.00053763,major,deuteronomy,control_top200
pulse_count,3,163,10-9-7,1,0.00053763,major,deuteronomy,control_top200
pulse_count,3,164,9-7-25,1,0.00053763,major,deuteronomy,control_top200
pulse_count,3,165,7-25-10,1,0.00053763,major,deuteronomy,control_top200
pulse_count,3,166,25-10-19,1,0.00053763,major,deuteronomy,control_top200
pulse_count,3,167,19-12-13,1,0.00053763,major,deuteronomy,control_top200
pulse_count,3,168,12-13-15,1,0.00053763,major,deuteronomy,control_top200
pulse_count,3,169,13-15-32,1,0.00053763,major,deuteronomy,control_top200
pulse_count,3,170,15-32-20,1,0.00053763,major,deuteronomy,control_top200
pulse_count,3,171,32-20-30,1,0.00053763,major,deuteronomy,control_top200
pulse_count,3,172,20-30-11,1,0.00053763,major,deuteronomy,control_top200
pulse_count,3,173,30-11-21,1,0.00053763,major,deuteronomy,control_top200
pulse_count,3,174,11-21-23,1,0.00053763,major,deuteronomy,control_top200
pulse_count,3,175,21-23-8,1,0.00053763,major,deuteronomy,control_top200
pulse_count,3,176,23-8-10,1,0.00053763,major,deuteronomy,control_top200
pulse_count,3,177,8-10-10,1,0.00053763,major,deuteronomy,control_top200
pulse_count,3,178,10-10-10,1,0.00053763,major,deuteronomy,control_top200
pulse_count,3,179,10-10-31,1,0.00053763,major,deuteronomy,control_top200
pulse_count,3,180,10-31-21,1,0.00053763,major,deuteronomy,control_top200
pulse_count,3,181,31-21-13,1,0.00053763,major,deuteronomy,control_top200
pulse_count,3,182,21-13-8,1,0.00053763,major,deuteronomy,control_top200
pulse_count,3,183,13-8-34,1,0.00053763,major,deuteronomy,control_top200
pulse_count,3,184,8-34-28,1,0.00053763,major,deuteronomy,control_top200
pulse_count,3,185,34-28-19,1,0.00053763,major,deuteronomy,control_top200
pulse_count,3,186,28-19-3,1,0.00053763,major,deuteronomy,control_top200
pulse_count,3,187,19-3-21,1,0.00053763,major,deuteronomy,control_top200
pulse_count,3,188,3-21-10,1,0.00053763,major,deuteronomy,control_top200
pulse_count,3,189,21-10-12,1,0.00053763,major,deuteronomy,control_top200
pulse_count,3,190,10-12-17,1,0.00053763,major,deuteronomy,control_top200
pulse_count,3,191,12-17-25,1,0.00053763,major,deuteronomy,control_top200
pulse_count,3,192,17-25-9,1,0.00053763,major,deuteronomy,control_top200
pulse_count,3,193,25-9-19,1,0.00053763,major,deuteronomy,control_top200
pulse_count,3,194,9-19-10,1,0.00053763,major,deuteronomy,control_top200
pulse_count,3,195,19-10-19,1,0.00053763,major,deuteronomy,control_top200
pulse_count,3,196,10-19-14,1,0.00053763,major,deuteronomy,control_top200
pulse_count,3,197,19-14-25,1,0.00053763,major,deuteronomy,control_top200
pulse_count,3,198,14-25-14,1,0.00053763,major,deuteronomy,control_top200
pulse_count,3,199,25-14-17,1,0.00053763,major,deuteronomy,control_top200
pulse_count,3,200,14-17-33,1,0.00053763,major,deuteronomy,control_top200
pulse_count,4,1,10-5-26-16,2,0.00107585,major,deuteronomy,control_top200
pulse_count,4,2,14-12-7-12,2,0.00107585,major,deuteronomy,control_top200
pulse_count,4,3,6-15-6-8,2,0.00107585,major,deuteronomy,control_top200
pulse_count,4,4,13-15-35-12,2,0.00107585,major,deuteronomy,control_top200
pulse_count,4,5,6-8-6-9,2,0.00107585,major,deuteronomy,control_top200
pulse_count,4,6,8-6-9-6,2,0.00107585,major,deuteronomy,control_top200
pulse_count,4,7,20-26-12-5,1,0.00053792,major,deuteronomy,control_top200
pulse_count,4,8,26-12-5-18,1,0.00053792,major,deuteronomy,control_top200
pulse_count,4,9,12-5-18-23,1,0.00053792,major,deuteronomy,control_top200
pulse_count,4,10,5-18-23-21,1,0.00053792,major,deuteronomy,control_top200
pulse_count,4,11,18-23-21-16,1,0.00053792,major,deuteronomy,control_top200
pulse_count,4,12,23-21-16-8,1,0.00053792,major,deuteronomy,control_top200
pulse_count,4,13,21-16-8-12,1,0.00053792,major,deuteronomy,control_top200
pulse_count,4,14,16-8-12-17,1,0.00053792,major,deuteronomy,control_top200
pulse_count,4,15,8-12-17-9,1,0.00053792,major,deuteronomy,control_top200
pulse_count,4,16,12-17-9-35,1,0.00053792,major,deuteronomy,control_top200
pulse_count,4,17,17-9-35-20,1,0.00053792,major,deuteronomy,control_top200
pulse_count,4,18,9-35-20-10,1,0.00053792,major,deuteronomy,control_top200
pulse_count,4,19,35-20-10-41,1,0.00053792,major,deuteronomy,control_top200
pulse_count,4,20,20-10-41-10,1,0.00053792,major,deuteronomy,control_top200
pulse_count,4,21,10-41-10-9,1,0.00053792,major,deuteronomy,control_top200
pulse_count,4,22,41-10-9-11,1,0.00053792,major,deuteronomy,control_top200
pulse_count,4,23,10-9-11-15,1,0.00053792,major,deuteronomy,control_top200
pulse_count,4,24,9-11-15-21,1,0.00053792,major,deuteronomy,control_top200
pulse_count,4,25,11-15-21-11,1,0.00053792,major,deuteronomy,control_top200
pulse_count,4,26,15-21-11-7,1,0.00053792,major,deuteronomy,control_top200
pulse_count,4,27,21-11-7-11,1,0.00053792,major,deuteronomy,control_top200
pulse_count,4,28,11-7-11-20,1,0.00053792,major,deuteronomy,control_top200
pulse_count,4,29,7-11-20-7,1,0.00053792,major,deuteronomy,control_top200
pulse_count,4,30,11-20-7-5,1,0.00053792,major,deuteronomy,control_top200
pulse_count,4,31,20-7-5-15,1,0.00053792,major,deuteronomy,control_top200
pulse_count,4,32,7-5-15-25,1,0.00053792,major,deuteronomy,control_top200
pulse_count,4,33,5-15-25-29,1,0.00053792,major,deuteronomy,control_top200
pulse_count,4,34,15-25-29-13,1,0.00053792,major,deuteronomy,control_top200
pulse_count,4,35,25-29-13-22,1,0.00053792,major,deuteronomy,control_top200
pulse_count,4,36,29-13-22-32,1,0.00053792,major,deuteronomy,control_top200
pulse_count,4,37,13-22-32-19,1,0.00053792,major,deuteronomy,control_top200
pulse_count,4,38,22-32-19-8,1,0.00053792,major,deuteronomy,control_top200
pulse_count,4,39,32-19-8-9,1,0.00053792,major,deuteronomy,control_top200
pulse_count,4,40,19-8-9-47,1,0.00053792,major,deuteronomy,control_top200
pulse_count,4,41,8-9-47-8,1,0.00053792,major,deuteronomy,control_top200
pulse_count,4,42,9-47-8-5,1,0.00053792,major,deuteronomy,control_top200
pulse_count,4,43,47-8-5-20,1,0.00053792,major,deuteronomy,control_top200
pulse_count,4,44,8-5-20-17,1,0.00053792,major,deuteronomy,control_top200
pulse_count,4,45,5-20-17-24,1,0.00053792,major,deuteronomy,control_top200
pulse_count,4,46,20-17-24-32,1,0.00053792,major,deuteronomy,control_top200
pulse_count,4,47,17-24-32-28,1,0.00053792,major,deuteronomy,control_top200
pulse_count,4,48,24-32-28-8,1,0.00053792,major,deuteronomy,control_top200
pulse_count,4,49,32-28-8-17,1,0.00053792,major,deuteronomy,control_top200
pulse_count,4,50,28-8-17-17,1,0.00053792,major,deuteronomy,control_top200
pulse_count,4,51,8-17-17-5,1,0.00053792,major,deuteronomy,control_top200
pulse_count,4,52,17-17-5-17,1,0.00053792,major,deuteronomy,control_top200
pulse_count,4,53,17-5-17-30,1,0.00053792,major,deuteronomy,control_top200
pulse_count,4,54,5-17-30-7,1,0.00053792,major,deuteronomy,control_top200
pulse_count,4,55,17-30-7-12,1,0.00053792,major,deuteronomy,control_top200
pulse_count,4,56,30-7-12-29,1,0.00053792,major,deuteronomy,control_top200
pulse_count,4,57,7-12-29-15,1,0.00053792,major,deuteronomy,control_top200
pulse_count,4,58,12-29-15-41,1,0.00053792,major,deuteronomy,control_top200
pulse_count,4,59,29-15-41-10,1,0.00053792,major,deuteronomy,control_top200
pulse_count,4,60,15-41-10-5,1,0.00053792,major,deuteronomy,control_top200
pulse_count,4,61,41-10-5-9,1,0.00053792,major,deuteronomy,control_top200
pulse_count,4,62,10-5-9-19,1,0.00053792,major,deuteronomy,control_top200
pulse_count,4,63,5-9-19-15,1,0.00053792,major,deuteronomy,control_top200
pulse_count,4,64,9-19-15-28,1,0.00053792,major,deuteronomy,control_top200
pulse_count,4,65,19-15-28-19,1,0.00053792,major,deuteronomy,control_top200
pulse_count,4,66,15-28-19-6,1,0.00053792,major,deuteronomy,control_top200
pulse_count,4,67,28-19-6-11,1,0.00053792,major,deuteronomy,control_top200
pulse_count,4,68,19-6-11-20,1,0.00053792,major,deuteronomy,control_top200
pulse_count,4,69,6-11-20-20,1,0.00053792,major,deuteronomy,control_top200
pulse_count,4,70,11-20-20-11,1,0.00053792,major,deuteronomy,control_top200
pulse_count,4,71,20-20-11-9,1,0.00053792,major,deuteronomy,control_top200
pulse_count,4,72,20-11-9-15,1,0.00053792,major,deuteronomy,control_top200
pulse_count,4,73,11-9-15-17,1,0.00053792,major,deuteronomy,control_top200
pulse_count,4,74,9-15-17-29,1,0.00053792,major,deuteronomy,control_top200
pulse_count,4,75,15-17-29-11,1,0.00053792,major,deuteronomy,control_top200
pulse_count,4,76,17-29-11-13,1,0.00053792,major,deuteronomy,control_top200
pulse_count,4,77,29-11-13-7,1,0.00053792,major,deuteronomy,control_top200
pulse_count,4,78,11-13-7-16,1,0.00053792,major,deuteronomy,control_top200
pulse_count,4,79,13-7-16-14,1,0.00053792,major,deuteronomy,control_top200
pulse_count,4,80,7-16-14-32,1,0.00053792,major,deuteronomy,control_top200
pulse_count,4,81,16-14-32-11,1,0.00053792,major,deuteronomy,control_top200
pulse_count,4,82,14-32-11-6,1,0.00053792,major,deuteronomy,control_top200
pulse_count,4,83,32-11-6-10,1,0.00053792,major,deuteronomy,control_top200
pulse_count,4,84,11-6-10-38,1,0.00053792,major,deuteronomy,control_top200
pulse_count,4,85,6-10-38-21,1,0.00053792,major,deuteronomy,control_top200
pulse_count,4,86,10-38-21-29,1,0.00053792,major,deuteronomy,control_top200
pulse_count,4,87,38-21-29-11,1,0.00053792,major,deuteronomy,control_top200
pulse_count,4,88,21-29-11-11,1,0.00053792,major,deuteronomy,control_top200
pulse_count,4,89,29-11-11-18,1,0.00053792,major,deuteronomy,control_top200
pulse_count,4,90,11-11-18-30,1,0.00053792,major,deuteronomy,control_top200
pulse_count,4,91,11-18-30-10,1,0.00053792,major,deuteronomy,control_top200
pulse_count,4,92,18-30-10-12,1,0.00053792,major,deuteronomy,control_top200
pulse_count,4,93,30-10-12-18,1,0.00053792,major,deuteronomy,control_top200
pulse_count,4,94,10-12-18-10,1,0.00053792,major,deuteronomy,control_top200
pulse_count,4,95,12-18-10-8,1,0.00053792,major,deuteronomy,control_top200
pulse_count,4,96,18-10-8-23,1,0.00053792,major,deuteronomy,control_top200
pulse_count,4,97,10-8-23-10,1,0.00053792,major,deuteronomy,control_top200
pulse_count,4,98,8-23-10-10,1,0.00053792,major,deuteronomy,control_top200
pulse_count,4,99,23-10-10-9,1,0.00053792,major,deuteronomy,control_top200
pulse_count,4,100,10-10-9-7,1,0.00053792,major,deuteronomy,control_top200
pulse_count,4,101,10-9-7-25,1,0.00053792,major,deuteronomy,control_top200
pulse_count,4,102,9-7-25-10,1,0.00053792,major,deuteronomy,control_top200
pulse_count,4,103,7-25-10-19,1,0.00053792,major,deuteronomy,control_top200
pulse_count,4,104,25-10-19-12,1,0.00053792,major,deuteronomy,control_top200
pulse_count,4,105,10-19-12-13,1,0.00053792,major,deuteronomy,control_top200
pulse_count,4,106,19-12-13-15,1,0.00053792,major,deuteronomy,control_top200
pulse_count,4,107,12-13-15-32,1,0.00053792,major,deuteronomy,control_top200
pulse_count,4,108,13-15-32-20,1,0.00053792,major,deuteronomy,control_top200
pulse_count,4,109,15-32-20-30,1,0.00053792,major,deuteronomy,control_top200
pulse_count,4,110,32-20-30-11,1,0.00053792,major,deuteronomy,control_top200
pulse_count,4,111,20-30-11-21,1,0.00053792,major,deuteronomy,control_top200
pulse_count,4,112,30-11-21-23,1,0.00053792,major,deuteronomy,control_top200
pulse_count,4,113,11-21-23-8,1,0.00053792,major,deuteronomy,control_top200
pulse_count,4,114,21-23-8-10,1,0.00053792,major,deuteronomy,control_top200
pulse_count,4,115,23-8-10-10,1,0.00053792,major,deuteronomy,control_top200
pulse_count,4,116,8-10-10-10,1,0.00053792,major,deuteronomy,control_top200
pulse_count,4,117,10-10-10-31,1,0.00053792,major,deuteronomy,control_top200
pulse_count,4,118,10-10-31-21,1,0.00053792,major,deuteronomy,control_top200
pulse_count,4,119,10-31-21-13,1,0.00053792,major,deuteronomy,control_top200
pulse_count,4,120,31-21-13-8,1,0.00053792,major,deuteronomy,control_top200
pulse_count,4,121,21-13-8-34,1,0.00053792,major,deuteronomy,control_top200
pulse_count,4,122,13-8-34-28,1,0.00053792,major,deuteronomy,control_top200
pulse_count,4,123,8-34-28-19,1,0.00053792,major,deuteronomy,control_top200
pulse_count,4,124,34-28-19-3,1,0.00053792,major,deuteronomy,control_top200
pulse_count,4,125,28-19-3-21,1,0.00053792,major,deuteronomy,control_top200
pulse_count,4,126,19-3-21-10,1,0.00053792,major,deuteronomy,control_top200
pulse_count,4,127,3-21-10-12,1,0.00053792,major,deuteronomy,control_top200
pulse_count,4,128,21-10-12-17,1,0.00053792,major,deuteronomy,control_top200
pulse_count,4,129,10-12-17-25,1,0.00053792,major,deuteronomy,control_top200
pulse_count,4,130,12-17-25-9,1,0.00053792,major,deuteronomy,control_top200
pulse_count,4,131,17-25-9-19,1,0.00053792,major,deuteronomy,control_top200
pulse_count,4,132,25-9-19-10,1,0.00053792,major,deuteronomy,control_top200
pulse_count,4,133,9-19-10-19,1,0.00053792,major,deuteronomy,control_top200
pulse_count,4,134,19-10-19-14,1,0.00053792,major,deuteronomy,control_top200
pulse_count,4,135,10-19-14-25,1,0.00053792,major,deuteronomy,control_top200
pulse_count,4,136,19-14-25-14,1,0.00053792,major,deuteronomy,control_top200
pulse_count,4,137,14-25-14-17,1,0.00053792,major,deuteronomy,control_top200
pulse_count,4,138,25-14-17-33,1,0.00053792,major,deuteronomy,control_top200
pulse_count,4,139,14-17-33-8,1,0.00053792,major,deuteronomy,control_top200
pulse_count,4,140,17-33-8-26,1,0.00053792,major,deuteronomy,control_top200
pulse_count,4,141,33-8-26-17,1,0.00053792,major,deuteronomy,control_top200
pulse_count,4,142,8-26-17-18,1,0.00053792,major,deuteronomy,control_top200
pulse_count,4,143,26-17-18-6,1,0.00053792,major,deuteronomy,control_top200
pulse_count,4,144,17-18-6-14,1,0.00053792,major,deuteronomy,control_top200
pulse_count,4,145,18-6-14-8,1,0.00053792,major,deuteronomy,control_top200
pulse_count,4,146,6-14-8-25,1,0.00053792,major,deuteronomy,control_top200
pulse_count,4,147,14-8-25-7,1,0.00053792,major,deuteronomy,control_top200
pulse_count,4,148,8-25-7-24,1,0.00053792,major,deuteronomy,control_top200
pulse_count,4,149,25-7-24-25,1,0.00053792,major,deuteronomy,control_top200
pulse_count,4,150,7-24-25-15,1,0.00053792,major,deuteronomy,control_top200
pulse_count,4,151,24-25-15-30,1,0.00053792,major,deuteronomy,control_top200
pulse_count,4,152,25-15-30-24,1,0.00053792,major,deuteronomy,control_top200
pulse_count,4,153,15-30-24-9,1,0.00053792,major,deuteronomy,control_top200
pulse_count,4,154,30-24-9-21,1,0.00053792,major,deuteronomy,control_top200
pulse_count,4,155,24-9-21-15,1,0.00053792,major,deuteronomy,control_top200
pulse_count,4,156,9-21-15-9,1,0.00053792,major,deuteronomy,control_top200
pulse_count,4,157,21-15-9-26,1,0.00053792,major,deuteronomy,control_top200
pulse_count,4,158,15-9-26-6,1,0.00053792,major,deuteronomy,control_top200
pulse_count,4,159,9-26-6-10,1,0.00053792,major,deuteronomy,control_top200
pulse_count,4,160,26-6-10-10,1,0.00053792,major,deuteronomy,control_top200
pulse_count,4,161,6-10-10-34,1,0.00053792,major,deuteronomy,control_top200
pulse_count,4,162,10-10-34-16,1,0.00053792,major,deuteronomy,control_top200
pulse_count,4,163,10-34-16-12,1,0.00053792,major,deuteronomy,control_top200
pulse_count,4,164,34-16-12-23,1,0.00053792,major,deuteronomy,control_top200
pulse_count,4,165,16-12-23-10,1,0.00053792,major,deuteronomy,control_top200
pulse_count,4,166,12-23-10-25,1,0.00053792,major,deuteronomy,control_top200
pulse_count,4,167,23-10-25-29,1,0.00053792,major,deuteronomy,control_top200
pulse_count,4,168,10-25-29-24,1,0.00053792,major,deuteronomy,control_top200
pulse_count,4,169,25-29-24-26,1,0.00053792,major,deuteronomy,control_top200
pulse_count,4,170,29-24-26-12,1,0.00053792,major,deuteronomy,control_top200
pulse_count,4,171,24-26-12-23,1,0.00053792,major,deuteronomy,control_top200
pulse_count,4,172,26-12-23-15,1,0.00053792,major,deuteronomy,control_top200
pulse_count,4,173,12-23-15-20,1,0.00053792,major,deuteronomy,control_top200
pulse_count,4,174,23-15-20-10,1,0.00053792,major,deuteronomy,control_top200
pulse_count,4,175,15-20-10-18,1,0.00053792,major,deuteronomy,control_top200
pulse_count,4,176,20-10-18-13,1,0.00053792,major,deuteronomy,control_top200
pulse_count,4,177,10-18-13-16,1,0.00053792,major,deuteronomy,control_top200
pulse_count,4,178,18-13-16-25,1,0.00053792,major,deuteronomy,control_top200
pulse_count,4,179,13-16-25-9,1,0.00053792,major,deuteronomy,control_top200
pulse_count,4,180,16-25-9-10,1,0.00053792,major,deuteronomy,control_top200
pulse_count,4,181,25-9-10-9,1,0.00053792,major,deuteronomy,control_top200
pulse_count,4,182,9-10-9-21,1,0.00053792,major,deuteronomy,control_top200
pulse_count,4,183,10-9-21-9,1,0.00053792,major,deuteronomy,control_top200
pulse_count,4,184,9-21-9-33,1,0.00053792,major,deuteronomy,control_top200
pulse_count,4,185,21-9-33-15,1,0.00053792,major,deuteronomy,control_top200
pulse_count,4,186,9-33-15-11,1,0.00053792,major,deuteronomy,control_top200
pulse_count,4,187,33-15-11-29,1,0.00053792,major,deuteronomy,control_top200
pulse_count,4,188,15-11-29-26,1,0.00053792,major,deuteronomy,control_top200
pulse_count,4,189,11-29-26-19,1,0.00053792,major,deuteronomy,control_top200
pulse_count,4,190,29-26-19-24,1,0.00053792,major,deuteronomy,control_top200
pulse_count,4,191,26-19-24-20,1,0.00053792,major,deuteronomy,control_top200
pulse_count,4,192,19-24-20-11,1,0.00053792,major,deuteronomy,control_top200
pulse_count,4,193,24-20-11-28,1,0.00053792,major,deuteronomy,control_top200
pulse_count,4,194,20-11-28-12,1,0.00053792,major,deuteronomy,control_top200
pulse_count,4,195,11-28-12-11,1,0.00053792,major,deuteronomy,control_top200
pulse_count,4,196,28-12-11-23,1,0.00053792,major,deuteronomy,control_top200
pulse_count,4,197,12-11-23-9,1,0.00053792,major,deuteronomy,control_top200
pulse_count,4,198,11-23-9-38,1,0.00053792,major,deuteronomy,control_top200
pulse_count,4,199,23-9-38-20,1,0.00053792,major,deuteronomy,control_top200
pulse_count,4,200,9-38-20-12,1,0.00053792,major,deuteronomy,control_top200
pulse_count,5,1,6-8-6-9-6,2,0.00107643,major,deuteronomy,control_top200
pulse_count,5,2,20-26-12-5-18,1,0.00053821,major,deuteronomy,control_top200
pulse_count,5,3,26-12-5-18-23,1,0.00053821,major,deuteronomy,control_top200
pulse_count,5,4,12-5-18-23-21,1,0.00053821,major,deuteronomy,control_top200
pulse_count,5,5,5-18-23-21-16,1,0.00053821,major,deuteronomy,control_top200
pulse_count,5,6,18-23-21-16-8,1,0.00053821,major,deuteronomy,control_top200
pulse_count,5,7,23-21-16-8-12,1,0.00053821,major,deuteronomy,control_top200
pulse_count,5,8,21-16-8-12-17,1,0.00053821,major,deuteronomy,control_top200
pulse_count,5,9,16-8-12-17-9,1,0.00053821,major,deuteronomy,control_top200
pulse_count,5,10,8-12-17-9-35,1,0.00053821,major,deuteronomy,control_top200
pulse_count,5,11,12-17-9-35-20,1,0.00053821,major,deuteronomy,control_top200
pulse_count,5,12,17-9-35-20-10,1,0.00053821,major,deuteronomy,control_top200
pulse_count,5,13,9-35-20-10-41,1,0.00053821,major,deuteronomy,control_top200
pulse_count,5,14,35-20-10-41-10,1,0.00053821,major,deuteronomy,control_top200
pulse_count,5,15,20-10-41-10-9,1,0.00053821,major,deuteronomy,control_top200
pulse_count,5,16,10-41-10-9-11,1,0.00053821,major,deuteronomy,control_top200
pulse_count,5,17,41-10-9-11-15,1,0.00053821,major,deuteronomy,control_top200
pulse_count,5,18,10-9-11-15-21,1,0.00053821,major,deuteronomy,control_top200
pulse_count,5,19,9-11-15-21-11,1,0.00053821,major,deuteronomy,control_top200
pulse_count,5,20,11-15-21-11-7,1,0.00053821,major,deuteronomy,control_top200
pulse_count,5,21,15-21-11-7-11,1,0.00053821,major,deuteronomy,control_top200
pulse_count,5,22,21-11-7-11-20,1,0.00053821,major,deuteronomy,control_top200
pulse_count,5,23,11-7-11-20-7,1,0.00053821,major,deuteronomy,control_top200
pulse_count,5,24,7-11-20-7-5,1,0.00053821,major,deuteronomy,control_top200
pulse_count,5,25,11-20-7-5-15,1,0.00053821,major,deuteronomy,control_top200
pulse_count,5,26,20-7-5-15-25,1,0.00053821,major,deuteronomy,control_top200
pulse_count,5,27,7-5-15-25-29,1,0.00053821,major,deuteronomy,control_top200
pulse_count,5,28,5-15-25-29-13,1,0.00053821,major,deuteronomy,control_top200
pulse_count,5,29,15-25-29-13-22,1,0.00053821,major,deuteronomy,control_top200
pulse_count,5,30,25-29-13-22-32,1,0.00053821,major,deuteronomy,control_top200
pulse_count,5,31,29-13-22-32-19,1,0.00053821,major,deuteronomy,control_top200
pulse_count,5,32,13-22-32-19-8,1,0.00053821,major,deuteronomy,control_top200
pulse_count,5,33,22-32-19-8-9,1,0.00053821,major,deuteronomy,control_top200
pulse_count,5,34,32-19-8-9-47,1,0.00053821,major,deuteronomy,control_top200
pulse_count,5,35,19-8-9-47-8,1,0.00053821,major,deuteronomy,control_top200
pulse_count,5,36,8-9-47-8-5,1,0.00053821,major,deuteronomy,control_top200
pulse_count,5,37,9-47-8-5-20,1,0.00053821,major,deuteronomy,control_top200
pulse_count,5,38,47-8-5-20-17,1,0.00053821,major,deuteronomy,control_top200
pulse_count,5,39,8-5-20-17-24,1,0.00053821,major,deuteronomy,control_top200
pulse_count,5,40,5-20-17-24-32,1,0.00053821,major,deuteronomy,control_top200
pulse_count,5,41,20-17-24-32-28,1,0.00053821,major,deuteronomy,control_top200
pulse_count,5,42,17-24-32-28-8,1,0.00053821,major,deuteronomy,control_top200
pulse_count,5,43,24-32-28-8-17,1,0.00053821,major,deuteronomy,control_top200
pulse_count,5,44,32-28-8-17-17,1,0.00053821,major,deuteronomy,control_top200
pulse_count,5,45,28-8-17-17-5,1,0.00053821,major,deuteronomy,control_top200
pulse_count,5,46,8-17-17-5-17,1,0.00053821,major,deuteronomy,control_top200
pulse_count,5,47,17-17-5-17-30,1,0.00053821,major,deuteronomy,control_top200
pulse_count,5,48,17-5-17-30-7,1,0.00053821,major,deuteronomy,control_top200
pulse_count,5,49,5-17-30-7-12,1,0.00053821,major,deuteronomy,control_top200
pulse_count,5,50,17-30-7-12-29,1,0.00053821,major,deuteronomy,control_top200
pulse_count,5,51,30-7-12-29-15,1,0.00053821,major,deuteronomy,control_top200
pulse_count,5,52,7-12-29-15-41,1,0.00053821,major,deuteronomy,control_top200
pulse_count,5,53,12-29-15-41-10,1,0.00053821,major,deuteronomy,control_top200
pulse_count,5,54,29-15-41-10-5,1,0.00053821,major,deuteronomy,control_top200
pulse_count,5,55,15-41-10-5-9,1,0.00053821,major,deuteronomy,control_top200
pulse_count,5,56,41-10-5-9-19,1,0.00053821,major,deuteronomy,control_top200
pulse_count,5,57,10-5-9-19-15,1,0.00053821,major,deuteronomy,control_top200
pulse_count,5,58,5-9-19-15-28,1,0.00053821,major,deuteronomy,control_top200
pulse_count,5,59,9-19-15-28-19,1,0.00053821,major,deuteronomy,control_top200
pulse_count,5,60,19-15-28-19-6,1,0.00053821,major,deuteronomy,control_top200
pulse_count,5,61,15-28-19-6-11,1,0.00053821,major,deuteronomy,control_top200
pulse_count,5,62,28-19-6-11-20,1,0.00053821,major,deuteronomy,control_top200
pulse_count,5,63,19-6-11-20-20,1,0.00053821,major,deuteronomy,control_top200
pulse_count,5,64,6-11-20-20-11,1,0.00053821,major,deuteronomy,control_top200
pulse_count,5,65,11-20-20-11-9,1,0.00053821,major,deuteronomy,control_top200
pulse_count,5,66,20-20-11-9-15,1,0.00053821,major,deuteronomy,control_top200
pulse_count,5,67,20-11-9-15-17,1,0.00053821,major,deuteronomy,control_top200
pulse_count,5,68,11-9-15-17-29,1,0.00053821,major,deuteronomy,control_top200
pulse_count,5,69,9-15-17-29-11,1,0.00053821,major,deuteronomy,control_top200
pulse_count,5,70,15-17-29-11-13,1,0.00053821,major,deuteronomy,control_top200
pulse_count,5,71,17-29-11-13-7,1,0.00053821,major,deuteronomy,control_top200
pulse_count,5,72,29-11-13-7-16,1,0.00053821,major,deuteronomy,control_top200
pulse_count,5,73,11-13-7-16-14,1,0.00053821,major,deuteronomy,control_top200
pulse_count,5,74,13-7-16-14-32,1,0.00053821,major,deuteronomy,control_top200
pulse_count,5,75,7-16-14-32-11,1,0.00053821,major,deuteronomy,control_top200
pulse_count,5,76,16-14-32-11-6,1,0.00053821,major,deuteronomy,control_top200
pulse_count,5,77,14-32-11-6-10,1,0.00053821,major,deuteronomy,control_top200
pulse_count,5,78,32-11-6-10-38,1,0.00053821,major,deuteronomy,control_top200
pulse_count,5,79,11-6-10-38-21,1,0.00053821,major,deuteronomy,control_top200
pulse_count,5,80,6-10-38-21-29,1,0.00053821,major,deuteronomy,control_top200
pulse_count,5,81,10-38-21-29-11,1,0.00053821,major,deuteronomy,control_top200
pulse_count,5,82,38-21-29-11-11,1,0.00053821,major,deuteronomy,control_top200
pulse_count,5,83,21-29-11-11-18,1,0.00053821,major,deuteronomy,control_top200
pulse_count,5,84,29-11-11-18-30,1,0.00053821,major,deuteronomy,control_top200
pulse_count,5,85,11-11-18-30-10,1,0.00053821,major,deuteronomy,control_top200
pulse_count,5,86,11-18-30-10-12,1,0.00053821,major,deuteronomy,control_top200
pulse_count,5,87,18-30-10-12-18,1,0.00053821,major,deuteronomy,control_top200
pulse_count,5,88,30-10-12-18-10,1,0.00053821,major,deuteronomy,control_top200
pulse_count,5,89,10-12-18-10-8,1,0.00053821,major,deuteronomy,control_top200
pulse_count,5,90,12-18-10-8-23,1,0.00053821,major,deuteronomy,control_top200
pulse_count,5,91,18-10-8-23-10,1,0.00053821,major,deuteronomy,control_top200
pulse_count,5,92,10-8-23-10-10,1,0.00053821,major,deuteronomy,control_top200
pulse_count,5,93,8-23-10-10-9,1,0.00053821,major,deuteronomy,control_top200
pulse_count,5,94,23-10-10-9-7,1,0.00053821,major,deuteronomy,control_top200
pulse_count,5,95,10-10-9-7-25,1,0.00053821,major,deuteronomy,control_top200
pulse_count,5,96,10-9-7-25-10,1,0.00053821,major,deuteronomy,control_top200
pulse_count,5,97,9-7-25-10-19,1,0.00053821,major,deuteronomy,control_top200
pulse_count,5,98,7-25-10-19-12,1,0.00053821,major,deuteronomy,control_top200
pulse_count,5,99,25-10-19-12-13,1,0.00053821,major,deuteronomy,control_top200
pulse_count,5,100,10-19-12-13-15,1,0.00053821,major,deuteronomy,control_top200
pulse_count,5,101,19-12-13-15-32,1,0.00053821,major,deuteronomy,control_top200
pulse_count,5,102,12-13-15-32-20,1,0.00053821,major,deuteronomy,control_top200
pulse_count,5,103,13-15-32-20-30,1,0.00053821,major,deuteronomy,control_top200
pulse_count,5,104,15-32-20-30-11,1,0.00053821,major,deuteronomy,control_top200
pulse_count,5,105,32-20-30-11-21,1,0.00053821,major,deuteronomy,control_top200
pulse_count,5,106,20-30-11-21-23,1,0.00053821,major,deuteronomy,control_top200
pulse_count,5,107,30-11-21-23-8,1,0.00053821,major,deuteronomy,control_top200
pulse_count,5,108,11-21-23-8-10,1,0.00053821,major,deuteronomy,control_top200
pulse_count,5,109,21-23-8-10-10,1,0.00053821,major,deuteronomy,control_top200
pulse_count,5,110,23-8-10-10-10,1,0.00053821,major,deuteronomy,control_top200
pulse_count,5,111,8-10-10-10-31,1,0.00053821,major,deuteronomy,control_top200
pulse_count,5,112,10-10-10-31-21,1,0.00053821,major,deuteronomy,control_top200
pulse_count,5,113,10-10-31-21-13,1,0.00053821,major,deuteronomy,control_top200
pulse_count,5,114,10-31-21-13-8,1,0.00053821,major,deuteronomy,control_top200
pulse_count,5,115,31-21-13-8-34,1,0.00053821,major,deuteronomy,control_top200
pulse_count,5,116,21-13-8-34-28,1,0.00053821,major,deuteronomy,control_top200
pulse_count,5,117,13-8-34-28-19,1,0.00053821,major,deuteronomy,control_top200
pulse_count,5,118,8-34-28-19-3,1,0.00053821,major,deuteronomy,control_top200
pulse_count,5,119,34-28-19-3-21,1,0.00053821,major,deuteronomy,control_top200
pulse_count,5,120,28-19-3-21-10,1,0.00053821,major,deuteronomy,control_top200
pulse_count,5,121,19-3-21-10-12,1,0.00053821,major,deuteronomy,control_top200
pulse_count,5,122,3-21-10-12-17,1,0.00053821,major,deuteronomy,control_top200
pulse_count,5,123,21-10-12-17-25,1,0.00053821,major,deuteronomy,control_top200
pulse_count,5,124,10-12-17-25-9,1,0.00053821,major,deuteronomy,control_top200
pulse_count,5,125,12-17-25-9-19,1,0.00053821,major,deuteronomy,control_top200
pulse_count,5,126,17-25-9-19-10,1,0.00053821,major,deuteronomy,control_top200
pulse_count,5,127,25-9-19-10-19,1,0.00053821,major,deuteronomy,control_top200
pulse_count,5,128,9-19-10-19-14,1,0.00053821,major,deuteronomy,control_top200
pulse_count,5,129,19-10-19-14-25,1,0.00053821,major,deuteronomy,control_top200
pulse_count,5,130,10-19-14-25-14,1,0.00053821,major,deuteronomy,control_top200
pulse_count,5,131,19-14-25-14-17,1,0.00053821,major,deuteronomy,control_top200
pulse_count,5,132,14-25-14-17-33,1,0.00053821,major,deuteronomy,control_top200
pulse_count,5,133,25-14-17-33-8,1,0.00053821,major,deuteronomy,control_top200
pulse_count,5,134,14-17-33-8-26,1,0.00053821,major,deuteronomy,control_top200
pulse_count,5,135,17-33-8-26-17,1,0.00053821,major,deuteronomy,control_top200
pulse_count,5,136,33-8-26-17-18,1,0.00053821,major,deuteronomy,control_top200
pulse_count,5,137,8-26-17-18-6,1,0.00053821,major,deuteronomy,control_top200
pulse_count,5,138,26-17-18-6-14,1,0.00053821,major,deuteronomy,control_top200
pulse_count,5,139,17-18-6-14-8,1,0.00053821,major,deuteronomy,control_top200
pulse_count,5,140,18-6-14-8-25,1,0.00053821,major,deuteronomy,control_top200
pulse_count,5,141,6-14-8-25-7,1,0.00053821,major,deuteronomy,control_top200
pulse_count,5,142,14-8-25-7-24,1,0.00053821,major,deuteronomy,control_top200
pulse_count,5,143,8-25-7-24-25,1,0.00053821,major,deuteronomy,control_top200
pulse_count,5,144,25-7-24-25-15,1,0.00053821,major,deuteronomy,control_top200
pulse_count,5,145,7-24-25-15-30,1,0.00053821,major,deuteronomy,control_top200
pulse_count,5,146,24-25-15-30-24,1,0.00053821,major,deuteronomy,control_top200
pulse_count,5,147,25-15-30-24-9,1,0.00053821,major,deuteronomy,control_top200
pulse_count,5,148,15-30-24-9-21,1,0.00053821,major,deuteronomy,control_top200
pulse_count,5,149,30-24-9-21-15,1,0.00053821,major,deuteronomy,control_top200
pulse_count,5,150,24-9-21-15-9,1,0.00053821,major,deuteronomy,control_top200
pulse_count,5,151,9-21-15-9-26,1,0.00053821,major,deuteronomy,control_top200
pulse_count,5,152,21-15-9-26-6,1,0.00053821,major,deuteronomy,control_top200
pulse_count,5,153,15-9-26-6-10,1,0.00053821,major,deuteronomy,control_top200
pulse_count,5,154,9-26-6-10-10,1,0.00053821,major,deuteronomy,control_top200
pulse_count,5,155,26-6-10-10-34,1,0.00053821,major,deuteronomy,control_top200
pulse_count,5,156,6-10-10-34-16,1,0.00053821,major,deuteronomy,control_top200
pulse_count,5,157,10-10-34-16-12,1,0.00053821,major,deuteronomy,control_top200
pulse_count,5,158,10-34-16-12-23,1,0.00053821,major,deuteronomy,control_top200
pulse_count,5,159,34-16-12-23-10,1,0.00053821,major,deuteronomy,control_top200
pulse_count,5,160,16-12-23-10-25,1,0.00053821,major,deuteronomy,control_top200
pulse_count,5,161,12-23-10-25-29,1,0.00053821,major,deuteronomy,control_top200
pulse_count,5,162,23-10-25-29-24,1,0.00053821,major,deuteronomy,control_top200
pulse_count,5,163,10-25-29-24-26,1,0.00053821,major,deuteronomy,control_top200
pulse_count,5,164,25-29-24-26-12,1,0.00053821,major,deuteronomy,control_top200
pulse_count,5,165,29-24-26-12-23,1,0.00053821,major,deuteronomy,control_top200
pulse_count,5,166,24-26-12-23-15,1,0.00053821,major,deuteronomy,control_top200
pulse_count,5,167,26-12-23-15-20,1,0.00053821,major,deuteronomy,control_top200
pulse_count,5,168,12-23-15-20-10,1,0.00053821,major,deuteronomy,control_top200
pulse_count,5,169,23-15-20-10-18,1,0.00053821,major,deuteronomy,control_top200
pulse_count,5,170,15-20-10-18-13,1,0.00053821,major,deuteronomy,control_top200
pulse_count,5,171,20-10-18-13-16,1,0.00053821,major,deuteronomy,control_top200
pulse_count,5,172,10-18-13-16-25,1,0.00053821,major,deuteronomy,control_top200
pulse_count,5,173,18-13-16-25-9,1,0.00053821,major,deuteronomy,control_top200
pulse_count,5,174,13-16-25-9-10,1,0.00053821,major,deuteronomy,control_top200
pulse_count,5,175,16-25-9-10-9,1,0.00053821,major,deuteronomy,control_top200
pulse_count,5,176,25-9-10-9-21,1,0.00053821,major,deuteronomy,control_top200
pulse_count,5,177,9-10-9-21-9,1,0.00053821,major,deuteronomy,control_top200
pulse_count,5,178,10-9-21-9-33,1,0.00053821,major,deuteronomy,control_top200
pulse_count,5,179,9-21-9-33-15,1,0.00053821,major,deuteronomy,control_top200
pulse_count,5,180,21-9-33-15-11,1,0.00053821,major,deuteronomy,control_top200
pulse_count,5,181,9-33-15-11-29,1,0.00053821,major,deuteronomy,control_top200
pulse_count,5,182,33-15-11-29-26,1,0.00053821,major,deuteronomy,control_top200
pulse_count,5,183,15-11-29-26-19,1,0.00053821,major,deuteronomy,control_top200
pulse_count,5,184,11-29-26-19-24,1,0.00053821,major,deuteronomy,control_top200
pulse_count,5,185,29-26-19-24-20,1,0.00053821,major,deuteronomy,control_top200
pulse_count,5,186,26-19-24-20-11,1,0.00053821,major,deuteronomy,control_top200
pulse_count,5,187,19-24-20-11-28,1,0.00053821,major,deuteronomy,control_top200
pulse_count,5,188,24-20-11-28-12,1,0.00053821,major,deuteronomy,control_top200
pulse_count,5,189,20-11-28-12-11,1,0.00053821,major,deuteronomy,control_top200
pulse_count,5,190,11-28-12-11-23,1,0.00053821,major,deuteronomy,control_top200
pulse_count,5,191,28-12-11-23-9,1,0.00053821,major,deuteronomy,control_top200
pulse_count,5,192,12-11-23-9-38,1,0.00053821,major,deuteronomy,control_top200
pulse_count,5,193,11-23-9-38-20,1,0.00053821,major,deuteronomy,control_top200
pulse_count,5,194,23-9-38-20-12,1,0.00053821,major,deuteronomy,control_top200
pulse_count,5,195,9-38-20-12-39,1,0.00053821,major,deuteronomy,control_top200
pulse_count,5,196,38-20-12-39-15,1,0.00053821,major,deuteronomy,control_top200
pulse_count,5,197,20-12-39-15-12,1,0.00053821,major,deuteronomy,control_top200
pulse_count,5,198,12-39-15-12-45,1,0.00053821,major,deuteronomy,control_top200
pulse_count,5,199,39-15-12-45-3,1,0.00053821,major,deuteronomy,control_top200
pulse_count,5,200,15-12-45-3-15,1,0.00053821,major,deuteronomy,control_top200
pulse_count,6,1,20-26-12-5-18-23,1,0.0005385,major,deuteronomy,control_top200
pulse_count,6,2,26-12-5-18-23-21,1,0.0005385,major,deuteronomy,control_top200
pulse_count,6,3,12-5-18-23-21-16,1,0.0005385,major,deuteronomy,control_top200
pulse_count,6,4,5-18-23-21-16-8,1,0.0005385,major,deuteronomy,control_top200
pulse_count,6,5,18-23-21-16-8-12,1,0.0005385,major,deuteronomy,control_top200
pulse_count,6,6,23-21-16-8-12-17,1,0.0005385,major,deuteronomy,control_top200
pulse_count,6,7,21-16-8-12-17-9,1,0.0005385,major,deuteronomy,control_top200
pulse_count,6,8,16-8-12-17-9-35,1,0.0005385,major,deuteronomy,control_top200
pulse_count,6,9,8-12-17-9-35-20,1,0.0005385,major,deuteronomy,control_top200
pulse_count,6,10,12-17-9-35-20-10,1,0.0005385,major,deuteronomy,control_top200
pulse_count,6,11,17-9-35-20-10-41,1,0.0005385,major,deuteronomy,control_top200
pulse_count,6,12,9-35-20-10-41-10,1,0.0005385,major,deuteronomy,control_top200
pulse_count,6,13,35-20-10-41-10-9,1,0.0005385,major,deuteronomy,control_top200
pulse_count,6,14,20-10-41-10-9-11,1,0.0005385,major,deuteronomy,control_top200
pulse_count,6,15,10-41-10-9-11-15,1,0.0005385,major,deuteronomy,control_top200
pulse_count,6,16,41-10-9-11-15-21,1,0.0005385,major,deuteronomy,control_top200
pulse_count,6,17,10-9-11-15-21-11,1,0.0005385,major,deuteronomy,control_top200
pulse_count,6,18,9-11-15-21-11-7,1,0.0005385,major,deuteronomy,control_top200
pulse_count,6,19,11-15-21-11-7-11,1,0.0005385,major,deuteronomy,control_top200
pulse_count,6,20,15-21-11-7-11-20,1,0.0005385,major,deuteronomy,control_top200
pulse_count,6,21,21-11-7-11-20-7,1,0.0005385,major,deuteronomy,control_top200
pulse_count,6,22,11-7-11-20-7-5,1,0.0005385,major,deuteronomy,control_top200
pulse_count,6,23,7-11-20-7-5-15,1,0.0005385,major,deuteronomy,control_top200
pulse_count,6,24,11-20-7-5-15-25,1,0.0005385,major,deuteronomy,control_top200
pulse_count,6,25,20-7-5-15-25-29,1,0.0005385,major,deuteronomy,control_top200
pulse_count,6,26,7-5-15-25-29-13,1,0.0005385,major,deuteronomy,control_top200
pulse_count,6,27,5-15-25-29-13-22,1,0.0005385,major,deuteronomy,control_top200
pulse_count,6,28,15-25-29-13-22-32,1,0.0005385,major,deuteronomy,control_top200
pulse_count,6,29,25-29-13-22-32-19,1,0.0005385,major,deuteronomy,control_top200
pulse_count,6,30,29-13-22-32-19-8,1,0.0005385,major,deuteronomy,control_top200
pulse_count,6,31,13-22-32-19-8-9,1,0.0005385,major,deuteronomy,control_top200
pulse_count,6,32,22-32-19-8-9-47,1,0.0005385,major,deuteronomy,control_top200
pulse_count,6,33,32-19-8-9-47-8,1,0.0005385,major,deuteronomy,control_top200
pulse_count,6,34,19-8-9-47-8-5,1,0.0005385,major,deuteronomy,control_top200
pulse_count,6,35,8-9-47-8-5-20,1,0.0005385,major,deuteronomy,control_top200
pulse_count,6,36,9-47-8-5-20-17,1,0.0005385,major,deuteronomy,control_top200
pulse_count,6,37,47-8-5-20-17-24,1,0.0005385,major,deuteronomy,control_top200
pulse_count,6,38,8-5-20-17-24-32,1,0.0005385,major,deuteronomy,control_top200
pulse_count,6,39,5-20-17-24-32-28,1,0.0005385,major,deuteronomy,control_top200
pulse_count,6,40,20-17-24-32-28-8,1,0.0005385,major,deuteronomy,control_top200
pulse_count,6,41,17-24-32-28-8-17,1,0.0005385,major,deuteronomy,control_top200
pulse_count,6,42,24-32-28-8-17-17,1,0.0005385,major,deuteronomy,control_top200
pulse_count,6,43,32-28-8-17-17-5,1,0.0005385,major,deuteronomy,control_top200
pulse_count,6,44,28-8-17-17-5-17,1,0.0005385,major,deuteronomy,control_top200
pulse_count,6,45,8-17-17-5-17-30,1,0.0005385,major,deuteronomy,control_top200
pulse_count,6,46,17-17-5-17-30-7,1,0.0005385,major,deuteronomy,control_top200
pulse_count,6,47,17-5-17-30-7-12,1,0.0005385,major,deuteronomy,control_top200
pulse_count,6,48,5-17-30-7-12-29,1,0.0005385,major,deuteronomy,control_top200
pulse_count,6,49,17-30-7-12-29-15,1,0.0005385,major,deuteronomy,control_top200
pulse_count,6,50,30-7-12-29-15-41,1,0.0005385,major,deuteronomy,control_top200
pulse_count,6,51,7-12-29-15-41-10,1,0.0005385,major,deuteronomy,control_top200
pulse_count,6,52,12-29-15-41-10-5,1,0.0005385,major,deuteronomy,control_top200
pulse_count,6,53,29-15-41-10-5-9,1,0.0005385,major,deuteronomy,control_top200
pulse_count,6,54,15-41-10-5-9-19,1,0.0005385,major,deuteronomy,control_top200
pulse_count,6,55,41-10-5-9-19-15,1,0.0005385,major,deuteronomy,control_top200
pulse_count,6,56,10-5-9-19-15-28,1,0.0005385,major,deuteronomy,control_top200
pulse_count,6,57,5-9-19-15-28-19,1,0.0005385,major,deuteronomy,control_top200
pulse_count,6,58,9-19-15-28-19-6,1,0.0005385,major,deuteronomy,control_top200
pulse_count,6,59,19-15-28-19-6-11,1,0.0005385,major,deuteronomy,control_top200
pulse_count,6,60,15-28-19-6-11-20,1,0.0005385,major,deuteronomy,control_top200
pulse_count,6,61,28-19-6-11-20-20,1,0.0005385,major,deuteronomy,control_top200
pulse_count,6,62,19-6-11-20-20-11,1,0.0005385,major,deuteronomy,control_top200
pulse_count,6,63,6-11-20-20-11-9,1,0.0005385,major,deuteronomy,control_top200
pulse_count,6,64,11-20-20-11-9-15,1,0.0005385,major,deuteronomy,control_top200
pulse_count,6,65,20-20-11-9-15-17,1,0.0005385,major,deuteronomy,control_top200
pulse_count,6,66,20-11-9-15-17-29,1,0.0005385,major,deuteronomy,control_top200
pulse_count,6,67,11-9-15-17-29-11,1,0.0005385,major,deuteronomy,control_top200
pulse_count,6,68,9-15-17-29-11-13,1,0.0005385,major,deuteronomy,control_top200
pulse_count,6,69,15-17-29-11-13-7,1,0.0005385,major,deuteronomy,control_top200
pulse_count,6,70,17-29-11-13-7-16,1,0.0005385,major,deuteronomy,control_top200
pulse_count,6,71,29-11-13-7-16-14,1,0.0005385,major,deuteronomy,control_top200
pulse_count,6,72,11-13-7-16-14-32,1,0.0005385,major,deuteronomy,control_top200
pulse_count,6,73,13-7-16-14-32-11,1,0.0005385,major,deuteronomy,control_top200
pulse_count,6,74,7-16-14-32-11-6,1,0.0005385,major,deuteronomy,control_top200
pulse_count,6,75,16-14-32-11-6-10,1,0.0005385,major,deuteronomy,control_top200
pulse_count,6,76,14-32-11-6-10-38,1,0.0005385,major,deuteronomy,control_top200
pulse_count,6,77,32-11-6-10-38-21,1,0.0005385,major,deuteronomy,control_top200
pulse_count,6,78,11-6-10-38-21-29,1,0.0005385,major,deuteronomy,control_top200
pulse_count,6,79,6-10-38-21-29-11,1,0.0005385,major,deuteronomy,control_top200
pulse_count,6,80,10-38-21-29-11-11,1,0.0005385,major,deuteronomy,control_top200
pulse_count,6,81,38-21-29-11-11-18,1,0.0005385,major,deuteronomy,control_top200
pulse_count,6,82,21-29-11-11-18-30,1,0.0005385,major,deuteronomy,control_top200
pulse_count,6,83,29-11-11-18-30-10,1,0.0005385,major,deuteronomy,control_top200
pulse_count,6,84,11-11-18-30-10-12,1,0.0005385,major,deuteronomy,control_top200
pulse_count,6,85,11-18-30-10-12-18,1,0.0005385,major,deuteronomy,control_top200
pulse_count,6,86,18-30-10-12-18-10,1,0.0005385,major,deuteronomy,control_top200
pulse_count,6,87,30-10-12-18-10-8,1,0.0005385,major,deuteronomy,control_top200
pulse_count,6,88,10-12-18-10-8-23,1,0.0005385,major,deuteronomy,control_top200
pulse_count,6,89,12-18-10-8-23-10,1,0.0005385,major,deuteronomy,control_top200
pulse_count,6,90,18-10-8-23-10-10,1,0.0005385,major,deuteronomy,control_top200
pulse_count,6,91,10-8-23-10-10-9,1,0.0005385,major,deuteronomy,control_top200
pulse_count,6,92,8-23-10-10-9-7,1,0.0005385,major,deuteronomy,control_top200
pulse_count,6,93,23-10-10-9-7-25,1,0.0005385,major,deuteronomy,control_top200
pulse_count,6,94,10-10-9-7-25-10,1,0.0005385,major,deuteronomy,control_top200
pulse_count,6,95,10-9-7-25-10-19,1,0.0005385,major,deuteronomy,control_top200
pulse_count,6,96,9-7-25-10-19-12,1,0.0005385,major,deuteronomy,control_top200
pulse_count,6,97,7-25-10-19-12-13,1,0.0005385,major,deuteronomy,control_top200
pulse_count,6,98,25-10-19-12-13-15,1,0.0005385,major,deuteronomy,control_top200
pulse_count,6,99,10-19-12-13-15-32,1,0.0005385,major,deuteronomy,control_top200
pulse_count,6,100,19-12-13-15-32-20,1,0.0005385,major,deuteronomy,control_top200
pulse_count,6,101,12-13-15-32-20-30,1,0.0005385,major,deuteronomy,control_top200
pulse_count,6,102,13-15-32-20-30-11,1,0.0005385,major,deuteronomy,control_top200
pulse_count,6,103,15-32-20-30-11-21,1,0.0005385,major,deuteronomy,control_top200
pulse_count,6,104,32-20-30-11-21-23,1,0.0005385,major,deuteronomy,control_top200
pulse_count,6,105,20-30-11-21-23-8,1,0.0005385,major,deuteronomy,control_top200
pulse_count,6,106,30-11-21-23-8-10,1,0.0005385,major,deuteronomy,control_top200
pulse_count,6,107,11-21-23-8-10-10,1,0.0005385,major,deuteronomy,control_top200
pulse_count,6,108,21-23-8-10-10-10,1,0.0005385,major,deuteronomy,control_top200
pulse_count,6,109,23-8-10-10-10-31,1,0.0005385,major,deuteronomy,control_top200
pulse_count,6,110,8-10-10-10-31-21,1,0.0005385,major,deuteronomy,control_top200
pulse_count,6,111,10-10-10-31-21-13,1,0.0005385,major,deuteronomy,control_top200
pulse_count,6,112,10-10-31-21-13-8,1,0.0005385,major,deuteronomy,control_top200
pulse_count,6,113,10-31-21-13-8-34,1,0.0005385,major,deuteronomy,control_top200
pulse_count,6,114,31-21-13-8-34-28,1,0.0005385,major,deuteronomy,control_top200
pulse_count,6,115,21-13-8-34-28-19,1,0.0005385,major,deuteronomy,control_top200
pulse_count,6,116,13-8-34-28-19-3,1,0.0005385,major,deuteronomy,control_top200
pulse_count,6,117,8-34-28-19-3-21,1,0.0005385,major,deuteronomy,control_top200
pulse_count,6,118,34-28-19-3-21-10,1,0.0005385,major,deuteronomy,control_top200
pulse_count,6,119,28-19-3-21-10-12,1,0.0005385,major,deuteronomy,control_top200
pulse_count,6,120,19-3-21-10-12-17,1,0.0005385,major,deuteronomy,control_top200
pulse_count,6,121,3-21-10-12-17-25,1,0.0005385,major,deuteronomy,control_top200
pulse_count,6,122,21-10-12-17-25-9,1,0.0005385,major,deuteronomy,control_top200
pulse_count,6,123,10-12-17-25-9-19,1,0.0005385,major,deuteronomy,control_top200
pulse_count,6,124,12-17-25-9-19-10,1,0.0005385,major,deuteronomy,control_top200
pulse_count,6,125,17-25-9-19-10-19,1,0.0005385,major,deuteronomy,control_top200
pulse_count,6,126,25-9-19-10-19-14,1,0.0005385,major,deuteronomy,control_top200
pulse_count,6,127,9-19-10-19-14-25,1,0.0005385,major,deuteronomy,control_top200
pulse_count,6,128,19-10-19-14-25-14,1,0.0005385,major,deuteronomy,control_top200
pulse_count,6,129,10-19-14-25-14-17,1,0.0005385,major,deuteronomy,control_top200
pulse_count,6,130,19-14-25-14-17-33,1,0.0005385,major,deuteronomy,control_top200
pulse_count,6,131,14-25-14-17-33-8,1,0.0005385,major,deuteronomy,control_top200
pulse_count,6,132,25-14-17-33-8-26,1,0.0005385,major,deuteronomy,control_top200
pulse_count,6,133,14-17-33-8-26-17,1,0.0005385,major,deuteronomy,control_top200
pulse_count,6,134,17-33-8-26-17-18,1,0.0005385,major,deuteronomy,control_top200
pulse_count,6,135,33-8-26-17-18-6,1,0.0005385,major,deuteronomy,control_top200
pulse_count,6,136,8-26-17-18-6-14,1,0.0005385,major,deuteronomy,control_top200
pulse_count,6,137,26-17-18-6-14-8,1,0.0005385,major,deuteronomy,control_top200
pulse_count,6,138,17-18-6-14-8-25,1,0.0005385,major,deuteronomy,control_top200
pulse_count,6,139,18-6-14-8-25-7,1,0.0005385,major,deuteronomy,control_top200
pulse_count,6,140,6-14-8-25-7-24,1,0.0005385,major,deuteronomy,control_top200
pulse_count,6,141,14-8-25-7-24-25,1,0.0005385,major,deuteronomy,control_top200
pulse_count,6,142,8-25-7-24-25-15,1,0.0005385,major,deuteronomy,control_top200
pulse_count,6,143,25-7-24-25-15-30,1,0.0005385,major,deuteronomy,control_top200
pulse_count,6,144,7-24-25-15-30-24,1,0.0005385,major,deuteronomy,control_top200
pulse_count,6,145,24-25-15-30-24-9,1,0.0005385,major,deuteronomy,control_top200
pulse_count,6,146,25-15-30-24-9-21,1,0.0005385,major,deuteronomy,control_top200
pulse_count,6,147,15-30-24-9-21-15,1,0.0005385,major,deuteronomy,control_top200
pulse_count,6,148,30-24-9-21-15-9,1,0.0005385,major,deuteronomy,control_top200
pulse_count,6,149,24-9-21-15-9-26,1,0.0005385,major,deuteronomy,control_top200
pulse_count,6,150,9-21-15-9-26-6,1,0.0005385,major,deuteronomy,control_top200
pulse_count,6,151,21-15-9-26-6-10,1,0.0005385,major,deuteronomy,control_top200
pulse_count,6,152,15-9-26-6-10-10,1,0.0005385,major,deuteronomy,control_top200
pulse_count,6,153,9-26-6-10-10-34,1,0.0005385,major,deuteronomy,control_top200
pulse_count,6,154,26-6-10-10-34-16,1,0.0005385,major,deuteronomy,control_top200
pulse_count,6,155,6-10-10-34-16-12,1,0.0005385,major,deuteronomy,control_top200
pulse_count,6,156,10-10-34-16-12-23,1,0.0005385,major,deuteronomy,control_top200
pulse_count,6,157,10-34-16-12-23-10,1,0.0005385,major,deuteronomy,control_top200
pulse_count,6,158,34-16-12-23-10-25,1,0.0005385,major,deuteronomy,control_top200
pulse_count,6,159,16-12-23-10-25-29,1,0.0005385,major,deuteronomy,control_top200
pulse_count,6,160,12-23-10-25-29-24,1,0.0005385,major,deuteronomy,control_top200
pulse_count,6,161,23-10-25-29-24-26,1,0.0005385,major,deuteronomy,control_top200
pulse_count,6,162,10-25-29-24-26-12,1,0.0005385,major,deuteronomy,control_top200
pulse_count,6,163,25-29-24-26-12-23,1,0.0005385,major,deuteronomy,control_top200
pulse_count,6,164,29-24-26-12-23-15,1,0.0005385,major,deuteronomy,control_top200
pulse_count,6,165,24-26-12-23-15-20,1,0.0005385,major,deuteronomy,control_top200
pulse_count,6,166,26-12-23-15-20-10,1,0.0005385,major,deuteronomy,control_top200
pulse_count,6,167,12-23-15-20-10-18,1,0.0005385,major,deuteronomy,control_top200
pulse_count,6,168,23-15-20-10-18-13,1,0.0005385,major,deuteronomy,control_top200
pulse_count,6,169,15-20-10-18-13-16,1,0.0005385,major,deuteronomy,control_top200
pulse_count,6,170,20-10-18-13-16-25,1,0.0005385,major,deuteronomy,control_top200
pulse_count,6,171,10-18-13-16-25-9,1,0.0005385,major,deuteronomy,control_top200
pulse_count,6,172,18-13-16-25-9-10,1,0.0005385,major,deuteronomy,control_top200
pulse_count,6,173,13-16-25-9-10-9,1,0.0005385,major,deuteronomy,control_top200
pulse_count,6,174,16-25-9-10-9-21,1,0.0005385,major,deuteronomy,control_top200
pulse_count,6,175,25-9-10-9-21-9,1,0.0005385,major,deuteronomy,control_top200
pulse_count,6,176,9-10-9-21-9-33,1,0.0005385,major,deuteronomy,control_top200
pulse_count,6,177,10-9-21-9-33-15,1,0.0005385,major,deuteronomy,control_top200
pulse_count,6,178,9-21-9-33-15-11,1,0.0005385,major,deuteronomy,control_top200
pulse_count,6,179,21-9-33-15-11-29,1,0.0005385,major,deuteronomy,control_top200
pulse_count,6,180,9-33-15-11-29-26,1,0.0005385,major,deuteronomy,control_top200
pulse_count,6,181,33-15-11-29-26-19,1,0.0005385,major,deuteronomy,control_top200
pulse_count,6,182,15-11-29-26-19-24,1,0.0005385,major,deuteronomy,control_top200
pulse_count,6,183,11-29-26-19-24-20,1,0.0005385,major,deuteronomy,control_top200
pulse_count,6,184,29-26-19-24-20-11,1,0.0005385,major,deuteronomy,control_top200
pulse_count,6,185,26-19-24-20-11-28,1,0.0005385,major,deuteronomy,control_top200
pulse_count,6,186,19-24-20-11-28-12,1,0.0005385,major,deuteronomy,control_top200
pulse_count,6,187,24-20-11-28-12-11,1,0.0005385,major,deuteronomy,control_top200
pulse_count,6,188,20-11-28-12-11-23,1,0.0005385,major,deuteronomy,control_top200
pulse_count,6,189,11-28-12-11-23-9,1,0.0005385,major,deuteronomy,control_top200
pulse_count,6,190,28-12-11-23-9-38,1,0.0005385,major,deuteronomy,control_top200
pulse_count,6,191,12-11-23-9-38-20,1,0.0005385,major,deuteronomy,control_top200
pulse_count,6,192,11-23-9-38-20-12,1,0.0005385,major,deuteronomy,control_top200
pulse_count,6,193,23-9-38-20-12-39,1,0.0005385,major,deuteronomy,control_top200
pulse_count,6,194,9-38-20-12-39-15,1,0.0005385,major,deuteronomy,control_top200
pulse_count,6,195,38-20-12-39-15-12,1,0.0005385,major,deuteronomy,control_top200
pulse_count,6,196,20-12-39-15-12-45,1,0.0005385,major,deuteronomy,control_top200
pulse_count,6,197,12-39-15-12-45-3,1,0.0005385,major,deuteronomy,control_top200
pulse_count,6,198,39-15-12-45-3-15,1,0.0005385,major,deuteronomy,control_top200
pulse_count,6,199,15-12-45-3-15-8,1,0.0005385,major,deuteronomy,control_top200
pulse_count,6,200,12-45-3-15-8-5,1,0.0005385,major,deuteronomy,control_top200
accent_count,2,1,5-5,40,0.02149382,major,deuteronomy,control_top200
accent_count,2,2,3-3,37,0.01988178,major,deuteronomy,control_top200
accent_count,2,3,4-4,34,0.01826975,major,deuteronomy,control_top200
accent_count,2,4,4-3,32,0.01719506,major,deuteronomy,control_top200
accent_count,2,5,6-5,32,0.01719506,major,deuteronomy,control_top200
accent_count,2,6,5-6,32,0.01719506,major,deuteronomy,control_top200
accent_count,2,7,4-6,31,0.01665771,major,deuteronomy,control_top200
accent_count,2,8,6-6,31,0.01665771,major,deuteronomy,control_top200
accent_count,2,9,5-4,30,0.01612037,major,deuteronomy,control_top200
accent_count,2,10,6-3,28,0.01504567,major,deuteronomy,control_top200
accent_count,2,11,3-5,28,0.01504567,major,deuteronomy,control_top200
accent_count,2,12,3-6,28,0.01504567,major,deuteronomy,control_top200
accent_count,2,13,4-5,26,0.01397098,major,deuteronomy,control_top200
accent_count,2,14,5-3,26,0.01397098,major,deuteronomy,control_top200
accent_count,2,15,6-7,26,0.01397098,major,deuteronomy,control_top200
accent_count,2,16,5-9,24,0.01289629,major,deuteronomy,control_top200
accent_count,2,17,6-8,24,0.01289629,major,deuteronomy,control_top200
accent_count,2,18,3-7,22,0.0118216,major,deuteronomy,control_top200
accent_count,2,19,9-6,22,0.0118216,major,deuteronomy,control_top200
accent_count,2,20,6-4,21,0.01128426,major,deuteronomy,control_top200
accent_count,2,21,8-5,21,0.01128426,major,deuteronomy,control_top200
accent_count,2,22,7-5,21,0.01128426,major,deuteronomy,control_top200
accent_count,2,23,4-8,21,0.01128426,major,deuteronomy,control_top200
accent_count,2,24,7-4,20,0.01074691,major,deuteronomy,control_top200
accent_count,2,25,7-6,20,0.01074691,major,deuteronomy,control_top200
accent_count,2,26,3-4,20,0.01074691,major,deuteronomy,control_top200
accent_count,2,27,8-4,20,0.01074691,major,deuteronomy,control_top200
accent_count,2,28,7-7,19,0.01020956,major,deuteronomy,control_top200
accent_count,2,29,5-10,18,0.00967222,major,deuteronomy,control_top200
accent_count,2,30,8-6,18,0.00967222,major,deuteronomy,control_top200
accent_count,2,31,9-4,18,0.00967222,major,deuteronomy,control_top200
accent_count,2,32,8-3,18,0.00967222,major,deuteronomy,control_top200
accent_count,2,33,8-9,18,0.00967222,major,deuteronomy,control_top200
accent_count,2,34,11-4,17,0.00913487,major,deuteronomy,control_top200
accent_count,2,35,3-8,16,0.00859753,major,deuteronomy,control_top200
accent_count,2,36,5-8,16,0.00859753,major,deuteronomy,control_top200
accent_count,2,37,6-10,16,0.00859753,major,deuteronomy,control_top200
accent_count,2,38,4-7,16,0.00859753,major,deuteronomy,control_top200
accent_count,2,39,6-2,15,0.00806018,major,deuteronomy,control_top200
accent_count,2,40,10-3,15,0.00806018,major,deuteronomy,control_top200
accent_count,2,41,9-5,15,0.00806018,major,deuteronomy,control_top200
accent_count,2,42,3-10,15,0.00806018,major,deuteronomy,control_top200
accent_count,2,43,9-3,15,0.00806018,major,deuteronomy,control_top200
accent_count,2,44,10-4,14,0.00752284,major,deuteronomy,control_top200
accent_count,2,45,5-7,14,0.00752284,major,deuteronomy,control_top200
accent_count,2,46,9-8,14,0.00752284,major,deuteronomy,control_top200
accent_count,2,47,8-8,14,0.00752284,major,deuteronomy,control_top200
accent_count,2,48,10-9,13,0.00698549,major,deuteronomy,control_top200
accent_count,2,49,2-6,13,0.00698549,major,deuteronomy,control_top200
accent_count,2,50,4-9,13,0.00698549,major,deuteronomy,control_top200
accent_count,2,51,7-9,13,0.00698549,major,deuteronomy,control_top200
accent_count,2,52,7-3,13,0.00698549,major,deuteronomy,control_top200
accent_count,2,53,7-10,13,0.00698549,major,deuteronomy,control_top200
accent_count,2,54,7-8,13,0.00698549,major,deuteronomy,control_top200
accent_count,2,55,2-5,12,0.00644815,major,deuteronomy,control_top200
accent_count,2,56,12-5,12,0.00644815,major,deuteronomy,control_top200
accent_count,2,57,11-5,12,0.00644815,major,deuteronomy,control_top200
accent_count,2,58,5-2,12,0.00644815,major,deuteronomy,control_top200
accent_count,2,59,3-2,12,0.00644815,major,deuteronomy,control_top200
accent_count,2,60,6-12,12,0.00644815,major,deuteronomy,control_top200
accent_count,2,61,4-2,11,0.0059108,major,deuteronomy,control_top200
accent_count,2,62,7-12,11,0.0059108,major,deuteronomy,control_top200
accent_count,2,63,3-9,11,0.0059108,major,deuteronomy,control_top200
accent_count,2,64,3-11,11,0.0059108,major,deuteronomy,control_top200
accent_count,2,65,2-3,11,0.0059108,major,deuteronomy,control_top200
accent_count,2,66,12-6,10,0.00537346,major,deuteronomy,control_top200
accent_count,2,67,10-5,10,0.00537346,major,deuteronomy,control_top200
accent_count,2,68,2-4,10,0.00537346,major,deuteronomy,control_top200
accent_count,2,69,10-6,10,0.00537346,major,deuteronomy,control_top200
accent_count,2,70,7-11,10,0.00537346,major,deuteronomy,control_top200
accent_count,2,71,11-8,10,0.00537346,major,deuteronomy,control_top200
accent_count,2,72,10-7,10,0.00537346,major,deuteronomy,control_top200
accent_count,2,73,5-11,10,0.00537346,major,deuteronomy,control_top200
accent_count,2,74,11-7,10,0.00537346,major,deuteronomy,control_top200
accent_count,2,75,8-7,10,0.00537346,major,deuteronomy,control_top200
accent_count,2,76,9-9,10,0.00537346,major,deuteronomy,control_top200
accent_count,2,77,13-8,10,0.00537346,major,deuteronomy,control_top200
accent_count,2,78,4-13,9,0.00483611,major,deuteronomy,control_top200
accent_count,2,79,2-7,9,0.00483611,major,deuteronomy,control_top200
accent_count,2,80,8-2,9,0.00483611,major,deuteronomy,control_top200
accent_count,2,81,8-12,8,0.00429876,major,deuteronomy,control_top200
accent_count,2,82,9-7,8,0.00429876,major,deuteronomy,control_top200
accent_count,2,83,9-11,8,0.00429876,major,deuteronomy,control_top200
accent_count,2,84,5-14,8,0.00429876,major,deuteronomy,control_top200
accent_count,2,85,6-11,8,0.00429876,major,deuteronomy,control_top200
accent_count,2,86,12-9,8,0.00429876,major,deuteronomy,control_top200
accent_count,2,87,8-11,8,0.00429876,major,deuteronomy,control_top200
accent_count,2,88,10-8,8,0.00429876,major,deuteronomy,control_top200
accent_count,2,89,2-8,8,0.00429876,major,deuteronomy,control_top200
accent_count,2,90,2-10,8,0.00429876,major,deuteronomy,control_top200
accent_count,2,91,14-7,7,0.00376142,major,deuteronomy,control_top200
accent_count,2,92,11-6,7,0.00376142,major,deuteronomy,control_top200
accent_count,2,93,6-13,7,0.00376142,major,deuteronomy,control_top200
accent_count,2,94,6-9,7,0.00376142,major,deuteronomy,control_top200
accent_count,2,95,9-2,7,0.00376142,major,deuteronomy,control_top200
accent_count,2,96,13-6,6,0.00322407,major,deuteronomy,control_top200
accent_count,2,97,4-14,6,0.00322407,major,deuteronomy,control_top200
accent_count,2,98,7-2,6,0.00322407,major,deuteronomy,control_top200
accent_count,2,99,4-11,6,0.00322407,major,deuteronomy,control_top200
accent_count,2,100,3-13,6,0.00322407,major,deuteronomy,control_top200
accent_count,2,101,13-7,6,0.00322407,major,deuteronomy,control_top200
accent_count,2,102,8-10,5,0.00268673,major,deuteronomy,control_top200
accent_count,2,103,14-5,5,0.00268673,major,deuteronomy,control_top200
accent_count,2,104,2-2,5,0.00268673,major,deuteronomy,control_top200
accent_count,2,105,11-3,5,0.00268673,major,deuteronomy,control_top200
accent_count,2,106,14-4,5,0.00268673,major,deuteronomy,control_top200
accent_count,2,107,4-12,5,0.00268673,major,deuteronomy,control_top200
accent_count,2,108,12-7,5,0.00268673,major,deuteronomy,control_top200
accent_count,2,109,4-10,5,0.00268673,major,deuteronomy,control_top200
accent_count,2,110,11-10,5,0.00268673,major,deuteronomy,control_top200
accent_count,2,111,14-9,5,0.00268673,major,deuteronomy,control_top200
accent_count,2,112,10-11,5,0.00268673,major,deuteronomy,control_top200
accent_count,2,113,13-3,5,0.00268673,major,deuteronomy,control_top200
accent_count,2,114,3-12,5,0.00268673,major,deuteronomy,control_top200
accent_count,2,115,3-17,5,0.00268673,major,deuteronomy,control_top200
accent_count,2,116,14-6,5,0.00268673,major,deuteronomy,control_top200
accent_count,2,117,8-13,5,0.00268673,major,deuteronomy,control_top200
accent_count,2,118,13-5,5,0.00268673,major,deuteronomy,control_top200
accent_count,2,119,2-9,5,0.00268673,major,deuteronomy,control_top200
accent_count,2,120,10-10,4,0.00214938,major,deuteronomy,control_top200
accent_count,2,121,9-14,4,0.00214938,major,deuteronomy,control_top200
accent_count,2,122,15-6,4,0.00214938,major,deuteronomy,control_top200
accent_count,2,123,12-2,4,0.00214938,major,deuteronomy,control_top200
accent_count,2,124,7-13,4,0.00214938,major,deuteronomy,control_top200
accent_count,2,125,3-14,4,0.00214938,major,deuteronomy,control_top200
accent_count,2,126,6-14,4,0.00214938,major,deuteronomy,control_top200
accent_count,2,127,9-10,4,0.00214938,major,deuteronomy,control_top200
accent_count,2,128,5-13,4,0.00214938,major,deuteronomy,control_top200
accent_count,2,129,17-3,4,0.00214938,major,deuteronomy,control_top200
accent_count,2,130,12-4,4,0.00214938,major,deuteronomy,control_top200
accent_count,2,131,12-3,4,0.00214938,major,deuteronomy,control_top200
accent_count,2,132,9-12,4,0.00214938,major,deuteronomy,control_top200
accent_count,2,133,13-4,4,0.00214938,major,deuteronomy,control_top200
accent_count,2,134,5-15,3,0.00161204,major,deuteronomy,control_top200
accent_count,2,135,15-4,3,0.00161204,major,deuteronomy,control_top200
accent_count,2,136,5-12,3,0.00161204,major,deuteronomy,control_top200
accent_count,2,137,6-15,3,0.00161204,major,deuteronomy,control_top200
accent_count,2,138,12-10,3,0.00161204,major,deuteronomy,control_top200
accent_count,2,139,10-2,3,0.00161204,major,deuteronomy,control_top200
accent_count,2,140,13-2,3,0.00161204,major,deuteronomy,control_top200
accent_count,2,141,16-5,3,0.00161204,major,deuteronomy,control_top200
accent_count,2,142,10-13,3,0.00161204,major,deuteronomy,control_top200
accent_count,2,143,6-16,3,0.00161204,major,deuteronomy,control_top200
accent_count,2,144,11-9,3,0.00161204,major,deuteronomy,control_top200
accent_count,2,145,6-19,3,0.00161204,major,deuteronomy,control_top200
accent_count,2,146,4-17,3,0.00161204,major,deuteronomy,control_top200
accent_count,2,147,17-5,3,0.00161204,major,deuteronomy,control_top200
accent_count,2,148,15-3,2,0.00107469,major,deuteronomy,control_top200
accent_count,2,149,4-16,2,0.00107469,major,deuteronomy,control_top200
accent_count,2,150,16-7,2,0.00107469,major,deuteronomy,control_top200
accent_count,2,151,14-11,2,0.00107469,major,deuteronomy,control_top200
accent_count,2,152,17-7,2,0.00107469,major,deuteronomy,control_top200
accent_count,2,153,7-16,2,0.00107469,major,deuteronomy,control_top200
accent_count,2,154,19-7,2,0.00107469,major,deuteronomy,control_top200
accent_count,2,155,2-12,2,0.00107469,major,deuteronomy,control_top200
accent_count,2,156,5-19,2,0.00107469,major,deuteronomy,control_top200
accent_count,2,157,12-8,2,0.00107469,major,deuteronomy,control_top200
accent_count,2,158,16-3,2,0.00107469,major,deuteronomy,control_top200
accent_count,2,159,8-16,2,0.00107469,major,deuteronomy,control_top200
accent_count,2,160,8-14,2,0.00107469,major,deuteronomy,control_top200
accent_count,2,161,10-15,2,0.00107469,major,deuteronomy,control_top200
accent_count,2,162,8-18,2,0.00107469,major,deuteronomy,control_top200
accent_count,2,163,2-14,2,0.00107469,major,deuteronomy,control_top200
accent_count,2,164,20-5,2,0.00107469,major,deuteronomy,control_top200
accent_count,2,165,13-11,2,0.00107469,major,deuteronomy,control_top200
accent_count,2,166,16-6,2,0.00107469,major,deuteronomy,control_top200
accent_count,2,167,15-8,2,0.00107469,major,deuteronomy,control_top200
accent_count,2,168,12-13,2,0.00107469,major,deuteronomy,control_top200
accent_count,2,169,7-19,2,0.00107469,major,deuteronomy,control_top200
accent_count,2,170,19-6,2,0.00107469,major,deuteronomy,control_top200
accent_count,2,171,17-8,2,0.00107469,major,deuteronomy,control_top200
accent_count,2,172,2-11,2,0.00107469,major,deuteronomy,control_top200
accent_count,2,173,14-3,2,0.00107469,major,deuteronomy,control_top200
accent_count,2,174,13-10,2,0.00107469,major,deuteronomy,control_top200
accent_count,2,175,3-20,2,0.00107469,major,deuteronomy,control_top200
accent_count,2,176,11-13,2,0.00107469,major,deuteronomy,control_top200
accent_count,2,177,5-16,2,0.00107469,major,deuteronomy,control_top200
accent_count,2,178,16-2,2,0.00107469,major,deuteronomy,control_top200
accent_count,2,179,2-13,2,0.00107469,major,deuteronomy,control_top200
accent_count,2,180,4-18,1,0.00053735,major,deuteronomy,control_top200
accent_count,2,181,18-4,1,0.00053735,major,deuteronomy,control_top200
accent_count,2,182,5-18,1,0.00053735,major,deuteronomy,control_top200
accent_count,2,183,18-2,1,0.00053735,major,deuteronomy,control_top200
accent_count,2,184,8-15,1,0.00053735,major,deuteronomy,control_top200
accent_count,2,185,11-17,1,0.00053735,major,deuteronomy,control_top200
accent_count,2,186,9-19,1,0.00053735,major,deuteronomy,control_top200
accent_count,2,187,19-14,1,0.00053735,major,deuteronomy,control_top200
accent_count,2,188,12-15,1,0.00053735,major,deuteronomy,control_top200
accent_count,2,189,14-8,1,0.00053735,major,deuteronomy,control_top200
accent_count,2,190,4-15,1,0.00053735,major,deuteronomy,control_top200
accent_count,2,191,15-7,1,0.00053735,major,deuteronomy,control_top200
accent_count,2,192,7-14,1,0.00053735,major,deuteronomy,control_top200
accent_count,2,193,18-12,1,0.00053735,major,deuteronomy,control_top200
accent_count,2,194,10-12,1,0.00053735,major,deuteronomy,control_top200
accent_count,2,195,5-20,1,0.00053735,major,deuteronomy,control_top200
accent_count,2,196,5-17,1,0.00053735,major,deuteronomy,control_top200
accent_count,2,197,16-11,1,0.00053735,major,deuteronomy,control_top200
accent_count,2,198,2-16,1,0.00053735,major,deuteronomy,control_top200
accent_count,2,199,16-4,1,0.00053735,major,deuteronomy,control_top200
accent_count,2,200,4-20,1,0.00053735,major,deuteronomy,control_top200
accent_count,3,1,6-5-5,8,0.00430108,major,deuteronomy,control_top200
accent_count,3,2,4-4-8,8,0.00430108,major,deuteronomy,control_top200
accent_count,3,3,3-3-3,8,0.00430108,major,deuteronomy,control_top200
accent_count,3,4,6-6-6,8,0.00430108,major,deuteronomy,control_top200
accent_count,3,5,4-3-7,7,0.00376344,major,deuteronomy,control_top200
accent_count,3,6,3-5-4,7,0.00376344,major,deuteronomy,control_top200
accent_count,3,7,8-9-3,7,0.00376344,major,deuteronomy,control_top200
accent_count,3,8,5-4-3,7,0.00376344,major,deuteronomy,control_top200
accent_count,3,9,3-3-6,7,0.00376344,major,deuteronomy,control_top200
accent_count,3,10,3-6-5,7,0.00376344,major,deuteronomy,control_top200
accent_count,3,11,6-3-3,7,0.00376344,major,deuteronomy,control_top200
accent_count,3,12,5-3-3,6,0.00322581,major,deuteronomy,control_top200
accent_count,3,13,5-5-3,6,0.00322581,major,deuteronomy,control_top200
accent_count,3,14,11-4-4,6,0.00322581,major,deuteronomy,control_top200
accent_count,3,15,5-6-6,6,0.00322581,major,deuteronomy,control_top200
accent_count,3,16,7-5-5,6,0.00322581,major,deuteronomy,control_top200
accent_count,3,17,4-6-3,6,0.00322581,major,deuteronomy,control_top200
accent_count,3,18,5-5-6,6,0.00322581,major,deuteronomy,control_top200
accent_count,3,19,8-4-6,6,0.00322581,major,deuteronomy,control_top200
accent_count,3,20,4-5-6,6,0.00322581,major,deuteronomy,control_top200
accent_count,3,21,5-3-6,6,0.00322581,major,deuteronomy,control_top200
accent_count,3,22,3-5-3,6,0.00322581,major,deuteronomy,control_top200
accent_count,3,23,5-4-4,5,0.00268817,major,deuteronomy,control_top200
accent_count,3,24,3-3-7,5,0.00268817,major,deuteronomy,control_top200
accent_count,3,25,12-5-5,5,0.00268817,major,deuteronomy,control_top200
accent_count,3,26,4-4-6,5,0.00268817,major,deuteronomy,control_top200
accent_count,3,27,4-4-3,5,0.00268817,major,deuteronomy,control_top200
accent_count,3,28,8-5-6,5,0.00268817,major,deuteronomy,control_top200
accent_count,3,29,10-9-6,5,0.00268817,major,deuteronomy,control_top200
accent_count,3,30,7-7-3,5,0.00268817,major,deuteronomy,control_top200
accent_count,3,31,7-5-6,5,0.00268817,major,deuteronomy,control_top200
accent_count,3,32,2-5-4,5,0.00268817,major,deuteronomy,control_top200
accent_count,3,33,5-10-3,5,0.00268817,major,deuteronomy,control_top200
accent_count,3,34,6-7-5,5,0.00268817,major,deuteronomy,control_top200
accent_count,3,35,9-4-5,5,0.00268817,major,deuteronomy,control_top200
accent_count,3,36,6-7-6,5,0.00268817,major,deuteronomy,control_top200
accent_count,3,37,8-3-3,5,0.00268817,major,deuteronomy,control_top200
accent_count,3,38,5-6-8,5,0.00268817,major,deuteronomy,control_top200
accent_count,3,39,5-3-4,5,0.00268817,major,deuteronomy,control_top200
accent_count,3,40,3-4-3,5,0.00268817,major,deuteronomy,control_top200
accent_count,3,41,6-4-5,5,0.00268817,major,deuteronomy,control_top200
accent_count,3,42,7-4-6,4,0.00215054,major,deuteronomy,control_top200
accent_count,3,43,5-8-5,4,0.00215054,major,deuteronomy,control_top200
accent_count,3,44,4-9-5,4,0.00215054,major,deuteronomy,control_top200
accent_count,3,45,4-7-6,4,0.00215054,major,deuteronomy,control_top200
accent_count,3,46,3-7-7,4,0.00215054,major,deuteronomy,control_top200
accent_count,3,47,4-3-4,4,0.00215054,major,deuteronomy,control_top200
accent_count,3,48,7-11-4,4,0.00215054,major,deuteronomy,control_top200
accent_count,3,49,4-4-7,4,0.00215054,major,deuteronomy,control_top200
accent_count,3,50,7-4-3,4,0.00215054,major,deuteronomy,control_top200
accent_count,3,51,4-6-7,4,0.00215054,major,deuteronomy,control_top200
accent_count,3,52,4-8-5,4,0.00215054,major,deuteronomy,control_top200
accent_count,3,53,3-10-6,4,0.00215054,major,deuteronomy,control_top200
accent_count,3,54,4-8-3,4,0.00215054,major,deuteronomy,control_top200
accent_count,3,55,5-5-11,4,0.00215054,major,deuteronomy,control_top200
accent_count,3,56,3-9-6,4,0.00215054,major,deuteronomy,control_top200
accent_count,3,57,7-7-4,4,0.00215054,major,deuteronomy,control_top200
accent_count,3,58,8-5-9,4,0.00215054,major,deuteronomy,control_top200
accent_count,3,59,5-9-9,4,0.00215054,major,deuteronomy,control_top200
accent_count,3,60,6-3-5,4,0.00215054,major,deuteronomy,control_top200
accent_count,3,61,5-4-6,4,0.00215054,major,deuteronomy,control_top200
accent_count,3,62,6-2-5,4,0.00215054,major,deuteronomy,control_top200
accent_count,3,63,4-3-5,4,0.00215054,major,deuteronomy,control_top200
accent_count,3,64,10-3-3,4,0.00215054,major,deuteronomy,control_top200
accent_count,3,65,3-5-9,4,0.00215054,major,deuteronomy,control_top200
accent_count,3,66,8-3-6,4,0.00215054,major,deuteronomy,control_top200
accent_count,3,67,3-6-7,4,0.00215054,major,deuteronomy,control_top200
accent_count,3,68,8-4-4,4,0.00215054,major,deuteronomy,control_top200
accent_count,3,69,6-8-6,4,0.00215054,major,deuteronomy,control_top200
accent_count,3,70,6-3-2,4,0.00215054,major,deuteronomy,control_top200
accent_count,3,71,6-12-5,4,0.00215054,major,deuteronomy,control_top200
accent_count,3,72,9-3-5,4,0.00215054,major,deuteronomy,control_top200
accent_count,3,73,5-5-4,4,0.00215054,major,deuteronomy,control_top200
accent_count,3,74,9-6-6,4,0.00215054,major,deuteronomy,control_top200
accent_count,3,75,6-4-4,4,0.00215054,major,deuteronomy,control_top200
accent_count,3,76,5-5-8,4,0.00215054,major,deuteronomy,control_top200
accent_count,3,77,3-2-6,4,0.00215054,major,deuteronomy,control_top200
accent_count,3,78,6-4-6,4,0.00215054,major,deuteronomy,control_top200
accent_count,3,79,5-9-5,4,0.00215054,major,deuteronomy,control_top200
accent_count,3,80,5-5-5,4,0.00215054,major,deuteronomy,control_top200
accent_count,3,81,12-6-3,3,0.0016129,major,deuteronomy,control_top200
accent_count,3,82,4-6-6,3,0.0016129,major,deuteronomy,control_top200
accent_count,3,83,6-6-4,3,0.0016129,major,deuteronomy,control_top200
accent_count,3,84,4-13-6,3,0.0016129,major,deuteronomy,control_top200
accent_count,3,85,4-14-5,3,0.0016129,major,deuteronomy,control_top200
accent_count,3,86,4-5-8,3,0.0016129,major,deuteronomy,control_top200
accent_count,3,87,7-4-4,3,0.0016129,major,deuteronomy,control_top200
accent_count,3,88,6-2-6,3,0.0016129,major,deuteronomy,control_top200
accent_count,3,89,3-4-9,3,0.0016129,major,deuteronomy,control_top200
accent_count,3,90,4-7-9,3,0.0016129,major,deuteronomy,control_top200
accent_count,3,91,7-9-4,3,0.0016129,major,deuteronomy,control_top200
accent_count,3,92,7-12-5,3,0.0016129,major,deuteronomy,control_top200
accent_count,3,93,3-7-5,3,0.0016129,major,deuteronomy,control_top200
accent_count,3,94,5-14-4,3,0.0016129,major,deuteronomy,control_top200
accent_count,3,95,6-11-4,3,0.0016129,major,deuteronomy,control_top200
accent_count,3,96,4-7-4,3,0.0016129,major,deuteronomy,control_top200
accent_count,3,97,4-3-9,3,0.0016129,major,deuteronomy,control_top200
accent_count,3,98,3-9-4,3,0.0016129,major,deuteronomy,control_top200
accent_count,3,99,9-4-4,3,0.0016129,major,deuteronomy,control_top200
accent_count,3,100,4-4-4,3,0.0016129,major,deuteronomy,control_top200
accent_count,3,101,10-6-5,3,0.0016129,major,deuteronomy,control_top200
accent_count,3,102,11-5-8,3,0.0016129,major,deuteronomy,control_top200
accent_count,3,103,11-4-5,3,0.0016129,major,deuteronomy,control_top200
accent_count,3,104,8-6-3,3,0.0016129,major,deuteronomy,control_top200
accent_count,3,105,11-4-8,3,0.0016129,major,deuteronomy,control_top200
accent_count,3,106,6-6-10,3,0.0016129,major,deuteronomy,control_top200
accent_count,3,107,10-4-6,3,0.0016129,major,deuteronomy,control_top200
accent_count,3,108,6-7-3,3,0.0016129,major,deuteronomy,control_top200
accent_count,3,109,8-3-10,3,0.0016129,major,deuteronomy,control_top200
accent_count,3,110,3-4-4,3,0.0016129,major,deuteronomy,control_top200
accent_count,3,111,5-5-9,3,0.0016129,major,deuteronomy,control_top200
accent_count,3,112,10-7-7,3,0.0016129,major,deuteronomy,control_top200
accent_count,3,113,5-7-5,3,0.0016129,major,deuteronomy,control_top200
accent_count,3,114,5-11-4,3,0.0016129,major,deuteronomy,control_top200
accent_count,3,115,3-7-4,3,0.0016129,major,deuteronomy,control_top200
accent_count,3,116,5-10-9,3,0.0016129,major,deuteronomy,control_top200
accent_count,3,117,9-8-8,3,0.0016129,major,deuteronomy,control_top200
accent_count,3,118,9-6-3,3,0.0016129,major,deuteronomy,control_top200
accent_count,3,119,6-3-10,3,0.0016129,major,deuteronomy,control_top200
accent_count,3,120,3-10-5,3,0.0016129,major,deuteronomy,control_top200
accent_count,3,121,2-6-2,3,0.0016129,major,deuteronomy,control_top200
accent_count,3,122,3-11-7,3,0.0016129,major,deuteronomy,control_top200
accent_count,3,123,7-4-7,3,0.0016129,major,deuteronomy,control_top200
accent_count,3,124,9-9-4,3,0.0016129,major,deuteronomy,control_top200
accent_count,3,125,9-8-6,3,0.0016129,major,deuteronomy,control_top200
accent_count,3,126,2-7-11,3,0.0016129,major,deuteronomy,control_top200
accent_count,3,127,7-3-4,3,0.0016129,major,deuteronomy,control_top200
accent_count,3,128,4-8-7,3,0.0016129,major,deuteronomy,control_top200
accent_count,3,129,8-7-5,3,0.0016129,major,deuteronomy,control_top200
accent_count,3,130,5-6-7,3,0.0016129,major,deuteronomy,control_top200
accent_count,3,131,6-7-12,3,0.0016129,major,deuteronomy,control_top200
accent_count,3,132,7-12-2,3,0.0016129,major,deuteronomy,control_top200
accent_count,3,133,6-6-8,3,0.0016129,major,deuteronomy,control_top200
accent_count,3,134,10-8-9,3,0.0016129,major,deuteronomy,control_top200
accent_count,3,135,8-8-4,3,0.0016129,major,deuteronomy,control_top200
accent_count,3,136,6-8-5,3,0.0016129,major,deuteronomy,control_top200
accent_count,3,137,4-6-5,3,0.0016129,major,deuteronomy,control_top200
accent_count,3,138,6-5-2,3,0.0016129,major,deuteronomy,control_top200
accent_count,3,139,5-2-5,3,0.0016129,major,deuteronomy,control_top200
accent_count,3,140,4-6-8,3,0.0016129,major,deuteronomy,control_top200
accent_count,3,141,5-4-5,3,0.0016129,major,deuteronomy,control_top200
accent_count,3,142,4-5-10,3,0.0016129,major,deuteronomy,control_top200
accent_count,3,143,3-3-5,3,0.0016129,major,deuteronomy,control_top200
accent_count,3,144,5-9-6,3,0.0016129,major,deuteronomy,control_top200
accent_count,3,145,9-6-5,3,0.0016129,major,deuteronomy,control_top200
accent_count,3,146,6-5-10,3,0.0016129,major,deuteronomy,control_top200
accent_count,3,147,5-8-3,3,0.0016129,major,deuteronomy,control_top200
accent_count,3,148,5-6-13,3,0.0016129,major,deuteronomy,control_top200
accent_count,3,149,6-13-8,3,0.0016129,major,deuteronomy,control_top200
accent_count,3,150,13-8-4,3,0.0016129,major,deuteronomy,control_top200
accent_count,3,151,3-3-8,3,0.0016129,major,deuteronomy,control_top200
accent_count,3,152,3-7-8,3,0.0016129,major,deuteronomy,control_top200
accent_count,3,153,5-7-7,3,0.0016129,major,deuteronomy,control_top200
accent_count,3,154,6-6-2,3,0.0016129,major,deuteronomy,control_top200
accent_count,3,155,7-10-7,3,0.0016129,major,deuteronomy,control_top200
accent_count,3,156,10-3-5,3,0.0016129,major,deuteronomy,control_top200
accent_count,3,157,3-5-10,3,0.0016129,major,deuteronomy,control_top200
accent_count,3,158,12-6-8,3,0.0016129,major,deuteronomy,control_top200
accent_count,3,159,6-6-9,3,0.0016129,major,deuteronomy,control_top200
accent_count,3,160,6-9-6,3,0.0016129,major,deuteronomy,control_top200
accent_count,3,161,3-3-10,3,0.0016129,major,deuteronomy,control_top200
accent_count,3,162,5-6-12,3,0.0016129,major,deuteronomy,control_top200
accent_count,3,163,3-8-5,3,0.0016129,major,deuteronomy,control_top200
accent_count,3,164,8-10-4,3,0.0016129,major,deuteronomy,control_top200
accent_count,3,165,2-5-5,3,0.0016129,major,deuteronomy,control_top200
accent_count,3,166,5-6-4,3,0.0016129,major,deuteronomy,control_top200
accent_count,3,167,7-5-2,3,0.0016129,major,deuteronomy,control_top200
accent_count,3,168,5-8-4,3,0.0016129,major,deuteronomy,control_top200
accent_count,3,169,3-2-3,3,0.0016129,major,deuteronomy,control_top200
accent_count,3,170,10-5-5,3,0.0016129,major,deuteronomy,control_top200
accent_count,3,171,7-10-4,3,0.0016129,major,deuteronomy,control_top200
accent_count,3,172,6-8-9,3,0.0016129,major,deuteronomy,control_top200
accent_count,3,173,4-5-3,3,0.0016129,major,deuteronomy,control_top200
accent_count,3,174,4-2-10,3,0.0016129,major,deuteronomy,control_top200
accent_count,3,175,8-5-10,3,0.0016129,major,deuteronomy,control_top200
accent_count,3,176,6-12-6,3,0.0016129,major,deuteronomy,control_top200
accent_count,3,177,4-3-6,3,0.0016129,major,deuteronomy,control_top200
accent_count,3,178,6-10-8,3,0.0016129,major,deuteronomy,control_top200
accent_count,3,179,8-6-6,3,0.0016129,major,deuteronomy,control_top200
accent_count,3,180,7-8-4,3,0.0016129,major,deuteronomy,control_top200
accent_count,3,181,8-2-9,3,0.0016129,major,deuteronomy,control_top200
accent_count,3,182,6-3-6,3,0.0016129,major,deuteronomy,control_top200
accent_count,3,183,6-7-10,3,0.0016129,major,deuteronomy,control_top200
accent_count,3,184,7-6-3,3,0.0016129,major,deuteronomy,control_top200
accent_count,3,185,3-8-3,3,0.0016129,major,deuteronomy,control_top200
accent_count,3,186,3-5-5,3,0.0016129,major,deuteronomy,control_top200
accent_count,3,187,11-8-9,3,0.0016129,major,deuteronomy,control_top200
accent_count,3,188,3-6-3,3,0.0016129,major,deuteronomy,control_top200
accent_count,3,189,6-5-7,3,0.0016129,major,deuteronomy,control_top200
accent_count,3,190,2-6-5,3,0.0016129,major,deuteronomy,control_top200
accent_count,3,191,7-6-5,3,0.0016129,major,deuteronomy,control_top200
accent_count,3,192,7-6-4,3,0.0016129,major,deuteronomy,control_top200
accent_count,3,193,5-9-8,3,0.0016129,major,deuteronomy,control_top200
accent_count,3,194,6-5-6,3,0.0016129,major,deuteronomy,control_top200
accent_count,3,195,5-3-8,3,0.0016129,major,deuteronomy,control_top200
accent_count,3,196,4-8-9,3,0.0016129,major,deuteronomy,control_top200
accent_count,3,197,11-7-10,3,0.0016129,major,deuteronomy,control_top200
accent_count,3,198,8-12-6,2,0.00107527,major,deuteronomy,control_top200
accent_count,3,199,10-9-7,2,0.00107527,major,deuteronomy,control_top200
accent_count,3,200,6-4-13,2,0.00107527,major,deuteronomy,control_top200
accent_count,4,1,6-6-6-6,4,0.00215169,major,deuteronomy,control_top200
accent_count,4,2,6-11-4-4,3,0.00161377,major,deuteronomy,control_top200
accent_count,4,3,10-6-5-5,3,0.00161377,major,deuteronomy,control_top200
accent_count,4,4,6-6-9-6,3,0.00161377,major,deuteronomy,control_top200
accent_count,4,5,8-9-3-5,3,0.00161377,major,deuteronomy,control_top200
accent_count,4,6,5-5-5-3,3,0.00161377,major,deuteronomy,control_top200
accent_count,4,7,5-3-3-3,3,0.00161377,major,deuteronomy,control_top200
accent_count,4,8,4-13-6-4,2,0.00107585,major,deuteronomy,control_top200
accent_count,4,9,5-3-3-7,2,0.00107585,major,deuteronomy,control_top200
accent_count,4,10,6-2-6-10,2,0.00107585,major,deuteronomy,control_top200
accent_count,4,11,9-4-3-7,2,0.00107585,major,deuteronomy,control_top200
accent_count,4,12,4-3-7-7,2,0.00107585,major,deuteronomy,control_top200
accent_count,4,13,7-12-5-5,2,0.00107585,major,deuteronomy,control_top200
accent_count,4,14,4-4-7-4,2,0.00107585,major,deuteronomy,control_top200
accent_count,4,15,4-7-4-3,2,0.00107585,major,deuteronomy,control_top200
accent_count,4,16,7-4-3-9,2,0.00107585,major,deuteronomy,control_top200
accent_count,4,17,7-11-4-8,2,0.00107585,major,deuteronomy,control_top200
accent_count,4,18,11-4-8-5,2,0.00107585,major,deuteronomy,control_top200
accent_count,4,19,7-3-5-4,2,0.00107585,major,deuteronomy,control_top200
accent_count,4,20,9-3-4-4,2,0.00107585,major,deuteronomy,control_top200
accent_count,4,21,3-4-4-14,2,0.00107585,major,deuteronomy,control_top200
accent_count,4,22,4-4-14-5,2,0.00107585,major,deuteronomy,control_top200
accent_count,4,23,5-7-5-5,2,0.00107585,major,deuteronomy,control_top200
accent_count,4,24,2-6-2-3,2,0.00107585,major,deuteronomy,control_top200
accent_count,4,25,7-7-4-7,2,0.00107585,major,deuteronomy,control_top200
accent_count,4,26,5-9-9-4,2,0.00107585,major,deuteronomy,control_top200
accent_count,4,27,4-4-6-3,2,0.00107585,major,deuteronomy,control_top200
accent_count,4,28,4-6-3-5,2,0.00107585,major,deuteronomy,control_top200
accent_count,4,29,9-8-6-3,2,0.00107585,major,deuteronomy,control_top200
accent_count,4,30,4-8-7-5,2,0.00107585,major,deuteronomy,control_top200
accent_count,4,31,5-6-7-12,2,0.00107585,major,deuteronomy,control_top200
accent_count,4,32,6-2-5-4,2,0.00107585,major,deuteronomy,control_top200
accent_count,4,33,3-8-4-6,2,0.00107585,major,deuteronomy,control_top200
accent_count,4,34,8-4-6-3,2,0.00107585,major,deuteronomy,control_top200
accent_count,4,35,4-6-5-2,2,0.00107585,major,deuteronomy,control_top200
accent_count,4,36,6-5-2-5,2,0.00107585,major,deuteronomy,control_top200
accent_count,4,37,4-3-5-4,2,0.00107585,major,deuteronomy,control_top200
accent_count,4,38,6-5-10-3,2,0.00107585,major,deuteronomy,control_top200
accent_count,4,39,5-10-3-9,2,0.00107585,major,deuteronomy,control_top200
accent_count,4,40,5-8-3-6,2,0.00107585,major,deuteronomy,control_top200
accent_count,4,41,3-6-7-5,2,0.00107585,major,deuteronomy,control_top200
accent_count,4,42,5-6-13-8,2,0.00107585,major,deuteronomy,control_top200
accent_count,4,43,4-3-7-8,2,0.00107585,major,deuteronomy,control_top200
accent_count,4,44,3-7-8-8,2,0.00107585,major,deuteronomy,control_top200
accent_count,4,45,8-4-4-6,2,0.00107585,major,deuteronomy,control_top200
accent_count,4,46,4-6-3-2,2,0.00107585,major,deuteronomy,control_top200
accent_count,4,47,9-12-6-8,2,0.00107585,major,deuteronomy,control_top200
accent_count,4,48,13-8-4-6,2,0.00107585,major,deuteronomy,control_top200
accent_count,4,49,8-4-6-7,2,0.00107585,major,deuteronomy,control_top200
accent_count,4,50,6-7-5-6,2,0.00107585,major,deuteronomy,control_top200
accent_count,4,51,7-5-6-6,2,0.00107585,major,deuteronomy,control_top200
accent_count,4,52,10-3-3-10,2,0.00107585,major,deuteronomy,control_top200
accent_count,4,53,5-11-4-5,2,0.00107585,major,deuteronomy,control_top200
accent_count,4,54,3-8-5-6,2,0.00107585,major,deuteronomy,control_top200
accent_count,4,55,4-4-8-10,2,0.00107585,major,deuteronomy,control_top200
accent_count,4,56,4-8-10-4,2,0.00107585,major,deuteronomy,control_top200
accent_count,4,57,8-10-4-6,2,0.00107585,major,deuteronomy,control_top200
accent_count,4,58,4-6-2-5,2,0.00107585,major,deuteronomy,control_top200
accent_count,4,59,5-5-4-4,2,0.00107585,major,deuteronomy,control_top200
accent_count,4,60,5-4-4-8,2,0.00107585,major,deuteronomy,control_top200
accent_count,4,61,13-5-4-3,2,0.00107585,major,deuteronomy,control_top200
accent_count,4,62,5-10-9-6,2,0.00107585,major,deuteronomy,control_top200
accent_count,4,63,8-5-6-4,2,0.00107585,major,deuteronomy,control_top200
accent_count,4,64,6-5-5-8,2,0.00107585,major,deuteronomy,control_top200
accent_count,4,65,3-3-6-8,2,0.00107585,major,deuteronomy,control_top200
accent_count,4,66,7-5-6-8,2,0.00107585,major,deuteronomy,control_top200
accent_count,4,67,9-4-5-8,2,0.00107585,major,deuteronomy,control_top200
accent_count,4,68,4-5-3-4,2,0.00107585,major,deuteronomy,control_top200
accent_count,4,69,3-4-3-5,2,0.00107585,major,deuteronomy,control_top200
accent_count,4,70,4-3-2-6,2,0.00107585,major,deuteronomy,control_top200
accent_count,4,71,6-6-12-6,2,0.00107585,major,deuteronomy,control_top200
accent_count,4,72,4-3-6-5,2,0.00107585,major,deuteronomy,control_top200
accent_count,4,73,2-5-4-3,2,0.00107585,major,deuteronomy,control_top200
accent_count,4,74,10-9-6-5,2,0.00107585,major,deuteronomy,control_top200
accent_count,4,75,8-9-4-5,2,0.00107585,major,deuteronomy,control_top200
accent_count,4,76,6-3-3-8,2,0.00107585,major,deuteronomy,control_top200
accent_count,4,77,5-5-8-5,2,0.00107585,major,deuteronomy,control_top200
accent_count,4,78,5-8-5-10,2,0.00107585,major,deuteronomy,control_top200
accent_count,4,79,7-8-2-9,2,0.00107585,major,deuteronomy,control_top200
accent_count,4,80,7-6-3-3,2,0.00107585,major,deuteronomy,control_top200
accent_count,4,81,13-7-3-4,2,0.00107585,major,deuteronomy,control_top200
accent_count,4,82,7-3-4-9,2,0.00107585,major,deuteronomy,control_top200
accent_count,4,83,9-5-9-5,2,0.00107585,major,deuteronomy,control_top200
accent_count,4,84,4-6-4-5,2,0.00107585,major,deuteronomy,control_top200
accent_count,4,85,3-6-5-7,2,0.00107585,major,deuteronomy,control_top200
accent_count,4,86,9-3-5-3,2,0.00107585,major,deuteronomy,control_top200
accent_count,4,87,3-5-3-6,2,0.00107585,major,deuteronomy,control_top200
accent_count,4,88,13-3-5-5,2,0.00107585,major,deuteronomy,control_top200
accent_count,4,89,10-3-5-9,2,0.00107585,major,deuteronomy,control_top200
accent_count,4,90,8-4-7-6,2,0.00107585,major,deuteronomy,control_top200
accent_count,4,91,4-7-6-8,2,0.00107585,major,deuteronomy,control_top200
accent_count,4,92,3-2-6-5,2,0.00107585,major,deuteronomy,control_top200
accent_count,4,93,4-4-8-7,2,0.00107585,major,deuteronomy,control_top200
accent_count,4,94,8-7-5-5,2,0.00107585,major,deuteronomy,control_top200
accent_count,4,95,5-5-3-4,2,0.00107585,major,deuteronomy,control_top200
accent_count,4,96,3-3-9-6,2,0.00107585,major,deuteronomy,control_top200
accent_count,4,97,3-9-6-6,2,0.00107585,major,deuteronomy,control_top200
accent_count,4,98,9-6-3-5,2,0.00107585,major,deuteronomy,control_top200
accent_count,4,99,7-6-4-6,2,0.00107585,major,deuteronomy,control_top200
accent_count,4,100,6-4-5-6,2,0.00107585,major,deuteronomy,control_top200
accent_count,4,101,4-5-6-8,2,0.00107585,major,deuteronomy,control_top200
accent_count,4,102,6-3-5-3,2,0.00107585,major,deuteronomy,control_top200
accent_count,4,103,6-7-10-7,2,0.00107585,major,deuteronomy,control_top200
accent_count,4,104,4-3-4-3,2,0.00107585,major,deuteronomy,control_top200
accent_count,4,105,3-3-3-6,2,0.00107585,major,deuteronomy,control_top200
accent_count,4,106,3-3-6-3,2,0.00107585,major,deuteronomy,control_top200
accent_count,4,107,3-6-3-3,2,0.00107585,major,deuteronomy,control_top200
accent_count,4,108,6-3-3-3,2,0.00107585,major,deuteronomy,control_top200
accent_count,4,109,5-5-3-3,2,0.00107585,major,deuteronomy,control_top200
accent_count,4,110,3-3-3-7,2,0.00107585,major,deuteronomy,control_top200
accent_count,4,111,6-5-5-6,2,0.00107585,major,deuteronomy,control_top200
accent_count,4,112,6-7-6-4,2,0.00107585,major,deuteronomy,control_top200
accent_count,4,113,4-5-6-13,2,0.00107585,major,deuteronomy,control_top200
accent_count,4,114,5-6-6-6,2,0.00107585,major,deuteronomy,control_top200
accent_count,4,115,8-12-6-3,1,0.00053792,major,deuteronomy,control_top200
accent_count,4,116,12-6-3-8,1,0.00053792,major,deuteronomy,control_top200
accent_count,4,117,6-3-8-10,1,0.00053792,major,deuteronomy,control_top200
accent_count,4,118,3-8-10-9,1,0.00053792,major,deuteronomy,control_top200
accent_count,4,119,8-10-9-7,1,0.00053792,major,deuteronomy,control_top200
accent_count,4,120,10-9-7-4,1,0.00053792,major,deuteronomy,control_top200
accent_count,4,121,9-7-4-6,1,0.00053792,major,deuteronomy,control_top200
accent_count,4,122,7-4-6-6,1,0.00053792,major,deuteronomy,control_top200
accent_count,4,123,4-6-6-4,1,0.00053792,major,deuteronomy,control_top200
accent_count,4,124,6-6-4-13,1,0.00053792,major,deuteronomy,control_top200
accent_count,4,125,6-4-13-6,1,0.00053792,major,deuteronomy,control_top200
accent_count,4,126,13-6-4-14,1,0.00053792,major,deuteronomy,control_top200
accent_count,4,127,6-4-14-5,1,0.00053792,major,deuteronomy,control_top200
accent_count,4,128,4-14-5-4,1,0.00053792,major,deuteronomy,control_top200
accent_count,4,129,14-5-4-4,1,0.00053792,major,deuteronomy,control_top200
accent_count,4,130,5-4-4-5,1,0.00053792,major,deuteronomy,control_top200
accent_count,4,131,4-4-5-8,1,0.00053792,major,deuteronomy,control_top200
accent_count,4,132,4-5-8-5,1,0.00053792,major,deuteronomy,control_top200
accent_count,4,133,5-8-5-3,1,0.00053792,major,deuteronomy,control_top200
accent_count,4,134,8-5-3-3,1,0.00053792,major,deuteronomy,control_top200
accent_count,4,135,3-3-7-2,1,0.00053792,major,deuteronomy,control_top200
accent_count,4,136,3-7-2-2,1,0.00053792,major,deuteronomy,control_top200
accent_count,4,137,7-2-2-5,1,0.00053792,major,deuteronomy,control_top200
accent_count,4,138,2-2-5-10,1,0.00053792,major,deuteronomy,control_top200
accent_count,4,139,2-5-10-10,1,0.00053792,major,deuteronomy,control_top200
accent_count,4,140,5-10-10-5,1,0.00053792,major,deuteronomy,control_top200
accent_count,4,141,10-10-5-9,1,0.00053792,major,deuteronomy,control_top200
accent_count,4,142,10-5-9-14,1,0.00053792,major,deuteronomy,control_top200
accent_count,4,143,5-9-14-7,1,0.00053792,major,deuteronomy,control_top200
accent_count,4,144,9-14-7-4,1,0.00053792,major,deuteronomy,control_top200
accent_count,4,145,14-7-4-4,1,0.00053792,major,deuteronomy,control_top200
accent_count,4,146,7-4-4-18,1,0.00053792,major,deuteronomy,control_top200
accent_count,4,147,4-4-18-4,1,0.00053792,major,deuteronomy,control_top200
accent_count,4,148,4-18-4-2,1,0.00053792,major,deuteronomy,control_top200
accent_count,4,149,18-4-2-7,1,0.00053792,major,deuteronomy,control_top200
accent_count,4,150,4-2-7-6,1,0.00053792,major,deuteronomy,control_top200
accent_count,4,151,2-7-6-10,1,0.00053792,major,deuteronomy,control_top200
accent_count,4,152,7-6-10-9,1,0.00053792,major,deuteronomy,control_top200
accent_count,4,153,6-10-9-11,1,0.00053792,major,deuteronomy,control_top200
accent_count,4,154,10-9-11-3,1,0.00053792,major,deuteronomy,control_top200
accent_count,4,155,9-11-3-8,1,0.00053792,major,deuteronomy,control_top200
accent_count,4,156,11-3-8-6,1,0.00053792,major,deuteronomy,control_top200
accent_count,4,157,3-8-6-2,1,0.00053792,major,deuteronomy,control_top200
accent_count,4,158,8-6-2-6,1,0.00053792,major,deuteronomy,control_top200
accent_count,4,159,2-6-10-3,1,0.00053792,major,deuteronomy,control_top200
accent_count,4,160,6-10-3-4,1,0.00053792,major,deuteronomy,control_top200
accent_count,4,161,10-3-4-9,1,0.00053792,major,deuteronomy,control_top200
accent_count,4,162,3-4-9-5,1,0.00053792,major,deuteronomy,control_top200
accent_count,4,163,4-9-5-15,1,0.00053792,major,deuteronomy,control_top200
accent_count,4,164,9-5-15-4,1,0.00053792,major,deuteronomy,control_top200
accent_count,4,165,5-15-4-2,1,0.00053792,major,deuteronomy,control_top200
accent_count,4,166,15-4-2-4,1,0.00053792,major,deuteronomy,control_top200
accent_count,4,167,4-2-4-7,1,0.00053792,major,deuteronomy,control_top200
accent_count,4,168,2-4-7-6,1,0.00053792,major,deuteronomy,control_top200
accent_count,4,169,4-7-6-10,1,0.00053792,major,deuteronomy,control_top200
accent_count,4,170,7-6-10-6,1,0.00053792,major,deuteronomy,control_top200
accent_count,4,171,6-10-6-2,1,0.00053792,major,deuteronomy,control_top200
accent_count,4,172,10-6-2-4,1,0.00053792,major,deuteronomy,control_top200
accent_count,4,173,6-2-4-7,1,0.00053792,major,deuteronomy,control_top200
accent_count,4,174,2-4-7-9,1,0.00053792,major,deuteronomy,control_top200
accent_count,4,175,4-7-9-4,1,0.00053792,major,deuteronomy,control_top200
accent_count,4,176,7-9-4-3,1,0.00053792,major,deuteronomy,control_top200
accent_count,4,177,3-7-7-12,1,0.00053792,major,deuteronomy,control_top200
accent_count,4,178,7-7-12-5,1,0.00053792,major,deuteronomy,control_top200
accent_count,4,179,12-5-5-3,1,0.00053792,major,deuteronomy,control_top200
accent_count,4,180,5-5-3-7,1,0.00053792,major,deuteronomy,control_top200
accent_count,4,181,5-3-7-5,1,0.00053792,major,deuteronomy,control_top200
accent_count,4,182,3-7-5-14,1,0.00053792,major,deuteronomy,control_top200
accent_count,4,183,7-5-14-4,1,0.00053792,major,deuteronomy,control_top200
accent_count,4,184,5-14-4-3,1,0.00053792,major,deuteronomy,control_top200
accent_count,4,185,14-4-3-4,1,0.00053792,major,deuteronomy,control_top200
accent_count,4,186,4-3-4-12,1,0.00053792,major,deuteronomy,control_top200
accent_count,4,187,3-4-12-7,1,0.00053792,major,deuteronomy,control_top200
accent_count,4,188,4-12-7-11,1,0.00053792,major,deuteronomy,control_top200
accent_count,4,189,12-7-11-4,1,0.00053792,major,deuteronomy,control_top200
accent_count,4,190,7-11-4-4,1,0.00053792,major,deuteronomy,control_top200
accent_count,4,191,11-4-4-6,1,0.00053792,major,deuteronomy,control_top200
accent_count,4,192,4-4-6-11,1,0.00053792,major,deuteronomy,control_top200
accent_count,4,193,4-6-11-4,1,0.00053792,major,deuteronomy,control_top200
accent_count,4,194,11-4-4-7,1,0.00053792,major,deuteronomy,control_top200
accent_count,4,195,4-3-9-4,1,0.00053792,major,deuteronomy,control_top200
accent_count,4,196,3-9-4-4,1,0.00053792,major,deuteronomy,control_top200
accent_count,4,197,9-4-4-4,1,0.00053792,major,deuteronomy,control_top200
accent_count,4,198,4-4-4-3,1,0.00053792,major,deuteronomy,control_top200
accent_count,4,199,4-4-3-10,1,0.00053792,major,deuteronomy,control_top200
accent_count,4,200,4-3-10-4,1,0.00053792,major,deuteronomy,control_top200
accent_count,5,1,9-4-3-7-7,2,0.00107643,major,deuteronomy,control_top200
accent_count,5,2,4-7-4-3-9,2,0.00107643,major,deuteronomy,control_top200
accent_count,5,3,3-4-4-14-5,2,0.00107643,major,deuteronomy,control_top200
accent_count,5,4,3-8-4-6-3,2,0.00107643,major,deuteronomy,control_top200
accent_count,5,5,6-5-10-3-9,2,0.00107643,major,deuteronomy,control_top200
accent_count,5,6,4-4-8-10-4,2,0.00107643,major,deuteronomy,control_top200
accent_count,5,7,4-8-10-4-6,2,0.00107643,major,deuteronomy,control_top200
accent_count,5,8,10-6-5-5-8,2,0.00107643,major,deuteronomy,control_top200
accent_count,5,9,5-5-8-5-10,2,0.00107643,major,deuteronomy,control_top200
accent_count,5,10,13-7-3-4-9,2,0.00107643,major,deuteronomy,control_top200
accent_count,5,11,8-9-3-5-3,2,0.00107643,major,deuteronomy,control_top200
accent_count,5,12,9-3-5-3-6,2,0.00107643,major,deuteronomy,control_top200
accent_count,5,13,5-5-5-3-4,2,0.00107643,major,deuteronomy,control_top200
accent_count,5,14,3-3-9-6-6,2,0.00107643,major,deuteronomy,control_top200
accent_count,5,15,3-3-3-6-3,2,0.00107643,major,deuteronomy,control_top200
accent_count,5,16,3-3-6-3-3,2,0.00107643,major,deuteronomy,control_top200
accent_count,5,17,6-6-6-6-6,2,0.00107643,major,deuteronomy,control_top200
accent_count,5,18,8-12-6-3-8,1,0.00053821,major,deuteronomy,control_top200
accent_count,5,19,12-6-3-8-10,1,0.00053821,major,deuteronomy,control_top200
accent_count,5,20,6-3-8-10-9,1,0.00053821,major,deuteronomy,control_top200
accent_count,5,21,3-8-10-9-7,1,0.00053821,major,deuteronomy,control_top200
accent_count,5,22,8-10-9-7-4,1,0.00053821,major,deuteronomy,control_top200
accent_count,5,23,10-9-7-4-6,1,0.00053821,major,deuteronomy,control_top200
accent_count,5,24,9-7-4-6-6,1,0.00053821,major,deuteronomy,control_top200
accent_count,5,25,7-4-6-6-4,1,0.00053821,major,deuteronomy,control_top200
accent_count,5,26,4-6-6-4-13,1,0.00053821,major,deuteronomy,control_top200
accent_count,5,27,6-6-4-13-6,1,0.00053821,major,deuteronomy,control_top200
accent_count,5,28,6-4-13-6-4,1,0.00053821,major,deuteronomy,control_top200
accent_count,5,29,4-13-6-4-14,1,0.00053821,major,deuteronomy,control_top200
accent_count,5,30,13-6-4-14-5,1,0.00053821,major,deuteronomy,control_top200
accent_count,5,31,6-4-14-5-4,1,0.00053821,major,deuteronomy,control_top200
accent_count,5,32,4-14-5-4-4,1,0.00053821,major,deuteronomy,control_top200
accent_count,5,33,14-5-4-4-5,1,0.00053821,major,deuteronomy,control_top200
accent_count,5,34,5-4-4-5-8,1,0.00053821,major,deuteronomy,control_top200
accent_count,5,35,4-4-5-8-5,1,0.00053821,major,deuteronomy,control_top200
accent_count,5,36,4-5-8-5-3,1,0.00053821,major,deuteronomy,control_top200
accent_count,5,37,5-8-5-3-3,1,0.00053821,major,deuteronomy,control_top200
accent_count,5,38,8-5-3-3-7,1,0.00053821,major,deuteronomy,control_top200
accent_count,5,39,5-3-3-7-2,1,0.00053821,major,deuteronomy,control_top200
accent_count,5,40,3-3-7-2-2,1,0.00053821,major,deuteronomy,control_top200
accent_count,5,41,3-7-2-2-5,1,0.00053821,major,deuteronomy,control_top200
accent_count,5,42,7-2-2-5-10,1,0.00053821,major,deuteronomy,control_top200
accent_count,5,43,2-2-5-10-10,1,0.00053821,major,deuteronomy,control_top200
accent_count,5,44,2-5-10-10-5,1,0.00053821,major,deuteronomy,control_top200
accent_count,5,45,5-10-10-5-9,1,0.00053821,major,deuteronomy,control_top200
accent_count,5,46,10-10-5-9-14,1,0.00053821,major,deuteronomy,control_top200
accent_count,5,47,10-5-9-14-7,1,0.00053821,major,deuteronomy,control_top200
accent_count,5,48,5-9-14-7-4,1,0.00053821,major,deuteronomy,control_top200
accent_count,5,49,9-14-7-4-4,1,0.00053821,major,deuteronomy,control_top200
accent_count,5,50,14-7-4-4-18,1,0.00053821,major,deuteronomy,control_top200
accent_count,5,51,7-4-4-18-4,1,0.00053821,major,deuteronomy,control_top200
accent_count,5,52,4-4-18-4-2,1,0.00053821,major,deuteronomy,control_top200
accent_count,5,53,4-18-4-2-7,1,0.00053821,major,deuteronomy,control_top200
accent_count,5,54,18-4-2-7-6,1,0.00053821,major,deuteronomy,control_top200
accent_count,5,55,4-2-7-6-10,1,0.00053821,major,deuteronomy,control_top200
accent_count,5,56,2-7-6-10-9,1,0.00053821,major,deuteronomy,control_top200
accent_count,5,57,7-6-10-9-11,1,0.00053821,major,deuteronomy,control_top200
accent_count,5,58,6-10-9-11-3,1,0.00053821,major,deuteronomy,control_top200
accent_count,5,59,10-9-11-3-8,1,0.00053821,major,deuteronomy,control_top200
accent_count,5,60,9-11-3-8-6,1,0.00053821,major,deuteronomy,control_top200
accent_count,5,61,11-3-8-6-2,1,0.00053821,major,deuteronomy,control_top200
accent_count,5,62,3-8-6-2-6,1,0.00053821,major,deuteronomy,control_top200
accent_count,5,63,8-6-2-6-10,1,0.00053821,major,deuteronomy,control_top200
accent_count,5,64,6-2-6-10-3,1,0.00053821,major,deuteronomy,control_top200
accent_count,5,65,2-6-10-3-4,1,0.00053821,major,deuteronomy,control_top200
accent_count,5,66,6-10-3-4-9,1,0.00053821,major,deuteronomy,control_top200
accent_count,5,67,10-3-4-9-5,1,0.00053821,major,deuteronomy,control_top200
accent_count,5,68,3-4-9-5-15,1,0.00053821,major,deuteronomy,control_top200
accent_count,5,69,4-9-5-15-4,1,0.00053821,major,deuteronomy,control_top200
accent_count,5,70,9-5-15-4-2,1,0.00053821,major,deuteronomy,control_top200
accent_count,5,71,5-15-4-2-4,1,0.00053821,major,deuteronomy,control_top200
accent_count,5,72,15-4-2-4-7,1,0.00053821,major,deuteronomy,control_top200
accent_count,5,73,4-2-4-7-6,1,0.00053821,major,deuteronomy,control_top200
accent_count,5,74,2-4-7-6-10,1,0.00053821,major,deuteronomy,control_top200
accent_count,5,75,4-7-6-10-6,1,0.00053821,major,deuteronomy,control_top200
accent_count,5,76,7-6-10-6-2,1,0.00053821,major,deuteronomy,control_top200
accent_count,5,77,6-10-6-2-4,1,0.00053821,major,deuteronomy,control_top200
accent_count,5,78,10-6-2-4-7,1,0.00053821,major,deuteronomy,control_top200
accent_count,5,79,6-2-4-7-9,1,0.00053821,major,deuteronomy,control_top200
accent_count,5,80,2-4-7-9-4,1,0.00053821,major,deuteronomy,control_top200
accent_count,5,81,4-7-9-4-3,1,0.00053821,major,deuteronomy,control_top200
accent_count,5,82,7-9-4-3-7,1,0.00053821,major,deuteronomy,control_top200
accent_count,5,83,4-3-7-7-12,1,0.00053821,major,deuteronomy,control_top200
accent_count,5,84,3-7-7-12-5,1,0.00053821,major,deuteronomy,control_top200
accent_count,5,85,7-7-12-5-5,1,0.00053821,major,deuteronomy,control_top200
accent_count,5,86,7-12-5-5-3,1,0.00053821,major,deuteronomy,control_top200
accent_count,5,87,12-5-5-3-7,1,0.00053821,major,deuteronomy,control_top200
accent_count,5,88,5-5-3-7-5,1,0.00053821,major,deuteronomy,control_top200
accent_count,5,89,5-3-7-5-14,1,0.00053821,major,deuteronomy,control_top200
accent_count,5,90,3-7-5-14-4,1,0.00053821,major,deuteronomy,control_top200
accent_count,5,91,7-5-14-4-3,1,0.00053821,major,deuteronomy,control_top200
accent_count,5,92,5-14-4-3-4,1,0.00053821,major,deuteronomy,control_top200
accent_count,5,93,14-4-3-4-12,1,0.00053821,major,deuteronomy,control_top200
accent_count,5,94,4-3-4-12-7,1,0.00053821,major,deuteronomy,control_top200
accent_count,5,95,3-4-12-7-11,1,0.00053821,major,deuteronomy,control_top200
accent_count,5,96,4-12-7-11-4,1,0.00053821,major,deuteronomy,control_top200
accent_count,5,97,12-7-11-4-4,1,0.00053821,major,deuteronomy,control_top200
accent_count,5,98,7-11-4-4-6,1,0.00053821,major,deuteronomy,control_top200
accent_count,5,99,11-4-4-6-11,1,0.00053821,major,deuteronomy,control_top200
accent_count,5,100,4-4-6-11-4,1,0.00053821,major,deuteronomy,control_top200
accent_count,5,101,4-6-11-4-4,1,0.00053821,major,deuteronomy,control_top200
accent_count,5,102,6-11-4-4-7,1,0.00053821,major,deuteronomy,control_top200
accent_count,5,103,11-4-4-7-4,1,0.00053821,major,deuteronomy,control_top200
accent_count,5,104,4-4-7-4-3,1,0.00053821,major,deuteronomy,control_top200
accent_count,5,105,7-4-3-9-4,1,0.00053821,major,deuteronomy,control_top200
accent_count,5,106,4-3-9-4-4,1,0.00053821,major,deuteronomy,control_top200
accent_count,5,107,3-9-4-4-4,1,0.00053821,major,deuteronomy,control_top200
accent_count,5,108,9-4-4-4-3,1,0.00053821,major,deuteronomy,control_top200
accent_count,5,109,4-4-4-3-10,1,0.00053821,major,deuteronomy,control_top200
accent_count,5,110,4-4-3-10-4,1,0.00053821,major,deuteronomy,control_top200
accent_count,5,111,4-3-10-4-10,1,0.00053821,major,deuteronomy,control_top200
accent_count,5,112,3-10-4-10-6,1,0.00053821,major,deuteronomy,control_top200
accent_count,5,113,10-4-10-6-5,1,0.00053821,major,deuteronomy,control_top200
accent_count,5,114,4-10-6-5-5,1,0.00053821,major,deuteronomy,control_top200
accent_count,5,115,10-6-5-5-12,1,0.00053821,major,deuteronomy,control_top200
accent_count,5,116,6-5-5-12-9,1,0.00053821,major,deuteronomy,control_top200
accent_count,5,117,5-5-12-9-11,1,0.00053821,major,deuteronomy,control_top200
accent_count,5,118,5-12-9-11-5,1,0.00053821,major,deuteronomy,control_top200
accent_count,5,119,12-9-11-5-8,1,0.00053821,major,deuteronomy,control_top200
accent_count,5,120,9-11-5-8-11,1,0.00053821,major,deuteronomy,control_top200
accent_count,5,121,11-5-8-11-4,1,0.00053821,major,deuteronomy,control_top200
accent_count,5,122,5-8-11-4-5,1,0.00053821,major,deuteronomy,control_top200
accent_count,5,123,8-11-4-5-4,1,0.00053821,major,deuteronomy,control_top200
accent_count,5,124,11-4-5-4-4,1,0.00053821,major,deuteronomy,control_top200
accent_count,5,125,4-5-4-4-11,1,0.00053821,major,deuteronomy,control_top200
accent_count,5,126,5-4-4-11-8,1,0.00053821,major,deuteronomy,control_top200
accent_count,5,127,4-4-11-8-6,1,0.00053821,major,deuteronomy,control_top200
accent_count,5,128,4-11-8-6-3,1,0.00053821,major,deuteronomy,control_top200
accent_count,5,129,11-8-6-3-11,1,0.00053821,major,deuteronomy,control_top200
accent_count,5,130,8-6-3-11-10,1,0.00053821,major,deuteronomy,control_top200
accent_count,5,131,6-3-11-10-7,1,0.00053821,major,deuteronomy,control_top200
accent_count,5,132,3-11-10-7-2,1,0.00053821,major,deuteronomy,control_top200
accent_count,5,133,11-10-7-2-7,1,0.00053821,major,deuteronomy,control_top200
accent_count,5,134,10-7-2-7-4,1,0.00053821,major,deuteronomy,control_top200
accent_count,5,135,7-2-7-4-6,1,0.00053821,major,deuteronomy,control_top200
accent_count,5,136,2-7-4-6-7,1,0.00053821,major,deuteronomy,control_top200
accent_count,5,137,7-4-6-7-11,1,0.00053821,major,deuteronomy,control_top200
accent_count,5,138,4-6-7-11-4,1,0.00053821,major,deuteronomy,control_top200
accent_count,5,139,6-7-11-4-8,1,0.00053821,major,deuteronomy,control_top200
accent_count,5,140,7-11-4-8-5,1,0.00053821,major,deuteronomy,control_top200
accent_count,5,141,11-4-8-5-6,1,0.00053821,major,deuteronomy,control_top200
accent_count,5,142,4-8-5-6-6,1,0.00053821,major,deuteronomy,control_top200
accent_count,5,143,8-5-6-6-10,1,0.00053821,major,deuteronomy,control_top200
accent_count,5,144,5-6-6-10-4,1,0.00053821,major,deuteronomy,control_top200
accent_count,5,145,6-6-10-4-6,1,0.00053821,major,deuteronomy,control_top200
accent_count,5,146,6-10-4-6-15,1,0.00053821,major,deuteronomy,control_top200
accent_count,5,147,10-4-6-15-3,1,0.00053821,major,deuteronomy,control_top200
accent_count,5,148,4-6-15-3-10,1,0.00053821,major,deuteronomy,control_top200
accent_count,5,149,6-15-3-10-6,1,0.00053821,major,deuteronomy,control_top200
accent_count,5,150,15-3-10-6-7,1,0.00053821,major,deuteronomy,control_top200
accent_count,5,151,3-10-6-7-3,1,0.00053821,major,deuteronomy,control_top200
accent_count,5,152,10-6-7-3-5,1,0.00053821,major,deuteronomy,control_top200
accent_count,5,153,6-7-3-5-4,1,0.00053821,major,deuteronomy,control_top200
accent_count,5,154,7-3-5-4-8,1,0.00053821,major,deuteronomy,control_top200
accent_count,5,155,3-5-4-8-3,1,0.00053821,major,deuteronomy,control_top200
accent_count,5,156,5-4-8-3-10,1,0.00053821,major,deuteronomy,control_top200
accent_count,5,157,4-8-3-10-9,1,0.00053821,major,deuteronomy,control_top200
accent_count,5,158,8-3-10-9-7,1,0.00053821,major,deuteronomy,control_top200
accent_count,5,159,3-10-9-7-12,1,0.00053821,major,deuteronomy,control_top200
accent_count,5,160,10-9-7-12-9,1,0.00053821,major,deuteronomy,control_top200
accent_count,5,161,9-7-12-9-4,1,0.00053821,major,deuteronomy,control_top200
accent_count,5,162,7-12-9-4-7,1,0.00053821,major,deuteronomy,control_top200
accent_count,5,163,12-9-4-7-4,1,0.00053821,major,deuteronomy,control_top200
accent_count,5,164,9-4-7-4-3,1,0.00053821,major,deuteronomy,control_top200
accent_count,5,165,7-4-3-9-3,1,0.00053821,major,deuteronomy,control_top200
accent_count,5,166,4-3-9-3-4,1,0.00053821,major,deuteronomy,control_top200
accent_count,5,167,3-9-3-4-4,1,0.00053821,major,deuteronomy,control_top200
accent_count,5,168,9-3-4-4-14,1,0.00053821,major,deuteronomy,control_top200
accent_count,5,169,4-4-14-5-5,1,0.00053821,major,deuteronomy,control_top200
accent_count,5,170,4-14-5-5-9,1,0.00053821,major,deuteronomy,control_top200
accent_count,5,171,14-5-5-9-4,1,0.00053821,major,deuteronomy,control_top200
accent_count,5,172,5-5-9-4-9,1,0.00053821,major,deuteronomy,control_top200
accent_count,5,173,5-9-4-9-11,1,0.00053821,major,deuteronomy,control_top200
accent_count,5,174,9-4-9-11-10,1,0.00053821,major,deuteronomy,control_top200
accent_count,5,175,4-9-11-10-9,1,0.00053821,major,deuteronomy,control_top200
accent_count,5,176,9-11-10-9-5,1,0.00053821,major,deuteronomy,control_top200
accent_count,5,177,11-10-9-5-10,1,0.00053821,major,deuteronomy,control_top200
accent_count,5,178,10-9-5-10-7,1,0.00053821,major,deuteronomy,control_top200
accent_count,5,179,9-5-10-7-7,1,0.00053821,major,deuteronomy,control_top200
accent_count,5,180,5-10-7-7-5,1,0.00053821,major,deuteronomy,control_top200
accent_count,5,181,10-7-7-5-7,1,0.00053821,major,deuteronomy,control_top200
accent_count,5,182,7-7-5-7-5,1,0.00053821,major,deuteronomy,control_top200
accent_count,5,183,7-5-7-5-5,1,0.00053821,major,deuteronomy,control_top200
accent_count,5,184,5-7-5-5-11,1,0.00053821,major,deuteronomy,control_top200
accent_count,5,185,7-5-5-11-4,1,0.00053821,major,deuteronomy,control_top200
accent_count,5,186,5-5-11-4-4,1,0.00053821,major,deuteronomy,control_top200
accent_count,5,187,5-11-4-4-3,1,0.00053821,major,deuteronomy,control_top200
accent_count,5,188,11-4-4-3-7,1,0.00053821,major,deuteronomy,control_top200
accent_count,5,189,4-4-3-7-4,1,0.00053821,major,deuteronomy,control_top200
accent_count,5,190,4-3-7-4-16,1,0.00053821,major,deuteronomy,control_top200
accent_count,5,191,3-7-4-16-7,1,0.00053821,major,deuteronomy,control_top200
accent_count,5,192,7-4-16-7-5,1,0.00053821,major,deuteronomy,control_top200
accent_count,5,193,4-16-7-5-10,1,0.00053821,major,deuteronomy,control_top200
accent_count,5,194,16-7-5-10-9,1,0.00053821,major,deuteronomy,control_top200
accent_count,5,195,7-5-10-9-8,1,0.00053821,major,deuteronomy,control_top200
accent_count,5,196,5-10-9-8-8,1,0.00053821,major,deuteronomy,control_top200
accent_count,5,197,10-9-8-8-9,1,0.00053821,major,deuteronomy,control_top200
accent_count,5,198,9-8-8-9-3,1,0.00053821,major,deuteronomy,control_top200
accent_count,5,199,8-8-9-3-9,1,0.00053821,major,deuteronomy,control_top200
accent_count,5,200,8-9-3-9-6,1,0.00053821,major,deuteronomy,control_top200
accent_count,6,1,4-4-8-10-4-6,2,0.00107701,major,deuteronomy,control_top200
accent_count,6,2,8-9-3-5-3-6,2,0.00107701,major,deuteronomy,control_top200
accent_count,6,3,3-3-3-6-3-3,2,0.00107701,major,deuteronomy,control_top200
accent_count,6,4,8-12-6-3-8-10,1,0.0005385,major,deuteronomy,control_top200
accent_count,6,5,12-6-3-8-10-9,1,0.0005385,major,deuteronomy,control_top200
accent_count,6,6,6-3-8-10-9-7,1,0.0005385,major,deuteronomy,control_top200
accent_count,6,7,3-8-10-9-7-4,1,0.0005385,major,deuteronomy,control_top200
accent_count,6,8,8-10-9-7-4-6,1,0.0005385,major,deuteronomy,control_top200
accent_count,6,9,10-9-7-4-6-6,1,0.0005385,major,deuteronomy,control_top200
accent_count,6,10,9-7-4-6-6-4,1,0.0005385,major,deuteronomy,control_top200
accent_count,6,11,7-4-6-6-4-13,1,0.0005385,major,deuteronomy,control_top200
accent_count,6,12,4-6-6-4-13-6,1,0.0005385,major,deuteronomy,control_top200
accent_count,6,13,6-6-4-13-6-4,1,0.0005385,major,deuteronomy,control_top200
accent_count,6,14,6-4-13-6-4-14,1,0.0005385,major,deuteronomy,control_top200
accent_count,6,15,4-13-6-4-14-5,1,0.0005385,major,deuteronomy,control_top200
accent_count,6,16,13-6-4-14-5-4,1,0.0005385,major,deuteronomy,control_top200
accent_count,6,17,6-4-14-5-4-4,1,0.0005385,major,deuteronomy,control_top200
accent_count,6,18,4-14-5-4-4-5,1,0.0005385,major,deuteronomy,control_top200
accent_count,6,19,14-5-4-4-5-8,1,0.0005385,major,deuteronomy,control_top200
accent_count,6,20,5-4-4-5-8-5,1,0.0005385,major,deuteronomy,control_top200
accent_count,6,21,4-4-5-8-5-3,1,0.0005385,major,deuteronomy,control_top200
accent_count,6,22,4-5-8-5-3-3,1,0.0005385,major,deuteronomy,control_top200
accent_count,6,23,5-8-5-3-3-7,1,0.0005385,major,deuteronomy,control_top200
accent_count,6,24,8-5-3-3-7-2,1,0.0005385,major,deuteronomy,control_top200
accent_count,6,25,5-3-3-7-2-2,1,0.0005385,major,deuteronomy,control_top200
accent_count,6,26,3-3-7-2-2-5,1,0.0005385,major,deuteronomy,control_top200
accent_count,6,27,3-7-2-2-5-10,1,0.0005385,major,deuteronomy,control_top200
accent_count,6,28,7-2-2-5-10-10,1,0.0005385,major,deuteronomy,control_top200
accent_count,6,29,2-2-5-10-10-5,1,0.0005385,major,deuteronomy,control_top200
accent_count,6,30,2-5-10-10-5-9,1,0.0005385,major,deuteronomy,control_top200
accent_count,6,31,5-10-10-5-9-14,1,0.0005385,major,deuteronomy,control_top200
accent_count,6,32,10-10-5-9-14-7,1,0.0005385,major,deuteronomy,control_top200
accent_count,6,33,10-5-9-14-7-4,1,0.0005385,major,deuteronomy,control_top200
accent_count,6,34,5-9-14-7-4-4,1,0.0005385,major,deuteronomy,control_top200
accent_count,6,35,9-14-7-4-4-18,1,0.0005385,major,deuteronomy,control_top200
accent_count,6,36,14-7-4-4-18-4,1,0.0005385,major,deuteronomy,control_top200
accent_count,6,37,7-4-4-18-4-2,1,0.0005385,major,deuteronomy,control_top200
accent_count,6,38,4-4-18-4-2-7,1,0.0005385,major,deuteronomy,control_top200
accent_count,6,39,4-18-4-2-7-6,1,0.0005385,major,deuteronomy,control_top200
accent_count,6,40,18-4-2-7-6-10,1,0.0005385,major,deuteronomy,control_top200
accent_count,6,41,4-2-7-6-10-9,1,0.0005385,major,deuteronomy,control_top200
accent_count,6,42,2-7-6-10-9-11,1,0.0005385,major,deuteronomy,control_top200
accent_count,6,43,7-6-10-9-11-3,1,0.0005385,major,deuteronomy,control_top200
accent_count,6,44,6-10-9-11-3-8,1,0.0005385,major,deuteronomy,control_top200
accent_count,6,45,10-9-11-3-8-6,1,0.0005385,major,deuteronomy,control_top200
accent_count,6,46,9-11-3-8-6-2,1,0.0005385,major,deuteronomy,control_top200
accent_count,6,47,11-3-8-6-2-6,1,0.0005385,major,deuteronomy,control_top200
accent_count,6,48,3-8-6-2-6-10,1,0.0005385,major,deuteronomy,control_top200
accent_count,6,49,8-6-2-6-10-3,1,0.0005385,major,deuteronomy,control_top200
accent_count,6,50,6-2-6-10-3-4,1,0.0005385,major,deuteronomy,control_top200
accent_count,6,51,2-6-10-3-4-9,1,0.0005385,major,deuteronomy,control_top200
accent_count,6,52,6-10-3-4-9-5,1,0.0005385,major,deuteronomy,control_top200
accent_count,6,53,10-3-4-9-5-15,1,0.0005385,major,deuteronomy,control_top200
accent_count,6,54,3-4-9-5-15-4,1,0.0005385,major,deuteronomy,control_top200
accent_count,6,55,4-9-5-15-4-2,1,0.0005385,major,deuteronomy,control_top200
accent_count,6,56,9-5-15-4-2-4,1,0.0005385,major,deuteronomy,control_top200
accent_count,6,57,5-15-4-2-4-7,1,0.0005385,major,deuteronomy,control_top200
accent_count,6,58,15-4-2-4-7-6,1,0.0005385,major,deuteronomy,control_top200
accent_count,6,59,4-2-4-7-6-10,1,0.0005385,major,deuteronomy,control_top200
accent_count,6,60,2-4-7-6-10-6,1,0.0005385,major,deuteronomy,control_top200
accent_count,6,61,4-7-6-10-6-2,1,0.0005385,major,deuteronomy,control_top200
accent_count,6,62,7-6-10-6-2-4,1,0.0005385,major,deuteronomy,control_top200
accent_count,6,63,6-10-6-2-4-7,1,0.0005385,major,deuteronomy,control_top200
accent_count,6,64,10-6-2-4-7-9,1,0.0005385,major,deuteronomy,control_top200
accent_count,6,65,6-2-4-7-9-4,1,0.0005385,major,deuteronomy,control_top200
accent_count,6,66,2-4-7-9-4-3,1,0.0005385,major,deuteronomy,control_top200
accent_count,6,67,4-7-9-4-3-7,1,0.0005385,major,deuteronomy,control_top200
accent_count,6,68,7-9-4-3-7-7,1,0.0005385,major,deuteronomy,control_top200
accent_count,6,69,9-4-3-7-7-12,1,0.0005385,major,deuteronomy,control_top200
accent_count,6,70,4-3-7-7-12-5,1,0.0005385,major,deuteronomy,control_top200
accent_count,6,71,3-7-7-12-5-5,1,0.0005385,major,deuteronomy,control_top200
accent_count,6,72,7-7-12-5-5-3,1,0.0005385,major,deuteronomy,control_top200
accent_count,6,73,7-12-5-5-3-7,1,0.0005385,major,deuteronomy,control_top200
accent_count,6,74,12-5-5-3-7-5,1,0.0005385,major,deuteronomy,control_top200
accent_count,6,75,5-5-3-7-5-14,1,0.0005385,major,deuteronomy,control_top200
accent_count,6,76,5-3-7-5-14-4,1,0.0005385,major,deuteronomy,control_top200
accent_count,6,77,3-7-5-14-4-3,1,0.0005385,major,deuteronomy,control_top200
accent_count,6,78,7-5-14-4-3-4,1,0.0005385,major,deuteronomy,control_top200
accent_count,6,79,5-14-4-3-4-12,1,0.0005385,major,deuteronomy,control_top200
accent_count,6,80,14-4-3-4-12-7,1,0.0005385,major,deuteronomy,control_top200
accent_count,6,81,4-3-4-12-7-11,1,0.0005385,major,deuteronomy,control_top200
accent_count,6,82,3-4-12-7-11-4,1,0.0005385,major,deuteronomy,control_top200
accent_count,6,83,4-12-7-11-4-4,1,0.0005385,major,deuteronomy,control_top200
accent_count,6,84,12-7-11-4-4-6,1,0.0005385,major,deuteronomy,control_top200
accent_count,6,85,7-11-4-4-6-11,1,0.0005385,major,deuteronomy,control_top200
accent_count,6,86,11-4-4-6-11-4,1,0.0005385,major,deuteronomy,control_top200
accent_count,6,87,4-4-6-11-4-4,1,0.0005385,major,deuteronomy,control_top200
accent_count,6,88,4-6-11-4-4-7,1,0.0005385,major,deuteronomy,control_top200
accent_count,6,89,6-11-4-4-7-4,1,0.0005385,major,deuteronomy,control_top200
accent_count,6,90,11-4-4-7-4-3,1,0.0005385,major,deuteronomy,control_top200
accent_count,6,91,4-4-7-4-3-9,1,0.0005385,major,deuteronomy,control_top200
accent_count,6,92,4-7-4-3-9-4,1,0.0005385,major,deuteronomy,control_top200
accent_count,6,93,7-4-3-9-4-4,1,0.0005385,major,deuteronomy,control_top200
accent_count,6,94,4-3-9-4-4-4,1,0.0005385,major,deuteronomy,control_top200
accent_count,6,95,3-9-4-4-4-3,1,0.0005385,major,deuteronomy,control_top200
accent_count,6,96,9-4-4-4-3-10,1,0.0005385,major,deuteronomy,control_top200
accent_count,6,97,4-4-4-3-10-4,1,0.0005385,major,deuteronomy,control_top200
accent_count,6,98,4-4-3-10-4-10,1,0.0005385,major,deuteronomy,control_top200
accent_count,6,99,4-3-10-4-10-6,1,0.0005385,major,deuteronomy,control_top200
accent_count,6,100,3-10-4-10-6-5,1,0.0005385,major,deuteronomy,control_top200
accent_count,6,101,10-4-10-6-5-5,1,0.0005385,major,deuteronomy,control_top200
accent_count,6,102,4-10-6-5-5-12,1,0.0005385,major,deuteronomy,control_top200
accent_count,6,103,10-6-5-5-12-9,1,0.0005385,major,deuteronomy,control_top200
accent_count,6,104,6-5-5-12-9-11,1,0.0005385,major,deuteronomy,control_top200
accent_count,6,105,5-5-12-9-11-5,1,0.0005385,major,deuteronomy,control_top200
accent_count,6,106,5-12-9-11-5-8,1,0.0005385,major,deuteronomy,control_top200
accent_count,6,107,12-9-11-5-8-11,1,0.0005385,major,deuteronomy,control_top200
accent_count,6,108,9-11-5-8-11-4,1,0.0005385,major,deuteronomy,control_top200
accent_count,6,109,11-5-8-11-4-5,1,0.0005385,major,deuteronomy,control_top200
accent_count,6,110,5-8-11-4-5-4,1,0.0005385,major,deuteronomy,control_top200
accent_count,6,111,8-11-4-5-4-4,1,0.0005385,major,deuteronomy,control_top200
accent_count,6,112,11-4-5-4-4-11,1,0.0005385,major,deuteronomy,control_top200
accent_count,6,113,4-5-4-4-11-8,1,0.0005385,major,deuteronomy,control_top200
accent_count,6,114,5-4-4-11-8-6,1,0.0005385,major,deuteronomy,control_top200
accent_count,6,115,4-4-11-8-6-3,1,0.0005385,major,deuteronomy,control_top200
accent_count,6,116,4-11-8-6-3-11,1,0.0005385,major,deuteronomy,control_top200
accent_count,6,117,11-8-6-3-11-10,1,0.0005385,major,deuteronomy,control_top200
accent_count,6,118,8-6-3-11-10-7,1,0.0005385,major,deuteronomy,control_top200
accent_count,6,119,6-3-11-10-7-2,1,0.0005385,major,deuteronomy,control_top200
accent_count,6,120,3-11-10-7-2-7,1,0.0005385,major,deuteronomy,control_top200
accent_count,6,121,11-10-7-2-7-4,1,0.0005385,major,deuteronomy,control_top200
accent_count,6,122,10-7-2-7-4-6,1,0.0005385,major,deuteronomy,control_top200
accent_count,6,123,7-2-7-4-6-7,1,0.0005385,major,deuteronomy,control_top200
accent_count,6,124,2-7-4-6-7-11,1,0.0005385,major,deuteronomy,control_top200
accent_count,6,125,7-4-6-7-11-4,1,0.0005385,major,deuteronomy,control_top200
accent_count,6,126,4-6-7-11-4-8,1,0.0005385,major,deuteronomy,control_top200
accent_count,6,127,6-7-11-4-8-5,1,0.0005385,major,deuteronomy,control_top200
accent_count,6,128,7-11-4-8-5-6,1,0.0005385,major,deuteronomy,control_top200
accent_count,6,129,11-4-8-5-6-6,1,0.0005385,major,deuteronomy,control_top200
accent_count,6,130,4-8-5-6-6-10,1,0.0005385,major,deuteronomy,control_top200
accent_count,6,131,8-5-6-6-10-4,1,0.0005385,major,deuteronomy,control_top200
accent_count,6,132,5-6-6-10-4-6,1,0.0005385,major,deuteronomy,control_top200
accent_count,6,133,6-6-10-4-6-15,1,0.0005385,major,deuteronomy,control_top200
accent_count,6,134,6-10-4-6-15-3,1,0.0005385,major,deuteronomy,control_top200
accent_count,6,135,10-4-6-15-3-10,1,0.0005385,major,deuteronomy,control_top200
accent_count,6,136,4-6-15-3-10-6,1,0.0005385,major,deuteronomy,control_top200
accent_count,6,137,6-15-3-10-6-7,1,0.0005385,major,deuteronomy,control_top200
accent_count,6,138,15-3-10-6-7-3,1,0.0005385,major,deuteronomy,control_top200
accent_count,6,139,3-10-6-7-3-5,1,0.0005385,major,deuteronomy,control_top200
accent_count,6,140,10-6-7-3-5-4,1,0.0005385,major,deuteronomy,control_top200
accent_count,6,141,6-7-3-5-4-8,1,0.0005385,major,deuteronomy,control_top200
accent_count,6,142,7-3-5-4-8-3,1,0.0005385,major,deuteronomy,control_top200
accent_count,6,143,3-5-4-8-3-10,1,0.0005385,major,deuteronomy,control_top200
accent_count,6,144,5-4-8-3-10-9,1,0.0005385,major,deuteronomy,control_top200
accent_count,6,145,4-8-3-10-9-7,1,0.0005385,major,deuteronomy,control_top200
accent_count,6,146,8-3-10-9-7-12,1,0.0005385,major,deuteronomy,control_top200
accent_count,6,147,3-10-9-7-12-9,1,0.0005385,major,deuteronomy,control_top200
accent_count,6,148,10-9-7-12-9-4,1,0.0005385,major,deuteronomy,control_top200
accent_count,6,149,9-7-12-9-4-7,1,0.0005385,major,deuteronomy,control_top200
accent_count,6,150,7-12-9-4-7-4,1,0.0005385,major,deuteronomy,control_top200
accent_count,6,151,12-9-4-7-4-3,1,0.0005385,major,deuteronomy,control_top200
accent_count,6,152,9-4-7-4-3-9,1,0.0005385,major,deuteronomy,control_top200
accent_count,6,153,4-7-4-3-9-3,1,0.0005385,major,deuteronomy,control_top200
accent_count,6,154,7-4-3-9-3-4,1,0.0005385,major,deuteronomy,control_top200
accent_count,6,155,4-3-9-3-4-4,1,0.0005385,major,deuteronomy,control_top200
accent_count,6,156,3-9-3-4-4-14,1,0.0005385,major,deuteronomy,control_top200
accent_count,6,157,9-3-4-4-14-5,1,0.0005385,major,deuteronomy,control_top200
accent_count,6,158,3-4-4-14-5-5,1,0.0005385,major,deuteronomy,control_top200
accent_count,6,159,4-4-14-5-5-9,1,0.0005385,major,deuteronomy,control_top200
accent_count,6,160,4-14-5-5-9-4,1,0.0005385,major,deuteronomy,control_top200
accent_count,6,161,14-5-5-9-4-9,1,0.0005385,major,deuteronomy,control_top200
accent_count,6,162,5-5-9-4-9-11,1,0.0005385,major,deuteronomy,control_top200
accent_count,6,163,5-9-4-9-11-10,1,0.0005385,major,deuteronomy,control_top200
accent_count,6,164,9-4-9-11-10-9,1,0.0005385,major,deuteronomy,control_top200
accent_count,6,165,4-9-11-10-9-5,1,0.0005385,major,deuteronomy,control_top200
accent_count,6,166,9-11-10-9-5-10,1,0.0005385,major,deuteronomy,control_top200
accent_count,6,167,11-10-9-5-10-7,1,0.0005385,major,deuteronomy,control_top200
accent_count,6,168,10-9-5-10-7-7,1,0.0005385,major,deuteronomy,control_top200
accent_count,6,169,9-5-10-7-7-5,1,0.0005385,major,deuteronomy,control_top200
accent_count,6,170,5-10-7-7-5-7,1,0.0005385,major,deuteronomy,control_top200
accent_count,6,171,10-7-7-5-7-5,1,0.0005385,major,deuteronomy,control_top200
accent_count,6,172,7-7-5-7-5-5,1,0.0005385,major,deuteronomy,control_top200
accent_count,6,173,7-5-7-5-5-11,1,0.0005385,major,deuteronomy,control_top200
accent_count,6,174,5-7-5-5-11-4,1,0.0005385,major,deuteronomy,control_top200
accent_count,6,175,7-5-5-11-4-4,1,0.0005385,major,deuteronomy,control_top200
accent_count,6,176,5-5-11-4-4-3,1,0.0005385,major,deuteronomy,control_top200
accent_count,6,177,5-11-4-4-3-7,1,0.0005385,major,deuteronomy,control_top200
accent_count,6,178,11-4-4-3-7-4,1,0.0005385,major,deuteronomy,control_top200
accent_count,6,179,4-4-3-7-4-16,1,0.0005385,major,deuteronomy,control_top200
accent_count,6,180,4-3-7-4-16-7,1,0.0005385,major,deuteronomy,control_top200
accent_count,6,181,3-7-4-16-7-5,1,0.0005385,major,deuteronomy,control_top200
accent_count,6,182,7-4-16-7-5-10,1,0.0005385,major,deuteronomy,control_top200
accent_count,6,183,4-16-7-5-10-9,1,0.0005385,major,deuteronomy,control_top200
accent_count,6,184,16-7-5-10-9-8,1,0.0005385,major,deuteronomy,control_top200
accent_count,6,185,7-5-10-9-8-8,1,0.0005385,major,deuteronomy,control_top200
accent_count,6,186,5-10-9-8-8-9,1,0.0005385,major,deuteronomy,control_top200
accent_count,6,187,10-9-8-8-9-3,1,0.0005385,major,deuteronomy,control_top200
accent_count,6,188,9-8-8-9-3-9,1,0.0005385,major,deuteronomy,control_top200
accent_count,6,189,8-8-9-3-9-6,1,0.0005385,major,deuteronomy,control_top200
accent_count,6,190,8-9-3-9-6-3,1,0.0005385,major,deuteronomy,control_top200
accent_count,6,191,9-3-9-6-3-10,1,0.0005385,major,deuteronomy,control_top200
accent_count,6,192,3-9-6-3-10-5,1,0.0005385,major,deuteronomy,control_top200
accent_count,6,193,9-6-3-10-5-14,1,0.0005385,major,deuteronomy,control_top200
accent_count,6,194,6-3-10-5-14-9,1,0.0005385,major,deuteronomy,control_top200
accent_count,6,195,3-10-5-14-9-5,1,0.0005385,major,deuteronomy,control_top200
accent_count,6,196,10-5-14-9-5-15,1,0.0005385,major,deuteronomy,control_top200
accent_count,6,197,5-14-9-5-15-6,1,0.0005385,major,deuteronomy,control_top200
accent_count,6,198,14-9-5-15-6-5,1,0.0005385,major,deuteronomy,control_top200
accent_count,6,199,9-5-15-6-5-18,1,0.0005385,major,deuteronomy,control_top200
accent_count,6,200,5-15-6-5-18-2,1,0.0005385,major,deuteronomy,control_top200
word_count,2,1,3-3,363,0.09525059,minor,deuteronomy,control_top200
word_count,2,2,4-3,224,0.05877722,minor,deuteronomy,control_top200
word_count,2,3,3-4,209,0.05484125,minor,deuteronomy,control_top200
word_count,2,4,2-3,190,0.04985568,minor,deuteronomy,control_top200
word_count,2,5,3-2,184,0.04828129,minor,deuteronomy,control_top200
word_count,2,6,4-4,177,0.0464445,minor,deuteronomy,control_top200
word_count,2,7,4-2,147,0.03857255,minor,deuteronomy,control_top200
word_count,2,8,2-4,141,0.03699816,minor,deuteronomy,control_top200
word_count,2,9,3-5,137,0.03594857,minor,deuteronomy,control_top200
word_count,2,10,5-3,120,0.0314878,minor,deuteronomy,control_top200
word_count,2,11,2-2,119,0.0312254,minor,deuteronomy,control_top200
word_count,2,12,5-4,102,0.02676463,minor,deuteronomy,control_top200
word_count,2,13,2-5,95,0.02492784,minor,deuteronomy,control_top200
word_count,2,14,4-5,91,0.02387825,minor,deuteronomy,control_top200
word_count,2,15,5-2,88,0.02309105,minor,deuteronomy,control_top200
word_count,2,16,1-3,74,0.01941748,minor,deuteronomy,control_top200
word_count,2,17,3-1,73,0.01915508,minor,deuteronomy,control_top200
word_count,2,18,5-5,67,0.01758069,minor,deuteronomy,control_top200
word_count,2,19,3-6,59,0.0154815,minor,deuteronomy,control_top200
word_count,2,20,4-1,59,0.0154815,minor,deuteronomy,control_top200
word_count,2,21,6-4,56,0.01469431,minor,deuteronomy,control_top200
word_count,2,22,1-4,54,0.01416951,minor,deuteronomy,control_top200
word_count,2,23,6-3,54,0.01416951,minor,deuteronomy,control_top200
word_count,2,24,5-6,48,0.01259512,minor,deuteronomy,control_top200
word_count,2,25,4-6,47,0.01233272,minor,deuteronomy,control_top200
word_count,2,26,6-2,43,0.01128313,minor,deuteronomy,control_top200
word_count,2,27,5-1,42,0.01102073,minor,deuteronomy,control_top200
word_count,2,28,2-6,41,0.01075833,minor,deuteronomy,control_top200
word_count,2,29,1-5,37,0.00970874,minor,deuteronomy,control_top200
word_count,2,30,1-2,33,0.00865914,minor,deuteronomy,control_top200
word_count,2,31,3-7,32,0.00839675,minor,deuteronomy,control_top200
word_count,2,32,7-3,31,0.00813435,minor,deuteronomy,control_top200
word_count,2,33,6-5,29,0.00760955,minor,deuteronomy,control_top200
word_count,2,34,7-4,29,0.00760955,minor,deuteronomy,control_top200
word_count,2,35,7-2,25,0.00655996,minor,deuteronomy,control_top200
word_count,2,36,4-7,24,0.00629756,minor,deuteronomy,control_top200
word_count,2,37,2-7,23,0.00603516,minor,deuteronomy,control_top200
word_count,2,38,2-1,21,0.00551036,minor,deuteronomy,control_top200
word_count,2,39,1-6,20,0.00524797,minor,deuteronomy,control_top200
word_count,2,40,3-8,18,0.00472317,minor,deuteronomy,control_top200
word_count,2,41,6-1,17,0.00446077,minor,deuteronomy,control_top200
word_count,2,42,8-3,17,0.00446077,minor,deuteronomy,control_top200
word_count,2,43,5-7,16,0.00419837,minor,deuteronomy,control_top200
word_count,2,44,8-5,15,0.00393597,minor,deuteronomy,control_top200
word_count,2,45,3-9,15,0.00393597,minor,deuteronomy,control_top200
word_count,2,46,4-8,14,0.00367358,minor,deuteronomy,control_top200
word_count,2,47,8-4,13,0.00341118,minor,deuteronomy,control_top200
word_count,2,48,2-8,13,0.00341118,minor,deuteronomy,control_top200
word_count,2,49,7-5,12,0.00314878,minor,deuteronomy,control_top200
word_count,2,50,6-6,11,0.00288638,minor,deuteronomy,control_top200
word_count,2,51,8-2,10,0.00262398,minor,deuteronomy,control_top200
word_count,2,52,9-3,9,0.00236158,minor,deuteronomy,control_top200
word_count,2,53,9-4,9,0.00236158,minor,deuteronomy,control_top200
word_count,2,54,10-3,9,0.00236158,minor,deuteronomy,control_top200
word_count,2,55,2-9,8,0.00209919,minor,deuteronomy,control_top200
word_count,2,56,1-1,8,0.00209919,minor,deuteronomy,control_top200
word_count,2,57,6-7,8,0.00209919,minor,deuteronomy,control_top200
word_count,2,58,4-9,7,0.00183679,minor,deuteronomy,control_top200
word_count,2,59,9-2,7,0.00183679,minor,deuteronomy,control_top200
word_count,2,60,6-8,7,0.00183679,minor,deuteronomy,control_top200
word_count,2,61,4-10,7,0.00183679,minor,deuteronomy,control_top200
word_count,2,62,7-1,6,0.00157439,minor,deuteronomy,control_top200
word_count,2,63,7-8,6,0.00157439,minor,deuteronomy,control_top200
word_count,2,64,5-8,5,0.00131199,minor,deuteronomy,control_top200
word_count,2,65,2-10,5,0.00131199,minor,deuteronomy,control_top200
word_count,2,66,9-5,5,0.00131199,minor,deuteronomy,control_top200
word_count,2,67,3-11,5,0.00131199,minor,deuteronomy,control_top200
word_count,2,68,10-4,5,0.00131199,minor,deuteronomy,control_top200
word_count,2,69,1-7,5,0.00131199,minor,deuteronomy,control_top200
word_count,2,70,12-5,5,0.00131199,minor,deuteronomy,control_top200
word_count,2,71,12-3,4,0.00104959,minor,deuteronomy,control_top200
word_count,2,72,8-1,4,0.00104959,minor,deuteronomy,control_top200
word_count,2,73,11-3,4,0.00104959,minor,deuteronomy,control_top200
word_count,2,74,6-9,4,0.00104959,minor,deuteronomy,control_top200
word_count,2,75,5-9,4,0.00104959,minor,deuteronomy,control_top200
word_count,2,76,9-1,4,0.00104959,minor,deuteronomy,control_top200
word_count,2,77,3-10,4,0.00104959,minor,deuteronomy,control_top200
word_count,2,78,12-4,3,0.00078719,minor,deuteronomy,control_top200
word_count,2,79,7-6,3,0.00078719,minor,deuteronomy,control_top200
word_count,2,80,8-6,3,0.00078719,minor,deuteronomy,control_top200
word_count,2,81,2-11,3,0.00078719,minor,deuteronomy,control_top200
word_count,2,82,6-12,3,0.00078719,minor,deuteronomy,control_top200
word_count,2,83,11-4,3,0.00078719,minor,deuteronomy,control_top200
word_count,2,84,9-7,3,0.00078719,minor,deuteronomy,control_top200
word_count,2,85,7-7,3,0.00078719,minor,deuteronomy,control_top200
word_count,2,86,3-12,3,0.00078719,minor,deuteronomy,control_top200
word_count,2,87,11-2,3,0.00078719,minor,deuteronomy,control_top200
word_count,2,88,2-12,2,0.0005248,minor,deuteronomy,control_top200
word_count,2,89,4-11,2,0.0005248,minor,deuteronomy,control_top200
word_count,2,90,10-6,2,0.0005248,minor,deuteronomy,control_top200
word_count,2,91,1-9,2,0.0005248,minor,deuteronomy,control_top200
word_count,2,92,11-1,2,0.0005248,minor,deuteronomy,control_top200
word_count,2,93,6-10,2,0.0005248,minor,deuteronomy,control_top200
word_count,2,94,13-3,2,0.0005248,minor,deuteronomy,control_top200
word_count,2,95,1-8,2,0.0005248,minor,deuteronomy,control_top200
word_count,2,96,4-12,2,0.0005248,minor,deuteronomy,control_top200
word_count,2,97,9-6,2,0.0005248,minor,deuteronomy,control_top200
word_count,2,98,5-10,2,0.0005248,minor,deuteronomy,control_top200
word_count,2,99,10-5,2,0.0005248,minor,deuteronomy,control_top200
word_count,2,100,8-7,2,0.0005248,minor,deuteronomy,control_top200
word_count,2,101,2-16,1,0.0002624,minor,deuteronomy,control_top200
word_count,2,102,16-3,1,0.0002624,minor,deuteronomy,control_top200
word_count,2,103,11-5,1,0.0002624,minor,deuteronomy,control_top200
word_count,2,104,2-13,1,0.0002624,minor,deuteronomy,control_top200
word_count,2,105,7-14,1,0.0002624,minor,deuteronomy,control_top200
word_count,2,106,14-3,1,0.0002624,minor,deuteronomy,control_top200
word_count,2,107,5-12,1,0.0002624,minor,deuteronomy,control_top200
word_count,2,108,1-12,1,0.0002624,minor,deuteronomy,control_top200
word_count,2,109,1-11,1,0.0002624,minor,deuteronomy,control_top200
word_count,2,110,6-11,1,0.0002624,minor,deuteronomy,control_top200
word_count,2,111,10-2,1,0.0002624,minor,deuteronomy,control_top200
word_count,2,112,12-2,1,0.0002624,minor,deuteronomy,control_top200
word_count,2,113,4-16,1,0.0002624,minor,deuteronomy,control_top200
word_count,2,114,16-2,1,0.0002624,minor,deuteronomy,control_top200
word_count,2,115,9-11,1,0.0002624,minor,deuteronomy,control_top200
word_count,2,116,7-12,1,0.0002624,minor,deuteronomy,control_top200
word_count,2,117,6-13,1,0.0002624,minor,deuteronomy,control_top200
word_count,2,118,10-1,1,0.0002624,minor,deuteronomy,control_top200
word_count,2,119,10-7,1,0.0002624,minor,deuteronomy,control_top200
word_count,2,120,5-13,1,0.0002624,minor,deuteronomy,control_top200
word_count,2,121,13-4,1,0.0002624,minor,deuteronomy,control_top200
word_count,2,122,8-10,1,0.0002624,minor,deuteronomy,control_top200
word_count,3,1,3-3-3,131,0.0343832,minor,deuteronomy,control_top200
word_count,3,2,4-3-3,72,0.01889764,minor,deuteronomy,control_top200
word_count,3,3,2-3-3,65,0.01706037,minor,deuteronomy,control_top200
word_count,3,4,3-3-4,64,0.0167979,minor,deuteronomy,control_top200
word_count,3,5,3-4-3,59,0.01548556,minor,deuteronomy,control_top200
word_count,3,6,3-3-2,59,0.01548556,minor,deuteronomy,control_top200
word_count,3,7,3-4-4,53,0.01391076,minor,deuteronomy,control_top200
word_count,3,8,3-2-4,51,0.01338583,minor,deuteronomy,control_top200
word_count,3,9,4-3-4,50,0.01312336,minor,deuteronomy,control_top200
word_count,3,10,4-4-3,49,0.01286089,minor,deuteronomy,control_top200
word_count,3,11,3-3-5,46,0.01207349,minor,deuteronomy,control_top200
word_count,3,12,3-2-3,46,0.01207349,minor,deuteronomy,control_top200
word_count,3,13,2-2-3,44,0.01154856,minor,deuteronomy,control_top200
word_count,3,14,4-2-3,43,0.01128609,minor,deuteronomy,control_top200
word_count,3,15,2-4-3,40,0.01049869,minor,deuteronomy,control_top200
word_count,3,16,5-3-3,37,0.00971129,minor,deuteronomy,control_top200
word_count,3,17,4-3-2,36,0.00944882,minor,deuteronomy,control_top200
word_count,3,18,2-3-2,36,0.00944882,minor,deuteronomy,control_top200
word_count,3,19,2-3-4,35,0.00918635,minor,deuteronomy,control_top200
word_count,3,20,2-4-4,34,0.00892388,minor,deuteronomy,control_top200
word_count,3,21,4-4-2,33,0.00866142,minor,deuteronomy,control_top200
word_count,3,22,3-5-3,33,0.00866142,minor,deuteronomy,control_top200
word_count,3,23,3-5-4,32,0.00839895,minor,deuteronomy,control_top200
word_count,3,24,4-4-4,32,0.00839895,minor,deuteronomy,control_top200
word_count,3,25,3-4-2,32,0.00839895,minor,deuteronomy,control_top200
word_count,3,26,4-2-5,30,0.00787402,minor,deuteronomy,control_top200
word_count,3,27,4-3-5,30,0.00787402,minor,deuteronomy,control_top200
word_count,3,28,3-2-5,29,0.00761155,minor,deuteronomy,control_top200
word_count,3,29,4-2-4,28,0.00734908,minor,deuteronomy,control_top200
word_count,3,30,5-4-3,26,0.00682415,minor,deuteronomy,control_top200
word_count,3,31,3-4-5,26,0.00682415,minor,deuteronomy,control_top200
word_count,3,32,1-3-3,26,0.00682415,minor,deuteronomy,control_top200
word_count,3,33,5-2-3,25,0.00656168,minor,deuteronomy,control_top200
word_count,3,34,2-4-2,25,0.00656168,minor,deuteronomy,control_top200
word_count,3,35,2-2-2,25,0.00656168,minor,deuteronomy,control_top200
word_count,3,36,3-5-2,24,0.00629921,minor,deuteronomy,control_top200
word_count,3,37,5-4-4,24,0.00629921,minor,deuteronomy,control_top200
word_count,3,38,4-4-5,24,0.00629921,minor,deuteronomy,control_top200
word_count,3,39,5-2-2,24,0.00629921,minor,deuteronomy,control_top200
word_count,3,40,3-2-2,24,0.00629921,minor,deuteronomy,control_top200
word_count,3,41,4-5-3,24,0.00629921,minor,deuteronomy,control_top200
word_count,3,42,2-2-4,23,0.00603675,minor,deuteronomy,control_top200
word_count,3,43,4-2-2,23,0.00603675,minor,deuteronomy,control_top200
word_count,3,44,3-1-3,21,0.00551181,minor,deuteronomy,control_top200
word_count,3,45,2-5-4,21,0.00551181,minor,deuteronomy,control_top200
word_count,3,46,3-3-1,21,0.00551181,minor,deuteronomy,control_top200
word_count,3,47,3-1-4,20,0.00524934,minor,deuteronomy,control_top200
word_count,3,48,3-3-6,20,0.00524934,minor,deuteronomy,control_top200
word_count,3,49,3-6-3,19,0.00498688,minor,deuteronomy,control_top200
word_count,3,50,5-3-5,19,0.00498688,minor,deuteronomy,control_top200
word_count,3,51,1-4-3,18,0.00472441,minor,deuteronomy,control_top200
word_count,3,52,3-4-1,18,0.00472441,minor,deuteronomy,control_top200
word_count,3,53,2-5-5,18,0.00472441,minor,deuteronomy,control_top200
word_count,3,54,5-5-3,18,0.00472441,minor,deuteronomy,control_top200
word_count,3,55,4-1-3,18,0.00472441,minor,deuteronomy,control_top200
word_count,3,56,4-5-2,17,0.00446194,minor,deuteronomy,control_top200
word_count,3,57,2-5-3,17,0.00446194,minor,deuteronomy,control_top200
word_count,3,58,5-3-2,17,0.00446194,minor,deuteronomy,control_top200
word_count,3,59,5-4-2,16,0.00419948,minor,deuteronomy,control_top200
word_count,3,60,3-5-6,16,0.00419948,minor,deuteronomy,control_top200
word_count,3,61,4-5-4,16,0.00419948,minor,deuteronomy,control_top200
word_count,3,62,5-2-4,16,0.00419948,minor,deuteronomy,control_top200
word_count,3,63,4-1-4,16,0.00419948,minor,deuteronomy,control_top200
word_count,3,64,3-5-5,15,0.00393701,minor,deuteronomy,control_top200
word_count,3,65,6-4-3,15,0.00393701,minor,deuteronomy,control_top200
word_count,3,66,5-1-3,15,0.00393701,minor,deuteronomy,control_top200
word_count,3,67,1-3-2,15,0.00393701,minor,deuteronomy,control_top200
word_count,3,68,2-4-5,15,0.00393701,minor,deuteronomy,control_top200
word_count,3,69,6-3-4,15,0.00393701,minor,deuteronomy,control_top200
word_count,3,70,4-5-5,15,0.00393701,minor,deuteronomy,control_top200
word_count,3,71,2-5-2,15,0.00393701,minor,deuteronomy,control_top200
word_count,3,72,2-3-1,15,0.00393701,minor,deuteronomy,control_top200
word_count,3,73,4-3-1,14,0.00367454,minor,deuteronomy,control_top200
word_count,3,74,2-3-5,14,0.00367454,minor,deuteronomy,control_top200
word_count,3,75,4-6-4,14,0.00367454,minor,deuteronomy,control_top200
word_count,3,76,1-4-2,14,0.00367454,minor,deuteronomy,control_top200
word_count,3,77,4-4-1,14,0.00367454,minor,deuteronomy,control_top200
word_count,3,78,5-3-4,14,0.00367454,minor,deuteronomy,control_top200
word_count,3,79,5-5-4,13,0.00341207,minor,deuteronomy,control_top200
word_count,3,80,5-6-4,13,0.00341207,minor,deuteronomy,control_top200
word_count,3,81,4-3-6,13,0.00341207,minor,deuteronomy,control_top200
word_count,3,82,3-6-2,13,0.00341207,minor,deuteronomy,control_top200
word_count,3,83,2-3-6,13,0.00341207,minor,deuteronomy,control_top200
word_count,3,84,1-3-4,12,0.00314961,minor,deuteronomy,control_top200
word_count,3,85,3-3-7,12,0.00314961,minor,deuteronomy,control_top200
word_count,3,86,3-5-1,12,0.00314961,minor,deuteronomy,control_top200
word_count,3,87,5-2-5,12,0.00314961,minor,deuteronomy,control_top200
word_count,3,88,1-4-4,12,0.00314961,minor,deuteronomy,control_top200
word_count,3,89,6-4-2,12,0.00314961,minor,deuteronomy,control_top200
word_count,3,90,3-1-5,12,0.00314961,minor,deuteronomy,control_top200
word_count,3,91,3-7-4,12,0.00314961,minor,deuteronomy,control_top200
word_count,3,92,6-3-3,12,0.00314961,minor,deuteronomy,control_top200
word_count,3,93,2-6-2,11,0.00288714,minor,deuteronomy,control_top200
word_count,3,94,6-4-4,11,0.00288714,minor,deuteronomy,control_top200
word_count,3,95,5-4-5,11,0.00288714,minor,deuteronomy,control_top200
word_count,3,96,4-4-6,11,0.00288714,minor,deuteronomy,control_top200
word_count,3,97,1-3-5,11,0.00288714,minor,deuteronomy,control_top200
word_count,3,98,5-6-3,11,0.00288714,minor,deuteronomy,control_top200
word_count,3,99,4-2-6,11,0.00288714,minor,deuteronomy,control_top200
word_count,3,100,6-2-2,11,0.00288714,minor,deuteronomy,control_top200
word_count,3,101,1-5-3,11,0.00288714,minor,deuteronomy,control_top200
word_count,3,102,2-6-4,10,0.00262467,minor,deuteronomy,control_top200
word_count,3,103,6-2-3,10,0.00262467,minor,deuteronomy,control_top200
word_count,3,104,3-6-4,10,0.00262467,minor,deuteronomy,control_top200
word_count,3,105,2-6-3,10,0.00262467,minor,deuteronomy,control_top200
word_count,3,106,5-5-2,10,0.00262467,minor,deuteronomy,control_top200
word_count,3,107,2-2-5,10,0.00262467,minor,deuteronomy,control_top200
word_count,3,108,5-6-2,9,0.0023622,minor,deuteronomy,control_top200
word_count,3,109,2-5-6,9,0.0023622,minor,deuteronomy,control_top200
word_count,3,110,5-3-1,9,0.0023622,minor,deuteronomy,control_top200
word_count,3,111,2-4-1,9,0.0023622,minor,deuteronomy,control_top200
word_count,3,112,3-2-6,9,0.0023622,minor,deuteronomy,control_top200
word_count,3,113,5-4-1,9,0.0023622,minor,deuteronomy,control_top200
word_count,3,114,6-3-5,9,0.0023622,minor,deuteronomy,control_top200
word_count,3,115,7-2-3,9,0.0023622,minor,deuteronomy,control_top200
word_count,3,116,2-4-6,9,0.0023622,minor,deuteronomy,control_top200
word_count,3,117,7-3-4,9,0.0023622,minor,deuteronomy,control_top200
word_count,3,118,3-4-6,9,0.0023622,minor,deuteronomy,control_top200
word_count,3,119,5-6-5,8,0.00209974,minor,deuteronomy,control_top200
word_count,3,120,5-1-2,8,0.00209974,minor,deuteronomy,control_top200
word_count,3,121,5-5-1,8,0.00209974,minor,deuteronomy,control_top200
word_count,3,122,6-3-2,8,0.00209974,minor,deuteronomy,control_top200
word_count,3,123,4-5-6,8,0.00209974,minor,deuteronomy,control_top200
word_count,3,124,3-1-2,8,0.00209974,minor,deuteronomy,control_top200
word_count,3,125,7-3-3,8,0.00209974,minor,deuteronomy,control_top200
word_count,3,126,7-4-3,8,0.00209974,minor,deuteronomy,control_top200
word_count,3,127,5-4-6,8,0.00209974,minor,deuteronomy,control_top200
word_count,3,128,3-2-7,8,0.00209974,minor,deuteronomy,control_top200
word_count,3,129,4-5-1,8,0.00209974,minor,deuteronomy,control_top200
word_count,3,130,3-7-3,8,0.00209974,minor,deuteronomy,control_top200
word_count,3,131,5-5-6,7,0.00183727,minor,deuteronomy,control_top200
word_count,3,132,6-2-4,7,0.00183727,minor,deuteronomy,control_top200
word_count,3,133,1-5-2,7,0.00183727,minor,deuteronomy,control_top200
word_count,3,134,1-2-3,7,0.00183727,minor,deuteronomy,control_top200
word_count,3,135,4-6-3,7,0.00183727,minor,deuteronomy,control_top200
word_count,3,136,4-1-6,7,0.00183727,minor,deuteronomy,control_top200
word_count,3,137,1-2-4,7,0.00183727,minor,deuteronomy,control_top200
word_count,3,138,3-4-7,7,0.00183727,minor,deuteronomy,control_top200
word_count,3,139,5-1-5,7,0.00183727,minor,deuteronomy,control_top200
word_count,3,140,7-4-2,7,0.00183727,minor,deuteronomy,control_top200
word_count,3,141,5-3-6,7,0.00183727,minor,deuteronomy,control_top200
word_count,3,142,4-7-4,7,0.00183727,minor,deuteronomy,control_top200
word_count,3,143,2-2-1,6,0.0015748,minor,deuteronomy,control_top200
word_count,3,144,1-5-4,6,0.0015748,minor,deuteronomy,control_top200
word_count,3,145,5-7-2,6,0.0015748,minor,deuteronomy,control_top200
word_count,3,146,1-2-5,6,0.0015748,minor,deuteronomy,control_top200
word_count,3,147,7-3-2,6,0.0015748,minor,deuteronomy,control_top200
word_count,3,148,5-1-4,6,0.0015748,minor,deuteronomy,control_top200
word_count,3,149,4-1-2,6,0.0015748,minor,deuteronomy,control_top200
word_count,3,150,6-5-2,6,0.0015748,minor,deuteronomy,control_top200
word_count,3,151,5-3-8,6,0.0015748,minor,deuteronomy,control_top200
word_count,3,152,1-3-1,6,0.0015748,minor,deuteronomy,control_top200
word_count,3,153,6-5-4,6,0.0015748,minor,deuteronomy,control_top200
word_count,3,154,6-1-3,6,0.0015748,minor,deuteronomy,control_top200
word_count,3,155,2-5-1,6,0.0015748,minor,deuteronomy,control_top200
word_count,3,156,6-5-3,6,0.0015748,minor,deuteronomy,control_top200
word_count,3,157,4-6-2,6,0.0015748,minor,deuteronomy,control_top200
word_count,3,158,6-2-6,6,0.0015748,minor,deuteronomy,control_top200
word_count,3,159,4-7-3,6,0.0015748,minor,deuteronomy,control_top200
word_count,3,160,4-2-1,6,0.0015748,minor,deuteronomy,control_top200
word_count,3,161,2-1-4,6,0.0015748,minor,deuteronomy,control_top200
word_count,3,162,4-6-5,6,0.0015748,minor,deuteronomy,control_top200
word_count,3,163,4-1-5,6,0.0015748,minor,deuteronomy,control_top200
word_count,3,164,5-5-5,6,0.0015748,minor,deuteronomy,control_top200
word_count,3,165,4-3-7,6,0.0015748,minor,deuteronomy,control_top200
word_count,3,166,3-8-3,6,0.0015748,minor,deuteronomy,control_top200
word_count,3,167,1-6-3,6,0.0015748,minor,deuteronomy,control_top200
word_count,3,168,7-4-4,6,0.0015748,minor,deuteronomy,control_top200
word_count,3,169,2-2-6,5,0.00131234,minor,deuteronomy,control_top200
word_count,3,170,5-7-3,5,0.00131234,minor,deuteronomy,control_top200
word_count,3,171,1-6-4,5,0.00131234,minor,deuteronomy,control_top200
word_count,3,172,3-4-8,5,0.00131234,minor,deuteronomy,control_top200
word_count,3,173,8-3-3,5,0.00131234,minor,deuteronomy,control_top200
word_count,3,174,7-5-4,5,0.00131234,minor,deuteronomy,control_top200
word_count,3,175,1-4-5,5,0.00131234,minor,deuteronomy,control_top200
word_count,3,176,6-4-1,5,0.00131234,minor,deuteronomy,control_top200
word_count,3,177,2-1-3,5,0.00131234,minor,deuteronomy,control_top200
word_count,3,178,8-5-3,5,0.00131234,minor,deuteronomy,control_top200
word_count,3,179,3-9-4,5,0.00131234,minor,deuteronomy,control_top200
word_count,3,180,3-2-1,5,0.00131234,minor,deuteronomy,control_top200
word_count,3,181,3-1-1,5,0.00131234,minor,deuteronomy,control_top200
word_count,3,182,8-4-3,5,0.00131234,minor,deuteronomy,control_top200
word_count,3,183,5-3-7,5,0.00131234,minor,deuteronomy,control_top200
word_count,3,184,3-3-8,5,0.00131234,minor,deuteronomy,control_top200
word_count,3,185,7-2-4,5,0.00131234,minor,deuteronomy,control_top200
word_count,3,186,1-5-5,5,0.00131234,minor,deuteronomy,control_top200
word_count,3,187,2-7-3,5,0.00131234,minor,deuteronomy,control_top200
word_count,3,188,6-4-5,5,0.00131234,minor,deuteronomy,control_top200
word_count,3,189,3-6-5,5,0.00131234,minor,deuteronomy,control_top200
word_count,3,190,3-7-2,4,0.00104987,minor,deuteronomy,control_top200
word_count,3,191,2-1-5,4,0.00104987,minor,deuteronomy,control_top200
word_count,3,192,5-5-7,4,0.00104987,minor,deuteronomy,control_top200
word_count,3,193,3-8-4,4,0.00104987,minor,deuteronomy,control_top200
word_count,3,194,3-2-9,4,0.00104987,minor,deuteronomy,control_top200
word_count,3,195,2-1-2,4,0.00104987,minor,deuteronomy,control_top200
word_count,3,196,4-6-6,4,0.00104987,minor,deuteronomy,control_top200
word_count,3,197,2-4-7,4,0.00104987,minor,deuteronomy,control_top200
word_count,3,198,8-5-2,4,0.00104987,minor,deuteronomy,control_top200
word_count,3,199,2-6-1,4,0.00104987,minor,deuteronomy,control_top200
word_count,3,200,4-8-3,4,0.00104987,minor,deuteronomy,control_top200
word_count,4,1,3-3-3-3,49,0.01286427,minor,deuteronomy,control_top200
word_count,4,2,4-3-3-3,26,0.00682594,minor,deuteronomy,control_top200
word_count,4,3,3-3-4-3,26,0.00682594,minor,deuteronomy,control_top200
word_count,4,4,3-3-3-4,23,0.00603833,minor,deuteronomy,control_top200
word_count,4,5,2-3-3-3,21,0.00551326,minor,deuteronomy,control_top200
word_count,4,6,3-3-3-2,21,0.00551326,minor,deuteronomy,control_top200
word_count,4,7,4-2-3-3,20,0.00525072,minor,deuteronomy,control_top200
word_count,4,8,3-4-3-3,20,0.00525072,minor,deuteronomy,control_top200
word_count,4,9,3-2-3-3,17,0.00446311,minor,deuteronomy,control_top200
word_count,4,10,3-2-4-4,16,0.00420058,minor,deuteronomy,control_top200
word_count,4,11,3-3-2-3,16,0.00420058,minor,deuteronomy,control_top200
word_count,4,12,4-3-4-4,14,0.00367551,minor,deuteronomy,control_top200
word_count,4,13,3-5-3-3,14,0.00367551,minor,deuteronomy,control_top200
word_count,4,14,3-4-4-3,14,0.00367551,minor,deuteronomy,control_top200
word_count,4,15,3-3-2-4,14,0.00367551,minor,deuteronomy,control_top200
word_count,4,16,4-4-3-3,14,0.00367551,minor,deuteronomy,control_top200
word_count,4,17,3-3-3-5,13,0.00341297,minor,deuteronomy,control_top200
word_count,4,18,2-3-3-5,13,0.00341297,minor,deuteronomy,control_top200
word_count,4,19,2-2-2-3,13,0.00341297,minor,deuteronomy,control_top200
word_count,4,20,3-2-4-3,13,0.00341297,minor,deuteronomy,control_top200
word_count,4,21,4-4-3-2,13,0.00341297,minor,deuteronomy,control_top200
word_count,4,22,4-3-3-2,13,0.00341297,minor,deuteronomy,control_top200
word_count,4,23,4-3-4-5,12,0.00315043,minor,deuteronomy,control_top200
word_count,4,24,4-3-4-3,12,0.00315043,minor,deuteronomy,control_top200
word_count,4,25,3-3-4-2,12,0.00315043,minor,deuteronomy,control_top200
word_count,4,26,3-5-4-3,12,0.00315043,minor,deuteronomy,control_top200
word_count,4,27,2-3-3-4,12,0.00315043,minor,deuteronomy,control_top200
word_count,4,28,3-3-4-4,12,0.00315043,minor,deuteronomy,control_top200
word_count,4,29,2-4-3-3,12,0.00315043,minor,deuteronomy,control_top200
word_count,4,30,5-3-3-3,12,0.00315043,minor,deuteronomy,control_top200
word_count,4,31,3-4-4-4,11,0.0028879,minor,deuteronomy,control_top200
word_count,4,32,4-4-4-3,11,0.0028879,minor,deuteronomy,control_top200
word_count,4,33,3-3-2-2,11,0.0028879,minor,deuteronomy,control_top200
word_count,4,34,4-3-2-4,11,0.0028879,minor,deuteronomy,control_top200
word_count,4,35,2-3-4-4,11,0.0028879,minor,deuteronomy,control_top200
word_count,4,36,4-4-5-3,11,0.0028879,minor,deuteronomy,control_top200
word_count,4,37,3-4-2-3,11,0.0028879,minor,deuteronomy,control_top200
word_count,4,38,2-4-3-4,11,0.0028879,minor,deuteronomy,control_top200
word_count,4,39,3-4-3-4,11,0.0028879,minor,deuteronomy,control_top200
word_count,4,40,4-3-3-4,11,0.0028879,minor,deuteronomy,control_top200
word_count,4,41,3-3-5-2,10,0.00262536,minor,deuteronomy,control_top200
word_count,4,42,1-4-3-3,10,0.00262536,minor,deuteronomy,control_top200
word_count,4,43,4-2-4-3,10,0.00262536,minor,deuteronomy,control_top200
word_count,4,44,5-2-2-3,10,0.00262536,minor,deuteronomy,control_top200
word_count,4,45,2-3-2-3,10,0.00262536,minor,deuteronomy,control_top200
word_count,4,46,3-4-4-5,10,0.00262536,minor,deuteronomy,control_top200
word_count,4,47,2-5-3-3,10,0.00262536,minor,deuteronomy,control_top200
word_count,4,48,4-3-2-3,10,0.00262536,minor,deuteronomy,control_top200
word_count,4,49,3-3-2-5,10,0.00262536,minor,deuteronomy,control_top200
word_count,4,50,2-3-3-2,10,0.00262536,minor,deuteronomy,control_top200
word_count,4,51,3-1-3-3,10,0.00262536,minor,deuteronomy,control_top200
word_count,4,52,1-3-3-3,10,0.00262536,minor,deuteronomy,control_top200
word_count,4,53,4-3-3-5,10,0.00262536,minor,deuteronomy,control_top200
word_count,4,54,2-2-3-5,9,0.00236282,minor,deuteronomy,control_top200
word_count,4,55,3-3-5-6,9,0.00236282,minor,deuteronomy,control_top200
word_count,4,56,4-3-5-2,9,0.00236282,minor,deuteronomy,control_top200
word_count,4,57,3-3-5-3,9,0.00236282,minor,deuteronomy,control_top200
word_count,4,58,2-2-3-4,9,0.00236282,minor,deuteronomy,control_top200
word_count,4,59,5-4-4-3,9,0.00236282,minor,deuteronomy,control_top200
word_count,4,60,4-2-2-2,9,0.00236282,minor,deuteronomy,control_top200
word_count,4,61,3-3-3-1,9,0.00236282,minor,deuteronomy,control_top200
word_count,4,62,4-2-3-4,9,0.00236282,minor,deuteronomy,control_top200
word_count,4,63,5-4-3-3,9,0.00236282,minor,deuteronomy,control_top200
word_count,4,64,2-4-4-2,9,0.00236282,minor,deuteronomy,control_top200
word_count,4,65,3-2-3-2,9,0.00236282,minor,deuteronomy,control_top200
word_count,4,66,3-4-3-2,9,0.00236282,minor,deuteronomy,control_top200
word_count,4,67,4-3-5-3,9,0.00236282,minor,deuteronomy,control_top200
word_count,4,68,5-2-3-3,8,0.00210029,minor,deuteronomy,control_top200
word_count,4,69,4-4-2-3,8,0.00210029,minor,deuteronomy,control_top200
word_count,4,70,4-4-3-4,8,0.00210029,minor,deuteronomy,control_top200
word_count,4,71,1-3-2-4,8,0.00210029,minor,deuteronomy,control_top200
word_count,4,72,3-4-2-4,8,0.00210029,minor,deuteronomy,control_top200
word_count,4,73,2-2-3-2,8,0.00210029,minor,deuteronomy,control_top200
word_count,4,74,5-4-4-2,8,0.00210029,minor,deuteronomy,control_top200
word_count,4,75,4-2-5-4,8,0.00210029,minor,deuteronomy,control_top200
word_count,4,76,3-3-3-7,7,0.00183775,minor,deuteronomy,control_top200
word_count,4,77,3-4-3-5,7,0.00183775,minor,deuteronomy,control_top200
word_count,4,78,5-3-3-4,7,0.00183775,minor,deuteronomy,control_top200
word_count,4,79,2-5-4-4,7,0.00183775,minor,deuteronomy,control_top200
word_count,4,80,5-3-3-2,7,0.00183775,minor,deuteronomy,control_top200
word_count,4,81,3-2-5-5,7,0.00183775,minor,deuteronomy,control_top200
word_count,4,82,3-3-6-3,7,0.00183775,minor,deuteronomy,control_top200
word_count,4,83,3-5-2-2,7,0.00183775,minor,deuteronomy,control_top200
word_count,4,84,2-3-2-4,7,0.00183775,minor,deuteronomy,control_top200
word_count,4,85,3-2-3-4,7,0.00183775,minor,deuteronomy,control_top200
word_count,4,86,5-2-3-2,7,0.00183775,minor,deuteronomy,control_top200
word_count,4,87,2-2-3-3,7,0.00183775,minor,deuteronomy,control_top200
word_count,4,88,3-3-5-4,7,0.00183775,minor,deuteronomy,control_top200
word_count,4,89,2-3-4-5,7,0.00183775,minor,deuteronomy,control_top200
word_count,4,90,2-3-2-5,7,0.00183775,minor,deuteronomy,control_top200
word_count,4,91,3-2-4-2,7,0.00183775,minor,deuteronomy,control_top200
word_count,4,92,2-4-3-5,7,0.00183775,minor,deuteronomy,control_top200
word_count,4,93,3-2-5-3,7,0.00183775,minor,deuteronomy,control_top200
word_count,4,94,4-4-2-4,7,0.00183775,minor,deuteronomy,control_top200
word_count,4,95,2-4-4-4,7,0.00183775,minor,deuteronomy,control_top200
word_count,4,96,6-3-4-3,7,0.00183775,minor,deuteronomy,control_top200
word_count,4,97,3-3-3-6,7,0.00183775,minor,deuteronomy,control_top200
word_count,4,98,2-3-4-3,7,0.00183775,minor,deuteronomy,control_top200
word_count,4,99,3-4-1-3,7,0.00183775,minor,deuteronomy,control_top200
word_count,4,100,2-3-5-4,6,0.00157522,minor,deuteronomy,control_top200
word_count,4,101,5-4-3-4,6,0.00157522,minor,deuteronomy,control_top200
word_count,4,102,4-4-4-2,6,0.00157522,minor,deuteronomy,control_top200
word_count,4,103,3-5-6-4,6,0.00157522,minor,deuteronomy,control_top200
word_count,4,104,5-6-4-3,6,0.00157522,minor,deuteronomy,control_top200
word_count,4,105,3-4-5-2,6,0.00157522,minor,deuteronomy,control_top200
word_count,4,106,3-5-1-3,6,0.00157522,minor,deuteronomy,control_top200
word_count,4,107,4-2-4-2,6,0.00157522,minor,deuteronomy,control_top200
word_count,4,108,2-4-2-4,6,0.00157522,minor,deuteronomy,control_top200
word_count,4,109,2-4-2-5,6,0.00157522,minor,deuteronomy,control_top200
word_count,4,110,4-2-5-3,6,0.00157522,minor,deuteronomy,control_top200
word_count,4,111,3-1-4-3,6,0.00157522,minor,deuteronomy,control_top200
word_count,4,112,3-6-3-4,6,0.00157522,minor,deuteronomy,control_top200
word_count,4,113,3-4-5-4,6,0.00157522,minor,deuteronomy,control_top200
word_count,4,114,5-3-5-3,6,0.00157522,minor,deuteronomy,control_top200
word_count,4,115,5-5-3-2,6,0.00157522,minor,deuteronomy,control_top200
word_count,4,116,3-2-4-1,6,0.00157522,minor,deuteronomy,control_top200
word_count,4,117,3-4-4-6,6,0.00157522,minor,deuteronomy,control_top200
word_count,4,118,3-4-2-5,6,0.00157522,minor,deuteronomy,control_top200
word_count,4,119,5-3-3-5,6,0.00157522,minor,deuteronomy,control_top200
word_count,4,120,2-3-4-2,6,0.00157522,minor,deuteronomy,control_top200
word_count,4,121,4-2-3-2,6,0.00157522,minor,deuteronomy,control_top200
word_count,4,122,4-4-3-5,6,0.00157522,minor,deuteronomy,control_top200
word_count,4,123,4-1-4-3,6,0.00157522,minor,deuteronomy,control_top200
word_count,4,124,4-5-2-3,6,0.00157522,minor,deuteronomy,control_top200
word_count,4,125,4-1-4-4,6,0.00157522,minor,deuteronomy,control_top200
word_count,4,126,3-4-3-1,6,0.00157522,minor,deuteronomy,control_top200
word_count,4,127,4-4-1-4,6,0.00157522,minor,deuteronomy,control_top200
word_count,4,128,3-3-1-3,6,0.00157522,minor,deuteronomy,control_top200
word_count,4,129,2-2-4-3,6,0.00157522,minor,deuteronomy,control_top200
word_count,4,130,6-4-2-3,6,0.00157522,minor,deuteronomy,control_top200
word_count,4,131,4-2-4-4,6,0.00157522,minor,deuteronomy,control_top200
word_count,4,132,2-4-4-5,6,0.00157522,minor,deuteronomy,control_top200
word_count,4,133,4-6-4-3,6,0.00157522,minor,deuteronomy,control_top200
word_count,4,134,3-3-1-4,6,0.00157522,minor,deuteronomy,control_top200
word_count,4,135,3-1-4-2,6,0.00157522,minor,deuteronomy,control_top200
word_count,4,136,3-5-3-2,6,0.00157522,minor,deuteronomy,control_top200
word_count,4,137,4-4-6-4,6,0.00157522,minor,deuteronomy,control_top200
word_count,4,138,4-4-4-1,6,0.00157522,minor,deuteronomy,control_top200
word_count,4,139,2-4-2-3,6,0.00157522,minor,deuteronomy,control_top200
word_count,4,140,4-1-3-4,6,0.00157522,minor,deuteronomy,control_top200
word_count,4,141,3-3-5-5,5,0.00131268,minor,deuteronomy,control_top200
word_count,4,142,3-4-4-2,5,0.00131268,minor,deuteronomy,control_top200
word_count,4,143,4-4-2-5,5,0.00131268,minor,deuteronomy,control_top200
word_count,4,144,4-2-5-6,5,0.00131268,minor,deuteronomy,control_top200
word_count,4,145,3-5-4-2,5,0.00131268,minor,deuteronomy,control_top200
word_count,4,146,5-4-2-3,5,0.00131268,minor,deuteronomy,control_top200
word_count,4,147,5-2-2-2,5,0.00131268,minor,deuteronomy,control_top200
word_count,4,148,3-2-2-3,5,0.00131268,minor,deuteronomy,control_top200
word_count,4,149,2-2-4-4,5,0.00131268,minor,deuteronomy,control_top200
word_count,4,150,2-4-4-3,5,0.00131268,minor,deuteronomy,control_top200
word_count,4,151,3-5-4-4,5,0.00131268,minor,deuteronomy,control_top200
word_count,4,152,4-3-6-4,5,0.00131268,minor,deuteronomy,control_top200
word_count,4,153,4-5-3-5,5,0.00131268,minor,deuteronomy,control_top200
word_count,4,154,5-6-3-4,5,0.00131268,minor,deuteronomy,control_top200
word_count,4,155,3-4-5-3,5,0.00131268,minor,deuteronomy,control_top200
word_count,4,156,1-3-5-4,5,0.00131268,minor,deuteronomy,control_top200
word_count,4,157,4-3-5-4,5,0.00131268,minor,deuteronomy,control_top200
word_count,4,158,3-2-5-2,5,0.00131268,minor,deuteronomy,control_top200
word_count,4,159,3-5-2-5,5,0.00131268,minor,deuteronomy,control_top200
word_count,4,160,4-2-6-3,5,0.00131268,minor,deuteronomy,control_top200
word_count,4,161,4-2-2-3,5,0.00131268,minor,deuteronomy,control_top200
word_count,4,162,2-2-3-1,5,0.00131268,minor,deuteronomy,control_top200
word_count,4,163,2-2-4-2,5,0.00131268,minor,deuteronomy,control_top200
word_count,4,164,6-2-2-4,5,0.00131268,minor,deuteronomy,control_top200
word_count,4,165,4-7-3-4,5,0.00131268,minor,deuteronomy,control_top200
word_count,4,166,3-5-4-5,5,0.00131268,minor,deuteronomy,control_top200
word_count,4,167,3-1-5-3,5,0.00131268,minor,deuteronomy,control_top200
word_count,4,168,3-2-5-4,5,0.00131268,minor,deuteronomy,control_top200
word_count,4,169,5-4-5-3,5,0.00131268,minor,deuteronomy,control_top200
word_count,4,170,5-4-3-2,5,0.00131268,minor,deuteronomy,control_top200
word_count,4,171,4-3-2-5,5,0.00131268,minor,deuteronomy,control_top200
word_count,4,172,2-2-2-4,5,0.00131268,minor,deuteronomy,control_top200
word_count,4,173,3-2-2-5,5,0.00131268,minor,deuteronomy,control_top200
word_count,4,174,2-5-2-2,5,0.00131268,minor,deuteronomy,control_top200
word_count,4,175,5-3-6-3,5,0.00131268,minor,deuteronomy,control_top200
word_count,4,176,5-2-2-4,5,0.00131268,minor,deuteronomy,control_top200
word_count,4,177,4-3-4-2,5,0.00131268,minor,deuteronomy,control_top200
word_count,4,178,4-5-4-3,5,0.00131268,minor,deuteronomy,control_top200
word_count,4,179,3-5-5-3,5,0.00131268,minor,deuteronomy,control_top200
word_count,4,180,2-4-5-2,5,0.00131268,minor,deuteronomy,control_top200
word_count,4,181,2-4-3-2,5,0.00131268,minor,deuteronomy,control_top200
word_count,4,182,1-4-2-3,5,0.00131268,minor,deuteronomy,control_top200
word_count,4,183,3-2-3-6,5,0.00131268,minor,deuteronomy,control_top200
word_count,4,184,3-2-3-1,5,0.00131268,minor,deuteronomy,control_top200
word_count,4,185,3-5-2-4,5,0.00131268,minor,deuteronomy,control_top200
word_count,4,186,4-4-2-2,5,0.00131268,minor,deuteronomy,control_top200
word_count,4,187,3-7-4-3,5,0.00131268,minor,deuteronomy,control_top200
word_count,4,188,4-3-3-1,5,0.00131268,minor,deuteronomy,control_top200
word_count,4,189,5-2-4-3,5,0.00131268,minor,deuteronomy,control_top200
word_count,4,190,1-3-3-4,5,0.00131268,minor,deuteronomy,control_top200
word_count,4,191,3-3-7-4,5,0.00131268,minor,deuteronomy,control_top200
word_count,4,192,4-3-1-3,4,0.00105014,minor,deuteronomy,control_top200
word_count,4,193,6-4-4-3,4,0.00105014,minor,deuteronomy,control_top200
word_count,4,194,3-3-5-1,4,0.00105014,minor,deuteronomy,control_top200
word_count,4,195,5-2-5-4,4,0.00105014,minor,deuteronomy,control_top200
word_count,4,196,4-5-2-2,4,0.00105014,minor,deuteronomy,control_top200
word_count,4,197,3-2-2-6,4,0.00105014,minor,deuteronomy,control_top200
word_count,4,198,4-2-5-5,4,0.00105014,minor,deuteronomy,control_top200
word_count,4,199,2-5-5-3,4,0.00105014,minor,deuteronomy,control_top200
word_count,4,200,5-3-2-5,4,0.00105014,minor,deuteronomy,control_top200
word_count,5,1,3-3-3-3-3,20,0.0052521,minor,deuteronomy,control_top200
word_count,5,2,4-3-3-3-3,12,0.00315126,minor,deuteronomy,control_top200
word_count,5,3,3-3-3-4-3,12,0.00315126,minor,deuteronomy,control_top200
word_count,5,4,3-3-3-3-4,10,0.00262605,minor,deuteronomy,control_top200
word_count,5,5,3-3-4-3-3,9,0.00236345,minor,deuteronomy,control_top200
word_count,5,6,3-2-3-3-3,9,0.00236345,minor,deuteronomy,control_top200
word_count,5,7,3-3-3-2-3,9,0.00236345,minor,deuteronomy,control_top200
word_count,5,8,3-3-2-3-3,9,0.00236345,minor,deuteronomy,control_top200
word_count,5,9,2-3-3-3-3,8,0.00210084,minor,deuteronomy,control_top200
word_count,5,10,3-4-2-3-3,7,0.00183824,minor,deuteronomy,control_top200
word_count,5,11,4-4-3-3-3,7,0.00183824,minor,deuteronomy,control_top200
word_count,5,12,4-2-3-3-5,6,0.00157563,minor,deuteronomy,control_top200
word_count,5,13,3-3-4-4-3,6,0.00157563,minor,deuteronomy,control_top200
word_count,5,14,3-3-3-3-1,6,0.00157563,minor,deuteronomy,control_top200
word_count,5,15,4-2-3-3-3,6,0.00157563,minor,deuteronomy,control_top200
word_count,5,16,3-3-2-4-3,6,0.00157563,minor,deuteronomy,control_top200
word_count,5,17,4-4-3-2-4,6,0.00157563,minor,deuteronomy,control_top200
word_count,5,18,3-4-3-3-3,6,0.00157563,minor,deuteronomy,control_top200
word_count,5,19,2-3-3-5-6,5,0.00131303,minor,deuteronomy,control_top200
word_count,5,20,4-4-3-4-3,5,0.00131303,minor,deuteronomy,control_top200
word_count,5,21,3-3-5-3-3,5,0.00131303,minor,deuteronomy,control_top200
word_count,5,22,3-5-3-3-4,5,0.00131303,minor,deuteronomy,control_top200
word_count,5,23,4-2-2-2-3,5,0.00131303,minor,deuteronomy,control_top200
word_count,5,24,2-2-2-3-5,5,0.00131303,minor,deuteronomy,control_top200
word_count,5,25,3-5-2-2-3,5,0.00131303,minor,deuteronomy,control_top200
word_count,5,26,2-4-3-3-3,5,0.00131303,minor,deuteronomy,control_top200
word_count,5,27,3-4-4-5-3,5,0.00131303,minor,deuteronomy,control_top200
word_count,5,28,3-3-3-4-2,5,0.00131303,minor,deuteronomy,control_top200
word_count,5,29,5-3-3-3-2,5,0.00131303,minor,deuteronomy,control_top200
word_count,5,30,3-2-4-4-2,5,0.00131303,minor,deuteronomy,control_top200
word_count,5,31,3-3-2-4-4,5,0.00131303,minor,deuteronomy,control_top200
word_count,5,32,3-4-3-3-2,5,0.00131303,minor,deuteronomy,control_top200
word_count,5,33,3-2-4-3-4,5,0.00131303,minor,deuteronomy,control_top200
word_count,5,34,3-4-3-4-5,5,0.00131303,minor,deuteronomy,control_top200
word_count,5,35,4-3-3-3-2,5,0.00131303,minor,deuteronomy,control_top200
word_count,5,36,3-3-3-2-4,5,0.00131303,minor,deuteronomy,control_top200
word_count,5,37,3-3-4-3-4,5,0.00131303,minor,deuteronomy,control_top200
word_count,5,38,4-3-5-3-3,5,0.00131303,minor,deuteronomy,control_top200
word_count,5,39,3-5-3-3-3,5,0.00131303,minor,deuteronomy,control_top200
word_count,5,40,4-3-3-3-5,4,0.00105042,minor,deuteronomy,control_top200
word_count,5,41,2-2-3-5-4,4,0.00105042,minor,deuteronomy,control_top200
word_count,5,42,2-3-3-5-2,4,0.00105042,minor,deuteronomy,control_top200
word_count,5,43,4-3-4-4-4,4,0.00105042,minor,deuteronomy,control_top200
word_count,5,44,3-4-4-4-2,4,0.00105042,minor,deuteronomy,control_top200
word_count,5,45,4-4-2-3-3,4,0.00105042,minor,deuteronomy,control_top200
word_count,5,46,3-3-5-6-4,4,0.00105042,minor,deuteronomy,control_top200
word_count,5,47,3-1-4-3-3,4,0.00105042,minor,deuteronomy,control_top200
word_count,5,48,3-3-3-5-1,4,0.00105042,minor,deuteronomy,control_top200
word_count,5,49,2-2-2-3-4,4,0.00105042,minor,deuteronomy,control_top200
word_count,5,50,3-3-5-2-2,4,0.00105042,minor,deuteronomy,control_top200
word_count,5,51,4-2-5-3-3,4,0.00105042,minor,deuteronomy,control_top200
word_count,5,52,3-2-4-3-3,4,0.00105042,minor,deuteronomy,control_top200
word_count,5,53,3-4-4-3-2,4,0.00105042,minor,deuteronomy,control_top200
word_count,5,54,3-3-3-3-2,4,0.00105042,minor,deuteronomy,control_top200
word_count,5,55,2-4-3-4-4,4,0.00105042,minor,deuteronomy,control_top200
word_count,5,56,4-3-4-4-3,4,0.00105042,minor,deuteronomy,control_top200
word_count,5,57,3-3-4-2-3,4,0.00105042,minor,deuteronomy,control_top200
word_count,5,58,3-5-4-3-3,4,0.00105042,minor,deuteronomy,control_top200
word_count,5,59,5-4-3-3-2,4,0.00105042,minor,deuteronomy,control_top200
word_count,5,60,3-3-1-3-3,4,0.00105042,minor,deuteronomy,control_top200
word_count,5,61,2-5-3-3-3,4,0.00105042,minor,deuteronomy,control_top200
word_count,5,62,2-4-4-2-3,4,0.00105042,minor,deuteronomy,control_top200
word_count,5,63,3-2-3-3-2,4,0.00105042,minor,deuteronomy,control_top200
word_count,5,64,3-3-2-5-3,4,0.00105042,minor,deuteronomy,control_top200
word_count,5,65,4-2-3-3-4,4,0.00105042,minor,deuteronomy,control_top200
word_count,5,66,2-3-3-4-3,4,0.00105042,minor,deuteronomy,control_top200
word_count,5,67,4-3-2-3-3,4,0.00105042,minor,deuteronomy,control_top200
word_count,5,68,1-3-3-3-3,4,0.00105042,minor,deuteronomy,control_top200
word_count,5,69,3-3-3-1-4,4,0.00105042,minor,deuteronomy,control_top200
word_count,5,70,3-2-5-3-3,4,0.00105042,minor,deuteronomy,control_top200
word_count,5,71,3-3-4-3-1,4,0.00105042,minor,deuteronomy,control_top200
word_count,5,72,3-1-4-2-2,4,0.00105042,minor,deuteronomy,control_top200
word_count,5,73,4-3-3-4-3,4,0.00105042,minor,deuteronomy,control_top200
word_count,5,74,1-3-3-3-2,4,0.00105042,minor,deuteronomy,control_top200
word_count,5,75,3-3-2-3-2,4,0.00105042,minor,deuteronomy,control_top200
word_count,5,76,3-2-3-2-3,4,0.00105042,minor,deuteronomy,control_top200
word_count,5,77,2-3-4-3-3,4,0.00105042,minor,deuteronomy,control_top200
word_count,5,78,3-4-4-3-3,4,0.00105042,minor,deuteronomy,control_top200
word_count,5,79,4-3-3-4-4,4,0.00105042,minor,deuteronomy,control_top200
word_count,5,80,2-3-3-3-5,4,0.00105042,minor,deuteronomy,control_top200
word_count,5,81,3-4-1-3-4,4,0.00105042,minor,deuteronomy,control_top200
word_count,5,82,3-3-5-4-3,4,0.00105042,minor,deuteronomy,control_top200
word_count,5,83,3-7-3-3-3,4,0.00105042,minor,deuteronomy,control_top200
word_count,5,84,3-3-3-5-5,3,0.00078782,minor,deuteronomy,control_top200
word_count,5,85,2-3-5-4-2,3,0.00078782,minor,deuteronomy,control_top200
word_count,5,86,5-4-3-4-4,3,0.00078782,minor,deuteronomy,control_top200
word_count,5,87,3-4-4-4-3,3,0.00078782,minor,deuteronomy,control_top200
word_count,5,88,4-4-4-3-4,3,0.00078782,minor,deuteronomy,control_top200
word_count,5,89,4-3-4-3-5,3,0.00078782,minor,deuteronomy,control_top200
word_count,5,90,5-2-3-3-5,3,0.00078782,minor,deuteronomy,control_top200
word_count,5,91,2-3-3-5-3,3,0.00078782,minor,deuteronomy,control_top200
word_count,5,92,5-3-3-4-2,3,0.00078782,minor,deuteronomy,control_top200
word_count,5,93,3-3-4-2-4,3,0.00078782,minor,deuteronomy,control_top200
word_count,5,94,4-2-4-2-5,3,0.00078782,minor,deuteronomy,control_top200
word_count,5,95,2-4-2-5-3,3,0.00078782,minor,deuteronomy,control_top200
word_count,5,96,2-5-4-4-5,3,0.00078782,minor,deuteronomy,control_top200
word_count,5,97,3-5-3-3-2,3,0.00078782,minor,deuteronomy,control_top200
word_count,5,98,5-3-3-2-2,3,0.00078782,minor,deuteronomy,control_top200
word_count,5,99,5-5-3-2-5,3,0.00078782,minor,deuteronomy,control_top200
word_count,5,100,3-3-6-3-2,3,0.00078782,minor,deuteronomy,control_top200
word_count,5,101,3-5-4-4-3,3,0.00078782,minor,deuteronomy,control_top200
word_count,5,102,3-5-4-3-4,3,0.00078782,minor,deuteronomy,control_top200
word_count,5,103,4-3-2-4-1,3,0.00078782,minor,deuteronomy,control_top200
word_count,5,104,2-2-3-2-3,3,0.00078782,minor,deuteronomy,control_top200
word_count,5,105,2-3-2-3-3,3,0.00078782,minor,deuteronomy,control_top200
word_count,5,106,3-4-4-5-5,3,0.00078782,minor,deuteronomy,control_top200
word_count,5,107,2-5-3-3-5,3,0.00078782,minor,deuteronomy,control_top200
word_count,5,108,3-3-3-4-4,3,0.00078782,minor,deuteronomy,control_top200
word_count,5,109,4-4-3-2-3,3,0.00078782,minor,deuteronomy,control_top200
word_count,5,110,3-2-3-4-4,3,0.00078782,minor,deuteronomy,control_top200
word_count,5,111,2-2-3-3-4,3,0.00078782,minor,deuteronomy,control_top200
word_count,5,112,3-3-5-6-5,3,0.00078782,minor,deuteronomy,control_top200
word_count,5,113,2-3-4-5-2,3,0.00078782,minor,deuteronomy,control_top200
word_count,5,114,3-3-3-2-5,3,0.00078782,minor,deuteronomy,control_top200
word_count,5,115,3-4-4-3-5,3,0.00078782,minor,deuteronomy,control_top200
word_count,5,116,4-3-5-2-5,3,0.00078782,minor,deuteronomy,control_top200
word_count,5,117,5-3-3-3-4,3,0.00078782,minor,deuteronomy,control_top200
word_count,5,118,3-2-5-5-2,3,0.00078782,minor,deuteronomy,control_top200
word_count,5,119,4-2-2-3-1,3,0.00078782,minor,deuteronomy,control_top200
word_count,5,120,5-6-2-2-4,3,0.00078782,minor,deuteronomy,control_top200
word_count,5,121,4-1-4-3-4,3,0.00078782,minor,deuteronomy,control_top200
word_count,5,122,3-3-5-3-5,3,0.00078782,minor,deuteronomy,control_top200
word_count,5,123,4-3-4-7-3,3,0.00078782,minor,deuteronomy,control_top200
word_count,5,124,3-5-4-5-4,3,0.00078782,minor,deuteronomy,control_top200
word_count,5,125,4-3-3-2-5,3,0.00078782,minor,deuteronomy,control_top200
word_count,5,126,4-3-1-5-3,3,0.00078782,minor,deuteronomy,control_top200
word_count,5,127,3-1-5-3-3,3,0.00078782,minor,deuteronomy,control_top200
word_count,5,128,2-5-4-5-3,3,0.00078782,minor,deuteronomy,control_top200
word_count,5,129,2-4-3-5-2,3,0.00078782,minor,deuteronomy,control_top200
word_count,5,130,5-2-2-3-3,3,0.00078782,minor,deuteronomy,control_top200
word_count,5,131,2-4-2-4-4,3,0.00078782,minor,deuteronomy,control_top200
word_count,5,132,2-3-3-2-4,3,0.00078782,minor,deuteronomy,control_top200
word_count,5,133,3-2-4-4-5,3,0.00078782,minor,deuteronomy,control_top200
word_count,5,134,3-3-4-3-2,3,0.00078782,minor,deuteronomy,control_top200
word_count,5,135,5-3-6-3-4,3,0.00078782,minor,deuteronomy,control_top200
word_count,5,136,4-3-4-2-3,3,0.00078782,minor,deuteronomy,control_top200
word_count,5,137,4-3-4-3-2,3,0.00078782,minor,deuteronomy,control_top200
word_count,5,138,3-4-3-2-3,3,0.00078782,minor,deuteronomy,control_top200
word_count,5,139,2-3-3-3-4,3,0.00078782,minor,deuteronomy,control_top200
word_count,5,140,3-4-3-4-4,3,0.00078782,minor,deuteronomy,control_top200
word_count,5,141,4-4-2-4-5,3,0.00078782,minor,deuteronomy,control_top200
word_count,5,142,2-2-2-2-3,3,0.00078782,minor,deuteronomy,control_top200
word_count,5,143,3-3-1-4-2,3,0.00078782,minor,deuteronomy,control_top200
word_count,5,144,4-3-3-2-2,3,0.00078782,minor,deuteronomy,control_top200
word_count,5,145,3-3-2-2-5,3,0.00078782,minor,deuteronomy,control_top200
word_count,5,146,4-2-4-3-3,3,0.00078782,minor,deuteronomy,control_top200
word_count,5,147,4-3-3-3-4,3,0.00078782,minor,deuteronomy,control_top200
word_count,5,148,3-6-3-4-3,3,0.00078782,minor,deuteronomy,control_top200
word_count,5,149,6-3-4-3-3,3,0.00078782,minor,deuteronomy,control_top200
word_count,5,150,4-3-3-2-4,3,0.00078782,minor,deuteronomy,control_top200
word_count,5,151,3-1-3-2-4,3,0.00078782,minor,deuteronomy,control_top200
word_count,5,152,3-2-4-4-3,3,0.00078782,minor,deuteronomy,control_top200
word_count,5,153,2-3-2-4-4,3,0.00078782,minor,deuteronomy,control_top200
word_count,5,154,5-6-3-4-3,3,0.00078782,minor,deuteronomy,control_top200
word_count,5,155,3-3-4-3-5,3,0.00078782,minor,deuteronomy,control_top200
word_count,5,156,4-3-5-4-5,3,0.00078782,minor,deuteronomy,control_top200
word_count,5,157,3-4-2-4-3,3,0.00078782,minor,deuteronomy,control_top200
word_count,5,158,4-2-4-3-5,3,0.00078782,minor,deuteronomy,control_top200
word_count,5,159,4-3-4-4-1,3,0.00078782,minor,deuteronomy,control_top200
word_count,5,160,5-4-4-2-2,3,0.00078782,minor,deuteronomy,control_top200
word_count,5,161,4-4-4-4-3,3,0.00078782,minor,deuteronomy,control_top200
word_count,5,162,2-2-3-4-4,3,0.00078782,minor,deuteronomy,control_top200
word_count,5,163,3-4-2-4-4,3,0.00078782,minor,deuteronomy,control_top200
word_count,5,164,4-4-4-1-4,3,0.00078782,minor,deuteronomy,control_top200
word_count,5,165,3-8-3-3-3,3,0.00078782,minor,deuteronomy,control_top200
word_count,5,166,3-3-3-3-6,3,0.00078782,minor,deuteronomy,control_top200
word_count,5,167,2-4-3-4-3,3,0.00078782,minor,deuteronomy,control_top200
word_count,5,168,2-4-2-3-3,3,0.00078782,minor,deuteronomy,control_top200
word_count,5,169,5-5-4-4-3,3,0.00078782,minor,deuteronomy,control_top200
word_count,5,170,3-4-3-3-5,3,0.00078782,minor,deuteronomy,control_top200
word_count,5,171,2-3-2-3-4,3,0.00078782,minor,deuteronomy,control_top200
word_count,5,172,4-4-3-3-4,3,0.00078782,minor,deuteronomy,control_top200
word_count,5,173,3-3-3-7-3,3,0.00078782,minor,deuteronomy,control_top200
word_count,5,174,7-3-4-4-6,3,0.00078782,minor,deuteronomy,control_top200
word_count,5,175,4-6-4-3-5,3,0.00078782,minor,deuteronomy,control_top200
word_count,5,176,3-5-2-4-3,3,0.00078782,minor,deuteronomy,control_top200
word_count,5,177,5-2-4-3-3,3,0.00078782,minor,deuteronomy,control_top200
word_count,5,178,3-4-5-5-3,3,0.00078782,minor,deuteronomy,control_top200
word_count,5,179,5-6-4-4-4,3,0.00078782,minor,deuteronomy,control_top200
word_count,5,180,4-4-4-3-3,3,0.00078782,minor,deuteronomy,control_top200
word_count,5,181,7-4-4-3-3,3,0.00078782,minor,deuteronomy,control_top200
word_count,5,182,3-3-3-7-4,3,0.00078782,minor,deuteronomy,control_top200
word_count,5,183,3-3-7-4-3,3,0.00078782,minor,deuteronomy,control_top200
word_count,5,184,3-7-4-3-4,3,0.00078782,minor,deuteronomy,control_top200
word_count,5,185,4-3-3-5-3,3,0.00078782,minor,deuteronomy,control_top200
word_count,5,186,4-4-3-5-3,3,0.00078782,minor,deuteronomy,control_top200
word_count,5,187,5-3-4-4-4,3,0.00078782,minor,deuteronomy,control_top200
word_count,5,188,3-4-3-3-4,3,0.00078782,minor,deuteronomy,control_top200
word_count,5,189,1-3-4-1-3,3,0.00078782,minor,deuteronomy,control_top200
word_count,5,190,4-1-3-4-1,3,0.00078782,minor,deuteronomy,control_top200
word_count,5,191,3-3-3-3-5,3,0.00078782,minor,deuteronomy,control_top200
word_count,5,192,3-1-3-3-4,3,0.00078782,minor,deuteronomy,control_top200
word_count,5,193,3-3-5-5-6,2,0.00052521,minor,deuteronomy,control_top200
word_count,5,194,2-4-3-1-3,2,0.00052521,minor,deuteronomy,control_top200
word_count,5,195,3-1-3-4-4,2,0.00052521,minor,deuteronomy,control_top200
word_count,5,196,3-4-4-2-5,2,0.00052521,minor,deuteronomy,control_top200
word_count,5,197,4-2-5-6-5,2,0.00052521,minor,deuteronomy,control_top200
word_count,5,198,5-4-2-3-3,2,0.00052521,minor,deuteronomy,control_top200
word_count,5,199,3-5-2-3-3,2,0.00052521,minor,deuteronomy,control_top200
word_count,5,200,5-2-3-3-3,2,0.00052521,minor,deuteronomy,control_top200
word_count,6,1,3-3-3-3-3-3,9,0.00236407,minor,deuteronomy,control_top200
word_count,6,2,3-3-3-2-3-3,6,0.00157604,minor,deuteronomy,control_top200
word_count,6,3,3-3-2-3-3-3,6,0.00157604,minor,deuteronomy,control_top200
word_count,6,4,3-2-3-3-3-3,6,0.00157604,minor,deuteronomy,control_top200
word_count,6,5,4-3-3-3-3-4,5,0.00131337,minor,deuteronomy,control_top200
word_count,6,6,3-3-3-4-3-3,5,0.00131337,minor,deuteronomy,control_top200
word_count,6,7,3-3-3-3-4-3,5,0.00131337,minor,deuteronomy,control_top200
word_count,6,8,3-3-5-2-2-3,4,0.0010507,minor,deuteronomy,control_top200
word_count,6,9,3-3-3-4-2-3,4,0.0010507,minor,deuteronomy,control_top200
word_count,6,10,3-3-2-4-3-4,4,0.0010507,minor,deuteronomy,control_top200
word_count,6,11,3-3-4-3-3-3,4,0.0010507,minor,deuteronomy,control_top200
word_count,6,12,4-4-3-3-3-3,4,0.0010507,minor,deuteronomy,control_top200
word_count,6,13,4-3-3-4-4-3,4,0.0010507,minor,deuteronomy,control_top200
word_count,6,14,5-3-3-3-2-3,4,0.0010507,minor,deuteronomy,control_top200
word_count,6,15,3-3-3-3-3-4,4,0.0010507,minor,deuteronomy,control_top200
word_count,6,16,2-3-3-3-3-3,4,0.0010507,minor,deuteronomy,control_top200
word_count,6,17,3-3-5-3-3-4,3,0.00078802,minor,deuteronomy,control_top200
word_count,6,18,3-5-3-3-4-2,3,0.00078802,minor,deuteronomy,control_top200
word_count,6,19,4-2-2-2-3-5,3,0.00078802,minor,deuteronomy,control_top200
word_count,6,20,2-2-2-3-5-4,3,0.00078802,minor,deuteronomy,control_top200
word_count,6,21,4-2-5-3-3-5,3,0.00078802,minor,deuteronomy,control_top200
word_count,6,22,2-4-3-3-3-3,3,0.00078802,minor,deuteronomy,control_top200
word_count,6,23,2-5-3-3-3-2,3,0.00078802,minor,deuteronomy,control_top200
word_count,6,24,3-2-4-4-2-3,3,0.00078802,minor,deuteronomy,control_top200
word_count,6,25,4-3-4-2-3-3,3,0.00078802,minor,deuteronomy,control_top200
word_count,6,26,4-2-3-3-4-3,3,0.00078802,minor,deuteronomy,control_top200
word_count,6,27,3-3-3-3-1-4,3,0.00078802,minor,deuteronomy,control_top200
word_count,6,28,3-3-3-1-4-2,3,0.00078802,minor,deuteronomy,control_top200
word_count,6,29,4-3-3-3-4-3,3,0.00078802,minor,deuteronomy,control_top200
word_count,6,30,4-3-3-3-3-3,3,0.00078802,minor,deuteronomy,control_top200
word_count,6,31,4-3-4-4-3-3,3,0.00078802,minor,deuteronomy,control_top200
word_count,6,32,3-3-4-3-4-5,3,0.00078802,minor,deuteronomy,control_top200
word_count,6,33,4-2-3-3-3-5,3,0.00078802,minor,deuteronomy,control_top200
word_count,6,34,3-3-3-7-4-3,3,0.00078802,minor,deuteronomy,control_top200
word_count,6,35,4-3-5-3-3-3,3,0.00078802,minor,deuteronomy,control_top200
word_count,6,36,1-3-4-1-3-4,3,0.00078802,minor,deuteronomy,control_top200
word_count,6,37,3-3-3-2-4-3,3,0.00078802,minor,deuteronomy,control_top200
word_count,6,38,3-4-3-3-3-3,3,0.00078802,minor,deuteronomy,control_top200
word_count,6,39,3-3-3-5-5-6,2,0.00052535,minor,deuteronomy,control_top200
word_count,6,40,2-2-3-5-4-2,2,0.00052535,minor,deuteronomy,control_top200
word_count,6,41,4-2-3-3-5-2,2,0.00052535,minor,deuteronomy,control_top200
word_count,6,42,4-3-4-4-4-2,2,0.00052535,minor,deuteronomy,control_top200
word_count,6,43,4-4-2-3-3-5,2,0.00052535,minor,deuteronomy,control_top200
word_count,6,44,4-2-3-3-5-6,2,0.00052535,minor,deuteronomy,control_top200
word_count,6,45,2-3-3-5-6-4,2,0.00052535,minor,deuteronomy,control_top200
word_count,6,46,3-5-6-4-3-4,2,0.00052535,minor,deuteronomy,control_top200
word_count,6,47,4-3-4-4-4-3,2,0.00052535,minor,deuteronomy,control_top200
word_count,6,48,5-2-3-3-5-3,2,0.00052535,minor,deuteronomy,control_top200
word_count,6,49,4-2-4-2-5-3,2,0.00052535,minor,deuteronomy,control_top200
word_count,6,50,4-3-3-3-5-1,2,0.00052535,minor,deuteronomy,control_top200
word_count,6,51,2-5-4-4-5-2,2,0.00052535,minor,deuteronomy,control_top200
word_count,6,52,5-4-4-5-2-5,2,0.00052535,minor,deuteronomy,control_top200
word_count,6,53,4-4-5-2-5-4,2,0.00052535,minor,deuteronomy,control_top200
word_count,6,54,5-2-2-2-3-4,2,0.00052535,minor,deuteronomy,control_top200
word_count,6,55,2-5-5-3-2-5,2,0.00052535,minor,deuteronomy,control_top200
word_count,6,56,5-5-3-2-5-5,2,0.00052535,minor,deuteronomy,control_top200
word_count,6,57,5-5-1-4-3-3,2,0.00052535,minor,deuteronomy,control_top200
word_count,6,58,4-4-3-4-3-6,2,0.00052535,minor,deuteronomy,control_top200
word_count,6,59,4-6-4-2-4-3,2,0.00052535,minor,deuteronomy,control_top200
word_count,6,60,6-4-2-2-2-3,2,0.00052535,minor,deuteronomy,control_top200
word_count,6,61,4-3-4-5-6-4,2,0.00052535,minor,deuteronomy,control_top200
word_count,6,62,2-3-3-5-2-2,2,0.00052535,minor,deuteronomy,control_top200
word_count,6,63,3-5-2-2-3-2,2,0.00052535,minor,deuteronomy,control_top200
word_count,6,64,5-2-2-3-2-3,2,0.00052535,minor,deuteronomy,control_top200
word_count,6,65,5-3-3-5-3-3,2,0.00052535,minor,deuteronomy,control_top200
word_count,6,66,3-2-4-3-3-3,2,0.00052535,minor,deuteronomy,control_top200
word_count,6,67,3-3-4-4-3-2,2,0.00052535,minor,deuteronomy,control_top200
word_count,6,68,3-4-4-3-2-3,2,0.00052535,minor,deuteronomy,control_top200
word_count,6,69,2-3-4-4-5-3,2,0.00052535,minor,deuteronomy,control_top200
word_count,6,70,4-4-5-3-5-2,2,0.00052535,minor,deuteronomy,control_top200
word_count,6,71,2-3-3-5-6-5,2,0.00052535,minor,deuteronomy,control_top200
word_count,6,72,4-2-3-3-3-3,2,0.00052535,minor,deuteronomy,control_top200
word_count,6,73,2-3-3-3-3-2,2,0.00052535,minor,deuteronomy,control_top200
word_count,6,74,4-2-4-3-4-4,2,0.00052535,minor,deuteronomy,control_top200
word_count,6,75,2-4-3-4-4-3,2,0.00052535,minor,deuteronomy,control_top200
word_count,6,76,4-4-3-5-2-5,2,0.00052535,minor,deuteronomy,control_top200
word_count,6,77,5-3-3-3-4-2,2,0.00052535,minor,deuteronomy,control_top200
word_count,6,78,3-3-4-2-3-2,2,0.00052535,minor,deuteronomy,control_top200
word_count,6,79,4-2-6-3-5-4,2,0.00052535,minor,deuteronomy,control_top200
word_count,6,80,3-4-5-2-3-3,2,0.00052535,minor,deuteronomy,control_top200
word_count,6,81,4-5-2-3-3-5,2,0.00052535,minor,deuteronomy,control_top200
word_count,6,82,2-3-3-5-3-5,2,0.00052535,minor,deuteronomy,control_top200
word_count,6,83,4-3-4-7-3-4,2,0.00052535,minor,deuteronomy,control_top200
word_count,6,84,6-2-6-4-1-4,2,0.00052535,minor,deuteronomy,control_top200
word_count,6,85,3-5-4-3-3-2,2,0.00052535,minor,deuteronomy,control_top200
word_count,6,86,3-4-3-1-5-3,2,0.00052535,minor,deuteronomy,control_top200
word_count,6,87,4-3-1-5-3-3,2,0.00052535,minor,deuteronomy,control_top200
word_count,6,88,3-1-5-3-3-2,2,0.00052535,minor,deuteronomy,control_top200
word_count,6,89,4-2-5-4-5-3,2,0.00052535,minor,deuteronomy,control_top200
word_count,6,90,3-5-1-3-3-11,2,0.00052535,minor,deuteronomy,control_top200
word_count,6,91,3-3-1-3-3-5,2,0.00052535,minor,deuteronomy,control_top200
word_count,6,92,2-4-4-2-3-4,2,0.00052535,minor,deuteronomy,control_top200
word_count,6,93,3-6-3-2-3-2,2,0.00052535,minor,deuteronomy,control_top200
word_count,6,94,3-3-6-4-2-3,2,0.00052535,minor,deuteronomy,control_top200
word_count,6,95,2-2-4-2-4-4,2,0.00052535,minor,deuteronomy,control_top200
word_count,6,96,2-4-2-4-4-5,2,0.00052535,minor,deuteronomy,control_top200
word_count,6,97,3-2-3-3-2-4,2,0.00052535,minor,deuteronomy,control_top200
word_count,6,98,3-4-4-5-3-4,2,0.00052535,minor,deuteronomy,control_top200
word_count,6,99,2-3-4-2-2-2,2,0.00052535,minor,deuteronomy,control_top200
word_count,6,100,2-8-4-2-5-4,2,0.00052535,minor,deuteronomy,control_top200
word_count,6,101,4-4-4-3-4-3,2,0.00052535,minor,deuteronomy,control_top200
word_count,6,102,3-4-3-3-2-5,2,0.00052535,minor,deuteronomy,control_top200
word_count,6,103,4-3-3-2-5-3,2,0.00052535,minor,deuteronomy,control_top200
word_count,6,104,3-4-2-3-3-4,2,0.00052535,minor,deuteronomy,control_top200
word_count,6,105,3-4-3-2-3-3,2,0.00052535,minor,deuteronomy,control_top200
word_count,6,106,4-3-2-3-3-3,2,0.00052535,minor,deuteronomy,control_top200
word_count,6,107,6-4-4-3-2-4,2,0.00052535,minor,deuteronomy,control_top200
word_count,6,108,4-4-3-2-4-6,2,0.00052535,minor,deuteronomy,control_top200
word_count,6,109,2-2-2-2-3-5,2,0.00052535,minor,deuteronomy,control_top200
word_count,6,110,1-3-3-3-3-1,2,0.00052535,minor,deuteronomy,control_top200
word_count,6,111,3-3-2-5-3-3,2,0.00052535,minor,deuteronomy,control_top200
word_count,6,112,4-3-4-5-4-3,2,0.00052535,minor,deuteronomy,control_top200
word_count,6,113,3-4-5-4-3-3,2,0.00052535,minor,deuteronomy,control_top200
word_count,6,114,4-5-4-3-3-2,2,0.00052535,minor,deuteronomy,control_top200
word_count,6,115,4-3-3-2-2-5,2,0.00052535,minor,deuteronomy,control_top200
word_count,6,116,3-3-2-2-5-2,2,0.00052535,minor,deuteronomy,control_top200
word_count,6,117,4-2-4-3-3-3,2,0.00052535,minor,deuteronomy,control_top200
word_count,6,118,3-3-3-4-3-1,2,0.00052535,minor,deuteronomy,control_top200
word_count,6,119,1-3-2-3-6-3,2,0.00052535,minor,deuteronomy,control_top200
word_count,6,120,3-6-3-4-3-3,2,0.00052535,minor,deuteronomy,control_top200
word_count,6,121,6-3-4-3-3-2,2,0.00052535,minor,deuteronomy,control_top200
word_count,6,122,4-3-3-2-4-3,2,0.00052535,minor,deuteronomy,control_top200
word_count,6,123,3-2-4-3-4-4,2,0.00052535,minor,deuteronomy,control_top200
word_count,6,124,4-1-3-3-3-3,2,0.00052535,minor,deuteronomy,control_top200
word_count,6,125,3-3-1-4-2-2,2,0.00052535,minor,deuteronomy,control_top200
word_count,6,126,3-1-4-2-2-2,2,0.00052535,minor,deuteronomy,control_top200
word_count,6,127,4-3-1-4-3-3,2,0.00052535,minor,deuteronomy,control_top200
word_count,6,128,3-1-4-3-3-4,2,0.00052535,minor,deuteronomy,control_top200
word_count,6,129,4-3-3-4-3-3,2,0.00052535,minor,deuteronomy,control_top200
word_count,6,130,5-2-3-2-4-4,2,0.00052535,minor,deuteronomy,control_top200
word_count,6,131,5-2-3-3-4-2,2,0.00052535,minor,deuteronomy,control_top200
word_count,6,132,3-1-3-3-3-2,2,0.00052535,minor,deuteronomy,control_top200
word_count,6,133,2-2-2-3-3-4,2,0.00052535,minor,deuteronomy,control_top200
word_count,6,134,3-3-4-3-5-4,2,0.00052535,minor,deuteronomy,control_top200
word_count,6,135,1-3-3-3-2-4,2,0.00052535,minor,deuteronomy,control_top200
word_count,6,136,3-3-2-4-4-3,2,0.00052535,minor,deuteronomy,control_top200
word_count,6,137,3-4-2-4-3-5,2,0.00052535,minor,deuteronomy,control_top200
word_count,6,138,3-2-4-4-5-6,2,0.00052535,minor,deuteronomy,control_top200
word_count,6,139,5-3-3-5-2-4,2,0.00052535,minor,deuteronomy,control_top200
word_count,6,140,4-2-3-1-5-5,2,0.00052535,minor,deuteronomy,control_top200
word_count,6,141,2-3-1-3-2-4,2,0.00052535,minor,deuteronomy,control_top200
word_count,6,142,4-4-2-2-2-3,2,0.00052535,minor,deuteronomy,control_top200
word_count,6,143,3-2-3-2-3-1,2,0.00052535,minor,deuteronomy,control_top200
word_count,6,144,3-5-4-3-2-4,2,0.00052535,minor,deuteronomy,control_top200
word_count,6,145,2-2-3-4-4-8,2,0.00052535,minor,deuteronomy,control_top200
word_count,6,146,2-3-4-4-2-3,2,0.00052535,minor,deuteronomy,control_top200
word_count,6,147,4-2-4-4-4-1,2,0.00052535,minor,deuteronomy,control_top200
word_count,6,148,2-4-4-4-1-4,2,0.00052535,minor,deuteronomy,control_top200
word_count,6,149,1-4-3-3-2-4,2,0.00052535,minor,deuteronomy,control_top200
word_count,6,150,4-5-5-4-4-3,2,0.00052535,minor,deuteronomy,control_top200
word_count,6,151,2-3-4-3-3-5,2,0.00052535,minor,deuteronomy,control_top200
word_count,6,152,3-4-3-3-5-2,2,0.00052535,minor,deuteronomy,control_top200
word_count,6,153,2-3-2-3-4-3,2,0.00052535,minor,deuteronomy,control_top200
word_count,6,154,3-2-3-4-3-3,2,0.00052535,minor,deuteronomy,control_top200
word_count,6,155,2-4-3-3-2-2,2,0.00052535,minor,deuteronomy,control_top200
word_count,6,156,2-3-3-3-5-5,2,0.00052535,minor,deuteronomy,control_top200
word_count,6,157,3-5-2-4-3-3,2,0.00052535,minor,deuteronomy,control_top200
word_count,6,158,4-3-3-1-6-3,2,0.00052535,minor,deuteronomy,control_top200
word_count,6,159,3-3-3-4-3-4,2,0.00052535,minor,deuteronomy,control_top200
word_count,6,160,3-4-3-4-5-3,2,0.00052535,minor,deuteronomy,control_top200
word_count,6,161,4-5-5-2-4-3,2,0.00052535,minor,deuteronomy,control_top200
word_count,6,162,3-4-2-3-3-3,2,0.00052535,minor,deuteronomy,control_top200
word_count,6,163,3-3-3-5-4-3,2,0.00052535,minor,deuteronomy,control_top200
word_count,6,164,4-3-4-3-2-4,2,0.00052535,minor,deuteronomy,control_top200
word_count,6,165,4-4-3-2-4-4,2,0.00052535,minor,deuteronomy,control_top200
word_count,6,166,4-4-5-6-3-4,2,0.00052535,minor,deuteronomy,control_top200
word_count,6,167,4-5-6-3-4-3,2,0.00052535,minor,deuteronomy,control_top200
word_count,6,168,3-3-3-7-3-3,2,0.00052535,minor,deuteronomy,control_top200
word_count,6,169,3-3-7-3-3-3,2,0.00052535,minor,deuteronomy,control_top200
word_count,6,170,5-4-4-3-2-4,2,0.00052535,minor,deuteronomy,control_top200
word_count,6,171,4-3-3-3-2-3,2,0.00052535,minor,deuteronomy,control_top200
word_count,6,172,4-3-3-5-4-3,2,0.00052535,minor,deuteronomy,control_top200
word_count,6,173,5-6-4-4-4-3,2,0.00052535,minor,deuteronomy,control_top200
word_count,6,174,4-4-4-3-3-3,2,0.00052535,minor,deuteronomy,control_top200
word_count,6,175,4-3-3-3-2-4,2,0.00052535,minor,deuteronomy,control_top200
word_count,6,176,4-4-3-3-4-3,2,0.00052535,minor,deuteronomy,control_top200
word_count,6,177,3-4-4-4-2-4,2,0.00052535,minor,deuteronomy,control_top200
word_count,6,178,2-4-2-5-3-3,2,0.00052535,minor,deuteronomy,control_top200
word_count,6,179,3-3-7-4-3-4,2,0.00052535,minor,deuteronomy,control_top200
word_count,6,180,3-3-4-4-3-5,2,0.00052535,minor,deuteronomy,control_top200
word_count,6,181,3-4-4-3-5-3,2,0.00052535,minor,deuteronomy,control_top200
word_count,6,182,4-4-3-5-3-3,2,0.00052535,minor,deuteronomy,control_top200
word_count,6,183,3-3-1-1-3-3,2,0.00052535,minor,deuteronomy,control_top200
word_count,6,184,7-4-4-3-3-3,2,0.00052535,minor,deuteronomy,control_top200
word_count,6,185,4-2-4-3-5-2,2,0.00052535,minor,deuteronomy,control_top200
word_count,6,186,3-5-4-3-3-5,2,0.00052535,minor,deuteronomy,control_top200
word_count,6,187,4-3-7-3-3-3,2,0.00052535,minor,deuteronomy,control_top200
word_count,6,188,3-4-4-3-3-3,2,0.00052535,minor,deuteronomy,control_top200
word_count,6,189,3-3-4-3-3-4,2,0.00052535,minor,deuteronomy,control_top200
word_count,6,190,4-7-3-4-4-6,2,0.00052535,minor,deuteronomy,control_top200
word_count,6,191,3-5-2-2-3-3,2,0.00052535,minor,deuteronomy,control_top200
word_count,6,192,4-3-3-4-2-4,2,0.00052535,minor,deuteronomy,control_top200
word_count,6,193,4-4-4-1-4-4,2,0.00052535,minor,deuteronomy,control_top200
word_count,6,194,3-7-4-3-4-5,2,0.00052535,minor,deuteronomy,control_top200
word_count,6,195,7-4-3-4-5-1,2,0.00052535,minor,deuteronomy,control_top200
word_count,6,196,3-4-1-3-4-1,2,0.00052535,minor,deuteronomy,control_top200
word_count,6,197,4-1-3-4-1-3,2,0.00052535,minor,deuteronomy,control_top200
word_count,6,198,4-1-4-4-4-1,2,0.00052535,minor,deuteronomy,control_top200
word_count,6,199,3-5-3-3-3-3,2,0.00052535,minor,deuteronomy,control_top200
word_count,6,200,3-3-3-3-4-2,2,0.00052535,minor,deuteronomy,control_top200
pulse_count,2,1,7-7,90,0.02361585,minor,deuteronomy,control_top200
pulse_count,2,2,7-8,67,0.01758069,minor,deuteronomy,control_top200
pulse_count,2,3,7-6,66,0.01731829,minor,deuteronomy,control_top200
pulse_count,2,4,6-6,64,0.01679349,minor,deuteronomy,control_top200
pulse_count,2,5,8-7,59,0.0154815,minor,deuteronomy,control_top200
pulse_count,2,6,6-7,58,0.0152191,minor,deuteronomy,control_top200
pulse_count,2,7,5-7,57,0.0149567,minor,deuteronomy,control_top200
pulse_count,2,8,7-9,52,0.01364471,minor,deuteronomy,control_top200
pulse_count,2,9,9-8,51,0.01338231,minor,deuteronomy,control_top200
pulse_count,2,10,8-8,50,0.01311992,minor,deuteronomy,control_top200
pulse_count,2,11,8-5,47,0.01233272,minor,deuteronomy,control_top200
pulse_count,2,12,9-6,43,0.01128313,minor,deuteronomy,control_top200
pulse_count,2,13,9-7,43,0.01128313,minor,deuteronomy,control_top200
pulse_count,2,14,6-9,41,0.01075833,minor,deuteronomy,control_top200
pulse_count,2,15,8-9,41,0.01075833,minor,deuteronomy,control_top200
pulse_count,2,16,8-6,41,0.01075833,minor,deuteronomy,control_top200
pulse_count,2,17,5-8,40,0.01049593,minor,deuteronomy,control_top200
pulse_count,2,18,5-9,39,0.01023353,minor,deuteronomy,control_top200
pulse_count,2,19,6-5,38,0.00997114,minor,deuteronomy,control_top200
pulse_count,2,20,9-10,38,0.00997114,minor,deuteronomy,control_top200
pulse_count,2,21,8-10,37,0.00970874,minor,deuteronomy,control_top200
pulse_count,2,22,6-8,36,0.00944634,minor,deuteronomy,control_top200
pulse_count,2,23,7-5,36,0.00944634,minor,deuteronomy,control_top200
pulse_count,2,24,7-10,35,0.00918394,minor,deuteronomy,control_top200
pulse_count,2,25,10-5,34,0.00892154,minor,deuteronomy,control_top200
pulse_count,2,26,10-7,34,0.00892154,minor,deuteronomy,control_top200
pulse_count,2,27,10-10,33,0.00865914,minor,deuteronomy,control_top200
pulse_count,2,28,5-6,33,0.00865914,minor,deuteronomy,control_top200
pulse_count,2,29,9-9,33,0.00865914,minor,deuteronomy,control_top200
pulse_count,2,30,9-5,33,0.00865914,minor,deuteronomy,control_top200
pulse_count,2,31,10-9,31,0.00813435,minor,deuteronomy,control_top200
pulse_count,2,32,6-11,30,0.00787195,minor,deuteronomy,control_top200
pulse_count,2,33,4-9,30,0.00787195,minor,deuteronomy,control_top200
pulse_count,2,34,9-11,28,0.00734715,minor,deuteronomy,control_top200
pulse_count,2,35,11-6,28,0.00734715,minor,deuteronomy,control_top200
pulse_count,2,36,4-7,28,0.00734715,minor,deuteronomy,control_top200
pulse_count,2,37,10-6,28,0.00734715,minor,deuteronomy,control_top200
pulse_count,2,38,6-10,27,0.00708475,minor,deuteronomy,control_top200
pulse_count,2,39,4-8,27,0.00708475,minor,deuteronomy,control_top200
pulse_count,2,40,6-4,27,0.00708475,minor,deuteronomy,control_top200
pulse_count,2,41,7-11,25,0.00655996,minor,deuteronomy,control_top200
pulse_count,2,42,5-5,25,0.00655996,minor,deuteronomy,control_top200
pulse_count,2,43,12-7,25,0.00655996,minor,deuteronomy,control_top200
pulse_count,2,44,5-10,24,0.00629756,minor,deuteronomy,control_top200
pulse_count,2,45,11-8,24,0.00629756,minor,deuteronomy,control_top200
pulse_count,2,46,10-11,23,0.00603516,minor,deuteronomy,control_top200
pulse_count,2,47,8-11,23,0.00603516,minor,deuteronomy,control_top200
pulse_count,2,48,10-8,23,0.00603516,minor,deuteronomy,control_top200
pulse_count,2,49,3-8,23,0.00603516,minor,deuteronomy,control_top200
pulse_count,2,50,9-4,23,0.00603516,minor,deuteronomy,control_top200
pulse_count,2,51,11-7,22,0.00577276,minor,deuteronomy,control_top200
pulse_count,2,52,7-12,22,0.00577276,minor,deuteronomy,control_top200
pulse_count,2,53,8-4,21,0.00551036,minor,deuteronomy,control_top200
pulse_count,2,54,3-9,21,0.00551036,minor,deuteronomy,control_top200
pulse_count,2,55,11-4,21,0.00551036,minor,deuteronomy,control_top200
pulse_count,2,56,4-10,20,0.00524797,minor,deuteronomy,control_top200
pulse_count,2,57,11-9,19,0.00498557,minor,deuteronomy,control_top200
pulse_count,2,58,11-10,19,0.00498557,minor,deuteronomy,control_top200
pulse_count,2,59,7-3,19,0.00498557,minor,deuteronomy,control_top200
pulse_count,2,60,4-6,19,0.00498557,minor,deuteronomy,control_top200
pulse_count,2,61,12-6,19,0.00498557,minor,deuteronomy,control_top200
pulse_count,2,62,8-3,18,0.00472317,minor,deuteronomy,control_top200
pulse_count,2,63,5-11,18,0.00472317,minor,deuteronomy,control_top200
pulse_count,2,64,6-2,18,0.00472317,minor,deuteronomy,control_top200
pulse_count,2,65,10-3,17,0.00446077,minor,deuteronomy,control_top200
pulse_count,2,66,10-4,17,0.00446077,minor,deuteronomy,control_top200
pulse_count,2,67,7-4,17,0.00446077,minor,deuteronomy,control_top200
pulse_count,2,68,4-5,16,0.00419837,minor,deuteronomy,control_top200
pulse_count,2,69,11-5,16,0.00419837,minor,deuteronomy,control_top200
pulse_count,2,70,12-8,16,0.00419837,minor,deuteronomy,control_top200
pulse_count,2,71,12-10,16,0.00419837,minor,deuteronomy,control_top200
pulse_count,2,72,13-7,16,0.00419837,minor,deuteronomy,control_top200
pulse_count,2,73,14-9,16,0.00419837,minor,deuteronomy,control_top200
pulse_count,2,74,3-10,16,0.00419837,minor,deuteronomy,control_top200
pulse_count,2,75,9-12,15,0.00393597,minor,deuteronomy,control_top200
pulse_count,2,76,9-3,15,0.00393597,minor,deuteronomy,control_top200
pulse_count,2,77,3-7,15,0.00393597,minor,deuteronomy,control_top200
pulse_count,2,78,10-12,15,0.00393597,minor,deuteronomy,control_top200
pulse_count,2,79,6-3,15,0.00393597,minor,deuteronomy,control_top200
pulse_count,2,80,14-6,14,0.00367358,minor,deuteronomy,control_top200
pulse_count,2,81,7-13,14,0.00367358,minor,deuteronomy,control_top200
pulse_count,2,82,13-6,14,0.00367358,minor,deuteronomy,control_top200
pulse_count,2,83,15-9,14,0.00367358,minor,deuteronomy,control_top200
pulse_count,2,84,11-11,14,0.00367358,minor,deuteronomy,control_top200
pulse_count,2,85,6-12,14,0.00367358,minor,deuteronomy,control_top200
pulse_count,2,86,13-10,13,0.00341118,minor,deuteronomy,control_top200
pulse_count,2,87,5-13,13,0.00341118,minor,deuteronomy,control_top200
pulse_count,2,88,8-13,13,0.00341118,minor,deuteronomy,control_top200
pulse_count,2,89,6-15,13,0.00341118,minor,deuteronomy,control_top200
pulse_count,2,90,12-5,13,0.00341118,minor,deuteronomy,control_top200
pulse_count,2,91,10-13,13,0.00341118,minor,deuteronomy,control_top200
pulse_count,2,92,11-14,13,0.00341118,minor,deuteronomy,control_top200
pulse_count,2,93,8-2,13,0.00341118,minor,deuteronomy,control_top200
pulse_count,2,94,2-6,13,0.00341118,minor,deuteronomy,control_top200
pulse_count,2,95,5-4,12,0.00314878,minor,deuteronomy,control_top200
pulse_count,2,96,13-4,12,0.00314878,minor,deuteronomy,control_top200
pulse_count,2,97,9-13,12,0.00314878,minor,deuteronomy,control_top200
pulse_count,2,98,8-12,12,0.00314878,minor,deuteronomy,control_top200
pulse_count,2,99,7-15,12,0.00314878,minor,deuteronomy,control_top200
pulse_count,2,100,15-7,12,0.00314878,minor,deuteronomy,control_top200
pulse_count,2,101,9-2,11,0.00288638,minor,deuteronomy,control_top200
pulse_count,2,102,5-12,11,0.00288638,minor,deuteronomy,control_top200
pulse_count,2,103,8-15,11,0.00288638,minor,deuteronomy,control_top200
pulse_count,2,104,12-4,11,0.00288638,minor,deuteronomy,control_top200
pulse_count,2,105,5-14,11,0.00288638,minor,deuteronomy,control_top200
pulse_count,2,106,3-13,11,0.00288638,minor,deuteronomy,control_top200
pulse_count,2,107,10-2,11,0.00288638,minor,deuteronomy,control_top200
pulse_count,2,108,5-3,11,0.00288638,minor,deuteronomy,control_top200
pulse_count,2,109,4-12,11,0.00288638,minor,deuteronomy,control_top200
pulse_count,2,110,9-14,10,0.00262398,minor,deuteronomy,control_top200
pulse_count,2,111,4-11,10,0.00262398,minor,deuteronomy,control_top200
pulse_count,2,112,3-5,10,0.00262398,minor,deuteronomy,control_top200
pulse_count,2,113,6-13,10,0.00262398,minor,deuteronomy,control_top200
pulse_count,2,114,13-8,10,0.00262398,minor,deuteronomy,control_top200
pulse_count,2,115,15-8,10,0.00262398,minor,deuteronomy,control_top200
pulse_count,2,116,7-14,10,0.00262398,minor,deuteronomy,control_top200
pulse_count,2,117,2-7,10,0.00262398,minor,deuteronomy,control_top200
pulse_count,2,118,11-12,10,0.00262398,minor,deuteronomy,control_top200
pulse_count,2,119,2-10,10,0.00262398,minor,deuteronomy,control_top200
pulse_count,2,120,2-9,10,0.00262398,minor,deuteronomy,control_top200
pulse_count,2,121,9-15,10,0.00262398,minor,deuteronomy,control_top200
pulse_count,2,122,11-2,10,0.00262398,minor,deuteronomy,control_top200
pulse_count,2,123,14-8,10,0.00262398,minor,deuteronomy,control_top200
pulse_count,2,124,2-4,9,0.00236158,minor,deuteronomy,control_top200
pulse_count,2,125,2-5,9,0.00236158,minor,deuteronomy,control_top200
pulse_count,2,126,3-6,9,0.00236158,minor,deuteronomy,control_top200
pulse_count,2,127,10-16,9,0.00236158,minor,deuteronomy,control_top200
pulse_count,2,128,15-10,9,0.00236158,minor,deuteronomy,control_top200
pulse_count,2,129,11-3,9,0.00236158,minor,deuteronomy,control_top200
pulse_count,2,130,4-4,9,0.00236158,minor,deuteronomy,control_top200
pulse_count,2,131,14-11,9,0.00236158,minor,deuteronomy,control_top200
pulse_count,2,132,13-9,9,0.00236158,minor,deuteronomy,control_top200
pulse_count,2,133,12-12,9,0.00236158,minor,deuteronomy,control_top200
pulse_count,2,134,2-12,8,0.00209919,minor,deuteronomy,control_top200
pulse_count,2,135,8-14,8,0.00209919,minor,deuteronomy,control_top200
pulse_count,2,136,6-16,8,0.00209919,minor,deuteronomy,control_top200
pulse_count,2,137,14-7,8,0.00209919,minor,deuteronomy,control_top200
pulse_count,2,138,11-16,8,0.00209919,minor,deuteronomy,control_top200
pulse_count,2,139,3-12,8,0.00209919,minor,deuteronomy,control_top200
pulse_count,2,140,5-15,8,0.00209919,minor,deuteronomy,control_top200
pulse_count,2,141,13-11,8,0.00209919,minor,deuteronomy,control_top200
pulse_count,2,142,16-5,8,0.00209919,minor,deuteronomy,control_top200
pulse_count,2,143,17-5,8,0.00209919,minor,deuteronomy,control_top200
pulse_count,2,144,4-13,7,0.00183679,minor,deuteronomy,control_top200
pulse_count,2,145,12-9,7,0.00183679,minor,deuteronomy,control_top200
pulse_count,2,146,12-14,7,0.00183679,minor,deuteronomy,control_top200
pulse_count,2,147,14-4,7,0.00183679,minor,deuteronomy,control_top200
pulse_count,2,148,16-6,7,0.00183679,minor,deuteronomy,control_top200
pulse_count,2,149,6-19,7,0.00183679,minor,deuteronomy,control_top200
pulse_count,2,150,2-11,7,0.00183679,minor,deuteronomy,control_top200
pulse_count,2,151,13-12,7,0.00183679,minor,deuteronomy,control_top200
pulse_count,2,152,7-2,7,0.00183679,minor,deuteronomy,control_top200
pulse_count,2,153,14-5,7,0.00183679,minor,deuteronomy,control_top200
pulse_count,2,154,9-18,7,0.00183679,minor,deuteronomy,control_top200
pulse_count,2,155,8-17,7,0.00183679,minor,deuteronomy,control_top200
pulse_count,2,156,10-14,7,0.00183679,minor,deuteronomy,control_top200
pulse_count,2,157,11-13,7,0.00183679,minor,deuteronomy,control_top200
pulse_count,2,158,4-15,7,0.00183679,minor,deuteronomy,control_top200
pulse_count,2,159,10-15,7,0.00183679,minor,deuteronomy,control_top200
pulse_count,2,160,13-16,6,0.00157439,minor,deuteronomy,control_top200
pulse_count,2,161,15-11,6,0.00157439,minor,deuteronomy,control_top200
pulse_count,2,162,12-13,6,0.00157439,minor,deuteronomy,control_top200
pulse_count,2,163,16-4,6,0.00157439,minor,deuteronomy,control_top200
pulse_count,2,164,16-9,6,0.00157439,minor,deuteronomy,control_top200
pulse_count,2,165,2-8,6,0.00157439,minor,deuteronomy,control_top200
pulse_count,2,166,16-7,6,0.00157439,minor,deuteronomy,control_top200
pulse_count,2,167,15-13,6,0.00157439,minor,deuteronomy,control_top200
pulse_count,2,168,12-3,6,0.00157439,minor,deuteronomy,control_top200
pulse_count,2,169,8-16,6,0.00157439,minor,deuteronomy,control_top200
pulse_count,2,170,13-3,6,0.00157439,minor,deuteronomy,control_top200
pulse_count,2,171,3-11,6,0.00157439,minor,deuteronomy,control_top200
pulse_count,2,172,7-1,5,0.00131199,minor,deuteronomy,control_top200
pulse_count,2,173,1-6,5,0.00131199,minor,deuteronomy,control_top200
pulse_count,2,174,17-9,5,0.00131199,minor,deuteronomy,control_top200
pulse_count,2,175,7-26,5,0.00131199,minor,deuteronomy,control_top200
pulse_count,2,176,6-14,5,0.00131199,minor,deuteronomy,control_top200
pulse_count,2,177,17-3,5,0.00131199,minor,deuteronomy,control_top200
pulse_count,2,178,15-6,5,0.00131199,minor,deuteronomy,control_top200
pulse_count,2,179,12-11,5,0.00131199,minor,deuteronomy,control_top200
pulse_count,2,180,19-7,5,0.00131199,minor,deuteronomy,control_top200
pulse_count,2,181,13-5,5,0.00131199,minor,deuteronomy,control_top200
pulse_count,2,182,14-12,5,0.00131199,minor,deuteronomy,control_top200
pulse_count,2,183,15-3,5,0.00131199,minor,deuteronomy,control_top200
pulse_count,2,184,3-4,5,0.00131199,minor,deuteronomy,control_top200
pulse_count,2,185,4-14,5,0.00131199,minor,deuteronomy,control_top200
pulse_count,2,186,6-17,5,0.00131199,minor,deuteronomy,control_top200
pulse_count,2,187,4-17,5,0.00131199,minor,deuteronomy,control_top200
pulse_count,2,188,13-2,5,0.00131199,minor,deuteronomy,control_top200
pulse_count,2,189,16-11,5,0.00131199,minor,deuteronomy,control_top200
pulse_count,2,190,4-2,5,0.00131199,minor,deuteronomy,control_top200
pulse_count,2,191,18-9,5,0.00131199,minor,deuteronomy,control_top200
pulse_count,2,192,16-10,5,0.00131199,minor,deuteronomy,control_top200
pulse_count,2,193,12-15,5,0.00131199,minor,deuteronomy,control_top200
pulse_count,2,194,15-4,5,0.00131199,minor,deuteronomy,control_top200
pulse_count,2,195,18-11,5,0.00131199,minor,deuteronomy,control_top200
pulse_count,2,196,9-17,4,0.00104959,minor,deuteronomy,control_top200
pulse_count,2,197,21-6,4,0.00104959,minor,deuteronomy,control_top200
pulse_count,2,198,19-9,4,0.00104959,minor,deuteronomy,control_top200
pulse_count,2,199,1-5,4,0.00104959,minor,deuteronomy,control_top200
pulse_count,2,200,11-15,4,0.00104959,minor,deuteronomy,control_top200
pulse_count,3,1,7-7-6,17,0.00446194,minor,deuteronomy,control_top200
pulse_count,3,2,8-8-7,14,0.00367454,minor,deuteronomy,control_top200
pulse_count,3,3,8-7-7,13,0.00341207,minor,deuteronomy,control_top200
pulse_count,3,4,6-7-7,13,0.00341207,minor,deuteronomy,control_top200
pulse_count,3,5,7-7-7,13,0.00341207,minor,deuteronomy,control_top200
pulse_count,3,6,7-7-8,13,0.00341207,minor,deuteronomy,control_top200
pulse_count,3,7,7-6-7,13,0.00341207,minor,deuteronomy,control_top200
pulse_count,3,8,6-9-8,11,0.00288714,minor,deuteronomy,control_top200
pulse_count,3,9,8-7-8,11,0.00288714,minor,deuteronomy,control_top200
pulse_count,3,10,7-6-9,10,0.00262467,minor,deuteronomy,control_top200
pulse_count,3,11,7-5-7,10,0.00262467,minor,deuteronomy,control_top200
pulse_count,3,12,7-8-7,10,0.00262467,minor,deuteronomy,control_top200
pulse_count,3,13,5-7-7,9,0.0023622,minor,deuteronomy,control_top200
pulse_count,3,14,7-9-6,9,0.0023622,minor,deuteronomy,control_top200
pulse_count,3,15,7-7-9,9,0.0023622,minor,deuteronomy,control_top200
pulse_count,3,16,5-7-8,9,0.0023622,minor,deuteronomy,control_top200
pulse_count,3,17,7-7-5,9,0.0023622,minor,deuteronomy,control_top200
pulse_count,3,18,6-7-8,9,0.0023622,minor,deuteronomy,control_top200
pulse_count,3,19,8-7-6,9,0.0023622,minor,deuteronomy,control_top200
pulse_count,3,20,7-8-8,9,0.0023622,minor,deuteronomy,control_top200
pulse_count,3,21,6-6-5,8,0.00209974,minor,deuteronomy,control_top200
pulse_count,3,22,10-5-7,8,0.00209974,minor,deuteronomy,control_top200
pulse_count,3,23,9-7-9,8,0.00209974,minor,deuteronomy,control_top200
pulse_count,3,24,9-6-7,8,0.00209974,minor,deuteronomy,control_top200
pulse_count,3,25,8-5-9,8,0.00209974,minor,deuteronomy,control_top200
pulse_count,3,26,7-9-8,8,0.00209974,minor,deuteronomy,control_top200
pulse_count,3,27,6-8-9,8,0.00209974,minor,deuteronomy,control_top200
pulse_count,3,28,6-7-9,8,0.00209974,minor,deuteronomy,control_top200
pulse_count,3,29,5-7-9,8,0.00209974,minor,deuteronomy,control_top200
pulse_count,3,30,7-8-6,8,0.00209974,minor,deuteronomy,control_top200
pulse_count,3,31,7-8-10,7,0.00183727,minor,deuteronomy,control_top200
pulse_count,3,32,9-6-6,7,0.00183727,minor,deuteronomy,control_top200
pulse_count,3,33,6-6-9,7,0.00183727,minor,deuteronomy,control_top200
pulse_count,3,34,9-8-6,7,0.00183727,minor,deuteronomy,control_top200
pulse_count,3,35,7-7-10,7,0.00183727,minor,deuteronomy,control_top200
pulse_count,3,36,5-8-7,7,0.00183727,minor,deuteronomy,control_top200
pulse_count,3,37,7-9-10,7,0.00183727,minor,deuteronomy,control_top200
pulse_count,3,38,9-5-8,7,0.00183727,minor,deuteronomy,control_top200
pulse_count,3,39,6-6-2,7,0.00183727,minor,deuteronomy,control_top200
pulse_count,3,40,6-5-9,7,0.00183727,minor,deuteronomy,control_top200
pulse_count,3,41,9-8-8,7,0.00183727,minor,deuteronomy,control_top200
pulse_count,3,42,8-6-7,7,0.00183727,minor,deuteronomy,control_top200
pulse_count,3,43,7-8-9,7,0.00183727,minor,deuteronomy,control_top200
pulse_count,3,44,8-9-7,7,0.00183727,minor,deuteronomy,control_top200
pulse_count,3,45,5-9-7,7,0.00183727,minor,deuteronomy,control_top200
pulse_count,3,46,5-9-4,7,0.00183727,minor,deuteronomy,control_top200
pulse_count,3,47,5-10-5,6,0.0015748,minor,deuteronomy,control_top200
pulse_count,3,48,9-8-7,6,0.0015748,minor,deuteronomy,control_top200
pulse_count,3,49,9-9-3,6,0.0015748,minor,deuteronomy,control_top200
pulse_count,3,50,6-5-6,6,0.0015748,minor,deuteronomy,control_top200
pulse_count,3,51,6-9-11,6,0.0015748,minor,deuteronomy,control_top200
pulse_count,3,52,10-8-5,6,0.0015748,minor,deuteronomy,control_top200
pulse_count,3,53,5-6-10,6,0.0015748,minor,deuteronomy,control_top200
pulse_count,3,54,8-9-8,6,0.0015748,minor,deuteronomy,control_top200
pulse_count,3,55,8-6-6,6,0.0015748,minor,deuteronomy,control_top200
pulse_count,3,56,7-5-9,6,0.0015748,minor,deuteronomy,control_top200
pulse_count,3,57,6-11-6,6,0.0015748,minor,deuteronomy,control_top200
pulse_count,3,58,6-6-7,6,0.0015748,minor,deuteronomy,control_top200
pulse_count,3,59,8-5-8,6,0.0015748,minor,deuteronomy,control_top200
pulse_count,3,60,8-10-10,6,0.0015748,minor,deuteronomy,control_top200
pulse_count,3,61,5-8-8,6,0.0015748,minor,deuteronomy,control_top200
pulse_count,3,62,6-5-7,6,0.0015748,minor,deuteronomy,control_top200
pulse_count,3,63,7-8-5,6,0.0015748,minor,deuteronomy,control_top200
pulse_count,3,64,4-7-7,6,0.0015748,minor,deuteronomy,control_top200
pulse_count,3,65,9-9-5,6,0.0015748,minor,deuteronomy,control_top200
pulse_count,3,66,8-10-8,6,0.0015748,minor,deuteronomy,control_top200
pulse_count,3,67,7-6-8,6,0.0015748,minor,deuteronomy,control_top200
pulse_count,3,68,9-5-7,6,0.0015748,minor,deuteronomy,control_top200
pulse_count,3,69,12-7-7,6,0.0015748,minor,deuteronomy,control_top200
pulse_count,3,70,8-9-10,6,0.0015748,minor,deuteronomy,control_top200
pulse_count,3,71,3-9-6,6,0.0015748,minor,deuteronomy,control_top200
pulse_count,3,72,10-6-6,6,0.0015748,minor,deuteronomy,control_top200
pulse_count,3,73,5-7-6,6,0.0015748,minor,deuteronomy,control_top200
pulse_count,3,74,9-10-6,6,0.0015748,minor,deuteronomy,control_top200
pulse_count,3,75,6-8-6,6,0.0015748,minor,deuteronomy,control_top200
pulse_count,3,76,9-4-7,6,0.0015748,minor,deuteronomy,control_top200
pulse_count,3,77,5-7-11,5,0.00131234,minor,deuteronomy,control_top200
pulse_count,3,78,6-8-7,5,0.00131234,minor,deuteronomy,control_top200
pulse_count,3,79,11-5-10,5,0.00131234,minor,deuteronomy,control_top200
pulse_count,3,80,5-6-7,5,0.00131234,minor,deuteronomy,control_top200
pulse_count,3,81,8-8-9,5,0.00131234,minor,deuteronomy,control_top200
pulse_count,3,82,8-8-5,5,0.00131234,minor,deuteronomy,control_top200
pulse_count,3,83,8-10-9,5,0.00131234,minor,deuteronomy,control_top200
pulse_count,3,84,5-5-7,5,0.00131234,minor,deuteronomy,control_top200
pulse_count,3,85,8-11-6,5,0.00131234,minor,deuteronomy,control_top200
pulse_count,3,86,10-5-9,5,0.00131234,minor,deuteronomy,control_top200
pulse_count,3,87,8-5-6,5,0.00131234,minor,deuteronomy,control_top200
pulse_count,3,88,6-6-6,5,0.00131234,minor,deuteronomy,control_top200
pulse_count,3,89,7-6-5,5,0.00131234,minor,deuteronomy,control_top200
pulse_count,3,90,7-5-6,5,0.00131234,minor,deuteronomy,control_top200
pulse_count,3,91,5-6-6,5,0.00131234,minor,deuteronomy,control_top200
pulse_count,3,92,8-6-11,5,0.00131234,minor,deuteronomy,control_top200
pulse_count,3,93,7-6-6,5,0.00131234,minor,deuteronomy,control_top200
pulse_count,3,94,4-6-5,5,0.00131234,minor,deuteronomy,control_top200
pulse_count,3,95,9-10-9,5,0.00131234,minor,deuteronomy,control_top200
pulse_count,3,96,10-9-7,5,0.00131234,minor,deuteronomy,control_top200
pulse_count,3,97,9-7-6,5,0.00131234,minor,deuteronomy,control_top200
pulse_count,3,98,6-10-10,5,0.00131234,minor,deuteronomy,control_top200
pulse_count,3,99,10-6-5,5,0.00131234,minor,deuteronomy,control_top200
pulse_count,3,100,9-3-8,5,0.00131234,minor,deuteronomy,control_top200
pulse_count,3,101,6-6-11,5,0.00131234,minor,deuteronomy,control_top200
pulse_count,3,102,11-4-9,5,0.00131234,minor,deuteronomy,control_top200
pulse_count,3,103,4-9-10,5,0.00131234,minor,deuteronomy,control_top200
pulse_count,3,104,3-8-7,5,0.00131234,minor,deuteronomy,control_top200
pulse_count,3,105,13-4-7,5,0.00131234,minor,deuteronomy,control_top200
pulse_count,3,106,11-6-7,5,0.00131234,minor,deuteronomy,control_top200
pulse_count,3,107,6-7-5,5,0.00131234,minor,deuteronomy,control_top200
pulse_count,3,108,6-6-10,5,0.00131234,minor,deuteronomy,control_top200
pulse_count,3,109,8-6-4,5,0.00131234,minor,deuteronomy,control_top200
pulse_count,3,110,7-9-9,5,0.00131234,minor,deuteronomy,control_top200
pulse_count,3,111,9-8-10,5,0.00131234,minor,deuteronomy,control_top200
pulse_count,3,112,3-12-7,5,0.00131234,minor,deuteronomy,control_top200
pulse_count,3,113,9-5-5,5,0.00131234,minor,deuteronomy,control_top200
pulse_count,3,114,5-6-4,5,0.00131234,minor,deuteronomy,control_top200
pulse_count,3,115,6-2-7,5,0.00131234,minor,deuteronomy,control_top200
pulse_count,3,116,7-4-8,5,0.00131234,minor,deuteronomy,control_top200
pulse_count,3,117,11-6-8,5,0.00131234,minor,deuteronomy,control_top200
pulse_count,3,118,9-4-10,5,0.00131234,minor,deuteronomy,control_top200
pulse_count,3,119,6-4-7,5,0.00131234,minor,deuteronomy,control_top200
pulse_count,3,120,10-7-7,5,0.00131234,minor,deuteronomy,control_top200
pulse_count,3,121,8-8-8,5,0.00131234,minor,deuteronomy,control_top200
pulse_count,3,122,5-8-10,5,0.00131234,minor,deuteronomy,control_top200
pulse_count,3,123,10-7-6,5,0.00131234,minor,deuteronomy,control_top200
pulse_count,3,124,10-10-7,5,0.00131234,minor,deuteronomy,control_top200
pulse_count,3,125,9-7-8,5,0.00131234,minor,deuteronomy,control_top200
pulse_count,3,126,7-6-2,5,0.00131234,minor,deuteronomy,control_top200
pulse_count,3,127,4-5-7,4,0.00104987,minor,deuteronomy,control_top200
pulse_count,3,128,10-11-5,4,0.00104987,minor,deuteronomy,control_top200
pulse_count,3,129,8-9-9,4,0.00104987,minor,deuteronomy,control_top200
pulse_count,3,130,10-9-8,4,0.00104987,minor,deuteronomy,control_top200
pulse_count,3,131,9-8-9,4,0.00104987,minor,deuteronomy,control_top200
pulse_count,3,132,5-7-13,4,0.00104987,minor,deuteronomy,control_top200
pulse_count,3,133,11-6-9,4,0.00104987,minor,deuteronomy,control_top200
pulse_count,3,134,9-8-5,4,0.00104987,minor,deuteronomy,control_top200
pulse_count,3,135,8-5-10,4,0.00104987,minor,deuteronomy,control_top200
pulse_count,3,136,5-10-7,4,0.00104987,minor,deuteronomy,control_top200
pulse_count,3,137,10-9-6,4,0.00104987,minor,deuteronomy,control_top200
pulse_count,3,138,9-6-5,4,0.00104987,minor,deuteronomy,control_top200
pulse_count,3,139,7-11-5,4,0.00104987,minor,deuteronomy,control_top200
pulse_count,3,140,10-3-6,4,0.00104987,minor,deuteronomy,control_top200
pulse_count,3,141,6-11-8,4,0.00104987,minor,deuteronomy,control_top200
pulse_count,3,142,11-8-10,4,0.00104987,minor,deuteronomy,control_top200
pulse_count,3,143,7-10-8,4,0.00104987,minor,deuteronomy,control_top200
pulse_count,3,144,6-7-10,4,0.00104987,minor,deuteronomy,control_top200
pulse_count,3,145,7-10-9,4,0.00104987,minor,deuteronomy,control_top200
pulse_count,3,146,5-5-8,4,0.00104987,minor,deuteronomy,control_top200
pulse_count,3,147,5-8-6,4,0.00104987,minor,deuteronomy,control_top200
pulse_count,3,148,6-5-8,4,0.00104987,minor,deuteronomy,control_top200
pulse_count,3,149,5-8-5,4,0.00104987,minor,deuteronomy,control_top200
pulse_count,3,150,11-4-8,4,0.00104987,minor,deuteronomy,control_top200
pulse_count,3,151,8-8-10,4,0.00104987,minor,deuteronomy,control_top200
pulse_count,3,152,8-9-5,4,0.00104987,minor,deuteronomy,control_top200
pulse_count,3,153,9-10-3,4,0.00104987,minor,deuteronomy,control_top200
pulse_count,3,154,8-4-7,4,0.00104987,minor,deuteronomy,control_top200
pulse_count,3,155,7-10-11,4,0.00104987,minor,deuteronomy,control_top200
pulse_count,3,156,6-6-8,4,0.00104987,minor,deuteronomy,control_top200
pulse_count,3,157,12-13-7,4,0.00104987,minor,deuteronomy,control_top200
pulse_count,3,158,8-7-14,4,0.00104987,minor,deuteronomy,control_top200
pulse_count,3,159,2-7-7,4,0.00104987,minor,deuteronomy,control_top200
pulse_count,3,160,10-4-5,4,0.00104987,minor,deuteronomy,control_top200
pulse_count,3,161,9-11-9,4,0.00104987,minor,deuteronomy,control_top200
pulse_count,3,162,4-8-7,4,0.00104987,minor,deuteronomy,control_top200
pulse_count,3,163,7-12-8,4,0.00104987,minor,deuteronomy,control_top200
pulse_count,3,164,6-4-8,4,0.00104987,minor,deuteronomy,control_top200
pulse_count,3,165,10-4-9,4,0.00104987,minor,deuteronomy,control_top200
pulse_count,3,166,7-11-11,4,0.00104987,minor,deuteronomy,control_top200
pulse_count,3,167,5-3-10,4,0.00104987,minor,deuteronomy,control_top200
pulse_count,3,168,6-3-9,4,0.00104987,minor,deuteronomy,control_top200
pulse_count,3,169,4-6-6,4,0.00104987,minor,deuteronomy,control_top200
pulse_count,3,170,10-6-9,4,0.00104987,minor,deuteronomy,control_top200
pulse_count,3,171,5-5-6,4,0.00104987,minor,deuteronomy,control_top200
pulse_count,3,172,9-11-7,4,0.00104987,minor,deuteronomy,control_top200
pulse_count,3,173,7-7-4,4,0.00104987,minor,deuteronomy,control_top200
pulse_count,3,174,5-7-15,4,0.00104987,minor,deuteronomy,control_top200
pulse_count,3,175,6-10-4,4,0.00104987,minor,deuteronomy,control_top200
pulse_count,3,176,4-7-6,4,0.00104987,minor,deuteronomy,control_top200
pulse_count,3,177,6-8-4,4,0.00104987,minor,deuteronomy,control_top200
pulse_count,3,178,9-7-10,4,0.00104987,minor,deuteronomy,control_top200
pulse_count,3,179,2-6-6,4,0.00104987,minor,deuteronomy,control_top200
pulse_count,3,180,6-6-4,4,0.00104987,minor,deuteronomy,control_top200
pulse_count,3,181,4-9-8,4,0.00104987,minor,deuteronomy,control_top200
pulse_count,3,182,4-8-5,4,0.00104987,minor,deuteronomy,control_top200
pulse_count,3,183,6-9-12,4,0.00104987,minor,deuteronomy,control_top200
pulse_count,3,184,8-15-8,4,0.00104987,minor,deuteronomy,control_top200
pulse_count,3,185,12-7-5,4,0.00104987,minor,deuteronomy,control_top200
pulse_count,3,186,3-10-7,4,0.00104987,minor,deuteronomy,control_top200
pulse_count,3,187,9-9-8,4,0.00104987,minor,deuteronomy,control_top200
pulse_count,3,188,4-10-7,4,0.00104987,minor,deuteronomy,control_top200
pulse_count,3,189,7-9-7,4,0.00104987,minor,deuteronomy,control_top200
pulse_count,3,190,9-10-5,4,0.00104987,minor,deuteronomy,control_top200
pulse_count,3,191,9-5-9,4,0.00104987,minor,deuteronomy,control_top200
pulse_count,3,192,9-7-3,4,0.00104987,minor,deuteronomy,control_top200
pulse_count,3,193,9-6-8,4,0.00104987,minor,deuteronomy,control_top200
pulse_count,3,194,10-9-10,4,0.00104987,minor,deuteronomy,control_top200
pulse_count,3,195,8-10-11,4,0.00104987,minor,deuteronomy,control_top200
pulse_count,3,196,16-6-6,4,0.00104987,minor,deuteronomy,control_top200
pulse_count,3,197,5-7-10,4,0.00104987,minor,deuteronomy,control_top200
pulse_count,3,198,10-11-9,4,0.00104987,minor,deuteronomy,control_top200
pulse_count,3,199,3-7-7,4,0.00104987,minor,deuteronomy,control_top200
pulse_count,3,200,5-10-9,4,0.00104987,minor,deuteronomy,control_top200
pulse_count,4,1,7-7-8-7,5,0.00131268,minor,deuteronomy,control_top200
pulse_count,4,2,8-7-7-8,5,0.00131268,minor,deuteronomy,control_top200
pulse_count,4,3,7-7-6-7,5,0.00131268,minor,deuteronomy,control_top200
pulse_count,4,4,7-7-7-8,4,0.00105014,minor,deuteronomy,control_top200
pulse_count,4,5,9-7-9-6,4,0.00105014,minor,deuteronomy,control_top200
pulse_count,4,6,7-9-6-6,4,0.00105014,minor,deuteronomy,control_top200
pulse_count,4,7,8-8-7-7,4,0.00105014,minor,deuteronomy,control_top200
pulse_count,4,8,8-7-7-6,4,0.00105014,minor,deuteronomy,control_top200
pulse_count,4,9,7-6-9-8,4,0.00105014,minor,deuteronomy,control_top200
pulse_count,4,10,7-7-6-9,4,0.00105014,minor,deuteronomy,control_top200
pulse_count,4,11,7-7-7-6,4,0.00105014,minor,deuteronomy,control_top200
pulse_count,4,12,6-6-5-6,3,0.00078761,minor,deuteronomy,control_top200
pulse_count,4,13,7-6-10-10,3,0.00078761,minor,deuteronomy,control_top200
pulse_count,4,14,5-8-8-7,3,0.00078761,minor,deuteronomy,control_top200
pulse_count,4,15,9-5-5-6,3,0.00078761,minor,deuteronomy,control_top200
pulse_count,4,16,9-6-7-7,3,0.00078761,minor,deuteronomy,control_top200
pulse_count,4,17,12-7-7-9,3,0.00078761,minor,deuteronomy,control_top200
pulse_count,4,18,9-6-7-8,3,0.00078761,minor,deuteronomy,control_top200
pulse_count,4,19,6-7-8-9,3,0.00078761,minor,deuteronomy,control_top200
pulse_count,4,20,8-9-7-9,3,0.00078761,minor,deuteronomy,control_top200
pulse_count,4,21,9-4-10-7,3,0.00078761,minor,deuteronomy,control_top200
pulse_count,4,22,7-8-8-8,3,0.00078761,minor,deuteronomy,control_top200
pulse_count,4,23,8-7-8-7,3,0.00078761,minor,deuteronomy,control_top200
pulse_count,4,24,3-10-7-7,3,0.00078761,minor,deuteronomy,control_top200
pulse_count,4,25,6-7-7-5,3,0.00078761,minor,deuteronomy,control_top200
pulse_count,4,26,7-5-9-7,3,0.00078761,minor,deuteronomy,control_top200
pulse_count,4,27,7-8-6-6,3,0.00078761,minor,deuteronomy,control_top200
pulse_count,4,28,6-9-8-8,3,0.00078761,minor,deuteronomy,control_top200
pulse_count,4,29,5-8-7-8,3,0.00078761,minor,deuteronomy,control_top200
pulse_count,4,30,2-6-6-2,3,0.00078761,minor,deuteronomy,control_top200
pulse_count,4,31,6-2-7-6,3,0.00078761,minor,deuteronomy,control_top200
pulse_count,4,32,8-7-6-7,3,0.00078761,minor,deuteronomy,control_top200
pulse_count,4,33,8-8-7-8,3,0.00078761,minor,deuteronomy,control_top200
pulse_count,4,34,6-7-7-6,3,0.00078761,minor,deuteronomy,control_top200
pulse_count,4,35,7-7-8-8,3,0.00078761,minor,deuteronomy,control_top200
pulse_count,4,36,7-6-7-7,3,0.00078761,minor,deuteronomy,control_top200
pulse_count,4,37,7-7-7-7,3,0.00078761,minor,deuteronomy,control_top200
pulse_count,4,38,7-8-7-7,3,0.00078761,minor,deuteronomy,control_top200
pulse_count,4,39,4-5-7-11,2,0.00052507,minor,deuteronomy,control_top200
pulse_count,4,40,11-9-14-6,2,0.00052507,minor,deuteronomy,control_top200
pulse_count,4,41,6-8-7-1,2,0.00052507,minor,deuteronomy,control_top200
pulse_count,4,42,11-8-8-9,2,0.00052507,minor,deuteronomy,control_top200
pulse_count,4,43,8-5-12-10,2,0.00052507,minor,deuteronomy,control_top200
pulse_count,4,44,9-8-9-6,2,0.00052507,minor,deuteronomy,control_top200
pulse_count,4,45,5-5-7-13,2,0.00052507,minor,deuteronomy,control_top200
pulse_count,4,46,7-8-11-6,2,0.00052507,minor,deuteronomy,control_top200
pulse_count,4,47,8-11-6-9,2,0.00052507,minor,deuteronomy,control_top200
pulse_count,4,48,6-9-8-5,2,0.00052507,minor,deuteronomy,control_top200
pulse_count,4,49,8-5-10-7,2,0.00052507,minor,deuteronomy,control_top200
pulse_count,4,50,10-9-6-5,2,0.00052507,minor,deuteronomy,control_top200
pulse_count,4,51,9-6-6-5,2,0.00052507,minor,deuteronomy,control_top200
pulse_count,4,52,14-9-10-10,2,0.00052507,minor,deuteronomy,control_top200
pulse_count,4,53,9-10-10-3,2,0.00052507,minor,deuteronomy,control_top200
pulse_count,4,54,7-6-5-8,2,0.00052507,minor,deuteronomy,control_top200
pulse_count,4,55,6-5-8-5,2,0.00052507,minor,deuteronomy,control_top200
pulse_count,4,56,5-8-5-8,2,0.00052507,minor,deuteronomy,control_top200
pulse_count,4,57,11-4-8-8,2,0.00052507,minor,deuteronomy,control_top200
pulse_count,4,58,8-8-10-10,2,0.00052507,minor,deuteronomy,control_top200
pulse_count,4,59,8-10-10-4,2,0.00052507,minor,deuteronomy,control_top200
pulse_count,4,60,7-5-6-6,2,0.00052507,minor,deuteronomy,control_top200
pulse_count,4,61,8-4-10-5,2,0.00052507,minor,deuteronomy,control_top200
pulse_count,4,62,10-5-7-7,2,0.00052507,minor,deuteronomy,control_top200
pulse_count,4,63,7-7-10-11,2,0.00052507,minor,deuteronomy,control_top200
pulse_count,4,64,7-6-6-8,2,0.00052507,minor,deuteronomy,control_top200
pulse_count,4,65,4-6-5-13,2,0.00052507,minor,deuteronomy,control_top200
pulse_count,4,66,5-13-6-11,2,0.00052507,minor,deuteronomy,control_top200
pulse_count,4,67,10-9-7-6,2,0.00052507,minor,deuteronomy,control_top200
pulse_count,4,68,4-5-8-7,2,0.00052507,minor,deuteronomy,control_top200
pulse_count,4,69,4-8-10-5,2,0.00052507,minor,deuteronomy,control_top200
pulse_count,4,70,6-5-7-7,2,0.00052507,minor,deuteronomy,control_top200
pulse_count,4,71,9-10-4-5,2,0.00052507,minor,deuteronomy,control_top200
pulse_count,4,72,9-9-3-8,2,0.00052507,minor,deuteronomy,control_top200
pulse_count,4,73,6-6-11-4,2,0.00052507,minor,deuteronomy,control_top200
pulse_count,4,74,6-11-4-9,2,0.00052507,minor,deuteronomy,control_top200
pulse_count,4,75,11-4-9-10,2,0.00052507,minor,deuteronomy,control_top200
pulse_count,4,76,5-7-7-5,2,0.00052507,minor,deuteronomy,control_top200
pulse_count,4,77,7-8-5-6,2,0.00052507,minor,deuteronomy,control_top200
pulse_count,4,78,7-5-11-6,2,0.00052507,minor,deuteronomy,control_top200
pulse_count,4,79,11-9-8-6,2,0.00052507,minor,deuteronomy,control_top200
pulse_count,4,80,7-15-13-4,2,0.00052507,minor,deuteronomy,control_top200
pulse_count,4,81,7-9-9-5,2,0.00052507,minor,deuteronomy,control_top200
pulse_count,4,82,7-11-11-8,2,0.00052507,minor,deuteronomy,control_top200
pulse_count,4,83,8-5-3-10,2,0.00052507,minor,deuteronomy,control_top200
pulse_count,4,84,10-6-5-9,2,0.00052507,minor,deuteronomy,control_top200
pulse_count,4,85,9-10-3-8,2,0.00052507,minor,deuteronomy,control_top200
pulse_count,4,86,10-6-9-11,2,0.00052507,minor,deuteronomy,control_top200
pulse_count,4,87,17-9-5-5,2,0.00052507,minor,deuteronomy,control_top200
pulse_count,4,88,5-5-6-10,2,0.00052507,minor,deuteronomy,control_top200
pulse_count,4,89,15-9-9-5,2,0.00052507,minor,deuteronomy,control_top200
pulse_count,4,90,5-5-6-4,2,0.00052507,minor,deuteronomy,control_top200
pulse_count,4,91,4-9-11-7,2,0.00052507,minor,deuteronomy,control_top200
pulse_count,4,92,7-9-6-7,2,0.00052507,minor,deuteronomy,control_top200
pulse_count,4,93,13-5-7-15,2,0.00052507,minor,deuteronomy,control_top200
pulse_count,4,94,5-7-15-13,2,0.00052507,minor,deuteronomy,control_top200
pulse_count,4,95,7-7-10-6,2,0.00052507,minor,deuteronomy,control_top200
pulse_count,4,96,7-10-6-10,2,0.00052507,minor,deuteronomy,control_top200
pulse_count,4,97,10-6-10-4,2,0.00052507,minor,deuteronomy,control_top200
pulse_count,4,98,10-4-7-6,2,0.00052507,minor,deuteronomy,control_top200
pulse_count,4,99,8-8-14-7,2,0.00052507,minor,deuteronomy,control_top200
pulse_count,4,100,7-4-8-5,2,0.00052507,minor,deuteronomy,control_top200
pulse_count,4,101,8-6-7-5,2,0.00052507,minor,deuteronomy,control_top200
pulse_count,4,102,15-9-4-10,2,0.00052507,minor,deuteronomy,control_top200
pulse_count,4,103,8-15-8-5,2,0.00052507,minor,deuteronomy,control_top200
pulse_count,4,104,7-8-7-9,2,0.00052507,minor,deuteronomy,control_top200
pulse_count,4,105,8-10-8-12,2,0.00052507,minor,deuteronomy,control_top200
pulse_count,4,106,8-9-6-7,2,0.00052507,minor,deuteronomy,control_top200
pulse_count,4,107,7-8-9-7,2,0.00052507,minor,deuteronomy,control_top200
pulse_count,4,108,6-4-7-7,2,0.00052507,minor,deuteronomy,control_top200
pulse_count,4,109,7-17-13-3,2,0.00052507,minor,deuteronomy,control_top200
pulse_count,4,110,9-8-5-9,2,0.00052507,minor,deuteronomy,control_top200
pulse_count,4,111,7-9-8-2,2,0.00052507,minor,deuteronomy,control_top200
pulse_count,4,112,4-8-7-6,2,0.00052507,minor,deuteronomy,control_top200
pulse_count,4,113,7-6-8-9,2,0.00052507,minor,deuteronomy,control_top200
pulse_count,4,114,9-6-7-9,2,0.00052507,minor,deuteronomy,control_top200
pulse_count,4,115,6-7-9-7,2,0.00052507,minor,deuteronomy,control_top200
pulse_count,4,116,7-6-9-12,2,0.00052507,minor,deuteronomy,control_top200
pulse_count,4,117,10-4-5-9,2,0.00052507,minor,deuteronomy,control_top200
pulse_count,4,118,5-9-4-10,2,0.00052507,minor,deuteronomy,control_top200
pulse_count,4,119,16-8-9-10,2,0.00052507,minor,deuteronomy,control_top200
pulse_count,4,120,8-9-10-5,2,0.00052507,minor,deuteronomy,control_top200
pulse_count,4,121,5-7-9-4,2,0.00052507,minor,deuteronomy,control_top200
pulse_count,4,122,5-9-9-11,2,0.00052507,minor,deuteronomy,control_top200
pulse_count,4,123,6-5-9-4,2,0.00052507,minor,deuteronomy,control_top200
pulse_count,4,124,5-9-4-9,2,0.00052507,minor,deuteronomy,control_top200
pulse_count,4,125,6-9-8-6,2,0.00052507,minor,deuteronomy,control_top200
pulse_count,4,126,9-8-6-7,2,0.00052507,minor,deuteronomy,control_top200
pulse_count,4,127,7-6-7-10,2,0.00052507,minor,deuteronomy,control_top200
pulse_count,4,128,6-7-10-13,2,0.00052507,minor,deuteronomy,control_top200
pulse_count,4,129,6-6-10-9,2,0.00052507,minor,deuteronomy,control_top200
pulse_count,4,130,3-9-6-8,2,0.00052507,minor,deuteronomy,control_top200
pulse_count,4,131,6-8-9-5,2,0.00052507,minor,deuteronomy,control_top200
pulse_count,4,132,7-8-6-4,2,0.00052507,minor,deuteronomy,control_top200
pulse_count,4,133,6-7-4-8,2,0.00052507,minor,deuteronomy,control_top200
pulse_count,4,134,9-10-7-3,2,0.00052507,minor,deuteronomy,control_top200
pulse_count,4,135,3-11-10-16,2,0.00052507,minor,deuteronomy,control_top200
pulse_count,4,136,7-6-9-3,2,0.00052507,minor,deuteronomy,control_top200
pulse_count,4,137,9-3-8-6,2,0.00052507,minor,deuteronomy,control_top200
pulse_count,4,138,11-14-4-6,2,0.00052507,minor,deuteronomy,control_top200
pulse_count,4,139,4-6-11-6,2,0.00052507,minor,deuteronomy,control_top200
pulse_count,4,140,11-6-10-6,2,0.00052507,minor,deuteronomy,control_top200
pulse_count,4,141,3-8-7-16,2,0.00052507,minor,deuteronomy,control_top200
pulse_count,4,142,6-5-9-10,2,0.00052507,minor,deuteronomy,control_top200
pulse_count,4,143,7-6-7-9,2,0.00052507,minor,deuteronomy,control_top200
pulse_count,4,144,10-5-9-12,2,0.00052507,minor,deuteronomy,control_top200
pulse_count,4,145,6-6-9-9,2,0.00052507,minor,deuteronomy,control_top200
pulse_count,4,146,9-8-10-11,2,0.00052507,minor,deuteronomy,control_top200
pulse_count,4,147,8-10-11-14,2,0.00052507,minor,deuteronomy,control_top200
pulse_count,4,148,5-6-4-7,2,0.00052507,minor,deuteronomy,control_top200
pulse_count,4,149,7-8-9-8,2,0.00052507,minor,deuteronomy,control_top200
pulse_count,4,150,6-6-4-6,2,0.00052507,minor,deuteronomy,control_top200
pulse_count,4,151,6-11-6-9,2,0.00052507,minor,deuteronomy,control_top200
pulse_count,4,152,9-6-6-9,2,0.00052507,minor,deuteronomy,control_top200
pulse_count,4,153,6-6-9-11,2,0.00052507,minor,deuteronomy,control_top200
pulse_count,4,154,3-12-7-7,2,0.00052507,minor,deuteronomy,control_top200
pulse_count,4,155,7-7-9-12,2,0.00052507,minor,deuteronomy,control_top200
pulse_count,4,156,7-5-7-9,2,0.00052507,minor,deuteronomy,control_top200
pulse_count,4,157,5-7-9-5,2,0.00052507,minor,deuteronomy,control_top200
pulse_count,4,158,5-7-6-8,2,0.00052507,minor,deuteronomy,control_top200
pulse_count,4,159,13-10-11-4,2,0.00052507,minor,deuteronomy,control_top200
pulse_count,4,160,7-10-5-9,2,0.00052507,minor,deuteronomy,control_top200
pulse_count,4,161,6-5-14-6,2,0.00052507,minor,deuteronomy,control_top200
pulse_count,4,162,5-7-8-5,2,0.00052507,minor,deuteronomy,control_top200
pulse_count,4,163,8-7-12-12,2,0.00052507,minor,deuteronomy,control_top200
pulse_count,4,164,6-6-6-11,2,0.00052507,minor,deuteronomy,control_top200
pulse_count,4,165,6-7-9-8,2,0.00052507,minor,deuteronomy,control_top200
pulse_count,4,166,7-9-8-6,2,0.00052507,minor,deuteronomy,control_top200
pulse_count,4,167,9-10-6-9,2,0.00052507,minor,deuteronomy,control_top200
pulse_count,4,168,5-8-5-9,2,0.00052507,minor,deuteronomy,control_top200
pulse_count,4,169,8-5-9-7,2,0.00052507,minor,deuteronomy,control_top200
pulse_count,4,170,5-9-7-17,2,0.00052507,minor,deuteronomy,control_top200
pulse_count,4,171,4-9-15-4,2,0.00052507,minor,deuteronomy,control_top200
pulse_count,4,172,5-8-10-9,2,0.00052507,minor,deuteronomy,control_top200
pulse_count,4,173,7-8-8-5,2,0.00052507,minor,deuteronomy,control_top200
pulse_count,4,174,8-5-9-6,2,0.00052507,minor,deuteronomy,control_top200
pulse_count,4,175,5-9-6-7,2,0.00052507,minor,deuteronomy,control_top200
pulse_count,4,176,7-7-6-5,2,0.00052507,minor,deuteronomy,control_top200
pulse_count,4,177,6-6-15-9,2,0.00052507,minor,deuteronomy,control_top200
pulse_count,4,178,9-8-8-7,2,0.00052507,minor,deuteronomy,control_top200
pulse_count,4,179,5-8-6-8,2,0.00052507,minor,deuteronomy,control_top200
pulse_count,4,180,5-10-5-7,2,0.00052507,minor,deuteronomy,control_top200
pulse_count,4,181,8-7-8-8,2,0.00052507,minor,deuteronomy,control_top200
pulse_count,4,182,12-7-5-9,2,0.00052507,minor,deuteronomy,control_top200
pulse_count,4,183,7-7-8-10,2,0.00052507,minor,deuteronomy,control_top200
pulse_count,4,184,6-9-7-8,2,0.00052507,minor,deuteronomy,control_top200
pulse_count,4,185,7-8-10-7,2,0.00052507,minor,deuteronomy,control_top200
pulse_count,4,186,8-10-7-8,2,0.00052507,minor,deuteronomy,control_top200
pulse_count,4,187,2-6-7-7,2,0.00052507,minor,deuteronomy,control_top200
pulse_count,4,188,7-7-5-7,2,0.00052507,minor,deuteronomy,control_top200
pulse_count,4,189,7-5-7-7,2,0.00052507,minor,deuteronomy,control_top200
pulse_count,4,190,7-7-12-7,2,0.00052507,minor,deuteronomy,control_top200
pulse_count,4,191,7-7-9-8,2,0.00052507,minor,deuteronomy,control_top200
pulse_count,4,192,8-2-4-12,2,0.00052507,minor,deuteronomy,control_top200
pulse_count,4,193,9-10-8-11,2,0.00052507,minor,deuteronomy,control_top200
pulse_count,4,194,11-5-10-8,2,0.00052507,minor,deuteronomy,control_top200
pulse_count,4,195,8-8-7-14,2,0.00052507,minor,deuteronomy,control_top200
pulse_count,4,196,11-2-10-5,2,0.00052507,minor,deuteronomy,control_top200
pulse_count,4,197,7-8-9-4,2,0.00052507,minor,deuteronomy,control_top200
pulse_count,4,198,9-3-9-6,2,0.00052507,minor,deuteronomy,control_top200
pulse_count,4,199,8-8-9-7,2,0.00052507,minor,deuteronomy,control_top200
pulse_count,4,200,8-9-7-8,2,0.00052507,minor,deuteronomy,control_top200
pulse_count,5,1,8-9-7-9-6,3,0.00078782,minor,deuteronomy,control_top200
pulse_count,5,2,8-8-7-7-8,3,0.00078782,minor,deuteronomy,control_top200
pulse_count,5,3,8-7-7-8-7,3,0.00078782,minor,deuteronomy,control_top200
pulse_count,5,4,8-7-7-6-7,3,0.00078782,minor,deuteronomy,control_top200
pulse_count,5,5,7-7-6-9-8,3,0.00078782,minor,deuteronomy,control_top200
pulse_count,5,6,7-7-6-7-7,3,0.00078782,minor,deuteronomy,control_top200
pulse_count,5,7,14-9-10-10-3,2,0.00052521,minor,deuteronomy,control_top200
pulse_count,5,8,17-9-5-5-6,2,0.00052521,minor,deuteronomy,control_top200
pulse_count,5,9,9-5-5-6-4,2,0.00052521,minor,deuteronomy,control_top200
pulse_count,5,10,7-7-10-6-10,2,0.00052521,minor,deuteronomy,control_top200
pulse_count,5,11,7-7-7-8-7,2,0.00052521,minor,deuteronomy,control_top200
pulse_count,5,12,7-7-8-7-9,2,0.00052521,minor,deuteronomy,control_top200
pulse_count,5,13,7-8-9-7-9,2,0.00052521,minor,deuteronomy,control_top200
pulse_count,5,14,9-7-9-6-6,2,0.00052521,minor,deuteronomy,control_top200
pulse_count,5,15,8-5-9-6-7,2,0.00052521,minor,deuteronomy,control_top200
pulse_count,5,16,8-7-8-8-8,2,0.00052521,minor,deuteronomy,control_top200
pulse_count,5,17,7-8-10-7-8,2,0.00052521,minor,deuteronomy,control_top200
pulse_count,5,18,8-8-9-7-8,2,0.00052521,minor,deuteronomy,control_top200
pulse_count,5,19,6-2-6-6-2,2,0.00052521,minor,deuteronomy,control_top200
pulse_count,5,20,2-6-6-2-7,2,0.00052521,minor,deuteronomy,control_top200
pulse_count,5,21,6-6-2-7-6,2,0.00052521,minor,deuteronomy,control_top200
pulse_count,5,22,6-2-7-6-2,2,0.00052521,minor,deuteronomy,control_top200
pulse_count,5,23,17-6-3-14-9,2,0.00052521,minor,deuteronomy,control_top200
pulse_count,5,24,7-6-9-8-8,2,0.00052521,minor,deuteronomy,control_top200
pulse_count,5,25,7-7-7-7-7,2,0.00052521,minor,deuteronomy,control_top200
pulse_count,5,26,8-10-8-5-8,2,0.00052521,minor,deuteronomy,control_top200
pulse_count,5,27,5-8-7-8-7,2,0.00052521,minor,deuteronomy,control_top200
pulse_count,5,28,7-8-7-7-8,2,0.00052521,minor,deuteronomy,control_top200
pulse_count,5,29,7-7-7-6-9,2,0.00052521,minor,deuteronomy,control_top200
pulse_count,5,30,5-8-8-7-8,2,0.00052521,minor,deuteronomy,control_top200
pulse_count,5,31,5-10-5-26-8,1,0.00026261,minor,deuteronomy,control_top200
pulse_count,5,32,10-5-26-8-4,1,0.00026261,minor,deuteronomy,control_top200
pulse_count,5,33,5-26-8-4-5,1,0.00026261,minor,deuteronomy,control_top200
pulse_count,5,34,26-8-4-5-7,1,0.00026261,minor,deuteronomy,control_top200
pulse_count,5,35,8-4-5-7-11,1,0.00026261,minor,deuteronomy,control_top200
pulse_count,5,36,4-5-7-11-9,1,0.00026261,minor,deuteronomy,control_top200
pulse_count,5,37,5-7-11-9-14,1,0.00026261,minor,deuteronomy,control_top200
pulse_count,5,38,7-11-9-14-6,1,0.00026261,minor,deuteronomy,control_top200
pulse_count,5,39,11-9-14-6-8,1,0.00026261,minor,deuteronomy,control_top200
pulse_count,5,40,9-14-6-8-7,1,0.00026261,minor,deuteronomy,control_top200
pulse_count,5,41,14-6-8-7-1,1,0.00026261,minor,deuteronomy,control_top200
pulse_count,5,42,6-8-7-1-6,1,0.00026261,minor,deuteronomy,control_top200
pulse_count,5,43,8-7-1-6-9,1,0.00026261,minor,deuteronomy,control_top200
pulse_count,5,44,7-1-6-9-8,1,0.00026261,minor,deuteronomy,control_top200
pulse_count,5,45,1-6-9-8-3,1,0.00026261,minor,deuteronomy,control_top200
pulse_count,5,46,6-9-8-3-9,1,0.00026261,minor,deuteronomy,control_top200
pulse_count,5,47,9-8-3-9-17,1,0.00026261,minor,deuteronomy,control_top200
pulse_count,5,48,8-3-9-17-9,1,0.00026261,minor,deuteronomy,control_top200
pulse_count,5,49,3-9-17-9-2,1,0.00026261,minor,deuteronomy,control_top200
pulse_count,5,50,9-17-9-2-4,1,0.00026261,minor,deuteronomy,control_top200
pulse_count,5,51,17-9-2-4-29,1,0.00026261,minor,deuteronomy,control_top200
pulse_count,5,52,9-2-4-29-9,1,0.00026261,minor,deuteronomy,control_top200
pulse_count,5,53,2-4-29-9-11,1,0.00026261,minor,deuteronomy,control_top200
pulse_count,5,54,4-29-9-11-10,1,0.00026261,minor,deuteronomy,control_top200
pulse_count,5,55,29-9-11-10-7,1,0.00026261,minor,deuteronomy,control_top200
pulse_count,5,56,9-11-10-7-26,1,0.00026261,minor,deuteronomy,control_top200
pulse_count,5,57,11-10-7-26-8,1,0.00026261,minor,deuteronomy,control_top200
pulse_count,5,58,10-7-26-8-5,1,0.00026261,minor,deuteronomy,control_top200
pulse_count,5,59,7-26-8-5-5,1,0.00026261,minor,deuteronomy,control_top200
pulse_count,5,60,26-8-5-5-9,1,0.00026261,minor,deuteronomy,control_top200
pulse_count,5,61,8-5-5-9-11,1,0.00026261,minor,deuteronomy,control_top200
pulse_count,5,62,5-5-9-11-5,1,0.00026261,minor,deuteronomy,control_top200
pulse_count,5,63,5-9-11-5-10,1,0.00026261,minor,deuteronomy,control_top200
pulse_count,5,64,9-11-5-10-10,1,0.00026261,minor,deuteronomy,control_top200
pulse_count,5,65,11-5-10-10-11,1,0.00026261,minor,deuteronomy,control_top200
pulse_count,5,66,5-10-10-11-5,1,0.00026261,minor,deuteronomy,control_top200
pulse_count,5,67,10-10-11-5-6,1,0.00026261,minor,deuteronomy,control_top200
pulse_count,5,68,10-11-5-6-7,1,0.00026261,minor,deuteronomy,control_top200
pulse_count,5,69,11-5-6-7-11,1,0.00026261,minor,deuteronomy,control_top200
pulse_count,5,70,5-6-7-11-20,1,0.00026261,minor,deuteronomy,control_top200
pulse_count,5,71,6-7-11-20-7,1,0.00026261,minor,deuteronomy,control_top200
pulse_count,5,72,7-11-20-7-5,1,0.00026261,minor,deuteronomy,control_top200
pulse_count,5,73,11-20-7-5-4,1,0.00026261,minor,deuteronomy,control_top200
pulse_count,5,74,20-7-5-4-11,1,0.00026261,minor,deuteronomy,control_top200
pulse_count,5,75,7-5-4-11-8,1,0.00026261,minor,deuteronomy,control_top200
pulse_count,5,76,5-4-11-8-8,1,0.00026261,minor,deuteronomy,control_top200
pulse_count,5,77,4-11-8-8-9,1,0.00026261,minor,deuteronomy,control_top200
pulse_count,5,78,11-8-8-9-9,1,0.00026261,minor,deuteronomy,control_top200
pulse_count,5,79,8-8-9-9-12,1,0.00026261,minor,deuteronomy,control_top200
pulse_count,5,80,8-9-9-12-8,1,0.00026261,minor,deuteronomy,control_top200
pulse_count,5,81,9-9-12-8-8,1,0.00026261,minor,deuteronomy,control_top200
pulse_count,5,82,9-12-8-8-5,1,0.00026261,minor,deuteronomy,control_top200
pulse_count,5,83,12-8-8-5-12,1,0.00026261,minor,deuteronomy,control_top200
pulse_count,5,84,8-8-5-12-10,1,0.00026261,minor,deuteronomy,control_top200
pulse_count,5,85,8-5-12-10-9,1,0.00026261,minor,deuteronomy,control_top200
pulse_count,5,86,5-12-10-9-8,1,0.00026261,minor,deuteronomy,control_top200
pulse_count,5,87,12-10-9-8-7,1,0.00026261,minor,deuteronomy,control_top200
pulse_count,5,88,10-9-8-7-8,1,0.00026261,minor,deuteronomy,control_top200
pulse_count,5,89,9-8-7-8-10,1,0.00026261,minor,deuteronomy,control_top200
pulse_count,5,90,8-7-8-10-9,1,0.00026261,minor,deuteronomy,control_top200
pulse_count,5,91,7-8-10-9-8,1,0.00026261,minor,deuteronomy,control_top200
pulse_count,5,92,8-10-9-8-9,1,0.00026261,minor,deuteronomy,control_top200
pulse_count,5,93,10-9-8-9-6,1,0.00026261,minor,deuteronomy,control_top200
pulse_count,5,94,9-8-9-6-21,1,0.00026261,minor,deuteronomy,control_top200
pulse_count,5,95,8-9-6-21-6,1,0.00026261,minor,deuteronomy,control_top200
pulse_count,5,96,9-6-21-6-14,1,0.00026261,minor,deuteronomy,control_top200
pulse_count,5,97,6-21-6-14-3,1,0.00026261,minor,deuteronomy,control_top200
pulse_count,5,98,21-6-14-3-5,1,0.00026261,minor,deuteronomy,control_top200
pulse_count,5,99,6-14-3-5-5,1,0.00026261,minor,deuteronomy,control_top200
pulse_count,5,100,14-3-5-5-7,1,0.00026261,minor,deuteronomy,control_top200
pulse_count,5,101,3-5-5-7-13,1,0.00026261,minor,deuteronomy,control_top200
pulse_count,5,102,5-5-7-13-17,1,0.00026261,minor,deuteronomy,control_top200
pulse_count,5,103,5-7-13-17-3,1,0.00026261,minor,deuteronomy,control_top200
pulse_count,5,104,7-13-17-3-15,1,0.00026261,minor,deuteronomy,control_top200
pulse_count,5,105,13-17-3-15-6,1,0.00026261,minor,deuteronomy,control_top200
pulse_count,5,106,17-3-15-6-13,1,0.00026261,minor,deuteronomy,control_top200
pulse_count,5,107,3-15-6-13-10,1,0.00026261,minor,deuteronomy,control_top200
pulse_count,5,108,15-6-13-10-9,1,0.00026261,minor,deuteronomy,control_top200
pulse_count,5,109,6-13-10-9-9,1,0.00026261,minor,deuteronomy,control_top200
pulse_count,5,110,13-10-9-9-9,1,0.00026261,minor,deuteronomy,control_top200
pulse_count,5,111,10-9-9-9-3,1,0.00026261,minor,deuteronomy,control_top200
pulse_count,5,112,9-9-9-3-7,1,0.00026261,minor,deuteronomy,control_top200
pulse_count,5,113,9-9-3-7-8,1,0.00026261,minor,deuteronomy,control_top200
pulse_count,5,114,9-3-7-8-11,1,0.00026261,minor,deuteronomy,control_top200
pulse_count,5,115,3-7-8-11-6,1,0.00026261,minor,deuteronomy,control_top200
pulse_count,5,116,7-8-11-6-9,1,0.00026261,minor,deuteronomy,control_top200
pulse_count,5,117,8-11-6-9-8,1,0.00026261,minor,deuteronomy,control_top200
pulse_count,5,118,11-6-9-8-5,1,0.00026261,minor,deuteronomy,control_top200
pulse_count,5,119,6-9-8-5-10,1,0.00026261,minor,deuteronomy,control_top200
pulse_count,5,120,9-8-5-10-7,1,0.00026261,minor,deuteronomy,control_top200
pulse_count,5,121,8-5-10-7-13,1,0.00026261,minor,deuteronomy,control_top200
pulse_count,5,122,5-10-7-13-4,1,0.00026261,minor,deuteronomy,control_top200
pulse_count,5,123,10-7-13-4-13,1,0.00026261,minor,deuteronomy,control_top200
pulse_count,5,124,7-13-4-13-7,1,0.00026261,minor,deuteronomy,control_top200
pulse_count,5,125,13-4-13-7-3,1,0.00026261,minor,deuteronomy,control_top200
pulse_count,5,126,4-13-7-3-9,1,0.00026261,minor,deuteronomy,control_top200
pulse_count,5,127,13-7-3-9-12,1,0.00026261,minor,deuteronomy,control_top200
pulse_count,5,128,7-3-9-12-9,1,0.00026261,minor,deuteronomy,control_top200
pulse_count,5,129,3-9-12-9-8,1,0.00026261,minor,deuteronomy,control_top200
pulse_count,5,130,9-12-9-8-15,1,0.00026261,minor,deuteronomy,control_top200
pulse_count,5,131,12-9-8-15-2,1,0.00026261,minor,deuteronomy,control_top200
pulse_count,5,132,9-8-15-2-5,1,0.00026261,minor,deuteronomy,control_top200
pulse_count,5,133,8-15-2-5-13,1,0.00026261,minor,deuteronomy,control_top200
pulse_count,5,134,15-2-5-13-8,1,0.00026261,minor,deuteronomy,control_top200
pulse_count,5,135,2-5-13-8-13,1,0.00026261,minor,deuteronomy,control_top200
pulse_count,5,136,5-13-8-13-10,1,0.00026261,minor,deuteronomy,control_top200
pulse_count,5,137,13-8-13-10-5,1,0.00026261,minor,deuteronomy,control_top200
pulse_count,5,138,8-13-10-5-9,1,0.00026261,minor,deuteronomy,control_top200
pulse_count,5,139,13-10-5-9-13,1,0.00026261,minor,deuteronomy,control_top200
pulse_count,5,140,10-5-9-13-6,1,0.00026261,minor,deuteronomy,control_top200
pulse_count,5,141,5-9-13-6-15,1,0.00026261,minor,deuteronomy,control_top200
pulse_count,5,142,9-13-6-15-8,1,0.00026261,minor,deuteronomy,control_top200
pulse_count,5,143,13-6-15-8-12,1,0.00026261,minor,deuteronomy,control_top200
pulse_count,5,144,6-15-8-12-8,1,0.00026261,minor,deuteronomy,control_top200
pulse_count,5,145,15-8-12-8-10,1,0.00026261,minor,deuteronomy,control_top200
pulse_count,5,146,8-12-8-10-9,1,0.00026261,minor,deuteronomy,control_top200
pulse_count,5,147,12-8-10-9-6,1,0.00026261,minor,deuteronomy,control_top200
pulse_count,5,148,8-10-9-6-5,1,0.00026261,minor,deuteronomy,control_top200
pulse_count,5,149,10-9-6-5-6,1,0.00026261,minor,deuteronomy,control_top200
pulse_count,5,150,9-6-5-6-9,1,0.00026261,minor,deuteronomy,control_top200
pulse_count,5,151,6-5-6-9-11,1,0.00026261,minor,deuteronomy,control_top200
pulse_count,5,152,5-6-9-11-1,1,0.00026261,minor,deuteronomy,control_top200
pulse_count,5,153,6-9-11-1-2,1,0.00026261,minor,deuteronomy,control_top200
pulse_count,5,154,9-11-1-2-12,1,0.00026261,minor,deuteronomy,control_top200
pulse_count,5,155,11-1-2-12-5,1,0.00026261,minor,deuteronomy,control_top200
pulse_count,5,156,1-2-12-5-11,1,0.00026261,minor,deuteronomy,control_top200
pulse_count,5,157,2-12-5-11-9,1,0.00026261,minor,deuteronomy,control_top200
pulse_count,5,158,12-5-11-9-9,1,0.00026261,minor,deuteronomy,control_top200
pulse_count,5,159,5-11-9-9-6,1,0.00026261,minor,deuteronomy,control_top200
pulse_count,5,160,11-9-9-6-6,1,0.00026261,minor,deuteronomy,control_top200
pulse_count,5,161,9-9-6-6-5,1,0.00026261,minor,deuteronomy,control_top200
pulse_count,5,162,9-6-6-5-6,1,0.00026261,minor,deuteronomy,control_top200
pulse_count,5,163,6-6-5-6-13,1,0.00026261,minor,deuteronomy,control_top200
pulse_count,5,164,6-5-6-13-16,1,0.00026261,minor,deuteronomy,control_top200
pulse_count,5,165,5-6-13-16-1,1,0.00026261,minor,deuteronomy,control_top200
pulse_count,5,166,6-13-16-1-10,1,0.00026261,minor,deuteronomy,control_top200
pulse_count,5,167,13-16-1-10-8,1,0.00026261,minor,deuteronomy,control_top200
pulse_count,5,168,16-1-10-8-5,1,0.00026261,minor,deuteronomy,control_top200
pulse_count,5,169,1-10-8-5-7,1,0.00026261,minor,deuteronomy,control_top200
pulse_count,5,170,10-8-5-7-11,1,0.00026261,minor,deuteronomy,control_top200
pulse_count,5,171,8-5-7-11-5,1,0.00026261,minor,deuteronomy,control_top200
pulse_count,5,172,5-7-11-5-4,1,0.00026261,minor,deuteronomy,control_top200
pulse_count,5,173,7-11-5-4-10,1,0.00026261,minor,deuteronomy,control_top200
pulse_count,5,174,11-5-4-10-12,1,0.00026261,minor,deuteronomy,control_top200
pulse_count,5,175,5-4-10-12-14,1,0.00026261,minor,deuteronomy,control_top200
pulse_count,5,176,4-10-12-14-6,1,0.00026261,minor,deuteronomy,control_top200
pulse_count,5,177,10-12-14-6-6,1,0.00026261,minor,deuteronomy,control_top200
pulse_count,5,178,12-14-6-6-5,1,0.00026261,minor,deuteronomy,control_top200
pulse_count,5,179,14-6-6-5-6,1,0.00026261,minor,deuteronomy,control_top200
pulse_count,5,180,6-6-5-6-10,1,0.00026261,minor,deuteronomy,control_top200
pulse_count,5,181,6-5-6-10-3,1,0.00026261,minor,deuteronomy,control_top200
pulse_count,5,182,5-6-10-3-6,1,0.00026261,minor,deuteronomy,control_top200
pulse_count,5,183,6-10-3-6-15,1,0.00026261,minor,deuteronomy,control_top200
pulse_count,5,184,10-3-6-15-14,1,0.00026261,minor,deuteronomy,control_top200
pulse_count,5,185,3-6-15-14-4,1,0.00026261,minor,deuteronomy,control_top200
pulse_count,5,186,6-15-14-4-8,1,0.00026261,minor,deuteronomy,control_top200
pulse_count,5,187,15-14-4-8-9,1,0.00026261,minor,deuteronomy,control_top200
pulse_count,5,188,14-4-8-9-8,1,0.00026261,minor,deuteronomy,control_top200
pulse_count,5,189,4-8-9-8-13,1,0.00026261,minor,deuteronomy,control_top200
pulse_count,5,190,8-9-8-13-8,1,0.00026261,minor,deuteronomy,control_top200
pulse_count,5,191,9-8-13-8-5,1,0.00026261,minor,deuteronomy,control_top200
pulse_count,5,192,8-13-8-5-6,1,0.00026261,minor,deuteronomy,control_top200
pulse_count,5,193,13-8-5-6-11,1,0.00026261,minor,deuteronomy,control_top200
pulse_count,5,194,8-5-6-11-8,1,0.00026261,minor,deuteronomy,control_top200
pulse_count,5,195,5-6-11-8-10,1,0.00026261,minor,deuteronomy,control_top200
pulse_count,5,196,6-11-8-10-16,1,0.00026261,minor,deuteronomy,control_top200
pulse_count,5,197,11-8-10-16-6,1,0.00026261,minor,deuteronomy,control_top200
pulse_count,5,198,8-10-16-6-8,1,0.00026261,minor,deuteronomy,control_top200
pulse_count,5,199,10-16-6-8-10,1,0.00026261,minor,deuteronomy,control_top200
pulse_count,5,200,16-6-8-10-12,1,0.00026261,minor,deuteronomy,control_top200
pulse_count,6,1,7-8-9-7-9-6,2,0.00052535,minor,deuteronomy,control_top200
pulse_count,6,2,8-9-7-9-6-6,2,0.00052535,minor,deuteronomy,control_top200
pulse_count,6,3,8-8-7-7-8-7,2,0.00052535,minor,deuteronomy,control_top200
pulse_count,6,4,6-2-6-6-2-7,2,0.00052535,minor,deuteronomy,control_top200
pulse_count,6,5,2-6-6-2-7-6,2,0.00052535,minor,deuteronomy,control_top200
pulse_count,6,6,7-7-6-9-8-8,2,0.00052535,minor,deuteronomy,control_top200
pulse_count,6,7,5-10-5-26-8-4,1,0.00026267,minor,deuteronomy,control_top200
pulse_count,6,8,10-5-26-8-4-5,1,0.00026267,minor,deuteronomy,control_top200
pulse_count,6,9,5-26-8-4-5-7,1,0.00026267,minor,deuteronomy,control_top200
pulse_count,6,10,26-8-4-5-7-11,1,0.00026267,minor,deuteronomy,control_top200
pulse_count,6,11,8-4-5-7-11-9,1,0.00026267,minor,deuteronomy,control_top200
pulse_count,6,12,4-5-7-11-9-14,1,0.00026267,minor,deuteronomy,control_top200
pulse_count,6,13,5-7-11-9-14-6,1,0.00026267,minor,deuteronomy,control_top200
pulse_count,6,14,7-11-9-14-6-8,1,0.00026267,minor,deuteronomy,control_top200
pulse_count,6,15,11-9-14-6-8-7,1,0.00026267,minor,deuteronomy,control_top200
pulse_count,6,16,9-14-6-8-7-1,1,0.00026267,minor,deuteronomy,control_top200
pulse_count,6,17,14-6-8-7-1-6,1,0.00026267,minor,deuteronomy,control_top200
pulse_count,6,18,6-8-7-1-6-9,1,0.00026267,minor,deuteronomy,control_top200
pulse_count,6,19,8-7-1-6-9-8,1,0.00026267,minor,deuteronomy,control_top200
pulse_count,6,20,7-1-6-9-8-3,1,0.00026267,minor,deuteronomy,control_top200
pulse_count,6,21,1-6-9-8-3-9,1,0.00026267,minor,deuteronomy,control_top200
pulse_count,6,22,6-9-8-3-9-17,1,0.00026267,minor,deuteronomy,control_top200
pulse_count,6,23,9-8-3-9-17-9,1,0.00026267,minor,deuteronomy,control_top200
pulse_count,6,24,8-3-9-17-9-2,1,0.00026267,minor,deuteronomy,control_top200
pulse_count,6,25,3-9-17-9-2-4,1,0.00026267,minor,deuteronomy,control_top200
pulse_count,6,26,9-17-9-2-4-29,1,0.00026267,minor,deuteronomy,control_top200
pulse_count,6,27,17-9-2-4-29-9,1,0.00026267,minor,deuteronomy,control_top200
pulse_count,6,28,9-2-4-29-9-11,1,0.00026267,minor,deuteronomy,control_top200
pulse_count,6,29,2-4-29-9-11-10,1,0.00026267,minor,deuteronomy,control_top200
pulse_count,6,30,4-29-9-11-10-7,1,0.00026267,minor,deuteronomy,control_top200
pulse_count,6,31,29-9-11-10-7-26,1,0.00026267,minor,deuteronomy,control_top200
pulse_count,6,32,9-11-10-7-26-8,1,0.00026267,minor,deuteronomy,control_top200
pulse_count,6,33,11-10-7-26-8-5,1,0.00026267,minor,deuteronomy,control_top200
pulse_count,6,34,10-7-26-8-5-5,1,0.00026267,minor,deuteronomy,control_top200
pulse_count,6,35,7-26-8-5-5-9,1,0.00026267,minor,deuteronomy,control_top200
pulse_count,6,36,26-8-5-5-9-11,1,0.00026267,minor,deuteronomy,control_top200
pulse_count,6,37,8-5-5-9-11-5,1,0.00026267,minor,deuteronomy,control_top200
pulse_count,6,38,5-5-9-11-5-10,1,0.00026267,minor,deuteronomy,control_top200
pulse_count,6,39,5-9-11-5-10-10,1,0.00026267,minor,deuteronomy,control_top200
pulse_count,6,40,9-11-5-10-10-11,1,0.00026267,minor,deuteronomy,control_top200
pulse_count,6,41,11-5-10-10-11-5,1,0.00026267,minor,deuteronomy,control_top200
pulse_count,6,42,5-10-10-11-5-6,1,0.00026267,minor,deuteronomy,control_top200
pulse_count,6,43,10-10-11-5-6-7,1,0.00026267,minor,deuteronomy,control_top200
pulse_count,6,44,10-11-5-6-7-11,1,0.00026267,minor,deuteronomy,control_top200
pulse_count,6,45,11-5-6-7-11-20,1,0.00026267,minor,deuteronomy,control_top200
pulse_count,6,46,5-6-7-11-20-7,1,0.00026267,minor,deuteronomy,control_top200
pulse_count,6,47,6-7-11-20-7-5,1,0.00026267,minor,deuteronomy,control_top200
pulse_count,6,48,7-11-20-7-5-4,1,0.00026267,minor,deuteronomy,control_top200
pulse_count,6,49,11-20-7-5-4-11,1,0.00026267,minor,deuteronomy,control_top200
pulse_count,6,50,20-7-5-4-11-8,1,0.00026267,minor,deuteronomy,control_top200
pulse_count,6,51,7-5-4-11-8-8,1,0.00026267,minor,deuteronomy,control_top200
pulse_count,6,52,5-4-11-8-8-9,1,0.00026267,minor,deuteronomy,control_top200
pulse_count,6,53,4-11-8-8-9-9,1,0.00026267,minor,deuteronomy,control_top200
pulse_count,6,54,11-8-8-9-9-12,1,0.00026267,minor,deuteronomy,control_top200
pulse_count,6,55,8-8-9-9-12-8,1,0.00026267,minor,deuteronomy,control_top200
pulse_count,6,56,8-9-9-12-8-8,1,0.00026267,minor,deuteronomy,control_top200
pulse_count,6,57,9-9-12-8-8-5,1,0.00026267,minor,deuteronomy,control_top200
pulse_count,6,58,9-12-8-8-5-12,1,0.00026267,minor,deuteronomy,control_top200
pulse_count,6,59,12-8-8-5-12-10,1,0.00026267,minor,deuteronomy,control_top200
pulse_count,6,60,8-8-5-12-10-9,1,0.00026267,minor,deuteronomy,control_top200
pulse_count,6,61,8-5-12-10-9-8,1,0.00026267,minor,deuteronomy,control_top200
pulse_count,6,62,5-12-10-9-8-7,1,0.00026267,minor,deuteronomy,control_top200
pulse_count,6,63,12-10-9-8-7-8,1,0.00026267,minor,deuteronomy,control_top200
pulse_count,6,64,10-9-8-7-8-10,1,0.00026267,minor,deuteronomy,control_top200
pulse_count,6,65,9-8-7-8-10-9,1,0.00026267,minor,deuteronomy,control_top200
pulse_count,6,66,8-7-8-10-9-8,1,0.00026267,minor,deuteronomy,control_top200
pulse_count,6,67,7-8-10-9-8-9,1,0.00026267,minor,deuteronomy,control_top200
pulse_count,6,68,8-10-9-8-9-6,1,0.00026267,minor,deuteronomy,control_top200
pulse_count,6,69,10-9-8-9-6-21,1,0.00026267,minor,deuteronomy,control_top200
pulse_count,6,70,9-8-9-6-21-6,1,0.00026267,minor,deuteronomy,control_top200
pulse_count,6,71,8-9-6-21-6-14,1,0.00026267,minor,deuteronomy,control_top200
pulse_count,6,72,9-6-21-6-14-3,1,0.00026267,minor,deuteronomy,control_top200
pulse_count,6,73,6-21-6-14-3-5,1,0.00026267,minor,deuteronomy,control_top200
pulse_count,6,74,21-6-14-3-5-5,1,0.00026267,minor,deuteronomy,control_top200
pulse_count,6,75,6-14-3-5-5-7,1,0.00026267,minor,deuteronomy,control_top200
pulse_count,6,76,14-3-5-5-7-13,1,0.00026267,minor,deuteronomy,control_top200
pulse_count,6,77,3-5-5-7-13-17,1,0.00026267,minor,deuteronomy,control_top200
pulse_count,6,78,5-5-7-13-17-3,1,0.00026267,minor,deuteronomy,control_top200
pulse_count,6,79,5-7-13-17-3-15,1,0.00026267,minor,deuteronomy,control_top200
pulse_count,6,80,7-13-17-3-15-6,1,0.00026267,minor,deuteronomy,control_top200
pulse_count,6,81,13-17-3-15-6-13,1,0.00026267,minor,deuteronomy,control_top200
pulse_count,6,82,17-3-15-6-13-10,1,0.00026267,minor,deuteronomy,control_top200
pulse_count,6,83,3-15-6-13-10-9,1,0.00026267,minor,deuteronomy,control_top200
pulse_count,6,84,15-6-13-10-9-9,1,0.00026267,minor,deuteronomy,control_top200
pulse_count,6,85,6-13-10-9-9-9,1,0.00026267,minor,deuteronomy,control_top200
pulse_count,6,86,13-10-9-9-9-3,1,0.00026267,minor,deuteronomy,control_top200
pulse_count,6,87,10-9-9-9-3-7,1,0.00026267,minor,deuteronomy,control_top200
pulse_count,6,88,9-9-9-3-7-8,1,0.00026267,minor,deuteronomy,control_top200
pulse_count,6,89,9-9-3-7-8-11,1,0.00026267,minor,deuteronomy,control_top200
pulse_count,6,90,9-3-7-8-11-6,1,0.00026267,minor,deuteronomy,control_top200
pulse_count,6,91,3-7-8-11-6-9,1,0.00026267,minor,deuteronomy,control_top200
pulse_count,6,92,7-8-11-6-9-8,1,0.00026267,minor,deuteronomy,control_top200
pulse_count,6,93,8-11-6-9-8-5,1,0.00026267,minor,deuteronomy,control_top200
pulse_count,6,94,11-6-9-8-5-10,1,0.00026267,minor,deuteronomy,control_top200
pulse_count,6,95,6-9-8-5-10-7,1,0.00026267,minor,deuteronomy,control_top200
pulse_count,6,96,9-8-5-10-7-13,1,0.00026267,minor,deuteronomy,control_top200
pulse_count,6,97,8-5-10-7-13-4,1,0.00026267,minor,deuteronomy,control_top200
pulse_count,6,98,5-10-7-13-4-13,1,0.00026267,minor,deuteronomy,control_top200
pulse_count,6,99,10-7-13-4-13-7,1,0.00026267,minor,deuteronomy,control_top200
pulse_count,6,100,7-13-4-13-7-3,1,0.00026267,minor,deuteronomy,control_top200
pulse_count,6,101,13-4-13-7-3-9,1,0.00026267,minor,deuteronomy,control_top200
pulse_count,6,102,4-13-7-3-9-12,1,0.00026267,minor,deuteronomy,control_top200
pulse_count,6,103,13-7-3-9-12-9,1,0.00026267,minor,deuteronomy,control_top200
pulse_count,6,104,7-3-9-12-9-8,1,0.00026267,minor,deuteronomy,control_top200
pulse_count,6,105,3-9-12-9-8-15,1,0.00026267,minor,deuteronomy,control_top200
pulse_count,6,106,9-12-9-8-15-2,1,0.00026267,minor,deuteronomy,control_top200
pulse_count,6,107,12-9-8-15-2-5,1,0.00026267,minor,deuteronomy,control_top200
pulse_count,6,108,9-8-15-2-5-13,1,0.00026267,minor,deuteronomy,control_top200
pulse_count,6,109,8-15-2-5-13-8,1,0.00026267,minor,deuteronomy,control_top200
pulse_count,6,110,15-2-5-13-8-13,1,0.00026267,minor,deuteronomy,control_top200
pulse_count,6,111,2-5-13-8-13-10,1,0.00026267,minor,deuteronomy,control_top200
pulse_count,6,112,5-13-8-13-10-5,1,0.00026267,minor,deuteronomy,control_top200
pulse_count,6,113,13-8-13-10-5-9,1,0.00026267,minor,deuteronomy,control_top200
pulse_count,6,114,8-13-10-5-9-13,1,0.00026267,minor,deuteronomy,control_top200
pulse_count,6,115,13-10-5-9-13-6,1,0.00026267,minor,deuteronomy,control_top200
pulse_count,6,116,10-5-9-13-6-15,1,0.00026267,minor,deuteronomy,control_top200
pulse_count,6,117,5-9-13-6-15-8,1,0.00026267,minor,deuteronomy,control_top200
pulse_count,6,118,9-13-6-15-8-12,1,0.00026267,minor,deuteronomy,control_top200
pulse_count,6,119,13-6-15-8-12-8,1,0.00026267,minor,deuteronomy,control_top200
pulse_count,6,120,6-15-8-12-8-10,1,0.00026267,minor,deuteronomy,control_top200
pulse_count,6,121,15-8-12-8-10-9,1,0.00026267,minor,deuteronomy,control_top200
pulse_count,6,122,8-12-8-10-9-6,1,0.00026267,minor,deuteronomy,control_top200
pulse_count,6,123,12-8-10-9-6-5,1,0.00026267,minor,deuteronomy,control_top200
pulse_count,6,124,8-10-9-6-5-6,1,0.00026267,minor,deuteronomy,control_top200
pulse_count,6,125,10-9-6-5-6-9,1,0.00026267,minor,deuteronomy,control_top200
pulse_count,6,126,9-6-5-6-9-11,1,0.00026267,minor,deuteronomy,control_top200
pulse_count,6,127,6-5-6-9-11-1,1,0.00026267,minor,deuteronomy,control_top200
pulse_count,6,128,5-6-9-11-1-2,1,0.00026267,minor,deuteronomy,control_top200
pulse_count,6,129,6-9-11-1-2-12,1,0.00026267,minor,deuteronomy,control_top200
pulse_count,6,130,9-11-1-2-12-5,1,0.00026267,minor,deuteronomy,control_top200
pulse_count,6,131,11-1-2-12-5-11,1,0.00026267,minor,deuteronomy,control_top200
pulse_count,6,132,1-2-12-5-11-9,1,0.00026267,minor,deuteronomy,control_top200
pulse_count,6,133,2-12-5-11-9-9,1,0.00026267,minor,deuteronomy,control_top200
pulse_count,6,134,12-5-11-9-9-6,1,0.00026267,minor,deuteronomy,control_top200
pulse_count,6,135,5-11-9-9-6-6,1,0.00026267,minor,deuteronomy,control_top200
pulse_count,6,136,11-9-9-6-6-5,1,0.00026267,minor,deuteronomy,control_top200
pulse_count,6,137,9-9-6-6-5-6,1,0.00026267,minor,deuteronomy,control_top200
pulse_count,6,138,9-6-6-5-6-13,1,0.00026267,minor,deuteronomy,control_top200
pulse_count,6,139,6-6-5-6-13-16,1,0.00026267,minor,deuteronomy,control_top200
pulse_count,6,140,6-5-6-13-16-1,1,0.00026267,minor,deuteronomy,control_top200
pulse_count,6,141,5-6-13-16-1-10,1,0.00026267,minor,deuteronomy,control_top200
pulse_count,6,142,6-13-16-1-10-8,1,0.00026267,minor,deuteronomy,control_top200
pulse_count,6,143,13-16-1-10-8-5,1,0.00026267,minor,deuteronomy,control_top200
pulse_count,6,144,16-1-10-8-5-7,1,0.00026267,minor,deuteronomy,control_top200
pulse_count,6,145,1-10-8-5-7-11,1,0.00026267,minor,deuteronomy,control_top200
pulse_count,6,146,10-8-5-7-11-5,1,0.00026267,minor,deuteronomy,control_top200
pulse_count,6,147,8-5-7-11-5-4,1,0.00026267,minor,deuteronomy,control_top200
pulse_count,6,148,5-7-11-5-4-10,1,0.00026267,minor,deuteronomy,control_top200
pulse_count,6,149,7-11-5-4-10-12,1,0.00026267,minor,deuteronomy,control_top200
pulse_count,6,150,11-5-4-10-12-14,1,0.00026267,minor,deuteronomy,control_top200
pulse_count,6,151,5-4-10-12-14-6,1,0.00026267,minor,deuteronomy,control_top200
pulse_count,6,152,4-10-12-14-6-6,1,0.00026267,minor,deuteronomy,control_top200
pulse_count,6,153,10-12-14-6-6-5,1,0.00026267,minor,deuteronomy,control_top200
pulse_count,6,154,12-14-6-6-5-6,1,0.00026267,minor,deuteronomy,control_top200
pulse_count,6,155,14-6-6-5-6-10,1,0.00026267,minor,deuteronomy,control_top200
pulse_count,6,156,6-6-5-6-10-3,1,0.00026267,minor,deuteronomy,control_top200
pulse_count,6,157,6-5-6-10-3-6,1,0.00026267,minor,deuteronomy,control_top200
pulse_count,6,158,5-6-10-3-6-15,1,0.00026267,minor,deuteronomy,control_top200
pulse_count,6,159,6-10-3-6-15-14,1,0.00026267,minor,deuteronomy,control_top200
pulse_count,6,160,10-3-6-15-14-4,1,0.00026267,minor,deuteronomy,control_top200
pulse_count,6,161,3-6-15-14-4-8,1,0.00026267,minor,deuteronomy,control_top200
pulse_count,6,162,6-15-14-4-8-9,1,0.00026267,minor,deuteronomy,control_top200
pulse_count,6,163,15-14-4-8-9-8,1,0.00026267,minor,deuteronomy,control_top200
pulse_count,6,164,14-4-8-9-8-13,1,0.00026267,minor,deuteronomy,control_top200
pulse_count,6,165,4-8-9-8-13-8,1,0.00026267,minor,deuteronomy,control_top200
pulse_count,6,166,8-9-8-13-8-5,1,0.00026267,minor,deuteronomy,control_top200
pulse_count,6,167,9-8-13-8-5-6,1,0.00026267,minor,deuteronomy,control_top200
pulse_count,6,168,8-13-8-5-6-11,1,0.00026267,minor,deuteronomy,control_top200
pulse_count,6,169,13-8-5-6-11-8,1,0.00026267,minor,deuteronomy,control_top200
pulse_count,6,170,8-5-6-11-8-10,1,0.00026267,minor,deuteronomy,control_top200
pulse_count,6,171,5-6-11-8-10-16,1,0.00026267,minor,deuteronomy,control_top200
pulse_count,6,172,6-11-8-10-16-6,1,0.00026267,minor,deuteronomy,control_top200
pulse_count,6,173,11-8-10-16-6-8,1,0.00026267,minor,deuteronomy,control_top200
pulse_count,6,174,8-10-16-6-8-10,1,0.00026267,minor,deuteronomy,control_top200
pulse_count,6,175,10-16-6-8-10-12,1,0.00026267,minor,deuteronomy,control_top200
pulse_count,6,176,16-6-8-10-12-11,1,0.00026267,minor,deuteronomy,control_top200
pulse_count,6,177,6-8-10-12-11-7,1,0.00026267,minor,deuteronomy,control_top200
pulse_count,6,178,8-10-12-11-7-10,1,0.00026267,minor,deuteronomy,control_top200
pulse_count,6,179,10-12-11-7-10-8,1,0.00026267,minor,deuteronomy,control_top200
pulse_count,6,180,12-11-7-10-8-14,1,0.00026267,minor,deuteronomy,control_top200
pulse_count,6,181,11-7-10-8-14-9,1,0.00026267,minor,deuteronomy,control_top200
pulse_count,6,182,7-10-8-14-9-10,1,0.00026267,minor,deuteronomy,control_top200
pulse_count,6,183,10-8-14-9-10-10,1,0.00026267,minor,deuteronomy,control_top200
pulse_count,6,184,8-14-9-10-10-3,1,0.00026267,minor,deuteronomy,control_top200
pulse_count,6,185,14-9-10-10-3-6,1,0.00026267,minor,deuteronomy,control_top200
pulse_count,6,186,9-10-10-3-6-7,1,0.00026267,minor,deuteronomy,control_top200
pulse_count,6,187,10-10-3-6-7-10,1,0.00026267,minor,deuteronomy,control_top200
pulse_count,6,188,10-3-6-7-10-9,1,0.00026267,minor,deuteronomy,control_top200
pulse_count,6,189,3-6-7-10-9-6,1,0.00026267,minor,deuteronomy,control_top200
pulse_count,6,190,6-7-10-9-6-5,1,0.00026267,minor,deuteronomy,control_top200
pulse_count,6,191,7-10-9-6-5-5,1,0.00026267,minor,deuteronomy,control_top200
pulse_count,6,192,10-9-6-5-5-5,1,0.00026267,minor,deuteronomy,control_top200
pulse_count,6,193,9-6-5-5-5-8,1,0.00026267,minor,deuteronomy,control_top200
pulse_count,6,194,6-5-5-5-8-6,1,0.00026267,minor,deuteronomy,control_top200
pulse_count,6,195,5-5-5-8-6-6,1,0.00026267,minor,deuteronomy,control_top200
pulse_count,6,196,5-5-8-6-6-6,1,0.00026267,minor,deuteronomy,control_top200
pulse_count,6,197,5-8-6-6-6-13,1,0.00026267,minor,deuteronomy,control_top200
pulse_count,6,198,8-6-6-6-13-15,1,0.00026267,minor,deuteronomy,control_top200
pulse_count,6,199,6-6-6-13-15-11,1,0.00026267,minor,deuteronomy,control_top200
pulse_count,6,200,6-6-13-15-11-7,1,0.00026267,minor,deuteronomy,control_top200
accent_count,2,1,3-3,493,0.12936237,minor,deuteronomy,control_top200
accent_count,2,2,2-3,320,0.08396746,minor,deuteronomy,control_top200
accent_count,2,3,3-2,294,0.07714511,minor,deuteronomy,control_top200
accent_count,2,4,3-4,230,0.06035161,minor,deuteronomy,control_top200
accent_count,2,5,4-3,221,0.05799003,minor,deuteronomy,control_top200
accent_count,2,6,2-2,183,0.04801889,minor,deuteronomy,control_top200
accent_count,2,7,4-2,150,0.03935975,minor,deuteronomy,control_top200
accent_count,2,8,2-4,147,0.03857255,minor,deuteronomy,control_top200
accent_count,2,9,3-5,122,0.0320126,minor,deuteronomy,control_top200
accent_count,2,10,4-4,119,0.0312254,minor,deuteronomy,control_top200
accent_count,2,11,3-1,115,0.03017581,minor,deuteronomy,control_top200
accent_count,2,12,1-3,110,0.02886382,minor,deuteronomy,control_top200
accent_count,2,13,5-3,108,0.02833902,minor,deuteronomy,control_top200
accent_count,2,14,5-2,82,0.02151666,minor,deuteronomy,control_top200
accent_count,2,15,4-1,74,0.01941748,minor,deuteronomy,control_top200
accent_count,2,16,2-5,73,0.01915508,minor,deuteronomy,control_top200
accent_count,2,17,5-4,66,0.01731829,minor,deuteronomy,control_top200
accent_count,2,18,4-5,58,0.0152191,minor,deuteronomy,control_top200
accent_count,2,19,6-3,52,0.01364471,minor,deuteronomy,control_top200
accent_count,2,20,1-2,51,0.01338231,minor,deuteronomy,control_top200
accent_count,2,21,1-4,51,0.01338231,minor,deuteronomy,control_top200
accent_count,2,22,3-6,50,0.01311992,minor,deuteronomy,control_top200
accent_count,2,23,6-2,38,0.00997114,minor,deuteronomy,control_top200
accent_count,2,24,2-6,36,0.00944634,minor,deuteronomy,control_top200
accent_count,2,25,1-5,36,0.00944634,minor,deuteronomy,control_top200
accent_count,2,26,6-4,35,0.00918394,minor,deuteronomy,control_top200
accent_count,2,27,4-6,31,0.00813435,minor,deuteronomy,control_top200
accent_count,2,28,2-1,31,0.00813435,minor,deuteronomy,control_top200
accent_count,2,29,5-5,31,0.00813435,minor,deuteronomy,control_top200
accent_count,2,30,3-7,29,0.00760955,minor,deuteronomy,control_top200
accent_count,2,31,5-1,28,0.00734715,minor,deuteronomy,control_top200
accent_count,2,32,7-3,28,0.00734715,minor,deuteronomy,control_top200
accent_count,2,33,7-2,18,0.00472317,minor,deuteronomy,control_top200
accent_count,2,34,5-6,16,0.00419837,minor,deuteronomy,control_top200
accent_count,2,35,2-8,14,0.00367358,minor,deuteronomy,control_top200
accent_count,2,36,2-7,14,0.00367358,minor,deuteronomy,control_top200
accent_count,2,37,3-8,14,0.00367358,minor,deuteronomy,control_top200
accent_count,2,38,8-3,13,0.00341118,minor,deuteronomy,control_top200
accent_count,2,39,1-6,13,0.00341118,minor,deuteronomy,control_top200
accent_count,2,40,4-7,11,0.00288638,minor,deuteronomy,control_top200
accent_count,2,41,8-4,11,0.00288638,minor,deuteronomy,control_top200
accent_count,2,42,7-4,10,0.00262398,minor,deuteronomy,control_top200
accent_count,2,43,3-9,9,0.00236158,minor,deuteronomy,control_top200
accent_count,2,44,1-1,9,0.00236158,minor,deuteronomy,control_top200
accent_count,2,45,6-1,9,0.00236158,minor,deuteronomy,control_top200
accent_count,2,46,6-5,9,0.00236158,minor,deuteronomy,control_top200
accent_count,2,47,9-2,8,0.00209919,minor,deuteronomy,control_top200
accent_count,2,48,4-8,7,0.00183679,minor,deuteronomy,control_top200
accent_count,2,49,6-6,7,0.00183679,minor,deuteronomy,control_top200
accent_count,2,50,11-3,7,0.00183679,minor,deuteronomy,control_top200
accent_count,2,51,5-7,6,0.00157439,minor,deuteronomy,control_top200
accent_count,2,52,7-1,6,0.00157439,minor,deuteronomy,control_top200
accent_count,2,53,7-5,6,0.00157439,minor,deuteronomy,control_top200
accent_count,2,54,1-7,6,0.00157439,minor,deuteronomy,control_top200
accent_count,2,55,8-5,6,0.00157439,minor,deuteronomy,control_top200
accent_count,2,56,2-9,5,0.00131199,minor,deuteronomy,control_top200
accent_count,2,57,8-2,5,0.00131199,minor,deuteronomy,control_top200
accent_count,2,58,5-8,5,0.00131199,minor,deuteronomy,control_top200
accent_count,2,59,6-7,4,0.00104959,minor,deuteronomy,control_top200
accent_count,2,60,9-3,4,0.00104959,minor,deuteronomy,control_top200
accent_count,2,61,7-7,4,0.00104959,minor,deuteronomy,control_top200
accent_count,2,62,8-1,4,0.00104959,minor,deuteronomy,control_top200
accent_count,2,63,3-10,4,0.00104959,minor,deuteronomy,control_top200
accent_count,2,64,2-10,3,0.00078719,minor,deuteronomy,control_top200
accent_count,2,65,10-3,3,0.00078719,minor,deuteronomy,control_top200
accent_count,2,66,9-5,3,0.00078719,minor,deuteronomy,control_top200
accent_count,2,67,10-4,3,0.00078719,minor,deuteronomy,control_top200
accent_count,2,68,9-4,3,0.00078719,minor,deuteronomy,control_top200
accent_count,2,69,2-12,2,0.0005248,minor,deuteronomy,control_top200
accent_count,2,70,9-1,2,0.0005248,minor,deuteronomy,control_top200
accent_count,2,71,2-11,2,0.0005248,minor,deuteronomy,control_top200
accent_count,2,72,12-3,2,0.0005248,minor,deuteronomy,control_top200
accent_count,2,73,4-9,2,0.0005248,minor,deuteronomy,control_top200
accent_count,2,74,1-11,2,0.0005248,minor,deuteronomy,control_top200
accent_count,2,75,5-11,2,0.0005248,minor,deuteronomy,control_top200
accent_count,2,76,7-6,2,0.0005248,minor,deuteronomy,control_top200
accent_count,2,77,3-11,2,0.0005248,minor,deuteronomy,control_top200
accent_count,2,78,10-2,2,0.0005248,minor,deuteronomy,control_top200
accent_count,2,79,12-4,1,0.0002624,minor,deuteronomy,control_top200
accent_count,2,80,2-13,1,0.0002624,minor,deuteronomy,control_top200
accent_count,2,81,13-3,1,0.0002624,minor,deuteronomy,control_top200
accent_count,2,82,1-9,1,0.0002624,minor,deuteronomy,control_top200
accent_count,2,83,6-12,1,0.0002624,minor,deuteronomy,control_top200
accent_count,2,84,5-9,1,0.0002624,minor,deuteronomy,control_top200
accent_count,2,85,11-1,1,0.0002624,minor,deuteronomy,control_top200
accent_count,2,86,11-5,1,0.0002624,minor,deuteronomy,control_top200
accent_count,2,87,4-10,1,0.0002624,minor,deuteronomy,control_top200
accent_count,2,88,1-8,1,0.0002624,minor,deuteronomy,control_top200
accent_count,2,89,4-12,1,0.0002624,minor,deuteronomy,control_top200
accent_count,2,90,12-1,1,0.0002624,minor,deuteronomy,control_top200
accent_count,2,91,8-9,1,0.0002624,minor,deuteronomy,control_top200
accent_count,2,92,5-10,1,0.0002624,minor,deuteronomy,control_top200
accent_count,2,93,10-5,1,0.0002624,minor,deuteronomy,control_top200
accent_count,2,94,5-12,1,0.0002624,minor,deuteronomy,control_top200
accent_count,2,95,8-6,1,0.0002624,minor,deuteronomy,control_top200
accent_count,2,96,6-9,1,0.0002624,minor,deuteronomy,control_top200
accent_count,2,97,4-11,1,0.0002624,minor,deuteronomy,control_top200
accent_count,2,98,12-5,1,0.0002624,minor,deuteronomy,control_top200
accent_count,3,1,3-3-3,188,0.04934383,minor,deuteronomy,control_top200
accent_count,3,2,3-2-3,112,0.02939633,minor,deuteronomy,control_top200
accent_count,3,3,2-3-3,108,0.02834646,minor,deuteronomy,control_top200
accent_count,3,4,3-3-2,100,0.02624672,minor,deuteronomy,control_top200
accent_count,3,5,3-3-4,85,0.02230971,minor,deuteronomy,control_top200
accent_count,3,6,3-4-3,82,0.02152231,minor,deuteronomy,control_top200
accent_count,3,7,4-3-3,80,0.02099738,minor,deuteronomy,control_top200
accent_count,3,8,2-2-3,77,0.02020997,minor,deuteronomy,control_top200
accent_count,3,9,2-3-2,65,0.01706037,minor,deuteronomy,control_top200
accent_count,3,10,3-2-4,62,0.01627297,minor,deuteronomy,control_top200
accent_count,3,11,3-2-2,60,0.01574803,minor,deuteronomy,control_top200
accent_count,3,12,4-2-3,58,0.0152231,minor,deuteronomy,control_top200
accent_count,3,13,2-3-4,58,0.0152231,minor,deuteronomy,control_top200
accent_count,3,14,2-4-3,53,0.01391076,minor,deuteronomy,control_top200
accent_count,3,15,3-3-5,50,0.01312336,minor,deuteronomy,control_top200
accent_count,3,16,1-3-3,49,0.01286089,minor,deuteronomy,control_top200
accent_count,3,17,3-1-3,47,0.01233596,minor,deuteronomy,control_top200
accent_count,3,18,3-4-2,45,0.01181102,minor,deuteronomy,control_top200
accent_count,3,19,4-3-2,44,0.01154856,minor,deuteronomy,control_top200
accent_count,3,20,3-4-4,42,0.01102362,minor,deuteronomy,control_top200
accent_count,3,21,2-2-2,42,0.01102362,minor,deuteronomy,control_top200
accent_count,3,22,3-3-1,39,0.01023622,minor,deuteronomy,control_top200
accent_count,3,23,3-5-3,38,0.00997375,minor,deuteronomy,control_top200
accent_count,3,24,5-3-3,37,0.00971129,minor,deuteronomy,control_top200
accent_count,3,25,4-1-3,37,0.00971129,minor,deuteronomy,control_top200
accent_count,3,26,2-4-2,35,0.00918635,minor,deuteronomy,control_top200
accent_count,3,27,5-2-3,35,0.00918635,minor,deuteronomy,control_top200
accent_count,3,28,4-2-2,34,0.00892388,minor,deuteronomy,control_top200
accent_count,3,29,4-3-4,34,0.00892388,minor,deuteronomy,control_top200
accent_count,3,30,1-3-2,32,0.00839895,minor,deuteronomy,control_top200
accent_count,3,31,3-4-1,31,0.00813648,minor,deuteronomy,control_top200
accent_count,3,32,2-3-5,31,0.00813648,minor,deuteronomy,control_top200
accent_count,3,33,2-3-1,30,0.00787402,minor,deuteronomy,control_top200
accent_count,3,34,3-5-2,29,0.00761155,minor,deuteronomy,control_top200
accent_count,3,35,4-4-3,29,0.00761155,minor,deuteronomy,control_top200
accent_count,3,36,4-2-4,27,0.00708661,minor,deuteronomy,control_top200
accent_count,3,37,2-4-4,27,0.00708661,minor,deuteronomy,control_top200
accent_count,3,38,4-4-2,26,0.00682415,minor,deuteronomy,control_top200
accent_count,3,39,5-3-2,26,0.00682415,minor,deuteronomy,control_top200
accent_count,3,40,2-2-4,25,0.00656168,minor,deuteronomy,control_top200
accent_count,3,41,3-2-5,25,0.00656168,minor,deuteronomy,control_top200
accent_count,3,42,4-3-1,22,0.00577428,minor,deuteronomy,control_top200
accent_count,3,43,4-4-4,22,0.00577428,minor,deuteronomy,control_top200
accent_count,3,44,4-5-3,22,0.00577428,minor,deuteronomy,control_top200
accent_count,3,45,3-5-4,21,0.00551181,minor,deuteronomy,control_top200
accent_count,3,46,3-1-2,21,0.00551181,minor,deuteronomy,control_top200
accent_count,3,47,5-2-2,21,0.00551181,minor,deuteronomy,control_top200
accent_count,3,48,3-6-3,20,0.00524934,minor,deuteronomy,control_top200
accent_count,3,49,2-5-3,20,0.00524934,minor,deuteronomy,control_top200
accent_count,3,50,3-1-4,20,0.00524934,minor,deuteronomy,control_top200
accent_count,3,51,5-3-4,20,0.00524934,minor,deuteronomy,control_top200
accent_count,3,52,2-5-2,19,0.00498688,minor,deuteronomy,control_top200
accent_count,3,53,3-4-5,18,0.00472441,minor,deuteronomy,control_top200
accent_count,3,54,5-4-3,17,0.00446194,minor,deuteronomy,control_top200
accent_count,3,55,6-3-2,17,0.00446194,minor,deuteronomy,control_top200
accent_count,3,56,1-4-3,16,0.00419948,minor,deuteronomy,control_top200
accent_count,3,57,1-2-3,16,0.00419948,minor,deuteronomy,control_top200
accent_count,3,58,2-3-6,16,0.00419948,minor,deuteronomy,control_top200
accent_count,3,59,1-3-4,16,0.00419948,minor,deuteronomy,control_top200
accent_count,3,60,6-4-3,16,0.00419948,minor,deuteronomy,control_top200
accent_count,3,61,4-3-5,15,0.00393701,minor,deuteronomy,control_top200
accent_count,3,62,6-3-3,15,0.00393701,minor,deuteronomy,control_top200
accent_count,3,63,2-2-5,14,0.00367454,minor,deuteronomy,control_top200
accent_count,3,64,3-3-6,14,0.00367454,minor,deuteronomy,control_top200
accent_count,3,65,3-6-2,14,0.00367454,minor,deuteronomy,control_top200
accent_count,3,66,1-4-2,14,0.00367454,minor,deuteronomy,control_top200
accent_count,3,67,3-3-7,13,0.00341207,minor,deuteronomy,control_top200
accent_count,3,68,2-5-4,13,0.00341207,minor,deuteronomy,control_top200
accent_count,3,69,4-4-5,13,0.00341207,minor,deuteronomy,control_top200
accent_count,3,70,4-3-6,12,0.00314961,minor,deuteronomy,control_top200
accent_count,3,71,5-4-4,12,0.00314961,minor,deuteronomy,control_top200
accent_count,3,72,4-4-1,12,0.00314961,minor,deuteronomy,control_top200
accent_count,3,73,3-5-5,12,0.00314961,minor,deuteronomy,control_top200
accent_count,3,74,5-5-4,12,0.00314961,minor,deuteronomy,control_top200
accent_count,3,75,3-1-5,12,0.00314961,minor,deuteronomy,control_top200
accent_count,3,76,5-4-2,12,0.00314961,minor,deuteronomy,control_top200
accent_count,3,77,4-1-2,11,0.00288714,minor,deuteronomy,control_top200
accent_count,3,78,5-2-4,11,0.00288714,minor,deuteronomy,control_top200
accent_count,3,79,5-4-1,11,0.00288714,minor,deuteronomy,control_top200
accent_count,3,80,6-2-3,11,0.00288714,minor,deuteronomy,control_top200
accent_count,3,81,1-5-3,11,0.00288714,minor,deuteronomy,control_top200
accent_count,3,82,6-2-2,11,0.00288714,minor,deuteronomy,control_top200
accent_count,3,83,2-4-5,11,0.00288714,minor,deuteronomy,control_top200
accent_count,3,84,3-2-1,11,0.00288714,minor,deuteronomy,control_top200
accent_count,3,85,5-5-3,11,0.00288714,minor,deuteronomy,control_top200
accent_count,3,86,3-2-6,11,0.00288714,minor,deuteronomy,control_top200
accent_count,3,87,2-2-1,10,0.00262467,minor,deuteronomy,control_top200
accent_count,3,88,1-5-2,10,0.00262467,minor,deuteronomy,control_top200
accent_count,3,89,3-6-4,10,0.00262467,minor,deuteronomy,control_top200
accent_count,3,90,2-4-1,10,0.00262467,minor,deuteronomy,control_top200
accent_count,3,91,4-1-5,10,0.00262467,minor,deuteronomy,control_top200
accent_count,3,92,4-5-2,10,0.00262467,minor,deuteronomy,control_top200
accent_count,3,93,2-1-3,10,0.00262467,minor,deuteronomy,control_top200
accent_count,3,94,3-7-3,10,0.00262467,minor,deuteronomy,control_top200
accent_count,3,95,2-1-4,9,0.0023622,minor,deuteronomy,control_top200
accent_count,3,96,4-5-4,9,0.0023622,minor,deuteronomy,control_top200
accent_count,3,97,3-5-1,9,0.0023622,minor,deuteronomy,control_top200
accent_count,3,98,3-4-6,9,0.0023622,minor,deuteronomy,control_top200
accent_count,3,99,2-6-2,9,0.0023622,minor,deuteronomy,control_top200
accent_count,3,100,1-2-4,9,0.0023622,minor,deuteronomy,control_top200
accent_count,3,101,3-5-6,9,0.0023622,minor,deuteronomy,control_top200
accent_count,3,102,1-2-5,9,0.0023622,minor,deuteronomy,control_top200
accent_count,3,103,5-2-5,9,0.0023622,minor,deuteronomy,control_top200
accent_count,3,104,5-3-1,9,0.0023622,minor,deuteronomy,control_top200
accent_count,3,105,4-2-5,9,0.0023622,minor,deuteronomy,control_top200
accent_count,3,106,4-2-6,9,0.0023622,minor,deuteronomy,control_top200
accent_count,3,107,2-6-4,9,0.0023622,minor,deuteronomy,control_top200
accent_count,3,108,2-6-3,9,0.0023622,minor,deuteronomy,control_top200
accent_count,3,109,4-6-3,9,0.0023622,minor,deuteronomy,control_top200
accent_count,3,110,3-7-2,8,0.00209974,minor,deuteronomy,control_top200
accent_count,3,111,5-1-2,8,0.00209974,minor,deuteronomy,control_top200
accent_count,3,112,6-3-4,8,0.00209974,minor,deuteronomy,control_top200
accent_count,3,113,4-1-4,8,0.00209974,minor,deuteronomy,control_top200
accent_count,3,114,1-4-5,8,0.00209974,minor,deuteronomy,control_top200
accent_count,3,115,2-5-5,8,0.00209974,minor,deuteronomy,control_top200
accent_count,3,116,6-4-2,8,0.00209974,minor,deuteronomy,control_top200
accent_count,3,117,7-3-4,8,0.00209974,minor,deuteronomy,control_top200
accent_count,3,118,7-3-3,8,0.00209974,minor,deuteronomy,control_top200
accent_count,3,119,4-6-2,7,0.00183727,minor,deuteronomy,control_top200
accent_count,3,120,2-4-6,7,0.00183727,minor,deuteronomy,control_top200
accent_count,3,121,5-6-3,7,0.00183727,minor,deuteronomy,control_top200
accent_count,3,122,4-5-1,7,0.00183727,minor,deuteronomy,control_top200
accent_count,3,123,7-2-3,7,0.00183727,minor,deuteronomy,control_top200
accent_count,3,124,1-5-4,7,0.00183727,minor,deuteronomy,control_top200
accent_count,3,125,5-3-5,7,0.00183727,minor,deuteronomy,control_top200
accent_count,3,126,2-2-6,7,0.00183727,minor,deuteronomy,control_top200
accent_count,3,127,6-2-4,6,0.0015748,minor,deuteronomy,control_top200
accent_count,3,128,3-9-2,6,0.0015748,minor,deuteronomy,control_top200
accent_count,3,129,5-1-4,6,0.0015748,minor,deuteronomy,control_top200
accent_count,3,130,4-3-7,6,0.0015748,minor,deuteronomy,control_top200
accent_count,3,131,1-2-2,6,0.0015748,minor,deuteronomy,control_top200
accent_count,3,132,2-5-1,6,0.0015748,minor,deuteronomy,control_top200
accent_count,3,133,3-2-8,6,0.0015748,minor,deuteronomy,control_top200
accent_count,3,134,5-4-5,6,0.0015748,minor,deuteronomy,control_top200
accent_count,3,135,4-2-7,6,0.0015748,minor,deuteronomy,control_top200
accent_count,3,136,2-7-3,6,0.0015748,minor,deuteronomy,control_top200
accent_count,3,137,5-1-5,6,0.0015748,minor,deuteronomy,control_top200
accent_count,3,138,3-1-1,6,0.0015748,minor,deuteronomy,control_top200
accent_count,3,139,1-3-1,6,0.0015748,minor,deuteronomy,control_top200
accent_count,3,140,4-4-6,6,0.0015748,minor,deuteronomy,control_top200
accent_count,3,141,5-4-6,5,0.00131234,minor,deuteronomy,control_top200
accent_count,3,142,4-6-4,5,0.00131234,minor,deuteronomy,control_top200
accent_count,3,143,6-4-1,5,0.00131234,minor,deuteronomy,control_top200
accent_count,3,144,5-1-3,5,0.00131234,minor,deuteronomy,control_top200
accent_count,3,145,6-4-4,5,0.00131234,minor,deuteronomy,control_top200
accent_count,3,146,2-1-2,5,0.00131234,minor,deuteronomy,control_top200
accent_count,3,147,6-2-5,5,0.00131234,minor,deuteronomy,control_top200
accent_count,3,148,6-6-4,5,0.00131234,minor,deuteronomy,control_top200
accent_count,3,149,6-5-2,5,0.00131234,minor,deuteronomy,control_top200
accent_count,3,150,2-6-1,5,0.00131234,minor,deuteronomy,control_top200
accent_count,3,151,1-4-1,5,0.00131234,minor,deuteronomy,control_top200
accent_count,3,152,3-8-3,5,0.00131234,minor,deuteronomy,control_top200
accent_count,3,153,6-3-5,5,0.00131234,minor,deuteronomy,control_top200
accent_count,3,154,9-2-2,4,0.00104987,minor,deuteronomy,control_top200
accent_count,3,155,2-8-3,4,0.00104987,minor,deuteronomy,control_top200
accent_count,3,156,2-5-7,4,0.00104987,minor,deuteronomy,control_top200
accent_count,3,157,3-7-4,4,0.00104987,minor,deuteronomy,control_top200
accent_count,3,158,1-3-5,4,0.00104987,minor,deuteronomy,control_top200
accent_count,3,159,4-4-8,4,0.00104987,minor,deuteronomy,control_top200
accent_count,3,160,8-3-3,4,0.00104987,minor,deuteronomy,control_top200
accent_count,3,161,4-5-5,4,0.00104987,minor,deuteronomy,control_top200
accent_count,3,162,5-6-2,4,0.00104987,minor,deuteronomy,control_top200
accent_count,3,163,1-4-4,4,0.00104987,minor,deuteronomy,control_top200
accent_count,3,164,3-7-5,4,0.00104987,minor,deuteronomy,control_top200
accent_count,3,165,7-5-2,4,0.00104987,minor,deuteronomy,control_top200
accent_count,3,166,4-4-7,4,0.00104987,minor,deuteronomy,control_top200
accent_count,3,167,2-8-4,4,0.00104987,minor,deuteronomy,control_top200
accent_count,3,168,8-4-4,4,0.00104987,minor,deuteronomy,control_top200
accent_count,3,169,1-5-1,4,0.00104987,minor,deuteronomy,control_top200
accent_count,3,170,4-2-1,4,0.00104987,minor,deuteronomy,control_top200
accent_count,3,171,2-1-5,4,0.00104987,minor,deuteronomy,control_top200
accent_count,3,172,4-1-6,4,0.00104987,minor,deuteronomy,control_top200
accent_count,3,173,8-4-3,4,0.00104987,minor,deuteronomy,control_top200
accent_count,3,174,6-7-3,4,0.00104987,minor,deuteronomy,control_top200
accent_count,3,175,1-1-3,4,0.00104987,minor,deuteronomy,control_top200
accent_count,3,176,4-7-3,4,0.00104987,minor,deuteronomy,control_top200
accent_count,3,177,1-6-3,4,0.00104987,minor,deuteronomy,control_top200
accent_count,3,178,5-5-2,4,0.00104987,minor,deuteronomy,control_top200
accent_count,3,179,3-1-7,4,0.00104987,minor,deuteronomy,control_top200
accent_count,3,180,2-7-2,4,0.00104987,minor,deuteronomy,control_top200
accent_count,3,181,2-3-7,4,0.00104987,minor,deuteronomy,control_top200
accent_count,3,182,4-8-4,4,0.00104987,minor,deuteronomy,control_top200
accent_count,3,183,5-3-6,4,0.00104987,minor,deuteronomy,control_top200
accent_count,3,184,2-3-9,4,0.00104987,minor,deuteronomy,control_top200
accent_count,3,185,7-2-2,3,0.0007874,minor,deuteronomy,control_top200
accent_count,3,186,8-3-5,3,0.0007874,minor,deuteronomy,control_top200
accent_count,3,187,6-2-6,3,0.0007874,minor,deuteronomy,control_top200
accent_count,3,188,3-2-7,3,0.0007874,minor,deuteronomy,control_top200
accent_count,3,189,2-7-4,3,0.0007874,minor,deuteronomy,control_top200
accent_count,3,190,6-1-3,3,0.0007874,minor,deuteronomy,control_top200
accent_count,3,191,7-4-4,3,0.0007874,minor,deuteronomy,control_top200
accent_count,3,192,7-4-3,3,0.0007874,minor,deuteronomy,control_top200
accent_count,3,193,2-2-9,3,0.0007874,minor,deuteronomy,control_top200
accent_count,3,194,1-2-1,3,0.0007874,minor,deuteronomy,control_top200
accent_count,3,195,1-2-8,3,0.0007874,minor,deuteronomy,control_top200
accent_count,3,196,5-6-4,3,0.0007874,minor,deuteronomy,control_top200
accent_count,3,197,1-6-2,3,0.0007874,minor,deuteronomy,control_top200
accent_count,3,198,1-4-6,3,0.0007874,minor,deuteronomy,control_top200
accent_count,3,199,4-6-5,3,0.0007874,minor,deuteronomy,control_top200
accent_count,3,200,3-8-4,3,0.0007874,minor,deuteronomy,control_top200
accent_count,4,1,3-3-3-3,75,0.01969021,minor,deuteronomy,control_top200
accent_count,4,2,2-3-3-3,42,0.01102652,minor,deuteronomy,control_top200
accent_count,4,3,3-3-2-3,41,0.01076398,minor,deuteronomy,control_top200
accent_count,4,4,3-3-3-2,40,0.01050144,minor,deuteronomy,control_top200
accent_count,4,5,3-2-3-3,33,0.00866369,minor,deuteronomy,control_top200
accent_count,4,6,3-3-4-3,30,0.00787608,minor,deuteronomy,control_top200
accent_count,4,7,3-4-3-3,27,0.00708847,minor,deuteronomy,control_top200
accent_count,4,8,4-2-3-3,26,0.00682594,minor,deuteronomy,control_top200
accent_count,4,9,2-3-3-2,25,0.0065634,minor,deuteronomy,control_top200
accent_count,4,10,3-2-3-2,25,0.0065634,minor,deuteronomy,control_top200
accent_count,4,11,4-3-3-3,24,0.00630087,minor,deuteronomy,control_top200
accent_count,4,12,3-3-3-4,24,0.00630087,minor,deuteronomy,control_top200
accent_count,4,13,3-3-3-5,23,0.00603833,minor,deuteronomy,control_top200
accent_count,4,14,3-2-4-3,23,0.00603833,minor,deuteronomy,control_top200
accent_count,4,15,1-3-3-3,22,0.00577579,minor,deuteronomy,control_top200
accent_count,4,16,3-3-2-2,22,0.00577579,minor,deuteronomy,control_top200
accent_count,4,17,4-3-3-2,22,0.00577579,minor,deuteronomy,control_top200
accent_count,4,18,2-3-4-3,22,0.00577579,minor,deuteronomy,control_top200
accent_count,4,19,3-2-2-3,22,0.00577579,minor,deuteronomy,control_top200
accent_count,4,20,2-4-3-3,22,0.00577579,minor,deuteronomy,control_top200
accent_count,4,21,3-1-3-3,21,0.00551326,minor,deuteronomy,control_top200
accent_count,4,22,2-2-3-4,21,0.00551326,minor,deuteronomy,control_top200
accent_count,4,23,4-3-2-3,21,0.00551326,minor,deuteronomy,control_top200
accent_count,4,24,2-2-2-3,21,0.00551326,minor,deuteronomy,control_top200
accent_count,4,25,2-3-2-3,21,0.00551326,minor,deuteronomy,control_top200
accent_count,4,26,2-2-3-3,21,0.00551326,minor,deuteronomy,control_top200
accent_count,4,27,4-3-3-4,20,0.00525072,minor,deuteronomy,control_top200
accent_count,4,28,3-2-3-4,20,0.00525072,minor,deuteronomy,control_top200
accent_count,4,29,3-5-3-3,19,0.00498819,minor,deuteronomy,control_top200
accent_count,4,30,3-4-3-2,19,0.00498819,minor,deuteronomy,control_top200
accent_count,4,31,2-3-3-4,19,0.00498819,minor,deuteronomy,control_top200
accent_count,4,32,3-3-5-3,18,0.00472565,minor,deuteronomy,control_top200
accent_count,4,33,3-3-2-4,17,0.00446311,minor,deuteronomy,control_top200
accent_count,4,34,4-1-3-3,17,0.00446311,minor,deuteronomy,control_top200
accent_count,4,35,3-3-4-2,16,0.00420058,minor,deuteronomy,control_top200
accent_count,4,36,3-3-3-1,16,0.00420058,minor,deuteronomy,control_top200
accent_count,4,37,2-3-2-2,16,0.00420058,minor,deuteronomy,control_top200
accent_count,4,38,3-4-2-3,16,0.00420058,minor,deuteronomy,control_top200
accent_count,4,39,3-3-4-4,15,0.00393804,minor,deuteronomy,control_top200
accent_count,4,40,5-3-3-3,15,0.00393804,minor,deuteronomy,control_top200
accent_count,4,41,3-2-3-5,15,0.00393804,minor,deuteronomy,control_top200
accent_count,4,42,2-2-3-2,15,0.00393804,minor,deuteronomy,control_top200
accent_count,4,43,2-3-4-4,14,0.00367551,minor,deuteronomy,control_top200
accent_count,4,44,3-4-4-3,14,0.00367551,minor,deuteronomy,control_top200
accent_count,4,45,3-2-4-2,14,0.00367551,minor,deuteronomy,control_top200
accent_count,4,46,3-3-1-3,14,0.00367551,minor,deuteronomy,control_top200
accent_count,4,47,3-3-5-2,13,0.00341297,minor,deuteronomy,control_top200
accent_count,4,48,5-2-3-3,13,0.00341297,minor,deuteronomy,control_top200
accent_count,4,49,4-2-2-3,13,0.00341297,minor,deuteronomy,control_top200
accent_count,4,50,3-2-3-1,13,0.00341297,minor,deuteronomy,control_top200
accent_count,4,51,4-4-2-3,12,0.00315043,minor,deuteronomy,control_top200
accent_count,4,52,3-5-2-3,12,0.00315043,minor,deuteronomy,control_top200
accent_count,4,53,1-3-2-3,12,0.00315043,minor,deuteronomy,control_top200
accent_count,4,54,3-2-2-2,12,0.00315043,minor,deuteronomy,control_top200
accent_count,4,55,4-3-4-3,12,0.00315043,minor,deuteronomy,control_top200
accent_count,4,56,3-4-2-2,12,0.00315043,minor,deuteronomy,control_top200
accent_count,4,57,3-1-3-2,12,0.00315043,minor,deuteronomy,control_top200
accent_count,4,58,3-3-4-1,12,0.00315043,minor,deuteronomy,control_top200
accent_count,4,59,3-2-4-4,12,0.00315043,minor,deuteronomy,control_top200
accent_count,4,60,4-2-2-2,12,0.00315043,minor,deuteronomy,control_top200
accent_count,4,61,2-4-2-3,12,0.00315043,minor,deuteronomy,control_top200
accent_count,4,62,2-3-3-5,11,0.0028879,minor,deuteronomy,control_top200
accent_count,4,63,3-2-2-4,11,0.0028879,minor,deuteronomy,control_top200
accent_count,4,64,3-4-3-4,11,0.0028879,minor,deuteronomy,control_top200
accent_count,4,65,1-3-3-4,10,0.00262536,minor,deuteronomy,control_top200
accent_count,4,66,3-4-2-4,10,0.00262536,minor,deuteronomy,control_top200
accent_count,4,67,4-2-3-2,10,0.00262536,minor,deuteronomy,control_top200
accent_count,4,68,3-3-1-4,10,0.00262536,minor,deuteronomy,control_top200
accent_count,4,69,2-3-5-2,10,0.00262536,minor,deuteronomy,control_top200
accent_count,4,70,2-2-4-2,10,0.00262536,minor,deuteronomy,control_top200
accent_count,4,71,2-3-1-3,10,0.00262536,minor,deuteronomy,control_top200
accent_count,4,72,3-4-3-1,10,0.00262536,minor,deuteronomy,control_top200
accent_count,4,73,4-3-2-4,10,0.00262536,minor,deuteronomy,control_top200
accent_count,4,74,2-3-2-4,10,0.00262536,minor,deuteronomy,control_top200
accent_count,4,75,3-4-4-2,9,0.00236282,minor,deuteronomy,control_top200
accent_count,4,76,2-2-4-3,9,0.00236282,minor,deuteronomy,control_top200
accent_count,4,77,4-4-1-3,9,0.00236282,minor,deuteronomy,control_top200
accent_count,4,78,2-3-1-2,9,0.00236282,minor,deuteronomy,control_top200
accent_count,4,79,4-4-3-3,9,0.00236282,minor,deuteronomy,control_top200
accent_count,4,80,5-2-2-3,9,0.00236282,minor,deuteronomy,control_top200
accent_count,4,81,3-3-2-5,9,0.00236282,minor,deuteronomy,control_top200
accent_count,4,82,3-1-3-4,9,0.00236282,minor,deuteronomy,control_top200
accent_count,4,83,5-3-4-2,9,0.00236282,minor,deuteronomy,control_top200
accent_count,4,84,4-1-3-2,9,0.00236282,minor,deuteronomy,control_top200
accent_count,4,85,5-3-2-3,9,0.00236282,minor,deuteronomy,control_top200
accent_count,4,86,2-3-6-3,9,0.00236282,minor,deuteronomy,control_top200
accent_count,4,87,4-3-1-3,8,0.00210029,minor,deuteronomy,control_top200
accent_count,4,88,3-3-3-7,8,0.00210029,minor,deuteronomy,control_top200
accent_count,4,89,1-4-3-3,8,0.00210029,minor,deuteronomy,control_top200
accent_count,4,90,4-2-4-3,8,0.00210029,minor,deuteronomy,control_top200
accent_count,4,91,2-4-3-4,8,0.00210029,minor,deuteronomy,control_top200
accent_count,4,92,5-4-1-3,8,0.00210029,minor,deuteronomy,control_top200
accent_count,4,93,3-5-3-2,8,0.00210029,minor,deuteronomy,control_top200
accent_count,4,94,3-6-2-3,8,0.00210029,minor,deuteronomy,control_top200
accent_count,4,95,3-1-2-3,8,0.00210029,minor,deuteronomy,control_top200
accent_count,4,96,2-4-2-2,8,0.00210029,minor,deuteronomy,control_top200
accent_count,4,97,2-3-2-5,8,0.00210029,minor,deuteronomy,control_top200
accent_count,4,98,3-3-4-5,8,0.00210029,minor,deuteronomy,control_top200
accent_count,4,99,3-5-2-2,8,0.00210029,minor,deuteronomy,control_top200
accent_count,4,100,3-4-1-3,8,0.00210029,minor,deuteronomy,control_top200
accent_count,4,101,1-3-2-4,8,0.00210029,minor,deuteronomy,control_top200
accent_count,4,102,2-3-4-2,8,0.00210029,minor,deuteronomy,control_top200
accent_count,4,103,3-6-3-2,8,0.00210029,minor,deuteronomy,control_top200
accent_count,4,104,3-3-5-4,7,0.00183775,minor,deuteronomy,control_top200
accent_count,4,105,4-4-4-2,7,0.00183775,minor,deuteronomy,control_top200
accent_count,4,106,4-4-3-4,7,0.00183775,minor,deuteronomy,control_top200
accent_count,4,107,2-4-3-2,7,0.00183775,minor,deuteronomy,control_top200
accent_count,4,108,2-4-2-4,7,0.00183775,minor,deuteronomy,control_top200
accent_count,4,109,2-4-4-4,7,0.00183775,minor,deuteronomy,control_top200
accent_count,4,110,3-5-6-3,7,0.00183775,minor,deuteronomy,control_top200
accent_count,4,111,3-3-5-5,7,0.00183775,minor,deuteronomy,control_top200
accent_count,4,112,4-4-3-2,7,0.00183775,minor,deuteronomy,control_top200
accent_count,4,113,3-2-5-2,7,0.00183775,minor,deuteronomy,control_top200
accent_count,4,114,3-6-3-3,7,0.00183775,minor,deuteronomy,control_top200
accent_count,4,115,2-2-3-5,7,0.00183775,minor,deuteronomy,control_top200
accent_count,4,116,3-2-5-3,7,0.00183775,minor,deuteronomy,control_top200
accent_count,4,117,2-4-1-3,7,0.00183775,minor,deuteronomy,control_top200
accent_count,4,118,2-5-2-3,7,0.00183775,minor,deuteronomy,control_top200
accent_count,4,119,1-3-4-3,7,0.00183775,minor,deuteronomy,control_top200
accent_count,4,120,3-1-4-2,7,0.00183775,minor,deuteronomy,control_top200
accent_count,4,121,4-5-4-3,6,0.00157522,minor,deuteronomy,control_top200
accent_count,4,122,5-4-3-3,6,0.00157522,minor,deuteronomy,control_top200
accent_count,4,123,4-3-4-4,6,0.00157522,minor,deuteronomy,control_top200
accent_count,4,124,4-2-4-2,6,0.00157522,minor,deuteronomy,control_top200
accent_count,4,125,3-4-1-2,6,0.00157522,minor,deuteronomy,control_top200
accent_count,4,126,2-5-4-1,6,0.00157522,minor,deuteronomy,control_top200
accent_count,4,127,5-3-2-2,6,0.00157522,minor,deuteronomy,control_top200
accent_count,4,128,4-4-4-3,6,0.00157522,minor,deuteronomy,control_top200
accent_count,4,129,2-5-3-3,6,0.00157522,minor,deuteronomy,control_top200
accent_count,4,130,2-3-6-2,6,0.00157522,minor,deuteronomy,control_top200
accent_count,4,131,5-3-3-4,6,0.00157522,minor,deuteronomy,control_top200
accent_count,4,132,5-3-1-3,6,0.00157522,minor,deuteronomy,control_top200
accent_count,4,133,1-3-2-2,6,0.00157522,minor,deuteronomy,control_top200
accent_count,4,134,3-4-5-3,6,0.00157522,minor,deuteronomy,control_top200
accent_count,4,135,2-3-3-6,6,0.00157522,minor,deuteronomy,control_top200
accent_count,4,136,2-2-3-1,6,0.00157522,minor,deuteronomy,control_top200
accent_count,4,137,4-2-3-4,6,0.00157522,minor,deuteronomy,control_top200
accent_count,4,138,5-2-2-2,6,0.00157522,minor,deuteronomy,control_top200
accent_count,4,139,3-3-1-2,6,0.00157522,minor,deuteronomy,control_top200
accent_count,4,140,3-5-4-3,6,0.00157522,minor,deuteronomy,control_top200
accent_count,4,141,5-2-3-2,6,0.00157522,minor,deuteronomy,control_top200
accent_count,4,142,4-5-3-3,6,0.00157522,minor,deuteronomy,control_top200
accent_count,4,143,5-2-3-4,6,0.00157522,minor,deuteronomy,control_top200
accent_count,4,144,5-3-2-4,6,0.00157522,minor,deuteronomy,control_top200
accent_count,4,145,2-3-5-4,6,0.00157522,minor,deuteronomy,control_top200
accent_count,4,146,2-5-3-2,6,0.00157522,minor,deuteronomy,control_top200
accent_count,4,147,2-4-4-2,6,0.00157522,minor,deuteronomy,control_top200
accent_count,4,148,4-3-1-4,6,0.00157522,minor,deuteronomy,control_top200
accent_count,4,149,6-3-2-4,6,0.00157522,minor,deuteronomy,control_top200
accent_count,4,150,3-4-1-4,6,0.00157522,minor,deuteronomy,control_top200
accent_count,4,151,2-4-3-1,5,0.00131268,minor,deuteronomy,control_top200
accent_count,4,152,2-1-4-3,5,0.00131268,minor,deuteronomy,control_top200
accent_count,4,153,3-4-4-4,5,0.00131268,minor,deuteronomy,control_top200
accent_count,4,154,2-3-4-5,5,0.00131268,minor,deuteronomy,control_top200
accent_count,4,155,4-2-4-4,5,0.00131268,minor,deuteronomy,control_top200
accent_count,4,156,2-3-4-1,5,0.00131268,minor,deuteronomy,control_top200
accent_count,4,157,5-2-4-3,5,0.00131268,minor,deuteronomy,control_top200
accent_count,4,158,3-2-2-5,5,0.00131268,minor,deuteronomy,control_top200
accent_count,4,159,6-3-2-2,5,0.00131268,minor,deuteronomy,control_top200
accent_count,4,160,3-4-3-5,5,0.00131268,minor,deuteronomy,control_top200
accent_count,4,161,1-3-3-5,5,0.00131268,minor,deuteronomy,control_top200
accent_count,4,162,2-2-2-2,5,0.00131268,minor,deuteronomy,control_top200
accent_count,4,163,3-5-5-4,5,0.00131268,minor,deuteronomy,control_top200
accent_count,4,164,5-4-3-2,5,0.00131268,minor,deuteronomy,control_top200
accent_count,4,165,1-2-3-3,5,0.00131268,minor,deuteronomy,control_top200
accent_count,4,166,3-2-3-6,5,0.00131268,minor,deuteronomy,control_top200
accent_count,4,167,3-1-5-3,5,0.00131268,minor,deuteronomy,control_top200
accent_count,4,168,2-4-3-6,5,0.00131268,minor,deuteronomy,control_top200
accent_count,4,169,4-3-6-4,5,0.00131268,minor,deuteronomy,control_top200
accent_count,4,170,1-4-2-3,5,0.00131268,minor,deuteronomy,control_top200
accent_count,4,171,2-5-2-5,5,0.00131268,minor,deuteronomy,control_top200
accent_count,4,172,5-5-4-2,5,0.00131268,minor,deuteronomy,control_top200
accent_count,4,173,5-4-2-2,5,0.00131268,minor,deuteronomy,control_top200
accent_count,4,174,6-2-2-3,5,0.00131268,minor,deuteronomy,control_top200
accent_count,4,175,3-2-5-4,5,0.00131268,minor,deuteronomy,control_top200
accent_count,4,176,2-2-2-4,5,0.00131268,minor,deuteronomy,control_top200
accent_count,4,177,4-5-3-4,5,0.00131268,minor,deuteronomy,control_top200
accent_count,4,178,3-3-6-3,5,0.00131268,minor,deuteronomy,control_top200
accent_count,4,179,6-3-3-3,5,0.00131268,minor,deuteronomy,control_top200
accent_count,4,180,4-3-4-1,5,0.00131268,minor,deuteronomy,control_top200
accent_count,4,181,3-4-1-5,5,0.00131268,minor,deuteronomy,control_top200
accent_count,4,182,6-4-2-3,5,0.00131268,minor,deuteronomy,control_top200
accent_count,4,183,5-3-4-3,5,0.00131268,minor,deuteronomy,control_top200
accent_count,4,184,2-1-3-2,5,0.00131268,minor,deuteronomy,control_top200
accent_count,4,185,1-5-2-3,5,0.00131268,minor,deuteronomy,control_top200
accent_count,4,186,4-1-3-4,5,0.00131268,minor,deuteronomy,control_top200
accent_count,4,187,6-2-2-2,5,0.00131268,minor,deuteronomy,control_top200
accent_count,4,188,5-3-3-2,5,0.00131268,minor,deuteronomy,control_top200
accent_count,4,189,4-3-3-5,5,0.00131268,minor,deuteronomy,control_top200
accent_count,4,190,4-4-5-3,5,0.00131268,minor,deuteronomy,control_top200
accent_count,4,191,4-2-3-1,5,0.00131268,minor,deuteronomy,control_top200
accent_count,4,192,6-4-3-3,5,0.00131268,minor,deuteronomy,control_top200
accent_count,4,193,4-3-3-1,5,0.00131268,minor,deuteronomy,control_top200
accent_count,4,194,4-5-3-2,5,0.00131268,minor,deuteronomy,control_top200
accent_count,4,195,3-2-4-1,5,0.00131268,minor,deuteronomy,control_top200
accent_count,4,196,1-3-3-1,5,0.00131268,minor,deuteronomy,control_top200
accent_count,4,197,4-2-3-5,5,0.00131268,minor,deuteronomy,control_top200
accent_count,4,198,1-3-1-3,5,0.00131268,minor,deuteronomy,control_top200
accent_count,4,199,3-4-4-5,5,0.00131268,minor,deuteronomy,control_top200
accent_count,4,200,5-5-3-2,5,0.00131268,minor,deuteronomy,control_top200
accent_count,5,1,3-3-3-3-3,35,0.00919118,minor,deuteronomy,control_top200
accent_count,5,2,2-3-3-3-3,22,0.00577731,minor,deuteronomy,control_top200
accent_count,5,3,3-3-2-3-3,20,0.0052521,minor,deuteronomy,control_top200
accent_count,5,4,3-3-3-2-3,18,0.00472689,minor,deuteronomy,control_top200
accent_count,5,5,3-3-3-3-2,17,0.00446429,minor,deuteronomy,control_top200
accent_count,5,6,2-3-3-2-3,14,0.00367647,minor,deuteronomy,control_top200
accent_count,5,7,3-2-3-3-3,14,0.00367647,minor,deuteronomy,control_top200
accent_count,5,8,3-3-4-3-3,13,0.00341387,minor,deuteronomy,control_top200
accent_count,5,9,3-2-3-3-2,12,0.00315126,minor,deuteronomy,control_top200
accent_count,5,10,3-2-4-3-3,12,0.00315126,minor,deuteronomy,control_top200
accent_count,5,11,1-3-3-3-3,10,0.00262605,minor,deuteronomy,control_top200
accent_count,5,12,3-4-3-3-2,10,0.00262605,minor,deuteronomy,control_top200
accent_count,5,13,3-3-5-3-3,9,0.00236345,minor,deuteronomy,control_top200
accent_count,5,14,3-5-3-3-3,9,0.00236345,minor,deuteronomy,control_top200
accent_count,5,15,3-1-3-3-3,9,0.00236345,minor,deuteronomy,control_top200
accent_count,5,16,3-3-3-3-5,9,0.00236345,minor,deuteronomy,control_top200
accent_count,5,17,4-3-3-3-2,9,0.00236345,minor,deuteronomy,control_top200
accent_count,5,18,2-2-2-3-4,9,0.00236345,minor,deuteronomy,control_top200
accent_count,5,19,3-2-3-4-3,9,0.00236345,minor,deuteronomy,control_top200
accent_count,5,20,3-2-3-2-3,9,0.00236345,minor,deuteronomy,control_top200
accent_count,5,21,2-2-3-4-3,9,0.00236345,minor,deuteronomy,control_top200
accent_count,5,22,2-2-3-3-3,9,0.00236345,minor,deuteronomy,control_top200
accent_count,5,23,3-2-2-3-3,9,0.00236345,minor,deuteronomy,control_top200
accent_count,5,24,4-4-2-3-3,8,0.00210084,minor,deuteronomy,control_top200
accent_count,5,25,3-3-3-2-2,8,0.00210084,minor,deuteronomy,control_top200
accent_count,5,26,2-3-4-3-2,8,0.00210084,minor,deuteronomy,control_top200
accent_count,5,27,4-1-3-3-3,8,0.00210084,minor,deuteronomy,control_top200
accent_count,5,28,3-3-3-5-3,8,0.00210084,minor,deuteronomy,control_top200
accent_count,5,29,3-3-2-3-2,8,0.00210084,minor,deuteronomy,control_top200
accent_count,5,30,4-2-3-3-3,8,0.00210084,minor,deuteronomy,control_top200
accent_count,5,31,3-3-2-2-3,8,0.00210084,minor,deuteronomy,control_top200
accent_count,5,32,3-3-3-4-3,8,0.00210084,minor,deuteronomy,control_top200
accent_count,5,33,3-3-2-4-3,8,0.00210084,minor,deuteronomy,control_top200
accent_count,5,34,5-2-3-3-3,7,0.00183824,minor,deuteronomy,control_top200
accent_count,5,35,4-3-3-4-4,7,0.00183824,minor,deuteronomy,control_top200
accent_count,5,36,3-4-3-2-3,7,0.00183824,minor,deuteronomy,control_top200
accent_count,5,37,2-2-3-2-3,7,0.00183824,minor,deuteronomy,control_top200
accent_count,5,38,3-3-1-3-3,7,0.00183824,minor,deuteronomy,control_top200
accent_count,5,39,4-2-2-2-3,7,0.00183824,minor,deuteronomy,control_top200
accent_count,5,40,3-4-2-3-3,7,0.00183824,minor,deuteronomy,control_top200
accent_count,5,41,2-4-3-3-2,7,0.00183824,minor,deuteronomy,control_top200
accent_count,5,42,3-1-3-3-4,6,0.00157563,minor,deuteronomy,control_top200
accent_count,5,43,3-3-3-2-4,6,0.00157563,minor,deuteronomy,control_top200
accent_count,5,44,3-4-3-3-3,6,0.00157563,minor,deuteronomy,control_top200
accent_count,5,45,3-2-2-2-3,6,0.00157563,minor,deuteronomy,control_top200
accent_count,5,46,3-2-2-3-4,6,0.00157563,minor,deuteronomy,control_top200
accent_count,5,47,4-3-3-4-3,6,0.00157563,minor,deuteronomy,control_top200
accent_count,5,48,2-3-3-4-3,6,0.00157563,minor,deuteronomy,control_top200
accent_count,5,49,4-3-3-2-3,6,0.00157563,minor,deuteronomy,control_top200
accent_count,5,50,3-3-2-3-4,6,0.00157563,minor,deuteronomy,control_top200
accent_count,5,51,3-3-3-3-1,6,0.00157563,minor,deuteronomy,control_top200
accent_count,5,52,4-2-3-3-4,6,0.00157563,minor,deuteronomy,control_top200
accent_count,5,53,3-2-3-5-2,6,0.00157563,minor,deuteronomy,control_top200
accent_count,5,54,3-2-2-3-2,6,0.00157563,minor,deuteronomy,control_top200
accent_count,5,55,3-4-2-2-2,6,0.00157563,minor,deuteronomy,control_top200
accent_count,5,56,3-2-3-2-2,6,0.00157563,minor,deuteronomy,control_top200
accent_count,5,57,2-4-3-3-3,6,0.00157563,minor,deuteronomy,control_top200
accent_count,5,58,3-1-3-2-4,6,0.00157563,minor,deuteronomy,control_top200
accent_count,5,59,3-3-3-1-3,6,0.00157563,minor,deuteronomy,control_top200
accent_count,5,60,3-4-3-3-4,6,0.00157563,minor,deuteronomy,control_top200
accent_count,5,61,4-3-3-3-4,6,0.00157563,minor,deuteronomy,control_top200
accent_count,5,62,4-2-3-3-5,5,0.00131303,minor,deuteronomy,control_top200
accent_count,5,63,3-3-4-2-4,5,0.00131303,minor,deuteronomy,control_top200
accent_count,5,64,3-4-4-2-3,5,0.00131303,minor,deuteronomy,control_top200
accent_count,5,65,3-3-5-2-3,5,0.00131303,minor,deuteronomy,control_top200
accent_count,5,66,3-5-2-3-3,5,0.00131303,minor,deuteronomy,control_top200
accent_count,5,67,3-3-4-4-3,5,0.00131303,minor,deuteronomy,control_top200
accent_count,5,68,2-3-3-5-3,5,0.00131303,minor,deuteronomy,control_top200
accent_count,5,69,3-3-2-4-2,5,0.00131303,minor,deuteronomy,control_top200
accent_count,5,70,3-2-4-2-4,5,0.00131303,minor,deuteronomy,control_top200
accent_count,5,71,3-3-2-2-2,5,0.00131303,minor,deuteronomy,control_top200
accent_count,5,72,4-3-2-3-4,5,0.00131303,minor,deuteronomy,control_top200
accent_count,5,73,5-4-1-3-3,5,0.00131303,minor,deuteronomy,control_top200
accent_count,5,74,3-2-2-4-3,5,0.00131303,minor,deuteronomy,control_top200
accent_count,5,75,2-3-1-2-3,5,0.00131303,minor,deuteronomy,control_top200
accent_count,5,76,3-3-4-2-2,5,0.00131303,minor,deuteronomy,control_top200
accent_count,5,77,3-4-2-4-3,5,0.00131303,minor,deuteronomy,control_top200
accent_count,5,78,4-2-4-3-3,5,0.00131303,minor,deuteronomy,control_top200
accent_count,5,79,2-4-3-3-4,5,0.00131303,minor,deuteronomy,control_top200
accent_count,5,80,2-2-3-3-2,5,0.00131303,minor,deuteronomy,control_top200
accent_count,5,81,4-2-3-3-2,5,0.00131303,minor,deuteronomy,control_top200
accent_count,5,82,1-3-3-3-4,5,0.00131303,minor,deuteronomy,control_top200
accent_count,5,83,3-3-3-4-2,5,0.00131303,minor,deuteronomy,control_top200
accent_count,5,84,3-4-3-2-4,5,0.00131303,minor,deuteronomy,control_top200
accent_count,5,85,3-3-3-4-1,5,0.00131303,minor,deuteronomy,control_top200
accent_count,5,86,3-3-3-5-2,5,0.00131303,minor,deuteronomy,control_top200
accent_count,5,87,2-2-4-2-3,5,0.00131303,minor,deuteronomy,control_top200
accent_count,5,88,4-3-3-3-3,5,0.00131303,minor,deuteronomy,control_top200
accent_count,5,89,4-3-3-2-4,5,0.00131303,minor,deuteronomy,control_top200
accent_count,5,90,2-4-2-3-3,5,0.00131303,minor,deuteronomy,control_top200
accent_count,5,91,1-3-3-4-3,5,0.00131303,minor,deuteronomy,control_top200
accent_count,5,92,4-3-2-3-2,5,0.00131303,minor,deuteronomy,control_top200
accent_count,5,93,2-3-3-3-4,5,0.00131303,minor,deuteronomy,control_top200
accent_count,5,94,2-3-3-2-2,5,0.00131303,minor,deuteronomy,control_top200
accent_count,5,95,2-3-3-3-1,5,0.00131303,minor,deuteronomy,control_top200
accent_count,5,96,5-3-2-3-2,5,0.00131303,minor,deuteronomy,control_top200
accent_count,5,97,2-3-2-2-3,5,0.00131303,minor,deuteronomy,control_top200
accent_count,5,98,3-4-2-3-2,5,0.00131303,minor,deuteronomy,control_top200
accent_count,5,99,3-4-4-3-3,5,0.00131303,minor,deuteronomy,control_top200
accent_count,5,100,4-4-3-3-3,5,0.00131303,minor,deuteronomy,control_top200
accent_count,5,101,2-3-4-2-3,5,0.00131303,minor,deuteronomy,control_top200
accent_count,5,102,3-2-4-2-3,5,0.00131303,minor,deuteronomy,control_top200
accent_count,5,103,2-3-6-3-2,5,0.00131303,minor,deuteronomy,control_top200
accent_count,5,104,3-3-4-3-2,5,0.00131303,minor,deuteronomy,control_top200
accent_count,5,105,4-3-1-3-3,4,0.00105042,minor,deuteronomy,control_top200
accent_count,5,106,2-2-3-4-4,4,0.00105042,minor,deuteronomy,control_top200
accent_count,5,107,2-3-4-4-2,4,0.00105042,minor,deuteronomy,control_top200
accent_count,5,108,3-3-3-7-2,4,0.00105042,minor,deuteronomy,control_top200
accent_count,5,109,3-4-4-3-4,4,0.00105042,minor,deuteronomy,control_top200
accent_count,5,110,1-3-2-3-4,4,0.00105042,minor,deuteronomy,control_top200
accent_count,5,111,2-4-3-2-3,4,0.00105042,minor,deuteronomy,control_top200
accent_count,5,112,4-3-2-3-3,4,0.00105042,minor,deuteronomy,control_top200
accent_count,5,113,5-3-3-3-2,4,0.00105042,minor,deuteronomy,control_top200
accent_count,5,114,2-4-2-4-2,4,0.00105042,minor,deuteronomy,control_top200
accent_count,5,115,4-3-4-3-3,4,0.00105042,minor,deuteronomy,control_top200
accent_count,5,116,4-3-3-2-2,4,0.00105042,minor,deuteronomy,control_top200
accent_count,5,117,4-3-2-3-5,4,0.00105042,minor,deuteronomy,control_top200
accent_count,5,118,2-3-5-6-3,4,0.00105042,minor,deuteronomy,control_top200
accent_count,5,119,2-5-4-1-3,4,0.00105042,minor,deuteronomy,control_top200
accent_count,5,120,3-3-5-3-2,4,0.00105042,minor,deuteronomy,control_top200
accent_count,5,121,2-2-4-3-3,4,0.00105042,minor,deuteronomy,control_top200
accent_count,5,122,4-4-4-1-3,4,0.00105042,minor,deuteronomy,control_top200
accent_count,5,123,4-4-1-3-3,4,0.00105042,minor,deuteronomy,control_top200
accent_count,5,124,5-3-3-3-5,4,0.00105042,minor,deuteronomy,control_top200
accent_count,5,125,3-3-3-5-5,4,0.00105042,minor,deuteronomy,control_top200
accent_count,5,126,5-4-3-2-3,4,0.00105042,minor,deuteronomy,control_top200
accent_count,5,127,3-2-3-1-2,4,0.00105042,minor,deuteronomy,control_top200
accent_count,5,128,3-1-2-3-3,4,0.00105042,minor,deuteronomy,control_top200
accent_count,5,129,2-3-3-4-2,4,0.00105042,minor,deuteronomy,control_top200
accent_count,5,130,3-4-2-2-3,4,0.00105042,minor,deuteronomy,control_top200
accent_count,5,131,2-3-2-3-3,4,0.00105042,minor,deuteronomy,control_top200
accent_count,5,132,2-3-2-3-1,4,0.00105042,minor,deuteronomy,control_top200
accent_count,5,133,4-2-2-3-3,4,0.00105042,minor,deuteronomy,control_top200
accent_count,5,134,3-2-3-4-4,4,0.00105042,minor,deuteronomy,control_top200
accent_count,5,135,4-3-4-3-2,4,0.00105042,minor,deuteronomy,control_top200
accent_count,5,136,2-3-3-4-1,4,0.00105042,minor,deuteronomy,control_top200
accent_count,5,137,2-3-2-3-2,4,0.00105042,minor,deuteronomy,control_top200
accent_count,5,138,3-2-3-2-5,4,0.00105042,minor,deuteronomy,control_top200
accent_count,5,139,2-3-3-3-2,4,0.00105042,minor,deuteronomy,control_top200
accent_count,5,140,2-3-2-3-5,4,0.00105042,minor,deuteronomy,control_top200
accent_count,5,141,2-3-5-2-3,4,0.00105042,minor,deuteronomy,control_top200
accent_count,5,142,2-3-1-3-3,4,0.00105042,minor,deuteronomy,control_top200
accent_count,5,143,4-3-3-2-5,4,0.00105042,minor,deuteronomy,control_top200
accent_count,5,144,2-4-1-3-3,4,0.00105042,minor,deuteronomy,control_top200
accent_count,5,145,2-2-3-2-2,4,0.00105042,minor,deuteronomy,control_top200
accent_count,5,146,3-3-5-2-2,4,0.00105042,minor,deuteronomy,control_top200
accent_count,5,147,2-3-4-4-3,4,0.00105042,minor,deuteronomy,control_top200
accent_count,5,148,2-3-2-3-4,4,0.00105042,minor,deuteronomy,control_top200
accent_count,5,149,3-4-3-4-3,4,0.00105042,minor,deuteronomy,control_top200
accent_count,5,150,3-2-4-1-3,4,0.00105042,minor,deuteronomy,control_top200
accent_count,5,151,3-1-3-4-3,4,0.00105042,minor,deuteronomy,control_top200
accent_count,5,152,2-2-2-2-3,4,0.00105042,minor,deuteronomy,control_top200
accent_count,5,153,3-3-3-1-4,4,0.00105042,minor,deuteronomy,control_top200
accent_count,5,154,3-3-2-2-4,4,0.00105042,minor,deuteronomy,control_top200
accent_count,5,155,2-3-3-3-5,4,0.00105042,minor,deuteronomy,control_top200
accent_count,5,156,3-2-3-3-4,4,0.00105042,minor,deuteronomy,control_top200
accent_count,5,157,3-1-4-2-2,4,0.00105042,minor,deuteronomy,control_top200
accent_count,5,158,1-3-3-1-3,4,0.00105042,minor,deuteronomy,control_top200
accent_count,5,159,3-3-1-3-2,4,0.00105042,minor,deuteronomy,control_top200
accent_count,5,160,3-2-3-2-4,4,0.00105042,minor,deuteronomy,control_top200
accent_count,5,161,5-3-4-2-3,4,0.00105042,minor,deuteronomy,control_top200
accent_count,5,162,1-3-2-4-3,4,0.00105042,minor,deuteronomy,control_top200
accent_count,5,163,3-3-4-4-5,4,0.00105042,minor,deuteronomy,control_top200
accent_count,5,164,4-3-1-4-2,4,0.00105042,minor,deuteronomy,control_top200
accent_count,5,165,3-4-3-1-4,4,0.00105042,minor,deuteronomy,control_top200
accent_count,5,166,3-3-4-1-4,4,0.00105042,minor,deuteronomy,control_top200
accent_count,5,167,3-3-3-3-4,4,0.00105042,minor,deuteronomy,control_top200
accent_count,5,168,3-2-3-5-4,4,0.00105042,minor,deuteronomy,control_top200
accent_count,5,169,3-6-3-2-3,4,0.00105042,minor,deuteronomy,control_top200
accent_count,5,170,3-3-3-4-4,4,0.00105042,minor,deuteronomy,control_top200
accent_count,5,171,3-3-3-5-4,4,0.00105042,minor,deuteronomy,control_top200
accent_count,5,172,2-4-3-1-3,3,0.00078782,minor,deuteronomy,control_top200
accent_count,5,173,1-4-3-3-4,3,0.00078782,minor,deuteronomy,control_top200
accent_count,5,174,5-4-3-3-4,3,0.00078782,minor,deuteronomy,control_top200
accent_count,5,175,3-2-3-3-5,3,0.00078782,minor,deuteronomy,control_top200
accent_count,5,176,2-2-3-4-1,3,0.00078782,minor,deuteronomy,control_top200
accent_count,5,177,2-4-3-4-3,3,0.00078782,minor,deuteronomy,control_top200
accent_count,5,178,3-3-2-2-5,3,0.00078782,minor,deuteronomy,control_top200
accent_count,5,179,6-3-2-2-3,3,0.00078782,minor,deuteronomy,control_top200
accent_count,5,180,1-3-3-3-5,3,0.00078782,minor,deuteronomy,control_top200
accent_count,5,181,3-5-3-2-2,3,0.00078782,minor,deuteronomy,control_top200
accent_count,5,182,5-3-2-2-4,3,0.00078782,minor,deuteronomy,control_top200
accent_count,5,183,3-3-6-2-3,3,0.00078782,minor,deuteronomy,control_top200
accent_count,5,184,3-2-2-2-2,3,0.00078782,minor,deuteronomy,control_top200
accent_count,5,185,2-5-3-3-3,3,0.00078782,minor,deuteronomy,control_top200
accent_count,5,186,3-3-5-5-4,3,0.00078782,minor,deuteronomy,control_top200
accent_count,5,187,4-3-2-3-1,3,0.00078782,minor,deuteronomy,control_top200
accent_count,5,188,4-2-2-3-2,3,0.00078782,minor,deuteronomy,control_top200
accent_count,5,189,2-4-3-6-4,3,0.00078782,minor,deuteronomy,control_top200
accent_count,5,190,3-2-4-2-2,3,0.00078782,minor,deuteronomy,control_top200
accent_count,5,191,2-4-2-2-3,3,0.00078782,minor,deuteronomy,control_top200
accent_count,5,192,2-2-3-3-4,3,0.00078782,minor,deuteronomy,control_top200
accent_count,5,193,4-2-3-2-5,3,0.00078782,minor,deuteronomy,control_top200
accent_count,5,194,2-3-2-5-2,3,0.00078782,minor,deuteronomy,control_top200
accent_count,5,195,3-1-3-2-2,3,0.00078782,minor,deuteronomy,control_top200
accent_count,5,196,3-3-1-4-5,3,0.00078782,minor,deuteronomy,control_top200
accent_count,5,197,5-5-4-2-2,3,0.00078782,minor,deuteronomy,control_top200
accent_count,5,198,2-3-3-4-5,3,0.00078782,minor,deuteronomy,control_top200
accent_count,5,199,3-4-5-1-4,3,0.00078782,minor,deuteronomy,control_top200
accent_count,5,200,4-4-3-3-4,3,0.00078782,minor,deuteronomy,control_top200
accent_count,6,1,3-3-3-3-3-3,18,0.00472813,minor,deuteronomy,control_top200
accent_count,6,2,3-3-3-2-3-3,12,0.00315209,minor,deuteronomy,control_top200
accent_count,6,3,3-3-2-3-3-3,11,0.00288941,minor,deuteronomy,control_top200
accent_count,6,4,3-2-3-3-3-3,11,0.00288941,minor,deuteronomy,control_top200
accent_count,6,5,3-2-3-3-2-3,10,0.00262674,minor,deuteronomy,control_top200
accent_count,6,6,2-3-3-3-3-2,9,0.00236407,minor,deuteronomy,control_top200
accent_count,6,7,2-3-3-3-3-3,9,0.00236407,minor,deuteronomy,control_top200
accent_count,6,8,3-3-3-3-2-3,7,0.00183872,minor,deuteronomy,control_top200
accent_count,6,9,3-3-5-3-3-3,6,0.00157604,minor,deuteronomy,control_top200
accent_count,6,10,3-4-3-3-3-2,6,0.00157604,minor,deuteronomy,control_top200
accent_count,6,11,3-3-3-3-3-2,6,0.00157604,minor,deuteronomy,control_top200
accent_count,6,12,2-3-3-2-3-3,5,0.00131337,minor,deuteronomy,control_top200
accent_count,6,13,3-3-4-3-3-2,5,0.00131337,minor,deuteronomy,control_top200
accent_count,6,14,2-2-2-3-4-3,5,0.00131337,minor,deuteronomy,control_top200
accent_count,6,15,2-2-3-4-3-2,5,0.00131337,minor,deuteronomy,control_top200
accent_count,6,16,4-3-3-3-2-3,5,0.00131337,minor,deuteronomy,control_top200
accent_count,6,17,3-2-2-3-3-3,5,0.00131337,minor,deuteronomy,control_top200
accent_count,6,18,2-2-3-3-3-3,5,0.00131337,minor,deuteronomy,control_top200
accent_count,6,19,3-3-2-3-3-2,5,0.00131337,minor,deuteronomy,control_top200
accent_count,6,20,3-4-4-2-3-3,4,0.0010507,minor,deuteronomy,control_top200
accent_count,6,21,3-5-2-3-3-3,4,0.0010507,minor,deuteronomy,control_top200
accent_count,6,22,4-3-2-3-3-2,4,0.0010507,minor,deuteronomy,control_top200
accent_count,6,23,3-1-3-3-3-3,4,0.0010507,minor,deuteronomy,control_top200
accent_count,6,24,4-3-3-3-2-2,4,0.0010507,minor,deuteronomy,control_top200
accent_count,6,25,2-3-4-3-2-3,4,0.0010507,minor,deuteronomy,control_top200
accent_count,6,26,2-3-1-2-3-3,4,0.0010507,minor,deuteronomy,control_top200
accent_count,6,27,2-3-3-4-3-3,4,0.0010507,minor,deuteronomy,control_top200
accent_count,6,28,3-4-3-3-2-3,4,0.0010507,minor,deuteronomy,control_top200
accent_count,6,29,2-3-3-3-2-3,4,0.0010507,minor,deuteronomy,control_top200
accent_count,6,30,3-3-3-3-3-5,4,0.0010507,minor,deuteronomy,control_top200
accent_count,6,31,3-3-2-4-3-3,4,0.0010507,minor,deuteronomy,control_top200
accent_count,6,32,3-2-4-3-3-4,4,0.0010507,minor,deuteronomy,control_top200
accent_count,6,33,3-3-1-3-2-4,4,0.0010507,minor,deuteronomy,control_top200
accent_count,6,34,2-3-2-2-3-3,4,0.0010507,minor,deuteronomy,control_top200
accent_count,6,35,3-4-2-2-2-3,4,0.0010507,minor,deuteronomy,control_top200
accent_count,6,36,3-4-4-3-3-3,4,0.0010507,minor,deuteronomy,control_top200
accent_count,6,37,2-3-4-2-3-3,4,0.0010507,minor,deuteronomy,control_top200
accent_count,6,38,3-2-4-3-3-2,4,0.0010507,minor,deuteronomy,control_top200
accent_count,6,39,3-3-3-5-3-3,4,0.0010507,minor,deuteronomy,control_top200
accent_count,6,40,4-3-3-3-4-3,4,0.0010507,minor,deuteronomy,control_top200
accent_count,6,41,2-4-3-1-3-3,3,0.00078802,minor,deuteronomy,control_top200
accent_count,6,42,3-3-5-2-3-3,3,0.00078802,minor,deuteronomy,control_top200
accent_count,6,43,4-3-3-4-4-3,3,0.00078802,minor,deuteronomy,control_top200
accent_count,6,44,3-3-4-4-3-4,3,0.00078802,minor,deuteronomy,control_top200
accent_count,6,45,3-5-3-3-3-2,3,0.00078802,minor,deuteronomy,control_top200
accent_count,6,46,3-3-2-4-2-4,3,0.00078802,minor,deuteronomy,control_top200
accent_count,6,47,3-2-4-2-4-2,3,0.00078802,minor,deuteronomy,control_top200
accent_count,6,48,1-3-3-3-3-5,3,0.00078802,minor,deuteronomy,control_top200
accent_count,6,49,3-3-2-2-2-3,3,0.00078802,minor,deuteronomy,control_top200
accent_count,6,50,4-3-4-3-3-2,3,0.00078802,minor,deuteronomy,control_top200
accent_count,6,51,3-2-3-4-3-2,3,0.00078802,minor,deuteronomy,control_top200
accent_count,6,52,2-5-4-1-3-3,3,0.00078802,minor,deuteronomy,control_top200
accent_count,6,53,3-2-2-4-3-3,3,0.00078802,minor,deuteronomy,control_top200
accent_count,6,54,3-3-3-5-5-4,3,0.00078802,minor,deuteronomy,control_top200
accent_count,6,55,3-2-3-1-2-3,3,0.00078802,minor,deuteronomy,control_top200
accent_count,6,56,3-3-4-2-2-3,3,0.00078802,minor,deuteronomy,control_top200
accent_count,6,57,2-2-3-2-3-1,3,0.00078802,minor,deuteronomy,control_top200
accent_count,6,58,3-4-2-4-3-3,3,0.00078802,minor,deuteronomy,control_top200
accent_count,6,59,3-4-3-2-3-4,3,0.00078802,minor,deuteronomy,control_top200
accent_count,6,60,4-2-3-3-4-1,3,0.00078802,minor,deuteronomy,control_top200
accent_count,6,61,4-4-2-3-3-3,3,0.00078802,minor,deuteronomy,control_top200
accent_count,6,62,3-3-2-3-2-3,3,0.00078802,minor,deuteronomy,control_top200
accent_count,6,63,3-2-3-5-2-3,3,0.00078802,minor,deuteronomy,control_top200
accent_count,6,64,2-3-1-3-3-3,3,0.00078802,minor,deuteronomy,control_top200
accent_count,6,65,3-1-3-3-3-4,3,0.00078802,minor,deuteronomy,control_top200
accent_count,6,66,3-3-3-4-2-2,3,0.00078802,minor,deuteronomy,control_top200
accent_count,6,67,3-3-3-3-5-3,3,0.00078802,minor,deuteronomy,control_top200
accent_count,6,68,3-3-2-2-3-2,3,0.00078802,minor,deuteronomy,control_top200
accent_count,6,69,3-3-3-5-2-2,3,0.00078802,minor,deuteronomy,control_top200
accent_count,6,70,5-2-2-4-2-3,3,0.00078802,minor,deuteronomy,control_top200
accent_count,6,71,3-3-3-4-3-3,3,0.00078802,minor,deuteronomy,control_top200
accent_count,6,72,3-4-3-3-2-4,3,0.00078802,minor,deuteronomy,control_top200
accent_count,6,73,4-3-3-2-4-2,3,0.00078802,minor,deuteronomy,control_top200
accent_count,6,74,2-2-2-3-4-2,3,0.00078802,minor,deuteronomy,control_top200
accent_count,6,75,2-2-4-2-3-3,3,0.00078802,minor,deuteronomy,control_top200
accent_count,6,76,3-2-4-1-3-3,3,0.00078802,minor,deuteronomy,control_top200
accent_count,6,77,4-3-2-3-5-2,3,0.00078802,minor,deuteronomy,control_top200
accent_count,6,78,2-2-2-2-3-4,3,0.00078802,minor,deuteronomy,control_top200
accent_count,6,79,4-1-3-3-3-3,3,0.00078802,minor,deuteronomy,control_top200
accent_count,6,80,3-3-3-1-4-2,3,0.00078802,minor,deuteronomy,control_top200
accent_count,6,81,2-3-3-2-4-3,3,0.00078802,minor,deuteronomy,control_top200
accent_count,6,82,3-3-2-2-4-2,3,0.00078802,minor,deuteronomy,control_top200
accent_count,6,83,4-3-3-3-3-3,3,0.00078802,minor,deuteronomy,control_top200
accent_count,6,84,3-3-3-3-3-1,3,0.00078802,minor,deuteronomy,control_top200
accent_count,6,85,3-2-3-3-4-3,3,0.00078802,minor,deuteronomy,control_top200
accent_count,6,86,3-2-3-2-2-3,3,0.00078802,minor,deuteronomy,control_top200
accent_count,6,87,3-3-3-1-3-3,3,0.00078802,minor,deuteronomy,control_top200
accent_count,6,88,1-3-3-3-3-3,3,0.00078802,minor,deuteronomy,control_top200
accent_count,6,89,3-3-3-2-4-3,3,0.00078802,minor,deuteronomy,control_top200
accent_count,6,90,3-1-3-2-4-3,3,0.00078802,minor,deuteronomy,control_top200
accent_count,6,91,1-3-2-3-4-3,3,0.00078802,minor,deuteronomy,control_top200
accent_count,6,92,3-2-3-4-3-3,3,0.00078802,minor,deuteronomy,control_top200
accent_count,6,93,4-2-2-2-3-5,3,0.00078802,minor,deuteronomy,control_top200
accent_count,6,94,2-2-3-3-2-2,3,0.00078802,minor,deuteronomy,control_top200
accent_count,6,95,3-3-7-3-3-3,3,0.00078802,minor,deuteronomy,control_top200
accent_count,6,96,3-3-2-3-4-3,3,0.00078802,minor,deuteronomy,control_top200
accent_count,6,97,3-3-3-7-2-3,3,0.00078802,minor,deuteronomy,control_top200
accent_count,6,98,3-3-3-3-2-2,3,0.00078802,minor,deuteronomy,control_top200
accent_count,6,99,2-3-6-3-2-3,3,0.00078802,minor,deuteronomy,control_top200
accent_count,6,100,4-3-3-2-3-2,3,0.00078802,minor,deuteronomy,control_top200
accent_count,6,101,3-2-3-6-3-2,3,0.00078802,minor,deuteronomy,control_top200
accent_count,6,102,5-3-2-3-2-3,3,0.00078802,minor,deuteronomy,control_top200
accent_count,6,103,3-3-3-5-4-3,3,0.00078802,minor,deuteronomy,control_top200
accent_count,6,104,2-3-3-2-3-4,3,0.00078802,minor,deuteronomy,control_top200
accent_count,6,105,3-3-4-3-3-4,3,0.00078802,minor,deuteronomy,control_top200
accent_count,6,106,3-5-3-3-3-1,3,0.00078802,minor,deuteronomy,control_top200
accent_count,6,107,3-3-3-3-2-4,3,0.00078802,minor,deuteronomy,control_top200
accent_count,6,108,3-2-3-2-3-3,3,0.00078802,minor,deuteronomy,control_top200
accent_count,6,109,4-2-3-3-5-4,2,0.00052535,minor,deuteronomy,control_top200
accent_count,6,110,4-3-1-3-3-4,2,0.00052535,minor,deuteronomy,control_top200
accent_count,6,111,3-3-4-3-9-2,2,0.00052535,minor,deuteronomy,control_top200
accent_count,6,112,3-4-3-9-2-2,2,0.00052535,minor,deuteronomy,control_top200
accent_count,6,113,2-3-4-4-2-3,2,0.00052535,minor,deuteronomy,control_top200
accent_count,6,114,5-2-3-3-3-7,2,0.00052535,minor,deuteronomy,control_top200
accent_count,6,115,4-3-3-4-4-4,2,0.00052535,minor,deuteronomy,control_top200
accent_count,6,116,3-3-4-4-4-2,2,0.00052535,minor,deuteronomy,control_top200
accent_count,6,117,4-4-4-2-2-3,2,0.00052535,minor,deuteronomy,control_top200
accent_count,6,118,4-5-4-3-3-4,2,0.00052535,minor,deuteronomy,control_top200
accent_count,6,119,5-4-3-3-4-4,2,0.00052535,minor,deuteronomy,control_top200
accent_count,6,120,3-5-1-3-2-3,2,0.00052535,minor,deuteronomy,control_top200
accent_count,6,121,5-1-3-2-3-4,2,0.00052535,minor,deuteronomy,control_top200
accent_count,6,122,2-4-3-2-3-3,2,0.00052535,minor,deuteronomy,control_top200
accent_count,6,123,3-3-2-3-3-5,2,0.00052535,minor,deuteronomy,control_top200
accent_count,6,124,3-2-3-3-5-3,2,0.00052535,minor,deuteronomy,control_top200
accent_count,6,125,2-3-3-5-3-3,2,0.00052535,minor,deuteronomy,control_top200
accent_count,6,126,3-3-3-2-4-2,2,0.00052535,minor,deuteronomy,control_top200
accent_count,6,127,4-3-1-3-3-3,2,0.00052535,minor,deuteronomy,control_top200
accent_count,6,128,3-3-3-2-2-2,2,0.00052535,minor,deuteronomy,control_top200
accent_count,6,129,3-2-2-2-3-4,2,0.00052535,minor,deuteronomy,control_top200
accent_count,6,130,5-2-4-3-4-3,2,0.00052535,minor,deuteronomy,control_top200
accent_count,6,131,2-4-3-4-3-3,2,0.00052535,minor,deuteronomy,control_top200
accent_count,6,132,3-4-3-3-2-2,2,0.00052535,minor,deuteronomy,control_top200
accent_count,6,133,4-3-2-3-4-3,2,0.00052535,minor,deuteronomy,control_top200
accent_count,6,134,3-2-3-5-6-3,2,0.00052535,minor,deuteronomy,control_top200
accent_count,6,135,6-3-2-2-3-4,2,0.00052535,minor,deuteronomy,control_top200
accent_count,6,136,3-2-2-3-4-1,2,0.00052535,minor,deuteronomy,control_top200
accent_count,6,137,2-2-3-4-1-2,2,0.00052535,minor,deuteronomy,control_top200
accent_count,6,138,1-2-5-4-1-3,2,0.00052535,minor,deuteronomy,control_top200
accent_count,6,139,5-4-1-3-3-3,2,0.00052535,minor,deuteronomy,control_top200
accent_count,6,140,4-1-3-3-3-5,2,0.00052535,minor,deuteronomy,control_top200
accent_count,6,141,1-3-3-3-5-3,2,0.00052535,minor,deuteronomy,control_top200
accent_count,6,142,3-3-3-5-3-2,2,0.00052535,minor,deuteronomy,control_top200
accent_count,6,143,3-3-5-3-2-2,2,0.00052535,minor,deuteronomy,control_top200
accent_count,6,144,5-3-2-2-4-3,2,0.00052535,minor,deuteronomy,control_top200
accent_count,6,145,4-3-3-6-2-3,2,0.00052535,minor,deuteronomy,control_top200
accent_count,6,146,2-3-4-4-4-3,2,0.00052535,minor,deuteronomy,control_top200
accent_count,6,147,4-4-4-1-3-3,2,0.00052535,minor,deuteronomy,control_top200
accent_count,6,148,3-5-3-2-2-2,2,0.00052535,minor,deuteronomy,control_top200
accent_count,6,149,2-5-3-3-3-5,2,0.00052535,minor,deuteronomy,control_top200
accent_count,6,150,5-5-4-3-2-3,2,0.00052535,minor,deuteronomy,control_top200
accent_count,6,151,3-4-2-2-3-2,2,0.00052535,minor,deuteronomy,control_top200
accent_count,6,152,4-2-2-3-2-3,2,0.00052535,minor,deuteronomy,control_top200
accent_count,6,153,3-2-3-1-5-3,2,0.00052535,minor,deuteronomy,control_top200
accent_count,6,154,2-2-4-3-6-4,2,0.00052535,minor,deuteronomy,control_top200
accent_count,6,155,4-3-3-4-3-3,2,0.00052535,minor,deuteronomy,control_top200
accent_count,6,156,2-4-2-2-3-3,2,0.00052535,minor,deuteronomy,control_top200
accent_count,6,157,4-2-2-3-3-4,2,0.00052535,minor,deuteronomy,control_top200
accent_count,6,158,3-3-2-3-4-4,2,0.00052535,minor,deuteronomy,control_top200
accent_count,6,159,4-2-3-2-5-2,2,0.00052535,minor,deuteronomy,control_top200
accent_count,6,160,2-3-2-5-2-5,2,0.00052535,minor,deuteronomy,control_top200
accent_count,6,161,2-3-3-2-5-4,2,0.00052535,minor,deuteronomy,control_top200
accent_count,6,162,3-3-2-5-4-1,2,0.00052535,minor,deuteronomy,control_top200
accent_count,6,163,2-3-3-4-5-3,2,0.00052535,minor,deuteronomy,control_top200
accent_count,6,164,1-3-4-4-2-3,2,0.00052535,minor,deuteronomy,control_top200
accent_count,6,165,2-8-4-4-2-3,2,0.00052535,minor,deuteronomy,control_top200
accent_count,6,166,8-4-4-2-3-3,2,0.00052535,minor,deuteronomy,control_top200
accent_count,6,167,4-4-2-3-3-2,2,0.00052535,minor,deuteronomy,control_top200
accent_count,6,168,4-2-3-3-2-3,2,0.00052535,minor,deuteronomy,control_top200
accent_count,6,169,2-3-3-2-3-2,2,0.00052535,minor,deuteronomy,control_top200
accent_count,6,170,4-3-4-1-5-1,2,0.00052535,minor,deuteronomy,control_top200
accent_count,6,171,3-2-3-2-3-5,2,0.00052535,minor,deuteronomy,control_top200
accent_count,6,172,2-3-2-3-5-2,2,0.00052535,minor,deuteronomy,control_top200
accent_count,6,173,2-3-5-2-3-6,2,0.00052535,minor,deuteronomy,control_top200
accent_count,6,174,3-5-2-3-6-2,2,0.00052535,minor,deuteronomy,control_top200
accent_count,6,175,3-5-4-5-3-4,2,0.00052535,minor,deuteronomy,control_top200
accent_count,6,176,5-4-5-3-4-2,2,0.00052535,minor,deuteronomy,control_top200
accent_count,6,177,3-5-2-2-2-1,2,0.00052535,minor,deuteronomy,control_top200
accent_count,6,178,1-5-3-4-1-6,2,0.00052535,minor,deuteronomy,control_top200
accent_count,6,179,3-3-3-1-2-5,2,0.00052535,minor,deuteronomy,control_top200
accent_count,6,180,2-2-3-5-6-3,2,0.00052535,minor,deuteronomy,control_top200
accent_count,6,181,3-5-4-3-3-2,2,0.00052535,minor,deuteronomy,control_top200
accent_count,6,182,4-3-3-2-5-2,2,0.00052535,minor,deuteronomy,control_top200
accent_count,6,183,3-1-5-2-3-2,2,0.00052535,minor,deuteronomy,control_top200
accent_count,6,184,5-4-5-2-2-2,2,0.00052535,minor,deuteronomy,control_top200
accent_count,6,185,3-4-3-4-1-3,2,0.00052535,minor,deuteronomy,control_top200
accent_count,6,186,3-4-1-3-4-1,2,0.00052535,minor,deuteronomy,control_top200
accent_count,6,187,6-2-2-2-3-4,2,0.00052535,minor,deuteronomy,control_top200
accent_count,6,188,2-3-4-3-2-4,2,0.00052535,minor,deuteronomy,control_top200
accent_count,6,189,4-6-5-2-2-3,2,0.00052535,minor,deuteronomy,control_top200
accent_count,6,190,6-5-2-2-3-4,2,0.00052535,minor,deuteronomy,control_top200
accent_count,6,191,2-3-4-5-1-4,2,0.00052535,minor,deuteronomy,control_top200
accent_count,6,192,5-3-3-2-2-3,2,0.00052535,minor,deuteronomy,control_top200
accent_count,6,193,3-2-2-3-2-2,2,0.00052535,minor,deuteronomy,control_top200
accent_count,6,194,3-3-1-3-3-5,2,0.00052535,minor,deuteronomy,control_top200
accent_count,6,195,3-1-3-3-5-2,2,0.00052535,minor,deuteronomy,control_top200
accent_count,6,196,1-3-3-5-2-3,2,0.00052535,minor,deuteronomy,control_top200
accent_count,6,197,5-2-3-3-3-3,2,0.00052535,minor,deuteronomy,control_top200
accent_count,6,198,2-4-2-4-2-6,2,0.00052535,minor,deuteronomy,control_top200
accent_count,6,199,2-4-4-1-3-3,2,0.00052535,minor,deuteronomy,control_top200
accent_count,6,200,4-4-1-3-3-3,2,0.00052535,minor,deuteronomy,control_top200
